; CSV, generated by atk_libsigrok4 1.0.0 on 2026-08-22 08:29:15
; Channels (1/16)
; ChannelsType: 1
; Sample rate: 10 MHz
; Sample count: 1.907349 M
; Sampling time: 2026-08-22 08:29:02.320
SystemTime, Time(s), meow
'2026-08-22 08:29:02.320000000,0.000000000,1
'2026-08-22 08:29:02.320001800,0.000001800,0
'2026-08-22 08:29:02.320007300,0.000007300,1
'2026-08-22 08:29:02.320021700,0.000021700,0
'2026-08-22 08:29:02.320033300,0.000033300,1
'2026-08-22 08:29:02.320047800,0.000047800,0
'2026-08-22 08:29:02.320059400,0.000059400,1
'2026-08-22 08:29:02.320074000,0.000074000,0
'2026-08-22 08:29:02.320074100,0.000074100,1
'2026-08-22 08:29:02.320074200,0.000074200,0
'2026-08-22 08:29:02.320085500,0.000085500,1
'2026-08-22 08:29:02.320100100,0.000100100,0
'2026-08-22 08:29:02.320111600,0.000111600,1
'2026-08-22 08:29:02.320126200,0.000126200,0
'2026-08-22 08:29:02.320137600,0.000137600,1
'2026-08-22 08:29:02.320152100,0.000152100,0
'2026-08-22 08:29:02.320163700,0.000163700,1
'2026-08-22 08:29:02.320178300,0.000178300,0
'2026-08-22 08:29:02.320189800,0.000189800,1
'2026-08-22 08:29:02.320204400,0.000204400,0
'2026-08-22 08:29:02.320215900,0.000215900,1
'2026-08-22 08:29:02.320230400,0.000230400,0
'2026-08-22 08:29:02.320241900,0.000241900,1
'2026-08-22 08:29:02.320256600,0.000256600,0
'2026-08-22 08:29:02.320268000,0.000268000,1
'2026-08-22 08:29:02.320282500,0.000282500,0
'2026-08-22 08:29:02.320283300,0.000283300,1
'2026-08-22 08:29:02.320283400,0.000283400,0
'2026-08-22 08:29:02.320294100,0.000294100,1
'2026-08-22 08:29:02.320308600,0.000308600,0
'2026-08-22 08:29:02.320320200,0.000320200,1
'2026-08-22 08:29:02.320335000,0.000335000,0
'2026-08-22 08:29:02.320346200,0.000346200,1
'2026-08-22 08:29:02.320360600,0.000360600,0
'2026-08-22 08:29:02.320372300,0.000372300,1
'2026-08-22 08:29:02.320387000,0.000387000,0
'2026-08-22 08:29:02.320398400,0.000398400,1
'2026-08-22 08:29:02.320413200,0.000413200,0
'2026-08-22 08:29:02.320424500,0.000424500,1
'2026-08-22 08:29:02.320439000,0.000439000,0
'2026-08-22 08:29:02.320450500,0.000450500,1
'2026-08-22 08:29:02.320465200,0.000465200,0
'2026-08-22 08:29:02.320467400,0.000467400,1
'2026-08-22 08:29:02.320467500,0.000467500,0
'2026-08-22 08:29:02.320476600,0.000476600,1
'2026-08-22 08:29:02.320491100,0.000491100,0
'2026-08-22 08:29:02.320502700,0.000502700,1
'2026-08-22 08:29:02.320517400,0.000517400,0
'2026-08-22 08:29:02.320528800,0.000528800,1
'2026-08-22 08:29:02.320543500,0.000543500,0
'2026-08-22 08:29:02.320554800,0.000554800,1
'2026-08-22 08:29:02.320569300,0.000569300,0
'2026-08-22 08:29:02.320580900,0.000580900,1
'2026-08-22 08:29:02.320596000,0.000596000,0
'2026-08-22 08:29:02.320607000,0.000607000,1
'2026-08-22 08:29:02.320621400,0.000621400,0
'2026-08-22 08:29:02.320626900,0.000626900,1
'2026-08-22 08:29:02.320627000,0.000627000,0
'2026-08-22 08:29:02.320627500,0.000627500,1
'2026-08-22 08:29:02.320627600,0.000627600,0
'2026-08-22 08:29:02.320633000,0.000633000,1
'2026-08-22 08:29:02.320647600,0.000647600,0
'2026-08-22 08:29:02.320647700,0.000647700,1
'2026-08-22 08:29:02.320648000,0.000648000,0
'2026-08-22 08:29:02.320659100,0.000659100,1
'2026-08-22 08:29:02.320673700,0.000673700,0
'2026-08-22 08:29:02.320685200,0.000685200,1
'2026-08-22 08:29:02.320699800,0.000699800,0
'2026-08-22 08:29:02.320711300,0.000711300,1
'2026-08-22 08:29:02.320725900,0.000725900,0
'2026-08-22 08:29:02.320726200,0.000726200,1
'2026-08-22 08:29:02.320726300,0.000726300,0
'2026-08-22 08:29:02.320737300,0.000737300,1
'2026-08-22 08:29:02.320751800,0.000751800,0
'2026-08-22 08:29:02.320751900,0.000751900,1
'2026-08-22 08:29:02.320752000,0.000752000,0
'2026-08-22 08:29:02.320763400,0.000763400,1
'2026-08-22 08:29:02.320778000,0.000778000,0
'2026-08-22 08:29:02.320778100,0.000778100,1
'2026-08-22 08:29:02.320778400,0.000778400,0
'2026-08-22 08:29:02.320789500,0.000789500,1
'2026-08-22 08:29:02.320804000,0.000804000,0
'2026-08-22 08:29:02.320815600,0.000815600,1
'2026-08-22 08:29:02.320830300,0.000830300,0
'2026-08-22 08:29:02.320834300,0.000834300,1
'2026-08-22 08:29:02.320834400,0.000834400,0
'2026-08-22 08:29:02.320841600,0.000841600,1
'2026-08-22 08:29:02.320856200,0.000856200,0
'2026-08-22 08:29:02.320867700,0.000867700,1
'2026-08-22 08:29:02.320882300,0.000882300,0
'2026-08-22 08:29:02.320893800,0.000893800,1
'2026-08-22 08:29:02.320908400,0.000908400,0
'2026-08-22 08:29:02.320908500,0.000908500,1
'2026-08-22 08:29:02.320908600,0.000908600,0
'2026-08-22 08:29:02.320909600,0.000909600,1
'2026-08-22 08:29:02.320909700,0.000909700,0
'2026-08-22 08:29:02.320919900,0.000919900,1
'2026-08-22 08:29:02.320934300,0.000934300,0
'2026-08-22 08:29:02.320945900,0.000945900,1
'2026-08-22 08:29:02.320960800,0.000960800,0
'2026-08-22 08:29:02.320972000,0.000972000,1
'2026-08-22 08:29:02.320986600,0.000986600,0
'2026-08-22 08:29:02.320986700,0.000986700,1
'2026-08-22 08:29:02.320986800,0.000986800,0
'2026-08-22 08:29:02.320989000,0.000989000,1
'2026-08-22 08:29:02.320989100,0.000989100,0
'2026-08-22 08:29:02.320990200,0.000990200,1
'2026-08-22 08:29:02.320990300,0.000990300,0
'2026-08-22 08:29:02.320998100,0.000998100,1
'2026-08-22 08:29:02.321012700,0.001012700,0
'2026-08-22 08:29:02.321024100,0.001024100,1
'2026-08-22 08:29:02.321038900,0.001038900,0
'2026-08-22 08:29:02.321039300,0.001039300,1
'2026-08-22 08:29:02.321039400,0.001039400,0
'2026-08-22 08:29:02.321050200,0.001050200,1
'2026-08-22 08:29:02.321064700,0.001064700,0
'2026-08-22 08:29:02.321076300,0.001076300,1
'2026-08-22 08:29:02.321091100,0.001091100,0
'2026-08-22 08:29:02.321102400,0.001102400,1
'2026-08-22 08:29:02.321117200,0.001117200,0
'2026-08-22 08:29:02.321128400,0.001128400,1
'2026-08-22 08:29:02.321143000,0.001143000,0
'2026-08-22 08:29:02.321148500,0.001148500,1
'2026-08-22 08:29:02.321148600,0.001148600,0
'2026-08-22 08:29:02.321154500,0.001154500,1
'2026-08-22 08:29:02.321169200,0.001169200,0
'2026-08-22 08:29:02.321180600,0.001180600,1
'2026-08-22 08:29:02.321195300,0.001195300,0
'2026-08-22 08:29:02.321206700,0.001206700,1
'2026-08-22 08:29:02.321221600,0.001221600,0
'2026-08-22 08:29:02.321232700,0.001232700,1
'2026-08-22 08:29:02.321247300,0.001247300,0
'2026-08-22 08:29:02.321247400,0.001247400,1
'2026-08-22 08:29:02.321247500,0.001247500,0
'2026-08-22 08:29:02.321248900,0.001248900,1
'2026-08-22 08:29:02.321249000,0.001249000,0
'2026-08-22 08:29:02.321258800,0.001258800,1
'2026-08-22 08:29:02.321273300,0.001273300,0
'2026-08-22 08:29:02.321277500,0.001277500,1
'2026-08-22 08:29:02.321277600,0.001277600,0
'2026-08-22 08:29:02.321284900,0.001284900,1
'2026-08-22 08:29:02.321299600,0.001299600,0
'2026-08-22 08:29:02.321299700,0.001299700,1
'2026-08-22 08:29:02.321299800,0.001299800,0
'2026-08-22 08:29:02.321310500,0.001310500,1
'2026-08-22 08:29:02.321310600,0.001310600,0
'2026-08-22 08:29:02.321311000,0.001311000,1
'2026-08-22 08:29:02.321325500,0.001325500,0
'2026-08-22 08:29:02.321328100,0.001328100,1
'2026-08-22 08:29:02.321328200,0.001328200,0
'2026-08-22 08:29:02.321330700,0.001330700,1
'2026-08-22 08:29:02.321330800,0.001330800,0
'2026-08-22 08:29:02.321331300,0.001331300,1
'2026-08-22 08:29:02.321331400,0.001331400,0
'2026-08-22 08:29:02.321337000,0.001337000,1
'2026-08-22 08:29:02.321352500,0.001352500,0
'2026-08-22 08:29:02.321360500,0.001360500,1
'2026-08-22 08:29:02.321360600,0.001360600,0
'2026-08-22 08:29:02.321361600,0.001361600,1
'2026-08-22 08:29:02.321361700,0.001361700,0
'2026-08-22 08:29:02.321363100,0.001363100,1
'2026-08-22 08:29:02.321377600,0.001377600,0
'2026-08-22 08:29:02.321380900,0.001380900,1
'2026-08-22 08:29:02.321381000,0.001381000,0
'2026-08-22 08:29:02.321389200,0.001389200,1
'2026-08-22 08:29:02.321403800,0.001403800,0
'2026-08-22 08:29:02.321415300,0.001415300,1
'2026-08-22 08:29:02.321430000,0.001430000,0
'2026-08-22 08:29:02.321441300,0.001441300,1
'2026-08-22 08:29:02.321455800,0.001455800,0
'2026-08-22 08:29:02.321467400,0.001467400,1
'2026-08-22 08:29:02.321482700,0.001482700,0
'2026-08-22 08:29:02.321493500,0.001493500,1
'2026-08-22 08:29:02.321507900,0.001507900,0
'2026-08-22 08:29:02.321519500,0.001519500,1
'2026-08-22 08:29:02.321534200,0.001534200,0
'2026-08-22 08:29:02.321545600,0.001545600,1
'2026-08-22 08:29:02.321560400,0.001560400,0
'2026-08-22 08:29:02.321560500,0.001560500,1
'2026-08-22 08:29:02.321560600,0.001560600,0
'2026-08-22 08:29:02.321571700,0.001571700,1
'2026-08-22 08:29:02.321586300,0.001586300,0
'2026-08-22 08:29:02.321586400,0.001586400,1
'2026-08-22 08:29:02.321586500,0.001586500,0
'2026-08-22 08:29:02.321588300,0.001588300,1
'2026-08-22 08:29:02.321588400,0.001588400,0
'2026-08-22 08:29:02.321597700,0.001597700,1
'2026-08-22 08:29:02.321612500,0.001612500,0
'2026-08-22 08:29:02.321612600,0.001612600,1
'2026-08-22 08:29:02.321612700,0.001612700,0
'2026-08-22 08:29:02.321623800,0.001623800,1
'2026-08-22 08:29:02.321638300,0.001638300,0
'2026-08-22 08:29:02.321642100,0.001642100,1
'2026-08-22 08:29:02.321642200,0.001642200,0
'2026-08-22 08:29:02.321643100,0.001643100,1
'2026-08-22 08:29:02.321643200,0.001643200,0
'2026-08-22 08:29:02.321644300,0.001644300,1
'2026-08-22 08:29:02.321644600,0.001644600,0
'2026-08-22 08:29:02.321649900,0.001649900,1
'2026-08-22 08:29:02.321664600,0.001664600,0
'2026-08-22 08:29:02.321664900,0.001664900,1
'2026-08-22 08:29:02.321665000,0.001665000,0
'2026-08-22 08:29:02.321675600,0.001675600,1
'2026-08-22 08:29:02.321675700,0.001675700,0
'2026-08-22 08:29:02.321676000,0.001676000,1
'2026-08-22 08:29:02.321690700,0.001690700,0
'2026-08-22 08:29:02.321702000,0.001702000,1
'2026-08-22 08:29:02.321716600,0.001716600,0
'2026-08-22 08:29:02.321728100,0.001728100,1
'2026-08-22 08:29:02.321743000,0.001743000,0
'2026-08-22 08:29:02.321743100,0.001743100,1
'2026-08-22 08:29:02.321743300,0.001743300,0
'2026-08-22 08:29:02.321751000,0.001751000,1
'2026-08-22 08:29:02.321751100,0.001751100,0
'2026-08-22 08:29:02.321754200,0.001754200,1
'2026-08-22 08:29:02.321768700,0.001768700,0
'2026-08-22 08:29:02.321768900,0.001768900,1
'2026-08-22 08:29:02.321769000,0.001769000,0
'2026-08-22 08:29:02.321771200,0.001771200,1
'2026-08-22 08:29:02.321771400,0.001771400,0
'2026-08-22 08:29:02.321771900,0.001771900,1
'2026-08-22 08:29:02.321772000,0.001772000,0
'2026-08-22 08:29:02.321780200,0.001780200,1
'2026-08-22 08:29:02.321794900,0.001794900,0
'2026-08-22 08:29:02.321806300,0.001806300,1
'2026-08-22 08:29:02.321821200,0.001821200,0
'2026-08-22 08:29:02.321821500,0.001821500,1
'2026-08-22 08:29:02.321821600,0.001821600,0
'2026-08-22 08:29:02.321832400,0.001832400,1
'2026-08-22 08:29:02.321847000,0.001847000,0
'2026-08-22 08:29:02.321858500,0.001858500,1
'2026-08-22 08:29:02.321873400,0.001873400,0
'2026-08-22 08:29:02.321873500,0.001873500,1
'2026-08-22 08:29:02.321873600,0.001873600,0
'2026-08-22 08:29:02.321884500,0.001884500,1
'2026-08-22 08:29:02.321899200,0.001899200,0
'2026-08-22 08:29:02.321910600,0.001910600,1
'2026-08-22 08:29:02.321925300,0.001925300,0
'2026-08-22 08:29:02.321925500,0.001925500,1
'2026-08-22 08:29:02.321925700,0.001925700,0
'2026-08-22 08:29:02.321936700,0.001936700,1
'2026-08-22 08:29:02.321951400,0.001951400,0
'2026-08-22 08:29:02.321951500,0.001951500,1
'2026-08-22 08:29:02.321951600,0.001951600,0
'2026-08-22 08:29:02.321962800,0.001962800,1
'2026-08-22 08:29:02.321977400,0.001977400,0
'2026-08-22 08:29:02.321977500,0.001977500,1
'2026-08-22 08:29:02.321977600,0.001977600,0
'2026-08-22 08:29:02.321988800,0.001988800,1
'2026-08-22 08:29:02.322003400,0.002003400,0
'2026-08-22 08:29:02.322014900,0.002014900,1
'2026-08-22 08:29:02.322029600,0.002029600,0
'2026-08-22 08:29:02.322041000,0.002041000,1
'2026-08-22 08:29:02.322055500,0.002055500,0
'2026-08-22 08:29:02.322067000,0.002067000,1
'2026-08-22 08:29:02.322082000,0.002082000,0
'2026-08-22 08:29:02.322082100,0.002082100,1
'2026-08-22 08:29:02.322082200,0.002082200,0
'2026-08-22 08:29:02.322082700,0.002082700,1
'2026-08-22 08:29:02.322082800,0.002082800,0
'2026-08-22 08:29:02.322083900,0.002083900,1
'2026-08-22 08:29:02.322084000,0.002084000,0
'2026-08-22 08:29:02.322093100,0.002093100,1
'2026-08-22 08:29:02.322107600,0.002107600,0
'2026-08-22 08:29:02.322119200,0.002119200,1
'2026-08-22 08:29:02.322134200,0.002134200,0
'2026-08-22 08:29:02.322134300,0.002134300,1
'2026-08-22 08:29:02.322134400,0.002134400,0
'2026-08-22 08:29:02.322145300,0.002145300,1
'2026-08-22 08:29:02.322159900,0.002159900,0
'2026-08-22 08:29:02.322171300,0.002171300,1
'2026-08-22 08:29:02.322186200,0.002186200,0
'2026-08-22 08:29:02.322197400,0.002197400,1
'2026-08-22 08:29:02.322212100,0.002212100,0
'2026-08-22 08:29:02.322223500,0.002223500,1
'2026-08-22 08:29:02.322238200,0.002238200,0
'2026-08-22 08:29:02.322249600,0.002249600,1
'2026-08-22 08:29:02.322264300,0.002264300,0
'2026-08-22 08:29:02.322264400,0.002264400,1
'2026-08-22 08:29:02.322264500,0.002264500,0
'2026-08-22 08:29:02.322265000,0.002265000,1
'2026-08-22 08:29:02.322265100,0.002265100,0
'2026-08-22 08:29:02.322275600,0.002275600,1
'2026-08-22 08:29:02.322290200,0.002290200,0
'2026-08-22 08:29:02.322301700,0.002301700,1
'2026-08-22 08:29:02.322316500,0.002316500,0
'2026-08-22 08:29:02.322323900,0.002323900,1
'2026-08-22 08:29:02.322324000,0.002324000,0
'2026-08-22 08:29:02.322326900,0.002326900,1
'2026-08-22 08:29:02.322327000,0.002327000,0
'2026-08-22 08:29:02.322327800,0.002327800,1
'2026-08-22 08:29:02.322342400,0.002342400,0
'2026-08-22 08:29:02.322353800,0.002353800,1
'2026-08-22 08:29:02.322368600,0.002368600,0
'2026-08-22 08:29:02.322368700,0.002368700,1
'2026-08-22 08:29:02.322368800,0.002368800,0
'2026-08-22 08:29:02.322368900,0.002368900,1
'2026-08-22 08:29:02.322369000,0.002369000,0
'2026-08-22 08:29:02.322379900,0.002379900,1
'2026-08-22 08:29:02.322394600,0.002394600,0
'2026-08-22 08:29:02.322406000,0.002406000,1
'2026-08-22 08:29:02.322420600,0.002420600,0
'2026-08-22 08:29:02.322420700,0.002420700,1
'2026-08-22 08:29:02.322420800,0.002420800,0
'2026-08-22 08:29:02.322431400,0.002431400,1
'2026-08-22 08:29:02.322431500,0.002431500,0
'2026-08-22 08:29:02.322432100,0.002432100,1
'2026-08-22 08:29:02.322446800,0.002446800,0
'2026-08-22 08:29:02.322448300,0.002448300,1
'2026-08-22 08:29:02.322448400,0.002448400,0
'2026-08-22 08:29:02.322458100,0.002458100,1
'2026-08-22 08:29:02.322473000,0.002473000,0
'2026-08-22 08:29:02.322473300,0.002473300,1
'2026-08-22 08:29:02.322473400,0.002473400,0
'2026-08-22 08:29:02.322484200,0.002484200,1
'2026-08-22 08:29:02.322498800,0.002498800,0
'2026-08-22 08:29:02.322506300,0.002506300,1
'2026-08-22 08:29:02.322506400,0.002506400,0
'2026-08-22 08:29:02.322510300,0.002510300,1
'2026-08-22 08:29:02.322525100,0.002525100,0
'2026-08-22 08:29:02.322527900,0.002527900,1
'2026-08-22 08:29:02.322528000,0.002528000,0
'2026-08-22 08:29:02.322536300,0.002536300,1
'2026-08-22 08:29:02.322551000,0.002551000,0
'2026-08-22 08:29:02.322562400,0.002562400,1
'2026-08-22 08:29:02.322577600,0.002577600,0
'2026-08-22 08:29:02.322588500,0.002588500,1
'2026-08-22 08:29:02.322603200,0.002603200,0
'2026-08-22 08:29:02.322605500,0.002605500,1
'2026-08-22 08:29:02.322605600,0.002605600,0
'2026-08-22 08:29:02.322614600,0.002614600,1
'2026-08-22 08:29:02.322629600,0.002629600,0
'2026-08-22 08:29:02.322640600,0.002640600,1
'2026-08-22 08:29:02.322655500,0.002655500,0
'2026-08-22 08:29:02.322656300,0.002656300,1
'2026-08-22 08:29:02.322656400,0.002656400,0
'2026-08-22 08:29:02.322657500,0.002657500,1
'2026-08-22 08:29:02.322657600,0.002657600,0
'2026-08-22 08:29:02.322666700,0.002666700,1
'2026-08-22 08:29:02.322681500,0.002681500,0
'2026-08-22 08:29:02.322685500,0.002685500,1
'2026-08-22 08:29:02.322685600,0.002685600,0
'2026-08-22 08:29:02.322689000,0.002689000,1
'2026-08-22 08:29:02.322689100,0.002689100,0
'2026-08-22 08:29:02.322692800,0.002692800,1
'2026-08-22 08:29:02.322707600,0.002707600,0
'2026-08-22 08:29:02.322707700,0.002707700,1
'2026-08-22 08:29:02.322707900,0.002707900,0
'2026-08-22 08:29:02.322708300,0.002708300,1
'2026-08-22 08:29:02.322708400,0.002708400,0
'2026-08-22 08:29:02.322718900,0.002718900,1
'2026-08-22 08:29:02.322733600,0.002733600,0
'2026-08-22 08:29:02.322744900,0.002744900,1
'2026-08-22 08:29:02.322759600,0.002759600,0
'2026-08-22 08:29:02.322771000,0.002771000,1
'2026-08-22 08:29:02.322785600,0.002785600,0
'2026-08-22 08:29:02.322785700,0.002785700,1
'2026-08-22 08:29:02.322786200,0.002786200,0
'2026-08-22 08:29:02.322787200,0.002787200,1
'2026-08-22 08:29:02.322787300,0.002787300,0
'2026-08-22 08:29:02.322797100,0.002797100,1
'2026-08-22 08:29:02.322811800,0.002811800,0
'2026-08-22 08:29:02.322823200,0.002823200,1
'2026-08-22 08:29:02.322838200,0.002838200,0
'2026-08-22 08:29:02.322849200,0.002849200,1
'2026-08-22 08:29:02.322864000,0.002864000,0
'2026-08-22 08:29:02.322864400,0.002864400,1
'2026-08-22 08:29:02.322864500,0.002864500,0
'2026-08-22 08:29:02.322869300,0.002869300,1
'2026-08-22 08:29:02.322869400,0.002869400,0
'2026-08-22 08:29:02.322875300,0.002875300,1
'2026-08-22 08:29:02.322890200,0.002890200,0
'2026-08-22 08:29:02.322901400,0.002901400,1
'2026-08-22 08:29:02.322916200,0.002916200,0
'2026-08-22 08:29:02.322916400,0.002916400,1
'2026-08-22 08:29:02.322916500,0.002916500,0
'2026-08-22 08:29:02.322927500,0.002927500,1
'2026-08-22 08:29:02.322942200,0.002942200,0
'2026-08-22 08:29:02.322946800,0.002946800,1
'2026-08-22 08:29:02.322946900,0.002946900,0
'2026-08-22 08:29:02.322953600,0.002953600,1
'2026-08-22 08:29:02.322968300,0.002968300,0
'2026-08-22 08:29:02.322968400,0.002968400,1
'2026-08-22 08:29:02.322968500,0.002968500,0
'2026-08-22 08:29:02.322977100,0.002977100,1
'2026-08-22 08:29:02.322977200,0.002977200,0
'2026-08-22 08:29:02.322979600,0.002979600,1
'2026-08-22 08:29:02.322994300,0.002994300,0
'2026-08-22 08:29:02.322994700,0.002994700,1
'2026-08-22 08:29:02.322994800,0.002994800,0
'2026-08-22 08:29:02.323005700,0.003005700,1
'2026-08-22 08:29:02.323020600,0.003020600,0
'2026-08-22 08:29:02.323031800,0.003031800,1
'2026-08-22 08:29:02.323046600,0.003046600,0
'2026-08-22 08:29:02.323057800,0.003057800,1
'2026-08-22 08:29:02.323072600,0.003072600,0
'2026-08-22 08:29:02.323072700,0.003072700,1
'2026-08-22 08:29:02.323072800,0.003072800,0
'2026-08-22 08:29:02.323073000,0.003073000,1
'2026-08-22 08:29:02.323073100,0.003073100,0
'2026-08-22 08:29:02.323083900,0.003083900,1
'2026-08-22 08:29:02.323098700,0.003098700,0
'2026-08-22 08:29:02.323110000,0.003110000,1
'2026-08-22 08:29:02.323124700,0.003124700,0
'2026-08-22 08:29:02.323124900,0.003124900,1
'2026-08-22 08:29:02.323125000,0.003125000,0
'2026-08-22 08:29:02.323136100,0.003136100,1
'2026-08-22 08:29:02.323150900,0.003150900,0
'2026-08-22 08:29:02.323151100,0.003151100,1
'2026-08-22 08:29:02.323151300,0.003151300,0
'2026-08-22 08:29:02.323162100,0.003162100,1
'2026-08-22 08:29:02.323177000,0.003177000,0
'2026-08-22 08:29:02.323188200,0.003188200,1
'2026-08-22 08:29:02.323203100,0.003203100,0
'2026-08-22 08:29:02.323214300,0.003214300,1
'2026-08-22 08:29:02.323229200,0.003229200,0
'2026-08-22 08:29:02.323229300,0.003229300,1
'2026-08-22 08:29:02.323229500,0.003229500,0
'2026-08-22 08:29:02.323240400,0.003240400,1
'2026-08-22 08:29:02.323255000,0.003255000,0
'2026-08-22 08:29:02.323255100,0.003255100,1
'2026-08-22 08:29:02.323255200,0.003255200,0
'2026-08-22 08:29:02.323255700,0.003255700,1
'2026-08-22 08:29:02.323255800,0.003255800,0
'2026-08-22 08:29:02.323256100,0.003256100,1
'2026-08-22 08:29:02.324897200,0.004897200,0
'2026-08-22 08:29:02.324908700,0.004908700,1
'2026-08-22 08:29:02.324923700,0.004923700,0
'2026-08-22 08:29:02.324934800,0.004934800,1
'2026-08-22 08:29:02.324949300,0.004949300,0
'2026-08-22 08:29:02.324952000,0.004952000,1
'2026-08-22 08:29:02.324952100,0.004952100,0
'2026-08-22 08:29:02.324960800,0.004960800,1
'2026-08-22 08:29:02.324975600,0.004975600,0
'2026-08-22 08:29:02.324983200,0.004983200,1
'2026-08-22 08:29:02.324983300,0.004983300,0
'2026-08-22 08:29:02.324986900,0.004986900,1
'2026-08-22 08:29:02.325001600,0.005001600,0
'2026-08-22 08:29:02.325001700,0.005001700,1
'2026-08-22 08:29:02.325001800,0.005001800,0
'2026-08-22 08:29:02.325002200,0.005002200,1
'2026-08-22 08:29:02.325002400,0.005002400,0
'2026-08-22 08:29:02.325013000,0.005013000,1
'2026-08-22 08:29:02.325027600,0.005027600,0
'2026-08-22 08:29:02.325039100,0.005039100,1
'2026-08-22 08:29:02.325054000,0.005054000,0
'2026-08-22 08:29:02.325065200,0.005065200,1
'2026-08-22 08:29:02.325080100,0.005080100,0
'2026-08-22 08:29:02.325081700,0.005081700,1
'2026-08-22 08:29:02.325081900,0.005081900,0
'2026-08-22 08:29:02.325091200,0.005091200,1
'2026-08-22 08:29:02.325105800,0.005105800,0
'2026-08-22 08:29:02.325117300,0.005117300,1
'2026-08-22 08:29:02.325132300,0.005132300,0
'2026-08-22 08:29:02.325133200,0.005133200,1
'2026-08-22 08:29:02.325133300,0.005133300,0
'2026-08-22 08:29:02.325143400,0.005143400,1
'2026-08-22 08:29:02.325157900,0.005157900,0
'2026-08-22 08:29:02.325169500,0.005169500,1
'2026-08-22 08:29:02.325184600,0.005184600,0
'2026-08-22 08:29:02.325195600,0.005195600,1
'2026-08-22 08:29:02.325210200,0.005210200,0
'2026-08-22 08:29:02.325210300,0.005210300,1
'2026-08-22 08:29:02.325210400,0.005210400,0
'2026-08-22 08:29:02.325212000,0.005212000,1
'2026-08-22 08:29:02.325212100,0.005212100,0
'2026-08-22 08:29:02.325213000,0.005213000,1
'2026-08-22 08:29:02.325213100,0.005213100,0
'2026-08-22 08:29:02.325221600,0.005221600,1
'2026-08-22 08:29:02.325236200,0.005236200,0
'2026-08-22 08:29:02.325247700,0.005247700,1
'2026-08-22 08:29:02.325262600,0.005262600,0
'2026-08-22 08:29:02.325273800,0.005273800,1
'2026-08-22 08:29:02.325288400,0.005288400,0
'2026-08-22 08:29:02.325288500,0.005288500,1
'2026-08-22 08:29:02.325288600,0.005288600,0
'2026-08-22 08:29:02.325291500,0.005291500,1
'2026-08-22 08:29:02.325291600,0.005291600,0
'2026-08-22 08:29:02.325292300,0.005292300,1
'2026-08-22 08:29:02.325292400,0.005292400,0
'2026-08-22 08:29:02.325299900,0.005299900,1
'2026-08-22 08:29:02.325716300,0.005716300,0
'2026-08-22 08:29:02.325716900,0.005716900,1
'2026-08-22 08:29:02.325731400,0.005731400,0
'2026-08-22 08:29:02.325735300,0.005735300,1
'2026-08-22 08:29:02.325735400,0.005735400,0
'2026-08-22 08:29:02.325736000,0.005736000,1
'2026-08-22 08:29:02.325736100,0.005736100,0
'2026-08-22 08:29:02.325743000,0.005743000,1
'2026-08-22 08:29:02.325757700,0.005757700,0
'2026-08-22 08:29:02.325766300,0.005766300,1
'2026-08-22 08:29:02.325766400,0.005766400,0
'2026-08-22 08:29:02.325769100,0.005769100,1
'2026-08-22 08:29:02.325783700,0.005783700,0
'2026-08-22 08:29:02.325783800,0.005783800,1
'2026-08-22 08:29:02.325783900,0.005783900,0
'2026-08-22 08:29:02.325785600,0.005785600,1
'2026-08-22 08:29:02.325785700,0.005785700,0
'2026-08-22 08:29:02.325786100,0.005786100,1
'2026-08-22 08:29:02.325786200,0.005786200,0
'2026-08-22 08:29:02.325786700,0.005786700,1
'2026-08-22 08:29:02.325786800,0.005786800,0
'2026-08-22 08:29:02.325795200,0.005795200,1
'2026-08-22 08:29:02.325809700,0.005809700,0
'2026-08-22 08:29:02.325810000,0.005810000,1
'2026-08-22 08:29:02.325810100,0.005810100,0
'2026-08-22 08:29:02.325821300,0.005821300,1
'2026-08-22 08:29:02.325836000,0.005836000,0
'2026-08-22 08:29:02.325836300,0.005836300,1
'2026-08-22 08:29:02.325836500,0.005836500,0
'2026-08-22 08:29:02.325847300,0.005847300,1
'2026-08-22 08:29:02.325861800,0.005861800,0
'2026-08-22 08:29:02.325862100,0.005862100,1
'2026-08-22 08:29:02.325862200,0.005862200,0
'2026-08-22 08:29:02.325873400,0.005873400,1
'2026-08-22 08:29:02.325888000,0.005888000,0
'2026-08-22 08:29:02.325894700,0.005894700,1
'2026-08-22 08:29:02.325894800,0.005894800,0
'2026-08-22 08:29:02.325899500,0.005899500,1
'2026-08-22 08:29:02.325914100,0.005914100,0
'2026-08-22 08:29:02.325925600,0.005925600,1
'2026-08-22 08:29:02.325940100,0.005940100,0
'2026-08-22 08:29:02.325951600,0.005951600,1
'2026-08-22 08:29:02.325966500,0.005966500,0
'2026-08-22 08:29:02.325966600,0.005966600,1
'2026-08-22 08:29:02.325966700,0.005966700,0
'2026-08-22 08:29:02.325977700,0.005977700,1
'2026-08-22 08:29:02.325992200,0.005992200,0
'2026-08-22 08:29:02.325998100,0.005998100,1
'2026-08-22 08:29:02.325998200,0.005998200,0
'2026-08-22 08:29:02.326003800,0.006003800,1
'2026-08-22 08:29:02.326018700,0.006018700,0
'2026-08-22 08:29:02.326027900,0.006027900,1
'2026-08-22 08:29:02.326028000,0.006028000,0
'2026-08-22 08:29:02.326029900,0.006029900,1
'2026-08-22 08:29:02.326044400,0.006044400,0
'2026-08-22 08:29:02.326047200,0.006047200,1
'2026-08-22 08:29:02.326047300,0.006047300,0
'2026-08-22 08:29:02.326047600,0.006047600,1
'2026-08-22 08:29:02.326047900,0.006047900,0
'2026-08-22 08:29:02.326048900,0.006048900,1
'2026-08-22 08:29:02.326049000,0.006049000,0
'2026-08-22 08:29:02.326055900,0.006055900,1
'2026-08-22 08:29:02.326070700,0.006070700,0
'2026-08-22 08:29:02.326082000,0.006082000,1
'2026-08-22 08:29:02.326097000,0.006097000,0
'2026-08-22 08:29:02.326097100,0.006097100,1
'2026-08-22 08:29:02.326097200,0.006097200,0
'2026-08-22 08:29:02.326097400,0.006097400,1
'2026-08-22 08:29:02.326097500,0.006097500,0
'2026-08-22 08:29:02.326097900,0.006097900,1
'2026-08-22 08:29:02.326098200,0.006098200,0
'2026-08-22 08:29:02.326098300,0.006098300,1
'2026-08-22 08:29:02.326098400,0.006098400,0
'2026-08-22 08:29:02.326098600,0.006098600,1
'2026-08-22 08:29:02.326098700,0.006098700,0
'2026-08-22 08:29:02.326100400,0.006100400,1
'2026-08-22 08:29:02.326100500,0.006100500,0
'2026-08-22 08:29:02.326108100,0.006108100,1
'2026-08-22 08:29:02.326122600,0.006122600,0
'2026-08-22 08:29:02.326125000,0.006125000,1
'2026-08-22 08:29:02.326546200,0.006546200,0
'2026-08-22 08:29:02.326546300,0.006546300,1
'2026-08-22 08:29:02.326546400,0.006546400,0
'2026-08-22 08:29:02.326551200,0.006551200,1
'2026-08-22 08:29:02.326565900,0.006565900,0
'2026-08-22 08:29:02.326577300,0.006577300,1
'2026-08-22 08:29:02.326592000,0.006592000,0
'2026-08-22 08:29:02.326592100,0.006592100,1
'2026-08-22 08:29:02.326592200,0.006592200,0
'2026-08-22 08:29:02.326603400,0.006603400,1
'2026-08-22 08:29:02.326617900,0.006617900,0
'2026-08-22 08:29:02.326624400,0.006624400,1
'2026-08-22 08:29:02.326624500,0.006624500,0
'2026-08-22 08:29:02.326629500,0.006629500,1
'2026-08-22 08:29:02.326644000,0.006644000,0
'2026-08-22 08:29:02.326644100,0.006644100,1
'2026-08-22 08:29:02.326644200,0.006644200,0
'2026-08-22 08:29:02.326655500,0.006655500,1
'2026-08-22 08:29:02.326670100,0.006670100,0
'2026-08-22 08:29:02.326681600,0.006681600,1
'2026-08-22 08:29:02.326696200,0.006696200,0
'2026-08-22 08:29:02.326707700,0.006707700,1
'2026-08-22 08:29:02.326722500,0.006722500,0
'2026-08-22 08:29:02.326733800,0.006733800,1
'2026-08-22 08:29:02.326748400,0.006748400,0
'2026-08-22 08:29:02.326748700,0.006748700,1
'2026-08-22 08:29:02.326748800,0.006748800,0
'2026-08-22 08:29:02.326759900,0.006759900,1
'2026-08-22 08:29:02.326774500,0.006774500,0
'2026-08-22 08:29:02.326782500,0.006782500,1
'2026-08-22 08:29:02.326782600,0.006782600,0
'2026-08-22 08:29:02.326785900,0.006785900,1
'2026-08-22 08:29:02.326800800,0.006800800,0
'2026-08-22 08:29:02.326801800,0.006801800,1
'2026-08-22 08:29:02.326802000,0.006802000,0
'2026-08-22 08:29:02.326812000,0.006812000,1
'2026-08-22 08:29:02.326826700,0.006826700,0
'2026-08-22 08:29:02.326838100,0.006838100,1
'2026-08-22 08:29:02.326852800,0.006852800,0
'2026-08-22 08:29:02.326858300,0.006858300,1
'2026-08-22 08:29:02.326858400,0.006858400,0
'2026-08-22 08:29:02.326864200,0.006864200,1
'2026-08-22 08:29:02.326879000,0.006879000,0
'2026-08-22 08:29:02.326890200,0.006890200,1
'2026-08-22 08:29:02.326904800,0.006904800,0
'2026-08-22 08:29:02.326916300,0.006916300,1
'2026-08-22 08:29:02.326930900,0.006930900,0
'2026-08-22 08:29:02.326942400,0.006942400,1
'2026-08-22 08:29:02.328160600,0.008160600,0
'2026-08-22 08:29:02.328167700,0.008167700,1
'2026-08-22 08:29:02.328182200,0.008182200,0
'2026-08-22 08:29:02.328193800,0.008193800,1
'2026-08-22 08:29:02.328208300,0.008208300,0
'2026-08-22 08:29:02.328219800,0.008219800,1
'2026-08-22 08:29:02.328234300,0.008234300,0
'2026-08-22 08:29:02.328245900,0.008245900,1
'2026-08-22 08:29:02.328260900,0.008260900,0
'2026-08-22 08:29:02.328272000,0.008272000,1
'2026-08-22 08:29:02.328286600,0.008286600,0
'2026-08-22 08:29:02.328298100,0.008298100,1
'2026-08-22 08:29:02.328312900,0.008312900,0
'2026-08-22 08:29:02.328324100,0.008324100,1
'2026-08-22 08:29:02.328338800,0.008338800,0
'2026-08-22 08:29:02.328350200,0.008350200,1
'2026-08-22 08:29:02.328364900,0.008364900,0
'2026-08-22 08:29:02.328376300,0.008376300,1
'2026-08-22 08:29:02.328390900,0.008390900,0
'2026-08-22 08:29:02.328402400,0.008402400,1
'2026-08-22 08:29:02.328417000,0.008417000,0
'2026-08-22 08:29:02.328419700,0.008419700,1
'2026-08-22 08:29:02.328419800,0.008419800,0
'2026-08-22 08:29:02.328428500,0.008428500,1
'2026-08-22 08:29:02.328443000,0.008443000,0
'2026-08-22 08:29:02.328443100,0.008443100,1
'2026-08-22 08:29:02.328443200,0.008443200,0
'2026-08-22 08:29:02.328454600,0.008454600,1
'2026-08-22 08:29:02.328469100,0.008469100,0
'2026-08-22 08:29:02.328480600,0.008480600,1
'2026-08-22 08:29:02.328495100,0.008495100,0
'2026-08-22 08:29:02.328506300,0.008506300,1
'2026-08-22 08:29:02.328506400,0.008506400,0
'2026-08-22 08:29:02.328506700,0.008506700,1
'2026-08-22 08:29:02.328521300,0.008521300,0
'2026-08-22 08:29:02.328521500,0.008521500,1
'2026-08-22 08:29:02.328521600,0.008521600,0
'2026-08-22 08:29:02.328532800,0.008532800,1
'2026-08-22 08:29:02.328547400,0.008547400,0
'2026-08-22 08:29:02.328558900,0.008558900,1
'2026-08-22 08:29:02.328990500,0.008990500,0
'2026-08-22 08:29:02.328990600,0.008990600,1
'2026-08-22 08:29:02.328990700,0.008990700,0
'2026-08-22 08:29:02.329002000,0.009002000,1
'2026-08-22 08:29:02.329016900,0.009016900,0
'2026-08-22 08:29:02.329028100,0.009028100,1
'2026-08-22 08:29:02.329042800,0.009042800,0
'2026-08-22 08:29:02.329054200,0.009054200,1
'2026-08-22 08:29:02.329069000,0.009069000,0
'2026-08-22 08:29:02.329080300,0.009080300,1
'2026-08-22 08:29:02.329094800,0.009094800,0
'2026-08-22 08:29:02.329103500,0.009103500,1
'2026-08-22 08:29:02.329103600,0.009103600,0
'2026-08-22 08:29:02.329106400,0.009106400,1
'2026-08-22 08:29:02.329121000,0.009121000,0
'2026-08-22 08:29:02.329132400,0.009132400,1
'2026-08-22 08:29:02.329147300,0.009147300,0
'2026-08-22 08:29:02.329158500,0.009158500,1
'2026-08-22 08:29:02.329173200,0.009173200,0
'2026-08-22 08:29:02.329173500,0.009173500,1
'2026-08-22 08:29:02.329173600,0.009173600,0
'2026-08-22 08:29:02.329184600,0.009184600,1
'2026-08-22 08:29:02.329199200,0.009199200,0
'2026-08-22 08:29:02.329210700,0.009210700,1
'2026-08-22 08:29:02.329225300,0.009225300,0
'2026-08-22 08:29:02.329225500,0.009225500,1
'2026-08-22 08:29:02.329225600,0.009225600,0
'2026-08-22 08:29:02.329236700,0.009236700,1
'2026-08-22 08:29:02.329251300,0.009251300,0
'2026-08-22 08:29:02.329262800,0.009262800,1
'2026-08-22 08:29:02.329277600,0.009277600,0
'2026-08-22 08:29:02.329277700,0.009277700,1
'2026-08-22 08:29:02.329277800,0.009277800,0
'2026-08-22 08:29:02.329288900,0.009288900,1
'2026-08-22 08:29:02.329303500,0.009303500,0
'2026-08-22 08:29:02.329304300,0.009304300,1
'2026-08-22 08:29:02.329304400,0.009304400,0
'2026-08-22 08:29:02.329313100,0.009313100,1
'2026-08-22 08:29:02.329313200,0.009313200,0
'2026-08-22 08:29:02.329315000,0.009315000,1
'2026-08-22 08:29:02.329329500,0.009329500,0
'2026-08-22 08:29:02.329341100,0.009341100,1
'2026-08-22 08:29:02.329355900,0.009355900,0
'2026-08-22 08:29:02.329357700,0.009357700,1
'2026-08-22 08:29:02.329357800,0.009357800,0
'2026-08-22 08:29:02.329367100,0.009367100,1
'2026-08-22 08:29:02.329381600,0.009381600,0
'2026-08-22 08:29:02.329392500,0.009392500,1
'2026-08-22 08:29:02.330606800,0.010606800,0
'2026-08-22 08:29:02.330618400,0.010618400,1
'2026-08-22 08:29:02.330633200,0.010633200,0
'2026-08-22 08:29:02.330633500,0.010633500,1
'2026-08-22 08:29:02.330633600,0.010633600,0
'2026-08-22 08:29:02.330643300,0.010643300,1
'2026-08-22 08:29:02.330643400,0.010643400,0
'2026-08-22 08:29:02.330644500,0.010644500,1
'2026-08-22 08:29:02.330658900,0.010658900,0
'2026-08-22 08:29:02.330670600,0.010670600,1
'2026-08-22 08:29:02.330685200,0.010685200,0
'2026-08-22 08:29:02.330696700,0.010696700,1
'2026-08-22 08:29:02.330711300,0.010711300,0
'2026-08-22 08:29:02.330722700,0.010722700,1
'2026-08-22 08:29:02.330737300,0.010737300,0
'2026-08-22 08:29:02.330748800,0.010748800,1
'2026-08-22 08:29:02.330763600,0.010763600,0
'2026-08-22 08:29:02.330763700,0.010763700,1
'2026-08-22 08:29:02.330763900,0.010763900,0
'2026-08-22 08:29:02.330774900,0.010774900,1
'2026-08-22 08:29:02.330789400,0.010789400,0
'2026-08-22 08:29:02.330801000,0.010801000,1
'2026-08-22 08:29:02.330815700,0.010815700,0
'2026-08-22 08:29:02.330827100,0.010827100,1
'2026-08-22 08:29:02.330841700,0.010841700,0
'2026-08-22 08:29:02.330844300,0.010844300,1
'2026-08-22 08:29:02.330844500,0.010844500,0
'2026-08-22 08:29:02.330853100,0.010853100,1
'2026-08-22 08:29:02.330867700,0.010867700,0
'2026-08-22 08:29:02.330879200,0.010879200,1
'2026-08-22 08:29:02.330894000,0.010894000,0
'2026-08-22 08:29:02.330894100,0.010894100,1
'2026-08-22 08:29:02.330894200,0.010894200,0
'2026-08-22 08:29:02.330905300,0.010905300,1
'2026-08-22 08:29:02.330919800,0.010919800,0
'2026-08-22 08:29:02.330931400,0.010931400,1
'2026-08-22 08:29:02.330946200,0.010946200,0
'2026-08-22 08:29:02.330957400,0.010957400,1
'2026-08-22 08:29:02.330972000,0.010972000,0
'2026-08-22 08:29:02.330983500,0.010983500,1
'2026-08-22 08:29:02.330998200,0.010998200,0
'2026-08-22 08:29:02.331006600,0.011006600,1
'2026-08-22 08:29:02.331441100,0.011441100,0
'2026-08-22 08:29:02.331452800,0.011452800,1
'2026-08-22 08:29:02.331467600,0.011467600,0
'2026-08-22 08:29:02.331478800,0.011478800,1
'2026-08-22 08:29:02.331493200,0.011493200,0
'2026-08-22 08:29:02.331504900,0.011504900,1
'2026-08-22 08:29:02.331519600,0.011519600,0
'2026-08-22 08:29:02.331531000,0.011531000,1
'2026-08-22 08:29:02.331545700,0.011545700,0
'2026-08-22 08:29:02.331557100,0.011557100,1
'2026-08-22 08:29:02.331571500,0.011571500,0
'2026-08-22 08:29:02.331583200,0.011583200,1
'2026-08-22 08:29:02.331598000,0.011598000,0
'2026-08-22 08:29:02.331598100,0.011598100,1
'2026-08-22 08:29:02.331598200,0.011598200,0
'2026-08-22 08:29:02.331609200,0.011609200,1
'2026-08-22 08:29:02.331623600,0.011623600,0
'2026-08-22 08:29:02.331635300,0.011635300,1
'2026-08-22 08:29:02.331650000,0.011650000,0
'2026-08-22 08:29:02.331661400,0.011661400,1
'2026-08-22 08:29:02.331676000,0.011676000,0
'2026-08-22 08:29:02.331676300,0.011676300,1
'2026-08-22 08:29:02.331676400,0.011676400,0
'2026-08-22 08:29:02.331687500,0.011687500,1
'2026-08-22 08:29:02.331702000,0.011702000,0
'2026-08-22 08:29:02.331708900,0.011708900,1
'2026-08-22 08:29:02.331709000,0.011709000,0
'2026-08-22 08:29:02.331713600,0.011713600,1
'2026-08-22 08:29:02.331728300,0.011728300,0
'2026-08-22 08:29:02.331728500,0.011728500,1
'2026-08-22 08:29:02.331728600,0.011728600,0
'2026-08-22 08:29:02.331739600,0.011739600,1
'2026-08-22 08:29:02.331754000,0.011754000,0
'2026-08-22 08:29:02.331754100,0.011754100,1
'2026-08-22 08:29:02.331754200,0.011754200,0
'2026-08-22 08:29:02.331765700,0.011765700,1
'2026-08-22 08:29:02.331780400,0.011780400,0
'2026-08-22 08:29:02.331780500,0.011780500,1
'2026-08-22 08:29:02.331780600,0.011780600,0
'2026-08-22 08:29:02.331791800,0.011791800,1
'2026-08-22 08:29:02.331806400,0.011806400,0
'2026-08-22 08:29:02.331817900,0.011817900,1
'2026-08-22 08:29:02.332251600,0.012251600,0
'2026-08-22 08:29:02.332261100,0.012261100,1
'2026-08-22 08:29:02.332275600,0.012275600,0
'2026-08-22 08:29:02.332287100,0.012287100,1
'2026-08-22 08:29:02.332301600,0.012301600,0
'2026-08-22 08:29:02.332301700,0.012301700,1
'2026-08-22 08:29:02.332301800,0.012301800,0
'2026-08-22 08:29:02.332313200,0.012313200,1
'2026-08-22 08:29:02.332327700,0.012327700,0
'2026-08-22 08:29:02.332339300,0.012339300,1
'2026-08-22 08:29:02.332354000,0.012354000,0
'2026-08-22 08:29:02.332365400,0.012365400,1
'2026-08-22 08:29:02.332380200,0.012380200,0
'2026-08-22 08:29:02.332391500,0.012391500,1
'2026-08-22 08:29:02.332406000,0.012406000,0
'2026-08-22 08:29:02.332417600,0.012417600,1
'2026-08-22 08:29:02.332432200,0.012432200,0
'2026-08-22 08:29:02.332443700,0.012443700,1
'2026-08-22 08:29:02.332458200,0.012458200,0
'2026-08-22 08:29:02.332469700,0.012469700,1
'2026-08-22 08:29:02.332484400,0.012484400,0
'2026-08-22 08:29:02.332495800,0.012495800,1
'2026-08-22 08:29:02.332510400,0.012510400,0
'2026-08-22 08:29:02.332521900,0.012521900,1
'2026-08-22 08:29:02.332536500,0.012536500,0
'2026-08-22 08:29:02.332548000,0.012548000,1
'2026-08-22 08:29:02.332562700,0.012562700,0
'2026-08-22 08:29:02.332562900,0.012562900,1
'2026-08-22 08:29:02.332563000,0.012563000,0
'2026-08-22 08:29:02.332572100,0.012572100,1
'2026-08-22 08:29:02.332572200,0.012572200,0
'2026-08-22 08:29:02.332574000,0.012574000,1
'2026-08-22 08:29:02.332588400,0.012588400,0
'2026-08-22 08:29:02.332600100,0.012600100,1
'2026-08-22 08:29:02.332615000,0.012615000,0
'2026-08-22 08:29:02.332626200,0.012626200,1
'2026-08-22 08:29:02.332640800,0.012640800,0
'2026-08-22 08:29:02.332652300,0.012652300,1
'2026-08-22 08:29:02.333084000,0.013084000,0
'2026-08-22 08:29:02.333095500,0.013095500,1
'2026-08-22 08:29:02.333110200,0.013110200,0
'2026-08-22 08:29:02.333121500,0.013121500,1
'2026-08-22 08:29:02.333136200,0.013136200,0
'2026-08-22 08:29:02.333147600,0.013147600,1
'2026-08-22 08:29:02.333162200,0.013162200,0
'2026-08-22 08:29:02.333173700,0.013173700,1
'2026-08-22 08:29:02.333188300,0.013188300,0
'2026-08-22 08:29:02.333199800,0.013199800,1
'2026-08-22 08:29:02.333214500,0.013214500,0
'2026-08-22 08:29:02.333225900,0.013225900,1
'2026-08-22 08:29:02.333240600,0.013240600,0
'2026-08-22 08:29:02.333251900,0.013251900,1
'2026-08-22 08:29:02.333266600,0.013266600,0
'2026-08-22 08:29:02.333278000,0.013278000,1
'2026-08-22 08:29:02.333292600,0.013292600,0
'2026-08-22 08:29:02.333304100,0.013304100,1
'2026-08-22 08:29:02.333318700,0.013318700,0
'2026-08-22 08:29:02.333330200,0.013330200,1
'2026-08-22 08:29:02.333344800,0.013344800,0
'2026-08-22 08:29:02.333356300,0.013356300,1
'2026-08-22 08:29:02.333370700,0.013370700,0
'2026-08-22 08:29:02.333370900,0.013370900,1
'2026-08-22 08:29:02.333371000,0.013371000,0
'2026-08-22 08:29:02.333382300,0.013382300,1
'2026-08-22 08:29:02.333397000,0.013397000,0
'2026-08-22 08:29:02.333397300,0.013397300,1
'2026-08-22 08:29:02.333397400,0.013397400,0
'2026-08-22 08:29:02.333406100,0.013406100,1
'2026-08-22 08:29:02.333406200,0.013406200,0
'2026-08-22 08:29:02.333408400,0.013408400,1
'2026-08-22 08:29:02.333423100,0.013423100,0
'2026-08-22 08:29:02.333434500,0.013434500,1
'2026-08-22 08:29:02.333449000,0.013449000,0
'2026-08-22 08:29:02.333460600,0.013460600,1
'2026-08-22 08:29:02.333475200,0.013475200,0
'2026-08-22 08:29:02.333483600,0.013483600,1
'2026-08-22 08:29:02.334700400,0.014700400,0
'2026-08-22 08:29:02.334712000,0.014712000,1
'2026-08-22 08:29:02.334726500,0.014726500,0
'2026-08-22 08:29:02.334738000,0.014738000,1
'2026-08-22 08:29:02.334752400,0.014752400,0
'2026-08-22 08:29:02.334755500,0.014755500,1
'2026-08-22 08:29:02.334755600,0.014755600,0
'2026-08-22 08:29:02.334764100,0.014764100,1
'2026-08-22 08:29:02.334778800,0.014778800,0
'2026-08-22 08:29:02.334790200,0.014790200,1
'2026-08-22 08:29:02.334804800,0.014804800,0
'2026-08-22 08:29:02.334816300,0.014816300,1
'2026-08-22 08:29:02.334830700,0.014830700,0
'2026-08-22 08:29:02.334842400,0.014842400,1
'2026-08-22 08:29:02.334857100,0.014857100,0
'2026-08-22 08:29:02.334857200,0.014857200,1
'2026-08-22 08:29:02.334857400,0.014857400,0
'2026-08-22 08:29:02.334866700,0.014866700,1
'2026-08-22 08:29:02.334866800,0.014866800,0
'2026-08-22 08:29:02.334868400,0.014868400,1
'2026-08-22 08:29:02.334882800,0.014882800,0
'2026-08-22 08:29:02.334894500,0.014894500,1
'2026-08-22 08:29:02.334909000,0.014909000,0
'2026-08-22 08:29:02.334909100,0.014909100,1
'2026-08-22 08:29:02.334909300,0.014909300,0
'2026-08-22 08:29:02.334920600,0.014920600,1
'2026-08-22 08:29:02.334935300,0.014935300,0
'2026-08-22 08:29:02.334935500,0.014935500,1
'2026-08-22 08:29:02.334935600,0.014935600,0
'2026-08-22 08:29:02.334946700,0.014946700,1
'2026-08-22 08:29:02.334961100,0.014961100,0
'2026-08-22 08:29:02.334972800,0.014972800,1
'2026-08-22 08:29:02.334987400,0.014987400,0
'2026-08-22 08:29:02.334987500,0.014987500,1
'2026-08-22 08:29:02.334987600,0.014987600,0
'2026-08-22 08:29:02.334998800,0.014998800,1
'2026-08-22 08:29:02.335013300,0.015013300,0
'2026-08-22 08:29:02.335024900,0.015024900,1
'2026-08-22 08:29:02.335039600,0.015039600,0
'2026-08-22 08:29:02.335051000,0.015051000,1
'2026-08-22 08:29:02.335065600,0.015065600,0
'2026-08-22 08:29:02.335065800,0.015065800,1
'2026-08-22 08:29:02.335065900,0.015065900,0
'2026-08-22 08:29:02.335068100,0.015068100,1
'2026-08-22 08:29:02.335068200,0.015068200,0
'2026-08-22 08:29:02.335077000,0.015077000,1
'2026-08-22 08:29:02.335091600,0.015091600,0
'2026-08-22 08:29:02.335097400,0.015097400,1
'2026-08-22 08:29:02.336316800,0.016316800,0
'2026-08-22 08:29:02.336328400,0.016328400,1
'2026-08-22 08:29:02.336343200,0.016343200,0
'2026-08-22 08:29:02.336344500,0.016344500,1
'2026-08-22 08:29:02.336344600,0.016344600,0
'2026-08-22 08:29:02.336345300,0.016345300,1
'2026-08-22 08:29:02.336345400,0.016345400,0
'2026-08-22 08:29:02.336354400,0.016354400,1
'2026-08-22 08:29:02.336368800,0.016368800,0
'2026-08-22 08:29:02.336380500,0.016380500,1
'2026-08-22 08:29:02.336395200,0.016395200,0
'2026-08-22 08:29:02.336395500,0.016395500,1
'2026-08-22 08:29:02.336395700,0.016395700,0
'2026-08-22 08:29:02.336406600,0.016406600,1
'2026-08-22 08:29:02.336421100,0.016421100,0
'2026-08-22 08:29:02.336432700,0.016432700,1
'2026-08-22 08:29:02.336447200,0.016447200,0
'2026-08-22 08:29:02.336456800,0.016456800,1
'2026-08-22 08:29:02.336456900,0.016456900,0
'2026-08-22 08:29:02.336458700,0.016458700,1
'2026-08-22 08:29:02.336473400,0.016473400,0
'2026-08-22 08:29:02.336484800,0.016484800,1
'2026-08-22 08:29:02.336499300,0.016499300,0
'2026-08-22 08:29:02.336510900,0.016510900,1
'2026-08-22 08:29:02.336525600,0.016525600,0
'2026-08-22 08:29:02.336525900,0.016525900,1
'2026-08-22 08:29:02.336526000,0.016526000,0
'2026-08-22 08:29:02.336537000,0.016537000,1
'2026-08-22 08:29:02.336551400,0.016551400,0
'2026-08-22 08:29:02.336563100,0.016563100,1
'2026-08-22 08:29:02.336577800,0.016577800,0
'2026-08-22 08:29:02.336578000,0.016578000,1
'2026-08-22 08:29:02.336578100,0.016578100,0
'2026-08-22 08:29:02.336589100,0.016589100,1
'2026-08-22 08:29:02.336603700,0.016603700,0
'2026-08-22 08:29:02.336615200,0.016615200,1
'2026-08-22 08:29:02.336629800,0.016629800,0
'2026-08-22 08:29:02.336629900,0.016629900,1
'2026-08-22 08:29:02.336630000,0.016630000,0
'2026-08-22 08:29:02.336641300,0.016641300,1
'2026-08-22 08:29:02.336656000,0.016656000,0
'2026-08-22 08:29:02.336656200,0.016656200,1
'2026-08-22 08:29:02.336656300,0.016656300,0
'2026-08-22 08:29:02.336667400,0.016667400,1
'2026-08-22 08:29:02.336682000,0.016682000,0
'2026-08-22 08:29:02.336693400,0.016693400,1
'2026-08-22 08:29:02.336708300,0.016708300,0
'2026-08-22 08:29:02.336711500,0.016711500,1
'2026-08-22 08:29:02.337133000,0.017133000,0
'2026-08-22 08:29:02.337136600,0.017136600,1
'2026-08-22 08:29:02.337151200,0.017151200,0
'2026-08-22 08:29:02.337162700,0.017162700,1
'2026-08-22 08:29:02.337177400,0.017177400,0
'2026-08-22 08:29:02.337188700,0.017188700,1
'2026-08-22 08:29:02.337203400,0.017203400,0
'2026-08-22 08:29:02.337214800,0.017214800,1
'2026-08-22 08:29:02.337229600,0.017229600,0
'2026-08-22 08:29:02.337229900,0.017229900,1
'2026-08-22 08:29:02.337230000,0.017230000,0
'2026-08-22 08:29:02.337236600,0.017236600,1
'2026-08-22 08:29:02.337236700,0.017236700,0
'2026-08-22 08:29:02.337240900,0.017240900,1
'2026-08-22 08:29:02.337255300,0.017255300,0
'2026-08-22 08:29:02.337267000,0.017267000,1
'2026-08-22 08:29:02.337281600,0.017281600,0
'2026-08-22 08:29:02.337293100,0.017293100,1
'2026-08-22 08:29:02.337307800,0.017307800,0
'2026-08-22 08:29:02.337319100,0.017319100,1
'2026-08-22 08:29:02.337333700,0.017333700,0
'2026-08-22 08:29:02.337345200,0.017345200,1
'2026-08-22 08:29:02.337359900,0.017359900,0
'2026-08-22 08:29:02.337360000,0.017360000,1
'2026-08-22 08:29:02.337360100,0.017360100,0
'2026-08-22 08:29:02.337371300,0.017371300,1
'2026-08-22 08:29:02.337386000,0.017386000,0
'2026-08-22 08:29:02.337397400,0.017397400,1
'2026-08-22 08:29:02.337411900,0.017411900,0
'2026-08-22 08:29:02.337423400,0.017423400,1
'2026-08-22 08:29:02.337438200,0.017438200,0
'2026-08-22 08:29:02.337449500,0.017449500,1
'2026-08-22 08:29:02.337464000,0.017464000,0
'2026-08-22 08:29:02.337464100,0.017464100,1
'2026-08-22 08:29:02.337464200,0.017464200,0
'2026-08-22 08:29:02.337475600,0.017475600,1
'2026-08-22 08:29:02.337490200,0.017490200,0
'2026-08-22 08:29:02.337501700,0.017501700,1
'2026-08-22 08:29:02.337516200,0.017516200,0
'2026-08-22 08:29:02.337527800,0.017527800,1
'2026-08-22 08:29:02.337959400,0.017959400,0
'2026-08-22 08:29:02.337959500,0.017959500,1
'2026-08-22 08:29:02.337959600,0.017959600,0
'2026-08-22 08:29:02.337970900,0.017970900,1
'2026-08-22 08:29:02.337985600,0.017985600,0
'2026-08-22 08:29:02.337997000,0.017997000,1
'2026-08-22 08:29:02.338011600,0.018011600,0
'2026-08-22 08:29:02.338023100,0.018023100,1
'2026-08-22 08:29:02.338037600,0.018037600,0
'2026-08-22 08:29:02.338048600,0.018048600,1
'2026-08-22 08:29:02.338048700,0.018048700,0
'2026-08-22 08:29:02.338049200,0.018049200,1
'2026-08-22 08:29:02.338063900,0.018063900,0
'2026-08-22 08:29:02.338075200,0.018075200,1
'2026-08-22 08:29:02.338089900,0.018089900,0
'2026-08-22 08:29:02.338101300,0.018101300,1
'2026-08-22 08:29:02.338116200,0.018116200,0
'2026-08-22 08:29:02.338116300,0.018116300,1
'2026-08-22 08:29:02.338116400,0.018116400,0
'2026-08-22 08:29:02.338127400,0.018127400,1
'2026-08-22 08:29:02.338141900,0.018141900,0
'2026-08-22 08:29:02.338153500,0.018153500,1
'2026-08-22 08:29:02.338168200,0.018168200,0
'2026-08-22 08:29:02.338179600,0.018179600,1
'2026-08-22 08:29:02.338194200,0.018194200,0
'2026-08-22 08:29:02.338205700,0.018205700,1
'2026-08-22 08:29:02.338220300,0.018220300,0
'2026-08-22 08:29:02.338222400,0.018222400,1
'2026-08-22 08:29:02.338222500,0.018222500,0
'2026-08-22 08:29:02.338225700,0.018225700,1
'2026-08-22 08:29:02.338225800,0.018225800,0
'2026-08-22 08:29:02.338231700,0.018231700,1
'2026-08-22 08:29:02.338246400,0.018246400,0
'2026-08-22 08:29:02.338257800,0.018257800,1
'2026-08-22 08:29:02.338272400,0.018272400,0
'2026-08-22 08:29:02.338283900,0.018283900,1
'2026-08-22 08:29:02.338298500,0.018298500,0
'2026-08-22 08:29:02.338309900,0.018309900,1
'2026-08-22 08:29:02.338324800,0.018324800,0
'2026-08-22 08:29:02.338336000,0.018336000,1
'2026-08-22 08:29:02.338350600,0.018350600,0
'2026-08-22 08:29:02.338357900,0.018357900,1
'2026-08-22 08:29:02.338793900,0.018793900,0
'2026-08-22 08:29:02.338805300,0.018805300,1
'2026-08-22 08:29:02.338819900,0.018819900,0
'2026-08-22 08:29:02.338830800,0.018830800,1
'2026-08-22 08:29:02.338830900,0.018830900,0
'2026-08-22 08:29:02.338831400,0.018831400,1
'2026-08-22 08:29:02.338846100,0.018846100,0
'2026-08-22 08:29:02.338846300,0.018846300,1
'2026-08-22 08:29:02.338846400,0.018846400,0
'2026-08-22 08:29:02.338846900,0.018846900,1
'2026-08-22 08:29:02.338847000,0.018847000,0
'2026-08-22 08:29:02.338857400,0.018857400,1
'2026-08-22 08:29:02.338872200,0.018872200,0
'2026-08-22 08:29:02.338883500,0.018883500,1
'2026-08-22 08:29:02.338898400,0.018898400,0
'2026-08-22 08:29:02.338909600,0.018909600,1
'2026-08-22 08:29:02.338924100,0.018924100,0
'2026-08-22 08:29:02.338928700,0.018928700,1
'2026-08-22 08:29:02.338928800,0.018928800,0
'2026-08-22 08:29:02.338935700,0.018935700,1
'2026-08-22 08:29:02.338950500,0.018950500,0
'2026-08-22 08:29:02.338961800,0.018961800,1
'2026-08-22 08:29:02.338976300,0.018976300,0
'2026-08-22 08:29:02.338987800,0.018987800,1
'2026-08-22 08:29:02.339002500,0.019002500,0
'2026-08-22 08:29:02.339013900,0.019013900,1
'2026-08-22 08:29:02.339028600,0.019028600,0
'2026-08-22 08:29:02.339038700,0.019038700,1
'2026-08-22 08:29:02.339038900,0.019038900,0
'2026-08-22 08:29:02.339040000,0.019040000,1
'2026-08-22 08:29:02.339054600,0.019054600,0
'2026-08-22 08:29:02.339066100,0.019066100,1
'2026-08-22 08:29:02.339080700,0.019080700,0
'2026-08-22 08:29:02.339092100,0.019092100,1
'2026-08-22 08:29:02.339106700,0.019106700,0
'2026-08-22 08:29:02.339118200,0.019118200,1
'2026-08-22 08:29:02.339132800,0.019132800,0
'2026-08-22 08:29:02.339144300,0.019144300,1
'2026-08-22 08:29:02.339159000,0.019159000,0
'2026-08-22 08:29:02.339170400,0.019170400,1
'2026-08-22 08:29:02.339185000,0.019185000,0
'2026-08-22 08:29:02.339188400,0.019188400,1
'2026-08-22 08:29:02.340392900,0.020392900,0
'2026-08-22 08:29:02.340395700,0.020395700,1
'2026-08-22 08:29:02.340410200,0.020410200,0
'2026-08-22 08:29:02.340421800,0.020421800,1
'2026-08-22 08:29:02.340436400,0.020436400,0
'2026-08-22 08:29:02.340447800,0.020447800,1
'2026-08-22 08:29:02.340462300,0.020462300,0
'2026-08-22 08:29:02.340473900,0.020473900,1
'2026-08-22 08:29:02.340488400,0.020488400,0
'2026-08-22 08:29:02.340500000,0.020500000,1
'2026-08-22 08:29:02.340514600,0.020514600,0
'2026-08-22 08:29:02.340526100,0.020526100,1
'2026-08-22 08:29:02.340540600,0.020540600,0
'2026-08-22 08:29:02.340552100,0.020552100,1
'2026-08-22 08:29:02.340566800,0.020566800,0
'2026-08-22 08:29:02.340567100,0.020567100,1
'2026-08-22 08:29:02.340567200,0.020567200,0
'2026-08-22 08:29:02.340578200,0.020578200,1
'2026-08-22 08:29:02.340592600,0.020592600,0
'2026-08-22 08:29:02.340604300,0.020604300,1
'2026-08-22 08:29:02.340618900,0.020618900,0
'2026-08-22 08:29:02.340619000,0.020619000,1
'2026-08-22 08:29:02.340619200,0.020619200,0
'2026-08-22 08:29:02.340630400,0.020630400,1
'2026-08-22 08:29:02.340644900,0.020644900,0
'2026-08-22 08:29:02.340656400,0.020656400,1
'2026-08-22 08:29:02.340671000,0.020671000,0
'2026-08-22 08:29:02.340671100,0.020671100,1
'2026-08-22 08:29:02.340671200,0.020671200,0
'2026-08-22 08:29:02.340682500,0.020682500,1
'2026-08-22 08:29:02.340697600,0.020697600,0
'2026-08-22 08:29:02.340708600,0.020708600,1
'2026-08-22 08:29:02.340723200,0.020723200,0
'2026-08-22 08:29:02.340728500,0.020728500,1
'2026-08-22 08:29:02.340728600,0.020728600,0
'2026-08-22 08:29:02.340734700,0.020734700,1
'2026-08-22 08:29:02.340749600,0.020749600,0
'2026-08-22 08:29:02.340760500,0.020760500,1
'2026-08-22 08:29:02.340760600,0.020760600,0
'2026-08-22 08:29:02.340760800,0.020760800,1
'2026-08-22 08:29:02.340775200,0.020775200,0
'2026-08-22 08:29:02.340778700,0.020778700,1
'2026-08-22 08:29:02.340778800,0.020778800,0
'2026-08-22 08:29:02.340786800,0.020786800,1
'2026-08-22 08:29:02.340801500,0.020801500,0
'2026-08-22 08:29:02.340802200,0.020802200,1
'2026-08-22 08:29:02.342026800,0.022026800,0
'2026-08-22 08:29:02.342038200,0.022038200,1
'2026-08-22 08:29:02.342053000,0.022053000,0
'2026-08-22 08:29:02.342064300,0.022064300,1
'2026-08-22 08:29:02.342078800,0.022078800,0
'2026-08-22 08:29:02.342090300,0.022090300,1
'2026-08-22 08:29:02.342105000,0.022105000,0
'2026-08-22 08:29:02.342116400,0.022116400,1
'2026-08-22 08:29:02.342130900,0.022130900,0
'2026-08-22 08:29:02.342134900,0.022134900,1
'2026-08-22 08:29:02.342135000,0.022135000,0
'2026-08-22 08:29:02.342142500,0.022142500,1
'2026-08-22 08:29:02.342157200,0.022157200,0
'2026-08-22 08:29:02.342168600,0.022168600,1
'2026-08-22 08:29:02.342183300,0.022183300,0
'2026-08-22 08:29:02.342185500,0.022185500,1
'2026-08-22 08:29:02.342185600,0.022185600,0
'2026-08-22 08:29:02.342194700,0.022194700,1
'2026-08-22 08:29:02.342209200,0.022209200,0
'2026-08-22 08:29:02.342220700,0.022220700,1
'2026-08-22 08:29:02.342235600,0.022235600,0
'2026-08-22 08:29:02.342246800,0.022246800,1
'2026-08-22 08:29:02.342261400,0.022261400,0
'2026-08-22 08:29:02.342272900,0.022272900,1
'2026-08-22 08:29:02.342287700,0.022287700,0
'2026-08-22 08:29:02.342287800,0.022287800,1
'2026-08-22 08:29:02.342287900,0.022287900,0
'2026-08-22 08:29:02.342299000,0.022299000,1
'2026-08-22 08:29:02.342313500,0.022313500,0
'2026-08-22 08:29:02.342313600,0.022313600,1
'2026-08-22 08:29:02.342313700,0.022313700,0
'2026-08-22 08:29:02.342325100,0.022325100,1
'2026-08-22 08:29:02.342339700,0.022339700,0
'2026-08-22 08:29:02.342351100,0.022351100,1
'2026-08-22 08:29:02.342365800,0.022365800,0
'2026-08-22 08:29:02.342367300,0.022367300,1
'2026-08-22 08:29:02.342367400,0.022367400,0
'2026-08-22 08:29:02.342377200,0.022377200,1
'2026-08-22 08:29:02.342391800,0.022391800,0
'2026-08-22 08:29:02.342403300,0.022403300,1
'2026-08-22 08:29:02.342837800,0.022837800,0
'2026-08-22 08:29:02.342837900,0.022837900,1
'2026-08-22 08:29:02.342838000,0.022838000,0
'2026-08-22 08:29:02.342838100,0.022838100,1
'2026-08-22 08:29:02.342838200,0.022838200,0
'2026-08-22 08:29:02.342846500,0.022846500,1
'2026-08-22 08:29:02.342861100,0.022861100,0
'2026-08-22 08:29:02.342872600,0.022872600,1
'2026-08-22 08:29:02.342887200,0.022887200,0
'2026-08-22 08:29:02.342887300,0.022887300,1
'2026-08-22 08:29:02.342887400,0.022887400,0
'2026-08-22 08:29:02.342898600,0.022898600,1
'2026-08-22 08:29:02.342913200,0.022913200,0
'2026-08-22 08:29:02.342924700,0.022924700,1
'2026-08-22 08:29:02.342939400,0.022939400,0
'2026-08-22 08:29:02.342939700,0.022939700,1
'2026-08-22 08:29:02.342939800,0.022939800,0
'2026-08-22 08:29:02.342950800,0.022950800,1
'2026-08-22 08:29:02.342965500,0.022965500,0
'2026-08-22 08:29:02.342976900,0.022976900,1
'2026-08-22 08:29:02.342991400,0.022991400,0
'2026-08-22 08:29:02.343003000,0.023003000,1
'2026-08-22 08:29:02.343017600,0.023017600,0
'2026-08-22 08:29:02.343029000,0.023029000,1
'2026-08-22 08:29:02.343043800,0.023043800,0
'2026-08-22 08:29:02.343055100,0.023055100,1
'2026-08-22 08:29:02.343069600,0.023069600,0
'2026-08-22 08:29:02.343069700,0.023069700,1
'2026-08-22 08:29:02.343070100,0.023070100,0
'2026-08-22 08:29:02.343081200,0.023081200,1
'2026-08-22 08:29:02.343095800,0.023095800,0
'2026-08-22 08:29:02.343107300,0.023107300,1
'2026-08-22 08:29:02.343122000,0.023122000,0
'2026-08-22 08:29:02.343133400,0.023133400,1
'2026-08-22 08:29:02.343148100,0.023148100,0
'2026-08-22 08:29:02.343153500,0.023153500,1
'2026-08-22 08:29:02.343153600,0.023153600,0
'2026-08-22 08:29:02.343159400,0.023159400,1
'2026-08-22 08:29:02.343174100,0.023174100,0
'2026-08-22 08:29:02.343185500,0.023185500,1
'2026-08-22 08:29:02.343200300,0.023200300,0
'2026-08-22 08:29:02.343211600,0.023211600,1
'2026-08-22 08:29:02.343226200,0.023226200,0
'2026-08-22 08:29:02.343226300,0.023226300,1
'2026-08-22 08:29:02.343226400,0.023226400,0
'2026-08-22 08:29:02.343237700,0.023237700,1
'2026-08-22 08:29:02.343669300,0.023669300,0
'2026-08-22 08:29:02.343680900,0.023680900,1
'2026-08-22 08:29:02.343695800,0.023695800,0
'2026-08-22 08:29:02.343707000,0.023707000,1
'2026-08-22 08:29:02.343721600,0.023721600,0
'2026-08-22 08:29:02.343733100,0.023733100,1
'2026-08-22 08:29:02.343747800,0.023747800,0
'2026-08-22 08:29:02.343759100,0.023759100,1
'2026-08-22 08:29:02.343773800,0.023773800,0
'2026-08-22 08:29:02.343777500,0.023777500,1
'2026-08-22 08:29:02.343777600,0.023777600,0
'2026-08-22 08:29:02.343785200,0.023785200,1
'2026-08-22 08:29:02.343799800,0.023799800,0
'2026-08-22 08:29:02.343811300,0.023811300,1
'2026-08-22 08:29:02.343826100,0.023826100,0
'2026-08-22 08:29:02.343837400,0.023837400,1
'2026-08-22 08:29:02.343852000,0.023852000,0
'2026-08-22 08:29:02.343853400,0.023853400,1
'2026-08-22 08:29:02.343853500,0.023853500,0
'2026-08-22 08:29:02.343856500,0.023856500,1
'2026-08-22 08:29:02.343856600,0.023856600,0
'2026-08-22 08:29:02.343863500,0.023863500,1
'2026-08-22 08:29:02.343878200,0.023878200,0
'2026-08-22 08:29:02.343889500,0.023889500,1
'2026-08-22 08:29:02.343904400,0.023904400,0
'2026-08-22 08:29:02.343915600,0.023915600,1
'2026-08-22 08:29:02.343930200,0.023930200,0
'2026-08-22 08:29:02.343938800,0.023938800,1
'2026-08-22 08:29:02.343938900,0.023938900,0
'2026-08-22 08:29:02.343941700,0.023941700,1
'2026-08-22 08:29:02.343956500,0.023956500,0
'2026-08-22 08:29:02.343967800,0.023967800,1
'2026-08-22 08:29:02.343982400,0.023982400,0
'2026-08-22 08:29:02.343993900,0.023993900,1
'2026-08-22 08:29:02.344008600,0.024008600,0
'2026-08-22 08:29:02.344008700,0.024008700,1
'2026-08-22 08:29:02.344008800,0.024008800,0
'2026-08-22 08:29:02.344019900,0.024019900,1
'2026-08-22 08:29:02.344034700,0.024034700,0
'2026-08-22 08:29:02.344046000,0.024046000,1
'2026-08-22 08:29:02.344060600,0.024060600,0
'2026-08-22 08:29:02.344062900,0.024062900,1
'2026-08-22 08:29:02.344484600,0.024484600,0
'2026-08-22 08:29:02.344489200,0.024489200,1
'2026-08-22 08:29:02.344503700,0.024503700,0
'2026-08-22 08:29:02.344515300,0.024515300,1
'2026-08-22 08:29:02.344530200,0.024530200,0
'2026-08-22 08:29:02.344541400,0.024541400,1
'2026-08-22 08:29:02.344555900,0.024555900,0
'2026-08-22 08:29:02.344567400,0.024567400,1
'2026-08-22 08:29:02.344582200,0.024582200,0
'2026-08-22 08:29:02.344593500,0.024593500,1
'2026-08-22 08:29:02.344608400,0.024608400,0
'2026-08-22 08:29:02.344608900,0.024608900,1
'2026-08-22 08:29:02.344609000,0.024609000,0
'2026-08-22 08:29:02.344619600,0.024619600,1
'2026-08-22 08:29:02.344634200,0.024634200,0
'2026-08-22 08:29:02.344645700,0.024645700,1
'2026-08-22 08:29:02.344661100,0.024661100,0
'2026-08-22 08:29:02.344661300,0.024661300,1
'2026-08-22 08:29:02.344661500,0.024661500,0
'2026-08-22 08:29:02.344671400,0.024671400,1
'2026-08-22 08:29:02.344671500,0.024671500,0
'2026-08-22 08:29:02.344671800,0.024671800,1
'2026-08-22 08:29:02.344686200,0.024686200,0
'2026-08-22 08:29:02.344690700,0.024690700,1
'2026-08-22 08:29:02.344690800,0.024690800,0
'2026-08-22 08:29:02.344691200,0.024691200,1
'2026-08-22 08:29:02.344691400,0.024691400,0
'2026-08-22 08:29:02.344697900,0.024697900,1
'2026-08-22 08:29:02.344712700,0.024712700,0
'2026-08-22 08:29:02.344712900,0.024712900,1
'2026-08-22 08:29:02.344713000,0.024713000,0
'2026-08-22 08:29:02.344723900,0.024723900,1
'2026-08-22 08:29:02.344738500,0.024738500,0
'2026-08-22 08:29:02.344750000,0.024750000,1
'2026-08-22 08:29:02.344764700,0.024764700,0
'2026-08-22 08:29:02.344776100,0.024776100,1
'2026-08-22 08:29:02.344790700,0.024790700,0
'2026-08-22 08:29:02.344802200,0.024802200,1
'2026-08-22 08:29:02.344816600,0.024816600,0
'2026-08-22 08:29:02.344819300,0.024819300,1
'2026-08-22 08:29:02.344819400,0.024819400,0
'2026-08-22 08:29:02.344820900,0.024820900,1
'2026-08-22 08:29:02.344821000,0.024821000,0
'2026-08-22 08:29:02.344822100,0.024822100,1
'2026-08-22 08:29:02.344822200,0.024822200,0
'2026-08-22 08:29:02.344828300,0.024828300,1
'2026-08-22 08:29:02.344843300,0.024843300,0
'2026-08-22 08:29:02.344852500,0.024852500,1
'2026-08-22 08:29:02.344852600,0.024852600,0
'2026-08-22 08:29:02.344854400,0.024854400,1
'2026-08-22 08:29:02.344869000,0.024869000,0
'2026-08-22 08:29:02.344880400,0.024880400,1
'2026-08-22 08:29:02.345312300,0.025312300,0
'2026-08-22 08:29:02.345323600,0.025323600,1
'2026-08-22 08:29:02.345338200,0.025338200,0
'2026-08-22 08:29:02.345349700,0.025349700,1
'2026-08-22 08:29:02.345364500,0.025364500,0
'2026-08-22 08:29:02.345364900,0.025364900,1
'2026-08-22 08:29:02.345365000,0.025365000,0
'2026-08-22 08:29:02.345375800,0.025375800,1
'2026-08-22 08:29:02.345390400,0.025390400,0
'2026-08-22 08:29:02.345395800,0.025395800,1
'2026-08-22 08:29:02.345395900,0.025395900,0
'2026-08-22 08:29:02.345401900,0.025401900,1
'2026-08-22 08:29:02.345416900,0.025416900,0
'2026-08-22 08:29:02.345428000,0.025428000,1
'2026-08-22 08:29:02.345442600,0.025442600,0
'2026-08-22 08:29:02.345444200,0.025444200,1
'2026-08-22 08:29:02.345444300,0.025444300,0
'2026-08-22 08:29:02.345445300,0.025445300,1
'2026-08-22 08:29:02.345445400,0.025445400,0
'2026-08-22 08:29:02.345454000,0.025454000,1
'2026-08-22 08:29:02.345468500,0.025468500,0
'2026-08-22 08:29:02.345474600,0.025474600,1
'2026-08-22 08:29:02.345474700,0.025474700,0
'2026-08-22 08:29:02.345474900,0.025474900,1
'2026-08-22 08:29:02.345475000,0.025475000,0
'2026-08-22 08:29:02.345475100,0.025475100,1
'2026-08-22 08:29:02.345475300,0.025475300,0
'2026-08-22 08:29:02.345475600,0.025475600,1
'2026-08-22 08:29:02.345475800,0.025475800,0
'2026-08-22 08:29:02.345480100,0.025480100,1
'2026-08-22 08:29:02.345495400,0.025495400,0
'2026-08-22 08:29:02.345495500,0.025495500,1
'2026-08-22 08:29:02.345495800,0.025495800,0
'2026-08-22 08:29:02.345496000,0.025496000,1
'2026-08-22 08:29:02.345496100,0.025496100,0
'2026-08-22 08:29:02.345496200,0.025496200,1
'2026-08-22 08:29:02.345496300,0.025496300,0
'2026-08-22 08:29:02.345496800,0.025496800,1
'2026-08-22 08:29:02.345496900,0.025496900,0
'2026-08-22 08:29:02.345505500,0.025505500,1
'2026-08-22 08:29:02.345505600,0.025505600,0
'2026-08-22 08:29:02.345506200,0.025506200,1
'2026-08-22 08:29:02.345520600,0.025520600,0
'2026-08-22 08:29:02.345526000,0.025526000,1
'2026-08-22 08:29:02.345526300,0.025526300,0
'2026-08-22 08:29:02.345526500,0.025526500,1
'2026-08-22 08:29:02.345526600,0.025526600,0
'2026-08-22 08:29:02.345527100,0.025527100,1
'2026-08-22 08:29:02.345527200,0.025527200,0
'2026-08-22 08:29:02.345532300,0.025532300,1
'2026-08-22 08:29:02.345547200,0.025547200,0
'2026-08-22 08:29:02.345547300,0.025547300,1
'2026-08-22 08:29:02.345547400,0.025547400,0
'2026-08-22 08:29:02.345547600,0.025547600,1
'2026-08-22 08:29:02.345547700,0.025547700,0
'2026-08-22 08:29:02.345558400,0.025558400,1
'2026-08-22 08:29:02.345572900,0.025572900,0
'2026-08-22 08:29:02.345584400,0.025584400,1
'2026-08-22 08:29:02.345599100,0.025599100,0
'2026-08-22 08:29:02.345602500,0.025602500,1
'2026-08-22 08:29:02.345602600,0.025602600,0
'2026-08-22 08:29:02.345610500,0.025610500,1
'2026-08-22 08:29:02.345625500,0.025625500,0
'2026-08-22 08:29:02.345625800,0.025625800,1
'2026-08-22 08:29:02.345625900,0.025625900,0
'2026-08-22 08:29:02.345626400,0.025626400,1
'2026-08-22 08:29:02.345626500,0.025626500,0
'2026-08-22 08:29:02.345636600,0.025636600,1
'2026-08-22 08:29:02.345651200,0.025651200,0
'2026-08-22 08:29:02.345662700,0.025662700,1
'2026-08-22 08:29:02.345677600,0.025677600,0
'2026-08-22 08:29:02.345688800,0.025688800,1
'2026-08-22 08:29:02.345703700,0.025703700,0
'2026-08-22 08:29:02.345714900,0.025714900,1
'2026-08-22 08:29:02.346131400,0.026131400,0
'2026-08-22 08:29:02.346131500,0.026131500,1
'2026-08-22 08:29:02.346131600,0.026131600,0
'2026-08-22 08:29:02.346132000,0.026132000,1
'2026-08-22 08:29:02.346146500,0.026146500,0
'2026-08-22 08:29:02.346158100,0.026158100,1
'2026-08-22 08:29:02.346172800,0.026172800,0
'2026-08-22 08:29:02.346184100,0.026184100,1
'2026-08-22 08:29:02.346199100,0.026199100,0
'2026-08-22 08:29:02.346210200,0.026210200,1
'2026-08-22 08:29:02.346224800,0.026224800,0
'2026-08-22 08:29:02.346236300,0.026236300,1
'2026-08-22 08:29:02.346251300,0.026251300,0
'2026-08-22 08:29:02.346262400,0.026262400,1
'2026-08-22 08:29:02.346276800,0.026276800,0
'2026-08-22 08:29:02.346277500,0.026277500,1
'2026-08-22 08:29:02.346277600,0.026277600,0
'2026-08-22 08:29:02.346288500,0.026288500,1
'2026-08-22 08:29:02.346303100,0.026303100,0
'2026-08-22 08:29:02.346314600,0.026314600,1
'2026-08-22 08:29:02.346329300,0.026329300,0
'2026-08-22 08:29:02.346340600,0.026340600,1
'2026-08-22 08:29:02.346355200,0.026355200,0
'2026-08-22 08:29:02.346366700,0.026366700,1
'2026-08-22 08:29:02.346381500,0.026381500,0
'2026-08-22 08:29:02.346381900,0.026381900,1
'2026-08-22 08:29:02.346382000,0.026382000,0
'2026-08-22 08:29:02.346392800,0.026392800,1
'2026-08-22 08:29:02.346407400,0.026407400,0
'2026-08-22 08:29:02.346407500,0.026407500,1
'2026-08-22 08:29:02.346407600,0.026407600,0
'2026-08-22 08:29:02.346408300,0.026408300,1
'2026-08-22 08:29:02.346408400,0.026408400,0
'2026-08-22 08:29:02.346411500,0.026411500,1
'2026-08-22 08:29:02.346411700,0.026411700,0
'2026-08-22 08:29:02.346418900,0.026418900,1
'2026-08-22 08:29:02.346433800,0.026433800,0
'2026-08-22 08:29:02.346435500,0.026435500,1
'2026-08-22 08:29:02.346435600,0.026435600,0
'2026-08-22 08:29:02.346445000,0.026445000,1
'2026-08-22 08:29:02.346459600,0.026459600,0
'2026-08-22 08:29:02.346459700,0.026459700,1
'2026-08-22 08:29:02.346459800,0.026459800,0
'2026-08-22 08:29:02.346461200,0.026461200,1
'2026-08-22 08:29:02.346461300,0.026461300,0
'2026-08-22 08:29:02.346471000,0.026471000,1
'2026-08-22 08:29:02.346485600,0.026485600,0
'2026-08-22 08:29:02.346497100,0.026497100,1
'2026-08-22 08:29:02.346511900,0.026511900,0
'2026-08-22 08:29:02.346523200,0.026523200,1
'2026-08-22 08:29:02.346537900,0.026537900,0
'2026-08-22 08:29:02.346540500,0.026540500,1
'2026-08-22 08:29:02.346955300,0.026955300,0
'2026-08-22 08:29:02.346955500,0.026955500,1
'2026-08-22 08:29:02.346955600,0.026955600,0
'2026-08-22 08:29:02.346966400,0.026966400,1
'2026-08-22 08:29:02.346980800,0.026980800,0
'2026-08-22 08:29:02.346992500,0.026992500,1
'2026-08-22 08:29:02.347007200,0.027007200,0
'2026-08-22 08:29:02.347007500,0.027007500,1
'2026-08-22 08:29:02.347007600,0.027007600,0
'2026-08-22 08:29:02.347008800,0.027008800,1
'2026-08-22 08:29:02.347008900,0.027008900,0
'2026-08-22 08:29:02.347018600,0.027018600,1
'2026-08-22 08:29:02.347033200,0.027033200,0
'2026-08-22 08:29:02.347044600,0.027044600,1
'2026-08-22 08:29:02.347059100,0.027059100,0
'2026-08-22 08:29:02.347065300,0.027065300,1
'2026-08-22 08:29:02.347065400,0.027065400,0
'2026-08-22 08:29:02.347070700,0.027070700,1
'2026-08-22 08:29:02.347085400,0.027085400,0
'2026-08-22 08:29:02.347085500,0.027085500,1
'2026-08-22 08:29:02.347085600,0.027085600,0
'2026-08-22 08:29:02.347094900,0.027094900,1
'2026-08-22 08:29:02.347095000,0.027095000,0
'2026-08-22 08:29:02.347096800,0.027096800,1
'2026-08-22 08:29:02.347111400,0.027111400,0
'2026-08-22 08:29:02.347122900,0.027122900,1
'2026-08-22 08:29:02.347137400,0.027137400,0
'2026-08-22 08:29:02.347137500,0.027137500,1
'2026-08-22 08:29:02.347137600,0.027137600,0
'2026-08-22 08:29:02.347149000,0.027149000,1
'2026-08-22 08:29:02.347163500,0.027163500,0
'2026-08-22 08:29:02.347175000,0.027175000,1
'2026-08-22 08:29:02.347189800,0.027189800,0
'2026-08-22 08:29:02.347201100,0.027201100,1
'2026-08-22 08:29:02.347216000,0.027216000,0
'2026-08-22 08:29:02.347216100,0.027216100,1
'2026-08-22 08:29:02.347216200,0.027216200,0
'2026-08-22 08:29:02.347227200,0.027227200,1
'2026-08-22 08:29:02.347241900,0.027241900,0
'2026-08-22 08:29:02.347253300,0.027253300,1
'2026-08-22 08:29:02.347268200,0.027268200,0
'2026-08-22 08:29:02.347279400,0.027279400,1
'2026-08-22 08:29:02.347294200,0.027294200,0
'2026-08-22 08:29:02.347305400,0.027305400,1
'2026-08-22 08:29:02.347320200,0.027320200,0
'2026-08-22 08:29:02.347331500,0.027331500,1
'2026-08-22 08:29:02.347346100,0.027346100,0
'2026-08-22 08:29:02.347357600,0.027357600,1
'2026-08-22 08:29:02.347789500,0.027789500,0
'2026-08-22 08:29:02.347789900,0.027789900,1
'2026-08-22 08:29:02.347790000,0.027790000,0
'2026-08-22 08:29:02.347800800,0.027800800,1
'2026-08-22 08:29:02.347815300,0.027815300,0
'2026-08-22 08:29:02.347826900,0.027826900,1
'2026-08-22 08:29:02.347841500,0.027841500,0
'2026-08-22 08:29:02.347853000,0.027853000,1
'2026-08-22 08:29:02.347867700,0.027867700,0
'2026-08-22 08:29:02.347868700,0.027868700,1
'2026-08-22 08:29:02.347868800,0.027868800,0
'2026-08-22 08:29:02.347879100,0.027879100,1
'2026-08-22 08:29:02.347893600,0.027893600,0
'2026-08-22 08:29:02.347905100,0.027905100,1
'2026-08-22 08:29:02.347919900,0.027919900,0
'2026-08-22 08:29:02.347921400,0.027921400,1
'2026-08-22 08:29:02.347921500,0.027921500,0
'2026-08-22 08:29:02.347931200,0.027931200,1
'2026-08-22 08:29:02.347946000,0.027946000,0
'2026-08-22 08:29:02.347947600,0.027947600,1
'2026-08-22 08:29:02.347947700,0.027947700,0
'2026-08-22 08:29:02.347957300,0.027957300,1
'2026-08-22 08:29:02.347971800,0.027971800,0
'2026-08-22 08:29:02.347983400,0.027983400,1
'2026-08-22 08:29:02.347998100,0.027998100,0
'2026-08-22 08:29:02.348009500,0.028009500,1
'2026-08-22 08:29:02.348024100,0.028024100,0
'2026-08-22 08:29:02.348034600,0.028034600,1
'2026-08-22 08:29:02.348034700,0.028034700,0
'2026-08-22 08:29:02.348035500,0.028035500,1
'2026-08-22 08:29:02.348050100,0.028050100,0
'2026-08-22 08:29:02.348061600,0.028061600,1
'2026-08-22 08:29:02.348076300,0.028076300,0
'2026-08-22 08:29:02.348087700,0.028087700,1
'2026-08-22 08:29:02.348102400,0.028102400,0
'2026-08-22 08:29:02.348102500,0.028102500,1
'2026-08-22 08:29:02.348102600,0.028102600,0
'2026-08-22 08:29:02.348113800,0.028113800,1
'2026-08-22 08:29:02.348128400,0.028128400,0
'2026-08-22 08:29:02.348128700,0.028128700,1
'2026-08-22 08:29:02.348128900,0.028128900,0
'2026-08-22 08:29:02.348139800,0.028139800,1
'2026-08-22 08:29:02.348154400,0.028154400,0
'2026-08-22 08:29:02.348154500,0.028154500,1
'2026-08-22 08:29:02.348154600,0.028154600,0
'2026-08-22 08:29:02.348165900,0.028165900,1
'2026-08-22 08:29:02.348180600,0.028180600,0
'2026-08-22 08:29:02.348187000,0.028187000,1
'2026-08-22 08:29:02.348601200,0.028601200,0
'2026-08-22 08:29:02.348609100,0.028609100,1
'2026-08-22 08:29:02.348623900,0.028623900,0
'2026-08-22 08:29:02.348624300,0.028624300,1
'2026-08-22 08:29:02.348624400,0.028624400,0
'2026-08-22 08:29:02.348635200,0.028635200,1
'2026-08-22 08:29:02.348649800,0.028649800,0
'2026-08-22 08:29:02.348661300,0.028661300,1
'2026-08-22 08:29:02.348676000,0.028676000,0
'2026-08-22 08:29:02.348687400,0.028687400,1
'2026-08-22 08:29:02.348702000,0.028702000,0
'2026-08-22 08:29:02.348713500,0.028713500,1
'2026-08-22 08:29:02.348728100,0.028728100,0
'2026-08-22 08:29:02.348739500,0.028739500,1
'2026-08-22 08:29:02.348754200,0.028754200,0
'2026-08-22 08:29:02.348765600,0.028765600,1
'2026-08-22 08:29:02.348780500,0.028780500,0
'2026-08-22 08:29:02.348783900,0.028783900,1
'2026-08-22 08:29:02.348784000,0.028784000,0
'2026-08-22 08:29:02.348791700,0.028791700,1
'2026-08-22 08:29:02.348806300,0.028806300,0
'2026-08-22 08:29:02.348812500,0.028812500,1
'2026-08-22 08:29:02.348812600,0.028812600,0
'2026-08-22 08:29:02.348817800,0.028817800,1
'2026-08-22 08:29:02.348832400,0.028832400,0
'2026-08-22 08:29:02.348832500,0.028832500,1
'2026-08-22 08:29:02.348832600,0.028832600,0
'2026-08-22 08:29:02.348834100,0.028834100,1
'2026-08-22 08:29:02.348834200,0.028834200,0
'2026-08-22 08:29:02.348843900,0.028843900,1
'2026-08-22 08:29:02.348858500,0.028858500,0
'2026-08-22 08:29:02.348869900,0.028869900,1
'2026-08-22 08:29:02.348884800,0.028884800,0
'2026-08-22 08:29:02.348884900,0.028884900,1
'2026-08-22 08:29:02.348885000,0.028885000,0
'2026-08-22 08:29:02.348896000,0.028896000,1
'2026-08-22 08:29:02.348910600,0.028910600,0
'2026-08-22 08:29:02.348922100,0.028922100,1
'2026-08-22 08:29:02.348936800,0.028936800,0
'2026-08-22 08:29:02.348936900,0.028936900,1
'2026-08-22 08:29:02.348937000,0.028937000,0
'2026-08-22 08:29:02.348937100,0.028937100,1
'2026-08-22 08:29:02.348937200,0.028937200,0
'2026-08-22 08:29:02.348948200,0.028948200,1
'2026-08-22 08:29:02.348962800,0.028962800,0
'2026-08-22 08:29:02.348974300,0.028974300,1
'2026-08-22 08:29:02.348988800,0.028988800,0
'2026-08-22 08:29:02.348988900,0.028988900,1
'2026-08-22 08:29:02.348989000,0.028989000,0
'2026-08-22 08:29:02.348996800,0.028996800,1
'2026-08-22 08:29:02.348996900,0.028996900,0
'2026-08-22 08:29:02.349000300,0.029000300,1
'2026-08-22 08:29:02.349432000,0.029432000,0
'2026-08-22 08:29:02.349443500,0.029443500,1
'2026-08-22 08:29:02.349458200,0.029458200,0
'2026-08-22 08:29:02.349469600,0.029469600,1
'2026-08-22 08:29:02.349484400,0.029484400,0
'2026-08-22 08:29:02.349487300,0.029487300,1
'2026-08-22 08:29:02.349487400,0.029487400,0
'2026-08-22 08:29:02.349495700,0.029495700,1
'2026-08-22 08:29:02.349510200,0.029510200,0
'2026-08-22 08:29:02.349521800,0.029521800,1
'2026-08-22 08:29:02.349536600,0.029536600,0
'2026-08-22 08:29:02.349547800,0.029547800,1
'2026-08-22 08:29:02.349562400,0.029562400,0
'2026-08-22 08:29:02.349573900,0.029573900,1
'2026-08-22 08:29:02.349588600,0.029588600,0
'2026-08-22 08:29:02.349600000,0.029600000,1
'2026-08-22 08:29:02.349614700,0.029614700,0
'2026-08-22 08:29:02.349626100,0.029626100,1
'2026-08-22 08:29:02.349640700,0.029640700,0
'2026-08-22 08:29:02.349640900,0.029640900,1
'2026-08-22 08:29:02.349641000,0.029641000,0
'2026-08-22 08:29:02.349652200,0.029652200,1
'2026-08-22 08:29:02.349666800,0.029666800,0
'2026-08-22 08:29:02.349678300,0.029678300,1
'2026-08-22 08:29:02.349692800,0.029692800,0
'2026-08-22 08:29:02.349692900,0.029692900,1
'2026-08-22 08:29:02.349693000,0.029693000,0
'2026-08-22 08:29:02.349699500,0.029699500,1
'2026-08-22 08:29:02.349699600,0.029699600,0
'2026-08-22 08:29:02.349704300,0.029704300,1
'2026-08-22 08:29:02.349719200,0.029719200,0
'2026-08-22 08:29:02.349730400,0.029730400,1
'2026-08-22 08:29:02.349745000,0.029745000,0
'2026-08-22 08:29:02.349746600,0.029746600,1
'2026-08-22 08:29:02.349746700,0.029746700,0
'2026-08-22 08:29:02.349756500,0.029756500,1
'2026-08-22 08:29:02.349771200,0.029771200,0
'2026-08-22 08:29:02.349782600,0.029782600,1
'2026-08-22 08:29:02.349797200,0.029797200,0
'2026-08-22 08:29:02.349808700,0.029808700,1
'2026-08-22 08:29:02.349823300,0.029823300,0
'2026-08-22 08:29:02.349833600,0.029833600,1
'2026-08-22 08:29:02.350247600,0.030247600,0
'2026-08-22 08:29:02.350251900,0.030251900,1
'2026-08-22 08:29:02.350266400,0.030266400,0
'2026-08-22 08:29:02.350267300,0.030267300,1
'2026-08-22 08:29:02.350267400,0.030267400,0
'2026-08-22 08:29:02.350277900,0.030277900,1
'2026-08-22 08:29:02.350292700,0.030292700,0
'2026-08-22 08:29:02.350304000,0.030304000,1
'2026-08-22 08:29:02.350318600,0.030318600,0
'2026-08-22 08:29:02.350330100,0.030330100,1
'2026-08-22 08:29:02.350344800,0.030344800,0
'2026-08-22 08:29:02.350356200,0.030356200,1
'2026-08-22 08:29:02.350370800,0.030370800,0
'2026-08-22 08:29:02.350372500,0.030372500,1
'2026-08-22 08:29:02.350372600,0.030372600,0
'2026-08-22 08:29:02.350382300,0.030382300,1
'2026-08-22 08:29:02.350396800,0.030396800,0
'2026-08-22 08:29:02.350408300,0.030408300,1
'2026-08-22 08:29:02.350423200,0.030423200,0
'2026-08-22 08:29:02.350423300,0.030423300,1
'2026-08-22 08:29:02.350423400,0.030423400,0
'2026-08-22 08:29:02.350434400,0.030434400,1
'2026-08-22 08:29:02.350449000,0.030449000,0
'2026-08-22 08:29:02.350460500,0.030460500,1
'2026-08-22 08:29:02.350475200,0.030475200,0
'2026-08-22 08:29:02.350475300,0.030475300,1
'2026-08-22 08:29:02.350475400,0.030475400,0
'2026-08-22 08:29:02.350486600,0.030486600,1
'2026-08-22 08:29:02.350501200,0.030501200,0
'2026-08-22 08:29:02.350501300,0.030501300,1
'2026-08-22 08:29:02.350501400,0.030501400,0
'2026-08-22 08:29:02.350512700,0.030512700,1
'2026-08-22 08:29:02.350527200,0.030527200,0
'2026-08-22 08:29:02.350527300,0.030527300,1
'2026-08-22 08:29:02.350527400,0.030527400,0
'2026-08-22 08:29:02.350538700,0.030538700,1
'2026-08-22 08:29:02.350553800,0.030553800,0
'2026-08-22 08:29:02.350563500,0.030563500,1
'2026-08-22 08:29:02.350563600,0.030563600,0
'2026-08-22 08:29:02.350564800,0.030564800,1
'2026-08-22 08:29:02.350579400,0.030579400,0
'2026-08-22 08:29:02.350584100,0.030584100,1
'2026-08-22 08:29:02.350584200,0.030584200,0
'2026-08-22 08:29:02.350590900,0.030590900,1
'2026-08-22 08:29:02.350605800,0.030605800,0
'2026-08-22 08:29:02.350617000,0.030617000,1
'2026-08-22 08:29:02.350631600,0.030631600,0
'2026-08-22 08:29:02.350632500,0.030632500,1
'2026-08-22 08:29:02.350632600,0.030632600,0
'2026-08-22 08:29:02.350643100,0.030643100,1
'2026-08-22 08:29:02.351074800,0.031074800,0
'2026-08-22 08:29:02.351086300,0.031086300,1
'2026-08-22 08:29:02.351100800,0.031100800,0
'2026-08-22 08:29:02.351112400,0.031112400,1
'2026-08-22 08:29:02.351127300,0.031127300,0
'2026-08-22 08:29:02.351127500,0.031127500,1
'2026-08-22 08:29:02.351127600,0.031127600,0
'2026-08-22 08:29:02.351138500,0.031138500,1
'2026-08-22 08:29:02.351153000,0.031153000,0
'2026-08-22 08:29:02.351157000,0.031157000,1
'2026-08-22 08:29:02.351157100,0.031157100,0
'2026-08-22 08:29:02.351164500,0.031164500,1
'2026-08-22 08:29:02.351179000,0.031179000,0
'2026-08-22 08:29:02.351190600,0.031190600,1
'2026-08-22 08:29:02.351205300,0.031205300,0
'2026-08-22 08:29:02.351205500,0.031205500,1
'2026-08-22 08:29:02.351205600,0.031205600,0
'2026-08-22 08:29:02.351206300,0.031206300,1
'2026-08-22 08:29:02.351206400,0.031206400,0
'2026-08-22 08:29:02.351216700,0.031216700,1
'2026-08-22 08:29:02.351231300,0.031231300,0
'2026-08-22 08:29:02.351242800,0.031242800,1
'2026-08-22 08:29:02.351257400,0.031257400,0
'2026-08-22 08:29:02.351257500,0.031257500,1
'2026-08-22 08:29:02.351257700,0.031257700,0
'2026-08-22 08:29:02.351268900,0.031268900,1
'2026-08-22 08:29:02.351283400,0.031283400,0
'2026-08-22 08:29:02.351295000,0.031295000,1
'2026-08-22 08:29:02.351309600,0.031309600,0
'2026-08-22 08:29:02.351321100,0.031321100,1
'2026-08-22 08:29:02.351335900,0.031335900,0
'2026-08-22 08:29:02.351347100,0.031347100,1
'2026-08-22 08:29:02.351361600,0.031361600,0
'2026-08-22 08:29:02.351373200,0.031373200,1
'2026-08-22 08:29:02.351388200,0.031388200,0
'2026-08-22 08:29:02.351388300,0.031388300,1
'2026-08-22 08:29:02.351388500,0.031388500,0
'2026-08-22 08:29:02.351399300,0.031399300,1
'2026-08-22 08:29:02.351413800,0.031413800,0
'2026-08-22 08:29:02.351418000,0.031418000,1
'2026-08-22 08:29:02.351418100,0.031418100,0
'2026-08-22 08:29:02.351425400,0.031425400,1
'2026-08-22 08:29:02.351440000,0.031440000,0
'2026-08-22 08:29:02.351451400,0.031451400,1
'2026-08-22 08:29:02.351466200,0.031466200,0
'2026-08-22 08:29:02.351471400,0.031471400,1
'2026-08-22 08:29:02.351471500,0.031471500,0
'2026-08-22 08:29:02.351477500,0.031477500,1
'2026-08-22 08:29:02.351894300,0.031894300,0
'2026-08-22 08:29:02.351894700,0.031894700,1
'2026-08-22 08:29:02.351909500,0.031909500,0
'2026-08-22 08:29:02.351920700,0.031920700,1
'2026-08-22 08:29:02.351935300,0.031935300,0
'2026-08-22 08:29:02.351946800,0.031946800,1
'2026-08-22 08:29:02.351961500,0.031961500,0
'2026-08-22 08:29:02.351972900,0.031972900,1
'2026-08-22 08:29:02.351987600,0.031987600,0
'2026-08-22 08:29:02.351990500,0.031990500,1
'2026-08-22 08:29:02.351990600,0.031990600,0
'2026-08-22 08:29:02.351998500,0.031998500,1
'2026-08-22 08:29:02.351998600,0.031998600,0
'2026-08-22 08:29:02.351999000,0.031999000,1
'2026-08-22 08:29:02.352013700,0.032013700,0
'2026-08-22 08:29:02.352025100,0.032025100,1
'2026-08-22 08:29:02.352039800,0.032039800,0
'2026-08-22 08:29:02.352051200,0.032051200,1
'2026-08-22 08:29:02.352065600,0.032065600,0
'2026-08-22 08:29:02.352077300,0.032077300,1
'2026-08-22 08:29:02.352091900,0.032091900,0
'2026-08-22 08:29:02.352103300,0.032103300,1
'2026-08-22 08:29:02.352117900,0.032117900,0
'2026-08-22 08:29:02.352129400,0.032129400,1
'2026-08-22 08:29:02.352144000,0.032144000,0
'2026-08-22 08:29:02.352155500,0.032155500,1
'2026-08-22 08:29:02.352170300,0.032170300,0
'2026-08-22 08:29:02.352174700,0.032174700,1
'2026-08-22 08:29:02.352174800,0.032174800,0
'2026-08-22 08:29:02.352181600,0.032181600,1
'2026-08-22 08:29:02.352196000,0.032196000,0
'2026-08-22 08:29:02.352207700,0.032207700,1
'2026-08-22 08:29:02.352222400,0.032222400,0
'2026-08-22 08:29:02.352222500,0.032222500,1
'2026-08-22 08:29:02.352222700,0.032222700,0
'2026-08-22 08:29:02.352233700,0.032233700,1
'2026-08-22 08:29:02.352248400,0.032248400,0
'2026-08-22 08:29:02.352259800,0.032259800,1
'2026-08-22 08:29:02.352274400,0.032274400,0
'2026-08-22 08:29:02.352285900,0.032285900,1
'2026-08-22 08:29:02.352300500,0.032300500,0
'2026-08-22 08:29:02.352302600,0.032302600,1
'2026-08-22 08:29:02.352302700,0.032302700,0
'2026-08-22 08:29:02.352303600,0.032303600,1
'2026-08-22 08:29:02.352717800,0.032717800,0
'2026-08-22 08:29:02.352729100,0.032729100,1
'2026-08-22 08:29:02.352743600,0.032743600,0
'2026-08-22 08:29:02.352755200,0.032755200,1
'2026-08-22 08:29:02.352769800,0.032769800,0
'2026-08-22 08:29:02.352781300,0.032781300,1
'2026-08-22 08:29:02.352795900,0.032795900,0
'2026-08-22 08:29:02.352807400,0.032807400,1
'2026-08-22 08:29:02.352822200,0.032822200,0
'2026-08-22 08:29:02.352833500,0.032833500,1
'2026-08-22 08:29:02.352848000,0.032848000,0
'2026-08-22 08:29:02.352859500,0.032859500,1
'2026-08-22 08:29:02.352874200,0.032874200,0
'2026-08-22 08:29:02.352885600,0.032885600,1
'2026-08-22 08:29:02.352900200,0.032900200,0
'2026-08-22 08:29:02.352911700,0.032911700,1
'2026-08-22 08:29:02.352926200,0.032926200,0
'2026-08-22 08:29:02.352937800,0.032937800,1
'2026-08-22 08:29:02.352952400,0.032952400,0
'2026-08-22 08:29:02.352963900,0.032963900,1
'2026-08-22 08:29:02.352978600,0.032978600,0
'2026-08-22 08:29:02.352989900,0.032989900,1
'2026-08-22 08:29:02.353004600,0.033004600,0
'2026-08-22 08:29:02.353010700,0.033010700,1
'2026-08-22 08:29:02.353010800,0.033010800,0
'2026-08-22 08:29:02.353016000,0.033016000,1
'2026-08-22 08:29:02.353030700,0.033030700,0
'2026-08-22 08:29:02.353031100,0.033031100,1
'2026-08-22 08:29:02.353031200,0.033031200,0
'2026-08-22 08:29:02.353042100,0.033042100,1
'2026-08-22 08:29:02.353057000,0.033057000,0
'2026-08-22 08:29:02.353068200,0.033068200,1
'2026-08-22 08:29:02.353082800,0.033082800,0
'2026-08-22 08:29:02.353084200,0.033084200,1
'2026-08-22 08:29:02.353084300,0.033084300,0
'2026-08-22 08:29:02.353094300,0.033094300,1
'2026-08-22 08:29:02.353108900,0.033108900,0
'2026-08-22 08:29:02.353120400,0.033120400,1
'2026-08-22 08:29:02.354339200,0.034339200,0
'2026-08-22 08:29:02.354345700,0.034345700,1
'2026-08-22 08:29:02.354360400,0.034360400,0
'2026-08-22 08:29:02.354371800,0.034371800,1
'2026-08-22 08:29:02.354386300,0.034386300,0
'2026-08-22 08:29:02.354397900,0.034397900,1
'2026-08-22 08:29:02.354412600,0.034412600,0
'2026-08-22 08:29:02.354424000,0.034424000,1
'2026-08-22 08:29:02.354438600,0.034438600,0
'2026-08-22 08:29:02.354450100,0.034450100,1
'2026-08-22 08:29:02.354465000,0.034465000,0
'2026-08-22 08:29:02.354476100,0.034476100,1
'2026-08-22 08:29:02.354490800,0.034490800,0
'2026-08-22 08:29:02.354494800,0.034494800,1
'2026-08-22 08:29:02.354494900,0.034494900,0
'2026-08-22 08:29:02.354502200,0.034502200,1
'2026-08-22 08:29:02.354516900,0.034516900,0
'2026-08-22 08:29:02.354528300,0.034528300,1
'2026-08-22 08:29:02.354543200,0.034543200,0
'2026-08-22 08:29:02.354544800,0.034544800,1
'2026-08-22 08:29:02.354544900,0.034544900,0
'2026-08-22 08:29:02.354554400,0.034554400,1
'2026-08-22 08:29:02.354569000,0.034569000,0
'2026-08-22 08:29:02.354580500,0.034580500,1
'2026-08-22 08:29:02.354595300,0.034595300,0
'2026-08-22 08:29:02.354595700,0.034595700,1
'2026-08-22 08:29:02.354595800,0.034595800,0
'2026-08-22 08:29:02.354606600,0.034606600,1
'2026-08-22 08:29:02.354621000,0.034621000,0
'2026-08-22 08:29:02.354621100,0.034621100,1
'2026-08-22 08:29:02.354621200,0.034621200,0
'2026-08-22 08:29:02.354632600,0.034632600,1
'2026-08-22 08:29:02.354647300,0.034647300,0
'2026-08-22 08:29:02.354658700,0.034658700,1
'2026-08-22 08:29:02.354673600,0.034673600,0
'2026-08-22 08:29:02.354675200,0.034675200,1
'2026-08-22 08:29:02.354675300,0.034675300,0
'2026-08-22 08:29:02.354684800,0.034684800,1
'2026-08-22 08:29:02.354699300,0.034699300,0
'2026-08-22 08:29:02.354710900,0.034710900,1
'2026-08-22 08:29:02.354725700,0.034725700,0
'2026-08-22 08:29:02.354725900,0.034725900,1
'2026-08-22 08:29:02.354726000,0.034726000,0
'2026-08-22 08:29:02.354726100,0.034726100,1
'2026-08-22 08:29:02.354726200,0.034726200,0
'2026-08-22 08:29:02.354737000,0.034737000,1
'2026-08-22 08:29:02.355168800,0.035168800,0
'2026-08-22 08:29:02.355169300,0.035169300,1
'2026-08-22 08:29:02.355169400,0.035169400,0
'2026-08-22 08:29:02.355180200,0.035180200,1
'2026-08-22 08:29:02.355194600,0.035194600,0
'2026-08-22 08:29:02.355206300,0.035206300,1
'2026-08-22 08:29:02.355221100,0.035221100,0
'2026-08-22 08:29:02.355232300,0.035232300,1
'2026-08-22 08:29:02.355246800,0.035246800,0
'2026-08-22 08:29:02.355258400,0.035258400,1
'2026-08-22 08:29:02.355273000,0.035273000,0
'2026-08-22 08:29:02.355284500,0.035284500,1
'2026-08-22 08:29:02.355299100,0.035299100,0
'2026-08-22 08:29:02.355310600,0.035310600,1
'2026-08-22 08:29:02.355325300,0.035325300,0
'2026-08-22 08:29:02.355336700,0.035336700,1
'2026-08-22 08:29:02.355351400,0.035351400,0
'2026-08-22 08:29:02.355362700,0.035362700,1
'2026-08-22 08:29:02.355377400,0.035377400,0
'2026-08-22 08:29:02.355388800,0.035388800,1
'2026-08-22 08:29:02.355403300,0.035403300,0
'2026-08-22 08:29:02.355414900,0.035414900,1
'2026-08-22 08:29:02.355429600,0.035429600,0
'2026-08-22 08:29:02.355441000,0.035441000,1
'2026-08-22 08:29:02.355455700,0.035455700,0
'2026-08-22 08:29:02.355467100,0.035467100,1
'2026-08-22 08:29:02.355482000,0.035482000,0
'2026-08-22 08:29:02.355493100,0.035493100,1
'2026-08-22 08:29:02.355507700,0.035507700,0
'2026-08-22 08:29:02.355511600,0.035511600,1
'2026-08-22 08:29:02.355511700,0.035511700,0
'2026-08-22 08:29:02.355519200,0.035519200,1
'2026-08-22 08:29:02.355533800,0.035533800,0
'2026-08-22 08:29:02.355533900,0.035533900,1
'2026-08-22 08:29:02.355534000,0.035534000,0
'2026-08-22 08:29:02.355545300,0.035545300,1
'2026-08-22 08:29:02.355559900,0.035559900,0
'2026-08-22 08:29:02.355560200,0.035560200,1
'2026-08-22 08:29:02.355560300,0.035560300,0
'2026-08-22 08:29:02.355564100,0.035564100,1
'2026-08-22 08:29:02.355985800,0.035985800,0
'2026-08-22 08:29:02.355988500,0.035988500,1
'2026-08-22 08:29:02.356003300,0.036003300,0
'2026-08-22 08:29:02.356003600,0.036003600,1
'2026-08-22 08:29:02.356003700,0.036003700,0
'2026-08-22 08:29:02.356014600,0.036014600,1
'2026-08-22 08:29:02.356029000,0.036029000,0
'2026-08-22 08:29:02.356040700,0.036040700,1
'2026-08-22 08:29:02.356055700,0.036055700,0
'2026-08-22 08:29:02.356066800,0.036066800,1
'2026-08-22 08:29:02.356081400,0.036081400,0
'2026-08-22 08:29:02.356092800,0.036092800,1
'2026-08-22 08:29:02.356107400,0.036107400,0
'2026-08-22 08:29:02.356118900,0.036118900,1
'2026-08-22 08:29:02.356134000,0.036134000,0
'2026-08-22 08:29:02.356134400,0.036134400,1
'2026-08-22 08:29:02.356134500,0.036134500,0
'2026-08-22 08:29:02.356134700,0.036134700,1
'2026-08-22 08:29:02.356134800,0.036134800,0
'2026-08-22 08:29:02.356145000,0.036145000,1
'2026-08-22 08:29:02.356159400,0.036159400,0
'2026-08-22 08:29:02.356171100,0.036171100,1
'2026-08-22 08:29:02.356186100,0.036186100,0
'2026-08-22 08:29:02.356186400,0.036186400,1
'2026-08-22 08:29:02.356186500,0.036186500,0
'2026-08-22 08:29:02.356197200,0.036197200,1
'2026-08-22 08:29:02.356211700,0.036211700,0
'2026-08-22 08:29:02.356223300,0.036223300,1
'2026-08-22 08:29:02.356238000,0.036238000,0
'2026-08-22 08:29:02.356249300,0.036249300,1
'2026-08-22 08:29:02.356264000,0.036264000,0
'2026-08-22 08:29:02.356264100,0.036264100,1
'2026-08-22 08:29:02.356264300,0.036264300,0
'2026-08-22 08:29:02.356270600,0.036270600,1
'2026-08-22 08:29:02.356270700,0.036270700,0
'2026-08-22 08:29:02.356275400,0.036275400,1
'2026-08-22 08:29:02.356290000,0.036290000,0
'2026-08-22 08:29:02.356301500,0.036301500,1
'2026-08-22 08:29:02.356316200,0.036316200,0
'2026-08-22 08:29:02.356317300,0.036317300,1
'2026-08-22 08:29:02.356317400,0.036317400,0
'2026-08-22 08:29:02.356327600,0.036327600,1
'2026-08-22 08:29:02.356342300,0.036342300,0
'2026-08-22 08:29:02.356342400,0.036342400,1
'2026-08-22 08:29:02.356342500,0.036342500,0
'2026-08-22 08:29:02.356353700,0.036353700,1
'2026-08-22 08:29:02.356368400,0.036368400,0
'2026-08-22 08:29:02.356379700,0.036379700,1
'2026-08-22 08:29:02.356811600,0.036811600,0
'2026-08-22 08:29:02.356823000,0.036823000,1
'2026-08-22 08:29:02.356837500,0.036837500,0
'2026-08-22 08:29:02.356837700,0.036837700,1
'2026-08-22 08:29:02.356837800,0.036837800,0
'2026-08-22 08:29:02.356849000,0.036849000,1
'2026-08-22 08:29:02.356863600,0.036863600,0
'2026-08-22 08:29:02.356875100,0.036875100,1
'2026-08-22 08:29:02.356889700,0.036889700,0
'2026-08-22 08:29:02.356889800,0.036889800,1
'2026-08-22 08:29:02.356889900,0.036889900,0
'2026-08-22 08:29:02.356901200,0.036901200,1
'2026-08-22 08:29:02.356915800,0.036915800,0
'2026-08-22 08:29:02.356927300,0.036927300,1
'2026-08-22 08:29:02.356942000,0.036942000,0
'2026-08-22 08:29:02.356953400,0.036953400,1
'2026-08-22 08:29:02.356968200,0.036968200,0
'2026-08-22 08:29:02.356968400,0.036968400,1
'2026-08-22 08:29:02.356968500,0.036968500,0
'2026-08-22 08:29:02.356968700,0.036968700,1
'2026-08-22 08:29:02.356968800,0.036968800,0
'2026-08-22 08:29:02.356969700,0.036969700,1
'2026-08-22 08:29:02.356969900,0.036969900,0
'2026-08-22 08:29:02.356978500,0.036978500,1
'2026-08-22 08:29:02.356978600,0.036978600,0
'2026-08-22 08:29:02.356979500,0.036979500,1
'2026-08-22 08:29:02.356994000,0.036994000,0
'2026-08-22 08:29:02.357005500,0.037005500,1
'2026-08-22 08:29:02.357020300,0.037020300,0
'2026-08-22 08:29:02.357031600,0.037031600,1
'2026-08-22 08:29:02.357046100,0.037046100,0
'2026-08-22 08:29:02.357055500,0.037055500,1
'2026-08-22 08:29:02.357055600,0.037055600,0
'2026-08-22 08:29:02.357057700,0.037057700,1
'2026-08-22 08:29:02.357072400,0.037072400,0
'2026-08-22 08:29:02.357083800,0.037083800,1
'2026-08-22 08:29:02.357098500,0.037098500,0
'2026-08-22 08:29:02.357109900,0.037109900,1
'2026-08-22 08:29:02.357124500,0.037124500,0
'2026-08-22 08:29:02.357136000,0.037136000,1
'2026-08-22 08:29:02.357150700,0.037150700,0
'2026-08-22 08:29:02.357150800,0.037150800,1
'2026-08-22 08:29:02.357150900,0.037150900,0
'2026-08-22 08:29:02.357151000,0.037151000,1
'2026-08-22 08:29:02.357151100,0.037151100,0
'2026-08-22 08:29:02.357162000,0.037162000,1
'2026-08-22 08:29:02.357176500,0.037176500,0
'2026-08-22 08:29:02.357176700,0.037176700,1
'2026-08-22 08:29:02.357176800,0.037176800,0
'2026-08-22 08:29:02.357188100,0.037188100,1
'2026-08-22 08:29:02.357202800,0.037202800,0
'2026-08-22 08:29:02.357202900,0.037202900,1
'2026-08-22 08:29:02.357203000,0.037203000,0
'2026-08-22 08:29:02.357214200,0.037214200,1
'2026-08-22 08:29:02.357646000,0.037646000,0
'2026-08-22 08:29:02.357657400,0.037657400,1
'2026-08-22 08:29:02.357672100,0.037672100,0
'2026-08-22 08:29:02.357683500,0.037683500,1
'2026-08-22 08:29:02.357698100,0.037698100,0
'2026-08-22 08:29:02.357709600,0.037709600,1
'2026-08-22 08:29:02.357724400,0.037724400,0
'2026-08-22 08:29:02.357735700,0.037735700,1
'2026-08-22 08:29:02.357750300,0.037750300,0
'2026-08-22 08:29:02.357750400,0.037750400,1
'2026-08-22 08:29:02.357750500,0.037750500,0
'2026-08-22 08:29:02.357752900,0.037752900,1
'2026-08-22 08:29:02.357753000,0.037753000,0
'2026-08-22 08:29:02.357761800,0.037761800,1
'2026-08-22 08:29:02.357776400,0.037776400,0
'2026-08-22 08:29:02.357776700,0.037776700,1
'2026-08-22 08:29:02.357776800,0.037776800,0
'2026-08-22 08:29:02.357787900,0.037787900,1
'2026-08-22 08:29:02.357802500,0.037802500,0
'2026-08-22 08:29:02.357813900,0.037813900,1
'2026-08-22 08:29:02.357828800,0.037828800,0
'2026-08-22 08:29:02.357840000,0.037840000,1
'2026-08-22 08:29:02.357854800,0.037854800,0
'2026-08-22 08:29:02.357861000,0.037861000,1
'2026-08-22 08:29:02.357861100,0.037861100,0
'2026-08-22 08:29:02.357866100,0.037866100,1
'2026-08-22 08:29:02.357880800,0.037880800,0
'2026-08-22 08:29:02.357892200,0.037892200,1
'2026-08-22 08:29:02.357907100,0.037907100,0
'2026-08-22 08:29:02.357918300,0.037918300,1
'2026-08-22 08:29:02.357933000,0.037933000,0
'2026-08-22 08:29:02.357944400,0.037944400,1
'2026-08-22 08:29:02.357959100,0.037959100,0
'2026-08-22 08:29:02.357970400,0.037970400,1
'2026-08-22 08:29:02.357985500,0.037985500,0
'2026-08-22 08:29:02.357996500,0.037996500,1
'2026-08-22 08:29:02.358011100,0.038011100,0
'2026-08-22 08:29:02.358022600,0.038022600,1
'2026-08-22 08:29:02.358037400,0.038037400,0
'2026-08-22 08:29:02.358041800,0.038041800,1
'2026-08-22 08:29:02.358455800,0.038455800,0
'2026-08-22 08:29:02.358455900,0.038455900,1
'2026-08-22 08:29:02.358456000,0.038456000,0
'2026-08-22 08:29:02.358456100,0.038456100,1
'2026-08-22 08:29:02.358456200,0.038456200,0
'2026-08-22 08:29:02.358465800,0.038465800,1
'2026-08-22 08:29:02.358480400,0.038480400,0
'2026-08-22 08:29:02.358480600,0.038480600,1
'2026-08-22 08:29:02.358480700,0.038480700,0
'2026-08-22 08:29:02.358491900,0.038491900,1
'2026-08-22 08:29:02.358506600,0.038506600,0
'2026-08-22 08:29:02.358506700,0.038506700,1
'2026-08-22 08:29:02.358507000,0.038507000,0
'2026-08-22 08:29:02.358507500,0.038507500,1
'2026-08-22 08:29:02.358507800,0.038507800,0
'2026-08-22 08:29:02.358518000,0.038518000,1
'2026-08-22 08:29:02.358532700,0.038532700,0
'2026-08-22 08:29:02.358538100,0.038538100,1
'2026-08-22 08:29:02.358538200,0.038538200,0
'2026-08-22 08:29:02.358538500,0.038538500,1
'2026-08-22 08:29:02.358538600,0.038538600,0
'2026-08-22 08:29:02.358544100,0.038544100,1
'2026-08-22 08:29:02.358559100,0.038559100,0
'2026-08-22 08:29:02.358559300,0.038559300,1
'2026-08-22 08:29:02.358559400,0.038559400,0
'2026-08-22 08:29:02.358559500,0.038559500,1
'2026-08-22 08:29:02.358559600,0.038559600,0
'2026-08-22 08:29:02.358570200,0.038570200,1
'2026-08-22 08:29:02.358584700,0.038584700,0
'2026-08-22 08:29:02.358589900,0.038589900,1
'2026-08-22 08:29:02.358590000,0.038590000,0
'2026-08-22 08:29:02.358596200,0.038596200,1
'2026-08-22 08:29:02.358611000,0.038611000,0
'2026-08-22 08:29:02.358622300,0.038622300,1
'2026-08-22 08:29:02.358636900,0.038636900,0
'2026-08-22 08:29:02.358641900,0.038641900,1
'2026-08-22 08:29:02.358642000,0.038642000,0
'2026-08-22 08:29:02.358648400,0.038648400,1
'2026-08-22 08:29:02.358663000,0.038663000,0
'2026-08-22 08:29:02.358674500,0.038674500,1
'2026-08-22 08:29:02.358689300,0.038689300,0
'2026-08-22 08:29:02.358700600,0.038700600,1
'2026-08-22 08:29:02.358715400,0.038715400,0
'2026-08-22 08:29:02.358726700,0.038726700,1
'2026-08-22 08:29:02.358741400,0.038741400,0
'2026-08-22 08:29:02.358752700,0.038752700,1
'2026-08-22 08:29:02.358767600,0.038767600,0
'2026-08-22 08:29:02.358768700,0.038768700,1
'2026-08-22 08:29:02.358768800,0.038768800,0
'2026-08-22 08:29:02.358778800,0.038778800,1
'2026-08-22 08:29:02.358793300,0.038793300,0
'2026-08-22 08:29:02.358804900,0.038804900,1
'2026-08-22 08:29:02.358819800,0.038819800,0
'2026-08-22 08:29:02.358820000,0.038820000,1
'2026-08-22 08:29:02.358820100,0.038820100,0
'2026-08-22 08:29:02.358831000,0.038831000,1
'2026-08-22 08:29:02.358845800,0.038845800,0
'2026-08-22 08:29:02.358857100,0.038857100,1
'2026-08-22 08:29:02.359288900,0.039288900,0
'2026-08-22 08:29:02.359290900,0.039290900,1
'2026-08-22 08:29:02.359291000,0.039291000,0
'2026-08-22 08:29:02.359300300,0.039300300,1
'2026-08-22 08:29:02.359314900,0.039314900,0
'2026-08-22 08:29:02.359322100,0.039322100,1
'2026-08-22 08:29:02.359322200,0.039322200,0
'2026-08-22 08:29:02.359326400,0.039326400,1
'2026-08-22 08:29:02.359341400,0.039341400,0
'2026-08-22 08:29:02.359341700,0.039341700,1
'2026-08-22 08:29:02.359341800,0.039341800,0
'2026-08-22 08:29:02.359350700,0.039350700,1
'2026-08-22 08:29:02.359350800,0.039350800,0
'2026-08-22 08:29:02.359352500,0.039352500,1
'2026-08-22 08:29:02.359367000,0.039367000,0
'2026-08-22 08:29:02.359378600,0.039378600,1
'2026-08-22 08:29:02.359393500,0.039393500,0
'2026-08-22 08:29:02.359404600,0.039404600,1
'2026-08-22 08:29:02.359419200,0.039419200,0
'2026-08-22 08:29:02.359430700,0.039430700,1
'2026-08-22 08:29:02.359445400,0.039445400,0
'2026-08-22 08:29:02.359456800,0.039456800,1
'2026-08-22 08:29:02.359471500,0.039471500,0
'2026-08-22 08:29:02.359482900,0.039482900,1
'2026-08-22 08:29:02.359497700,0.039497700,0
'2026-08-22 08:29:02.359498000,0.039498000,1
'2026-08-22 08:29:02.359498100,0.039498100,0
'2026-08-22 08:29:02.359509000,0.039509000,1
'2026-08-22 08:29:02.359523600,0.039523600,0
'2026-08-22 08:29:02.359523800,0.039523800,1
'2026-08-22 08:29:02.359524000,0.039524000,0
'2026-08-22 08:29:02.359535100,0.039535100,1
'2026-08-22 08:29:02.359549700,0.039549700,0
'2026-08-22 08:29:02.359561100,0.039561100,1
'2026-08-22 08:29:02.359575800,0.039575800,0
'2026-08-22 08:29:02.359575900,0.039575900,1
'2026-08-22 08:29:02.359576000,0.039576000,0
'2026-08-22 08:29:02.359587200,0.039587200,1
'2026-08-22 08:29:02.359601900,0.039601900,0
'2026-08-22 08:29:02.359602000,0.039602000,1
'2026-08-22 08:29:02.359602100,0.039602100,0
'2026-08-22 08:29:02.359613300,0.039613300,1
'2026-08-22 08:29:02.359628000,0.039628000,0
'2026-08-22 08:29:02.359632000,0.039632000,1
'2026-08-22 08:29:02.359632200,0.039632200,0
'2026-08-22 08:29:02.359639400,0.039639400,1
'2026-08-22 08:29:02.359654400,0.039654400,0
'2026-08-22 08:29:02.359661800,0.039661800,1
'2026-08-22 08:29:02.359661900,0.039661900,0
'2026-08-22 08:29:02.359665500,0.039665500,1
'2026-08-22 08:29:02.359680000,0.039680000,0
'2026-08-22 08:29:02.359682200,0.039682200,1
'2026-08-22 08:29:02.359682300,0.039682300,0
'2026-08-22 08:29:02.359682800,0.039682800,1
'2026-08-22 08:29:02.359682900,0.039682900,0
'2026-08-22 08:29:02.359685200,0.039685200,1
'2026-08-22 08:29:02.359685300,0.039685300,0
'2026-08-22 08:29:02.359688500,0.039688500,1
'2026-08-22 08:29:02.360102200,0.040102200,0
'2026-08-22 08:29:02.360108700,0.040108700,1
'2026-08-22 08:29:02.360123200,0.040123200,0
'2026-08-22 08:29:02.360134800,0.040134800,1
'2026-08-22 08:29:02.360149400,0.040149400,0
'2026-08-22 08:29:02.360160900,0.040160900,1
'2026-08-22 08:29:02.360175600,0.040175600,0
'2026-08-22 08:29:02.360176500,0.040176500,1
'2026-08-22 08:29:02.360176600,0.040176600,0
'2026-08-22 08:29:02.360186900,0.040186900,1
'2026-08-22 08:29:02.360201400,0.040201400,0
'2026-08-22 08:29:02.360213000,0.040213000,1
'2026-08-22 08:29:02.360228000,0.040228000,0
'2026-08-22 08:29:02.360239100,0.040239100,1
'2026-08-22 08:29:02.360253700,0.040253700,0
'2026-08-22 08:29:02.360265200,0.040265200,1
'2026-08-22 08:29:02.360279900,0.040279900,0
'2026-08-22 08:29:02.360291300,0.040291300,1
'2026-08-22 08:29:02.360305800,0.040305800,0
'2026-08-22 08:29:02.360305900,0.040305900,1
'2026-08-22 08:29:02.360306200,0.040306200,0
'2026-08-22 08:29:02.360317400,0.040317400,1
'2026-08-22 08:29:02.360332000,0.040332000,0
'2026-08-22 08:29:02.360343500,0.040343500,1
'2026-08-22 08:29:02.360358400,0.040358400,0
'2026-08-22 08:29:02.360366300,0.040366300,1
'2026-08-22 08:29:02.360366400,0.040366400,0
'2026-08-22 08:29:02.360366500,0.040366500,1
'2026-08-22 08:29:02.360366600,0.040366600,0
'2026-08-22 08:29:02.360369500,0.040369500,1
'2026-08-22 08:29:02.360384500,0.040384500,0
'2026-08-22 08:29:02.360385500,0.040385500,1
'2026-08-22 08:29:02.360385600,0.040385600,0
'2026-08-22 08:29:02.360386700,0.040386700,1
'2026-08-22 08:29:02.360386800,0.040386800,0
'2026-08-22 08:29:02.360387400,0.040387400,1
'2026-08-22 08:29:02.360387500,0.040387500,0
'2026-08-22 08:29:02.360387800,0.040387800,1
'2026-08-22 08:29:02.360387900,0.040387900,0
'2026-08-22 08:29:02.360395600,0.040395600,1
'2026-08-22 08:29:02.360410200,0.040410200,0
'2026-08-22 08:29:02.360421700,0.040421700,1
'2026-08-22 08:29:02.360436800,0.040436800,0
'2026-08-22 08:29:02.360436900,0.040436900,1
'2026-08-22 08:29:02.360437000,0.040437000,0
'2026-08-22 08:29:02.360437500,0.040437500,1
'2026-08-22 08:29:02.360437700,0.040437700,0
'2026-08-22 08:29:02.360438100,0.040438100,1
'2026-08-22 08:29:02.360438200,0.040438200,0
'2026-08-22 08:29:02.360438700,0.040438700,1
'2026-08-22 08:29:02.360438800,0.040438800,0
'2026-08-22 08:29:02.360439600,0.040439600,1
'2026-08-22 08:29:02.360439700,0.040439700,0
'2026-08-22 08:29:02.360447700,0.040447700,1
'2026-08-22 08:29:02.360462200,0.040462200,0
'2026-08-22 08:29:02.360468500,0.040468500,1
'2026-08-22 08:29:02.360468600,0.040468600,0
'2026-08-22 08:29:02.360469600,0.040469600,1
'2026-08-22 08:29:02.360469700,0.040469700,0
'2026-08-22 08:29:02.360473900,0.040473900,1
'2026-08-22 08:29:02.360488600,0.040488600,0
'2026-08-22 08:29:02.360488800,0.040488800,1
'2026-08-22 08:29:02.360489000,0.040489000,0
'2026-08-22 08:29:02.360489100,0.040489100,1
'2026-08-22 08:29:02.360489200,0.040489200,0
'2026-08-22 08:29:02.360499900,0.040499900,1
'2026-08-22 08:29:02.361716600,0.041716600,0
'2026-08-22 08:29:02.361725300,0.041725300,1
'2026-08-22 08:29:02.361739800,0.041739800,0
'2026-08-22 08:29:02.361751400,0.041751400,1
'2026-08-22 08:29:02.361766100,0.041766100,0
'2026-08-22 08:29:02.361777500,0.041777500,1
'2026-08-22 08:29:02.361792200,0.041792200,0
'2026-08-22 08:29:02.361795000,0.041795000,1
'2026-08-22 08:29:02.361795100,0.041795100,0
'2026-08-22 08:29:02.361803600,0.041803600,1
'2026-08-22 08:29:02.361818300,0.041818300,0
'2026-08-22 08:29:02.361824500,0.041824500,1
'2026-08-22 08:29:02.361824600,0.041824600,0
'2026-08-22 08:29:02.361825500,0.041825500,1
'2026-08-22 08:29:02.361825600,0.041825600,0
'2026-08-22 08:29:02.361826000,0.041826000,1
'2026-08-22 08:29:02.361826200,0.041826200,0
'2026-08-22 08:29:02.361829700,0.041829700,1
'2026-08-22 08:29:02.361844400,0.041844400,0
'2026-08-22 08:29:02.361855800,0.041855800,1
'2026-08-22 08:29:02.361870200,0.041870200,0
'2026-08-22 08:29:02.361881900,0.041881900,1
'2026-08-22 08:29:02.361896900,0.041896900,0
'2026-08-22 08:29:02.361897900,0.041897900,1
'2026-08-22 08:29:02.361898100,0.041898100,0
'2026-08-22 08:29:02.361907900,0.041907900,1
'2026-08-22 08:29:02.361922400,0.041922400,0
'2026-08-22 08:29:02.361934000,0.041934000,1
'2026-08-22 08:29:02.361948700,0.041948700,0
'2026-08-22 08:29:02.361949200,0.041949200,1
'2026-08-22 08:29:02.361949300,0.041949300,0
'2026-08-22 08:29:02.361960100,0.041960100,1
'2026-08-22 08:29:02.361974800,0.041974800,0
'2026-08-22 08:29:02.361986200,0.041986200,1
'2026-08-22 08:29:02.362000700,0.042000700,0
'2026-08-22 08:29:02.362012300,0.042012300,1
'2026-08-22 08:29:02.362027000,0.042027000,0
'2026-08-22 08:29:02.362027100,0.042027100,1
'2026-08-22 08:29:02.362027200,0.042027200,0
'2026-08-22 08:29:02.362038400,0.042038400,1
'2026-08-22 08:29:02.362052900,0.042052900,0
'2026-08-22 08:29:02.362064400,0.042064400,1
'2026-08-22 08:29:02.362079100,0.042079100,0
'2026-08-22 08:29:02.362090500,0.042090500,1
'2026-08-22 08:29:02.362105500,0.042105500,0
'2026-08-22 08:29:02.362116600,0.042116600,1
'2026-08-22 08:29:02.362548400,0.042548400,0
'2026-08-22 08:29:02.362548500,0.042548500,1
'2026-08-22 08:29:02.362548600,0.042548600,0
'2026-08-22 08:29:02.362548700,0.042548700,1
'2026-08-22 08:29:02.362548800,0.042548800,0
'2026-08-22 08:29:02.362559800,0.042559800,1
'2026-08-22 08:29:02.362574400,0.042574400,0
'2026-08-22 08:29:02.362578500,0.042578500,1
'2026-08-22 08:29:02.362578600,0.042578600,0
'2026-08-22 08:29:02.362585900,0.042585900,1
'2026-08-22 08:29:02.362600900,0.042600900,0
'2026-08-22 08:29:02.362612000,0.042612000,1
'2026-08-22 08:29:02.362626600,0.042626600,0
'2026-08-22 08:29:02.362638100,0.042638100,1
'2026-08-22 08:29:02.362652900,0.042652900,0
'2026-08-22 08:29:02.362664200,0.042664200,1
'2026-08-22 08:29:02.362679100,0.042679100,0
'2026-08-22 08:29:02.362690300,0.042690300,1
'2026-08-22 08:29:02.362704900,0.042704900,0
'2026-08-22 08:29:02.362716400,0.042716400,1
'2026-08-22 08:29:02.362731100,0.042731100,0
'2026-08-22 08:29:02.362742400,0.042742400,1
'2026-08-22 08:29:02.362757100,0.042757100,0
'2026-08-22 08:29:02.362768500,0.042768500,1
'2026-08-22 08:29:02.362783200,0.042783200,0
'2026-08-22 08:29:02.362794600,0.042794600,1
'2026-08-22 08:29:02.362809400,0.042809400,0
'2026-08-22 08:29:02.362810500,0.042810500,1
'2026-08-22 08:29:02.362810600,0.042810600,0
'2026-08-22 08:29:02.362820700,0.042820700,1
'2026-08-22 08:29:02.362835300,0.042835300,0
'2026-08-22 08:29:02.362846800,0.042846800,1
'2026-08-22 08:29:02.362861500,0.042861500,0
'2026-08-22 08:29:02.362872900,0.042872900,1
'2026-08-22 08:29:02.362887700,0.042887700,0
'2026-08-22 08:29:02.362898900,0.042898900,1
'2026-08-22 08:29:02.362913600,0.042913600,0
'2026-08-22 08:29:02.362925000,0.042925000,1
'2026-08-22 08:29:02.362939800,0.042939800,0
'2026-08-22 08:29:02.362949200,0.042949200,1
'2026-08-22 08:29:02.363363400,0.043363400,0
'2026-08-22 08:29:02.363368300,0.043368300,1
'2026-08-22 08:29:02.363382800,0.043382800,0
'2026-08-22 08:29:02.363394400,0.043394400,1
'2026-08-22 08:29:02.363409000,0.043409000,0
'2026-08-22 08:29:02.363420400,0.043420400,1
'2026-08-22 08:29:02.363435200,0.043435200,0
'2026-08-22 08:29:02.363446500,0.043446500,1
'2026-08-22 08:29:02.363461400,0.043461400,0
'2026-08-22 08:29:02.363461500,0.043461500,1
'2026-08-22 08:29:02.363461600,0.043461600,0
'2026-08-22 08:29:02.363472600,0.043472600,1
'2026-08-22 08:29:02.363487200,0.043487200,0
'2026-08-22 08:29:02.363498700,0.043498700,1
'2026-08-22 08:29:02.363513400,0.043513400,0
'2026-08-22 08:29:02.363524800,0.043524800,1
'2026-08-22 08:29:02.363539300,0.043539300,0
'2026-08-22 08:29:02.363539500,0.043539500,1
'2026-08-22 08:29:02.363539700,0.043539700,0
'2026-08-22 08:29:02.363550900,0.043550900,1
'2026-08-22 08:29:02.363565700,0.043565700,0
'2026-08-22 08:29:02.363565900,0.043565900,1
'2026-08-22 08:29:02.363566000,0.043566000,0
'2026-08-22 08:29:02.363576900,0.043576900,1
'2026-08-22 08:29:02.363591800,0.043591800,0
'2026-08-22 08:29:02.363593100,0.043593100,1
'2026-08-22 08:29:02.363593200,0.043593200,0
'2026-08-22 08:29:02.363603000,0.043603000,1
'2026-08-22 08:29:02.363617900,0.043617900,0
'2026-08-22 08:29:02.363629100,0.043629100,1
'2026-08-22 08:29:02.363643800,0.043643800,0
'2026-08-22 08:29:02.363644100,0.043644100,1
'2026-08-22 08:29:02.363644200,0.043644200,0
'2026-08-22 08:29:02.363644700,0.043644700,1
'2026-08-22 08:29:02.363644800,0.043644800,0
'2026-08-22 08:29:02.363655200,0.043655200,1
'2026-08-22 08:29:02.363669900,0.043669900,0
'2026-08-22 08:29:02.363681300,0.043681300,1
'2026-08-22 08:29:02.363696300,0.043696300,0
'2026-08-22 08:29:02.363707400,0.043707400,1
'2026-08-22 08:29:02.363722000,0.043722000,0
'2026-08-22 08:29:02.363733400,0.043733400,1
'2026-08-22 08:29:02.363748400,0.043748400,0
'2026-08-22 08:29:02.363748700,0.043748700,1
'2026-08-22 08:29:02.363748800,0.043748800,0
'2026-08-22 08:29:02.363759500,0.043759500,1
'2026-08-22 08:29:02.364191300,0.044191300,0
'2026-08-22 08:29:02.364198500,0.044198500,1
'2026-08-22 08:29:02.364198600,0.044198600,0
'2026-08-22 08:29:02.364202800,0.044202800,1
'2026-08-22 08:29:02.364217600,0.044217600,0
'2026-08-22 08:29:02.364217800,0.044217800,1
'2026-08-22 08:29:02.364217900,0.044217900,0
'2026-08-22 08:29:02.364218400,0.044218400,1
'2026-08-22 08:29:02.364218500,0.044218500,0
'2026-08-22 08:29:02.364228800,0.044228800,1
'2026-08-22 08:29:02.364243400,0.044243400,0
'2026-08-22 08:29:02.364243800,0.044243800,1
'2026-08-22 08:29:02.364243900,0.044243900,0
'2026-08-22 08:29:02.364254900,0.044254900,1
'2026-08-22 08:29:02.364269700,0.044269700,0
'2026-08-22 08:29:02.364269800,0.044269800,1
'2026-08-22 08:29:02.364269900,0.044269900,0
'2026-08-22 08:29:02.364270000,0.044270000,1
'2026-08-22 08:29:02.364270100,0.044270100,0
'2026-08-22 08:29:02.364281000,0.044281000,1
'2026-08-22 08:29:02.364295600,0.044295600,0
'2026-08-22 08:29:02.364307100,0.044307100,1
'2026-08-22 08:29:02.364321900,0.044321900,0
'2026-08-22 08:29:02.364333200,0.044333200,1
'2026-08-22 08:29:02.364348200,0.044348200,0
'2026-08-22 08:29:02.364359300,0.044359300,1
'2026-08-22 08:29:02.364373900,0.044373900,0
'2026-08-22 08:29:02.364385300,0.044385300,1
'2026-08-22 08:29:02.364400200,0.044400200,0
'2026-08-22 08:29:02.364400300,0.044400300,1
'2026-08-22 08:29:02.364400400,0.044400400,0
'2026-08-22 08:29:02.364400500,0.044400500,1
'2026-08-22 08:29:02.364400800,0.044400800,0
'2026-08-22 08:29:02.364400900,0.044400900,1
'2026-08-22 08:29:02.364401000,0.044401000,0
'2026-08-22 08:29:02.364411400,0.044411400,1
'2026-08-22 08:29:02.364426000,0.044426000,0
'2026-08-22 08:29:02.364437500,0.044437500,1
'2026-08-22 08:29:02.364452500,0.044452500,0
'2026-08-22 08:29:02.364459700,0.044459700,1
'2026-08-22 08:29:02.364459800,0.044459800,0
'2026-08-22 08:29:02.364463600,0.044463600,1
'2026-08-22 08:29:02.364478500,0.044478500,0
'2026-08-22 08:29:02.364480700,0.044480700,1
'2026-08-22 08:29:02.364480800,0.044480800,0
'2026-08-22 08:29:02.364489700,0.044489700,1
'2026-08-22 08:29:02.364504200,0.044504200,0
'2026-08-22 08:29:02.364511100,0.044511100,1
'2026-08-22 08:29:02.364511200,0.044511200,0
'2026-08-22 08:29:02.364515800,0.044515800,1
'2026-08-22 08:29:02.364530600,0.044530600,0
'2026-08-22 08:29:02.364531100,0.044531100,1
'2026-08-22 08:29:02.364531200,0.044531200,0
'2026-08-22 08:29:02.364531500,0.044531500,1
'2026-08-22 08:29:02.364531600,0.044531600,0
'2026-08-22 08:29:02.364541800,0.044541800,1
'2026-08-22 08:29:02.364556300,0.044556300,0
'2026-08-22 08:29:02.364556600,0.044556600,1
'2026-08-22 08:29:02.364556700,0.044556700,0
'2026-08-22 08:29:02.364567900,0.044567900,1
'2026-08-22 08:29:02.364582700,0.044582700,0
'2026-08-22 08:29:02.364590100,0.044590100,1
'2026-08-22 08:29:02.364590200,0.044590200,0
'2026-08-22 08:29:02.364594000,0.044594000,1
'2026-08-22 08:29:02.365010000,0.045010000,0
'2026-08-22 08:29:02.365011100,0.045011100,1
'2026-08-22 08:29:02.365025800,0.045025800,0
'2026-08-22 08:29:02.365025900,0.045025900,1
'2026-08-22 08:29:02.365026000,0.045026000,0
'2026-08-22 08:29:02.365037200,0.045037200,1
'2026-08-22 08:29:02.365052000,0.045052000,0
'2026-08-22 08:29:02.365052500,0.045052500,1
'2026-08-22 08:29:02.365052600,0.045052600,0
'2026-08-22 08:29:02.365063300,0.045063300,1
'2026-08-22 08:29:02.365077700,0.045077700,0
'2026-08-22 08:29:02.365082800,0.045082800,1
'2026-08-22 08:29:02.365082900,0.045082900,0
'2026-08-22 08:29:02.365083900,0.045083900,1
'2026-08-22 08:29:02.365084100,0.045084100,0
'2026-08-22 08:29:02.365084900,0.045084900,1
'2026-08-22 08:29:02.365085000,0.045085000,0
'2026-08-22 08:29:02.365089400,0.045089400,1
'2026-08-22 08:29:02.365105000,0.045105000,0
'2026-08-22 08:29:02.365105600,0.045105600,1
'2026-08-22 08:29:02.365105700,0.045105700,0
'2026-08-22 08:29:02.365115500,0.045115500,1
'2026-08-22 08:29:02.365130000,0.045130000,0
'2026-08-22 08:29:02.365141600,0.045141600,1
'2026-08-22 08:29:02.365156400,0.045156400,0
'2026-08-22 08:29:02.365167700,0.045167700,1
'2026-08-22 08:29:02.365182500,0.045182500,0
'2026-08-22 08:29:02.365182700,0.045182700,1
'2026-08-22 08:29:02.365182800,0.045182800,0
'2026-08-22 08:29:02.365193800,0.045193800,1
'2026-08-22 08:29:02.365208400,0.045208400,0
'2026-08-22 08:29:02.365219800,0.045219800,1
'2026-08-22 08:29:02.365234800,0.045234800,0
'2026-08-22 08:29:02.365235100,0.045235100,1
'2026-08-22 08:29:02.365235200,0.045235200,0
'2026-08-22 08:29:02.365235300,0.045235300,1
'2026-08-22 08:29:02.365235400,0.045235400,0
'2026-08-22 08:29:02.365245900,0.045245900,1
'2026-08-22 08:29:02.365260500,0.045260500,0
'2026-08-22 08:29:02.365272000,0.045272000,1
'2026-08-22 08:29:02.365286800,0.045286800,0
'2026-08-22 08:29:02.365296600,0.045296600,1
'2026-08-22 08:29:02.365296700,0.045296700,0
'2026-08-22 08:29:02.365298100,0.045298100,1
'2026-08-22 08:29:02.365312800,0.045312800,0
'2026-08-22 08:29:02.365312900,0.045312900,1
'2026-08-22 08:29:02.365313000,0.045313000,0
'2026-08-22 08:29:02.365324200,0.045324200,1
'2026-08-22 08:29:02.365338800,0.045338800,0
'2026-08-22 08:29:02.365343700,0.045343700,1
'2026-08-22 08:29:02.365343800,0.045343800,0
'2026-08-22 08:29:02.365350300,0.045350300,1
'2026-08-22 08:29:02.365365200,0.045365200,0
'2026-08-22 08:29:02.365365300,0.045365300,1
'2026-08-22 08:29:02.365365700,0.045365700,0
'2026-08-22 08:29:02.365365800,0.045365800,1
'2026-08-22 08:29:02.365366000,0.045366000,0
'2026-08-22 08:29:02.365366100,0.045366100,1
'2026-08-22 08:29:02.365366200,0.045366200,0
'2026-08-22 08:29:02.365373200,0.045373200,1
'2026-08-22 08:29:02.365373300,0.045373300,0
'2026-08-22 08:29:02.365376300,0.045376300,1
'2026-08-22 08:29:02.365390900,0.045390900,0
'2026-08-22 08:29:02.365395900,0.045395900,1
'2026-08-22 08:29:02.365396000,0.045396000,0
'2026-08-22 08:29:02.365402400,0.045402400,1
'2026-08-22 08:29:02.365417300,0.045417300,0
'2026-08-22 08:29:02.365419300,0.045419300,1
'2026-08-22 08:29:02.365834300,0.045834300,0
'2026-08-22 08:29:02.365837500,0.045837500,1
'2026-08-22 08:29:02.365837600,0.045837600,0
'2026-08-22 08:29:02.365845700,0.045845700,1
'2026-08-22 08:29:02.365860200,0.045860200,0
'2026-08-22 08:29:02.365871800,0.045871800,1
'2026-08-22 08:29:02.365886700,0.045886700,0
'2026-08-22 08:29:02.365897800,0.045897800,1
'2026-08-22 08:29:02.365912400,0.045912400,0
'2026-08-22 08:29:02.365918100,0.045918100,1
'2026-08-22 08:29:02.365918200,0.045918200,0
'2026-08-22 08:29:02.365923900,0.045923900,1
'2026-08-22 08:29:02.365938900,0.045938900,0
'2026-08-22 08:29:02.365939100,0.045939100,1
'2026-08-22 08:29:02.365939200,0.045939200,0
'2026-08-22 08:29:02.365939700,0.045939700,1
'2026-08-22 08:29:02.365939800,0.045939800,0
'2026-08-22 08:29:02.365949100,0.045949100,1
'2026-08-22 08:29:02.365949200,0.045949200,0
'2026-08-22 08:29:02.365949600,0.045949600,1
'2026-08-22 08:29:02.365949700,0.045949700,0
'2026-08-22 08:29:02.365950000,0.045950000,1
'2026-08-22 08:29:02.365964500,0.045964500,0
'2026-08-22 08:29:02.365970100,0.045970100,1
'2026-08-22 08:29:02.365970200,0.045970200,0
'2026-08-22 08:29:02.365976100,0.045976100,1
'2026-08-22 08:29:02.365990800,0.045990800,0
'2026-08-22 08:29:02.365990900,0.045990900,1
'2026-08-22 08:29:02.365991000,0.045991000,0
'2026-08-22 08:29:02.365991100,0.045991100,1
'2026-08-22 08:29:02.365991200,0.045991200,0
'2026-08-22 08:29:02.366002200,0.046002200,1
'2026-08-22 08:29:02.366016900,0.046016900,0
'2026-08-22 08:29:02.366018000,0.046018000,1
'2026-08-22 08:29:02.366018100,0.046018100,0
'2026-08-22 08:29:02.366028300,0.046028300,1
'2026-08-22 08:29:02.366043000,0.046043000,0
'2026-08-22 08:29:02.366049500,0.046049500,1
'2026-08-22 08:29:02.366049600,0.046049600,0
'2026-08-22 08:29:02.366054400,0.046054400,1
'2026-08-22 08:29:02.366069200,0.046069200,0
'2026-08-22 08:29:02.366069400,0.046069400,1
'2026-08-22 08:29:02.366069500,0.046069500,0
'2026-08-22 08:29:02.366069900,0.046069900,1
'2026-08-22 08:29:02.366070100,0.046070100,0
'2026-08-22 08:29:02.366077500,0.046077500,1
'2026-08-22 08:29:02.366077600,0.046077600,0
'2026-08-22 08:29:02.366080400,0.046080400,1
'2026-08-22 08:29:02.366095200,0.046095200,0
'2026-08-22 08:29:02.366106500,0.046106500,1
'2026-08-22 08:29:02.366121200,0.046121200,0
'2026-08-22 08:29:02.366121300,0.046121300,1
'2026-08-22 08:29:02.366121500,0.046121500,0
'2026-08-22 08:29:02.366132600,0.046132600,1
'2026-08-22 08:29:02.366147400,0.046147400,0
'2026-08-22 08:29:02.366158700,0.046158700,1
'2026-08-22 08:29:02.366173400,0.046173400,0
'2026-08-22 08:29:02.366178800,0.046178800,1
'2026-08-22 08:29:02.366178900,0.046178900,0
'2026-08-22 08:29:02.366180300,0.046180300,1
'2026-08-22 08:29:02.366180400,0.046180400,0
'2026-08-22 08:29:02.366184800,0.046184800,1
'2026-08-22 08:29:02.366199300,0.046199300,0
'2026-08-22 08:29:02.366202500,0.046202500,1
'2026-08-22 08:29:02.366202600,0.046202600,0
'2026-08-22 08:29:02.366210900,0.046210900,1
'2026-08-22 08:29:02.366225500,0.046225500,0
'2026-08-22 08:29:02.366236900,0.046236900,1
'2026-08-22 08:29:02.367454800,0.047454800,0
'2026-08-22 08:29:02.367462400,0.047462400,1
'2026-08-22 08:29:02.367476900,0.047476900,0
'2026-08-22 08:29:02.367477000,0.047477000,1
'2026-08-22 08:29:02.367477100,0.047477100,0
'2026-08-22 08:29:02.367488500,0.047488500,1
'2026-08-22 08:29:02.367503100,0.047503100,0
'2026-08-22 08:29:02.367514600,0.047514600,1
'2026-08-22 08:29:02.367529400,0.047529400,0
'2026-08-22 08:29:02.367540700,0.047540700,1
'2026-08-22 08:29:02.367555300,0.047555300,0
'2026-08-22 08:29:02.367566800,0.047566800,1
'2026-08-22 08:29:02.367581400,0.047581400,0
'2026-08-22 08:29:02.367592800,0.047592800,1
'2026-08-22 08:29:02.367607700,0.047607700,0
'2026-08-22 08:29:02.367610500,0.047610500,1
'2026-08-22 08:29:02.367610600,0.047610600,0
'2026-08-22 08:29:02.367618900,0.047618900,1
'2026-08-22 08:29:02.367633400,0.047633400,0
'2026-08-22 08:29:02.367633500,0.047633500,1
'2026-08-22 08:29:02.367633600,0.047633600,0
'2026-08-22 08:29:02.367645000,0.047645000,1
'2026-08-22 08:29:02.367659800,0.047659800,0
'2026-08-22 08:29:02.367660100,0.047660100,1
'2026-08-22 08:29:02.367660200,0.047660200,0
'2026-08-22 08:29:02.367660500,0.047660500,1
'2026-08-22 08:29:02.367660600,0.047660600,0
'2026-08-22 08:29:02.367669400,0.047669400,1
'2026-08-22 08:29:02.367669500,0.047669500,0
'2026-08-22 08:29:02.367671100,0.047671100,1
'2026-08-22 08:29:02.367685600,0.047685600,0
'2026-08-22 08:29:02.367685700,0.047685700,1
'2026-08-22 08:29:02.367685800,0.047685800,0
'2026-08-22 08:29:02.367697200,0.047697200,1
'2026-08-22 08:29:02.367711600,0.047711600,0
'2026-08-22 08:29:02.367711700,0.047711700,1
'2026-08-22 08:29:02.367711800,0.047711800,0
'2026-08-22 08:29:02.367717000,0.047717000,1
'2026-08-22 08:29:02.367717100,0.047717100,0
'2026-08-22 08:29:02.367720100,0.047720100,1
'2026-08-22 08:29:02.367720200,0.047720200,0
'2026-08-22 08:29:02.367723300,0.047723300,1
'2026-08-22 08:29:02.367738400,0.047738400,0
'2026-08-22 08:29:02.367738900,0.047738900,1
'2026-08-22 08:29:02.367739100,0.047739100,0
'2026-08-22 08:29:02.367741500,0.047741500,1
'2026-08-22 08:29:02.367741600,0.047741600,0
'2026-08-22 08:29:02.367749400,0.047749400,1
'2026-08-22 08:29:02.367763800,0.047763800,0
'2026-08-22 08:29:02.367775500,0.047775500,1
'2026-08-22 08:29:02.367790400,0.047790400,0
'2026-08-22 08:29:02.367790500,0.047790500,1
'2026-08-22 08:29:02.367790600,0.047790600,0
'2026-08-22 08:29:02.367790800,0.047790800,1
'2026-08-22 08:29:02.367790900,0.047790900,0
'2026-08-22 08:29:02.367796700,0.047796700,1
'2026-08-22 08:29:02.367796800,0.047796800,0
'2026-08-22 08:29:02.367801500,0.047801500,1
'2026-08-22 08:29:02.367816200,0.047816200,0
'2026-08-22 08:29:02.367827600,0.047827600,1
'2026-08-22 08:29:02.367842400,0.047842400,0
'2026-08-22 08:29:02.367853700,0.047853700,1
'2026-08-22 08:29:02.369068800,0.049068800,0
'2026-08-22 08:29:02.369079200,0.049079200,1
'2026-08-22 08:29:02.369093800,0.049093800,0
'2026-08-22 08:29:02.369093900,0.049093900,1
'2026-08-22 08:29:02.369094000,0.049094000,0
'2026-08-22 08:29:02.369105200,0.049105200,1
'2026-08-22 08:29:02.369120000,0.049120000,0
'2026-08-22 08:29:02.369131300,0.049131300,1
'2026-08-22 08:29:02.369145800,0.049145800,0
'2026-08-22 08:29:02.369157400,0.049157400,1
'2026-08-22 08:29:02.369172100,0.049172100,0
'2026-08-22 08:29:02.369183500,0.049183500,1
'2026-08-22 08:29:02.369198200,0.049198200,0
'2026-08-22 08:29:02.369209600,0.049209600,1
'2026-08-22 08:29:02.369224200,0.049224200,0
'2026-08-22 08:29:02.369224400,0.049224400,1
'2026-08-22 08:29:02.369224500,0.049224500,0
'2026-08-22 08:29:02.369235700,0.049235700,1
'2026-08-22 08:29:02.369250200,0.049250200,0
'2026-08-22 08:29:02.369261800,0.049261800,1
'2026-08-22 08:29:02.369276400,0.049276400,0
'2026-08-22 08:29:02.369276700,0.049276700,1
'2026-08-22 08:29:02.369276800,0.049276800,0
'2026-08-22 08:29:02.369278100,0.049278100,1
'2026-08-22 08:29:02.369278200,0.049278200,0
'2026-08-22 08:29:02.369287800,0.049287800,1
'2026-08-22 08:29:02.369302400,0.049302400,0
'2026-08-22 08:29:02.369313900,0.049313900,1
'2026-08-22 08:29:02.369328600,0.049328600,0
'2026-08-22 08:29:02.369340000,0.049340000,1
'2026-08-22 08:29:02.369354700,0.049354700,0
'2026-08-22 08:29:02.369366100,0.049366100,1
'2026-08-22 08:29:02.369380900,0.049380900,0
'2026-08-22 08:29:02.369392200,0.049392200,1
'2026-08-22 08:29:02.369406700,0.049406700,0
'2026-08-22 08:29:02.369418300,0.049418300,1
'2026-08-22 08:29:02.369432900,0.049432900,0
'2026-08-22 08:29:02.369444300,0.049444300,1
'2026-08-22 08:29:02.369458800,0.049458800,0
'2026-08-22 08:29:02.369458900,0.049458900,1
'2026-08-22 08:29:02.369459000,0.049459000,0
'2026-08-22 08:29:02.369459100,0.049459100,1
'2026-08-22 08:29:02.369459200,0.049459200,0
'2026-08-22 08:29:02.369470400,0.049470400,1
'2026-08-22 08:29:02.370690400,0.050690400,0
'2026-08-22 08:29:02.370695900,0.050695900,1
'2026-08-22 08:29:02.370710400,0.050710400,0
'2026-08-22 08:29:02.370722000,0.050722000,1
'2026-08-22 08:29:02.370736700,0.050736700,0
'2026-08-22 08:29:02.370748100,0.050748100,1
'2026-08-22 08:29:02.370762600,0.050762600,0
'2026-08-22 08:29:02.370774200,0.050774200,1
'2026-08-22 08:29:02.370788700,0.050788700,0
'2026-08-22 08:29:02.370800300,0.050800300,1
'2026-08-22 08:29:02.370815000,0.050815000,0
'2026-08-22 08:29:02.370826300,0.050826300,1
'2026-08-22 08:29:02.370840800,0.050840800,0
'2026-08-22 08:29:02.370852500,0.050852500,1
'2026-08-22 08:29:02.370867100,0.050867100,0
'2026-08-22 08:29:02.370878500,0.050878500,1
'2026-08-22 08:29:02.370893100,0.050893100,0
'2026-08-22 08:29:02.370904600,0.050904600,1
'2026-08-22 08:29:02.370919200,0.050919200,0
'2026-08-22 08:29:02.370930700,0.050930700,1
'2026-08-22 08:29:02.370945300,0.050945300,0
'2026-08-22 08:29:02.370945600,0.050945600,1
'2026-08-22 08:29:02.370945700,0.050945700,0
'2026-08-22 08:29:02.370956800,0.050956800,1
'2026-08-22 08:29:02.370971400,0.050971400,0
'2026-08-22 08:29:02.370982900,0.050982900,1
'2026-08-22 08:29:02.370997600,0.050997600,0
'2026-08-22 08:29:02.371009000,0.051009000,1
'2026-08-22 08:29:02.371023500,0.051023500,0
'2026-08-22 08:29:02.371035000,0.051035000,1
'2026-08-22 08:29:02.371049700,0.051049700,0
'2026-08-22 08:29:02.371061100,0.051061100,1
'2026-08-22 08:29:02.371075600,0.051075600,0
'2026-08-22 08:29:02.371075700,0.051075700,1
'2026-08-22 08:29:02.371075800,0.051075800,0
'2026-08-22 08:29:02.371075900,0.051075900,1
'2026-08-22 08:29:02.371076000,0.051076000,0
'2026-08-22 08:29:02.371077000,0.051077000,1
'2026-08-22 08:29:02.371077100,0.051077100,0
'2026-08-22 08:29:02.371077500,0.051077500,1
'2026-08-22 08:29:02.371077600,0.051077600,0
'2026-08-22 08:29:02.371087200,0.051087200,1
'2026-08-22 08:29:02.372304600,0.052304600,0
'2026-08-22 08:29:02.372312700,0.052312700,1
'2026-08-22 08:29:02.372327200,0.052327200,0
'2026-08-22 08:29:02.372336300,0.052336300,1
'2026-08-22 08:29:02.372336400,0.052336400,0
'2026-08-22 08:29:02.372338800,0.052338800,1
'2026-08-22 08:29:02.372353500,0.052353500,0
'2026-08-22 08:29:02.372364900,0.052364900,1
'2026-08-22 08:29:02.372379400,0.052379400,0
'2026-08-22 08:29:02.372391000,0.052391000,1
'2026-08-22 08:29:02.372405500,0.052405500,0
'2026-08-22 08:29:02.372417100,0.052417100,1
'2026-08-22 08:29:02.372431600,0.052431600,0
'2026-08-22 08:29:02.372443100,0.052443100,1
'2026-08-22 08:29:02.372457600,0.052457600,0
'2026-08-22 08:29:02.372469200,0.052469200,1
'2026-08-22 08:29:02.372483800,0.052483800,0
'2026-08-22 08:29:02.372495300,0.052495300,1
'2026-08-22 08:29:02.372509800,0.052509800,0
'2026-08-22 08:29:02.372521400,0.052521400,1
'2026-08-22 08:29:02.372535900,0.052535900,0
'2026-08-22 08:29:02.372547500,0.052547500,1
'2026-08-22 08:29:02.372562200,0.052562200,0
'2026-08-22 08:29:02.372573500,0.052573500,1
'2026-08-22 08:29:02.372588100,0.052588100,0
'2026-08-22 08:29:02.372599600,0.052599600,1
'2026-08-22 08:29:02.372614300,0.052614300,0
'2026-08-22 08:29:02.372625700,0.052625700,1
'2026-08-22 08:29:02.372640200,0.052640200,0
'2026-08-22 08:29:02.372651800,0.052651800,1
'2026-08-22 08:29:02.372666400,0.052666400,0
'2026-08-22 08:29:02.372677900,0.052677900,1
'2026-08-22 08:29:02.372692500,0.052692500,0
'2026-08-22 08:29:02.372702400,0.052702400,1
'2026-08-22 08:29:02.372702500,0.052702500,0
'2026-08-22 08:29:02.372704000,0.052704000,1
'2026-08-22 08:29:02.373918700,0.053918700,0
'2026-08-22 08:29:02.373929500,0.053929500,1
'2026-08-22 08:29:02.373944000,0.053944000,0
'2026-08-22 08:29:02.373944300,0.053944300,1
'2026-08-22 08:29:02.373944400,0.053944400,0
'2026-08-22 08:29:02.373955500,0.053955500,1
'2026-08-22 08:29:02.373970100,0.053970100,0
'2026-08-22 08:29:02.373981600,0.053981600,1
'2026-08-22 08:29:02.373996200,0.053996200,0
'2026-08-22 08:29:02.373996300,0.053996300,1
'2026-08-22 08:29:02.373996400,0.053996400,0
'2026-08-22 08:29:02.374007700,0.054007700,1
'2026-08-22 08:29:02.374022200,0.054022200,0
'2026-08-22 08:29:02.374033800,0.054033800,1
'2026-08-22 08:29:02.374048400,0.054048400,0
'2026-08-22 08:29:02.374059900,0.054059900,1
'2026-08-22 08:29:02.374074500,0.054074500,0
'2026-08-22 08:29:02.374085900,0.054085900,1
'2026-08-22 08:29:02.374100500,0.054100500,0
'2026-08-22 08:29:02.374112000,0.054112000,1
'2026-08-22 08:29:02.374126700,0.054126700,0
'2026-08-22 08:29:02.374134000,0.054134000,1
'2026-08-22 08:29:02.374134100,0.054134100,0
'2026-08-22 08:29:02.374138100,0.054138100,1
'2026-08-22 08:29:02.374153000,0.054153000,0
'2026-08-22 08:29:02.374164200,0.054164200,1
'2026-08-22 08:29:02.374178600,0.054178600,0
'2026-08-22 08:29:02.374178700,0.054178700,1
'2026-08-22 08:29:02.374178800,0.054178800,0
'2026-08-22 08:29:02.374190300,0.054190300,1
'2026-08-22 08:29:02.374205100,0.054205100,0
'2026-08-22 08:29:02.374216400,0.054216400,1
'2026-08-22 08:29:02.374231000,0.054231000,0
'2026-08-22 08:29:02.374233900,0.054233900,1
'2026-08-22 08:29:02.374234000,0.054234000,0
'2026-08-22 08:29:02.374242400,0.054242400,1
'2026-08-22 08:29:02.374257100,0.054257100,0
'2026-08-22 08:29:02.374268500,0.054268500,1
'2026-08-22 08:29:02.374283400,0.054283400,0
'2026-08-22 08:29:02.374294600,0.054294600,1
'2026-08-22 08:29:02.374309100,0.054309100,0
'2026-08-22 08:29:02.374309500,0.054309500,1
'2026-08-22 08:29:02.374309600,0.054309600,0
'2026-08-22 08:29:02.374313100,0.054313100,1
'2026-08-22 08:29:02.374313200,0.054313200,0
'2026-08-22 08:29:02.374320700,0.054320700,1
'2026-08-22 08:29:02.375541100,0.055541100,0
'2026-08-22 08:29:02.375546200,0.055546200,1
'2026-08-22 08:29:02.375561000,0.055561000,0
'2026-08-22 08:29:02.375561500,0.055561500,1
'2026-08-22 08:29:02.375561600,0.055561600,0
'2026-08-22 08:29:02.375572300,0.055572300,1
'2026-08-22 08:29:02.375586800,0.055586800,0
'2026-08-22 08:29:02.375598400,0.055598400,1
'2026-08-22 08:29:02.375613000,0.055613000,0
'2026-08-22 08:29:02.375624500,0.055624500,1
'2026-08-22 08:29:02.375639000,0.055639000,0
'2026-08-22 08:29:02.375650600,0.055650600,1
'2026-08-22 08:29:02.375665100,0.055665100,0
'2026-08-22 08:29:02.375676600,0.055676600,1
'2026-08-22 08:29:02.375691300,0.055691300,0
'2026-08-22 08:29:02.375694300,0.055694300,1
'2026-08-22 08:29:02.375694400,0.055694400,0
'2026-08-22 08:29:02.375702700,0.055702700,1
'2026-08-22 08:29:02.375717200,0.055717200,0
'2026-08-22 08:29:02.375728800,0.055728800,1
'2026-08-22 08:29:02.375743800,0.055743800,0
'2026-08-22 08:29:02.375743900,0.055743900,1
'2026-08-22 08:29:02.375744000,0.055744000,0
'2026-08-22 08:29:02.375754900,0.055754900,1
'2026-08-22 08:29:02.375769200,0.055769200,0
'2026-08-22 08:29:02.375781000,0.055781000,1
'2026-08-22 08:29:02.375795800,0.055795800,0
'2026-08-22 08:29:02.375807100,0.055807100,1
'2026-08-22 08:29:02.375821800,0.055821800,0
'2026-08-22 08:29:02.375833100,0.055833100,1
'2026-08-22 08:29:02.375847600,0.055847600,0
'2026-08-22 08:29:02.375859200,0.055859200,1
'2026-08-22 08:29:02.375873900,0.055873900,0
'2026-08-22 08:29:02.375874000,0.055874000,1
'2026-08-22 08:29:02.375874200,0.055874200,0
'2026-08-22 08:29:02.375885300,0.055885300,1
'2026-08-22 08:29:02.375899800,0.055899800,0
'2026-08-22 08:29:02.375911400,0.055911400,1
'2026-08-22 08:29:02.375926100,0.055926100,0
'2026-08-22 08:29:02.375935800,0.055935800,1
'2026-08-22 08:29:02.375935900,0.055935900,0
'2026-08-22 08:29:02.375937500,0.055937500,1
'2026-08-22 08:29:02.376369200,0.056369200,0
'2026-08-22 08:29:02.376369600,0.056369600,1
'2026-08-22 08:29:02.376369700,0.056369700,0
'2026-08-22 08:29:02.376380700,0.056380700,1
'2026-08-22 08:29:02.376395400,0.056395400,0
'2026-08-22 08:29:02.376395500,0.056395500,1
'2026-08-22 08:29:02.376395600,0.056395600,0
'2026-08-22 08:29:02.376406800,0.056406800,1
'2026-08-22 08:29:02.376421400,0.056421400,0
'2026-08-22 08:29:02.376432900,0.056432900,1
'2026-08-22 08:29:02.376447600,0.056447600,0
'2026-08-22 08:29:02.376459000,0.056459000,1
'2026-08-22 08:29:02.376473500,0.056473500,0
'2026-08-22 08:29:02.376485100,0.056485100,1
'2026-08-22 08:29:02.376499700,0.056499700,0
'2026-08-22 08:29:02.376511200,0.056511200,1
'2026-08-22 08:29:02.376526000,0.056526000,0
'2026-08-22 08:29:02.376537200,0.056537200,1
'2026-08-22 08:29:02.376551700,0.056551700,0
'2026-08-22 08:29:02.376555500,0.056555500,1
'2026-08-22 08:29:02.376555600,0.056555600,0
'2026-08-22 08:29:02.376558000,0.056558000,1
'2026-08-22 08:29:02.376558100,0.056558100,0
'2026-08-22 08:29:02.376563300,0.056563300,1
'2026-08-22 08:29:02.376578300,0.056578300,0
'2026-08-22 08:29:02.376578400,0.056578400,1
'2026-08-22 08:29:02.376578600,0.056578600,0
'2026-08-22 08:29:02.376589400,0.056589400,1
'2026-08-22 08:29:02.376603800,0.056603800,0
'2026-08-22 08:29:02.376615500,0.056615500,1
'2026-08-22 08:29:02.376630100,0.056630100,0
'2026-08-22 08:29:02.376641600,0.056641600,1
'2026-08-22 08:29:02.376656200,0.056656200,0
'2026-08-22 08:29:02.376658400,0.056658400,1
'2026-08-22 08:29:02.376658500,0.056658500,0
'2026-08-22 08:29:02.376667700,0.056667700,1
'2026-08-22 08:29:02.376682100,0.056682100,0
'2026-08-22 08:29:02.376682300,0.056682300,1
'2026-08-22 08:29:02.376682400,0.056682400,0
'2026-08-22 08:29:02.376693800,0.056693800,1
'2026-08-22 08:29:02.376708500,0.056708500,0
'2026-08-22 08:29:02.376708600,0.056708600,1
'2026-08-22 08:29:02.376708800,0.056708800,0
'2026-08-22 08:29:02.376719800,0.056719800,1
'2026-08-22 08:29:02.376734400,0.056734400,0
'2026-08-22 08:29:02.376745900,0.056745900,1
'2026-08-22 08:29:02.376760700,0.056760700,0
'2026-08-22 08:29:02.376767600,0.056767600,1
'2026-08-22 08:29:02.376767700,0.056767700,0
'2026-08-22 08:29:02.376772000,0.056772000,1
'2026-08-22 08:29:02.377187600,0.057187600,0
'2026-08-22 08:29:02.377189200,0.057189200,1
'2026-08-22 08:29:02.377203600,0.057203600,0
'2026-08-22 08:29:02.377215200,0.057215200,1
'2026-08-22 08:29:02.377229900,0.057229900,0
'2026-08-22 08:29:02.377241300,0.057241300,1
'2026-08-22 08:29:02.377255900,0.057255900,0
'2026-08-22 08:29:02.377267400,0.057267400,1
'2026-08-22 08:29:02.377282400,0.057282400,0
'2026-08-22 08:29:02.377282700,0.057282700,1
'2026-08-22 08:29:02.377282800,0.057282800,0
'2026-08-22 08:29:02.377293500,0.057293500,1
'2026-08-22 08:29:02.377308000,0.057308000,0
'2026-08-22 08:29:02.377319600,0.057319600,1
'2026-08-22 08:29:02.377334400,0.057334400,0
'2026-08-22 08:29:02.377334500,0.057334500,1
'2026-08-22 08:29:02.377334600,0.057334600,0
'2026-08-22 08:29:02.377341600,0.057341600,1
'2026-08-22 08:29:02.377341700,0.057341700,0
'2026-08-22 08:29:02.377345700,0.057345700,1
'2026-08-22 08:29:02.377360200,0.057360200,0
'2026-08-22 08:29:02.377360300,0.057360300,1
'2026-08-22 08:29:02.377360500,0.057360500,0
'2026-08-22 08:29:02.377362300,0.057362300,1
'2026-08-22 08:29:02.377362400,0.057362400,0
'2026-08-22 08:29:02.377371800,0.057371800,1
'2026-08-22 08:29:02.377386200,0.057386200,0
'2026-08-22 08:29:02.377397800,0.057397800,1
'2026-08-22 08:29:02.377412500,0.057412500,0
'2026-08-22 08:29:02.377423900,0.057423900,1
'2026-08-22 08:29:02.377438400,0.057438400,0
'2026-08-22 08:29:02.377438600,0.057438600,1
'2026-08-22 08:29:02.377438700,0.057438700,0
'2026-08-22 08:29:02.377450000,0.057450000,1
'2026-08-22 08:29:02.377464600,0.057464600,0
'2026-08-22 08:29:02.377476100,0.057476100,1
'2026-08-22 08:29:02.377490700,0.057490700,0
'2026-08-22 08:29:02.377502200,0.057502200,1
'2026-08-22 08:29:02.377516900,0.057516900,0
'2026-08-22 08:29:02.377528300,0.057528300,1
'2026-08-22 08:29:02.377542900,0.057542900,0
'2026-08-22 08:29:02.377554300,0.057554300,1
'2026-08-22 08:29:02.377569000,0.057569000,0
'2026-08-22 08:29:02.377580400,0.057580400,1
'2026-08-22 08:29:02.377595000,0.057595000,0
'2026-08-22 08:29:02.377596900,0.057596900,1
'2026-08-22 08:29:02.378012300,0.058012300,0
'2026-08-22 08:29:02.378023700,0.058023700,1
'2026-08-22 08:29:02.378038300,0.058038300,0
'2026-08-22 08:29:02.378043600,0.058043600,1
'2026-08-22 08:29:02.378043700,0.058043700,0
'2026-08-22 08:29:02.378049800,0.058049800,1
'2026-08-22 08:29:02.378064400,0.058064400,0
'2026-08-22 08:29:02.378064700,0.058064700,1
'2026-08-22 08:29:02.378064900,0.058064900,0
'2026-08-22 08:29:02.378075900,0.058075900,1
'2026-08-22 08:29:02.378090400,0.058090400,0
'2026-08-22 08:29:02.378102000,0.058102000,1
'2026-08-22 08:29:02.378116600,0.058116600,0
'2026-08-22 08:29:02.378128000,0.058128000,1
'2026-08-22 08:29:02.378142700,0.058142700,0
'2026-08-22 08:29:02.378154100,0.058154100,1
'2026-08-22 08:29:02.378168900,0.058168900,0
'2026-08-22 08:29:02.378180200,0.058180200,1
'2026-08-22 08:29:02.378194900,0.058194900,0
'2026-08-22 08:29:02.378195000,0.058195000,1
'2026-08-22 08:29:02.378195200,0.058195200,0
'2026-08-22 08:29:02.378206300,0.058206300,1
'2026-08-22 08:29:02.378220900,0.058220900,0
'2026-08-22 08:29:02.378232400,0.058232400,1
'2026-08-22 08:29:02.378247000,0.058247000,0
'2026-08-22 08:29:02.378247100,0.058247100,1
'2026-08-22 08:29:02.378247200,0.058247200,0
'2026-08-22 08:29:02.378258500,0.058258500,1
'2026-08-22 08:29:02.378273000,0.058273000,0
'2026-08-22 08:29:02.378284600,0.058284600,1
'2026-08-22 08:29:02.378299400,0.058299400,0
'2026-08-22 08:29:02.378310700,0.058310700,1
'2026-08-22 08:29:02.378325200,0.058325200,0
'2026-08-22 08:29:02.378325300,0.058325300,1
'2026-08-22 08:29:02.378325400,0.058325400,0
'2026-08-22 08:29:02.378336800,0.058336800,1
'2026-08-22 08:29:02.378351400,0.058351400,0
'2026-08-22 08:29:02.378352000,0.058352000,1
'2026-08-22 08:29:02.378352100,0.058352100,0
'2026-08-22 08:29:02.378352900,0.058352900,1
'2026-08-22 08:29:02.378353000,0.058353000,0
'2026-08-22 08:29:02.378353300,0.058353300,1
'2026-08-22 08:29:02.378353400,0.058353400,0
'2026-08-22 08:29:02.378362800,0.058362800,1
'2026-08-22 08:29:02.378377300,0.058377300,0
'2026-08-22 08:29:02.378388900,0.058388900,1
'2026-08-22 08:29:02.378403500,0.058403500,0
'2026-08-22 08:29:02.378403700,0.058403700,1
'2026-08-22 08:29:02.378403800,0.058403800,0
'2026-08-22 08:29:02.378415000,0.058415000,1
'2026-08-22 08:29:02.379628800,0.059628800,0
'2026-08-22 08:29:02.379640500,0.059640500,1
'2026-08-22 08:29:02.379655100,0.059655100,0
'2026-08-22 08:29:02.379666600,0.059666600,1
'2026-08-22 08:29:02.379681200,0.059681200,0
'2026-08-22 08:29:02.379692700,0.059692700,1
'2026-08-22 08:29:02.379707200,0.059707200,0
'2026-08-22 08:29:02.379707300,0.059707300,1
'2026-08-22 08:29:02.379707400,0.059707400,0
'2026-08-22 08:29:02.379718800,0.059718800,1
'2026-08-22 08:29:02.379733300,0.059733300,0
'2026-08-22 08:29:02.379744800,0.059744800,1
'2026-08-22 08:29:02.379759300,0.059759300,0
'2026-08-22 08:29:02.379770900,0.059770900,1
'2026-08-22 08:29:02.379785500,0.059785500,0
'2026-08-22 08:29:02.379797000,0.059797000,1
'2026-08-22 08:29:02.379811700,0.059811700,0
'2026-08-22 08:29:02.379823100,0.059823100,1
'2026-08-22 08:29:02.379837800,0.059837800,0
'2026-08-22 08:29:02.379849200,0.059849200,1
'2026-08-22 08:29:02.379864100,0.059864100,0
'2026-08-22 08:29:02.379875300,0.059875300,1
'2026-08-22 08:29:02.379889800,0.059889800,0
'2026-08-22 08:29:02.379901400,0.059901400,1
'2026-08-22 08:29:02.379916100,0.059916100,0
'2026-08-22 08:29:02.379927400,0.059927400,1
'2026-08-22 08:29:02.379942000,0.059942000,0
'2026-08-22 08:29:02.379942300,0.059942300,1
'2026-08-22 08:29:02.379942400,0.059942400,0
'2026-08-22 08:29:02.379953500,0.059953500,1
'2026-08-22 08:29:02.379968200,0.059968200,0
'2026-08-22 08:29:02.379979600,0.059979600,1
'2026-08-22 08:29:02.379994200,0.059994200,0
'2026-08-22 08:29:02.379994300,0.059994300,1
'2026-08-22 08:29:02.379994400,0.059994400,0
'2026-08-22 08:29:02.379995500,0.059995500,1
'2026-08-22 08:29:02.379995600,0.059995600,0
'2026-08-22 08:29:02.379995900,0.059995900,1
'2026-08-22 08:29:02.379996000,0.059996000,0
'2026-08-22 08:29:02.380005700,0.060005700,1
'2026-08-22 08:29:02.380020300,0.060020300,0
'2026-08-22 08:29:02.380031800,0.060031800,1
'2026-08-22 08:29:02.380448900,0.060448900,0
'2026-08-22 08:29:02.380449000,0.060449000,1
'2026-08-22 08:29:02.380463500,0.060463500,0
'2026-08-22 08:29:02.380475000,0.060475000,1
'2026-08-22 08:29:02.380489800,0.060489800,0
'2026-08-22 08:29:02.380501100,0.060501100,1
'2026-08-22 08:29:02.380515600,0.060515600,0
'2026-08-22 08:29:02.380527200,0.060527200,1
'2026-08-22 08:29:02.380542000,0.060542000,0
'2026-08-22 08:29:02.380553300,0.060553300,1
'2026-08-22 08:29:02.380568000,0.060568000,0
'2026-08-22 08:29:02.380579400,0.060579400,1
'2026-08-22 08:29:02.380593900,0.060593900,0
'2026-08-22 08:29:02.380605500,0.060605500,1
'2026-08-22 08:29:02.380620200,0.060620200,0
'2026-08-22 08:29:02.380631600,0.060631600,1
'2026-08-22 08:29:02.380646300,0.060646300,0
'2026-08-22 08:29:02.380657700,0.060657700,1
'2026-08-22 08:29:02.380672400,0.060672400,0
'2026-08-22 08:29:02.380683700,0.060683700,1
'2026-08-22 08:29:02.380698400,0.060698400,0
'2026-08-22 08:29:02.380698500,0.060698500,1
'2026-08-22 08:29:02.380698600,0.060698600,0
'2026-08-22 08:29:02.380709800,0.060709800,1
'2026-08-22 08:29:02.380724500,0.060724500,0
'2026-08-22 08:29:02.380735900,0.060735900,1
'2026-08-22 08:29:02.380750600,0.060750600,0
'2026-08-22 08:29:02.380750700,0.060750700,1
'2026-08-22 08:29:02.380751000,0.060751000,0
'2026-08-22 08:29:02.380751300,0.060751300,1
'2026-08-22 08:29:02.380751400,0.060751400,0
'2026-08-22 08:29:02.380762000,0.060762000,1
'2026-08-22 08:29:02.380776600,0.060776600,0
'2026-08-22 08:29:02.380788100,0.060788100,1
'2026-08-22 08:29:02.380802800,0.060802800,0
'2026-08-22 08:29:02.380814200,0.060814200,1
'2026-08-22 08:29:02.380828800,0.060828800,0
'2026-08-22 08:29:02.380828900,0.060828900,1
'2026-08-22 08:29:02.380829100,0.060829100,0
'2026-08-22 08:29:02.380840200,0.060840200,1
'2026-08-22 08:29:02.380854800,0.060854800,0
'2026-08-22 08:29:02.380857900,0.060857900,1
'2026-08-22 08:29:02.381272100,0.061272100,0
'2026-08-22 08:29:02.381275900,0.061275900,1
'2026-08-22 08:29:02.381276000,0.061276000,0
'2026-08-22 08:29:02.381283500,0.061283500,1
'2026-08-22 08:29:02.381298200,0.061298200,0
'2026-08-22 08:29:02.381309600,0.061309600,1
'2026-08-22 08:29:02.381324200,0.061324200,0
'2026-08-22 08:29:02.381335700,0.061335700,1
'2026-08-22 08:29:02.381350500,0.061350500,0
'2026-08-22 08:29:02.381350700,0.061350700,1
'2026-08-22 08:29:02.381350800,0.061350800,0
'2026-08-22 08:29:02.381361800,0.061361800,1
'2026-08-22 08:29:02.381376400,0.061376400,0
'2026-08-22 08:29:02.381387900,0.061387900,1
'2026-08-22 08:29:02.381402900,0.061402900,0
'2026-08-22 08:29:02.381414000,0.061414000,1
'2026-08-22 08:29:02.381428500,0.061428500,0
'2026-08-22 08:29:02.381440000,0.061440000,1
'2026-08-22 08:29:02.381454900,0.061454900,0
'2026-08-22 08:29:02.381455200,0.061455200,1
'2026-08-22 08:29:02.381455300,0.061455300,0
'2026-08-22 08:29:02.381466100,0.061466100,1
'2026-08-22 08:29:02.381480700,0.061480700,0
'2026-08-22 08:29:02.381492200,0.061492200,1
'2026-08-22 08:29:02.381506800,0.061506800,0
'2026-08-22 08:29:02.381518300,0.061518300,1
'2026-08-22 08:29:02.381533200,0.061533200,0
'2026-08-22 08:29:02.381533500,0.061533500,1
'2026-08-22 08:29:02.381533600,0.061533600,0
'2026-08-22 08:29:02.381544400,0.061544400,1
'2026-08-22 08:29:02.381558900,0.061558900,0
'2026-08-22 08:29:02.381560300,0.061560300,1
'2026-08-22 08:29:02.381560400,0.061560400,0
'2026-08-22 08:29:02.381570500,0.061570500,1
'2026-08-22 08:29:02.381585300,0.061585300,0
'2026-08-22 08:29:02.381585500,0.061585500,1
'2026-08-22 08:29:02.381585600,0.061585600,0
'2026-08-22 08:29:02.381586100,0.061586100,1
'2026-08-22 08:29:02.381586200,0.061586200,0
'2026-08-22 08:29:02.381596600,0.061596600,1
'2026-08-22 08:29:02.381611300,0.061611300,0
'2026-08-22 08:29:02.381622600,0.061622600,1
'2026-08-22 08:29:02.381637200,0.061637200,0
'2026-08-22 08:29:02.381638400,0.061638400,1
'2026-08-22 08:29:02.381638500,0.061638500,0
'2026-08-22 08:29:02.381642000,0.061642000,1
'2026-08-22 08:29:02.381642100,0.061642100,0
'2026-08-22 08:29:02.381648700,0.061648700,1
'2026-08-22 08:29:02.381663900,0.061663900,0
'2026-08-22 08:29:02.381674800,0.061674800,1
'2026-08-22 08:29:02.382106800,0.062106800,0
'2026-08-22 08:29:02.382118100,0.062118100,1
'2026-08-22 08:29:02.382132500,0.062132500,0
'2026-08-22 08:29:02.382144200,0.062144200,1
'2026-08-22 08:29:02.382159000,0.062159000,0
'2026-08-22 08:29:02.382159200,0.062159200,1
'2026-08-22 08:29:02.382159300,0.062159300,0
'2026-08-22 08:29:02.382170300,0.062170300,1
'2026-08-22 08:29:02.382185100,0.062185100,0
'2026-08-22 08:29:02.382196300,0.062196300,1
'2026-08-22 08:29:02.382210900,0.062210900,0
'2026-08-22 08:29:02.382222400,0.062222400,1
'2026-08-22 08:29:02.382237200,0.062237200,0
'2026-08-22 08:29:02.382237500,0.062237500,1
'2026-08-22 08:29:02.382237600,0.062237600,0
'2026-08-22 08:29:02.382238000,0.062238000,1
'2026-08-22 08:29:02.382238100,0.062238100,0
'2026-08-22 08:29:02.382241800,0.062241800,1
'2026-08-22 08:29:02.382241900,0.062241900,0
'2026-08-22 08:29:02.382248500,0.062248500,1
'2026-08-22 08:29:02.382263000,0.062263000,0
'2026-08-22 08:29:02.382274600,0.062274600,1
'2026-08-22 08:29:02.382289300,0.062289300,0
'2026-08-22 08:29:02.382289500,0.062289500,1
'2026-08-22 08:29:02.382289600,0.062289600,0
'2026-08-22 08:29:02.382300700,0.062300700,1
'2026-08-22 08:29:02.382315400,0.062315400,0
'2026-08-22 08:29:02.382315700,0.062315700,1
'2026-08-22 08:29:02.382315800,0.062315800,0
'2026-08-22 08:29:02.382326800,0.062326800,1
'2026-08-22 08:29:02.382341200,0.062341200,0
'2026-08-22 08:29:02.382352800,0.062352800,1
'2026-08-22 08:29:02.382367900,0.062367900,0
'2026-08-22 08:29:02.382368300,0.062368300,1
'2026-08-22 08:29:02.382368500,0.062368500,0
'2026-08-22 08:29:02.382369500,0.062369500,1
'2026-08-22 08:29:02.382369600,0.062369600,0
'2026-08-22 08:29:02.382378900,0.062378900,1
'2026-08-22 08:29:02.382393300,0.062393300,0
'2026-08-22 08:29:02.382399900,0.062399900,1
'2026-08-22 08:29:02.382400000,0.062400000,0
'2026-08-22 08:29:02.382405000,0.062405000,1
'2026-08-22 08:29:02.382420200,0.062420200,0
'2026-08-22 08:29:02.382420300,0.062420300,1
'2026-08-22 08:29:02.382420500,0.062420500,0
'2026-08-22 08:29:02.382427500,0.062427500,1
'2026-08-22 08:29:02.382427600,0.062427600,0
'2026-08-22 08:29:02.382431100,0.062431100,1
'2026-08-22 08:29:02.382445600,0.062445600,0
'2026-08-22 08:29:02.382449600,0.062449600,1
'2026-08-22 08:29:02.382449700,0.062449700,0
'2026-08-22 08:29:02.382457200,0.062457200,1
'2026-08-22 08:29:02.382471800,0.062471800,0
'2026-08-22 08:29:02.382471900,0.062471900,1
'2026-08-22 08:29:02.382472000,0.062472000,0
'2026-08-22 08:29:02.382483300,0.062483300,1
'2026-08-22 08:29:02.382498100,0.062498100,0
'2026-08-22 08:29:02.382498600,0.062498600,1
'2026-08-22 08:29:02.382498700,0.062498700,0
'2026-08-22 08:29:02.382504800,0.062504800,1
'2026-08-22 08:29:02.382919100,0.062919100,0
'2026-08-22 08:29:02.382926500,0.062926500,1
'2026-08-22 08:29:02.382941400,0.062941400,0
'2026-08-22 08:29:02.382952600,0.062952600,1
'2026-08-22 08:29:02.382967200,0.062967200,0
'2026-08-22 08:29:02.382978700,0.062978700,1
'2026-08-22 08:29:02.382993300,0.062993300,0
'2026-08-22 08:29:02.383004800,0.063004800,1
'2026-08-22 08:29:02.383019600,0.063019600,0
'2026-08-22 08:29:02.383030800,0.063030800,1
'2026-08-22 08:29:02.383045600,0.063045600,0
'2026-08-22 08:29:02.383056900,0.063056900,1
'2026-08-22 08:29:02.383071600,0.063071600,0
'2026-08-22 08:29:02.383083000,0.063083000,1
'2026-08-22 08:29:02.383097800,0.063097800,0
'2026-08-22 08:29:02.383100900,0.063100900,1
'2026-08-22 08:29:02.383101000,0.063101000,0
'2026-08-22 08:29:02.383109100,0.063109100,1
'2026-08-22 08:29:02.383123700,0.063123700,0
'2026-08-22 08:29:02.383135200,0.063135200,1
'2026-08-22 08:29:02.383149900,0.063149900,0
'2026-08-22 08:29:02.383161300,0.063161300,1
'2026-08-22 08:29:02.383176100,0.063176100,0
'2026-08-22 08:29:02.383187300,0.063187300,1
'2026-08-22 08:29:02.383202000,0.063202000,0
'2026-08-22 08:29:02.383209200,0.063209200,1
'2026-08-22 08:29:02.383210200,0.063210200,0
'2026-08-22 08:29:02.383211500,0.063211500,1
'2026-08-22 08:29:02.383212400,0.063212400,0
'2026-08-22 08:29:02.383213400,0.063213400,1
'2026-08-22 08:29:02.383228100,0.063228100,0
'2026-08-22 08:29:02.383239500,0.063239500,1
'2026-08-22 08:29:02.383254200,0.063254200,0
'2026-08-22 08:29:02.383265600,0.063265600,1
'2026-08-22 08:29:02.383280300,0.063280300,0
'2026-08-22 08:29:02.383280500,0.063280500,1
'2026-08-22 08:29:02.383280600,0.063280600,0
'2026-08-22 08:29:02.383291700,0.063291700,1
'2026-08-22 08:29:02.383306400,0.063306400,0
'2026-08-22 08:29:02.383317800,0.063317800,1
'2026-08-22 08:29:02.383749600,0.063749600,0
'2026-08-22 08:29:02.383761000,0.063761000,1
'2026-08-22 08:29:02.383775900,0.063775900,0
'2026-08-22 08:29:02.383787100,0.063787100,1
'2026-08-22 08:29:02.383801600,0.063801600,0
'2026-08-22 08:29:02.383813200,0.063813200,1
'2026-08-22 08:29:02.383828100,0.063828100,0
'2026-08-22 08:29:02.383828400,0.063828400,1
'2026-08-22 08:29:02.383828500,0.063828500,0
'2026-08-22 08:29:02.383828600,0.063828600,1
'2026-08-22 08:29:02.383828700,0.063828700,0
'2026-08-22 08:29:02.383828900,0.063828900,1
'2026-08-22 08:29:02.383829000,0.063829000,0
'2026-08-22 08:29:02.383839300,0.063839300,1
'2026-08-22 08:29:02.383853800,0.063853800,0
'2026-08-22 08:29:02.383857600,0.063857600,1
'2026-08-22 08:29:02.383857700,0.063857700,0
'2026-08-22 08:29:02.383865400,0.063865400,1
'2026-08-22 08:29:02.383880100,0.063880100,0
'2026-08-22 08:29:02.383887900,0.063887900,1
'2026-08-22 08:29:02.383888000,0.063888000,0
'2026-08-22 08:29:02.383891500,0.063891500,1
'2026-08-22 08:29:02.383906700,0.063906700,0
'2026-08-22 08:29:02.383907200,0.063907200,1
'2026-08-22 08:29:02.383907300,0.063907300,0
'2026-08-22 08:29:02.383907800,0.063907800,1
'2026-08-22 08:29:02.383907900,0.063907900,0
'2026-08-22 08:29:02.383917500,0.063917500,1
'2026-08-22 08:29:02.383932000,0.063932000,0
'2026-08-22 08:29:02.383943600,0.063943600,1
'2026-08-22 08:29:02.383958400,0.063958400,0
'2026-08-22 08:29:02.383969700,0.063969700,1
'2026-08-22 08:29:02.383984400,0.063984400,0
'2026-08-22 08:29:02.383995800,0.063995800,1
'2026-08-22 08:29:02.384010600,0.064010600,0
'2026-08-22 08:29:02.384021900,0.064021900,1
'2026-08-22 08:29:02.384036700,0.064036700,0
'2026-08-22 08:29:02.384038000,0.064038000,1
'2026-08-22 08:29:02.384038100,0.064038100,0
'2026-08-22 08:29:02.384038700,0.064038700,1
'2026-08-22 08:29:02.384038800,0.064038800,0
'2026-08-22 08:29:02.384048000,0.064048000,1
'2026-08-22 08:29:02.384062700,0.064062700,0
'2026-08-22 08:29:02.384074100,0.064074100,1
'2026-08-22 08:29:02.384088900,0.064088900,0
'2026-08-22 08:29:02.384089000,0.064089000,1
'2026-08-22 08:29:02.384089100,0.064089100,0
'2026-08-22 08:29:02.384100100,0.064100100,1
'2026-08-22 08:29:02.384114700,0.064114700,0
'2026-08-22 08:29:02.384126200,0.064126200,1
'2026-08-22 08:29:02.384141000,0.064141000,0
'2026-08-22 08:29:02.384151600,0.064151600,1
'2026-08-22 08:29:02.384565700,0.064565700,0
'2026-08-22 08:29:02.384569500,0.064569500,1
'2026-08-22 08:29:02.384584300,0.064584300,0
'2026-08-22 08:29:02.384595600,0.064595600,1
'2026-08-22 08:29:02.384610200,0.064610200,0
'2026-08-22 08:29:02.384621700,0.064621700,1
'2026-08-22 08:29:02.384636300,0.064636300,0
'2026-08-22 08:29:02.384647800,0.064647800,1
'2026-08-22 08:29:02.384662600,0.064662600,0
'2026-08-22 08:29:02.384662700,0.064662700,1
'2026-08-22 08:29:02.384662800,0.064662800,0
'2026-08-22 08:29:02.384673900,0.064673900,1
'2026-08-22 08:29:02.384688400,0.064688400,0
'2026-08-22 08:29:02.384688700,0.064688700,1
'2026-08-22 08:29:02.384688800,0.064688800,0
'2026-08-22 08:29:02.384692200,0.064692200,1
'2026-08-22 08:29:02.384692300,0.064692300,0
'2026-08-22 08:29:02.384699900,0.064699900,1
'2026-08-22 08:29:02.384714600,0.064714600,0
'2026-08-22 08:29:02.384723600,0.064723600,1
'2026-08-22 08:29:02.384723700,0.064723700,0
'2026-08-22 08:29:02.384726000,0.064726000,1
'2026-08-22 08:29:02.384740900,0.064740900,0
'2026-08-22 08:29:02.384741300,0.064741300,1
'2026-08-22 08:29:02.384741400,0.064741400,0
'2026-08-22 08:29:02.384741900,0.064741900,1
'2026-08-22 08:29:02.384742000,0.064742000,0
'2026-08-22 08:29:02.384742500,0.064742500,1
'2026-08-22 08:29:02.384742600,0.064742600,0
'2026-08-22 08:29:02.384752100,0.064752100,1
'2026-08-22 08:29:02.384766700,0.064766700,0
'2026-08-22 08:29:02.384778200,0.064778200,1
'2026-08-22 08:29:02.384793000,0.064793000,0
'2026-08-22 08:29:02.384793300,0.064793300,1
'2026-08-22 08:29:02.384793400,0.064793400,0
'2026-08-22 08:29:02.384802100,0.064802100,1
'2026-08-22 08:29:02.384802200,0.064802200,0
'2026-08-22 08:29:02.384804300,0.064804300,1
'2026-08-22 08:29:02.384818800,0.064818800,0
'2026-08-22 08:29:02.384823100,0.064823100,1
'2026-08-22 08:29:02.384823200,0.064823200,0
'2026-08-22 08:29:02.384823500,0.064823500,1
'2026-08-22 08:29:02.384823600,0.064823600,0
'2026-08-22 08:29:02.384824200,0.064824200,1
'2026-08-22 08:29:02.384824300,0.064824300,0
'2026-08-22 08:29:02.384830400,0.064830400,1
'2026-08-22 08:29:02.384845100,0.064845100,0
'2026-08-22 08:29:02.384845300,0.064845300,1
'2026-08-22 08:29:02.384845400,0.064845400,0
'2026-08-22 08:29:02.384856500,0.064856500,1
'2026-08-22 08:29:02.384871200,0.064871200,0
'2026-08-22 08:29:02.384873200,0.064873200,1
'2026-08-22 08:29:02.384873400,0.064873400,0
'2026-08-22 08:29:02.384882500,0.064882500,1
'2026-08-22 08:29:02.384897000,0.064897000,0
'2026-08-22 08:29:02.384902000,0.064902000,1
'2026-08-22 08:29:02.384902100,0.064902100,0
'2026-08-22 08:29:02.384902500,0.064902500,1
'2026-08-22 08:29:02.384902600,0.064902600,0
'2026-08-22 08:29:02.384902800,0.064902800,1
'2026-08-22 08:29:02.384902900,0.064902900,0
'2026-08-22 08:29:02.384903100,0.064903100,1
'2026-08-22 08:29:02.384903300,0.064903300,0
'2026-08-22 08:29:02.384903700,0.064903700,1
'2026-08-22 08:29:02.384903800,0.064903800,0
'2026-08-22 08:29:02.384904100,0.064904100,1
'2026-08-22 08:29:02.384904200,0.064904200,0
'2026-08-22 08:29:02.384908600,0.064908600,1
'2026-08-22 08:29:02.384923900,0.064923900,0
'2026-08-22 08:29:02.384924000,0.064924000,1
'2026-08-22 08:29:02.384924900,0.064924900,0
'2026-08-22 08:29:02.384933500,0.064933500,1
'2026-08-22 08:29:02.384933600,0.064933600,0
'2026-08-22 08:29:02.384934500,0.064934500,1
'2026-08-22 08:29:02.384934600,0.064934600,0
'2026-08-22 08:29:02.384934700,0.064934700,1
'2026-08-22 08:29:02.384949100,0.064949100,0
'2026-08-22 08:29:02.384953400,0.064953400,1
'2026-08-22 08:29:02.384953500,0.064953500,0
'2026-08-22 08:29:02.384954500,0.064954500,1
'2026-08-22 08:29:02.384954600,0.064954600,0
'2026-08-22 08:29:02.384955500,0.064955500,1
'2026-08-22 08:29:02.384955600,0.064955600,0
'2026-08-22 08:29:02.384960800,0.064960800,1
'2026-08-22 08:29:02.385392400,0.065392400,0
'2026-08-22 08:29:02.385392500,0.065392500,1
'2026-08-22 08:29:02.385392800,0.065392800,0
'2026-08-22 08:29:02.385395100,0.065395100,1
'2026-08-22 08:29:02.385395200,0.065395200,0
'2026-08-22 08:29:02.385395600,0.065395600,1
'2026-08-22 08:29:02.385395800,0.065395800,0
'2026-08-22 08:29:02.385404000,0.065404000,1
'2026-08-22 08:29:02.385418800,0.065418800,0
'2026-08-22 08:29:02.385430100,0.065430100,1
'2026-08-22 08:29:02.385444900,0.065444900,0
'2026-08-22 08:29:02.385446500,0.065446500,1
'2026-08-22 08:29:02.385446600,0.065446600,0
'2026-08-22 08:29:02.385447100,0.065447100,1
'2026-08-22 08:29:02.385447200,0.065447200,0
'2026-08-22 08:29:02.385456200,0.065456200,1
'2026-08-22 08:29:02.385470800,0.065470800,0
'2026-08-22 08:29:02.385482300,0.065482300,1
'2026-08-22 08:29:02.385497400,0.065497400,0
'2026-08-22 08:29:02.385497500,0.065497500,1
'2026-08-22 08:29:02.385497600,0.065497600,0
'2026-08-22 08:29:02.385508400,0.065508400,1
'2026-08-22 08:29:02.385523100,0.065523100,0
'2026-08-22 08:29:02.385534500,0.065534500,1
'2026-08-22 08:29:02.385549400,0.065549400,0
'2026-08-22 08:29:02.385560600,0.065560600,1
'2026-08-22 08:29:02.385575300,0.065575300,0
'2026-08-22 08:29:02.385575600,0.065575600,1
'2026-08-22 08:29:02.385575700,0.065575700,0
'2026-08-22 08:29:02.385576800,0.065576800,1
'2026-08-22 08:29:02.385576900,0.065576900,0
'2026-08-22 08:29:02.385577900,0.065577900,1
'2026-08-22 08:29:02.385578000,0.065578000,0
'2026-08-22 08:29:02.385586600,0.065586600,1
'2026-08-22 08:29:02.385601200,0.065601200,0
'2026-08-22 08:29:02.385601300,0.065601300,1
'2026-08-22 08:29:02.385601400,0.065601400,0
'2026-08-22 08:29:02.385609500,0.065609500,1
'2026-08-22 08:29:02.385609600,0.065609600,0
'2026-08-22 08:29:02.385612700,0.065612700,1
'2026-08-22 08:29:02.385627700,0.065627700,0
'2026-08-22 08:29:02.385628200,0.065628200,1
'2026-08-22 08:29:02.385628300,0.065628300,0
'2026-08-22 08:29:02.385637000,0.065637000,1
'2026-08-22 08:29:02.385637100,0.065637100,0
'2026-08-22 08:29:02.385637200,0.065637200,1
'2026-08-22 08:29:02.385637300,0.065637300,0
'2026-08-22 08:29:02.385638800,0.065638800,1
'2026-08-22 08:29:02.385653400,0.065653400,0
'2026-08-22 08:29:02.385656300,0.065656300,1
'2026-08-22 08:29:02.385656400,0.065656400,0
'2026-08-22 08:29:02.385656800,0.065656800,1
'2026-08-22 08:29:02.385656900,0.065656900,0
'2026-08-22 08:29:02.385664900,0.065664900,1
'2026-08-22 08:29:02.385679800,0.065679800,0
'2026-08-22 08:29:02.385686700,0.065686700,1
'2026-08-22 08:29:02.385686800,0.065686800,0
'2026-08-22 08:29:02.385687000,0.065687000,1
'2026-08-22 08:29:02.385687100,0.065687100,0
'2026-08-22 08:29:02.385687200,0.065687200,1
'2026-08-22 08:29:02.385687300,0.065687300,0
'2026-08-22 08:29:02.385687600,0.065687600,1
'2026-08-22 08:29:02.385687900,0.065687900,0
'2026-08-22 08:29:02.385688300,0.065688300,1
'2026-08-22 08:29:02.385688400,0.065688400,0
'2026-08-22 08:29:02.385691000,0.065691000,1
'2026-08-22 08:29:02.385705600,0.065705600,0
'2026-08-22 08:29:02.385705800,0.065705800,1
'2026-08-22 08:29:02.385706100,0.065706100,0
'2026-08-22 08:29:02.385706500,0.065706500,1
'2026-08-22 08:29:02.385706600,0.065706600,0
'2026-08-22 08:29:02.385707100,0.065707100,1
'2026-08-22 08:29:02.385707200,0.065707200,0
'2026-08-22 08:29:02.385707700,0.065707700,1
'2026-08-22 08:29:02.385708000,0.065708000,0
'2026-08-22 08:29:02.385708300,0.065708300,1
'2026-08-22 08:29:02.385708400,0.065708400,0
'2026-08-22 08:29:02.385708900,0.065708900,1
'2026-08-22 08:29:02.385709000,0.065709000,0
'2026-08-22 08:29:02.385709400,0.065709400,1
'2026-08-22 08:29:02.385709500,0.065709500,0
'2026-08-22 08:29:02.385717000,0.065717000,1
'2026-08-22 08:29:02.385731600,0.065731600,0
'2026-08-22 08:29:02.385739200,0.065739200,1
'2026-08-22 08:29:02.385739300,0.065739300,0
'2026-08-22 08:29:02.385743200,0.065743200,1
'2026-08-22 08:29:02.385758000,0.065758000,0
'2026-08-22 08:29:02.385758100,0.065758100,1
'2026-08-22 08:29:02.385758200,0.065758200,0
'2026-08-22 08:29:02.385758500,0.065758500,1
'2026-08-22 08:29:02.385758600,0.065758600,0
'2026-08-22 08:29:02.385759100,0.065759100,1
'2026-08-22 08:29:02.385759200,0.065759200,0
'2026-08-22 08:29:02.385759700,0.065759700,1
'2026-08-22 08:29:02.385759800,0.065759800,0
'2026-08-22 08:29:02.385760300,0.065760300,1
'2026-08-22 08:29:02.385760400,0.065760400,0
'2026-08-22 08:29:02.385769200,0.065769200,1
'2026-08-22 08:29:02.385783800,0.065783800,0
'2026-08-22 08:29:02.385795300,0.065795300,1
'2026-08-22 08:29:02.386227100,0.066227100,0
'2026-08-22 08:29:02.386238600,0.066238600,1
'2026-08-22 08:29:02.386253300,0.066253300,0
'2026-08-22 08:29:02.386264700,0.066264700,1
'2026-08-22 08:29:02.386279300,0.066279300,0
'2026-08-22 08:29:02.386290800,0.066290800,1
'2026-08-22 08:29:02.386305300,0.066305300,0
'2026-08-22 08:29:02.386312200,0.066312200,1
'2026-08-22 08:29:02.386312300,0.066312300,0
'2026-08-22 08:29:02.386316800,0.066316800,1
'2026-08-22 08:29:02.386331700,0.066331700,0
'2026-08-22 08:29:02.386332900,0.066332900,1
'2026-08-22 08:29:02.386333000,0.066333000,0
'2026-08-22 08:29:02.386342900,0.066342900,1
'2026-08-22 08:29:02.386357600,0.066357600,0
'2026-08-22 08:29:02.386357700,0.066357700,1
'2026-08-22 08:29:02.386357800,0.066357800,0
'2026-08-22 08:29:02.386369000,0.066369000,1
'2026-08-22 08:29:02.386383600,0.066383600,0
'2026-08-22 08:29:02.386389100,0.066389100,1
'2026-08-22 08:29:02.386389200,0.066389200,0
'2026-08-22 08:29:02.386395100,0.066395100,1
'2026-08-22 08:29:02.386410000,0.066410000,0
'2026-08-22 08:29:02.386410200,0.066410200,1
'2026-08-22 08:29:02.386410300,0.066410300,0
'2026-08-22 08:29:02.386421200,0.066421200,1
'2026-08-22 08:29:02.386435600,0.066435600,0
'2026-08-22 08:29:02.386435700,0.066435700,1
'2026-08-22 08:29:02.386435800,0.066435800,0
'2026-08-22 08:29:02.386435900,0.066435900,1
'2026-08-22 08:29:02.386436000,0.066436000,0
'2026-08-22 08:29:02.386447300,0.066447300,1
'2026-08-22 08:29:02.386461900,0.066461900,0
'2026-08-22 08:29:02.386473400,0.066473400,1
'2026-08-22 08:29:02.386488000,0.066488000,0
'2026-08-22 08:29:02.386488100,0.066488100,1
'2026-08-22 08:29:02.386488200,0.066488200,0
'2026-08-22 08:29:02.386499400,0.066499400,1
'2026-08-22 08:29:02.386514400,0.066514400,0
'2026-08-22 08:29:02.386525500,0.066525500,1
'2026-08-22 08:29:02.386540100,0.066540100,0
'2026-08-22 08:29:02.386551600,0.066551600,1
'2026-08-22 08:29:02.386566400,0.066566400,0
'2026-08-22 08:29:02.386573900,0.066573900,1
'2026-08-22 08:29:02.386574000,0.066574000,0
'2026-08-22 08:29:02.386577700,0.066577700,1
'2026-08-22 08:29:02.386592600,0.066592600,0
'2026-08-22 08:29:02.386603800,0.066603800,1
'2026-08-22 08:29:02.386618300,0.066618300,0
'2026-08-22 08:29:02.386621400,0.066621400,1
'2026-08-22 08:29:02.387844000,0.067844000,0
'2026-08-22 08:29:02.387855400,0.067855400,1
'2026-08-22 08:29:02.387870100,0.067870100,0
'2026-08-22 08:29:02.387870200,0.067870200,1
'2026-08-22 08:29:02.387870300,0.067870300,0
'2026-08-22 08:29:02.387871300,0.067871300,1
'2026-08-22 08:29:02.387871400,0.067871400,0
'2026-08-22 08:29:02.387874300,0.067874300,1
'2026-08-22 08:29:02.387874400,0.067874400,0
'2026-08-22 08:29:02.387881500,0.067881500,1
'2026-08-22 08:29:02.387896000,0.067896000,0
'2026-08-22 08:29:02.387907600,0.067907600,1
'2026-08-22 08:29:02.387922500,0.067922500,0
'2026-08-22 08:29:02.387933700,0.067933700,1
'2026-08-22 08:29:02.387948100,0.067948100,0
'2026-08-22 08:29:02.387959800,0.067959800,1
'2026-08-22 08:29:02.387974400,0.067974400,0
'2026-08-22 08:29:02.387985900,0.067985900,1
'2026-08-22 08:29:02.388000600,0.068000600,0
'2026-08-22 08:29:02.388012000,0.068012000,1
'2026-08-22 08:29:02.388026500,0.068026500,0
'2026-08-22 08:29:02.388038000,0.068038000,1
'2026-08-22 08:29:02.388052800,0.068052800,0
'2026-08-22 08:29:02.388064100,0.068064100,1
'2026-08-22 08:29:02.388078800,0.068078800,0
'2026-08-22 08:29:02.388090200,0.068090200,1
'2026-08-22 08:29:02.388104900,0.068104900,0
'2026-08-22 08:29:02.388116300,0.068116300,1
'2026-08-22 08:29:02.388130800,0.068130800,0
'2026-08-22 08:29:02.388130900,0.068130900,1
'2026-08-22 08:29:02.388131000,0.068131000,0
'2026-08-22 08:29:02.388142400,0.068142400,1
'2026-08-22 08:29:02.388157100,0.068157100,0
'2026-08-22 08:29:02.388162200,0.068162200,1
'2026-08-22 08:29:02.388162300,0.068162300,0
'2026-08-22 08:29:02.388168500,0.068168500,1
'2026-08-22 08:29:02.388183400,0.068183400,0
'2026-08-22 08:29:02.388187700,0.068187700,1
'2026-08-22 08:29:02.388187800,0.068187800,0
'2026-08-22 08:29:02.388194600,0.068194600,1
'2026-08-22 08:29:02.388209200,0.068209200,0
'2026-08-22 08:29:02.388210500,0.068210500,1
'2026-08-22 08:29:02.388210600,0.068210600,0
'2026-08-22 08:29:02.388212400,0.068212400,1
'2026-08-22 08:29:02.388212500,0.068212500,0
'2026-08-22 08:29:02.388220600,0.068220600,1
'2026-08-22 08:29:02.388235400,0.068235400,0
'2026-08-22 08:29:02.388235500,0.068235500,1
'2026-08-22 08:29:02.388235600,0.068235600,0
'2026-08-22 08:29:02.388243300,0.068243300,1
'2026-08-22 08:29:02.389460600,0.069460600,0
'2026-08-22 08:29:02.389460700,0.069460700,1
'2026-08-22 08:29:02.389460800,0.069460800,0
'2026-08-22 08:29:02.389460900,0.069460900,1
'2026-08-22 08:29:02.389461100,0.069461100,0
'2026-08-22 08:29:02.389472300,0.069472300,1
'2026-08-22 08:29:02.389486800,0.069486800,0
'2026-08-22 08:29:02.389498400,0.069498400,1
'2026-08-22 08:29:02.389513000,0.069513000,0
'2026-08-22 08:29:02.389524500,0.069524500,1
'2026-08-22 08:29:02.389539000,0.069539000,0
'2026-08-22 08:29:02.389539300,0.069539300,1
'2026-08-22 08:29:02.389539400,0.069539400,0
'2026-08-22 08:29:02.389540900,0.069540900,1
'2026-08-22 08:29:02.389541000,0.069541000,0
'2026-08-22 08:29:02.389550500,0.069550500,1
'2026-08-22 08:29:02.389565100,0.069565100,0
'2026-08-22 08:29:02.389576600,0.069576600,1
'2026-08-22 08:29:02.389591300,0.069591300,0
'2026-08-22 08:29:02.389602700,0.069602700,1
'2026-08-22 08:29:02.389617200,0.069617200,0
'2026-08-22 08:29:02.389620500,0.069620500,1
'2026-08-22 08:29:02.389620600,0.069620600,0
'2026-08-22 08:29:02.389628800,0.069628800,1
'2026-08-22 08:29:02.389643400,0.069643400,0
'2026-08-22 08:29:02.389654900,0.069654900,1
'2026-08-22 08:29:02.389669400,0.069669400,0
'2026-08-22 08:29:02.389681000,0.069681000,1
'2026-08-22 08:29:02.389695600,0.069695600,0
'2026-08-22 08:29:02.389695900,0.069695900,1
'2026-08-22 08:29:02.389696000,0.069696000,0
'2026-08-22 08:29:02.389707100,0.069707100,1
'2026-08-22 08:29:02.389721600,0.069721600,0
'2026-08-22 08:29:02.389733200,0.069733200,1
'2026-08-22 08:29:02.389748000,0.069748000,0
'2026-08-22 08:29:02.389749000,0.069749000,1
'2026-08-22 08:29:02.389749100,0.069749100,0
'2026-08-22 08:29:02.389759200,0.069759200,1
'2026-08-22 08:29:02.389773700,0.069773700,0
'2026-08-22 08:29:02.389785300,0.069785300,1
'2026-08-22 08:29:02.389800200,0.069800200,0
'2026-08-22 08:29:02.389800300,0.069800300,1
'2026-08-22 08:29:02.389800500,0.069800500,0
'2026-08-22 08:29:02.389811400,0.069811400,1
'2026-08-22 08:29:02.389826000,0.069826000,0
'2026-08-22 08:29:02.389826100,0.069826100,1
'2026-08-22 08:29:02.389826200,0.069826200,0
'2026-08-22 08:29:02.389837500,0.069837500,1
'2026-08-22 08:29:02.389852200,0.069852200,0
'2026-08-22 08:29:02.389857800,0.069857800,1
'2026-08-22 08:29:02.390272000,0.070272000,0
'2026-08-22 08:29:02.390280800,0.070280800,1
'2026-08-22 08:29:02.390295500,0.070295500,0
'2026-08-22 08:29:02.390306800,0.070306800,1
'2026-08-22 08:29:02.390321300,0.070321300,0
'2026-08-22 08:29:02.390321400,0.070321400,1
'2026-08-22 08:29:02.390321500,0.070321500,0
'2026-08-22 08:29:02.390332900,0.070332900,1
'2026-08-22 08:29:02.390347400,0.070347400,0
'2026-08-22 08:29:02.390359000,0.070359000,1
'2026-08-22 08:29:02.390373700,0.070373700,0
'2026-08-22 08:29:02.390385100,0.070385100,1
'2026-08-22 08:29:02.390399600,0.070399600,0
'2026-08-22 08:29:02.390411200,0.070411200,1
'2026-08-22 08:29:02.390426000,0.070426000,0
'2026-08-22 08:29:02.390437300,0.070437300,1
'2026-08-22 08:29:02.390452100,0.070452100,0
'2026-08-22 08:29:02.390452400,0.070452400,1
'2026-08-22 08:29:02.390452500,0.070452500,0
'2026-08-22 08:29:02.390463400,0.070463400,1
'2026-08-22 08:29:02.390477800,0.070477800,0
'2026-08-22 08:29:02.390489500,0.070489500,1
'2026-08-22 08:29:02.390504500,0.070504500,0
'2026-08-22 08:29:02.390515500,0.070515500,1
'2026-08-22 08:29:02.390530200,0.070530200,0
'2026-08-22 08:29:02.390541600,0.070541600,1
'2026-08-22 08:29:02.390556600,0.070556600,0
'2026-08-22 08:29:02.390556700,0.070556700,1
'2026-08-22 08:29:02.390556800,0.070556800,0
'2026-08-22 08:29:02.390567700,0.070567700,1
'2026-08-22 08:29:02.390582300,0.070582300,0
'2026-08-22 08:29:02.390585500,0.070585500,1
'2026-08-22 08:29:02.390585600,0.070585600,0
'2026-08-22 08:29:02.390593800,0.070593800,1
'2026-08-22 08:29:02.390608400,0.070608400,0
'2026-08-22 08:29:02.390619900,0.070619900,1
'2026-08-22 08:29:02.390634700,0.070634700,0
'2026-08-22 08:29:02.390635500,0.070635500,1
'2026-08-22 08:29:02.390635600,0.070635600,0
'2026-08-22 08:29:02.390636400,0.070636400,1
'2026-08-22 08:29:02.390636500,0.070636500,0
'2026-08-22 08:29:02.390646000,0.070646000,1
'2026-08-22 08:29:02.390660400,0.070660400,0
'2026-08-22 08:29:02.390660500,0.070660500,1
'2026-08-22 08:29:02.390660600,0.070660600,0
'2026-08-22 08:29:02.390662400,0.070662400,1
'2026-08-22 08:29:02.390662500,0.070662500,0
'2026-08-22 08:29:02.390672000,0.070672000,1
'2026-08-22 08:29:02.391103600,0.071103600,0
'2026-08-22 08:29:02.391115300,0.071115300,1
'2026-08-22 08:29:02.391130200,0.071130200,0
'2026-08-22 08:29:02.391130300,0.071130300,1
'2026-08-22 08:29:02.391130400,0.071130400,0
'2026-08-22 08:29:02.391135400,0.071135400,1
'2026-08-22 08:29:02.391135500,0.071135500,0
'2026-08-22 08:29:02.391141400,0.071141400,1
'2026-08-22 08:29:02.391156000,0.071156000,0
'2026-08-22 08:29:02.391167500,0.071167500,1
'2026-08-22 08:29:02.391182100,0.071182100,0
'2026-08-22 08:29:02.391193600,0.071193600,1
'2026-08-22 08:29:02.391208600,0.071208600,0
'2026-08-22 08:29:02.391208900,0.071208900,1
'2026-08-22 08:29:02.391209100,0.071209100,0
'2026-08-22 08:29:02.391219700,0.071219700,1
'2026-08-22 08:29:02.391234200,0.071234200,0
'2026-08-22 08:29:02.391239300,0.071239300,1
'2026-08-22 08:29:02.391239400,0.071239400,0
'2026-08-22 08:29:02.391245800,0.071245800,1
'2026-08-22 08:29:02.391260600,0.071260600,0
'2026-08-22 08:29:02.391271900,0.071271900,1
'2026-08-22 08:29:02.391286600,0.071286600,0
'2026-08-22 08:29:02.391297900,0.071297900,1
'2026-08-22 08:29:02.391312500,0.071312500,0
'2026-08-22 08:29:02.391324000,0.071324000,1
'2026-08-22 08:29:02.391338900,0.071338900,0
'2026-08-22 08:29:02.391339100,0.071339100,1
'2026-08-22 08:29:02.391339300,0.071339300,0
'2026-08-22 08:29:02.391350100,0.071350100,1
'2026-08-22 08:29:02.391364600,0.071364600,0
'2026-08-22 08:29:02.391376200,0.071376200,1
'2026-08-22 08:29:02.391390800,0.071390800,0
'2026-08-22 08:29:02.391390900,0.071390900,1
'2026-08-22 08:29:02.391391000,0.071391000,0
'2026-08-22 08:29:02.391391100,0.071391100,1
'2026-08-22 08:29:02.391391200,0.071391200,0
'2026-08-22 08:29:02.391400500,0.071400500,1
'2026-08-22 08:29:02.391400600,0.071400600,0
'2026-08-22 08:29:02.391402300,0.071402300,1
'2026-08-22 08:29:02.391416900,0.071416900,0
'2026-08-22 08:29:02.391428400,0.071428400,1
'2026-08-22 08:29:02.391442900,0.071442900,0
'2026-08-22 08:29:02.391454500,0.071454500,1
'2026-08-22 08:29:02.391469100,0.071469100,0
'2026-08-22 08:29:02.391469400,0.071469400,1
'2026-08-22 08:29:02.391469500,0.071469500,0
'2026-08-22 08:29:02.391480500,0.071480500,1
'2026-08-22 08:29:02.391495000,0.071495000,0
'2026-08-22 08:29:02.391495100,0.071495100,1
'2026-08-22 08:29:02.391495200,0.071495200,0
'2026-08-22 08:29:02.391504300,0.071504300,1
'2026-08-22 08:29:02.392720500,0.072720500,0
'2026-08-22 08:29:02.392732200,0.072732200,1
'2026-08-22 08:29:02.392746800,0.072746800,0
'2026-08-22 08:29:02.392746900,0.072746900,1
'2026-08-22 08:29:02.392747000,0.072747000,0
'2026-08-22 08:29:02.392758300,0.072758300,1
'2026-08-22 08:29:02.392772800,0.072772800,0
'2026-08-22 08:29:02.392773800,0.072773800,1
'2026-08-22 08:29:02.392773900,0.072773900,0
'2026-08-22 08:29:02.392784400,0.072784400,1
'2026-08-22 08:29:02.392799200,0.072799200,0
'2026-08-22 08:29:02.392810500,0.072810500,1
'2026-08-22 08:29:02.392825200,0.072825200,0
'2026-08-22 08:29:02.392825300,0.072825300,1
'2026-08-22 08:29:02.392825400,0.072825400,0
'2026-08-22 08:29:02.392836600,0.072836600,1
'2026-08-22 08:29:02.392851100,0.072851100,0
'2026-08-22 08:29:02.392862700,0.072862700,1
'2026-08-22 08:29:02.392877200,0.072877200,0
'2026-08-22 08:29:02.392877300,0.072877300,1
'2026-08-22 08:29:02.392877400,0.072877400,0
'2026-08-22 08:29:02.392888700,0.072888700,1
'2026-08-22 08:29:02.392903200,0.072903200,0
'2026-08-22 08:29:02.392914800,0.072914800,1
'2026-08-22 08:29:02.392929500,0.072929500,0
'2026-08-22 08:29:02.392940900,0.072940900,1
'2026-08-22 08:29:02.392955400,0.072955400,0
'2026-08-22 08:29:02.392967000,0.072967000,1
'2026-08-22 08:29:02.392981600,0.072981600,0
'2026-08-22 08:29:02.392993100,0.072993100,1
'2026-08-22 08:29:02.393007700,0.073007700,0
'2026-08-22 08:29:02.393019200,0.073019200,1
'2026-08-22 08:29:02.393033800,0.073033800,0
'2026-08-22 08:29:02.393033900,0.073033900,1
'2026-08-22 08:29:02.393034000,0.073034000,0
'2026-08-22 08:29:02.393045300,0.073045300,1
'2026-08-22 08:29:02.393060000,0.073060000,0
'2026-08-22 08:29:02.393071300,0.073071300,1
'2026-08-22 08:29:02.393086000,0.073086000,0
'2026-08-22 08:29:02.393097400,0.073097400,1
'2026-08-22 08:29:02.393112200,0.073112200,0
'2026-08-22 08:29:02.393113900,0.073113900,1
'2026-08-22 08:29:02.393114000,0.073114000,0
'2026-08-22 08:29:02.393118900,0.073118900,1
'2026-08-22 08:29:02.393555200,0.073555200,0
'2026-08-22 08:29:02.393566800,0.073566800,1
'2026-08-22 08:29:02.393581500,0.073581500,0
'2026-08-22 08:29:02.393592900,0.073592900,1
'2026-08-22 08:29:02.393607400,0.073607400,0
'2026-08-22 08:29:02.393619000,0.073619000,1
'2026-08-22 08:29:02.393633600,0.073633600,0
'2026-08-22 08:29:02.393645100,0.073645100,1
'2026-08-22 08:29:02.393659600,0.073659600,0
'2026-08-22 08:29:02.393671200,0.073671200,1
'2026-08-22 08:29:02.393685900,0.073685900,0
'2026-08-22 08:29:02.393697200,0.073697200,1
'2026-08-22 08:29:02.393711800,0.073711800,0
'2026-08-22 08:29:02.393723300,0.073723300,1
'2026-08-22 08:29:02.393738000,0.073738000,0
'2026-08-22 08:29:02.393749400,0.073749400,1
'2026-08-22 08:29:02.393763800,0.073763800,0
'2026-08-22 08:29:02.393775500,0.073775500,1
'2026-08-22 08:29:02.393790400,0.073790400,0
'2026-08-22 08:29:02.393790900,0.073790900,1
'2026-08-22 08:29:02.393791000,0.073791000,0
'2026-08-22 08:29:02.393801600,0.073801600,1
'2026-08-22 08:29:02.393816200,0.073816200,0
'2026-08-22 08:29:02.393827700,0.073827700,1
'2026-08-22 08:29:02.393842500,0.073842500,0
'2026-08-22 08:29:02.393853800,0.073853800,1
'2026-08-22 08:29:02.393868200,0.073868200,0
'2026-08-22 08:29:02.393879800,0.073879800,1
'2026-08-22 08:29:02.393894500,0.073894500,0
'2026-08-22 08:29:02.393905900,0.073905900,1
'2026-08-22 08:29:02.393920700,0.073920700,0
'2026-08-22 08:29:02.393932000,0.073932000,1
'2026-08-22 08:29:02.394364300,0.074364300,0
'2026-08-22 08:29:02.394375300,0.074375300,1
'2026-08-22 08:29:02.394389900,0.074389900,0
'2026-08-22 08:29:02.394401400,0.074401400,1
'2026-08-22 08:29:02.394416200,0.074416200,0
'2026-08-22 08:29:02.394427500,0.074427500,1
'2026-08-22 08:29:02.394442100,0.074442100,0
'2026-08-22 08:29:02.394453600,0.074453600,1
'2026-08-22 08:29:02.394468300,0.074468300,0
'2026-08-22 08:29:02.394479700,0.074479700,1
'2026-08-22 08:29:02.394494500,0.074494500,0
'2026-08-22 08:29:02.394495000,0.074495000,1
'2026-08-22 08:29:02.394495100,0.074495100,0
'2026-08-22 08:29:02.394495600,0.074495600,1
'2026-08-22 08:29:02.394495700,0.074495700,0
'2026-08-22 08:29:02.394496100,0.074496100,1
'2026-08-22 08:29:02.394496200,0.074496200,0
'2026-08-22 08:29:02.394505800,0.074505800,1
'2026-08-22 08:29:02.394520200,0.074520200,0
'2026-08-22 08:29:02.394531900,0.074531900,1
'2026-08-22 08:29:02.394546600,0.074546600,0
'2026-08-22 08:29:02.394557900,0.074557900,1
'2026-08-22 08:29:02.394572400,0.074572400,0
'2026-08-22 08:29:02.394584000,0.074584000,1
'2026-08-22 08:29:02.394598700,0.074598700,0
'2026-08-22 08:29:02.394610100,0.074610100,1
'2026-08-22 08:29:02.394624800,0.074624800,0
'2026-08-22 08:29:02.394636200,0.074636200,1
'2026-08-22 08:29:02.394650800,0.074650800,0
'2026-08-22 08:29:02.394662300,0.074662300,1
'2026-08-22 08:29:02.394677400,0.074677400,0
'2026-08-22 08:29:02.394688400,0.074688400,1
'2026-08-22 08:29:02.394702900,0.074702900,0
'2026-08-22 08:29:02.394714500,0.074714500,1
'2026-08-22 08:29:02.394729100,0.074729100,0
'2026-08-22 08:29:02.394729300,0.074729300,1
'2026-08-22 08:29:02.394729400,0.074729400,0
'2026-08-22 08:29:02.394740600,0.074740600,1
'2026-08-22 08:29:02.394755200,0.074755200,0
'2026-08-22 08:29:02.394755500,0.074755500,1
'2026-08-22 08:29:02.394755700,0.074755700,0
'2026-08-22 08:29:02.394756100,0.074756100,1
'2026-08-22 08:29:02.394756300,0.074756300,0
'2026-08-22 08:29:02.394765900,0.074765900,1
'2026-08-22 08:29:02.395198600,0.075198600,0
'2026-08-22 08:29:02.395209900,0.075209900,1
'2026-08-22 08:29:02.395224400,0.075224400,0
'2026-08-22 08:29:02.395232100,0.075232100,1
'2026-08-22 08:29:02.395232200,0.075232200,0
'2026-08-22 08:29:02.395236000,0.075236000,1
'2026-08-22 08:29:02.395250800,0.075250800,0
'2026-08-22 08:29:02.395250900,0.075250900,1
'2026-08-22 08:29:02.395251000,0.075251000,0
'2026-08-22 08:29:02.395251100,0.075251100,1
'2026-08-22 08:29:02.395251200,0.075251200,0
'2026-08-22 08:29:02.395262100,0.075262100,1
'2026-08-22 08:29:02.395276600,0.075276600,0
'2026-08-22 08:29:02.395281800,0.075281800,1
'2026-08-22 08:29:02.395281900,0.075281900,0
'2026-08-22 08:29:02.395288200,0.075288200,1
'2026-08-22 08:29:02.395303000,0.075303000,0
'2026-08-22 08:29:02.395314300,0.075314300,1
'2026-08-22 08:29:02.395328900,0.075328900,0
'2026-08-22 08:29:02.395340400,0.075340400,1
'2026-08-22 08:29:02.395355000,0.075355000,0
'2026-08-22 08:29:02.395366500,0.075366500,1
'2026-08-22 08:29:02.395381100,0.075381100,0
'2026-08-22 08:29:02.395381200,0.075381200,1
'2026-08-22 08:29:02.395381300,0.075381300,0
'2026-08-22 08:29:02.395381400,0.075381400,1
'2026-08-22 08:29:02.395381500,0.075381500,0
'2026-08-22 08:29:02.395392500,0.075392500,1
'2026-08-22 08:29:02.395407100,0.075407100,0
'2026-08-22 08:29:02.395412300,0.075412300,1
'2026-08-22 08:29:02.395412400,0.075412400,0
'2026-08-22 08:29:02.395418600,0.075418600,1
'2026-08-22 08:29:02.395433600,0.075433600,0
'2026-08-22 08:29:02.395434000,0.075434000,1
'2026-08-22 08:29:02.395434100,0.075434100,0
'2026-08-22 08:29:02.395444700,0.075444700,1
'2026-08-22 08:29:02.395459300,0.075459300,0
'2026-08-22 08:29:02.395459700,0.075459700,1
'2026-08-22 08:29:02.395459800,0.075459800,0
'2026-08-22 08:29:02.395470800,0.075470800,1
'2026-08-22 08:29:02.395485300,0.075485300,0
'2026-08-22 08:29:02.395493600,0.075493600,1
'2026-08-22 08:29:02.395493700,0.075493700,0
'2026-08-22 08:29:02.395496900,0.075496900,1
'2026-08-22 08:29:02.395512400,0.075512400,0
'2026-08-22 08:29:02.395512800,0.075512800,1
'2026-08-22 08:29:02.395512900,0.075512900,0
'2026-08-22 08:29:02.395514000,0.075514000,1
'2026-08-22 08:29:02.395514200,0.075514200,0
'2026-08-22 08:29:02.395514600,0.075514600,1
'2026-08-22 08:29:02.395514700,0.075514700,0
'2026-08-22 08:29:02.395523000,0.075523000,1
'2026-08-22 08:29:02.395537500,0.075537500,0
'2026-08-22 08:29:02.395549100,0.075549100,1
'2026-08-22 08:29:02.395564100,0.075564100,0
'2026-08-22 08:29:02.395564300,0.075564300,1
'2026-08-22 08:29:02.395564400,0.075564400,0
'2026-08-22 08:29:02.395575100,0.075575100,1
'2026-08-22 08:29:02.395589700,0.075589700,0
'2026-08-22 08:29:02.395597000,0.075597000,1
'2026-08-22 08:29:02.396011100,0.076011100,0
'2026-08-22 08:29:02.396018500,0.076018500,1
'2026-08-22 08:29:02.396033000,0.076033000,0
'2026-08-22 08:29:02.396044500,0.076044500,1
'2026-08-22 08:29:02.396059200,0.076059200,0
'2026-08-22 08:29:02.396070600,0.076070600,1
'2026-08-22 08:29:02.396085300,0.076085300,0
'2026-08-22 08:29:02.396085400,0.076085400,1
'2026-08-22 08:29:02.396085600,0.076085600,0
'2026-08-22 08:29:02.396096700,0.076096700,1
'2026-08-22 08:29:02.396111200,0.076111200,0
'2026-08-22 08:29:02.396122800,0.076122800,1
'2026-08-22 08:29:02.396137600,0.076137600,0
'2026-08-22 08:29:02.396148900,0.076148900,1
'2026-08-22 08:29:02.396163600,0.076163600,0
'2026-08-22 08:29:02.396170100,0.076170100,1
'2026-08-22 08:29:02.396170200,0.076170200,0
'2026-08-22 08:29:02.396175000,0.076175000,1
'2026-08-22 08:29:02.396189600,0.076189600,0
'2026-08-22 08:29:02.396201000,0.076201000,1
'2026-08-22 08:29:02.396215800,0.076215800,0
'2026-08-22 08:29:02.396227100,0.076227100,1
'2026-08-22 08:29:02.396241700,0.076241700,0
'2026-08-22 08:29:02.396253200,0.076253200,1
'2026-08-22 08:29:02.396268300,0.076268300,0
'2026-08-22 08:29:02.396268800,0.076268800,1
'2026-08-22 08:29:02.396268900,0.076268900,0
'2026-08-22 08:29:02.396269500,0.076269500,1
'2026-08-22 08:29:02.396269600,0.076269600,0
'2026-08-22 08:29:02.396279300,0.076279300,1
'2026-08-22 08:29:02.396293800,0.076293800,0
'2026-08-22 08:29:02.396305400,0.076305400,1
'2026-08-22 08:29:02.396320300,0.076320300,0
'2026-08-22 08:29:02.396323800,0.076323800,1
'2026-08-22 08:29:02.396323900,0.076323900,0
'2026-08-22 08:29:02.396331500,0.076331500,1
'2026-08-22 08:29:02.396346000,0.076346000,0
'2026-08-22 08:29:02.396357500,0.076357500,1
'2026-08-22 08:29:02.396372200,0.076372200,0
'2026-08-22 08:29:02.396383700,0.076383700,1
'2026-08-22 08:29:02.396398700,0.076398700,0
'2026-08-22 08:29:02.396398900,0.076398900,1
'2026-08-22 08:29:02.396399100,0.076399100,0
'2026-08-22 08:29:02.396409700,0.076409700,1
'2026-08-22 08:29:02.396841900,0.076841900,0
'2026-08-22 08:29:02.396842300,0.076842300,1
'2026-08-22 08:29:02.396842400,0.076842400,0
'2026-08-22 08:29:02.396853000,0.076853000,1
'2026-08-22 08:29:02.396867600,0.076867600,0
'2026-08-22 08:29:02.396879100,0.076879100,1
'2026-08-22 08:29:02.396893700,0.076893700,0
'2026-08-22 08:29:02.396905200,0.076905200,1
'2026-08-22 08:29:02.396919900,0.076919900,0
'2026-08-22 08:29:02.396920100,0.076920100,1
'2026-08-22 08:29:02.396920200,0.076920200,0
'2026-08-22 08:29:02.396929500,0.076929500,1
'2026-08-22 08:29:02.396929600,0.076929600,0
'2026-08-22 08:29:02.396931300,0.076931300,1
'2026-08-22 08:29:02.396946000,0.076946000,0
'2026-08-22 08:29:02.396957400,0.076957400,1
'2026-08-22 08:29:02.396972100,0.076972100,0
'2026-08-22 08:29:02.396972200,0.076972200,1
'2026-08-22 08:29:02.396972300,0.076972300,0
'2026-08-22 08:29:02.396972700,0.076972700,1
'2026-08-22 08:29:02.396972800,0.076972800,0
'2026-08-22 08:29:02.396973500,0.076973500,1
'2026-08-22 08:29:02.396973600,0.076973600,0
'2026-08-22 08:29:02.396983500,0.076983500,1
'2026-08-22 08:29:02.396998100,0.076998100,0
'2026-08-22 08:29:02.397009500,0.077009500,1
'2026-08-22 08:29:02.397024100,0.077024100,0
'2026-08-22 08:29:02.397030200,0.077030200,1
'2026-08-22 08:29:02.397030300,0.077030300,0
'2026-08-22 08:29:02.397035600,0.077035600,1
'2026-08-22 08:29:02.397050200,0.077050200,0
'2026-08-22 08:29:02.397050300,0.077050300,1
'2026-08-22 08:29:02.397050500,0.077050500,0
'2026-08-22 08:29:02.397061700,0.077061700,1
'2026-08-22 08:29:02.397076200,0.077076200,0
'2026-08-22 08:29:02.397087800,0.077087800,1
'2026-08-22 08:29:02.397102600,0.077102600,0
'2026-08-22 08:29:02.397102700,0.077102700,1
'2026-08-22 08:29:02.397102800,0.077102800,0
'2026-08-22 08:29:02.397102900,0.077102900,1
'2026-08-22 08:29:02.397103000,0.077103000,0
'2026-08-22 08:29:02.397113900,0.077113900,1
'2026-08-22 08:29:02.397128600,0.077128600,0
'2026-08-22 08:29:02.397140000,0.077140000,1
'2026-08-22 08:29:02.397154600,0.077154600,0
'2026-08-22 08:29:02.397166100,0.077166100,1
'2026-08-22 08:29:02.397180800,0.077180800,0
'2026-08-22 08:29:02.397180900,0.077180900,1
'2026-08-22 08:29:02.397181000,0.077181000,0
'2026-08-22 08:29:02.397181100,0.077181100,1
'2026-08-22 08:29:02.397181200,0.077181200,0
'2026-08-22 08:29:02.397192100,0.077192100,1
'2026-08-22 08:29:02.397206600,0.077206600,0
'2026-08-22 08:29:02.397206800,0.077206800,1
'2026-08-22 08:29:02.397206900,0.077206900,0
'2026-08-22 08:29:02.397218200,0.077218200,1
'2026-08-22 08:29:02.397232800,0.077232800,0
'2026-08-22 08:29:02.397233100,0.077233100,1
'2026-08-22 08:29:02.397233200,0.077233200,0
'2026-08-22 08:29:02.397244000,0.077244000,1
'2026-08-22 08:29:02.397657800,0.077657800,0
'2026-08-22 08:29:02.397661500,0.077661500,1
'2026-08-22 08:29:02.397676300,0.077676300,0
'2026-08-22 08:29:02.397687600,0.077687600,1
'2026-08-22 08:29:02.397702400,0.077702400,0
'2026-08-22 08:29:02.397713700,0.077713700,1
'2026-08-22 08:29:02.397728200,0.077728200,0
'2026-08-22 08:29:02.397739800,0.077739800,1
'2026-08-22 08:29:02.397754600,0.077754600,0
'2026-08-22 08:29:02.397754800,0.077754800,1
'2026-08-22 08:29:02.397755000,0.077755000,0
'2026-08-22 08:29:02.397765900,0.077765900,1
'2026-08-22 08:29:02.397780400,0.077780400,0
'2026-08-22 08:29:02.397792000,0.077792000,1
'2026-08-22 08:29:02.397807000,0.077807000,0
'2026-08-22 08:29:02.397817800,0.077817800,1
'2026-08-22 08:29:02.397817900,0.077817900,0
'2026-08-22 08:29:02.397818100,0.077818100,1
'2026-08-22 08:29:02.397832700,0.077832700,0
'2026-08-22 08:29:02.397844100,0.077844100,1
'2026-08-22 08:29:02.397858800,0.077858800,0
'2026-08-22 08:29:02.397858900,0.077858900,1
'2026-08-22 08:29:02.397859000,0.077859000,0
'2026-08-22 08:29:02.397870200,0.077870200,1
'2026-08-22 08:29:02.397884800,0.077884800,0
'2026-08-22 08:29:02.397885100,0.077885100,1
'2026-08-22 08:29:02.397885200,0.077885200,0
'2026-08-22 08:29:02.397896300,0.077896300,1
'2026-08-22 08:29:02.397911000,0.077911000,0
'2026-08-22 08:29:02.397922400,0.077922400,1
'2026-08-22 08:29:02.397937200,0.077937200,0
'2026-08-22 08:29:02.397948500,0.077948500,1
'2026-08-22 08:29:02.397963100,0.077963100,0
'2026-08-22 08:29:02.397974600,0.077974600,1
'2026-08-22 08:29:02.397989300,0.077989300,0
'2026-08-22 08:29:02.397990300,0.077990300,1
'2026-08-22 08:29:02.397990400,0.077990400,0
'2026-08-22 08:29:02.398000700,0.078000700,1
'2026-08-22 08:29:02.398015200,0.078015200,0
'2026-08-22 08:29:02.398026700,0.078026700,1
'2026-08-22 08:29:02.398041300,0.078041300,0
'2026-08-22 08:29:02.398045700,0.078045700,1
'2026-08-22 08:29:02.398045800,0.078045800,0
'2026-08-22 08:29:02.398048700,0.078048700,1
'2026-08-22 08:29:02.398048800,0.078048800,0
'2026-08-22 08:29:02.398049300,0.078049300,1
'2026-08-22 08:29:02.398049400,0.078049400,0
'2026-08-22 08:29:02.398052800,0.078052800,1
'2026-08-22 08:29:02.399272900,0.079272900,0
'2026-08-22 08:29:02.399273700,0.079273700,1
'2026-08-22 08:29:02.399273800,0.079273800,0
'2026-08-22 08:29:02.399278400,0.079278400,1
'2026-08-22 08:29:02.399293300,0.079293300,0
'2026-08-22 08:29:02.399304500,0.079304500,1
'2026-08-22 08:29:02.399319200,0.079319200,0
'2026-08-22 08:29:02.399330600,0.079330600,1
'2026-08-22 08:29:02.399345400,0.079345400,0
'2026-08-22 08:29:02.399356700,0.079356700,1
'2026-08-22 08:29:02.399371300,0.079371300,0
'2026-08-22 08:29:02.399382800,0.079382800,1
'2026-08-22 08:29:02.399397400,0.079397400,0
'2026-08-22 08:29:02.399408900,0.079408900,1
'2026-08-22 08:29:02.399423600,0.079423600,0
'2026-08-22 08:29:02.399435000,0.079435000,1
'2026-08-22 08:29:02.399449700,0.079449700,0
'2026-08-22 08:29:02.399461100,0.079461100,1
'2026-08-22 08:29:02.399475800,0.079475800,0
'2026-08-22 08:29:02.399475900,0.079475900,1
'2026-08-22 08:29:02.399476000,0.079476000,0
'2026-08-22 08:29:02.399487100,0.079487100,1
'2026-08-22 08:29:02.399501800,0.079501800,0
'2026-08-22 08:29:02.399512300,0.079512300,1
'2026-08-22 08:29:02.399512400,0.079512400,0
'2026-08-22 08:29:02.399513200,0.079513200,1
'2026-08-22 08:29:02.399527900,0.079527900,0
'2026-08-22 08:29:02.399539300,0.079539300,1
'2026-08-22 08:29:02.399554300,0.079554300,0
'2026-08-22 08:29:02.399555300,0.079555300,1
'2026-08-22 08:29:02.399555400,0.079555400,0
'2026-08-22 08:29:02.399565400,0.079565400,1
'2026-08-22 08:29:02.399580000,0.079580000,0
'2026-08-22 08:29:02.399591500,0.079591500,1
'2026-08-22 08:29:02.399606400,0.079606400,0
'2026-08-22 08:29:02.399606700,0.079606700,1
'2026-08-22 08:29:02.399606800,0.079606800,0
'2026-08-22 08:29:02.399617600,0.079617600,1
'2026-08-22 08:29:02.399632100,0.079632100,0
'2026-08-22 08:29:02.399632400,0.079632400,1
'2026-08-22 08:29:02.399632500,0.079632500,0
'2026-08-22 08:29:02.399643700,0.079643700,1
'2026-08-22 08:29:02.399658200,0.079658200,0
'2026-08-22 08:29:02.399669800,0.079669800,1
'2026-08-22 08:29:02.400101600,0.080101600,0
'2026-08-22 08:29:02.400113100,0.080113100,1
'2026-08-22 08:29:02.400128000,0.080128000,0
'2026-08-22 08:29:02.400139200,0.080139200,1
'2026-08-22 08:29:02.400153700,0.080153700,0
'2026-08-22 08:29:02.400165200,0.080165200,1
'2026-08-22 08:29:02.400180000,0.080180000,0
'2026-08-22 08:29:02.400191300,0.080191300,1
'2026-08-22 08:29:02.400206000,0.080206000,0
'2026-08-22 08:29:02.400217400,0.080217400,1
'2026-08-22 08:29:02.400231900,0.080231900,0
'2026-08-22 08:29:02.400233100,0.080233100,1
'2026-08-22 08:29:02.400233200,0.080233200,0
'2026-08-22 08:29:02.400243500,0.080243500,1
'2026-08-22 08:29:02.400258300,0.080258300,0
'2026-08-22 08:29:02.400258500,0.080258500,1
'2026-08-22 08:29:02.400258600,0.080258600,0
'2026-08-22 08:29:02.400258700,0.080258700,1
'2026-08-22 08:29:02.400258800,0.080258800,0
'2026-08-22 08:29:02.400266700,0.080266700,1
'2026-08-22 08:29:02.400266800,0.080266800,0
'2026-08-22 08:29:02.400267800,0.080267800,1
'2026-08-22 08:29:02.400267900,0.080267900,0
'2026-08-22 08:29:02.400269600,0.080269600,1
'2026-08-22 08:29:02.400284300,0.080284300,0
'2026-08-22 08:29:02.400287100,0.080287100,1
'2026-08-22 08:29:02.400287200,0.080287200,0
'2026-08-22 08:29:02.400295700,0.080295700,1
'2026-08-22 08:29:02.400310400,0.080310400,0
'2026-08-22 08:29:02.400320100,0.080320100,1
'2026-08-22 08:29:02.400320200,0.080320200,0
'2026-08-22 08:29:02.400321800,0.080321800,1
'2026-08-22 08:29:02.400336600,0.080336600,0
'2026-08-22 08:29:02.400336700,0.080336700,1
'2026-08-22 08:29:02.400336900,0.080336900,0
'2026-08-22 08:29:02.400338200,0.080338200,1
'2026-08-22 08:29:02.400338300,0.080338300,0
'2026-08-22 08:29:02.400347800,0.080347800,1
'2026-08-22 08:29:02.400362400,0.080362400,0
'2026-08-22 08:29:02.400367100,0.080367100,1
'2026-08-22 08:29:02.400367300,0.080367300,0
'2026-08-22 08:29:02.400373900,0.080373900,1
'2026-08-22 08:29:02.400388900,0.080388900,0
'2026-08-22 08:29:02.400400000,0.080400000,1
'2026-08-22 08:29:02.400414600,0.080414600,0
'2026-08-22 08:29:02.400426100,0.080426100,1
'2026-08-22 08:29:02.400440900,0.080440900,0
'2026-08-22 08:29:02.400452200,0.080452200,1
'2026-08-22 08:29:02.400466900,0.080466900,0
'2026-08-22 08:29:02.400478300,0.080478300,1
'2026-08-22 08:29:02.400492900,0.080492900,0
'2026-08-22 08:29:02.400504400,0.080504400,1
'2026-08-22 08:29:02.400918900,0.080918900,0
'2026-08-22 08:29:02.400921600,0.080921600,1
'2026-08-22 08:29:02.400936200,0.080936200,0
'2026-08-22 08:29:02.400947700,0.080947700,1
'2026-08-22 08:29:02.400962500,0.080962500,0
'2026-08-22 08:29:02.400973800,0.080973800,1
'2026-08-22 08:29:02.400988400,0.080988400,0
'2026-08-22 08:29:02.400999800,0.080999800,1
'2026-08-22 08:29:02.401014500,0.081014500,0
'2026-08-22 08:29:02.401026000,0.081026000,1
'2026-08-22 08:29:02.401040700,0.081040700,0
'2026-08-22 08:29:02.401042900,0.081042900,1
'2026-08-22 08:29:02.401043000,0.081043000,0
'2026-08-22 08:29:02.401052000,0.081052000,1
'2026-08-22 08:29:02.401066500,0.081066500,0
'2026-08-22 08:29:02.401078100,0.081078100,1
'2026-08-22 08:29:02.401093400,0.081093400,0
'2026-08-22 08:29:02.401093700,0.081093700,1
'2026-08-22 08:29:02.401093900,0.081093900,0
'2026-08-22 08:29:02.401094000,0.081094000,1
'2026-08-22 08:29:02.401094100,0.081094100,0
'2026-08-22 08:29:02.401103200,0.081103200,1
'2026-08-22 08:29:02.401103300,0.081103300,0
'2026-08-22 08:29:02.401104200,0.081104200,1
'2026-08-22 08:29:02.401118600,0.081118600,0
'2026-08-22 08:29:02.401130300,0.081130300,1
'2026-08-22 08:29:02.401145300,0.081145300,0
'2026-08-22 08:29:02.401145700,0.081145700,1
'2026-08-22 08:29:02.401145800,0.081145800,0
'2026-08-22 08:29:02.401156400,0.081156400,1
'2026-08-22 08:29:02.401171200,0.081171200,0
'2026-08-22 08:29:02.401171300,0.081171300,1
'2026-08-22 08:29:02.401171400,0.081171400,0
'2026-08-22 08:29:02.401172500,0.081172500,1
'2026-08-22 08:29:02.401172600,0.081172600,0
'2026-08-22 08:29:02.401182500,0.081182500,1
'2026-08-22 08:29:02.401197100,0.081197100,0
'2026-08-22 08:29:02.401208500,0.081208500,1
'2026-08-22 08:29:02.401223400,0.081223400,0
'2026-08-22 08:29:02.401223700,0.081223700,1
'2026-08-22 08:29:02.401223800,0.081223800,0
'2026-08-22 08:29:02.401223900,0.081223900,1
'2026-08-22 08:29:02.401224000,0.081224000,0
'2026-08-22 08:29:02.401224100,0.081224100,1
'2026-08-22 08:29:02.401224600,0.081224600,0
'2026-08-22 08:29:02.401234600,0.081234600,1
'2026-08-22 08:29:02.401249100,0.081249100,0
'2026-08-22 08:29:02.401260700,0.081260700,1
'2026-08-22 08:29:02.401275600,0.081275600,0
'2026-08-22 08:29:02.401275700,0.081275700,1
'2026-08-22 08:29:02.401275900,0.081275900,0
'2026-08-22 08:29:02.401286800,0.081286800,1
'2026-08-22 08:29:02.401301500,0.081301500,0
'2026-08-22 08:29:02.401304500,0.081304500,1
'2026-08-22 08:29:02.401304600,0.081304600,0
'2026-08-22 08:29:02.401305500,0.081305500,1
'2026-08-22 08:29:02.401305600,0.081305600,0
'2026-08-22 08:29:02.401312900,0.081312900,1
'2026-08-22 08:29:02.401327600,0.081327600,0
'2026-08-22 08:29:02.401328200,0.081328200,1
'2026-08-22 08:29:02.402553200,0.082553200,0
'2026-08-22 08:29:02.402564500,0.082564500,1
'2026-08-22 08:29:02.402579200,0.082579200,0
'2026-08-22 08:29:02.402579700,0.082579700,1
'2026-08-22 08:29:02.402579800,0.082579800,0
'2026-08-22 08:29:02.402590600,0.082590600,1
'2026-08-22 08:29:02.402605200,0.082605200,0
'2026-08-22 08:29:02.402616700,0.082616700,1
'2026-08-22 08:29:02.402631300,0.082631300,0
'2026-08-22 08:29:02.402642800,0.082642800,1
'2026-08-22 08:29:02.402657500,0.082657500,0
'2026-08-22 08:29:02.402662600,0.082662600,1
'2026-08-22 08:29:02.402662700,0.082662700,0
'2026-08-22 08:29:02.402668900,0.082668900,1
'2026-08-22 08:29:02.402683600,0.082683600,0
'2026-08-22 08:29:02.402694900,0.082694900,1
'2026-08-22 08:29:02.402709600,0.082709600,0
'2026-08-22 08:29:02.402721000,0.082721000,1
'2026-08-22 08:29:02.402735700,0.082735700,0
'2026-08-22 08:29:02.402747100,0.082747100,1
'2026-08-22 08:29:02.402761800,0.082761800,0
'2026-08-22 08:29:02.402761900,0.082761900,1
'2026-08-22 08:29:02.402762000,0.082762000,0
'2026-08-22 08:29:02.402773200,0.082773200,1
'2026-08-22 08:29:02.402787700,0.082787700,0
'2026-08-22 08:29:02.402794000,0.082794000,1
'2026-08-22 08:29:02.402794100,0.082794100,0
'2026-08-22 08:29:02.402799300,0.082799300,1
'2026-08-22 08:29:02.402814100,0.082814100,0
'2026-08-22 08:29:02.402825400,0.082825400,1
'2026-08-22 08:29:02.402840200,0.082840200,0
'2026-08-22 08:29:02.402847800,0.082847800,1
'2026-08-22 08:29:02.402847900,0.082847900,0
'2026-08-22 08:29:02.402851400,0.082851400,1
'2026-08-22 08:29:02.402866000,0.082866000,0
'2026-08-22 08:29:02.402877500,0.082877500,1
'2026-08-22 08:29:02.402892300,0.082892300,0
'2026-08-22 08:29:02.402903600,0.082903600,1
'2026-08-22 08:29:02.402918200,0.082918200,0
'2026-08-22 08:29:02.402929700,0.082929700,1
'2026-08-22 08:29:02.403364600,0.083364600,0
'2026-08-22 08:29:02.403373000,0.083373000,1
'2026-08-22 08:29:02.403387800,0.083387800,0
'2026-08-22 08:29:02.403399100,0.083399100,1
'2026-08-22 08:29:02.403413700,0.083413700,0
'2026-08-22 08:29:02.403425200,0.083425200,1
'2026-08-22 08:29:02.403439900,0.083439900,0
'2026-08-22 08:29:02.403440200,0.083440200,1
'2026-08-22 08:29:02.403440300,0.083440300,0
'2026-08-22 08:29:02.403451300,0.083451300,1
'2026-08-22 08:29:02.403466000,0.083466000,0
'2026-08-22 08:29:02.403477300,0.083477300,1
'2026-08-22 08:29:02.403492000,0.083492000,0
'2026-08-22 08:29:02.403503400,0.083503400,1
'2026-08-22 08:29:02.403518000,0.083518000,0
'2026-08-22 08:29:02.403529500,0.083529500,1
'2026-08-22 08:29:02.403544300,0.083544300,0
'2026-08-22 08:29:02.403545100,0.083545100,1
'2026-08-22 08:29:02.403545200,0.083545200,0
'2026-08-22 08:29:02.403545300,0.083545300,1
'2026-08-22 08:29:02.403545500,0.083545500,0
'2026-08-22 08:29:02.403555600,0.083555600,1
'2026-08-22 08:29:02.403570200,0.083570200,0
'2026-08-22 08:29:02.403581700,0.083581700,1
'2026-08-22 08:29:02.403596400,0.083596400,0
'2026-08-22 08:29:02.403597300,0.083597300,1
'2026-08-22 08:29:02.403597400,0.083597400,0
'2026-08-22 08:29:02.403607800,0.083607800,1
'2026-08-22 08:29:02.403622600,0.083622600,0
'2026-08-22 08:29:02.403633900,0.083633900,1
'2026-08-22 08:29:02.403648400,0.083648400,0
'2026-08-22 08:29:02.403660000,0.083660000,1
'2026-08-22 08:29:02.403674600,0.083674600,0
'2026-08-22 08:29:02.403686000,0.083686000,1
'2026-08-22 08:29:02.403700700,0.083700700,0
'2026-08-22 08:29:02.403712100,0.083712100,1
'2026-08-22 08:29:02.403727200,0.083727200,0
'2026-08-22 08:29:02.403738200,0.083738200,1
'2026-08-22 08:29:02.403752900,0.083752900,0
'2026-08-22 08:29:02.403764300,0.083764300,1
'2026-08-22 08:29:02.404196100,0.084196100,0
'2026-08-22 08:29:02.404207600,0.084207600,1
'2026-08-22 08:29:02.404222600,0.084222600,0
'2026-08-22 08:29:02.404233700,0.084233700,1
'2026-08-22 08:29:02.404248400,0.084248400,0
'2026-08-22 08:29:02.404259800,0.084259800,1
'2026-08-22 08:29:02.404274200,0.084274200,0
'2026-08-22 08:29:02.404280300,0.084280300,1
'2026-08-22 08:29:02.404280400,0.084280400,0
'2026-08-22 08:29:02.404280900,0.084280900,1
'2026-08-22 08:29:02.404281000,0.084281000,0
'2026-08-22 08:29:02.404281500,0.084281500,1
'2026-08-22 08:29:02.404281600,0.084281600,0
'2026-08-22 08:29:02.404282100,0.084282100,1
'2026-08-22 08:29:02.404282200,0.084282200,0
'2026-08-22 08:29:02.404285900,0.084285900,1
'2026-08-22 08:29:02.404300900,0.084300900,0
'2026-08-22 08:29:02.404301300,0.084301300,1
'2026-08-22 08:29:02.404301800,0.084301800,0
'2026-08-22 08:29:02.404301900,0.084301900,1
'2026-08-22 08:29:02.404302000,0.084302000,0
'2026-08-22 08:29:02.404312000,0.084312000,1
'2026-08-22 08:29:02.404326600,0.084326600,0
'2026-08-22 08:29:02.404338000,0.084338000,1
'2026-08-22 08:29:02.404353000,0.084353000,0
'2026-08-22 08:29:02.404353300,0.084353300,1
'2026-08-22 08:29:02.404353400,0.084353400,0
'2026-08-22 08:29:02.404361500,0.084361500,1
'2026-08-22 08:29:02.404361600,0.084361600,0
'2026-08-22 08:29:02.404362100,0.084362100,1
'2026-08-22 08:29:02.404362200,0.084362200,0
'2026-08-22 08:29:02.404364100,0.084364100,1
'2026-08-22 08:29:02.404378600,0.084378600,0
'2026-08-22 08:29:02.404381100,0.084381100,1
'2026-08-22 08:29:02.404381200,0.084381200,0
'2026-08-22 08:29:02.404381300,0.084381300,1
'2026-08-22 08:29:02.404381400,0.084381400,0
'2026-08-22 08:29:02.404381500,0.084381500,1
'2026-08-22 08:29:02.404381600,0.084381600,0
'2026-08-22 08:29:02.404382500,0.084382500,1
'2026-08-22 08:29:02.404382600,0.084382600,0
'2026-08-22 08:29:02.404383700,0.084383700,1
'2026-08-22 08:29:02.404383800,0.084383800,0
'2026-08-22 08:29:02.404390200,0.084390200,1
'2026-08-22 08:29:02.404405000,0.084405000,0
'2026-08-22 08:29:02.404416300,0.084416300,1
'2026-08-22 08:29:02.404431200,0.084431200,0
'2026-08-22 08:29:02.404442400,0.084442400,1
'2026-08-22 08:29:02.404456900,0.084456900,0
'2026-08-22 08:29:02.404461900,0.084461900,1
'2026-08-22 08:29:02.404462000,0.084462000,0
'2026-08-22 08:29:02.404468500,0.084468500,1
'2026-08-22 08:29:02.404483700,0.084483700,0
'2026-08-22 08:29:02.404494600,0.084494600,1
'2026-08-22 08:29:02.404509200,0.084509200,0
'2026-08-22 08:29:02.404520600,0.084520600,1
'2026-08-22 08:29:02.404535300,0.084535300,0
'2026-08-22 08:29:02.404546700,0.084546700,1
'2026-08-22 08:29:02.404562000,0.084562000,0
'2026-08-22 08:29:02.404562400,0.084562400,1
'2026-08-22 08:29:02.404562500,0.084562500,0
'2026-08-22 08:29:02.404563000,0.084563000,1
'2026-08-22 08:29:02.404563100,0.084563100,0
'2026-08-22 08:29:02.404572800,0.084572800,1
'2026-08-22 08:29:02.404587200,0.084587200,0
'2026-08-22 08:29:02.404589700,0.084589700,1
'2026-08-22 08:29:02.405011400,0.085011400,0
'2026-08-22 08:29:02.405011500,0.085011500,1
'2026-08-22 08:29:02.405011600,0.085011600,0
'2026-08-22 08:29:02.405015600,0.085015600,1
'2026-08-22 08:29:02.405015700,0.085015700,0
'2026-08-22 08:29:02.405016100,0.085016100,1
'2026-08-22 08:29:02.405030600,0.085030600,0
'2026-08-22 08:29:02.405042200,0.085042200,1
'2026-08-22 08:29:02.405056900,0.085056900,0
'2026-08-22 08:29:02.405068300,0.085068300,1
'2026-08-22 08:29:02.405083100,0.085083100,0
'2026-08-22 08:29:02.405083300,0.085083300,1
'2026-08-22 08:29:02.405083500,0.085083500,0
'2026-08-22 08:29:02.405083900,0.085083900,1
'2026-08-22 08:29:02.405084000,0.085084000,0
'2026-08-22 08:29:02.405094400,0.085094400,1
'2026-08-22 08:29:02.405108800,0.085108800,0
'2026-08-22 08:29:02.405115500,0.085115500,1
'2026-08-22 08:29:02.405115600,0.085115600,0
'2026-08-22 08:29:02.405120500,0.085120500,1
'2026-08-22 08:29:02.405135600,0.085135600,0
'2026-08-22 08:29:02.405135700,0.085135700,1
'2026-08-22 08:29:02.405136000,0.085136000,0
'2026-08-22 08:29:02.405136500,0.085136500,1
'2026-08-22 08:29:02.405136600,0.085136600,0
'2026-08-22 08:29:02.405145300,0.085145300,1
'2026-08-22 08:29:02.405145400,0.085145400,0
'2026-08-22 08:29:02.405146400,0.085146400,1
'2026-08-22 08:29:02.405161100,0.085161100,0
'2026-08-22 08:29:02.405172600,0.085172600,1
'2026-08-22 08:29:02.405187600,0.085187600,0
'2026-08-22 08:29:02.405198700,0.085198700,1
'2026-08-22 08:29:02.405213200,0.085213200,0
'2026-08-22 08:29:02.405224800,0.085224800,1
'2026-08-22 08:29:02.405239600,0.085239600,0
'2026-08-22 08:29:02.405250900,0.085250900,1
'2026-08-22 08:29:02.405265800,0.085265800,0
'2026-08-22 08:29:02.405266100,0.085266100,1
'2026-08-22 08:29:02.405266200,0.085266200,0
'2026-08-22 08:29:02.405266700,0.085266700,1
'2026-08-22 08:29:02.405266800,0.085266800,0
'2026-08-22 08:29:02.405267300,0.085267300,1
'2026-08-22 08:29:02.405267400,0.085267400,0
'2026-08-22 08:29:02.405277000,0.085277000,1
'2026-08-22 08:29:02.405291500,0.085291500,0
'2026-08-22 08:29:02.405303100,0.085303100,1
'2026-08-22 08:29:02.405318300,0.085318300,0
'2026-08-22 08:29:02.405329100,0.085329100,1
'2026-08-22 08:29:02.405343600,0.085343600,0
'2026-08-22 08:29:02.405347300,0.085347300,1
'2026-08-22 08:29:02.405347400,0.085347400,0
'2026-08-22 08:29:02.405347900,0.085347900,1
'2026-08-22 08:29:02.405348000,0.085348000,0
'2026-08-22 08:29:02.405355200,0.085355200,1
'2026-08-22 08:29:02.405369800,0.085369800,0
'2026-08-22 08:29:02.405377700,0.085377700,1
'2026-08-22 08:29:02.405377800,0.085377800,0
'2026-08-22 08:29:02.405378800,0.085378800,1
'2026-08-22 08:29:02.405378900,0.085378900,0
'2026-08-22 08:29:02.405381300,0.085381300,1
'2026-08-22 08:29:02.405396200,0.085396200,0
'2026-08-22 08:29:02.405396300,0.085396300,1
'2026-08-22 08:29:02.405396400,0.085396400,0
'2026-08-22 08:29:02.405397500,0.085397500,1
'2026-08-22 08:29:02.405397600,0.085397600,0
'2026-08-22 08:29:02.405398100,0.085398100,1
'2026-08-22 08:29:02.405398200,0.085398200,0
'2026-08-22 08:29:02.405398700,0.085398700,1
'2026-08-22 08:29:02.405398800,0.085398800,0
'2026-08-22 08:29:02.405399300,0.085399300,1
'2026-08-22 08:29:02.405399400,0.085399400,0
'2026-08-22 08:29:02.405407400,0.085407400,1
'2026-08-22 08:29:02.405839800,0.085839800,0
'2026-08-22 08:29:02.405840200,0.085840200,1
'2026-08-22 08:29:02.405840400,0.085840400,0
'2026-08-22 08:29:02.405840700,0.085840700,1
'2026-08-22 08:29:02.405840800,0.085840800,0
'2026-08-22 08:29:02.405841300,0.085841300,1
'2026-08-22 08:29:02.405841400,0.085841400,0
'2026-08-22 08:29:02.405841900,0.085841900,1
'2026-08-22 08:29:02.405842000,0.085842000,0
'2026-08-22 08:29:02.405850700,0.085850700,1
'2026-08-22 08:29:02.405865100,0.085865100,0
'2026-08-22 08:29:02.405870000,0.085870000,1
'2026-08-22 08:29:02.405870100,0.085870100,0
'2026-08-22 08:29:02.405870500,0.085870500,1
'2026-08-22 08:29:02.405870600,0.085870600,0
'2026-08-22 08:29:02.405871100,0.085871100,1
'2026-08-22 08:29:02.405871200,0.085871200,0
'2026-08-22 08:29:02.405876800,0.085876800,1
'2026-08-22 08:29:02.405891700,0.085891700,0
'2026-08-22 08:29:02.405902800,0.085902800,1
'2026-08-22 08:29:02.405917400,0.085917400,0
'2026-08-22 08:29:02.405924000,0.085924000,1
'2026-08-22 08:29:02.405924100,0.085924100,0
'2026-08-22 08:29:02.405928900,0.085928900,1
'2026-08-22 08:29:02.405943700,0.085943700,0
'2026-08-22 08:29:02.405952900,0.085952900,1
'2026-08-22 08:29:02.405953000,0.085953000,0
'2026-08-22 08:29:02.405955000,0.085955000,1
'2026-08-22 08:29:02.405970000,0.085970000,0
'2026-08-22 08:29:02.405981100,0.085981100,1
'2026-08-22 08:29:02.405995800,0.085995800,0
'2026-08-22 08:29:02.406007200,0.086007200,1
'2026-08-22 08:29:02.406022000,0.086022000,0
'2026-08-22 08:29:02.406033300,0.086033300,1
'2026-08-22 08:29:02.406047800,0.086047800,0
'2026-08-22 08:29:02.406059300,0.086059300,1
'2026-08-22 08:29:02.406074100,0.086074100,0
'2026-08-22 08:29:02.406074400,0.086074400,1
'2026-08-22 08:29:02.406074500,0.086074500,0
'2026-08-22 08:29:02.406082100,0.086082100,1
'2026-08-22 08:29:02.406082200,0.086082200,0
'2026-08-22 08:29:02.406085400,0.086085400,1
'2026-08-22 08:29:02.406100200,0.086100200,0
'2026-08-22 08:29:02.406100700,0.086100700,1
'2026-08-22 08:29:02.406100800,0.086100800,0
'2026-08-22 08:29:02.406101300,0.086101300,1
'2026-08-22 08:29:02.406101400,0.086101400,0
'2026-08-22 08:29:02.406111500,0.086111500,1
'2026-08-22 08:29:02.406126000,0.086126000,0
'2026-08-22 08:29:02.406137600,0.086137600,1
'2026-08-22 08:29:02.406152600,0.086152600,0
'2026-08-22 08:29:02.406152700,0.086152700,1
'2026-08-22 08:29:02.406152800,0.086152800,0
'2026-08-22 08:29:02.406153300,0.086153300,1
'2026-08-22 08:29:02.406153400,0.086153400,0
'2026-08-22 08:29:02.406162600,0.086162600,1
'2026-08-22 08:29:02.406162700,0.086162700,0
'2026-08-22 08:29:02.406163700,0.086163700,1
'2026-08-22 08:29:02.406178200,0.086178200,0
'2026-08-22 08:29:02.406181800,0.086181800,1
'2026-08-22 08:29:02.406182000,0.086182000,0
'2026-08-22 08:29:02.406182500,0.086182500,1
'2026-08-22 08:29:02.406182600,0.086182600,0
'2026-08-22 08:29:02.406183000,0.086183000,1
'2026-08-22 08:29:02.406183100,0.086183100,0
'2026-08-22 08:29:02.406189800,0.086189800,1
'2026-08-22 08:29:02.406204800,0.086204800,0
'2026-08-22 08:29:02.406204900,0.086204900,1
'2026-08-22 08:29:02.406205000,0.086205000,0
'2026-08-22 08:29:02.406205300,0.086205300,1
'2026-08-22 08:29:02.406205400,0.086205400,0
'2026-08-22 08:29:02.406215300,0.086215300,1
'2026-08-22 08:29:02.406215400,0.086215400,0
'2026-08-22 08:29:02.406215900,0.086215900,1
'2026-08-22 08:29:02.406230500,0.086230500,0
'2026-08-22 08:29:02.406234500,0.086234500,1
'2026-08-22 08:29:02.406234600,0.086234600,0
'2026-08-22 08:29:02.406241900,0.086241900,1
'2026-08-22 08:29:02.406658600,0.086658600,0
'2026-08-22 08:29:02.406659100,0.086659100,1
'2026-08-22 08:29:02.406673900,0.086673900,0
'2026-08-22 08:29:02.406676600,0.086676600,1
'2026-08-22 08:29:02.406676700,0.086676700,0
'2026-08-22 08:29:02.406685200,0.086685200,1
'2026-08-22 08:29:02.406699800,0.086699800,0
'2026-08-22 08:29:02.406706100,0.086706100,1
'2026-08-22 08:29:02.406706200,0.086706200,0
'2026-08-22 08:29:02.406711300,0.086711300,1
'2026-08-22 08:29:02.406726500,0.086726500,0
'2026-08-22 08:29:02.406732400,0.086732400,1
'2026-08-22 08:29:02.406732500,0.086732500,0
'2026-08-22 08:29:02.406737400,0.086737400,1
'2026-08-22 08:29:02.406751800,0.086751800,0
'2026-08-22 08:29:02.406763500,0.086763500,1
'2026-08-22 08:29:02.406778200,0.086778200,0
'2026-08-22 08:29:02.406789600,0.086789600,1
'2026-08-22 08:29:02.406804200,0.086804200,0
'2026-08-22 08:29:02.406815600,0.086815600,1
'2026-08-22 08:29:02.406830400,0.086830400,0
'2026-08-22 08:29:02.406841800,0.086841800,1
'2026-08-22 08:29:02.406856800,0.086856800,0
'2026-08-22 08:29:02.406867700,0.086867700,1
'2026-08-22 08:29:02.406882400,0.086882400,0
'2026-08-22 08:29:02.406893900,0.086893900,1
'2026-08-22 08:29:02.406908800,0.086908800,0
'2026-08-22 08:29:02.406917800,0.086917800,1
'2026-08-22 08:29:02.406917900,0.086917900,0
'2026-08-22 08:29:02.406920000,0.086920000,1
'2026-08-22 08:29:02.406934400,0.086934400,0
'2026-08-22 08:29:02.406934800,0.086934800,1
'2026-08-22 08:29:02.406934900,0.086934900,0
'2026-08-22 08:29:02.406946100,0.086946100,1
'2026-08-22 08:29:02.406960900,0.086960900,0
'2026-08-22 08:29:02.406961100,0.086961100,1
'2026-08-22 08:29:02.406961200,0.086961200,0
'2026-08-22 08:29:02.406972200,0.086972200,1
'2026-08-22 08:29:02.406986900,0.086986900,0
'2026-08-22 08:29:02.406998300,0.086998300,1
'2026-08-22 08:29:02.407012900,0.087012900,0
'2026-08-22 08:29:02.407024300,0.087024300,1
'2026-08-22 08:29:02.407039000,0.087039000,0
'2026-08-22 08:29:02.407050400,0.087050400,1
'2026-08-22 08:29:02.407065200,0.087065200,0
'2026-08-22 08:29:02.407067700,0.087067700,1
'2026-08-22 08:29:02.407482200,0.087482200,0
'2026-08-22 08:29:02.407482300,0.087482300,1
'2026-08-22 08:29:02.407482400,0.087482400,0
'2026-08-22 08:29:02.407493700,0.087493700,1
'2026-08-22 08:29:02.407508400,0.087508400,0
'2026-08-22 08:29:02.407508500,0.087508500,1
'2026-08-22 08:29:02.407508700,0.087508700,0
'2026-08-22 08:29:02.407519800,0.087519800,1
'2026-08-22 08:29:02.407534400,0.087534400,0
'2026-08-22 08:29:02.407545900,0.087545900,1
'2026-08-22 08:29:02.407560700,0.087560700,0
'2026-08-22 08:29:02.407572000,0.087572000,1
'2026-08-22 08:29:02.407586500,0.087586500,0
'2026-08-22 08:29:02.407598100,0.087598100,1
'2026-08-22 08:29:02.407612800,0.087612800,0
'2026-08-22 08:29:02.407613100,0.087613100,1
'2026-08-22 08:29:02.407613200,0.087613200,0
'2026-08-22 08:29:02.407624200,0.087624200,1
'2026-08-22 08:29:02.407638400,0.087638400,0
'2026-08-22 08:29:02.407638500,0.087638500,1
'2026-08-22 08:29:02.407638800,0.087638800,0
'2026-08-22 08:29:02.407650200,0.087650200,1
'2026-08-22 08:29:02.407664800,0.087664800,0
'2026-08-22 08:29:02.407676300,0.087676300,1
'2026-08-22 08:29:02.407691000,0.087691000,0
'2026-08-22 08:29:02.407702400,0.087702400,1
'2026-08-22 08:29:02.407717000,0.087717000,0
'2026-08-22 08:29:02.407717100,0.087717100,1
'2026-08-22 08:29:02.407717200,0.087717200,0
'2026-08-22 08:29:02.407717700,0.087717700,1
'2026-08-22 08:29:02.407717800,0.087717800,0
'2026-08-22 08:29:02.407723800,0.087723800,1
'2026-08-22 08:29:02.407723900,0.087723900,0
'2026-08-22 08:29:02.407728500,0.087728500,1
'2026-08-22 08:29:02.407743200,0.087743200,0
'2026-08-22 08:29:02.407743300,0.087743300,1
'2026-08-22 08:29:02.407743400,0.087743400,0
'2026-08-22 08:29:02.407754600,0.087754600,1
'2026-08-22 08:29:02.407769200,0.087769200,0
'2026-08-22 08:29:02.407780700,0.087780700,1
'2026-08-22 08:29:02.407795200,0.087795200,0
'2026-08-22 08:29:02.407795300,0.087795300,1
'2026-08-22 08:29:02.407795400,0.087795400,0
'2026-08-22 08:29:02.407806800,0.087806800,1
'2026-08-22 08:29:02.407821500,0.087821500,0
'2026-08-22 08:29:02.407832800,0.087832800,1
'2026-08-22 08:29:02.407847500,0.087847500,0
'2026-08-22 08:29:02.407858900,0.087858900,1
'2026-08-22 08:29:02.407873500,0.087873500,0
'2026-08-22 08:29:02.407873600,0.087873600,1
'2026-08-22 08:29:02.407873800,0.087873800,0
'2026-08-22 08:29:02.407885000,0.087885000,1
'2026-08-22 08:29:02.408316800,0.088316800,0
'2026-08-22 08:29:02.408328300,0.088328300,1
'2026-08-22 08:29:02.408343000,0.088343000,0
'2026-08-22 08:29:02.408354400,0.088354400,1
'2026-08-22 08:29:02.408369100,0.088369100,0
'2026-08-22 08:29:02.408380500,0.088380500,1
'2026-08-22 08:29:02.408395000,0.088395000,0
'2026-08-22 08:29:02.408406500,0.088406500,1
'2026-08-22 08:29:02.408421200,0.088421200,0
'2026-08-22 08:29:02.408421500,0.088421500,1
'2026-08-22 08:29:02.408421600,0.088421600,0
'2026-08-22 08:29:02.408432600,0.088432600,1
'2026-08-22 08:29:02.408447400,0.088447400,0
'2026-08-22 08:29:02.408458300,0.088458300,1
'2026-08-22 08:29:02.408458400,0.088458400,0
'2026-08-22 08:29:02.408458700,0.088458700,1
'2026-08-22 08:29:02.408473300,0.088473300,0
'2026-08-22 08:29:02.408473400,0.088473400,1
'2026-08-22 08:29:02.408473600,0.088473600,0
'2026-08-22 08:29:02.408484800,0.088484800,1
'2026-08-22 08:29:02.408499400,0.088499400,0
'2026-08-22 08:29:02.408510900,0.088510900,1
'2026-08-22 08:29:02.408525700,0.088525700,0
'2026-08-22 08:29:02.408537000,0.088537000,1
'2026-08-22 08:29:02.408551600,0.088551600,0
'2026-08-22 08:29:02.408563000,0.088563000,1
'2026-08-22 08:29:02.408577700,0.088577700,0
'2026-08-22 08:29:02.408578100,0.088578100,1
'2026-08-22 08:29:02.408578200,0.088578200,0
'2026-08-22 08:29:02.408589100,0.088589100,1
'2026-08-22 08:29:02.408603900,0.088603900,0
'2026-08-22 08:29:02.408604100,0.088604100,1
'2026-08-22 08:29:02.408604200,0.088604200,0
'2026-08-22 08:29:02.408615200,0.088615200,1
'2026-08-22 08:29:02.408629800,0.088629800,0
'2026-08-22 08:29:02.408630100,0.088630100,1
'2026-08-22 08:29:02.408630200,0.088630200,0
'2026-08-22 08:29:02.408641300,0.088641300,1
'2026-08-22 08:29:02.408656000,0.088656000,0
'2026-08-22 08:29:02.408656300,0.088656300,1
'2026-08-22 08:29:02.408656400,0.088656400,0
'2026-08-22 08:29:02.408667400,0.088667400,1
'2026-08-22 08:29:02.408682100,0.088682100,0
'2026-08-22 08:29:02.408688700,0.088688700,1
'2026-08-22 08:29:02.408688800,0.088688800,0
'2026-08-22 08:29:02.408693500,0.088693500,1
'2026-08-22 08:29:02.408708000,0.088708000,0
'2026-08-22 08:29:02.408714600,0.088714600,1
'2026-08-22 08:29:02.409128900,0.089128900,0
'2026-08-22 08:29:02.409129000,0.089129000,1
'2026-08-22 08:29:02.409129100,0.089129100,0
'2026-08-22 08:29:02.409136700,0.089136700,1
'2026-08-22 08:29:02.409151600,0.089151600,0
'2026-08-22 08:29:02.409162800,0.089162800,1
'2026-08-22 08:29:02.409177400,0.089177400,0
'2026-08-22 08:29:02.409188900,0.089188900,1
'2026-08-22 08:29:02.409203600,0.089203600,0
'2026-08-22 08:29:02.409209900,0.089209900,1
'2026-08-22 08:29:02.409210000,0.089210000,0
'2026-08-22 08:29:02.409210500,0.089210500,1
'2026-08-22 08:29:02.409210600,0.089210600,0
'2026-08-22 08:29:02.409213400,0.089213400,1
'2026-08-22 08:29:02.409213500,0.089213500,0
'2026-08-22 08:29:02.409215000,0.089215000,1
'2026-08-22 08:29:02.409229600,0.089229600,0
'2026-08-22 08:29:02.409229700,0.089229700,1
'2026-08-22 08:29:02.409229900,0.089229900,0
'2026-08-22 08:29:02.409241100,0.089241100,1
'2026-08-22 08:29:02.409255600,0.089255600,0
'2026-08-22 08:29:02.409267200,0.089267200,1
'2026-08-22 08:29:02.409281900,0.089281900,0
'2026-08-22 08:29:02.409293300,0.089293300,1
'2026-08-22 08:29:02.409307900,0.089307900,0
'2026-08-22 08:29:02.409308000,0.089308000,1
'2026-08-22 08:29:02.409308100,0.089308100,0
'2026-08-22 08:29:02.409319300,0.089319300,1
'2026-08-22 08:29:02.409333900,0.089333900,0
'2026-08-22 08:29:02.409345400,0.089345400,1
'2026-08-22 08:29:02.409360200,0.089360200,0
'2026-08-22 08:29:02.409360500,0.089360500,1
'2026-08-22 08:29:02.409360600,0.089360600,0
'2026-08-22 08:29:02.409371500,0.089371500,1
'2026-08-22 08:29:02.409386200,0.089386200,0
'2026-08-22 08:29:02.409386300,0.089386300,1
'2026-08-22 08:29:02.409386400,0.089386400,0
'2026-08-22 08:29:02.409397600,0.089397600,1
'2026-08-22 08:29:02.409412400,0.089412400,0
'2026-08-22 08:29:02.409412500,0.089412500,1
'2026-08-22 08:29:02.409412600,0.089412600,0
'2026-08-22 08:29:02.409423700,0.089423700,1
'2026-08-22 08:29:02.409438200,0.089438200,0
'2026-08-22 08:29:02.409449800,0.089449800,1
'2026-08-22 08:29:02.409464600,0.089464600,0
'2026-08-22 08:29:02.409475900,0.089475900,1
'2026-08-22 08:29:02.409490400,0.089490400,0
'2026-08-22 08:29:02.409501900,0.089501900,1
'2026-08-22 08:29:02.409516700,0.089516700,0
'2026-08-22 08:29:02.409518900,0.089518900,1
'2026-08-22 08:29:02.409519000,0.089519000,0
'2026-08-22 08:29:02.409528000,0.089528000,1
'2026-08-22 08:29:02.409959700,0.089959700,0
'2026-08-22 08:29:02.409971300,0.089971300,1
'2026-08-22 08:29:02.409985900,0.089985900,0
'2026-08-22 08:29:02.409991900,0.089991900,1
'2026-08-22 08:29:02.409992000,0.089992000,0
'2026-08-22 08:29:02.409997400,0.089997400,1
'2026-08-22 08:29:02.410012200,0.090012200,0
'2026-08-22 08:29:02.410014300,0.090014300,1
'2026-08-22 08:29:02.410014400,0.090014400,0
'2026-08-22 08:29:02.410023500,0.090023500,1
'2026-08-22 08:29:02.410037900,0.090037900,0
'2026-08-22 08:29:02.410049600,0.090049600,1
'2026-08-22 08:29:02.410064500,0.090064500,0
'2026-08-22 08:29:02.410075700,0.090075700,1
'2026-08-22 08:29:02.410090200,0.090090200,0
'2026-08-22 08:29:02.410101700,0.090101700,1
'2026-08-22 08:29:02.410116300,0.090116300,0
'2026-08-22 08:29:02.410116400,0.090116400,1
'2026-08-22 08:29:02.410116500,0.090116500,0
'2026-08-22 08:29:02.410119900,0.090119900,1
'2026-08-22 08:29:02.410120000,0.090120000,0
'2026-08-22 08:29:02.410127900,0.090127900,1
'2026-08-22 08:29:02.410142400,0.090142400,0
'2026-08-22 08:29:02.410142700,0.090142700,1
'2026-08-22 08:29:02.410142800,0.090142800,0
'2026-08-22 08:29:02.410143300,0.090143300,1
'2026-08-22 08:29:02.410143400,0.090143400,0
'2026-08-22 08:29:02.410145000,0.090145000,1
'2026-08-22 08:29:02.410145100,0.090145100,0
'2026-08-22 08:29:02.410153900,0.090153900,1
'2026-08-22 08:29:02.410168600,0.090168600,0
'2026-08-22 08:29:02.410180000,0.090180000,1
'2026-08-22 08:29:02.410194600,0.090194600,0
'2026-08-22 08:29:02.410206100,0.090206100,1
'2026-08-22 08:29:02.410220600,0.090220600,0
'2026-08-22 08:29:02.410226000,0.090226000,1
'2026-08-22 08:29:02.410226100,0.090226100,0
'2026-08-22 08:29:02.410232200,0.090232200,1
'2026-08-22 08:29:02.410247000,0.090247000,0
'2026-08-22 08:29:02.410258300,0.090258300,1
'2026-08-22 08:29:02.410273200,0.090273200,0
'2026-08-22 08:29:02.410284300,0.090284300,1
'2026-08-22 08:29:02.410298900,0.090298900,0
'2026-08-22 08:29:02.410310500,0.090310500,1
'2026-08-22 08:29:02.410325400,0.090325400,0
'2026-08-22 08:29:02.410325500,0.090325500,1
'2026-08-22 08:29:02.410325600,0.090325600,0
'2026-08-22 08:29:02.410336500,0.090336500,1
'2026-08-22 08:29:02.410351000,0.090351000,0
'2026-08-22 08:29:02.410361500,0.090361500,1
'2026-08-22 08:29:02.410775600,0.090775600,0
'2026-08-22 08:29:02.410779800,0.090779800,1
'2026-08-22 08:29:02.410794400,0.090794400,0
'2026-08-22 08:29:02.410805900,0.090805900,1
'2026-08-22 08:29:02.410820500,0.090820500,0
'2026-08-22 08:29:02.410832000,0.090832000,1
'2026-08-22 08:29:02.410846900,0.090846900,0
'2026-08-22 08:29:02.410847100,0.090847100,1
'2026-08-22 08:29:02.410847200,0.090847200,0
'2026-08-22 08:29:02.410858100,0.090858100,1
'2026-08-22 08:29:02.410872600,0.090872600,0
'2026-08-22 08:29:02.410884200,0.090884200,1
'2026-08-22 08:29:02.410898800,0.090898800,0
'2026-08-22 08:29:02.410910200,0.090910200,1
'2026-08-22 08:29:02.410925000,0.090925000,0
'2026-08-22 08:29:02.410936300,0.090936300,1
'2026-08-22 08:29:02.410950800,0.090950800,0
'2026-08-22 08:29:02.410962400,0.090962400,1
'2026-08-22 08:29:02.410977000,0.090977000,0
'2026-08-22 08:29:02.410977100,0.090977100,1
'2026-08-22 08:29:02.410977600,0.090977600,0
'2026-08-22 08:29:02.410988500,0.090988500,1
'2026-08-22 08:29:02.411003000,0.091003000,0
'2026-08-22 08:29:02.411003100,0.091003100,1
'2026-08-22 08:29:02.411003200,0.091003200,0
'2026-08-22 08:29:02.411014600,0.091014600,1
'2026-08-22 08:29:02.411029500,0.091029500,0
'2026-08-22 08:29:02.411040700,0.091040700,1
'2026-08-22 08:29:02.411055200,0.091055200,0
'2026-08-22 08:29:02.411066700,0.091066700,1
'2026-08-22 08:29:02.411081500,0.091081500,0
'2026-08-22 08:29:02.411092800,0.091092800,1
'2026-08-22 08:29:02.411107500,0.091107500,0
'2026-08-22 08:29:02.411107700,0.091107700,1
'2026-08-22 08:29:02.411107800,0.091107800,0
'2026-08-22 08:29:02.411118900,0.091118900,1
'2026-08-22 08:29:02.411133300,0.091133300,0
'2026-08-22 08:29:02.411133400,0.091133400,1
'2026-08-22 08:29:02.411133500,0.091133500,0
'2026-08-22 08:29:02.411145000,0.091145000,1
'2026-08-22 08:29:02.411159700,0.091159700,0
'2026-08-22 08:29:02.411159800,0.091159800,1
'2026-08-22 08:29:02.411159900,0.091159900,0
'2026-08-22 08:29:02.411160300,0.091160300,1
'2026-08-22 08:29:02.411160400,0.091160400,0
'2026-08-22 08:29:02.411171100,0.091171100,1
'2026-08-22 08:29:02.411602900,0.091602900,0
'2026-08-22 08:29:02.411610500,0.091610500,1
'2026-08-22 08:29:02.411610600,0.091610600,0
'2026-08-22 08:29:02.411614400,0.091614400,1
'2026-08-22 08:29:02.411629100,0.091629100,0
'2026-08-22 08:29:02.411640500,0.091640500,1
'2026-08-22 08:29:02.411654900,0.091654900,0
'2026-08-22 08:29:02.411666500,0.091666500,1
'2026-08-22 08:29:02.411681500,0.091681500,0
'2026-08-22 08:29:02.411692600,0.091692600,1
'2026-08-22 08:29:02.411707200,0.091707200,0
'2026-08-22 08:29:02.411718700,0.091718700,1
'2026-08-22 08:29:02.411733500,0.091733500,0
'2026-08-22 08:29:02.411744800,0.091744800,1
'2026-08-22 08:29:02.411759400,0.091759400,0
'2026-08-22 08:29:02.411770900,0.091770900,1
'2026-08-22 08:29:02.411785600,0.091785600,0
'2026-08-22 08:29:02.411797000,0.091797000,1
'2026-08-22 08:29:02.411811800,0.091811800,0
'2026-08-22 08:29:02.411823100,0.091823100,1
'2026-08-22 08:29:02.411837600,0.091837600,0
'2026-08-22 08:29:02.411843200,0.091843200,1
'2026-08-22 08:29:02.411843300,0.091843300,0
'2026-08-22 08:29:02.411849200,0.091849200,1
'2026-08-22 08:29:02.411863900,0.091863900,0
'2026-08-22 08:29:02.411875200,0.091875200,1
'2026-08-22 08:29:02.411890000,0.091890000,0
'2026-08-22 08:29:02.411901300,0.091901300,1
'2026-08-22 08:29:02.411915900,0.091915900,0
'2026-08-22 08:29:02.411922500,0.091922500,1
'2026-08-22 08:29:02.411922600,0.091922600,0
'2026-08-22 08:29:02.411927400,0.091927400,1
'2026-08-22 08:29:02.411942100,0.091942100,0
'2026-08-22 08:29:02.411953500,0.091953500,1
'2026-08-22 08:29:02.411968000,0.091968000,0
'2026-08-22 08:29:02.411979600,0.091979600,1
'2026-08-22 08:29:02.411994300,0.091994300,0
'2026-08-22 08:29:02.412005700,0.092005700,1
'2026-08-22 08:29:02.412422400,0.092422400,0
'2026-08-22 08:29:02.412422900,0.092422900,1
'2026-08-22 08:29:02.412437700,0.092437700,0
'2026-08-22 08:29:02.412449000,0.092449000,1
'2026-08-22 08:29:02.412463400,0.092463400,0
'2026-08-22 08:29:02.412475100,0.092475100,1
'2026-08-22 08:29:02.412489600,0.092489600,0
'2026-08-22 08:29:02.412490100,0.092490100,1
'2026-08-22 08:29:02.412490200,0.092490200,0
'2026-08-22 08:29:02.412501100,0.092501100,1
'2026-08-22 08:29:02.412515800,0.092515800,0
'2026-08-22 08:29:02.412527200,0.092527200,1
'2026-08-22 08:29:02.412541600,0.092541600,0
'2026-08-22 08:29:02.412541700,0.092541700,1
'2026-08-22 08:29:02.412541800,0.092541800,0
'2026-08-22 08:29:02.412541900,0.092541900,1
'2026-08-22 08:29:02.412542000,0.092542000,0
'2026-08-22 08:29:02.412553300,0.092553300,1
'2026-08-22 08:29:02.412568100,0.092568100,0
'2026-08-22 08:29:02.412579400,0.092579400,1
'2026-08-22 08:29:02.412594100,0.092594100,0
'2026-08-22 08:29:02.412605500,0.092605500,1
'2026-08-22 08:29:02.412620300,0.092620300,0
'2026-08-22 08:29:02.412625400,0.092625400,1
'2026-08-22 08:29:02.412625500,0.092625500,0
'2026-08-22 08:29:02.412631600,0.092631600,1
'2026-08-22 08:29:02.412646300,0.092646300,0
'2026-08-22 08:29:02.412646500,0.092646500,1
'2026-08-22 08:29:02.412646600,0.092646600,0
'2026-08-22 08:29:02.412657700,0.092657700,1
'2026-08-22 08:29:02.412672200,0.092672200,0
'2026-08-22 08:29:02.412683800,0.092683800,1
'2026-08-22 08:29:02.412698400,0.092698400,0
'2026-08-22 08:29:02.412698500,0.092698500,1
'2026-08-22 08:29:02.412698600,0.092698600,0
'2026-08-22 08:29:02.412705400,0.092705400,1
'2026-08-22 08:29:02.412705500,0.092705500,0
'2026-08-22 08:29:02.412709800,0.092709800,1
'2026-08-22 08:29:02.412724400,0.092724400,0
'2026-08-22 08:29:02.412735900,0.092735900,1
'2026-08-22 08:29:02.412750700,0.092750700,0
'2026-08-22 08:29:02.412758300,0.092758300,1
'2026-08-22 08:29:02.412758400,0.092758400,0
'2026-08-22 08:29:02.412762000,0.092762000,1
'2026-08-22 08:29:02.412776600,0.092776600,0
'2026-08-22 08:29:02.412776700,0.092776700,1
'2026-08-22 08:29:02.412776800,0.092776800,0
'2026-08-22 08:29:02.412779700,0.092779700,1
'2026-08-22 08:29:02.412779800,0.092779800,0
'2026-08-22 08:29:02.412788100,0.092788100,1
'2026-08-22 08:29:02.412802700,0.092802700,0
'2026-08-22 08:29:02.412814200,0.092814200,1
'2026-08-22 08:29:02.412828900,0.092828900,0
'2026-08-22 08:29:02.412831900,0.092831900,1
'2026-08-22 08:29:02.413246000,0.093246000,0
'2026-08-22 08:29:02.413257500,0.093257500,1
'2026-08-22 08:29:02.413272200,0.093272200,0
'2026-08-22 08:29:02.413283600,0.093283600,1
'2026-08-22 08:29:02.413298100,0.093298100,0
'2026-08-22 08:29:02.413309700,0.093309700,1
'2026-08-22 08:29:02.413324200,0.093324200,0
'2026-08-22 08:29:02.413324300,0.093324300,1
'2026-08-22 08:29:02.413324400,0.093324400,0
'2026-08-22 08:29:02.413335700,0.093335700,1
'2026-08-22 08:29:02.413350500,0.093350500,0
'2026-08-22 08:29:02.413361800,0.093361800,1
'2026-08-22 08:29:02.413376400,0.093376400,0
'2026-08-22 08:29:02.413387900,0.093387900,1
'2026-08-22 08:29:02.413402600,0.093402600,0
'2026-08-22 08:29:02.413414000,0.093414000,1
'2026-08-22 08:29:02.413428700,0.093428700,0
'2026-08-22 08:29:02.413440100,0.093440100,1
'2026-08-22 08:29:02.413454800,0.093454800,0
'2026-08-22 08:29:02.413454900,0.093454900,1
'2026-08-22 08:29:02.413455000,0.093455000,0
'2026-08-22 08:29:02.413466200,0.093466200,1
'2026-08-22 08:29:02.413480900,0.093480900,0
'2026-08-22 08:29:02.413482500,0.093482500,1
'2026-08-22 08:29:02.413482600,0.093482600,0
'2026-08-22 08:29:02.413492300,0.093492300,1
'2026-08-22 08:29:02.413507000,0.093507000,0
'2026-08-22 08:29:02.413509900,0.093509900,1
'2026-08-22 08:29:02.413510000,0.093510000,0
'2026-08-22 08:29:02.413510500,0.093510500,1
'2026-08-22 08:29:02.413510600,0.093510600,0
'2026-08-22 08:29:02.413518300,0.093518300,1
'2026-08-22 08:29:02.413533000,0.093533000,0
'2026-08-22 08:29:02.413544400,0.093544400,1
'2026-08-22 08:29:02.413559100,0.093559100,0
'2026-08-22 08:29:02.413560100,0.093560100,1
'2026-08-22 08:29:02.413560200,0.093560200,0
'2026-08-22 08:29:02.413562500,0.093562500,1
'2026-08-22 08:29:02.413562600,0.093562600,0
'2026-08-22 08:29:02.413570500,0.093570500,1
'2026-08-22 08:29:02.413585400,0.093585400,0
'2026-08-22 08:29:02.413596600,0.093596600,1
'2026-08-22 08:29:02.413611700,0.093611700,0
'2026-08-22 08:29:02.413612100,0.093612100,1
'2026-08-22 08:29:02.413612200,0.093612200,0
'2026-08-22 08:29:02.413622700,0.093622700,1
'2026-08-22 08:29:02.413637400,0.093637400,0
'2026-08-22 08:29:02.413648800,0.093648800,1
'2026-08-22 08:29:02.414080600,0.094080600,0
'2026-08-22 08:29:02.414092000,0.094092000,1
'2026-08-22 08:29:02.414106700,0.094106700,0
'2026-08-22 08:29:02.414118100,0.094118100,1
'2026-08-22 08:29:02.414132800,0.094132800,0
'2026-08-22 08:29:02.414144200,0.094144200,1
'2026-08-22 08:29:02.414158700,0.094158700,0
'2026-08-22 08:29:02.414170300,0.094170300,1
'2026-08-22 08:29:02.414184900,0.094184900,0
'2026-08-22 08:29:02.414185500,0.094185500,1
'2026-08-22 08:29:02.414185600,0.094185600,0
'2026-08-22 08:29:02.414196400,0.094196400,1
'2026-08-22 08:29:02.414211000,0.094211000,0
'2026-08-22 08:29:02.414222500,0.094222500,1
'2026-08-22 08:29:02.414237400,0.094237400,0
'2026-08-22 08:29:02.414248500,0.094248500,1
'2026-08-22 08:29:02.414263000,0.094263000,0
'2026-08-22 08:29:02.414274600,0.094274600,1
'2026-08-22 08:29:02.414289400,0.094289400,0
'2026-08-22 08:29:02.414300700,0.094300700,1
'2026-08-22 08:29:02.414315600,0.094315600,0
'2026-08-22 08:29:02.414316000,0.094316000,1
'2026-08-22 08:29:02.414316100,0.094316100,0
'2026-08-22 08:29:02.414326800,0.094326800,1
'2026-08-22 08:29:02.414341300,0.094341300,0
'2026-08-22 08:29:02.414352900,0.094352900,1
'2026-08-22 08:29:02.414367800,0.094367800,0
'2026-08-22 08:29:02.414367900,0.094367900,1
'2026-08-22 08:29:02.414368000,0.094368000,0
'2026-08-22 08:29:02.414379000,0.094379000,1
'2026-08-22 08:29:02.414393800,0.094393800,0
'2026-08-22 08:29:02.414394800,0.094394800,1
'2026-08-22 08:29:02.414394900,0.094394900,0
'2026-08-22 08:29:02.414405100,0.094405100,1
'2026-08-22 08:29:02.414419600,0.094419600,0
'2026-08-22 08:29:02.414431100,0.094431100,1
'2026-08-22 08:29:02.414445900,0.094445900,0
'2026-08-22 08:29:02.414456700,0.094456700,1
'2026-08-22 08:29:02.414456800,0.094456800,0
'2026-08-22 08:29:02.414457200,0.094457200,1
'2026-08-22 08:29:02.414472000,0.094472000,0
'2026-08-22 08:29:02.414478700,0.094478700,1
'2026-08-22 08:29:02.414892800,0.094892800,0
'2026-08-22 08:29:02.414900500,0.094900500,1
'2026-08-22 08:29:02.414915000,0.094915000,0
'2026-08-22 08:29:02.414926600,0.094926600,1
'2026-08-22 08:29:02.414941600,0.094941600,0
'2026-08-22 08:29:02.414952700,0.094952700,1
'2026-08-22 08:29:02.414967400,0.094967400,0
'2026-08-22 08:29:02.414978800,0.094978800,1
'2026-08-22 08:29:02.414993200,0.094993200,0
'2026-08-22 08:29:02.415004800,0.095004800,1
'2026-08-22 08:29:02.415020000,0.095020000,0
'2026-08-22 08:29:02.415020300,0.095020300,1
'2026-08-22 08:29:02.415020500,0.095020500,0
'2026-08-22 08:29:02.415029100,0.095029100,1
'2026-08-22 08:29:02.415029200,0.095029200,0
'2026-08-22 08:29:02.415030900,0.095030900,1
'2026-08-22 08:29:02.415045400,0.095045400,0
'2026-08-22 08:29:02.415050200,0.095050200,1
'2026-08-22 08:29:02.415050300,0.095050300,0
'2026-08-22 08:29:02.415057000,0.095057000,1
'2026-08-22 08:29:02.415072000,0.095072000,0
'2026-08-22 08:29:02.415083100,0.095083100,1
'2026-08-22 08:29:02.415097700,0.095097700,0
'2026-08-22 08:29:02.415109200,0.095109200,1
'2026-08-22 08:29:02.415123900,0.095123900,0
'2026-08-22 08:29:02.415132000,0.095132000,1
'2026-08-22 08:29:02.415132100,0.095132100,0
'2026-08-22 08:29:02.415135300,0.095135300,1
'2026-08-22 08:29:02.415150400,0.095150400,0
'2026-08-22 08:29:02.415151200,0.095151200,1
'2026-08-22 08:29:02.415151400,0.095151400,0
'2026-08-22 08:29:02.415161400,0.095161400,1
'2026-08-22 08:29:02.415175700,0.095175700,0
'2026-08-22 08:29:02.415175800,0.095175800,1
'2026-08-22 08:29:02.415175900,0.095175900,0
'2026-08-22 08:29:02.415187400,0.095187400,1
'2026-08-22 08:29:02.415202500,0.095202500,0
'2026-08-22 08:29:02.415202600,0.095202600,1
'2026-08-22 08:29:02.415202800,0.095202800,0
'2026-08-22 08:29:02.415213500,0.095213500,1
'2026-08-22 08:29:02.415228000,0.095228000,0
'2026-08-22 08:29:02.415239600,0.095239600,1
'2026-08-22 08:29:02.415254300,0.095254300,0
'2026-08-22 08:29:02.415265700,0.095265700,1
'2026-08-22 08:29:02.415280500,0.095280500,0
'2026-08-22 08:29:02.415291800,0.095291800,1
'2026-08-22 08:29:02.415724400,0.095724400,0
'2026-08-22 08:29:02.415724700,0.095724700,1
'2026-08-22 08:29:02.415724800,0.095724800,0
'2026-08-22 08:29:02.415725100,0.095725100,1
'2026-08-22 08:29:02.415725200,0.095725200,0
'2026-08-22 08:29:02.415734700,0.095734700,1
'2026-08-22 08:29:02.415734800,0.095734800,0
'2026-08-22 08:29:02.415735100,0.095735100,1
'2026-08-22 08:29:02.415749500,0.095749500,0
'2026-08-22 08:29:02.415761200,0.095761200,1
'2026-08-22 08:29:02.415776300,0.095776300,0
'2026-08-22 08:29:02.415776700,0.095776700,1
'2026-08-22 08:29:02.415776800,0.095776800,0
'2026-08-22 08:29:02.415787300,0.095787300,1
'2026-08-22 08:29:02.415801900,0.095801900,0
'2026-08-22 08:29:02.415813400,0.095813400,1
'2026-08-22 08:29:02.415828000,0.095828000,0
'2026-08-22 08:29:02.415828100,0.095828100,1
'2026-08-22 08:29:02.415828200,0.095828200,0
'2026-08-22 08:29:02.415839500,0.095839500,1
'2026-08-22 08:29:02.415854200,0.095854200,0
'2026-08-22 08:29:02.415854300,0.095854300,1
'2026-08-22 08:29:02.415854500,0.095854500,0
'2026-08-22 08:29:02.415855500,0.095855500,1
'2026-08-22 08:29:02.415855600,0.095855600,0
'2026-08-22 08:29:02.415864100,0.095864100,1
'2026-08-22 08:29:02.415864200,0.095864200,0
'2026-08-22 08:29:02.415865500,0.095865500,1
'2026-08-22 08:29:02.415880000,0.095880000,0
'2026-08-22 08:29:02.415891600,0.095891600,1
'2026-08-22 08:29:02.415906600,0.095906600,0
'2026-08-22 08:29:02.415917700,0.095917700,1
'2026-08-22 08:29:02.415932200,0.095932200,0
'2026-08-22 08:29:02.415943800,0.095943800,1
'2026-08-22 08:29:02.415958400,0.095958400,0
'2026-08-22 08:29:02.415967100,0.095967100,1
'2026-08-22 08:29:02.415967200,0.095967200,0
'2026-08-22 08:29:02.415969900,0.095969900,1
'2026-08-22 08:29:02.415984900,0.095984900,0
'2026-08-22 08:29:02.415996000,0.095996000,1
'2026-08-22 08:29:02.416010500,0.096010500,0
'2026-08-22 08:29:02.416022100,0.096022100,1
'2026-08-22 08:29:02.416037300,0.096037300,0
'2026-08-22 08:29:02.416037700,0.096037700,1
'2026-08-22 08:29:02.416037800,0.096037800,0
'2026-08-22 08:29:02.416038300,0.096038300,1
'2026-08-22 08:29:02.416038400,0.096038400,0
'2026-08-22 08:29:02.416046500,0.096046500,1
'2026-08-22 08:29:02.416046600,0.096046600,0
'2026-08-22 08:29:02.416047100,0.096047100,1
'2026-08-22 08:29:02.416047200,0.096047200,0
'2026-08-22 08:29:02.416048100,0.096048100,1
'2026-08-22 08:29:02.416062600,0.096062600,0
'2026-08-22 08:29:02.416066300,0.096066300,1
'2026-08-22 08:29:02.416066500,0.096066500,0
'2026-08-22 08:29:02.416067100,0.096067100,1
'2026-08-22 08:29:02.416067200,0.096067200,0
'2026-08-22 08:29:02.416067500,0.096067500,1
'2026-08-22 08:29:02.416067600,0.096067600,0
'2026-08-22 08:29:02.416068700,0.096068700,1
'2026-08-22 08:29:02.416068800,0.096068800,0
'2026-08-22 08:29:02.416074200,0.096074200,1
'2026-08-22 08:29:02.416089000,0.096089000,0
'2026-08-22 08:29:02.416089100,0.096089100,1
'2026-08-22 08:29:02.416089200,0.096089200,0
'2026-08-22 08:29:02.416098500,0.096098500,1
'2026-08-22 08:29:02.416098600,0.096098600,0
'2026-08-22 08:29:02.416100300,0.096100300,1
'2026-08-22 08:29:02.416114900,0.096114900,0
'2026-08-22 08:29:02.416125700,0.096125700,1
'2026-08-22 08:29:02.416540200,0.096540200,0
'2026-08-22 08:29:02.416543600,0.096543600,1
'2026-08-22 08:29:02.416558400,0.096558400,0
'2026-08-22 08:29:02.416560500,0.096560500,1
'2026-08-22 08:29:02.416560600,0.096560600,0
'2026-08-22 08:29:02.416569700,0.096569700,1
'2026-08-22 08:29:02.416584300,0.096584300,0
'2026-08-22 08:29:02.416595800,0.096595800,1
'2026-08-22 08:29:02.416610600,0.096610600,0
'2026-08-22 08:29:02.416621900,0.096621900,1
'2026-08-22 08:29:02.416636500,0.096636500,0
'2026-08-22 08:29:02.416648000,0.096648000,1
'2026-08-22 08:29:02.416662800,0.096662800,0
'2026-08-22 08:29:02.416674000,0.096674000,1
'2026-08-22 08:29:02.416688800,0.096688800,0
'2026-08-22 08:29:02.416700100,0.096700100,1
'2026-08-22 08:29:02.416714800,0.096714800,0
'2026-08-22 08:29:02.416726200,0.096726200,1
'2026-08-22 08:29:02.416741100,0.096741100,0
'2026-08-22 08:29:02.416752300,0.096752300,1
'2026-08-22 08:29:02.416766800,0.096766800,0
'2026-08-22 08:29:02.416768400,0.096768400,1
'2026-08-22 08:29:02.416768500,0.096768500,0
'2026-08-22 08:29:02.416778400,0.096778400,1
'2026-08-22 08:29:02.416793600,0.096793600,0
'2026-08-22 08:29:02.416804500,0.096804500,1
'2026-08-22 08:29:02.416819100,0.096819100,0
'2026-08-22 08:29:02.416819200,0.096819200,1
'2026-08-22 08:29:02.416819400,0.096819400,0
'2026-08-22 08:29:02.416830600,0.096830600,1
'2026-08-22 08:29:02.416845200,0.096845200,0
'2026-08-22 08:29:02.416856700,0.096856700,1
'2026-08-22 08:29:02.416871400,0.096871400,0
'2026-08-22 08:29:02.416871800,0.096871800,1
'2026-08-22 08:29:02.416871900,0.096871900,0
'2026-08-22 08:29:02.416874100,0.096874100,1
'2026-08-22 08:29:02.416874200,0.096874200,0
'2026-08-22 08:29:02.416882700,0.096882700,1
'2026-08-22 08:29:02.416897200,0.096897200,0
'2026-08-22 08:29:02.416908800,0.096908800,1
'2026-08-22 08:29:02.416923600,0.096923600,0
'2026-08-22 08:29:02.416923900,0.096923900,1
'2026-08-22 08:29:02.416924000,0.096924000,0
'2026-08-22 08:29:02.416934900,0.096934900,1
'2026-08-22 08:29:02.417366700,0.097366700,0
'2026-08-22 08:29:02.417367300,0.097367300,1
'2026-08-22 08:29:02.417367400,0.097367400,0
'2026-08-22 08:29:02.417378200,0.097378200,1
'2026-08-22 08:29:02.417392900,0.097392900,0
'2026-08-22 08:29:02.417404300,0.097404300,1
'2026-08-22 08:29:02.417418900,0.097418900,0
'2026-08-22 08:29:02.417419000,0.097419000,1
'2026-08-22 08:29:02.417419100,0.097419100,0
'2026-08-22 08:29:02.417430400,0.097430400,1
'2026-08-22 08:29:02.417445300,0.097445300,0
'2026-08-22 08:29:02.417456400,0.097456400,1
'2026-08-22 08:29:02.417471100,0.097471100,0
'2026-08-22 08:29:02.417482500,0.097482500,1
'2026-08-22 08:29:02.417497300,0.097497300,0
'2026-08-22 08:29:02.417508600,0.097508600,1
'2026-08-22 08:29:02.417523700,0.097523700,0
'2026-08-22 08:29:02.417524100,0.097524100,1
'2026-08-22 08:29:02.417524200,0.097524200,0
'2026-08-22 08:29:02.417534700,0.097534700,1
'2026-08-22 08:29:02.417549200,0.097549200,0
'2026-08-22 08:29:02.417554500,0.097554500,1
'2026-08-22 08:29:02.417554700,0.097554700,0
'2026-08-22 08:29:02.417556100,0.097556100,1
'2026-08-22 08:29:02.417556300,0.097556300,0
'2026-08-22 08:29:02.417560800,0.097560800,1
'2026-08-22 08:29:02.417575800,0.097575800,0
'2026-08-22 08:29:02.417575900,0.097575900,1
'2026-08-22 08:29:02.417576000,0.097576000,0
'2026-08-22 08:29:02.417576100,0.097576100,1
'2026-08-22 08:29:02.417576200,0.097576200,0
'2026-08-22 08:29:02.417586900,0.097586900,1
'2026-08-22 08:29:02.417601400,0.097601400,0
'2026-08-22 08:29:02.417613000,0.097613000,1
'2026-08-22 08:29:02.417627700,0.097627700,0
'2026-08-22 08:29:02.417628100,0.097628100,1
'2026-08-22 08:29:02.417628200,0.097628200,0
'2026-08-22 08:29:02.417628700,0.097628700,1
'2026-08-22 08:29:02.417628800,0.097628800,0
'2026-08-22 08:29:02.417628900,0.097628900,1
'2026-08-22 08:29:02.417629000,0.097629000,0
'2026-08-22 08:29:02.417639000,0.097639000,1
'2026-08-22 08:29:02.417654000,0.097654000,0
'2026-08-22 08:29:02.417654600,0.097654600,1
'2026-08-22 08:29:02.417654700,0.097654700,0
'2026-08-22 08:29:02.417657300,0.097657300,1
'2026-08-22 08:29:02.417657400,0.097657400,0
'2026-08-22 08:29:02.417665100,0.097665100,1
'2026-08-22 08:29:02.417679800,0.097679800,0
'2026-08-22 08:29:02.417680100,0.097680100,1
'2026-08-22 08:29:02.417680200,0.097680200,0
'2026-08-22 08:29:02.417685300,0.097685300,1
'2026-08-22 08:29:02.417685400,0.097685400,0
'2026-08-22 08:29:02.417691200,0.097691200,1
'2026-08-22 08:29:02.417706000,0.097706000,0
'2026-08-22 08:29:02.417717300,0.097717300,1
'2026-08-22 08:29:02.417731800,0.097731800,0
'2026-08-22 08:29:02.417737900,0.097737900,1
'2026-08-22 08:29:02.417738000,0.097738000,0
'2026-08-22 08:29:02.417743400,0.097743400,1
'2026-08-22 08:29:02.417758100,0.097758100,0
'2026-08-22 08:29:02.417758300,0.097758300,1
'2026-08-22 08:29:02.417758400,0.097758400,0
'2026-08-22 08:29:02.417758600,0.097758600,1
'2026-08-22 08:29:02.417758700,0.097758700,0
'2026-08-22 08:29:02.417769500,0.097769500,1
'2026-08-22 08:29:02.418186600,0.098186600,0
'2026-08-22 08:29:02.418186700,0.098186700,1
'2026-08-22 08:29:02.418201300,0.098201300,0
'2026-08-22 08:29:02.418212800,0.098212800,1
'2026-08-22 08:29:02.418227700,0.098227700,0
'2026-08-22 08:29:02.418238800,0.098238800,1
'2026-08-22 08:29:02.418253300,0.098253300,0
'2026-08-22 08:29:02.418253500,0.098253500,1
'2026-08-22 08:29:02.418253600,0.098253600,0
'2026-08-22 08:29:02.418264900,0.098264900,1
'2026-08-22 08:29:02.418279700,0.098279700,0
'2026-08-22 08:29:02.418279900,0.098279900,1
'2026-08-22 08:29:02.418280000,0.098280000,0
'2026-08-22 08:29:02.418291000,0.098291000,1
'2026-08-22 08:29:02.418305800,0.098305800,0
'2026-08-22 08:29:02.418317100,0.098317100,1
'2026-08-22 08:29:02.418331600,0.098331600,0
'2026-08-22 08:29:02.418343200,0.098343200,1
'2026-08-22 08:29:02.418358300,0.098358300,0
'2026-08-22 08:29:02.418358700,0.098358700,1
'2026-08-22 08:29:02.418358800,0.098358800,0
'2026-08-22 08:29:02.418359300,0.098359300,1
'2026-08-22 08:29:02.418359400,0.098359400,0
'2026-08-22 08:29:02.418360500,0.098360500,1
'2026-08-22 08:29:02.418360600,0.098360600,0
'2026-08-22 08:29:02.418369300,0.098369300,1
'2026-08-22 08:29:02.418384000,0.098384000,0
'2026-08-22 08:29:02.418395400,0.098395400,1
'2026-08-22 08:29:02.418410200,0.098410200,0
'2026-08-22 08:29:02.418410500,0.098410500,1
'2026-08-22 08:29:02.418410600,0.098410600,0
'2026-08-22 08:29:02.418421500,0.098421500,1
'2026-08-22 08:29:02.418435900,0.098435900,0
'2026-08-22 08:29:02.418447500,0.098447500,1
'2026-08-22 08:29:02.418462200,0.098462200,0
'2026-08-22 08:29:02.418473600,0.098473600,1
'2026-08-22 08:29:02.418488400,0.098488400,0
'2026-08-22 08:29:02.418495300,0.098495300,1
'2026-08-22 08:29:02.418495400,0.098495400,0
'2026-08-22 08:29:02.418499700,0.098499700,1
'2026-08-22 08:29:02.418514400,0.098514400,0
'2026-08-22 08:29:02.418525800,0.098525800,1
'2026-08-22 08:29:02.418540700,0.098540700,0
'2026-08-22 08:29:02.418541000,0.098541000,1
'2026-08-22 08:29:02.418541100,0.098541100,0
'2026-08-22 08:29:02.418551900,0.098551900,1
'2026-08-22 08:29:02.418566500,0.098566500,0
'2026-08-22 08:29:02.418578000,0.098578000,1
'2026-08-22 08:29:02.418592600,0.098592600,0
'2026-08-22 08:29:02.418592700,0.098592700,1
'2026-08-22 08:29:02.418592800,0.098592800,0
'2026-08-22 08:29:02.418596000,0.098596000,1
'2026-08-22 08:29:02.419010200,0.099010200,0
'2026-08-22 08:29:02.419010600,0.099010600,1
'2026-08-22 08:29:02.419010800,0.099010800,0
'2026-08-22 08:29:02.419021300,0.099021300,1
'2026-08-22 08:29:02.419036000,0.099036000,0
'2026-08-22 08:29:02.419047300,0.099047300,1
'2026-08-22 08:29:02.419061800,0.099061800,0
'2026-08-22 08:29:02.419073400,0.099073400,1
'2026-08-22 08:29:02.419088200,0.099088200,0
'2026-08-22 08:29:02.419088300,0.099088300,1
'2026-08-22 08:29:02.419088400,0.099088400,0
'2026-08-22 08:29:02.419099500,0.099099500,1
'2026-08-22 08:29:02.419114200,0.099114200,0
'2026-08-22 08:29:02.419125600,0.099125600,1
'2026-08-22 08:29:02.419140400,0.099140400,0
'2026-08-22 08:29:02.419151700,0.099151700,1
'2026-08-22 08:29:02.419166600,0.099166600,0
'2026-08-22 08:29:02.419177800,0.099177800,1
'2026-08-22 08:29:02.419192300,0.099192300,0
'2026-08-22 08:29:02.419192400,0.099192400,1
'2026-08-22 08:29:02.419192500,0.099192500,0
'2026-08-22 08:29:02.419203900,0.099203900,1
'2026-08-22 08:29:02.419218600,0.099218600,0
'2026-08-22 08:29:02.419230000,0.099230000,1
'2026-08-22 08:29:02.419244900,0.099244900,0
'2026-08-22 08:29:02.419256100,0.099256100,1
'2026-08-22 08:29:02.419270700,0.099270700,0
'2026-08-22 08:29:02.419282100,0.099282100,1
'2026-08-22 08:29:02.419296800,0.099296800,0
'2026-08-22 08:29:02.419296900,0.099296900,1
'2026-08-22 08:29:02.419297000,0.099297000,0
'2026-08-22 08:29:02.419297100,0.099297100,1
'2026-08-22 08:29:02.419297200,0.099297200,0
'2026-08-22 08:29:02.419308200,0.099308200,1
'2026-08-22 08:29:02.419323100,0.099323100,0
'2026-08-22 08:29:02.419323200,0.099323200,1
'2026-08-22 08:29:02.419323300,0.099323300,0
'2026-08-22 08:29:02.419323500,0.099323500,1
'2026-08-22 08:29:02.419323700,0.099323700,0
'2026-08-22 08:29:02.419332900,0.099332900,1
'2026-08-22 08:29:02.419333000,0.099333000,0
'2026-08-22 08:29:02.419334300,0.099334300,1
'2026-08-22 08:29:02.419349000,0.099349000,0
'2026-08-22 08:29:02.419353400,0.099353400,1
'2026-08-22 08:29:02.419353500,0.099353500,0
'2026-08-22 08:29:02.419360400,0.099360400,1
'2026-08-22 08:29:02.419375100,0.099375100,0
'2026-08-22 08:29:02.419384000,0.099384000,1
'2026-08-22 08:29:02.419384100,0.099384100,0
'2026-08-22 08:29:02.419386500,0.099386500,1
'2026-08-22 08:29:02.419401100,0.099401100,0
'2026-08-22 08:29:02.419401300,0.099401300,1
'2026-08-22 08:29:02.419401400,0.099401400,0
'2026-08-22 08:29:02.419412600,0.099412600,1
'2026-08-22 08:29:02.419844400,0.099844400,0
'2026-08-22 08:29:02.419844500,0.099844500,1
'2026-08-22 08:29:02.419844600,0.099844600,0
'2026-08-22 08:29:02.419855800,0.099855800,1
'2026-08-22 08:29:02.419870400,0.099870400,0
'2026-08-22 08:29:02.419881900,0.099881900,1
'2026-08-22 08:29:02.419896600,0.099896600,0
'2026-08-22 08:29:02.419908000,0.099908000,1
'2026-08-22 08:29:02.419922600,0.099922600,0
'2026-08-22 08:29:02.419934100,0.099934100,1
'2026-08-22 08:29:02.419949200,0.099949200,0
'2026-08-22 08:29:02.419960200,0.099960200,1
'2026-08-22 08:29:02.419974900,0.099974900,0
'2026-08-22 08:29:02.419986300,0.099986300,1
'2026-08-22 08:29:02.420000800,0.100000800,0
'2026-08-22 08:29:02.420001100,0.100001100,1
'2026-08-22 08:29:02.420001200,0.100001200,0
'2026-08-22 08:29:02.420012400,0.100012400,1
'2026-08-22 08:29:02.420027100,0.100027100,0
'2026-08-22 08:29:02.420028500,0.100028500,1
'2026-08-22 08:29:02.420028600,0.100028600,0
'2026-08-22 08:29:02.420038500,0.100038500,1
'2026-08-22 08:29:02.420052800,0.100052800,0
'2026-08-22 08:29:02.420058700,0.100058700,1
'2026-08-22 08:29:02.420058800,0.100058800,0
'2026-08-22 08:29:02.420058900,0.100058900,1
'2026-08-22 08:29:02.420059000,0.100059000,0
'2026-08-22 08:29:02.420060100,0.100060100,1
'2026-08-22 08:29:02.420060200,0.100060200,0
'2026-08-22 08:29:02.420064500,0.100064500,1
'2026-08-22 08:29:02.420079400,0.100079400,0
'2026-08-22 08:29:02.420079500,0.100079500,1
'2026-08-22 08:29:02.420079600,0.100079600,0
'2026-08-22 08:29:02.420079900,0.100079900,1
'2026-08-22 08:29:02.420080000,0.100080000,0
'2026-08-22 08:29:02.420080500,0.100080500,1
'2026-08-22 08:29:02.420080600,0.100080600,0
'2026-08-22 08:29:02.420081600,0.100081600,1
'2026-08-22 08:29:02.420081700,0.100081700,0
'2026-08-22 08:29:02.420082500,0.100082500,1
'2026-08-22 08:29:02.420082600,0.100082600,0
'2026-08-22 08:29:02.420090600,0.100090600,1
'2026-08-22 08:29:02.420105200,0.100105200,0
'2026-08-22 08:29:02.420116700,0.100116700,1
'2026-08-22 08:29:02.420131400,0.100131400,0
'2026-08-22 08:29:02.420142800,0.100142800,1
'2026-08-22 08:29:02.420157800,0.100157800,0
'2026-08-22 08:29:02.420167500,0.100167500,1
'2026-08-22 08:29:02.420167600,0.100167600,0
'2026-08-22 08:29:02.420168900,0.100168900,1
'2026-08-22 08:29:02.420183400,0.100183400,0
'2026-08-22 08:29:02.420186800,0.100186800,1
'2026-08-22 08:29:02.420186900,0.100186900,0
'2026-08-22 08:29:02.420195000,0.100195000,1
'2026-08-22 08:29:02.420209800,0.100209800,0
'2026-08-22 08:29:02.420210100,0.100210100,1
'2026-08-22 08:29:02.420210200,0.100210200,0
'2026-08-22 08:29:02.420221100,0.100221100,1
'2026-08-22 08:29:02.420235600,0.100235600,0
'2026-08-22 08:29:02.420235700,0.100235700,1
'2026-08-22 08:29:02.420235800,0.100235800,0
'2026-08-22 08:29:02.420242900,0.100242900,1
'2026-08-22 08:29:02.420657000,0.100657000,0
'2026-08-22 08:29:02.420664400,0.100664400,1
'2026-08-22 08:29:02.420678900,0.100678900,0
'2026-08-22 08:29:02.420682000,0.100682000,1
'2026-08-22 08:29:02.420682100,0.100682100,0
'2026-08-22 08:29:02.420690400,0.100690400,1
'2026-08-22 08:29:02.420705000,0.100705000,0
'2026-08-22 08:29:02.420716500,0.100716500,1
'2026-08-22 08:29:02.420731800,0.100731800,0
'2026-08-22 08:29:02.420742600,0.100742600,1
'2026-08-22 08:29:02.420757200,0.100757200,0
'2026-08-22 08:29:02.420757300,0.100757300,1
'2026-08-22 08:29:02.420757400,0.100757400,0
'2026-08-22 08:29:02.420768700,0.100768700,1
'2026-08-22 08:29:02.420783700,0.100783700,0
'2026-08-22 08:29:02.420791800,0.100791800,1
'2026-08-22 08:29:02.420791900,0.100791900,0
'2026-08-22 08:29:02.420792300,0.100792300,1
'2026-08-22 08:29:02.420792400,0.100792400,0
'2026-08-22 08:29:02.420792500,0.100792500,1
'2026-08-22 08:29:02.420792600,0.100792600,0
'2026-08-22 08:29:02.420792900,0.100792900,1
'2026-08-22 08:29:02.420793000,0.100793000,0
'2026-08-22 08:29:02.420794800,0.100794800,1
'2026-08-22 08:29:02.420809600,0.100809600,0
'2026-08-22 08:29:02.420809900,0.100809900,1
'2026-08-22 08:29:02.420810000,0.100810000,0
'2026-08-22 08:29:02.420812200,0.100812200,1
'2026-08-22 08:29:02.420812300,0.100812300,0
'2026-08-22 08:29:02.420812800,0.100812800,1
'2026-08-22 08:29:02.420812900,0.100812900,0
'2026-08-22 08:29:02.420813400,0.100813400,1
'2026-08-22 08:29:02.420813500,0.100813500,0
'2026-08-22 08:29:02.420813900,0.100813900,1
'2026-08-22 08:29:02.420814000,0.100814000,0
'2026-08-22 08:29:02.420820900,0.100820900,1
'2026-08-22 08:29:02.420835600,0.100835600,0
'2026-08-22 08:29:02.420841800,0.100841800,1
'2026-08-22 08:29:02.420841900,0.100841900,0
'2026-08-22 08:29:02.420847000,0.100847000,1
'2026-08-22 08:29:02.420862000,0.100862000,0
'2026-08-22 08:29:02.420862100,0.100862100,1
'2026-08-22 08:29:02.420862300,0.100862300,0
'2026-08-22 08:29:02.420862400,0.100862400,1
'2026-08-22 08:29:02.420862500,0.100862500,0
'2026-08-22 08:29:02.420864200,0.100864200,1
'2026-08-22 08:29:02.420864300,0.100864300,0
'2026-08-22 08:29:02.420873000,0.100873000,1
'2026-08-22 08:29:02.420887400,0.100887400,0
'2026-08-22 08:29:02.420887500,0.100887500,1
'2026-08-22 08:29:02.420887600,0.100887600,0
'2026-08-22 08:29:02.420892200,0.100892200,1
'2026-08-22 08:29:02.420892300,0.100892300,0
'2026-08-22 08:29:02.420899200,0.100899200,1
'2026-08-22 08:29:02.420914500,0.100914500,0
'2026-08-22 08:29:02.420924100,0.100924100,1
'2026-08-22 08:29:02.420924200,0.100924200,0
'2026-08-22 08:29:02.420925200,0.100925200,1
'2026-08-22 08:29:02.420939800,0.100939800,0
'2026-08-22 08:29:02.420951300,0.100951300,1
'2026-08-22 08:29:02.420966100,0.100966100,0
'2026-08-22 08:29:02.420977400,0.100977400,1
'2026-08-22 08:29:02.420992600,0.100992600,0
'2026-08-22 08:29:02.421003500,0.101003500,1
'2026-08-22 08:29:02.421018000,0.101018000,0
'2026-08-22 08:29:02.421029600,0.101029600,1
'2026-08-22 08:29:02.421044400,0.101044400,0
'2026-08-22 08:29:02.421045200,0.101045200,1
'2026-08-22 08:29:02.421045300,0.101045300,0
'2026-08-22 08:29:02.421055600,0.101055600,1
'2026-08-22 08:29:02.421487600,0.101487600,0
'2026-08-22 08:29:02.421488500,0.101488500,1
'2026-08-22 08:29:02.421488600,0.101488600,0
'2026-08-22 08:29:02.421498900,0.101498900,1
'2026-08-22 08:29:02.421513900,0.101513900,0
'2026-08-22 08:29:02.421514200,0.101514200,1
'2026-08-22 08:29:02.421514300,0.101514300,0
'2026-08-22 08:29:02.421525000,0.101525000,1
'2026-08-22 08:29:02.421539500,0.101539500,0
'2026-08-22 08:29:02.421544500,0.101544500,1
'2026-08-22 08:29:02.421544700,0.101544700,0
'2026-08-22 08:29:02.421545100,0.101545100,1
'2026-08-22 08:29:02.421545400,0.101545400,0
'2026-08-22 08:29:02.421551100,0.101551100,1
'2026-08-22 08:29:02.421566400,0.101566400,0
'2026-08-22 08:29:02.421566800,0.101566800,1
'2026-08-22 08:29:02.421566900,0.101566900,0
'2026-08-22 08:29:02.421575500,0.101575500,1
'2026-08-22 08:29:02.421575700,0.101575700,0
'2026-08-22 08:29:02.421576100,0.101576100,1
'2026-08-22 08:29:02.421576200,0.101576200,0
'2026-08-22 08:29:02.421577200,0.101577200,1
'2026-08-22 08:29:02.421591700,0.101591700,0
'2026-08-22 08:29:02.421603300,0.101603300,1
'2026-08-22 08:29:02.421618300,0.101618300,0
'2026-08-22 08:29:02.421629400,0.101629400,1
'2026-08-22 08:29:02.421644000,0.101644000,0
'2026-08-22 08:29:02.421645100,0.101645100,1
'2026-08-22 08:29:02.421645200,0.101645200,0
'2026-08-22 08:29:02.421647300,0.101647300,1
'2026-08-22 08:29:02.421647400,0.101647400,0
'2026-08-22 08:29:02.421655500,0.101655500,1
'2026-08-22 08:29:02.421670000,0.101670000,0
'2026-08-22 08:29:02.421681600,0.101681600,1
'2026-08-22 08:29:02.421696600,0.101696600,0
'2026-08-22 08:29:02.421697000,0.101697000,1
'2026-08-22 08:29:02.421697100,0.101697100,0
'2026-08-22 08:29:02.421704600,0.101704600,1
'2026-08-22 08:29:02.421704700,0.101704700,0
'2026-08-22 08:29:02.421707600,0.101707600,1
'2026-08-22 08:29:02.421722200,0.101722200,0
'2026-08-22 08:29:02.421733700,0.101733700,1
'2026-08-22 08:29:02.421748500,0.101748500,0
'2026-08-22 08:29:02.421749100,0.101749100,1
'2026-08-22 08:29:02.421749200,0.101749200,0
'2026-08-22 08:29:02.421759800,0.101759800,1
'2026-08-22 08:29:02.421774600,0.101774600,0
'2026-08-22 08:29:02.421774700,0.101774700,1
'2026-08-22 08:29:02.421774900,0.101774900,0
'2026-08-22 08:29:02.421775300,0.101775300,1
'2026-08-22 08:29:02.421775400,0.101775400,0
'2026-08-22 08:29:02.421785900,0.101785900,1
'2026-08-22 08:29:02.421800500,0.101800500,0
'2026-08-22 08:29:02.421805000,0.101805000,1
'2026-08-22 08:29:02.421805100,0.101805100,0
'2026-08-22 08:29:02.421808500,0.101808500,1
'2026-08-22 08:29:02.421808600,0.101808600,0
'2026-08-22 08:29:02.421812000,0.101812000,1
'2026-08-22 08:29:02.421827000,0.101827000,0
'2026-08-22 08:29:02.421827200,0.101827200,1
'2026-08-22 08:29:02.421827300,0.101827300,0
'2026-08-22 08:29:02.421838100,0.101838100,1
'2026-08-22 08:29:02.421852700,0.101852700,0
'2026-08-22 08:29:02.421857100,0.101857100,1
'2026-08-22 08:29:02.421857200,0.101857200,0
'2026-08-22 08:29:02.421864100,0.101864100,1
'2026-08-22 08:29:02.421878800,0.101878800,0
'2026-08-22 08:29:02.421889900,0.101889900,1
'2026-08-22 08:29:02.422303900,0.102303900,0
'2026-08-22 08:29:02.422307400,0.102307400,1
'2026-08-22 08:29:02.422322000,0.102322000,0
'2026-08-22 08:29:02.422333500,0.102333500,1
'2026-08-22 08:29:02.422348300,0.102348300,0
'2026-08-22 08:29:02.422349300,0.102349300,1
'2026-08-22 08:29:02.422349400,0.102349400,0
'2026-08-22 08:29:02.422349900,0.102349900,1
'2026-08-22 08:29:02.422350000,0.102350000,0
'2026-08-22 08:29:02.422359600,0.102359600,1
'2026-08-22 08:29:02.422374100,0.102374100,0
'2026-08-22 08:29:02.422385700,0.102385700,1
'2026-08-22 08:29:02.422400400,0.102400400,0
'2026-08-22 08:29:02.422411800,0.102411800,1
'2026-08-22 08:29:02.422426400,0.102426400,0
'2026-08-22 08:29:02.422437900,0.102437900,1
'2026-08-22 08:29:02.422452600,0.102452600,0
'2026-08-22 08:29:02.422464000,0.102464000,1
'2026-08-22 08:29:02.422478800,0.102478800,0
'2026-08-22 08:29:02.422490100,0.102490100,1
'2026-08-22 08:29:02.422504600,0.102504600,0
'2026-08-22 08:29:02.422504800,0.102504800,1
'2026-08-22 08:29:02.422504900,0.102504900,0
'2026-08-22 08:29:02.422516100,0.102516100,1
'2026-08-22 08:29:02.422531000,0.102531000,0
'2026-08-22 08:29:02.422531100,0.102531100,1
'2026-08-22 08:29:02.422531200,0.102531200,0
'2026-08-22 08:29:02.422542200,0.102542200,1
'2026-08-22 08:29:02.422556900,0.102556900,0
'2026-08-22 08:29:02.422568300,0.102568300,1
'2026-08-22 08:29:02.422583000,0.102583000,0
'2026-08-22 08:29:02.422583100,0.102583100,1
'2026-08-22 08:29:02.422583200,0.102583200,0
'2026-08-22 08:29:02.422594400,0.102594400,1
'2026-08-22 08:29:02.422608900,0.102608900,0
'2026-08-22 08:29:02.422620500,0.102620500,1
'2026-08-22 08:29:02.422635200,0.102635200,0
'2026-08-22 08:29:02.422635300,0.102635300,1
'2026-08-22 08:29:02.422635400,0.102635400,0
'2026-08-22 08:29:02.422646600,0.102646600,1
'2026-08-22 08:29:02.422661300,0.102661300,0
'2026-08-22 08:29:02.422672700,0.102672700,1
'2026-08-22 08:29:02.422687500,0.102687500,0
'2026-08-22 08:29:02.422687600,0.102687600,1
'2026-08-22 08:29:02.422687700,0.102687700,0
'2026-08-22 08:29:02.422688800,0.102688800,1
'2026-08-22 08:29:02.422688900,0.102688900,0
'2026-08-22 08:29:02.422698700,0.102698700,1
'2026-08-22 08:29:02.423130600,0.103130600,0
'2026-08-22 08:29:02.423142000,0.103142000,1
'2026-08-22 08:29:02.423156600,0.103156600,0
'2026-08-22 08:29:02.423156700,0.103156700,1
'2026-08-22 08:29:02.423156900,0.103156900,0
'2026-08-22 08:29:02.423168100,0.103168100,1
'2026-08-22 08:29:02.423183200,0.103183200,0
'2026-08-22 08:29:02.423184200,0.103184200,1
'2026-08-22 08:29:02.423184900,0.103184900,0
'2026-08-22 08:29:02.423186500,0.103186500,1
'2026-08-22 08:29:02.423186700,0.103186700,0
'2026-08-22 08:29:02.423194200,0.103194200,1
'2026-08-22 08:29:02.423208900,0.103208900,0
'2026-08-22 08:29:02.423220300,0.103220300,1
'2026-08-22 08:29:02.423235000,0.103235000,0
'2026-08-22 08:29:02.423246400,0.103246400,1
'2026-08-22 08:29:02.423261200,0.103261200,0
'2026-08-22 08:29:02.423272500,0.103272500,1
'2026-08-22 08:29:02.423287200,0.103287200,0
'2026-08-22 08:29:02.423298600,0.103298600,1
'2026-08-22 08:29:02.423313200,0.103313200,0
'2026-08-22 08:29:02.423313300,0.103313300,1
'2026-08-22 08:29:02.423313400,0.103313400,0
'2026-08-22 08:29:02.423324700,0.103324700,1
'2026-08-22 08:29:02.423339300,0.103339300,0
'2026-08-22 08:29:02.423350700,0.103350700,1
'2026-08-22 08:29:02.423365600,0.103365600,0
'2026-08-22 08:29:02.423376800,0.103376800,1
'2026-08-22 08:29:02.423391900,0.103391900,0
'2026-08-22 08:29:02.423397100,0.103397100,1
'2026-08-22 08:29:02.423397200,0.103397200,0
'2026-08-22 08:29:02.423402900,0.103402900,1
'2026-08-22 08:29:02.423417600,0.103417600,0
'2026-08-22 08:29:02.423429000,0.103429000,1
'2026-08-22 08:29:02.423443800,0.103443800,0
'2026-08-22 08:29:02.423455100,0.103455100,1
'2026-08-22 08:29:02.423469800,0.103469800,0
'2026-08-22 08:29:02.423469900,0.103469900,1
'2026-08-22 08:29:02.423470000,0.103470000,0
'2026-08-22 08:29:02.423481200,0.103481200,1
'2026-08-22 08:29:02.423496000,0.103496000,0
'2026-08-22 08:29:02.423507300,0.103507300,1
'2026-08-22 08:29:02.423522000,0.103522000,0
'2026-08-22 08:29:02.423533300,0.103533300,1
'2026-08-22 08:29:02.423965200,0.103965200,0
'2026-08-22 08:29:02.423976600,0.103976600,1
'2026-08-22 08:29:02.423991200,0.103991200,0
'2026-08-22 08:29:02.424002700,0.104002700,1
'2026-08-22 08:29:02.424017400,0.104017400,0
'2026-08-22 08:29:02.424018300,0.104018300,1
'2026-08-22 08:29:02.424018400,0.104018400,0
'2026-08-22 08:29:02.424019600,0.104019600,1
'2026-08-22 08:29:02.424019700,0.104019700,0
'2026-08-22 08:29:02.424028800,0.104028800,1
'2026-08-22 08:29:02.424043500,0.104043500,0
'2026-08-22 08:29:02.424054900,0.104054900,1
'2026-08-22 08:29:02.424069600,0.104069600,0
'2026-08-22 08:29:02.424069800,0.104069800,1
'2026-08-22 08:29:02.424069900,0.104069900,0
'2026-08-22 08:29:02.424081000,0.104081000,1
'2026-08-22 08:29:02.424095800,0.104095800,0
'2026-08-22 08:29:02.424095900,0.104095900,1
'2026-08-22 08:29:02.424096100,0.104096100,0
'2026-08-22 08:29:02.424101200,0.104101200,1
'2026-08-22 08:29:02.424101300,0.104101300,0
'2026-08-22 08:29:02.424107100,0.104107100,1
'2026-08-22 08:29:02.424121800,0.104121800,0
'2026-08-22 08:29:02.424133200,0.104133200,1
'2026-08-22 08:29:02.424148200,0.104148200,0
'2026-08-22 08:29:02.424148300,0.104148300,1
'2026-08-22 08:29:02.424148900,0.104148900,0
'2026-08-22 08:29:02.424149500,0.104149500,1
'2026-08-22 08:29:02.424149600,0.104149600,0
'2026-08-22 08:29:02.424149700,0.104149700,1
'2026-08-22 08:29:02.424149800,0.104149800,0
'2026-08-22 08:29:02.424159300,0.104159300,1
'2026-08-22 08:29:02.424173900,0.104173900,0
'2026-08-22 08:29:02.424178400,0.104178400,1
'2026-08-22 08:29:02.424178500,0.104178500,0
'2026-08-22 08:29:02.424179500,0.104179500,1
'2026-08-22 08:29:02.424179600,0.104179600,0
'2026-08-22 08:29:02.424185400,0.104185400,1
'2026-08-22 08:29:02.424200900,0.104200900,0
'2026-08-22 08:29:02.424201100,0.104201100,1
'2026-08-22 08:29:02.424201300,0.104201300,0
'2026-08-22 08:29:02.424211400,0.104211400,1
'2026-08-22 08:29:02.424226100,0.104226100,0
'2026-08-22 08:29:02.424237500,0.104237500,1
'2026-08-22 08:29:02.424252300,0.104252300,0
'2026-08-22 08:29:02.424252500,0.104252500,1
'2026-08-22 08:29:02.424252700,0.104252700,0
'2026-08-22 08:29:02.424261300,0.104261300,1
'2026-08-22 08:29:02.424261400,0.104261400,0
'2026-08-22 08:29:02.424263600,0.104263600,1
'2026-08-22 08:29:02.424278400,0.104278400,0
'2026-08-22 08:29:02.424278900,0.104278900,1
'2026-08-22 08:29:02.424279000,0.104279000,0
'2026-08-22 08:29:02.424280500,0.104280500,1
'2026-08-22 08:29:02.424280600,0.104280600,0
'2026-08-22 08:29:02.424289700,0.104289700,1
'2026-08-22 08:29:02.424304300,0.104304300,0
'2026-08-22 08:29:02.424315800,0.104315800,1
'2026-08-22 08:29:02.424330900,0.104330900,0
'2026-08-22 08:29:02.424340500,0.104340500,1
'2026-08-22 08:29:02.424340600,0.104340600,0
'2026-08-22 08:29:02.424341900,0.104341900,1
'2026-08-22 08:29:02.424356400,0.104356400,0
'2026-08-22 08:29:02.424360300,0.104360300,1
'2026-08-22 08:29:02.424774800,0.104774800,0
'2026-08-22 08:29:02.424774900,0.104774900,1
'2026-08-22 08:29:02.424775000,0.104775000,0
'2026-08-22 08:29:02.424785200,0.104785200,1
'2026-08-22 08:29:02.424799900,0.104799900,0
'2026-08-22 08:29:02.424803900,0.104803900,1
'2026-08-22 08:29:02.424804000,0.104804000,0
'2026-08-22 08:29:02.424811300,0.104811300,1
'2026-08-22 08:29:02.424825800,0.104825800,0
'2026-08-22 08:29:02.424837400,0.104837400,1
'2026-08-22 08:29:02.424852200,0.104852200,0
'2026-08-22 08:29:02.424852300,0.104852300,1
'2026-08-22 08:29:02.424852500,0.104852500,0
'2026-08-22 08:29:02.424852900,0.104852900,1
'2026-08-22 08:29:02.424853000,0.104853000,0
'2026-08-22 08:29:02.424853400,0.104853400,1
'2026-08-22 08:29:02.424853500,0.104853500,0
'2026-08-22 08:29:02.424862900,0.104862900,1
'2026-08-22 08:29:02.424863000,0.104863000,0
'2026-08-22 08:29:02.424863500,0.104863500,1
'2026-08-22 08:29:02.424878200,0.104878200,0
'2026-08-22 08:29:02.424882700,0.104882700,1
'2026-08-22 08:29:02.424882800,0.104882800,0
'2026-08-22 08:29:02.424889600,0.104889600,1
'2026-08-22 08:29:02.424904600,0.104904600,0
'2026-08-22 08:29:02.424915600,0.104915600,1
'2026-08-22 08:29:02.424930200,0.104930200,0
'2026-08-22 08:29:02.424934700,0.104934700,1
'2026-08-22 08:29:02.424934800,0.104934800,0
'2026-08-22 08:29:02.424935700,0.104935700,1
'2026-08-22 08:29:02.424935800,0.104935800,0
'2026-08-22 08:29:02.424941700,0.104941700,1
'2026-08-22 08:29:02.424956600,0.104956600,0
'2026-08-22 08:29:02.424956900,0.104956900,1
'2026-08-22 08:29:02.424957000,0.104957000,0
'2026-08-22 08:29:02.424965200,0.104965200,1
'2026-08-22 08:29:02.424965300,0.104965300,0
'2026-08-22 08:29:02.424967800,0.104967800,1
'2026-08-22 08:29:02.424982700,0.104982700,0
'2026-08-22 08:29:02.424984900,0.104984900,1
'2026-08-22 08:29:02.424985000,0.104985000,0
'2026-08-22 08:29:02.424985500,0.104985500,1
'2026-08-22 08:29:02.424985600,0.104985600,0
'2026-08-22 08:29:02.424993900,0.104993900,1
'2026-08-22 08:29:02.425008600,0.105008600,0
'2026-08-22 08:29:02.425008800,0.105008800,1
'2026-08-22 08:29:02.425009100,0.105009100,0
'2026-08-22 08:29:02.425020000,0.105020000,1
'2026-08-22 08:29:02.425035300,0.105035300,0
'2026-08-22 08:29:02.425035700,0.105035700,1
'2026-08-22 08:29:02.425035800,0.105035800,0
'2026-08-22 08:29:02.425046100,0.105046100,1
'2026-08-22 08:29:02.425060500,0.105060500,0
'2026-08-22 08:29:02.425066100,0.105066100,1
'2026-08-22 08:29:02.425066200,0.105066200,0
'2026-08-22 08:29:02.425066700,0.105066700,1
'2026-08-22 08:29:02.425066800,0.105066800,0
'2026-08-22 08:29:02.425072100,0.105072100,1
'2026-08-22 08:29:02.425086900,0.105086900,0
'2026-08-22 08:29:02.425087100,0.105087100,1
'2026-08-22 08:29:02.425087200,0.105087200,0
'2026-08-22 08:29:02.425087700,0.105087700,1
'2026-08-22 08:29:02.425087800,0.105087800,0
'2026-08-22 08:29:02.425098200,0.105098200,1
'2026-08-22 08:29:02.425113000,0.105113000,0
'2026-08-22 08:29:02.425116300,0.105116300,1
'2026-08-22 08:29:02.425116400,0.105116400,0
'2026-08-22 08:29:02.425116900,0.105116900,1
'2026-08-22 08:29:02.425117000,0.105117000,0
'2026-08-22 08:29:02.425124300,0.105124300,1
'2026-08-22 08:29:02.425139000,0.105139000,0
'2026-08-22 08:29:02.425139100,0.105139100,1
'2026-08-22 08:29:02.425139200,0.105139200,0
'2026-08-22 08:29:02.425144300,0.105144300,1
'2026-08-22 08:29:02.425144400,0.105144400,0
'2026-08-22 08:29:02.425145500,0.105145500,1
'2026-08-22 08:29:02.425145600,0.105145600,0
'2026-08-22 08:29:02.425150400,0.105150400,1
'2026-08-22 08:29:02.425165500,0.105165500,0
'2026-08-22 08:29:02.425165800,0.105165800,1
'2026-08-22 08:29:02.425166100,0.105166100,0
'2026-08-22 08:29:02.425174700,0.105174700,1
'2026-08-22 08:29:02.425174800,0.105174800,0
'2026-08-22 08:29:02.425176500,0.105176500,1
'2026-08-22 08:29:02.425608700,0.105608700,0
'2026-08-22 08:29:02.425608900,0.105608900,1
'2026-08-22 08:29:02.425609000,0.105609000,0
'2026-08-22 08:29:02.425609100,0.105609100,1
'2026-08-22 08:29:02.425609300,0.105609300,0
'2026-08-22 08:29:02.425619800,0.105619800,1
'2026-08-22 08:29:02.425634400,0.105634400,0
'2026-08-22 08:29:02.425645900,0.105645900,1
'2026-08-22 08:29:02.425660900,0.105660900,0
'2026-08-22 08:29:02.425661200,0.105661200,1
'2026-08-22 08:29:02.425661300,0.105661300,0
'2026-08-22 08:29:02.425668200,0.105668200,1
'2026-08-22 08:29:02.425668300,0.105668300,0
'2026-08-22 08:29:02.425672000,0.105672000,1
'2026-08-22 08:29:02.425686800,0.105686800,0
'2026-08-22 08:29:02.425698100,0.105698100,1
'2026-08-22 08:29:02.425712700,0.105712700,0
'2026-08-22 08:29:02.425724200,0.105724200,1
'2026-08-22 08:29:02.425739200,0.105739200,0
'2026-08-22 08:29:02.425750200,0.105750200,1
'2026-08-22 08:29:02.425764800,0.105764800,0
'2026-08-22 08:29:02.425776300,0.105776300,1
'2026-08-22 08:29:02.425791500,0.105791500,0
'2026-08-22 08:29:02.425802400,0.105802400,1
'2026-08-22 08:29:02.425816900,0.105816900,0
'2026-08-22 08:29:02.425828500,0.105828500,1
'2026-08-22 08:29:02.425843200,0.105843200,0
'2026-08-22 08:29:02.425843400,0.105843400,1
'2026-08-22 08:29:02.425843500,0.105843500,0
'2026-08-22 08:29:02.425843600,0.105843600,1
'2026-08-22 08:29:02.425843700,0.105843700,0
'2026-08-22 08:29:02.425851500,0.105851500,1
'2026-08-22 08:29:02.425851600,0.105851600,0
'2026-08-22 08:29:02.425854600,0.105854600,1
'2026-08-22 08:29:02.425869500,0.105869500,0
'2026-08-22 08:29:02.425871400,0.105871400,1
'2026-08-22 08:29:02.425871500,0.105871500,0
'2026-08-22 08:29:02.425880700,0.105880700,1
'2026-08-22 08:29:02.425895500,0.105895500,0
'2026-08-22 08:29:02.425895900,0.105895900,1
'2026-08-22 08:29:02.425896000,0.105896000,0
'2026-08-22 08:29:02.425906800,0.105906800,1
'2026-08-22 08:29:02.425921500,0.105921500,0
'2026-08-22 08:29:02.425921600,0.105921600,1
'2026-08-22 08:29:02.425921800,0.105921800,0
'2026-08-22 08:29:02.425930400,0.105930400,1
'2026-08-22 08:29:02.425930500,0.105930500,0
'2026-08-22 08:29:02.425932800,0.105932800,1
'2026-08-22 08:29:02.425947500,0.105947500,0
'2026-08-22 08:29:02.425949700,0.105949700,1
'2026-08-22 08:29:02.425949800,0.105949800,0
'2026-08-22 08:29:02.425950200,0.105950200,1
'2026-08-22 08:29:02.425950300,0.105950300,0
'2026-08-22 08:29:02.425950900,0.105950900,1
'2026-08-22 08:29:02.425951000,0.105951000,0
'2026-08-22 08:29:02.425958900,0.105958900,1
'2026-08-22 08:29:02.425973600,0.105973600,0
'2026-08-22 08:29:02.425973700,0.105973700,1
'2026-08-22 08:29:02.425973800,0.105973800,0
'2026-08-22 08:29:02.425980100,0.105980100,1
'2026-08-22 08:29:02.425980200,0.105980200,0
'2026-08-22 08:29:02.425980700,0.105980700,1
'2026-08-22 08:29:02.425980800,0.105980800,0
'2026-08-22 08:29:02.425981200,0.105981200,1
'2026-08-22 08:29:02.425981400,0.105981400,0
'2026-08-22 08:29:02.425985000,0.105985000,1
'2026-08-22 08:29:02.426000200,0.106000200,0
'2026-08-22 08:29:02.426000400,0.106000400,1
'2026-08-22 08:29:02.426000600,0.106000600,0
'2026-08-22 08:29:02.426001100,0.106001100,1
'2026-08-22 08:29:02.426001200,0.106001200,0
'2026-08-22 08:29:02.426001600,0.106001600,1
'2026-08-22 08:29:02.426001800,0.106001800,0
'2026-08-22 08:29:02.426007300,0.106007300,1
'2026-08-22 08:29:02.426443000,0.106443000,0
'2026-08-22 08:29:02.426443300,0.106443300,1
'2026-08-22 08:29:02.426443400,0.106443400,0
'2026-08-22 08:29:02.426454400,0.106454400,1
'2026-08-22 08:29:02.426469000,0.106469000,0
'2026-08-22 08:29:02.426480500,0.106480500,1
'2026-08-22 08:29:02.426495200,0.106495200,0
'2026-08-22 08:29:02.426495300,0.106495300,1
'2026-08-22 08:29:02.426495400,0.106495400,0
'2026-08-22 08:29:02.426506600,0.106506600,1
'2026-08-22 08:29:02.426521200,0.106521200,0
'2026-08-22 08:29:02.426532700,0.106532700,1
'2026-08-22 08:29:02.426547400,0.106547400,0
'2026-08-22 08:29:02.426558800,0.106558800,1
'2026-08-22 08:29:02.426573400,0.106573400,0
'2026-08-22 08:29:02.426573600,0.106573600,1
'2026-08-22 08:29:02.426573700,0.106573700,0
'2026-08-22 08:29:02.426574700,0.106574700,1
'2026-08-22 08:29:02.426574800,0.106574800,0
'2026-08-22 08:29:02.426584900,0.106584900,1
'2026-08-22 08:29:02.426599400,0.106599400,0
'2026-08-22 08:29:02.426599800,0.106599800,1
'2026-08-22 08:29:02.426599900,0.106599900,0
'2026-08-22 08:29:02.426610900,0.106610900,1
'2026-08-22 08:29:02.426625800,0.106625800,0
'2026-08-22 08:29:02.426637000,0.106637000,1
'2026-08-22 08:29:02.426651900,0.106651900,0
'2026-08-22 08:29:02.426652500,0.106652500,1
'2026-08-22 08:29:02.426652600,0.106652600,0
'2026-08-22 08:29:02.426663100,0.106663100,1
'2026-08-22 08:29:02.426677700,0.106677700,0
'2026-08-22 08:29:02.426683200,0.106683200,1
'2026-08-22 08:29:02.426683300,0.106683300,0
'2026-08-22 08:29:02.426685200,0.106685200,1
'2026-08-22 08:29:02.426685300,0.106685300,0
'2026-08-22 08:29:02.426689200,0.106689200,1
'2026-08-22 08:29:02.426704100,0.106704100,0
'2026-08-22 08:29:02.426704400,0.106704400,1
'2026-08-22 08:29:02.426704500,0.106704500,0
'2026-08-22 08:29:02.426705000,0.106705000,1
'2026-08-22 08:29:02.426705100,0.106705100,0
'2026-08-22 08:29:02.426706100,0.106706100,1
'2026-08-22 08:29:02.426706200,0.106706200,0
'2026-08-22 08:29:02.426715300,0.106715300,1
'2026-08-22 08:29:02.426729800,0.106729800,0
'2026-08-22 08:29:02.426737800,0.106737800,1
'2026-08-22 08:29:02.426737900,0.106737900,0
'2026-08-22 08:29:02.426741400,0.106741400,1
'2026-08-22 08:29:02.426756600,0.106756600,0
'2026-08-22 08:29:02.426757000,0.106757000,1
'2026-08-22 08:29:02.426757100,0.106757100,0
'2026-08-22 08:29:02.426757600,0.106757600,1
'2026-08-22 08:29:02.426757700,0.106757700,0
'2026-08-22 08:29:02.426767500,0.106767500,1
'2026-08-22 08:29:02.426782200,0.106782200,0
'2026-08-22 08:29:02.426793600,0.106793600,1
'2026-08-22 08:29:02.426808400,0.106808400,0
'2026-08-22 08:29:02.426819600,0.106819600,1
'2026-08-22 08:29:02.427252600,0.107252600,0
'2026-08-22 08:29:02.427255100,0.107255100,1
'2026-08-22 08:29:02.427255200,0.107255200,0
'2026-08-22 08:29:02.427259200,0.107259200,1
'2026-08-22 08:29:02.427259300,0.107259300,0
'2026-08-22 08:29:02.427262900,0.107262900,1
'2026-08-22 08:29:02.427277700,0.107277700,0
'2026-08-22 08:29:02.427277900,0.107277900,1
'2026-08-22 08:29:02.427278100,0.107278100,0
'2026-08-22 08:29:02.427289000,0.107289000,1
'2026-08-22 08:29:02.427303600,0.107303600,0
'2026-08-22 08:29:02.427303700,0.107303700,1
'2026-08-22 08:29:02.427303800,0.107303800,0
'2026-08-22 08:29:02.427315100,0.107315100,1
'2026-08-22 08:29:02.427329900,0.107329900,0
'2026-08-22 08:29:02.427341200,0.107341200,1
'2026-08-22 08:29:02.427355800,0.107355800,0
'2026-08-22 08:29:02.427367300,0.107367300,1
'2026-08-22 08:29:02.427382100,0.107382100,0
'2026-08-22 08:29:02.427382600,0.107382600,1
'2026-08-22 08:29:02.427382700,0.107382700,0
'2026-08-22 08:29:02.427389600,0.107389600,1
'2026-08-22 08:29:02.427389700,0.107389700,0
'2026-08-22 08:29:02.427393400,0.107393400,1
'2026-08-22 08:29:02.427407900,0.107407900,0
'2026-08-22 08:29:02.427419500,0.107419500,1
'2026-08-22 08:29:02.427434200,0.107434200,0
'2026-08-22 08:29:02.427434500,0.107434500,1
'2026-08-22 08:29:02.427434600,0.107434600,0
'2026-08-22 08:29:02.427445600,0.107445600,1
'2026-08-22 08:29:02.427460400,0.107460400,0
'2026-08-22 08:29:02.427471600,0.107471600,1
'2026-08-22 08:29:02.427486200,0.107486200,0
'2026-08-22 08:29:02.427497700,0.107497700,1
'2026-08-22 08:29:02.427512400,0.107512400,0
'2026-08-22 08:29:02.427523800,0.107523800,1
'2026-08-22 08:29:02.427538600,0.107538600,0
'2026-08-22 08:29:02.427539100,0.107539100,1
'2026-08-22 08:29:02.427539200,0.107539200,0
'2026-08-22 08:29:02.427549900,0.107549900,1
'2026-08-22 08:29:02.427564400,0.107564400,0
'2026-08-22 08:29:02.427576000,0.107576000,1
'2026-08-22 08:29:02.427590700,0.107590700,0
'2026-08-22 08:29:02.427602100,0.107602100,1
'2026-08-22 08:29:02.427616900,0.107616900,0
'2026-08-22 08:29:02.427628200,0.107628200,1
'2026-08-22 08:29:02.427642800,0.107642800,0
'2026-08-22 08:29:02.427642900,0.107642900,1
'2026-08-22 08:29:02.427643000,0.107643000,0
'2026-08-22 08:29:02.427651600,0.107651600,1
'2026-08-22 08:29:02.427651700,0.107651700,0
'2026-08-22 08:29:02.427654200,0.107654200,1
'2026-08-22 08:29:02.428086100,0.108086100,0
'2026-08-22 08:29:02.428086400,0.108086400,1
'2026-08-22 08:29:02.428086500,0.108086500,0
'2026-08-22 08:29:02.428097600,0.108097600,1
'2026-08-22 08:29:02.428112200,0.108112200,0
'2026-08-22 08:29:02.428123700,0.108123700,1
'2026-08-22 08:29:02.428138400,0.108138400,0
'2026-08-22 08:29:02.428149700,0.108149700,1
'2026-08-22 08:29:02.428164200,0.108164200,0
'2026-08-22 08:29:02.428175800,0.108175800,1
'2026-08-22 08:29:02.428190700,0.108190700,0
'2026-08-22 08:29:02.428190900,0.108190900,1
'2026-08-22 08:29:02.428191000,0.108191000,0
'2026-08-22 08:29:02.428191500,0.108191500,1
'2026-08-22 08:29:02.428191600,0.108191600,0
'2026-08-22 08:29:02.428201900,0.108201900,1
'2026-08-22 08:29:02.428216400,0.108216400,0
'2026-08-22 08:29:02.428228000,0.108228000,1
'2026-08-22 08:29:02.428242600,0.108242600,0
'2026-08-22 08:29:02.428242900,0.108242900,1
'2026-08-22 08:29:02.428243000,0.108243000,0
'2026-08-22 08:29:02.428254100,0.108254100,1
'2026-08-22 08:29:02.428268800,0.108268800,0
'2026-08-22 08:29:02.428270400,0.108270400,1
'2026-08-22 08:29:02.428270500,0.108270500,0
'2026-08-22 08:29:02.428280200,0.108280200,1
'2026-08-22 08:29:02.428295000,0.108295000,0
'2026-08-22 08:29:02.428306300,0.108306300,1
'2026-08-22 08:29:02.428321200,0.108321200,0
'2026-08-22 08:29:02.428330000,0.108330000,1
'2026-08-22 08:29:02.428330100,0.108330100,0
'2026-08-22 08:29:02.428332400,0.108332400,1
'2026-08-22 08:29:02.428347100,0.108347100,0
'2026-08-22 08:29:02.428358500,0.108358500,1
'2026-08-22 08:29:02.428373100,0.108373100,0
'2026-08-22 08:29:02.428373200,0.108373200,1
'2026-08-22 08:29:02.428373300,0.108373300,0
'2026-08-22 08:29:02.428384500,0.108384500,1
'2026-08-22 08:29:02.428399100,0.108399100,0
'2026-08-22 08:29:02.428410600,0.108410600,1
'2026-08-22 08:29:02.428425400,0.108425400,0
'2026-08-22 08:29:02.428425500,0.108425500,1
'2026-08-22 08:29:02.428425600,0.108425600,0
'2026-08-22 08:29:02.428425700,0.108425700,1
'2026-08-22 08:29:02.428425800,0.108425800,0
'2026-08-22 08:29:02.428436700,0.108436700,1
'2026-08-22 08:29:02.428451600,0.108451600,0
'2026-08-22 08:29:02.428462800,0.108462800,1
'2026-08-22 08:29:02.428477300,0.108477300,0
'2026-08-22 08:29:02.428477800,0.108477800,1
'2026-08-22 08:29:02.428899600,0.108899600,0
'2026-08-22 08:29:02.428906100,0.108906100,1
'2026-08-22 08:29:02.428920600,0.108920600,0
'2026-08-22 08:29:02.428931400,0.108931400,1
'2026-08-22 08:29:02.428931500,0.108931500,0
'2026-08-22 08:29:02.428932200,0.108932200,1
'2026-08-22 08:29:02.428947400,0.108947400,0
'2026-08-22 08:29:02.428958300,0.108958300,1
'2026-08-22 08:29:02.428972900,0.108972900,0
'2026-08-22 08:29:02.428979500,0.108979500,1
'2026-08-22 08:29:02.428979600,0.108979600,0
'2026-08-22 08:29:02.428984400,0.108984400,1
'2026-08-22 08:29:02.428999300,0.108999300,0
'2026-08-22 08:29:02.429000200,0.109000200,1
'2026-08-22 08:29:02.429000300,0.109000300,0
'2026-08-22 08:29:02.429010500,0.109010500,1
'2026-08-22 08:29:02.429025200,0.109025200,0
'2026-08-22 08:29:02.429028400,0.109028400,1
'2026-08-22 08:29:02.429028500,0.109028500,0
'2026-08-22 08:29:02.429036600,0.109036600,1
'2026-08-22 08:29:02.429051300,0.109051300,0
'2026-08-22 08:29:02.429062700,0.109062700,1
'2026-08-22 08:29:02.429077400,0.109077400,0
'2026-08-22 08:29:02.429077500,0.109077500,1
'2026-08-22 08:29:02.429077600,0.109077600,0
'2026-08-22 08:29:02.429088700,0.109088700,1
'2026-08-22 08:29:02.429103300,0.109103300,0
'2026-08-22 08:29:02.429114800,0.109114800,1
'2026-08-22 08:29:02.429129600,0.109129600,0
'2026-08-22 08:29:02.429140900,0.109140900,1
'2026-08-22 08:29:02.429155500,0.109155500,0
'2026-08-22 08:29:02.429167000,0.109167000,1
'2026-08-22 08:29:02.429181700,0.109181700,0
'2026-08-22 08:29:02.429193100,0.109193100,1
'2026-08-22 08:29:02.429207900,0.109207900,0
'2026-08-22 08:29:02.429219200,0.109219200,1
'2026-08-22 08:29:02.429234200,0.109234200,0
'2026-08-22 08:29:02.429245300,0.109245300,1
'2026-08-22 08:29:02.429259900,0.109259900,0
'2026-08-22 08:29:02.429271400,0.109271400,1
'2026-08-22 08:29:02.429286200,0.109286200,0
'2026-08-22 08:29:02.429286500,0.109286500,1
'2026-08-22 08:29:02.429286700,0.109286700,0
'2026-08-22 08:29:02.429297500,0.109297500,1
'2026-08-22 08:29:02.429729200,0.109729200,0
'2026-08-22 08:29:02.429729300,0.109729300,1
'2026-08-22 08:29:02.429729500,0.109729500,0
'2026-08-22 08:29:02.429740800,0.109740800,1
'2026-08-22 08:29:02.429755400,0.109755400,0
'2026-08-22 08:29:02.429766900,0.109766900,1
'2026-08-22 08:29:02.429781600,0.109781600,0
'2026-08-22 08:29:02.429793000,0.109793000,1
'2026-08-22 08:29:02.429807400,0.109807400,0
'2026-08-22 08:29:02.429819100,0.109819100,1
'2026-08-22 08:29:02.429833800,0.109833800,0
'2026-08-22 08:29:02.429833900,0.109833900,1
'2026-08-22 08:29:02.429834000,0.109834000,0
'2026-08-22 08:29:02.429837600,0.109837600,1
'2026-08-22 08:29:02.429837700,0.109837700,0
'2026-08-22 08:29:02.429845100,0.109845100,1
'2026-08-22 08:29:02.429859800,0.109859800,0
'2026-08-22 08:29:02.429871300,0.109871300,1
'2026-08-22 08:29:02.429885900,0.109885900,0
'2026-08-22 08:29:02.429897300,0.109897300,1
'2026-08-22 08:29:02.429912400,0.109912400,0
'2026-08-22 08:29:02.429913400,0.109913400,1
'2026-08-22 08:29:02.429913500,0.109913500,0
'2026-08-22 08:29:02.429923400,0.109923400,1
'2026-08-22 08:29:02.429937800,0.109937800,0
'2026-08-22 08:29:02.429937900,0.109937900,1
'2026-08-22 08:29:02.429938000,0.109938000,0
'2026-08-22 08:29:02.429942600,0.109942600,1
'2026-08-22 08:29:02.429942700,0.109942700,0
'2026-08-22 08:29:02.429944900,0.109944900,1
'2026-08-22 08:29:02.429945000,0.109945000,0
'2026-08-22 08:29:02.429949500,0.109949500,1
'2026-08-22 08:29:02.429964500,0.109964500,0
'2026-08-22 08:29:02.429964600,0.109964600,1
'2026-08-22 08:29:02.429965000,0.109965000,0
'2026-08-22 08:29:02.429975600,0.109975600,1
'2026-08-22 08:29:02.429990100,0.109990100,0
'2026-08-22 08:29:02.430001700,0.110001700,1
'2026-08-22 08:29:02.430016500,0.110016500,0
'2026-08-22 08:29:02.430027800,0.110027800,1
'2026-08-22 08:29:02.430042600,0.110042600,0
'2026-08-22 08:29:02.430053500,0.110053500,1
'2026-08-22 08:29:02.430053600,0.110053600,0
'2026-08-22 08:29:02.430053900,0.110053900,1
'2026-08-22 08:29:02.430068400,0.110068400,0
'2026-08-22 08:29:02.430079900,0.110079900,1
'2026-08-22 08:29:02.430094800,0.110094800,0
'2026-08-22 08:29:02.430103700,0.110103700,1
'2026-08-22 08:29:02.430103800,0.110103800,0
'2026-08-22 08:29:02.430106000,0.110106000,1
'2026-08-22 08:29:02.430120800,0.110120800,0
'2026-08-22 08:29:02.430124800,0.110124800,1
'2026-08-22 08:29:02.430546900,0.110546900,0
'2026-08-22 08:29:02.430549400,0.110549400,1
'2026-08-22 08:29:02.430564100,0.110564100,0
'2026-08-22 08:29:02.430575500,0.110575500,1
'2026-08-22 08:29:02.430590000,0.110590000,0
'2026-08-22 08:29:02.430601600,0.110601600,1
'2026-08-22 08:29:02.430616300,0.110616300,0
'2026-08-22 08:29:02.430627600,0.110627600,1
'2026-08-22 08:29:02.430642200,0.110642200,0
'2026-08-22 08:29:02.430642300,0.110642300,1
'2026-08-22 08:29:02.430642400,0.110642400,0
'2026-08-22 08:29:02.430653700,0.110653700,1
'2026-08-22 08:29:02.430668300,0.110668300,0
'2026-08-22 08:29:02.430679800,0.110679800,1
'2026-08-22 08:29:02.430694600,0.110694600,0
'2026-08-22 08:29:02.430694900,0.110694900,1
'2026-08-22 08:29:02.430695000,0.110695000,0
'2026-08-22 08:29:02.430695400,0.110695400,1
'2026-08-22 08:29:02.430695600,0.110695600,0
'2026-08-22 08:29:02.430705900,0.110705900,1
'2026-08-22 08:29:02.430720300,0.110720300,0
'2026-08-22 08:29:02.430732000,0.110732000,1
'2026-08-22 08:29:02.430747000,0.110747000,0
'2026-08-22 08:29:02.430758100,0.110758100,1
'2026-08-22 08:29:02.430772700,0.110772700,0
'2026-08-22 08:29:02.430784200,0.110784200,1
'2026-08-22 08:29:02.430798900,0.110798900,0
'2026-08-22 08:29:02.430810300,0.110810300,1
'2026-08-22 08:29:02.430824900,0.110824900,0
'2026-08-22 08:29:02.430825100,0.110825100,1
'2026-08-22 08:29:02.430825200,0.110825200,0
'2026-08-22 08:29:02.430836400,0.110836400,1
'2026-08-22 08:29:02.430851000,0.110851000,0
'2026-08-22 08:29:02.430862400,0.110862400,1
'2026-08-22 08:29:02.430877400,0.110877400,0
'2026-08-22 08:29:02.430877500,0.110877500,1
'2026-08-22 08:29:02.430877600,0.110877600,0
'2026-08-22 08:29:02.430888500,0.110888500,1
'2026-08-22 08:29:02.430903000,0.110903000,0
'2026-08-22 08:29:02.430914600,0.110914600,1
'2026-08-22 08:29:02.430929300,0.110929300,0
'2026-08-22 08:29:02.430940700,0.110940700,1
'2026-08-22 08:29:02.431372400,0.111372400,0
'2026-08-22 08:29:02.431384000,0.111384000,1
'2026-08-22 08:29:02.431399000,0.111399000,0
'2026-08-22 08:29:02.431410100,0.111410100,1
'2026-08-22 08:29:02.431424600,0.111424600,0
'2026-08-22 08:29:02.431436200,0.111436200,1
'2026-08-22 08:29:02.431451300,0.111451300,0
'2026-08-22 08:29:02.431460500,0.111460500,1
'2026-08-22 08:29:02.431460600,0.111460600,0
'2026-08-22 08:29:02.431462300,0.111462300,1
'2026-08-22 08:29:02.431476900,0.111476900,0
'2026-08-22 08:29:02.431488400,0.111488400,1
'2026-08-22 08:29:02.431502900,0.111502900,0
'2026-08-22 08:29:02.431503100,0.111503100,1
'2026-08-22 08:29:02.431503200,0.111503200,0
'2026-08-22 08:29:02.431514500,0.111514500,1
'2026-08-22 08:29:02.431529400,0.111529400,0
'2026-08-22 08:29:02.431531100,0.111531100,1
'2026-08-22 08:29:02.431531200,0.111531200,0
'2026-08-22 08:29:02.431540600,0.111540600,1
'2026-08-22 08:29:02.431555200,0.111555200,0
'2026-08-22 08:29:02.431560100,0.111560100,1
'2026-08-22 08:29:02.431560200,0.111560200,0
'2026-08-22 08:29:02.431566700,0.111566700,1
'2026-08-22 08:29:02.431581500,0.111581500,0
'2026-08-22 08:29:02.431582000,0.111582000,1
'2026-08-22 08:29:02.431582100,0.111582100,0
'2026-08-22 08:29:02.431589600,0.111589600,1
'2026-08-22 08:29:02.431589700,0.111589700,0
'2026-08-22 08:29:02.431592800,0.111592800,1
'2026-08-22 08:29:02.431607200,0.111607200,0
'2026-08-22 08:29:02.431618800,0.111618800,1
'2026-08-22 08:29:02.431633600,0.111633600,0
'2026-08-22 08:29:02.431644900,0.111644900,1
'2026-08-22 08:29:02.431659800,0.111659800,0
'2026-08-22 08:29:02.431671000,0.111671000,1
'2026-08-22 08:29:02.431685600,0.111685600,0
'2026-08-22 08:29:02.431690600,0.111690600,1
'2026-08-22 08:29:02.431690700,0.111690700,0
'2026-08-22 08:29:02.431697100,0.111697100,1
'2026-08-22 08:29:02.431712200,0.111712200,0
'2026-08-22 08:29:02.431712300,0.111712300,1
'2026-08-22 08:29:02.431712400,0.111712400,0
'2026-08-22 08:29:02.431723200,0.111723200,1
'2026-08-22 08:29:02.431737700,0.111737700,0
'2026-08-22 08:29:02.431742300,0.111742300,1
'2026-08-22 08:29:02.431742400,0.111742400,0
'2026-08-22 08:29:02.431749300,0.111749300,1
'2026-08-22 08:29:02.431764200,0.111764200,0
'2026-08-22 08:29:02.431771900,0.111771900,1
'2026-08-22 08:29:02.432207200,0.112207200,0
'2026-08-22 08:29:02.432218700,0.112218700,1
'2026-08-22 08:29:02.432233400,0.112233400,0
'2026-08-22 08:29:02.432244800,0.112244800,1
'2026-08-22 08:29:02.432259300,0.112259300,0
'2026-08-22 08:29:02.432270900,0.112270900,1
'2026-08-22 08:29:02.432285600,0.112285600,0
'2026-08-22 08:29:02.432285700,0.112285700,1
'2026-08-22 08:29:02.432285800,0.112285800,0
'2026-08-22 08:29:02.432297000,0.112297000,1
'2026-08-22 08:29:02.432311500,0.112311500,0
'2026-08-22 08:29:02.432323000,0.112323000,1
'2026-08-22 08:29:02.432337800,0.112337800,0
'2026-08-22 08:29:02.432338000,0.112338000,1
'2026-08-22 08:29:02.432338100,0.112338100,0
'2026-08-22 08:29:02.432349200,0.112349200,1
'2026-08-22 08:29:02.432364100,0.112364100,0
'2026-08-22 08:29:02.432365700,0.112365700,1
'2026-08-22 08:29:02.432365800,0.112365800,0
'2026-08-22 08:29:02.432375200,0.112375200,1
'2026-08-22 08:29:02.432389800,0.112389800,0
'2026-08-22 08:29:02.432401300,0.112401300,1
'2026-08-22 08:29:02.432416000,0.112416000,0
'2026-08-22 08:29:02.432427400,0.112427400,1
'2026-08-22 08:29:02.432441800,0.112441800,0
'2026-08-22 08:29:02.432453500,0.112453500,1
'2026-08-22 08:29:02.432468200,0.112468200,0
'2026-08-22 08:29:02.432468500,0.112468500,1
'2026-08-22 08:29:02.432468600,0.112468600,0
'2026-08-22 08:29:02.432479600,0.112479600,1
'2026-08-22 08:29:02.432494300,0.112494300,0
'2026-08-22 08:29:02.432505700,0.112505700,1
'2026-08-22 08:29:02.432520400,0.112520400,0
'2026-08-22 08:29:02.432531700,0.112531700,1
'2026-08-22 08:29:02.432546400,0.112546400,0
'2026-08-22 08:29:02.432557800,0.112557800,1
'2026-08-22 08:29:02.432572500,0.112572500,0
'2026-08-22 08:29:02.432583900,0.112583900,1
'2026-08-22 08:29:02.432598600,0.112598600,0
'2026-08-22 08:29:02.432598700,0.112598700,1
'2026-08-22 08:29:02.432598800,0.112598800,0
'2026-08-22 08:29:02.432603100,0.112603100,1
'2026-08-22 08:29:02.433016800,0.113016800,0
'2026-08-22 08:29:02.433027200,0.113027200,1
'2026-08-22 08:29:02.433041900,0.113041900,0
'2026-08-22 08:29:02.433053300,0.113053300,1
'2026-08-22 08:29:02.433068000,0.113068000,0
'2026-08-22 08:29:02.433079400,0.113079400,1
'2026-08-22 08:29:02.433094000,0.113094000,0
'2026-08-22 08:29:02.433094100,0.113094100,1
'2026-08-22 08:29:02.433094200,0.113094200,0
'2026-08-22 08:29:02.433105500,0.113105500,1
'2026-08-22 08:29:02.433120300,0.113120300,0
'2026-08-22 08:29:02.433121600,0.113121600,1
'2026-08-22 08:29:02.433121800,0.113121800,0
'2026-08-22 08:29:02.433121900,0.113121900,1
'2026-08-22 08:29:02.433122500,0.113122500,0
'2026-08-22 08:29:02.433123800,0.113123800,1
'2026-08-22 08:29:02.433124500,0.113124500,0
'2026-08-22 08:29:02.433126200,0.113126200,1
'2026-08-22 08:29:02.433126300,0.113126300,0
'2026-08-22 08:29:02.433131600,0.113131600,1
'2026-08-22 08:29:02.433146200,0.113146200,0
'2026-08-22 08:29:02.433149600,0.113149600,1
'2026-08-22 08:29:02.433149700,0.113149700,0
'2026-08-22 08:29:02.433157700,0.113157700,1
'2026-08-22 08:29:02.433172400,0.113172400,0
'2026-08-22 08:29:02.433183700,0.113183700,1
'2026-08-22 08:29:02.433198400,0.113198400,0
'2026-08-22 08:29:02.433209800,0.113209800,1
'2026-08-22 08:29:02.433224500,0.113224500,0
'2026-08-22 08:29:02.433235900,0.113235900,1
'2026-08-22 08:29:02.433250600,0.113250600,0
'2026-08-22 08:29:02.433262000,0.113262000,1
'2026-08-22 08:29:02.433276600,0.113276600,0
'2026-08-22 08:29:02.433288100,0.113288100,1
'2026-08-22 08:29:02.433302700,0.113302700,0
'2026-08-22 08:29:02.433314200,0.113314200,1
'2026-08-22 08:29:02.433328900,0.113328900,0
'2026-08-22 08:29:02.433340300,0.113340300,1
'2026-08-22 08:29:02.433354800,0.113354800,0
'2026-08-22 08:29:02.433361500,0.113361500,1
'2026-08-22 08:29:02.433361600,0.113361600,0
'2026-08-22 08:29:02.433366400,0.113366400,1
'2026-08-22 08:29:02.433381200,0.113381200,0
'2026-08-22 08:29:02.433392400,0.113392400,1
'2026-08-22 08:29:02.433407000,0.113407000,0
'2026-08-22 08:29:02.433407100,0.113407100,1
'2026-08-22 08:29:02.433407200,0.113407200,0
'2026-08-22 08:29:02.433418500,0.113418500,1
'2026-08-22 08:29:02.434632500,0.114632500,0
'2026-08-22 08:29:02.434635500,0.114635500,1
'2026-08-22 08:29:02.434635600,0.114635600,0
'2026-08-22 08:29:02.434644200,0.114644200,1
'2026-08-22 08:29:02.434659200,0.114659200,0
'2026-08-22 08:29:02.434670300,0.114670300,1
'2026-08-22 08:29:02.434684800,0.114684800,0
'2026-08-22 08:29:02.434695700,0.114695700,1
'2026-08-22 08:29:02.434695800,0.114695800,0
'2026-08-22 08:29:02.434696400,0.114696400,1
'2026-08-22 08:29:02.434711100,0.114711100,0
'2026-08-22 08:29:02.434722500,0.114722500,1
'2026-08-22 08:29:02.434737100,0.114737100,0
'2026-08-22 08:29:02.434737200,0.114737200,1
'2026-08-22 08:29:02.434737400,0.114737400,0
'2026-08-22 08:29:02.434748600,0.114748600,1
'2026-08-22 08:29:02.434763100,0.114763100,0
'2026-08-22 08:29:02.434774700,0.114774700,1
'2026-08-22 08:29:02.434789500,0.114789500,0
'2026-08-22 08:29:02.434800700,0.114800700,1
'2026-08-22 08:29:02.434815300,0.114815300,0
'2026-08-22 08:29:02.434826800,0.114826800,1
'2026-08-22 08:29:02.434841400,0.114841400,0
'2026-08-22 08:29:02.434852900,0.114852900,1
'2026-08-22 08:29:02.434867700,0.114867700,0
'2026-08-22 08:29:02.434867900,0.114867900,1
'2026-08-22 08:29:02.434868100,0.114868100,0
'2026-08-22 08:29:02.434869100,0.114869100,1
'2026-08-22 08:29:02.434869200,0.114869200,0
'2026-08-22 08:29:02.434879000,0.114879000,1
'2026-08-22 08:29:02.434893500,0.114893500,0
'2026-08-22 08:29:02.434905100,0.114905100,1
'2026-08-22 08:29:02.434919800,0.114919800,0
'2026-08-22 08:29:02.434931200,0.114931200,1
'2026-08-22 08:29:02.434945800,0.114945800,0
'2026-08-22 08:29:02.434957300,0.114957300,1
'2026-08-22 08:29:02.434971800,0.114971800,0
'2026-08-22 08:29:02.434971900,0.114971900,1
'2026-08-22 08:29:02.434972000,0.114972000,0
'2026-08-22 08:29:02.434983400,0.114983400,1
'2026-08-22 08:29:02.434997900,0.114997900,0
'2026-08-22 08:29:02.435009400,0.115009400,1
'2026-08-22 08:29:02.435024100,0.115024100,0
'2026-08-22 08:29:02.435035500,0.115035500,1
'2026-08-22 08:29:02.436253400,0.116253400,0
'2026-08-22 08:29:02.436261200,0.116261200,1
'2026-08-22 08:29:02.436275800,0.116275800,0
'2026-08-22 08:29:02.436287300,0.116287300,1
'2026-08-22 08:29:02.436301800,0.116301800,0
'2026-08-22 08:29:02.436313400,0.116313400,1
'2026-08-22 08:29:02.436328100,0.116328100,0
'2026-08-22 08:29:02.436328200,0.116328200,1
'2026-08-22 08:29:02.436328400,0.116328400,0
'2026-08-22 08:29:02.436339500,0.116339500,1
'2026-08-22 08:29:02.436354000,0.116354000,0
'2026-08-22 08:29:02.436365600,0.116365600,1
'2026-08-22 08:29:02.436380300,0.116380300,0
'2026-08-22 08:29:02.436391700,0.116391700,1
'2026-08-22 08:29:02.436406400,0.116406400,0
'2026-08-22 08:29:02.436417800,0.116417800,1
'2026-08-22 08:29:02.436432400,0.116432400,0
'2026-08-22 08:29:02.436443900,0.116443900,1
'2026-08-22 08:29:02.436458600,0.116458600,0
'2026-08-22 08:29:02.436469900,0.116469900,1
'2026-08-22 08:29:02.436484500,0.116484500,0
'2026-08-22 08:29:02.436496000,0.116496000,1
'2026-08-22 08:29:02.436510600,0.116510600,0
'2026-08-22 08:29:02.436522100,0.116522100,1
'2026-08-22 08:29:02.436536900,0.116536900,0
'2026-08-22 08:29:02.436537300,0.116537300,1
'2026-08-22 08:29:02.436537400,0.116537400,0
'2026-08-22 08:29:02.436538500,0.116538500,1
'2026-08-22 08:29:02.436538600,0.116538600,0
'2026-08-22 08:29:02.436548200,0.116548200,1
'2026-08-22 08:29:02.436562600,0.116562600,0
'2026-08-22 08:29:02.436574300,0.116574300,1
'2026-08-22 08:29:02.436589400,0.116589400,0
'2026-08-22 08:29:02.436600400,0.116600400,1
'2026-08-22 08:29:02.436615000,0.116615000,0
'2026-08-22 08:29:02.436626500,0.116626500,1
'2026-08-22 08:29:02.436641100,0.116641100,0
'2026-08-22 08:29:02.436652600,0.116652600,1
'2026-08-22 08:29:02.437069000,0.117069000,0
'2026-08-22 08:29:02.437069800,0.117069800,1
'2026-08-22 08:29:02.437084400,0.117084400,0
'2026-08-22 08:29:02.437095900,0.117095900,1
'2026-08-22 08:29:02.437110600,0.117110600,0
'2026-08-22 08:29:02.437112600,0.117112600,1
'2026-08-22 08:29:02.437112700,0.117112700,0
'2026-08-22 08:29:02.437122000,0.117122000,1
'2026-08-22 08:29:02.437136500,0.117136500,0
'2026-08-22 08:29:02.437148100,0.117148100,1
'2026-08-22 08:29:02.437162700,0.117162700,0
'2026-08-22 08:29:02.437174200,0.117174200,1
'2026-08-22 08:29:02.437188700,0.117188700,0
'2026-08-22 08:29:02.437200300,0.117200300,1
'2026-08-22 08:29:02.437215000,0.117215000,0
'2026-08-22 08:29:02.437226300,0.117226300,1
'2026-08-22 08:29:02.437240900,0.117240900,0
'2026-08-22 08:29:02.437241200,0.117241200,1
'2026-08-22 08:29:02.437241300,0.117241300,0
'2026-08-22 08:29:02.437243500,0.117243500,1
'2026-08-22 08:29:02.437243600,0.117243600,0
'2026-08-22 08:29:02.437252400,0.117252400,1
'2026-08-22 08:29:02.437267100,0.117267100,0
'2026-08-22 08:29:02.437278500,0.117278500,1
'2026-08-22 08:29:02.437293400,0.117293400,0
'2026-08-22 08:29:02.437304600,0.117304600,1
'2026-08-22 08:29:02.437319200,0.117319200,0
'2026-08-22 08:29:02.437330700,0.117330700,1
'2026-08-22 08:29:02.437345400,0.117345400,0
'2026-08-22 08:29:02.437356800,0.117356800,1
'2026-08-22 08:29:02.437371600,0.117371600,0
'2026-08-22 08:29:02.437382900,0.117382900,1
'2026-08-22 08:29:02.437397500,0.117397500,0
'2026-08-22 08:29:02.437409000,0.117409000,1
'2026-08-22 08:29:02.437423700,0.117423700,0
'2026-08-22 08:29:02.437423800,0.117423800,1
'2026-08-22 08:29:02.437424000,0.117424000,0
'2026-08-22 08:29:02.437424500,0.117424500,1
'2026-08-22 08:29:02.437424600,0.117424600,0
'2026-08-22 08:29:02.437435000,0.117435000,1
'2026-08-22 08:29:02.437449800,0.117449800,0
'2026-08-22 08:29:02.437461100,0.117461100,1
'2026-08-22 08:29:02.437475800,0.117475800,0
'2026-08-22 08:29:02.437478400,0.117478400,1
'2026-08-22 08:29:02.438701300,0.118701300,0
'2026-08-22 08:29:02.438712900,0.118712900,1
'2026-08-22 08:29:02.438727600,0.118727600,0
'2026-08-22 08:29:02.438739000,0.118739000,1
'2026-08-22 08:29:02.438753500,0.118753500,0
'2026-08-22 08:29:02.438765100,0.118765100,1
'2026-08-22 08:29:02.438779700,0.118779700,0
'2026-08-22 08:29:02.438791200,0.118791200,1
'2026-08-22 08:29:02.438805800,0.118805800,0
'2026-08-22 08:29:02.438817300,0.118817300,1
'2026-08-22 08:29:02.438831900,0.118831900,0
'2026-08-22 08:29:02.438832000,0.118832000,1
'2026-08-22 08:29:02.438832100,0.118832100,0
'2026-08-22 08:29:02.438843300,0.118843300,1
'2026-08-22 08:29:02.438857900,0.118857900,0
'2026-08-22 08:29:02.438869400,0.118869400,1
'2026-08-22 08:29:02.438884100,0.118884100,0
'2026-08-22 08:29:02.438895500,0.118895500,1
'2026-08-22 08:29:02.438910400,0.118910400,0
'2026-08-22 08:29:02.438921600,0.118921600,1
'2026-08-22 08:29:02.438936100,0.118936100,0
'2026-08-22 08:29:02.438947700,0.118947700,1
'2026-08-22 08:29:02.438962400,0.118962400,0
'2026-08-22 08:29:02.438962500,0.118962500,1
'2026-08-22 08:29:02.438962600,0.118962600,0
'2026-08-22 08:29:02.438972900,0.118972900,1
'2026-08-22 08:29:02.438973000,0.118973000,0
'2026-08-22 08:29:02.438973800,0.118973800,1
'2026-08-22 08:29:02.438988400,0.118988400,0
'2026-08-22 08:29:02.438988500,0.118988500,1
'2026-08-22 08:29:02.438988600,0.118988600,0
'2026-08-22 08:29:02.438999900,0.118999900,1
'2026-08-22 08:29:02.439014600,0.119014600,0
'2026-08-22 08:29:02.439014700,0.119014700,1
'2026-08-22 08:29:02.439014800,0.119014800,0
'2026-08-22 08:29:02.439026000,0.119026000,1
'2026-08-22 08:29:02.439040500,0.119040500,0
'2026-08-22 08:29:02.439052100,0.119052100,1
'2026-08-22 08:29:02.439066800,0.119066800,0
'2026-08-22 08:29:02.439078100,0.119078100,1
'2026-08-22 08:29:02.439092700,0.119092700,0
'2026-08-22 08:29:02.439100800,0.119100800,1
'2026-08-22 08:29:02.439515000,0.119515000,0
'2026-08-22 08:29:02.439515100,0.119515100,1
'2026-08-22 08:29:02.439515200,0.119515200,0
'2026-08-22 08:29:02.439521500,0.119521500,1
'2026-08-22 08:29:02.439536200,0.119536200,0
'2026-08-22 08:29:02.439536300,0.119536300,1
'2026-08-22 08:29:02.439536400,0.119536400,0
'2026-08-22 08:29:02.439547600,0.119547600,1
'2026-08-22 08:29:02.439562200,0.119562200,0
'2026-08-22 08:29:02.439573700,0.119573700,1
'2026-08-22 08:29:02.439588400,0.119588400,0
'2026-08-22 08:29:02.439591000,0.119591000,1
'2026-08-22 08:29:02.439591100,0.119591100,0
'2026-08-22 08:29:02.439599700,0.119599700,1
'2026-08-22 08:29:02.439614400,0.119614400,0
'2026-08-22 08:29:02.439614500,0.119614500,1
'2026-08-22 08:29:02.439614600,0.119614600,0
'2026-08-22 08:29:02.439625800,0.119625800,1
'2026-08-22 08:29:02.439640400,0.119640400,0
'2026-08-22 08:29:02.439651900,0.119651900,1
'2026-08-22 08:29:02.439666700,0.119666700,0
'2026-08-22 08:29:02.439678000,0.119678000,1
'2026-08-22 08:29:02.439692900,0.119692900,0
'2026-08-22 08:29:02.439704100,0.119704100,1
'2026-08-22 08:29:02.439718800,0.119718800,0
'2026-08-22 08:29:02.439730200,0.119730200,1
'2026-08-22 08:29:02.439745200,0.119745200,0
'2026-08-22 08:29:02.439745300,0.119745300,1
'2026-08-22 08:29:02.439745600,0.119745600,0
'2026-08-22 08:29:02.439746500,0.119746500,1
'2026-08-22 08:29:02.439746600,0.119746600,0
'2026-08-22 08:29:02.439756300,0.119756300,1
'2026-08-22 08:29:02.439770800,0.119770800,0
'2026-08-22 08:29:02.439782400,0.119782400,1
'2026-08-22 08:29:02.439797500,0.119797500,0
'2026-08-22 08:29:02.439797900,0.119797900,1
'2026-08-22 08:29:02.439798100,0.119798100,0
'2026-08-22 08:29:02.439808500,0.119808500,1
'2026-08-22 08:29:02.439823200,0.119823200,0
'2026-08-22 08:29:02.439834500,0.119834500,1
'2026-08-22 08:29:02.439849500,0.119849500,0
'2026-08-22 08:29:02.439855000,0.119855000,1
'2026-08-22 08:29:02.439855100,0.119855100,0
'2026-08-22 08:29:02.439860600,0.119860600,1
'2026-08-22 08:29:02.439875300,0.119875300,0
'2026-08-22 08:29:02.439877300,0.119877300,1
'2026-08-22 08:29:02.439877500,0.119877500,0
'2026-08-22 08:29:02.439886700,0.119886700,1
'2026-08-22 08:29:02.439901200,0.119901200,0
'2026-08-22 08:29:02.439901300,0.119901300,1
'2026-08-22 08:29:02.439901400,0.119901400,0
'2026-08-22 08:29:02.439912800,0.119912800,1
'2026-08-22 08:29:02.440344600,0.120344600,0
'2026-08-22 08:29:02.440356100,0.120356100,1
'2026-08-22 08:29:02.440371000,0.120371000,0
'2026-08-22 08:29:02.440377200,0.120377200,1
'2026-08-22 08:29:02.440377300,0.120377300,0
'2026-08-22 08:29:02.440382200,0.120382200,1
'2026-08-22 08:29:02.440396800,0.120396800,0
'2026-08-22 08:29:02.440408300,0.120408300,1
'2026-08-22 08:29:02.440423000,0.120423000,0
'2026-08-22 08:29:02.440434400,0.120434400,1
'2026-08-22 08:29:02.440449200,0.120449200,0
'2026-08-22 08:29:02.440460500,0.120460500,1
'2026-08-22 08:29:02.440475000,0.120475000,0
'2026-08-22 08:29:02.440486600,0.120486600,1
'2026-08-22 08:29:02.440501400,0.120501400,0
'2026-08-22 08:29:02.440501600,0.120501600,1
'2026-08-22 08:29:02.440501700,0.120501700,0
'2026-08-22 08:29:02.440512700,0.120512700,1
'2026-08-22 08:29:02.440527200,0.120527200,0
'2026-08-22 08:29:02.440536100,0.120536100,1
'2026-08-22 08:29:02.440536200,0.120536200,0
'2026-08-22 08:29:02.440538800,0.120538800,1
'2026-08-22 08:29:02.440553600,0.120553600,0
'2026-08-22 08:29:02.440564900,0.120564900,1
'2026-08-22 08:29:02.440579500,0.120579500,0
'2026-08-22 08:29:02.440589400,0.120589400,1
'2026-08-22 08:29:02.440589500,0.120589500,0
'2026-08-22 08:29:02.440590900,0.120590900,1
'2026-08-22 08:29:02.440605400,0.120605400,0
'2026-08-22 08:29:02.440617000,0.120617000,1
'2026-08-22 08:29:02.440631800,0.120631800,0
'2026-08-22 08:29:02.440631900,0.120631900,1
'2026-08-22 08:29:02.440632000,0.120632000,0
'2026-08-22 08:29:02.440643100,0.120643100,1
'2026-08-22 08:29:02.440657700,0.120657700,0
'2026-08-22 08:29:02.440669200,0.120669200,1
'2026-08-22 08:29:02.440683800,0.120683800,0
'2026-08-22 08:29:02.440683900,0.120683900,1
'2026-08-22 08:29:02.440684000,0.120684000,0
'2026-08-22 08:29:02.440691700,0.120691700,1
'2026-08-22 08:29:02.440691800,0.120691800,0
'2026-08-22 08:29:02.440695300,0.120695300,1
'2026-08-22 08:29:02.440710300,0.120710300,0
'2026-08-22 08:29:02.440710500,0.120710500,1
'2026-08-22 08:29:02.440710600,0.120710600,0
'2026-08-22 08:29:02.440710700,0.120710700,1
'2026-08-22 08:29:02.440710800,0.120710800,0
'2026-08-22 08:29:02.440711300,0.120711300,1
'2026-08-22 08:29:02.440711400,0.120711400,0
'2026-08-22 08:29:02.440721300,0.120721300,1
'2026-08-22 08:29:02.440736000,0.120736000,0
'2026-08-22 08:29:02.440747500,0.120747500,1
'2026-08-22 08:29:02.441961400,0.121961400,0
'2026-08-22 08:29:02.441973100,0.121973100,1
'2026-08-22 08:29:02.441988300,0.121988300,0
'2026-08-22 08:29:02.441999200,0.121999200,1
'2026-08-22 08:29:02.442013600,0.122013600,0
'2026-08-22 08:29:02.442025300,0.122025300,1
'2026-08-22 08:29:02.442040300,0.122040300,0
'2026-08-22 08:29:02.442051400,0.122051400,1
'2026-08-22 08:29:02.442066000,0.122066000,0
'2026-08-22 08:29:02.442077500,0.122077500,1
'2026-08-22 08:29:02.442092000,0.122092000,0
'2026-08-22 08:29:02.442103600,0.122103600,1
'2026-08-22 08:29:02.442118200,0.122118200,0
'2026-08-22 08:29:02.442129700,0.122129700,1
'2026-08-22 08:29:02.442144200,0.122144200,0
'2026-08-22 08:29:02.442149300,0.122149300,1
'2026-08-22 08:29:02.442149400,0.122149400,0
'2026-08-22 08:29:02.442155700,0.122155700,1
'2026-08-22 08:29:02.442170500,0.122170500,0
'2026-08-22 08:29:02.442181900,0.122181900,1
'2026-08-22 08:29:02.442196400,0.122196400,0
'2026-08-22 08:29:02.442196700,0.122196700,1
'2026-08-22 08:29:02.442196800,0.122196800,0
'2026-08-22 08:29:02.442207900,0.122207900,1
'2026-08-22 08:29:02.442222200,0.122222200,0
'2026-08-22 08:29:02.442222300,0.122222300,1
'2026-08-22 08:29:02.442222600,0.122222600,0
'2026-08-22 08:29:02.442222800,0.122222800,1
'2026-08-22 08:29:02.442222900,0.122222900,0
'2026-08-22 08:29:02.442234000,0.122234000,1
'2026-08-22 08:29:02.442248900,0.122248900,0
'2026-08-22 08:29:02.442260100,0.122260100,1
'2026-08-22 08:29:02.442274600,0.122274600,0
'2026-08-22 08:29:02.442286200,0.122286200,1
'2026-08-22 08:29:02.442300800,0.122300800,0
'2026-08-22 08:29:02.442308900,0.122308900,1
'2026-08-22 08:29:02.442309000,0.122309000,0
'2026-08-22 08:29:02.442312300,0.122312300,1
'2026-08-22 08:29:02.442327100,0.122327100,0
'2026-08-22 08:29:02.442327500,0.122327500,1
'2026-08-22 08:29:02.442327600,0.122327600,0
'2026-08-22 08:29:02.442328100,0.122328100,1
'2026-08-22 08:29:02.442328200,0.122328200,0
'2026-08-22 08:29:02.442330500,0.122330500,1
'2026-08-22 08:29:02.442330600,0.122330600,0
'2026-08-22 08:29:02.442338400,0.122338400,1
'2026-08-22 08:29:02.442353000,0.122353000,0
'2026-08-22 08:29:02.442362200,0.122362200,1
'2026-08-22 08:29:02.442776400,0.122776400,0
'2026-08-22 08:29:02.442781700,0.122781700,1
'2026-08-22 08:29:02.442796200,0.122796200,0
'2026-08-22 08:29:02.442807800,0.122807800,1
'2026-08-22 08:29:02.442822400,0.122822400,0
'2026-08-22 08:29:02.442833900,0.122833900,1
'2026-08-22 08:29:02.442848500,0.122848500,0
'2026-08-22 08:29:02.442859900,0.122859900,1
'2026-08-22 08:29:02.442874600,0.122874600,0
'2026-08-22 08:29:02.442886000,0.122886000,1
'2026-08-22 08:29:02.442900700,0.122900700,0
'2026-08-22 08:29:02.442912100,0.122912100,1
'2026-08-22 08:29:02.442926800,0.122926800,0
'2026-08-22 08:29:02.442938200,0.122938200,1
'2026-08-22 08:29:02.442952800,0.122952800,0
'2026-08-22 08:29:02.442964300,0.122964300,1
'2026-08-22 08:29:02.442979000,0.122979000,0
'2026-08-22 08:29:02.442990400,0.122990400,1
'2026-08-22 08:29:02.443005000,0.123005000,0
'2026-08-22 08:29:02.443005100,0.123005100,1
'2026-08-22 08:29:02.443005200,0.123005200,0
'2026-08-22 08:29:02.443007400,0.123007400,1
'2026-08-22 08:29:02.443007500,0.123007500,0
'2026-08-22 08:29:02.443016500,0.123016500,1
'2026-08-22 08:29:02.443031200,0.123031200,0
'2026-08-22 08:29:02.443031300,0.123031300,1
'2026-08-22 08:29:02.443031400,0.123031400,0
'2026-08-22 08:29:02.443042600,0.123042600,1
'2026-08-22 08:29:02.443057200,0.123057200,0
'2026-08-22 08:29:02.443068600,0.123068600,1
'2026-08-22 08:29:02.443083400,0.123083400,0
'2026-08-22 08:29:02.443094700,0.123094700,1
'2026-08-22 08:29:02.443109700,0.123109700,0
'2026-08-22 08:29:02.443120800,0.123120800,1
'2026-08-22 08:29:02.443135400,0.123135400,0
'2026-08-22 08:29:02.443146900,0.123146900,1
'2026-08-22 08:29:02.443161700,0.123161700,0
'2026-08-22 08:29:02.443162700,0.123162700,1
'2026-08-22 08:29:02.443163700,0.123163700,0
'2026-08-22 08:29:02.443165100,0.123165100,1
'2026-08-22 08:29:02.443165600,0.123165600,0
'2026-08-22 08:29:02.443166900,0.123166900,1
'2026-08-22 08:29:02.443167000,0.123167000,0
'2026-08-22 08:29:02.443167100,0.123167100,1
'2026-08-22 08:29:02.443167200,0.123167200,0
'2026-08-22 08:29:02.443167300,0.123167300,1
'2026-08-22 08:29:02.443167400,0.123167400,0
'2026-08-22 08:29:02.443169100,0.123169100,1
'2026-08-22 08:29:02.443169400,0.123169400,0
'2026-08-22 08:29:02.443170900,0.123170900,1
'2026-08-22 08:29:02.443171000,0.123171000,0
'2026-08-22 08:29:02.443173000,0.123173000,1
'2026-08-22 08:29:02.520000000,0.200000000,0
