; CSV, generated by atk_libsigrok4 1.0.0 on 2026-08-22 08:24:56
; Channels (1/16)
; ChannelsType: 1
; Sample rate: 10 MHz
; Sample count: 1.907349 M
; Sampling time: 2026-08-22 08:24:52.830
SystemTime, Time(s), meow
'2026-08-22 08:24:52.830000000,0.000000000,1
'2026-08-22 08:24:52.830001600,0.000001600,0
'2026-08-22 08:24:52.830006300,0.000006300,1
'2026-08-22 08:24:52.830006400,0.000006400,0
'2026-08-22 08:24:52.830007100,0.000007100,1
'2026-08-22 08:24:52.830021300,0.000021300,0
'2026-08-22 08:24:52.830021400,0.000021400,1
'2026-08-22 08:24:52.830021600,0.000021600,0
'2026-08-22 08:24:52.830033200,0.000033200,1
'2026-08-22 08:24:52.830047500,0.000047500,0
'2026-08-22 08:24:52.830048400,0.000048400,1
'2026-08-22 08:24:52.830048500,0.000048500,0
'2026-08-22 08:24:52.830049000,0.000049000,1
'2026-08-22 08:24:52.830049100,0.000049100,0
'2026-08-22 08:24:52.830049500,0.000049500,1
'2026-08-22 08:24:52.830049600,0.000049600,0
'2026-08-22 08:24:52.830052500,0.000052500,1
'2026-08-22 08:24:52.830052600,0.000052600,0
'2026-08-22 08:24:52.830052900,0.000052900,1
'2026-08-22 08:24:52.830053000,0.000053000,0
'2026-08-22 08:24:52.830054200,0.000054200,1
'2026-08-22 08:24:52.830054300,0.000054300,0
'2026-08-22 08:24:52.830055400,0.000055400,1
'2026-08-22 08:24:52.830055500,0.000055500,0
'2026-08-22 08:24:52.830056000,0.000056000,1
'2026-08-22 08:24:52.830056100,0.000056100,0
'2026-08-22 08:24:52.830056300,0.000056300,1
'2026-08-22 08:24:52.830056400,0.000056400,0
'2026-08-22 08:24:52.830057100,0.000057100,1
'2026-08-22 08:24:52.830057300,0.000057300,0
'2026-08-22 08:24:52.830057700,0.000057700,1
'2026-08-22 08:24:52.830057800,0.000057800,0
'2026-08-22 08:24:52.830059300,0.000059300,1
'2026-08-22 08:24:52.830073800,0.000073800,0
'2026-08-22 08:24:52.830073900,0.000073900,1
'2026-08-22 08:24:52.830074000,0.000074000,0
'2026-08-22 08:24:52.830074100,0.000074100,1
'2026-08-22 08:24:52.830074200,0.000074200,0
'2026-08-22 08:24:52.830074700,0.000074700,1
'2026-08-22 08:24:52.830074800,0.000074800,0
'2026-08-22 08:24:52.830075200,0.000075200,1
'2026-08-22 08:24:52.830075300,0.000075300,0
'2026-08-22 08:24:52.830078100,0.000078100,1
'2026-08-22 08:24:52.830078300,0.000078300,0
'2026-08-22 08:24:52.830078700,0.000078700,1
'2026-08-22 08:24:52.830078800,0.000078800,0
'2026-08-22 08:24:52.830080500,0.000080500,1
'2026-08-22 08:24:52.830080600,0.000080600,0
'2026-08-22 08:24:52.830083400,0.000083400,1
'2026-08-22 08:24:52.830083500,0.000083500,0
'2026-08-22 08:24:52.830085300,0.000085300,1
'2026-08-22 08:24:52.830099900,0.000099900,0
'2026-08-22 08:24:52.830100700,0.000100700,1
'2026-08-22 08:24:52.830100800,0.000100800,0
'2026-08-22 08:24:52.830100900,0.000100900,1
'2026-08-22 08:24:52.830101100,0.000101100,0
'2026-08-22 08:24:52.830101600,0.000101600,1
'2026-08-22 08:24:52.830101700,0.000101700,0
'2026-08-22 08:24:52.830102100,0.000102100,1
'2026-08-22 08:24:52.830102200,0.000102200,0
'2026-08-22 08:24:52.830103200,0.000103200,1
'2026-08-22 08:24:52.830103400,0.000103400,0
'2026-08-22 08:24:52.830103800,0.000103800,1
'2026-08-22 08:24:52.830104000,0.000104000,0
'2026-08-22 08:24:52.830104100,0.000104100,1
'2026-08-22 08:24:52.830104200,0.000104200,0
'2026-08-22 08:24:52.830104400,0.000104400,1
'2026-08-22 08:24:52.830104600,0.000104600,0
'2026-08-22 08:24:52.830105000,0.000105000,1
'2026-08-22 08:24:52.830105200,0.000105200,0
'2026-08-22 08:24:52.830105300,0.000105300,1
'2026-08-22 08:24:52.830105400,0.000105400,0
'2026-08-22 08:24:52.830105600,0.000105600,1
'2026-08-22 08:24:52.830105700,0.000105700,0
'2026-08-22 08:24:52.830106000,0.000106000,1
'2026-08-22 08:24:52.830106100,0.000106100,0
'2026-08-22 08:24:52.830106200,0.000106200,1
'2026-08-22 08:24:52.830106400,0.000106400,0
'2026-08-22 08:24:52.830106500,0.000106500,1
'2026-08-22 08:24:52.830106600,0.000106600,0
'2026-08-22 08:24:52.830106800,0.000106800,1
'2026-08-22 08:24:52.830107000,0.000107000,0
'2026-08-22 08:24:52.830107300,0.000107300,1
'2026-08-22 08:24:52.830107400,0.000107400,0
'2026-08-22 08:24:52.830107500,0.000107500,1
'2026-08-22 08:24:52.830107600,0.000107600,0
'2026-08-22 08:24:52.830108500,0.000108500,1
'2026-08-22 08:24:52.830108600,0.000108600,0
'2026-08-22 08:24:52.830109700,0.000109700,1
'2026-08-22 08:24:52.830109800,0.000109800,0
'2026-08-22 08:24:52.830111400,0.000111400,1
'2026-08-22 08:24:52.830126400,0.000126400,0
'2026-08-22 08:24:52.830126900,0.000126900,1
'2026-08-22 08:24:52.830127000,0.000127000,0
'2026-08-22 08:24:52.830127200,0.000127200,1
'2026-08-22 08:24:52.830127300,0.000127300,0
'2026-08-22 08:24:52.830127400,0.000127400,1
'2026-08-22 08:24:52.830127500,0.000127500,0
'2026-08-22 08:24:52.830127800,0.000127800,1
'2026-08-22 08:24:52.830127900,0.000127900,0
'2026-08-22 08:24:52.830128200,0.000128200,1
'2026-08-22 08:24:52.830128600,0.000128600,0
'2026-08-22 08:24:52.830128900,0.000128900,1
'2026-08-22 08:24:52.830129000,0.000129000,0
'2026-08-22 08:24:52.830129400,0.000129400,1
'2026-08-22 08:24:52.830129700,0.000129700,0
'2026-08-22 08:24:52.830129900,0.000129900,1
'2026-08-22 08:24:52.830130000,0.000130000,0
'2026-08-22 08:24:52.830130700,0.000130700,1
'2026-08-22 08:24:52.830130800,0.000130800,0
'2026-08-22 08:24:52.830131900,0.000131900,1
'2026-08-22 08:24:52.830132000,0.000132000,0
'2026-08-22 08:24:52.830133000,0.000133000,1
'2026-08-22 08:24:52.830133100,0.000133100,0
'2026-08-22 08:24:52.830133600,0.000133600,1
'2026-08-22 08:24:52.830133700,0.000133700,0
'2026-08-22 08:24:52.830134200,0.000134200,1
'2026-08-22 08:24:52.830134300,0.000134300,0
'2026-08-22 08:24:52.830135200,0.000135200,1
'2026-08-22 08:24:52.830135300,0.000135300,0
'2026-08-22 08:24:52.830135400,0.000135400,1
'2026-08-22 08:24:52.830135600,0.000135600,0
'2026-08-22 08:24:52.830136000,0.000136000,1
'2026-08-22 08:24:52.830136100,0.000136100,0
'2026-08-22 08:24:52.830136300,0.000136300,1
'2026-08-22 08:24:52.830136700,0.000136700,0
'2026-08-22 08:24:52.830136900,0.000136900,1
'2026-08-22 08:24:52.830152000,0.000152000,0
'2026-08-22 08:24:52.830152100,0.000152100,1
'2026-08-22 08:24:52.830152200,0.000152200,0
'2026-08-22 08:24:52.830152300,0.000152300,1
'2026-08-22 08:24:52.830152600,0.000152600,0
'2026-08-22 08:24:52.830152800,0.000152800,1
'2026-08-22 08:24:52.830154000,0.000154000,0
'2026-08-22 08:24:52.830154100,0.000154100,1
'2026-08-22 08:24:52.830154200,0.000154200,0
'2026-08-22 08:24:52.830154700,0.000154700,1
'2026-08-22 08:24:52.830154800,0.000154800,0
'2026-08-22 08:24:52.830154900,0.000154900,1
'2026-08-22 08:24:52.830155000,0.000155000,0
'2026-08-22 08:24:52.830155200,0.000155200,1
'2026-08-22 08:24:52.830155400,0.000155400,0
'2026-08-22 08:24:52.830155800,0.000155800,1
'2026-08-22 08:24:52.830155900,0.000155900,0
'2026-08-22 08:24:52.830156100,0.000156100,1
'2026-08-22 08:24:52.830156200,0.000156200,0
'2026-08-22 08:24:52.830157600,0.000157600,1
'2026-08-22 08:24:52.830157700,0.000157700,0
'2026-08-22 08:24:52.830158200,0.000158200,1
'2026-08-22 08:24:52.830158400,0.000158400,0
'2026-08-22 08:24:52.830158600,0.000158600,1
'2026-08-22 08:24:52.830158900,0.000158900,0
'2026-08-22 08:24:52.830159300,0.000159300,1
'2026-08-22 08:24:52.830159600,0.000159600,0
'2026-08-22 08:24:52.830159900,0.000159900,1
'2026-08-22 08:24:52.830160100,0.000160100,0
'2026-08-22 08:24:52.830160500,0.000160500,1
'2026-08-22 08:24:52.830160700,0.000160700,0
'2026-08-22 08:24:52.830160900,0.000160900,1
'2026-08-22 08:24:52.830161000,0.000161000,0
'2026-08-22 08:24:52.830161100,0.000161100,1
'2026-08-22 08:24:52.830161400,0.000161400,0
'2026-08-22 08:24:52.830161500,0.000161500,1
'2026-08-22 08:24:52.830161600,0.000161600,0
'2026-08-22 08:24:52.830161700,0.000161700,1
'2026-08-22 08:24:52.830161900,0.000161900,0
'2026-08-22 08:24:52.830162200,0.000162200,1
'2026-08-22 08:24:52.830162400,0.000162400,0
'2026-08-22 08:24:52.830162800,0.000162800,1
'2026-08-22 08:24:52.830163000,0.000163000,0
'2026-08-22 08:24:52.830163100,0.000163100,1
'2026-08-22 08:24:52.830163200,0.000163200,0
'2026-08-22 08:24:52.830163400,0.000163400,1
'2026-08-22 08:24:52.830178200,0.000178200,0
'2026-08-22 08:24:52.830178300,0.000178300,1
'2026-08-22 08:24:52.830178800,0.000178800,0
'2026-08-22 08:24:52.830178900,0.000178900,1
'2026-08-22 08:24:52.830179000,0.000179000,0
'2026-08-22 08:24:52.830179100,0.000179100,1
'2026-08-22 08:24:52.830179400,0.000179400,0
'2026-08-22 08:24:52.830179700,0.000179700,1
'2026-08-22 08:24:52.830179800,0.000179800,0
'2026-08-22 08:24:52.830179900,0.000179900,1
'2026-08-22 08:24:52.830180200,0.000180200,0
'2026-08-22 08:24:52.830180300,0.000180300,1
'2026-08-22 08:24:52.830180600,0.000180600,0
'2026-08-22 08:24:52.830180700,0.000180700,1
'2026-08-22 08:24:52.830180800,0.000180800,0
'2026-08-22 08:24:52.830180900,0.000180900,1
'2026-08-22 08:24:52.830181100,0.000181100,0
'2026-08-22 08:24:52.830181200,0.000181200,1
'2026-08-22 08:24:52.830181300,0.000181300,0
'2026-08-22 08:24:52.830181600,0.000181600,1
'2026-08-22 08:24:52.830181700,0.000181700,0
'2026-08-22 08:24:52.830182000,0.000182000,1
'2026-08-22 08:24:52.830182200,0.000182200,0
'2026-08-22 08:24:52.830182600,0.000182600,1
'2026-08-22 08:24:52.830183100,0.000183100,0
'2026-08-22 08:24:52.830183200,0.000183200,1
'2026-08-22 08:24:52.830184200,0.000184200,0
'2026-08-22 08:24:52.830184300,0.000184300,1
'2026-08-22 08:24:52.830184600,0.000184600,0
'2026-08-22 08:24:52.830185000,0.000185000,1
'2026-08-22 08:24:52.830185200,0.000185200,0
'2026-08-22 08:24:52.830185500,0.000185500,1
'2026-08-22 08:24:52.830185900,0.000185900,0
'2026-08-22 08:24:52.830186000,0.000186000,1
'2026-08-22 08:24:52.830186100,0.000186100,0
'2026-08-22 08:24:52.830186300,0.000186300,1
'2026-08-22 08:24:52.830186400,0.000186400,0
'2026-08-22 08:24:52.830186500,0.000186500,1
'2026-08-22 08:24:52.830186600,0.000186600,0
'2026-08-22 08:24:52.830186800,0.000186800,1
'2026-08-22 08:24:52.830187000,0.000187000,0
'2026-08-22 08:24:52.830187400,0.000187400,1
'2026-08-22 08:24:52.830187500,0.000187500,0
'2026-08-22 08:24:52.830187600,0.000187600,1
'2026-08-22 08:24:52.830188200,0.000188200,0
'2026-08-22 08:24:52.830188500,0.000188500,1
'2026-08-22 08:24:52.830188700,0.000188700,0
'2026-08-22 08:24:52.830188900,0.000188900,1
'2026-08-22 08:24:52.830189000,0.000189000,0
'2026-08-22 08:24:52.830189100,0.000189100,1
'2026-08-22 08:24:52.830189200,0.000189200,0
'2026-08-22 08:24:52.830189600,0.000189600,1
'2026-08-22 08:24:52.830207700,0.000207700,0
'2026-08-22 08:24:52.830207800,0.000207800,1
'2026-08-22 08:24:52.830208100,0.000208100,0
'2026-08-22 08:24:52.830208300,0.000208300,1
'2026-08-22 08:24:52.830209200,0.000209200,0
'2026-08-22 08:24:52.830209400,0.000209400,1
'2026-08-22 08:24:52.830209700,0.000209700,0
'2026-08-22 08:24:52.830210000,0.000210000,1
'2026-08-22 08:24:52.830210500,0.000210500,0
'2026-08-22 08:24:52.830210700,0.000210700,1
'2026-08-22 08:24:52.830211000,0.000211000,0
'2026-08-22 08:24:52.830211200,0.000211200,1
'2026-08-22 08:24:52.830211600,0.000211600,0
'2026-08-22 08:24:52.830211800,0.000211800,1
'2026-08-22 08:24:52.830212000,0.000212000,0
'2026-08-22 08:24:52.830212100,0.000212100,1
'2026-08-22 08:24:52.830212200,0.000212200,0
'2026-08-22 08:24:52.830212300,0.000212300,1
'2026-08-22 08:24:52.830212400,0.000212400,0
'2026-08-22 08:24:52.830212500,0.000212500,1
'2026-08-22 08:24:52.830213800,0.000213800,0
'2026-08-22 08:24:52.830213900,0.000213900,1
'2026-08-22 08:24:52.830231100,0.000231100,0
'2026-08-22 08:24:52.830231200,0.000231200,1
'2026-08-22 08:24:52.830231300,0.000231300,0
'2026-08-22 08:24:52.830231500,0.000231500,1
'2026-08-22 08:24:52.830231600,0.000231600,0
'2026-08-22 08:24:52.830231800,0.000231800,1
'2026-08-22 08:24:52.830231900,0.000231900,0
'2026-08-22 08:24:52.830232200,0.000232200,1
'2026-08-22 08:24:52.830232700,0.000232700,0
'2026-08-22 08:24:52.830232800,0.000232800,1
'2026-08-22 08:24:52.830233800,0.000233800,0
'2026-08-22 08:24:52.830233900,0.000233900,1
'2026-08-22 08:24:52.830239800,0.000239800,0
'2026-08-22 08:24:52.830239900,0.000239900,1
'2026-08-22 08:24:52.830240200,0.000240200,0
'2026-08-22 08:24:52.830240500,0.000240500,1
'2026-08-22 08:24:52.830240600,0.000240600,0
'2026-08-22 08:24:52.830240700,0.000240700,1
'2026-08-22 08:24:52.830240800,0.000240800,0
'2026-08-22 08:24:52.830241000,0.000241000,1
'2026-08-22 08:24:52.830241300,0.000241300,0
'2026-08-22 08:24:52.830241500,0.000241500,1
'2026-08-22 08:24:52.830261200,0.000261200,0
'2026-08-22 08:24:52.830261300,0.000261300,1
'2026-08-22 08:24:52.830261700,0.000261700,0
'2026-08-22 08:24:52.830261900,0.000261900,1
'2026-08-22 08:24:52.830262000,0.000262000,0
'2026-08-22 08:24:52.830262100,0.000262100,1
'2026-08-22 08:24:52.830262400,0.000262400,0
'2026-08-22 08:24:52.830262500,0.000262500,1
'2026-08-22 08:24:52.830263000,0.000263000,0
'2026-08-22 08:24:52.830263100,0.000263100,1
'2026-08-22 08:24:52.830266600,0.000266600,0
'2026-08-22 08:24:52.830266700,0.000266700,1
'2026-08-22 08:24:52.830293400,0.000293400,0
'2026-08-22 08:24:52.830293500,0.000293500,1
'2026-08-22 08:24:52.830293800,0.000293800,0
'2026-08-22 08:24:52.830293900,0.000293900,1
'2026-08-22 08:24:52.830335200,0.000335200,0
'2026-08-22 08:24:52.830335300,0.000335300,1
'2026-08-22 08:24:52.830449000,0.000449000,0
'2026-08-22 08:24:52.830449100,0.000449100,1
'2026-08-22 08:24:52.834899200,0.004899200,0
'2026-08-22 08:24:52.834899500,0.004899500,1
'2026-08-22 08:24:52.834899600,0.004899600,0
'2026-08-22 08:24:52.834910800,0.004910800,1
'2026-08-22 08:24:52.834925300,0.004925300,0
'2026-08-22 08:24:52.834929300,0.004929300,1
'2026-08-22 08:24:52.834929400,0.004929400,0
'2026-08-22 08:24:52.834933300,0.004933300,1
'2026-08-22 08:24:52.834933400,0.004933400,0
'2026-08-22 08:24:52.834934500,0.004934500,1
'2026-08-22 08:24:52.834934600,0.004934600,0
'2026-08-22 08:24:52.834936900,0.004936900,1
'2026-08-22 08:24:52.834951600,0.004951600,0
'2026-08-22 08:24:52.834951900,0.004951900,1
'2026-08-22 08:24:52.834952100,0.004952100,0
'2026-08-22 08:24:52.834952300,0.004952300,1
'2026-08-22 08:24:52.834952400,0.004952400,0
'2026-08-22 08:24:52.834952600,0.004952600,1
'2026-08-22 08:24:52.834952700,0.004952700,0
'2026-08-22 08:24:52.834952900,0.004952900,1
'2026-08-22 08:24:52.834953000,0.004953000,0
'2026-08-22 08:24:52.834954100,0.004954100,1
'2026-08-22 08:24:52.834954200,0.004954200,0
'2026-08-22 08:24:52.834955500,0.004955500,1
'2026-08-22 08:24:52.834955600,0.004955600,0
'2026-08-22 08:24:52.834956100,0.004956100,1
'2026-08-22 08:24:52.834956200,0.004956200,0
'2026-08-22 08:24:52.834957900,0.004957900,1
'2026-08-22 08:24:52.834958000,0.004958000,0
'2026-08-22 08:24:52.834958100,0.004958100,1
'2026-08-22 08:24:52.834958200,0.004958200,0
'2026-08-22 08:24:52.834958400,0.004958400,1
'2026-08-22 08:24:52.834958500,0.004958500,0
'2026-08-22 08:24:52.834959100,0.004959100,1
'2026-08-22 08:24:52.834959200,0.004959200,0
'2026-08-22 08:24:52.834963000,0.004963000,1
'2026-08-22 08:24:52.834977400,0.004977400,0
'2026-08-22 08:24:52.834977500,0.004977500,1
'2026-08-22 08:24:52.834977600,0.004977600,0
'2026-08-22 08:24:52.834977700,0.004977700,1
'2026-08-22 08:24:52.834977900,0.004977900,0
'2026-08-22 08:24:52.834978300,0.004978300,1
'2026-08-22 08:24:52.834978500,0.004978500,0
'2026-08-22 08:24:52.834978900,0.004978900,1
'2026-08-22 08:24:52.834979000,0.004979000,0
'2026-08-22 08:24:52.834979500,0.004979500,1
'2026-08-22 08:24:52.834979700,0.004979700,0
'2026-08-22 08:24:52.834980100,0.004980100,1
'2026-08-22 08:24:52.834980200,0.004980200,0
'2026-08-22 08:24:52.834980700,0.004980700,1
'2026-08-22 08:24:52.834980800,0.004980800,0
'2026-08-22 08:24:52.834981300,0.004981300,1
'2026-08-22 08:24:52.834981400,0.004981400,0
'2026-08-22 08:24:52.834981500,0.004981500,1
'2026-08-22 08:24:52.834981600,0.004981600,0
'2026-08-22 08:24:52.834982900,0.004982900,1
'2026-08-22 08:24:52.834983200,0.004983200,0
'2026-08-22 08:24:52.834983300,0.004983300,1
'2026-08-22 08:24:52.834983400,0.004983400,0
'2026-08-22 08:24:52.834983500,0.004983500,1
'2026-08-22 08:24:52.834983700,0.004983700,0
'2026-08-22 08:24:52.834983800,0.004983800,1
'2026-08-22 08:24:52.834984000,0.004984000,0
'2026-08-22 08:24:52.834984100,0.004984100,1
'2026-08-22 08:24:52.834984200,0.004984200,0
'2026-08-22 08:24:52.834984300,0.004984300,1
'2026-08-22 08:24:52.834984400,0.004984400,0
'2026-08-22 08:24:52.834984700,0.004984700,1
'2026-08-22 08:24:52.834984800,0.004984800,0
'2026-08-22 08:24:52.834985900,0.004985900,1
'2026-08-22 08:24:52.834986000,0.004986000,0
'2026-08-22 08:24:52.834987100,0.004987100,1
'2026-08-22 08:24:52.834987300,0.004987300,0
'2026-08-22 08:24:52.834987500,0.004987500,1
'2026-08-22 08:24:52.834987600,0.004987600,0
'2026-08-22 08:24:52.834987700,0.004987700,1
'2026-08-22 08:24:52.834987800,0.004987800,0
'2026-08-22 08:24:52.834988200,0.004988200,1
'2026-08-22 08:24:52.834988400,0.004988400,0
'2026-08-22 08:24:52.834988900,0.004988900,1
'2026-08-22 08:24:52.835003800,0.005003800,0
'2026-08-22 08:24:52.835003900,0.005003900,1
'2026-08-22 08:24:52.835004000,0.005004000,0
'2026-08-22 08:24:52.835004400,0.005004400,1
'2026-08-22 08:24:52.835004500,0.005004500,0
'2026-08-22 08:24:52.835004600,0.005004600,1
'2026-08-22 08:24:52.835004800,0.005004800,0
'2026-08-22 08:24:52.835005200,0.005005200,1
'2026-08-22 08:24:52.835005400,0.005005400,0
'2026-08-22 08:24:52.835005800,0.005005800,1
'2026-08-22 08:24:52.835005900,0.005005900,0
'2026-08-22 08:24:52.835006300,0.005006300,1
'2026-08-22 08:24:52.835006600,0.005006600,0
'2026-08-22 08:24:52.835006900,0.005006900,1
'2026-08-22 08:24:52.835007300,0.005007300,0
'2026-08-22 08:24:52.835007400,0.005007400,1
'2026-08-22 08:24:52.835007600,0.005007600,0
'2026-08-22 08:24:52.835008100,0.005008100,1
'2026-08-22 08:24:52.835008200,0.005008200,0
'2026-08-22 08:24:52.835008700,0.005008700,1
'2026-08-22 08:24:52.835008900,0.005008900,0
'2026-08-22 08:24:52.835009300,0.005009300,1
'2026-08-22 08:24:52.835009600,0.005009600,0
'2026-08-22 08:24:52.835009700,0.005009700,1
'2026-08-22 08:24:52.835010000,0.005010000,0
'2026-08-22 08:24:52.835010500,0.005010500,1
'2026-08-22 08:24:52.835010600,0.005010600,0
'2026-08-22 08:24:52.835011100,0.005011100,1
'2026-08-22 08:24:52.835011200,0.005011200,0
'2026-08-22 08:24:52.835012100,0.005012100,1
'2026-08-22 08:24:52.835012300,0.005012300,0
'2026-08-22 08:24:52.835012700,0.005012700,1
'2026-08-22 08:24:52.835013000,0.005013000,0
'2026-08-22 08:24:52.835013300,0.005013300,1
'2026-08-22 08:24:52.835013500,0.005013500,0
'2026-08-22 08:24:52.835013900,0.005013900,1
'2026-08-22 08:24:52.835014300,0.005014300,0
'2026-08-22 08:24:52.835014500,0.005014500,1
'2026-08-22 08:24:52.835015000,0.005015000,0
'2026-08-22 08:24:52.835015100,0.005015100,1
'2026-08-22 08:24:52.835030100,0.005030100,0
'2026-08-22 08:24:52.835030200,0.005030200,1
'2026-08-22 08:24:52.835031000,0.005031000,0
'2026-08-22 08:24:52.835032000,0.005032000,1
'2026-08-22 08:24:52.835032400,0.005032400,0
'2026-08-22 08:24:52.835032600,0.005032600,1
'2026-08-22 08:24:52.835033400,0.005033400,0
'2026-08-22 08:24:52.835033700,0.005033700,1
'2026-08-22 08:24:52.835033900,0.005033900,0
'2026-08-22 08:24:52.835034300,0.005034300,1
'2026-08-22 08:24:52.835034600,0.005034600,0
'2026-08-22 08:24:52.835034900,0.005034900,1
'2026-08-22 08:24:52.835035000,0.005035000,0
'2026-08-22 08:24:52.835035200,0.005035200,1
'2026-08-22 08:24:52.835035300,0.005035300,0
'2026-08-22 08:24:52.835035500,0.005035500,1
'2026-08-22 08:24:52.835035800,0.005035800,0
'2026-08-22 08:24:52.835036100,0.005036100,1
'2026-08-22 08:24:52.835036300,0.005036300,0
'2026-08-22 08:24:52.835036700,0.005036700,1
'2026-08-22 08:24:52.835036900,0.005036900,0
'2026-08-22 08:24:52.835037100,0.005037100,1
'2026-08-22 08:24:52.835037200,0.005037200,0
'2026-08-22 08:24:52.835037300,0.005037300,1
'2026-08-22 08:24:52.835037500,0.005037500,0
'2026-08-22 08:24:52.835037600,0.005037600,1
'2026-08-22 08:24:52.835037800,0.005037800,0
'2026-08-22 08:24:52.835037900,0.005037900,1
'2026-08-22 08:24:52.835038200,0.005038200,0
'2026-08-22 08:24:52.835038500,0.005038500,1
'2026-08-22 08:24:52.835038600,0.005038600,0
'2026-08-22 08:24:52.835038900,0.005038900,1
'2026-08-22 08:24:52.835039000,0.005039000,0
'2026-08-22 08:24:52.835039500,0.005039500,1
'2026-08-22 08:24:52.835039600,0.005039600,0
'2026-08-22 08:24:52.835039700,0.005039700,1
'2026-08-22 08:24:52.835039800,0.005039800,0
'2026-08-22 08:24:52.835040200,0.005040200,1
'2026-08-22 08:24:52.835040300,0.005040300,0
'2026-08-22 08:24:52.835040700,0.005040700,1
'2026-08-22 08:24:52.835041000,0.005041000,0
'2026-08-22 08:24:52.835041200,0.005041200,1
'2026-08-22 08:24:52.835056400,0.005056400,0
'2026-08-22 08:24:52.835056500,0.005056500,1
'2026-08-22 08:24:52.835056700,0.005056700,0
'2026-08-22 08:24:52.835056900,0.005056900,1
'2026-08-22 08:24:52.835057300,0.005057300,0
'2026-08-22 08:24:52.835057700,0.005057700,1
'2026-08-22 08:24:52.835058000,0.005058000,0
'2026-08-22 08:24:52.835058100,0.005058100,1
'2026-08-22 08:24:52.835058500,0.005058500,0
'2026-08-22 08:24:52.835058900,0.005058900,1
'2026-08-22 08:24:52.835059100,0.005059100,0
'2026-08-22 08:24:52.835059200,0.005059200,1
'2026-08-22 08:24:52.835059600,0.005059600,0
'2026-08-22 08:24:52.835059800,0.005059800,1
'2026-08-22 08:24:52.835060400,0.005060400,0
'2026-08-22 08:24:52.835060500,0.005060500,1
'2026-08-22 08:24:52.835060600,0.005060600,0
'2026-08-22 08:24:52.835060700,0.005060700,1
'2026-08-22 08:24:52.835060800,0.005060800,0
'2026-08-22 08:24:52.835061100,0.005061100,1
'2026-08-22 08:24:52.835061300,0.005061300,0
'2026-08-22 08:24:52.835061900,0.005061900,1
'2026-08-22 08:24:52.835062000,0.005062000,0
'2026-08-22 08:24:52.835062100,0.005062100,1
'2026-08-22 08:24:52.835062600,0.005062600,0
'2026-08-22 08:24:52.835062900,0.005062900,1
'2026-08-22 08:24:52.835063200,0.005063200,0
'2026-08-22 08:24:52.835063300,0.005063300,1
'2026-08-22 08:24:52.835063900,0.005063900,0
'2026-08-22 08:24:52.835064100,0.005064100,1
'2026-08-22 08:24:52.835064400,0.005064400,0
'2026-08-22 08:24:52.835064500,0.005064500,1
'2026-08-22 08:24:52.835065000,0.005065000,0
'2026-08-22 08:24:52.835065200,0.005065200,1
'2026-08-22 08:24:52.835066100,0.005066100,0
'2026-08-22 08:24:52.835066300,0.005066300,1
'2026-08-22 08:24:52.835066400,0.005066400,0
'2026-08-22 08:24:52.835066500,0.005066500,1
'2026-08-22 08:24:52.835066600,0.005066600,0
'2026-08-22 08:24:52.835067000,0.005067000,1
'2026-08-22 08:24:52.835086200,0.005086200,0
'2026-08-22 08:24:52.835086300,0.005086300,1
'2026-08-22 08:24:52.835086500,0.005086500,0
'2026-08-22 08:24:52.835086600,0.005086600,1
'2026-08-22 08:24:52.835087200,0.005087200,0
'2026-08-22 08:24:52.835087300,0.005087300,1
'2026-08-22 08:24:52.835088200,0.005088200,0
'2026-08-22 08:24:52.835088800,0.005088800,1
'2026-08-22 08:24:52.835089000,0.005089000,0
'2026-08-22 08:24:52.835089100,0.005089100,1
'2026-08-22 08:24:52.835089400,0.005089400,0
'2026-08-22 08:24:52.835089500,0.005089500,1
'2026-08-22 08:24:52.835089600,0.005089600,0
'2026-08-22 08:24:52.835089700,0.005089700,1
'2026-08-22 08:24:52.835090000,0.005090000,0
'2026-08-22 08:24:52.835090100,0.005090100,1
'2026-08-22 08:24:52.835090200,0.005090200,0
'2026-08-22 08:24:52.835090300,0.005090300,1
'2026-08-22 08:24:52.835090800,0.005090800,0
'2026-08-22 08:24:52.835091000,0.005091000,1
'2026-08-22 08:24:52.835091400,0.005091400,0
'2026-08-22 08:24:52.835091500,0.005091500,1
'2026-08-22 08:24:52.835091800,0.005091800,0
'2026-08-22 08:24:52.835091900,0.005091900,1
'2026-08-22 08:24:52.835092000,0.005092000,0
'2026-08-22 08:24:52.835092100,0.005092100,1
'2026-08-22 08:24:52.835092300,0.005092300,0
'2026-08-22 08:24:52.835092500,0.005092500,1
'2026-08-22 08:24:52.835108800,0.005108800,0
'2026-08-22 08:24:52.835109000,0.005109000,1
'2026-08-22 08:24:52.835109900,0.005109900,0
'2026-08-22 08:24:52.835110200,0.005110200,1
'2026-08-22 08:24:52.835110400,0.005110400,0
'2026-08-22 08:24:52.835110500,0.005110500,1
'2026-08-22 08:24:52.835110800,0.005110800,0
'2026-08-22 08:24:52.835110900,0.005110900,1
'2026-08-22 08:24:52.835111200,0.005111200,0
'2026-08-22 08:24:52.835111400,0.005111400,1
'2026-08-22 08:24:52.835111800,0.005111800,0
'2026-08-22 08:24:52.835111900,0.005111900,1
'2026-08-22 08:24:52.835112200,0.005112200,0
'2026-08-22 08:24:52.835112400,0.005112400,1
'2026-08-22 08:24:52.835112500,0.005112500,0
'2026-08-22 08:24:52.835112600,0.005112600,1
'2026-08-22 08:24:52.835116400,0.005116400,0
'2026-08-22 08:24:52.835116500,0.005116500,1
'2026-08-22 08:24:52.835117200,0.005117200,0
'2026-08-22 08:24:52.835117300,0.005117300,1
'2026-08-22 08:24:52.835118000,0.005118000,0
'2026-08-22 08:24:52.835118100,0.005118100,1
'2026-08-22 08:24:52.835118800,0.005118800,0
'2026-08-22 08:24:52.835118900,0.005118900,1
'2026-08-22 08:24:52.835137900,0.005137900,0
'2026-08-22 08:24:52.835138000,0.005138000,1
'2026-08-22 08:24:52.835138800,0.005138800,0
'2026-08-22 08:24:52.835138900,0.005138900,1
'2026-08-22 08:24:52.835139300,0.005139300,0
'2026-08-22 08:24:52.835139500,0.005139500,1
'2026-08-22 08:24:52.835139600,0.005139600,0
'2026-08-22 08:24:52.835140000,0.005140000,1
'2026-08-22 08:24:52.835140400,0.005140400,0
'2026-08-22 08:24:52.835140500,0.005140500,1
'2026-08-22 08:24:52.835140800,0.005140800,0
'2026-08-22 08:24:52.835140900,0.005140900,1
'2026-08-22 08:24:52.835141000,0.005141000,0
'2026-08-22 08:24:52.835141100,0.005141100,1
'2026-08-22 08:24:52.835141700,0.005141700,0
'2026-08-22 08:24:52.835141800,0.005141800,1
'2026-08-22 08:24:52.835142200,0.005142200,0
'2026-08-22 08:24:52.835142400,0.005142400,1
'2026-08-22 08:24:52.835145000,0.005145000,0
'2026-08-22 08:24:52.835145100,0.005145100,1
'2026-08-22 08:24:52.835163000,0.005163000,0
'2026-08-22 08:24:52.835163100,0.005163100,1
'2026-08-22 08:24:52.835166100,0.005166100,0
'2026-08-22 08:24:52.835166200,0.005166200,1
'2026-08-22 08:24:52.835167300,0.005167300,0
'2026-08-22 08:24:52.835167400,0.005167400,1
'2026-08-22 08:24:52.835171300,0.005171300,0
'2026-08-22 08:24:52.835171400,0.005171400,1
'2026-08-22 08:24:52.835186700,0.005186700,0
'2026-08-22 08:24:52.835186800,0.005186800,1
'2026-08-22 08:24:52.835191500,0.005191500,0
'2026-08-22 08:24:52.835191600,0.005191600,1
'2026-08-22 08:24:52.835192400,0.005192400,0
'2026-08-22 08:24:52.835192500,0.005192500,1
'2026-08-22 08:24:52.835216800,0.005216800,0
'2026-08-22 08:24:52.835216900,0.005216900,1
'2026-08-22 08:24:52.835219800,0.005219800,0
'2026-08-22 08:24:52.835219900,0.005219900,1
'2026-08-22 08:24:52.835220400,0.005220400,0
'2026-08-22 08:24:52.835220500,0.005220500,1
'2026-08-22 08:24:52.835221000,0.005221000,0
'2026-08-22 08:24:52.835221100,0.005221100,1
'2026-08-22 08:24:52.835269600,0.005269600,0
'2026-08-22 08:24:52.835269700,0.005269700,1
'2026-08-22 08:24:52.835293400,0.005293400,0
'2026-08-22 08:24:52.835293500,0.005293500,1
'2026-08-22 08:24:52.835718000,0.005718000,0
'2026-08-22 08:24:52.835718100,0.005718100,1
'2026-08-22 08:24:52.835718200,0.005718200,0
'2026-08-22 08:24:52.835718300,0.005718300,1
'2026-08-22 08:24:52.835718400,0.005718400,0
'2026-08-22 08:24:52.835718900,0.005718900,1
'2026-08-22 08:24:52.835733800,0.005733800,0
'2026-08-22 08:24:52.835734100,0.005734100,1
'2026-08-22 08:24:52.835734200,0.005734200,0
'2026-08-22 08:24:52.835734300,0.005734300,1
'2026-08-22 08:24:52.835734400,0.005734400,0
'2026-08-22 08:24:52.835734500,0.005734500,1
'2026-08-22 08:24:52.835735000,0.005735000,0
'2026-08-22 08:24:52.835735100,0.005735100,1
'2026-08-22 08:24:52.835735400,0.005735400,0
'2026-08-22 08:24:52.835735500,0.005735500,1
'2026-08-22 08:24:52.835737400,0.005737400,0
'2026-08-22 08:24:52.835737500,0.005737500,1
'2026-08-22 08:24:52.835737700,0.005737700,0
'2026-08-22 08:24:52.835738100,0.005738100,1
'2026-08-22 08:24:52.835738200,0.005738200,0
'2026-08-22 08:24:52.835738700,0.005738700,1
'2026-08-22 08:24:52.835738900,0.005738900,0
'2026-08-22 08:24:52.835739300,0.005739300,1
'2026-08-22 08:24:52.835739400,0.005739400,0
'2026-08-22 08:24:52.835739900,0.005739900,1
'2026-08-22 08:24:52.835740100,0.005740100,0
'2026-08-22 08:24:52.835741100,0.005741100,1
'2026-08-22 08:24:52.835741200,0.005741200,0
'2026-08-22 08:24:52.835743300,0.005743300,1
'2026-08-22 08:24:52.835743700,0.005743700,0
'2026-08-22 08:24:52.835744000,0.005744000,1
'2026-08-22 08:24:52.835744200,0.005744200,0
'2026-08-22 08:24:52.835744300,0.005744300,1
'2026-08-22 08:24:52.835744500,0.005744500,0
'2026-08-22 08:24:52.835744900,0.005744900,1
'2026-08-22 08:24:52.835745000,0.005745000,0
'2026-08-22 08:24:52.835745100,0.005745100,1
'2026-08-22 08:24:52.835760200,0.005760200,0
'2026-08-22 08:24:52.835760300,0.005760300,1
'2026-08-22 08:24:52.835760400,0.005760400,0
'2026-08-22 08:24:52.835761500,0.005761500,1
'2026-08-22 08:24:52.835761600,0.005761600,0
'2026-08-22 08:24:52.835762700,0.005762700,1
'2026-08-22 08:24:52.835762800,0.005762800,0
'2026-08-22 08:24:52.835763100,0.005763100,1
'2026-08-22 08:24:52.835763400,0.005763400,0
'2026-08-22 08:24:52.835763700,0.005763700,1
'2026-08-22 08:24:52.835764000,0.005764000,0
'2026-08-22 08:24:52.835764100,0.005764100,1
'2026-08-22 08:24:52.835764200,0.005764200,0
'2026-08-22 08:24:52.835764400,0.005764400,1
'2026-08-22 08:24:52.835764500,0.005764500,0
'2026-08-22 08:24:52.835764900,0.005764900,1
'2026-08-22 08:24:52.835765200,0.005765200,0
'2026-08-22 08:24:52.835765300,0.005765300,1
'2026-08-22 08:24:52.835765900,0.005765900,0
'2026-08-22 08:24:52.835766000,0.005766000,1
'2026-08-22 08:24:52.835768000,0.005768000,0
'2026-08-22 08:24:52.835768200,0.005768200,1
'2026-08-22 08:24:52.835768300,0.005768300,0
'2026-08-22 08:24:52.835768500,0.005768500,1
'2026-08-22 08:24:52.835768600,0.005768600,0
'2026-08-22 08:24:52.835768800,0.005768800,1
'2026-08-22 08:24:52.835769400,0.005769400,0
'2026-08-22 08:24:52.835769700,0.005769700,1
'2026-08-22 08:24:52.835769800,0.005769800,0
'2026-08-22 08:24:52.835769900,0.005769900,1
'2026-08-22 08:24:52.835770400,0.005770400,0
'2026-08-22 08:24:52.835770800,0.005770800,1
'2026-08-22 08:24:52.835771000,0.005771000,0
'2026-08-22 08:24:52.835771100,0.005771100,1
'2026-08-22 08:24:52.835791000,0.005791000,0
'2026-08-22 08:24:52.835791300,0.005791300,1
'2026-08-22 08:24:52.835791400,0.005791400,0
'2026-08-22 08:24:52.835791900,0.005791900,1
'2026-08-22 08:24:52.835792000,0.005792000,0
'2026-08-22 08:24:52.835792400,0.005792400,1
'2026-08-22 08:24:52.835792500,0.005792500,0
'2026-08-22 08:24:52.835793000,0.005793000,1
'2026-08-22 08:24:52.835793100,0.005793100,0
'2026-08-22 08:24:52.835793500,0.005793500,1
'2026-08-22 08:24:52.835793800,0.005793800,0
'2026-08-22 08:24:52.835793900,0.005793900,1
'2026-08-22 08:24:52.835794400,0.005794400,0
'2026-08-22 08:24:52.835794500,0.005794500,1
'2026-08-22 08:24:52.835794600,0.005794600,0
'2026-08-22 08:24:52.835794700,0.005794700,1
'2026-08-22 08:24:52.835814200,0.005814200,0
'2026-08-22 08:24:52.835814400,0.005814400,1
'2026-08-22 08:24:52.835814800,0.005814800,0
'2026-08-22 08:24:52.835815200,0.005815200,1
'2026-08-22 08:24:52.835815300,0.005815300,0
'2026-08-22 08:24:52.835815400,0.005815400,1
'2026-08-22 08:24:52.835816200,0.005816200,0
'2026-08-22 08:24:52.835816300,0.005816300,1
'2026-08-22 08:24:52.835816700,0.005816700,0
'2026-08-22 08:24:52.835816900,0.005816900,1
'2026-08-22 08:24:52.835817200,0.005817200,0
'2026-08-22 08:24:52.835817300,0.005817300,1
'2026-08-22 08:24:52.835822000,0.005822000,0
'2026-08-22 08:24:52.835822100,0.005822100,1
'2026-08-22 08:24:52.835822400,0.005822400,0
'2026-08-22 08:24:52.835822500,0.005822500,1
'2026-08-22 08:24:52.835822900,0.005822900,0
'2026-08-22 08:24:52.835823300,0.005823300,1
'2026-08-22 08:24:52.835840500,0.005840500,0
'2026-08-22 08:24:52.835840700,0.005840700,1
'2026-08-22 08:24:52.835842200,0.005842200,0
'2026-08-22 08:24:52.835842300,0.005842300,1
'2026-08-22 08:24:52.835842800,0.005842800,0
'2026-08-22 08:24:52.835843100,0.005843100,1
'2026-08-22 08:24:52.835844600,0.005844600,0
'2026-08-22 08:24:52.835844900,0.005844900,1
'2026-08-22 08:24:52.835846900,0.005846900,0
'2026-08-22 08:24:52.835847200,0.005847200,1
'2026-08-22 08:24:52.835847400,0.005847400,0
'2026-08-22 08:24:52.835847500,0.005847500,1
'2026-08-22 08:24:52.835864700,0.005864700,0
'2026-08-22 08:24:52.835864800,0.005864800,1
'2026-08-22 08:24:52.835867000,0.005867000,0
'2026-08-22 08:24:52.835867100,0.005867100,1
'2026-08-22 08:24:52.835872800,0.005872800,0
'2026-08-22 08:24:52.835872900,0.005872900,1
'2026-08-22 08:24:52.835896700,0.005896700,0
'2026-08-22 08:24:52.835896800,0.005896800,1
'2026-08-22 08:24:52.835901400,0.005901400,0
'2026-08-22 08:24:52.835901500,0.005901500,1
'2026-08-22 08:24:52.835924200,0.005924200,0
'2026-08-22 08:24:52.835924300,0.005924300,1
'2026-08-22 08:24:52.835945800,0.005945800,0
'2026-08-22 08:24:52.835945900,0.005945900,1
'2026-08-22 08:24:52.835998700,0.005998700,0
'2026-08-22 08:24:52.835998800,0.005998800,1
'2026-08-22 08:24:52.836075800,0.006075800,0
'2026-08-22 08:24:52.836075900,0.006075900,1
'2026-08-22 08:24:52.836542000,0.006542000,0
'2026-08-22 08:24:52.836542100,0.006542100,1
'2026-08-22 08:24:52.836543600,0.006543600,0
'2026-08-22 08:24:52.836543700,0.006543700,1
'2026-08-22 08:24:52.836544100,0.006544100,0
'2026-08-22 08:24:52.836544300,0.006544300,1
'2026-08-22 08:24:52.836544400,0.006544400,0
'2026-08-22 08:24:52.836544500,0.006544500,1
'2026-08-22 08:24:52.836544900,0.006544900,0
'2026-08-22 08:24:52.836545000,0.006545000,1
'2026-08-22 08:24:52.836545400,0.006545400,0
'2026-08-22 08:24:52.836545500,0.006545500,1
'2026-08-22 08:24:52.836546000,0.006546000,0
'2026-08-22 08:24:52.836546300,0.006546300,1
'2026-08-22 08:24:52.836546400,0.006546400,0
'2026-08-22 08:24:52.836547100,0.006547100,1
'2026-08-22 08:24:52.836547200,0.006547200,0
'2026-08-22 08:24:52.836547500,0.006547500,1
'2026-08-22 08:24:52.836547600,0.006547600,0
'2026-08-22 08:24:52.836548700,0.006548700,1
'2026-08-22 08:24:52.836548800,0.006548800,0
'2026-08-22 08:24:52.836549800,0.006549800,1
'2026-08-22 08:24:52.836550000,0.006550000,0
'2026-08-22 08:24:52.836550300,0.006550300,1
'2026-08-22 08:24:52.836550400,0.006550400,0
'2026-08-22 08:24:52.836550500,0.006550500,1
'2026-08-22 08:24:52.836550600,0.006550600,0
'2026-08-22 08:24:52.836551000,0.006551000,1
'2026-08-22 08:24:52.836551400,0.006551400,0
'2026-08-22 08:24:52.836551500,0.006551500,1
'2026-08-22 08:24:52.836552000,0.006552000,0
'2026-08-22 08:24:52.836552100,0.006552100,1
'2026-08-22 08:24:52.836567700,0.006567700,0
'2026-08-22 08:24:52.836567900,0.006567900,1
'2026-08-22 08:24:52.836568100,0.006568100,0
'2026-08-22 08:24:52.836568500,0.006568500,1
'2026-08-22 08:24:52.836568800,0.006568800,0
'2026-08-22 08:24:52.836569100,0.006569100,1
'2026-08-22 08:24:52.836569200,0.006569200,0
'2026-08-22 08:24:52.836569700,0.006569700,1
'2026-08-22 08:24:52.836569900,0.006569900,0
'2026-08-22 08:24:52.836570300,0.006570300,1
'2026-08-22 08:24:52.836570400,0.006570400,0
'2026-08-22 08:24:52.836570700,0.006570700,1
'2026-08-22 08:24:52.836571000,0.006571000,0
'2026-08-22 08:24:52.836571400,0.006571400,1
'2026-08-22 08:24:52.836575400,0.006575400,0
'2026-08-22 08:24:52.836575500,0.006575500,1
'2026-08-22 08:24:52.836575600,0.006575600,0
'2026-08-22 08:24:52.836575700,0.006575700,1
'2026-08-22 08:24:52.836577000,0.006577000,0
'2026-08-22 08:24:52.836577100,0.006577100,1
'2026-08-22 08:24:52.836577200,0.006577200,0
'2026-08-22 08:24:52.836577300,0.006577300,1
'2026-08-22 08:24:52.836577400,0.006577400,0
'2026-08-22 08:24:52.836577900,0.006577900,1
'2026-08-22 08:24:52.836578000,0.006578000,0
'2026-08-22 08:24:52.836578400,0.006578400,1
'2026-08-22 08:24:52.836578600,0.006578600,0
'2026-08-22 08:24:52.836579100,0.006579100,1
'2026-08-22 08:24:52.836579200,0.006579200,0
'2026-08-22 08:24:52.836579300,0.006579300,1
'2026-08-22 08:24:52.836597400,0.006597400,0
'2026-08-22 08:24:52.836597600,0.006597600,1
'2026-08-22 08:24:52.836597900,0.006597900,0
'2026-08-22 08:24:52.836598200,0.006598200,1
'2026-08-22 08:24:52.836598400,0.006598400,0
'2026-08-22 08:24:52.836599400,0.006599400,1
'2026-08-22 08:24:52.836599600,0.006599600,0
'2026-08-22 08:24:52.836599700,0.006599700,1
'2026-08-22 08:24:52.836599800,0.006599800,0
'2026-08-22 08:24:52.836599900,0.006599900,1
'2026-08-22 08:24:52.836600200,0.006600200,0
'2026-08-22 08:24:52.836600300,0.006600300,1
'2026-08-22 08:24:52.836600400,0.006600400,0
'2026-08-22 08:24:52.836600500,0.006600500,1
'2026-08-22 08:24:52.836600800,0.006600800,0
'2026-08-22 08:24:52.836601100,0.006601100,1
'2026-08-22 08:24:52.836601300,0.006601300,0
'2026-08-22 08:24:52.836601400,0.006601400,1
'2026-08-22 08:24:52.836602100,0.006602100,0
'2026-08-22 08:24:52.836602200,0.006602200,1
'2026-08-22 08:24:52.836620800,0.006620800,0
'2026-08-22 08:24:52.836620900,0.006620900,1
'2026-08-22 08:24:52.836627900,0.006627900,0
'2026-08-22 08:24:52.836628000,0.006628000,1
'2026-08-22 08:24:52.836628200,0.006628200,0
'2026-08-22 08:24:52.836628500,0.006628500,1
'2026-08-22 08:24:52.836628700,0.006628700,0
'2026-08-22 08:24:52.836628900,0.006628900,1
'2026-08-22 08:24:52.836629500,0.006629500,0
'2026-08-22 08:24:52.836629900,0.006629900,1
'2026-08-22 08:24:52.836630000,0.006630000,0
'2026-08-22 08:24:52.836630100,0.006630100,1
'2026-08-22 08:24:52.836630200,0.006630200,0
'2026-08-22 08:24:52.836630300,0.006630300,1
'2026-08-22 08:24:52.836649200,0.006649200,0
'2026-08-22 08:24:52.836649300,0.006649300,1
'2026-08-22 08:24:52.836650200,0.006650200,0
'2026-08-22 08:24:52.836650300,0.006650300,1
'2026-08-22 08:24:52.836650400,0.006650400,0
'2026-08-22 08:24:52.836650500,0.006650500,1
'2026-08-22 08:24:52.836650700,0.006650700,0
'2026-08-22 08:24:52.836650800,0.006650800,1
'2026-08-22 08:24:52.836650900,0.006650900,0
'2026-08-22 08:24:52.836651100,0.006651100,1
'2026-08-22 08:24:52.836677600,0.006677600,0
'2026-08-22 08:24:52.836677700,0.006677700,1
'2026-08-22 08:24:52.836679800,0.006679800,0
'2026-08-22 08:24:52.836680000,0.006680000,1
'2026-08-22 08:24:52.836680200,0.006680200,0
'2026-08-22 08:24:52.836680300,0.006680300,1
'2026-08-22 08:24:52.836699200,0.006699200,0
'2026-08-22 08:24:52.836699300,0.006699300,1
'2026-08-22 08:24:52.836708500,0.006708500,0
'2026-08-22 08:24:52.836708600,0.006708600,1
'2026-08-22 08:24:52.836728300,0.006728300,0
'2026-08-22 08:24:52.836728400,0.006728400,1
'2026-08-22 08:24:52.836729400,0.006729400,0
'2026-08-22 08:24:52.836729600,0.006729600,1
'2026-08-22 08:24:52.836759600,0.006759600,0
'2026-08-22 08:24:52.836759700,0.006759700,1
'2026-08-22 08:24:52.836759800,0.006759800,0
'2026-08-22 08:24:52.836760000,0.006760000,1
'2026-08-22 08:24:52.836760200,0.006760200,0
'2026-08-22 08:24:52.836760300,0.006760300,1
'2026-08-22 08:24:52.836760400,0.006760400,0
'2026-08-22 08:24:52.836760500,0.006760500,1
'2026-08-22 08:24:52.836779700,0.006779700,0
'2026-08-22 08:24:52.836779800,0.006779800,1
'2026-08-22 08:24:52.838162000,0.008162000,0
'2026-08-22 08:24:52.838169400,0.008169400,1
'2026-08-22 08:24:52.838184200,0.008184200,0
'2026-08-22 08:24:52.838185200,0.008185200,1
'2026-08-22 08:24:52.838185300,0.008185300,0
'2026-08-22 08:24:52.838187600,0.008187600,1
'2026-08-22 08:24:52.838187700,0.008187700,0
'2026-08-22 08:24:52.838191100,0.008191100,1
'2026-08-22 08:24:52.838191200,0.008191200,0
'2026-08-22 08:24:52.838191700,0.008191700,1
'2026-08-22 08:24:52.838191800,0.008191800,0
'2026-08-22 08:24:52.838195300,0.008195300,1
'2026-08-22 08:24:52.838195400,0.008195400,0
'2026-08-22 08:24:52.838195500,0.008195500,1
'2026-08-22 08:24:52.838210000,0.008210000,0
'2026-08-22 08:24:52.838210100,0.008210100,1
'2026-08-22 08:24:52.838210200,0.008210200,0
'2026-08-22 08:24:52.838211100,0.008211100,1
'2026-08-22 08:24:52.838211200,0.008211200,0
'2026-08-22 08:24:52.838211400,0.008211400,1
'2026-08-22 08:24:52.838211600,0.008211600,0
'2026-08-22 08:24:52.838211900,0.008211900,1
'2026-08-22 08:24:52.838212000,0.008212000,0
'2026-08-22 08:24:52.838212100,0.008212100,1
'2026-08-22 08:24:52.838212200,0.008212200,0
'2026-08-22 08:24:52.838213300,0.008213300,1
'2026-08-22 08:24:52.838213400,0.008213400,0
'2026-08-22 08:24:52.838213800,0.008213800,1
'2026-08-22 08:24:52.838213900,0.008213900,0
'2026-08-22 08:24:52.838214500,0.008214500,1
'2026-08-22 08:24:52.838214600,0.008214600,0
'2026-08-22 08:24:52.838214700,0.008214700,1
'2026-08-22 08:24:52.838214800,0.008214800,0
'2026-08-22 08:24:52.838214900,0.008214900,1
'2026-08-22 08:24:52.838215200,0.008215200,0
'2026-08-22 08:24:52.838215600,0.008215600,1
'2026-08-22 08:24:52.838215700,0.008215700,0
'2026-08-22 08:24:52.838216100,0.008216100,1
'2026-08-22 08:24:52.838216200,0.008216200,0
'2026-08-22 08:24:52.838217000,0.008217000,1
'2026-08-22 08:24:52.838217100,0.008217100,0
'2026-08-22 08:24:52.838221400,0.008221400,1
'2026-08-22 08:24:52.838236200,0.008236200,0
'2026-08-22 08:24:52.838236300,0.008236300,1
'2026-08-22 08:24:52.838236400,0.008236400,0
'2026-08-22 08:24:52.838236600,0.008236600,1
'2026-08-22 08:24:52.838236800,0.008236800,0
'2026-08-22 08:24:52.838237300,0.008237300,1
'2026-08-22 08:24:52.838237400,0.008237400,0
'2026-08-22 08:24:52.838237500,0.008237500,1
'2026-08-22 08:24:52.838237600,0.008237600,0
'2026-08-22 08:24:52.838237700,0.008237700,1
'2026-08-22 08:24:52.838238100,0.008238100,0
'2026-08-22 08:24:52.838238400,0.008238400,1
'2026-08-22 08:24:52.838238600,0.008238600,0
'2026-08-22 08:24:52.838238900,0.008238900,1
'2026-08-22 08:24:52.838239100,0.008239100,0
'2026-08-22 08:24:52.838239500,0.008239500,1
'2026-08-22 08:24:52.838239700,0.008239700,0
'2026-08-22 08:24:52.838241300,0.008241300,1
'2026-08-22 08:24:52.838241400,0.008241400,0
'2026-08-22 08:24:52.838241900,0.008241900,1
'2026-08-22 08:24:52.838242000,0.008242000,0
'2026-08-22 08:24:52.838244300,0.008244300,1
'2026-08-22 08:24:52.838244400,0.008244400,0
'2026-08-22 08:24:52.838246000,0.008246000,1
'2026-08-22 08:24:52.838246100,0.008246100,0
'2026-08-22 08:24:52.838246600,0.008246600,1
'2026-08-22 08:24:52.838246700,0.008246700,0
'2026-08-22 08:24:52.838247100,0.008247100,1
'2026-08-22 08:24:52.838247200,0.008247200,0
'2026-08-22 08:24:52.838247600,0.008247600,1
'2026-08-22 08:24:52.838263100,0.008263100,0
'2026-08-22 08:24:52.838263200,0.008263200,1
'2026-08-22 08:24:52.838263500,0.008263500,0
'2026-08-22 08:24:52.838263600,0.008263600,1
'2026-08-22 08:24:52.838263700,0.008263700,0
'2026-08-22 08:24:52.838264100,0.008264100,1
'2026-08-22 08:24:52.838264200,0.008264200,0
'2026-08-22 08:24:52.838264400,0.008264400,1
'2026-08-22 08:24:52.838264500,0.008264500,0
'2026-08-22 08:24:52.838264700,0.008264700,1
'2026-08-22 08:24:52.838264900,0.008264900,0
'2026-08-22 08:24:52.838265600,0.008265600,1
'2026-08-22 08:24:52.838265700,0.008265700,0
'2026-08-22 08:24:52.838266700,0.008266700,1
'2026-08-22 08:24:52.838266800,0.008266800,0
'2026-08-22 08:24:52.838267000,0.008267000,1
'2026-08-22 08:24:52.838267200,0.008267200,0
'2026-08-22 08:24:52.838267600,0.008267600,1
'2026-08-22 08:24:52.838267700,0.008267700,0
'2026-08-22 08:24:52.838268800,0.008268800,1
'2026-08-22 08:24:52.838269000,0.008269000,0
'2026-08-22 08:24:52.838269400,0.008269400,1
'2026-08-22 08:24:52.838269500,0.008269500,0
'2026-08-22 08:24:52.838269900,0.008269900,1
'2026-08-22 08:24:52.838271800,0.008271800,0
'2026-08-22 08:24:52.838271900,0.008271900,1
'2026-08-22 08:24:52.838272000,0.008272000,0
'2026-08-22 08:24:52.838272300,0.008272300,1
'2026-08-22 08:24:52.838272600,0.008272600,0
'2026-08-22 08:24:52.838272800,0.008272800,1
'2026-08-22 08:24:52.838273000,0.008273000,0
'2026-08-22 08:24:52.838273200,0.008273200,1
'2026-08-22 08:24:52.838273400,0.008273400,0
'2026-08-22 08:24:52.838273500,0.008273500,1
'2026-08-22 08:24:52.838288200,0.008288200,0
'2026-08-22 08:24:52.838288300,0.008288300,1
'2026-08-22 08:24:52.838288400,0.008288400,0
'2026-08-22 08:24:52.838288600,0.008288600,1
'2026-08-22 08:24:52.838288800,0.008288800,0
'2026-08-22 08:24:52.838288900,0.008288900,1
'2026-08-22 08:24:52.838289000,0.008289000,0
'2026-08-22 08:24:52.838289100,0.008289100,1
'2026-08-22 08:24:52.838289600,0.008289600,0
'2026-08-22 08:24:52.838289700,0.008289700,1
'2026-08-22 08:24:52.838290700,0.008290700,0
'2026-08-22 08:24:52.838290800,0.008290800,1
'2026-08-22 08:24:52.838292300,0.008292300,0
'2026-08-22 08:24:52.838292500,0.008292500,1
'2026-08-22 08:24:52.838294800,0.008294800,0
'2026-08-22 08:24:52.838294900,0.008294900,1
'2026-08-22 08:24:52.838295200,0.008295200,0
'2026-08-22 08:24:52.838295300,0.008295300,1
'2026-08-22 08:24:52.838295500,0.008295500,0
'2026-08-22 08:24:52.838295600,0.008295600,1
'2026-08-22 08:24:52.838295900,0.008295900,0
'2026-08-22 08:24:52.838296200,0.008296200,1
'2026-08-22 08:24:52.838296300,0.008296300,0
'2026-08-22 08:24:52.838298000,0.008298000,1
'2026-08-22 08:24:52.838298200,0.008298200,0
'2026-08-22 08:24:52.838299300,0.008299300,1
'2026-08-22 08:24:52.838299400,0.008299400,0
'2026-08-22 08:24:52.838299700,0.008299700,1
'2026-08-22 08:24:52.838314700,0.008314700,0
'2026-08-22 08:24:52.838314800,0.008314800,1
'2026-08-22 08:24:52.838315800,0.008315800,0
'2026-08-22 08:24:52.838315900,0.008315900,1
'2026-08-22 08:24:52.838316800,0.008316800,0
'2026-08-22 08:24:52.838316900,0.008316900,1
'2026-08-22 08:24:52.838317000,0.008317000,0
'2026-08-22 08:24:52.838317300,0.008317300,1
'2026-08-22 08:24:52.838317400,0.008317400,0
'2026-08-22 08:24:52.838317700,0.008317700,1
'2026-08-22 08:24:52.838317800,0.008317800,0
'2026-08-22 08:24:52.838318500,0.008318500,1
'2026-08-22 08:24:52.838318600,0.008318600,0
'2026-08-22 08:24:52.838319000,0.008319000,1
'2026-08-22 08:24:52.838319100,0.008319100,0
'2026-08-22 08:24:52.838319600,0.008319600,1
'2026-08-22 08:24:52.838319800,0.008319800,0
'2026-08-22 08:24:52.838320200,0.008320200,1
'2026-08-22 08:24:52.838320300,0.008320300,0
'2026-08-22 08:24:52.838320500,0.008320500,1
'2026-08-22 08:24:52.838320600,0.008320600,0
'2026-08-22 08:24:52.838320700,0.008320700,1
'2026-08-22 08:24:52.838321200,0.008321200,0
'2026-08-22 08:24:52.838321300,0.008321300,1
'2026-08-22 08:24:52.838321600,0.008321600,0
'2026-08-22 08:24:52.838321800,0.008321800,1
'2026-08-22 08:24:52.838322100,0.008322100,0
'2026-08-22 08:24:52.838322400,0.008322400,1
'2026-08-22 08:24:52.838322700,0.008322700,0
'2026-08-22 08:24:52.838322800,0.008322800,1
'2026-08-22 08:24:52.838324700,0.008324700,0
'2026-08-22 08:24:52.838324800,0.008324800,1
'2026-08-22 08:24:52.838325600,0.008325600,0
'2026-08-22 08:24:52.838325700,0.008325700,1
'2026-08-22 08:24:52.838340700,0.008340700,0
'2026-08-22 08:24:52.838340800,0.008340800,1
'2026-08-22 08:24:52.838340900,0.008340900,0
'2026-08-22 08:24:52.838341000,0.008341000,1
'2026-08-22 08:24:52.838341100,0.008341100,0
'2026-08-22 08:24:52.838341300,0.008341300,1
'2026-08-22 08:24:52.838341500,0.008341500,0
'2026-08-22 08:24:52.838341600,0.008341600,1
'2026-08-22 08:24:52.838346600,0.008346600,0
'2026-08-22 08:24:52.838346800,0.008346800,1
'2026-08-22 08:24:52.838346900,0.008346900,0
'2026-08-22 08:24:52.838347000,0.008347000,1
'2026-08-22 08:24:52.838347700,0.008347700,0
'2026-08-22 08:24:52.838347900,0.008347900,1
'2026-08-22 08:24:52.838348000,0.008348000,0
'2026-08-22 08:24:52.838348800,0.008348800,1
'2026-08-22 08:24:52.838349000,0.008349000,0
'2026-08-22 08:24:52.838349300,0.008349300,1
'2026-08-22 08:24:52.838349500,0.008349500,0
'2026-08-22 08:24:52.838349900,0.008349900,1
'2026-08-22 08:24:52.838350600,0.008350600,0
'2026-08-22 08:24:52.838350800,0.008350800,1
'2026-08-22 08:24:52.838350900,0.008350900,0
'2026-08-22 08:24:52.838351000,0.008351000,1
'2026-08-22 08:24:52.838369000,0.008369000,0
'2026-08-22 08:24:52.838369100,0.008369100,1
'2026-08-22 08:24:52.838369400,0.008369400,0
'2026-08-22 08:24:52.838369700,0.008369700,1
'2026-08-22 08:24:52.838370600,0.008370600,0
'2026-08-22 08:24:52.838370800,0.008370800,1
'2026-08-22 08:24:52.838394500,0.008394500,0
'2026-08-22 08:24:52.838394600,0.008394600,1
'2026-08-22 08:24:52.838399200,0.008399200,0
'2026-08-22 08:24:52.838399300,0.008399300,1
'2026-08-22 08:24:52.838400500,0.008400500,0
'2026-08-22 08:24:52.838400600,0.008400600,1
'2026-08-22 08:24:52.838402300,0.008402300,0
'2026-08-22 08:24:52.838402500,0.008402500,1
'2026-08-22 08:24:52.838403300,0.008403300,0
'2026-08-22 08:24:52.838403400,0.008403400,1
'2026-08-22 08:24:52.838420800,0.008420800,0
'2026-08-22 08:24:52.838420900,0.008420900,1
'2026-08-22 08:24:52.838421000,0.008421000,0
'2026-08-22 08:24:52.838421100,0.008421100,1
'2026-08-22 08:24:52.838421400,0.008421400,0
'2026-08-22 08:24:52.838421500,0.008421500,1
'2026-08-22 08:24:52.838423300,0.008423300,0
'2026-08-22 08:24:52.838423400,0.008423400,1
'2026-08-22 08:24:52.838448100,0.008448100,0
'2026-08-22 08:24:52.838448200,0.008448200,1
'2026-08-22 08:24:52.838448300,0.008448300,0
'2026-08-22 08:24:52.838448400,0.008448400,1
'2026-08-22 08:24:52.838449400,0.008449400,0
'2026-08-22 08:24:52.838449500,0.008449500,1
'2026-08-22 08:24:52.838473600,0.008473600,0
'2026-08-22 08:24:52.838473700,0.008473700,1
'2026-08-22 08:24:52.838474200,0.008474200,0
'2026-08-22 08:24:52.838474300,0.008474300,1
'2026-08-22 08:24:52.838557000,0.008557000,0
'2026-08-22 08:24:52.838557100,0.008557100,1
'2026-08-22 08:24:52.838993200,0.008993200,0
'2026-08-22 08:24:52.838993400,0.008993400,1
'2026-08-22 08:24:52.838993600,0.008993600,0
'2026-08-22 08:24:52.838994100,0.008994100,1
'2026-08-22 08:24:52.838994200,0.008994200,0
'2026-08-22 08:24:52.838994300,0.008994300,1
'2026-08-22 08:24:52.838994400,0.008994400,0
'2026-08-22 08:24:52.838994500,0.008994500,1
'2026-08-22 08:24:52.838994600,0.008994600,0
'2026-08-22 08:24:52.838994700,0.008994700,1
'2026-08-22 08:24:52.838994800,0.008994800,0
'2026-08-22 08:24:52.838994900,0.008994900,1
'2026-08-22 08:24:52.838995000,0.008995000,0
'2026-08-22 08:24:52.838995300,0.008995300,1
'2026-08-22 08:24:52.838995400,0.008995400,0
'2026-08-22 08:24:52.838995900,0.008995900,1
'2026-08-22 08:24:52.838996100,0.008996100,0
'2026-08-22 08:24:52.838998200,0.008998200,1
'2026-08-22 08:24:52.838998300,0.008998300,0
'2026-08-22 08:24:52.838998500,0.008998500,1
'2026-08-22 08:24:52.838998600,0.008998600,0
'2026-08-22 08:24:52.838998700,0.008998700,1
'2026-08-22 08:24:52.839000600,0.009000600,0
'2026-08-22 08:24:52.839000700,0.009000700,1
'2026-08-22 08:24:52.839001200,0.009001200,0
'2026-08-22 08:24:52.839001700,0.009001700,1
'2026-08-22 08:24:52.839002000,0.009002000,0
'2026-08-22 08:24:52.839002200,0.009002200,1
'2026-08-22 08:24:52.839002500,0.009002500,0
'2026-08-22 08:24:52.839002800,0.009002800,1
'2026-08-22 08:24:52.839003000,0.009003000,0
'2026-08-22 08:24:52.839003300,0.009003300,1
'2026-08-22 08:24:52.839022500,0.009022500,0
'2026-08-22 08:24:52.839022700,0.009022700,1
'2026-08-22 08:24:52.839023400,0.009023400,0
'2026-08-22 08:24:52.839023700,0.009023700,1
'2026-08-22 08:24:52.839023800,0.009023800,0
'2026-08-22 08:24:52.839023900,0.009023900,1
'2026-08-22 08:24:52.839024000,0.009024000,0
'2026-08-22 08:24:52.839024100,0.009024100,1
'2026-08-22 08:24:52.839024200,0.009024200,0
'2026-08-22 08:24:52.839024500,0.009024500,1
'2026-08-22 08:24:52.839024800,0.009024800,0
'2026-08-22 08:24:52.839024900,0.009024900,1
'2026-08-22 08:24:52.839025200,0.009025200,0
'2026-08-22 08:24:52.839025600,0.009025600,1
'2026-08-22 08:24:52.839025700,0.009025700,0
'2026-08-22 08:24:52.839026200,0.009026200,1
'2026-08-22 08:24:52.839026300,0.009026300,0
'2026-08-22 08:24:52.839026700,0.009026700,1
'2026-08-22 08:24:52.839026800,0.009026800,0
'2026-08-22 08:24:52.839027100,0.009027100,1
'2026-08-22 08:24:52.839027200,0.009027200,0
'2026-08-22 08:24:52.839027300,0.009027300,1
'2026-08-22 08:24:52.839027600,0.009027600,0
'2026-08-22 08:24:52.839028000,0.009028000,1
'2026-08-22 08:24:52.839028100,0.009028100,0
'2026-08-22 08:24:52.839028500,0.009028500,1
'2026-08-22 08:24:52.839028700,0.009028700,0
'2026-08-22 08:24:52.839029100,0.009029100,1
'2026-08-22 08:24:52.839029300,0.009029300,0
'2026-08-22 08:24:52.839029400,0.009029400,1
'2026-08-22 08:24:52.839044500,0.009044500,0
'2026-08-22 08:24:52.839044600,0.009044600,1
'2026-08-22 08:24:52.839045400,0.009045400,0
'2026-08-22 08:24:52.839045600,0.009045600,1
'2026-08-22 08:24:52.839045700,0.009045700,0
'2026-08-22 08:24:52.839045900,0.009045900,1
'2026-08-22 08:24:52.839047000,0.009047000,0
'2026-08-22 08:24:52.839047100,0.009047100,1
'2026-08-22 08:24:52.839047300,0.009047300,0
'2026-08-22 08:24:52.839047600,0.009047600,1
'2026-08-22 08:24:52.839047700,0.009047700,0
'2026-08-22 08:24:52.839048300,0.009048300,1
'2026-08-22 08:24:52.839048700,0.009048700,0
'2026-08-22 08:24:52.839048800,0.009048800,1
'2026-08-22 08:24:52.839050400,0.009050400,0
'2026-08-22 08:24:52.839050500,0.009050500,1
'2026-08-22 08:24:52.839050700,0.009050700,0
'2026-08-22 08:24:52.839050800,0.009050800,1
'2026-08-22 08:24:52.839051000,0.009051000,0
'2026-08-22 08:24:52.839051100,0.009051100,1
'2026-08-22 08:24:52.839053400,0.009053400,0
'2026-08-22 08:24:52.839053500,0.009053500,1
'2026-08-22 08:24:52.839054400,0.009054400,0
'2026-08-22 08:24:52.839054500,0.009054500,1
'2026-08-22 08:24:52.839054900,0.009054900,0
'2026-08-22 08:24:52.839055100,0.009055100,1
'2026-08-22 08:24:52.839073800,0.009073800,0
'2026-08-22 08:24:52.839073900,0.009073900,1
'2026-08-22 08:24:52.839076200,0.009076200,0
'2026-08-22 08:24:52.839076300,0.009076300,1
'2026-08-22 08:24:52.839077200,0.009077200,0
'2026-08-22 08:24:52.839077400,0.009077400,1
'2026-08-22 08:24:52.839079000,0.009079000,0
'2026-08-22 08:24:52.839079100,0.009079100,1
'2026-08-22 08:24:52.839097200,0.009097200,0
'2026-08-22 08:24:52.839097300,0.009097300,1
'2026-08-22 08:24:52.839099000,0.009099000,0
'2026-08-22 08:24:52.839099100,0.009099100,1
'2026-08-22 08:24:52.839103500,0.009103500,0
'2026-08-22 08:24:52.839103600,0.009103600,1
'2026-08-22 08:24:52.839105400,0.009105400,0
'2026-08-22 08:24:52.839105500,0.009105500,1
'2026-08-22 08:24:52.839105800,0.009105800,0
'2026-08-22 08:24:52.839106000,0.009106000,1
'2026-08-22 08:24:52.839106300,0.009106300,0
'2026-08-22 08:24:52.839106400,0.009106400,1
'2026-08-22 08:24:52.839125000,0.009125000,0
'2026-08-22 08:24:52.839125100,0.009125100,1
'2026-08-22 08:24:52.839125200,0.009125200,0
'2026-08-22 08:24:52.839125400,0.009125400,1
'2026-08-22 08:24:52.839154200,0.009154200,0
'2026-08-22 08:24:52.839154300,0.009154300,1
'2026-08-22 08:24:52.839154600,0.009154600,0
'2026-08-22 08:24:52.839154700,0.009154700,1
'2026-08-22 08:24:52.839154800,0.009154800,0
'2026-08-22 08:24:52.839155100,0.009155100,1
'2026-08-22 08:24:52.839156200,0.009156200,0
'2026-08-22 08:24:52.839156300,0.009156300,1
'2026-08-22 08:24:52.839157800,0.009157800,0
'2026-08-22 08:24:52.839157900,0.009157900,1
'2026-08-22 08:24:52.839158600,0.009158600,0
'2026-08-22 08:24:52.839158700,0.009158700,1
'2026-08-22 08:24:52.839177900,0.009177900,0
'2026-08-22 08:24:52.839178000,0.009178000,1
'2026-08-22 08:24:52.839183800,0.009183800,0
'2026-08-22 08:24:52.839183900,0.009183900,1
'2026-08-22 08:24:52.839211100,0.009211100,0
'2026-08-22 08:24:52.839211200,0.009211200,1
'2026-08-22 08:24:52.839235400,0.009235400,0
'2026-08-22 08:24:52.839235500,0.009235500,1
'2026-08-22 08:24:52.839283000,0.009283000,0
'2026-08-22 08:24:52.839283100,0.009283100,1
'2026-08-22 08:24:52.839364200,0.009364200,0
'2026-08-22 08:24:52.839364300,0.009364300,1
'2026-08-22 08:24:52.840608200,0.010608200,0
'2026-08-22 08:24:52.840608400,0.010608400,1
'2026-08-22 08:24:52.840608500,0.010608500,0
'2026-08-22 08:24:52.840616000,0.010616000,1
'2026-08-22 08:24:52.840616100,0.010616100,0
'2026-08-22 08:24:52.840617100,0.010617100,1
'2026-08-22 08:24:52.840617200,0.010617200,0
'2026-08-22 08:24:52.840618300,0.010618300,1
'2026-08-22 08:24:52.840618400,0.010618400,0
'2026-08-22 08:24:52.840618900,0.010618900,1
'2026-08-22 08:24:52.840619000,0.010619000,0
'2026-08-22 08:24:52.840619800,0.010619800,1
'2026-08-22 08:24:52.840634200,0.010634200,0
'2026-08-22 08:24:52.840634300,0.010634300,1
'2026-08-22 08:24:52.840634400,0.010634400,0
'2026-08-22 08:24:52.840634600,0.010634600,1
'2026-08-22 08:24:52.840634800,0.010634800,0
'2026-08-22 08:24:52.840635700,0.010635700,1
'2026-08-22 08:24:52.840635900,0.010635900,0
'2026-08-22 08:24:52.840636100,0.010636100,1
'2026-08-22 08:24:52.840636200,0.010636200,0
'2026-08-22 08:24:52.840636400,0.010636400,1
'2026-08-22 08:24:52.840636500,0.010636500,0
'2026-08-22 08:24:52.840637100,0.010637100,1
'2026-08-22 08:24:52.840637200,0.010637200,0
'2026-08-22 08:24:52.840637500,0.010637500,1
'2026-08-22 08:24:52.840637700,0.010637700,0
'2026-08-22 08:24:52.840638700,0.010638700,1
'2026-08-22 08:24:52.840638800,0.010638800,0
'2026-08-22 08:24:52.840639300,0.010639300,1
'2026-08-22 08:24:52.840639400,0.010639400,0
'2026-08-22 08:24:52.840639900,0.010639900,1
'2026-08-22 08:24:52.840640000,0.010640000,0
'2026-08-22 08:24:52.840640400,0.010640400,1
'2026-08-22 08:24:52.840640600,0.010640600,0
'2026-08-22 08:24:52.840642200,0.010642200,1
'2026-08-22 08:24:52.840642300,0.010642300,0
'2026-08-22 08:24:52.840643300,0.010643300,1
'2026-08-22 08:24:52.840643400,0.010643400,0
'2026-08-22 08:24:52.840644000,0.010644000,1
'2026-08-22 08:24:52.840644100,0.010644100,0
'2026-08-22 08:24:52.840645800,0.010645800,1
'2026-08-22 08:24:52.840660500,0.010660500,0
'2026-08-22 08:24:52.840660900,0.010660900,1
'2026-08-22 08:24:52.840661000,0.010661000,0
'2026-08-22 08:24:52.840661600,0.010661600,1
'2026-08-22 08:24:52.840661700,0.010661700,0
'2026-08-22 08:24:52.840662100,0.010662100,1
'2026-08-22 08:24:52.840662200,0.010662200,0
'2026-08-22 08:24:52.840662700,0.010662700,1
'2026-08-22 08:24:52.840662800,0.010662800,0
'2026-08-22 08:24:52.840663300,0.010663300,1
'2026-08-22 08:24:52.840663400,0.010663400,0
'2026-08-22 08:24:52.840663800,0.010663800,1
'2026-08-22 08:24:52.840664000,0.010664000,0
'2026-08-22 08:24:52.840664400,0.010664400,1
'2026-08-22 08:24:52.840664600,0.010664600,0
'2026-08-22 08:24:52.840664900,0.010664900,1
'2026-08-22 08:24:52.840665200,0.010665200,0
'2026-08-22 08:24:52.840665600,0.010665600,1
'2026-08-22 08:24:52.840665700,0.010665700,0
'2026-08-22 08:24:52.840666200,0.010666200,1
'2026-08-22 08:24:52.840666300,0.010666300,0
'2026-08-22 08:24:52.840666800,0.010666800,1
'2026-08-22 08:24:52.840666900,0.010666900,0
'2026-08-22 08:24:52.840667300,0.010667300,1
'2026-08-22 08:24:52.840667500,0.010667500,0
'2026-08-22 08:24:52.840667900,0.010667900,1
'2026-08-22 08:24:52.840668000,0.010668000,0
'2026-08-22 08:24:52.840668500,0.010668500,1
'2026-08-22 08:24:52.840668600,0.010668600,0
'2026-08-22 08:24:52.840669200,0.010669200,1
'2026-08-22 08:24:52.840669300,0.010669300,0
'2026-08-22 08:24:52.840670300,0.010670300,1
'2026-08-22 08:24:52.840670400,0.010670400,0
'2026-08-22 08:24:52.840670800,0.010670800,1
'2026-08-22 08:24:52.840670900,0.010670900,0
'2026-08-22 08:24:52.840671900,0.010671900,1
'2026-08-22 08:24:52.840686800,0.010686800,0
'2026-08-22 08:24:52.840686900,0.010686900,1
'2026-08-22 08:24:52.840687000,0.010687000,0
'2026-08-22 08:24:52.840687100,0.010687100,1
'2026-08-22 08:24:52.840687400,0.010687400,0
'2026-08-22 08:24:52.840687700,0.010687700,1
'2026-08-22 08:24:52.840688000,0.010688000,0
'2026-08-22 08:24:52.840688400,0.010688400,1
'2026-08-22 08:24:52.840688500,0.010688500,0
'2026-08-22 08:24:52.840688800,0.010688800,1
'2026-08-22 08:24:52.840689100,0.010689100,0
'2026-08-22 08:24:52.840689300,0.010689300,1
'2026-08-22 08:24:52.840689600,0.010689600,0
'2026-08-22 08:24:52.840689700,0.010689700,1
'2026-08-22 08:24:52.840690000,0.010690000,0
'2026-08-22 08:24:52.840690100,0.010690100,1
'2026-08-22 08:24:52.840690200,0.010690200,0
'2026-08-22 08:24:52.840690700,0.010690700,1
'2026-08-22 08:24:52.840690800,0.010690800,0
'2026-08-22 08:24:52.840692500,0.010692500,1
'2026-08-22 08:24:52.840692600,0.010692600,0
'2026-08-22 08:24:52.840693000,0.010693000,1
'2026-08-22 08:24:52.840693200,0.010693200,0
'2026-08-22 08:24:52.840693600,0.010693600,1
'2026-08-22 08:24:52.840693700,0.010693700,0
'2026-08-22 08:24:52.840694100,0.010694100,1
'2026-08-22 08:24:52.840694300,0.010694300,0
'2026-08-22 08:24:52.840694900,0.010694900,1
'2026-08-22 08:24:52.840695000,0.010695000,0
'2026-08-22 08:24:52.840695300,0.010695300,1
'2026-08-22 08:24:52.840695500,0.010695500,0
'2026-08-22 08:24:52.840695900,0.010695900,1
'2026-08-22 08:24:52.840696000,0.010696000,0
'2026-08-22 08:24:52.840696400,0.010696400,1
'2026-08-22 08:24:52.840696600,0.010696600,0
'2026-08-22 08:24:52.840697000,0.010697000,1
'2026-08-22 08:24:52.840697800,0.010697800,0
'2026-08-22 08:24:52.840698000,0.010698000,1
'2026-08-22 08:24:52.840713400,0.010713400,0
'2026-08-22 08:24:52.840713500,0.010713500,1
'2026-08-22 08:24:52.840713800,0.010713800,0
'2026-08-22 08:24:52.840714000,0.010714000,1
'2026-08-22 08:24:52.840714200,0.010714200,0
'2026-08-22 08:24:52.840715300,0.010715300,1
'2026-08-22 08:24:52.840715500,0.010715500,0
'2026-08-22 08:24:52.840715800,0.010715800,1
'2026-08-22 08:24:52.840716000,0.010716000,0
'2026-08-22 08:24:52.840716600,0.010716600,1
'2026-08-22 08:24:52.840716700,0.010716700,0
'2026-08-22 08:24:52.840716900,0.010716900,1
'2026-08-22 08:24:52.840717200,0.010717200,0
'2026-08-22 08:24:52.840717600,0.010717600,1
'2026-08-22 08:24:52.840717800,0.010717800,0
'2026-08-22 08:24:52.840717900,0.010717900,1
'2026-08-22 08:24:52.840718300,0.010718300,0
'2026-08-22 08:24:52.840718700,0.010718700,1
'2026-08-22 08:24:52.840719500,0.010719500,0
'2026-08-22 08:24:52.840719900,0.010719900,1
'2026-08-22 08:24:52.840720600,0.010720600,0
'2026-08-22 08:24:52.840720700,0.010720700,1
'2026-08-22 08:24:52.840720800,0.010720800,0
'2026-08-22 08:24:52.840721100,0.010721100,1
'2026-08-22 08:24:52.840721800,0.010721800,0
'2026-08-22 08:24:52.840721900,0.010721900,1
'2026-08-22 08:24:52.840722000,0.010722000,0
'2026-08-22 08:24:52.840722200,0.010722200,1
'2026-08-22 08:24:52.840722300,0.010722300,0
'2026-08-22 08:24:52.840723100,0.010723100,1
'2026-08-22 08:24:52.840723200,0.010723200,0
'2026-08-22 08:24:52.840723500,0.010723500,1
'2026-08-22 08:24:52.840723600,0.010723600,0
'2026-08-22 08:24:52.840724000,0.010724000,1
'2026-08-22 08:24:52.840739600,0.010739600,0
'2026-08-22 08:24:52.840739700,0.010739700,1
'2026-08-22 08:24:52.840740000,0.010740000,0
'2026-08-22 08:24:52.840740300,0.010740300,1
'2026-08-22 08:24:52.840740500,0.010740500,0
'2026-08-22 08:24:52.840740600,0.010740600,1
'2026-08-22 08:24:52.840740700,0.010740700,0
'2026-08-22 08:24:52.840740800,0.010740800,1
'2026-08-22 08:24:52.840741400,0.010741400,0
'2026-08-22 08:24:52.840741600,0.010741600,1
'2026-08-22 08:24:52.840741900,0.010741900,0
'2026-08-22 08:24:52.840742100,0.010742100,1
'2026-08-22 08:24:52.840742300,0.010742300,0
'2026-08-22 08:24:52.840742700,0.010742700,1
'2026-08-22 08:24:52.840742800,0.010742800,0
'2026-08-22 08:24:52.840743200,0.010743200,1
'2026-08-22 08:24:52.840743400,0.010743400,0
'2026-08-22 08:24:52.840743500,0.010743500,1
'2026-08-22 08:24:52.840743600,0.010743600,0
'2026-08-22 08:24:52.840743700,0.010743700,1
'2026-08-22 08:24:52.840744600,0.010744600,0
'2026-08-22 08:24:52.840744700,0.010744700,1
'2026-08-22 08:24:52.840745400,0.010745400,0
'2026-08-22 08:24:52.840745500,0.010745500,1
'2026-08-22 08:24:52.840745900,0.010745900,0
'2026-08-22 08:24:52.840746000,0.010746000,1
'2026-08-22 08:24:52.840746700,0.010746700,0
'2026-08-22 08:24:52.840746900,0.010746900,1
'2026-08-22 08:24:52.840747000,0.010747000,0
'2026-08-22 08:24:52.840747200,0.010747200,1
'2026-08-22 08:24:52.840765300,0.010765300,0
'2026-08-22 08:24:52.840765400,0.010765400,1
'2026-08-22 08:24:52.840765800,0.010765800,0
'2026-08-22 08:24:52.840765900,0.010765900,1
'2026-08-22 08:24:52.840766200,0.010766200,0
'2026-08-22 08:24:52.840766300,0.010766300,1
'2026-08-22 08:24:52.840770400,0.010770400,0
'2026-08-22 08:24:52.840770700,0.010770700,1
'2026-08-22 08:24:52.840771600,0.010771600,0
'2026-08-22 08:24:52.840771700,0.010771700,1
'2026-08-22 08:24:52.840772100,0.010772100,0
'2026-08-22 08:24:52.840772300,0.010772300,1
'2026-08-22 08:24:52.840772600,0.010772600,0
'2026-08-22 08:24:52.840772800,0.010772800,1
'2026-08-22 08:24:52.840772900,0.010772900,0
'2026-08-22 08:24:52.840773000,0.010773000,1
'2026-08-22 08:24:52.840774500,0.010774500,0
'2026-08-22 08:24:52.840774600,0.010774600,1
'2026-08-22 08:24:52.840775200,0.010775200,0
'2026-08-22 08:24:52.840775300,0.010775300,1
'2026-08-22 08:24:52.840793200,0.010793200,0
'2026-08-22 08:24:52.840793300,0.010793300,1
'2026-08-22 08:24:52.840794300,0.010794300,0
'2026-08-22 08:24:52.840794400,0.010794400,1
'2026-08-22 08:24:52.840796600,0.010796600,0
'2026-08-22 08:24:52.840796700,0.010796700,1
'2026-08-22 08:24:52.840799700,0.010799700,0
'2026-08-22 08:24:52.840799800,0.010799800,1
'2026-08-22 08:24:52.840802000,0.010802000,0
'2026-08-22 08:24:52.840802200,0.010802200,1
'2026-08-22 08:24:52.840820400,0.010820400,0
'2026-08-22 08:24:52.840820500,0.010820500,1
'2026-08-22 08:24:52.840826300,0.010826300,0
'2026-08-22 08:24:52.840826500,0.010826500,1
'2026-08-22 08:24:52.840826600,0.010826600,0
'2026-08-22 08:24:52.840826700,0.010826700,1
'2026-08-22 08:24:52.840827100,0.010827100,0
'2026-08-22 08:24:52.840827300,0.010827300,1
'2026-08-22 08:24:52.840847100,0.010847100,0
'2026-08-22 08:24:52.840847200,0.010847200,1
'2026-08-22 08:24:52.840848000,0.010848000,0
'2026-08-22 08:24:52.840848300,0.010848300,1
'2026-08-22 08:24:52.840900600,0.010900600,0
'2026-08-22 08:24:52.840900700,0.010900700,1
'2026-08-22 08:24:52.840902900,0.010902900,0
'2026-08-22 08:24:52.840903000,0.010903000,1
'2026-08-22 08:24:52.840931000,0.010931000,0
'2026-08-22 08:24:52.840931100,0.010931100,1
'2026-08-22 08:24:52.840952500,0.010952500,0
'2026-08-22 08:24:52.840952600,0.010952600,1
'2026-08-22 08:24:52.840977700,0.010977700,0
'2026-08-22 08:24:52.840977800,0.010977800,1
'2026-08-22 08:24:52.841004600,0.011004600,0
'2026-08-22 08:24:52.841004700,0.011004700,1
'2026-08-22 08:24:52.841422000,0.011422000,0
'2026-08-22 08:24:52.841422100,0.011422100,1
'2026-08-22 08:24:52.841422200,0.011422200,0
'2026-08-22 08:24:52.841422300,0.011422300,1
'2026-08-22 08:24:52.841422600,0.011422600,0
'2026-08-22 08:24:52.841422700,0.011422700,1
'2026-08-22 08:24:52.841423200,0.011423200,0
'2026-08-22 08:24:52.841423300,0.011423300,1
'2026-08-22 08:24:52.841423600,0.011423600,0
'2026-08-22 08:24:52.841423700,0.011423700,1
'2026-08-22 08:24:52.841424000,0.011424000,0
'2026-08-22 08:24:52.841424100,0.011424100,1
'2026-08-22 08:24:52.841424300,0.011424300,0
'2026-08-22 08:24:52.841424700,0.011424700,1
'2026-08-22 08:24:52.841424800,0.011424800,0
'2026-08-22 08:24:52.841425300,0.011425300,1
'2026-08-22 08:24:52.841425400,0.011425400,0
'2026-08-22 08:24:52.841426200,0.011426200,1
'2026-08-22 08:24:52.841426400,0.011426400,0
'2026-08-22 08:24:52.841426500,0.011426500,1
'2026-08-22 08:24:52.841426700,0.011426700,0
'2026-08-22 08:24:52.841426800,0.011426800,1
'2026-08-22 08:24:52.841427400,0.011427400,0
'2026-08-22 08:24:52.841427700,0.011427700,1
'2026-08-22 08:24:52.841427800,0.011427800,0
'2026-08-22 08:24:52.841427900,0.011427900,1
'2026-08-22 08:24:52.841443400,0.011443400,0
'2026-08-22 08:24:52.841443500,0.011443500,1
'2026-08-22 08:24:52.841444700,0.011444700,0
'2026-08-22 08:24:52.841445200,0.011445200,1
'2026-08-22 08:24:52.841445400,0.011445400,0
'2026-08-22 08:24:52.841445500,0.011445500,1
'2026-08-22 08:24:52.841445600,0.011445600,0
'2026-08-22 08:24:52.841445700,0.011445700,1
'2026-08-22 08:24:52.841446000,0.011446000,0
'2026-08-22 08:24:52.841446100,0.011446100,1
'2026-08-22 08:24:52.841447200,0.011447200,0
'2026-08-22 08:24:52.841447500,0.011447500,1
'2026-08-22 08:24:52.841447600,0.011447600,0
'2026-08-22 08:24:52.841447700,0.011447700,1
'2026-08-22 08:24:52.841448000,0.011448000,0
'2026-08-22 08:24:52.841448100,0.011448100,1
'2026-08-22 08:24:52.841448200,0.011448200,0
'2026-08-22 08:24:52.841448700,0.011448700,1
'2026-08-22 08:24:52.841449000,0.011449000,0
'2026-08-22 08:24:52.841449100,0.011449100,1
'2026-08-22 08:24:52.841449500,0.011449500,0
'2026-08-22 08:24:52.841449600,0.011449600,1
'2026-08-22 08:24:52.841450400,0.011450400,0
'2026-08-22 08:24:52.841450500,0.011450500,1
'2026-08-22 08:24:52.841451400,0.011451400,0
'2026-08-22 08:24:52.841451500,0.011451500,1
'2026-08-22 08:24:52.841452000,0.011452000,0
'2026-08-22 08:24:52.841452100,0.011452100,1
'2026-08-22 08:24:52.841452600,0.011452600,0
'2026-08-22 08:24:52.841452700,0.011452700,1
'2026-08-22 08:24:52.841453000,0.011453000,0
'2026-08-22 08:24:52.841453300,0.011453300,1
'2026-08-22 08:24:52.841453600,0.011453600,0
'2026-08-22 08:24:52.841453900,0.011453900,1
'2026-08-22 08:24:52.841470000,0.011470000,0
'2026-08-22 08:24:52.841470100,0.011470100,1
'2026-08-22 08:24:52.841470500,0.011470500,0
'2026-08-22 08:24:52.841470600,0.011470600,1
'2026-08-22 08:24:52.841471200,0.011471200,0
'2026-08-22 08:24:52.841471300,0.011471300,1
'2026-08-22 08:24:52.841472400,0.011472400,0
'2026-08-22 08:24:52.841472600,0.011472600,1
'2026-08-22 08:24:52.841474800,0.011474800,0
'2026-08-22 08:24:52.841474900,0.011474900,1
'2026-08-22 08:24:52.841475300,0.011475300,0
'2026-08-22 08:24:52.841475500,0.011475500,1
'2026-08-22 08:24:52.841475700,0.011475700,0
'2026-08-22 08:24:52.841475900,0.011475900,1
'2026-08-22 08:24:52.841476400,0.011476400,0
'2026-08-22 08:24:52.841476500,0.011476500,1
'2026-08-22 08:24:52.841476600,0.011476600,0
'2026-08-22 08:24:52.841476700,0.011476700,1
'2026-08-22 08:24:52.841476900,0.011476900,0
'2026-08-22 08:24:52.841477300,0.011477300,1
'2026-08-22 08:24:52.841477600,0.011477600,0
'2026-08-22 08:24:52.841477900,0.011477900,1
'2026-08-22 08:24:52.841478000,0.011478000,0
'2026-08-22 08:24:52.841478500,0.011478500,1
'2026-08-22 08:24:52.841478800,0.011478800,0
'2026-08-22 08:24:52.841479000,0.011479000,1
'2026-08-22 08:24:52.841479200,0.011479200,0
'2026-08-22 08:24:52.841479300,0.011479300,1
'2026-08-22 08:24:52.841479400,0.011479400,0
'2026-08-22 08:24:52.841479500,0.011479500,1
'2026-08-22 08:24:52.841479800,0.011479800,0
'2026-08-22 08:24:52.841480100,0.011480100,1
'2026-08-22 08:24:52.841496800,0.011496800,0
'2026-08-22 08:24:52.841497000,0.011497000,1
'2026-08-22 08:24:52.841497200,0.011497200,0
'2026-08-22 08:24:52.841497800,0.011497800,1
'2026-08-22 08:24:52.841497900,0.011497900,0
'2026-08-22 08:24:52.841498100,0.011498100,1
'2026-08-22 08:24:52.841498200,0.011498200,0
'2026-08-22 08:24:52.841498300,0.011498300,1
'2026-08-22 08:24:52.841498600,0.011498600,0
'2026-08-22 08:24:52.841498700,0.011498700,1
'2026-08-22 08:24:52.841499000,0.011499000,0
'2026-08-22 08:24:52.841499100,0.011499100,1
'2026-08-22 08:24:52.841499800,0.011499800,0
'2026-08-22 08:24:52.841499900,0.011499900,1
'2026-08-22 08:24:52.841500400,0.011500400,0
'2026-08-22 08:24:52.841500500,0.011500500,1
'2026-08-22 08:24:52.841502600,0.011502600,0
'2026-08-22 08:24:52.841502700,0.011502700,1
'2026-08-22 08:24:52.841502900,0.011502900,0
'2026-08-22 08:24:52.841503000,0.011503000,1
'2026-08-22 08:24:52.841503800,0.011503800,0
'2026-08-22 08:24:52.841503900,0.011503900,1
'2026-08-22 08:24:52.841504800,0.011504800,0
'2026-08-22 08:24:52.841504900,0.011504900,1
'2026-08-22 08:24:52.841506000,0.011506000,0
'2026-08-22 08:24:52.841506100,0.011506100,1
'2026-08-22 08:24:52.841527800,0.011527800,0
'2026-08-22 08:24:52.841528100,0.011528100,1
'2026-08-22 08:24:52.841529500,0.011529500,0
'2026-08-22 08:24:52.841529600,0.011529600,1
'2026-08-22 08:24:52.841549000,0.011549000,0
'2026-08-22 08:24:52.841549100,0.011549100,1
'2026-08-22 08:24:52.841551800,0.011551800,0
'2026-08-22 08:24:52.841551900,0.011551900,1
'2026-08-22 08:24:52.841581200,0.011581200,0
'2026-08-22 08:24:52.841581300,0.011581300,1
'2026-08-22 08:24:52.841581600,0.011581600,0
'2026-08-22 08:24:52.841581700,0.011581700,1
'2026-08-22 08:24:52.841582100,0.011582100,0
'2026-08-22 08:24:52.841582200,0.011582200,1
'2026-08-22 08:24:52.841610000,0.011610000,0
'2026-08-22 08:24:52.841610100,0.011610100,1
'2026-08-22 08:24:52.841630700,0.011630700,0
'2026-08-22 08:24:52.841630800,0.011630800,1
'2026-08-22 08:24:52.841660600,0.011660600,0
'2026-08-22 08:24:52.841660700,0.011660700,1
'2026-08-22 08:24:52.842250600,0.012250600,0
'2026-08-22 08:24:52.842250700,0.012250700,1
'2026-08-22 08:24:52.842250800,0.012250800,0
'2026-08-22 08:24:52.842251100,0.012251100,1
'2026-08-22 08:24:52.842251400,0.012251400,0
'2026-08-22 08:24:52.842251900,0.012251900,1
'2026-08-22 08:24:52.842252000,0.012252000,0
'2026-08-22 08:24:52.842252100,0.012252100,1
'2026-08-22 08:24:52.842252200,0.012252200,0
'2026-08-22 08:24:52.842252300,0.012252300,1
'2026-08-22 08:24:52.842252400,0.012252400,0
'2026-08-22 08:24:52.842252500,0.012252500,1
'2026-08-22 08:24:52.842252600,0.012252600,0
'2026-08-22 08:24:52.842253100,0.012253100,1
'2026-08-22 08:24:52.842253200,0.012253200,0
'2026-08-22 08:24:52.842253300,0.012253300,1
'2026-08-22 08:24:52.842253400,0.012253400,0
'2026-08-22 08:24:52.842253500,0.012253500,1
'2026-08-22 08:24:52.842254000,0.012254000,0
'2026-08-22 08:24:52.842254100,0.012254100,1
'2026-08-22 08:24:52.842254400,0.012254400,0
'2026-08-22 08:24:52.842254700,0.012254700,1
'2026-08-22 08:24:52.842257900,0.012257900,0
'2026-08-22 08:24:52.842258200,0.012258200,1
'2026-08-22 08:24:52.842259200,0.012259200,0
'2026-08-22 08:24:52.842259300,0.012259300,1
'2026-08-22 08:24:52.842259800,0.012259800,0
'2026-08-22 08:24:52.842260100,0.012260100,1
'2026-08-22 08:24:52.842260200,0.012260200,0
'2026-08-22 08:24:52.842260700,0.012260700,1
'2026-08-22 08:24:52.842260800,0.012260800,0
'2026-08-22 08:24:52.842261200,0.012261200,1
'2026-08-22 08:24:52.842261400,0.012261400,0
'2026-08-22 08:24:52.842261700,0.012261700,1
'2026-08-22 08:24:52.842261900,0.012261900,0
'2026-08-22 08:24:52.842262100,0.012262100,1
'2026-08-22 08:24:52.842280000,0.012280000,0
'2026-08-22 08:24:52.842280100,0.012280100,1
'2026-08-22 08:24:52.842280300,0.012280300,0
'2026-08-22 08:24:52.842280500,0.012280500,1
'2026-08-22 08:24:52.842280600,0.012280600,0
'2026-08-22 08:24:52.842281400,0.012281400,1
'2026-08-22 08:24:52.842281500,0.012281500,0
'2026-08-22 08:24:52.842281700,0.012281700,1
'2026-08-22 08:24:52.842281800,0.012281800,0
'2026-08-22 08:24:52.842282200,0.012282200,1
'2026-08-22 08:24:52.842282300,0.012282300,0
'2026-08-22 08:24:52.842282700,0.012282700,1
'2026-08-22 08:24:52.842283000,0.012283000,0
'2026-08-22 08:24:52.842283400,0.012283400,1
'2026-08-22 08:24:52.842283500,0.012283500,0
'2026-08-22 08:24:52.842283600,0.012283600,1
'2026-08-22 08:24:52.842284400,0.012284400,0
'2026-08-22 08:24:52.842284500,0.012284500,1
'2026-08-22 08:24:52.842303400,0.012303400,0
'2026-08-22 08:24:52.842303700,0.012303700,1
'2026-08-22 08:24:52.842304000,0.012304000,0
'2026-08-22 08:24:52.842304100,0.012304100,1
'2026-08-22 08:24:52.842304800,0.012304800,0
'2026-08-22 08:24:52.842305000,0.012305000,1
'2026-08-22 08:24:52.842308400,0.012308400,0
'2026-08-22 08:24:52.842308500,0.012308500,1
'2026-08-22 08:24:52.842311000,0.012311000,0
'2026-08-22 08:24:52.842311400,0.012311400,1
'2026-08-22 08:24:52.842311600,0.012311600,0
'2026-08-22 08:24:52.842311700,0.012311700,1
'2026-08-22 08:24:52.842312400,0.012312400,0
'2026-08-22 08:24:52.842312600,0.012312600,1
'2026-08-22 08:24:52.842312700,0.012312700,0
'2026-08-22 08:24:52.842313200,0.012313200,1
'2026-08-22 08:24:52.842313400,0.012313400,0
'2026-08-22 08:24:52.842313800,0.012313800,1
'2026-08-22 08:24:52.842314000,0.012314000,0
'2026-08-22 08:24:52.842314200,0.012314200,1
'2026-08-22 08:24:52.842333400,0.012333400,0
'2026-08-22 08:24:52.842333500,0.012333500,1
'2026-08-22 08:24:52.842335000,0.012335000,0
'2026-08-22 08:24:52.842335100,0.012335100,1
'2026-08-22 08:24:52.842335200,0.012335200,0
'2026-08-22 08:24:52.842335400,0.012335400,1
'2026-08-22 08:24:52.842335700,0.012335700,0
'2026-08-22 08:24:52.842335800,0.012335800,1
'2026-08-22 08:24:52.842336400,0.012336400,0
'2026-08-22 08:24:52.842336500,0.012336500,1
'2026-08-22 08:24:52.842338500,0.012338500,0
'2026-08-22 08:24:52.842338600,0.012338600,1
'2026-08-22 08:24:52.842355300,0.012355300,0
'2026-08-22 08:24:52.842355400,0.012355400,1
'2026-08-22 08:24:52.842384400,0.012384400,0
'2026-08-22 08:24:52.842384500,0.012384500,1
'2026-08-22 08:24:52.842391200,0.012391200,0
'2026-08-22 08:24:52.842391300,0.012391300,1
'2026-08-22 08:24:52.842410700,0.012410700,0
'2026-08-22 08:24:52.842410800,0.012410800,1
'2026-08-22 08:24:52.842411000,0.012411000,0
'2026-08-22 08:24:52.842411100,0.012411100,1
'2026-08-22 08:24:52.842411200,0.012411200,0
'2026-08-22 08:24:52.842411300,0.012411300,1
'2026-08-22 08:24:52.842412200,0.012412200,0
'2026-08-22 08:24:52.842412300,0.012412300,1
'2026-08-22 08:24:52.842462400,0.012462400,0
'2026-08-22 08:24:52.842462500,0.012462500,1
'2026-08-22 08:24:52.842522800,0.012522800,0
'2026-08-22 08:24:52.842522900,0.012522900,1
'2026-08-22 08:24:52.843067800,0.013067800,0
'2026-08-22 08:24:52.843068100,0.013068100,1
'2026-08-22 08:24:52.843068500,0.013068500,0
'2026-08-22 08:24:52.843068600,0.013068600,1
'2026-08-22 08:24:52.843068900,0.013068900,0
'2026-08-22 08:24:52.843069100,0.013069100,1
'2026-08-22 08:24:52.843085200,0.013085200,0
'2026-08-22 08:24:52.843085300,0.013085300,1
'2026-08-22 08:24:52.843086800,0.013086800,0
'2026-08-22 08:24:52.843086900,0.013086900,1
'2026-08-22 08:24:52.843087000,0.013087000,0
'2026-08-22 08:24:52.843087500,0.013087500,1
'2026-08-22 08:24:52.843087600,0.013087600,0
'2026-08-22 08:24:52.843088000,0.013088000,1
'2026-08-22 08:24:52.843088300,0.013088300,0
'2026-08-22 08:24:52.843088500,0.013088500,1
'2026-08-22 08:24:52.843089100,0.013089100,0
'2026-08-22 08:24:52.843089200,0.013089200,1
'2026-08-22 08:24:52.843089400,0.013089400,0
'2026-08-22 08:24:52.843089700,0.013089700,1
'2026-08-22 08:24:52.843092900,0.013092900,0
'2026-08-22 08:24:52.843093000,0.013093000,1
'2026-08-22 08:24:52.843094800,0.013094800,0
'2026-08-22 08:24:52.843094900,0.013094900,1
'2026-08-22 08:24:52.843095200,0.013095200,0
'2026-08-22 08:24:52.843095400,0.013095400,1
'2026-08-22 08:24:52.843095800,0.013095800,0
'2026-08-22 08:24:52.843095900,0.013095900,1
'2026-08-22 08:24:52.843096000,0.013096000,0
'2026-08-22 08:24:52.843096100,0.013096100,1
'2026-08-22 08:24:52.843096400,0.013096400,0
'2026-08-22 08:24:52.843096500,0.013096500,1
'2026-08-22 08:24:52.843114800,0.013114800,0
'2026-08-22 08:24:52.843114900,0.013114900,1
'2026-08-22 08:24:52.843115200,0.013115200,0
'2026-08-22 08:24:52.843115300,0.013115300,1
'2026-08-22 08:24:52.843115900,0.013115900,0
'2026-08-22 08:24:52.843116000,0.013116000,1
'2026-08-22 08:24:52.843117500,0.013117500,0
'2026-08-22 08:24:52.843117700,0.013117700,1
'2026-08-22 08:24:52.843118000,0.013118000,0
'2026-08-22 08:24:52.843118300,0.013118300,1
'2026-08-22 08:24:52.843118700,0.013118700,0
'2026-08-22 08:24:52.843118800,0.013118800,1
'2026-08-22 08:24:52.843119200,0.013119200,0
'2026-08-22 08:24:52.843119400,0.013119400,1
'2026-08-22 08:24:52.843121200,0.013121200,0
'2026-08-22 08:24:52.843121300,0.013121300,1
'2026-08-22 08:24:52.843139600,0.013139600,0
'2026-08-22 08:24:52.843139700,0.013139700,1
'2026-08-22 08:24:52.843140800,0.013140800,0
'2026-08-22 08:24:52.843140900,0.013140900,1
'2026-08-22 08:24:52.843141600,0.013141600,0
'2026-08-22 08:24:52.843141700,0.013141700,1
'2026-08-22 08:24:52.843145600,0.013145600,0
'2026-08-22 08:24:52.843145700,0.013145700,1
'2026-08-22 08:24:52.843148400,0.013148400,0
'2026-08-22 08:24:52.843148500,0.013148500,1
'2026-08-22 08:24:52.843164800,0.013164800,0
'2026-08-22 08:24:52.843164900,0.013164900,1
'2026-08-22 08:24:52.843166100,0.013166100,0
'2026-08-22 08:24:52.843166300,0.013166300,1
'2026-08-22 08:24:52.843173800,0.013173800,0
'2026-08-22 08:24:52.843173900,0.013173900,1
'2026-08-22 08:24:52.843196800,0.013196800,0
'2026-08-22 08:24:52.843196900,0.013196900,1
'2026-08-22 08:24:52.843226300,0.013226300,0
'2026-08-22 08:24:52.843226500,0.013226500,1
'2026-08-22 08:24:52.843226700,0.013226700,0
'2026-08-22 08:24:52.843226800,0.013226800,1
'2026-08-22 08:24:52.844701300,0.014701300,0
'2026-08-22 08:24:52.844702300,0.014702300,1
'2026-08-22 08:24:52.844702400,0.014702400,0
'2026-08-22 08:24:52.844702900,0.014702900,1
'2026-08-22 08:24:52.844703000,0.014703000,0
'2026-08-22 08:24:52.844704100,0.014704100,1
'2026-08-22 08:24:52.844704200,0.014704200,0
'2026-08-22 08:24:52.844708800,0.014708800,1
'2026-08-22 08:24:52.844708900,0.014708900,0
'2026-08-22 08:24:52.844712700,0.014712700,1
'2026-08-22 08:24:52.844727600,0.014727600,0
'2026-08-22 08:24:52.844728100,0.014728100,1
'2026-08-22 08:24:52.844728200,0.014728200,0
'2026-08-22 08:24:52.844728600,0.014728600,1
'2026-08-22 08:24:52.844728700,0.014728700,0
'2026-08-22 08:24:52.844729200,0.014729200,1
'2026-08-22 08:24:52.844729300,0.014729300,0
'2026-08-22 08:24:52.844731000,0.014731000,1
'2026-08-22 08:24:52.844731100,0.014731100,0
'2026-08-22 08:24:52.844731500,0.014731500,1
'2026-08-22 08:24:52.844731800,0.014731800,0
'2026-08-22 08:24:52.844732100,0.014732100,1
'2026-08-22 08:24:52.844732200,0.014732200,0
'2026-08-22 08:24:52.844733300,0.014733300,1
'2026-08-22 08:24:52.844733400,0.014733400,0
'2026-08-22 08:24:52.844733900,0.014733900,1
'2026-08-22 08:24:52.844734000,0.014734000,0
'2026-08-22 08:24:52.844734100,0.014734100,1
'2026-08-22 08:24:52.844734200,0.014734200,0
'2026-08-22 08:24:52.844735700,0.014735700,1
'2026-08-22 08:24:52.844735800,0.014735800,0
'2026-08-22 08:24:52.844736200,0.014736200,1
'2026-08-22 08:24:52.844736300,0.014736300,0
'2026-08-22 08:24:52.844736700,0.014736700,1
'2026-08-22 08:24:52.844737000,0.014737000,0
'2026-08-22 08:24:52.844737200,0.014737200,1
'2026-08-22 08:24:52.844737300,0.014737300,0
'2026-08-22 08:24:52.844737400,0.014737400,1
'2026-08-22 08:24:52.844737500,0.014737500,0
'2026-08-22 08:24:52.844738800,0.014738800,1
'2026-08-22 08:24:52.844753300,0.014753300,0
'2026-08-22 08:24:52.844753700,0.014753700,1
'2026-08-22 08:24:52.844754000,0.014754000,0
'2026-08-22 08:24:52.844754300,0.014754300,1
'2026-08-22 08:24:52.844754600,0.014754600,0
'2026-08-22 08:24:52.844755500,0.014755500,1
'2026-08-22 08:24:52.844755600,0.014755600,0
'2026-08-22 08:24:52.844755700,0.014755700,1
'2026-08-22 08:24:52.844755800,0.014755800,0
'2026-08-22 08:24:52.844756700,0.014756700,1
'2026-08-22 08:24:52.844756800,0.014756800,0
'2026-08-22 08:24:52.844757300,0.014757300,1
'2026-08-22 08:24:52.844757400,0.014757400,0
'2026-08-22 08:24:52.844757700,0.014757700,1
'2026-08-22 08:24:52.844757900,0.014757900,0
'2026-08-22 08:24:52.844758000,0.014758000,1
'2026-08-22 08:24:52.844758100,0.014758100,0
'2026-08-22 08:24:52.844758400,0.014758400,1
'2026-08-22 08:24:52.844758500,0.014758500,0
'2026-08-22 08:24:52.844758700,0.014758700,1
'2026-08-22 08:24:52.844758800,0.014758800,0
'2026-08-22 08:24:52.844759000,0.014759000,1
'2026-08-22 08:24:52.844759200,0.014759200,0
'2026-08-22 08:24:52.844759600,0.014759600,1
'2026-08-22 08:24:52.844759800,0.014759800,0
'2026-08-22 08:24:52.844760000,0.014760000,1
'2026-08-22 08:24:52.844760100,0.014760100,0
'2026-08-22 08:24:52.844760200,0.014760200,1
'2026-08-22 08:24:52.844760300,0.014760300,0
'2026-08-22 08:24:52.844760500,0.014760500,1
'2026-08-22 08:24:52.844760600,0.014760600,0
'2026-08-22 08:24:52.844760700,0.014760700,1
'2026-08-22 08:24:52.844760900,0.014760900,0
'2026-08-22 08:24:52.844761000,0.014761000,1
'2026-08-22 08:24:52.844761100,0.014761100,0
'2026-08-22 08:24:52.844761500,0.014761500,1
'2026-08-22 08:24:52.844761600,0.014761600,0
'2026-08-22 08:24:52.844761900,0.014761900,1
'2026-08-22 08:24:52.844762200,0.014762200,0
'2026-08-22 08:24:52.844762400,0.014762400,1
'2026-08-22 08:24:52.844762600,0.014762600,0
'2026-08-22 08:24:52.844763100,0.014763100,1
'2026-08-22 08:24:52.844763200,0.014763200,0
'2026-08-22 08:24:52.844764300,0.014764300,1
'2026-08-22 08:24:52.844764400,0.014764400,0
'2026-08-22 08:24:52.844764500,0.014764500,1
'2026-08-22 08:24:52.844764600,0.014764600,0
'2026-08-22 08:24:52.844764700,0.014764700,1
'2026-08-22 08:24:52.844764800,0.014764800,0
'2026-08-22 08:24:52.844764900,0.014764900,1
'2026-08-22 08:24:52.844779500,0.014779500,0
'2026-08-22 08:24:52.844779600,0.014779600,1
'2026-08-22 08:24:52.844779900,0.014779900,0
'2026-08-22 08:24:52.844780000,0.014780000,1
'2026-08-22 08:24:52.844780300,0.014780300,0
'2026-08-22 08:24:52.844780500,0.014780500,1
'2026-08-22 08:24:52.844780900,0.014780900,0
'2026-08-22 08:24:52.844781100,0.014781100,1
'2026-08-22 08:24:52.844781500,0.014781500,0
'2026-08-22 08:24:52.844781600,0.014781600,1
'2026-08-22 08:24:52.844782000,0.014782000,0
'2026-08-22 08:24:52.844782100,0.014782100,1
'2026-08-22 08:24:52.844782500,0.014782500,0
'2026-08-22 08:24:52.844782900,0.014782900,1
'2026-08-22 08:24:52.844783400,0.014783400,0
'2026-08-22 08:24:52.844783500,0.014783500,1
'2026-08-22 08:24:52.844783900,0.014783900,0
'2026-08-22 08:24:52.844784000,0.014784000,1
'2026-08-22 08:24:52.844784200,0.014784200,0
'2026-08-22 08:24:52.844785300,0.014785300,1
'2026-08-22 08:24:52.844785500,0.014785500,0
'2026-08-22 08:24:52.844785900,0.014785900,1
'2026-08-22 08:24:52.844786000,0.014786000,0
'2026-08-22 08:24:52.844786400,0.014786400,1
'2026-08-22 08:24:52.844786600,0.014786600,0
'2026-08-22 08:24:52.844786900,0.014786900,1
'2026-08-22 08:24:52.844787200,0.014787200,0
'2026-08-22 08:24:52.844787300,0.014787300,1
'2026-08-22 08:24:52.844787500,0.014787500,0
'2026-08-22 08:24:52.844787600,0.014787600,1
'2026-08-22 08:24:52.844787800,0.014787800,0
'2026-08-22 08:24:52.844788200,0.014788200,1
'2026-08-22 08:24:52.844788300,0.014788300,0
'2026-08-22 08:24:52.844788700,0.014788700,1
'2026-08-22 08:24:52.844788900,0.014788900,0
'2026-08-22 08:24:52.844789300,0.014789300,1
'2026-08-22 08:24:52.844789500,0.014789500,0
'2026-08-22 08:24:52.844789700,0.014789700,1
'2026-08-22 08:24:52.844790100,0.014790100,0
'2026-08-22 08:24:52.844790300,0.014790300,1
'2026-08-22 08:24:52.844790400,0.014790400,0
'2026-08-22 08:24:52.844790500,0.014790500,1
'2026-08-22 08:24:52.844805500,0.014805500,0
'2026-08-22 08:24:52.844805600,0.014805600,1
'2026-08-22 08:24:52.844806800,0.014806800,0
'2026-08-22 08:24:52.844806900,0.014806900,1
'2026-08-22 08:24:52.844807000,0.014807000,0
'2026-08-22 08:24:52.844807100,0.014807100,1
'2026-08-22 08:24:52.844807200,0.014807200,0
'2026-08-22 08:24:52.844807500,0.014807500,1
'2026-08-22 08:24:52.844807600,0.014807600,0
'2026-08-22 08:24:52.844807800,0.014807800,1
'2026-08-22 08:24:52.844808000,0.014808000,0
'2026-08-22 08:24:52.844808300,0.014808300,1
'2026-08-22 08:24:52.844808400,0.014808400,0
'2026-08-22 08:24:52.844808600,0.014808600,1
'2026-08-22 08:24:52.844809600,0.014809600,0
'2026-08-22 08:24:52.844809800,0.014809800,1
'2026-08-22 08:24:52.844810500,0.014810500,0
'2026-08-22 08:24:52.844810600,0.014810600,1
'2026-08-22 08:24:52.844810800,0.014810800,0
'2026-08-22 08:24:52.844810900,0.014810900,1
'2026-08-22 08:24:52.844811300,0.014811300,0
'2026-08-22 08:24:52.844811500,0.014811500,1
'2026-08-22 08:24:52.844811600,0.014811600,0
'2026-08-22 08:24:52.844811900,0.014811900,1
'2026-08-22 08:24:52.844812000,0.014812000,0
'2026-08-22 08:24:52.844812200,0.014812200,1
'2026-08-22 08:24:52.844812600,0.014812600,0
'2026-08-22 08:24:52.844812700,0.014812700,1
'2026-08-22 08:24:52.844813600,0.014813600,0
'2026-08-22 08:24:52.844813900,0.014813900,1
'2026-08-22 08:24:52.844814800,0.014814800,0
'2026-08-22 08:24:52.844815100,0.014815100,1
'2026-08-22 08:24:52.844815200,0.014815200,0
'2026-08-22 08:24:52.844815500,0.014815500,1
'2026-08-22 08:24:52.844815800,0.014815800,0
'2026-08-22 08:24:52.844816000,0.014816000,1
'2026-08-22 08:24:52.844816100,0.014816100,0
'2026-08-22 08:24:52.844816200,0.014816200,1
'2026-08-22 08:24:52.844832400,0.014832400,0
'2026-08-22 08:24:52.844832500,0.014832500,1
'2026-08-22 08:24:52.844833000,0.014833000,0
'2026-08-22 08:24:52.844833100,0.014833100,1
'2026-08-22 08:24:52.844834600,0.014834600,0
'2026-08-22 08:24:52.844834700,0.014834700,1
'2026-08-22 08:24:52.844835800,0.014835800,0
'2026-08-22 08:24:52.844835900,0.014835900,1
'2026-08-22 08:24:52.844837400,0.014837400,0
'2026-08-22 08:24:52.844837500,0.014837500,1
'2026-08-22 08:24:52.844837800,0.014837800,0
'2026-08-22 08:24:52.844837900,0.014837900,1
'2026-08-22 08:24:52.844838000,0.014838000,0
'2026-08-22 08:24:52.844838200,0.014838200,1
'2026-08-22 08:24:52.844838700,0.014838700,0
'2026-08-22 08:24:52.844839000,0.014839000,1
'2026-08-22 08:24:52.844839100,0.014839100,0
'2026-08-22 08:24:52.844839200,0.014839200,1
'2026-08-22 08:24:52.844839400,0.014839400,0
'2026-08-22 08:24:52.844839500,0.014839500,1
'2026-08-22 08:24:52.844839800,0.014839800,0
'2026-08-22 08:24:52.844840000,0.014840000,1
'2026-08-22 08:24:52.844841000,0.014841000,0
'2026-08-22 08:24:52.844841200,0.014841200,1
'2026-08-22 08:24:52.844842200,0.014842200,0
'2026-08-22 08:24:52.844842300,0.014842300,1
'2026-08-22 08:24:52.844858600,0.014858600,0
'2026-08-22 08:24:52.844858700,0.014858700,1
'2026-08-22 08:24:52.844860400,0.014860400,0
'2026-08-22 08:24:52.844860500,0.014860500,1
'2026-08-22 08:24:52.844862000,0.014862000,0
'2026-08-22 08:24:52.844862100,0.014862100,1
'2026-08-22 08:24:52.844865000,0.014865000,0
'2026-08-22 08:24:52.844865300,0.014865300,1
'2026-08-22 08:24:52.844865600,0.014865600,0
'2026-08-22 08:24:52.844865700,0.014865700,1
'2026-08-22 08:24:52.844866100,0.014866100,0
'2026-08-22 08:24:52.844866400,0.014866400,1
'2026-08-22 08:24:52.844866600,0.014866600,0
'2026-08-22 08:24:52.844866700,0.014866700,1
'2026-08-22 08:24:52.844868100,0.014868100,0
'2026-08-22 08:24:52.844868200,0.014868200,1
'2026-08-22 08:24:52.844869000,0.014869000,0
'2026-08-22 08:24:52.844869200,0.014869200,1
'2026-08-22 08:24:52.844887700,0.014887700,0
'2026-08-22 08:24:52.844887800,0.014887800,1
'2026-08-22 08:24:52.844888800,0.014888800,0
'2026-08-22 08:24:52.844888900,0.014888900,1
'2026-08-22 08:24:52.844891900,0.014891900,0
'2026-08-22 08:24:52.844892000,0.014892000,1
'2026-08-22 08:24:52.844893100,0.014893100,0
'2026-08-22 08:24:52.844893200,0.014893200,1
'2026-08-22 08:24:52.844915400,0.014915400,0
'2026-08-22 08:24:52.844915500,0.014915500,1
'2026-08-22 08:24:52.844916500,0.014916500,0
'2026-08-22 08:24:52.844916600,0.014916600,1
'2026-08-22 08:24:52.844918800,0.014918800,0
'2026-08-22 08:24:52.844919800,0.014919800,1
'2026-08-22 08:24:52.844921200,0.014921200,0
'2026-08-22 08:24:52.844921300,0.014921300,1
'2026-08-22 08:24:52.845045600,0.015045600,0
'2026-08-22 08:24:52.845045700,0.015045700,1
'2026-08-22 08:24:52.846317400,0.016317400,0
'2026-08-22 08:24:52.846318800,0.016318800,1
'2026-08-22 08:24:52.846318900,0.016318900,0
'2026-08-22 08:24:52.846319300,0.016319300,1
'2026-08-22 08:24:52.846319700,0.016319700,0
'2026-08-22 08:24:52.846319900,0.016319900,1
'2026-08-22 08:24:52.846320000,0.016320000,0
'2026-08-22 08:24:52.846320500,0.016320500,1
'2026-08-22 08:24:52.846320600,0.016320600,0
'2026-08-22 08:24:52.846321100,0.016321100,1
'2026-08-22 08:24:52.846321200,0.016321200,0
'2026-08-22 08:24:52.846321700,0.016321700,1
'2026-08-22 08:24:52.846321800,0.016321800,0
'2026-08-22 08:24:52.846322900,0.016322900,1
'2026-08-22 08:24:52.846323000,0.016323000,0
'2026-08-22 08:24:52.846326900,0.016326900,1
'2026-08-22 08:24:52.846327000,0.016327000,0
'2026-08-22 08:24:52.846328900,0.016328900,1
'2026-08-22 08:24:52.846343400,0.016343400,0
'2026-08-22 08:24:52.846343900,0.016343900,1
'2026-08-22 08:24:52.846344000,0.016344000,0
'2026-08-22 08:24:52.846344400,0.016344400,1
'2026-08-22 08:24:52.846344600,0.016344600,0
'2026-08-22 08:24:52.846345100,0.016345100,1
'2026-08-22 08:24:52.846345200,0.016345200,0
'2026-08-22 08:24:52.846345600,0.016345600,1
'2026-08-22 08:24:52.846345700,0.016345700,0
'2026-08-22 08:24:52.846346800,0.016346800,1
'2026-08-22 08:24:52.846346900,0.016346900,0
'2026-08-22 08:24:52.846349100,0.016349100,1
'2026-08-22 08:24:52.846349200,0.016349200,0
'2026-08-22 08:24:52.846349600,0.016349600,1
'2026-08-22 08:24:52.846350400,0.016350400,0
'2026-08-22 08:24:52.846350500,0.016350500,1
'2026-08-22 08:24:52.846350600,0.016350600,0
'2026-08-22 08:24:52.846351000,0.016351000,1
'2026-08-22 08:24:52.846351100,0.016351100,0
'2026-08-22 08:24:52.846351500,0.016351500,1
'2026-08-22 08:24:52.846351600,0.016351600,0
'2026-08-22 08:24:52.846351700,0.016351700,1
'2026-08-22 08:24:52.846351800,0.016351800,0
'2026-08-22 08:24:52.846351900,0.016351900,1
'2026-08-22 08:24:52.846352200,0.016352200,0
'2026-08-22 08:24:52.846353200,0.016353200,1
'2026-08-22 08:24:52.846353300,0.016353300,0
'2026-08-22 08:24:52.846353800,0.016353800,1
'2026-08-22 08:24:52.846354000,0.016354000,0
'2026-08-22 08:24:52.846354100,0.016354100,1
'2026-08-22 08:24:52.846354200,0.016354200,0
'2026-08-22 08:24:52.846355000,0.016355000,1
'2026-08-22 08:24:52.846369800,0.016369800,0
'2026-08-22 08:24:52.846369900,0.016369900,1
'2026-08-22 08:24:52.846370000,0.016370000,0
'2026-08-22 08:24:52.846370100,0.016370100,1
'2026-08-22 08:24:52.846370300,0.016370300,0
'2026-08-22 08:24:52.846370600,0.016370600,1
'2026-08-22 08:24:52.846370900,0.016370900,0
'2026-08-22 08:24:52.846371000,0.016371000,1
'2026-08-22 08:24:52.846371200,0.016371200,0
'2026-08-22 08:24:52.846371300,0.016371300,1
'2026-08-22 08:24:52.846371700,0.016371700,0
'2026-08-22 08:24:52.846371900,0.016371900,1
'2026-08-22 08:24:52.846372100,0.016372100,0
'2026-08-22 08:24:52.846372500,0.016372500,1
'2026-08-22 08:24:52.846372600,0.016372600,0
'2026-08-22 08:24:52.846372800,0.016372800,1
'2026-08-22 08:24:52.846372900,0.016372900,0
'2026-08-22 08:24:52.846373100,0.016373100,1
'2026-08-22 08:24:52.846373200,0.016373200,0
'2026-08-22 08:24:52.846373500,0.016373500,1
'2026-08-22 08:24:52.846373800,0.016373800,0
'2026-08-22 08:24:52.846374800,0.016374800,1
'2026-08-22 08:24:52.846374900,0.016374900,0
'2026-08-22 08:24:52.846375400,0.016375400,1
'2026-08-22 08:24:52.846375600,0.016375600,0
'2026-08-22 08:24:52.846375800,0.016375800,1
'2026-08-22 08:24:52.846376200,0.016376200,0
'2026-08-22 08:24:52.846376300,0.016376300,1
'2026-08-22 08:24:52.846376400,0.016376400,0
'2026-08-22 08:24:52.846376800,0.016376800,1
'2026-08-22 08:24:52.846376900,0.016376900,0
'2026-08-22 08:24:52.846377000,0.016377000,1
'2026-08-22 08:24:52.846377300,0.016377300,0
'2026-08-22 08:24:52.846377700,0.016377700,1
'2026-08-22 08:24:52.846377800,0.016377800,0
'2026-08-22 08:24:52.846377900,0.016377900,1
'2026-08-22 08:24:52.846378000,0.016378000,0
'2026-08-22 08:24:52.846378300,0.016378300,1
'2026-08-22 08:24:52.846378400,0.016378400,0
'2026-08-22 08:24:52.846379500,0.016379500,1
'2026-08-22 08:24:52.846379600,0.016379600,0
'2026-08-22 08:24:52.846380100,0.016380100,1
'2026-08-22 08:24:52.846380200,0.016380200,0
'2026-08-22 08:24:52.846380600,0.016380600,1
'2026-08-22 08:24:52.846380700,0.016380700,0
'2026-08-22 08:24:52.846381100,0.016381100,1
'2026-08-22 08:24:52.846397200,0.016397200,0
'2026-08-22 08:24:52.846397500,0.016397500,1
'2026-08-22 08:24:52.846397800,0.016397800,0
'2026-08-22 08:24:52.846398200,0.016398200,1
'2026-08-22 08:24:52.846398300,0.016398300,0
'2026-08-22 08:24:52.846398600,0.016398600,1
'2026-08-22 08:24:52.846398900,0.016398900,0
'2026-08-22 08:24:52.846399200,0.016399200,1
'2026-08-22 08:24:52.846399400,0.016399400,0
'2026-08-22 08:24:52.846399600,0.016399600,1
'2026-08-22 08:24:52.846400100,0.016400100,0
'2026-08-22 08:24:52.846400500,0.016400500,1
'2026-08-22 08:24:52.846400700,0.016400700,0
'2026-08-22 08:24:52.846401000,0.016401000,1
'2026-08-22 08:24:52.846401200,0.016401200,0
'2026-08-22 08:24:52.846401500,0.016401500,1
'2026-08-22 08:24:52.846401800,0.016401800,0
'2026-08-22 08:24:52.846402100,0.016402100,1
'2026-08-22 08:24:52.846402400,0.016402400,0
'2026-08-22 08:24:52.846402900,0.016402900,1
'2026-08-22 08:24:52.846403000,0.016403000,0
'2026-08-22 08:24:52.846403100,0.016403100,1
'2026-08-22 08:24:52.846403600,0.016403600,0
'2026-08-22 08:24:52.846403700,0.016403700,1
'2026-08-22 08:24:52.846403800,0.016403800,0
'2026-08-22 08:24:52.846403900,0.016403900,1
'2026-08-22 08:24:52.846404400,0.016404400,0
'2026-08-22 08:24:52.846405100,0.016405100,1
'2026-08-22 08:24:52.846405300,0.016405300,0
'2026-08-22 08:24:52.846405700,0.016405700,1
'2026-08-22 08:24:52.846405900,0.016405900,0
'2026-08-22 08:24:52.846406000,0.016406000,1
'2026-08-22 08:24:52.846406200,0.016406200,0
'2026-08-22 08:24:52.846406300,0.016406300,1
'2026-08-22 08:24:52.846406500,0.016406500,0
'2026-08-22 08:24:52.846406800,0.016406800,1
'2026-08-22 08:24:52.846422200,0.016422200,0
'2026-08-22 08:24:52.846422500,0.016422500,1
'2026-08-22 08:24:52.846422800,0.016422800,0
'2026-08-22 08:24:52.846422900,0.016422900,1
'2026-08-22 08:24:52.846423000,0.016423000,0
'2026-08-22 08:24:52.846423100,0.016423100,1
'2026-08-22 08:24:52.846423200,0.016423200,0
'2026-08-22 08:24:52.846423300,0.016423300,1
'2026-08-22 08:24:52.846423500,0.016423500,0
'2026-08-22 08:24:52.846423700,0.016423700,1
'2026-08-22 08:24:52.846424000,0.016424000,0
'2026-08-22 08:24:52.846424200,0.016424200,1
'2026-08-22 08:24:52.846424300,0.016424300,0
'2026-08-22 08:24:52.846424400,0.016424400,1
'2026-08-22 08:24:52.846424800,0.016424800,0
'2026-08-22 08:24:52.846424900,0.016424900,1
'2026-08-22 08:24:52.846425200,0.016425200,0
'2026-08-22 08:24:52.846425300,0.016425300,1
'2026-08-22 08:24:52.846425400,0.016425400,0
'2026-08-22 08:24:52.846425600,0.016425600,1
'2026-08-22 08:24:52.846425900,0.016425900,0
'2026-08-22 08:24:52.846426100,0.016426100,1
'2026-08-22 08:24:52.846428400,0.016428400,0
'2026-08-22 08:24:52.846428500,0.016428500,1
'2026-08-22 08:24:52.846428600,0.016428600,0
'2026-08-22 08:24:52.846428700,0.016428700,1
'2026-08-22 08:24:52.846428800,0.016428800,0
'2026-08-22 08:24:52.846429000,0.016429000,1
'2026-08-22 08:24:52.846429400,0.016429400,0
'2026-08-22 08:24:52.846429500,0.016429500,1
'2026-08-22 08:24:52.846429800,0.016429800,0
'2026-08-22 08:24:52.846429900,0.016429900,1
'2026-08-22 08:24:52.846430400,0.016430400,0
'2026-08-22 08:24:52.846430500,0.016430500,1
'2026-08-22 08:24:52.846431600,0.016431600,0
'2026-08-22 08:24:52.846432000,0.016432000,1
'2026-08-22 08:24:52.846432100,0.016432100,0
'2026-08-22 08:24:52.846432500,0.016432500,1
'2026-08-22 08:24:52.846432800,0.016432800,0
'2026-08-22 08:24:52.846433200,0.016433200,1
'2026-08-22 08:24:52.846451700,0.016451700,0
'2026-08-22 08:24:52.846451800,0.016451800,1
'2026-08-22 08:24:52.846452100,0.016452100,0
'2026-08-22 08:24:52.846452300,0.016452300,1
'2026-08-22 08:24:52.846452400,0.016452400,0
'2026-08-22 08:24:52.846452500,0.016452500,1
'2026-08-22 08:24:52.846452800,0.016452800,0
'2026-08-22 08:24:52.846452900,0.016452900,1
'2026-08-22 08:24:52.846453200,0.016453200,0
'2026-08-22 08:24:52.846453500,0.016453500,1
'2026-08-22 08:24:52.846453600,0.016453600,0
'2026-08-22 08:24:52.846453700,0.016453700,1
'2026-08-22 08:24:52.846453800,0.016453800,0
'2026-08-22 08:24:52.846454200,0.016454200,1
'2026-08-22 08:24:52.846454400,0.016454400,0
'2026-08-22 08:24:52.846454700,0.016454700,1
'2026-08-22 08:24:52.846455000,0.016455000,0
'2026-08-22 08:24:52.846455400,0.016455400,1
'2026-08-22 08:24:52.846455500,0.016455500,0
'2026-08-22 08:24:52.846455900,0.016455900,1
'2026-08-22 08:24:52.846456100,0.016456100,0
'2026-08-22 08:24:52.846456500,0.016456500,1
'2026-08-22 08:24:52.846457400,0.016457400,0
'2026-08-22 08:24:52.846457500,0.016457500,1
'2026-08-22 08:24:52.846475000,0.016475000,0
'2026-08-22 08:24:52.846475100,0.016475100,1
'2026-08-22 08:24:52.846475500,0.016475500,0
'2026-08-22 08:24:52.846475700,0.016475700,1
'2026-08-22 08:24:52.846476200,0.016476200,0
'2026-08-22 08:24:52.846476300,0.016476300,1
'2026-08-22 08:24:52.846483100,0.016483100,0
'2026-08-22 08:24:52.846483300,0.016483300,1
'2026-08-22 08:24:52.846483500,0.016483500,0
'2026-08-22 08:24:52.846483700,0.016483700,1
'2026-08-22 08:24:52.846484200,0.016484200,0
'2026-08-22 08:24:52.846484300,0.016484300,1
'2026-08-22 08:24:52.846485000,0.016485000,0
'2026-08-22 08:24:52.846485100,0.016485100,1
'2026-08-22 08:24:52.846504500,0.016504500,0
'2026-08-22 08:24:52.846504600,0.016504600,1
'2026-08-22 08:24:52.846504700,0.016504700,0
'2026-08-22 08:24:52.846504800,0.016504800,1
'2026-08-22 08:24:52.846505900,0.016505900,0
'2026-08-22 08:24:52.846506100,0.016506100,1
'2026-08-22 08:24:52.846506600,0.016506600,0
'2026-08-22 08:24:52.846506700,0.016506700,1
'2026-08-22 08:24:52.846506800,0.016506800,0
'2026-08-22 08:24:52.846506900,0.016506900,1
'2026-08-22 08:24:52.846507000,0.016507000,0
'2026-08-22 08:24:52.846507100,0.016507100,1
'2026-08-22 08:24:52.846507200,0.016507200,0
'2026-08-22 08:24:52.846507300,0.016507300,1
'2026-08-22 08:24:52.846508800,0.016508800,0
'2026-08-22 08:24:52.846508900,0.016508900,1
'2026-08-22 08:24:52.846535400,0.016535400,0
'2026-08-22 08:24:52.846535700,0.016535700,1
'2026-08-22 08:24:52.846535800,0.016535800,0
'2026-08-22 08:24:52.846535900,0.016535900,1
'2026-08-22 08:24:52.846536000,0.016536000,0
'2026-08-22 08:24:52.846536100,0.016536100,1
'2026-08-22 08:24:52.846584600,0.016584600,0
'2026-08-22 08:24:52.846584700,0.016584700,1
'2026-08-22 08:24:52.846585800,0.016585800,0
'2026-08-22 08:24:52.846585900,0.016585900,1
'2026-08-22 08:24:52.846615400,0.016615400,0
'2026-08-22 08:24:52.846615500,0.016615500,1
'2026-08-22 08:24:52.847126000,0.017126000,0
'2026-08-22 08:24:52.847126100,0.017126100,1
'2026-08-22 08:24:52.847126300,0.017126300,0
'2026-08-22 08:24:52.847126900,0.017126900,1
'2026-08-22 08:24:52.847127000,0.017127000,0
'2026-08-22 08:24:52.847127400,0.017127400,1
'2026-08-22 08:24:52.847127600,0.017127600,0
'2026-08-22 08:24:52.847128000,0.017128000,1
'2026-08-22 08:24:52.847128100,0.017128100,0
'2026-08-22 08:24:52.847128400,0.017128400,1
'2026-08-22 08:24:52.847128800,0.017128800,0
'2026-08-22 08:24:52.847129100,0.017129100,1
'2026-08-22 08:24:52.847129400,0.017129400,0
'2026-08-22 08:24:52.847129500,0.017129500,1
'2026-08-22 08:24:52.847129600,0.017129600,0
'2026-08-22 08:24:52.847129700,0.017129700,1
'2026-08-22 08:24:52.847130000,0.017130000,0
'2026-08-22 08:24:52.847130100,0.017130100,1
'2026-08-22 08:24:52.847130200,0.017130200,0
'2026-08-22 08:24:52.847130300,0.017130300,1
'2026-08-22 08:24:52.847131200,0.017131200,0
'2026-08-22 08:24:52.847131300,0.017131300,1
'2026-08-22 08:24:52.847134600,0.017134600,0
'2026-08-22 08:24:52.847134700,0.017134700,1
'2026-08-22 08:24:52.847135300,0.017135300,0
'2026-08-22 08:24:52.847135600,0.017135600,1
'2026-08-22 08:24:52.847135800,0.017135800,0
'2026-08-22 08:24:52.847136100,0.017136100,1
'2026-08-22 08:24:52.847136600,0.017136600,0
'2026-08-22 08:24:52.847136800,0.017136800,1
'2026-08-22 08:24:52.847137000,0.017137000,0
'2026-08-22 08:24:52.847137100,0.017137100,1
'2026-08-22 08:24:52.847155600,0.017155600,0
'2026-08-22 08:24:52.847155700,0.017155700,1
'2026-08-22 08:24:52.847156100,0.017156100,0
'2026-08-22 08:24:52.847156200,0.017156200,1
'2026-08-22 08:24:52.847157300,0.017157300,0
'2026-08-22 08:24:52.847157800,0.017157800,1
'2026-08-22 08:24:52.847157900,0.017157900,0
'2026-08-22 08:24:52.847158100,0.017158100,1
'2026-08-22 08:24:52.847158200,0.017158200,0
'2026-08-22 08:24:52.847158300,0.017158300,1
'2026-08-22 08:24:52.847158700,0.017158700,0
'2026-08-22 08:24:52.847159000,0.017159000,1
'2026-08-22 08:24:52.847159100,0.017159100,0
'2026-08-22 08:24:52.847159500,0.017159500,1
'2026-08-22 08:24:52.847159700,0.017159700,0
'2026-08-22 08:24:52.847160100,0.017160100,1
'2026-08-22 08:24:52.847160300,0.017160300,0
'2026-08-22 08:24:52.847160500,0.017160500,1
'2026-08-22 08:24:52.847161000,0.017161000,0
'2026-08-22 08:24:52.847161300,0.017161300,1
'2026-08-22 08:24:52.847178600,0.017178600,0
'2026-08-22 08:24:52.847178700,0.017178700,1
'2026-08-22 08:24:52.847179600,0.017179600,0
'2026-08-22 08:24:52.847179900,0.017179900,1
'2026-08-22 08:24:52.847180200,0.017180200,0
'2026-08-22 08:24:52.847180300,0.017180300,1
'2026-08-22 08:24:52.847180400,0.017180400,0
'2026-08-22 08:24:52.847180500,0.017180500,1
'2026-08-22 08:24:52.847182100,0.017182100,0
'2026-08-22 08:24:52.847182300,0.017182300,1
'2026-08-22 08:24:52.847182500,0.017182500,0
'2026-08-22 08:24:52.847182600,0.017182600,1
'2026-08-22 08:24:52.847183800,0.017183800,0
'2026-08-22 08:24:52.847183900,0.017183900,1
'2026-08-22 08:24:52.847210700,0.017210700,0
'2026-08-22 08:24:52.847210800,0.017210800,1
'2026-08-22 08:24:52.847211200,0.017211200,0
'2026-08-22 08:24:52.847211300,0.017211300,1
'2026-08-22 08:24:52.847212000,0.017212000,0
'2026-08-22 08:24:52.847212100,0.017212100,1
'2026-08-22 08:24:52.847231000,0.017231000,0
'2026-08-22 08:24:52.847231100,0.017231100,1
'2026-08-22 08:24:52.847238200,0.017238200,0
'2026-08-22 08:24:52.847238300,0.017238300,1
'2026-08-22 08:24:52.847238600,0.017238600,0
'2026-08-22 08:24:52.847238700,0.017238700,1
'2026-08-22 08:24:52.847239800,0.017239800,0
'2026-08-22 08:24:52.847239900,0.017239900,1
'2026-08-22 08:24:52.847260200,0.017260200,0
'2026-08-22 08:24:52.847260300,0.017260300,1
'2026-08-22 08:24:52.847313500,0.017313500,0
'2026-08-22 08:24:52.847313600,0.017313600,1
'2026-08-22 08:24:52.847342000,0.017342000,0
'2026-08-22 08:24:52.847342100,0.017342100,1
'2026-08-22 08:24:52.847390000,0.017390000,0
'2026-08-22 08:24:52.847390100,0.017390100,1
'2026-08-22 08:24:52.847961600,0.017961600,0
'2026-08-22 08:24:52.847961700,0.017961700,1
'2026-08-22 08:24:52.847963200,0.017963200,0
'2026-08-22 08:24:52.847963300,0.017963300,1
'2026-08-22 08:24:52.847963400,0.017963400,0
'2026-08-22 08:24:52.847963500,0.017963500,1
'2026-08-22 08:24:52.847963700,0.017963700,0
'2026-08-22 08:24:52.847964400,0.017964400,1
'2026-08-22 08:24:52.847964500,0.017964500,0
'2026-08-22 08:24:52.847964800,0.017964800,1
'2026-08-22 08:24:52.847965000,0.017965000,0
'2026-08-22 08:24:52.847965400,0.017965400,1
'2026-08-22 08:24:52.847965600,0.017965600,0
'2026-08-22 08:24:52.847965700,0.017965700,1
'2026-08-22 08:24:52.847966900,0.017966900,0
'2026-08-22 08:24:52.847967000,0.017967000,1
'2026-08-22 08:24:52.847967300,0.017967300,0
'2026-08-22 08:24:52.847967700,0.017967700,1
'2026-08-22 08:24:52.847971300,0.017971300,0
'2026-08-22 08:24:52.847971400,0.017971400,1
'2026-08-22 08:24:52.847986600,0.017986600,0
'2026-08-22 08:24:52.847986700,0.017986700,1
'2026-08-22 08:24:52.847991400,0.017991400,0
'2026-08-22 08:24:52.847991500,0.017991500,1
'2026-08-22 08:24:52.847992500,0.017992500,0
'2026-08-22 08:24:52.847992600,0.017992600,1
'2026-08-22 08:24:52.847994700,0.017994700,0
'2026-08-22 08:24:52.847995200,0.017995200,1
'2026-08-22 08:24:52.847995300,0.017995300,0
'2026-08-22 08:24:52.847995600,0.017995600,1
'2026-08-22 08:24:52.847996100,0.017996100,0
'2026-08-22 08:24:52.847996200,0.017996200,1
'2026-08-22 08:24:52.847996600,0.017996600,0
'2026-08-22 08:24:52.847996700,0.017996700,1
'2026-08-22 08:24:52.847997200,0.017997200,0
'2026-08-22 08:24:52.847997300,0.017997300,1
'2026-08-22 08:24:52.848014200,0.018014200,0
'2026-08-22 08:24:52.848014400,0.018014400,1
'2026-08-22 08:24:52.848014800,0.018014800,0
'2026-08-22 08:24:52.848014900,0.018014900,1
'2026-08-22 08:24:52.848015200,0.018015200,0
'2026-08-22 08:24:52.848015400,0.018015400,1
'2026-08-22 08:24:52.848017200,0.018017200,0
'2026-08-22 08:24:52.848017300,0.018017300,1
'2026-08-22 08:24:52.848044500,0.018044500,0
'2026-08-22 08:24:52.848044600,0.018044600,1
'2026-08-22 08:24:52.848047800,0.018047800,0
'2026-08-22 08:24:52.848047900,0.018047900,1
'2026-08-22 08:24:52.848099400,0.018099400,0
'2026-08-22 08:24:52.848099500,0.018099500,1
'2026-08-22 08:24:52.848173400,0.018173400,0
'2026-08-22 08:24:52.848173500,0.018173500,1
'2026-08-22 08:24:52.848772600,0.018772600,0
'2026-08-22 08:24:52.848772700,0.018772700,1
'2026-08-22 08:24:52.848774400,0.018774400,0
'2026-08-22 08:24:52.848774500,0.018774500,1
'2026-08-22 08:24:52.848777200,0.018777200,0
'2026-08-22 08:24:52.848777300,0.018777300,1
'2026-08-22 08:24:52.848777700,0.018777700,0
'2026-08-22 08:24:52.848777800,0.018777800,1
'2026-08-22 08:24:52.848778000,0.018778000,0
'2026-08-22 08:24:52.848778100,0.018778100,1
'2026-08-22 08:24:52.848779000,0.018779000,0
'2026-08-22 08:24:52.848779100,0.018779100,1
'2026-08-22 08:24:52.848779200,0.018779200,0
'2026-08-22 08:24:52.848779300,0.018779300,1
'2026-08-22 08:24:52.848795800,0.018795800,0
'2026-08-22 08:24:52.848795900,0.018795900,1
'2026-08-22 08:24:52.848798400,0.018798400,0
'2026-08-22 08:24:52.848798600,0.018798600,1
'2026-08-22 08:24:52.848798900,0.018798900,0
'2026-08-22 08:24:52.848799000,0.018799000,1
'2026-08-22 08:24:52.848799400,0.018799400,0
'2026-08-22 08:24:52.848799500,0.018799500,1
'2026-08-22 08:24:52.848802900,0.018802900,0
'2026-08-22 08:24:52.848803000,0.018803000,1
'2026-08-22 08:24:52.848803400,0.018803400,0
'2026-08-22 08:24:52.848803600,0.018803600,1
'2026-08-22 08:24:52.848821500,0.018821500,0
'2026-08-22 08:24:52.848821600,0.018821600,1
'2026-08-22 08:24:52.848828100,0.018828100,0
'2026-08-22 08:24:52.848828200,0.018828200,1
'2026-08-22 08:24:52.848829800,0.018829800,0
'2026-08-22 08:24:52.848829900,0.018829900,1
'2026-08-22 08:24:52.848831400,0.018831400,0
'2026-08-22 08:24:52.848831500,0.018831500,1
'2026-08-22 08:24:52.848831600,0.018831600,0
'2026-08-22 08:24:52.848831700,0.018831700,1
'2026-08-22 08:24:52.848881900,0.018881900,0
'2026-08-22 08:24:52.848882000,0.018882000,1
'2026-08-22 08:24:52.848882400,0.018882400,0
'2026-08-22 08:24:52.848882500,0.018882500,1
'2026-08-22 08:24:52.848882900,0.018882900,0
'2026-08-22 08:24:52.848883100,0.018883100,1
'2026-08-22 08:24:52.848902200,0.018902200,0
'2026-08-22 08:24:52.848902300,0.018902300,1
'2026-08-22 08:24:52.848928900,0.018928900,0
'2026-08-22 08:24:52.848929000,0.018929000,1
'2026-08-22 08:24:52.848954800,0.018954800,0
'2026-08-22 08:24:52.848954900,0.018954900,1
'2026-08-22 08:24:52.850393500,0.020393500,0
'2026-08-22 08:24:52.850393600,0.020393600,1
'2026-08-22 08:24:52.850393900,0.020393900,0
'2026-08-22 08:24:52.850394200,0.020394200,1
'2026-08-22 08:24:52.850394500,0.020394500,0
'2026-08-22 08:24:52.850394600,0.020394600,1
'2026-08-22 08:24:52.850394800,0.020394800,0
'2026-08-22 08:24:52.850394900,0.020394900,1
'2026-08-22 08:24:52.850395000,0.020395000,0
'2026-08-22 08:24:52.850395100,0.020395100,1
'2026-08-22 08:24:52.850395200,0.020395200,0
'2026-08-22 08:24:52.850396000,0.020396000,1
'2026-08-22 08:24:52.850410300,0.020410300,0
'2026-08-22 08:24:52.850411300,0.020411300,1
'2026-08-22 08:24:52.850411400,0.020411400,0
'2026-08-22 08:24:52.850412500,0.020412500,1
'2026-08-22 08:24:52.850412600,0.020412600,0
'2026-08-22 08:24:52.850413100,0.020413100,1
'2026-08-22 08:24:52.850413200,0.020413200,0
'2026-08-22 08:24:52.850414200,0.020414200,1
'2026-08-22 08:24:52.850414300,0.020414300,0
'2026-08-22 08:24:52.850414500,0.020414500,1
'2026-08-22 08:24:52.850414700,0.020414700,0
'2026-08-22 08:24:52.850415400,0.020415400,1
'2026-08-22 08:24:52.850415500,0.020415500,0
'2026-08-22 08:24:52.850422000,0.020422000,1
'2026-08-22 08:24:52.850436600,0.020436600,0
'2026-08-22 08:24:52.850436900,0.020436900,1
'2026-08-22 08:24:52.850437100,0.020437100,0
'2026-08-22 08:24:52.850438200,0.020438200,1
'2026-08-22 08:24:52.850438300,0.020438300,0
'2026-08-22 08:24:52.850442300,0.020442300,1
'2026-08-22 08:24:52.850442400,0.020442400,0
'2026-08-22 08:24:52.850442700,0.020442700,1
'2026-08-22 08:24:52.850443100,0.020443100,0
'2026-08-22 08:24:52.850443200,0.020443200,1
'2026-08-22 08:24:52.850443300,0.020443300,0
'2026-08-22 08:24:52.850443400,0.020443400,1
'2026-08-22 08:24:52.850443600,0.020443600,0
'2026-08-22 08:24:52.850443700,0.020443700,1
'2026-08-22 08:24:52.850443800,0.020443800,0
'2026-08-22 08:24:52.850444000,0.020444000,1
'2026-08-22 08:24:52.850444100,0.020444100,0
'2026-08-22 08:24:52.850444500,0.020444500,1
'2026-08-22 08:24:52.850444700,0.020444700,0
'2026-08-22 08:24:52.850444900,0.020444900,1
'2026-08-22 08:24:52.850445300,0.020445300,0
'2026-08-22 08:24:52.850445500,0.020445500,1
'2026-08-22 08:24:52.850446000,0.020446000,0
'2026-08-22 08:24:52.850446300,0.020446300,1
'2026-08-22 08:24:52.850446500,0.020446500,0
'2026-08-22 08:24:52.850446900,0.020446900,1
'2026-08-22 08:24:52.850447000,0.020447000,0
'2026-08-22 08:24:52.850448100,0.020448100,1
'2026-08-22 08:24:52.850462400,0.020462400,0
'2026-08-22 08:24:52.850462500,0.020462500,1
'2026-08-22 08:24:52.850462600,0.020462600,0
'2026-08-22 08:24:52.850462700,0.020462700,1
'2026-08-22 08:24:52.850462800,0.020462800,0
'2026-08-22 08:24:52.850463300,0.020463300,1
'2026-08-22 08:24:52.850463400,0.020463400,0
'2026-08-22 08:24:52.850463700,0.020463700,1
'2026-08-22 08:24:52.850463800,0.020463800,0
'2026-08-22 08:24:52.850463900,0.020463900,1
'2026-08-22 08:24:52.850464000,0.020464000,0
'2026-08-22 08:24:52.850464100,0.020464100,1
'2026-08-22 08:24:52.850464700,0.020464700,0
'2026-08-22 08:24:52.850464900,0.020464900,1
'2026-08-22 08:24:52.850465400,0.020465400,0
'2026-08-22 08:24:52.850465600,0.020465600,1
'2026-08-22 08:24:52.850465700,0.020465700,0
'2026-08-22 08:24:52.850466000,0.020466000,1
'2026-08-22 08:24:52.850466100,0.020466100,0
'2026-08-22 08:24:52.850466200,0.020466200,1
'2026-08-22 08:24:52.850466600,0.020466600,0
'2026-08-22 08:24:52.850466800,0.020466800,1
'2026-08-22 08:24:52.850467100,0.020467100,0
'2026-08-22 08:24:52.850467200,0.020467200,1
'2026-08-22 08:24:52.850467400,0.020467400,0
'2026-08-22 08:24:52.850468100,0.020468100,1
'2026-08-22 08:24:52.850468200,0.020468200,0
'2026-08-22 08:24:52.850468500,0.020468500,1
'2026-08-22 08:24:52.850468700,0.020468700,0
'2026-08-22 08:24:52.850469100,0.020469100,1
'2026-08-22 08:24:52.850469200,0.020469200,0
'2026-08-22 08:24:52.850469700,0.020469700,1
'2026-08-22 08:24:52.850469800,0.020469800,0
'2026-08-22 08:24:52.850470300,0.020470300,1
'2026-08-22 08:24:52.850470400,0.020470400,0
'2026-08-22 08:24:52.850470800,0.020470800,1
'2026-08-22 08:24:52.850471000,0.020471000,0
'2026-08-22 08:24:52.850471800,0.020471800,1
'2026-08-22 08:24:52.850471900,0.020471900,0
'2026-08-22 08:24:52.850472000,0.020472000,1
'2026-08-22 08:24:52.850472200,0.020472200,0
'2026-08-22 08:24:52.850473100,0.020473100,1
'2026-08-22 08:24:52.850473300,0.020473300,0
'2026-08-22 08:24:52.850473800,0.020473800,1
'2026-08-22 08:24:52.850488800,0.020488800,0
'2026-08-22 08:24:52.850488900,0.020488900,1
'2026-08-22 08:24:52.850489900,0.020489900,0
'2026-08-22 08:24:52.850490100,0.020490100,1
'2026-08-22 08:24:52.850490300,0.020490300,0
'2026-08-22 08:24:52.850490700,0.020490700,1
'2026-08-22 08:24:52.850490800,0.020490800,0
'2026-08-22 08:24:52.850491000,0.020491000,1
'2026-08-22 08:24:52.850491100,0.020491100,0
'2026-08-22 08:24:52.850491200,0.020491200,1
'2026-08-22 08:24:52.850491600,0.020491600,0
'2026-08-22 08:24:52.850491800,0.020491800,1
'2026-08-22 08:24:52.850492400,0.020492400,0
'2026-08-22 08:24:52.850492600,0.020492600,1
'2026-08-22 08:24:52.850492700,0.020492700,0
'2026-08-22 08:24:52.850493100,0.020493100,1
'2026-08-22 08:24:52.850493200,0.020493200,0
'2026-08-22 08:24:52.850493300,0.020493300,1
'2026-08-22 08:24:52.850493400,0.020493400,0
'2026-08-22 08:24:52.850493500,0.020493500,1
'2026-08-22 08:24:52.850494000,0.020494000,0
'2026-08-22 08:24:52.850494100,0.020494100,1
'2026-08-22 08:24:52.850495100,0.020495100,0
'2026-08-22 08:24:52.850495300,0.020495300,1
'2026-08-22 08:24:52.850495700,0.020495700,0
'2026-08-22 08:24:52.850495800,0.020495800,1
'2026-08-22 08:24:52.850496200,0.020496200,0
'2026-08-22 08:24:52.850496600,0.020496600,1
'2026-08-22 08:24:52.850497300,0.020497300,0
'2026-08-22 08:24:52.850497700,0.020497700,1
'2026-08-22 08:24:52.850497800,0.020497800,0
'2026-08-22 08:24:52.850498700,0.020498700,1
'2026-08-22 08:24:52.850498800,0.020498800,0
'2026-08-22 08:24:52.850498900,0.020498900,1
'2026-08-22 08:24:52.850499000,0.020499000,0
'2026-08-22 08:24:52.850499500,0.020499500,1
'2026-08-22 08:24:52.850499600,0.020499600,0
'2026-08-22 08:24:52.850499700,0.020499700,1
'2026-08-22 08:24:52.850499800,0.020499800,0
'2026-08-22 08:24:52.850500100,0.020500100,1
'2026-08-22 08:24:52.850500200,0.020500200,0
'2026-08-22 08:24:52.850500300,0.020500300,1
'2026-08-22 08:24:52.850516200,0.020516200,0
'2026-08-22 08:24:52.850516300,0.020516300,1
'2026-08-22 08:24:52.850516600,0.020516600,0
'2026-08-22 08:24:52.850517200,0.020517200,1
'2026-08-22 08:24:52.850517300,0.020517300,0
'2026-08-22 08:24:52.850517500,0.020517500,1
'2026-08-22 08:24:52.850517900,0.020517900,0
'2026-08-22 08:24:52.850518200,0.020518200,1
'2026-08-22 08:24:52.850518300,0.020518300,0
'2026-08-22 08:24:52.850518700,0.020518700,1
'2026-08-22 08:24:52.850518900,0.020518900,0
'2026-08-22 08:24:52.850519300,0.020519300,1
'2026-08-22 08:24:52.850519500,0.020519500,0
'2026-08-22 08:24:52.850519700,0.020519700,1
'2026-08-22 08:24:52.850519800,0.020519800,0
'2026-08-22 08:24:52.850519900,0.020519900,1
'2026-08-22 08:24:52.850520100,0.020520100,0
'2026-08-22 08:24:52.850520500,0.020520500,1
'2026-08-22 08:24:52.850520600,0.020520600,0
'2026-08-22 08:24:52.850520700,0.020520700,1
'2026-08-22 08:24:52.850520800,0.020520800,0
'2026-08-22 08:24:52.850520900,0.020520900,1
'2026-08-22 08:24:52.850521400,0.020521400,0
'2026-08-22 08:24:52.850521600,0.020521600,1
'2026-08-22 08:24:52.850522400,0.020522400,0
'2026-08-22 08:24:52.850522600,0.020522600,1
'2026-08-22 08:24:52.850523000,0.020523000,0
'2026-08-22 08:24:52.850523100,0.020523100,1
'2026-08-22 08:24:52.850525100,0.020525100,0
'2026-08-22 08:24:52.850525200,0.020525200,1
'2026-08-22 08:24:52.850526000,0.020526000,0
'2026-08-22 08:24:52.850526300,0.020526300,1
'2026-08-22 08:24:52.850541200,0.020541200,0
'2026-08-22 08:24:52.850541300,0.020541300,1
'2026-08-22 08:24:52.850542400,0.020542400,0
'2026-08-22 08:24:52.850542600,0.020542600,1
'2026-08-22 08:24:52.850543600,0.020543600,0
'2026-08-22 08:24:52.850543700,0.020543700,1
'2026-08-22 08:24:52.850546000,0.020546000,0
'2026-08-22 08:24:52.850546100,0.020546100,1
'2026-08-22 08:24:52.850546500,0.020546500,0
'2026-08-22 08:24:52.850546800,0.020546800,1
'2026-08-22 08:24:52.850547000,0.020547000,0
'2026-08-22 08:24:52.850547300,0.020547300,1
'2026-08-22 08:24:52.850547800,0.020547800,0
'2026-08-22 08:24:52.850548000,0.020548000,1
'2026-08-22 08:24:52.850548200,0.020548200,0
'2026-08-22 08:24:52.850548500,0.020548500,1
'2026-08-22 08:24:52.850548700,0.020548700,0
'2026-08-22 08:24:52.850549100,0.020549100,1
'2026-08-22 08:24:52.850549300,0.020549300,0
'2026-08-22 08:24:52.850549700,0.020549700,1
'2026-08-22 08:24:52.850550000,0.020550000,0
'2026-08-22 08:24:52.850550100,0.020550100,1
'2026-08-22 08:24:52.850550200,0.020550200,0
'2026-08-22 08:24:52.850550300,0.020550300,1
'2026-08-22 08:24:52.850567500,0.020567500,0
'2026-08-22 08:24:52.850567600,0.020567600,1
'2026-08-22 08:24:52.850568600,0.020568600,0
'2026-08-22 08:24:52.850568900,0.020568900,1
'2026-08-22 08:24:52.850569300,0.020569300,0
'2026-08-22 08:24:52.850569500,0.020569500,1
'2026-08-22 08:24:52.850572200,0.020572200,0
'2026-08-22 08:24:52.850572300,0.020572300,1
'2026-08-22 08:24:52.850572400,0.020572400,0
'2026-08-22 08:24:52.850572500,0.020572500,1
'2026-08-22 08:24:52.850575500,0.020575500,0
'2026-08-22 08:24:52.850575600,0.020575600,1
'2026-08-22 08:24:52.850577000,0.020577000,0
'2026-08-22 08:24:52.850577100,0.020577100,1
'2026-08-22 08:24:52.850577400,0.020577400,0
'2026-08-22 08:24:52.850577500,0.020577500,1
'2026-08-22 08:24:52.850596600,0.020596600,0
'2026-08-22 08:24:52.850596700,0.020596700,1
'2026-08-22 08:24:52.850598400,0.020598400,0
'2026-08-22 08:24:52.850598600,0.020598600,1
'2026-08-22 08:24:52.850599200,0.020599200,0
'2026-08-22 08:24:52.850599300,0.020599300,1
'2026-08-22 08:24:52.850600200,0.020600200,0
'2026-08-22 08:24:52.850600300,0.020600300,1
'2026-08-22 08:24:52.850600400,0.020600400,0
'2026-08-22 08:24:52.850600500,0.020600500,1
'2026-08-22 08:24:52.850601400,0.020601400,0
'2026-08-22 08:24:52.850601500,0.020601500,1
'2026-08-22 08:24:52.850621100,0.020621100,0
'2026-08-22 08:24:52.850621300,0.020621300,1
'2026-08-22 08:24:52.850628300,0.020628300,0
'2026-08-22 08:24:52.850628400,0.020628400,1
'2026-08-22 08:24:52.850628800,0.020628800,0
'2026-08-22 08:24:52.850628900,0.020628900,1
'2026-08-22 08:24:52.850648200,0.020648200,0
'2026-08-22 08:24:52.850648300,0.020648300,1
'2026-08-22 08:24:52.850648600,0.020648600,0
'2026-08-22 08:24:52.850648700,0.020648700,1
'2026-08-22 08:24:52.850653400,0.020653400,0
'2026-08-22 08:24:52.850653500,0.020653500,1
'2026-08-22 08:24:52.850654000,0.020654000,0
'2026-08-22 08:24:52.850654100,0.020654100,1
'2026-08-22 08:24:52.850682400,0.020682400,0
'2026-08-22 08:24:52.850682500,0.020682500,1
'2026-08-22 08:24:52.850730500,0.020730500,0
'2026-08-22 08:24:52.850730600,0.020730600,1
'2026-08-22 08:24:52.850732100,0.020732100,0
'2026-08-22 08:24:52.850732300,0.020732300,1
'2026-08-22 08:24:52.852007200,0.022007200,0
'2026-08-22 08:24:52.852012300,0.022012300,1
'2026-08-22 08:24:52.852026600,0.022026600,0
'2026-08-22 08:24:52.852027500,0.022027500,1
'2026-08-22 08:24:52.852027600,0.022027600,0
'2026-08-22 08:24:52.852032200,0.022032200,1
'2026-08-22 08:24:52.852032300,0.022032300,0
'2026-08-22 08:24:52.852032700,0.022032700,1
'2026-08-22 08:24:52.852032800,0.022032800,0
'2026-08-22 08:24:52.852035100,0.022035100,1
'2026-08-22 08:24:52.852035200,0.022035200,0
'2026-08-22 08:24:52.852038300,0.022038300,1
'2026-08-22 08:24:52.852052900,0.022052900,0
'2026-08-22 08:24:52.852053100,0.022053100,1
'2026-08-22 08:24:52.852053200,0.022053200,0
'2026-08-22 08:24:52.852053300,0.022053300,1
'2026-08-22 08:24:52.852053400,0.022053400,0
'2026-08-22 08:24:52.852054400,0.022054400,1
'2026-08-22 08:24:52.852054500,0.022054500,0
'2026-08-22 08:24:52.852061900,0.022061900,1
'2026-08-22 08:24:52.852062100,0.022062100,0
'2026-08-22 08:24:52.852063100,0.022063100,1
'2026-08-22 08:24:52.852063300,0.022063300,0
'2026-08-22 08:24:52.852063500,0.022063500,1
'2026-08-22 08:24:52.852063600,0.022063600,0
'2026-08-22 08:24:52.852063700,0.022063700,1
'2026-08-22 08:24:52.852063800,0.022063800,0
'2026-08-22 08:24:52.852064400,0.022064400,1
'2026-08-22 08:24:52.852079100,0.022079100,0
'2026-08-22 08:24:52.852081200,0.022081200,1
'2026-08-22 08:24:52.852081600,0.022081600,0
'2026-08-22 08:24:52.852081800,0.022081800,1
'2026-08-22 08:24:52.852082100,0.022082100,0
'2026-08-22 08:24:52.852082400,0.022082400,1
'2026-08-22 08:24:52.852082500,0.022082500,0
'2026-08-22 08:24:52.852083500,0.022083500,1
'2026-08-22 08:24:52.852083700,0.022083700,0
'2026-08-22 08:24:52.852084100,0.022084100,1
'2026-08-22 08:24:52.852084200,0.022084200,0
'2026-08-22 08:24:52.852084500,0.022084500,1
'2026-08-22 08:24:52.852084900,0.022084900,0
'2026-08-22 08:24:52.852085300,0.022085300,1
'2026-08-22 08:24:52.852085400,0.022085400,0
'2026-08-22 08:24:52.852085500,0.022085500,1
'2026-08-22 08:24:52.852085600,0.022085600,0
'2026-08-22 08:24:52.852085900,0.022085900,1
'2026-08-22 08:24:52.852086000,0.022086000,0
'2026-08-22 08:24:52.852086500,0.022086500,1
'2026-08-22 08:24:52.852086600,0.022086600,0
'2026-08-22 08:24:52.852087200,0.022087200,1
'2026-08-22 08:24:52.852087300,0.022087300,0
'2026-08-22 08:24:52.852088800,0.022088800,1
'2026-08-22 08:24:52.852089000,0.022089000,0
'2026-08-22 08:24:52.852090000,0.022090000,1
'2026-08-22 08:24:52.852090100,0.022090100,0
'2026-08-22 08:24:52.852090500,0.022090500,1
'2026-08-22 08:24:52.852105800,0.022105800,0
'2026-08-22 08:24:52.852106000,0.022106000,1
'2026-08-22 08:24:52.852106100,0.022106100,0
'2026-08-22 08:24:52.852106300,0.022106300,1
'2026-08-22 08:24:52.852106400,0.022106400,0
'2026-08-22 08:24:52.852106500,0.022106500,1
'2026-08-22 08:24:52.852106600,0.022106600,0
'2026-08-22 08:24:52.852106900,0.022106900,1
'2026-08-22 08:24:52.852107000,0.022107000,0
'2026-08-22 08:24:52.852107500,0.022107500,1
'2026-08-22 08:24:52.852107600,0.022107600,0
'2026-08-22 08:24:52.852107900,0.022107900,1
'2026-08-22 08:24:52.852108000,0.022108000,0
'2026-08-22 08:24:52.852108100,0.022108100,1
'2026-08-22 08:24:52.852108200,0.022108200,0
'2026-08-22 08:24:52.852108600,0.022108600,1
'2026-08-22 08:24:52.852108800,0.022108800,0
'2026-08-22 08:24:52.852109800,0.022109800,1
'2026-08-22 08:24:52.852110100,0.022110100,0
'2026-08-22 08:24:52.852110200,0.022110200,1
'2026-08-22 08:24:52.852110500,0.022110500,0
'2026-08-22 08:24:52.852110600,0.022110600,1
'2026-08-22 08:24:52.852110700,0.022110700,0
'2026-08-22 08:24:52.852111000,0.022111000,1
'2026-08-22 08:24:52.852111100,0.022111100,0
'2026-08-22 08:24:52.852111600,0.022111600,1
'2026-08-22 08:24:52.852111800,0.022111800,0
'2026-08-22 08:24:52.852111900,0.022111900,1
'2026-08-22 08:24:52.852112000,0.022112000,0
'2026-08-22 08:24:52.852112100,0.022112100,1
'2026-08-22 08:24:52.852112400,0.022112400,0
'2026-08-22 08:24:52.852112600,0.022112600,1
'2026-08-22 08:24:52.852113100,0.022113100,0
'2026-08-22 08:24:52.852113200,0.022113200,1
'2026-08-22 08:24:52.852113400,0.022113400,0
'2026-08-22 08:24:52.852113900,0.022113900,1
'2026-08-22 08:24:52.852114000,0.022114000,0
'2026-08-22 08:24:52.852114100,0.022114100,1
'2026-08-22 08:24:52.852114200,0.022114200,0
'2026-08-22 08:24:52.852114500,0.022114500,1
'2026-08-22 08:24:52.852114600,0.022114600,0
'2026-08-22 08:24:52.852114900,0.022114900,1
'2026-08-22 08:24:52.852115200,0.022115200,0
'2026-08-22 08:24:52.852115300,0.022115300,1
'2026-08-22 08:24:52.852115500,0.022115500,0
'2026-08-22 08:24:52.852115600,0.022115600,1
'2026-08-22 08:24:52.852115800,0.022115800,0
'2026-08-22 08:24:52.852116000,0.022116000,1
'2026-08-22 08:24:52.852116100,0.022116100,0
'2026-08-22 08:24:52.852116600,0.022116600,1
'2026-08-22 08:24:52.852131000,0.022131000,0
'2026-08-22 08:24:52.852131100,0.022131100,1
'2026-08-22 08:24:52.852131700,0.022131700,0
'2026-08-22 08:24:52.852131900,0.022131900,1
'2026-08-22 08:24:52.852132200,0.022132200,0
'2026-08-22 08:24:52.852132400,0.022132400,1
'2026-08-22 08:24:52.852133300,0.022133300,0
'2026-08-22 08:24:52.852133500,0.022133500,1
'2026-08-22 08:24:52.852133800,0.022133800,0
'2026-08-22 08:24:52.852134000,0.022134000,1
'2026-08-22 08:24:52.852134200,0.022134200,0
'2026-08-22 08:24:52.852134300,0.022134300,1
'2026-08-22 08:24:52.852135200,0.022135200,0
'2026-08-22 08:24:52.852135400,0.022135400,1
'2026-08-22 08:24:52.852135600,0.022135600,0
'2026-08-22 08:24:52.852136000,0.022136000,1
'2026-08-22 08:24:52.852136200,0.022136200,0
'2026-08-22 08:24:52.852136700,0.022136700,1
'2026-08-22 08:24:52.852136800,0.022136800,0
'2026-08-22 08:24:52.852137300,0.022137300,1
'2026-08-22 08:24:52.852137400,0.022137400,0
'2026-08-22 08:24:52.852137800,0.022137800,1
'2026-08-22 08:24:52.852138000,0.022138000,0
'2026-08-22 08:24:52.852138400,0.022138400,1
'2026-08-22 08:24:52.852138600,0.022138600,0
'2026-08-22 08:24:52.852138900,0.022138900,1
'2026-08-22 08:24:52.852139200,0.022139200,0
'2026-08-22 08:24:52.852139300,0.022139300,1
'2026-08-22 08:24:52.852139400,0.022139400,0
'2026-08-22 08:24:52.852139600,0.022139600,1
'2026-08-22 08:24:52.852139800,0.022139800,0
'2026-08-22 08:24:52.852140000,0.022140000,1
'2026-08-22 08:24:52.852140900,0.022140900,0
'2026-08-22 08:24:52.852141000,0.022141000,1
'2026-08-22 08:24:52.852141100,0.022141100,0
'2026-08-22 08:24:52.852141300,0.022141300,1
'2026-08-22 08:24:52.852141600,0.022141600,0
'2026-08-22 08:24:52.852141900,0.022141900,1
'2026-08-22 08:24:52.852142000,0.022142000,0
'2026-08-22 08:24:52.852142100,0.022142100,1
'2026-08-22 08:24:52.852142200,0.022142200,0
'2026-08-22 08:24:52.852142300,0.022142300,1
'2026-08-22 08:24:52.852157400,0.022157400,0
'2026-08-22 08:24:52.852157500,0.022157500,1
'2026-08-22 08:24:52.852157800,0.022157800,0
'2026-08-22 08:24:52.852157900,0.022157900,1
'2026-08-22 08:24:52.852158000,0.022158000,0
'2026-08-22 08:24:52.852158200,0.022158200,1
'2026-08-22 08:24:52.852158600,0.022158600,0
'2026-08-22 08:24:52.852158700,0.022158700,1
'2026-08-22 08:24:52.852159200,0.022159200,0
'2026-08-22 08:24:52.852159400,0.022159400,1
'2026-08-22 08:24:52.852159600,0.022159600,0
'2026-08-22 08:24:52.852159700,0.022159700,1
'2026-08-22 08:24:52.852164200,0.022164200,0
'2026-08-22 08:24:52.852164300,0.022164300,1
'2026-08-22 08:24:52.852164600,0.022164600,0
'2026-08-22 08:24:52.852164700,0.022164700,1
'2026-08-22 08:24:52.852164800,0.022164800,0
'2026-08-22 08:24:52.852166400,0.022166400,1
'2026-08-22 08:24:52.852166500,0.022166500,0
'2026-08-22 08:24:52.852166600,0.022166600,1
'2026-08-22 08:24:52.852166700,0.022166700,0
'2026-08-22 08:24:52.852167000,0.022167000,1
'2026-08-22 08:24:52.852167200,0.022167200,0
'2026-08-22 08:24:52.852168200,0.022168200,1
'2026-08-22 08:24:52.852168300,0.022168300,0
'2026-08-22 08:24:52.852168700,0.022168700,1
'2026-08-22 08:24:52.852184200,0.022184200,0
'2026-08-22 08:24:52.852184400,0.022184400,1
'2026-08-22 08:24:52.852185400,0.022185400,0
'2026-08-22 08:24:52.852185700,0.022185700,1
'2026-08-22 08:24:52.852185800,0.022185800,0
'2026-08-22 08:24:52.852186200,0.022186200,1
'2026-08-22 08:24:52.852186500,0.022186500,0
'2026-08-22 08:24:52.852186900,0.022186900,1
'2026-08-22 08:24:52.852187000,0.022187000,0
'2026-08-22 08:24:52.852187300,0.022187300,1
'2026-08-22 08:24:52.852187400,0.022187400,0
'2026-08-22 08:24:52.852187500,0.022187500,1
'2026-08-22 08:24:52.852187600,0.022187600,0
'2026-08-22 08:24:52.852187700,0.022187700,1
'2026-08-22 08:24:52.852187800,0.022187800,0
'2026-08-22 08:24:52.852188000,0.022188000,1
'2026-08-22 08:24:52.852188200,0.022188200,0
'2026-08-22 08:24:52.852188700,0.022188700,1
'2026-08-22 08:24:52.852188800,0.022188800,0
'2026-08-22 08:24:52.852189200,0.022189200,1
'2026-08-22 08:24:52.852189400,0.022189400,0
'2026-08-22 08:24:52.852190300,0.022190300,1
'2026-08-22 08:24:52.852215700,0.022215700,0
'2026-08-22 08:24:52.852216000,0.022216000,1
'2026-08-22 08:24:52.852216200,0.022216200,0
'2026-08-22 08:24:52.852216300,0.022216300,1
'2026-08-22 08:24:52.852216500,0.022216500,0
'2026-08-22 08:24:52.852216700,0.022216700,1
'2026-08-22 08:24:52.852216900,0.022216900,0
'2026-08-22 08:24:52.852217200,0.022217200,1
'2026-08-22 08:24:52.852217400,0.022217400,0
'2026-08-22 08:24:52.852218300,0.022218300,1
'2026-08-22 08:24:52.852218500,0.022218500,0
'2026-08-22 08:24:52.852218700,0.022218700,1
'2026-08-22 08:24:52.852218800,0.022218800,0
'2026-08-22 08:24:52.852219000,0.022219000,1
'2026-08-22 08:24:52.852219200,0.022219200,0
'2026-08-22 08:24:52.852219500,0.022219500,1
'2026-08-22 08:24:52.852219900,0.022219900,0
'2026-08-22 08:24:52.852220100,0.022220100,1
'2026-08-22 08:24:52.852236800,0.022236800,0
'2026-08-22 08:24:52.852237000,0.022237000,1
'2026-08-22 08:24:52.852237200,0.022237200,0
'2026-08-22 08:24:52.852237700,0.022237700,1
'2026-08-22 08:24:52.852237800,0.022237800,0
'2026-08-22 08:24:52.852238600,0.022238600,1
'2026-08-22 08:24:52.852239000,0.022239000,0
'2026-08-22 08:24:52.852239300,0.022239300,1
'2026-08-22 08:24:52.852239800,0.022239800,0
'2026-08-22 08:24:52.852239900,0.022239900,1
'2026-08-22 08:24:52.852240400,0.022240400,0
'2026-08-22 08:24:52.852240500,0.022240500,1
'2026-08-22 08:24:52.852245600,0.022245600,0
'2026-08-22 08:24:52.852245700,0.022245700,1
'2026-08-22 08:24:52.852266100,0.022266100,0
'2026-08-22 08:24:52.852266200,0.022266200,1
'2026-08-22 08:24:52.852266600,0.022266600,0
'2026-08-22 08:24:52.852266700,0.022266700,1
'2026-08-22 08:24:52.852267100,0.022267100,0
'2026-08-22 08:24:52.852267200,0.022267200,1
'2026-08-22 08:24:52.852267900,0.022267900,0
'2026-08-22 08:24:52.852268000,0.022268000,1
'2026-08-22 08:24:52.852268200,0.022268200,0
'2026-08-22 08:24:52.852268700,0.022268700,1
'2026-08-22 08:24:52.852268800,0.022268800,0
'2026-08-22 08:24:52.852268900,0.022268900,1
'2026-08-22 08:24:52.852269000,0.022269000,0
'2026-08-22 08:24:52.852269100,0.022269100,1
'2026-08-22 08:24:52.852269400,0.022269400,0
'2026-08-22 08:24:52.852269900,0.022269900,1
'2026-08-22 08:24:52.852270100,0.022270100,0
'2026-08-22 08:24:52.852270200,0.022270200,1
'2026-08-22 08:24:52.852270600,0.022270600,0
'2026-08-22 08:24:52.852270700,0.022270700,1
'2026-08-22 08:24:52.852288800,0.022288800,0
'2026-08-22 08:24:52.852289000,0.022289000,1
'2026-08-22 08:24:52.852290000,0.022290000,0
'2026-08-22 08:24:52.852290100,0.022290100,1
'2026-08-22 08:24:52.852291600,0.022291600,0
'2026-08-22 08:24:52.852291700,0.022291700,1
'2026-08-22 08:24:52.852298800,0.022298800,0
'2026-08-22 08:24:52.852298900,0.022298900,1
'2026-08-22 08:24:52.852317600,0.022317600,0
'2026-08-22 08:24:52.852317700,0.022317700,1
'2026-08-22 08:24:52.852317800,0.022317800,0
'2026-08-22 08:24:52.852317900,0.022317900,1
'2026-08-22 08:24:52.852318500,0.022318500,0
'2026-08-22 08:24:52.852318600,0.022318600,1
'2026-08-22 08:24:52.852318800,0.022318800,0
'2026-08-22 08:24:52.852318900,0.022318900,1
'2026-08-22 08:24:52.852341800,0.022341800,0
'2026-08-22 08:24:52.852341900,0.022341900,1
'2026-08-22 08:24:52.852349500,0.022349500,0
'2026-08-22 08:24:52.852349600,0.022349600,1
'2026-08-22 08:24:52.852369800,0.022369800,0
'2026-08-22 08:24:52.852369900,0.022369900,1
'2026-08-22 08:24:52.852835300,0.022835300,0
'2026-08-22 08:24:52.852835500,0.022835500,1
'2026-08-22 08:24:52.852835800,0.022835800,0
'2026-08-22 08:24:52.852836100,0.022836100,1
'2026-08-22 08:24:52.852836300,0.022836300,0
'2026-08-22 08:24:52.852836400,0.022836400,1
'2026-08-22 08:24:52.852837100,0.022837100,0
'2026-08-22 08:24:52.852837200,0.022837200,1
'2026-08-22 08:24:52.852837400,0.022837400,0
'2026-08-22 08:24:52.852837500,0.022837500,1
'2026-08-22 08:24:52.852837600,0.022837600,0
'2026-08-22 08:24:52.852837700,0.022837700,1
'2026-08-22 08:24:52.852838100,0.022838100,0
'2026-08-22 08:24:52.852838200,0.022838200,1
'2026-08-22 08:24:52.852838600,0.022838600,0
'2026-08-22 08:24:52.852839000,0.022839000,1
'2026-08-22 08:24:52.852839200,0.022839200,0
'2026-08-22 08:24:52.852839300,0.022839300,1
'2026-08-22 08:24:52.852839400,0.022839400,0
'2026-08-22 08:24:52.852839500,0.022839500,1
'2026-08-22 08:24:52.852839900,0.022839900,0
'2026-08-22 08:24:52.852843100,0.022843100,1
'2026-08-22 08:24:52.852843300,0.022843300,0
'2026-08-22 08:24:52.852844300,0.022844300,1
'2026-08-22 08:24:52.852844400,0.022844400,0
'2026-08-22 08:24:52.852845000,0.022845000,1
'2026-08-22 08:24:52.852845200,0.022845200,0
'2026-08-22 08:24:52.852845400,0.022845400,1
'2026-08-22 08:24:52.852845800,0.022845800,0
'2026-08-22 08:24:52.852846000,0.022846000,1
'2026-08-22 08:24:52.852846200,0.022846200,0
'2026-08-22 08:24:52.852846300,0.022846300,1
'2026-08-22 08:24:52.852861200,0.022861200,0
'2026-08-22 08:24:52.852864100,0.022864100,1
'2026-08-22 08:24:52.852864300,0.022864300,0
'2026-08-22 08:24:52.852864700,0.022864700,1
'2026-08-22 08:24:52.852865000,0.022865000,0
'2026-08-22 08:24:52.852865200,0.022865200,1
'2026-08-22 08:24:52.852865400,0.022865400,0
'2026-08-22 08:24:52.852865500,0.022865500,1
'2026-08-22 08:24:52.852866200,0.022866200,0
'2026-08-22 08:24:52.852866300,0.022866300,1
'2026-08-22 08:24:52.852867400,0.022867400,0
'2026-08-22 08:24:52.852867600,0.022867600,1
'2026-08-22 08:24:52.852868000,0.022868000,0
'2026-08-22 08:24:52.852868100,0.022868100,1
'2026-08-22 08:24:52.852868900,0.022868900,0
'2026-08-22 08:24:52.852869000,0.022869000,1
'2026-08-22 08:24:52.852870300,0.022870300,0
'2026-08-22 08:24:52.852871100,0.022871100,1
'2026-08-22 08:24:52.852871200,0.022871200,0
'2026-08-22 08:24:52.852872600,0.022872600,1
'2026-08-22 08:24:52.852890000,0.022890000,0
'2026-08-22 08:24:52.852890100,0.022890100,1
'2026-08-22 08:24:52.852890200,0.022890200,0
'2026-08-22 08:24:52.852890400,0.022890400,1
'2026-08-22 08:24:52.852891200,0.022891200,0
'2026-08-22 08:24:52.852894900,0.022894900,1
'2026-08-22 08:24:52.852895000,0.022895000,0
'2026-08-22 08:24:52.852895100,0.022895100,1
'2026-08-22 08:24:52.852895300,0.022895300,0
'2026-08-22 08:24:52.852895500,0.022895500,1
'2026-08-22 08:24:52.852898000,0.022898000,0
'2026-08-22 08:24:52.852898100,0.022898100,1
'2026-08-22 08:24:52.852913400,0.022913400,0
'2026-08-22 08:24:52.852913700,0.022913700,1
'2026-08-22 08:24:52.852913900,0.022913900,0
'2026-08-22 08:24:52.852914300,0.022914300,1
'2026-08-22 08:24:52.852914500,0.022914500,0
'2026-08-22 08:24:52.852914800,0.022914800,1
'2026-08-22 08:24:52.852915200,0.022915200,0
'2026-08-22 08:24:52.852915300,0.022915300,1
'2026-08-22 08:24:52.852920400,0.022920400,0
'2026-08-22 08:24:52.852920500,0.022920500,1
'2026-08-22 08:24:52.852920700,0.022920700,0
'2026-08-22 08:24:52.852920800,0.022920800,1
'2026-08-22 08:24:52.852921000,0.022921000,0
'2026-08-22 08:24:52.852921100,0.022921100,1
'2026-08-22 08:24:52.852921300,0.022921300,0
'2026-08-22 08:24:52.852921400,0.022921400,1
'2026-08-22 08:24:52.852921500,0.022921500,0
'2026-08-22 08:24:52.852922500,0.022922500,1
'2026-08-22 08:24:52.852922600,0.022922600,0
'2026-08-22 08:24:52.852923700,0.022923700,1
'2026-08-22 08:24:52.852923800,0.022923800,0
'2026-08-22 08:24:52.852924300,0.022924300,1
'2026-08-22 08:24:52.852924400,0.022924400,0
'2026-08-22 08:24:52.852924500,0.022924500,1
'2026-08-22 08:24:52.852940800,0.022940800,0
'2026-08-22 08:24:52.852941000,0.022941000,1
'2026-08-22 08:24:52.852941100,0.022941100,0
'2026-08-22 08:24:52.852941200,0.022941200,1
'2026-08-22 08:24:52.852941300,0.022941300,0
'2026-08-22 08:24:52.852941900,0.022941900,1
'2026-08-22 08:24:52.852942000,0.022942000,0
'2026-08-22 08:24:52.852943000,0.022943000,1
'2026-08-22 08:24:52.852943100,0.022943100,0
'2026-08-22 08:24:52.852943800,0.022943800,1
'2026-08-22 08:24:52.852944000,0.022944000,0
'2026-08-22 08:24:52.852944100,0.022944100,1
'2026-08-22 08:24:52.852944400,0.022944400,0
'2026-08-22 08:24:52.852944700,0.022944700,1
'2026-08-22 08:24:52.852945000,0.022945000,0
'2026-08-22 08:24:52.852945100,0.022945100,1
'2026-08-22 08:24:52.852945900,0.022945900,0
'2026-08-22 08:24:52.852946000,0.022946000,1
'2026-08-22 08:24:52.852950800,0.022950800,0
'2026-08-22 08:24:52.852950900,0.022950900,1
'2026-08-22 08:24:52.852971200,0.022971200,0
'2026-08-22 08:24:52.852971400,0.022971400,1
'2026-08-22 08:24:52.852972000,0.022972000,0
'2026-08-22 08:24:52.852972700,0.022972700,1
'2026-08-22 08:24:52.852972900,0.022972900,0
'2026-08-22 08:24:52.852973000,0.022973000,1
'2026-08-22 08:24:52.852973100,0.022973100,0
'2026-08-22 08:24:52.852973300,0.022973300,1
'2026-08-22 08:24:52.852973500,0.022973500,0
'2026-08-22 08:24:52.852973800,0.022973800,1
'2026-08-22 08:24:52.852974000,0.022974000,0
'2026-08-22 08:24:52.852974100,0.022974100,1
'2026-08-22 08:24:52.852974400,0.022974400,0
'2026-08-22 08:24:52.852974500,0.022974500,1
'2026-08-22 08:24:52.852974700,0.022974700,0
'2026-08-22 08:24:52.852975100,0.022975100,1
'2026-08-22 08:24:52.852975200,0.022975200,0
'2026-08-22 08:24:52.852975500,0.022975500,1
'2026-08-22 08:24:52.852976000,0.022976000,0
'2026-08-22 08:24:52.852976100,0.022976100,1
'2026-08-22 08:24:52.852992200,0.022992200,0
'2026-08-22 08:24:52.852992300,0.022992300,1
'2026-08-22 08:24:52.852995200,0.022995200,0
'2026-08-22 08:24:52.852995400,0.022995400,1
'2026-08-22 08:24:52.852995800,0.022995800,0
'2026-08-22 08:24:52.852995900,0.022995900,1
'2026-08-22 08:24:52.852998200,0.022998200,0
'2026-08-22 08:24:52.852998300,0.022998300,1
'2026-08-22 08:24:52.853001700,0.023001700,0
'2026-08-22 08:24:52.853001800,0.023001800,1
'2026-08-22 08:24:52.853002100,0.023002100,0
'2026-08-22 08:24:52.853002300,0.023002300,1
'2026-08-22 08:24:52.853002700,0.023002700,0
'2026-08-22 08:24:52.853003000,0.023003000,1
'2026-08-22 08:24:52.853021400,0.023021400,0
'2026-08-22 08:24:52.853021500,0.023021500,1
'2026-08-22 08:24:52.853021600,0.023021600,0
'2026-08-22 08:24:52.853021700,0.023021700,1
'2026-08-22 08:24:52.853022200,0.023022200,0
'2026-08-22 08:24:52.853022300,0.023022300,1
'2026-08-22 08:24:52.853022600,0.023022600,0
'2026-08-22 08:24:52.853022800,0.023022800,1
'2026-08-22 08:24:52.853029000,0.023029000,0
'2026-08-22 08:24:52.853029100,0.023029100,1
'2026-08-22 08:24:52.853051300,0.023051300,0
'2026-08-22 08:24:52.853051400,0.023051400,1
'2026-08-22 08:24:52.853051700,0.023051700,0
'2026-08-22 08:24:52.853051900,0.023051900,1
'2026-08-22 08:24:52.853052600,0.023052600,0
'2026-08-22 08:24:52.853052700,0.023052700,1
'2026-08-22 08:24:52.853053000,0.023053000,0
'2026-08-22 08:24:52.853053100,0.023053100,1
'2026-08-22 08:24:52.853053200,0.023053200,0
'2026-08-22 08:24:52.853053300,0.023053300,1
'2026-08-22 08:24:52.853072200,0.023072200,0
'2026-08-22 08:24:52.853072500,0.023072500,1
'2026-08-22 08:24:52.853072900,0.023072900,0
'2026-08-22 08:24:52.853073000,0.023073000,1
'2026-08-22 08:24:52.853073400,0.023073400,0
'2026-08-22 08:24:52.853073500,0.023073500,1
'2026-08-22 08:24:52.853104300,0.023104300,0
'2026-08-22 08:24:52.853104400,0.023104400,1
'2026-08-22 08:24:52.853123100,0.023123100,0
'2026-08-22 08:24:52.853123200,0.023123200,1
'2026-08-22 08:24:52.853132600,0.023132600,0
'2026-08-22 08:24:52.853132700,0.023132700,1
'2026-08-22 08:24:52.853152800,0.023152800,0
'2026-08-22 08:24:52.853152900,0.023152900,1
'2026-08-22 08:24:52.853155700,0.023155700,0
'2026-08-22 08:24:52.853155800,0.023155800,1
'2026-08-22 08:24:52.853654000,0.023654000,0
'2026-08-22 08:24:52.853654100,0.023654100,1
'2026-08-22 08:24:52.853654200,0.023654200,0
'2026-08-22 08:24:52.853654300,0.023654300,1
'2026-08-22 08:24:52.853654400,0.023654400,0
'2026-08-22 08:24:52.853654700,0.023654700,1
'2026-08-22 08:24:52.853669400,0.023669400,0
'2026-08-22 08:24:52.853669500,0.023669500,1
'2026-08-22 08:24:52.853670000,0.023670000,0
'2026-08-22 08:24:52.853670100,0.023670100,1
'2026-08-22 08:24:52.853671400,0.023671400,0
'2026-08-22 08:24:52.853671600,0.023671600,1
'2026-08-22 08:24:52.853672400,0.023672400,0
'2026-08-22 08:24:52.853672500,0.023672500,1
'2026-08-22 08:24:52.853673000,0.023673000,0
'2026-08-22 08:24:52.853673100,0.023673100,1
'2026-08-22 08:24:52.853673200,0.023673200,0
'2026-08-22 08:24:52.853673300,0.023673300,1
'2026-08-22 08:24:52.853673700,0.023673700,0
'2026-08-22 08:24:52.853673800,0.023673800,1
'2026-08-22 08:24:52.853674200,0.023674200,0
'2026-08-22 08:24:52.853674400,0.023674400,1
'2026-08-22 08:24:52.853674700,0.023674700,0
'2026-08-22 08:24:52.853675100,0.023675100,1
'2026-08-22 08:24:52.853675200,0.023675200,0
'2026-08-22 08:24:52.853675700,0.023675700,1
'2026-08-22 08:24:52.853675800,0.023675800,0
'2026-08-22 08:24:52.853676200,0.023676200,1
'2026-08-22 08:24:52.853676400,0.023676400,0
'2026-08-22 08:24:52.853678600,0.023678600,1
'2026-08-22 08:24:52.853678700,0.023678700,0
'2026-08-22 08:24:52.853679400,0.023679400,1
'2026-08-22 08:24:52.853695600,0.023695600,0
'2026-08-22 08:24:52.853695700,0.023695700,1
'2026-08-22 08:24:52.853695900,0.023695900,0
'2026-08-22 08:24:52.853696100,0.023696100,1
'2026-08-22 08:24:52.853696400,0.023696400,0
'2026-08-22 08:24:52.853696700,0.023696700,1
'2026-08-22 08:24:52.853696800,0.023696800,0
'2026-08-22 08:24:52.853697200,0.023697200,1
'2026-08-22 08:24:52.853697400,0.023697400,0
'2026-08-22 08:24:52.853697900,0.023697900,1
'2026-08-22 08:24:52.853698000,0.023698000,0
'2026-08-22 08:24:52.853698300,0.023698300,1
'2026-08-22 08:24:52.853698400,0.023698400,0
'2026-08-22 08:24:52.853698500,0.023698500,1
'2026-08-22 08:24:52.853698600,0.023698600,0
'2026-08-22 08:24:52.853699100,0.023699100,1
'2026-08-22 08:24:52.853699200,0.023699200,0
'2026-08-22 08:24:52.853699400,0.023699400,1
'2026-08-22 08:24:52.853702400,0.023702400,0
'2026-08-22 08:24:52.853702500,0.023702500,1
'2026-08-22 08:24:52.853703400,0.023703400,0
'2026-08-22 08:24:52.853703500,0.023703500,1
'2026-08-22 08:24:52.853704500,0.023704500,0
'2026-08-22 08:24:52.853704700,0.023704700,1
'2026-08-22 08:24:52.853705000,0.023705000,0
'2026-08-22 08:24:52.853705100,0.023705100,1
'2026-08-22 08:24:52.853705600,0.023705600,0
'2026-08-22 08:24:52.853705700,0.023705700,1
'2026-08-22 08:24:52.853705800,0.023705800,0
'2026-08-22 08:24:52.853706100,0.023706100,1
'2026-08-22 08:24:52.853706200,0.023706200,0
'2026-08-22 08:24:52.853706600,0.023706600,1
'2026-08-22 08:24:52.853706700,0.023706700,0
'2026-08-22 08:24:52.853706900,0.023706900,1
'2026-08-22 08:24:52.853723700,0.023723700,0
'2026-08-22 08:24:52.853723800,0.023723800,1
'2026-08-22 08:24:52.853724000,0.023724000,0
'2026-08-22 08:24:52.853724100,0.023724100,1
'2026-08-22 08:24:52.853725500,0.023725500,0
'2026-08-22 08:24:52.853725600,0.023725600,1
'2026-08-22 08:24:52.853726100,0.023726100,0
'2026-08-22 08:24:52.853726200,0.023726200,1
'2026-08-22 08:24:52.853726800,0.023726800,0
'2026-08-22 08:24:52.853727000,0.023727000,1
'2026-08-22 08:24:52.853727300,0.023727300,0
'2026-08-22 08:24:52.853727500,0.023727500,1
'2026-08-22 08:24:52.853727800,0.023727800,0
'2026-08-22 08:24:52.853728000,0.023728000,1
'2026-08-22 08:24:52.853728400,0.023728400,0
'2026-08-22 08:24:52.853728800,0.023728800,1
'2026-08-22 08:24:52.853728900,0.023728900,0
'2026-08-22 08:24:52.853729000,0.023729000,1
'2026-08-22 08:24:52.853729100,0.023729100,0
'2026-08-22 08:24:52.853729200,0.023729200,1
'2026-08-22 08:24:52.853729300,0.023729300,0
'2026-08-22 08:24:52.853729400,0.023729400,1
'2026-08-22 08:24:52.853729500,0.023729500,0
'2026-08-22 08:24:52.853729900,0.023729900,1
'2026-08-22 08:24:52.853731400,0.023731400,0
'2026-08-22 08:24:52.853731500,0.023731500,1
'2026-08-22 08:24:52.853732100,0.023732100,0
'2026-08-22 08:24:52.853732200,0.023732200,1
'2026-08-22 08:24:52.853732600,0.023732600,0
'2026-08-22 08:24:52.853732700,0.023732700,1
'2026-08-22 08:24:52.853747800,0.023747800,0
'2026-08-22 08:24:52.853747900,0.023747900,1
'2026-08-22 08:24:52.853754700,0.023754700,0
'2026-08-22 08:24:52.853754900,0.023754900,1
'2026-08-22 08:24:52.853755800,0.023755800,0
'2026-08-22 08:24:52.853756300,0.023756300,1
'2026-08-22 08:24:52.853756400,0.023756400,0
'2026-08-22 08:24:52.853756500,0.023756500,1
'2026-08-22 08:24:52.853756700,0.023756700,0
'2026-08-22 08:24:52.853756800,0.023756800,1
'2026-08-22 08:24:52.853757000,0.023757000,0
'2026-08-22 08:24:52.853757400,0.023757400,1
'2026-08-22 08:24:52.853758200,0.023758200,0
'2026-08-22 08:24:52.853758400,0.023758400,1
'2026-08-22 08:24:52.853775800,0.023775800,0
'2026-08-22 08:24:52.853776000,0.023776000,1
'2026-08-22 08:24:52.853776300,0.023776300,0
'2026-08-22 08:24:52.853776500,0.023776500,1
'2026-08-22 08:24:52.853777600,0.023777600,0
'2026-08-22 08:24:52.853777700,0.023777700,1
'2026-08-22 08:24:52.853785000,0.023785000,0
'2026-08-22 08:24:52.853785100,0.023785100,1
'2026-08-22 08:24:52.853808600,0.023808600,0
'2026-08-22 08:24:52.853808700,0.023808700,1
'2026-08-22 08:24:52.853808800,0.023808800,0
'2026-08-22 08:24:52.853808900,0.023808900,1
'2026-08-22 08:24:52.853826600,0.023826600,0
'2026-08-22 08:24:52.853826700,0.023826700,1
'2026-08-22 08:24:52.853826800,0.023826800,0
'2026-08-22 08:24:52.853826900,0.023826900,1
'2026-08-22 08:24:52.853828000,0.023828000,0
'2026-08-22 08:24:52.853828100,0.023828100,1
'2026-08-22 08:24:52.853836000,0.023836000,0
'2026-08-22 08:24:52.853836100,0.023836100,1
'2026-08-22 08:24:52.853837000,0.023837000,0
'2026-08-22 08:24:52.853837100,0.023837100,1
'2026-08-22 08:24:52.853857000,0.023857000,0
'2026-08-22 08:24:52.853857100,0.023857100,1
'2026-08-22 08:24:52.853858800,0.023858800,0
'2026-08-22 08:24:52.853858900,0.023858900,1
'2026-08-22 08:24:52.853886300,0.023886300,0
'2026-08-22 08:24:52.853886400,0.023886400,1
'2026-08-22 08:24:52.853888000,0.023888000,0
'2026-08-22 08:24:52.853888100,0.023888100,1
'2026-08-22 08:24:52.853984100,0.023984100,0
'2026-08-22 08:24:52.853984200,0.023984200,1
'2026-08-22 08:24:52.854037900,0.024037900,0
'2026-08-22 08:24:52.854038000,0.024038000,1
'2026-08-22 08:24:52.854477800,0.024477800,0
'2026-08-22 08:24:52.854477900,0.024477900,1
'2026-08-22 08:24:52.854478200,0.024478200,0
'2026-08-22 08:24:52.854478500,0.024478500,1
'2026-08-22 08:24:52.854478600,0.024478600,0
'2026-08-22 08:24:52.854479200,0.024479200,1
'2026-08-22 08:24:52.854479400,0.024479400,0
'2026-08-22 08:24:52.854479500,0.024479500,1
'2026-08-22 08:24:52.854479600,0.024479600,0
'2026-08-22 08:24:52.854479700,0.024479700,1
'2026-08-22 08:24:52.854479900,0.024479900,0
'2026-08-22 08:24:52.854480100,0.024480100,1
'2026-08-22 08:24:52.854480200,0.024480200,0
'2026-08-22 08:24:52.854480300,0.024480300,1
'2026-08-22 08:24:52.854480800,0.024480800,0
'2026-08-22 08:24:52.854480900,0.024480900,1
'2026-08-22 08:24:52.854481200,0.024481200,0
'2026-08-22 08:24:52.854481300,0.024481300,1
'2026-08-22 08:24:52.854481400,0.024481400,0
'2026-08-22 08:24:52.854481500,0.024481500,1
'2026-08-22 08:24:52.854481700,0.024481700,0
'2026-08-22 08:24:52.854481900,0.024481900,1
'2026-08-22 08:24:52.854482200,0.024482200,0
'2026-08-22 08:24:52.854482400,0.024482400,1
'2026-08-22 08:24:52.854483600,0.024483600,0
'2026-08-22 08:24:52.854484300,0.024484300,1
'2026-08-22 08:24:52.854484600,0.024484600,0
'2026-08-22 08:24:52.854484700,0.024484700,1
'2026-08-22 08:24:52.854484900,0.024484900,0
'2026-08-22 08:24:52.854485100,0.024485100,1
'2026-08-22 08:24:52.854485300,0.024485300,0
'2026-08-22 08:24:52.854485500,0.024485500,1
'2026-08-22 08:24:52.854485800,0.024485800,0
'2026-08-22 08:24:52.854486200,0.024486200,1
'2026-08-22 08:24:52.854486400,0.024486400,0
'2026-08-22 08:24:52.854486800,0.024486800,1
'2026-08-22 08:24:52.854487000,0.024487000,0
'2026-08-22 08:24:52.854487300,0.024487300,1
'2026-08-22 08:24:52.854487400,0.024487400,0
'2026-08-22 08:24:52.854488000,0.024488000,1
'2026-08-22 08:24:52.854488100,0.024488100,0
'2026-08-22 08:24:52.854488400,0.024488400,1
'2026-08-22 08:24:52.854488600,0.024488600,0
'2026-08-22 08:24:52.854488700,0.024488700,1
'2026-08-22 08:24:52.854488800,0.024488800,0
'2026-08-22 08:24:52.854489100,0.024489100,1
'2026-08-22 08:24:52.854504600,0.024504600,0
'2026-08-22 08:24:52.854504900,0.024504900,1
'2026-08-22 08:24:52.854505200,0.024505200,0
'2026-08-22 08:24:52.854505300,0.024505300,1
'2026-08-22 08:24:52.854506000,0.024506000,0
'2026-08-22 08:24:52.854506100,0.024506100,1
'2026-08-22 08:24:52.854506500,0.024506500,0
'2026-08-22 08:24:52.854506600,0.024506600,1
'2026-08-22 08:24:52.854507000,0.024507000,0
'2026-08-22 08:24:52.854507100,0.024507100,1
'2026-08-22 08:24:52.854507400,0.024507400,0
'2026-08-22 08:24:52.854507800,0.024507800,1
'2026-08-22 08:24:52.854508600,0.024508600,0
'2026-08-22 08:24:52.854509000,0.024509000,1
'2026-08-22 08:24:52.854509200,0.024509200,0
'2026-08-22 08:24:52.854509300,0.024509300,1
'2026-08-22 08:24:52.854509400,0.024509400,0
'2026-08-22 08:24:52.854509500,0.024509500,1
'2026-08-22 08:24:52.854509700,0.024509700,0
'2026-08-22 08:24:52.854510000,0.024510000,1
'2026-08-22 08:24:52.854511000,0.024511000,0
'2026-08-22 08:24:52.854511100,0.024511100,1
'2026-08-22 08:24:52.854511200,0.024511200,0
'2026-08-22 08:24:52.854511300,0.024511300,1
'2026-08-22 08:24:52.854511600,0.024511600,0
'2026-08-22 08:24:52.854511700,0.024511700,1
'2026-08-22 08:24:52.854512000,0.024512000,0
'2026-08-22 08:24:52.854512300,0.024512300,1
'2026-08-22 08:24:52.854512400,0.024512400,0
'2026-08-22 08:24:52.854512600,0.024512600,1
'2026-08-22 08:24:52.854512800,0.024512800,0
'2026-08-22 08:24:52.854512900,0.024512900,1
'2026-08-22 08:24:52.854513200,0.024513200,0
'2026-08-22 08:24:52.854513300,0.024513300,1
'2026-08-22 08:24:52.854514600,0.024514600,0
'2026-08-22 08:24:52.854514700,0.024514700,1
'2026-08-22 08:24:52.854514900,0.024514900,0
'2026-08-22 08:24:52.854515200,0.024515200,1
'2026-08-22 08:24:52.854535000,0.024535000,0
'2026-08-22 08:24:52.854535100,0.024535100,1
'2026-08-22 08:24:52.854535600,0.024535600,0
'2026-08-22 08:24:52.854535700,0.024535700,1
'2026-08-22 08:24:52.854537300,0.024537300,0
'2026-08-22 08:24:52.854537500,0.024537500,1
'2026-08-22 08:24:52.854537800,0.024537800,0
'2026-08-22 08:24:52.854538100,0.024538100,1
'2026-08-22 08:24:52.854538400,0.024538400,0
'2026-08-22 08:24:52.854538500,0.024538500,1
'2026-08-22 08:24:52.854539100,0.024539100,0
'2026-08-22 08:24:52.854539400,0.024539400,1
'2026-08-22 08:24:52.854539500,0.024539500,0
'2026-08-22 08:24:52.854539900,0.024539900,1
'2026-08-22 08:24:52.854540300,0.024540300,0
'2026-08-22 08:24:52.854540400,0.024540400,1
'2026-08-22 08:24:52.854557900,0.024557900,0
'2026-08-22 08:24:52.854558000,0.024558000,1
'2026-08-22 08:24:52.854560700,0.024560700,0
'2026-08-22 08:24:52.854560800,0.024560800,1
'2026-08-22 08:24:52.854561000,0.024561000,0
'2026-08-22 08:24:52.854561100,0.024561100,1
'2026-08-22 08:24:52.854562000,0.024562000,0
'2026-08-22 08:24:52.854562100,0.024562100,1
'2026-08-22 08:24:52.854563000,0.024563000,0
'2026-08-22 08:24:52.854563200,0.024563200,1
'2026-08-22 08:24:52.854564200,0.024564200,0
'2026-08-22 08:24:52.854564500,0.024564500,1
'2026-08-22 08:24:52.854565400,0.024565400,0
'2026-08-22 08:24:52.854565600,0.024565600,1
'2026-08-22 08:24:52.854566100,0.024566100,0
'2026-08-22 08:24:52.854566200,0.024566200,1
'2026-08-22 08:24:52.854566500,0.024566500,0
'2026-08-22 08:24:52.854566700,0.024566700,1
'2026-08-22 08:24:52.854584800,0.024584800,0
'2026-08-22 08:24:52.854584900,0.024584900,1
'2026-08-22 08:24:52.854586000,0.024586000,0
'2026-08-22 08:24:52.854586100,0.024586100,1
'2026-08-22 08:24:52.854587000,0.024587000,0
'2026-08-22 08:24:52.854587100,0.024587100,1
'2026-08-22 08:24:52.854587400,0.024587400,0
'2026-08-22 08:24:52.854587500,0.024587500,1
'2026-08-22 08:24:52.854591100,0.024591100,0
'2026-08-22 08:24:52.854591300,0.024591300,1
'2026-08-22 08:24:52.854616100,0.024616100,0
'2026-08-22 08:24:52.854616300,0.024616300,1
'2026-08-22 08:24:52.854617300,0.024617300,0
'2026-08-22 08:24:52.854617400,0.024617400,1
'2026-08-22 08:24:52.854639000,0.024639000,0
'2026-08-22 08:24:52.854639100,0.024639100,1
'2026-08-22 08:24:52.854641200,0.024641200,0
'2026-08-22 08:24:52.854641300,0.024641300,1
'2026-08-22 08:24:52.854671000,0.024671000,0
'2026-08-22 08:24:52.854671100,0.024671100,1
'2026-08-22 08:24:52.854691400,0.024691400,0
'2026-08-22 08:24:52.854691500,0.024691500,1
'2026-08-22 08:24:52.854768500,0.024768500,0
'2026-08-22 08:24:52.854768600,0.024768600,1
'2026-08-22 08:24:52.854870200,0.024870200,0
'2026-08-22 08:24:52.854870700,0.024870700,1
'2026-08-22 08:24:52.854872400,0.024872400,0
'2026-08-22 08:24:52.854872700,0.024872700,1
'2026-08-22 08:24:52.855313200,0.025313200,0
'2026-08-22 08:24:52.855313300,0.025313300,1
'2026-08-22 08:24:52.855313800,0.025313800,0
'2026-08-22 08:24:52.855314200,0.025314200,1
'2026-08-22 08:24:52.855314400,0.025314400,0
'2026-08-22 08:24:52.855314500,0.025314500,1
'2026-08-22 08:24:52.855314600,0.025314600,0
'2026-08-22 08:24:52.855315400,0.025315400,1
'2026-08-22 08:24:52.855315600,0.025315600,0
'2026-08-22 08:24:52.855315700,0.025315700,1
'2026-08-22 08:24:52.855315800,0.025315800,0
'2026-08-22 08:24:52.855315900,0.025315900,1
'2026-08-22 08:24:52.855316000,0.025316000,0
'2026-08-22 08:24:52.855316100,0.025316100,1
'2026-08-22 08:24:52.855316200,0.025316200,0
'2026-08-22 08:24:52.855316600,0.025316600,1
'2026-08-22 08:24:52.855316700,0.025316700,0
'2026-08-22 08:24:52.855317700,0.025317700,1
'2026-08-22 08:24:52.855318100,0.025318100,0
'2026-08-22 08:24:52.855318300,0.025318300,1
'2026-08-22 08:24:52.855318400,0.025318400,0
'2026-08-22 08:24:52.855318500,0.025318500,1
'2026-08-22 08:24:52.855319200,0.025319200,0
'2026-08-22 08:24:52.855319500,0.025319500,1
'2026-08-22 08:24:52.855320200,0.025320200,0
'2026-08-22 08:24:52.855320400,0.025320400,1
'2026-08-22 08:24:52.855321300,0.025321300,0
'2026-08-22 08:24:52.855321400,0.025321400,1
'2026-08-22 08:24:52.855321500,0.025321500,0
'2026-08-22 08:24:52.855321700,0.025321700,1
'2026-08-22 08:24:52.855322000,0.025322000,0
'2026-08-22 08:24:52.855322100,0.025322100,1
'2026-08-22 08:24:52.855322600,0.025322600,0
'2026-08-22 08:24:52.855322700,0.025322700,1
'2026-08-22 08:24:52.855322800,0.025322800,0
'2026-08-22 08:24:52.855322900,0.025322900,1
'2026-08-22 08:24:52.855338400,0.025338400,0
'2026-08-22 08:24:52.855338500,0.025338500,1
'2026-08-22 08:24:52.855339600,0.025339600,0
'2026-08-22 08:24:52.855339700,0.025339700,1
'2026-08-22 08:24:52.855340200,0.025340200,0
'2026-08-22 08:24:52.855340300,0.025340300,1
'2026-08-22 08:24:52.855342400,0.025342400,0
'2026-08-22 08:24:52.855342500,0.025342500,1
'2026-08-22 08:24:52.855342600,0.025342600,0
'2026-08-22 08:24:52.855342700,0.025342700,1
'2026-08-22 08:24:52.855344300,0.025344300,0
'2026-08-22 08:24:52.855344600,0.025344600,1
'2026-08-22 08:24:52.855344700,0.025344700,0
'2026-08-22 08:24:52.855344800,0.025344800,1
'2026-08-22 08:24:52.855345500,0.025345500,0
'2026-08-22 08:24:52.855345700,0.025345700,1
'2026-08-22 08:24:52.855345900,0.025345900,0
'2026-08-22 08:24:52.855346300,0.025346300,1
'2026-08-22 08:24:52.855346400,0.025346400,0
'2026-08-22 08:24:52.855346900,0.025346900,1
'2026-08-22 08:24:52.855347000,0.025347000,0
'2026-08-22 08:24:52.855347300,0.025347300,1
'2026-08-22 08:24:52.855347800,0.025347800,0
'2026-08-22 08:24:52.855347900,0.025347900,1
'2026-08-22 08:24:52.855348800,0.025348800,0
'2026-08-22 08:24:52.855348900,0.025348900,1
'2026-08-22 08:24:52.855364800,0.025364800,0
'2026-08-22 08:24:52.855364900,0.025364900,1
'2026-08-22 08:24:52.855365300,0.025365300,0
'2026-08-22 08:24:52.855365400,0.025365400,1
'2026-08-22 08:24:52.855366500,0.025366500,0
'2026-08-22 08:24:52.855366600,0.025366600,1
'2026-08-22 08:24:52.855368000,0.025368000,0
'2026-08-22 08:24:52.855368300,0.025368300,1
'2026-08-22 08:24:52.855371600,0.025371600,0
'2026-08-22 08:24:52.855371700,0.025371700,1
'2026-08-22 08:24:52.855372200,0.025372200,0
'2026-08-22 08:24:52.855372300,0.025372300,1
'2026-08-22 08:24:52.855395600,0.025395600,0
'2026-08-22 08:24:52.855395800,0.025395800,1
'2026-08-22 08:24:52.855397600,0.025397600,0
'2026-08-22 08:24:52.855397700,0.025397700,1
'2026-08-22 08:24:52.855397900,0.025397900,0
'2026-08-22 08:24:52.855398100,0.025398100,1
'2026-08-22 08:24:52.855400400,0.025400400,0
'2026-08-22 08:24:52.855400500,0.025400500,1
'2026-08-22 08:24:52.855424800,0.025424800,0
'2026-08-22 08:24:52.855424900,0.025424900,1
'2026-08-22 08:24:52.855426000,0.025426000,0
'2026-08-22 08:24:52.855426100,0.025426100,1
'2026-08-22 08:24:52.855444800,0.025444800,0
'2026-08-22 08:24:52.855444900,0.025444900,1
'2026-08-22 08:24:52.855445200,0.025445200,0
'2026-08-22 08:24:52.855445500,0.025445500,1
'2026-08-22 08:24:52.855446400,0.025446400,0
'2026-08-22 08:24:52.855446500,0.025446500,1
'2026-08-22 08:24:52.855446600,0.025446600,0
'2026-08-22 08:24:52.855446700,0.025446700,1
'2026-08-22 08:24:52.855446900,0.025446900,0
'2026-08-22 08:24:52.855447000,0.025447000,1
'2026-08-22 08:24:52.855476200,0.025476200,0
'2026-08-22 08:24:52.855476300,0.025476300,1
'2026-08-22 08:24:52.855476400,0.025476400,0
'2026-08-22 08:24:52.855476500,0.025476500,1
'2026-08-22 08:24:52.855477200,0.025477200,0
'2026-08-22 08:24:52.855477300,0.025477300,1
'2026-08-22 08:24:52.855495600,0.025495600,0
'2026-08-22 08:24:52.855495700,0.025495700,1
'2026-08-22 08:24:52.855505400,0.025505400,0
'2026-08-22 08:24:52.855505500,0.025505500,1
'2026-08-22 08:24:52.855505800,0.025505800,0
'2026-08-22 08:24:52.855505900,0.025505900,1
'2026-08-22 08:24:52.855556800,0.025556800,0
'2026-08-22 08:24:52.855556900,0.025556900,1
'2026-08-22 08:24:52.855557200,0.025557200,0
'2026-08-22 08:24:52.855557300,0.025557300,1
'2026-08-22 08:24:52.855606800,0.025606800,0
'2026-08-22 08:24:52.855606900,0.025606900,1
'2026-08-22 08:24:52.855708100,0.025708100,0
'2026-08-22 08:24:52.855708200,0.025708200,1
'2026-08-22 08:24:52.856123400,0.026123400,0
'2026-08-22 08:24:52.856123500,0.026123500,1
'2026-08-22 08:24:52.856124000,0.026124000,0
'2026-08-22 08:24:52.856124100,0.026124100,1
'2026-08-22 08:24:52.856125200,0.026125200,0
'2026-08-22 08:24:52.856125300,0.026125300,1
'2026-08-22 08:24:52.856127600,0.026127600,0
'2026-08-22 08:24:52.856127700,0.026127700,1
'2026-08-22 08:24:52.856128000,0.026128000,0
'2026-08-22 08:24:52.856128300,0.026128300,1
'2026-08-22 08:24:52.856128500,0.026128500,0
'2026-08-22 08:24:52.856128900,0.026128900,1
'2026-08-22 08:24:52.856129200,0.026129200,0
'2026-08-22 08:24:52.856129300,0.026129300,1
'2026-08-22 08:24:52.856129400,0.026129400,0
'2026-08-22 08:24:52.856129600,0.026129600,1
'2026-08-22 08:24:52.856129700,0.026129700,0
'2026-08-22 08:24:52.856130100,0.026130100,1
'2026-08-22 08:24:52.856130300,0.026130300,0
'2026-08-22 08:24:52.856130600,0.026130600,1
'2026-08-22 08:24:52.856130800,0.026130800,0
'2026-08-22 08:24:52.856130900,0.026130900,1
'2026-08-22 08:24:52.856131000,0.026131000,0
'2026-08-22 08:24:52.856131300,0.026131300,1
'2026-08-22 08:24:52.856131500,0.026131500,0
'2026-08-22 08:24:52.856131700,0.026131700,1
'2026-08-22 08:24:52.856146800,0.026146800,0
'2026-08-22 08:24:52.856146900,0.026146900,1
'2026-08-22 08:24:52.856148000,0.026148000,0
'2026-08-22 08:24:52.856148100,0.026148100,1
'2026-08-22 08:24:52.856148300,0.026148300,0
'2026-08-22 08:24:52.856148400,0.026148400,1
'2026-08-22 08:24:52.856149000,0.026149000,0
'2026-08-22 08:24:52.856149100,0.026149100,1
'2026-08-22 08:24:52.856149200,0.026149200,0
'2026-08-22 08:24:52.856149300,0.026149300,1
'2026-08-22 08:24:52.856149800,0.026149800,0
'2026-08-22 08:24:52.856150000,0.026150000,1
'2026-08-22 08:24:52.856150100,0.026150100,0
'2026-08-22 08:24:52.856150400,0.026150400,1
'2026-08-22 08:24:52.856150500,0.026150500,0
'2026-08-22 08:24:52.856150800,0.026150800,1
'2026-08-22 08:24:52.856150900,0.026150900,0
'2026-08-22 08:24:52.856151100,0.026151100,1
'2026-08-22 08:24:52.856151200,0.026151200,0
'2026-08-22 08:24:52.856151500,0.026151500,1
'2026-08-22 08:24:52.856151600,0.026151600,0
'2026-08-22 08:24:52.856151800,0.026151800,1
'2026-08-22 08:24:52.856152000,0.026152000,0
'2026-08-22 08:24:52.856152300,0.026152300,1
'2026-08-22 08:24:52.856152400,0.026152400,0
'2026-08-22 08:24:52.856152600,0.026152600,1
'2026-08-22 08:24:52.856152700,0.026152700,0
'2026-08-22 08:24:52.856152900,0.026152900,1
'2026-08-22 08:24:52.856153100,0.026153100,0
'2026-08-22 08:24:52.856153500,0.026153500,1
'2026-08-22 08:24:52.856153600,0.026153600,0
'2026-08-22 08:24:52.856153700,0.026153700,1
'2026-08-22 08:24:52.856153800,0.026153800,0
'2026-08-22 08:24:52.856153900,0.026153900,1
'2026-08-22 08:24:52.856154300,0.026154300,0
'2026-08-22 08:24:52.856154500,0.026154500,1
'2026-08-22 08:24:52.856155600,0.026155600,0
'2026-08-22 08:24:52.856155700,0.026155700,1
'2026-08-22 08:24:52.856157700,0.026157700,0
'2026-08-22 08:24:52.856157800,0.026157800,1
'2026-08-22 08:24:52.856173600,0.026173600,0
'2026-08-22 08:24:52.856173700,0.026173700,1
'2026-08-22 08:24:52.856173800,0.026173800,0
'2026-08-22 08:24:52.856173900,0.026173900,1
'2026-08-22 08:24:52.856174800,0.026174800,0
'2026-08-22 08:24:52.856174900,0.026174900,1
'2026-08-22 08:24:52.856177200,0.026177200,0
'2026-08-22 08:24:52.856177400,0.026177400,1
'2026-08-22 08:24:52.856177600,0.026177600,0
'2026-08-22 08:24:52.856177700,0.026177700,1
'2026-08-22 08:24:52.856178200,0.026178200,0
'2026-08-22 08:24:52.856178400,0.026178400,1
'2026-08-22 08:24:52.856179600,0.026179600,0
'2026-08-22 08:24:52.856179700,0.026179700,1
'2026-08-22 08:24:52.856180700,0.026180700,0
'2026-08-22 08:24:52.856180800,0.026180800,1
'2026-08-22 08:24:52.856181000,0.026181000,0
'2026-08-22 08:24:52.856181400,0.026181400,1
'2026-08-22 08:24:52.856181600,0.026181600,0
'2026-08-22 08:24:52.856181700,0.026181700,1
'2026-08-22 08:24:52.856181800,0.026181800,0
'2026-08-22 08:24:52.856181900,0.026181900,1
'2026-08-22 08:24:52.856183600,0.026183600,0
'2026-08-22 08:24:52.856183700,0.026183700,1
'2026-08-22 08:24:52.856199800,0.026199800,0
'2026-08-22 08:24:52.856199900,0.026199900,1
'2026-08-22 08:24:52.856200300,0.026200300,0
'2026-08-22 08:24:52.856200500,0.026200500,1
'2026-08-22 08:24:52.856201600,0.026201600,0
'2026-08-22 08:24:52.856201700,0.026201700,1
'2026-08-22 08:24:52.856207600,0.026207600,0
'2026-08-22 08:24:52.856207700,0.026207700,1
'2026-08-22 08:24:52.856208100,0.026208100,0
'2026-08-22 08:24:52.856208300,0.026208300,1
'2026-08-22 08:24:52.856208800,0.026208800,0
'2026-08-22 08:24:52.856208900,0.026208900,1
'2026-08-22 08:24:52.856209200,0.026209200,0
'2026-08-22 08:24:52.856209300,0.026209300,1
'2026-08-22 08:24:52.856209700,0.026209700,0
'2026-08-22 08:24:52.856209900,0.026209900,1
'2026-08-22 08:24:52.856227200,0.026227200,0
'2026-08-22 08:24:52.856227300,0.026227300,1
'2026-08-22 08:24:52.856227400,0.026227400,0
'2026-08-22 08:24:52.856227600,0.026227600,1
'2026-08-22 08:24:52.856227800,0.026227800,0
'2026-08-22 08:24:52.856227900,0.026227900,1
'2026-08-22 08:24:52.856228000,0.026228000,0
'2026-08-22 08:24:52.856228100,0.026228100,1
'2026-08-22 08:24:52.856228500,0.026228500,0
'2026-08-22 08:24:52.856228600,0.026228600,1
'2026-08-22 08:24:52.856229000,0.026229000,0
'2026-08-22 08:24:52.856229200,0.026229200,1
'2026-08-22 08:24:52.856229600,0.026229600,0
'2026-08-22 08:24:52.856229900,0.026229900,1
'2026-08-22 08:24:52.856230200,0.026230200,0
'2026-08-22 08:24:52.856230400,0.026230400,1
'2026-08-22 08:24:52.856230900,0.026230900,0
'2026-08-22 08:24:52.856231100,0.026231100,1
'2026-08-22 08:24:52.856232100,0.026232100,0
'2026-08-22 08:24:52.856232200,0.026232200,1
'2026-08-22 08:24:52.856250800,0.026250800,0
'2026-08-22 08:24:52.856250900,0.026250900,1
'2026-08-22 08:24:52.856251800,0.026251800,0
'2026-08-22 08:24:52.856252100,0.026252100,1
'2026-08-22 08:24:52.856259300,0.026259300,0
'2026-08-22 08:24:52.856259800,0.026259800,1
'2026-08-22 08:24:52.856259900,0.026259900,0
'2026-08-22 08:24:52.856260300,0.026260300,1
'2026-08-22 08:24:52.856260500,0.026260500,0
'2026-08-22 08:24:52.856260900,0.026260900,1
'2026-08-22 08:24:52.856261000,0.026261000,0
'2026-08-22 08:24:52.856261100,0.026261100,1
'2026-08-22 08:24:52.856261200,0.026261200,0
'2026-08-22 08:24:52.856261500,0.026261500,1
'2026-08-22 08:24:52.856261700,0.026261700,0
'2026-08-22 08:24:52.856262000,0.026262000,1
'2026-08-22 08:24:52.856280400,0.026280400,0
'2026-08-22 08:24:52.856280500,0.026280500,1
'2026-08-22 08:24:52.856280900,0.026280900,0
'2026-08-22 08:24:52.856281100,0.026281100,1
'2026-08-22 08:24:52.856281300,0.026281300,0
'2026-08-22 08:24:52.856281400,0.026281400,1
'2026-08-22 08:24:52.856282300,0.026282300,0
'2026-08-22 08:24:52.856282400,0.026282400,1
'2026-08-22 08:24:52.856312500,0.026312500,0
'2026-08-22 08:24:52.856312700,0.026312700,1
'2026-08-22 08:24:52.856956100,0.026956100,0
'2026-08-22 08:24:52.856956200,0.026956200,1
'2026-08-22 08:24:52.856956400,0.026956400,0
'2026-08-22 08:24:52.856956800,0.026956800,1
'2026-08-22 08:24:52.856956900,0.026956900,0
'2026-08-22 08:24:52.856957400,0.026957400,1
'2026-08-22 08:24:52.856957500,0.026957500,0
'2026-08-22 08:24:52.856957900,0.026957900,1
'2026-08-22 08:24:52.856958200,0.026958200,0
'2026-08-22 08:24:52.856958600,0.026958600,1
'2026-08-22 08:24:52.856958800,0.026958800,0
'2026-08-22 08:24:52.856958900,0.026958900,1
'2026-08-22 08:24:52.856959000,0.026959000,0
'2026-08-22 08:24:52.856959100,0.026959100,1
'2026-08-22 08:24:52.856959400,0.026959400,0
'2026-08-22 08:24:52.856959600,0.026959600,1
'2026-08-22 08:24:52.856960100,0.026960100,0
'2026-08-22 08:24:52.856960200,0.026960200,1
'2026-08-22 08:24:52.856960600,0.026960600,0
'2026-08-22 08:24:52.856960700,0.026960700,1
'2026-08-22 08:24:52.856961200,0.026961200,0
'2026-08-22 08:24:52.856961300,0.026961300,1
'2026-08-22 08:24:52.856964000,0.026964000,0
'2026-08-22 08:24:52.856964100,0.026964100,1
'2026-08-22 08:24:52.856964200,0.026964200,0
'2026-08-22 08:24:52.856964300,0.026964300,1
'2026-08-22 08:24:52.856964600,0.026964600,0
'2026-08-22 08:24:52.856964900,0.026964900,1
'2026-08-22 08:24:52.856965800,0.026965800,0
'2026-08-22 08:24:52.856966000,0.026966000,1
'2026-08-22 08:24:52.856985600,0.026985600,0
'2026-08-22 08:24:52.856985700,0.026985700,1
'2026-08-22 08:24:52.856986100,0.026986100,0
'2026-08-22 08:24:52.856986500,0.026986500,1
'2026-08-22 08:24:52.856986700,0.026986700,0
'2026-08-22 08:24:52.856986800,0.026986800,1
'2026-08-22 08:24:52.856987000,0.026987000,0
'2026-08-22 08:24:52.856987100,0.026987100,1
'2026-08-22 08:24:52.856987800,0.026987800,0
'2026-08-22 08:24:52.856988900,0.026988900,1
'2026-08-22 08:24:52.856989100,0.026989100,0
'2026-08-22 08:24:52.856989500,0.026989500,1
'2026-08-22 08:24:52.856989900,0.026989900,0
'2026-08-22 08:24:52.856990000,0.026990000,1
'2026-08-22 08:24:52.856990400,0.026990400,0
'2026-08-22 08:24:52.856990500,0.026990500,1
'2026-08-22 08:24:52.856991600,0.026991600,0
'2026-08-22 08:24:52.856991700,0.026991700,1
'2026-08-22 08:24:52.856991800,0.026991800,0
'2026-08-22 08:24:52.856991900,0.026991900,1
'2026-08-22 08:24:52.857006900,0.027006900,0
'2026-08-22 08:24:52.857007000,0.027007000,1
'2026-08-22 08:24:52.857007800,0.027007800,0
'2026-08-22 08:24:52.857008100,0.027008100,1
'2026-08-22 08:24:52.857008400,0.027008400,0
'2026-08-22 08:24:52.857008500,0.027008500,1
'2026-08-22 08:24:52.857008600,0.027008600,0
'2026-08-22 08:24:52.857008700,0.027008700,1
'2026-08-22 08:24:52.857008900,0.027008900,0
'2026-08-22 08:24:52.857009400,0.027009400,1
'2026-08-22 08:24:52.857011000,0.027011000,0
'2026-08-22 08:24:52.857011100,0.027011100,1
'2026-08-22 08:24:52.857015700,0.027015700,0
'2026-08-22 08:24:52.857015800,0.027015800,1
'2026-08-22 08:24:52.857016100,0.027016100,0
'2026-08-22 08:24:52.857016300,0.027016300,1
'2026-08-22 08:24:52.857016600,0.027016600,0
'2026-08-22 08:24:52.857016700,0.027016700,1
'2026-08-22 08:24:52.857034300,0.027034300,0
'2026-08-22 08:24:52.857034400,0.027034400,1
'2026-08-22 08:24:52.857035300,0.027035300,0
'2026-08-22 08:24:52.857035500,0.027035500,1
'2026-08-22 08:24:52.857036400,0.027036400,0
'2026-08-22 08:24:52.857036500,0.027036500,1
'2026-08-22 08:24:52.857044000,0.027044000,0
'2026-08-22 08:24:52.857044100,0.027044100,1
'2026-08-22 08:24:52.857063800,0.027063800,0
'2026-08-22 08:24:52.857063900,0.027063900,1
'2026-08-22 08:24:52.857064700,0.027064700,0
'2026-08-22 08:24:52.857064900,0.027064900,1
'2026-08-22 08:24:52.857065200,0.027065200,0
'2026-08-22 08:24:52.857065300,0.027065300,1
'2026-08-22 08:24:52.857065700,0.027065700,0
'2026-08-22 08:24:52.857065900,0.027065900,1
'2026-08-22 08:24:52.857066300,0.027066300,0
'2026-08-22 08:24:52.857066400,0.027066400,1
'2026-08-22 08:24:52.857066800,0.027066800,0
'2026-08-22 08:24:52.857067200,0.027067200,1
'2026-08-22 08:24:52.857068200,0.027068200,0
'2026-08-22 08:24:52.857068300,0.027068300,1
'2026-08-22 08:24:52.857070000,0.027070000,0
'2026-08-22 08:24:52.857070100,0.027070100,1
'2026-08-22 08:24:52.857087600,0.027087600,0
'2026-08-22 08:24:52.857087700,0.027087700,1
'2026-08-22 08:24:52.857087800,0.027087800,0
'2026-08-22 08:24:52.857087900,0.027087900,1
'2026-08-22 08:24:52.857095400,0.027095400,0
'2026-08-22 08:24:52.857095500,0.027095500,1
'2026-08-22 08:24:52.857096200,0.027096200,0
'2026-08-22 08:24:52.857096300,0.027096300,1
'2026-08-22 08:24:52.857116100,0.027116100,0
'2026-08-22 08:24:52.857116200,0.027116200,1
'2026-08-22 08:24:52.857166100,0.027166100,0
'2026-08-22 08:24:52.857166200,0.027166200,1
'2026-08-22 08:24:52.857200400,0.027200400,0
'2026-08-22 08:24:52.857200500,0.027200500,1
'2026-08-22 08:24:52.857249000,0.027249000,0
'2026-08-22 08:24:52.857249100,0.027249100,1
'2026-08-22 08:24:52.857299400,0.027299400,0
'2026-08-22 08:24:52.857299500,0.027299500,1
'2026-08-22 08:24:52.857788900,0.027788900,0
'2026-08-22 08:24:52.857789100,0.027789100,1
'2026-08-22 08:24:52.857789300,0.027789300,0
'2026-08-22 08:24:52.857789600,0.027789600,1
'2026-08-22 08:24:52.857790000,0.027790000,0
'2026-08-22 08:24:52.857790400,0.027790400,1
'2026-08-22 08:24:52.857790600,0.027790600,0
'2026-08-22 08:24:52.857791000,0.027791000,1
'2026-08-22 08:24:52.857791100,0.027791100,0
'2026-08-22 08:24:52.857791800,0.027791800,1
'2026-08-22 08:24:52.857791900,0.027791900,0
'2026-08-22 08:24:52.857792100,0.027792100,1
'2026-08-22 08:24:52.857792200,0.027792200,0
'2026-08-22 08:24:52.857792600,0.027792600,1
'2026-08-22 08:24:52.857793000,0.027793000,0
'2026-08-22 08:24:52.857793100,0.027793100,1
'2026-08-22 08:24:52.857793400,0.027793400,0
'2026-08-22 08:24:52.857793700,0.027793700,1
'2026-08-22 08:24:52.857794100,0.027794100,0
'2026-08-22 08:24:52.857794500,0.027794500,1
'2026-08-22 08:24:52.857794600,0.027794600,0
'2026-08-22 08:24:52.857795000,0.027795000,1
'2026-08-22 08:24:52.857795400,0.027795400,0
'2026-08-22 08:24:52.857795500,0.027795500,1
'2026-08-22 08:24:52.857795700,0.027795700,0
'2026-08-22 08:24:52.857795800,0.027795800,1
'2026-08-22 08:24:52.857797700,0.027797700,0
'2026-08-22 08:24:52.857797900,0.027797900,1
'2026-08-22 08:24:52.857798300,0.027798300,0
'2026-08-22 08:24:52.857798400,0.027798400,1
'2026-08-22 08:24:52.857798900,0.027798900,0
'2026-08-22 08:24:52.857799100,0.027799100,1
'2026-08-22 08:24:52.857799300,0.027799300,0
'2026-08-22 08:24:52.857799600,0.027799600,1
'2026-08-22 08:24:52.857799800,0.027799800,0
'2026-08-22 08:24:52.857799900,0.027799900,1
'2026-08-22 08:24:52.857800000,0.027800000,0
'2026-08-22 08:24:52.857800300,0.027800300,1
'2026-08-22 08:24:52.857817400,0.027817400,0
'2026-08-22 08:24:52.857817500,0.027817500,1
'2026-08-22 08:24:52.857818700,0.027818700,0
'2026-08-22 08:24:52.857818900,0.027818900,1
'2026-08-22 08:24:52.857819800,0.027819800,0
'2026-08-22 08:24:52.857820100,0.027820100,1
'2026-08-22 08:24:52.857820300,0.027820300,0
'2026-08-22 08:24:52.857820500,0.027820500,1
'2026-08-22 08:24:52.857820600,0.027820600,0
'2026-08-22 08:24:52.857820700,0.027820700,1
'2026-08-22 08:24:52.857820900,0.027820900,0
'2026-08-22 08:24:52.857821300,0.027821300,1
'2026-08-22 08:24:52.857821400,0.027821400,0
'2026-08-22 08:24:52.857821700,0.027821700,1
'2026-08-22 08:24:52.857822100,0.027822100,0
'2026-08-22 08:24:52.857822500,0.027822500,1
'2026-08-22 08:24:52.857822600,0.027822600,0
'2026-08-22 08:24:52.857822700,0.027822700,1
'2026-08-22 08:24:52.857822800,0.027822800,0
'2026-08-22 08:24:52.857822900,0.027822900,1
'2026-08-22 08:24:52.857823200,0.027823200,0
'2026-08-22 08:24:52.857823300,0.027823300,1
'2026-08-22 08:24:52.857823400,0.027823400,0
'2026-08-22 08:24:52.857823600,0.027823600,1
'2026-08-22 08:24:52.857824400,0.027824400,0
'2026-08-22 08:24:52.857824500,0.027824500,1
'2026-08-22 08:24:52.857825100,0.027825100,0
'2026-08-22 08:24:52.857825300,0.027825300,1
'2026-08-22 08:24:52.857841600,0.027841600,0
'2026-08-22 08:24:52.857841700,0.027841700,1
'2026-08-22 08:24:52.857842000,0.027842000,0
'2026-08-22 08:24:52.857842200,0.027842200,1
'2026-08-22 08:24:52.857842500,0.027842500,0
'2026-08-22 08:24:52.857842700,0.027842700,1
'2026-08-22 08:24:52.857842800,0.027842800,0
'2026-08-22 08:24:52.857842900,0.027842900,1
'2026-08-22 08:24:52.857843900,0.027843900,0
'2026-08-22 08:24:52.857844000,0.027844000,1
'2026-08-22 08:24:52.857847800,0.027847800,0
'2026-08-22 08:24:52.857847900,0.027847900,1
'2026-08-22 08:24:52.857848200,0.027848200,0
'2026-08-22 08:24:52.857848300,0.027848300,1
'2026-08-22 08:24:52.857848900,0.027848900,0
'2026-08-22 08:24:52.857849000,0.027849000,1
'2026-08-22 08:24:52.857849100,0.027849100,0
'2026-08-22 08:24:52.857849300,0.027849300,1
'2026-08-22 08:24:52.857849800,0.027849800,0
'2026-08-22 08:24:52.857849900,0.027849900,1
'2026-08-22 08:24:52.857850100,0.027850100,0
'2026-08-22 08:24:52.857850500,0.027850500,1
'2026-08-22 08:24:52.857850600,0.027850600,0
'2026-08-22 08:24:52.857850800,0.027850800,1
'2026-08-22 08:24:52.857850900,0.027850900,0
'2026-08-22 08:24:52.857851100,0.027851100,1
'2026-08-22 08:24:52.857851300,0.027851300,0
'2026-08-22 08:24:52.857851400,0.027851400,1
'2026-08-22 08:24:52.857851500,0.027851500,0
'2026-08-22 08:24:52.857851600,0.027851600,1
'2026-08-22 08:24:52.857852000,0.027852000,0
'2026-08-22 08:24:52.857852300,0.027852300,1
'2026-08-22 08:24:52.857870300,0.027870300,0
'2026-08-22 08:24:52.857870400,0.027870400,1
'2026-08-22 08:24:52.857871200,0.027871200,0
'2026-08-22 08:24:52.857871300,0.027871300,1
'2026-08-22 08:24:52.857871400,0.027871400,0
'2026-08-22 08:24:52.857871500,0.027871500,1
'2026-08-22 08:24:52.857871700,0.027871700,0
'2026-08-22 08:24:52.857871900,0.027871900,1
'2026-08-22 08:24:52.857872500,0.027872500,0
'2026-08-22 08:24:52.857872700,0.027872700,1
'2026-08-22 08:24:52.857873000,0.027873000,0
'2026-08-22 08:24:52.857873100,0.027873100,1
'2026-08-22 08:24:52.857873500,0.027873500,0
'2026-08-22 08:24:52.857873700,0.027873700,1
'2026-08-22 08:24:52.857876600,0.027876600,0
'2026-08-22 08:24:52.857876700,0.027876700,1
'2026-08-22 08:24:52.857894100,0.027894100,0
'2026-08-22 08:24:52.857894200,0.027894200,1
'2026-08-22 08:24:52.857901200,0.027901200,0
'2026-08-22 08:24:52.857901300,0.027901300,1
'2026-08-22 08:24:52.857901500,0.027901500,0
'2026-08-22 08:24:52.857901900,0.027901900,1
'2026-08-22 08:24:52.857902100,0.027902100,0
'2026-08-22 08:24:52.857902300,0.027902300,1
'2026-08-22 08:24:52.857903000,0.027903000,0
'2026-08-22 08:24:52.857903100,0.027903100,1
'2026-08-22 08:24:52.857904000,0.027904000,0
'2026-08-22 08:24:52.857904100,0.027904100,1
'2026-08-22 08:24:52.857922000,0.027922000,0
'2026-08-22 08:24:52.857922200,0.027922200,1
'2026-08-22 08:24:52.857922500,0.027922500,0
'2026-08-22 08:24:52.857922600,0.027922600,1
'2026-08-22 08:24:52.857924400,0.027924400,0
'2026-08-22 08:24:52.857924500,0.027924500,1
'2026-08-22 08:24:52.857951900,0.027951900,0
'2026-08-22 08:24:52.857952000,0.027952000,1
'2026-08-22 08:24:52.857952500,0.027952500,0
'2026-08-22 08:24:52.857952600,0.027952600,1
'2026-08-22 08:24:52.857953800,0.027953800,0
'2026-08-22 08:24:52.857953900,0.027953900,1
'2026-08-22 08:24:52.857981700,0.027981700,0
'2026-08-22 08:24:52.857981800,0.027981800,1
'2026-08-22 08:24:52.858002000,0.028002000,0
'2026-08-22 08:24:52.858002100,0.028002100,1
'2026-08-22 08:24:52.858002200,0.028002200,0
'2026-08-22 08:24:52.858002300,0.028002300,1
'2026-08-22 08:24:52.858002600,0.028002600,0
'2026-08-22 08:24:52.858002700,0.028002700,1
'2026-08-22 08:24:52.858030600,0.028030600,0
'2026-08-22 08:24:52.858030700,0.028030700,1
'2026-08-22 08:24:52.858082000,0.028082000,0
'2026-08-22 08:24:52.858082100,0.028082100,1
'2026-08-22 08:24:52.858111700,0.028111700,0
'2026-08-22 08:24:52.858111800,0.028111800,1
'2026-08-22 08:24:52.858602500,0.028602500,0
'2026-08-22 08:24:52.858602700,0.028602700,1
'2026-08-22 08:24:52.858602900,0.028602900,0
'2026-08-22 08:24:52.858603100,0.028603100,1
'2026-08-22 08:24:52.858603200,0.028603200,0
'2026-08-22 08:24:52.858603300,0.028603300,1
'2026-08-22 08:24:52.858603500,0.028603500,0
'2026-08-22 08:24:52.858603800,0.028603800,1
'2026-08-22 08:24:52.858604000,0.028604000,0
'2026-08-22 08:24:52.858604300,0.028604300,1
'2026-08-22 08:24:52.858604800,0.028604800,0
'2026-08-22 08:24:52.858605000,0.028605000,1
'2026-08-22 08:24:52.858605300,0.028605300,0
'2026-08-22 08:24:52.858605500,0.028605500,1
'2026-08-22 08:24:52.858605800,0.028605800,0
'2026-08-22 08:24:52.858605900,0.028605900,1
'2026-08-22 08:24:52.858606000,0.028606000,0
'2026-08-22 08:24:52.858606200,0.028606200,1
'2026-08-22 08:24:52.858606400,0.028606400,0
'2026-08-22 08:24:52.858606500,0.028606500,1
'2026-08-22 08:24:52.858606600,0.028606600,0
'2026-08-22 08:24:52.858606700,0.028606700,1
'2026-08-22 08:24:52.858607000,0.028607000,0
'2026-08-22 08:24:52.858607100,0.028607100,1
'2026-08-22 08:24:52.858607200,0.028607200,0
'2026-08-22 08:24:52.858607300,0.028607300,1
'2026-08-22 08:24:52.858607600,0.028607600,0
'2026-08-22 08:24:52.858607700,0.028607700,1
'2026-08-22 08:24:52.858624000,0.028624000,0
'2026-08-22 08:24:52.858624100,0.028624100,1
'2026-08-22 08:24:52.858625300,0.028625300,0
'2026-08-22 08:24:52.858625500,0.028625500,1
'2026-08-22 08:24:52.858625800,0.028625800,0
'2026-08-22 08:24:52.858625900,0.028625900,1
'2026-08-22 08:24:52.858626300,0.028626300,0
'2026-08-22 08:24:52.858626600,0.028626600,1
'2026-08-22 08:24:52.858626800,0.028626800,0
'2026-08-22 08:24:52.858626900,0.028626900,1
'2026-08-22 08:24:52.858627000,0.028627000,0
'2026-08-22 08:24:52.858627100,0.028627100,1
'2026-08-22 08:24:52.858627600,0.028627600,0
'2026-08-22 08:24:52.858627700,0.028627700,1
'2026-08-22 08:24:52.858628800,0.028628800,0
'2026-08-22 08:24:52.858628900,0.028628900,1
'2026-08-22 08:24:52.858631600,0.028631600,0
'2026-08-22 08:24:52.858631900,0.028631900,1
'2026-08-22 08:24:52.858632800,0.028632800,0
'2026-08-22 08:24:52.858633000,0.028633000,1
'2026-08-22 08:24:52.858633300,0.028633300,0
'2026-08-22 08:24:52.858633500,0.028633500,1
'2026-08-22 08:24:52.858633800,0.028633800,0
'2026-08-22 08:24:52.858634300,0.028634300,1
'2026-08-22 08:24:52.858634600,0.028634600,0
'2026-08-22 08:24:52.858634800,0.028634800,1
'2026-08-22 08:24:52.858651400,0.028651400,0
'2026-08-22 08:24:52.858651500,0.028651500,1
'2026-08-22 08:24:52.858654000,0.028654000,0
'2026-08-22 08:24:52.858654100,0.028654100,1
'2026-08-22 08:24:52.858654200,0.028654200,0
'2026-08-22 08:24:52.858654300,0.028654300,1
'2026-08-22 08:24:52.858654400,0.028654400,0
'2026-08-22 08:24:52.858654600,0.028654600,1
'2026-08-22 08:24:52.858654800,0.028654800,0
'2026-08-22 08:24:52.858655100,0.028655100,1
'2026-08-22 08:24:52.858655700,0.028655700,0
'2026-08-22 08:24:52.858655900,0.028655900,1
'2026-08-22 08:24:52.858656100,0.028656100,0
'2026-08-22 08:24:52.858656300,0.028656300,1
'2026-08-22 08:24:52.858656600,0.028656600,0
'2026-08-22 08:24:52.858657000,0.028657000,1
'2026-08-22 08:24:52.858657200,0.028657200,0
'2026-08-22 08:24:52.858657300,0.028657300,1
'2026-08-22 08:24:52.858658000,0.028658000,0
'2026-08-22 08:24:52.858658100,0.028658100,1
'2026-08-22 08:24:52.858659600,0.028659600,0
'2026-08-22 08:24:52.858659700,0.028659700,1
'2026-08-22 08:24:52.858675600,0.028675600,0
'2026-08-22 08:24:52.858675700,0.028675700,1
'2026-08-22 08:24:52.858676400,0.028676400,0
'2026-08-22 08:24:52.858676700,0.028676700,1
'2026-08-22 08:24:52.858681400,0.028681400,0
'2026-08-22 08:24:52.858681500,0.028681500,1
'2026-08-22 08:24:52.858685000,0.028685000,0
'2026-08-22 08:24:52.858685100,0.028685100,1
'2026-08-22 08:24:52.858685200,0.028685200,0
'2026-08-22 08:24:52.858685500,0.028685500,1
'2026-08-22 08:24:52.858685600,0.028685600,0
'2026-08-22 08:24:52.858685700,0.028685700,1
'2026-08-22 08:24:52.858685800,0.028685800,0
'2026-08-22 08:24:52.858685900,0.028685900,1
'2026-08-22 08:24:52.858686600,0.028686600,0
'2026-08-22 08:24:52.858686700,0.028686700,1
'2026-08-22 08:24:52.858704200,0.028704200,0
'2026-08-22 08:24:52.858704300,0.028704300,1
'2026-08-22 08:24:52.858737900,0.028737900,0
'2026-08-22 08:24:52.858738000,0.028738000,1
'2026-08-22 08:24:52.858760500,0.028760500,0
'2026-08-22 08:24:52.858760600,0.028760600,1
'2026-08-22 08:24:52.858761700,0.028761700,0
'2026-08-22 08:24:52.858761800,0.028761800,1
'2026-08-22 08:24:52.858867500,0.028867500,0
'2026-08-22 08:24:52.858867600,0.028867600,1
'2026-08-22 08:24:52.859432200,0.029432200,0
'2026-08-22 08:24:52.859432500,0.029432500,1
'2026-08-22 08:24:52.859433400,0.029433400,0
'2026-08-22 08:24:52.859433500,0.029433500,1
'2026-08-22 08:24:52.859434600,0.029434600,0
'2026-08-22 08:24:52.859434700,0.029434700,1
'2026-08-22 08:24:52.859435800,0.029435800,0
'2026-08-22 08:24:52.859435900,0.029435900,1
'2026-08-22 08:24:52.859437800,0.029437800,0
'2026-08-22 08:24:52.859437900,0.029437900,1
'2026-08-22 08:24:52.859438200,0.029438200,0
'2026-08-22 08:24:52.859438300,0.029438300,1
'2026-08-22 08:24:52.859438600,0.029438600,0
'2026-08-22 08:24:52.859438700,0.029438700,1
'2026-08-22 08:24:52.859438900,0.029438900,0
'2026-08-22 08:24:52.859439500,0.029439500,1
'2026-08-22 08:24:52.859439700,0.029439700,0
'2026-08-22 08:24:52.859440000,0.029440000,1
'2026-08-22 08:24:52.859440400,0.029440400,0
'2026-08-22 08:24:52.859440600,0.029440600,1
'2026-08-22 08:24:52.859440900,0.029440900,0
'2026-08-22 08:24:52.859441000,0.029441000,1
'2026-08-22 08:24:52.859441100,0.029441100,0
'2026-08-22 08:24:52.859441200,0.029441200,1
'2026-08-22 08:24:52.859441600,0.029441600,0
'2026-08-22 08:24:52.859441800,0.029441800,1
'2026-08-22 08:24:52.859442800,0.029442800,0
'2026-08-22 08:24:52.859442900,0.029442900,1
'2026-08-22 08:24:52.859460400,0.029460400,0
'2026-08-22 08:24:52.859460500,0.029460500,1
'2026-08-22 08:24:52.859460600,0.029460600,0
'2026-08-22 08:24:52.859461100,0.029461100,1
'2026-08-22 08:24:52.859461200,0.029461200,0
'2026-08-22 08:24:52.859461700,0.029461700,1
'2026-08-22 08:24:52.859461800,0.029461800,0
'2026-08-22 08:24:52.859462100,0.029462100,1
'2026-08-22 08:24:52.859462200,0.029462200,0
'2026-08-22 08:24:52.859462300,0.029462300,1
'2026-08-22 08:24:52.859462400,0.029462400,0
'2026-08-22 08:24:52.859462600,0.029462600,1
'2026-08-22 08:24:52.859462700,0.029462700,0
'2026-08-22 08:24:52.859462800,0.029462800,1
'2026-08-22 08:24:52.859463000,0.029463000,0
'2026-08-22 08:24:52.859463100,0.029463100,1
'2026-08-22 08:24:52.859463200,0.029463200,0
'2026-08-22 08:24:52.859463300,0.029463300,1
'2026-08-22 08:24:52.859463600,0.029463600,0
'2026-08-22 08:24:52.859463700,0.029463700,1
'2026-08-22 08:24:52.859464300,0.029464300,0
'2026-08-22 08:24:52.859464500,0.029464500,1
'2026-08-22 08:24:52.859464700,0.029464700,0
'2026-08-22 08:24:52.859464900,0.029464900,1
'2026-08-22 08:24:52.859465400,0.029465400,0
'2026-08-22 08:24:52.859465500,0.029465500,1
'2026-08-22 08:24:52.859465900,0.029465900,0
'2026-08-22 08:24:52.859466000,0.029466000,1
'2026-08-22 08:24:52.859466100,0.029466100,0
'2026-08-22 08:24:52.859466300,0.029466300,1
'2026-08-22 08:24:52.859466800,0.029466800,0
'2026-08-22 08:24:52.859466900,0.029466900,1
'2026-08-22 08:24:52.859484400,0.029484400,0
'2026-08-22 08:24:52.859484500,0.029484500,1
'2026-08-22 08:24:52.859485400,0.029485400,0
'2026-08-22 08:24:52.859485500,0.029485500,1
'2026-08-22 08:24:52.859491400,0.029491400,0
'2026-08-22 08:24:52.859491500,0.029491500,1
'2026-08-22 08:24:52.859491800,0.029491800,0
'2026-08-22 08:24:52.859491900,0.029491900,1
'2026-08-22 08:24:52.859492200,0.029492200,0
'2026-08-22 08:24:52.859492300,0.029492300,1
'2026-08-22 08:24:52.859492400,0.029492400,0
'2026-08-22 08:24:52.859492600,0.029492600,1
'2026-08-22 08:24:52.859492800,0.029492800,0
'2026-08-22 08:24:52.859492900,0.029492900,1
'2026-08-22 08:24:52.859493000,0.029493000,0
'2026-08-22 08:24:52.859493100,0.029493100,1
'2026-08-22 08:24:52.859493400,0.029493400,0
'2026-08-22 08:24:52.859493800,0.029493800,1
'2026-08-22 08:24:52.859494000,0.029494000,0
'2026-08-22 08:24:52.859494100,0.029494100,1
'2026-08-22 08:24:52.859494200,0.029494200,0
'2026-08-22 08:24:52.859494300,0.029494300,1
'2026-08-22 08:24:52.859494600,0.029494600,0
'2026-08-22 08:24:52.859494900,0.029494900,1
'2026-08-22 08:24:52.859514400,0.029514400,0
'2026-08-22 08:24:52.859514500,0.029514500,1
'2026-08-22 08:24:52.859514600,0.029514600,0
'2026-08-22 08:24:52.859514700,0.029514700,1
'2026-08-22 08:24:52.859516100,0.029516100,0
'2026-08-22 08:24:52.859516200,0.029516200,1
'2026-08-22 08:24:52.859541300,0.029541300,0
'2026-08-22 08:24:52.859541400,0.029541400,1
'2026-08-22 08:24:52.859543800,0.029543800,0
'2026-08-22 08:24:52.859543900,0.029543900,1
'2026-08-22 08:24:52.859544400,0.029544400,0
'2026-08-22 08:24:52.859544500,0.029544500,1
'2026-08-22 08:24:52.859564900,0.029564900,0
'2026-08-22 08:24:52.859565000,0.029565000,1
'2026-08-22 08:24:52.859565400,0.029565400,0
'2026-08-22 08:24:52.859565500,0.029565500,1
'2026-08-22 08:24:52.859566100,0.029566100,0
'2026-08-22 08:24:52.859566200,0.029566200,1
'2026-08-22 08:24:52.859592000,0.029592000,0
'2026-08-22 08:24:52.859592100,0.029592100,1
'2026-08-22 08:24:52.859669200,0.029669200,0
'2026-08-22 08:24:52.859669300,0.029669300,1
'2026-08-22 08:24:52.859781400,0.029781400,0
'2026-08-22 08:24:52.859781500,0.029781500,1
'2026-08-22 08:24:52.860247200,0.030247200,0
'2026-08-22 08:24:52.860247400,0.030247400,1
'2026-08-22 08:24:52.860247800,0.030247800,0
'2026-08-22 08:24:52.860247900,0.030247900,1
'2026-08-22 08:24:52.860248100,0.030248100,0
'2026-08-22 08:24:52.860248200,0.030248200,1
'2026-08-22 08:24:52.860248600,0.030248600,0
'2026-08-22 08:24:52.860248700,0.030248700,1
'2026-08-22 08:24:52.860249000,0.030249000,0
'2026-08-22 08:24:52.860249300,0.030249300,1
'2026-08-22 08:24:52.860249700,0.030249700,0
'2026-08-22 08:24:52.860249800,0.030249800,1
'2026-08-22 08:24:52.860266100,0.030266100,0
'2026-08-22 08:24:52.860266200,0.030266200,1
'2026-08-22 08:24:52.860266800,0.030266800,0
'2026-08-22 08:24:52.860266900,0.030266900,1
'2026-08-22 08:24:52.860267000,0.030267000,0
'2026-08-22 08:24:52.860267500,0.030267500,1
'2026-08-22 08:24:52.860267700,0.030267700,0
'2026-08-22 08:24:52.860267900,0.030267900,1
'2026-08-22 08:24:52.860268200,0.030268200,0
'2026-08-22 08:24:52.860268700,0.030268700,1
'2026-08-22 08:24:52.860269000,0.030269000,0
'2026-08-22 08:24:52.860269100,0.030269100,1
'2026-08-22 08:24:52.860270800,0.030270800,0
'2026-08-22 08:24:52.860271000,0.030271000,1
'2026-08-22 08:24:52.860271200,0.030271200,0
'2026-08-22 08:24:52.860271300,0.030271300,1
'2026-08-22 08:24:52.860271800,0.030271800,0
'2026-08-22 08:24:52.860271900,0.030271900,1
'2026-08-22 08:24:52.860274600,0.030274600,0
'2026-08-22 08:24:52.860274700,0.030274700,1
'2026-08-22 08:24:52.860275400,0.030275400,0
'2026-08-22 08:24:52.860275500,0.030275500,1
'2026-08-22 08:24:52.860276000,0.030276000,0
'2026-08-22 08:24:52.860276100,0.030276100,1
'2026-08-22 08:24:52.860276200,0.030276200,0
'2026-08-22 08:24:52.860276300,0.030276300,1
'2026-08-22 08:24:52.860276400,0.030276400,0
'2026-08-22 08:24:52.860276500,0.030276500,1
'2026-08-22 08:24:52.860276600,0.030276600,0
'2026-08-22 08:24:52.860276700,0.030276700,1
'2026-08-22 08:24:52.860277000,0.030277000,0
'2026-08-22 08:24:52.860277100,0.030277100,1
'2026-08-22 08:24:52.860277200,0.030277200,0
'2026-08-22 08:24:52.860277400,0.030277400,1
'2026-08-22 08:24:52.860299200,0.030299200,0
'2026-08-22 08:24:52.860299300,0.030299300,1
'2026-08-22 08:24:52.860300400,0.030300400,0
'2026-08-22 08:24:52.860300500,0.030300500,1
'2026-08-22 08:24:52.860320800,0.030320800,0
'2026-08-22 08:24:52.860320900,0.030320900,1
'2026-08-22 08:24:52.860324900,0.030324900,0
'2026-08-22 08:24:52.860325000,0.030325000,1
'2026-08-22 08:24:52.860326800,0.030326800,0
'2026-08-22 08:24:52.860326900,0.030326900,1
'2026-08-22 08:24:52.860347800,0.030347800,0
'2026-08-22 08:24:52.860347900,0.030347900,1
'2026-08-22 08:24:52.860377000,0.030377000,0
'2026-08-22 08:24:52.860377100,0.030377100,1
'2026-08-22 08:24:52.861076100,0.031076100,0
'2026-08-22 08:24:52.861076200,0.031076200,1
'2026-08-22 08:24:52.861077100,0.031077100,0
'2026-08-22 08:24:52.861077300,0.031077300,1
'2026-08-22 08:24:52.861077400,0.031077400,0
'2026-08-22 08:24:52.861077500,0.031077500,1
'2026-08-22 08:24:52.861077600,0.031077600,0
'2026-08-22 08:24:52.861077700,0.031077700,1
'2026-08-22 08:24:52.861077900,0.031077900,0
'2026-08-22 08:24:52.861078100,0.031078100,1
'2026-08-22 08:24:52.861078400,0.031078400,0
'2026-08-22 08:24:52.861078700,0.031078700,1
'2026-08-22 08:24:52.861079100,0.031079100,0
'2026-08-22 08:24:52.861079200,0.031079200,1
'2026-08-22 08:24:52.861079400,0.031079400,0
'2026-08-22 08:24:52.861079700,0.031079700,1
'2026-08-22 08:24:52.861080800,0.031080800,0
'2026-08-22 08:24:52.861080900,0.031080900,1
'2026-08-22 08:24:52.861081100,0.031081100,0
'2026-08-22 08:24:52.861081300,0.031081300,1
'2026-08-22 08:24:52.861082400,0.031082400,0
'2026-08-22 08:24:52.861082700,0.031082700,1
'2026-08-22 08:24:52.861101000,0.031101000,0
'2026-08-22 08:24:52.861101300,0.031101300,1
'2026-08-22 08:24:52.861108700,0.031108700,0
'2026-08-22 08:24:52.861108900,0.031108900,1
'2026-08-22 08:24:52.861109200,0.031109200,0
'2026-08-22 08:24:52.861109300,0.031109300,1
'2026-08-22 08:24:52.861109900,0.031109900,0
'2026-08-22 08:24:52.861110200,0.031110200,1
'2026-08-22 08:24:52.861111000,0.031111000,0
'2026-08-22 08:24:52.861111100,0.031111100,1
'2026-08-22 08:24:52.861111200,0.031111200,0
'2026-08-22 08:24:52.861111300,0.031111300,1
'2026-08-22 08:24:52.861111600,0.031111600,0
'2026-08-22 08:24:52.861111700,0.031111700,1
'2026-08-22 08:24:52.861127800,0.031127800,0
'2026-08-22 08:24:52.861127900,0.031127900,1
'2026-08-22 08:24:52.861129400,0.031129400,0
'2026-08-22 08:24:52.861129500,0.031129500,1
'2026-08-22 08:24:52.861131000,0.031131000,0
'2026-08-22 08:24:52.861131100,0.031131100,1
'2026-08-22 08:24:52.861131600,0.031131600,0
'2026-08-22 08:24:52.861131700,0.031131700,1
'2026-08-22 08:24:52.861158400,0.031158400,0
'2026-08-22 08:24:52.861158500,0.031158500,1
'2026-08-22 08:24:52.861158600,0.031158600,0
'2026-08-22 08:24:52.861158700,0.031158700,1
'2026-08-22 08:24:52.861160800,0.031160800,0
'2026-08-22 08:24:52.861160900,0.031160900,1
'2026-08-22 08:24:52.861362300,0.031362300,0
'2026-08-22 08:24:52.861362400,0.031362400,1
'2026-08-22 08:24:52.861371100,0.031371100,0
'2026-08-22 08:24:52.861371200,0.031371200,1
'2026-08-22 08:24:52.861911900,0.031911900,0
'2026-08-22 08:24:52.861912000,0.031912000,1
'2026-08-22 08:24:52.861912200,0.031912200,0
'2026-08-22 08:24:52.861912700,0.031912700,1
'2026-08-22 08:24:52.861912900,0.031912900,0
'2026-08-22 08:24:52.861913300,0.031913300,1
'2026-08-22 08:24:52.861913400,0.031913400,0
'2026-08-22 08:24:52.861913700,0.031913700,1
'2026-08-22 08:24:52.861914100,0.031914100,0
'2026-08-22 08:24:52.861914700,0.031914700,1
'2026-08-22 08:24:52.861915400,0.031915400,0
'2026-08-22 08:24:52.861915500,0.031915500,1
'2026-08-22 08:24:52.861915800,0.031915800,0
'2026-08-22 08:24:52.861915900,0.031915900,1
'2026-08-22 08:24:52.861916100,0.031916100,0
'2026-08-22 08:24:52.861916200,0.031916200,1
'2026-08-22 08:24:52.861916600,0.031916600,0
'2026-08-22 08:24:52.861916700,0.031916700,1
'2026-08-22 08:24:52.861917800,0.031917800,0
'2026-08-22 08:24:52.861917900,0.031917900,1
'2026-08-22 08:24:52.861942800,0.031942800,0
'2026-08-22 08:24:52.861942900,0.031942900,1
'2026-08-22 08:24:52.861943900,0.031943900,0
'2026-08-22 08:24:52.861944200,0.031944200,1
'2026-08-22 08:24:52.861944400,0.031944400,0
'2026-08-22 08:24:52.861944700,0.031944700,1
'2026-08-22 08:24:52.861945000,0.031945000,0
'2026-08-22 08:24:52.861945300,0.031945300,1
'2026-08-22 08:24:52.861964000,0.031964000,0
'2026-08-22 08:24:52.861964100,0.031964100,1
'2026-08-22 08:24:52.861964300,0.031964300,0
'2026-08-22 08:24:52.861964700,0.031964700,1
'2026-08-22 08:24:52.861966200,0.031966200,0
'2026-08-22 08:24:52.861966300,0.031966300,1
'2026-08-22 08:24:52.861990000,0.031990000,0
'2026-08-22 08:24:52.861990100,0.031990100,1
'2026-08-22 08:24:52.861991200,0.031991200,0
'2026-08-22 08:24:52.861991300,0.031991300,1
'2026-08-22 08:24:52.862020600,0.032020600,0
'2026-08-22 08:24:52.862020700,0.032020700,1
'2026-08-22 08:24:52.862022600,0.032022600,0
'2026-08-22 08:24:52.862022700,0.032022700,1
'2026-08-22 08:24:52.862023200,0.032023200,0
'2026-08-22 08:24:52.862023300,0.032023300,1
'2026-08-22 08:24:52.862073200,0.032073200,0
'2026-08-22 08:24:52.862073300,0.032073300,1
'2026-08-22 08:24:52.862074700,0.032074700,0
'2026-08-22 08:24:52.862074800,0.032074800,1
'2026-08-22 08:24:52.862126000,0.032126000,0
'2026-08-22 08:24:52.862126100,0.032126100,1
'2026-08-22 08:24:52.862717000,0.032717000,0
'2026-08-22 08:24:52.862717200,0.032717200,1
'2026-08-22 08:24:52.862717300,0.032717300,0
'2026-08-22 08:24:52.862717400,0.032717400,1
'2026-08-22 08:24:52.862718200,0.032718200,0
'2026-08-22 08:24:52.862718500,0.032718500,1
'2026-08-22 08:24:52.862718800,0.032718800,0
'2026-08-22 08:24:52.862718900,0.032718900,1
'2026-08-22 08:24:52.862719400,0.032719400,0
'2026-08-22 08:24:52.862719500,0.032719500,1
'2026-08-22 08:24:52.862720600,0.032720600,0
'2026-08-22 08:24:52.862720700,0.032720700,1
'2026-08-22 08:24:52.862724600,0.032724600,0
'2026-08-22 08:24:52.862724700,0.032724700,1
'2026-08-22 08:24:52.862725800,0.032725800,0
'2026-08-22 08:24:52.862725900,0.032725900,1
'2026-08-22 08:24:52.862726000,0.032726000,0
'2026-08-22 08:24:52.862726100,0.032726100,1
'2026-08-22 08:24:52.862726400,0.032726400,0
'2026-08-22 08:24:52.862726500,0.032726500,1
'2026-08-22 08:24:52.862727000,0.032727000,0
'2026-08-22 08:24:52.862727200,0.032727200,1
'2026-08-22 08:24:52.862727400,0.032727400,0
'2026-08-22 08:24:52.862727900,0.032727900,1
'2026-08-22 08:24:52.862728000,0.032728000,0
'2026-08-22 08:24:52.862728300,0.032728300,1
'2026-08-22 08:24:52.862744600,0.032744600,0
'2026-08-22 08:24:52.862744700,0.032744700,1
'2026-08-22 08:24:52.862746100,0.032746100,0
'2026-08-22 08:24:52.862746200,0.032746200,1
'2026-08-22 08:24:52.862746400,0.032746400,0
'2026-08-22 08:24:52.862746500,0.032746500,1
'2026-08-22 08:24:52.862746700,0.032746700,0
'2026-08-22 08:24:52.862747200,0.032747200,1
'2026-08-22 08:24:52.862747300,0.032747300,0
'2026-08-22 08:24:52.862747600,0.032747600,1
'2026-08-22 08:24:52.862747900,0.032747900,0
'2026-08-22 08:24:52.862748100,0.032748100,1
'2026-08-22 08:24:52.862749100,0.032749100,0
'2026-08-22 08:24:52.862749300,0.032749300,1
'2026-08-22 08:24:52.862775500,0.032775500,0
'2026-08-22 08:24:52.862775600,0.032775600,1
'2026-08-22 08:24:52.862776600,0.032776600,0
'2026-08-22 08:24:52.862776700,0.032776700,1
'2026-08-22 08:24:52.862778300,0.032778300,0
'2026-08-22 08:24:52.862778700,0.032778700,1
'2026-08-22 08:24:52.862778900,0.032778900,0
'2026-08-22 08:24:52.862779000,0.032779000,1
'2026-08-22 08:24:52.862779500,0.032779500,0
'2026-08-22 08:24:52.862779600,0.032779600,1
'2026-08-22 08:24:52.862798800,0.032798800,0
'2026-08-22 08:24:52.862799100,0.032799100,1
'2026-08-22 08:24:52.862799300,0.032799300,0
'2026-08-22 08:24:52.862799500,0.032799500,1
'2026-08-22 08:24:52.862799900,0.032799900,0
'2026-08-22 08:24:52.862800000,0.032800000,1
'2026-08-22 08:24:52.862828000,0.032828000,0
'2026-08-22 08:24:52.862828100,0.032828100,1
'2026-08-22 08:24:52.862828200,0.032828200,0
'2026-08-22 08:24:52.862828300,0.032828300,1
'2026-08-22 08:24:52.862829400,0.032829400,0
'2026-08-22 08:24:52.862829500,0.032829500,1
'2026-08-22 08:24:52.862829800,0.032829800,0
'2026-08-22 08:24:52.862829900,0.032829900,1
'2026-08-22 08:24:52.862878500,0.032878500,0
'2026-08-22 08:24:52.862878600,0.032878600,1
'2026-08-22 08:24:52.864338100,0.034338100,0
'2026-08-22 08:24:52.864339100,0.034339100,1
'2026-08-22 08:24:52.864339200,0.034339200,0
'2026-08-22 08:24:52.864340300,0.034340300,1
'2026-08-22 08:24:52.864340400,0.034340400,0
'2026-08-22 08:24:52.864340900,0.034340900,1
'2026-08-22 08:24:52.864341000,0.034341000,0
'2026-08-22 08:24:52.864341500,0.034341500,1
'2026-08-22 08:24:52.864341600,0.034341600,0
'2026-08-22 08:24:52.864342600,0.034342600,1
'2026-08-22 08:24:52.864342700,0.034342700,0
'2026-08-22 08:24:52.864343300,0.034343300,1
'2026-08-22 08:24:52.864343400,0.034343400,0
'2026-08-22 08:24:52.864344700,0.034344700,1
'2026-08-22 08:24:52.864360000,0.034360000,0
'2026-08-22 08:24:52.864360700,0.034360700,1
'2026-08-22 08:24:52.864360800,0.034360800,0
'2026-08-22 08:24:52.864361300,0.034361300,1
'2026-08-22 08:24:52.864361400,0.034361400,0
'2026-08-22 08:24:52.864361700,0.034361700,1
'2026-08-22 08:24:52.864362200,0.034362200,0
'2026-08-22 08:24:52.864362500,0.034362500,1
'2026-08-22 08:24:52.864362600,0.034362600,0
'2026-08-22 08:24:52.864363000,0.034363000,1
'2026-08-22 08:24:52.864363200,0.034363200,0
'2026-08-22 08:24:52.864363600,0.034363600,1
'2026-08-22 08:24:52.864363700,0.034363700,0
'2026-08-22 08:24:52.864363900,0.034363900,1
'2026-08-22 08:24:52.864364000,0.034364000,0
'2026-08-22 08:24:52.864364200,0.034364200,1
'2026-08-22 08:24:52.864364300,0.034364300,0
'2026-08-22 08:24:52.864365100,0.034365100,1
'2026-08-22 08:24:52.864365200,0.034365200,0
'2026-08-22 08:24:52.864365400,0.034365400,1
'2026-08-22 08:24:52.864365500,0.034365500,0
'2026-08-22 08:24:52.864366600,0.034366600,1
'2026-08-22 08:24:52.864366700,0.034366700,0
'2026-08-22 08:24:52.864367100,0.034367100,1
'2026-08-22 08:24:52.864367200,0.034367200,0
'2026-08-22 08:24:52.864368900,0.034368900,1
'2026-08-22 08:24:52.864369000,0.034369000,0
'2026-08-22 08:24:52.864369500,0.034369500,1
'2026-08-22 08:24:52.864369600,0.034369600,0
'2026-08-22 08:24:52.864370100,0.034370100,1
'2026-08-22 08:24:52.864370200,0.034370200,0
'2026-08-22 08:24:52.864370600,0.034370600,1
'2026-08-22 08:24:52.864385500,0.034385500,0
'2026-08-22 08:24:52.864385800,0.034385800,1
'2026-08-22 08:24:52.864386000,0.034386000,0
'2026-08-22 08:24:52.864387000,0.034387000,1
'2026-08-22 08:24:52.864387200,0.034387200,0
'2026-08-22 08:24:52.864387600,0.034387600,1
'2026-08-22 08:24:52.864387700,0.034387700,0
'2026-08-22 08:24:52.864388200,0.034388200,1
'2026-08-22 08:24:52.864388300,0.034388300,0
'2026-08-22 08:24:52.864388700,0.034388700,1
'2026-08-22 08:24:52.864389000,0.034389000,0
'2026-08-22 08:24:52.864389100,0.034389100,1
'2026-08-22 08:24:52.864389200,0.034389200,0
'2026-08-22 08:24:52.864389300,0.034389300,1
'2026-08-22 08:24:52.864389400,0.034389400,0
'2026-08-22 08:24:52.864389900,0.034389900,1
'2026-08-22 08:24:52.864390400,0.034390400,0
'2026-08-22 08:24:52.864390500,0.034390500,1
'2026-08-22 08:24:52.864390600,0.034390600,0
'2026-08-22 08:24:52.864390700,0.034390700,1
'2026-08-22 08:24:52.864390800,0.034390800,0
'2026-08-22 08:24:52.864391100,0.034391100,1
'2026-08-22 08:24:52.864391200,0.034391200,0
'2026-08-22 08:24:52.864391500,0.034391500,1
'2026-08-22 08:24:52.864391800,0.034391800,0
'2026-08-22 08:24:52.864392100,0.034392100,1
'2026-08-22 08:24:52.864392400,0.034392400,0
'2026-08-22 08:24:52.864392800,0.034392800,1
'2026-08-22 08:24:52.864393000,0.034393000,0
'2026-08-22 08:24:52.864393400,0.034393400,1
'2026-08-22 08:24:52.864393600,0.034393600,0
'2026-08-22 08:24:52.864393900,0.034393900,1
'2026-08-22 08:24:52.864394100,0.034394100,0
'2026-08-22 08:24:52.864394500,0.034394500,1
'2026-08-22 08:24:52.864394700,0.034394700,0
'2026-08-22 08:24:52.864395200,0.034395200,1
'2026-08-22 08:24:52.864395300,0.034395300,0
'2026-08-22 08:24:52.864395700,0.034395700,1
'2026-08-22 08:24:52.864395900,0.034395900,0
'2026-08-22 08:24:52.864396300,0.034396300,1
'2026-08-22 08:24:52.864396400,0.034396400,0
'2026-08-22 08:24:52.864396900,0.034396900,1
'2026-08-22 08:24:52.864413400,0.034413400,0
'2026-08-22 08:24:52.864413700,0.034413700,1
'2026-08-22 08:24:52.864414600,0.034414600,0
'2026-08-22 08:24:52.864414800,0.034414800,1
'2026-08-22 08:24:52.864415100,0.034415100,0
'2026-08-22 08:24:52.864415300,0.034415300,1
'2026-08-22 08:24:52.864415400,0.034415400,0
'2026-08-22 08:24:52.864415600,0.034415600,1
'2026-08-22 08:24:52.864415800,0.034415800,0
'2026-08-22 08:24:52.864416100,0.034416100,1
'2026-08-22 08:24:52.864416500,0.034416500,0
'2026-08-22 08:24:52.864416700,0.034416700,1
'2026-08-22 08:24:52.864416900,0.034416900,0
'2026-08-22 08:24:52.864417300,0.034417300,1
'2026-08-22 08:24:52.864417400,0.034417400,0
'2026-08-22 08:24:52.864417700,0.034417700,1
'2026-08-22 08:24:52.864418100,0.034418100,0
'2026-08-22 08:24:52.864418500,0.034418500,1
'2026-08-22 08:24:52.864418600,0.034418600,0
'2026-08-22 08:24:52.864418900,0.034418900,1
'2026-08-22 08:24:52.864419200,0.034419200,0
'2026-08-22 08:24:52.864419700,0.034419700,1
'2026-08-22 08:24:52.864420000,0.034420000,0
'2026-08-22 08:24:52.864420100,0.034420100,1
'2026-08-22 08:24:52.864420500,0.034420500,0
'2026-08-22 08:24:52.864420600,0.034420600,1
'2026-08-22 08:24:52.864421000,0.034421000,0
'2026-08-22 08:24:52.864421100,0.034421100,1
'2026-08-22 08:24:52.864421500,0.034421500,0
'2026-08-22 08:24:52.864421600,0.034421600,1
'2026-08-22 08:24:52.864422100,0.034422100,0
'2026-08-22 08:24:52.864422200,0.034422200,1
'2026-08-22 08:24:52.864422400,0.034422400,0
'2026-08-22 08:24:52.864422500,0.034422500,1
'2026-08-22 08:24:52.864422800,0.034422800,0
'2026-08-22 08:24:52.864423000,0.034423000,1
'2026-08-22 08:24:52.864438000,0.034438000,0
'2026-08-22 08:24:52.864438200,0.034438200,1
'2026-08-22 08:24:52.864438600,0.034438600,0
'2026-08-22 08:24:52.864438900,0.034438900,1
'2026-08-22 08:24:52.864439200,0.034439200,0
'2026-08-22 08:24:52.864439300,0.034439300,1
'2026-08-22 08:24:52.864439700,0.034439700,0
'2026-08-22 08:24:52.864440100,0.034440100,1
'2026-08-22 08:24:52.864441000,0.034441000,0
'2026-08-22 08:24:52.864441100,0.034441100,1
'2026-08-22 08:24:52.864442100,0.034442100,0
'2026-08-22 08:24:52.864442200,0.034442200,1
'2026-08-22 08:24:52.864442900,0.034442900,0
'2026-08-22 08:24:52.864443000,0.034443000,1
'2026-08-22 08:24:52.864444100,0.034444100,0
'2026-08-22 08:24:52.864444200,0.034444200,1
'2026-08-22 08:24:52.864444500,0.034444500,0
'2026-08-22 08:24:52.864444600,0.034444600,1
'2026-08-22 08:24:52.864445000,0.034445000,0
'2026-08-22 08:24:52.864445300,0.034445300,1
'2026-08-22 08:24:52.864445600,0.034445600,0
'2026-08-22 08:24:52.864445700,0.034445700,1
'2026-08-22 08:24:52.864445800,0.034445800,0
'2026-08-22 08:24:52.864445900,0.034445900,1
'2026-08-22 08:24:52.864446400,0.034446400,0
'2026-08-22 08:24:52.864446500,0.034446500,1
'2026-08-22 08:24:52.864446900,0.034446900,0
'2026-08-22 08:24:52.864447000,0.034447000,1
'2026-08-22 08:24:52.864447300,0.034447300,0
'2026-08-22 08:24:52.864447700,0.034447700,1
'2026-08-22 08:24:52.864447900,0.034447900,0
'2026-08-22 08:24:52.864448000,0.034448000,1
'2026-08-22 08:24:52.864448500,0.034448500,0
'2026-08-22 08:24:52.864448900,0.034448900,1
'2026-08-22 08:24:52.864449000,0.034449000,0
'2026-08-22 08:24:52.864449100,0.034449100,1
'2026-08-22 08:24:52.864464400,0.034464400,0
'2026-08-22 08:24:52.864464600,0.034464600,1
'2026-08-22 08:24:52.864469600,0.034469600,0
'2026-08-22 08:24:52.864469700,0.034469700,1
'2026-08-22 08:24:52.864472000,0.034472000,0
'2026-08-22 08:24:52.864472100,0.034472100,1
'2026-08-22 08:24:52.864473800,0.034473800,0
'2026-08-22 08:24:52.864473900,0.034473900,1
'2026-08-22 08:24:52.864474100,0.034474100,0
'2026-08-22 08:24:52.864474300,0.034474300,1
'2026-08-22 08:24:52.864494600,0.034494600,0
'2026-08-22 08:24:52.864494800,0.034494800,1
'2026-08-22 08:24:52.864497000,0.034497000,0
'2026-08-22 08:24:52.864497100,0.034497100,1
'2026-08-22 08:24:52.864498900,0.034498900,0
'2026-08-22 08:24:52.864499000,0.034499000,1
'2026-08-22 08:24:52.864500600,0.034500600,0
'2026-08-22 08:24:52.864500800,0.034500800,1
'2026-08-22 08:24:52.864522400,0.034522400,0
'2026-08-22 08:24:52.864522500,0.034522500,1
'2026-08-22 08:24:52.864525500,0.034525500,0
'2026-08-22 08:24:52.864525600,0.034525600,1
'2026-08-22 08:24:52.864526900,0.034526900,0
'2026-08-22 08:24:52.864527000,0.034527000,1
'2026-08-22 08:24:52.864546200,0.034546200,0
'2026-08-22 08:24:52.864546300,0.034546300,1
'2026-08-22 08:24:52.865168200,0.035168200,0
'2026-08-22 08:24:52.865168300,0.035168300,1
'2026-08-22 08:24:52.865168600,0.035168600,0
'2026-08-22 08:24:52.865168900,0.035168900,1
'2026-08-22 08:24:52.865169200,0.035169200,0
'2026-08-22 08:24:52.865169500,0.035169500,1
'2026-08-22 08:24:52.865171200,0.035171200,0
'2026-08-22 08:24:52.865171300,0.035171300,1
'2026-08-22 08:24:52.865171600,0.035171600,0
'2026-08-22 08:24:52.865171700,0.035171700,1
'2026-08-22 08:24:52.865172100,0.035172100,0
'2026-08-22 08:24:52.865172200,0.035172200,1
'2026-08-22 08:24:52.865175500,0.035175500,0
'2026-08-22 08:24:52.865176000,0.035176000,1
'2026-08-22 08:24:52.865176300,0.035176300,0
'2026-08-22 08:24:52.865176500,0.035176500,1
'2026-08-22 08:24:52.865176800,0.035176800,0
'2026-08-22 08:24:52.865177100,0.035177100,1
'2026-08-22 08:24:52.865177300,0.035177300,0
'2026-08-22 08:24:52.865177400,0.035177400,1
'2026-08-22 08:24:52.865178000,0.035178000,0
'2026-08-22 08:24:52.865178100,0.035178100,1
'2026-08-22 08:24:52.865178200,0.035178200,0
'2026-08-22 08:24:52.865178300,0.035178300,1
'2026-08-22 08:24:52.865178400,0.035178400,0
'2026-08-22 08:24:52.865178500,0.035178500,1
'2026-08-22 08:24:52.865178700,0.035178700,0
'2026-08-22 08:24:52.865178900,0.035178900,1
'2026-08-22 08:24:52.865195400,0.035195400,0
'2026-08-22 08:24:52.865195500,0.035195500,1
'2026-08-22 08:24:52.865198300,0.035198300,0
'2026-08-22 08:24:52.865198400,0.035198400,1
'2026-08-22 08:24:52.865198600,0.035198600,0
'2026-08-22 08:24:52.865198800,0.035198800,1
'2026-08-22 08:24:52.865199800,0.035199800,0
'2026-08-22 08:24:52.865199900,0.035199900,1
'2026-08-22 08:24:52.865202000,0.035202000,0
'2026-08-22 08:24:52.865202100,0.035202100,1
'2026-08-22 08:24:52.865202200,0.035202200,0
'2026-08-22 08:24:52.865202300,0.035202300,1
'2026-08-22 08:24:52.865222400,0.035222400,0
'2026-08-22 08:24:52.865222500,0.035222500,1
'2026-08-22 08:24:52.865223600,0.035223600,0
'2026-08-22 08:24:52.865223700,0.035223700,1
'2026-08-22 08:24:52.865225500,0.035225500,0
'2026-08-22 08:24:52.865225600,0.035225600,1
'2026-08-22 08:24:52.865229100,0.035229100,0
'2026-08-22 08:24:52.865229200,0.035229200,1
'2026-08-22 08:24:52.865254000,0.035254000,0
'2026-08-22 08:24:52.865254100,0.035254100,1
'2026-08-22 08:24:52.865275600,0.035275600,0
'2026-08-22 08:24:52.865275700,0.035275700,1
'2026-08-22 08:24:52.865276200,0.035276200,0
'2026-08-22 08:24:52.865276300,0.035276300,1
'2026-08-22 08:24:52.865276600,0.035276600,0
'2026-08-22 08:24:52.865276700,0.035276700,1
'2026-08-22 08:24:52.865305800,0.035305800,0
'2026-08-22 08:24:52.865305900,0.035305900,1
'2026-08-22 08:24:52.865306500,0.035306500,0
'2026-08-22 08:24:52.865306600,0.035306600,1
'2026-08-22 08:24:52.865308200,0.035308200,0
'2026-08-22 08:24:52.865308300,0.035308300,1
'2026-08-22 08:24:52.865360300,0.035360300,0
'2026-08-22 08:24:52.865360400,0.035360400,1
'2026-08-22 08:24:52.865487600,0.035487600,0
'2026-08-22 08:24:52.865487700,0.035487700,1
'2026-08-22 08:24:52.865516100,0.035516100,0
'2026-08-22 08:24:52.865516500,0.035516500,1
'2026-08-22 08:24:52.865516600,0.035516600,0
'2026-08-22 08:24:52.865517100,0.035517100,1
'2026-08-22 08:24:52.865517200,0.035517200,0
'2026-08-22 08:24:52.865517300,0.035517300,1
'2026-08-22 08:24:52.865534400,0.035534400,0
'2026-08-22 08:24:52.865534500,0.035534500,1
'2026-08-22 08:24:52.865977000,0.035977000,0
'2026-08-22 08:24:52.865977200,0.035977200,1
'2026-08-22 08:24:52.865977400,0.035977400,0
'2026-08-22 08:24:52.865977600,0.035977600,1
'2026-08-22 08:24:52.865978200,0.035978200,0
'2026-08-22 08:24:52.865978400,0.035978400,1
'2026-08-22 08:24:52.865978600,0.035978600,0
'2026-08-22 08:24:52.865978700,0.035978700,1
'2026-08-22 08:24:52.865978800,0.035978800,0
'2026-08-22 08:24:52.865978900,0.035978900,1
'2026-08-22 08:24:52.865979200,0.035979200,0
'2026-08-22 08:24:52.865979300,0.035979300,1
'2026-08-22 08:24:52.865979400,0.035979400,0
'2026-08-22 08:24:52.865979500,0.035979500,1
'2026-08-22 08:24:52.865982800,0.035982800,0
'2026-08-22 08:24:52.865982900,0.035982900,1
'2026-08-22 08:24:52.865984600,0.035984600,0
'2026-08-22 08:24:52.865984700,0.035984700,1
'2026-08-22 08:24:52.865985200,0.035985200,0
'2026-08-22 08:24:52.865985300,0.035985300,1
'2026-08-22 08:24:52.865985800,0.035985800,0
'2026-08-22 08:24:52.865985900,0.035985900,1
'2026-08-22 08:24:52.865986200,0.035986200,0
'2026-08-22 08:24:52.865986400,0.035986400,1
'2026-08-22 08:24:52.865986800,0.035986800,0
'2026-08-22 08:24:52.865986900,0.035986900,1
'2026-08-22 08:24:52.866006200,0.036006200,0
'2026-08-22 08:24:52.866006300,0.036006300,1
'2026-08-22 08:24:52.866008500,0.036008500,0
'2026-08-22 08:24:52.866008600,0.036008600,1
'2026-08-22 08:24:52.866013000,0.036013000,0
'2026-08-22 08:24:52.866013100,0.036013100,1
'2026-08-22 08:24:52.866013200,0.036013200,0
'2026-08-22 08:24:52.866013300,0.036013300,1
'2026-08-22 08:24:52.866036600,0.036036600,0
'2026-08-22 08:24:52.866036700,0.036036700,1
'2026-08-22 08:24:52.866058000,0.036058000,0
'2026-08-22 08:24:52.866058100,0.036058100,1
'2026-08-22 08:24:52.866107700,0.036107700,0
'2026-08-22 08:24:52.866107800,0.036107800,1
'2026-08-22 08:24:52.866110800,0.036110800,0
'2026-08-22 08:24:52.866110900,0.036110900,1
'2026-08-22 08:24:52.866117600,0.036117600,0
'2026-08-22 08:24:52.866117700,0.036117700,1
'2026-08-22 08:24:52.866167200,0.036167200,0
'2026-08-22 08:24:52.866167300,0.036167300,1
'2026-08-22 08:24:52.866810800,0.036810800,0
'2026-08-22 08:24:52.866810900,0.036810900,1
'2026-08-22 08:24:52.866811400,0.036811400,0
'2026-08-22 08:24:52.866811500,0.036811500,1
'2026-08-22 08:24:52.866812600,0.036812600,0
'2026-08-22 08:24:52.866812700,0.036812700,1
'2026-08-22 08:24:52.866814200,0.036814200,0
'2026-08-22 08:24:52.866814300,0.036814300,1
'2026-08-22 08:24:52.866814400,0.036814400,0
'2026-08-22 08:24:52.866814600,0.036814600,1
'2026-08-22 08:24:52.866814900,0.036814900,0
'2026-08-22 08:24:52.866815000,0.036815000,1
'2026-08-22 08:24:52.866815400,0.036815400,0
'2026-08-22 08:24:52.866815500,0.036815500,1
'2026-08-22 08:24:52.866817600,0.036817600,0
'2026-08-22 08:24:52.866817700,0.036817700,1
'2026-08-22 08:24:52.866818400,0.036818400,0
'2026-08-22 08:24:52.866818500,0.036818500,1
'2026-08-22 08:24:52.866820800,0.036820800,0
'2026-08-22 08:24:52.866820900,0.036820900,1
'2026-08-22 08:24:52.866841200,0.036841200,0
'2026-08-22 08:24:52.866841300,0.036841300,1
'2026-08-22 08:24:52.866841600,0.036841600,0
'2026-08-22 08:24:52.866841700,0.036841700,1
'2026-08-22 08:24:52.866843100,0.036843100,0
'2026-08-22 08:24:52.866843200,0.036843200,1
'2026-08-22 08:24:52.866843500,0.036843500,0
'2026-08-22 08:24:52.866843700,0.036843700,1
'2026-08-22 08:24:52.866845900,0.036845900,0
'2026-08-22 08:24:52.866846100,0.036846100,1
'2026-08-22 08:24:52.866863500,0.036863500,0
'2026-08-22 08:24:52.866863600,0.036863600,1
'2026-08-22 08:24:52.866872200,0.036872200,0
'2026-08-22 08:24:52.866872300,0.036872300,1
'2026-08-22 08:24:52.866892600,0.036892600,0
'2026-08-22 08:24:52.866892700,0.036892700,1
'2026-08-22 08:24:52.866893500,0.036893500,0
'2026-08-22 08:24:52.866893600,0.036893600,1
'2026-08-22 08:24:52.866922800,0.036922800,0
'2026-08-22 08:24:52.866923100,0.036923100,1
'2026-08-22 08:24:52.867003400,0.037003400,0
'2026-08-22 08:24:52.867003500,0.037003500,1
'2026-08-22 08:24:52.867647700,0.037647700,0
'2026-08-22 08:24:52.867647800,0.037647800,1
'2026-08-22 08:24:52.867648800,0.037648800,0
'2026-08-22 08:24:52.867649100,0.037649100,1
'2026-08-22 08:24:52.867649200,0.037649200,0
'2026-08-22 08:24:52.867649400,0.037649400,1
'2026-08-22 08:24:52.867650000,0.037650000,0
'2026-08-22 08:24:52.867650200,0.037650200,1
'2026-08-22 08:24:52.867651200,0.037651200,0
'2026-08-22 08:24:52.867651300,0.037651300,1
'2026-08-22 08:24:52.867655200,0.037655200,0
'2026-08-22 08:24:52.867655400,0.037655400,1
'2026-08-22 08:24:52.867655600,0.037655600,0
'2026-08-22 08:24:52.867655700,0.037655700,1
'2026-08-22 08:24:52.867655800,0.037655800,0
'2026-08-22 08:24:52.867655900,0.037655900,1
'2026-08-22 08:24:52.867675000,0.037675000,0
'2026-08-22 08:24:52.867675100,0.037675100,1
'2026-08-22 08:24:52.867676300,0.037676300,0
'2026-08-22 08:24:52.867676400,0.037676400,1
'2026-08-22 08:24:52.867677000,0.037677000,0
'2026-08-22 08:24:52.867677100,0.037677100,1
'2026-08-22 08:24:52.867677800,0.037677800,0
'2026-08-22 08:24:52.867677900,0.037677900,1
'2026-08-22 08:24:52.867678000,0.037678000,0
'2026-08-22 08:24:52.867678100,0.037678100,1
'2026-08-22 08:24:52.867698500,0.037698500,0
'2026-08-22 08:24:52.867698600,0.037698600,1
'2026-08-22 08:24:52.867701200,0.037701200,0
'2026-08-22 08:24:52.867701300,0.037701300,1
'2026-08-22 08:24:52.867703700,0.037703700,0
'2026-08-22 08:24:52.867703800,0.037703800,1
'2026-08-22 08:24:52.867727500,0.037727500,0
'2026-08-22 08:24:52.867727700,0.037727700,1
'2026-08-22 08:24:52.867860700,0.037860700,0
'2026-08-22 08:24:52.867860800,0.037860800,1
'2026-08-22 08:24:52.867912100,0.037912100,0
'2026-08-22 08:24:52.867912200,0.037912200,1
'2026-08-22 08:24:52.868455900,0.038455900,0
'2026-08-22 08:24:52.868456100,0.038456100,1
'2026-08-22 08:24:52.868459200,0.038459200,0
'2026-08-22 08:24:52.868459300,0.038459300,1
'2026-08-22 08:24:52.868462100,0.038462100,0
'2026-08-22 08:24:52.868462300,0.038462300,1
'2026-08-22 08:24:52.868462600,0.038462600,0
'2026-08-22 08:24:52.868462900,0.038462900,1
'2026-08-22 08:24:52.868463200,0.038463200,0
'2026-08-22 08:24:52.868463300,0.038463300,1
'2026-08-22 08:24:52.868463400,0.038463400,0
'2026-08-22 08:24:52.868463600,0.038463600,1
'2026-08-22 08:24:52.868481400,0.038481400,0
'2026-08-22 08:24:52.868481500,0.038481500,1
'2026-08-22 08:24:52.868483200,0.038483200,0
'2026-08-22 08:24:52.868483300,0.038483300,1
'2026-08-22 08:24:52.868484800,0.038484800,0
'2026-08-22 08:24:52.868485000,0.038485000,1
'2026-08-22 08:24:52.868485100,0.038485100,0
'2026-08-22 08:24:52.868485200,0.038485200,1
'2026-08-22 08:24:52.868485400,0.038485400,0
'2026-08-22 08:24:52.868485500,0.038485500,1
'2026-08-22 08:24:52.868485600,0.038485600,0
'2026-08-22 08:24:52.868485700,0.038485700,1
'2026-08-22 08:24:52.868486200,0.038486200,0
'2026-08-22 08:24:52.868486300,0.038486300,1
'2026-08-22 08:24:52.868506000,0.038506000,0
'2026-08-22 08:24:52.868506100,0.038506100,1
'2026-08-22 08:24:52.868510100,0.038510100,0
'2026-08-22 08:24:52.868510200,0.038510200,1
'2026-08-22 08:24:52.868512300,0.038512300,0
'2026-08-22 08:24:52.868512600,0.038512600,1
'2026-08-22 08:24:52.868531600,0.038531600,0
'2026-08-22 08:24:52.868531700,0.038531700,1
'2026-08-22 08:24:52.868532800,0.038532800,0
'2026-08-22 08:24:52.868532900,0.038532900,1
'2026-08-22 08:24:52.868638600,0.038638600,0
'2026-08-22 08:24:52.868638700,0.038638700,1
'2026-08-22 08:24:52.868724800,0.038724800,0
'2026-08-22 08:24:52.868724900,0.038724900,1
'2026-08-22 08:24:52.869292200,0.039292200,0
'2026-08-22 08:24:52.869292300,0.039292300,1
'2026-08-22 08:24:52.869292800,0.039292800,0
'2026-08-22 08:24:52.869292900,0.039292900,1
'2026-08-22 08:24:52.869293200,0.039293200,0
'2026-08-22 08:24:52.869293600,0.039293600,1
'2026-08-22 08:24:52.869293700,0.039293700,0
'2026-08-22 08:24:52.869293900,0.039293900,1
'2026-08-22 08:24:52.869294000,0.039294000,0
'2026-08-22 08:24:52.869294100,0.039294100,1
'2026-08-22 08:24:52.869294400,0.039294400,0
'2026-08-22 08:24:52.869294700,0.039294700,1
'2026-08-22 08:24:52.869294800,0.039294800,0
'2026-08-22 08:24:52.869295300,0.039295300,1
'2026-08-22 08:24:52.869295400,0.039295400,0
'2026-08-22 08:24:52.869295500,0.039295500,1
'2026-08-22 08:24:52.869295700,0.039295700,0
'2026-08-22 08:24:52.869295900,0.039295900,1
'2026-08-22 08:24:52.869296200,0.039296200,0
'2026-08-22 08:24:52.869296300,0.039296300,1
'2026-08-22 08:24:52.869296700,0.039296700,0
'2026-08-22 08:24:52.869297000,0.039297000,1
'2026-08-22 08:24:52.869314300,0.039314300,0
'2026-08-22 08:24:52.869314500,0.039314500,1
'2026-08-22 08:24:52.869315400,0.039315400,0
'2026-08-22 08:24:52.869315500,0.039315500,1
'2026-08-22 08:24:52.869316700,0.039316700,0
'2026-08-22 08:24:52.869316900,0.039316900,1
'2026-08-22 08:24:52.869317000,0.039317000,0
'2026-08-22 08:24:52.869317100,0.039317100,1
'2026-08-22 08:24:52.869317200,0.039317200,0
'2026-08-22 08:24:52.869317300,0.039317300,1
'2026-08-22 08:24:52.869323100,0.039323100,0
'2026-08-22 08:24:52.869323200,0.039323200,1
'2026-08-22 08:24:52.869324200,0.039324200,0
'2026-08-22 08:24:52.869324400,0.039324400,1
'2026-08-22 08:24:52.869324600,0.039324600,0
'2026-08-22 08:24:52.869324800,0.039324800,1
'2026-08-22 08:24:52.869345900,0.039345900,0
'2026-08-22 08:24:52.869346000,0.039346000,1
'2026-08-22 08:24:52.869375800,0.039375800,0
'2026-08-22 08:24:52.869375900,0.039375900,1
'2026-08-22 08:24:52.869376700,0.039376700,0
'2026-08-22 08:24:52.869376800,0.039376800,1
'2026-08-22 08:24:52.869400000,0.039400000,0
'2026-08-22 08:24:52.869400100,0.039400100,1
'2026-08-22 08:24:52.869423800,0.039423800,0
'2026-08-22 08:24:52.869423900,0.039423900,1
'2026-08-22 08:24:52.869425000,0.039425000,0
'2026-08-22 08:24:52.869425100,0.039425100,1
'2026-08-22 08:24:52.869499000,0.039499000,0
'2026-08-22 08:24:52.869499100,0.039499100,1
'2026-08-22 08:24:52.870102500,0.040102500,0
'2026-08-22 08:24:52.870102600,0.040102600,1
'2026-08-22 08:24:52.870103000,0.040103000,0
'2026-08-22 08:24:52.870103100,0.040103100,1
'2026-08-22 08:24:52.870103200,0.040103200,0
'2026-08-22 08:24:52.870103500,0.040103500,1
'2026-08-22 08:24:52.870103800,0.040103800,0
'2026-08-22 08:24:52.870103900,0.040103900,1
'2026-08-22 08:24:52.870104400,0.040104400,0
'2026-08-22 08:24:52.870104500,0.040104500,1
'2026-08-22 08:24:52.870104600,0.040104600,0
'2026-08-22 08:24:52.870104700,0.040104700,1
'2026-08-22 08:24:52.870104900,0.040104900,0
'2026-08-22 08:24:52.870105200,0.040105200,1
'2026-08-22 08:24:52.870105400,0.040105400,0
'2026-08-22 08:24:52.870105900,0.040105900,1
'2026-08-22 08:24:52.870106200,0.040106200,0
'2026-08-22 08:24:52.870106300,0.040106300,1
'2026-08-22 08:24:52.870106800,0.040106800,0
'2026-08-22 08:24:52.870106900,0.040106900,1
'2026-08-22 08:24:52.870123000,0.040123000,0
'2026-08-22 08:24:52.870123300,0.040123300,1
'2026-08-22 08:24:52.870123600,0.040123600,0
'2026-08-22 08:24:52.870123700,0.040123700,1
'2026-08-22 08:24:52.870124100,0.040124100,0
'2026-08-22 08:24:52.870124300,0.040124300,1
'2026-08-22 08:24:52.870124600,0.040124600,0
'2026-08-22 08:24:52.870124700,0.040124700,1
'2026-08-22 08:24:52.870125200,0.040125200,0
'2026-08-22 08:24:52.870125500,0.040125500,1
'2026-08-22 08:24:52.870125600,0.040125600,0
'2026-08-22 08:24:52.870125700,0.040125700,1
'2026-08-22 08:24:52.870125900,0.040125900,0
'2026-08-22 08:24:52.870126000,0.040126000,1
'2026-08-22 08:24:52.870126100,0.040126100,0
'2026-08-22 08:24:52.870126200,0.040126200,1
'2026-08-22 08:24:52.870126400,0.040126400,0
'2026-08-22 08:24:52.870126500,0.040126500,1
'2026-08-22 08:24:52.870126700,0.040126700,0
'2026-08-22 08:24:52.870126800,0.040126800,1
'2026-08-22 08:24:52.870132900,0.040132900,0
'2026-08-22 08:24:52.870133100,0.040133100,1
'2026-08-22 08:24:52.870149400,0.040149400,0
'2026-08-22 08:24:52.870149500,0.040149500,1
'2026-08-22 08:24:52.870153900,0.040153900,0
'2026-08-22 08:24:52.870154100,0.040154100,1
'2026-08-22 08:24:52.870156300,0.040156300,0
'2026-08-22 08:24:52.870156400,0.040156400,1
'2026-08-22 08:24:52.870185100,0.040185100,0
'2026-08-22 08:24:52.870185200,0.040185200,1
'2026-08-22 08:24:52.870202700,0.040202700,0
'2026-08-22 08:24:52.870202800,0.040202800,1
'2026-08-22 08:24:52.870205600,0.040205600,0
'2026-08-22 08:24:52.870205700,0.040205700,1
'2026-08-22 08:24:52.870229500,0.040229500,0
'2026-08-22 08:24:52.870229600,0.040229600,1
'2026-08-22 08:24:52.870230400,0.040230400,0
'2026-08-22 08:24:52.870230600,0.040230600,1
'2026-08-22 08:24:52.870253400,0.040253400,0
'2026-08-22 08:24:52.870253600,0.040253600,1
'2026-08-22 08:24:52.870259700,0.040259700,0
'2026-08-22 08:24:52.870259800,0.040259800,1
'2026-08-22 08:24:52.871714600,0.041714600,0
'2026-08-22 08:24:52.871714900,0.041714900,1
'2026-08-22 08:24:52.871715200,0.041715200,0
'2026-08-22 08:24:52.871716000,0.041716000,1
'2026-08-22 08:24:52.871716100,0.041716100,0
'2026-08-22 08:24:52.871716200,0.041716200,1
'2026-08-22 08:24:52.871716300,0.041716300,0
'2026-08-22 08:24:52.871716700,0.041716700,1
'2026-08-22 08:24:52.871717200,0.041717200,0
'2026-08-22 08:24:52.871717300,0.041717300,1
'2026-08-22 08:24:52.871717400,0.041717400,0
'2026-08-22 08:24:52.871717900,0.041717900,1
'2026-08-22 08:24:52.871718000,0.041718000,0
'2026-08-22 08:24:52.871720300,0.041720300,1
'2026-08-22 08:24:52.871720400,0.041720400,0
'2026-08-22 08:24:52.871722700,0.041722700,1
'2026-08-22 08:24:52.871722800,0.041722800,0
'2026-08-22 08:24:52.871723600,0.041723600,1
'2026-08-22 08:24:52.871738100,0.041738100,0
'2026-08-22 08:24:52.871738300,0.041738300,1
'2026-08-22 08:24:52.871738500,0.041738500,0
'2026-08-22 08:24:52.871738900,0.041738900,1
'2026-08-22 08:24:52.871739000,0.041739000,0
'2026-08-22 08:24:52.871739700,0.041739700,1
'2026-08-22 08:24:52.871739800,0.041739800,0
'2026-08-22 08:24:52.871744100,0.041744100,1
'2026-08-22 08:24:52.871744300,0.041744300,0
'2026-08-22 08:24:52.871746500,0.041746500,1
'2026-08-22 08:24:52.871746700,0.041746700,0
'2026-08-22 08:24:52.871747200,0.041747200,1
'2026-08-22 08:24:52.871747400,0.041747400,0
'2026-08-22 08:24:52.871747500,0.041747500,1
'2026-08-22 08:24:52.871747800,0.041747800,0
'2026-08-22 08:24:52.871748300,0.041748300,1
'2026-08-22 08:24:52.871748400,0.041748400,0
'2026-08-22 08:24:52.871749600,0.041749600,1
'2026-08-22 08:24:52.871764200,0.041764200,0
'2026-08-22 08:24:52.871764700,0.041764700,1
'2026-08-22 08:24:52.871765000,0.041765000,0
'2026-08-22 08:24:52.871765100,0.041765100,1
'2026-08-22 08:24:52.871765500,0.041765500,0
'2026-08-22 08:24:52.871765800,0.041765800,1
'2026-08-22 08:24:52.871765900,0.041765900,0
'2026-08-22 08:24:52.871766400,0.041766400,1
'2026-08-22 08:24:52.871766700,0.041766700,0
'2026-08-22 08:24:52.871766900,0.041766900,1
'2026-08-22 08:24:52.871767200,0.041767200,0
'2026-08-22 08:24:52.871767500,0.041767500,1
'2026-08-22 08:24:52.871767700,0.041767700,0
'2026-08-22 08:24:52.871768100,0.041768100,1
'2026-08-22 08:24:52.871768400,0.041768400,0
'2026-08-22 08:24:52.871768600,0.041768600,1
'2026-08-22 08:24:52.871768800,0.041768800,0
'2026-08-22 08:24:52.871769900,0.041769900,1
'2026-08-22 08:24:52.871770000,0.041770000,0
'2026-08-22 08:24:52.871770500,0.041770500,1
'2026-08-22 08:24:52.871770600,0.041770600,0
'2026-08-22 08:24:52.871770700,0.041770700,1
'2026-08-22 08:24:52.871770800,0.041770800,0
'2026-08-22 08:24:52.871773400,0.041773400,1
'2026-08-22 08:24:52.871773600,0.041773600,0
'2026-08-22 08:24:52.871773900,0.041773900,1
'2026-08-22 08:24:52.871774100,0.041774100,0
'2026-08-22 08:24:52.871775100,0.041775100,1
'2026-08-22 08:24:52.871775300,0.041775300,0
'2026-08-22 08:24:52.871775700,0.041775700,1
'2026-08-22 08:24:52.871790500,0.041790500,0
'2026-08-22 08:24:52.871790900,0.041790900,1
'2026-08-22 08:24:52.871791000,0.041791000,0
'2026-08-22 08:24:52.871792700,0.041792700,1
'2026-08-22 08:24:52.871792800,0.041792800,0
'2026-08-22 08:24:52.871793200,0.041793200,1
'2026-08-22 08:24:52.871793600,0.041793600,0
'2026-08-22 08:24:52.871793700,0.041793700,1
'2026-08-22 08:24:52.871793800,0.041793800,0
'2026-08-22 08:24:52.871793900,0.041793900,1
'2026-08-22 08:24:52.871794000,0.041794000,0
'2026-08-22 08:24:52.871795100,0.041795100,1
'2026-08-22 08:24:52.871795400,0.041795400,0
'2026-08-22 08:24:52.871795500,0.041795500,1
'2026-08-22 08:24:52.871795800,0.041795800,0
'2026-08-22 08:24:52.871796100,0.041796100,1
'2026-08-22 08:24:52.871796900,0.041796900,0
'2026-08-22 08:24:52.871797300,0.041797300,1
'2026-08-22 08:24:52.871797400,0.041797400,0
'2026-08-22 08:24:52.871798500,0.041798500,1
'2026-08-22 08:24:52.871798800,0.041798800,0
'2026-08-22 08:24:52.871798900,0.041798900,1
'2026-08-22 08:24:52.871799000,0.041799000,0
'2026-08-22 08:24:52.871799100,0.041799100,1
'2026-08-22 08:24:52.871799200,0.041799200,0
'2026-08-22 08:24:52.871799700,0.041799700,1
'2026-08-22 08:24:52.871799800,0.041799800,0
'2026-08-22 08:24:52.871800900,0.041800900,1
'2026-08-22 08:24:52.871801000,0.041801000,0
'2026-08-22 08:24:52.871801300,0.041801300,1
'2026-08-22 08:24:52.871801400,0.041801400,0
'2026-08-22 08:24:52.871801800,0.041801800,1
'2026-08-22 08:24:52.871818600,0.041818600,0
'2026-08-22 08:24:52.871818900,0.041818900,1
'2026-08-22 08:24:52.871819200,0.041819200,0
'2026-08-22 08:24:52.871819400,0.041819400,1
'2026-08-22 08:24:52.871819700,0.041819700,0
'2026-08-22 08:24:52.871820500,0.041820500,1
'2026-08-22 08:24:52.871820600,0.041820600,0
'2026-08-22 08:24:52.871820700,0.041820700,1
'2026-08-22 08:24:52.871820800,0.041820800,0
'2026-08-22 08:24:52.871821700,0.041821700,1
'2026-08-22 08:24:52.871822000,0.041822000,0
'2026-08-22 08:24:52.871822400,0.041822400,1
'2026-08-22 08:24:52.871822600,0.041822600,0
'2026-08-22 08:24:52.871823000,0.041823000,1
'2026-08-22 08:24:52.871823100,0.041823100,0
'2026-08-22 08:24:52.871823600,0.041823600,1
'2026-08-22 08:24:52.871823700,0.041823700,0
'2026-08-22 08:24:52.871823900,0.041823900,1
'2026-08-22 08:24:52.871824000,0.041824000,0
'2026-08-22 08:24:52.871824100,0.041824100,1
'2026-08-22 08:24:52.871824500,0.041824500,0
'2026-08-22 08:24:52.871824600,0.041824600,1
'2026-08-22 08:24:52.871825600,0.041825600,0
'2026-08-22 08:24:52.871825700,0.041825700,1
'2026-08-22 08:24:52.871825800,0.041825800,0
'2026-08-22 08:24:52.871825900,0.041825900,1
'2026-08-22 08:24:52.871826100,0.041826100,0
'2026-08-22 08:24:52.871826500,0.041826500,1
'2026-08-22 08:24:52.871826900,0.041826900,0
'2026-08-22 08:24:52.871827000,0.041827000,1
'2026-08-22 08:24:52.871842700,0.041842700,0
'2026-08-22 08:24:52.871842800,0.041842800,1
'2026-08-22 08:24:52.871843000,0.041843000,0
'2026-08-22 08:24:52.871843100,0.041843100,1
'2026-08-22 08:24:52.871843200,0.041843200,0
'2026-08-22 08:24:52.871843300,0.041843300,1
'2026-08-22 08:24:52.871843700,0.041843700,0
'2026-08-22 08:24:52.871843900,0.041843900,1
'2026-08-22 08:24:52.871844300,0.041844300,0
'2026-08-22 08:24:52.871844500,0.041844500,1
'2026-08-22 08:24:52.871844800,0.041844800,0
'2026-08-22 08:24:52.871845100,0.041845100,1
'2026-08-22 08:24:52.871845400,0.041845400,0
'2026-08-22 08:24:52.871845600,0.041845600,1
'2026-08-22 08:24:52.871848900,0.041848900,0
'2026-08-22 08:24:52.871849300,0.041849300,1
'2026-08-22 08:24:52.871849400,0.041849400,0
'2026-08-22 08:24:52.871849900,0.041849900,1
'2026-08-22 08:24:52.871850000,0.041850000,0
'2026-08-22 08:24:52.871851000,0.041851000,1
'2026-08-22 08:24:52.871851200,0.041851200,0
'2026-08-22 08:24:52.871851600,0.041851600,1
'2026-08-22 08:24:52.871851700,0.041851700,0
'2026-08-22 08:24:52.871852200,0.041852200,1
'2026-08-22 08:24:52.871852300,0.041852300,0
'2026-08-22 08:24:52.871852900,0.041852900,1
'2026-08-22 08:24:52.871853000,0.041853000,0
'2026-08-22 08:24:52.871853400,0.041853400,1
'2026-08-22 08:24:52.871853600,0.041853600,0
'2026-08-22 08:24:52.871853900,0.041853900,1
'2026-08-22 08:24:52.871870000,0.041870000,0
'2026-08-22 08:24:52.871870100,0.041870100,1
'2026-08-22 08:24:52.871871000,0.041871000,0
'2026-08-22 08:24:52.871871300,0.041871300,1
'2026-08-22 08:24:52.871871400,0.041871400,0
'2026-08-22 08:24:52.871871500,0.041871500,1
'2026-08-22 08:24:52.871871600,0.041871600,0
'2026-08-22 08:24:52.871872600,0.041872600,1
'2026-08-22 08:24:52.871872800,0.041872800,0
'2026-08-22 08:24:52.871873200,0.041873200,1
'2026-08-22 08:24:52.871873400,0.041873400,0
'2026-08-22 08:24:52.871873500,0.041873500,1
'2026-08-22 08:24:52.871873600,0.041873600,0
'2026-08-22 08:24:52.871873700,0.041873700,1
'2026-08-22 08:24:52.871874000,0.041874000,0
'2026-08-22 08:24:52.871874200,0.041874200,1
'2026-08-22 08:24:52.871875300,0.041875300,0
'2026-08-22 08:24:52.871875400,0.041875400,1
'2026-08-22 08:24:52.871900400,0.041900400,0
'2026-08-22 08:24:52.871900500,0.041900500,1
'2026-08-22 08:24:52.871900600,0.041900600,0
'2026-08-22 08:24:52.871900700,0.041900700,1
'2026-08-22 08:24:52.871901200,0.041901200,0
'2026-08-22 08:24:52.871901300,0.041901300,1
'2026-08-22 08:24:52.871901400,0.041901400,0
'2026-08-22 08:24:52.871901600,0.041901600,1
'2026-08-22 08:24:52.871901800,0.041901800,0
'2026-08-22 08:24:52.871901900,0.041901900,1
'2026-08-22 08:24:52.871902200,0.041902200,0
'2026-08-22 08:24:52.871902300,0.041902300,1
'2026-08-22 08:24:52.871902500,0.041902500,0
'2026-08-22 08:24:52.871903000,0.041903000,1
'2026-08-22 08:24:52.871903100,0.041903100,0
'2026-08-22 08:24:52.871903600,0.041903600,1
'2026-08-22 08:24:52.871903700,0.041903700,0
'2026-08-22 08:24:52.871903900,0.041903900,1
'2026-08-22 08:24:52.871904000,0.041904000,0
'2026-08-22 08:24:52.871904200,0.041904200,1
'2026-08-22 08:24:52.871904600,0.041904600,0
'2026-08-22 08:24:52.871904700,0.041904700,1
'2026-08-22 08:24:52.871905000,0.041905000,0
'2026-08-22 08:24:52.871905100,0.041905100,1
'2026-08-22 08:24:52.871921500,0.041921500,0
'2026-08-22 08:24:52.871921700,0.041921700,1
'2026-08-22 08:24:52.871921800,0.041921800,0
'2026-08-22 08:24:52.871922100,0.041922100,1
'2026-08-22 08:24:52.871922200,0.041922200,0
'2026-08-22 08:24:52.871922300,0.041922300,1
'2026-08-22 08:24:52.871922400,0.041922400,0
'2026-08-22 08:24:52.871922700,0.041922700,1
'2026-08-22 08:24:52.871922800,0.041922800,0
'2026-08-22 08:24:52.871922900,0.041922900,1
'2026-08-22 08:24:52.871923200,0.041923200,0
'2026-08-22 08:24:52.871923400,0.041923400,1
'2026-08-22 08:24:52.871923800,0.041923800,0
'2026-08-22 08:24:52.871923900,0.041923900,1
'2026-08-22 08:24:52.871925400,0.041925400,0
'2026-08-22 08:24:52.871925500,0.041925500,1
'2026-08-22 08:24:52.871931200,0.041931200,0
'2026-08-22 08:24:52.871931300,0.041931300,1
'2026-08-22 08:24:52.871951800,0.041951800,0
'2026-08-22 08:24:52.871952300,0.041952300,1
'2026-08-22 08:24:52.871952400,0.041952400,0
'2026-08-22 08:24:52.871952600,0.041952600,1
'2026-08-22 08:24:52.871953000,0.041953000,0
'2026-08-22 08:24:52.871953100,0.041953100,1
'2026-08-22 08:24:52.871953200,0.041953200,0
'2026-08-22 08:24:52.871953300,0.041953300,1
'2026-08-22 08:24:52.871953400,0.041953400,0
'2026-08-22 08:24:52.871953800,0.041953800,1
'2026-08-22 08:24:52.871954100,0.041954100,0
'2026-08-22 08:24:52.871954300,0.041954300,1
'2026-08-22 08:24:52.871972800,0.041972800,0
'2026-08-22 08:24:52.871972900,0.041972900,1
'2026-08-22 08:24:52.871975200,0.041975200,0
'2026-08-22 08:24:52.871975300,0.041975300,1
'2026-08-22 08:24:52.871981600,0.041981600,0
'2026-08-22 08:24:52.871981700,0.041981700,1
'2026-08-22 08:24:52.871981800,0.041981800,0
'2026-08-22 08:24:52.871981900,0.041981900,1
'2026-08-22 08:24:52.871982200,0.041982200,0
'2026-08-22 08:24:52.871982400,0.041982400,1
'2026-08-22 08:24:52.871982700,0.041982700,0
'2026-08-22 08:24:52.871983000,0.041983000,1
'2026-08-22 08:24:52.871983100,0.041983100,0
'2026-08-22 08:24:52.871983600,0.041983600,1
'2026-08-22 08:24:52.871983700,0.041983700,0
'2026-08-22 08:24:52.871984200,0.041984200,1
'2026-08-22 08:24:52.872002600,0.042002600,0
'2026-08-22 08:24:52.872002700,0.042002700,1
'2026-08-22 08:24:52.872003800,0.042003800,0
'2026-08-22 08:24:52.872003900,0.042003900,1
'2026-08-22 08:24:52.872053200,0.042053200,0
'2026-08-22 08:24:52.872053300,0.042053300,1
'2026-08-22 08:24:52.872083000,0.042083000,0
'2026-08-22 08:24:52.872083100,0.042083100,1
'2026-08-22 08:24:52.872546500,0.042546500,0
'2026-08-22 08:24:52.872546600,0.042546600,1
'2026-08-22 08:24:52.872546800,0.042546800,0
'2026-08-22 08:24:52.872547600,0.042547600,1
'2026-08-22 08:24:52.872547700,0.042547700,0
'2026-08-22 08:24:52.872547800,0.042547800,1
'2026-08-22 08:24:52.872548000,0.042548000,0
'2026-08-22 08:24:52.872548100,0.042548100,1
'2026-08-22 08:24:52.872548200,0.042548200,0
'2026-08-22 08:24:52.872548300,0.042548300,1
'2026-08-22 08:24:52.872548600,0.042548600,0
'2026-08-22 08:24:52.872548700,0.042548700,1
'2026-08-22 08:24:52.872548800,0.042548800,0
'2026-08-22 08:24:52.872549000,0.042549000,1
'2026-08-22 08:24:52.872549200,0.042549200,0
'2026-08-22 08:24:52.872549300,0.042549300,1
'2026-08-22 08:24:52.872550000,0.042550000,0
'2026-08-22 08:24:52.872550200,0.042550200,1
'2026-08-22 08:24:52.872551000,0.042551000,0
'2026-08-22 08:24:52.872551300,0.042551300,1
'2026-08-22 08:24:52.872552100,0.042552100,0
'2026-08-22 08:24:52.872552300,0.042552300,1
'2026-08-22 08:24:52.872552400,0.042552400,0
'2026-08-22 08:24:52.872552500,0.042552500,1
'2026-08-22 08:24:52.872553300,0.042553300,0
'2026-08-22 08:24:52.872553600,0.042553600,1
'2026-08-22 08:24:52.872554000,0.042554000,0
'2026-08-22 08:24:52.872554100,0.042554100,1
'2026-08-22 08:24:52.872554200,0.042554200,0
'2026-08-22 08:24:52.872556600,0.042556600,1
'2026-08-22 08:24:52.872556800,0.042556800,0
'2026-08-22 08:24:52.872557100,0.042557100,1
'2026-08-22 08:24:52.872557300,0.042557300,0
'2026-08-22 08:24:52.872557600,0.042557600,1
'2026-08-22 08:24:52.872573200,0.042573200,0
'2026-08-22 08:24:52.872573400,0.042573400,1
'2026-08-22 08:24:52.872574500,0.042574500,0
'2026-08-22 08:24:52.872574700,0.042574700,1
'2026-08-22 08:24:52.872575000,0.042575000,0
'2026-08-22 08:24:52.872575100,0.042575100,1
'2026-08-22 08:24:52.872575200,0.042575200,0
'2026-08-22 08:24:52.872575300,0.042575300,1
'2026-08-22 08:24:52.872575400,0.042575400,0
'2026-08-22 08:24:52.872576500,0.042576500,1
'2026-08-22 08:24:52.872576700,0.042576700,0
'2026-08-22 08:24:52.872577100,0.042577100,1
'2026-08-22 08:24:52.872577200,0.042577200,0
'2026-08-22 08:24:52.872577600,0.042577600,1
'2026-08-22 08:24:52.872577700,0.042577700,0
'2026-08-22 08:24:52.872577800,0.042577800,1
'2026-08-22 08:24:52.872577900,0.042577900,0
'2026-08-22 08:24:52.872578200,0.042578200,1
'2026-08-22 08:24:52.872578400,0.042578400,0
'2026-08-22 08:24:52.872578800,0.042578800,1
'2026-08-22 08:24:52.872578900,0.042578900,0
'2026-08-22 08:24:52.872579300,0.042579300,1
'2026-08-22 08:24:52.872579800,0.042579800,0
'2026-08-22 08:24:52.872579900,0.042579900,1
'2026-08-22 08:24:52.872580200,0.042580200,0
'2026-08-22 08:24:52.872580300,0.042580300,1
'2026-08-22 08:24:52.872581400,0.042581400,0
'2026-08-22 08:24:52.872581500,0.042581500,1
'2026-08-22 08:24:52.872583200,0.042583200,0
'2026-08-22 08:24:52.872583400,0.042583400,1
'2026-08-22 08:24:52.872583600,0.042583600,0
'2026-08-22 08:24:52.872583800,0.042583800,1
'2026-08-22 08:24:52.872598800,0.042598800,0
'2026-08-22 08:24:52.872599000,0.042599000,1
'2026-08-22 08:24:52.872599400,0.042599400,0
'2026-08-22 08:24:52.872599500,0.042599500,1
'2026-08-22 08:24:52.872600800,0.042600800,0
'2026-08-22 08:24:52.872600900,0.042600900,1
'2026-08-22 08:24:52.872601800,0.042601800,0
'2026-08-22 08:24:52.872601900,0.042601900,1
'2026-08-22 08:24:52.872604200,0.042604200,0
'2026-08-22 08:24:52.872604400,0.042604400,1
'2026-08-22 08:24:52.872604600,0.042604600,0
'2026-08-22 08:24:52.872604700,0.042604700,1
'2026-08-22 08:24:52.872605400,0.042605400,0
'2026-08-22 08:24:52.872605600,0.042605600,1
'2026-08-22 08:24:52.872605800,0.042605800,0
'2026-08-22 08:24:52.872605900,0.042605900,1
'2026-08-22 08:24:52.872606000,0.042606000,0
'2026-08-22 08:24:52.872606100,0.042606100,1
'2026-08-22 08:24:52.872606400,0.042606400,0
'2026-08-22 08:24:52.872606600,0.042606600,1
'2026-08-22 08:24:52.872606800,0.042606800,0
'2026-08-22 08:24:52.872606900,0.042606900,1
'2026-08-22 08:24:52.872608600,0.042608600,0
'2026-08-22 08:24:52.872608700,0.042608700,1
'2026-08-22 08:24:52.872609300,0.042609300,0
'2026-08-22 08:24:52.872609700,0.042609700,1
'2026-08-22 08:24:52.872609900,0.042609900,0
'2026-08-22 08:24:52.872610000,0.042610000,1
'2026-08-22 08:24:52.872631200,0.042631200,0
'2026-08-22 08:24:52.872631300,0.042631300,1
'2026-08-22 08:24:52.872631600,0.042631600,0
'2026-08-22 08:24:52.872631700,0.042631700,1
'2026-08-22 08:24:52.872632300,0.042632300,0
'2026-08-22 08:24:52.872632400,0.042632400,1
'2026-08-22 08:24:52.872632700,0.042632700,0
'2026-08-22 08:24:52.872632900,0.042632900,1
'2026-08-22 08:24:52.872633200,0.042633200,0
'2026-08-22 08:24:52.872633500,0.042633500,1
'2026-08-22 08:24:52.872633600,0.042633600,0
'2026-08-22 08:24:52.872633700,0.042633700,1
'2026-08-22 08:24:52.872634600,0.042634600,0
'2026-08-22 08:24:52.872634700,0.042634700,1
'2026-08-22 08:24:52.872635100,0.042635100,0
'2026-08-22 08:24:52.872635300,0.042635300,1
'2026-08-22 08:24:52.872635600,0.042635600,0
'2026-08-22 08:24:52.872635900,0.042635900,1
'2026-08-22 08:24:52.872652800,0.042652800,0
'2026-08-22 08:24:52.872652900,0.042652900,1
'2026-08-22 08:24:52.872653100,0.042653100,0
'2026-08-22 08:24:52.872653300,0.042653300,1
'2026-08-22 08:24:52.872654800,0.042654800,0
'2026-08-22 08:24:52.872655300,0.042655300,1
'2026-08-22 08:24:52.872655400,0.042655400,0
'2026-08-22 08:24:52.872655700,0.042655700,1
'2026-08-22 08:24:52.872658400,0.042658400,0
'2026-08-22 08:24:52.872658500,0.042658500,1
'2026-08-22 08:24:52.872660900,0.042660900,0
'2026-08-22 08:24:52.872661000,0.042661000,1
'2026-08-22 08:24:52.872661900,0.042661900,0
'2026-08-22 08:24:52.872662000,0.042662000,1
'2026-08-22 08:24:52.872683600,0.042683600,0
'2026-08-22 08:24:52.872683700,0.042683700,1
'2026-08-22 08:24:52.872684600,0.042684600,0
'2026-08-22 08:24:52.872684700,0.042684700,1
'2026-08-22 08:24:52.872684800,0.042684800,0
'2026-08-22 08:24:52.872684900,0.042684900,1
'2026-08-22 08:24:52.872685200,0.042685200,0
'2026-08-22 08:24:52.872685300,0.042685300,1
'2026-08-22 08:24:52.872685700,0.042685700,0
'2026-08-22 08:24:52.872685800,0.042685800,1
'2026-08-22 08:24:52.872686000,0.042686000,0
'2026-08-22 08:24:52.872686100,0.042686100,1
'2026-08-22 08:24:52.872686300,0.042686300,0
'2026-08-22 08:24:52.872686800,0.042686800,1
'2026-08-22 08:24:52.872704500,0.042704500,0
'2026-08-22 08:24:52.872704600,0.042704600,1
'2026-08-22 08:24:52.872705200,0.042705200,0
'2026-08-22 08:24:52.872705300,0.042705300,1
'2026-08-22 08:24:52.872705600,0.042705600,0
'2026-08-22 08:24:52.872705700,0.042705700,1
'2026-08-22 08:24:52.872706300,0.042706300,0
'2026-08-22 08:24:52.872706700,0.042706700,1
'2026-08-22 08:24:52.872707000,0.042707000,0
'2026-08-22 08:24:52.872707100,0.042707100,1
'2026-08-22 08:24:52.872707500,0.042707500,0
'2026-08-22 08:24:52.872707600,0.042707600,1
'2026-08-22 08:24:52.872736700,0.042736700,0
'2026-08-22 08:24:52.872736800,0.042736800,1
'2026-08-22 08:24:52.872758200,0.042758200,0
'2026-08-22 08:24:52.872758300,0.042758300,1
'2026-08-22 08:24:52.872764500,0.042764500,0
'2026-08-22 08:24:52.872764600,0.042764600,1
'2026-08-22 08:24:52.872865800,0.042865800,0
'2026-08-22 08:24:52.872865900,0.042865900,1
'2026-08-22 08:24:52.873361400,0.043361400,0
'2026-08-22 08:24:52.873361700,0.043361700,1
'2026-08-22 08:24:52.873362000,0.043362000,0
'2026-08-22 08:24:52.873362100,0.043362100,1
'2026-08-22 08:24:52.873362300,0.043362300,0
'2026-08-22 08:24:52.873362400,0.043362400,1
'2026-08-22 08:24:52.873363400,0.043363400,0
'2026-08-22 08:24:52.873363500,0.043363500,1
'2026-08-22 08:24:52.873380800,0.043380800,0
'2026-08-22 08:24:52.873380900,0.043380900,1
'2026-08-22 08:24:52.873381000,0.043381000,0
'2026-08-22 08:24:52.873381100,0.043381100,1
'2026-08-22 08:24:52.873381200,0.043381200,0
'2026-08-22 08:24:52.873381600,0.043381600,1
'2026-08-22 08:24:52.873381900,0.043381900,0
'2026-08-22 08:24:52.873382100,0.043382100,1
'2026-08-22 08:24:52.873382400,0.043382400,0
'2026-08-22 08:24:52.873382500,0.043382500,1
'2026-08-22 08:24:52.873382600,0.043382600,0
'2026-08-22 08:24:52.873382700,0.043382700,1
'2026-08-22 08:24:52.873387200,0.043387200,0
'2026-08-22 08:24:52.873387300,0.043387300,1
'2026-08-22 08:24:52.873387400,0.043387400,0
'2026-08-22 08:24:52.873387500,0.043387500,1
'2026-08-22 08:24:52.873387800,0.043387800,0
'2026-08-22 08:24:52.873387900,0.043387900,1
'2026-08-22 08:24:52.873388000,0.043388000,0
'2026-08-22 08:24:52.873388100,0.043388100,1
'2026-08-22 08:24:52.873388300,0.043388300,0
'2026-08-22 08:24:52.873389300,0.043389300,1
'2026-08-22 08:24:52.873389400,0.043389400,0
'2026-08-22 08:24:52.873390400,0.043390400,1
'2026-08-22 08:24:52.873390600,0.043390600,0
'2026-08-22 08:24:52.873391000,0.043391000,1
'2026-08-22 08:24:52.873391200,0.043391200,0
'2026-08-22 08:24:52.873391300,0.043391300,1
'2026-08-22 08:24:52.873391500,0.043391500,0
'2026-08-22 08:24:52.873392100,0.043392100,1
'2026-08-22 08:24:52.873392300,0.043392300,0
'2026-08-22 08:24:52.873392400,0.043392400,1
'2026-08-22 08:24:52.873407500,0.043407500,0
'2026-08-22 08:24:52.873407700,0.043407700,1
'2026-08-22 08:24:52.873407800,0.043407800,0
'2026-08-22 08:24:52.873407900,0.043407900,1
'2026-08-22 08:24:52.873408200,0.043408200,0
'2026-08-22 08:24:52.873408500,0.043408500,1
'2026-08-22 08:24:52.873408800,0.043408800,0
'2026-08-22 08:24:52.873409100,0.043409100,1
'2026-08-22 08:24:52.873409200,0.043409200,0
'2026-08-22 08:24:52.873409700,0.043409700,1
'2026-08-22 08:24:52.873409800,0.043409800,0
'2026-08-22 08:24:52.873410300,0.043410300,1
'2026-08-22 08:24:52.873410400,0.043410400,0
'2026-08-22 08:24:52.873410500,0.043410500,1
'2026-08-22 08:24:52.873410600,0.043410600,0
'2026-08-22 08:24:52.873410900,0.043410900,1
'2026-08-22 08:24:52.873411000,0.043411000,0
'2026-08-22 08:24:52.873411500,0.043411500,1
'2026-08-22 08:24:52.873411600,0.043411600,0
'2026-08-22 08:24:52.873411700,0.043411700,1
'2026-08-22 08:24:52.873411800,0.043411800,0
'2026-08-22 08:24:52.873411900,0.043411900,1
'2026-08-22 08:24:52.873412200,0.043412200,0
'2026-08-22 08:24:52.873412500,0.043412500,1
'2026-08-22 08:24:52.873416400,0.043416400,0
'2026-08-22 08:24:52.873416500,0.043416500,1
'2026-08-22 08:24:52.873417600,0.043417600,0
'2026-08-22 08:24:52.873417700,0.043417700,1
'2026-08-22 08:24:52.873418300,0.043418300,0
'2026-08-22 08:24:52.873418500,0.043418500,1
'2026-08-22 08:24:52.873435500,0.043435500,0
'2026-08-22 08:24:52.873435600,0.043435600,1
'2026-08-22 08:24:52.873439200,0.043439200,0
'2026-08-22 08:24:52.873439400,0.043439400,1
'2026-08-22 08:24:52.873439600,0.043439600,0
'2026-08-22 08:24:52.873439700,0.043439700,1
'2026-08-22 08:24:52.873439800,0.043439800,0
'2026-08-22 08:24:52.873440100,0.043440100,1
'2026-08-22 08:24:52.873440400,0.043440400,0
'2026-08-22 08:24:52.873440500,0.043440500,1
'2026-08-22 08:24:52.873440800,0.043440800,0
'2026-08-22 08:24:52.873441100,0.043441100,1
'2026-08-22 08:24:52.873441400,0.043441400,0
'2026-08-22 08:24:52.873441600,0.043441600,1
'2026-08-22 08:24:52.873442000,0.043442000,0
'2026-08-22 08:24:52.873442200,0.043442200,1
'2026-08-22 08:24:52.873442300,0.043442300,0
'2026-08-22 08:24:52.873442500,0.043442500,1
'2026-08-22 08:24:52.873459600,0.043459600,0
'2026-08-22 08:24:52.873459800,0.043459800,1
'2026-08-22 08:24:52.873460200,0.043460200,0
'2026-08-22 08:24:52.873460300,0.043460300,1
'2026-08-22 08:24:52.873461000,0.043461000,0
'2026-08-22 08:24:52.873461100,0.043461100,1
'2026-08-22 08:24:52.873461200,0.043461200,0
'2026-08-22 08:24:52.873461500,0.043461500,1
'2026-08-22 08:24:52.873461800,0.043461800,0
'2026-08-22 08:24:52.873462100,0.043462100,1
'2026-08-22 08:24:52.873462600,0.043462600,0
'2026-08-22 08:24:52.873462700,0.043462700,1
'2026-08-22 08:24:52.873463100,0.043463100,0
'2026-08-22 08:24:52.873463200,0.043463200,1
'2026-08-22 08:24:52.873466500,0.043466500,0
'2026-08-22 08:24:52.873466600,0.043466600,1
'2026-08-22 08:24:52.873469400,0.043469400,0
'2026-08-22 08:24:52.873469500,0.043469500,1
'2026-08-22 08:24:52.873470000,0.043470000,0
'2026-08-22 08:24:52.873470200,0.043470200,1
'2026-08-22 08:24:52.873489400,0.043489400,0
'2026-08-22 08:24:52.873489500,0.043489500,1
'2026-08-22 08:24:52.873492200,0.043492200,0
'2026-08-22 08:24:52.873492400,0.043492400,1
'2026-08-22 08:24:52.873518600,0.043518600,0
'2026-08-22 08:24:52.873518700,0.043518700,1
'2026-08-22 08:24:52.873520900,0.043520900,0
'2026-08-22 08:24:52.873521100,0.043521100,1
'2026-08-22 08:24:52.873521400,0.043521400,0
'2026-08-22 08:24:52.873521500,0.043521500,1
'2026-08-22 08:24:52.873541800,0.043541800,0
'2026-08-22 08:24:52.873541900,0.043541900,1
'2026-08-22 08:24:52.873622300,0.043622300,0
'2026-08-22 08:24:52.873622400,0.043622400,1
'2026-08-22 08:24:52.874190700,0.044190700,0
'2026-08-22 08:24:52.874190800,0.044190800,1
'2026-08-22 08:24:52.874191200,0.044191200,0
'2026-08-22 08:24:52.874191300,0.044191300,1
'2026-08-22 08:24:52.874191700,0.044191700,0
'2026-08-22 08:24:52.874191800,0.044191800,1
'2026-08-22 08:24:52.874192400,0.044192400,0
'2026-08-22 08:24:52.874192700,0.044192700,1
'2026-08-22 08:24:52.874192900,0.044192900,0
'2026-08-22 08:24:52.874193300,0.044193300,1
'2026-08-22 08:24:52.874193400,0.044193400,0
'2026-08-22 08:24:52.874194500,0.044194500,1
'2026-08-22 08:24:52.874194600,0.044194600,0
'2026-08-22 08:24:52.874195100,0.044195100,1
'2026-08-22 08:24:52.874195200,0.044195200,0
'2026-08-22 08:24:52.874195700,0.044195700,1
'2026-08-22 08:24:52.874195800,0.044195800,0
'2026-08-22 08:24:52.874196300,0.044196300,1
'2026-08-22 08:24:52.874196400,0.044196400,0
'2026-08-22 08:24:52.874196500,0.044196500,1
'2026-08-22 08:24:52.874196600,0.044196600,0
'2026-08-22 08:24:52.874196700,0.044196700,1
'2026-08-22 08:24:52.874216400,0.044216400,0
'2026-08-22 08:24:52.874216700,0.044216700,1
'2026-08-22 08:24:52.874216800,0.044216800,0
'2026-08-22 08:24:52.874216900,0.044216900,1
'2026-08-22 08:24:52.874217100,0.044217100,0
'2026-08-22 08:24:52.874217200,0.044217200,1
'2026-08-22 08:24:52.874217600,0.044217600,0
'2026-08-22 08:24:52.874217700,0.044217700,1
'2026-08-22 08:24:52.874222800,0.044222800,0
'2026-08-22 08:24:52.874223000,0.044223000,1
'2026-08-22 08:24:52.874223500,0.044223500,0
'2026-08-22 08:24:52.874223700,0.044223700,1
'2026-08-22 08:24:52.874223800,0.044223800,0
'2026-08-22 08:24:52.874224300,0.044224300,1
'2026-08-22 08:24:52.874224400,0.044224400,0
'2026-08-22 08:24:52.874224500,0.044224500,1
'2026-08-22 08:24:52.874224600,0.044224600,0
'2026-08-22 08:24:52.874224700,0.044224700,1
'2026-08-22 08:24:52.874225200,0.044225200,0
'2026-08-22 08:24:52.874225500,0.044225500,1
'2026-08-22 08:24:52.874225700,0.044225700,0
'2026-08-22 08:24:52.874225900,0.044225900,1
'2026-08-22 08:24:52.874226200,0.044226200,0
'2026-08-22 08:24:52.874226300,0.044226300,1
'2026-08-22 08:24:52.874226400,0.044226400,0
'2026-08-22 08:24:52.874226500,0.044226500,1
'2026-08-22 08:24:52.874242800,0.044242800,0
'2026-08-22 08:24:52.874243000,0.044243000,1
'2026-08-22 08:24:52.874243700,0.044243700,0
'2026-08-22 08:24:52.874243900,0.044243900,1
'2026-08-22 08:24:52.874244300,0.044244300,0
'2026-08-22 08:24:52.874244400,0.044244400,1
'2026-08-22 08:24:52.874245100,0.044245100,0
'2026-08-22 08:24:52.874245300,0.044245300,1
'2026-08-22 08:24:52.874246200,0.044246200,0
'2026-08-22 08:24:52.874246300,0.044246300,1
'2026-08-22 08:24:52.874246700,0.044246700,0
'2026-08-22 08:24:52.874246800,0.044246800,1
'2026-08-22 08:24:52.874252500,0.044252500,0
'2026-08-22 08:24:52.874252600,0.044252600,1
'2026-08-22 08:24:52.874252800,0.044252800,0
'2026-08-22 08:24:52.874252900,0.044252900,1
'2026-08-22 08:24:52.874272400,0.044272400,0
'2026-08-22 08:24:52.874272500,0.044272500,1
'2026-08-22 08:24:52.874273000,0.044273000,0
'2026-08-22 08:24:52.874273100,0.044273100,1
'2026-08-22 08:24:52.874274400,0.044274400,0
'2026-08-22 08:24:52.874274500,0.044274500,1
'2026-08-22 08:24:52.874275000,0.044275000,0
'2026-08-22 08:24:52.874275100,0.044275100,1
'2026-08-22 08:24:52.874275400,0.044275400,0
'2026-08-22 08:24:52.874275600,0.044275600,1
'2026-08-22 08:24:52.874275800,0.044275800,0
'2026-08-22 08:24:52.874275900,0.044275900,1
'2026-08-22 08:24:52.874276600,0.044276600,0
'2026-08-22 08:24:52.874276700,0.044276700,1
'2026-08-22 08:24:52.874295100,0.044295100,0
'2026-08-22 08:24:52.874295200,0.044295200,1
'2026-08-22 08:24:52.874295800,0.044295800,0
'2026-08-22 08:24:52.874295900,0.044295900,1
'2026-08-22 08:24:52.874300100,0.044300100,0
'2026-08-22 08:24:52.874300200,0.044300200,1
'2026-08-22 08:24:52.874303300,0.044303300,0
'2026-08-22 08:24:52.874303400,0.044303400,1
'2026-08-22 08:24:52.874323800,0.044323800,0
'2026-08-22 08:24:52.874324000,0.044324000,1
'2026-08-22 08:24:52.874326700,0.044326700,0
'2026-08-22 08:24:52.874326800,0.044326800,1
'2026-08-22 08:24:52.874329000,0.044329000,0
'2026-08-22 08:24:52.874329100,0.044329100,1
'2026-08-22 08:24:52.874406300,0.044406300,0
'2026-08-22 08:24:52.874406400,0.044406400,1
'2026-08-22 08:24:52.874451700,0.044451700,0
'2026-08-22 08:24:52.874451800,0.044451800,1
'2026-08-22 08:24:52.875009000,0.045009000,0
'2026-08-22 08:24:52.875009100,0.045009100,1
'2026-08-22 08:24:52.875025400,0.045025400,0
'2026-08-22 08:24:52.875025600,0.045025600,1
'2026-08-22 08:24:52.875026000,0.045026000,0
'2026-08-22 08:24:52.875026100,0.045026100,1
'2026-08-22 08:24:52.875026200,0.045026200,0
'2026-08-22 08:24:52.875026300,0.045026300,1
'2026-08-22 08:24:52.875026400,0.045026400,0
'2026-08-22 08:24:52.875026800,0.045026800,1
'2026-08-22 08:24:52.875027800,0.045027800,0
'2026-08-22 08:24:52.875027900,0.045027900,1
'2026-08-22 08:24:52.875028300,0.045028300,0
'2026-08-22 08:24:52.875028500,0.045028500,1
'2026-08-22 08:24:52.875029400,0.045029400,0
'2026-08-22 08:24:52.875029700,0.045029700,1
'2026-08-22 08:24:52.875029900,0.045029900,0
'2026-08-22 08:24:52.875030100,0.045030100,1
'2026-08-22 08:24:52.875030700,0.045030700,0
'2026-08-22 08:24:52.875030900,0.045030900,1
'2026-08-22 08:24:52.875031800,0.045031800,0
'2026-08-22 08:24:52.875032100,0.045032100,1
'2026-08-22 08:24:52.875032300,0.045032300,0
'2026-08-22 08:24:52.875032500,0.045032500,1
'2026-08-22 08:24:52.875032800,0.045032800,0
'2026-08-22 08:24:52.875033000,0.045033000,1
'2026-08-22 08:24:52.875033200,0.045033200,0
'2026-08-22 08:24:52.875033300,0.045033300,1
'2026-08-22 08:24:52.875034200,0.045034200,0
'2026-08-22 08:24:52.875034300,0.045034300,1
'2026-08-22 08:24:52.875050400,0.045050400,0
'2026-08-22 08:24:52.875050500,0.045050500,1
'2026-08-22 08:24:52.875051400,0.045051400,0
'2026-08-22 08:24:52.875051500,0.045051500,1
'2026-08-22 08:24:52.875053400,0.045053400,0
'2026-08-22 08:24:52.875053600,0.045053600,1
'2026-08-22 08:24:52.875053900,0.045053900,0
'2026-08-22 08:24:52.875054000,0.045054000,1
'2026-08-22 08:24:52.875054600,0.045054600,0
'2026-08-22 08:24:52.875054800,0.045054800,1
'2026-08-22 08:24:52.875055200,0.045055200,0
'2026-08-22 08:24:52.875055300,0.045055300,1
'2026-08-22 08:24:52.875055800,0.045055800,0
'2026-08-22 08:24:52.875056000,0.045056000,1
'2026-08-22 08:24:52.875056900,0.045056900,0
'2026-08-22 08:24:52.875057100,0.045057100,1
'2026-08-22 08:24:52.875059100,0.045059100,0
'2026-08-22 08:24:52.875059200,0.045059200,1
'2026-08-22 08:24:52.875059400,0.045059400,0
'2026-08-22 08:24:52.875059500,0.045059500,1
'2026-08-22 08:24:52.875060400,0.045060400,0
'2026-08-22 08:24:52.875060500,0.045060500,1
'2026-08-22 08:24:52.875078000,0.045078000,0
'2026-08-22 08:24:52.875078100,0.045078100,1
'2026-08-22 08:24:52.875079100,0.045079100,0
'2026-08-22 08:24:52.875079200,0.045079200,1
'2026-08-22 08:24:52.875079700,0.045079700,0
'2026-08-22 08:24:52.875079800,0.045079800,1
'2026-08-22 08:24:52.875082500,0.045082500,0
'2026-08-22 08:24:52.875082600,0.045082600,1
'2026-08-22 08:24:52.875105200,0.045105200,0
'2026-08-22 08:24:52.875105300,0.045105300,1
'2026-08-22 08:24:52.875108800,0.045108800,0
'2026-08-22 08:24:52.875108900,0.045108900,1
'2026-08-22 08:24:52.875112000,0.045112000,0
'2026-08-22 08:24:52.875112100,0.045112100,1
'2026-08-22 08:24:52.875132800,0.045132800,0
'2026-08-22 08:24:52.875132900,0.045132900,1
'2026-08-22 08:24:52.875155400,0.045155400,0
'2026-08-22 08:24:52.875155500,0.045155500,1
'2026-08-22 08:24:52.875155600,0.045155600,0
'2026-08-22 08:24:52.875155700,0.045155700,1
'2026-08-22 08:24:52.875210000,0.045210000,0
'2026-08-22 08:24:52.875210100,0.045210100,1
'2026-08-22 08:24:52.875233100,0.045233100,0
'2026-08-22 08:24:52.875233200,0.045233200,1
'2026-08-22 08:24:52.875295200,0.045295200,0
'2026-08-22 08:24:52.875295300,0.045295300,1
'2026-08-22 08:24:52.875832500,0.045832500,0
'2026-08-22 08:24:52.875832600,0.045832600,1
'2026-08-22 08:24:52.875832800,0.045832800,0
'2026-08-22 08:24:52.875832900,0.045832900,1
'2026-08-22 08:24:52.875833000,0.045833000,0
'2026-08-22 08:24:52.875833100,0.045833100,1
'2026-08-22 08:24:52.875833500,0.045833500,0
'2026-08-22 08:24:52.875833700,0.045833700,1
'2026-08-22 08:24:52.875834100,0.045834100,0
'2026-08-22 08:24:52.875834200,0.045834200,1
'2026-08-22 08:24:52.875834300,0.045834300,0
'2026-08-22 08:24:52.875834400,0.045834400,1
'2026-08-22 08:24:52.875834700,0.045834700,0
'2026-08-22 08:24:52.875834900,0.045834900,1
'2026-08-22 08:24:52.875835100,0.045835100,0
'2026-08-22 08:24:52.875835300,0.045835300,1
'2026-08-22 08:24:52.875835400,0.045835400,0
'2026-08-22 08:24:52.875835600,0.045835600,1
'2026-08-22 08:24:52.875836500,0.045836500,0
'2026-08-22 08:24:52.875836700,0.045836700,1
'2026-08-22 08:24:52.875837100,0.045837100,0
'2026-08-22 08:24:52.875837300,0.045837300,1
'2026-08-22 08:24:52.875837500,0.045837500,0
'2026-08-22 08:24:52.875837700,0.045837700,1
'2026-08-22 08:24:52.875841100,0.045841100,0
'2026-08-22 08:24:52.875841400,0.045841400,1
'2026-08-22 08:24:52.875842700,0.045842700,0
'2026-08-22 08:24:52.875843300,0.045843300,1
'2026-08-22 08:24:52.875843400,0.045843400,0
'2026-08-22 08:24:52.875843500,0.045843500,1
'2026-08-22 08:24:52.875860400,0.045860400,0
'2026-08-22 08:24:52.875860500,0.045860500,1
'2026-08-22 08:24:52.875860600,0.045860600,0
'2026-08-22 08:24:52.875860700,0.045860700,1
'2026-08-22 08:24:52.875861600,0.045861600,0
'2026-08-22 08:24:52.875861700,0.045861700,1
'2026-08-22 08:24:52.875862600,0.045862600,0
'2026-08-22 08:24:52.875862900,0.045862900,1
'2026-08-22 08:24:52.875863900,0.045863900,0
'2026-08-22 08:24:52.875864000,0.045864000,1
'2026-08-22 08:24:52.875864400,0.045864400,0
'2026-08-22 08:24:52.875864500,0.045864500,1
'2026-08-22 08:24:52.875866200,0.045866200,0
'2026-08-22 08:24:52.875866300,0.045866300,1
'2026-08-22 08:24:52.875866400,0.045866400,0
'2026-08-22 08:24:52.875866500,0.045866500,1
'2026-08-22 08:24:52.875866800,0.045866800,0
'2026-08-22 08:24:52.875867000,0.045867000,1
'2026-08-22 08:24:52.875868000,0.045868000,0
'2026-08-22 08:24:52.875868100,0.045868100,1
'2026-08-22 08:24:52.875884400,0.045884400,0
'2026-08-22 08:24:52.875884500,0.045884500,1
'2026-08-22 08:24:52.875884800,0.045884800,0
'2026-08-22 08:24:52.875884900,0.045884900,1
'2026-08-22 08:24:52.875885400,0.045885400,0
'2026-08-22 08:24:52.875885500,0.045885500,1
'2026-08-22 08:24:52.875885600,0.045885600,0
'2026-08-22 08:24:52.875885700,0.045885700,1
'2026-08-22 08:24:52.875886500,0.045886500,0
'2026-08-22 08:24:52.875886600,0.045886600,1
'2026-08-22 08:24:52.875888400,0.045888400,0
'2026-08-22 08:24:52.875888500,0.045888500,1
'2026-08-22 08:24:52.875894200,0.045894200,0
'2026-08-22 08:24:52.875894300,0.045894300,1
'2026-08-22 08:24:52.875895500,0.045895500,0
'2026-08-22 08:24:52.875895600,0.045895600,1
'2026-08-22 08:24:52.875915800,0.045915800,0
'2026-08-22 08:24:52.875916000,0.045916000,1
'2026-08-22 08:24:52.875937400,0.045937400,0
'2026-08-22 08:24:52.875937500,0.045937500,1
'2026-08-22 08:24:52.875937600,0.045937600,0
'2026-08-22 08:24:52.875937700,0.045937700,1
'2026-08-22 08:24:52.876227700,0.046227700,0
'2026-08-22 08:24:52.876227900,0.046227900,1
'2026-08-22 08:24:52.876228100,0.046228100,0
'2026-08-22 08:24:52.876228300,0.046228300,1
'2026-08-22 08:24:52.876228800,0.046228800,0
'2026-08-22 08:24:52.876228900,0.046228900,1
'2026-08-22 08:24:52.876229000,0.046229000,0
'2026-08-22 08:24:52.876229100,0.046229100,1
'2026-08-22 08:24:52.877452400,0.047452400,0
'2026-08-22 08:24:52.877452700,0.047452700,1
'2026-08-22 08:24:52.877452800,0.047452800,0
'2026-08-22 08:24:52.877453600,0.047453600,1
'2026-08-22 08:24:52.877453700,0.047453700,0
'2026-08-22 08:24:52.877458600,0.047458600,1
'2026-08-22 08:24:52.877458700,0.047458700,0
'2026-08-22 08:24:52.877459100,0.047459100,1
'2026-08-22 08:24:52.877459300,0.047459300,0
'2026-08-22 08:24:52.877460100,0.047460100,1
'2026-08-22 08:24:52.877474500,0.047474500,0
'2026-08-22 08:24:52.877479000,0.047479000,1
'2026-08-22 08:24:52.877479100,0.047479100,0
'2026-08-22 08:24:52.877479500,0.047479500,1
'2026-08-22 08:24:52.877479700,0.047479700,0
'2026-08-22 08:24:52.877480800,0.047480800,1
'2026-08-22 08:24:52.877480900,0.047480900,0
'2026-08-22 08:24:52.877481300,0.047481300,1
'2026-08-22 08:24:52.877481400,0.047481400,0
'2026-08-22 08:24:52.877481900,0.047481900,1
'2026-08-22 08:24:52.877482000,0.047482000,0
'2026-08-22 08:24:52.877486200,0.047486200,1
'2026-08-22 08:24:52.877501000,0.047501000,0
'2026-08-22 08:24:52.877501900,0.047501900,1
'2026-08-22 08:24:52.877502000,0.047502000,0
'2026-08-22 08:24:52.877502400,0.047502400,1
'2026-08-22 08:24:52.877502500,0.047502500,0
'2026-08-22 08:24:52.877504700,0.047504700,1
'2026-08-22 08:24:52.877504800,0.047504800,0
'2026-08-22 08:24:52.877505600,0.047505600,1
'2026-08-22 08:24:52.877505700,0.047505700,0
'2026-08-22 08:24:52.877505900,0.047505900,1
'2026-08-22 08:24:52.877506000,0.047506000,0
'2026-08-22 08:24:52.877507000,0.047507000,1
'2026-08-22 08:24:52.877507200,0.047507200,0
'2026-08-22 08:24:52.877507500,0.047507500,1
'2026-08-22 08:24:52.877507800,0.047507800,0
'2026-08-22 08:24:52.877507900,0.047507900,1
'2026-08-22 08:24:52.877508100,0.047508100,0
'2026-08-22 08:24:52.877508200,0.047508200,1
'2026-08-22 08:24:52.877508400,0.047508400,0
'2026-08-22 08:24:52.877508500,0.047508500,1
'2026-08-22 08:24:52.877508600,0.047508600,0
'2026-08-22 08:24:52.877508700,0.047508700,1
'2026-08-22 08:24:52.877508900,0.047508900,0
'2026-08-22 08:24:52.877509400,0.047509400,1
'2026-08-22 08:24:52.877509500,0.047509500,0
'2026-08-22 08:24:52.877509700,0.047509700,1
'2026-08-22 08:24:52.877509800,0.047509800,0
'2026-08-22 08:24:52.877509900,0.047509900,1
'2026-08-22 08:24:52.877510100,0.047510100,0
'2026-08-22 08:24:52.877511100,0.047511100,1
'2026-08-22 08:24:52.877511300,0.047511300,0
'2026-08-22 08:24:52.877511700,0.047511700,1
'2026-08-22 08:24:52.877511800,0.047511800,0
'2026-08-22 08:24:52.877511900,0.047511900,1
'2026-08-22 08:24:52.877512000,0.047512000,0
'2026-08-22 08:24:52.877512300,0.047512300,1
'2026-08-22 08:24:52.877526800,0.047526800,0
'2026-08-22 08:24:52.877526900,0.047526900,1
'2026-08-22 08:24:52.877527100,0.047527100,0
'2026-08-22 08:24:52.877527400,0.047527400,1
'2026-08-22 08:24:52.877527700,0.047527700,0
'2026-08-22 08:24:52.877527900,0.047527900,1
'2026-08-22 08:24:52.877528000,0.047528000,0
'2026-08-22 08:24:52.877528100,0.047528100,1
'2026-08-22 08:24:52.877528200,0.047528200,0
'2026-08-22 08:24:52.877528500,0.047528500,1
'2026-08-22 08:24:52.877528800,0.047528800,0
'2026-08-22 08:24:52.877528900,0.047528900,1
'2026-08-22 08:24:52.877529000,0.047529000,0
'2026-08-22 08:24:52.877529200,0.047529200,1
'2026-08-22 08:24:52.877530000,0.047530000,0
'2026-08-22 08:24:52.877530300,0.047530300,1
'2026-08-22 08:24:52.877530800,0.047530800,0
'2026-08-22 08:24:52.877530900,0.047530900,1
'2026-08-22 08:24:52.877531100,0.047531100,0
'2026-08-22 08:24:52.877532700,0.047532700,1
'2026-08-22 08:24:52.877532900,0.047532900,0
'2026-08-22 08:24:52.877534400,0.047534400,1
'2026-08-22 08:24:52.877534500,0.047534500,0
'2026-08-22 08:24:52.877535100,0.047535100,1
'2026-08-22 08:24:52.877535200,0.047535200,0
'2026-08-22 08:24:52.877535700,0.047535700,1
'2026-08-22 08:24:52.877535800,0.047535800,0
'2026-08-22 08:24:52.877536300,0.047536300,1
'2026-08-22 08:24:52.877536400,0.047536400,0
'2026-08-22 08:24:52.877537300,0.047537300,1
'2026-08-22 08:24:52.877537500,0.047537500,0
'2026-08-22 08:24:52.877537900,0.047537900,1
'2026-08-22 08:24:52.877553000,0.047553000,0
'2026-08-22 08:24:52.877553100,0.047553100,1
'2026-08-22 08:24:52.877553400,0.047553400,0
'2026-08-22 08:24:52.877554300,0.047554300,1
'2026-08-22 08:24:52.877554400,0.047554400,0
'2026-08-22 08:24:52.877555400,0.047555400,1
'2026-08-22 08:24:52.877555800,0.047555800,0
'2026-08-22 08:24:52.877556000,0.047556000,1
'2026-08-22 08:24:52.877556300,0.047556300,0
'2026-08-22 08:24:52.877556400,0.047556400,1
'2026-08-22 08:24:52.877556800,0.047556800,0
'2026-08-22 08:24:52.877557300,0.047557300,1
'2026-08-22 08:24:52.877557400,0.047557400,0
'2026-08-22 08:24:52.877557700,0.047557700,1
'2026-08-22 08:24:52.877558100,0.047558100,0
'2026-08-22 08:24:52.877558300,0.047558300,1
'2026-08-22 08:24:52.877560400,0.047560400,0
'2026-08-22 08:24:52.877560700,0.047560700,1
'2026-08-22 08:24:52.877561100,0.047561100,0
'2026-08-22 08:24:52.877561200,0.047561200,1
'2026-08-22 08:24:52.877561500,0.047561500,0
'2026-08-22 08:24:52.877561600,0.047561600,1
'2026-08-22 08:24:52.877561800,0.047561800,0
'2026-08-22 08:24:52.877561900,0.047561900,1
'2026-08-22 08:24:52.877562300,0.047562300,0
'2026-08-22 08:24:52.877562500,0.047562500,1
'2026-08-22 08:24:52.877562600,0.047562600,0
'2026-08-22 08:24:52.877563700,0.047563700,1
'2026-08-22 08:24:52.877563800,0.047563800,0
'2026-08-22 08:24:52.877564300,0.047564300,1
'2026-08-22 08:24:52.877580400,0.047580400,0
'2026-08-22 08:24:52.877580500,0.047580500,1
'2026-08-22 08:24:52.877580800,0.047580800,0
'2026-08-22 08:24:52.877581100,0.047581100,1
'2026-08-22 08:24:52.877582100,0.047582100,0
'2026-08-22 08:24:52.877582200,0.047582200,1
'2026-08-22 08:24:52.877583100,0.047583100,0
'2026-08-22 08:24:52.877583500,0.047583500,1
'2026-08-22 08:24:52.877583600,0.047583600,0
'2026-08-22 08:24:52.877583800,0.047583800,1
'2026-08-22 08:24:52.877583900,0.047583900,0
'2026-08-22 08:24:52.877584000,0.047584000,1
'2026-08-22 08:24:52.877584300,0.047584300,0
'2026-08-22 08:24:52.877584700,0.047584700,1
'2026-08-22 08:24:52.877584800,0.047584800,0
'2026-08-22 08:24:52.877585300,0.047585300,1
'2026-08-22 08:24:52.877585500,0.047585500,0
'2026-08-22 08:24:52.877585900,0.047585900,1
'2026-08-22 08:24:52.877586000,0.047586000,0
'2026-08-22 08:24:52.877586500,0.047586500,1
'2026-08-22 08:24:52.877586800,0.047586800,0
'2026-08-22 08:24:52.877586900,0.047586900,1
'2026-08-22 08:24:52.877587200,0.047587200,0
'2026-08-22 08:24:52.877587500,0.047587500,1
'2026-08-22 08:24:52.877587600,0.047587600,0
'2026-08-22 08:24:52.877587700,0.047587700,1
'2026-08-22 08:24:52.877588000,0.047588000,0
'2026-08-22 08:24:52.877588200,0.047588200,1
'2026-08-22 08:24:52.877588400,0.047588400,0
'2026-08-22 08:24:52.877588600,0.047588600,1
'2026-08-22 08:24:52.877589600,0.047589600,0
'2026-08-22 08:24:52.877589700,0.047589700,1
'2026-08-22 08:24:52.877605100,0.047605100,0
'2026-08-22 08:24:52.877605200,0.047605200,1
'2026-08-22 08:24:52.877606100,0.047606100,0
'2026-08-22 08:24:52.877606300,0.047606300,1
'2026-08-22 08:24:52.877606600,0.047606600,0
'2026-08-22 08:24:52.877606800,0.047606800,1
'2026-08-22 08:24:52.877607200,0.047607200,0
'2026-08-22 08:24:52.877607300,0.047607300,1
'2026-08-22 08:24:52.877610000,0.047610000,0
'2026-08-22 08:24:52.877610100,0.047610100,1
'2026-08-22 08:24:52.877610600,0.047610600,0
'2026-08-22 08:24:52.877610700,0.047610700,1
'2026-08-22 08:24:52.877611400,0.047611400,0
'2026-08-22 08:24:52.877611500,0.047611500,1
'2026-08-22 08:24:52.877612400,0.047612400,0
'2026-08-22 08:24:52.877612500,0.047612500,1
'2026-08-22 08:24:52.877612600,0.047612600,0
'2026-08-22 08:24:52.877612700,0.047612700,1
'2026-08-22 08:24:52.877613500,0.047613500,0
'2026-08-22 08:24:52.877613900,0.047613900,1
'2026-08-22 08:24:52.877614000,0.047614000,0
'2026-08-22 08:24:52.877614500,0.047614500,1
'2026-08-22 08:24:52.877614700,0.047614700,0
'2026-08-22 08:24:52.877615000,0.047615000,1
'2026-08-22 08:24:52.877616100,0.047616100,0
'2026-08-22 08:24:52.877616200,0.047616200,1
'2026-08-22 08:24:52.877616300,0.047616300,0
'2026-08-22 08:24:52.877616600,0.047616600,1
'2026-08-22 08:24:52.877631600,0.047631600,0
'2026-08-22 08:24:52.877631700,0.047631700,1
'2026-08-22 08:24:52.877633900,0.047633900,0
'2026-08-22 08:24:52.877634000,0.047634000,1
'2026-08-22 08:24:52.877634200,0.047634200,0
'2026-08-22 08:24:52.877634300,0.047634300,1
'2026-08-22 08:24:52.877634400,0.047634400,0
'2026-08-22 08:24:52.877634500,0.047634500,1
'2026-08-22 08:24:52.877634600,0.047634600,0
'2026-08-22 08:24:52.877634900,0.047634900,1
'2026-08-22 08:24:52.877635100,0.047635100,0
'2026-08-22 08:24:52.877635500,0.047635500,1
'2026-08-22 08:24:52.877635600,0.047635600,0
'2026-08-22 08:24:52.877635900,0.047635900,1
'2026-08-22 08:24:52.877636300,0.047636300,0
'2026-08-22 08:24:52.877636500,0.047636500,1
'2026-08-22 08:24:52.877639000,0.047639000,0
'2026-08-22 08:24:52.877639100,0.047639100,1
'2026-08-22 08:24:52.877641500,0.047641500,0
'2026-08-22 08:24:52.877641600,0.047641600,1
'2026-08-22 08:24:52.877641800,0.047641800,0
'2026-08-22 08:24:52.877641900,0.047641900,1
'2026-08-22 08:24:52.877663700,0.047663700,0
'2026-08-22 08:24:52.877663900,0.047663900,1
'2026-08-22 08:24:52.877664300,0.047664300,0
'2026-08-22 08:24:52.877664700,0.047664700,1
'2026-08-22 08:24:52.877665000,0.047665000,0
'2026-08-22 08:24:52.877665100,0.047665100,1
'2026-08-22 08:24:52.877665400,0.047665400,0
'2026-08-22 08:24:52.877665800,0.047665800,1
'2026-08-22 08:24:52.877685900,0.047685900,0
'2026-08-22 08:24:52.877686200,0.047686200,1
'2026-08-22 08:24:52.877686600,0.047686600,0
'2026-08-22 08:24:52.877686700,0.047686700,1
'2026-08-22 08:24:52.877693500,0.047693500,0
'2026-08-22 08:24:52.877693700,0.047693700,1
'2026-08-22 08:24:52.877694200,0.047694200,0
'2026-08-22 08:24:52.877694300,0.047694300,1
'2026-08-22 08:24:52.877694600,0.047694600,0
'2026-08-22 08:24:52.877694900,0.047694900,1
'2026-08-22 08:24:52.877714000,0.047714000,0
'2026-08-22 08:24:52.877714100,0.047714100,1
'2026-08-22 08:24:52.877714600,0.047714600,0
'2026-08-22 08:24:52.877714700,0.047714700,1
'2026-08-22 08:24:52.877716200,0.047716200,0
'2026-08-22 08:24:52.877716500,0.047716500,1
'2026-08-22 08:24:52.877744400,0.047744400,0
'2026-08-22 08:24:52.877744700,0.047744700,1
'2026-08-22 08:24:52.877745600,0.047745600,0
'2026-08-22 08:24:52.877745700,0.047745700,1
'2026-08-22 08:24:52.877764800,0.047764800,0
'2026-08-22 08:24:52.877765100,0.047765100,1
'2026-08-22 08:24:52.877765400,0.047765400,0
'2026-08-22 08:24:52.877765500,0.047765500,1
'2026-08-22 08:24:52.877766100,0.047766100,0
'2026-08-22 08:24:52.877766200,0.047766200,1
'2026-08-22 08:24:52.877796800,0.047796800,0
'2026-08-22 08:24:52.877796900,0.047796900,1
'2026-08-22 08:24:52.877797200,0.047797200,0
'2026-08-22 08:24:52.877797300,0.047797300,1
'2026-08-22 08:24:52.877797500,0.047797500,0
'2026-08-22 08:24:52.877797600,0.047797600,1
'2026-08-22 08:24:52.879066400,0.049066400,0
'2026-08-22 08:24:52.879066500,0.049066500,1
'2026-08-22 08:24:52.879066600,0.049066600,0
'2026-08-22 08:24:52.879066900,0.049066900,1
'2026-08-22 08:24:52.879067000,0.049067000,0
'2026-08-22 08:24:52.879067400,0.049067400,1
'2026-08-22 08:24:52.879067500,0.049067500,0
'2026-08-22 08:24:52.879068000,0.049068000,1
'2026-08-22 08:24:52.879068100,0.049068100,0
'2026-08-22 08:24:52.879068600,0.049068600,1
'2026-08-22 08:24:52.879068700,0.049068700,0
'2026-08-22 08:24:52.879069800,0.049069800,1
'2026-08-22 08:24:52.879069900,0.049069900,0
'2026-08-22 08:24:52.879070900,0.049070900,1
'2026-08-22 08:24:52.879071000,0.049071000,0
'2026-08-22 08:24:52.879076700,0.049076700,1
'2026-08-22 08:24:52.879091100,0.049091100,0
'2026-08-22 08:24:52.879091200,0.049091200,1
'2026-08-22 08:24:52.879091500,0.049091500,0
'2026-08-22 08:24:52.879091800,0.049091800,1
'2026-08-22 08:24:52.879091900,0.049091900,0
'2026-08-22 08:24:52.879095700,0.049095700,1
'2026-08-22 08:24:52.879095800,0.049095800,0
'2026-08-22 08:24:52.879096700,0.049096700,1
'2026-08-22 08:24:52.879096800,0.049096800,0
'2026-08-22 08:24:52.879097100,0.049097100,1
'2026-08-22 08:24:52.879097400,0.049097400,0
'2026-08-22 08:24:52.879099600,0.049099600,1
'2026-08-22 08:24:52.879099700,0.049099700,0
'2026-08-22 08:24:52.879100700,0.049100700,1
'2026-08-22 08:24:52.879100800,0.049100800,0
'2026-08-22 08:24:52.879101300,0.049101300,1
'2026-08-22 08:24:52.879101400,0.049101400,0
'2026-08-22 08:24:52.879101900,0.049101900,1
'2026-08-22 08:24:52.879102000,0.049102000,0
'2026-08-22 08:24:52.879102800,0.049102800,1
'2026-08-22 08:24:52.879117400,0.049117400,0
'2026-08-22 08:24:52.879117700,0.049117700,1
'2026-08-22 08:24:52.879117800,0.049117800,0
'2026-08-22 08:24:52.879118100,0.049118100,1
'2026-08-22 08:24:52.879118200,0.049118200,0
'2026-08-22 08:24:52.879118300,0.049118300,1
'2026-08-22 08:24:52.879118400,0.049118400,0
'2026-08-22 08:24:52.879118800,0.049118800,1
'2026-08-22 08:24:52.879118900,0.049118900,0
'2026-08-22 08:24:52.879119400,0.049119400,1
'2026-08-22 08:24:52.879119500,0.049119500,0
'2026-08-22 08:24:52.879120000,0.049120000,1
'2026-08-22 08:24:52.879120100,0.049120100,0
'2026-08-22 08:24:52.879120300,0.049120300,1
'2026-08-22 08:24:52.879120400,0.049120400,0
'2026-08-22 08:24:52.879120800,0.049120800,1
'2026-08-22 08:24:52.879120900,0.049120900,0
'2026-08-22 08:24:52.879121000,0.049121000,1
'2026-08-22 08:24:52.879121100,0.049121100,0
'2026-08-22 08:24:52.879121200,0.049121200,1
'2026-08-22 08:24:52.879121300,0.049121300,0
'2026-08-22 08:24:52.879121800,0.049121800,1
'2026-08-22 08:24:52.879121900,0.049121900,0
'2026-08-22 08:24:52.879122300,0.049122300,1
'2026-08-22 08:24:52.879122500,0.049122500,0
'2026-08-22 08:24:52.879124700,0.049124700,1
'2026-08-22 08:24:52.879124800,0.049124800,0
'2026-08-22 08:24:52.879125900,0.049125900,1
'2026-08-22 08:24:52.879126000,0.049126000,0
'2026-08-22 08:24:52.879127100,0.049127100,1
'2026-08-22 08:24:52.879127200,0.049127200,0
'2026-08-22 08:24:52.879127600,0.049127600,1
'2026-08-22 08:24:52.879127700,0.049127700,0
'2026-08-22 08:24:52.879128100,0.049128100,1
'2026-08-22 08:24:52.879128200,0.049128200,0
'2026-08-22 08:24:52.879128300,0.049128300,1
'2026-08-22 08:24:52.879128400,0.049128400,0
'2026-08-22 08:24:52.879128800,0.049128800,1
'2026-08-22 08:24:52.879143600,0.049143600,0
'2026-08-22 08:24:52.879144000,0.049144000,1
'2026-08-22 08:24:52.879144100,0.049144100,0
'2026-08-22 08:24:52.879144500,0.049144500,1
'2026-08-22 08:24:52.879144600,0.049144600,0
'2026-08-22 08:24:52.879145100,0.049145100,1
'2026-08-22 08:24:52.879145200,0.049145200,0
'2026-08-22 08:24:52.879146300,0.049146300,1
'2026-08-22 08:24:52.879146500,0.049146500,0
'2026-08-22 08:24:52.879146700,0.049146700,1
'2026-08-22 08:24:52.879146800,0.049146800,0
'2026-08-22 08:24:52.879146900,0.049146900,1
'2026-08-22 08:24:52.879147000,0.049147000,0
'2026-08-22 08:24:52.879147500,0.049147500,1
'2026-08-22 08:24:52.879147600,0.049147600,0
'2026-08-22 08:24:52.879148100,0.049148100,1
'2026-08-22 08:24:52.879148400,0.049148400,0
'2026-08-22 08:24:52.879148600,0.049148600,1
'2026-08-22 08:24:52.879148900,0.049148900,0
'2026-08-22 08:24:52.879149200,0.049149200,1
'2026-08-22 08:24:52.879150000,0.049150000,0
'2026-08-22 08:24:52.879150100,0.049150100,1
'2026-08-22 08:24:52.879150200,0.049150200,0
'2026-08-22 08:24:52.879150300,0.049150300,1
'2026-08-22 08:24:52.879150500,0.049150500,0
'2026-08-22 08:24:52.879150700,0.049150700,1
'2026-08-22 08:24:52.879150800,0.049150800,0
'2026-08-22 08:24:52.879150900,0.049150900,1
'2026-08-22 08:24:52.879151300,0.049151300,0
'2026-08-22 08:24:52.879151400,0.049151400,1
'2026-08-22 08:24:52.879152100,0.049152100,0
'2026-08-22 08:24:52.879152200,0.049152200,1
'2026-08-22 08:24:52.879152300,0.049152300,0
'2026-08-22 08:24:52.879152700,0.049152700,1
'2026-08-22 08:24:52.879152800,0.049152800,0
'2026-08-22 08:24:52.879153900,0.049153900,1
'2026-08-22 08:24:52.879154100,0.049154100,0
'2026-08-22 08:24:52.879154500,0.049154500,1
'2026-08-22 08:24:52.879154600,0.049154600,0
'2026-08-22 08:24:52.879154900,0.049154900,1
'2026-08-22 08:24:52.879170500,0.049170500,0
'2026-08-22 08:24:52.879170700,0.049170700,1
'2026-08-22 08:24:52.879171200,0.049171200,0
'2026-08-22 08:24:52.879171300,0.049171300,1
'2026-08-22 08:24:52.879171700,0.049171700,0
'2026-08-22 08:24:52.879172000,0.049172000,1
'2026-08-22 08:24:52.879172200,0.049172200,0
'2026-08-22 08:24:52.879172600,0.049172600,1
'2026-08-22 08:24:52.879172700,0.049172700,0
'2026-08-22 08:24:52.879174400,0.049174400,1
'2026-08-22 08:24:52.879174500,0.049174500,0
'2026-08-22 08:24:52.879175500,0.049175500,1
'2026-08-22 08:24:52.879175600,0.049175600,0
'2026-08-22 08:24:52.879176100,0.049176100,1
'2026-08-22 08:24:52.879176200,0.049176200,0
'2026-08-22 08:24:52.879176300,0.049176300,1
'2026-08-22 08:24:52.879176500,0.049176500,0
'2026-08-22 08:24:52.879176600,0.049176600,1
'2026-08-22 08:24:52.879176900,0.049176900,0
'2026-08-22 08:24:52.879177300,0.049177300,1
'2026-08-22 08:24:52.879178000,0.049178000,0
'2026-08-22 08:24:52.879178100,0.049178100,1
'2026-08-22 08:24:52.879180500,0.049180500,0
'2026-08-22 08:24:52.879180700,0.049180700,1
'2026-08-22 08:24:52.879195600,0.049195600,0
'2026-08-22 08:24:52.879195800,0.049195800,1
'2026-08-22 08:24:52.879196200,0.049196200,0
'2026-08-22 08:24:52.879196300,0.049196300,1
'2026-08-22 08:24:52.879196400,0.049196400,0
'2026-08-22 08:24:52.879196500,0.049196500,1
'2026-08-22 08:24:52.879196800,0.049196800,0
'2026-08-22 08:24:52.879196900,0.049196900,1
'2026-08-22 08:24:52.879197900,0.049197900,0
'2026-08-22 08:24:52.879198000,0.049198000,1
'2026-08-22 08:24:52.879199800,0.049199800,0
'2026-08-22 08:24:52.879199900,0.049199900,1
'2026-08-22 08:24:52.879202200,0.049202200,0
'2026-08-22 08:24:52.879202300,0.049202300,1
'2026-08-22 08:24:52.879202400,0.049202400,0
'2026-08-22 08:24:52.879202500,0.049202500,1
'2026-08-22 08:24:52.879202600,0.049202600,0
'2026-08-22 08:24:52.879202700,0.049202700,1
'2026-08-22 08:24:52.879202800,0.049202800,0
'2026-08-22 08:24:52.879202900,0.049202900,1
'2026-08-22 08:24:52.879203200,0.049203200,0
'2026-08-22 08:24:52.879203600,0.049203600,1
'2026-08-22 08:24:52.879203700,0.049203700,0
'2026-08-22 08:24:52.879204200,0.049204200,1
'2026-08-22 08:24:52.879204300,0.049204300,0
'2026-08-22 08:24:52.879206600,0.049206600,1
'2026-08-22 08:24:52.879206700,0.049206700,0
'2026-08-22 08:24:52.879207100,0.049207100,1
'2026-08-22 08:24:52.879223600,0.049223600,0
'2026-08-22 08:24:52.879223900,0.049223900,1
'2026-08-22 08:24:52.879224100,0.049224100,0
'2026-08-22 08:24:52.879224600,0.049224600,1
'2026-08-22 08:24:52.879224700,0.049224700,0
'2026-08-22 08:24:52.879225800,0.049225800,1
'2026-08-22 08:24:52.879225900,0.049225900,0
'2026-08-22 08:24:52.879226400,0.049226400,1
'2026-08-22 08:24:52.879226500,0.049226500,0
'2026-08-22 08:24:52.879226800,0.049226800,1
'2026-08-22 08:24:52.879227200,0.049227200,0
'2026-08-22 08:24:52.879227400,0.049227400,1
'2026-08-22 08:24:52.879228200,0.049228200,0
'2026-08-22 08:24:52.879228300,0.049228300,1
'2026-08-22 08:24:52.879228900,0.049228900,0
'2026-08-22 08:24:52.879229100,0.049229100,1
'2026-08-22 08:24:52.879231300,0.049231300,0
'2026-08-22 08:24:52.879231400,0.049231400,1
'2026-08-22 08:24:52.879233100,0.049233100,0
'2026-08-22 08:24:52.879233200,0.049233200,1
'2026-08-22 08:24:52.879253500,0.049253500,0
'2026-08-22 08:24:52.879253600,0.049253600,1
'2026-08-22 08:24:52.879253800,0.049253800,0
'2026-08-22 08:24:52.879253900,0.049253900,1
'2026-08-22 08:24:52.879254200,0.049254200,0
'2026-08-22 08:24:52.879254300,0.049254300,1
'2026-08-22 08:24:52.879254600,0.049254600,0
'2026-08-22 08:24:52.879254700,0.049254700,1
'2026-08-22 08:24:52.879254800,0.049254800,0
'2026-08-22 08:24:52.879254900,0.049254900,1
'2026-08-22 08:24:52.879255300,0.049255300,0
'2026-08-22 08:24:52.879255500,0.049255500,1
'2026-08-22 08:24:52.879255800,0.049255800,0
'2026-08-22 08:24:52.879256000,0.049256000,1
'2026-08-22 08:24:52.879256400,0.049256400,0
'2026-08-22 08:24:52.879256500,0.049256500,1
'2026-08-22 08:24:52.879256600,0.049256600,0
'2026-08-22 08:24:52.879256700,0.049256700,1
'2026-08-22 08:24:52.879256800,0.049256800,0
'2026-08-22 08:24:52.879257300,0.049257300,1
'2026-08-22 08:24:52.879257400,0.049257400,0
'2026-08-22 08:24:52.879257600,0.049257600,1
'2026-08-22 08:24:52.879257800,0.049257800,0
'2026-08-22 08:24:52.879257900,0.049257900,1
'2026-08-22 08:24:52.879258400,0.049258400,0
'2026-08-22 08:24:52.879258500,0.049258500,1
'2026-08-22 08:24:52.879259000,0.049259000,0
'2026-08-22 08:24:52.879259200,0.049259200,1
'2026-08-22 08:24:52.879275800,0.049275800,0
'2026-08-22 08:24:52.879275900,0.049275900,1
'2026-08-22 08:24:52.879276200,0.049276200,0
'2026-08-22 08:24:52.879276500,0.049276500,1
'2026-08-22 08:24:52.879276600,0.049276600,0
'2026-08-22 08:24:52.879276700,0.049276700,1
'2026-08-22 08:24:52.879276800,0.049276800,0
'2026-08-22 08:24:52.879277200,0.049277200,1
'2026-08-22 08:24:52.879277500,0.049277500,0
'2026-08-22 08:24:52.879277700,0.049277700,1
'2026-08-22 08:24:52.879277900,0.049277900,0
'2026-08-22 08:24:52.879278100,0.049278100,1
'2026-08-22 08:24:52.879278500,0.049278500,0
'2026-08-22 08:24:52.879278600,0.049278600,1
'2026-08-22 08:24:52.879285100,0.049285100,0
'2026-08-22 08:24:52.879285300,0.049285300,1
'2026-08-22 08:24:52.879301400,0.049301400,0
'2026-08-22 08:24:52.879301500,0.049301500,1
'2026-08-22 08:24:52.879307100,0.049307100,0
'2026-08-22 08:24:52.879307200,0.049307200,1
'2026-08-22 08:24:52.879308000,0.049308000,0
'2026-08-22 08:24:52.879308100,0.049308100,1
'2026-08-22 08:24:52.879308500,0.049308500,0
'2026-08-22 08:24:52.879308600,0.049308600,1
'2026-08-22 08:24:52.879308700,0.049308700,0
'2026-08-22 08:24:52.879308800,0.049308800,1
'2026-08-22 08:24:52.879310400,0.049310400,0
'2026-08-22 08:24:52.879310500,0.049310500,1
'2026-08-22 08:24:52.879328800,0.049328800,0
'2026-08-22 08:24:52.879328900,0.049328900,1
'2026-08-22 08:24:52.879332300,0.049332300,0
'2026-08-22 08:24:52.879332400,0.049332400,1
'2026-08-22 08:24:52.879333900,0.049333900,0
'2026-08-22 08:24:52.879334000,0.049334000,1
'2026-08-22 08:24:52.879337100,0.049337100,0
'2026-08-22 08:24:52.879337200,0.049337200,1
'2026-08-22 08:24:52.879387300,0.049387300,0
'2026-08-22 08:24:52.879387400,0.049387400,1
'2026-08-22 08:24:52.879404900,0.049404900,0
'2026-08-22 08:24:52.879405000,0.049405000,1
'2026-08-22 08:24:52.879431800,0.049431800,0
'2026-08-22 08:24:52.879431900,0.049431900,1
'2026-08-22 08:24:52.879467500,0.049467500,0
'2026-08-22 08:24:52.879467600,0.049467600,1
'2026-08-22 08:24:52.880687800,0.050687800,0
'2026-08-22 08:24:52.880687900,0.050687900,1
'2026-08-22 08:24:52.880688000,0.050688000,0
'2026-08-22 08:24:52.880689700,0.050689700,1
'2026-08-22 08:24:52.880689800,0.050689800,0
'2026-08-22 08:24:52.880690900,0.050690900,1
'2026-08-22 08:24:52.880691100,0.050691100,0
'2026-08-22 08:24:52.880692000,0.050692000,1
'2026-08-22 08:24:52.880692200,0.050692200,0
'2026-08-22 08:24:52.880693200,0.050693200,1
'2026-08-22 08:24:52.880707500,0.050707500,0
'2026-08-22 08:24:52.880708400,0.050708400,1
'2026-08-22 08:24:52.880708500,0.050708500,0
'2026-08-22 08:24:52.880709500,0.050709500,1
'2026-08-22 08:24:52.880709700,0.050709700,0
'2026-08-22 08:24:52.880710200,0.050710200,1
'2026-08-22 08:24:52.880710400,0.050710400,0
'2026-08-22 08:24:52.880710700,0.050710700,1
'2026-08-22 08:24:52.880710800,0.050710800,0
'2026-08-22 08:24:52.880711400,0.050711400,1
'2026-08-22 08:24:52.880711500,0.050711500,0
'2026-08-22 08:24:52.880713100,0.050713100,1
'2026-08-22 08:24:52.880713200,0.050713200,0
'2026-08-22 08:24:52.880713600,0.050713600,1
'2026-08-22 08:24:52.880713800,0.050713800,0
'2026-08-22 08:24:52.880716000,0.050716000,1
'2026-08-22 08:24:52.880716100,0.050716100,0
'2026-08-22 08:24:52.880719300,0.050719300,1
'2026-08-22 08:24:52.880734200,0.050734200,0
'2026-08-22 08:24:52.880734700,0.050734700,1
'2026-08-22 08:24:52.880734800,0.050734800,0
'2026-08-22 08:24:52.880735000,0.050735000,1
'2026-08-22 08:24:52.880735300,0.050735300,0
'2026-08-22 08:24:52.880735800,0.050735800,1
'2026-08-22 08:24:52.880736000,0.050736000,0
'2026-08-22 08:24:52.880736300,0.050736300,1
'2026-08-22 08:24:52.880736500,0.050736500,0
'2026-08-22 08:24:52.880737300,0.050737300,1
'2026-08-22 08:24:52.880737400,0.050737400,0
'2026-08-22 08:24:52.880738700,0.050738700,1
'2026-08-22 08:24:52.880738800,0.050738800,0
'2026-08-22 08:24:52.880740500,0.050740500,1
'2026-08-22 08:24:52.880740600,0.050740600,0
'2026-08-22 08:24:52.880741000,0.050741000,1
'2026-08-22 08:24:52.880741100,0.050741100,0
'2026-08-22 08:24:52.880744600,0.050744600,1
'2026-08-22 08:24:52.880744800,0.050744800,0
'2026-08-22 08:24:52.880745200,0.050745200,1
'2026-08-22 08:24:52.880745300,0.050745300,0
'2026-08-22 08:24:52.880745400,0.050745400,1
'2026-08-22 08:24:52.880760000,0.050760000,0
'2026-08-22 08:24:52.880760900,0.050760900,1
'2026-08-22 08:24:52.880761100,0.050761100,0
'2026-08-22 08:24:52.880762100,0.050762100,1
'2026-08-22 08:24:52.880762200,0.050762200,0
'2026-08-22 08:24:52.880763300,0.050763300,1
'2026-08-22 08:24:52.880763400,0.050763400,0
'2026-08-22 08:24:52.880763800,0.050763800,1
'2026-08-22 08:24:52.880764200,0.050764200,0
'2026-08-22 08:24:52.880764400,0.050764400,1
'2026-08-22 08:24:52.880764800,0.050764800,0
'2026-08-22 08:24:52.880764900,0.050764900,1
'2026-08-22 08:24:52.880765100,0.050765100,0
'2026-08-22 08:24:52.880765600,0.050765600,1
'2026-08-22 08:24:52.880765700,0.050765700,0
'2026-08-22 08:24:52.880766000,0.050766000,1
'2026-08-22 08:24:52.880766100,0.050766100,0
'2026-08-22 08:24:52.880766200,0.050766200,1
'2026-08-22 08:24:52.880766400,0.050766400,0
'2026-08-22 08:24:52.880766700,0.050766700,1
'2026-08-22 08:24:52.880767500,0.050767500,0
'2026-08-22 08:24:52.880767900,0.050767900,1
'2026-08-22 08:24:52.880768200,0.050768200,0
'2026-08-22 08:24:52.880768300,0.050768300,1
'2026-08-22 08:24:52.880768700,0.050768700,0
'2026-08-22 08:24:52.880769100,0.050769100,1
'2026-08-22 08:24:52.880769200,0.050769200,0
'2026-08-22 08:24:52.880769700,0.050769700,1
'2026-08-22 08:24:52.880769900,0.050769900,0
'2026-08-22 08:24:52.880770400,0.050770400,1
'2026-08-22 08:24:52.880770500,0.050770500,0
'2026-08-22 08:24:52.880771500,0.050771500,1
'2026-08-22 08:24:52.880786300,0.050786300,0
'2026-08-22 08:24:52.880786500,0.050786500,1
'2026-08-22 08:24:52.880786900,0.050786900,0
'2026-08-22 08:24:52.880787000,0.050787000,1
'2026-08-22 08:24:52.880787400,0.050787400,0
'2026-08-22 08:24:52.880787600,0.050787600,1
'2026-08-22 08:24:52.880787900,0.050787900,0
'2026-08-22 08:24:52.880788400,0.050788400,1
'2026-08-22 08:24:52.880789300,0.050789300,0
'2026-08-22 08:24:52.880789500,0.050789500,1
'2026-08-22 08:24:52.880789700,0.050789700,0
'2026-08-22 08:24:52.880789900,0.050789900,1
'2026-08-22 08:24:52.880790400,0.050790400,0
'2026-08-22 08:24:52.880791000,0.050791000,1
'2026-08-22 08:24:52.880791100,0.050791100,0
'2026-08-22 08:24:52.880791300,0.050791300,1
'2026-08-22 08:24:52.880791500,0.050791500,0
'2026-08-22 08:24:52.880791900,0.050791900,1
'2026-08-22 08:24:52.880792000,0.050792000,0
'2026-08-22 08:24:52.880792300,0.050792300,1
'2026-08-22 08:24:52.880792500,0.050792500,0
'2026-08-22 08:24:52.880793600,0.050793600,1
'2026-08-22 08:24:52.880793800,0.050793800,0
'2026-08-22 08:24:52.880794200,0.050794200,1
'2026-08-22 08:24:52.880794400,0.050794400,0
'2026-08-22 08:24:52.880794600,0.050794600,1
'2026-08-22 08:24:52.880794900,0.050794900,0
'2026-08-22 08:24:52.880795400,0.050795400,1
'2026-08-22 08:24:52.880795500,0.050795500,0
'2026-08-22 08:24:52.880796000,0.050796000,1
'2026-08-22 08:24:52.880796100,0.050796100,0
'2026-08-22 08:24:52.880796500,0.050796500,1
'2026-08-22 08:24:52.880796800,0.050796800,0
'2026-08-22 08:24:52.880796900,0.050796900,1
'2026-08-22 08:24:52.880797000,0.050797000,0
'2026-08-22 08:24:52.880797200,0.050797200,1
'2026-08-22 08:24:52.880797400,0.050797400,0
'2026-08-22 08:24:52.880797500,0.050797500,1
'2026-08-22 08:24:52.880812500,0.050812500,0
'2026-08-22 08:24:52.880812700,0.050812700,1
'2026-08-22 08:24:52.880812800,0.050812800,0
'2026-08-22 08:24:52.880812900,0.050812900,1
'2026-08-22 08:24:52.880813800,0.050813800,0
'2026-08-22 08:24:52.880814100,0.050814100,1
'2026-08-22 08:24:52.880814200,0.050814200,0
'2026-08-22 08:24:52.880814300,0.050814300,1
'2026-08-22 08:24:52.880814800,0.050814800,0
'2026-08-22 08:24:52.880815000,0.050815000,1
'2026-08-22 08:24:52.880816000,0.050816000,0
'2026-08-22 08:24:52.880816100,0.050816100,1
'2026-08-22 08:24:52.880816300,0.050816300,0
'2026-08-22 08:24:52.880816400,0.050816400,1
'2026-08-22 08:24:52.880816800,0.050816800,0
'2026-08-22 08:24:52.880816900,0.050816900,1
'2026-08-22 08:24:52.880817200,0.050817200,0
'2026-08-22 08:24:52.880817500,0.050817500,1
'2026-08-22 08:24:52.880818000,0.050818000,0
'2026-08-22 08:24:52.880818100,0.050818100,1
'2026-08-22 08:24:52.880818400,0.050818400,0
'2026-08-22 08:24:52.880818500,0.050818500,1
'2026-08-22 08:24:52.880818800,0.050818800,0
'2026-08-22 08:24:52.880819100,0.050819100,1
'2026-08-22 08:24:52.880819200,0.050819200,0
'2026-08-22 08:24:52.880819300,0.050819300,1
'2026-08-22 08:24:52.880820200,0.050820200,0
'2026-08-22 08:24:52.880820300,0.050820300,1
'2026-08-22 08:24:52.880820800,0.050820800,0
'2026-08-22 08:24:52.880820900,0.050820900,1
'2026-08-22 08:24:52.880821200,0.050821200,0
'2026-08-22 08:24:52.880821300,0.050821300,1
'2026-08-22 08:24:52.880821400,0.050821400,0
'2026-08-22 08:24:52.880821700,0.050821700,1
'2026-08-22 08:24:52.880821800,0.050821800,0
'2026-08-22 08:24:52.880821900,0.050821900,1
'2026-08-22 08:24:52.880822000,0.050822000,0
'2026-08-22 08:24:52.880822200,0.050822200,1
'2026-08-22 08:24:52.880822400,0.050822400,0
'2026-08-22 08:24:52.880822800,0.050822800,1
'2026-08-22 08:24:52.880822900,0.050822900,0
'2026-08-22 08:24:52.880823300,0.050823300,1
'2026-08-22 08:24:52.880823500,0.050823500,0
'2026-08-22 08:24:52.880823600,0.050823600,1
'2026-08-22 08:24:52.880840000,0.050840000,0
'2026-08-22 08:24:52.880840200,0.050840200,1
'2026-08-22 08:24:52.880841300,0.050841300,0
'2026-08-22 08:24:52.880841400,0.050841400,1
'2026-08-22 08:24:52.880841600,0.050841600,0
'2026-08-22 08:24:52.880841700,0.050841700,1
'2026-08-22 08:24:52.880842000,0.050842000,0
'2026-08-22 08:24:52.880842100,0.050842100,1
'2026-08-22 08:24:52.880842400,0.050842400,0
'2026-08-22 08:24:52.880842600,0.050842600,1
'2026-08-22 08:24:52.880842900,0.050842900,0
'2026-08-22 08:24:52.880843300,0.050843300,1
'2026-08-22 08:24:52.880843400,0.050843400,0
'2026-08-22 08:24:52.880843700,0.050843700,1
'2026-08-22 08:24:52.880844000,0.050844000,0
'2026-08-22 08:24:52.880844100,0.050844100,1
'2026-08-22 08:24:52.880844200,0.050844200,0
'2026-08-22 08:24:52.880844400,0.050844400,1
'2026-08-22 08:24:52.880844800,0.050844800,0
'2026-08-22 08:24:52.880844900,0.050844900,1
'2026-08-22 08:24:52.880845200,0.050845200,0
'2026-08-22 08:24:52.880845500,0.050845500,1
'2026-08-22 08:24:52.880846100,0.050846100,0
'2026-08-22 08:24:52.880846200,0.050846200,1
'2026-08-22 08:24:52.880846400,0.050846400,0
'2026-08-22 08:24:52.880846700,0.050846700,1
'2026-08-22 08:24:52.880847200,0.050847200,0
'2026-08-22 08:24:52.880847300,0.050847300,1
'2026-08-22 08:24:52.880847600,0.050847600,0
'2026-08-22 08:24:52.880847700,0.050847700,1
'2026-08-22 08:24:52.880849200,0.050849200,0
'2026-08-22 08:24:52.880849300,0.050849300,1
'2026-08-22 08:24:52.880849500,0.050849500,0
'2026-08-22 08:24:52.880849600,0.050849600,1
'2026-08-22 08:24:52.880864800,0.050864800,0
'2026-08-22 08:24:52.880864900,0.050864900,1
'2026-08-22 08:24:52.880865200,0.050865200,0
'2026-08-22 08:24:52.880865300,0.050865300,1
'2026-08-22 08:24:52.880865600,0.050865600,0
'2026-08-22 08:24:52.880865700,0.050865700,1
'2026-08-22 08:24:52.880865800,0.050865800,0
'2026-08-22 08:24:52.880865900,0.050865900,1
'2026-08-22 08:24:52.880867100,0.050867100,0
'2026-08-22 08:24:52.880867200,0.050867200,1
'2026-08-22 08:24:52.880867300,0.050867300,0
'2026-08-22 08:24:52.880867500,0.050867500,1
'2026-08-22 08:24:52.880867600,0.050867600,0
'2026-08-22 08:24:52.880867700,0.050867700,1
'2026-08-22 08:24:52.880870300,0.050870300,0
'2026-08-22 08:24:52.880870500,0.050870500,1
'2026-08-22 08:24:52.880870800,0.050870800,0
'2026-08-22 08:24:52.880870900,0.050870900,1
'2026-08-22 08:24:52.880871500,0.050871500,0
'2026-08-22 08:24:52.880871600,0.050871600,1
'2026-08-22 08:24:52.880873200,0.050873200,0
'2026-08-22 08:24:52.880873300,0.050873300,1
'2026-08-22 08:24:52.880873400,0.050873400,0
'2026-08-22 08:24:52.880873500,0.050873500,1
'2026-08-22 08:24:52.880873900,0.050873900,0
'2026-08-22 08:24:52.880874000,0.050874000,1
'2026-08-22 08:24:52.880874600,0.050874600,0
'2026-08-22 08:24:52.880874700,0.050874700,1
'2026-08-22 08:24:52.880891100,0.050891100,0
'2026-08-22 08:24:52.880891200,0.050891200,1
'2026-08-22 08:24:52.880891900,0.050891900,0
'2026-08-22 08:24:52.880892000,0.050892000,1
'2026-08-22 08:24:52.880945300,0.050945300,0
'2026-08-22 08:24:52.880945400,0.050945400,1
'2026-08-22 08:24:52.880949400,0.050949400,0
'2026-08-22 08:24:52.880949500,0.050949500,1
'2026-08-22 08:24:52.880951500,0.050951500,0
'2026-08-22 08:24:52.880951600,0.050951600,1
'2026-08-22 08:24:52.880998200,0.050998200,0
'2026-08-22 08:24:52.880998300,0.050998300,1
'2026-08-22 08:24:52.881003500,0.051003500,0
'2026-08-22 08:24:52.881003600,0.051003600,1
'2026-08-22 08:24:52.881022400,0.051022400,0
'2026-08-22 08:24:52.881022500,0.051022500,1
'2026-08-22 08:24:52.882301400,0.052301400,0
'2026-08-22 08:24:52.882304000,0.052304000,1
'2026-08-22 08:24:52.882304100,0.052304100,0
'2026-08-22 08:24:52.882306300,0.052306300,1
'2026-08-22 08:24:52.882306400,0.052306400,0
'2026-08-22 08:24:52.882307100,0.052307100,1
'2026-08-22 08:24:52.882307200,0.052307200,0
'2026-08-22 08:24:52.882307500,0.052307500,1
'2026-08-22 08:24:52.882307600,0.052307600,0
'2026-08-22 08:24:52.882308000,0.052308000,1
'2026-08-22 08:24:52.882308100,0.052308100,0
'2026-08-22 08:24:52.882309700,0.052309700,1
'2026-08-22 08:24:52.882324200,0.052324200,0
'2026-08-22 08:24:52.882324400,0.052324400,1
'2026-08-22 08:24:52.882324500,0.052324500,0
'2026-08-22 08:24:52.882325500,0.052325500,1
'2026-08-22 08:24:52.882325700,0.052325700,0
'2026-08-22 08:24:52.882326100,0.052326100,1
'2026-08-22 08:24:52.882326200,0.052326200,0
'2026-08-22 08:24:52.882326700,0.052326700,1
'2026-08-22 08:24:52.882326800,0.052326800,0
'2026-08-22 08:24:52.882327200,0.052327200,1
'2026-08-22 08:24:52.882327400,0.052327400,0
'2026-08-22 08:24:52.882327800,0.052327800,1
'2026-08-22 08:24:52.882328000,0.052328000,0
'2026-08-22 08:24:52.882328500,0.052328500,1
'2026-08-22 08:24:52.882328600,0.052328600,0
'2026-08-22 08:24:52.882334900,0.052334900,1
'2026-08-22 08:24:52.882335000,0.052335000,0
'2026-08-22 08:24:52.882335500,0.052335500,1
'2026-08-22 08:24:52.882350300,0.052350300,0
'2026-08-22 08:24:52.882351300,0.052351300,1
'2026-08-22 08:24:52.882351400,0.052351400,0
'2026-08-22 08:24:52.882353600,0.052353600,1
'2026-08-22 08:24:52.882353700,0.052353700,0
'2026-08-22 08:24:52.882354300,0.052354300,1
'2026-08-22 08:24:52.882354400,0.052354400,0
'2026-08-22 08:24:52.882354500,0.052354500,1
'2026-08-22 08:24:52.882354600,0.052354600,0
'2026-08-22 08:24:52.882354700,0.052354700,1
'2026-08-22 08:24:52.882354800,0.052354800,0
'2026-08-22 08:24:52.882355300,0.052355300,1
'2026-08-22 08:24:52.882355500,0.052355500,0
'2026-08-22 08:24:52.882355900,0.052355900,1
'2026-08-22 08:24:52.882356000,0.052356000,0
'2026-08-22 08:24:52.882356100,0.052356100,1
'2026-08-22 08:24:52.882356200,0.052356200,0
'2026-08-22 08:24:52.882356300,0.052356300,1
'2026-08-22 08:24:52.882356800,0.052356800,0
'2026-08-22 08:24:52.882357100,0.052357100,1
'2026-08-22 08:24:52.882357700,0.052357700,0
'2026-08-22 08:24:52.882358300,0.052358300,1
'2026-08-22 08:24:52.882358400,0.052358400,0
'2026-08-22 08:24:52.882358700,0.052358700,1
'2026-08-22 08:24:52.882359000,0.052359000,0
'2026-08-22 08:24:52.882359100,0.052359100,1
'2026-08-22 08:24:52.882359200,0.052359200,0
'2026-08-22 08:24:52.882359700,0.052359700,1
'2026-08-22 08:24:52.882359800,0.052359800,0
'2026-08-22 08:24:52.882361200,0.052361200,1
'2026-08-22 08:24:52.882361300,0.052361300,0
'2026-08-22 08:24:52.882361900,0.052361900,1
'2026-08-22 08:24:52.882378300,0.052378300,0
'2026-08-22 08:24:52.882378700,0.052378700,1
'2026-08-22 08:24:52.882379000,0.052379000,0
'2026-08-22 08:24:52.882379100,0.052379100,1
'2026-08-22 08:24:52.882379600,0.052379600,0
'2026-08-22 08:24:52.882380400,0.052380400,1
'2026-08-22 08:24:52.882380600,0.052380600,0
'2026-08-22 08:24:52.882381600,0.052381600,1
'2026-08-22 08:24:52.882381700,0.052381700,0
'2026-08-22 08:24:52.882382800,0.052382800,1
'2026-08-22 08:24:52.882382900,0.052382900,0
'2026-08-22 08:24:52.882384000,0.052384000,1
'2026-08-22 08:24:52.882384100,0.052384100,0
'2026-08-22 08:24:52.882384500,0.052384500,1
'2026-08-22 08:24:52.882384600,0.052384600,0
'2026-08-22 08:24:52.882384800,0.052384800,1
'2026-08-22 08:24:52.882385000,0.052385000,0
'2026-08-22 08:24:52.882385300,0.052385300,1
'2026-08-22 08:24:52.882385400,0.052385400,0
'2026-08-22 08:24:52.882385600,0.052385600,1
'2026-08-22 08:24:52.882385800,0.052385800,0
'2026-08-22 08:24:52.882386100,0.052386100,1
'2026-08-22 08:24:52.882386200,0.052386200,0
'2026-08-22 08:24:52.882386300,0.052386300,1
'2026-08-22 08:24:52.882387100,0.052387100,0
'2026-08-22 08:24:52.882387400,0.052387400,1
'2026-08-22 08:24:52.882387600,0.052387600,0
'2026-08-22 08:24:52.882387700,0.052387700,1
'2026-08-22 08:24:52.882387800,0.052387800,0
'2026-08-22 08:24:52.882388000,0.052388000,1
'2026-08-22 08:24:52.882402800,0.052402800,0
'2026-08-22 08:24:52.882402900,0.052402900,1
'2026-08-22 08:24:52.882403000,0.052403000,0
'2026-08-22 08:24:52.882403100,0.052403100,1
'2026-08-22 08:24:52.882403400,0.052403400,0
'2026-08-22 08:24:52.882403700,0.052403700,1
'2026-08-22 08:24:52.882403900,0.052403900,0
'2026-08-22 08:24:52.882404300,0.052404300,1
'2026-08-22 08:24:52.882404400,0.052404400,0
'2026-08-22 08:24:52.882404500,0.052404500,1
'2026-08-22 08:24:52.882404600,0.052404600,0
'2026-08-22 08:24:52.882405300,0.052405300,1
'2026-08-22 08:24:52.882405800,0.052405800,0
'2026-08-22 08:24:52.882405900,0.052405900,1
'2026-08-22 08:24:52.882407000,0.052407000,0
'2026-08-22 08:24:52.882407100,0.052407100,1
'2026-08-22 08:24:52.882408600,0.052408600,0
'2026-08-22 08:24:52.882408900,0.052408900,1
'2026-08-22 08:24:52.882409200,0.052409200,0
'2026-08-22 08:24:52.882409300,0.052409300,1
'2026-08-22 08:24:52.882409400,0.052409400,0
'2026-08-22 08:24:52.882409500,0.052409500,1
'2026-08-22 08:24:52.882409800,0.052409800,0
'2026-08-22 08:24:52.882410200,0.052410200,1
'2026-08-22 08:24:52.882410300,0.052410300,0
'2026-08-22 08:24:52.882410800,0.052410800,1
'2026-08-22 08:24:52.882411000,0.052411000,0
'2026-08-22 08:24:52.882412000,0.052412000,1
'2026-08-22 08:24:52.882412100,0.052412100,0
'2026-08-22 08:24:52.882413100,0.052413100,1
'2026-08-22 08:24:52.882413200,0.052413200,0
'2026-08-22 08:24:52.882413700,0.052413700,1
'2026-08-22 08:24:52.882413800,0.052413800,0
'2026-08-22 08:24:52.882414100,0.052414100,1
'2026-08-22 08:24:52.882430200,0.052430200,0
'2026-08-22 08:24:52.882430300,0.052430300,1
'2026-08-22 08:24:52.882430700,0.052430700,0
'2026-08-22 08:24:52.882431300,0.052431300,1
'2026-08-22 08:24:52.882431400,0.052431400,0
'2026-08-22 08:24:52.882432400,0.052432400,1
'2026-08-22 08:24:52.882432700,0.052432700,0
'2026-08-22 08:24:52.882433000,0.052433000,1
'2026-08-22 08:24:52.882433200,0.052433200,0
'2026-08-22 08:24:52.882433300,0.052433300,1
'2026-08-22 08:24:52.882433400,0.052433400,0
'2026-08-22 08:24:52.882433500,0.052433500,1
'2026-08-22 08:24:52.882433800,0.052433800,0
'2026-08-22 08:24:52.882434100,0.052434100,1
'2026-08-22 08:24:52.882434300,0.052434300,0
'2026-08-22 08:24:52.882434500,0.052434500,1
'2026-08-22 08:24:52.882435000,0.052435000,0
'2026-08-22 08:24:52.882435300,0.052435300,1
'2026-08-22 08:24:52.882435500,0.052435500,0
'2026-08-22 08:24:52.882435900,0.052435900,1
'2026-08-22 08:24:52.882436100,0.052436100,0
'2026-08-22 08:24:52.882436500,0.052436500,1
'2026-08-22 08:24:52.882436800,0.052436800,0
'2026-08-22 08:24:52.882436900,0.052436900,1
'2026-08-22 08:24:52.882437400,0.052437400,0
'2026-08-22 08:24:52.882437500,0.052437500,1
'2026-08-22 08:24:52.882438000,0.052438000,0
'2026-08-22 08:24:52.882438100,0.052438100,1
'2026-08-22 08:24:52.882457200,0.052457200,0
'2026-08-22 08:24:52.882457300,0.052457300,1
'2026-08-22 08:24:52.882458400,0.052458400,0
'2026-08-22 08:24:52.882458500,0.052458500,1
'2026-08-22 08:24:52.882459600,0.052459600,0
'2026-08-22 08:24:52.882459700,0.052459700,1
'2026-08-22 08:24:52.882460000,0.052460000,0
'2026-08-22 08:24:52.882460100,0.052460100,1
'2026-08-22 08:24:52.882461800,0.052461800,0
'2026-08-22 08:24:52.882461900,0.052461900,1
'2026-08-22 08:24:52.882462000,0.052462000,0
'2026-08-22 08:24:52.882462100,0.052462100,1
'2026-08-22 08:24:52.882462400,0.052462400,0
'2026-08-22 08:24:52.882462700,0.052462700,1
'2026-08-22 08:24:52.882462900,0.052462900,0
'2026-08-22 08:24:52.882463000,0.052463000,1
'2026-08-22 08:24:52.882464800,0.052464800,0
'2026-08-22 08:24:52.882465000,0.052465000,1
'2026-08-22 08:24:52.882481200,0.052481200,0
'2026-08-22 08:24:52.882481300,0.052481300,1
'2026-08-22 08:24:52.882481400,0.052481400,0
'2026-08-22 08:24:52.882481500,0.052481500,1
'2026-08-22 08:24:52.882483000,0.052483000,0
'2026-08-22 08:24:52.882483100,0.052483100,1
'2026-08-22 08:24:52.882483400,0.052483400,0
'2026-08-22 08:24:52.882483500,0.052483500,1
'2026-08-22 08:24:52.882485200,0.052485200,0
'2026-08-22 08:24:52.882485300,0.052485300,1
'2026-08-22 08:24:52.882489400,0.052489400,0
'2026-08-22 08:24:52.882489500,0.052489500,1
'2026-08-22 08:24:52.882489800,0.052489800,0
'2026-08-22 08:24:52.882490100,0.052490100,1
'2026-08-22 08:24:52.882490200,0.052490200,0
'2026-08-22 08:24:52.882490300,0.052490300,1
'2026-08-22 08:24:52.882490400,0.052490400,0
'2026-08-22 08:24:52.882490800,0.052490800,1
'2026-08-22 08:24:52.882490900,0.052490900,0
'2026-08-22 08:24:52.882491400,0.052491400,1
'2026-08-22 08:24:52.882509200,0.052509200,0
'2026-08-22 08:24:52.882509300,0.052509300,1
'2026-08-22 08:24:52.882509800,0.052509800,0
'2026-08-22 08:24:52.882510000,0.052510000,1
'2026-08-22 08:24:52.882510300,0.052510300,0
'2026-08-22 08:24:52.882510700,0.052510700,1
'2026-08-22 08:24:52.882510800,0.052510800,0
'2026-08-22 08:24:52.882511200,0.052511200,1
'2026-08-22 08:24:52.882511400,0.052511400,0
'2026-08-22 08:24:52.882511700,0.052511700,1
'2026-08-22 08:24:52.882512700,0.052512700,0
'2026-08-22 08:24:52.882512800,0.052512800,1
'2026-08-22 08:24:52.882513900,0.052513900,0
'2026-08-22 08:24:52.882514000,0.052514000,1
'2026-08-22 08:24:52.882533200,0.052533200,0
'2026-08-22 08:24:52.882533300,0.052533300,1
'2026-08-22 08:24:52.882539700,0.052539700,0
'2026-08-22 08:24:52.882539900,0.052539900,1
'2026-08-22 08:24:52.882540200,0.052540200,0
'2026-08-22 08:24:52.882540300,0.052540300,1
'2026-08-22 08:24:52.882540800,0.052540800,0
'2026-08-22 08:24:52.882540900,0.052540900,1
'2026-08-22 08:24:52.882541200,0.052541200,0
'2026-08-22 08:24:52.882541300,0.052541300,1
'2026-08-22 08:24:52.882541400,0.052541400,0
'2026-08-22 08:24:52.882541500,0.052541500,1
'2026-08-22 08:24:52.882541700,0.052541700,0
'2026-08-22 08:24:52.882542100,0.052542100,1
'2026-08-22 08:24:52.882542500,0.052542500,0
'2026-08-22 08:24:52.882542700,0.052542700,1
'2026-08-22 08:24:52.882543000,0.052543000,0
'2026-08-22 08:24:52.882543100,0.052543100,1
'2026-08-22 08:24:52.882544200,0.052544200,0
'2026-08-22 08:24:52.882544300,0.052544300,1
'2026-08-22 08:24:52.882561800,0.052561800,0
'2026-08-22 08:24:52.882561900,0.052561900,1
'2026-08-22 08:24:52.882562200,0.052562200,0
'2026-08-22 08:24:52.882562500,0.052562500,1
'2026-08-22 08:24:52.882569800,0.052569800,0
'2026-08-22 08:24:52.882569900,0.052569900,1
'2026-08-22 08:24:52.882570000,0.052570000,0
'2026-08-22 08:24:52.882570100,0.052570100,1
'2026-08-22 08:24:52.882589600,0.052589600,0
'2026-08-22 08:24:52.882589700,0.052589700,1
'2026-08-22 08:24:52.882592800,0.052592800,0
'2026-08-22 08:24:52.882593000,0.052593000,1
'2026-08-22 08:24:52.882593400,0.052593400,0
'2026-08-22 08:24:52.882593500,0.052593500,1
'2026-08-22 08:24:52.882594000,0.052594000,0
'2026-08-22 08:24:52.882594100,0.052594100,1
'2026-08-22 08:24:52.882644800,0.052644800,0
'2026-08-22 08:24:52.882644900,0.052644900,1
'2026-08-22 08:24:52.882693200,0.052693200,0
'2026-08-22 08:24:52.882693300,0.052693300,1
'2026-08-22 08:24:52.883923200,0.053923200,0
'2026-08-22 08:24:52.883923500,0.053923500,1
'2026-08-22 08:24:52.883923600,0.053923600,0
'2026-08-22 08:24:52.883924000,0.053924000,1
'2026-08-22 08:24:52.883924100,0.053924100,0
'2026-08-22 08:24:52.883926300,0.053926300,1
'2026-08-22 08:24:52.883940600,0.053940600,0
'2026-08-22 08:24:52.883940800,0.053940800,1
'2026-08-22 08:24:52.883941000,0.053941000,0
'2026-08-22 08:24:52.883941500,0.053941500,1
'2026-08-22 08:24:52.883941600,0.053941600,0
'2026-08-22 08:24:52.883942700,0.053942700,1
'2026-08-22 08:24:52.883942800,0.053942800,0
'2026-08-22 08:24:52.883943300,0.053943300,1
'2026-08-22 08:24:52.883943400,0.053943400,0
'2026-08-22 08:24:52.883944300,0.053944300,1
'2026-08-22 08:24:52.883944500,0.053944500,0
'2026-08-22 08:24:52.883945000,0.053945000,1
'2026-08-22 08:24:52.883945100,0.053945100,0
'2026-08-22 08:24:52.883945600,0.053945600,1
'2026-08-22 08:24:52.883945700,0.053945700,0
'2026-08-22 08:24:52.883946700,0.053946700,1
'2026-08-22 08:24:52.883946900,0.053946900,0
'2026-08-22 08:24:52.883950700,0.053950700,1
'2026-08-22 08:24:52.883950800,0.053950800,0
'2026-08-22 08:24:52.883952300,0.053952300,1
'2026-08-22 08:24:52.883967000,0.053967000,0
'2026-08-22 08:24:52.883967100,0.053967100,1
'2026-08-22 08:24:52.883967200,0.053967200,0
'2026-08-22 08:24:52.883970500,0.053970500,1
'2026-08-22 08:24:52.883970600,0.053970600,0
'2026-08-22 08:24:52.883973100,0.053973100,1
'2026-08-22 08:24:52.883973200,0.053973200,0
'2026-08-22 08:24:52.883974000,0.053974000,1
'2026-08-22 08:24:52.883974300,0.053974300,0
'2026-08-22 08:24:52.883974400,0.053974400,1
'2026-08-22 08:24:52.883974800,0.053974800,0
'2026-08-22 08:24:52.883974900,0.053974900,1
'2026-08-22 08:24:52.883976100,0.053976100,0
'2026-08-22 08:24:52.883976200,0.053976200,1
'2026-08-22 08:24:52.883976400,0.053976400,0
'2026-08-22 08:24:52.883976500,0.053976500,1
'2026-08-22 08:24:52.883976700,0.053976700,0
'2026-08-22 08:24:52.883978400,0.053978400,1
'2026-08-22 08:24:52.883993200,0.053993200,0
'2026-08-22 08:24:52.883993300,0.053993300,1
'2026-08-22 08:24:52.883994300,0.053994300,0
'2026-08-22 08:24:52.883994600,0.053994600,1
'2026-08-22 08:24:52.883994800,0.053994800,0
'2026-08-22 08:24:52.883994900,0.053994900,1
'2026-08-22 08:24:52.883995500,0.053995500,0
'2026-08-22 08:24:52.883995700,0.053995700,1
'2026-08-22 08:24:52.883996700,0.053996700,0
'2026-08-22 08:24:52.883996800,0.053996800,1
'2026-08-22 08:24:52.883997100,0.053997100,0
'2026-08-22 08:24:52.883997400,0.053997400,1
'2026-08-22 08:24:52.883997700,0.053997700,0
'2026-08-22 08:24:52.883998100,0.053998100,1
'2026-08-22 08:24:52.883998200,0.053998200,0
'2026-08-22 08:24:52.884000500,0.054000500,1
'2026-08-22 08:24:52.884000600,0.054000600,0
'2026-08-22 08:24:52.884001600,0.054001600,1
'2026-08-22 08:24:52.884001800,0.054001800,0
'2026-08-22 08:24:52.884002200,0.054002200,1
'2026-08-22 08:24:52.884002400,0.054002400,0
'2026-08-22 08:24:52.884002500,0.054002500,1
'2026-08-22 08:24:52.884002700,0.054002700,0
'2026-08-22 08:24:52.884002800,0.054002800,1
'2026-08-22 08:24:52.884002900,0.054002900,0
'2026-08-22 08:24:52.884003400,0.054003400,1
'2026-08-22 08:24:52.884003600,0.054003600,0
'2026-08-22 08:24:52.884003700,0.054003700,1
'2026-08-22 08:24:52.884004200,0.054004200,0
'2026-08-22 08:24:52.884004500,0.054004500,1
'2026-08-22 08:24:52.884019300,0.054019300,0
'2026-08-22 08:24:52.884019800,0.054019800,1
'2026-08-22 08:24:52.884019900,0.054019900,0
'2026-08-22 08:24:52.884020300,0.054020300,1
'2026-08-22 08:24:52.884020400,0.054020400,0
'2026-08-22 08:24:52.884020900,0.054020900,1
'2026-08-22 08:24:52.884021000,0.054021000,0
'2026-08-22 08:24:52.884022100,0.054022100,1
'2026-08-22 08:24:52.884022200,0.054022200,0
'2026-08-22 08:24:52.884022600,0.054022600,1
'2026-08-22 08:24:52.884022900,0.054022900,0
'2026-08-22 08:24:52.884023100,0.054023100,1
'2026-08-22 08:24:52.884023600,0.054023600,0
'2026-08-22 08:24:52.884023800,0.054023800,1
'2026-08-22 08:24:52.884024700,0.054024700,0
'2026-08-22 08:24:52.884024900,0.054024900,1
'2026-08-22 08:24:52.884025200,0.054025200,0
'2026-08-22 08:24:52.884025300,0.054025300,1
'2026-08-22 08:24:52.884027100,0.054027100,0
'2026-08-22 08:24:52.884027300,0.054027300,1
'2026-08-22 08:24:52.884028000,0.054028000,0
'2026-08-22 08:24:52.884028400,0.054028400,1
'2026-08-22 08:24:52.884028600,0.054028600,0
'2026-08-22 08:24:52.884029700,0.054029700,1
'2026-08-22 08:24:52.884029800,0.054029800,0
'2026-08-22 08:24:52.884030600,0.054030600,1
'2026-08-22 08:24:52.884047600,0.054047600,0
'2026-08-22 08:24:52.884047700,0.054047700,1
'2026-08-22 08:24:52.884048000,0.054048000,0
'2026-08-22 08:24:52.884048200,0.054048200,1
'2026-08-22 08:24:52.884048700,0.054048700,0
'2026-08-22 08:24:52.884048800,0.054048800,1
'2026-08-22 08:24:52.884049100,0.054049100,0
'2026-08-22 08:24:52.884049500,0.054049500,1
'2026-08-22 08:24:52.884049600,0.054049600,0
'2026-08-22 08:24:52.884050100,0.054050100,1
'2026-08-22 08:24:52.884050200,0.054050200,0
'2026-08-22 08:24:52.884050700,0.054050700,1
'2026-08-22 08:24:52.884050900,0.054050900,0
'2026-08-22 08:24:52.884051000,0.054051000,1
'2026-08-22 08:24:52.884051100,0.054051100,0
'2026-08-22 08:24:52.884051300,0.054051300,1
'2026-08-22 08:24:52.884051400,0.054051400,0
'2026-08-22 08:24:52.884051500,0.054051500,1
'2026-08-22 08:24:52.884051600,0.054051600,0
'2026-08-22 08:24:52.884051900,0.054051900,1
'2026-08-22 08:24:52.884052000,0.054052000,0
'2026-08-22 08:24:52.884052500,0.054052500,1
'2026-08-22 08:24:52.884052800,0.054052800,0
'2026-08-22 08:24:52.884053000,0.054053000,1
'2026-08-22 08:24:52.884053200,0.054053200,0
'2026-08-22 08:24:52.884053500,0.054053500,1
'2026-08-22 08:24:52.884053800,0.054053800,0
'2026-08-22 08:24:52.884053900,0.054053900,1
'2026-08-22 08:24:52.884054000,0.054054000,0
'2026-08-22 08:24:52.884054200,0.054054200,1
'2026-08-22 08:24:52.884055200,0.054055200,0
'2026-08-22 08:24:52.884055300,0.054055300,1
'2026-08-22 08:24:52.884055600,0.054055600,0
'2026-08-22 08:24:52.884055700,0.054055700,1
'2026-08-22 08:24:52.884056400,0.054056400,0
'2026-08-22 08:24:52.884056500,0.054056500,1
'2026-08-22 08:24:52.884072000,0.054072000,0
'2026-08-22 08:24:52.884072100,0.054072100,1
'2026-08-22 08:24:52.884073200,0.054073200,0
'2026-08-22 08:24:52.884073400,0.054073400,1
'2026-08-22 08:24:52.884073900,0.054073900,0
'2026-08-22 08:24:52.884074000,0.054074000,1
'2026-08-22 08:24:52.884079000,0.054079000,0
'2026-08-22 08:24:52.884079100,0.054079100,1
'2026-08-22 08:24:52.884079200,0.054079200,0
'2026-08-22 08:24:52.884079300,0.054079300,1
'2026-08-22 08:24:52.884079600,0.054079600,0
'2026-08-22 08:24:52.884079700,0.054079700,1
'2026-08-22 08:24:52.884080100,0.054080100,0
'2026-08-22 08:24:52.884080300,0.054080300,1
'2026-08-22 08:24:52.884080800,0.054080800,0
'2026-08-22 08:24:52.884080900,0.054080900,1
'2026-08-22 08:24:52.884081200,0.054081200,0
'2026-08-22 08:24:52.884081300,0.054081300,1
'2026-08-22 08:24:52.884081400,0.054081400,0
'2026-08-22 08:24:52.884081500,0.054081500,1
'2026-08-22 08:24:52.884082000,0.054082000,0
'2026-08-22 08:24:52.884082100,0.054082100,1
'2026-08-22 08:24:52.884099600,0.054099600,0
'2026-08-22 08:24:52.884099700,0.054099700,1
'2026-08-22 08:24:52.884100000,0.054100000,0
'2026-08-22 08:24:52.884100100,0.054100100,1
'2026-08-22 08:24:52.884100500,0.054100500,0
'2026-08-22 08:24:52.884100700,0.054100700,1
'2026-08-22 08:24:52.884101200,0.054101200,0
'2026-08-22 08:24:52.884101300,0.054101300,1
'2026-08-22 08:24:52.884101600,0.054101600,0
'2026-08-22 08:24:52.884101700,0.054101700,1
'2026-08-22 08:24:52.884101800,0.054101800,0
'2026-08-22 08:24:52.884101900,0.054101900,1
'2026-08-22 08:24:52.884103000,0.054103000,0
'2026-08-22 08:24:52.884103100,0.054103100,1
'2026-08-22 08:24:52.884103200,0.054103200,0
'2026-08-22 08:24:52.884103300,0.054103300,1
'2026-08-22 08:24:52.884104000,0.054104000,0
'2026-08-22 08:24:52.884104100,0.054104100,1
'2026-08-22 08:24:52.884106000,0.054106000,0
'2026-08-22 08:24:52.884106100,0.054106100,1
'2026-08-22 08:24:52.884129900,0.054129900,0
'2026-08-22 08:24:52.884130000,0.054130000,1
'2026-08-22 08:24:52.884130900,0.054130900,0
'2026-08-22 08:24:52.884131000,0.054131000,1
'2026-08-22 08:24:52.884131200,0.054131200,0
'2026-08-22 08:24:52.884131300,0.054131300,1
'2026-08-22 08:24:52.884132800,0.054132800,0
'2026-08-22 08:24:52.884132900,0.054132900,1
'2026-08-22 08:24:52.884133200,0.054133200,0
'2026-08-22 08:24:52.884133400,0.054133400,1
'2026-08-22 08:24:52.884134600,0.054134600,0
'2026-08-22 08:24:52.884134700,0.054134700,1
'2026-08-22 08:24:52.884151600,0.054151600,0
'2026-08-22 08:24:52.884151700,0.054151700,1
'2026-08-22 08:24:52.884152100,0.054152100,0
'2026-08-22 08:24:52.884152200,0.054152200,1
'2026-08-22 08:24:52.884180200,0.054180200,0
'2026-08-22 08:24:52.884180300,0.054180300,1
'2026-08-22 08:24:52.884211600,0.054211600,0
'2026-08-22 08:24:52.884211800,0.054211800,1
'2026-08-22 08:24:52.884261800,0.054261800,0
'2026-08-22 08:24:52.884261900,0.054261900,1
'2026-08-22 08:24:52.885537200,0.055537200,0
'2026-08-22 08:24:52.885537600,0.055537600,1
'2026-08-22 08:24:52.885537700,0.055537700,0
'2026-08-22 08:24:52.885539300,0.055539300,1
'2026-08-22 08:24:52.885539400,0.055539400,0
'2026-08-22 08:24:52.885542800,0.055542800,1
'2026-08-22 08:24:52.885557300,0.055557300,0
'2026-08-22 08:24:52.885562700,0.055562700,1
'2026-08-22 08:24:52.885562800,0.055562800,0
'2026-08-22 08:24:52.885563300,0.055563300,1
'2026-08-22 08:24:52.885563400,0.055563400,0
'2026-08-22 08:24:52.885563500,0.055563500,1
'2026-08-22 08:24:52.885563600,0.055563600,0
'2026-08-22 08:24:52.885563800,0.055563800,1
'2026-08-22 08:24:52.885564000,0.055564000,0
'2026-08-22 08:24:52.885564300,0.055564300,1
'2026-08-22 08:24:52.885564400,0.055564400,0
'2026-08-22 08:24:52.885564500,0.055564500,1
'2026-08-22 08:24:52.885564700,0.055564700,0
'2026-08-22 08:24:52.885565500,0.055565500,1
'2026-08-22 08:24:52.885565600,0.055565600,0
'2026-08-22 08:24:52.885568000,0.055568000,1
'2026-08-22 08:24:52.885568100,0.055568100,0
'2026-08-22 08:24:52.885568900,0.055568900,1
'2026-08-22 08:24:52.885583600,0.055583600,0
'2026-08-22 08:24:52.885583700,0.055583700,1
'2026-08-22 08:24:52.885583800,0.055583800,0
'2026-08-22 08:24:52.885583900,0.055583900,1
'2026-08-22 08:24:52.885584000,0.055584000,0
'2026-08-22 08:24:52.885584300,0.055584300,1
'2026-08-22 08:24:52.885584400,0.055584400,0
'2026-08-22 08:24:52.885584500,0.055584500,1
'2026-08-22 08:24:52.885584600,0.055584600,0
'2026-08-22 08:24:52.885584900,0.055584900,1
'2026-08-22 08:24:52.885585200,0.055585200,0
'2026-08-22 08:24:52.885585500,0.055585500,1
'2026-08-22 08:24:52.885585600,0.055585600,0
'2026-08-22 08:24:52.885586600,0.055586600,1
'2026-08-22 08:24:52.885586900,0.055586900,0
'2026-08-22 08:24:52.885587200,0.055587200,1
'2026-08-22 08:24:52.885587300,0.055587300,0
'2026-08-22 08:24:52.885587800,0.055587800,1
'2026-08-22 08:24:52.885587900,0.055587900,0
'2026-08-22 08:24:52.885590100,0.055590100,1
'2026-08-22 08:24:52.885590200,0.055590200,0
'2026-08-22 08:24:52.885592000,0.055592000,1
'2026-08-22 08:24:52.885592100,0.055592100,0
'2026-08-22 08:24:52.885592500,0.055592500,1
'2026-08-22 08:24:52.885592600,0.055592600,0
'2026-08-22 08:24:52.885593000,0.055593000,1
'2026-08-22 08:24:52.885593200,0.055593200,0
'2026-08-22 08:24:52.885593400,0.055593400,1
'2026-08-22 08:24:52.885593700,0.055593700,0
'2026-08-22 08:24:52.885594200,0.055594200,1
'2026-08-22 08:24:52.885594400,0.055594400,0
'2026-08-22 08:24:52.885594500,0.055594500,1
'2026-08-22 08:24:52.885609600,0.055609600,0
'2026-08-22 08:24:52.885609900,0.055609900,1
'2026-08-22 08:24:52.885610000,0.055610000,0
'2026-08-22 08:24:52.885611200,0.055611200,1
'2026-08-22 08:24:52.885611300,0.055611300,0
'2026-08-22 08:24:52.885611800,0.055611800,1
'2026-08-22 08:24:52.885611900,0.055611900,0
'2026-08-22 08:24:52.885612300,0.055612300,1
'2026-08-22 08:24:52.885612600,0.055612600,0
'2026-08-22 08:24:52.885612900,0.055612900,1
'2026-08-22 08:24:52.885613100,0.055613100,0
'2026-08-22 08:24:52.885613200,0.055613200,1
'2026-08-22 08:24:52.885613600,0.055613600,0
'2026-08-22 08:24:52.885614100,0.055614100,1
'2026-08-22 08:24:52.885614200,0.055614200,0
'2026-08-22 08:24:52.885614300,0.055614300,1
'2026-08-22 08:24:52.885614800,0.055614800,0
'2026-08-22 08:24:52.885614900,0.055614900,1
'2026-08-22 08:24:52.885615000,0.055615000,0
'2026-08-22 08:24:52.885615100,0.055615100,1
'2026-08-22 08:24:52.885615600,0.055615600,0
'2026-08-22 08:24:52.885615700,0.055615700,1
'2026-08-22 08:24:52.885616000,0.055616000,0
'2026-08-22 08:24:52.885616300,0.055616300,1
'2026-08-22 08:24:52.885616500,0.055616500,0
'2026-08-22 08:24:52.885617000,0.055617000,1
'2026-08-22 08:24:52.885617100,0.055617100,0
'2026-08-22 08:24:52.885617600,0.055617600,1
'2026-08-22 08:24:52.885617900,0.055617900,0
'2026-08-22 08:24:52.885618200,0.055618200,1
'2026-08-22 08:24:52.885618300,0.055618300,0
'2026-08-22 08:24:52.885618700,0.055618700,1
'2026-08-22 08:24:52.885618800,0.055618800,0
'2026-08-22 08:24:52.885619300,0.055619300,1
'2026-08-22 08:24:52.885619500,0.055619500,0
'2026-08-22 08:24:52.885619900,0.055619900,1
'2026-08-22 08:24:52.885620000,0.055620000,0
'2026-08-22 08:24:52.885621000,0.055621000,1
'2026-08-22 08:24:52.885636500,0.055636500,0
'2026-08-22 08:24:52.885636700,0.055636700,1
'2026-08-22 08:24:52.885637000,0.055637000,0
'2026-08-22 08:24:52.885637100,0.055637100,1
'2026-08-22 08:24:52.885637600,0.055637600,0
'2026-08-22 08:24:52.885637900,0.055637900,1
'2026-08-22 08:24:52.885638100,0.055638100,0
'2026-08-22 08:24:52.885638300,0.055638300,1
'2026-08-22 08:24:52.885638400,0.055638400,0
'2026-08-22 08:24:52.885638600,0.055638600,1
'2026-08-22 08:24:52.885638800,0.055638800,0
'2026-08-22 08:24:52.885639200,0.055639200,1
'2026-08-22 08:24:52.885639300,0.055639300,0
'2026-08-22 08:24:52.885639700,0.055639700,1
'2026-08-22 08:24:52.885639900,0.055639900,0
'2026-08-22 08:24:52.885640300,0.055640300,1
'2026-08-22 08:24:52.885640500,0.055640500,0
'2026-08-22 08:24:52.885640700,0.055640700,1
'2026-08-22 08:24:52.885640800,0.055640800,0
'2026-08-22 08:24:52.885642100,0.055642100,1
'2026-08-22 08:24:52.885642200,0.055642200,0
'2026-08-22 08:24:52.885642300,0.055642300,1
'2026-08-22 08:24:52.885642400,0.055642400,0
'2026-08-22 08:24:52.885642500,0.055642500,1
'2026-08-22 08:24:52.885642700,0.055642700,0
'2026-08-22 08:24:52.885642800,0.055642800,1
'2026-08-22 08:24:52.885642900,0.055642900,0
'2026-08-22 08:24:52.885643300,0.055643300,1
'2026-08-22 08:24:52.885643400,0.055643400,0
'2026-08-22 08:24:52.885643500,0.055643500,1
'2026-08-22 08:24:52.885643800,0.055643800,0
'2026-08-22 08:24:52.885643900,0.055643900,1
'2026-08-22 08:24:52.885644000,0.055644000,0
'2026-08-22 08:24:52.885644300,0.055644300,1
'2026-08-22 08:24:52.885647000,0.055647000,0
'2026-08-22 08:24:52.885647100,0.055647100,1
'2026-08-22 08:24:52.885663000,0.055663000,0
'2026-08-22 08:24:52.885663100,0.055663100,1
'2026-08-22 08:24:52.885667400,0.055667400,0
'2026-08-22 08:24:52.885667600,0.055667600,1
'2026-08-22 08:24:52.885667700,0.055667700,0
'2026-08-22 08:24:52.885667800,0.055667800,1
'2026-08-22 08:24:52.885668500,0.055668500,0
'2026-08-22 08:24:52.885668700,0.055668700,1
'2026-08-22 08:24:52.885668800,0.055668800,0
'2026-08-22 08:24:52.885668900,0.055668900,1
'2026-08-22 08:24:52.885669700,0.055669700,0
'2026-08-22 08:24:52.885670100,0.055670100,1
'2026-08-22 08:24:52.885670400,0.055670400,0
'2026-08-22 08:24:52.885670700,0.055670700,1
'2026-08-22 08:24:52.885670900,0.055670900,0
'2026-08-22 08:24:52.885671000,0.055671000,1
'2026-08-22 08:24:52.885672200,0.055672200,0
'2026-08-22 08:24:52.885672300,0.055672300,1
'2026-08-22 08:24:52.885672600,0.055672600,0
'2026-08-22 08:24:52.885672800,0.055672800,1
'2026-08-22 08:24:52.885687800,0.055687800,0
'2026-08-22 08:24:52.885687900,0.055687900,1
'2026-08-22 08:24:52.885689200,0.055689200,0
'2026-08-22 08:24:52.885689300,0.055689300,1
'2026-08-22 08:24:52.885690200,0.055690200,0
'2026-08-22 08:24:52.885690500,0.055690500,1
'2026-08-22 08:24:52.885691300,0.055691300,0
'2026-08-22 08:24:52.885691500,0.055691500,1
'2026-08-22 08:24:52.885692700,0.055692700,0
'2026-08-22 08:24:52.885692800,0.055692800,1
'2026-08-22 08:24:52.885697800,0.055697800,0
'2026-08-22 08:24:52.885697900,0.055697900,1
'2026-08-22 08:24:52.885698000,0.055698000,0
'2026-08-22 08:24:52.885698100,0.055698100,1
'2026-08-22 08:24:52.885699000,0.055699000,0
'2026-08-22 08:24:52.885699100,0.055699100,1
'2026-08-22 08:24:52.885699200,0.055699200,0
'2026-08-22 08:24:52.885699300,0.055699300,1
'2026-08-22 08:24:52.885720000,0.055720000,0
'2026-08-22 08:24:52.885720100,0.055720100,1
'2026-08-22 08:24:52.885720200,0.055720200,0
'2026-08-22 08:24:52.885720300,0.055720300,1
'2026-08-22 08:24:52.885721200,0.055721200,0
'2026-08-22 08:24:52.885721300,0.055721300,1
'2026-08-22 08:24:52.885722200,0.055722200,0
'2026-08-22 08:24:52.885722500,0.055722500,1
'2026-08-22 08:24:52.885741500,0.055741500,0
'2026-08-22 08:24:52.885741600,0.055741600,1
'2026-08-22 08:24:52.885741800,0.055741800,0
'2026-08-22 08:24:52.885742000,0.055742000,1
'2026-08-22 08:24:52.885747600,0.055747600,0
'2026-08-22 08:24:52.885747700,0.055747700,1
'2026-08-22 08:24:52.885749100,0.055749100,0
'2026-08-22 08:24:52.885749500,0.055749500,1
'2026-08-22 08:24:52.885750500,0.055750500,0
'2026-08-22 08:24:52.885750600,0.055750600,1
'2026-08-22 08:24:52.885751000,0.055751000,0
'2026-08-22 08:24:52.885751100,0.055751100,1
'2026-08-22 08:24:52.885768600,0.055768600,0
'2026-08-22 08:24:52.885768700,0.055768700,1
'2026-08-22 08:24:52.885769800,0.055769800,0
'2026-08-22 08:24:52.885769900,0.055769900,1
'2026-08-22 08:24:52.885776800,0.055776800,0
'2026-08-22 08:24:52.885776900,0.055776900,1
'2026-08-22 08:24:52.885777400,0.055777400,0
'2026-08-22 08:24:52.885777500,0.055777500,1
'2026-08-22 08:24:52.885797600,0.055797600,0
'2026-08-22 08:24:52.885797800,0.055797800,1
'2026-08-22 08:24:52.885798400,0.055798400,0
'2026-08-22 08:24:52.885798500,0.055798500,1
'2026-08-22 08:24:52.885800700,0.055800700,0
'2026-08-22 08:24:52.885800900,0.055800900,1
'2026-08-22 08:24:52.885851900,0.055851900,0
'2026-08-22 08:24:52.885852000,0.055852000,1
'2026-08-22 08:24:52.885881000,0.055881000,0
'2026-08-22 08:24:52.885881100,0.055881100,1
'2026-08-22 08:24:52.886366400,0.056366400,0
'2026-08-22 08:24:52.886366500,0.056366500,1
'2026-08-22 08:24:52.886366800,0.056366800,0
'2026-08-22 08:24:52.886366900,0.056366900,1
'2026-08-22 08:24:52.886367600,0.056367600,0
'2026-08-22 08:24:52.886367700,0.056367700,1
'2026-08-22 08:24:52.886368700,0.056368700,0
'2026-08-22 08:24:52.886368900,0.056368900,1
'2026-08-22 08:24:52.886369200,0.056369200,0
'2026-08-22 08:24:52.886369300,0.056369300,1
'2026-08-22 08:24:52.886369400,0.056369400,0
'2026-08-22 08:24:52.886369500,0.056369500,1
'2026-08-22 08:24:52.886371600,0.056371600,0
'2026-08-22 08:24:52.886371800,0.056371800,1
'2026-08-22 08:24:52.886372800,0.056372800,0
'2026-08-22 08:24:52.886373000,0.056373000,1
'2026-08-22 08:24:52.886373200,0.056373200,0
'2026-08-22 08:24:52.886373700,0.056373700,1
'2026-08-22 08:24:52.886373800,0.056373800,0
'2026-08-22 08:24:52.886374300,0.056374300,1
'2026-08-22 08:24:52.886374400,0.056374400,0
'2026-08-22 08:24:52.886374900,0.056374900,1
'2026-08-22 08:24:52.886375000,0.056375000,0
'2026-08-22 08:24:52.886375500,0.056375500,1
'2026-08-22 08:24:52.886375600,0.056375600,0
'2026-08-22 08:24:52.886376000,0.056376000,1
'2026-08-22 08:24:52.886376200,0.056376200,0
'2026-08-22 08:24:52.886376600,0.056376600,1
'2026-08-22 08:24:52.886376800,0.056376800,0
'2026-08-22 08:24:52.886376900,0.056376900,1
'2026-08-22 08:24:52.886392700,0.056392700,0
'2026-08-22 08:24:52.886392900,0.056392900,1
'2026-08-22 08:24:52.886393700,0.056393700,0
'2026-08-22 08:24:52.886393900,0.056393900,1
'2026-08-22 08:24:52.886394300,0.056394300,0
'2026-08-22 08:24:52.886394800,0.056394800,1
'2026-08-22 08:24:52.886395000,0.056395000,0
'2026-08-22 08:24:52.886395300,0.056395300,1
'2026-08-22 08:24:52.886395500,0.056395500,0
'2026-08-22 08:24:52.886395900,0.056395900,1
'2026-08-22 08:24:52.886396000,0.056396000,0
'2026-08-22 08:24:52.886396100,0.056396100,1
'2026-08-22 08:24:52.886396200,0.056396200,0
'2026-08-22 08:24:52.886396400,0.056396400,1
'2026-08-22 08:24:52.886396700,0.056396700,0
'2026-08-22 08:24:52.886397100,0.056397100,1
'2026-08-22 08:24:52.886397200,0.056397200,0
'2026-08-22 08:24:52.886397300,0.056397300,1
'2026-08-22 08:24:52.886397400,0.056397400,0
'2026-08-22 08:24:52.886397500,0.056397500,1
'2026-08-22 08:24:52.886397800,0.056397800,0
'2026-08-22 08:24:52.886397900,0.056397900,1
'2026-08-22 08:24:52.886398000,0.056398000,0
'2026-08-22 08:24:52.886398100,0.056398100,1
'2026-08-22 08:24:52.886398700,0.056398700,0
'2026-08-22 08:24:52.886398800,0.056398800,1
'2026-08-22 08:24:52.886399000,0.056399000,0
'2026-08-22 08:24:52.886399100,0.056399100,1
'2026-08-22 08:24:52.886401900,0.056401900,0
'2026-08-22 08:24:52.886402100,0.056402100,1
'2026-08-22 08:24:52.886421900,0.056421900,0
'2026-08-22 08:24:52.886422000,0.056422000,1
'2026-08-22 08:24:52.886423200,0.056423200,0
'2026-08-22 08:24:52.886423300,0.056423300,1
'2026-08-22 08:24:52.886424300,0.056424300,0
'2026-08-22 08:24:52.886424400,0.056424400,1
'2026-08-22 08:24:52.886425200,0.056425200,0
'2026-08-22 08:24:52.886425300,0.056425300,1
'2026-08-22 08:24:52.886425400,0.056425400,0
'2026-08-22 08:24:52.886425600,0.056425600,1
'2026-08-22 08:24:52.886425800,0.056425800,0
'2026-08-22 08:24:52.886426300,0.056426300,1
'2026-08-22 08:24:52.886426400,0.056426400,0
'2026-08-22 08:24:52.886426500,0.056426500,1
'2026-08-22 08:24:52.886426600,0.056426600,0
'2026-08-22 08:24:52.886426700,0.056426700,1
'2026-08-22 08:24:52.886428400,0.056428400,0
'2026-08-22 08:24:52.886428500,0.056428500,1
'2026-08-22 08:24:52.886444600,0.056444600,0
'2026-08-22 08:24:52.886444800,0.056444800,1
'2026-08-22 08:24:52.886445800,0.056445800,0
'2026-08-22 08:24:52.886445900,0.056445900,1
'2026-08-22 08:24:52.886471500,0.056471500,0
'2026-08-22 08:24:52.886471600,0.056471600,1
'2026-08-22 08:24:52.886475000,0.056475000,0
'2026-08-22 08:24:52.886475200,0.056475200,1
'2026-08-22 08:24:52.886476200,0.056476200,0
'2026-08-22 08:24:52.886476300,0.056476300,1
'2026-08-22 08:24:52.886496800,0.056496800,0
'2026-08-22 08:24:52.886496900,0.056496900,1
'2026-08-22 08:24:52.886525100,0.056525100,0
'2026-08-22 08:24:52.886525200,0.056525200,1
'2026-08-22 08:24:52.886605300,0.056605300,0
'2026-08-22 08:24:52.886605400,0.056605400,1
'2026-08-22 08:24:52.886606000,0.056606000,0
'2026-08-22 08:24:52.886606100,0.056606100,1
'2026-08-22 08:24:52.886606400,0.056606400,0
'2026-08-22 08:24:52.886606500,0.056606500,1
'2026-08-22 08:24:52.887200900,0.057200900,0
'2026-08-22 08:24:52.887201300,0.057201300,1
'2026-08-22 08:24:52.887201400,0.057201400,0
'2026-08-22 08:24:52.887201700,0.057201700,1
'2026-08-22 08:24:52.887202000,0.057202000,0
'2026-08-22 08:24:52.887202100,0.057202100,1
'2026-08-22 08:24:52.887202700,0.057202700,0
'2026-08-22 08:24:52.887202900,0.057202900,1
'2026-08-22 08:24:52.887203200,0.057203200,0
'2026-08-22 08:24:52.887203300,0.057203300,1
'2026-08-22 08:24:52.887208400,0.057208400,0
'2026-08-22 08:24:52.887208500,0.057208500,1
'2026-08-22 08:24:52.887209000,0.057209000,0
'2026-08-22 08:24:52.887209300,0.057209300,1
'2026-08-22 08:24:52.887209800,0.057209800,0
'2026-08-22 08:24:52.887209900,0.057209900,1
'2026-08-22 08:24:52.887210200,0.057210200,0
'2026-08-22 08:24:52.887210500,0.057210500,1
'2026-08-22 08:24:52.887210800,0.057210800,0
'2026-08-22 08:24:52.887211100,0.057211100,1
'2026-08-22 08:24:52.887211400,0.057211400,0
'2026-08-22 08:24:52.887211600,0.057211600,1
'2026-08-22 08:24:52.887229100,0.057229100,0
'2026-08-22 08:24:52.887229200,0.057229200,1
'2026-08-22 08:24:52.887231400,0.057231400,0
'2026-08-22 08:24:52.887231500,0.057231500,1
'2026-08-22 08:24:52.887231800,0.057231800,0
'2026-08-22 08:24:52.887231900,0.057231900,1
'2026-08-22 08:24:52.887232500,0.057232500,0
'2026-08-22 08:24:52.887232700,0.057232700,1
'2026-08-22 08:24:52.887233000,0.057233000,0
'2026-08-22 08:24:52.887233300,0.057233300,1
'2026-08-22 08:24:52.887233800,0.057233800,0
'2026-08-22 08:24:52.887233900,0.057233900,1
'2026-08-22 08:24:52.887234200,0.057234200,0
'2026-08-22 08:24:52.887234400,0.057234400,1
'2026-08-22 08:24:52.887259400,0.057259400,0
'2026-08-22 08:24:52.887259600,0.057259600,1
'2026-08-22 08:24:52.887259800,0.057259800,0
'2026-08-22 08:24:52.887260100,0.057260100,1
'2026-08-22 08:24:52.887260400,0.057260400,0
'2026-08-22 08:24:52.887260600,0.057260600,1
'2026-08-22 08:24:52.887263400,0.057263400,0
'2026-08-22 08:24:52.887263500,0.057263500,1
'2026-08-22 08:24:52.887289800,0.057289800,0
'2026-08-22 08:24:52.887289900,0.057289900,1
'2026-08-22 08:24:52.887310800,0.057310800,0
'2026-08-22 08:24:52.887310900,0.057310900,1
'2026-08-22 08:24:52.887367000,0.057367000,0
'2026-08-22 08:24:52.887367100,0.057367100,1
'2026-08-22 08:24:52.888008900,0.058008900,0
'2026-08-22 08:24:52.888009100,0.058009100,1
'2026-08-22 08:24:52.888015200,0.058015200,0
'2026-08-22 08:24:52.888015300,0.058015300,1
'2026-08-22 08:24:52.888015400,0.058015400,0
'2026-08-22 08:24:52.888015700,0.058015700,1
'2026-08-22 08:24:52.888015800,0.058015800,0
'2026-08-22 08:24:52.888015900,0.058015900,1
'2026-08-22 08:24:52.888016400,0.058016400,0
'2026-08-22 08:24:52.888016500,0.058016500,1
'2026-08-22 08:24:52.888016600,0.058016600,0
'2026-08-22 08:24:52.888016800,0.058016800,1
'2026-08-22 08:24:52.888017200,0.058017200,0
'2026-08-22 08:24:52.888017300,0.058017300,1
'2026-08-22 08:24:52.888017500,0.058017500,0
'2026-08-22 08:24:52.888018000,0.058018000,1
'2026-08-22 08:24:52.888018200,0.058018200,0
'2026-08-22 08:24:52.888018500,0.058018500,1
'2026-08-22 08:24:52.888018800,0.058018800,0
'2026-08-22 08:24:52.888019000,0.058019000,1
'2026-08-22 08:24:52.888035800,0.058035800,0
'2026-08-22 08:24:52.888035900,0.058035900,1
'2026-08-22 08:24:52.888036000,0.058036000,0
'2026-08-22 08:24:52.888036100,0.058036100,1
'2026-08-22 08:24:52.888037600,0.058037600,0
'2026-08-22 08:24:52.888037700,0.058037700,1
'2026-08-22 08:24:52.888037900,0.058037900,0
'2026-08-22 08:24:52.888038500,0.058038500,1
'2026-08-22 08:24:52.888038800,0.058038800,0
'2026-08-22 08:24:52.888039000,0.058039000,1
'2026-08-22 08:24:52.888039300,0.058039300,0
'2026-08-22 08:24:52.888039500,0.058039500,1
'2026-08-22 08:24:52.888040500,0.058040500,0
'2026-08-22 08:24:52.888040600,0.058040600,1
'2026-08-22 08:24:52.888092400,0.058092400,0
'2026-08-22 08:24:52.888092500,0.058092500,1
'2026-08-22 08:24:52.888115800,0.058115800,0
'2026-08-22 08:24:52.888115900,0.058115900,1
'2026-08-22 08:24:52.888118600,0.058118600,0
'2026-08-22 08:24:52.888118700,0.058118700,1
'2026-08-22 08:24:52.888195800,0.058195800,0
'2026-08-22 08:24:52.888195900,0.058195900,1
'2026-08-22 08:24:52.889629000,0.059629000,0
'2026-08-22 08:24:52.889630000,0.059630000,1
'2026-08-22 08:24:52.889630100,0.059630100,0
'2026-08-22 08:24:52.889630500,0.059630500,1
'2026-08-22 08:24:52.889630600,0.059630600,0
'2026-08-22 08:24:52.889631100,0.059631100,1
'2026-08-22 08:24:52.889631200,0.059631200,0
'2026-08-22 08:24:52.889631700,0.059631700,1
'2026-08-22 08:24:52.889631800,0.059631800,0
'2026-08-22 08:24:52.889632300,0.059632300,1
'2026-08-22 08:24:52.889632400,0.059632400,0
'2026-08-22 08:24:52.889632900,0.059632900,1
'2026-08-22 08:24:52.889633000,0.059633000,0
'2026-08-22 08:24:52.889636700,0.059636700,1
'2026-08-22 08:24:52.889651300,0.059651300,0
'2026-08-22 08:24:52.889651600,0.059651600,1
'2026-08-22 08:24:52.889651800,0.059651800,0
'2026-08-22 08:24:52.889652100,0.059652100,1
'2026-08-22 08:24:52.889652200,0.059652200,0
'2026-08-22 08:24:52.889652700,0.059652700,1
'2026-08-22 08:24:52.889652800,0.059652800,0
'2026-08-22 08:24:52.889655700,0.059655700,1
'2026-08-22 08:24:52.889655800,0.059655800,0
'2026-08-22 08:24:52.889656100,0.059656100,1
'2026-08-22 08:24:52.889656200,0.059656200,0
'2026-08-22 08:24:52.889657400,0.059657400,1
'2026-08-22 08:24:52.889657500,0.059657500,0
'2026-08-22 08:24:52.889658000,0.059658000,1
'2026-08-22 08:24:52.889658100,0.059658100,0
'2026-08-22 08:24:52.889658500,0.059658500,1
'2026-08-22 08:24:52.889658600,0.059658600,0
'2026-08-22 08:24:52.889659200,0.059659200,1
'2026-08-22 08:24:52.889659300,0.059659300,0
'2026-08-22 08:24:52.889659700,0.059659700,1
'2026-08-22 08:24:52.889659800,0.059659800,0
'2026-08-22 08:24:52.889660900,0.059660900,1
'2026-08-22 08:24:52.889661000,0.059661000,0
'2026-08-22 08:24:52.889661500,0.059661500,1
'2026-08-22 08:24:52.889661600,0.059661600,0
'2026-08-22 08:24:52.889662000,0.059662000,1
'2026-08-22 08:24:52.889662200,0.059662200,0
'2026-08-22 08:24:52.889662700,0.059662700,1
'2026-08-22 08:24:52.889677400,0.059677400,0
'2026-08-22 08:24:52.889677800,0.059677800,1
'2026-08-22 08:24:52.889678000,0.059678000,0
'2026-08-22 08:24:52.889678300,0.059678300,1
'2026-08-22 08:24:52.889678600,0.059678600,0
'2026-08-22 08:24:52.889679500,0.059679500,1
'2026-08-22 08:24:52.889680000,0.059680000,0
'2026-08-22 08:24:52.889680100,0.059680100,1
'2026-08-22 08:24:52.889680500,0.059680500,0
'2026-08-22 08:24:52.889680700,0.059680700,1
'2026-08-22 08:24:52.889680900,0.059680900,0
'2026-08-22 08:24:52.889681300,0.059681300,1
'2026-08-22 08:24:52.889681400,0.059681400,0
'2026-08-22 08:24:52.889681900,0.059681900,1
'2026-08-22 08:24:52.889682000,0.059682000,0
'2026-08-22 08:24:52.889682100,0.059682100,1
'2026-08-22 08:24:52.889682200,0.059682200,0
'2026-08-22 08:24:52.889682300,0.059682300,1
'2026-08-22 08:24:52.889682400,0.059682400,0
'2026-08-22 08:24:52.889682500,0.059682500,1
'2026-08-22 08:24:52.889682700,0.059682700,0
'2026-08-22 08:24:52.889683100,0.059683100,1
'2026-08-22 08:24:52.889683200,0.059683200,0
'2026-08-22 08:24:52.889683700,0.059683700,1
'2026-08-22 08:24:52.889683800,0.059683800,0
'2026-08-22 08:24:52.889686000,0.059686000,1
'2026-08-22 08:24:52.889686200,0.059686200,0
'2026-08-22 08:24:52.889687200,0.059687200,1
'2026-08-22 08:24:52.889687300,0.059687300,0
'2026-08-22 08:24:52.889687800,0.059687800,1
'2026-08-22 08:24:52.889688000,0.059688000,0
'2026-08-22 08:24:52.889688100,0.059688100,1
'2026-08-22 08:24:52.889688400,0.059688400,0
'2026-08-22 08:24:52.889688800,0.059688800,1
'2026-08-22 08:24:52.889703600,0.059703600,0
'2026-08-22 08:24:52.889703700,0.059703700,1
'2026-08-22 08:24:52.889703800,0.059703800,0
'2026-08-22 08:24:52.889704000,0.059704000,1
'2026-08-22 08:24:52.889704100,0.059704100,0
'2026-08-22 08:24:52.889704700,0.059704700,1
'2026-08-22 08:24:52.889704800,0.059704800,0
'2026-08-22 08:24:52.889705300,0.059705300,1
'2026-08-22 08:24:52.889705400,0.059705400,0
'2026-08-22 08:24:52.889705900,0.059705900,1
'2026-08-22 08:24:52.889706000,0.059706000,0
'2026-08-22 08:24:52.889706400,0.059706400,1
'2026-08-22 08:24:52.889706600,0.059706600,0
'2026-08-22 08:24:52.889707000,0.059707000,1
'2026-08-22 08:24:52.889707100,0.059707100,0
'2026-08-22 08:24:52.889707500,0.059707500,1
'2026-08-22 08:24:52.889707700,0.059707700,0
'2026-08-22 08:24:52.889708200,0.059708200,1
'2026-08-22 08:24:52.889708500,0.059708500,0
'2026-08-22 08:24:52.889708700,0.059708700,1
'2026-08-22 08:24:52.889709000,0.059709000,0
'2026-08-22 08:24:52.889709300,0.059709300,1
'2026-08-22 08:24:52.889709700,0.059709700,0
'2026-08-22 08:24:52.889709800,0.059709800,1
'2026-08-22 08:24:52.889710200,0.059710200,0
'2026-08-22 08:24:52.889710300,0.059710300,1
'2026-08-22 08:24:52.889712000,0.059712000,0
'2026-08-22 08:24:52.889712100,0.059712100,1
'2026-08-22 08:24:52.889712600,0.059712600,0
'2026-08-22 08:24:52.889712800,0.059712800,1
'2026-08-22 08:24:52.889713000,0.059713000,0
'2026-08-22 08:24:52.889713200,0.059713200,1
'2026-08-22 08:24:52.889713300,0.059713300,0
'2026-08-22 08:24:52.889713500,0.059713500,1
'2026-08-22 08:24:52.889713600,0.059713600,0
'2026-08-22 08:24:52.889714100,0.059714100,1
'2026-08-22 08:24:52.889714200,0.059714200,0
'2026-08-22 08:24:52.889714900,0.059714900,1
'2026-08-22 08:24:52.889730100,0.059730100,0
'2026-08-22 08:24:52.889730200,0.059730200,1
'2026-08-22 08:24:52.889731800,0.059731800,0
'2026-08-22 08:24:52.889731900,0.059731900,1
'2026-08-22 08:24:52.889732600,0.059732600,0
'2026-08-22 08:24:52.889732700,0.059732700,1
'2026-08-22 08:24:52.889732900,0.059732900,0
'2026-08-22 08:24:52.889733200,0.059733200,1
'2026-08-22 08:24:52.889733600,0.059733600,0
'2026-08-22 08:24:52.889733700,0.059733700,1
'2026-08-22 08:24:52.889734000,0.059734000,0
'2026-08-22 08:24:52.889734100,0.059734100,1
'2026-08-22 08:24:52.889734200,0.059734200,0
'2026-08-22 08:24:52.889734300,0.059734300,1
'2026-08-22 08:24:52.889734600,0.059734600,0
'2026-08-22 08:24:52.889734800,0.059734800,1
'2026-08-22 08:24:52.889734900,0.059734900,0
'2026-08-22 08:24:52.889735100,0.059735100,1
'2026-08-22 08:24:52.889735200,0.059735200,0
'2026-08-22 08:24:52.889735600,0.059735600,1
'2026-08-22 08:24:52.889735800,0.059735800,0
'2026-08-22 08:24:52.889736200,0.059736200,1
'2026-08-22 08:24:52.889736400,0.059736400,0
'2026-08-22 08:24:52.889736700,0.059736700,1
'2026-08-22 08:24:52.889737000,0.059737000,0
'2026-08-22 08:24:52.889737400,0.059737400,1
'2026-08-22 08:24:52.889737500,0.059737500,0
'2026-08-22 08:24:52.889738000,0.059738000,1
'2026-08-22 08:24:52.889738200,0.059738200,0
'2026-08-22 08:24:52.889738400,0.059738400,1
'2026-08-22 08:24:52.889738500,0.059738500,0
'2026-08-22 08:24:52.889738600,0.059738600,1
'2026-08-22 08:24:52.889738700,0.059738700,0
'2026-08-22 08:24:52.889738800,0.059738800,1
'2026-08-22 08:24:52.889738900,0.059738900,0
'2026-08-22 08:24:52.889739100,0.059739100,1
'2026-08-22 08:24:52.889739400,0.059739400,0
'2026-08-22 08:24:52.889739500,0.059739500,1
'2026-08-22 08:24:52.889740500,0.059740500,0
'2026-08-22 08:24:52.889740700,0.059740700,1
'2026-08-22 08:24:52.889740800,0.059740800,0
'2026-08-22 08:24:52.889740900,0.059740900,1
'2026-08-22 08:24:52.889755900,0.059755900,0
'2026-08-22 08:24:52.889756000,0.059756000,1
'2026-08-22 08:24:52.889757000,0.059757000,0
'2026-08-22 08:24:52.889757100,0.059757100,1
'2026-08-22 08:24:52.889758600,0.059758600,0
'2026-08-22 08:24:52.889758700,0.059758700,1
'2026-08-22 08:24:52.889758800,0.059758800,0
'2026-08-22 08:24:52.889758900,0.059758900,1
'2026-08-22 08:24:52.889759100,0.059759100,0
'2026-08-22 08:24:52.889759200,0.059759200,1
'2026-08-22 08:24:52.889759400,0.059759400,0
'2026-08-22 08:24:52.889759500,0.059759500,1
'2026-08-22 08:24:52.889759900,0.059759900,0
'2026-08-22 08:24:52.889760100,0.059760100,1
'2026-08-22 08:24:52.889762200,0.059762200,0
'2026-08-22 08:24:52.889762400,0.059762400,1
'2026-08-22 08:24:52.889762600,0.059762600,0
'2026-08-22 08:24:52.889762700,0.059762700,1
'2026-08-22 08:24:52.889762800,0.059762800,0
'2026-08-22 08:24:52.889762900,0.059762900,1
'2026-08-22 08:24:52.889763300,0.059763300,0
'2026-08-22 08:24:52.889763700,0.059763700,1
'2026-08-22 08:24:52.889763800,0.059763800,0
'2026-08-22 08:24:52.889763900,0.059763900,1
'2026-08-22 08:24:52.889764200,0.059764200,0
'2026-08-22 08:24:52.889764300,0.059764300,1
'2026-08-22 08:24:52.889764400,0.059764400,0
'2026-08-22 08:24:52.889764500,0.059764500,1
'2026-08-22 08:24:52.889764600,0.059764600,0
'2026-08-22 08:24:52.889764700,0.059764700,1
'2026-08-22 08:24:52.889765800,0.059765800,0
'2026-08-22 08:24:52.889766000,0.059766000,1
'2026-08-22 08:24:52.889766200,0.059766200,0
'2026-08-22 08:24:52.889766400,0.059766400,1
'2026-08-22 08:24:52.889766800,0.059766800,0
'2026-08-22 08:24:52.889766900,0.059766900,1
'2026-08-22 08:24:52.889783700,0.059783700,0
'2026-08-22 08:24:52.889784000,0.059784000,1
'2026-08-22 08:24:52.889784900,0.059784900,0
'2026-08-22 08:24:52.889785300,0.059785300,1
'2026-08-22 08:24:52.889785400,0.059785400,0
'2026-08-22 08:24:52.889785900,0.059785900,1
'2026-08-22 08:24:52.889786000,0.059786000,0
'2026-08-22 08:24:52.889786400,0.059786400,1
'2026-08-22 08:24:52.889786600,0.059786600,0
'2026-08-22 08:24:52.889786900,0.059786900,1
'2026-08-22 08:24:52.889787200,0.059787200,0
'2026-08-22 08:24:52.889787500,0.059787500,1
'2026-08-22 08:24:52.889788800,0.059788800,0
'2026-08-22 08:24:52.889788900,0.059788900,1
'2026-08-22 08:24:52.889789600,0.059789600,0
'2026-08-22 08:24:52.889789700,0.059789700,1
'2026-08-22 08:24:52.889809000,0.059809000,0
'2026-08-22 08:24:52.889809100,0.059809100,1
'2026-08-22 08:24:52.889813400,0.059813400,0
'2026-08-22 08:24:52.889813500,0.059813500,1
'2026-08-22 08:24:52.889814900,0.059814900,0
'2026-08-22 08:24:52.889815000,0.059815000,1
'2026-08-22 08:24:52.889815400,0.059815400,0
'2026-08-22 08:24:52.889815500,0.059815500,1
'2026-08-22 08:24:52.889815800,0.059815800,0
'2026-08-22 08:24:52.889816600,0.059816600,1
'2026-08-22 08:24:52.889816900,0.059816900,0
'2026-08-22 08:24:52.889817500,0.059817500,1
'2026-08-22 08:24:52.889817800,0.059817800,0
'2026-08-22 08:24:52.889817900,0.059817900,1
'2026-08-22 08:24:52.889835000,0.059835000,0
'2026-08-22 08:24:52.889835200,0.059835200,1
'2026-08-22 08:24:52.889835400,0.059835400,0
'2026-08-22 08:24:52.889835500,0.059835500,1
'2026-08-22 08:24:52.889835800,0.059835800,0
'2026-08-22 08:24:52.889836000,0.059836000,1
'2026-08-22 08:24:52.889836300,0.059836300,0
'2026-08-22 08:24:52.889836600,0.059836600,1
'2026-08-22 08:24:52.889836900,0.059836900,0
'2026-08-22 08:24:52.889837000,0.059837000,1
'2026-08-22 08:24:52.889837400,0.059837400,0
'2026-08-22 08:24:52.889837500,0.059837500,1
'2026-08-22 08:24:52.889838600,0.059838600,0
'2026-08-22 08:24:52.889838700,0.059838700,1
'2026-08-22 08:24:52.889845100,0.059845100,0
'2026-08-22 08:24:52.889845200,0.059845200,1
'2026-08-22 08:24:52.889865600,0.059865600,0
'2026-08-22 08:24:52.889865700,0.059865700,1
'2026-08-22 08:24:52.889866000,0.059866000,0
'2026-08-22 08:24:52.889866100,0.059866100,1
'2026-08-22 08:24:52.889866200,0.059866200,0
'2026-08-22 08:24:52.889866300,0.059866300,1
'2026-08-22 08:24:52.889866700,0.059866700,0
'2026-08-22 08:24:52.889866800,0.059866800,1
'2026-08-22 08:24:52.889868900,0.059868900,0
'2026-08-22 08:24:52.889869100,0.059869100,1
'2026-08-22 08:24:52.889869300,0.059869300,0
'2026-08-22 08:24:52.889869400,0.059869400,1
'2026-08-22 08:24:52.889869900,0.059869900,0
'2026-08-22 08:24:52.889870000,0.059870000,1
'2026-08-22 08:24:52.889896200,0.059896200,0
'2026-08-22 08:24:52.889896300,0.059896300,1
'2026-08-22 08:24:52.889919600,0.059919600,0
'2026-08-22 08:24:52.889919700,0.059919700,1
'2026-08-22 08:24:52.890460000,0.060460000,0
'2026-08-22 08:24:52.890460200,0.060460200,1
'2026-08-22 08:24:52.890461000,0.060461000,0
'2026-08-22 08:24:52.890461300,0.060461300,1
'2026-08-22 08:24:52.890461600,0.060461600,0
'2026-08-22 08:24:52.890461700,0.060461700,1
'2026-08-22 08:24:52.890461800,0.060461800,0
'2026-08-22 08:24:52.890461900,0.060461900,1
'2026-08-22 08:24:52.890462100,0.060462100,0
'2026-08-22 08:24:52.890462500,0.060462500,1
'2026-08-22 08:24:52.890464600,0.060464600,0
'2026-08-22 08:24:52.890464700,0.060464700,1
'2026-08-22 08:24:52.890465000,0.060465000,0
'2026-08-22 08:24:52.890465300,0.060465300,1
'2026-08-22 08:24:52.890465800,0.060465800,0
'2026-08-22 08:24:52.890465900,0.060465900,1
'2026-08-22 08:24:52.890466200,0.060466200,0
'2026-08-22 08:24:52.890466500,0.060466500,1
'2026-08-22 08:24:52.890466800,0.060466800,0
'2026-08-22 08:24:52.890467000,0.060467000,1
'2026-08-22 08:24:52.890467400,0.060467400,0
'2026-08-22 08:24:52.890467500,0.060467500,1
'2026-08-22 08:24:52.890467600,0.060467600,0
'2026-08-22 08:24:52.890467700,0.060467700,1
'2026-08-22 08:24:52.890467800,0.060467800,0
'2026-08-22 08:24:52.890468300,0.060468300,1
'2026-08-22 08:24:52.890468600,0.060468600,0
'2026-08-22 08:24:52.890468900,0.060468900,1
'2026-08-22 08:24:52.890469300,0.060469300,0
'2026-08-22 08:24:52.890469600,0.060469600,1
'2026-08-22 08:24:52.890469700,0.060469700,0
'2026-08-22 08:24:52.890470100,0.060470100,1
'2026-08-22 08:24:52.890470300,0.060470300,0
'2026-08-22 08:24:52.890470400,0.060470400,1
'2026-08-22 08:24:52.890470600,0.060470600,0
'2026-08-22 08:24:52.890470700,0.060470700,1
'2026-08-22 08:24:52.890487200,0.060487200,0
'2026-08-22 08:24:52.890487300,0.060487300,1
'2026-08-22 08:24:52.890487400,0.060487400,0
'2026-08-22 08:24:52.890487500,0.060487500,1
'2026-08-22 08:24:52.890487800,0.060487800,0
'2026-08-22 08:24:52.890488000,0.060488000,1
'2026-08-22 08:24:52.890488700,0.060488700,0
'2026-08-22 08:24:52.890488800,0.060488800,1
'2026-08-22 08:24:52.890489100,0.060489100,0
'2026-08-22 08:24:52.890489300,0.060489300,1
'2026-08-22 08:24:52.890489600,0.060489600,0
'2026-08-22 08:24:52.890489900,0.060489900,1
'2026-08-22 08:24:52.890490200,0.060490200,0
'2026-08-22 08:24:52.890490500,0.060490500,1
'2026-08-22 08:24:52.890490800,0.060490800,0
'2026-08-22 08:24:52.890490900,0.060490900,1
'2026-08-22 08:24:52.890491300,0.060491300,0
'2026-08-22 08:24:52.890491500,0.060491500,1
'2026-08-22 08:24:52.890491600,0.060491600,0
'2026-08-22 08:24:52.890491700,0.060491700,1
'2026-08-22 08:24:52.890493200,0.060493200,0
'2026-08-22 08:24:52.890493300,0.060493300,1
'2026-08-22 08:24:52.890493800,0.060493800,0
'2026-08-22 08:24:52.890493900,0.060493900,1
'2026-08-22 08:24:52.890494800,0.060494800,0
'2026-08-22 08:24:52.890494900,0.060494900,1
'2026-08-22 08:24:52.890516600,0.060516600,0
'2026-08-22 08:24:52.890516700,0.060516700,1
'2026-08-22 08:24:52.890519000,0.060519000,0
'2026-08-22 08:24:52.890519100,0.060519100,1
'2026-08-22 08:24:52.890519400,0.060519400,0
'2026-08-22 08:24:52.890519800,0.060519800,1
'2026-08-22 08:24:52.890520000,0.060520000,0
'2026-08-22 08:24:52.890520300,0.060520300,1
'2026-08-22 08:24:52.890520400,0.060520400,0
'2026-08-22 08:24:52.890520900,0.060520900,1
'2026-08-22 08:24:52.890521000,0.060521000,0
'2026-08-22 08:24:52.890521200,0.060521200,1
'2026-08-22 08:24:52.890521400,0.060521400,0
'2026-08-22 08:24:52.890521500,0.060521500,1
'2026-08-22 08:24:52.890521800,0.060521800,0
'2026-08-22 08:24:52.890522000,0.060522000,1
'2026-08-22 08:24:52.890523100,0.060523100,0
'2026-08-22 08:24:52.890523200,0.060523200,1
'2026-08-22 08:24:52.890539400,0.060539400,0
'2026-08-22 08:24:52.890539500,0.060539500,1
'2026-08-22 08:24:52.890540000,0.060540000,0
'2026-08-22 08:24:52.890540100,0.060540100,1
'2026-08-22 08:24:52.890541000,0.060541000,0
'2026-08-22 08:24:52.890541100,0.060541100,1
'2026-08-22 08:24:52.890548800,0.060548800,0
'2026-08-22 08:24:52.890549000,0.060549000,1
'2026-08-22 08:24:52.890549200,0.060549200,0
'2026-08-22 08:24:52.890549300,0.060549300,1
'2026-08-22 08:24:52.890572500,0.060572500,0
'2026-08-22 08:24:52.890572600,0.060572600,1
'2026-08-22 08:24:52.890572700,0.060572700,0
'2026-08-22 08:24:52.890572900,0.060572900,1
'2026-08-22 08:24:52.890593500,0.060593500,0
'2026-08-22 08:24:52.890593600,0.060593600,1
'2026-08-22 08:24:52.890595300,0.060595300,0
'2026-08-22 08:24:52.890595400,0.060595400,1
'2026-08-22 08:24:52.890600600,0.060600600,0
'2026-08-22 08:24:52.890600700,0.060600700,1
'2026-08-22 08:24:52.890600800,0.060600800,0
'2026-08-22 08:24:52.890600900,0.060600900,1
'2026-08-22 08:24:52.890749500,0.060749500,0
'2026-08-22 08:24:52.890749600,0.060749600,1
'2026-08-22 08:24:52.891268000,0.061268000,0
'2026-08-22 08:24:52.891268100,0.061268100,1
'2026-08-22 08:24:52.891268400,0.061268400,0
'2026-08-22 08:24:52.891268500,0.061268500,1
'2026-08-22 08:24:52.891268600,0.061268600,0
'2026-08-22 08:24:52.891268700,0.061268700,1
'2026-08-22 08:24:52.891271600,0.061271600,0
'2026-08-22 08:24:52.891271700,0.061271700,1
'2026-08-22 08:24:52.891271900,0.061271900,0
'2026-08-22 08:24:52.891272000,0.061272000,1
'2026-08-22 08:24:52.891272400,0.061272400,0
'2026-08-22 08:24:52.891272500,0.061272500,1
'2026-08-22 08:24:52.891272800,0.061272800,0
'2026-08-22 08:24:52.891272900,0.061272900,1
'2026-08-22 08:24:52.891273300,0.061273300,0
'2026-08-22 08:24:52.891273400,0.061273400,1
'2026-08-22 08:24:52.891273700,0.061273700,0
'2026-08-22 08:24:52.891273900,0.061273900,1
'2026-08-22 08:24:52.891274400,0.061274400,0
'2026-08-22 08:24:52.891274500,0.061274500,1
'2026-08-22 08:24:52.891274900,0.061274900,0
'2026-08-22 08:24:52.891275300,0.061275300,1
'2026-08-22 08:24:52.891275400,0.061275400,0
'2026-08-22 08:24:52.891275800,0.061275800,1
'2026-08-22 08:24:52.891276000,0.061276000,0
'2026-08-22 08:24:52.891276400,0.061276400,1
'2026-08-22 08:24:52.891276500,0.061276500,0
'2026-08-22 08:24:52.891276700,0.061276700,1
'2026-08-22 08:24:52.891276800,0.061276800,0
'2026-08-22 08:24:52.891276900,0.061276900,1
'2026-08-22 08:24:52.891277100,0.061277100,0
'2026-08-22 08:24:52.891277500,0.061277500,1
'2026-08-22 08:24:52.891278900,0.061278900,0
'2026-08-22 08:24:52.891279000,0.061279000,1
'2026-08-22 08:24:52.891295300,0.061295300,0
'2026-08-22 08:24:52.891295500,0.061295500,1
'2026-08-22 08:24:52.891295600,0.061295600,0
'2026-08-22 08:24:52.891295700,0.061295700,1
'2026-08-22 08:24:52.891295800,0.061295800,0
'2026-08-22 08:24:52.891295900,0.061295900,1
'2026-08-22 08:24:52.891296600,0.061296600,0
'2026-08-22 08:24:52.891296700,0.061296700,1
'2026-08-22 08:24:52.891296900,0.061296900,0
'2026-08-22 08:24:52.891297000,0.061297000,1
'2026-08-22 08:24:52.891297200,0.061297200,0
'2026-08-22 08:24:52.891297300,0.061297300,1
'2026-08-22 08:24:52.891297600,0.061297600,0
'2026-08-22 08:24:52.891297900,0.061297900,1
'2026-08-22 08:24:52.891303400,0.061303400,0
'2026-08-22 08:24:52.891303500,0.061303500,1
'2026-08-22 08:24:52.891303600,0.061303600,0
'2026-08-22 08:24:52.891303700,0.061303700,1
'2026-08-22 08:24:52.891303900,0.061303900,0
'2026-08-22 08:24:52.891304000,0.061304000,1
'2026-08-22 08:24:52.891304200,0.061304200,0
'2026-08-22 08:24:52.891304400,0.061304400,1
'2026-08-22 08:24:52.891304600,0.061304600,0
'2026-08-22 08:24:52.891305000,0.061305000,1
'2026-08-22 08:24:52.891305200,0.061305200,0
'2026-08-22 08:24:52.891305500,0.061305500,1
'2026-08-22 08:24:52.891323300,0.061323300,0
'2026-08-22 08:24:52.891323400,0.061323400,1
'2026-08-22 08:24:52.891325000,0.061325000,0
'2026-08-22 08:24:52.891325400,0.061325400,1
'2026-08-22 08:24:52.891325500,0.061325500,0
'2026-08-22 08:24:52.891325700,0.061325700,1
'2026-08-22 08:24:52.891325800,0.061325800,0
'2026-08-22 08:24:52.891325900,0.061325900,1
'2026-08-22 08:24:52.891326100,0.061326100,0
'2026-08-22 08:24:52.891326500,0.061326500,1
'2026-08-22 08:24:52.891327200,0.061327200,0
'2026-08-22 08:24:52.891327300,0.061327300,1
'2026-08-22 08:24:52.891327400,0.061327400,0
'2026-08-22 08:24:52.891327500,0.061327500,1
'2026-08-22 08:24:52.891327600,0.061327600,0
'2026-08-22 08:24:52.891327700,0.061327700,1
'2026-08-22 08:24:52.891347100,0.061347100,0
'2026-08-22 08:24:52.891347200,0.061347200,1
'2026-08-22 08:24:52.891353200,0.061353200,0
'2026-08-22 08:24:52.891353300,0.061353300,1
'2026-08-22 08:24:52.891354400,0.061354400,0
'2026-08-22 08:24:52.891354500,0.061354500,1
'2026-08-22 08:24:52.891355400,0.061355400,0
'2026-08-22 08:24:52.891355500,0.061355500,1
'2026-08-22 08:24:52.891356000,0.061356000,0
'2026-08-22 08:24:52.891356200,0.061356200,1
'2026-08-22 08:24:52.891356500,0.061356500,0
'2026-08-22 08:24:52.891356600,0.061356600,1
'2026-08-22 08:24:52.891356800,0.061356800,0
'2026-08-22 08:24:52.891356900,0.061356900,1
'2026-08-22 08:24:52.891357300,0.061357300,0
'2026-08-22 08:24:52.891357400,0.061357400,1
'2026-08-22 08:24:52.891382800,0.061382800,0
'2026-08-22 08:24:52.891382900,0.061382900,1
'2026-08-22 08:24:52.891430400,0.061430400,0
'2026-08-22 08:24:52.891430500,0.061430500,1
'2026-08-22 08:24:52.891453600,0.061453600,0
'2026-08-22 08:24:52.891453700,0.061453700,1
'2026-08-22 08:24:52.891459900,0.061459900,0
'2026-08-22 08:24:52.891460000,0.061460000,1
'2026-08-22 08:24:52.891504400,0.061504400,0
'2026-08-22 08:24:52.891504500,0.061504500,1
'2026-08-22 08:24:52.891641000,0.061641000,0
'2026-08-22 08:24:52.891641100,0.061641100,1
'2026-08-22 08:24:52.892103000,0.062103000,0
'2026-08-22 08:24:52.892103100,0.062103100,1
'2026-08-22 08:24:52.892103500,0.062103500,0
'2026-08-22 08:24:52.892103600,0.062103600,1
'2026-08-22 08:24:52.892105200,0.062105200,0
'2026-08-22 08:24:52.892105400,0.062105400,1
'2026-08-22 08:24:52.892105700,0.062105700,0
'2026-08-22 08:24:52.892105900,0.062105900,1
'2026-08-22 08:24:52.892106200,0.062106200,0
'2026-08-22 08:24:52.892106700,0.062106700,1
'2026-08-22 08:24:52.892107100,0.062107100,0
'2026-08-22 08:24:52.892107300,0.062107300,1
'2026-08-22 08:24:52.892107400,0.062107400,0
'2026-08-22 08:24:52.892107700,0.062107700,1
'2026-08-22 08:24:52.892107800,0.062107800,0
'2026-08-22 08:24:52.892107900,0.062107900,1
'2026-08-22 08:24:52.892108000,0.062108000,0
'2026-08-22 08:24:52.892108100,0.062108100,1
'2026-08-22 08:24:52.892108200,0.062108200,0
'2026-08-22 08:24:52.892108400,0.062108400,1
'2026-08-22 08:24:52.892108500,0.062108500,0
'2026-08-22 08:24:52.892109000,0.062109000,1
'2026-08-22 08:24:52.892109100,0.062109100,0
'2026-08-22 08:24:52.892109500,0.062109500,1
'2026-08-22 08:24:52.892109800,0.062109800,0
'2026-08-22 08:24:52.892110200,0.062110200,1
'2026-08-22 08:24:52.892110500,0.062110500,0
'2026-08-22 08:24:52.892110900,0.062110900,1
'2026-08-22 08:24:52.892111000,0.062111000,0
'2026-08-22 08:24:52.892111200,0.062111200,1
'2026-08-22 08:24:52.892111600,0.062111600,0
'2026-08-22 08:24:52.892111800,0.062111800,1
'2026-08-22 08:24:52.892129000,0.062129000,0
'2026-08-22 08:24:52.892129100,0.062129100,1
'2026-08-22 08:24:52.892129200,0.062129200,0
'2026-08-22 08:24:52.892129500,0.062129500,1
'2026-08-22 08:24:52.892129800,0.062129800,0
'2026-08-22 08:24:52.892129900,0.062129900,1
'2026-08-22 08:24:52.892131000,0.062131000,0
'2026-08-22 08:24:52.892131200,0.062131200,1
'2026-08-22 08:24:52.892131600,0.062131600,0
'2026-08-22 08:24:52.892131700,0.062131700,1
'2026-08-22 08:24:52.892133400,0.062133400,0
'2026-08-22 08:24:52.892133500,0.062133500,1
'2026-08-22 08:24:52.892137300,0.062137300,0
'2026-08-22 08:24:52.892137400,0.062137400,1
'2026-08-22 08:24:52.892137800,0.062137800,0
'2026-08-22 08:24:52.892137900,0.062137900,1
'2026-08-22 08:24:52.892138400,0.062138400,0
'2026-08-22 08:24:52.892138500,0.062138500,1
'2026-08-22 08:24:52.892139000,0.062139000,0
'2026-08-22 08:24:52.892139100,0.062139100,1
'2026-08-22 08:24:52.892139500,0.062139500,0
'2026-08-22 08:24:52.892139900,0.062139900,1
'2026-08-22 08:24:52.892156500,0.062156500,0
'2026-08-22 08:24:52.892156600,0.062156600,1
'2026-08-22 08:24:52.892158400,0.062158400,0
'2026-08-22 08:24:52.892158500,0.062158500,1
'2026-08-22 08:24:52.892159000,0.062159000,0
'2026-08-22 08:24:52.892159100,0.062159100,1
'2026-08-22 08:24:52.892159400,0.062159400,0
'2026-08-22 08:24:52.892159600,0.062159600,1
'2026-08-22 08:24:52.892183600,0.062183600,0
'2026-08-22 08:24:52.892183700,0.062183700,1
'2026-08-22 08:24:52.892188000,0.062188000,0
'2026-08-22 08:24:52.892188100,0.062188100,1
'2026-08-22 08:24:52.892188800,0.062188800,0
'2026-08-22 08:24:52.892188900,0.062188900,1
'2026-08-22 08:24:52.892189900,0.062189900,0
'2026-08-22 08:24:52.892190100,0.062190100,1
'2026-08-22 08:24:52.892209100,0.062209100,0
'2026-08-22 08:24:52.892209300,0.062209300,1
'2026-08-22 08:24:52.892210200,0.062210200,0
'2026-08-22 08:24:52.892210400,0.062210400,1
'2026-08-22 08:24:52.892216600,0.062216600,0
'2026-08-22 08:24:52.892216700,0.062216700,1
'2026-08-22 08:24:52.892234200,0.062234200,0
'2026-08-22 08:24:52.892234300,0.062234300,1
'2026-08-22 08:24:52.892239400,0.062239400,0
'2026-08-22 08:24:52.892239500,0.062239500,1
'2026-08-22 08:24:52.892369600,0.062369600,0
'2026-08-22 08:24:52.892369700,0.062369700,1
'2026-08-22 08:24:52.892937800,0.062937800,0
'2026-08-22 08:24:52.892937900,0.062937900,1
'2026-08-22 08:24:52.892938000,0.062938000,0
'2026-08-22 08:24:52.892938100,0.062938100,1
'2026-08-22 08:24:52.892938400,0.062938400,0
'2026-08-22 08:24:52.892938500,0.062938500,1
'2026-08-22 08:24:52.892939100,0.062939100,0
'2026-08-22 08:24:52.892939300,0.062939300,1
'2026-08-22 08:24:52.892940200,0.062940200,0
'2026-08-22 08:24:52.892940500,0.062940500,1
'2026-08-22 08:24:52.892940800,0.062940800,0
'2026-08-22 08:24:52.892941000,0.062941000,1
'2026-08-22 08:24:52.892941100,0.062941100,0
'2026-08-22 08:24:52.892941200,0.062941200,1
'2026-08-22 08:24:52.892941300,0.062941300,0
'2026-08-22 08:24:52.892942300,0.062942300,1
'2026-08-22 08:24:52.892942400,0.062942400,0
'2026-08-22 08:24:52.892942900,0.062942900,1
'2026-08-22 08:24:52.892943000,0.062943000,0
'2026-08-22 08:24:52.892943500,0.062943500,1
'2026-08-22 08:24:52.892943700,0.062943700,0
'2026-08-22 08:24:52.892944100,0.062944100,1
'2026-08-22 08:24:52.892944400,0.062944400,0
'2026-08-22 08:24:52.892944500,0.062944500,1
'2026-08-22 08:24:52.892944600,0.062944600,0
'2026-08-22 08:24:52.892944700,0.062944700,1
'2026-08-22 08:24:52.892945200,0.062945200,0
'2026-08-22 08:24:52.892945700,0.062945700,1
'2026-08-22 08:24:52.892947900,0.062947900,0
'2026-08-22 08:24:52.892948000,0.062948000,1
'2026-08-22 08:24:52.892963100,0.062963100,0
'2026-08-22 08:24:52.892963400,0.062963400,1
'2026-08-22 08:24:52.892964200,0.062964200,0
'2026-08-22 08:24:52.892964500,0.062964500,1
'2026-08-22 08:24:52.892965300,0.062965300,0
'2026-08-22 08:24:52.892965500,0.062965500,1
'2026-08-22 08:24:52.892970300,0.062970300,0
'2026-08-22 08:24:52.892970400,0.062970400,1
'2026-08-22 08:24:52.892971100,0.062971100,0
'2026-08-22 08:24:52.892971500,0.062971500,1
'2026-08-22 08:24:52.892971800,0.062971800,0
'2026-08-22 08:24:52.892972100,0.062972100,1
'2026-08-22 08:24:52.892972200,0.062972200,0
'2026-08-22 08:24:52.892972700,0.062972700,1
'2026-08-22 08:24:52.892972800,0.062972800,0
'2026-08-22 08:24:52.892973300,0.062973300,1
'2026-08-22 08:24:52.892973400,0.062973400,0
'2026-08-22 08:24:52.892973900,0.062973900,1
'2026-08-22 08:24:52.892974200,0.062974200,0
'2026-08-22 08:24:52.892974400,0.062974400,1
'2026-08-22 08:24:52.892991000,0.062991000,0
'2026-08-22 08:24:52.892991200,0.062991200,1
'2026-08-22 08:24:52.892991600,0.062991600,0
'2026-08-22 08:24:52.892991900,0.062991900,1
'2026-08-22 08:24:52.892992100,0.062992100,0
'2026-08-22 08:24:52.892993100,0.062993100,1
'2026-08-22 08:24:52.892993400,0.062993400,0
'2026-08-22 08:24:52.892993700,0.062993700,1
'2026-08-22 08:24:52.892993900,0.062993900,0
'2026-08-22 08:24:52.892994100,0.062994100,1
'2026-08-22 08:24:52.892994200,0.062994200,0
'2026-08-22 08:24:52.892994300,0.062994300,1
'2026-08-22 08:24:52.892994600,0.062994600,0
'2026-08-22 08:24:52.892994900,0.062994900,1
'2026-08-22 08:24:52.892995200,0.062995200,0
'2026-08-22 08:24:52.892995300,0.062995300,1
'2026-08-22 08:24:52.892995700,0.062995700,0
'2026-08-22 08:24:52.892995900,0.062995900,1
'2026-08-22 08:24:52.893021600,0.063021600,0
'2026-08-22 08:24:52.893021700,0.063021700,1
'2026-08-22 08:24:52.893022100,0.063022100,0
'2026-08-22 08:24:52.893022300,0.063022300,1
'2026-08-22 08:24:52.893022500,0.063022500,0
'2026-08-22 08:24:52.893022800,0.063022800,1
'2026-08-22 08:24:52.893023200,0.063023200,0
'2026-08-22 08:24:52.893023300,0.063023300,1
'2026-08-22 08:24:52.893023800,0.063023800,0
'2026-08-22 08:24:52.893023900,0.063023900,1
'2026-08-22 08:24:52.893024000,0.063024000,0
'2026-08-22 08:24:52.893024100,0.063024100,1
'2026-08-22 08:24:52.893024500,0.063024500,0
'2026-08-22 08:24:52.893024600,0.063024600,1
'2026-08-22 08:24:52.893042400,0.063042400,0
'2026-08-22 08:24:52.893042500,0.063042500,1
'2026-08-22 08:24:52.893052400,0.063052400,0
'2026-08-22 08:24:52.893052500,0.063052500,1
'2026-08-22 08:24:52.893052600,0.063052600,0
'2026-08-22 08:24:52.893052700,0.063052700,1
'2026-08-22 08:24:52.893070300,0.063070300,0
'2026-08-22 08:24:52.893070400,0.063070400,1
'2026-08-22 08:24:52.893072900,0.063072900,0
'2026-08-22 08:24:52.893073000,0.063073000,1
'2026-08-22 08:24:52.893102600,0.063102600,0
'2026-08-22 08:24:52.893102900,0.063102900,1
'2026-08-22 08:24:52.893122600,0.063122600,0
'2026-08-22 08:24:52.893122700,0.063122700,1
'2026-08-22 08:24:52.893123000,0.063123000,0
'2026-08-22 08:24:52.893123300,0.063123300,1
'2026-08-22 08:24:52.893173300,0.063173300,0
'2026-08-22 08:24:52.893173600,0.063173600,1
'2026-08-22 08:24:52.893745600,0.063745600,0
'2026-08-22 08:24:52.893745800,0.063745800,1
'2026-08-22 08:24:52.893746000,0.063746000,0
'2026-08-22 08:24:52.893746100,0.063746100,1
'2026-08-22 08:24:52.893746200,0.063746200,0
'2026-08-22 08:24:52.893746400,0.063746400,1
'2026-08-22 08:24:52.893746600,0.063746600,0
'2026-08-22 08:24:52.893747300,0.063747300,1
'2026-08-22 08:24:52.893747400,0.063747400,0
'2026-08-22 08:24:52.893747500,0.063747500,1
'2026-08-22 08:24:52.893747800,0.063747800,0
'2026-08-22 08:24:52.893748200,0.063748200,1
'2026-08-22 08:24:52.893748300,0.063748300,0
'2026-08-22 08:24:52.893748700,0.063748700,1
'2026-08-22 08:24:52.893749000,0.063749000,0
'2026-08-22 08:24:52.893749200,0.063749200,1
'2026-08-22 08:24:52.893749500,0.063749500,0
'2026-08-22 08:24:52.893749700,0.063749700,1
'2026-08-22 08:24:52.893751900,0.063751900,0
'2026-08-22 08:24:52.893752100,0.063752100,1
'2026-08-22 08:24:52.893752200,0.063752200,0
'2026-08-22 08:24:52.893752300,0.063752300,1
'2026-08-22 08:24:52.893753200,0.063753200,0
'2026-08-22 08:24:52.893753300,0.063753300,1
'2026-08-22 08:24:52.893753800,0.063753800,0
'2026-08-22 08:24:52.893754000,0.063754000,1
'2026-08-22 08:24:52.893754300,0.063754300,0
'2026-08-22 08:24:52.893754500,0.063754500,1
'2026-08-22 08:24:52.893754700,0.063754700,0
'2026-08-22 08:24:52.893755000,0.063755000,1
'2026-08-22 08:24:52.893755300,0.063755300,0
'2026-08-22 08:24:52.893756400,0.063756400,1
'2026-08-22 08:24:52.893756500,0.063756500,0
'2026-08-22 08:24:52.893756700,0.063756700,1
'2026-08-22 08:24:52.893773100,0.063773100,0
'2026-08-22 08:24:52.893773200,0.063773200,1
'2026-08-22 08:24:52.893774200,0.063774200,0
'2026-08-22 08:24:52.893774300,0.063774300,1
'2026-08-22 08:24:52.893775200,0.063775200,0
'2026-08-22 08:24:52.893775300,0.063775300,1
'2026-08-22 08:24:52.893775800,0.063775800,0
'2026-08-22 08:24:52.893776800,0.063776800,1
'2026-08-22 08:24:52.893776900,0.063776900,0
'2026-08-22 08:24:52.893777000,0.063777000,1
'2026-08-22 08:24:52.893777100,0.063777100,0
'2026-08-22 08:24:52.893777300,0.063777300,1
'2026-08-22 08:24:52.893777500,0.063777500,0
'2026-08-22 08:24:52.893778000,0.063778000,1
'2026-08-22 08:24:52.893778200,0.063778200,0
'2026-08-22 08:24:52.893778600,0.063778600,1
'2026-08-22 08:24:52.893778700,0.063778700,0
'2026-08-22 08:24:52.893778800,0.063778800,1
'2026-08-22 08:24:52.893778900,0.063778900,0
'2026-08-22 08:24:52.893779100,0.063779100,1
'2026-08-22 08:24:52.893779400,0.063779400,0
'2026-08-22 08:24:52.893779700,0.063779700,1
'2026-08-22 08:24:52.893780000,0.063780000,0
'2026-08-22 08:24:52.893780100,0.063780100,1
'2026-08-22 08:24:52.893798000,0.063798000,0
'2026-08-22 08:24:52.893798200,0.063798200,1
'2026-08-22 08:24:52.893799200,0.063799200,0
'2026-08-22 08:24:52.893799300,0.063799300,1
'2026-08-22 08:24:52.893805200,0.063805200,0
'2026-08-22 08:24:52.893805900,0.063805900,1
'2026-08-22 08:24:52.893806100,0.063806100,0
'2026-08-22 08:24:52.893806300,0.063806300,1
'2026-08-22 08:24:52.893806500,0.063806500,0
'2026-08-22 08:24:52.893807800,0.063807800,1
'2026-08-22 08:24:52.893807900,0.063807900,0
'2026-08-22 08:24:52.893808300,0.063808300,1
'2026-08-22 08:24:52.893824400,0.063824400,0
'2026-08-22 08:24:52.893824500,0.063824500,1
'2026-08-22 08:24:52.893824800,0.063824800,0
'2026-08-22 08:24:52.893824900,0.063824900,1
'2026-08-22 08:24:52.893825000,0.063825000,0
'2026-08-22 08:24:52.893825100,0.063825100,1
'2026-08-22 08:24:52.893825200,0.063825200,0
'2026-08-22 08:24:52.893825300,0.063825300,1
'2026-08-22 08:24:52.893825600,0.063825600,0
'2026-08-22 08:24:52.893825700,0.063825700,1
'2026-08-22 08:24:52.893826000,0.063826000,0
'2026-08-22 08:24:52.893826500,0.063826500,1
'2026-08-22 08:24:52.893826600,0.063826600,0
'2026-08-22 08:24:52.893826900,0.063826900,1
'2026-08-22 08:24:52.893827200,0.063827200,0
'2026-08-22 08:24:52.893827500,0.063827500,1
'2026-08-22 08:24:52.893827700,0.063827700,0
'2026-08-22 08:24:52.893827800,0.063827800,1
'2026-08-22 08:24:52.893828000,0.063828000,0
'2026-08-22 08:24:52.893828100,0.063828100,1
'2026-08-22 08:24:52.893828600,0.063828600,0
'2026-08-22 08:24:52.893828700,0.063828700,1
'2026-08-22 08:24:52.893829000,0.063829000,0
'2026-08-22 08:24:52.893829100,0.063829100,1
'2026-08-22 08:24:52.893829200,0.063829200,0
'2026-08-22 08:24:52.893829300,0.063829300,1
'2026-08-22 08:24:52.893851700,0.063851700,0
'2026-08-22 08:24:52.893851800,0.063851800,1
'2026-08-22 08:24:52.893855400,0.063855400,0
'2026-08-22 08:24:52.893855600,0.063855600,1
'2026-08-22 08:24:52.893855700,0.063855700,0
'2026-08-22 08:24:52.893855900,0.063855900,1
'2026-08-22 08:24:52.893856500,0.063856500,0
'2026-08-22 08:24:52.893856700,0.063856700,1
'2026-08-22 08:24:52.893856800,0.063856800,0
'2026-08-22 08:24:52.893856900,0.063856900,1
'2026-08-22 08:24:52.893857000,0.063857000,0
'2026-08-22 08:24:52.893857100,0.063857100,1
'2026-08-22 08:24:52.893857200,0.063857200,0
'2026-08-22 08:24:52.893857500,0.063857500,1
'2026-08-22 08:24:52.893857600,0.063857600,0
'2026-08-22 08:24:52.893857900,0.063857900,1
'2026-08-22 08:24:52.893859000,0.063859000,0
'2026-08-22 08:24:52.893859100,0.063859100,1
'2026-08-22 08:24:52.893876400,0.063876400,0
'2026-08-22 08:24:52.893876500,0.063876500,1
'2026-08-22 08:24:52.893877000,0.063877000,0
'2026-08-22 08:24:52.893877100,0.063877100,1
'2026-08-22 08:24:52.893877500,0.063877500,0
'2026-08-22 08:24:52.893877700,0.063877700,1
'2026-08-22 08:24:52.893878000,0.063878000,0
'2026-08-22 08:24:52.893878100,0.063878100,1
'2026-08-22 08:24:52.893878800,0.063878800,0
'2026-08-22 08:24:52.893878900,0.063878900,1
'2026-08-22 08:24:52.893879200,0.063879200,0
'2026-08-22 08:24:52.893879300,0.063879300,1
'2026-08-22 08:24:52.893885200,0.063885200,0
'2026-08-22 08:24:52.893885300,0.063885300,1
'2026-08-22 08:24:52.893886200,0.063886200,0
'2026-08-22 08:24:52.893886300,0.063886300,1
'2026-08-22 08:24:52.893886400,0.063886400,0
'2026-08-22 08:24:52.893886600,0.063886600,1
'2026-08-22 08:24:52.893886800,0.063886800,0
'2026-08-22 08:24:52.893886900,0.063886900,1
'2026-08-22 08:24:52.893887000,0.063887000,0
'2026-08-22 08:24:52.893887100,0.063887100,1
'2026-08-22 08:24:52.893906200,0.063906200,0
'2026-08-22 08:24:52.893906300,0.063906300,1
'2026-08-22 08:24:52.893907900,0.063907900,0
'2026-08-22 08:24:52.893908000,0.063908000,1
'2026-08-22 08:24:52.893988000,0.063988000,0
'2026-08-22 08:24:52.893988100,0.063988100,1
'2026-08-22 08:24:52.894580200,0.064580200,0
'2026-08-22 08:24:52.894580300,0.064580300,1
'2026-08-22 08:24:52.894581800,0.064581800,0
'2026-08-22 08:24:52.894581900,0.064581900,1
'2026-08-22 08:24:52.894582000,0.064582000,0
'2026-08-22 08:24:52.894582100,0.064582100,1
'2026-08-22 08:24:52.894583000,0.064583000,0
'2026-08-22 08:24:52.894583300,0.064583300,1
'2026-08-22 08:24:52.894583700,0.064583700,0
'2026-08-22 08:24:52.894583900,0.064583900,1
'2026-08-22 08:24:52.894584100,0.064584100,0
'2026-08-22 08:24:52.894584400,0.064584400,1
'2026-08-22 08:24:52.894584600,0.064584600,0
'2026-08-22 08:24:52.894584900,0.064584900,1
'2026-08-22 08:24:52.894585000,0.064585000,0
'2026-08-22 08:24:52.894585100,0.064585100,1
'2026-08-22 08:24:52.894585200,0.064585200,0
'2026-08-22 08:24:52.894585700,0.064585700,1
'2026-08-22 08:24:52.894585800,0.064585800,0
'2026-08-22 08:24:52.894585900,0.064585900,1
'2026-08-22 08:24:52.894586000,0.064586000,0
'2026-08-22 08:24:52.894586100,0.064586100,1
'2026-08-22 08:24:52.894586400,0.064586400,0
'2026-08-22 08:24:52.894586700,0.064586700,1
'2026-08-22 08:24:52.894587800,0.064587800,0
'2026-08-22 08:24:52.894588000,0.064588000,1
'2026-08-22 08:24:52.894588400,0.064588400,0
'2026-08-22 08:24:52.894588500,0.064588500,1
'2026-08-22 08:24:52.894588800,0.064588800,0
'2026-08-22 08:24:52.894589100,0.064589100,1
'2026-08-22 08:24:52.894589300,0.064589300,0
'2026-08-22 08:24:52.894589800,0.064589800,1
'2026-08-22 08:24:52.894590200,0.064590200,0
'2026-08-22 08:24:52.894590300,0.064590300,1
'2026-08-22 08:24:52.894590800,0.064590800,0
'2026-08-22 08:24:52.894590900,0.064590900,1
'2026-08-22 08:24:52.894591100,0.064591100,0
'2026-08-22 08:24:52.894591200,0.064591200,1
'2026-08-22 08:24:52.894606500,0.064606500,0
'2026-08-22 08:24:52.894606600,0.064606600,1
'2026-08-22 08:24:52.894607400,0.064607400,0
'2026-08-22 08:24:52.894607500,0.064607500,1
'2026-08-22 08:24:52.894608200,0.064608200,0
'2026-08-22 08:24:52.894608400,0.064608400,1
'2026-08-22 08:24:52.894608600,0.064608600,0
'2026-08-22 08:24:52.894608700,0.064608700,1
'2026-08-22 08:24:52.894609300,0.064609300,0
'2026-08-22 08:24:52.894609500,0.064609500,1
'2026-08-22 08:24:52.894609800,0.064609800,0
'2026-08-22 08:24:52.894609900,0.064609900,1
'2026-08-22 08:24:52.894611800,0.064611800,0
'2026-08-22 08:24:52.894611900,0.064611900,1
'2026-08-22 08:24:52.894612100,0.064612100,0
'2026-08-22 08:24:52.894612500,0.064612500,1
'2026-08-22 08:24:52.894613400,0.064613400,0
'2026-08-22 08:24:52.894613500,0.064613500,1
'2026-08-22 08:24:52.894614000,0.064614000,0
'2026-08-22 08:24:52.894614100,0.064614100,1
'2026-08-22 08:24:52.894614800,0.064614800,0
'2026-08-22 08:24:52.894614900,0.064614900,1
'2026-08-22 08:24:52.894615800,0.064615800,0
'2026-08-22 08:24:52.894616000,0.064616000,1
'2026-08-22 08:24:52.894616800,0.064616800,0
'2026-08-22 08:24:52.894617100,0.064617100,1
'2026-08-22 08:24:52.894632100,0.064632100,0
'2026-08-22 08:24:52.894632200,0.064632200,1
'2026-08-22 08:24:52.894634800,0.064634800,0
'2026-08-22 08:24:52.894635100,0.064635100,1
'2026-08-22 08:24:52.894635200,0.064635200,0
'2026-08-22 08:24:52.894635300,0.064635300,1
'2026-08-22 08:24:52.894636200,0.064636200,0
'2026-08-22 08:24:52.894636400,0.064636400,1
'2026-08-22 08:24:52.894637400,0.064637400,0
'2026-08-22 08:24:52.894637500,0.064637500,1
'2026-08-22 08:24:52.894638600,0.064638600,0
'2026-08-22 08:24:52.894638700,0.064638700,1
'2026-08-22 08:24:52.894639600,0.064639600,0
'2026-08-22 08:24:52.894639900,0.064639900,1
'2026-08-22 08:24:52.894641000,0.064641000,0
'2026-08-22 08:24:52.894641100,0.064641100,1
'2026-08-22 08:24:52.894659000,0.064659000,0
'2026-08-22 08:24:52.894659100,0.064659100,1
'2026-08-22 08:24:52.894666600,0.064666600,0
'2026-08-22 08:24:52.894666800,0.064666800,1
'2026-08-22 08:24:52.894667400,0.064667400,0
'2026-08-22 08:24:52.894667500,0.064667500,1
'2026-08-22 08:24:52.894667800,0.064667800,0
'2026-08-22 08:24:52.894667900,0.064667900,1
'2026-08-22 08:24:52.894668800,0.064668800,0
'2026-08-22 08:24:52.894668900,0.064668900,1
'2026-08-22 08:24:52.894669000,0.064669000,0
'2026-08-22 08:24:52.894669100,0.064669100,1
'2026-08-22 08:24:52.894694000,0.064694000,0
'2026-08-22 08:24:52.894694100,0.064694100,1
'2026-08-22 08:24:52.894841600,0.064841600,0
'2026-08-22 08:24:52.894842400,0.064842400,1
'2026-08-22 08:24:52.894843700,0.064843700,0
'2026-08-22 08:24:52.894844100,0.064844100,1
'2026-08-22 08:24:52.894845800,0.064845800,0
'2026-08-22 08:24:52.894846100,0.064846100,1
'2026-08-22 08:24:52.895395200,0.065395200,0
'2026-08-22 08:24:52.895396900,0.065396900,1
'2026-08-22 08:24:52.895397000,0.065397000,0
'2026-08-22 08:24:52.895397300,0.065397300,1
'2026-08-22 08:24:52.895397400,0.065397400,0
'2026-08-22 08:24:52.895397500,0.065397500,1
'2026-08-22 08:24:52.895397600,0.065397600,0
'2026-08-22 08:24:52.895398000,0.065398000,1
'2026-08-22 08:24:52.895398200,0.065398200,0
'2026-08-22 08:24:52.895398600,0.065398600,1
'2026-08-22 08:24:52.895399000,0.065399000,0
'2026-08-22 08:24:52.895399100,0.065399100,1
'2026-08-22 08:24:52.895399500,0.065399500,0
'2026-08-22 08:24:52.895399600,0.065399600,1
'2026-08-22 08:24:52.895415800,0.065415800,0
'2026-08-22 08:24:52.895416000,0.065416000,1
'2026-08-22 08:24:52.895416800,0.065416800,0
'2026-08-22 08:24:52.895417100,0.065417100,1
'2026-08-22 08:24:52.895417400,0.065417400,0
'2026-08-22 08:24:52.895417500,0.065417500,1
'2026-08-22 08:24:52.895417600,0.065417600,0
'2026-08-22 08:24:52.895417700,0.065417700,1
'2026-08-22 08:24:52.895417800,0.065417800,0
'2026-08-22 08:24:52.895417900,0.065417900,1
'2026-08-22 08:24:52.895418000,0.065418000,0
'2026-08-22 08:24:52.895418100,0.065418100,1
'2026-08-22 08:24:52.895418200,0.065418200,0
'2026-08-22 08:24:52.895418400,0.065418400,1
'2026-08-22 08:24:52.895418600,0.065418600,0
'2026-08-22 08:24:52.895418700,0.065418700,1
'2026-08-22 08:24:52.895418800,0.065418800,0
'2026-08-22 08:24:52.895418900,0.065418900,1
'2026-08-22 08:24:52.895420200,0.065420200,0
'2026-08-22 08:24:52.895420300,0.065420300,1
'2026-08-22 08:24:52.895421300,0.065421300,0
'2026-08-22 08:24:52.895421400,0.065421400,1
'2026-08-22 08:24:52.895423400,0.065423400,0
'2026-08-22 08:24:52.895423500,0.065423500,1
'2026-08-22 08:24:52.895425400,0.065425400,0
'2026-08-22 08:24:52.895425500,0.065425500,1
'2026-08-22 08:24:52.895442600,0.065442600,0
'2026-08-22 08:24:52.895442900,0.065442900,1
'2026-08-22 08:24:52.895445100,0.065445100,0
'2026-08-22 08:24:52.895445300,0.065445300,1
'2026-08-22 08:24:52.895445500,0.065445500,0
'2026-08-22 08:24:52.895445800,0.065445800,1
'2026-08-22 08:24:52.895446000,0.065446000,0
'2026-08-22 08:24:52.895446400,0.065446400,1
'2026-08-22 08:24:52.895446700,0.065446700,0
'2026-08-22 08:24:52.895446900,0.065446900,1
'2026-08-22 08:24:52.895447300,0.065447300,0
'2026-08-22 08:24:52.895447500,0.065447500,1
'2026-08-22 08:24:52.895448900,0.065448900,0
'2026-08-22 08:24:52.895449000,0.065449000,1
'2026-08-22 08:24:52.895449100,0.065449100,0
'2026-08-22 08:24:52.895449200,0.065449200,1
'2026-08-22 08:24:52.895450400,0.065450400,0
'2026-08-22 08:24:52.895450500,0.065450500,1
'2026-08-22 08:24:52.895476000,0.065476000,0
'2026-08-22 08:24:52.895476100,0.065476100,1
'2026-08-22 08:24:52.895476400,0.065476400,0
'2026-08-22 08:24:52.895476500,0.065476500,1
'2026-08-22 08:24:52.895497300,0.065497300,0
'2026-08-22 08:24:52.895497400,0.065497400,1
'2026-08-22 08:24:52.895497800,0.065497800,0
'2026-08-22 08:24:52.895497900,0.065497900,1
'2026-08-22 08:24:52.895527400,0.065527400,0
'2026-08-22 08:24:52.895527500,0.065527500,1
'2026-08-22 08:24:52.895607000,0.065607000,0
'2026-08-22 08:24:52.895607100,0.065607100,1
'2026-08-22 08:24:52.896227600,0.066227600,0
'2026-08-22 08:24:52.896227900,0.066227900,1
'2026-08-22 08:24:52.896228100,0.066228100,0
'2026-08-22 08:24:52.896228500,0.066228500,1
'2026-08-22 08:24:52.896228900,0.066228900,0
'2026-08-22 08:24:52.896229100,0.066229100,1
'2026-08-22 08:24:52.896229200,0.066229200,0
'2026-08-22 08:24:52.896229300,0.066229300,1
'2026-08-22 08:24:52.896229400,0.066229400,0
'2026-08-22 08:24:52.896229500,0.066229500,1
'2026-08-22 08:24:52.896229600,0.066229600,0
'2026-08-22 08:24:52.896229700,0.066229700,1
'2026-08-22 08:24:52.896229800,0.066229800,0
'2026-08-22 08:24:52.896230300,0.066230300,1
'2026-08-22 08:24:52.896230400,0.066230400,0
'2026-08-22 08:24:52.896230900,0.066230900,1
'2026-08-22 08:24:52.896231100,0.066231100,0
'2026-08-22 08:24:52.896231300,0.066231300,1
'2026-08-22 08:24:52.896231400,0.066231400,0
'2026-08-22 08:24:52.896231600,0.066231600,1
'2026-08-22 08:24:52.896231800,0.066231800,0
'2026-08-22 08:24:52.896232500,0.066232500,1
'2026-08-22 08:24:52.896232800,0.066232800,0
'2026-08-22 08:24:52.896233200,0.066233200,1
'2026-08-22 08:24:52.896233400,0.066233400,0
'2026-08-22 08:24:52.896233600,0.066233600,1
'2026-08-22 08:24:52.896249800,0.066249800,0
'2026-08-22 08:24:52.896249900,0.066249900,1
'2026-08-22 08:24:52.896250000,0.066250000,0
'2026-08-22 08:24:52.896250100,0.066250100,1
'2026-08-22 08:24:52.896250400,0.066250400,0
'2026-08-22 08:24:52.896250500,0.066250500,1
'2026-08-22 08:24:52.896250600,0.066250600,0
'2026-08-22 08:24:52.896250700,0.066250700,1
'2026-08-22 08:24:52.896251100,0.066251100,0
'2026-08-22 08:24:52.896251200,0.066251200,1
'2026-08-22 08:24:52.896251500,0.066251500,0
'2026-08-22 08:24:52.896251900,0.066251900,1
'2026-08-22 08:24:52.896252000,0.066252000,0
'2026-08-22 08:24:52.896252300,0.066252300,1
'2026-08-22 08:24:52.896252400,0.066252400,0
'2026-08-22 08:24:52.896252500,0.066252500,1
'2026-08-22 08:24:52.896252800,0.066252800,0
'2026-08-22 08:24:52.896252900,0.066252900,1
'2026-08-22 08:24:52.896253900,0.066253900,0
'2026-08-22 08:24:52.896254100,0.066254100,1
'2026-08-22 08:24:52.896258000,0.066258000,0
'2026-08-22 08:24:52.896258200,0.066258200,1
'2026-08-22 08:24:52.896276200,0.066276200,0
'2026-08-22 08:24:52.896276300,0.066276300,1
'2026-08-22 08:24:52.896277900,0.066277900,0
'2026-08-22 08:24:52.896278000,0.066278000,1
'2026-08-22 08:24:52.896280200,0.066280200,0
'2026-08-22 08:24:52.896280300,0.066280300,1
'2026-08-22 08:24:52.896280400,0.066280400,0
'2026-08-22 08:24:52.896280500,0.066280500,1
'2026-08-22 08:24:52.896281400,0.066281400,0
'2026-08-22 08:24:52.896281600,0.066281600,1
'2026-08-22 08:24:52.896281800,0.066281800,0
'2026-08-22 08:24:52.896281900,0.066281900,1
'2026-08-22 08:24:52.896282000,0.066282000,0
'2026-08-22 08:24:52.896282100,0.066282100,1
'2026-08-22 08:24:52.896282400,0.066282400,0
'2026-08-22 08:24:52.896282600,0.066282600,1
'2026-08-22 08:24:52.896301800,0.066301800,0
'2026-08-22 08:24:52.896301900,0.066301900,1
'2026-08-22 08:24:52.896302000,0.066302000,0
'2026-08-22 08:24:52.896302100,0.066302100,1
'2026-08-22 08:24:52.896303000,0.066303000,0
'2026-08-22 08:24:52.896303100,0.066303100,1
'2026-08-22 08:24:52.896309500,0.066309500,0
'2026-08-22 08:24:52.896309700,0.066309700,1
'2026-08-22 08:24:52.896311200,0.066311200,0
'2026-08-22 08:24:52.896311500,0.066311500,1
'2026-08-22 08:24:52.896311700,0.066311700,0
'2026-08-22 08:24:52.896312000,0.066312000,1
'2026-08-22 08:24:52.896332800,0.066332800,0
'2026-08-22 08:24:52.896333000,0.066333000,1
'2026-08-22 08:24:52.896334400,0.066334400,0
'2026-08-22 08:24:52.896334500,0.066334500,1
'2026-08-22 08:24:52.896388900,0.066388900,0
'2026-08-22 08:24:52.896389000,0.066389000,1
'2026-08-22 08:24:52.896411800,0.066411800,0
'2026-08-22 08:24:52.896411900,0.066411900,1
'2026-08-22 08:24:52.896412200,0.066412200,0
'2026-08-22 08:24:52.896412300,0.066412300,1
'2026-08-22 08:24:52.896412400,0.066412400,0
'2026-08-22 08:24:52.896412500,0.066412500,1
'2026-08-22 08:24:52.896412800,0.066412800,0
'2026-08-22 08:24:52.896412900,0.066412900,1
'2026-08-22 08:24:52.896442200,0.066442200,0
'2026-08-22 08:24:52.896442300,0.066442300,1
'2026-08-22 08:24:52.896512000,0.066512000,0
'2026-08-22 08:24:52.896512100,0.066512100,1
'2026-08-22 08:24:52.897839000,0.067839000,0
'2026-08-22 08:24:52.897844400,0.067844400,1
'2026-08-22 08:24:52.897844500,0.067844500,0
'2026-08-22 08:24:52.897846300,0.067846300,1
'2026-08-22 08:24:52.897846500,0.067846500,0
'2026-08-22 08:24:52.897846900,0.067846900,1
'2026-08-22 08:24:52.897847000,0.067847000,0
'2026-08-22 08:24:52.897847500,0.067847500,1
'2026-08-22 08:24:52.897847600,0.067847600,0
'2026-08-22 08:24:52.897848100,0.067848100,1
'2026-08-22 08:24:52.897848200,0.067848200,0
'2026-08-22 08:24:52.897848700,0.067848700,1
'2026-08-22 08:24:52.897848800,0.067848800,0
'2026-08-22 08:24:52.897849300,0.067849300,1
'2026-08-22 08:24:52.897849400,0.067849400,0
'2026-08-22 08:24:52.897850600,0.067850600,1
'2026-08-22 08:24:52.897865200,0.067865200,0
'2026-08-22 08:24:52.897865700,0.067865700,1
'2026-08-22 08:24:52.897865800,0.067865800,0
'2026-08-22 08:24:52.897866100,0.067866100,1
'2026-08-22 08:24:52.897866200,0.067866200,0
'2026-08-22 08:24:52.897866800,0.067866800,1
'2026-08-22 08:24:52.897866900,0.067866900,0
'2026-08-22 08:24:52.897867200,0.067867200,1
'2026-08-22 08:24:52.897867500,0.067867500,0
'2026-08-22 08:24:52.897867900,0.067867900,1
'2026-08-22 08:24:52.897868000,0.067868000,0
'2026-08-22 08:24:52.897868300,0.067868300,1
'2026-08-22 08:24:52.897868400,0.067868400,0
'2026-08-22 08:24:52.897868500,0.067868500,1
'2026-08-22 08:24:52.897868600,0.067868600,0
'2026-08-22 08:24:52.897869100,0.067869100,1
'2026-08-22 08:24:52.897869200,0.067869200,0
'2026-08-22 08:24:52.897869700,0.067869700,1
'2026-08-22 08:24:52.897869800,0.067869800,0
'2026-08-22 08:24:52.897870100,0.067870100,1
'2026-08-22 08:24:52.897870200,0.067870200,0
'2026-08-22 08:24:52.897870300,0.067870300,1
'2026-08-22 08:24:52.897870500,0.067870500,0
'2026-08-22 08:24:52.897870900,0.067870900,1
'2026-08-22 08:24:52.897871000,0.067871000,0
'2026-08-22 08:24:52.897871400,0.067871400,1
'2026-08-22 08:24:52.897871600,0.067871600,0
'2026-08-22 08:24:52.897873700,0.067873700,1
'2026-08-22 08:24:52.897873900,0.067873900,0
'2026-08-22 08:24:52.897876700,0.067876700,1
'2026-08-22 08:24:52.897891400,0.067891400,0
'2026-08-22 08:24:52.897891500,0.067891500,1
'2026-08-22 08:24:52.897891600,0.067891600,0
'2026-08-22 08:24:52.897891900,0.067891900,1
'2026-08-22 08:24:52.897892000,0.067892000,0
'2026-08-22 08:24:52.897892400,0.067892400,1
'2026-08-22 08:24:52.897892500,0.067892500,0
'2026-08-22 08:24:52.897893000,0.067893000,1
'2026-08-22 08:24:52.897893200,0.067893200,0
'2026-08-22 08:24:52.897893600,0.067893600,1
'2026-08-22 08:24:52.897893800,0.067893800,0
'2026-08-22 08:24:52.897894200,0.067894200,1
'2026-08-22 08:24:52.897894300,0.067894300,0
'2026-08-22 08:24:52.897895300,0.067895300,1
'2026-08-22 08:24:52.897895500,0.067895500,0
'2026-08-22 08:24:52.897897700,0.067897700,1
'2026-08-22 08:24:52.897897800,0.067897800,0
'2026-08-22 08:24:52.897898100,0.067898100,1
'2026-08-22 08:24:52.897898600,0.067898600,0
'2026-08-22 08:24:52.897899500,0.067899500,1
'2026-08-22 08:24:52.897899600,0.067899600,0
'2026-08-22 08:24:52.897900000,0.067900000,1
'2026-08-22 08:24:52.897900200,0.067900200,0
'2026-08-22 08:24:52.897900600,0.067900600,1
'2026-08-22 08:24:52.897900700,0.067900700,0
'2026-08-22 08:24:52.897902800,0.067902800,1
'2026-08-22 08:24:52.897917400,0.067917400,0
'2026-08-22 08:24:52.897917500,0.067917500,1
'2026-08-22 08:24:52.897917800,0.067917800,0
'2026-08-22 08:24:52.897917900,0.067917900,1
'2026-08-22 08:24:52.897918000,0.067918000,0
'2026-08-22 08:24:52.897918100,0.067918100,1
'2026-08-22 08:24:52.897918300,0.067918300,0
'2026-08-22 08:24:52.897918700,0.067918700,1
'2026-08-22 08:24:52.897918800,0.067918800,0
'2026-08-22 08:24:52.897919100,0.067919100,1
'2026-08-22 08:24:52.897919400,0.067919400,0
'2026-08-22 08:24:52.897919900,0.067919900,1
'2026-08-22 08:24:52.897920100,0.067920100,0
'2026-08-22 08:24:52.897920500,0.067920500,1
'2026-08-22 08:24:52.897920600,0.067920600,0
'2026-08-22 08:24:52.897920900,0.067920900,1
'2026-08-22 08:24:52.897921000,0.067921000,0
'2026-08-22 08:24:52.897921100,0.067921100,1
'2026-08-22 08:24:52.897921200,0.067921200,0
'2026-08-22 08:24:52.897921700,0.067921700,1
'2026-08-22 08:24:52.897921800,0.067921800,0
'2026-08-22 08:24:52.897922800,0.067922800,1
'2026-08-22 08:24:52.897922900,0.067922900,0
'2026-08-22 08:24:52.897923300,0.067923300,1
'2026-08-22 08:24:52.897923600,0.067923600,0
'2026-08-22 08:24:52.897923900,0.067923900,1
'2026-08-22 08:24:52.897924300,0.067924300,0
'2026-08-22 08:24:52.897924400,0.067924400,1
'2026-08-22 08:24:52.897924800,0.067924800,0
'2026-08-22 08:24:52.897924900,0.067924900,1
'2026-08-22 08:24:52.897925000,0.067925000,0
'2026-08-22 08:24:52.897925100,0.067925100,1
'2026-08-22 08:24:52.897925400,0.067925400,0
'2026-08-22 08:24:52.897925500,0.067925500,1
'2026-08-22 08:24:52.897926000,0.067926000,0
'2026-08-22 08:24:52.897926300,0.067926300,1
'2026-08-22 08:24:52.897926400,0.067926400,0
'2026-08-22 08:24:52.897926900,0.067926900,1
'2026-08-22 08:24:52.897927000,0.067927000,0
'2026-08-22 08:24:52.897927300,0.067927300,1
'2026-08-22 08:24:52.897928000,0.067928000,0
'2026-08-22 08:24:52.897928100,0.067928100,1
'2026-08-22 08:24:52.897928200,0.067928200,0
'2026-08-22 08:24:52.897928400,0.067928400,1
'2026-08-22 08:24:52.897928500,0.067928500,0
'2026-08-22 08:24:52.897928600,0.067928600,1
'2026-08-22 08:24:52.897928800,0.067928800,0
'2026-08-22 08:24:52.897928900,0.067928900,1
'2026-08-22 08:24:52.897944700,0.067944700,0
'2026-08-22 08:24:52.897944900,0.067944900,1
'2026-08-22 08:24:52.897945100,0.067945100,0
'2026-08-22 08:24:52.897945400,0.067945400,1
'2026-08-22 08:24:52.897946000,0.067946000,0
'2026-08-22 08:24:52.897946100,0.067946100,1
'2026-08-22 08:24:52.897946400,0.067946400,0
'2026-08-22 08:24:52.897946700,0.067946700,1
'2026-08-22 08:24:52.897947100,0.067947100,0
'2026-08-22 08:24:52.897947300,0.067947300,1
'2026-08-22 08:24:52.897947600,0.067947600,0
'2026-08-22 08:24:52.897947900,0.067947900,1
'2026-08-22 08:24:52.897948000,0.067948000,0
'2026-08-22 08:24:52.897948500,0.067948500,1
'2026-08-22 08:24:52.897948600,0.067948600,0
'2026-08-22 08:24:52.897949100,0.067949100,1
'2026-08-22 08:24:52.897949200,0.067949200,0
'2026-08-22 08:24:52.897949700,0.067949700,1
'2026-08-22 08:24:52.897949800,0.067949800,0
'2026-08-22 08:24:52.897950300,0.067950300,1
'2026-08-22 08:24:52.897950400,0.067950400,0
'2026-08-22 08:24:52.897950800,0.067950800,1
'2026-08-22 08:24:52.897950900,0.067950900,0
'2026-08-22 08:24:52.897951400,0.067951400,1
'2026-08-22 08:24:52.897952200,0.067952200,0
'2026-08-22 08:24:52.897952300,0.067952300,1
'2026-08-22 08:24:52.897952700,0.067952700,0
'2026-08-22 08:24:52.897952900,0.067952900,1
'2026-08-22 08:24:52.897953000,0.067953000,0
'2026-08-22 08:24:52.897953200,0.067953200,1
'2026-08-22 08:24:52.897953300,0.067953300,0
'2026-08-22 08:24:52.897953500,0.067953500,1
'2026-08-22 08:24:52.897953600,0.067953600,0
'2026-08-22 08:24:52.897953700,0.067953700,1
'2026-08-22 08:24:52.897954100,0.067954100,0
'2026-08-22 08:24:52.897954300,0.067954300,1
'2026-08-22 08:24:52.897969700,0.067969700,0
'2026-08-22 08:24:52.897969900,0.067969900,1
'2026-08-22 08:24:52.897970200,0.067970200,0
'2026-08-22 08:24:52.897970700,0.067970700,1
'2026-08-22 08:24:52.897970800,0.067970800,0
'2026-08-22 08:24:52.897970900,0.067970900,1
'2026-08-22 08:24:52.897971000,0.067971000,0
'2026-08-22 08:24:52.897971100,0.067971100,1
'2026-08-22 08:24:52.897971400,0.067971400,0
'2026-08-22 08:24:52.897971500,0.067971500,1
'2026-08-22 08:24:52.897971600,0.067971600,0
'2026-08-22 08:24:52.897971800,0.067971800,1
'2026-08-22 08:24:52.897972200,0.067972200,0
'2026-08-22 08:24:52.897972300,0.067972300,1
'2026-08-22 08:24:52.897972600,0.067972600,0
'2026-08-22 08:24:52.897972900,0.067972900,1
'2026-08-22 08:24:52.897973200,0.067973200,0
'2026-08-22 08:24:52.897973300,0.067973300,1
'2026-08-22 08:24:52.897973900,0.067973900,0
'2026-08-22 08:24:52.897974100,0.067974100,1
'2026-08-22 08:24:52.897975000,0.067975000,0
'2026-08-22 08:24:52.897975100,0.067975100,1
'2026-08-22 08:24:52.897977000,0.067977000,0
'2026-08-22 08:24:52.897977100,0.067977100,1
'2026-08-22 08:24:52.897977400,0.067977400,0
'2026-08-22 08:24:52.897977500,0.067977500,1
'2026-08-22 08:24:52.897977900,0.067977900,0
'2026-08-22 08:24:52.897978300,0.067978300,1
'2026-08-22 08:24:52.897978400,0.067978400,0
'2026-08-22 08:24:52.897978700,0.067978700,1
'2026-08-22 08:24:52.897979000,0.067979000,0
'2026-08-22 08:24:52.897979400,0.067979400,1
'2026-08-22 08:24:52.897979800,0.067979800,0
'2026-08-22 08:24:52.897979900,0.067979900,1
'2026-08-22 08:24:52.897980200,0.067980200,0
'2026-08-22 08:24:52.897980600,0.067980600,1
'2026-08-22 08:24:52.897980700,0.067980700,0
'2026-08-22 08:24:52.897981000,0.067981000,1
'2026-08-22 08:24:52.898000700,0.068000700,0
'2026-08-22 08:24:52.898001000,0.068001000,1
'2026-08-22 08:24:52.898001100,0.068001100,0
'2026-08-22 08:24:52.898001300,0.068001300,1
'2026-08-22 08:24:52.898001700,0.068001700,0
'2026-08-22 08:24:52.898002200,0.068002200,1
'2026-08-22 08:24:52.898002500,0.068002500,0
'2026-08-22 08:24:52.898002700,0.068002700,1
'2026-08-22 08:24:52.898002900,0.068002900,0
'2026-08-22 08:24:52.898003400,0.068003400,1
'2026-08-22 08:24:52.898003600,0.068003600,0
'2026-08-22 08:24:52.898003700,0.068003700,1
'2026-08-22 08:24:52.898004100,0.068004100,0
'2026-08-22 08:24:52.898004200,0.068004200,1
'2026-08-22 08:24:52.898004300,0.068004300,0
'2026-08-22 08:24:52.898004400,0.068004400,1
'2026-08-22 08:24:52.898005300,0.068005300,0
'2026-08-22 08:24:52.898005500,0.068005500,1
'2026-08-22 08:24:52.898022200,0.068022200,0
'2026-08-22 08:24:52.898022600,0.068022600,1
'2026-08-22 08:24:52.898023000,0.068023000,0
'2026-08-22 08:24:52.898023100,0.068023100,1
'2026-08-22 08:24:52.898023600,0.068023600,0
'2026-08-22 08:24:52.898023700,0.068023700,1
'2026-08-22 08:24:52.898024200,0.068024200,0
'2026-08-22 08:24:52.898024300,0.068024300,1
'2026-08-22 08:24:52.898025400,0.068025400,0
'2026-08-22 08:24:52.898025500,0.068025500,1
'2026-08-22 08:24:52.898025800,0.068025800,0
'2026-08-22 08:24:52.898025900,0.068025900,1
'2026-08-22 08:24:52.898028800,0.068028800,0
'2026-08-22 08:24:52.898028900,0.068028900,1
'2026-08-22 08:24:52.898029900,0.068029900,0
'2026-08-22 08:24:52.898030000,0.068030000,1
'2026-08-22 08:24:52.898031100,0.068031100,0
'2026-08-22 08:24:52.898031300,0.068031300,1
'2026-08-22 08:24:52.898031500,0.068031500,0
'2026-08-22 08:24:52.898031800,0.068031800,1
'2026-08-22 08:24:52.898032200,0.068032200,0
'2026-08-22 08:24:52.898032300,0.068032300,1
'2026-08-22 08:24:52.898033000,0.068033000,0
'2026-08-22 08:24:52.898033100,0.068033100,1
'2026-08-22 08:24:52.898051000,0.068051000,0
'2026-08-22 08:24:52.898051100,0.068051100,1
'2026-08-22 08:24:52.898052900,0.068052900,0
'2026-08-22 08:24:52.898053000,0.068053000,1
'2026-08-22 08:24:52.898053100,0.068053100,0
'2026-08-22 08:24:52.898053300,0.068053300,1
'2026-08-22 08:24:52.898053400,0.068053400,0
'2026-08-22 08:24:52.898053500,0.068053500,1
'2026-08-22 08:24:52.898053800,0.068053800,0
'2026-08-22 08:24:52.898054100,0.068054100,1
'2026-08-22 08:24:52.898055000,0.068055000,0
'2026-08-22 08:24:52.898055100,0.068055100,1
'2026-08-22 08:24:52.898055600,0.068055600,0
'2026-08-22 08:24:52.898055700,0.068055700,1
'2026-08-22 08:24:52.898075900,0.068075900,0
'2026-08-22 08:24:52.898076000,0.068076000,1
'2026-08-22 08:24:52.898103600,0.068103600,0
'2026-08-22 08:24:52.898103700,0.068103700,1
'2026-08-22 08:24:52.898106000,0.068106000,0
'2026-08-22 08:24:52.898106100,0.068106100,1
'2026-08-22 08:24:52.898132200,0.068132200,0
'2026-08-22 08:24:52.898132300,0.068132300,1
'2026-08-22 08:24:52.898132800,0.068132800,0
'2026-08-22 08:24:52.898132900,0.068132900,1
'2026-08-22 08:24:52.899455600,0.069455600,0
'2026-08-22 08:24:52.899455900,0.069455900,1
'2026-08-22 08:24:52.899456100,0.069456100,0
'2026-08-22 08:24:52.899457700,0.069457700,1
'2026-08-22 08:24:52.899457800,0.069457800,0
'2026-08-22 08:24:52.899464600,0.069464600,1
'2026-08-22 08:24:52.899464800,0.069464800,0
'2026-08-22 08:24:52.899465700,0.069465700,1
'2026-08-22 08:24:52.899465800,0.069465800,0
'2026-08-22 08:24:52.899466800,0.069466800,1
'2026-08-22 08:24:52.899466900,0.069466900,0
'2026-08-22 08:24:52.899467000,0.069467000,1
'2026-08-22 08:24:52.899481400,0.069481400,0
'2026-08-22 08:24:52.899481600,0.069481600,1
'2026-08-22 08:24:52.899481700,0.069481700,0
'2026-08-22 08:24:52.899483300,0.069483300,1
'2026-08-22 08:24:52.899483400,0.069483400,0
'2026-08-22 08:24:52.899483900,0.069483900,1
'2026-08-22 08:24:52.899484000,0.069484000,0
'2026-08-22 08:24:52.899484500,0.069484500,1
'2026-08-22 08:24:52.899484700,0.069484700,0
'2026-08-22 08:24:52.899485100,0.069485100,1
'2026-08-22 08:24:52.899485200,0.069485200,0
'2026-08-22 08:24:52.899485500,0.069485500,1
'2026-08-22 08:24:52.899485800,0.069485800,0
'2026-08-22 08:24:52.899486800,0.069486800,1
'2026-08-22 08:24:52.899487000,0.069487000,0
'2026-08-22 08:24:52.899487400,0.069487400,1
'2026-08-22 08:24:52.899487600,0.069487600,0
'2026-08-22 08:24:52.899487700,0.069487700,1
'2026-08-22 08:24:52.899487900,0.069487900,0
'2026-08-22 08:24:52.899488000,0.069488000,1
'2026-08-22 08:24:52.899488200,0.069488200,0
'2026-08-22 08:24:52.899488500,0.069488500,1
'2026-08-22 08:24:52.899488600,0.069488600,0
'2026-08-22 08:24:52.899491000,0.069491000,1
'2026-08-22 08:24:52.899491100,0.069491100,0
'2026-08-22 08:24:52.899493200,0.069493200,1
'2026-08-22 08:24:52.899507800,0.069507800,0
'2026-08-22 08:24:52.899507900,0.069507900,1
'2026-08-22 08:24:52.899508100,0.069508100,0
'2026-08-22 08:24:52.899508200,0.069508200,1
'2026-08-22 08:24:52.899508400,0.069508400,0
'2026-08-22 08:24:52.899508500,0.069508500,1
'2026-08-22 08:24:52.899508600,0.069508600,0
'2026-08-22 08:24:52.899509100,0.069509100,1
'2026-08-22 08:24:52.899509200,0.069509200,0
'2026-08-22 08:24:52.899509600,0.069509600,1
'2026-08-22 08:24:52.899509800,0.069509800,0
'2026-08-22 08:24:52.899510300,0.069510300,1
'2026-08-22 08:24:52.899510400,0.069510400,0
'2026-08-22 08:24:52.899510700,0.069510700,1
'2026-08-22 08:24:52.899510800,0.069510800,0
'2026-08-22 08:24:52.899511400,0.069511400,1
'2026-08-22 08:24:52.899511600,0.069511600,0
'2026-08-22 08:24:52.899516100,0.069516100,1
'2026-08-22 08:24:52.899516200,0.069516200,0
'2026-08-22 08:24:52.899516300,0.069516300,1
'2026-08-22 08:24:52.899516500,0.069516500,0
'2026-08-22 08:24:52.899516700,0.069516700,1
'2026-08-22 08:24:52.899516800,0.069516800,0
'2026-08-22 08:24:52.899517000,0.069517000,1
'2026-08-22 08:24:52.899517100,0.069517100,0
'2026-08-22 08:24:52.899517200,0.069517200,1
'2026-08-22 08:24:52.899517300,0.069517300,0
'2026-08-22 08:24:52.899518300,0.069518300,1
'2026-08-22 08:24:52.899518600,0.069518600,0
'2026-08-22 08:24:52.899519300,0.069519300,1
'2026-08-22 08:24:52.899534600,0.069534600,0
'2026-08-22 08:24:52.899534700,0.069534700,1
'2026-08-22 08:24:52.899535000,0.069535000,0
'2026-08-22 08:24:52.899535100,0.069535100,1
'2026-08-22 08:24:52.899535200,0.069535200,0
'2026-08-22 08:24:52.899535300,0.069535300,1
'2026-08-22 08:24:52.899535500,0.069535500,0
'2026-08-22 08:24:52.899535600,0.069535600,1
'2026-08-22 08:24:52.899535700,0.069535700,0
'2026-08-22 08:24:52.899535900,0.069535900,1
'2026-08-22 08:24:52.899536000,0.069536000,0
'2026-08-22 08:24:52.899536400,0.069536400,1
'2026-08-22 08:24:52.899536500,0.069536500,0
'2026-08-22 08:24:52.899537000,0.069537000,1
'2026-08-22 08:24:52.899537200,0.069537200,0
'2026-08-22 08:24:52.899537300,0.069537300,1
'2026-08-22 08:24:52.899537400,0.069537400,0
'2026-08-22 08:24:52.899537500,0.069537500,1
'2026-08-22 08:24:52.899537600,0.069537600,0
'2026-08-22 08:24:52.899537700,0.069537700,1
'2026-08-22 08:24:52.899538000,0.069538000,0
'2026-08-22 08:24:52.899538300,0.069538300,1
'2026-08-22 08:24:52.899538400,0.069538400,0
'2026-08-22 08:24:52.899538800,0.069538800,1
'2026-08-22 08:24:52.899539000,0.069539000,0
'2026-08-22 08:24:52.899539400,0.069539400,1
'2026-08-22 08:24:52.899539500,0.069539500,0
'2026-08-22 08:24:52.899540000,0.069540000,1
'2026-08-22 08:24:52.899540200,0.069540200,0
'2026-08-22 08:24:52.899540600,0.069540600,1
'2026-08-22 08:24:52.899540800,0.069540800,0
'2026-08-22 08:24:52.899541200,0.069541200,1
'2026-08-22 08:24:52.899541300,0.069541300,0
'2026-08-22 08:24:52.899541400,0.069541400,1
'2026-08-22 08:24:52.899541500,0.069541500,0
'2026-08-22 08:24:52.899541700,0.069541700,1
'2026-08-22 08:24:52.899541900,0.069541900,0
'2026-08-22 08:24:52.899542300,0.069542300,1
'2026-08-22 08:24:52.899542400,0.069542400,0
'2026-08-22 08:24:52.899542900,0.069542900,1
'2026-08-22 08:24:52.899543000,0.069543000,0
'2026-08-22 08:24:52.899543500,0.069543500,1
'2026-08-22 08:24:52.899543600,0.069543600,0
'2026-08-22 08:24:52.899544100,0.069544100,1
'2026-08-22 08:24:52.899544200,0.069544200,0
'2026-08-22 08:24:52.899544600,0.069544600,1
'2026-08-22 08:24:52.899544900,0.069544900,0
'2026-08-22 08:24:52.899545300,0.069545300,1
'2026-08-22 08:24:52.899560400,0.069560400,0
'2026-08-22 08:24:52.899561000,0.069561000,1
'2026-08-22 08:24:52.899561100,0.069561100,0
'2026-08-22 08:24:52.899561200,0.069561200,1
'2026-08-22 08:24:52.899561300,0.069561300,0
'2026-08-22 08:24:52.899561600,0.069561600,1
'2026-08-22 08:24:52.899561700,0.069561700,0
'2026-08-22 08:24:52.899562100,0.069562100,1
'2026-08-22 08:24:52.899562400,0.069562400,0
'2026-08-22 08:24:52.899563400,0.069563400,1
'2026-08-22 08:24:52.899563700,0.069563700,0
'2026-08-22 08:24:52.899563900,0.069563900,1
'2026-08-22 08:24:52.899564200,0.069564200,0
'2026-08-22 08:24:52.899564300,0.069564300,1
'2026-08-22 08:24:52.899564700,0.069564700,0
'2026-08-22 08:24:52.899565100,0.069565100,1
'2026-08-22 08:24:52.899565800,0.069565800,0
'2026-08-22 08:24:52.899565900,0.069565900,1
'2026-08-22 08:24:52.899566100,0.069566100,0
'2026-08-22 08:24:52.899566300,0.069566300,1
'2026-08-22 08:24:52.899567200,0.069567200,0
'2026-08-22 08:24:52.899567400,0.069567400,1
'2026-08-22 08:24:52.899567700,0.069567700,0
'2026-08-22 08:24:52.899567800,0.069567800,1
'2026-08-22 08:24:52.899568200,0.069568200,0
'2026-08-22 08:24:52.899568300,0.069568300,1
'2026-08-22 08:24:52.899568400,0.069568400,0
'2026-08-22 08:24:52.899568600,0.069568600,1
'2026-08-22 08:24:52.899569000,0.069569000,0
'2026-08-22 08:24:52.899569100,0.069569100,1
'2026-08-22 08:24:52.899569400,0.069569400,0
'2026-08-22 08:24:52.899569800,0.069569800,1
'2026-08-22 08:24:52.899570000,0.069570000,0
'2026-08-22 08:24:52.899570100,0.069570100,1
'2026-08-22 08:24:52.899570200,0.069570200,0
'2026-08-22 08:24:52.899570300,0.069570300,1
'2026-08-22 08:24:52.899570500,0.069570500,0
'2026-08-22 08:24:52.899571400,0.069571400,1
'2026-08-22 08:24:52.899585800,0.069585800,0
'2026-08-22 08:24:52.899585900,0.069585900,1
'2026-08-22 08:24:52.899587000,0.069587000,0
'2026-08-22 08:24:52.899587200,0.069587200,1
'2026-08-22 08:24:52.899588600,0.069588600,0
'2026-08-22 08:24:52.899588700,0.069588700,1
'2026-08-22 08:24:52.899588900,0.069588900,0
'2026-08-22 08:24:52.899589100,0.069589100,1
'2026-08-22 08:24:52.899589300,0.069589300,0
'2026-08-22 08:24:52.899589400,0.069589400,1
'2026-08-22 08:24:52.899589800,0.069589800,0
'2026-08-22 08:24:52.899590100,0.069590100,1
'2026-08-22 08:24:52.899590400,0.069590400,0
'2026-08-22 08:24:52.899590600,0.069590600,1
'2026-08-22 08:24:52.899590800,0.069590800,0
'2026-08-22 08:24:52.899590900,0.069590900,1
'2026-08-22 08:24:52.899591000,0.069591000,0
'2026-08-22 08:24:52.899591100,0.069591100,1
'2026-08-22 08:24:52.899591200,0.069591200,0
'2026-08-22 08:24:52.899591400,0.069591400,1
'2026-08-22 08:24:52.899591600,0.069591600,0
'2026-08-22 08:24:52.899591900,0.069591900,1
'2026-08-22 08:24:52.899592200,0.069592200,0
'2026-08-22 08:24:52.899592400,0.069592400,1
'2026-08-22 08:24:52.899593300,0.069593300,0
'2026-08-22 08:24:52.899593500,0.069593500,1
'2026-08-22 08:24:52.899594200,0.069594200,0
'2026-08-22 08:24:52.899594300,0.069594300,1
'2026-08-22 08:24:52.899594500,0.069594500,0
'2026-08-22 08:24:52.899594600,0.069594600,1
'2026-08-22 08:24:52.899595400,0.069595400,0
'2026-08-22 08:24:52.899595500,0.069595500,1
'2026-08-22 08:24:52.899596200,0.069596200,0
'2026-08-22 08:24:52.899596300,0.069596300,1
'2026-08-22 08:24:52.899612200,0.069612200,0
'2026-08-22 08:24:52.899612300,0.069612300,1
'2026-08-22 08:24:52.899612800,0.069612800,0
'2026-08-22 08:24:52.899612900,0.069612900,1
'2026-08-22 08:24:52.899613200,0.069613200,0
'2026-08-22 08:24:52.899613300,0.069613300,1
'2026-08-22 08:24:52.899614600,0.069614600,0
'2026-08-22 08:24:52.899614700,0.069614700,1
'2026-08-22 08:24:52.899615000,0.069615000,0
'2026-08-22 08:24:52.899615500,0.069615500,1
'2026-08-22 08:24:52.899615800,0.069615800,0
'2026-08-22 08:24:52.899615900,0.069615900,1
'2026-08-22 08:24:52.899616100,0.069616100,0
'2026-08-22 08:24:52.899616200,0.069616200,1
'2026-08-22 08:24:52.899616400,0.069616400,0
'2026-08-22 08:24:52.899616500,0.069616500,1
'2026-08-22 08:24:52.899620800,0.069620800,0
'2026-08-22 08:24:52.899621000,0.069621000,1
'2026-08-22 08:24:52.899622200,0.069622200,0
'2026-08-22 08:24:52.899622300,0.069622300,1
'2026-08-22 08:24:52.899623200,0.069623200,0
'2026-08-22 08:24:52.899623300,0.069623300,1
'2026-08-22 08:24:52.899640800,0.069640800,0
'2026-08-22 08:24:52.899640900,0.069640900,1
'2026-08-22 08:24:52.899647100,0.069647100,0
'2026-08-22 08:24:52.899647300,0.069647300,1
'2026-08-22 08:24:52.899648400,0.069648400,0
'2026-08-22 08:24:52.899648500,0.069648500,1
'2026-08-22 08:24:52.899670600,0.069670600,0
'2026-08-22 08:24:52.899670700,0.069670700,1
'2026-08-22 08:24:52.899670800,0.069670800,0
'2026-08-22 08:24:52.899670900,0.069670900,1
'2026-08-22 08:24:52.899671100,0.069671100,0
'2026-08-22 08:24:52.899671300,0.069671300,1
'2026-08-22 08:24:52.899673500,0.069673500,0
'2026-08-22 08:24:52.899673700,0.069673700,1
'2026-08-22 08:24:52.899693400,0.069693400,0
'2026-08-22 08:24:52.899693500,0.069693500,1
'2026-08-22 08:24:52.899701000,0.069701000,0
'2026-08-22 08:24:52.899701100,0.069701100,1
'2026-08-22 08:24:52.899701200,0.069701200,0
'2026-08-22 08:24:52.899701300,0.069701300,1
'2026-08-22 08:24:52.899722600,0.069722600,0
'2026-08-22 08:24:52.899722700,0.069722700,1
'2026-08-22 08:24:52.899723000,0.069723000,0
'2026-08-22 08:24:52.899723100,0.069723100,1
'2026-08-22 08:24:52.899723700,0.069723700,0
'2026-08-22 08:24:52.899723900,0.069723900,1
'2026-08-22 08:24:52.899744200,0.069744200,0
'2026-08-22 08:24:52.899744300,0.069744300,1
'2026-08-22 08:24:52.899745400,0.069745400,0
'2026-08-22 08:24:52.899745500,0.069745500,1
'2026-08-22 08:24:52.899771700,0.069771700,0
'2026-08-22 08:24:52.899771800,0.069771800,1
'2026-08-22 08:24:52.900274500,0.070274500,0
'2026-08-22 08:24:52.900274700,0.070274700,1
'2026-08-22 08:24:52.900274800,0.070274800,0
'2026-08-22 08:24:52.900274900,0.070274900,1
'2026-08-22 08:24:52.900275000,0.070275000,0
'2026-08-22 08:24:52.900275100,0.070275100,1
'2026-08-22 08:24:52.900275200,0.070275200,0
'2026-08-22 08:24:52.900275300,0.070275300,1
'2026-08-22 08:24:52.900291100,0.070291100,0
'2026-08-22 08:24:52.900291300,0.070291300,1
'2026-08-22 08:24:52.900291600,0.070291600,0
'2026-08-22 08:24:52.900291700,0.070291700,1
'2026-08-22 08:24:52.900292300,0.070292300,0
'2026-08-22 08:24:52.900292500,0.070292500,1
'2026-08-22 08:24:52.900292700,0.070292700,0
'2026-08-22 08:24:52.900293000,0.070293000,1
'2026-08-22 08:24:52.900293200,0.070293200,0
'2026-08-22 08:24:52.900293500,0.070293500,1
'2026-08-22 08:24:52.900294000,0.070294000,0
'2026-08-22 08:24:52.900294100,0.070294100,1
'2026-08-22 08:24:52.900294400,0.070294400,0
'2026-08-22 08:24:52.900294500,0.070294500,1
'2026-08-22 08:24:52.900294800,0.070294800,0
'2026-08-22 08:24:52.900294900,0.070294900,1
'2026-08-22 08:24:52.900295400,0.070295400,0
'2026-08-22 08:24:52.900295700,0.070295700,1
'2026-08-22 08:24:52.900295800,0.070295800,0
'2026-08-22 08:24:52.900296000,0.070296000,1
'2026-08-22 08:24:52.900296200,0.070296200,0
'2026-08-22 08:24:52.900296300,0.070296300,1
'2026-08-22 08:24:52.900296400,0.070296400,0
'2026-08-22 08:24:52.900296500,0.070296500,1
'2026-08-22 08:24:52.900296700,0.070296700,0
'2026-08-22 08:24:52.900297100,0.070297100,1
'2026-08-22 08:24:52.900297200,0.070297200,0
'2026-08-22 08:24:52.900297400,0.070297400,1
'2026-08-22 08:24:52.900297600,0.070297600,0
'2026-08-22 08:24:52.900297700,0.070297700,1
'2026-08-22 08:24:52.900297800,0.070297800,0
'2026-08-22 08:24:52.900298300,0.070298300,1
'2026-08-22 08:24:52.900299000,0.070299000,0
'2026-08-22 08:24:52.900299300,0.070299300,1
'2026-08-22 08:24:52.900299400,0.070299400,0
'2026-08-22 08:24:52.900299500,0.070299500,1
'2026-08-22 08:24:52.900299600,0.070299600,0
'2026-08-22 08:24:52.900299800,0.070299800,1
'2026-08-22 08:24:52.900300400,0.070300400,0
'2026-08-22 08:24:52.900300600,0.070300600,1
'2026-08-22 08:24:52.900300800,0.070300800,0
'2026-08-22 08:24:52.900300900,0.070300900,1
'2026-08-22 08:24:52.900301000,0.070301000,0
'2026-08-22 08:24:52.900301100,0.070301100,1
'2026-08-22 08:24:52.900316600,0.070316600,0
'2026-08-22 08:24:52.900316700,0.070316700,1
'2026-08-22 08:24:52.900317200,0.070317200,0
'2026-08-22 08:24:52.900317300,0.070317300,1
'2026-08-22 08:24:52.900317700,0.070317700,0
'2026-08-22 08:24:52.900317800,0.070317800,1
'2026-08-22 08:24:52.900318500,0.070318500,0
'2026-08-22 08:24:52.900318700,0.070318700,1
'2026-08-22 08:24:52.900319400,0.070319400,0
'2026-08-22 08:24:52.900319700,0.070319700,1
'2026-08-22 08:24:52.900320000,0.070320000,0
'2026-08-22 08:24:52.900320100,0.070320100,1
'2026-08-22 08:24:52.900320900,0.070320900,0
'2026-08-22 08:24:52.900321100,0.070321100,1
'2026-08-22 08:24:52.900323000,0.070323000,0
'2026-08-22 08:24:52.900323100,0.070323100,1
'2026-08-22 08:24:52.900323200,0.070323200,0
'2026-08-22 08:24:52.900323300,0.070323300,1
'2026-08-22 08:24:52.900323600,0.070323600,0
'2026-08-22 08:24:52.900323800,0.070323800,1
'2026-08-22 08:24:52.900324100,0.070324100,0
'2026-08-22 08:24:52.900324300,0.070324300,1
'2026-08-22 08:24:52.900325000,0.070325000,0
'2026-08-22 08:24:52.900325200,0.070325200,1
'2026-08-22 08:24:52.900325300,0.070325300,0
'2026-08-22 08:24:52.900325700,0.070325700,1
'2026-08-22 08:24:52.900325900,0.070325900,0
'2026-08-22 08:24:52.900326300,0.070326300,1
'2026-08-22 08:24:52.900326400,0.070326400,0
'2026-08-22 08:24:52.900326900,0.070326900,1
'2026-08-22 08:24:52.900327000,0.070327000,0
'2026-08-22 08:24:52.900327500,0.070327500,1
'2026-08-22 08:24:52.900344700,0.070344700,0
'2026-08-22 08:24:52.900344900,0.070344900,1
'2026-08-22 08:24:52.900345300,0.070345300,0
'2026-08-22 08:24:52.900345600,0.070345600,1
'2026-08-22 08:24:52.900346000,0.070346000,0
'2026-08-22 08:24:52.900346200,0.070346200,1
'2026-08-22 08:24:52.900346400,0.070346400,0
'2026-08-22 08:24:52.900346700,0.070346700,1
'2026-08-22 08:24:52.900347000,0.070347000,0
'2026-08-22 08:24:52.900347200,0.070347200,1
'2026-08-22 08:24:52.900348200,0.070348200,0
'2026-08-22 08:24:52.900348300,0.070348300,1
'2026-08-22 08:24:52.900348400,0.070348400,0
'2026-08-22 08:24:52.900348500,0.070348500,1
'2026-08-22 08:24:52.900348600,0.070348600,0
'2026-08-22 08:24:52.900348700,0.070348700,1
'2026-08-22 08:24:52.900349000,0.070349000,0
'2026-08-22 08:24:52.900349100,0.070349100,1
'2026-08-22 08:24:52.900349400,0.070349400,0
'2026-08-22 08:24:52.900349700,0.070349700,1
'2026-08-22 08:24:52.900351800,0.070351800,0
'2026-08-22 08:24:52.900351900,0.070351900,1
'2026-08-22 08:24:52.900369700,0.070369700,0
'2026-08-22 08:24:52.900369800,0.070369800,1
'2026-08-22 08:24:52.900374600,0.070374600,0
'2026-08-22 08:24:52.900374700,0.070374700,1
'2026-08-22 08:24:52.900375000,0.070375000,0
'2026-08-22 08:24:52.900375100,0.070375100,1
'2026-08-22 08:24:52.900375600,0.070375600,0
'2026-08-22 08:24:52.900375700,0.070375700,1
'2026-08-22 08:24:52.900375800,0.070375800,0
'2026-08-22 08:24:52.900375900,0.070375900,1
'2026-08-22 08:24:52.900376000,0.070376000,0
'2026-08-22 08:24:52.900376100,0.070376100,1
'2026-08-22 08:24:52.900376400,0.070376400,0
'2026-08-22 08:24:52.900376500,0.070376500,1
'2026-08-22 08:24:52.900376800,0.070376800,0
'2026-08-22 08:24:52.900377100,0.070377100,1
'2026-08-22 08:24:52.900378900,0.070378900,0
'2026-08-22 08:24:52.900379000,0.070379000,1
'2026-08-22 08:24:52.900379200,0.070379200,0
'2026-08-22 08:24:52.900379300,0.070379300,1
'2026-08-22 08:24:52.900396800,0.070396800,0
'2026-08-22 08:24:52.900396900,0.070396900,1
'2026-08-22 08:24:52.900397400,0.070397400,0
'2026-08-22 08:24:52.900397500,0.070397500,1
'2026-08-22 08:24:52.900403300,0.070403300,0
'2026-08-22 08:24:52.900403400,0.070403400,1
'2026-08-22 08:24:52.900426600,0.070426600,0
'2026-08-22 08:24:52.900426700,0.070426700,1
'2026-08-22 08:24:52.900427000,0.070427000,0
'2026-08-22 08:24:52.900427100,0.070427100,1
'2026-08-22 08:24:52.900428200,0.070428200,0
'2026-08-22 08:24:52.900428300,0.070428300,1
'2026-08-22 08:24:52.900428400,0.070428400,0
'2026-08-22 08:24:52.900428500,0.070428500,1
'2026-08-22 08:24:52.900455600,0.070455600,0
'2026-08-22 08:24:52.900455700,0.070455700,1
'2026-08-22 08:24:52.900456400,0.070456400,0
'2026-08-22 08:24:52.900456500,0.070456500,1
'2026-08-22 08:24:52.900456800,0.070456800,0
'2026-08-22 08:24:52.900457100,0.070457100,1
'2026-08-22 08:24:52.900457200,0.070457200,0
'2026-08-22 08:24:52.900457500,0.070457500,1
'2026-08-22 08:24:52.900507200,0.070507200,0
'2026-08-22 08:24:52.900507300,0.070507300,1
'2026-08-22 08:24:52.900508200,0.070508200,0
'2026-08-22 08:24:52.900508300,0.070508300,1
'2026-08-22 08:24:52.900527600,0.070527600,0
'2026-08-22 08:24:52.900527700,0.070527700,1
'2026-08-22 08:24:52.900528100,0.070528100,0
'2026-08-22 08:24:52.900528200,0.070528200,1
'2026-08-22 08:24:52.900586600,0.070586600,0
'2026-08-22 08:24:52.900586700,0.070586700,1
'2026-08-22 08:24:52.900587600,0.070587600,0
'2026-08-22 08:24:52.900587700,0.070587700,1
'2026-08-22 08:24:52.901098200,0.071098200,0
'2026-08-22 08:24:52.901098500,0.071098500,1
'2026-08-22 08:24:52.901099200,0.071099200,0
'2026-08-22 08:24:52.901099300,0.071099300,1
'2026-08-22 08:24:52.901099400,0.071099400,0
'2026-08-22 08:24:52.901099500,0.071099500,1
'2026-08-22 08:24:52.901100000,0.071100000,0
'2026-08-22 08:24:52.901100100,0.071100100,1
'2026-08-22 08:24:52.901100600,0.071100600,0
'2026-08-22 08:24:52.901100700,0.071100700,1
'2026-08-22 08:24:52.901100900,0.071100900,0
'2026-08-22 08:24:52.901101000,0.071101000,1
'2026-08-22 08:24:52.901101200,0.071101200,0
'2026-08-22 08:24:52.901101400,0.071101400,1
'2026-08-22 08:24:52.901101600,0.071101600,0
'2026-08-22 08:24:52.901101700,0.071101700,1
'2026-08-22 08:24:52.901101800,0.071101800,0
'2026-08-22 08:24:52.901101900,0.071101900,1
'2026-08-22 08:24:52.901102300,0.071102300,0
'2026-08-22 08:24:52.901102500,0.071102500,1
'2026-08-22 08:24:52.901103600,0.071103600,0
'2026-08-22 08:24:52.901103700,0.071103700,1
'2026-08-22 08:24:52.901105800,0.071105800,0
'2026-08-22 08:24:52.901105900,0.071105900,1
'2026-08-22 08:24:52.901106300,0.071106300,0
'2026-08-22 08:24:52.901106400,0.071106400,1
'2026-08-22 08:24:52.901107600,0.071107600,0
'2026-08-22 08:24:52.901107700,0.071107700,1
'2026-08-22 08:24:52.901108100,0.071108100,0
'2026-08-22 08:24:52.901108400,0.071108400,1
'2026-08-22 08:24:52.901108600,0.071108600,0
'2026-08-22 08:24:52.901108900,0.071108900,1
'2026-08-22 08:24:52.901109000,0.071109000,0
'2026-08-22 08:24:52.901109400,0.071109400,1
'2026-08-22 08:24:52.901109500,0.071109500,0
'2026-08-22 08:24:52.901109600,0.071109600,1
'2026-08-22 08:24:52.901109700,0.071109700,0
'2026-08-22 08:24:52.901109800,0.071109800,1
'2026-08-22 08:24:52.901127400,0.071127400,0
'2026-08-22 08:24:52.901127500,0.071127500,1
'2026-08-22 08:24:52.901127600,0.071127600,0
'2026-08-22 08:24:52.901127700,0.071127700,1
'2026-08-22 08:24:52.901128100,0.071128100,0
'2026-08-22 08:24:52.901128200,0.071128200,1
'2026-08-22 08:24:52.901128400,0.071128400,0
'2026-08-22 08:24:52.901128700,0.071128700,1
'2026-08-22 08:24:52.901129200,0.071129200,0
'2026-08-22 08:24:52.901129400,0.071129400,1
'2026-08-22 08:24:52.901129700,0.071129700,0
'2026-08-22 08:24:52.901129900,0.071129900,1
'2026-08-22 08:24:52.901130200,0.071130200,0
'2026-08-22 08:24:52.901130300,0.071130300,1
'2026-08-22 08:24:52.901130400,0.071130400,0
'2026-08-22 08:24:52.901130600,0.071130600,1
'2026-08-22 08:24:52.901130800,0.071130800,0
'2026-08-22 08:24:52.901131100,0.071131100,1
'2026-08-22 08:24:52.901131700,0.071131700,0
'2026-08-22 08:24:52.901131800,0.071131800,1
'2026-08-22 08:24:52.901132500,0.071132500,0
'2026-08-22 08:24:52.901132600,0.071132600,1
'2026-08-22 08:24:52.901132800,0.071132800,0
'2026-08-22 08:24:52.901132900,0.071132900,1
'2026-08-22 08:24:52.901151200,0.071151200,0
'2026-08-22 08:24:52.901151300,0.071151300,1
'2026-08-22 08:24:52.901151400,0.071151400,0
'2026-08-22 08:24:52.901151500,0.071151500,1
'2026-08-22 08:24:52.901151600,0.071151600,0
'2026-08-22 08:24:52.901151700,0.071151700,1
'2026-08-22 08:24:52.901152000,0.071152000,0
'2026-08-22 08:24:52.901152100,0.071152100,1
'2026-08-22 08:24:52.901152400,0.071152400,0
'2026-08-22 08:24:52.901152500,0.071152500,1
'2026-08-22 08:24:52.901152700,0.071152700,0
'2026-08-22 08:24:52.901152800,0.071152800,1
'2026-08-22 08:24:52.901153000,0.071153000,0
'2026-08-22 08:24:52.901153100,0.071153100,1
'2026-08-22 08:24:52.901153200,0.071153200,0
'2026-08-22 08:24:52.901153400,0.071153400,1
'2026-08-22 08:24:52.901153600,0.071153600,0
'2026-08-22 08:24:52.901153900,0.071153900,1
'2026-08-22 08:24:52.901160400,0.071160400,0
'2026-08-22 08:24:52.901160500,0.071160500,1
'2026-08-22 08:24:52.901160800,0.071160800,0
'2026-08-22 08:24:52.901160900,0.071160900,1
'2026-08-22 08:24:52.901161200,0.071161200,0
'2026-08-22 08:24:52.901161300,0.071161300,1
'2026-08-22 08:24:52.901188000,0.071188000,0
'2026-08-22 08:24:52.901188100,0.071188100,1
'2026-08-22 08:24:52.901258700,0.071258700,0
'2026-08-22 08:24:52.901258800,0.071258800,1
'2026-08-22 08:24:52.901290600,0.071290600,0
'2026-08-22 08:24:52.901290700,0.071290700,1
'2026-08-22 08:24:52.902715000,0.072715000,0
'2026-08-22 08:24:52.902715600,0.072715600,1
'2026-08-22 08:24:52.902715700,0.072715700,0
'2026-08-22 08:24:52.902720700,0.072720700,1
'2026-08-22 08:24:52.902720800,0.072720800,0
'2026-08-22 08:24:52.902721900,0.072721900,1
'2026-08-22 08:24:52.902722000,0.072722000,0
'2026-08-22 08:24:52.902722100,0.072722100,1
'2026-08-22 08:24:52.902722200,0.072722200,0
'2026-08-22 08:24:52.902722400,0.072722400,1
'2026-08-22 08:24:52.902722600,0.072722600,0
'2026-08-22 08:24:52.902723000,0.072723000,1
'2026-08-22 08:24:52.902723200,0.072723200,0
'2026-08-22 08:24:52.902723300,0.072723300,1
'2026-08-22 08:24:52.902723400,0.072723400,0
'2026-08-22 08:24:52.902723500,0.072723500,1
'2026-08-22 08:24:52.902723800,0.072723800,0
'2026-08-22 08:24:52.902724100,0.072724100,1
'2026-08-22 08:24:52.902724400,0.072724400,0
'2026-08-22 08:24:52.902724500,0.072724500,1
'2026-08-22 08:24:52.902724700,0.072724700,0
'2026-08-22 08:24:52.902724800,0.072724800,1
'2026-08-22 08:24:52.902724900,0.072724900,0
'2026-08-22 08:24:52.902725400,0.072725400,1
'2026-08-22 08:24:52.902725700,0.072725700,0
'2026-08-22 08:24:52.902726000,0.072726000,1
'2026-08-22 08:24:52.902726100,0.072726100,0
'2026-08-22 08:24:52.902726400,0.072726400,1
'2026-08-22 08:24:52.902740900,0.072740900,0
'2026-08-22 08:24:52.902741100,0.072741100,1
'2026-08-22 08:24:52.902741200,0.072741200,0
'2026-08-22 08:24:52.902742300,0.072742300,1
'2026-08-22 08:24:52.902742500,0.072742500,0
'2026-08-22 08:24:52.902742900,0.072742900,1
'2026-08-22 08:24:52.902743000,0.072743000,0
'2026-08-22 08:24:52.902743100,0.072743100,1
'2026-08-22 08:24:52.902743800,0.072743800,0
'2026-08-22 08:24:52.902743900,0.072743900,1
'2026-08-22 08:24:52.902744500,0.072744500,0
'2026-08-22 08:24:52.902744700,0.072744700,1
'2026-08-22 08:24:52.902745100,0.072745100,0
'2026-08-22 08:24:52.902745200,0.072745200,1
'2026-08-22 08:24:52.902745400,0.072745400,0
'2026-08-22 08:24:52.902745600,0.072745600,1
'2026-08-22 08:24:52.902745700,0.072745700,0
'2026-08-22 08:24:52.902752100,0.072752100,1
'2026-08-22 08:24:52.902752200,0.072752200,0
'2026-08-22 08:24:52.902752300,0.072752300,1
'2026-08-22 08:24:52.902767100,0.072767100,0
'2026-08-22 08:24:52.902767200,0.072767200,1
'2026-08-22 08:24:52.902767600,0.072767600,0
'2026-08-22 08:24:52.902769200,0.072769200,1
'2026-08-22 08:24:52.902769400,0.072769400,0
'2026-08-22 08:24:52.902769800,0.072769800,1
'2026-08-22 08:24:52.902769900,0.072769900,0
'2026-08-22 08:24:52.902771500,0.072771500,1
'2026-08-22 08:24:52.902771800,0.072771800,0
'2026-08-22 08:24:52.902772700,0.072772700,1
'2026-08-22 08:24:52.902772800,0.072772800,0
'2026-08-22 08:24:52.902772900,0.072772900,1
'2026-08-22 08:24:52.902773000,0.072773000,0
'2026-08-22 08:24:52.902773100,0.072773100,1
'2026-08-22 08:24:52.902773200,0.072773200,0
'2026-08-22 08:24:52.902773300,0.072773300,1
'2026-08-22 08:24:52.902773600,0.072773600,0
'2026-08-22 08:24:52.902773700,0.072773700,1
'2026-08-22 08:24:52.902774100,0.072774100,0
'2026-08-22 08:24:52.902774300,0.072774300,1
'2026-08-22 08:24:52.902775200,0.072775200,0
'2026-08-22 08:24:52.902775300,0.072775300,1
'2026-08-22 08:24:52.902775800,0.072775800,0
'2026-08-22 08:24:52.902776200,0.072776200,1
'2026-08-22 08:24:52.902776300,0.072776300,0
'2026-08-22 08:24:52.902776800,0.072776800,1
'2026-08-22 08:24:52.902777000,0.072777000,0
'2026-08-22 08:24:52.902777400,0.072777400,1
'2026-08-22 08:24:52.902777500,0.072777500,0
'2026-08-22 08:24:52.902777900,0.072777900,1
'2026-08-22 08:24:52.902778000,0.072778000,0
'2026-08-22 08:24:52.902778500,0.072778500,1
'2026-08-22 08:24:52.902795100,0.072795100,0
'2026-08-22 08:24:52.902795400,0.072795400,1
'2026-08-22 08:24:52.902796300,0.072796300,0
'2026-08-22 08:24:52.902796400,0.072796400,1
'2026-08-22 08:24:52.902796800,0.072796800,0
'2026-08-22 08:24:52.902796900,0.072796900,1
'2026-08-22 08:24:52.902797600,0.072797600,0
'2026-08-22 08:24:52.902797700,0.072797700,1
'2026-08-22 08:24:52.902798200,0.072798200,0
'2026-08-22 08:24:52.902799600,0.072799600,1
'2026-08-22 08:24:52.902799700,0.072799700,0
'2026-08-22 08:24:52.902800100,0.072800100,1
'2026-08-22 08:24:52.902800300,0.072800300,0
'2026-08-22 08:24:52.902801300,0.072801300,1
'2026-08-22 08:24:52.902801400,0.072801400,0
'2026-08-22 08:24:52.902801900,0.072801900,1
'2026-08-22 08:24:52.902802100,0.072802100,0
'2026-08-22 08:24:52.902802500,0.072802500,1
'2026-08-22 08:24:52.902802600,0.072802600,0
'2026-08-22 08:24:52.902803000,0.072803000,1
'2026-08-22 08:24:52.902803900,0.072803900,0
'2026-08-22 08:24:52.902804000,0.072804000,1
'2026-08-22 08:24:52.902804400,0.072804400,0
'2026-08-22 08:24:52.902804500,0.072804500,1
'2026-08-22 08:24:52.902819600,0.072819600,0
'2026-08-22 08:24:52.902820000,0.072820000,1
'2026-08-22 08:24:52.902820200,0.072820200,0
'2026-08-22 08:24:52.902820500,0.072820500,1
'2026-08-22 08:24:52.902820900,0.072820900,0
'2026-08-22 08:24:52.902821000,0.072821000,1
'2026-08-22 08:24:52.902821300,0.072821300,0
'2026-08-22 08:24:52.902821600,0.072821600,1
'2026-08-22 08:24:52.902821800,0.072821800,0
'2026-08-22 08:24:52.902822000,0.072822000,1
'2026-08-22 08:24:52.902822100,0.072822100,0
'2026-08-22 08:24:52.902822200,0.072822200,1
'2026-08-22 08:24:52.902822500,0.072822500,0
'2026-08-22 08:24:52.902822700,0.072822700,1
'2026-08-22 08:24:52.902826800,0.072826800,0
'2026-08-22 08:24:52.902826900,0.072826900,1
'2026-08-22 08:24:52.902827200,0.072827200,0
'2026-08-22 08:24:52.902827300,0.072827300,1
'2026-08-22 08:24:52.902827400,0.072827400,0
'2026-08-22 08:24:52.902827500,0.072827500,1
'2026-08-22 08:24:52.902827700,0.072827700,0
'2026-08-22 08:24:52.902828100,0.072828100,1
'2026-08-22 08:24:52.902828900,0.072828900,0
'2026-08-22 08:24:52.902829100,0.072829100,1
'2026-08-22 08:24:52.902829200,0.072829200,0
'2026-08-22 08:24:52.902830500,0.072830500,1
'2026-08-22 08:24:52.902830600,0.072830600,0
'2026-08-22 08:24:52.902830700,0.072830700,1
'2026-08-22 08:24:52.902847700,0.072847700,0
'2026-08-22 08:24:52.902847900,0.072847900,1
'2026-08-22 08:24:52.902848000,0.072848000,0
'2026-08-22 08:24:52.902848100,0.072848100,1
'2026-08-22 08:24:52.902848200,0.072848200,0
'2026-08-22 08:24:52.902848300,0.072848300,1
'2026-08-22 08:24:52.902848400,0.072848400,0
'2026-08-22 08:24:52.902848500,0.072848500,1
'2026-08-22 08:24:52.902848800,0.072848800,0
'2026-08-22 08:24:52.902849100,0.072849100,1
'2026-08-22 08:24:52.902849500,0.072849500,0
'2026-08-22 08:24:52.902849700,0.072849700,1
'2026-08-22 08:24:52.902849900,0.072849900,0
'2026-08-22 08:24:52.902850300,0.072850300,1
'2026-08-22 08:24:52.902850500,0.072850500,0
'2026-08-22 08:24:52.902850700,0.072850700,1
'2026-08-22 08:24:52.902851000,0.072851000,0
'2026-08-22 08:24:52.902851400,0.072851400,1
'2026-08-22 08:24:52.902855300,0.072855300,0
'2026-08-22 08:24:52.902855500,0.072855500,1
'2026-08-22 08:24:52.902856600,0.072856600,0
'2026-08-22 08:24:52.902856700,0.072856700,1
'2026-08-22 08:24:52.902878100,0.072878100,0
'2026-08-22 08:24:52.902878400,0.072878400,1
'2026-08-22 08:24:52.902878600,0.072878600,0
'2026-08-22 08:24:52.902878900,0.072878900,1
'2026-08-22 08:24:52.902879200,0.072879200,0
'2026-08-22 08:24:52.902879300,0.072879300,1
'2026-08-22 08:24:52.902879900,0.072879900,0
'2026-08-22 08:24:52.902880100,0.072880100,1
'2026-08-22 08:24:52.902880400,0.072880400,0
'2026-08-22 08:24:52.902880800,0.072880800,1
'2026-08-22 08:24:52.902881100,0.072881100,0
'2026-08-22 08:24:52.902881300,0.072881300,1
'2026-08-22 08:24:52.902881500,0.072881500,0
'2026-08-22 08:24:52.902881800,0.072881800,1
'2026-08-22 08:24:52.902899600,0.072899600,0
'2026-08-22 08:24:52.902899700,0.072899700,1
'2026-08-22 08:24:52.902899800,0.072899800,0
'2026-08-22 08:24:52.902899900,0.072899900,1
'2026-08-22 08:24:52.902900000,0.072900000,0
'2026-08-22 08:24:52.902900100,0.072900100,1
'2026-08-22 08:24:52.902900200,0.072900200,0
'2026-08-22 08:24:52.902900300,0.072900300,1
'2026-08-22 08:24:52.902900400,0.072900400,0
'2026-08-22 08:24:52.902900500,0.072900500,1
'2026-08-22 08:24:52.902901000,0.072901000,0
'2026-08-22 08:24:52.902901200,0.072901200,1
'2026-08-22 08:24:52.902907800,0.072907800,0
'2026-08-22 08:24:52.902907900,0.072907900,1
'2026-08-22 08:24:52.902908100,0.072908100,0
'2026-08-22 08:24:52.902908200,0.072908200,1
'2026-08-22 08:24:52.902930000,0.072930000,0
'2026-08-22 08:24:52.902930300,0.072930300,1
'2026-08-22 08:24:52.902930800,0.072930800,0
'2026-08-22 08:24:52.902930900,0.072930900,1
'2026-08-22 08:24:52.902980400,0.072980400,0
'2026-08-22 08:24:52.902980500,0.072980500,1
'2026-08-22 08:24:52.902981600,0.072981600,0
'2026-08-22 08:24:52.902981700,0.072981700,1
'2026-08-22 08:24:52.903010000,0.073010000,0
'2026-08-22 08:24:52.903010100,0.073010100,1
'2026-08-22 08:24:52.903010200,0.073010200,0
'2026-08-22 08:24:52.903010300,0.073010300,1
'2026-08-22 08:24:52.903030700,0.073030700,0
'2026-08-22 08:24:52.903030800,0.073030800,1
'2026-08-22 08:24:52.903061200,0.073061200,0
'2026-08-22 08:24:52.903061300,0.073061300,1
'2026-08-22 08:24:52.903090800,0.073090800,0
'2026-08-22 08:24:52.903090900,0.073090900,1
'2026-08-22 08:24:52.903551600,0.073551600,0
'2026-08-22 08:24:52.903551800,0.073551800,1
'2026-08-22 08:24:52.903551900,0.073551900,0
'2026-08-22 08:24:52.903553600,0.073553600,1
'2026-08-22 08:24:52.903553700,0.073553700,0
'2026-08-22 08:24:52.903554100,0.073554100,1
'2026-08-22 08:24:52.903554300,0.073554300,0
'2026-08-22 08:24:52.903554700,0.073554700,1
'2026-08-22 08:24:52.903554900,0.073554900,0
'2026-08-22 08:24:52.903555100,0.073555100,1
'2026-08-22 08:24:52.903555400,0.073555400,0
'2026-08-22 08:24:52.903555600,0.073555600,1
'2026-08-22 08:24:52.903555800,0.073555800,0
'2026-08-22 08:24:52.903555900,0.073555900,1
'2026-08-22 08:24:52.903556800,0.073556800,0
'2026-08-22 08:24:52.903556900,0.073556900,1
'2026-08-22 08:24:52.903581800,0.073581800,0
'2026-08-22 08:24:52.903582100,0.073582100,1
'2026-08-22 08:24:52.903582300,0.073582300,0
'2026-08-22 08:24:52.903583300,0.073583300,1
'2026-08-22 08:24:52.903583500,0.073583500,0
'2026-08-22 08:24:52.903583900,0.073583900,1
'2026-08-22 08:24:52.903584000,0.073584000,0
'2026-08-22 08:24:52.903584500,0.073584500,1
'2026-08-22 08:24:52.903584800,0.073584800,0
'2026-08-22 08:24:52.903585000,0.073585000,1
'2026-08-22 08:24:52.903586000,0.073586000,0
'2026-08-22 08:24:52.903586100,0.073586100,1
'2026-08-22 08:24:52.903602200,0.073602200,0
'2026-08-22 08:24:52.903602400,0.073602400,1
'2026-08-22 08:24:52.903602700,0.073602700,0
'2026-08-22 08:24:52.903602900,0.073602900,1
'2026-08-22 08:24:52.903604600,0.073604600,0
'2026-08-22 08:24:52.903604700,0.073604700,1
'2026-08-22 08:24:52.903612100,0.073612100,0
'2026-08-22 08:24:52.903612300,0.073612300,1
'2026-08-22 08:24:52.903632200,0.073632200,0
'2026-08-22 08:24:52.903632300,0.073632300,1
'2026-08-22 08:24:52.903632700,0.073632700,0
'2026-08-22 08:24:52.903632900,0.073632900,1
'2026-08-22 08:24:52.903633700,0.073633700,0
'2026-08-22 08:24:52.903633900,0.073633900,1
'2026-08-22 08:24:52.903634000,0.073634000,0
'2026-08-22 08:24:52.903634200,0.073634200,1
'2026-08-22 08:24:52.903634900,0.073634900,0
'2026-08-22 08:24:52.903635000,0.073635000,1
'2026-08-22 08:24:52.903654300,0.073654300,0
'2026-08-22 08:24:52.903654400,0.073654400,1
'2026-08-22 08:24:52.903655600,0.073655600,0
'2026-08-22 08:24:52.903655700,0.073655700,1
'2026-08-22 08:24:52.903661800,0.073661800,0
'2026-08-22 08:24:52.903661900,0.073661900,1
'2026-08-22 08:24:52.903663000,0.073663000,0
'2026-08-22 08:24:52.903663100,0.073663100,1
'2026-08-22 08:24:52.903663200,0.073663200,0
'2026-08-22 08:24:52.903663300,0.073663300,1
'2026-08-22 08:24:52.903683600,0.073683600,0
'2026-08-22 08:24:52.903683700,0.073683700,1
'2026-08-22 08:24:52.903792200,0.073792200,0
'2026-08-22 08:24:52.903792300,0.073792300,1
'2026-08-22 08:24:52.904358400,0.074358400,0
'2026-08-22 08:24:52.904358500,0.074358500,1
'2026-08-22 08:24:52.904359000,0.074359000,0
'2026-08-22 08:24:52.904359100,0.074359100,1
'2026-08-22 08:24:52.904363000,0.074363000,0
'2026-08-22 08:24:52.904363100,0.074363100,1
'2026-08-22 08:24:52.904365000,0.074365000,0
'2026-08-22 08:24:52.904365100,0.074365100,1
'2026-08-22 08:24:52.904365500,0.074365500,0
'2026-08-22 08:24:52.904365600,0.074365600,1
'2026-08-22 08:24:52.904365900,0.074365900,0
'2026-08-22 08:24:52.904366100,0.074366100,1
'2026-08-22 08:24:52.904366200,0.074366200,0
'2026-08-22 08:24:52.904366400,0.074366400,1
'2026-08-22 08:24:52.904366500,0.074366500,0
'2026-08-22 08:24:52.904366700,0.074366700,1
'2026-08-22 08:24:52.904367200,0.074367200,0
'2026-08-22 08:24:52.904367500,0.074367500,1
'2026-08-22 08:24:52.904367700,0.074367700,0
'2026-08-22 08:24:52.904368000,0.074368000,1
'2026-08-22 08:24:52.904368200,0.074368200,0
'2026-08-22 08:24:52.904368700,0.074368700,1
'2026-08-22 08:24:52.904369000,0.074369000,0
'2026-08-22 08:24:52.904369100,0.074369100,1
'2026-08-22 08:24:52.904386900,0.074386900,0
'2026-08-22 08:24:52.904387100,0.074387100,1
'2026-08-22 08:24:52.904388600,0.074388600,0
'2026-08-22 08:24:52.904388700,0.074388700,1
'2026-08-22 08:24:52.904388800,0.074388800,0
'2026-08-22 08:24:52.904389100,0.074389100,1
'2026-08-22 08:24:52.904389300,0.074389300,0
'2026-08-22 08:24:52.904389400,0.074389400,1
'2026-08-22 08:24:52.904394100,0.074394100,0
'2026-08-22 08:24:52.904394200,0.074394200,1
'2026-08-22 08:24:52.904415100,0.074415100,0
'2026-08-22 08:24:52.904415200,0.074415200,1
'2026-08-22 08:24:52.904417300,0.074417300,0
'2026-08-22 08:24:52.904417500,0.074417500,1
'2026-08-22 08:24:52.904444400,0.074444400,0
'2026-08-22 08:24:52.904444500,0.074444500,1
'2026-08-22 08:24:52.904465900,0.074465900,0
'2026-08-22 08:24:52.904466000,0.074466000,1
'2026-08-22 08:24:52.904469400,0.074469400,0
'2026-08-22 08:24:52.904469500,0.074469500,1
'2026-08-22 08:24:52.904473300,0.074473300,0
'2026-08-22 08:24:52.904473400,0.074473400,1
'2026-08-22 08:24:52.905194700,0.075194700,0
'2026-08-22 08:24:52.905194900,0.075194900,1
'2026-08-22 08:24:52.905195000,0.075195000,0
'2026-08-22 08:24:52.905195900,0.075195900,1
'2026-08-22 08:24:52.905196000,0.075196000,0
'2026-08-22 08:24:52.905196100,0.075196100,1
'2026-08-22 08:24:52.905202800,0.075202800,0
'2026-08-22 08:24:52.905203000,0.075203000,1
'2026-08-22 08:24:52.905223500,0.075223500,0
'2026-08-22 08:24:52.905223600,0.075223600,1
'2026-08-22 08:24:52.905225600,0.075225600,0
'2026-08-22 08:24:52.905225900,0.075225900,1
'2026-08-22 08:24:52.905227000,0.075227000,0
'2026-08-22 08:24:52.905227100,0.075227100,1
'2026-08-22 08:24:52.905249700,0.075249700,0
'2026-08-22 08:24:52.905249800,0.075249800,1
'2026-08-22 08:24:52.905279900,0.075279900,0
'2026-08-22 08:24:52.905280000,0.075280000,1
'2026-08-22 08:24:52.905281200,0.075281200,0
'2026-08-22 08:24:52.905281300,0.075281300,1
'2026-08-22 08:24:52.905301000,0.075301000,0
'2026-08-22 08:24:52.905301100,0.075301100,1
'2026-08-22 08:24:52.906809100,0.076809100,0
'2026-08-22 08:24:52.906809500,0.076809500,1
'2026-08-22 08:24:52.906809600,0.076809600,0
'2026-08-22 08:24:52.906810000,0.076810000,1
'2026-08-22 08:24:52.906810100,0.076810100,0
'2026-08-22 08:24:52.906813500,0.076813500,1
'2026-08-22 08:24:52.906813600,0.076813600,0
'2026-08-22 08:24:52.906814700,0.076814700,1
'2026-08-22 08:24:52.906814800,0.076814800,0
'2026-08-22 08:24:52.906815900,0.076815900,1
'2026-08-22 08:24:52.906816100,0.076816100,0
'2026-08-22 08:24:52.906816400,0.076816400,1
'2026-08-22 08:24:52.906816700,0.076816700,0
'2026-08-22 08:24:52.906816900,0.076816900,1
'2026-08-22 08:24:52.906817800,0.076817800,0
'2026-08-22 08:24:52.906817900,0.076817900,1
'2026-08-22 08:24:52.906818000,0.076818000,0
'2026-08-22 08:24:52.906818100,0.076818100,1
'2026-08-22 08:24:52.906818400,0.076818400,0
'2026-08-22 08:24:52.906818600,0.076818600,1
'2026-08-22 08:24:52.906819000,0.076819000,0
'2026-08-22 08:24:52.906819400,0.076819400,1
'2026-08-22 08:24:52.906819500,0.076819500,0
'2026-08-22 08:24:52.906820000,0.076820000,1
'2026-08-22 08:24:52.906820100,0.076820100,0
'2026-08-22 08:24:52.906820200,0.076820200,1
'2026-08-22 08:24:52.906834800,0.076834800,0
'2026-08-22 08:24:52.906835100,0.076835100,1
'2026-08-22 08:24:52.906835300,0.076835300,0
'2026-08-22 08:24:52.906835600,0.076835600,1
'2026-08-22 08:24:52.906836600,0.076836600,0
'2026-08-22 08:24:52.906836800,0.076836800,1
'2026-08-22 08:24:52.906838800,0.076838800,0
'2026-08-22 08:24:52.906839200,0.076839200,1
'2026-08-22 08:24:52.906839300,0.076839300,0
'2026-08-22 08:24:52.906839500,0.076839500,1
'2026-08-22 08:24:52.906839600,0.076839600,0
'2026-08-22 08:24:52.906840500,0.076840500,1
'2026-08-22 08:24:52.906840600,0.076840600,0
'2026-08-22 08:24:52.906844900,0.076844900,1
'2026-08-22 08:24:52.906845200,0.076845200,0
'2026-08-22 08:24:52.906845600,0.076845600,1
'2026-08-22 08:24:52.906845800,0.076845800,0
'2026-08-22 08:24:52.906846100,0.076846100,1
'2026-08-22 08:24:52.906861200,0.076861200,0
'2026-08-22 08:24:52.906861300,0.076861300,1
'2026-08-22 08:24:52.906861600,0.076861600,0
'2026-08-22 08:24:52.906862300,0.076862300,1
'2026-08-22 08:24:52.906862400,0.076862400,0
'2026-08-22 08:24:52.906863700,0.076863700,1
'2026-08-22 08:24:52.906863900,0.076863900,0
'2026-08-22 08:24:52.906864300,0.076864300,1
'2026-08-22 08:24:52.906864400,0.076864400,0
'2026-08-22 08:24:52.906864900,0.076864900,1
'2026-08-22 08:24:52.906865000,0.076865000,0
'2026-08-22 08:24:52.906865400,0.076865400,1
'2026-08-22 08:24:52.906866400,0.076866400,0
'2026-08-22 08:24:52.906866700,0.076866700,1
'2026-08-22 08:24:52.906869400,0.076869400,0
'2026-08-22 08:24:52.906869500,0.076869500,1
'2026-08-22 08:24:52.906869800,0.076869800,0
'2026-08-22 08:24:52.906870200,0.076870200,1
'2026-08-22 08:24:52.906870300,0.076870300,0
'2026-08-22 08:24:52.906871300,0.076871300,1
'2026-08-22 08:24:52.906871600,0.076871600,0
'2026-08-22 08:24:52.906871900,0.076871900,1
'2026-08-22 08:24:52.906872000,0.076872000,0
'2026-08-22 08:24:52.906872400,0.076872400,1
'2026-08-22 08:24:52.906889000,0.076889000,0
'2026-08-22 08:24:52.906889100,0.076889100,1
'2026-08-22 08:24:52.906889800,0.076889800,0
'2026-08-22 08:24:52.906889900,0.076889900,1
'2026-08-22 08:24:52.906890300,0.076890300,0
'2026-08-22 08:24:52.906890500,0.076890500,1
'2026-08-22 08:24:52.906890700,0.076890700,0
'2026-08-22 08:24:52.906890900,0.076890900,1
'2026-08-22 08:24:52.906891000,0.076891000,0
'2026-08-22 08:24:52.906891100,0.076891100,1
'2026-08-22 08:24:52.906891900,0.076891900,0
'2026-08-22 08:24:52.906892000,0.076892000,1
'2026-08-22 08:24:52.906892200,0.076892200,0
'2026-08-22 08:24:52.906892400,0.076892400,1
'2026-08-22 08:24:52.906892500,0.076892500,0
'2026-08-22 08:24:52.906892600,0.076892600,1
'2026-08-22 08:24:52.906892700,0.076892700,0
'2026-08-22 08:24:52.906893500,0.076893500,1
'2026-08-22 08:24:52.906893700,0.076893700,0
'2026-08-22 08:24:52.906894100,0.076894100,1
'2026-08-22 08:24:52.906894200,0.076894200,0
'2026-08-22 08:24:52.906894500,0.076894500,1
'2026-08-22 08:24:52.906894800,0.076894800,0
'2026-08-22 08:24:52.906895000,0.076895000,1
'2026-08-22 08:24:52.906895100,0.076895100,0
'2026-08-22 08:24:52.906895200,0.076895200,1
'2026-08-22 08:24:52.906895500,0.076895500,0
'2026-08-22 08:24:52.906895600,0.076895600,1
'2026-08-22 08:24:52.906913600,0.076913600,0
'2026-08-22 08:24:52.906913700,0.076913700,1
'2026-08-22 08:24:52.906913800,0.076913800,0
'2026-08-22 08:24:52.906913900,0.076913900,1
'2026-08-22 08:24:52.906914400,0.076914400,0
'2026-08-22 08:24:52.906914500,0.076914500,1
'2026-08-22 08:24:52.906914800,0.076914800,0
'2026-08-22 08:24:52.906914900,0.076914900,1
'2026-08-22 08:24:52.906915300,0.076915300,0
'2026-08-22 08:24:52.906915500,0.076915500,1
'2026-08-22 08:24:52.906921200,0.076921200,0
'2026-08-22 08:24:52.906921400,0.076921400,1
'2026-08-22 08:24:52.906921600,0.076921600,0
'2026-08-22 08:24:52.906921700,0.076921700,1
'2026-08-22 08:24:52.906922300,0.076922300,0
'2026-08-22 08:24:52.906922400,0.076922400,1
'2026-08-22 08:24:52.906922600,0.076922600,0
'2026-08-22 08:24:52.906922700,0.076922700,1
'2026-08-22 08:24:52.906922800,0.076922800,0
'2026-08-22 08:24:52.906923300,0.076923300,1
'2026-08-22 08:24:52.906923400,0.076923400,0
'2026-08-22 08:24:52.906923900,0.076923900,1
'2026-08-22 08:24:52.906924000,0.076924000,0
'2026-08-22 08:24:52.906924500,0.076924500,1
'2026-08-22 08:24:52.906941700,0.076941700,0
'2026-08-22 08:24:52.906941900,0.076941900,1
'2026-08-22 08:24:52.906942200,0.076942200,0
'2026-08-22 08:24:52.906942300,0.076942300,1
'2026-08-22 08:24:52.906942400,0.076942400,0
'2026-08-22 08:24:52.906942500,0.076942500,1
'2026-08-22 08:24:52.906942600,0.076942600,0
'2026-08-22 08:24:52.906942900,0.076942900,1
'2026-08-22 08:24:52.906943000,0.076943000,0
'2026-08-22 08:24:52.906943100,0.076943100,1
'2026-08-22 08:24:52.906943300,0.076943300,0
'2026-08-22 08:24:52.906943600,0.076943600,1
'2026-08-22 08:24:52.906944200,0.076944200,0
'2026-08-22 08:24:52.906944300,0.076944300,1
'2026-08-22 08:24:52.906945700,0.076945700,0
'2026-08-22 08:24:52.906945800,0.076945800,1
'2026-08-22 08:24:52.906946200,0.076946200,0
'2026-08-22 08:24:52.906946300,0.076946300,1
'2026-08-22 08:24:52.906973300,0.076973300,0
'2026-08-22 08:24:52.906973400,0.076973400,1
'2026-08-22 08:24:52.906973800,0.076973800,0
'2026-08-22 08:24:52.906973900,0.076973900,1
'2026-08-22 08:24:52.906974000,0.076974000,0
'2026-08-22 08:24:52.906974100,0.076974100,1
'2026-08-22 08:24:52.906974300,0.076974300,0
'2026-08-22 08:24:52.906974400,0.076974400,1
'2026-08-22 08:24:52.906992800,0.076992800,0
'2026-08-22 08:24:52.906992900,0.076992900,1
'2026-08-22 08:24:52.906993300,0.076993300,0
'2026-08-22 08:24:52.906993400,0.076993400,1
'2026-08-22 08:24:52.906994400,0.076994400,0
'2026-08-22 08:24:52.906994500,0.076994500,1
'2026-08-22 08:24:52.907002000,0.077002000,0
'2026-08-22 08:24:52.907002100,0.077002100,1
'2026-08-22 08:24:52.907023500,0.077023500,0
'2026-08-22 08:24:52.907023600,0.077023600,1
'2026-08-22 08:24:52.907024600,0.077024600,0
'2026-08-22 08:24:52.907024700,0.077024700,1
'2026-08-22 08:24:52.907025200,0.077025200,0
'2026-08-22 08:24:52.907025300,0.077025300,1
'2026-08-22 08:24:52.907052900,0.077052900,0
'2026-08-22 08:24:52.907053000,0.077053000,1
'2026-08-22 08:24:52.907053400,0.077053400,0
'2026-08-22 08:24:52.907053500,0.077053500,1
'2026-08-22 08:24:52.907073400,0.077073400,0
'2026-08-22 08:24:52.907073500,0.077073500,1
'2026-08-22 08:24:52.907073800,0.077073800,0
'2026-08-22 08:24:52.907073900,0.077073900,1
'2026-08-22 08:24:52.907074400,0.077074400,0
'2026-08-22 08:24:52.907074500,0.077074500,1
'2026-08-22 08:24:52.907104200,0.077104200,0
'2026-08-22 08:24:52.907104300,0.077104300,1
'2026-08-22 08:24:52.907155700,0.077155700,0
'2026-08-22 08:24:52.907155800,0.077155800,1
'2026-08-22 08:24:52.907176200,0.077176200,0
'2026-08-22 08:24:52.907176300,0.077176300,1
'2026-08-22 08:24:52.907626900,0.077626900,0
'2026-08-22 08:24:52.907627200,0.077627200,1
'2026-08-22 08:24:52.907627500,0.077627500,0
'2026-08-22 08:24:52.907627700,0.077627700,1
'2026-08-22 08:24:52.907627800,0.077627800,0
'2026-08-22 08:24:52.907627900,0.077627900,1
'2026-08-22 08:24:52.907646400,0.077646400,0
'2026-08-22 08:24:52.907646500,0.077646500,1
'2026-08-22 08:24:52.907647000,0.077647000,0
'2026-08-22 08:24:52.907647100,0.077647100,1
'2026-08-22 08:24:52.907647400,0.077647400,0
'2026-08-22 08:24:52.907647700,0.077647700,1
'2026-08-22 08:24:52.907647900,0.077647900,0
'2026-08-22 08:24:52.907648100,0.077648100,1
'2026-08-22 08:24:52.907648600,0.077648600,0
'2026-08-22 08:24:52.907648700,0.077648700,1
'2026-08-22 08:24:52.907649000,0.077649000,0
'2026-08-22 08:24:52.907649100,0.077649100,1
'2026-08-22 08:24:52.907649700,0.077649700,0
'2026-08-22 08:24:52.907649900,0.077649900,1
'2026-08-22 08:24:52.907650000,0.077650000,0
'2026-08-22 08:24:52.907650100,0.077650100,1
'2026-08-22 08:24:52.907651000,0.077651000,0
'2026-08-22 08:24:52.907651100,0.077651100,1
'2026-08-22 08:24:52.907652900,0.077652900,0
'2026-08-22 08:24:52.907653000,0.077653000,1
'2026-08-22 08:24:52.907669300,0.077669300,0
'2026-08-22 08:24:52.907669400,0.077669400,1
'2026-08-22 08:24:52.907670100,0.077670100,0
'2026-08-22 08:24:52.907670200,0.077670200,1
'2026-08-22 08:24:52.907678400,0.077678400,0
'2026-08-22 08:24:52.907678700,0.077678700,1
'2026-08-22 08:24:52.907679500,0.077679500,0
'2026-08-22 08:24:52.907679700,0.077679700,1
'2026-08-22 08:24:52.907679800,0.077679800,0
'2026-08-22 08:24:52.907679900,0.077679900,1
'2026-08-22 08:24:52.907680100,0.077680100,0
'2026-08-22 08:24:52.907680300,0.077680300,1
'2026-08-22 08:24:52.907696100,0.077696100,0
'2026-08-22 08:24:52.907696200,0.077696200,1
'2026-08-22 08:24:52.907698700,0.077698700,0
'2026-08-22 08:24:52.907698900,0.077698900,1
'2026-08-22 08:24:52.907699000,0.077699000,0
'2026-08-22 08:24:52.907699100,0.077699100,1
'2026-08-22 08:24:52.907699200,0.077699200,0
'2026-08-22 08:24:52.907699300,0.077699300,1
'2026-08-22 08:24:52.907700000,0.077700000,0
'2026-08-22 08:24:52.907700300,0.077700300,1
'2026-08-22 08:24:52.907781500,0.077781500,0
'2026-08-22 08:24:52.907781600,0.077781600,1
'2026-08-22 08:24:52.909240100,0.079240100,0
'2026-08-22 08:24:52.909240600,0.079240600,1
'2026-08-22 08:24:52.909240700,0.079240700,0
'2026-08-22 08:24:52.909241100,0.079241100,1
'2026-08-22 08:24:52.909241200,0.079241200,0
'2026-08-22 08:24:52.909242300,0.079242300,1
'2026-08-22 08:24:52.909242400,0.079242400,0
'2026-08-22 08:24:52.909243500,0.079243500,1
'2026-08-22 08:24:52.909243600,0.079243600,0
'2026-08-22 08:24:52.909244100,0.079244100,1
'2026-08-22 08:24:52.909244200,0.079244200,0
'2026-08-22 08:24:52.909244700,0.079244700,1
'2026-08-22 08:24:52.909244800,0.079244800,0
'2026-08-22 08:24:52.909245100,0.079245100,1
'2026-08-22 08:24:52.909260000,0.079260000,0
'2026-08-22 08:24:52.909260400,0.079260400,1
'2026-08-22 08:24:52.909260500,0.079260500,0
'2026-08-22 08:24:52.909261000,0.079261000,1
'2026-08-22 08:24:52.909261200,0.079261200,0
'2026-08-22 08:24:52.909263000,0.079263000,1
'2026-08-22 08:24:52.909263100,0.079263100,0
'2026-08-22 08:24:52.909263400,0.079263400,1
'2026-08-22 08:24:52.909263500,0.079263500,0
'2026-08-22 08:24:52.909263900,0.079263900,1
'2026-08-22 08:24:52.909264000,0.079264000,0
'2026-08-22 08:24:52.909264500,0.079264500,1
'2026-08-22 08:24:52.909264600,0.079264600,0
'2026-08-22 08:24:52.909265100,0.079265100,1
'2026-08-22 08:24:52.909265200,0.079265200,0
'2026-08-22 08:24:52.909266100,0.079266100,1
'2026-08-22 08:24:52.909266200,0.079266200,0
'2026-08-22 08:24:52.909267500,0.079267500,1
'2026-08-22 08:24:52.909267600,0.079267600,0
'2026-08-22 08:24:52.909268600,0.079268600,1
'2026-08-22 08:24:52.909268800,0.079268800,0
'2026-08-22 08:24:52.909269100,0.079269100,1
'2026-08-22 08:24:52.909269300,0.079269300,0
'2026-08-22 08:24:52.909269500,0.079269500,1
'2026-08-22 08:24:52.909269600,0.079269600,0
'2026-08-22 08:24:52.909269900,0.079269900,1
'2026-08-22 08:24:52.909270000,0.079270000,0
'2026-08-22 08:24:52.909270600,0.079270600,1
'2026-08-22 08:24:52.909270700,0.079270700,0
'2026-08-22 08:24:52.909271000,0.079271000,1
'2026-08-22 08:24:52.909271100,0.079271100,0
'2026-08-22 08:24:52.909271200,0.079271200,1
'2026-08-22 08:24:52.909285800,0.079285800,0
'2026-08-22 08:24:52.909286100,0.079286100,1
'2026-08-22 08:24:52.909286200,0.079286200,0
'2026-08-22 08:24:52.909286700,0.079286700,1
'2026-08-22 08:24:52.909286800,0.079286800,0
'2026-08-22 08:24:52.909287200,0.079287200,1
'2026-08-22 08:24:52.909287400,0.079287400,0
'2026-08-22 08:24:52.909287700,0.079287700,1
'2026-08-22 08:24:52.909287800,0.079287800,0
'2026-08-22 08:24:52.909287900,0.079287900,1
'2026-08-22 08:24:52.909288000,0.079288000,0
'2026-08-22 08:24:52.909288100,0.079288100,1
'2026-08-22 08:24:52.909288400,0.079288400,0
'2026-08-22 08:24:52.909288500,0.079288500,1
'2026-08-22 08:24:52.909288600,0.079288600,0
'2026-08-22 08:24:52.909289600,0.079289600,1
'2026-08-22 08:24:52.909289800,0.079289800,0
'2026-08-22 08:24:52.909290100,0.079290100,1
'2026-08-22 08:24:52.909290300,0.079290300,0
'2026-08-22 08:24:52.909291100,0.079291100,1
'2026-08-22 08:24:52.909291200,0.079291200,0
'2026-08-22 08:24:52.909291300,0.079291300,1
'2026-08-22 08:24:52.909291500,0.079291500,0
'2026-08-22 08:24:52.909292400,0.079292400,1
'2026-08-22 08:24:52.909292500,0.079292500,0
'2026-08-22 08:24:52.909292600,0.079292600,1
'2026-08-22 08:24:52.909292700,0.079292700,0
'2026-08-22 08:24:52.909293200,0.079293200,1
'2026-08-22 08:24:52.909293300,0.079293300,0
'2026-08-22 08:24:52.909293700,0.079293700,1
'2026-08-22 08:24:52.909293800,0.079293800,0
'2026-08-22 08:24:52.909294900,0.079294900,1
'2026-08-22 08:24:52.909295000,0.079295000,0
'2026-08-22 08:24:52.909295500,0.079295500,1
'2026-08-22 08:24:52.909295600,0.079295600,0
'2026-08-22 08:24:52.909295700,0.079295700,1
'2026-08-22 08:24:52.909295900,0.079295900,0
'2026-08-22 08:24:52.909296100,0.079296100,1
'2026-08-22 08:24:52.909296200,0.079296200,0
'2026-08-22 08:24:52.909296600,0.079296600,1
'2026-08-22 08:24:52.909296700,0.079296700,0
'2026-08-22 08:24:52.909297300,0.079297300,1
'2026-08-22 08:24:52.909312500,0.079312500,0
'2026-08-22 08:24:52.909312700,0.079312700,1
'2026-08-22 08:24:52.909313200,0.079313200,0
'2026-08-22 08:24:52.909313600,0.079313600,1
'2026-08-22 08:24:52.909313700,0.079313700,0
'2026-08-22 08:24:52.909314200,0.079314200,1
'2026-08-22 08:24:52.909314300,0.079314300,0
'2026-08-22 08:24:52.909314700,0.079314700,1
'2026-08-22 08:24:52.909314900,0.079314900,0
'2026-08-22 08:24:52.909315300,0.079315300,1
'2026-08-22 08:24:52.909315400,0.079315400,0
'2026-08-22 08:24:52.909315900,0.079315900,1
'2026-08-22 08:24:52.909316000,0.079316000,0
'2026-08-22 08:24:52.909316400,0.079316400,1
'2026-08-22 08:24:52.909316600,0.079316600,0
'2026-08-22 08:24:52.909317100,0.079317100,1
'2026-08-22 08:24:52.909317200,0.079317200,0
'2026-08-22 08:24:52.909317600,0.079317600,1
'2026-08-22 08:24:52.909317800,0.079317800,0
'2026-08-22 08:24:52.909318100,0.079318100,1
'2026-08-22 08:24:52.909318600,0.079318600,0
'2026-08-22 08:24:52.909318900,0.079318900,1
'2026-08-22 08:24:52.909319000,0.079319000,0
'2026-08-22 08:24:52.909319400,0.079319400,1
'2026-08-22 08:24:52.909319600,0.079319600,0
'2026-08-22 08:24:52.909319900,0.079319900,1
'2026-08-22 08:24:52.909320000,0.079320000,0
'2026-08-22 08:24:52.909320100,0.079320100,1
'2026-08-22 08:24:52.909320200,0.079320200,0
'2026-08-22 08:24:52.909320300,0.079320300,1
'2026-08-22 08:24:52.909320800,0.079320800,0
'2026-08-22 08:24:52.909320900,0.079320900,1
'2026-08-22 08:24:52.909321600,0.079321600,0
'2026-08-22 08:24:52.909321700,0.079321700,1
'2026-08-22 08:24:52.909322100,0.079322100,0
'2026-08-22 08:24:52.909322300,0.079322300,1
'2026-08-22 08:24:52.909322600,0.079322600,0
'2026-08-22 08:24:52.909322800,0.079322800,1
'2026-08-22 08:24:52.909323000,0.079323000,0
'2026-08-22 08:24:52.909323400,0.079323400,1
'2026-08-22 08:24:52.909338200,0.079338200,0
'2026-08-22 08:24:52.909338700,0.079338700,1
'2026-08-22 08:24:52.909338900,0.079338900,0
'2026-08-22 08:24:52.909339100,0.079339100,1
'2026-08-22 08:24:52.909342600,0.079342600,0
'2026-08-22 08:24:52.909342700,0.079342700,1
'2026-08-22 08:24:52.909343700,0.079343700,0
'2026-08-22 08:24:52.909343900,0.079343900,1
'2026-08-22 08:24:52.909344300,0.079344300,0
'2026-08-22 08:24:52.909344500,0.079344500,1
'2026-08-22 08:24:52.909344600,0.079344600,0
'2026-08-22 08:24:52.909345100,0.079345100,1
'2026-08-22 08:24:52.909345200,0.079345200,0
'2026-08-22 08:24:52.909345700,0.079345700,1
'2026-08-22 08:24:52.909345800,0.079345800,0
'2026-08-22 08:24:52.909346900,0.079346900,1
'2026-08-22 08:24:52.909347000,0.079347000,0
'2026-08-22 08:24:52.909348000,0.079348000,1
'2026-08-22 08:24:52.909348100,0.079348100,0
'2026-08-22 08:24:52.909348500,0.079348500,1
'2026-08-22 08:24:52.909365100,0.079365100,0
'2026-08-22 08:24:52.909365400,0.079365400,1
'2026-08-22 08:24:52.909365500,0.079365500,0
'2026-08-22 08:24:52.909365600,0.079365600,1
'2026-08-22 08:24:52.909365700,0.079365700,0
'2026-08-22 08:24:52.909366300,0.079366300,1
'2026-08-22 08:24:52.909366400,0.079366400,0
'2026-08-22 08:24:52.909366700,0.079366700,1
'2026-08-22 08:24:52.909366800,0.079366800,0
'2026-08-22 08:24:52.909367300,0.079367300,1
'2026-08-22 08:24:52.909367400,0.079367400,0
'2026-08-22 08:24:52.909368300,0.079368300,1
'2026-08-22 08:24:52.909368700,0.079368700,0
'2026-08-22 08:24:52.909368900,0.079368900,1
'2026-08-22 08:24:52.909369200,0.079369200,0
'2026-08-22 08:24:52.909369300,0.079369300,1
'2026-08-22 08:24:52.909370000,0.079370000,0
'2026-08-22 08:24:52.909370100,0.079370100,1
'2026-08-22 08:24:52.909374500,0.079374500,0
'2026-08-22 08:24:52.909374600,0.079374600,1
'2026-08-22 08:24:52.909375200,0.079375200,0
'2026-08-22 08:24:52.909375500,0.079375500,1
'2026-08-22 08:24:52.909396200,0.079396200,0
'2026-08-22 08:24:52.909396300,0.079396300,1
'2026-08-22 08:24:52.909396700,0.079396700,0
'2026-08-22 08:24:52.909396900,0.079396900,1
'2026-08-22 08:24:52.909397000,0.079397000,0
'2026-08-22 08:24:52.909397100,0.079397100,1
'2026-08-22 08:24:52.909397400,0.079397400,0
'2026-08-22 08:24:52.909397600,0.079397600,1
'2026-08-22 08:24:52.909397900,0.079397900,0
'2026-08-22 08:24:52.909398200,0.079398200,1
'2026-08-22 08:24:52.909398600,0.079398600,0
'2026-08-22 08:24:52.909398700,0.079398700,1
'2026-08-22 08:24:52.909399000,0.079399000,0
'2026-08-22 08:24:52.909399200,0.079399200,1
'2026-08-22 08:24:52.909399700,0.079399700,0
'2026-08-22 08:24:52.909399900,0.079399900,1
'2026-08-22 08:24:52.909400200,0.079400200,0
'2026-08-22 08:24:52.909400400,0.079400400,1
'2026-08-22 08:24:52.909401400,0.079401400,0
'2026-08-22 08:24:52.909401600,0.079401600,1
'2026-08-22 08:24:52.909417800,0.079417800,0
'2026-08-22 08:24:52.909417900,0.079417900,1
'2026-08-22 08:24:52.909419000,0.079419000,0
'2026-08-22 08:24:52.909419100,0.079419100,1
'2026-08-22 08:24:52.909419400,0.079419400,0
'2026-08-22 08:24:52.909419500,0.079419500,1
'2026-08-22 08:24:52.909420200,0.079420200,0
'2026-08-22 08:24:52.909420300,0.079420300,1
'2026-08-22 08:24:52.909420400,0.079420400,0
'2026-08-22 08:24:52.909420500,0.079420500,1
'2026-08-22 08:24:52.909420600,0.079420600,0
'2026-08-22 08:24:52.909420700,0.079420700,1
'2026-08-22 08:24:52.909425400,0.079425400,0
'2026-08-22 08:24:52.909425500,0.079425500,1
'2026-08-22 08:24:52.909426600,0.079426600,0
'2026-08-22 08:24:52.909426700,0.079426700,1
'2026-08-22 08:24:52.909427000,0.079427000,0
'2026-08-22 08:24:52.909427100,0.079427100,1
'2026-08-22 08:24:52.909446600,0.079446600,0
'2026-08-22 08:24:52.909446700,0.079446700,1
'2026-08-22 08:24:52.909477400,0.079477400,0
'2026-08-22 08:24:52.909477500,0.079477500,1
'2026-08-22 08:24:52.909478400,0.079478400,0
'2026-08-22 08:24:52.909478500,0.079478500,1
'2026-08-22 08:24:52.909503600,0.079503600,0
'2026-08-22 08:24:52.909503700,0.079503700,1
'2026-08-22 08:24:52.909522800,0.079522800,0
'2026-08-22 08:24:52.909522900,0.079522900,1
'2026-08-22 08:24:52.909527000,0.079527000,0
'2026-08-22 08:24:52.909527100,0.079527100,1
'2026-08-22 08:24:52.910068500,0.080068500,0
'2026-08-22 08:24:52.910068600,0.080068600,1
'2026-08-22 08:24:52.910069000,0.080069000,0
'2026-08-22 08:24:52.910069100,0.080069100,1
'2026-08-22 08:24:52.910069500,0.080069500,0
'2026-08-22 08:24:52.910069600,0.080069600,1
'2026-08-22 08:24:52.910069800,0.080069800,0
'2026-08-22 08:24:52.910069900,0.080069900,1
'2026-08-22 08:24:52.910071600,0.080071600,0
'2026-08-22 08:24:52.910071700,0.080071700,1
'2026-08-22 08:24:52.910071800,0.080071800,0
'2026-08-22 08:24:52.910071900,0.080071900,1
'2026-08-22 08:24:52.910072100,0.080072100,0
'2026-08-22 08:24:52.910072200,0.080072200,1
'2026-08-22 08:24:52.910072500,0.080072500,0
'2026-08-22 08:24:52.910072700,0.080072700,1
'2026-08-22 08:24:52.910072800,0.080072800,0
'2026-08-22 08:24:52.910072900,0.080072900,1
'2026-08-22 08:24:52.910073700,0.080073700,0
'2026-08-22 08:24:52.910074000,0.080074000,1
'2026-08-22 08:24:52.910074200,0.080074200,0
'2026-08-22 08:24:52.910074300,0.080074300,1
'2026-08-22 08:24:52.910074400,0.080074400,0
'2026-08-22 08:24:52.910074600,0.080074600,1
'2026-08-22 08:24:52.910074800,0.080074800,0
'2026-08-22 08:24:52.910075500,0.080075500,1
'2026-08-22 08:24:52.910075600,0.080075600,0
'2026-08-22 08:24:52.910076400,0.080076400,1
'2026-08-22 08:24:52.910076500,0.080076500,0
'2026-08-22 08:24:52.910076700,0.080076700,1
'2026-08-22 08:24:52.910078400,0.080078400,0
'2026-08-22 08:24:52.910078500,0.080078500,1
'2026-08-22 08:24:52.910079400,0.080079400,0
'2026-08-22 08:24:52.910079500,0.080079500,1
'2026-08-22 08:24:52.910094600,0.080094600,0
'2026-08-22 08:24:52.910094700,0.080094700,1
'2026-08-22 08:24:52.910094800,0.080094800,0
'2026-08-22 08:24:52.910095000,0.080095000,1
'2026-08-22 08:24:52.910095200,0.080095200,0
'2026-08-22 08:24:52.910095700,0.080095700,1
'2026-08-22 08:24:52.910095800,0.080095800,0
'2026-08-22 08:24:52.910096200,0.080096200,1
'2026-08-22 08:24:52.910096400,0.080096400,0
'2026-08-22 08:24:52.910096700,0.080096700,1
'2026-08-22 08:24:52.910096900,0.080096900,0
'2026-08-22 08:24:52.910097000,0.080097000,1
'2026-08-22 08:24:52.910097800,0.080097800,0
'2026-08-22 08:24:52.910097900,0.080097900,1
'2026-08-22 08:24:52.910098800,0.080098800,0
'2026-08-22 08:24:52.910098900,0.080098900,1
'2026-08-22 08:24:52.910100100,0.080100100,0
'2026-08-22 08:24:52.910100300,0.080100300,1
'2026-08-22 08:24:52.910102400,0.080102400,0
'2026-08-22 08:24:52.910102500,0.080102500,1
'2026-08-22 08:24:52.910102900,0.080102900,0
'2026-08-22 08:24:52.910103000,0.080103000,1
'2026-08-22 08:24:52.910103800,0.080103800,0
'2026-08-22 08:24:52.910104400,0.080104400,1
'2026-08-22 08:24:52.910104500,0.080104500,0
'2026-08-22 08:24:52.910104600,0.080104600,1
'2026-08-22 08:24:52.910104700,0.080104700,0
'2026-08-22 08:24:52.910104900,0.080104900,1
'2026-08-22 08:24:52.910105200,0.080105200,0
'2026-08-22 08:24:52.910105400,0.080105400,1
'2026-08-22 08:24:52.910105500,0.080105500,0
'2026-08-22 08:24:52.910105600,0.080105600,1
'2026-08-22 08:24:52.910123400,0.080123400,0
'2026-08-22 08:24:52.910123500,0.080123500,1
'2026-08-22 08:24:52.910124000,0.080124000,0
'2026-08-22 08:24:52.910124100,0.080124100,1
'2026-08-22 08:24:52.910125200,0.080125200,0
'2026-08-22 08:24:52.910125400,0.080125400,1
'2026-08-22 08:24:52.910125500,0.080125500,0
'2026-08-22 08:24:52.910125600,0.080125600,1
'2026-08-22 08:24:52.910125700,0.080125700,0
'2026-08-22 08:24:52.910125900,0.080125900,1
'2026-08-22 08:24:52.910126200,0.080126200,0
'2026-08-22 08:24:52.910126300,0.080126300,1
'2026-08-22 08:24:52.910128000,0.080128000,0
'2026-08-22 08:24:52.910128100,0.080128100,1
'2026-08-22 08:24:52.910128200,0.080128200,0
'2026-08-22 08:24:52.910128300,0.080128300,1
'2026-08-22 08:24:52.910128800,0.080128800,0
'2026-08-22 08:24:52.910128900,0.080128900,1
'2026-08-22 08:24:52.910129300,0.080129300,0
'2026-08-22 08:24:52.910129400,0.080129400,1
'2026-08-22 08:24:52.910129900,0.080129900,0
'2026-08-22 08:24:52.910130000,0.080130000,1
'2026-08-22 08:24:52.910130400,0.080130400,0
'2026-08-22 08:24:52.910130600,0.080130600,1
'2026-08-22 08:24:52.910131600,0.080131600,0
'2026-08-22 08:24:52.910131700,0.080131700,1
'2026-08-22 08:24:52.910149000,0.080149000,0
'2026-08-22 08:24:52.910149100,0.080149100,1
'2026-08-22 08:24:52.910151300,0.080151300,0
'2026-08-22 08:24:52.910151400,0.080151400,1
'2026-08-22 08:24:52.910151500,0.080151500,0
'2026-08-22 08:24:52.910151700,0.080151700,1
'2026-08-22 08:24:52.910153700,0.080153700,0
'2026-08-22 08:24:52.910153800,0.080153800,1
'2026-08-22 08:24:52.910175300,0.080175300,0
'2026-08-22 08:24:52.910175500,0.080175500,1
'2026-08-22 08:24:52.910175800,0.080175800,0
'2026-08-22 08:24:52.910175900,0.080175900,1
'2026-08-22 08:24:52.910183000,0.080183000,0
'2026-08-22 08:24:52.910183100,0.080183100,1
'2026-08-22 08:24:52.910226600,0.080226600,0
'2026-08-22 08:24:52.910226700,0.080226700,1
'2026-08-22 08:24:52.910306600,0.080306600,0
'2026-08-22 08:24:52.910306700,0.080306700,1
'2026-08-22 08:24:52.910365300,0.080365300,0
'2026-08-22 08:24:52.910365400,0.080365400,1
'2026-08-22 08:24:52.910887000,0.080887000,0
'2026-08-22 08:24:52.910887100,0.080887100,1
'2026-08-22 08:24:52.910887300,0.080887300,0
'2026-08-22 08:24:52.910887500,0.080887500,1
'2026-08-22 08:24:52.910887600,0.080887600,0
'2026-08-22 08:24:52.910887700,0.080887700,1
'2026-08-22 08:24:52.910903800,0.080903800,0
'2026-08-22 08:24:52.910903900,0.080903900,1
'2026-08-22 08:24:52.910904200,0.080904200,0
'2026-08-22 08:24:52.910904300,0.080904300,1
'2026-08-22 08:24:52.910905000,0.080905000,0
'2026-08-22 08:24:52.910905200,0.080905200,1
'2026-08-22 08:24:52.910906000,0.080906000,0
'2026-08-22 08:24:52.910906300,0.080906300,1
'2026-08-22 08:24:52.910906500,0.080906500,0
'2026-08-22 08:24:52.910906700,0.080906700,1
'2026-08-22 08:24:52.910907300,0.080907300,0
'2026-08-22 08:24:52.910907400,0.080907400,1
'2026-08-22 08:24:52.910908300,0.080908300,0
'2026-08-22 08:24:52.910908700,0.080908700,1
'2026-08-22 08:24:52.910908900,0.080908900,0
'2026-08-22 08:24:52.910909000,0.080909000,1
'2026-08-22 08:24:52.910909700,0.080909700,0
'2026-08-22 08:24:52.910909900,0.080909900,1
'2026-08-22 08:24:52.910913900,0.080913900,0
'2026-08-22 08:24:52.910914000,0.080914000,1
'2026-08-22 08:24:52.910929900,0.080929900,0
'2026-08-22 08:24:52.910930000,0.080930000,1
'2026-08-22 08:24:52.910933000,0.080933000,0
'2026-08-22 08:24:52.910933100,0.080933100,1
'2026-08-22 08:24:52.910935800,0.080935800,0
'2026-08-22 08:24:52.910935900,0.080935900,1
'2026-08-22 08:24:52.910936400,0.080936400,0
'2026-08-22 08:24:52.910936500,0.080936500,1
'2026-08-22 08:24:52.910937000,0.080937000,0
'2026-08-22 08:24:52.910937100,0.080937100,1
'2026-08-22 08:24:52.910937200,0.080937200,0
'2026-08-22 08:24:52.910937300,0.080937300,1
'2026-08-22 08:24:52.910957500,0.080957500,0
'2026-08-22 08:24:52.910957600,0.080957600,1
'2026-08-22 08:24:52.910965100,0.080965100,0
'2026-08-22 08:24:52.910965200,0.080965200,1
'2026-08-22 08:24:52.911142100,0.081142100,0
'2026-08-22 08:24:52.911142200,0.081142200,1
'2026-08-22 08:24:52.911711000,0.081711000,0
'2026-08-22 08:24:52.911711200,0.081711200,1
'2026-08-22 08:24:52.911711600,0.081711600,0
'2026-08-22 08:24:52.911712000,0.081712000,1
'2026-08-22 08:24:52.911712100,0.081712100,0
'2026-08-22 08:24:52.911712500,0.081712500,1
'2026-08-22 08:24:52.911712900,0.081712900,0
'2026-08-22 08:24:52.911713100,0.081713100,1
'2026-08-22 08:24:52.911713700,0.081713700,0
'2026-08-22 08:24:52.911713800,0.081713800,1
'2026-08-22 08:24:52.911715800,0.081715800,0
'2026-08-22 08:24:52.911715900,0.081715900,1
'2026-08-22 08:24:52.911718100,0.081718100,0
'2026-08-22 08:24:52.911718300,0.081718300,1
'2026-08-22 08:24:52.911719200,0.081719200,0
'2026-08-22 08:24:52.911719500,0.081719500,1
'2026-08-22 08:24:52.911719800,0.081719800,0
'2026-08-22 08:24:52.911719900,0.081719900,1
'2026-08-22 08:24:52.911720100,0.081720100,0
'2026-08-22 08:24:52.911720200,0.081720200,1
'2026-08-22 08:24:52.911720300,0.081720300,0
'2026-08-22 08:24:52.911720800,0.081720800,1
'2026-08-22 08:24:52.911721000,0.081721000,0
'2026-08-22 08:24:52.911721300,0.081721300,1
'2026-08-22 08:24:52.911721500,0.081721500,0
'2026-08-22 08:24:52.911721700,0.081721700,1
'2026-08-22 08:24:52.911738800,0.081738800,0
'2026-08-22 08:24:52.911738900,0.081738900,1
'2026-08-22 08:24:52.911739700,0.081739700,0
'2026-08-22 08:24:52.911739800,0.081739800,1
'2026-08-22 08:24:52.911740400,0.081740400,0
'2026-08-22 08:24:52.911740500,0.081740500,1
'2026-08-22 08:24:52.911742000,0.081742000,0
'2026-08-22 08:24:52.911742200,0.081742200,1
'2026-08-22 08:24:52.911743200,0.081743200,0
'2026-08-22 08:24:52.911743400,0.081743400,1
'2026-08-22 08:24:52.911743800,0.081743800,0
'2026-08-22 08:24:52.911743900,0.081743900,1
'2026-08-22 08:24:52.911748000,0.081748000,0
'2026-08-22 08:24:52.911748100,0.081748100,1
'2026-08-22 08:24:52.911763900,0.081763900,0
'2026-08-22 08:24:52.911764000,0.081764000,1
'2026-08-22 08:24:52.911764400,0.081764400,0
'2026-08-22 08:24:52.911764500,0.081764500,1
'2026-08-22 08:24:52.911764800,0.081764800,0
'2026-08-22 08:24:52.911765100,0.081765100,1
'2026-08-22 08:24:52.911770200,0.081770200,0
'2026-08-22 08:24:52.911770300,0.081770300,1
'2026-08-22 08:24:52.911770500,0.081770500,0
'2026-08-22 08:24:52.911770700,0.081770700,1
'2026-08-22 08:24:52.911904400,0.081904400,0
'2026-08-22 08:24:52.911904500,0.081904500,1
'2026-08-22 08:24:52.912545200,0.082545200,0
'2026-08-22 08:24:52.912545300,0.082545300,1
'2026-08-22 08:24:52.912545400,0.082545400,0
'2026-08-22 08:24:52.912545500,0.082545500,1
'2026-08-22 08:24:52.912545600,0.082545600,0
'2026-08-22 08:24:52.912545900,0.082545900,1
'2026-08-22 08:24:52.912546200,0.082546200,0
'2026-08-22 08:24:52.912546300,0.082546300,1
'2026-08-22 08:24:52.912546400,0.082546400,0
'2026-08-22 08:24:52.912546700,0.082546700,1
'2026-08-22 08:24:52.912546800,0.082546800,0
'2026-08-22 08:24:52.912546900,0.082546900,1
'2026-08-22 08:24:52.912547000,0.082547000,0
'2026-08-22 08:24:52.912547100,0.082547100,1
'2026-08-22 08:24:52.912548900,0.082548900,0
'2026-08-22 08:24:52.912549000,0.082549000,1
'2026-08-22 08:24:52.912552200,0.082552200,0
'2026-08-22 08:24:52.912552300,0.082552300,1
'2026-08-22 08:24:52.912552600,0.082552600,0
'2026-08-22 08:24:52.912552900,0.082552900,1
'2026-08-22 08:24:52.912553000,0.082553000,0
'2026-08-22 08:24:52.912553100,0.082553100,1
'2026-08-22 08:24:52.912553200,0.082553200,0
'2026-08-22 08:24:52.912553500,0.082553500,1
'2026-08-22 08:24:52.912553600,0.082553600,0
'2026-08-22 08:24:52.912553700,0.082553700,1
'2026-08-22 08:24:52.912553800,0.082553800,0
'2026-08-22 08:24:52.912555400,0.082555400,1
'2026-08-22 08:24:52.912555500,0.082555500,0
'2026-08-22 08:24:52.912555900,0.082555900,1
'2026-08-22 08:24:52.912556000,0.082556000,0
'2026-08-22 08:24:52.912556600,0.082556600,1
'2026-08-22 08:24:52.912556700,0.082556700,0
'2026-08-22 08:24:52.912556800,0.082556800,1
'2026-08-22 08:24:52.912573800,0.082573800,0
'2026-08-22 08:24:52.912574100,0.082574100,1
'2026-08-22 08:24:52.912574600,0.082574600,0
'2026-08-22 08:24:52.912574900,0.082574900,1
'2026-08-22 08:24:52.912575000,0.082575000,0
'2026-08-22 08:24:52.912575900,0.082575900,1
'2026-08-22 08:24:52.912576000,0.082576000,0
'2026-08-22 08:24:52.912576200,0.082576200,1
'2026-08-22 08:24:52.912576400,0.082576400,0
'2026-08-22 08:24:52.912576500,0.082576500,1
'2026-08-22 08:24:52.912576600,0.082576600,0
'2026-08-22 08:24:52.912576700,0.082576700,1
'2026-08-22 08:24:52.912577500,0.082577500,0
'2026-08-22 08:24:52.912577600,0.082577600,1
'2026-08-22 08:24:52.912579800,0.082579800,0
'2026-08-22 08:24:52.912579900,0.082579900,1
'2026-08-22 08:24:52.912582800,0.082582800,0
'2026-08-22 08:24:52.912582900,0.082582900,1
'2026-08-22 08:24:52.912602600,0.082602600,0
'2026-08-22 08:24:52.912602700,0.082602700,1
'2026-08-22 08:24:52.912603000,0.082603000,0
'2026-08-22 08:24:52.912603100,0.082603100,1
'2026-08-22 08:24:52.912603700,0.082603700,0
'2026-08-22 08:24:52.912603900,0.082603900,1
'2026-08-22 08:24:52.912604000,0.082604000,0
'2026-08-22 08:24:52.912604400,0.082604400,1
'2026-08-22 08:24:52.912604600,0.082604600,0
'2026-08-22 08:24:52.912604900,0.082604900,1
'2026-08-22 08:24:52.912605000,0.082605000,0
'2026-08-22 08:24:52.912605100,0.082605100,1
'2026-08-22 08:24:52.912605300,0.082605300,0
'2026-08-22 08:24:52.912605500,0.082605500,1
'2026-08-22 08:24:52.912605600,0.082605600,0
'2026-08-22 08:24:52.912605700,0.082605700,1
'2026-08-22 08:24:52.912605800,0.082605800,0
'2026-08-22 08:24:52.912606000,0.082606000,1
'2026-08-22 08:24:52.912606100,0.082606100,0
'2026-08-22 08:24:52.912606200,0.082606200,1
'2026-08-22 08:24:52.912606400,0.082606400,0
'2026-08-22 08:24:52.912606700,0.082606700,1
'2026-08-22 08:24:52.912607800,0.082607800,0
'2026-08-22 08:24:52.912607900,0.082607900,1
'2026-08-22 08:24:52.912624000,0.082624000,0
'2026-08-22 08:24:52.912624300,0.082624300,1
'2026-08-22 08:24:52.912624500,0.082624500,0
'2026-08-22 08:24:52.912624600,0.082624600,1
'2026-08-22 08:24:52.912625200,0.082625200,0
'2026-08-22 08:24:52.912625300,0.082625300,1
'2026-08-22 08:24:52.912625400,0.082625400,0
'2026-08-22 08:24:52.912625500,0.082625500,1
'2026-08-22 08:24:52.912625600,0.082625600,0
'2026-08-22 08:24:52.912625700,0.082625700,1
'2026-08-22 08:24:52.912626400,0.082626400,0
'2026-08-22 08:24:52.912626600,0.082626600,1
'2026-08-22 08:24:52.912634500,0.082634500,0
'2026-08-22 08:24:52.912634700,0.082634700,1
'2026-08-22 08:24:52.912655600,0.082655600,0
'2026-08-22 08:24:52.912655700,0.082655700,1
'2026-08-22 08:24:52.912684800,0.082684800,0
'2026-08-22 08:24:52.912684900,0.082684900,1
'2026-08-22 08:24:52.912685900,0.082685900,0
'2026-08-22 08:24:52.912686000,0.082686000,1
'2026-08-22 08:24:52.912707600,0.082707600,0
'2026-08-22 08:24:52.912707700,0.082707700,1
'2026-08-22 08:24:52.912736600,0.082736600,0
'2026-08-22 08:24:52.912736700,0.082736700,1
'2026-08-22 08:24:52.912816300,0.082816300,0
'2026-08-22 08:24:52.912816400,0.082816400,1
'2026-08-22 08:24:52.913357600,0.083357600,0
'2026-08-22 08:24:52.913357700,0.083357700,1
'2026-08-22 08:24:52.913358300,0.083358300,0
'2026-08-22 08:24:52.913358500,0.083358500,1
'2026-08-22 08:24:52.913358600,0.083358600,0
'2026-08-22 08:24:52.913358700,0.083358700,1
'2026-08-22 08:24:52.913358800,0.083358800,0
'2026-08-22 08:24:52.913358900,0.083358900,1
'2026-08-22 08:24:52.913359000,0.083359000,0
'2026-08-22 08:24:52.913359100,0.083359100,1
'2026-08-22 08:24:52.913359200,0.083359200,0
'2026-08-22 08:24:52.913359700,0.083359700,1
'2026-08-22 08:24:52.913359800,0.083359800,0
'2026-08-22 08:24:52.913360200,0.083360200,1
'2026-08-22 08:24:52.913360400,0.083360400,0
'2026-08-22 08:24:52.913360900,0.083360900,1
'2026-08-22 08:24:52.913361000,0.083361000,0
'2026-08-22 08:24:52.913361300,0.083361300,1
'2026-08-22 08:24:52.913361600,0.083361600,0
'2026-08-22 08:24:52.913362000,0.083362000,1
'2026-08-22 08:24:52.913362100,0.083362100,0
'2026-08-22 08:24:52.913362200,0.083362200,1
'2026-08-22 08:24:52.913362400,0.083362400,0
'2026-08-22 08:24:52.913362500,0.083362500,1
'2026-08-22 08:24:52.913363000,0.083363000,0
'2026-08-22 08:24:52.913363100,0.083363100,1
'2026-08-22 08:24:52.913364000,0.083364000,0
'2026-08-22 08:24:52.913364100,0.083364100,1
'2026-08-22 08:24:52.913380300,0.083380300,0
'2026-08-22 08:24:52.913380500,0.083380500,1
'2026-08-22 08:24:52.913382000,0.083382000,0
'2026-08-22 08:24:52.913382100,0.083382100,1
'2026-08-22 08:24:52.913387600,0.083387600,0
'2026-08-22 08:24:52.913387700,0.083387700,1
'2026-08-22 08:24:52.913387800,0.083387800,0
'2026-08-22 08:24:52.913388100,0.083388100,1
'2026-08-22 08:24:52.913389000,0.083389000,0
'2026-08-22 08:24:52.913389200,0.083389200,1
'2026-08-22 08:24:52.913389300,0.083389300,0
'2026-08-22 08:24:52.913390100,0.083390100,1
'2026-08-22 08:24:52.913390200,0.083390200,0
'2026-08-22 08:24:52.913390300,0.083390300,1
'2026-08-22 08:24:52.913390700,0.083390700,0
'2026-08-22 08:24:52.913390900,0.083390900,1
'2026-08-22 08:24:52.913391000,0.083391000,0
'2026-08-22 08:24:52.913391100,0.083391100,1
'2026-08-22 08:24:52.913408400,0.083408400,0
'2026-08-22 08:24:52.913408500,0.083408500,1
'2026-08-22 08:24:52.913408600,0.083408600,0
'2026-08-22 08:24:52.913408700,0.083408700,1
'2026-08-22 08:24:52.913409500,0.083409500,0
'2026-08-22 08:24:52.913409900,0.083409900,1
'2026-08-22 08:24:52.913410100,0.083410100,0
'2026-08-22 08:24:52.913410300,0.083410300,1
'2026-08-22 08:24:52.913411400,0.083411400,0
'2026-08-22 08:24:52.913411500,0.083411500,1
'2026-08-22 08:24:52.913414500,0.083414500,0
'2026-08-22 08:24:52.913414600,0.083414600,1
'2026-08-22 08:24:52.913439200,0.083439200,0
'2026-08-22 08:24:52.913439300,0.083439300,1
'2026-08-22 08:24:52.913440000,0.083440000,0
'2026-08-22 08:24:52.913440100,0.083440100,1
'2026-08-22 08:24:52.913441000,0.083441000,0
'2026-08-22 08:24:52.913441300,0.083441300,1
'2026-08-22 08:24:52.913459200,0.083459200,0
'2026-08-22 08:24:52.913459300,0.083459300,1
'2026-08-22 08:24:52.913469200,0.083469200,0
'2026-08-22 08:24:52.913469300,0.083469300,1
'2026-08-22 08:24:52.913489800,0.083489800,0
'2026-08-22 08:24:52.913489900,0.083489900,1
'2026-08-22 08:24:52.913642700,0.083642700,0
'2026-08-22 08:24:52.913642800,0.083642800,1
'2026-08-22 08:24:52.914189400,0.084189400,0
'2026-08-22 08:24:52.914189500,0.084189500,1
'2026-08-22 08:24:52.914191200,0.084191200,0
'2026-08-22 08:24:52.914191300,0.084191300,1
'2026-08-22 08:24:52.914192100,0.084192100,0
'2026-08-22 08:24:52.914192500,0.084192500,1
'2026-08-22 08:24:52.914192600,0.084192600,0
'2026-08-22 08:24:52.914192800,0.084192800,1
'2026-08-22 08:24:52.914193200,0.084193200,0
'2026-08-22 08:24:52.914193300,0.084193300,1
'2026-08-22 08:24:52.914193400,0.084193400,0
'2026-08-22 08:24:52.914193600,0.084193600,1
'2026-08-22 08:24:52.914193800,0.084193800,0
'2026-08-22 08:24:52.914193900,0.084193900,1
'2026-08-22 08:24:52.914194000,0.084194000,0
'2026-08-22 08:24:52.914194100,0.084194100,1
'2026-08-22 08:24:52.914194300,0.084194300,0
'2026-08-22 08:24:52.914194700,0.084194700,1
'2026-08-22 08:24:52.914195200,0.084195200,0
'2026-08-22 08:24:52.914195300,0.084195300,1
'2026-08-22 08:24:52.914195600,0.084195600,0
'2026-08-22 08:24:52.914195700,0.084195700,1
'2026-08-22 08:24:52.914195800,0.084195800,0
'2026-08-22 08:24:52.914196000,0.084196000,1
'2026-08-22 08:24:52.914196100,0.084196100,0
'2026-08-22 08:24:52.914196300,0.084196300,1
'2026-08-22 08:24:52.914196400,0.084196400,0
'2026-08-22 08:24:52.914196500,0.084196500,1
'2026-08-22 08:24:52.914197400,0.084197400,0
'2026-08-22 08:24:52.914197500,0.084197500,1
'2026-08-22 08:24:52.914197600,0.084197600,0
'2026-08-22 08:24:52.914197700,0.084197700,1
'2026-08-22 08:24:52.914197900,0.084197900,0
'2026-08-22 08:24:52.914198100,0.084198100,1
'2026-08-22 08:24:52.914214900,0.084214900,0
'2026-08-22 08:24:52.914215200,0.084215200,1
'2026-08-22 08:24:52.914216200,0.084216200,0
'2026-08-22 08:24:52.914216300,0.084216300,1
'2026-08-22 08:24:52.914218600,0.084218600,0
'2026-08-22 08:24:52.914218700,0.084218700,1
'2026-08-22 08:24:52.914220200,0.084220200,0
'2026-08-22 08:24:52.914220300,0.084220300,1
'2026-08-22 08:24:52.914220600,0.084220600,0
'2026-08-22 08:24:52.914220700,0.084220700,1
'2026-08-22 08:24:52.914222000,0.084222000,0
'2026-08-22 08:24:52.914222100,0.084222100,1
'2026-08-22 08:24:52.914222200,0.084222200,0
'2026-08-22 08:24:52.914222300,0.084222300,1
'2026-08-22 08:24:52.914222600,0.084222600,0
'2026-08-22 08:24:52.914222700,0.084222700,1
'2026-08-22 08:24:52.914222800,0.084222800,0
'2026-08-22 08:24:52.914222900,0.084222900,1
'2026-08-22 08:24:52.914223000,0.084223000,0
'2026-08-22 08:24:52.914223400,0.084223400,1
'2026-08-22 08:24:52.914223500,0.084223500,0
'2026-08-22 08:24:52.914223700,0.084223700,1
'2026-08-22 08:24:52.914223800,0.084223800,0
'2026-08-22 08:24:52.914223900,0.084223900,1
'2026-08-22 08:24:52.914224200,0.084224200,0
'2026-08-22 08:24:52.914224500,0.084224500,1
'2026-08-22 08:24:52.914242600,0.084242600,0
'2026-08-22 08:24:52.914242700,0.084242700,1
'2026-08-22 08:24:52.914243000,0.084243000,0
'2026-08-22 08:24:52.914243100,0.084243100,1
'2026-08-22 08:24:52.914243600,0.084243600,0
'2026-08-22 08:24:52.914243700,0.084243700,1
'2026-08-22 08:24:52.914243800,0.084243800,0
'2026-08-22 08:24:52.914243900,0.084243900,1
'2026-08-22 08:24:52.914244200,0.084244200,0
'2026-08-22 08:24:52.914244300,0.084244300,1
'2026-08-22 08:24:52.914244600,0.084244600,0
'2026-08-22 08:24:52.914244700,0.084244700,1
'2026-08-22 08:24:52.914247000,0.084247000,0
'2026-08-22 08:24:52.914247200,0.084247200,1
'2026-08-22 08:24:52.914267600,0.084267600,0
'2026-08-22 08:24:52.914267700,0.084267700,1
'2026-08-22 08:24:52.914270900,0.084270900,0
'2026-08-22 08:24:52.914271000,0.084271000,1
'2026-08-22 08:24:52.914273100,0.084273100,0
'2026-08-22 08:24:52.914273200,0.084273200,1
'2026-08-22 08:24:52.914274000,0.084274000,0
'2026-08-22 08:24:52.914274300,0.084274300,1
'2026-08-22 08:24:52.914274400,0.084274400,0
'2026-08-22 08:24:52.914274700,0.084274700,1
'2026-08-22 08:24:52.914276400,0.084276400,0
'2026-08-22 08:24:52.914276500,0.084276500,1
'2026-08-22 08:24:52.914293800,0.084293800,0
'2026-08-22 08:24:52.914293900,0.084293900,1
'2026-08-22 08:24:52.914295100,0.084295100,0
'2026-08-22 08:24:52.914295200,0.084295200,1
'2026-08-22 08:24:52.914301900,0.084301900,0
'2026-08-22 08:24:52.914302000,0.084302000,1
'2026-08-22 08:24:52.914303600,0.084303600,0
'2026-08-22 08:24:52.914303700,0.084303700,1
'2026-08-22 08:24:52.914303800,0.084303800,0
'2026-08-22 08:24:52.914304000,0.084304000,1
'2026-08-22 08:24:52.914324200,0.084324200,0
'2026-08-22 08:24:52.914324300,0.084324300,1
'2026-08-22 08:24:52.914380600,0.084380600,0
'2026-08-22 08:24:52.914380700,0.084380700,1
'2026-08-22 08:24:52.915004600,0.085004600,0
'2026-08-22 08:24:52.915004900,0.085004900,1
'2026-08-22 08:24:52.915005200,0.085005200,0
'2026-08-22 08:24:52.915005400,0.085005400,1
'2026-08-22 08:24:52.915005700,0.085005700,0
'2026-08-22 08:24:52.915006000,0.085006000,1
'2026-08-22 08:24:52.915006200,0.085006200,0
'2026-08-22 08:24:52.915006300,0.085006300,1
'2026-08-22 08:24:52.915006500,0.085006500,0
'2026-08-22 08:24:52.915006600,0.085006600,1
'2026-08-22 08:24:52.915006900,0.085006900,0
'2026-08-22 08:24:52.915007300,0.085007300,1
'2026-08-22 08:24:52.915007600,0.085007600,0
'2026-08-22 08:24:52.915007700,0.085007700,1
'2026-08-22 08:24:52.915022700,0.085022700,0
'2026-08-22 08:24:52.915022800,0.085022800,1
'2026-08-22 08:24:52.915025300,0.085025300,0
'2026-08-22 08:24:52.915025400,0.085025400,1
'2026-08-22 08:24:52.915025700,0.085025700,0
'2026-08-22 08:24:52.915025900,0.085025900,1
'2026-08-22 08:24:52.915026200,0.085026200,0
'2026-08-22 08:24:52.915026300,0.085026300,1
'2026-08-22 08:24:52.915026400,0.085026400,0
'2026-08-22 08:24:52.915026900,0.085026900,1
'2026-08-22 08:24:52.915027000,0.085027000,0
'2026-08-22 08:24:52.915027100,0.085027100,1
'2026-08-22 08:24:52.915027500,0.085027500,0
'2026-08-22 08:24:52.915027700,0.085027700,1
'2026-08-22 08:24:52.915028100,0.085028100,0
'2026-08-22 08:24:52.915028300,0.085028300,1
'2026-08-22 08:24:52.915028800,0.085028800,0
'2026-08-22 08:24:52.915029000,0.085029000,1
'2026-08-22 08:24:52.915029100,0.085029100,0
'2026-08-22 08:24:52.915029500,0.085029500,1
'2026-08-22 08:24:52.915029800,0.085029800,0
'2026-08-22 08:24:52.915030100,0.085030100,1
'2026-08-22 08:24:52.915030200,0.085030200,0
'2026-08-22 08:24:52.915030500,0.085030500,1
'2026-08-22 08:24:52.915034000,0.085034000,0
'2026-08-22 08:24:52.915034100,0.085034100,1
'2026-08-22 08:24:52.915049000,0.085049000,0
'2026-08-22 08:24:52.915049200,0.085049200,1
'2026-08-22 08:24:52.915049500,0.085049500,0
'2026-08-22 08:24:52.915049600,0.085049600,1
'2026-08-22 08:24:52.915051400,0.085051400,0
'2026-08-22 08:24:52.915051600,0.085051600,1
'2026-08-22 08:24:52.915051800,0.085051800,0
'2026-08-22 08:24:52.915051900,0.085051900,1
'2026-08-22 08:24:52.915052500,0.085052500,0
'2026-08-22 08:24:52.915052800,0.085052800,1
'2026-08-22 08:24:52.915053000,0.085053000,0
'2026-08-22 08:24:52.915053100,0.085053100,1
'2026-08-22 08:24:52.915053800,0.085053800,0
'2026-08-22 08:24:52.915053900,0.085053900,1
'2026-08-22 08:24:52.915058400,0.085058400,0
'2026-08-22 08:24:52.915058500,0.085058500,1
'2026-08-22 08:24:52.915058900,0.085058900,0
'2026-08-22 08:24:52.915059200,0.085059200,1
'2026-08-22 08:24:52.915059400,0.085059400,0
'2026-08-22 08:24:52.915059500,0.085059500,1
'2026-08-22 08:24:52.915075800,0.085075800,0
'2026-08-22 08:24:52.915075900,0.085075900,1
'2026-08-22 08:24:52.915084100,0.085084100,0
'2026-08-22 08:24:52.915084200,0.085084200,1
'2026-08-22 08:24:52.915085200,0.085085200,0
'2026-08-22 08:24:52.915085300,0.085085300,1
'2026-08-22 08:24:52.915086200,0.085086200,0
'2026-08-22 08:24:52.915086300,0.085086300,1
'2026-08-22 08:24:52.915102900,0.085102900,0
'2026-08-22 08:24:52.915103000,0.085103000,1
'2026-08-22 08:24:52.915106100,0.085106100,0
'2026-08-22 08:24:52.915106200,0.085106200,1
'2026-08-22 08:24:52.915106500,0.085106500,0
'2026-08-22 08:24:52.915106600,0.085106600,1
'2026-08-22 08:24:52.915111700,0.085111700,0
'2026-08-22 08:24:52.915111800,0.085111800,1
'2026-08-22 08:24:52.915136600,0.085136600,0
'2026-08-22 08:24:52.915136700,0.085136700,1
'2026-08-22 08:24:52.915157000,0.085157000,0
'2026-08-22 08:24:52.915157100,0.085157100,1
'2026-08-22 08:24:52.915159400,0.085159400,0
'2026-08-22 08:24:52.915159500,0.085159500,1
'2026-08-22 08:24:52.915832200,0.085832200,0
'2026-08-22 08:24:52.915832500,0.085832500,1
'2026-08-22 08:24:52.915833000,0.085833000,0
'2026-08-22 08:24:52.915833100,0.085833100,1
'2026-08-22 08:24:52.915833200,0.085833200,0
'2026-08-22 08:24:52.915833500,0.085833500,1
'2026-08-22 08:24:52.915833800,0.085833800,0
'2026-08-22 08:24:52.915834800,0.085834800,1
'2026-08-22 08:24:52.915835200,0.085835200,0
'2026-08-22 08:24:52.915835400,0.085835400,1
'2026-08-22 08:24:52.915835600,0.085835600,0
'2026-08-22 08:24:52.915836000,0.085836000,1
'2026-08-22 08:24:52.915836200,0.085836200,0
'2026-08-22 08:24:52.915836900,0.085836900,1
'2026-08-22 08:24:52.915837000,0.085837000,0
'2026-08-22 08:24:52.915837100,0.085837100,1
'2026-08-22 08:24:52.915837400,0.085837400,0
'2026-08-22 08:24:52.915837700,0.085837700,1
'2026-08-22 08:24:52.915838600,0.085838600,0
'2026-08-22 08:24:52.915838700,0.085838700,1
'2026-08-22 08:24:52.915839000,0.085839000,0
'2026-08-22 08:24:52.915839100,0.085839100,1
'2026-08-22 08:24:52.915839800,0.085839800,0
'2026-08-22 08:24:52.915840000,0.085840000,1
'2026-08-22 08:24:52.915857900,0.085857900,0
'2026-08-22 08:24:52.915858100,0.085858100,1
'2026-08-22 08:24:52.915863200,0.085863200,0
'2026-08-22 08:24:52.915863400,0.085863400,1
'2026-08-22 08:24:52.915863600,0.085863600,0
'2026-08-22 08:24:52.915863700,0.085863700,1
'2026-08-22 08:24:52.915863800,0.085863800,0
'2026-08-22 08:24:52.915863900,0.085863900,1
'2026-08-22 08:24:52.915864100,0.085864100,0
'2026-08-22 08:24:52.915864600,0.085864600,1
'2026-08-22 08:24:52.915864800,0.085864800,0
'2026-08-22 08:24:52.915865100,0.085865100,1
'2026-08-22 08:24:52.915865400,0.085865400,0
'2026-08-22 08:24:52.915865800,0.085865800,1
'2026-08-22 08:24:52.915865900,0.085865900,0
'2026-08-22 08:24:52.915866100,0.085866100,1
'2026-08-22 08:24:52.915866600,0.085866600,0
'2026-08-22 08:24:52.915866700,0.085866700,1
'2026-08-22 08:24:52.915867200,0.085867200,0
'2026-08-22 08:24:52.915867300,0.085867300,1
'2026-08-22 08:24:52.915867800,0.085867800,0
'2026-08-22 08:24:52.915868100,0.085868100,1
'2026-08-22 08:24:52.915884000,0.085884000,0
'2026-08-22 08:24:52.915884100,0.085884100,1
'2026-08-22 08:24:52.915885400,0.085885400,0
'2026-08-22 08:24:52.915885600,0.085885600,1
'2026-08-22 08:24:52.915885800,0.085885800,0
'2026-08-22 08:24:52.915886100,0.085886100,1
'2026-08-22 08:24:52.915886300,0.085886300,0
'2026-08-22 08:24:52.915886400,0.085886400,1
'2026-08-22 08:24:52.915887100,0.085887100,0
'2026-08-22 08:24:52.915887200,0.085887200,1
'2026-08-22 08:24:52.915887600,0.085887600,0
'2026-08-22 08:24:52.915887700,0.085887700,1
'2026-08-22 08:24:52.915893400,0.085893400,0
'2026-08-22 08:24:52.915893500,0.085893500,1
'2026-08-22 08:24:52.915894600,0.085894600,0
'2026-08-22 08:24:52.915894700,0.085894700,1
'2026-08-22 08:24:52.915914600,0.085914600,0
'2026-08-22 08:24:52.915914700,0.085914700,1
'2026-08-22 08:24:52.915993400,0.085993400,0
'2026-08-22 08:24:52.915993500,0.085993500,1
'2026-08-22 08:24:52.916231500,0.086231500,0
'2026-08-22 08:24:52.916231600,0.086231600,1
'2026-08-22 08:24:52.916650300,0.086650300,0
'2026-08-22 08:24:52.916650500,0.086650500,1
'2026-08-22 08:24:52.916650600,0.086650600,0
'2026-08-22 08:24:52.916650700,0.086650700,1
'2026-08-22 08:24:52.916666200,0.086666200,0
'2026-08-22 08:24:52.916666300,0.086666300,1
'2026-08-22 08:24:52.916668400,0.086668400,0
'2026-08-22 08:24:52.916668800,0.086668800,1
'2026-08-22 08:24:52.916668900,0.086668900,0
'2026-08-22 08:24:52.916669400,0.086669400,1
'2026-08-22 08:24:52.916669500,0.086669500,0
'2026-08-22 08:24:52.916669600,0.086669600,1
'2026-08-22 08:24:52.916669700,0.086669700,0
'2026-08-22 08:24:52.916669900,0.086669900,1
'2026-08-22 08:24:52.916670200,0.086670200,0
'2026-08-22 08:24:52.916670400,0.086670400,1
'2026-08-22 08:24:52.916670900,0.086670900,0
'2026-08-22 08:24:52.916671100,0.086671100,1
'2026-08-22 08:24:52.916671300,0.086671300,0
'2026-08-22 08:24:52.916671700,0.086671700,1
'2026-08-22 08:24:52.916675000,0.086675000,0
'2026-08-22 08:24:52.916675100,0.086675100,1
'2026-08-22 08:24:52.916676600,0.086676600,0
'2026-08-22 08:24:52.916677000,0.086677000,1
'2026-08-22 08:24:52.916698100,0.086698100,0
'2026-08-22 08:24:52.916698300,0.086698300,1
'2026-08-22 08:24:52.916699000,0.086699000,0
'2026-08-22 08:24:52.916699200,0.086699200,1
'2026-08-22 08:24:52.916699400,0.086699400,0
'2026-08-22 08:24:52.916699700,0.086699700,1
'2026-08-22 08:24:52.916699900,0.086699900,0
'2026-08-22 08:24:52.916700100,0.086700100,1
'2026-08-22 08:24:52.916700600,0.086700600,0
'2026-08-22 08:24:52.916700700,0.086700700,1
'2026-08-22 08:24:52.916717900,0.086717900,0
'2026-08-22 08:24:52.916718000,0.086718000,1
'2026-08-22 08:24:52.916718200,0.086718200,0
'2026-08-22 08:24:52.916718300,0.086718300,1
'2026-08-22 08:24:52.916718600,0.086718600,0
'2026-08-22 08:24:52.916718900,0.086718900,1
'2026-08-22 08:24:52.916719400,0.086719400,0
'2026-08-22 08:24:52.916719500,0.086719500,1
'2026-08-22 08:24:52.916719900,0.086719900,0
'2026-08-22 08:24:52.916720200,0.086720200,1
'2026-08-22 08:24:52.916720400,0.086720400,0
'2026-08-22 08:24:52.916720500,0.086720500,1
'2026-08-22 08:24:52.916727500,0.086727500,0
'2026-08-22 08:24:52.916727600,0.086727600,1
'2026-08-22 08:24:52.916728600,0.086728600,0
'2026-08-22 08:24:52.916728800,0.086728800,1
'2026-08-22 08:24:52.916729000,0.086729000,0
'2026-08-22 08:24:52.916729100,0.086729100,1
'2026-08-22 08:24:52.916748200,0.086748200,0
'2026-08-22 08:24:52.916748300,0.086748300,1
'2026-08-22 08:24:52.916749200,0.086749200,0
'2026-08-22 08:24:52.916749300,0.086749300,1
'2026-08-22 08:24:52.916750300,0.086750300,0
'2026-08-22 08:24:52.916750600,0.086750600,1
'2026-08-22 08:24:52.916780000,0.086780000,0
'2026-08-22 08:24:52.916780100,0.086780100,1
'2026-08-22 08:24:52.916780200,0.086780200,0
'2026-08-22 08:24:52.916780300,0.086780300,1
'2026-08-22 08:24:52.916797600,0.086797600,0
'2026-08-22 08:24:52.916797700,0.086797700,1
'2026-08-22 08:24:52.916800600,0.086800600,0
'2026-08-22 08:24:52.916800700,0.086800700,1
'2026-08-22 08:24:52.916901800,0.086901800,0
'2026-08-22 08:24:52.916901900,0.086901900,1
'2026-08-22 08:24:52.917481500,0.087481500,0
'2026-08-22 08:24:52.917481600,0.087481600,1
'2026-08-22 08:24:52.917482600,0.087482600,0
'2026-08-22 08:24:52.917482700,0.087482700,1
'2026-08-22 08:24:52.917483100,0.087483100,0
'2026-08-22 08:24:52.917483500,0.087483500,1
'2026-08-22 08:24:52.917483600,0.087483600,0
'2026-08-22 08:24:52.917484100,0.087484100,1
'2026-08-22 08:24:52.917484200,0.087484200,0
'2026-08-22 08:24:52.917484400,0.087484400,1
'2026-08-22 08:24:52.917485000,0.087485000,0
'2026-08-22 08:24:52.917485200,0.087485200,1
'2026-08-22 08:24:52.917500400,0.087500400,0
'2026-08-22 08:24:52.917500500,0.087500500,1
'2026-08-22 08:24:52.917502400,0.087502400,0
'2026-08-22 08:24:52.917502700,0.087502700,1
'2026-08-22 08:24:52.917503200,0.087503200,0
'2026-08-22 08:24:52.917503300,0.087503300,1
'2026-08-22 08:24:52.917503500,0.087503500,0
'2026-08-22 08:24:52.917504300,0.087504300,1
'2026-08-22 08:24:52.917505000,0.087505000,0
'2026-08-22 08:24:52.917505100,0.087505100,1
'2026-08-22 08:24:52.917505600,0.087505600,0
'2026-08-22 08:24:52.917505700,0.087505700,1
'2026-08-22 08:24:52.917505800,0.087505800,0
'2026-08-22 08:24:52.917505900,0.087505900,1
'2026-08-22 08:24:52.917506000,0.087506000,0
'2026-08-22 08:24:52.917506100,0.087506100,1
'2026-08-22 08:24:52.917506400,0.087506400,0
'2026-08-22 08:24:52.917506700,0.087506700,1
'2026-08-22 08:24:52.917508400,0.087508400,0
'2026-08-22 08:24:52.917508500,0.087508500,1
'2026-08-22 08:24:52.917509600,0.087509600,0
'2026-08-22 08:24:52.917509700,0.087509700,1
'2026-08-22 08:24:52.917511200,0.087511200,0
'2026-08-22 08:24:52.917511300,0.087511300,1
'2026-08-22 08:24:52.917511400,0.087511400,0
'2026-08-22 08:24:52.917511500,0.087511500,1
'2026-08-22 08:24:52.917531800,0.087531800,0
'2026-08-22 08:24:52.917531900,0.087531900,1
'2026-08-22 08:24:52.917532800,0.087532800,0
'2026-08-22 08:24:52.917533100,0.087533100,1
'2026-08-22 08:24:52.917533300,0.087533300,0
'2026-08-22 08:24:52.917533500,0.087533500,1
'2026-08-22 08:24:52.917533600,0.087533600,0
'2026-08-22 08:24:52.917533700,0.087533700,1
'2026-08-22 08:24:52.917533900,0.087533900,0
'2026-08-22 08:24:52.917534100,0.087534100,1
'2026-08-22 08:24:52.917534200,0.087534200,0
'2026-08-22 08:24:52.917534300,0.087534300,1
'2026-08-22 08:24:52.917534600,0.087534600,0
'2026-08-22 08:24:52.917534800,0.087534800,1
'2026-08-22 08:24:52.917535100,0.087535100,0
'2026-08-22 08:24:52.917535300,0.087535300,1
'2026-08-22 08:24:52.917553400,0.087553400,0
'2026-08-22 08:24:52.917553500,0.087553500,1
'2026-08-22 08:24:52.917553800,0.087553800,0
'2026-08-22 08:24:52.917553900,0.087553900,1
'2026-08-22 08:24:52.917554600,0.087554600,0
'2026-08-22 08:24:52.917554700,0.087554700,1
'2026-08-22 08:24:52.917555100,0.087555100,0
'2026-08-22 08:24:52.917555200,0.087555200,1
'2026-08-22 08:24:52.917556800,0.087556800,0
'2026-08-22 08:24:52.917556900,0.087556900,1
'2026-08-22 08:24:52.917561000,0.087561000,0
'2026-08-22 08:24:52.917561100,0.087561100,1
'2026-08-22 08:24:52.917562600,0.087562600,0
'2026-08-22 08:24:52.917562700,0.087562700,1
'2026-08-22 08:24:52.917562800,0.087562800,0
'2026-08-22 08:24:52.917562900,0.087562900,1
'2026-08-22 08:24:52.917563200,0.087563200,0
'2026-08-22 08:24:52.917563300,0.087563300,1
'2026-08-22 08:24:52.917563400,0.087563400,0
'2026-08-22 08:24:52.917563500,0.087563500,1
'2026-08-22 08:24:52.917583900,0.087583900,0
'2026-08-22 08:24:52.917584000,0.087584000,1
'2026-08-22 08:24:52.917584200,0.087584200,0
'2026-08-22 08:24:52.917584500,0.087584500,1
'2026-08-22 08:24:52.917585500,0.087585500,0
'2026-08-22 08:24:52.917585600,0.087585600,1
'2026-08-22 08:24:52.917586300,0.087586300,0
'2026-08-22 08:24:52.917586400,0.087586400,1
'2026-08-22 08:24:52.917606500,0.087606500,0
'2026-08-22 08:24:52.917606600,0.087606600,1
'2026-08-22 08:24:52.917606900,0.087606900,0
'2026-08-22 08:24:52.917607000,0.087607000,1
'2026-08-22 08:24:52.917614200,0.087614200,0
'2026-08-22 08:24:52.917614300,0.087614300,1
'2026-08-22 08:24:52.917636500,0.087636500,0
'2026-08-22 08:24:52.917636700,0.087636700,1
'2026-08-22 08:24:52.917637000,0.087637000,0
'2026-08-22 08:24:52.917637100,0.087637100,1
'2026-08-22 08:24:52.917637200,0.087637200,0
'2026-08-22 08:24:52.917637300,0.087637300,1
'2026-08-22 08:24:52.917657800,0.087657800,0
'2026-08-22 08:24:52.917657900,0.087657900,1
'2026-08-22 08:24:52.917663700,0.087663700,0
'2026-08-22 08:24:52.917663800,0.087663800,1
'2026-08-22 08:24:52.918308400,0.088308400,0
'2026-08-22 08:24:52.918308500,0.088308500,1
'2026-08-22 08:24:52.918308600,0.088308600,0
'2026-08-22 08:24:52.918308700,0.088308700,1
'2026-08-22 08:24:52.918309000,0.088309000,0
'2026-08-22 08:24:52.918309200,0.088309200,1
'2026-08-22 08:24:52.918309500,0.088309500,0
'2026-08-22 08:24:52.918309700,0.088309700,1
'2026-08-22 08:24:52.918309800,0.088309800,0
'2026-08-22 08:24:52.918309900,0.088309900,1
'2026-08-22 08:24:52.918310200,0.088310200,0
'2026-08-22 08:24:52.918310300,0.088310300,1
'2026-08-22 08:24:52.918310800,0.088310800,0
'2026-08-22 08:24:52.918310900,0.088310900,1
'2026-08-22 08:24:52.918311800,0.088311800,0
'2026-08-22 08:24:52.918312100,0.088312100,1
'2026-08-22 08:24:52.918312400,0.088312400,0
'2026-08-22 08:24:52.918312600,0.088312600,1
'2026-08-22 08:24:52.918312700,0.088312700,0
'2026-08-22 08:24:52.918312900,0.088312900,1
'2026-08-22 08:24:52.918313800,0.088313800,0
'2026-08-22 08:24:52.918313900,0.088313900,1
'2026-08-22 08:24:52.918316100,0.088316100,0
'2026-08-22 08:24:52.918316300,0.088316300,1
'2026-08-22 08:24:52.918316700,0.088316700,0
'2026-08-22 08:24:52.918316800,0.088316800,1
'2026-08-22 08:24:52.918317200,0.088317200,0
'2026-08-22 08:24:52.918317400,0.088317400,1
'2026-08-22 08:24:52.918318500,0.088318500,0
'2026-08-22 08:24:52.918318700,0.088318700,1
'2026-08-22 08:24:52.918319500,0.088319500,0
'2026-08-22 08:24:52.918319700,0.088319700,1
'2026-08-22 08:24:52.918336600,0.088336600,0
'2026-08-22 08:24:52.918336700,0.088336700,1
'2026-08-22 08:24:52.918337000,0.088337000,0
'2026-08-22 08:24:52.918337200,0.088337200,1
'2026-08-22 08:24:52.918338800,0.088338800,0
'2026-08-22 08:24:52.918338900,0.088338900,1
'2026-08-22 08:24:52.918339400,0.088339400,0
'2026-08-22 08:24:52.918339500,0.088339500,1
'2026-08-22 08:24:52.918340600,0.088340600,0
'2026-08-22 08:24:52.918340900,0.088340900,1
'2026-08-22 08:24:52.918343400,0.088343400,0
'2026-08-22 08:24:52.918343500,0.088343500,1
'2026-08-22 08:24:52.918344600,0.088344600,0
'2026-08-22 08:24:52.918344700,0.088344700,1
'2026-08-22 08:24:52.918364600,0.088364600,0
'2026-08-22 08:24:52.918364700,0.088364700,1
'2026-08-22 08:24:52.918367400,0.088367400,0
'2026-08-22 08:24:52.918367500,0.088367500,1
'2026-08-22 08:24:52.918368200,0.088368200,0
'2026-08-22 08:24:52.918368300,0.088368300,1
'2026-08-22 08:24:52.918368500,0.088368500,0
'2026-08-22 08:24:52.918368900,0.088368900,1
'2026-08-22 08:24:52.918369200,0.088369200,0
'2026-08-22 08:24:52.918369400,0.088369400,1
'2026-08-22 08:24:52.918369800,0.088369800,0
'2026-08-22 08:24:52.918369900,0.088369900,1
'2026-08-22 08:24:52.918391000,0.088391000,0
'2026-08-22 08:24:52.918391100,0.088391100,1
'2026-08-22 08:24:52.918397400,0.088397400,0
'2026-08-22 08:24:52.918397600,0.088397600,1
'2026-08-22 08:24:52.918397800,0.088397800,0
'2026-08-22 08:24:52.918397900,0.088397900,1
'2026-08-22 08:24:52.918414800,0.088414800,0
'2026-08-22 08:24:52.918414900,0.088414900,1
'2026-08-22 08:24:52.918418200,0.088418200,0
'2026-08-22 08:24:52.918418300,0.088418300,1
'2026-08-22 08:24:52.918420000,0.088420000,0
'2026-08-22 08:24:52.918420100,0.088420100,1
'2026-08-22 08:24:52.918421000,0.088421000,0
'2026-08-22 08:24:52.918421100,0.088421100,1
'2026-08-22 08:24:52.918439400,0.088439400,0
'2026-08-22 08:24:52.918439500,0.088439500,1
'2026-08-22 08:24:52.918448000,0.088448000,0
'2026-08-22 08:24:52.918448100,0.088448100,1
'2026-08-22 08:24:52.919144300,0.089144300,0
'2026-08-22 08:24:52.919144500,0.089144500,1
'2026-08-22 08:24:52.919145500,0.089145500,0
'2026-08-22 08:24:52.919145600,0.089145600,1
'2026-08-22 08:24:52.919146000,0.089146000,0
'2026-08-22 08:24:52.919146100,0.089146100,1
'2026-08-22 08:24:52.919146500,0.089146500,0
'2026-08-22 08:24:52.919146900,0.089146900,1
'2026-08-22 08:24:52.919147000,0.089147000,0
'2026-08-22 08:24:52.919147400,0.089147400,1
'2026-08-22 08:24:52.919147600,0.089147600,0
'2026-08-22 08:24:52.919147700,0.089147700,1
'2026-08-22 08:24:52.919147800,0.089147800,0
'2026-08-22 08:24:52.919148000,0.089148000,1
'2026-08-22 08:24:52.919148800,0.089148800,0
'2026-08-22 08:24:52.919149000,0.089149000,1
'2026-08-22 08:24:52.919150000,0.089150000,0
'2026-08-22 08:24:52.919150100,0.089150100,1
'2026-08-22 08:24:52.919150600,0.089150600,0
'2026-08-22 08:24:52.919150800,0.089150800,1
'2026-08-22 08:24:52.919151900,0.089151900,0
'2026-08-22 08:24:52.919152000,0.089152000,1
'2026-08-22 08:24:52.919152400,0.089152400,0
'2026-08-22 08:24:52.919152500,0.089152500,1
'2026-08-22 08:24:52.919152600,0.089152600,0
'2026-08-22 08:24:52.919152700,0.089152700,1
'2026-08-22 08:24:52.919153000,0.089153000,0
'2026-08-22 08:24:52.919153200,0.089153200,1
'2026-08-22 08:24:52.919154100,0.089154100,0
'2026-08-22 08:24:52.919154300,0.089154300,1
'2026-08-22 08:24:52.919170000,0.089170000,0
'2026-08-22 08:24:52.919170100,0.089170100,1
'2026-08-22 08:24:52.919174000,0.089174000,0
'2026-08-22 08:24:52.919174100,0.089174100,1
'2026-08-22 08:24:52.919175200,0.089175200,0
'2026-08-22 08:24:52.919175300,0.089175300,1
'2026-08-22 08:24:52.919176200,0.089176200,0
'2026-08-22 08:24:52.919176300,0.089176300,1
'2026-08-22 08:24:52.919177400,0.089177400,0
'2026-08-22 08:24:52.919177500,0.089177500,1
'2026-08-22 08:24:52.919178700,0.089178700,0
'2026-08-22 08:24:52.919178800,0.089178800,1
'2026-08-22 08:24:52.919200800,0.089200800,0
'2026-08-22 08:24:52.919200900,0.089200900,1
'2026-08-22 08:24:52.919202800,0.089202800,0
'2026-08-22 08:24:52.919202900,0.089202900,1
'2026-08-22 08:24:52.919203800,0.089203800,0
'2026-08-22 08:24:52.919203900,0.089203900,1
'2026-08-22 08:24:52.919204000,0.089204000,0
'2026-08-22 08:24:52.919204100,0.089204100,1
'2026-08-22 08:24:52.919221800,0.089221800,0
'2026-08-22 08:24:52.919221900,0.089221900,1
'2026-08-22 08:24:52.919223800,0.089223800,0
'2026-08-22 08:24:52.919223900,0.089223900,1
'2026-08-22 08:24:52.919224000,0.089224000,0
'2026-08-22 08:24:52.919224100,0.089224100,1
'2026-08-22 08:24:52.919252900,0.089252900,0
'2026-08-22 08:24:52.919253000,0.089253000,1
'2026-08-22 08:24:52.919302800,0.089302800,0
'2026-08-22 08:24:52.919302900,0.089302900,1
'2026-08-22 08:24:52.919303700,0.089303700,0
'2026-08-22 08:24:52.919303800,0.089303800,1
'2026-08-22 08:24:52.919951200,0.089951200,0
'2026-08-22 08:24:52.919951300,0.089951300,1
'2026-08-22 08:24:52.919951800,0.089951800,0
'2026-08-22 08:24:52.919951900,0.089951900,1
'2026-08-22 08:24:52.919956400,0.089956400,0
'2026-08-22 08:24:52.919956500,0.089956500,1
'2026-08-22 08:24:52.919957800,0.089957800,0
'2026-08-22 08:24:52.919957900,0.089957900,1
'2026-08-22 08:24:52.919958200,0.089958200,0
'2026-08-22 08:24:52.919958400,0.089958400,1
'2026-08-22 08:24:52.919958800,0.089958800,0
'2026-08-22 08:24:52.919959100,0.089959100,1
'2026-08-22 08:24:52.919959300,0.089959300,0
'2026-08-22 08:24:52.919959700,0.089959700,1
'2026-08-22 08:24:52.919959800,0.089959800,0
'2026-08-22 08:24:52.919960300,0.089960300,1
'2026-08-22 08:24:52.919960400,0.089960400,0
'2026-08-22 08:24:52.919960500,0.089960500,1
'2026-08-22 08:24:52.919960600,0.089960600,0
'2026-08-22 08:24:52.919960800,0.089960800,1
'2026-08-22 08:24:52.919961000,0.089961000,0
'2026-08-22 08:24:52.919961500,0.089961500,1
'2026-08-22 08:24:52.919961600,0.089961600,0
'2026-08-22 08:24:52.919961800,0.089961800,1
'2026-08-22 08:24:52.919978600,0.089978600,0
'2026-08-22 08:24:52.919978700,0.089978700,1
'2026-08-22 08:24:52.919979100,0.089979100,0
'2026-08-22 08:24:52.919979300,0.089979300,1
'2026-08-22 08:24:52.919979500,0.089979500,0
'2026-08-22 08:24:52.919979600,0.089979600,1
'2026-08-22 08:24:52.919979800,0.089979800,0
'2026-08-22 08:24:52.919979900,0.089979900,1
'2026-08-22 08:24:52.919980400,0.089980400,0
'2026-08-22 08:24:52.919980500,0.089980500,1
'2026-08-22 08:24:52.919980800,0.089980800,0
'2026-08-22 08:24:52.919981000,0.089981000,1
'2026-08-22 08:24:52.919981500,0.089981500,0
'2026-08-22 08:24:52.919981600,0.089981600,1
'2026-08-22 08:24:52.919981700,0.089981700,0
'2026-08-22 08:24:52.919981900,0.089981900,1
'2026-08-22 08:24:52.919985100,0.089985100,0
'2026-08-22 08:24:52.919985200,0.089985200,1
'2026-08-22 08:24:52.919986400,0.089986400,0
'2026-08-22 08:24:52.919986500,0.089986500,1
'2026-08-22 08:24:52.919986700,0.089986700,0
'2026-08-22 08:24:52.919986900,0.089986900,1
'2026-08-22 08:24:52.919987000,0.089987000,0
'2026-08-22 08:24:52.919987100,0.089987100,1
'2026-08-22 08:24:52.919988000,0.089988000,0
'2026-08-22 08:24:52.919988300,0.089988300,1
'2026-08-22 08:24:52.919988600,0.089988600,0
'2026-08-22 08:24:52.919988700,0.089988700,1
'2026-08-22 08:24:52.920004400,0.090004400,0
'2026-08-22 08:24:52.920004500,0.090004500,1
'2026-08-22 08:24:52.920007400,0.090007400,0
'2026-08-22 08:24:52.920007500,0.090007500,1
'2026-08-22 08:24:52.920008000,0.090008000,0
'2026-08-22 08:24:52.920008200,0.090008200,1
'2026-08-22 08:24:52.920012100,0.090012100,0
'2026-08-22 08:24:52.920012200,0.090012200,1
'2026-08-22 08:24:52.920013200,0.090013200,0
'2026-08-22 08:24:52.920013300,0.090013300,1
'2026-08-22 08:24:52.920271200,0.090271200,0
'2026-08-22 08:24:52.920271300,0.090271300,1
'2026-08-22 08:24:52.920272200,0.090272200,0
'2026-08-22 08:24:52.920272300,0.090272300,1
'2026-08-22 08:24:52.920786800,0.090786800,0
'2026-08-22 08:24:52.920786900,0.090786900,1
'2026-08-22 08:24:52.920788000,0.090788000,0
'2026-08-22 08:24:52.920788100,0.090788100,1
'2026-08-22 08:24:52.920790300,0.090790300,0
'2026-08-22 08:24:52.920790500,0.090790500,1
'2026-08-22 08:24:52.920791600,0.090791600,0
'2026-08-22 08:24:52.920791700,0.090791700,1
'2026-08-22 08:24:52.920792800,0.090792800,0
'2026-08-22 08:24:52.920792900,0.090792900,1
'2026-08-22 08:24:52.920793100,0.090793100,0
'2026-08-22 08:24:52.920793300,0.090793300,1
'2026-08-22 08:24:52.920793400,0.090793400,0
'2026-08-22 08:24:52.920793600,0.090793600,1
'2026-08-22 08:24:52.920793800,0.090793800,0
'2026-08-22 08:24:52.920793900,0.090793900,1
'2026-08-22 08:24:52.920794300,0.090794300,0
'2026-08-22 08:24:52.920794500,0.090794500,1
'2026-08-22 08:24:52.920812000,0.090812000,0
'2026-08-22 08:24:52.920812100,0.090812100,1
'2026-08-22 08:24:52.920813200,0.090813200,0
'2026-08-22 08:24:52.920813300,0.090813300,1
'2026-08-22 08:24:52.920813700,0.090813700,0
'2026-08-22 08:24:52.920813800,0.090813800,1
'2026-08-22 08:24:52.920814400,0.090814400,0
'2026-08-22 08:24:52.920814500,0.090814500,1
'2026-08-22 08:24:52.920816000,0.090816000,0
'2026-08-22 08:24:52.920816100,0.090816100,1
'2026-08-22 08:24:52.920816600,0.090816600,0
'2026-08-22 08:24:52.920816700,0.090816700,1
'2026-08-22 08:24:52.920820400,0.090820400,0
'2026-08-22 08:24:52.920820500,0.090820500,1
'2026-08-22 08:24:52.920821400,0.090821400,0
'2026-08-22 08:24:52.920821500,0.090821500,1
'2026-08-22 08:24:52.920821800,0.090821800,0
'2026-08-22 08:24:52.920821900,0.090821900,1
'2026-08-22 08:24:52.920822000,0.090822000,0
'2026-08-22 08:24:52.920822100,0.090822100,1
'2026-08-22 08:24:52.920822400,0.090822400,0
'2026-08-22 08:24:52.920822500,0.090822500,1
'2026-08-22 08:24:52.921599400,0.091599400,0
'2026-08-22 08:24:52.921599500,0.091599500,1
'2026-08-22 08:24:52.921599800,0.091599800,0
'2026-08-22 08:24:52.921599900,0.091599900,1
'2026-08-22 08:24:52.921602100,0.091602100,0
'2026-08-22 08:24:52.921602400,0.091602400,1
'2026-08-22 08:24:52.921604600,0.091604600,0
'2026-08-22 08:24:52.921604700,0.091604700,1
'2026-08-22 08:24:52.921622900,0.091622900,0
'2026-08-22 08:24:52.921623000,0.091623000,1
'2026-08-22 08:24:52.921626200,0.091626200,0
'2026-08-22 08:24:52.921626300,0.091626300,1
'2026-08-22 08:24:52.921626400,0.091626400,0
'2026-08-22 08:24:52.921626500,0.091626500,1
'2026-08-22 08:24:52.921626800,0.091626800,0
'2026-08-22 08:24:52.921626900,0.091626900,1
'2026-08-22 08:24:52.921627400,0.091627400,0
'2026-08-22 08:24:52.921627500,0.091627500,1
'2026-08-22 08:24:52.921627800,0.091627800,0
'2026-08-22 08:24:52.921627900,0.091627900,1
'2026-08-22 08:24:52.921628100,0.091628100,0
'2026-08-22 08:24:52.921628200,0.091628200,1
'2026-08-22 08:24:52.921628500,0.091628500,0
'2026-08-22 08:24:52.921628800,0.091628800,1
'2026-08-22 08:24:52.921629500,0.091629500,0
'2026-08-22 08:24:52.921629700,0.091629700,1
'2026-08-22 08:24:52.921630200,0.091630200,0
'2026-08-22 08:24:52.921630300,0.091630300,1
'2026-08-22 08:24:52.921630400,0.091630400,0
'2026-08-22 08:24:52.921630500,0.091630500,1
'2026-08-22 08:24:52.921648200,0.091648200,0
'2026-08-22 08:24:52.921648300,0.091648300,1
'2026-08-22 08:24:52.921649000,0.091649000,0
'2026-08-22 08:24:52.921649100,0.091649100,1
'2026-08-22 08:24:52.921655400,0.091655400,0
'2026-08-22 08:24:52.921655500,0.091655500,1
'2026-08-22 08:24:52.921655800,0.091655800,0
'2026-08-22 08:24:52.921656100,0.091656100,1
'2026-08-22 08:24:52.921656600,0.091656600,0
'2026-08-22 08:24:52.921656700,0.091656700,1
'2026-08-22 08:24:52.921676300,0.091676300,0
'2026-08-22 08:24:52.921676400,0.091676400,1
'2026-08-22 08:24:52.921676500,0.091676500,0
'2026-08-22 08:24:52.921676700,0.091676700,1
'2026-08-22 08:24:52.921677400,0.091677400,0
'2026-08-22 08:24:52.921677500,0.091677500,1
'2026-08-22 08:24:52.921677600,0.091677600,0
'2026-08-22 08:24:52.921677900,0.091677900,1
'2026-08-22 08:24:52.921678400,0.091678400,0
'2026-08-22 08:24:52.921678500,0.091678500,1
'2026-08-22 08:24:52.921678600,0.091678600,0
'2026-08-22 08:24:52.921678700,0.091678700,1
'2026-08-22 08:24:52.921678800,0.091678800,0
'2026-08-22 08:24:52.921678900,0.091678900,1
'2026-08-22 08:24:52.921679400,0.091679400,0
'2026-08-22 08:24:52.921679500,0.091679500,1
'2026-08-22 08:24:52.921699800,0.091699800,0
'2026-08-22 08:24:52.921699900,0.091699900,1
'2026-08-22 08:24:52.921707300,0.091707300,0
'2026-08-22 08:24:52.921707500,0.091707500,1
'2026-08-22 08:24:52.921707800,0.091707800,0
'2026-08-22 08:24:52.921707900,0.091707900,1
'2026-08-22 08:24:52.921708400,0.091708400,0
'2026-08-22 08:24:52.921708900,0.091708900,1
'2026-08-22 08:24:52.921709000,0.091709000,0
'2026-08-22 08:24:52.921709100,0.091709100,1
'2026-08-22 08:24:52.921709200,0.091709200,0
'2026-08-22 08:24:52.921709300,0.091709300,1
'2026-08-22 08:24:52.921728400,0.091728400,0
'2026-08-22 08:24:52.921728600,0.091728600,1
'2026-08-22 08:24:52.921729000,0.091729000,0
'2026-08-22 08:24:52.921729100,0.091729100,1
'2026-08-22 08:24:52.921729400,0.091729400,0
'2026-08-22 08:24:52.921729500,0.091729500,1
'2026-08-22 08:24:52.921730000,0.091730000,0
'2026-08-22 08:24:52.921730200,0.091730200,1
'2026-08-22 08:24:52.922430400,0.092430400,0
'2026-08-22 08:24:52.922430600,0.092430600,1
'2026-08-22 08:24:52.922431400,0.092431400,0
'2026-08-22 08:24:52.922431500,0.092431500,1
'2026-08-22 08:24:52.922431700,0.092431700,0
'2026-08-22 08:24:52.922431800,0.092431800,1
'2026-08-22 08:24:52.922432600,0.092432600,0
'2026-08-22 08:24:52.922432700,0.092432700,1
'2026-08-22 08:24:52.922432800,0.092432800,0
'2026-08-22 08:24:52.922432900,0.092432900,1
'2026-08-22 08:24:52.922433000,0.092433000,0
'2026-08-22 08:24:52.922433100,0.092433100,1
'2026-08-22 08:24:52.922433200,0.092433200,0
'2026-08-22 08:24:52.922433300,0.092433300,1
'2026-08-22 08:24:52.922433800,0.092433800,0
'2026-08-22 08:24:52.922433900,0.092433900,1
'2026-08-22 08:24:52.922434100,0.092434100,0
'2026-08-22 08:24:52.922434200,0.092434200,1
'2026-08-22 08:24:52.922434600,0.092434600,0
'2026-08-22 08:24:52.922434700,0.092434700,1
'2026-08-22 08:24:52.922435000,0.092435000,0
'2026-08-22 08:24:52.922435200,0.092435200,1
'2026-08-22 08:24:52.922437000,0.092437000,0
'2026-08-22 08:24:52.922437100,0.092437100,1
'2026-08-22 08:24:52.922438600,0.092438600,0
'2026-08-22 08:24:52.922438700,0.092438700,1
'2026-08-22 08:24:52.922459800,0.092459800,0
'2026-08-22 08:24:52.922459900,0.092459900,1
'2026-08-22 08:24:52.922461000,0.092461000,0
'2026-08-22 08:24:52.922461100,0.092461100,1
'2026-08-22 08:24:52.922461400,0.092461400,0
'2026-08-22 08:24:52.922461500,0.092461500,1
'2026-08-22 08:24:52.922461900,0.092461900,0
'2026-08-22 08:24:52.922462100,0.092462100,1
'2026-08-22 08:24:52.922465500,0.092465500,0
'2026-08-22 08:24:52.922465700,0.092465700,1
'2026-08-22 08:24:52.922482800,0.092482800,0
'2026-08-22 08:24:52.922482900,0.092482900,1
'2026-08-22 08:24:52.922490600,0.092490600,0
'2026-08-22 08:24:52.922490700,0.092490700,1
'2026-08-22 08:24:52.922491900,0.092491900,0
'2026-08-22 08:24:52.922492000,0.092492000,1
'2026-08-22 08:24:52.922515800,0.092515800,0
'2026-08-22 08:24:52.922515900,0.092515900,1
'2026-08-22 08:24:52.922539000,0.092539000,0
'2026-08-22 08:24:52.922539100,0.092539100,1
'2026-08-22 08:24:52.922561800,0.092561800,0
'2026-08-22 08:24:52.922561900,0.092561900,1
'2026-08-22 08:24:52.923244800,0.093244800,0
'2026-08-22 08:24:52.923244900,0.093244900,1
'2026-08-22 08:24:52.923245100,0.093245100,0
'2026-08-22 08:24:52.923245600,0.093245600,1
'2026-08-22 08:24:52.923245700,0.093245700,0
'2026-08-22 08:24:52.923246000,0.093246000,1
'2026-08-22 08:24:52.923246400,0.093246400,0
'2026-08-22 08:24:52.923246700,0.093246700,1
'2026-08-22 08:24:52.923246800,0.093246800,0
'2026-08-22 08:24:52.923247000,0.093247000,1
'2026-08-22 08:24:52.923247100,0.093247100,0
'2026-08-22 08:24:52.923247200,0.093247200,1
'2026-08-22 08:24:52.923247700,0.093247700,0
'2026-08-22 08:24:52.923247800,0.093247800,1
'2026-08-22 08:24:52.923248200,0.093248200,0
'2026-08-22 08:24:52.923248300,0.093248300,1
'2026-08-22 08:24:52.923264600,0.093264600,0
'2026-08-22 08:24:52.923264700,0.093264700,1
'2026-08-22 08:24:52.923266200,0.093266200,0
'2026-08-22 08:24:52.923266600,0.093266600,1
'2026-08-22 08:24:52.923273800,0.093273800,0
'2026-08-22 08:24:52.923274000,0.093274000,1
'2026-08-22 08:24:52.923295000,0.093295000,0
'2026-08-22 08:24:52.923295100,0.093295100,1
'2026-08-22 08:24:52.923296000,0.093296000,0
'2026-08-22 08:24:52.923296200,0.093296200,1
'2026-08-22 08:24:52.923323500,0.093323500,0
'2026-08-22 08:24:52.923323600,0.093323600,1
'2026-08-22 08:24:52.923324100,0.093324100,0
'2026-08-22 08:24:52.923324200,0.093324200,1
'2026-08-22 08:24:52.923347300,0.093347300,0
'2026-08-22 08:24:52.923347400,0.093347400,1
'2026-08-22 08:24:52.923613100,0.093613100,0
'2026-08-22 08:24:52.923613200,0.093613200,1
'2026-08-22 08:24:52.924072700,0.094072700,0
'2026-08-22 08:24:52.924072800,0.094072800,1
'2026-08-22 08:24:52.924073000,0.094073000,0
'2026-08-22 08:24:52.924073100,0.094073100,1
'2026-08-22 08:24:52.924076600,0.094076600,0
'2026-08-22 08:24:52.924076700,0.094076700,1
'2026-08-22 08:24:52.924078600,0.094078600,0
'2026-08-22 08:24:52.924078800,0.094078800,1
'2026-08-22 08:24:52.924080000,0.094080000,0
'2026-08-22 08:24:52.924080100,0.094080100,1
'2026-08-22 08:24:52.924080300,0.094080300,0
'2026-08-22 08:24:52.924080700,0.094080700,1
'2026-08-22 08:24:52.924081600,0.094081600,0
'2026-08-22 08:24:52.924081700,0.094081700,1
'2026-08-22 08:24:52.924081800,0.094081800,0
'2026-08-22 08:24:52.924081900,0.094081900,1
'2026-08-22 08:24:52.924082200,0.094082200,0
'2026-08-22 08:24:52.924082300,0.094082300,1
'2026-08-22 08:24:52.924082400,0.094082400,0
'2026-08-22 08:24:52.924082500,0.094082500,1
'2026-08-22 08:24:52.924099000,0.094099000,0
'2026-08-22 08:24:52.924099100,0.094099100,1
'2026-08-22 08:24:52.924101000,0.094101000,0
'2026-08-22 08:24:52.924101100,0.094101100,1
'2026-08-22 08:24:52.924101400,0.094101400,0
'2026-08-22 08:24:52.924101600,0.094101600,1
'2026-08-22 08:24:52.924104400,0.094104400,0
'2026-08-22 08:24:52.924104500,0.094104500,1
'2026-08-22 08:24:52.924106800,0.094106800,0
'2026-08-22 08:24:52.924106900,0.094106900,1
'2026-08-22 08:24:52.924107400,0.094107400,0
'2026-08-22 08:24:52.924107500,0.094107500,1
'2026-08-22 08:24:52.924131200,0.094131200,0
'2026-08-22 08:24:52.924131300,0.094131300,1
'2026-08-22 08:24:52.924395200,0.094395200,0
'2026-08-22 08:24:52.924395300,0.094395300,1
'2026-08-22 08:24:52.924907400,0.094907400,0
'2026-08-22 08:24:52.924907600,0.094907600,1
'2026-08-22 08:24:52.924908000,0.094908000,0
'2026-08-22 08:24:52.924908100,0.094908100,1
'2026-08-22 08:24:52.924913200,0.094913200,0
'2026-08-22 08:24:52.924913300,0.094913300,1
'2026-08-22 08:24:52.924917200,0.094917200,0
'2026-08-22 08:24:52.924917300,0.094917300,1
'2026-08-22 08:24:52.924938600,0.094938600,0
'2026-08-22 08:24:52.924938700,0.094938700,1
'2026-08-22 08:24:52.924941900,0.094941900,0
'2026-08-22 08:24:52.924942000,0.094942000,1
'2026-08-22 08:24:52.924963400,0.094963400,0
'2026-08-22 08:24:52.924963500,0.094963500,1
'2026-08-22 08:24:52.924967000,0.094967000,0
'2026-08-22 08:24:52.924967100,0.094967100,1
'2026-08-22 08:24:52.924969400,0.094969400,0
'2026-08-22 08:24:52.924969500,0.094969500,1
'2026-08-22 08:24:52.924994600,0.094994600,0
'2026-08-22 08:24:52.924994700,0.094994700,1
'2026-08-22 08:24:52.925719000,0.095719000,0
'2026-08-22 08:24:52.925719400,0.095719400,1
'2026-08-22 08:24:52.925719600,0.095719600,0
'2026-08-22 08:24:52.925720000,0.095720000,1
'2026-08-22 08:24:52.925720200,0.095720200,0
'2026-08-22 08:24:52.925720600,0.095720600,1
'2026-08-22 08:24:52.925720700,0.095720700,0
'2026-08-22 08:24:52.925720900,0.095720900,1
'2026-08-22 08:24:52.925721000,0.095721000,0
'2026-08-22 08:24:52.925721100,0.095721100,1
'2026-08-22 08:24:52.925721300,0.095721300,0
'2026-08-22 08:24:52.925721700,0.095721700,1
'2026-08-22 08:24:52.925741400,0.095741400,0
'2026-08-22 08:24:52.925741500,0.095741500,1
'2026-08-22 08:24:52.925742000,0.095742000,0
'2026-08-22 08:24:52.925742100,0.095742100,1
'2026-08-22 08:24:52.925750600,0.095750600,0
'2026-08-22 08:24:52.925750700,0.095750700,1
'2026-08-22 08:24:52.925750900,0.095750900,0
'2026-08-22 08:24:52.925751200,0.095751200,1
'2026-08-22 08:24:52.925751300,0.095751300,0
'2026-08-22 08:24:52.925751500,0.095751500,1
'2026-08-22 08:24:52.925751700,0.095751700,0
'2026-08-22 08:24:52.925751800,0.095751800,1
'2026-08-22 08:24:52.925770700,0.095770700,0
'2026-08-22 08:24:52.925770800,0.095770800,1
'2026-08-22 08:24:52.925771000,0.095771000,0
'2026-08-22 08:24:52.925771300,0.095771300,1
'2026-08-22 08:24:52.925800200,0.095800200,0
'2026-08-22 08:24:52.925800300,0.095800300,1
'2026-08-22 08:24:52.925829700,0.095829700,0
'2026-08-22 08:24:52.925829800,0.095829800,1
'2026-08-22 08:24:52.925871300,0.095871300,0
'2026-08-22 08:24:52.925871400,0.095871400,1
'2026-08-22 08:24:52.926012400,0.096012400,0
'2026-08-22 08:24:52.926012500,0.096012500,1
'2026-08-22 08:24:52.926553600,0.096553600,0
'2026-08-22 08:24:52.926553700,0.096553700,1
'2026-08-22 08:24:52.926554000,0.096554000,0
'2026-08-22 08:24:52.926554100,0.096554100,1
'2026-08-22 08:24:52.926554800,0.096554800,0
'2026-08-22 08:24:52.926554900,0.096554900,1
'2026-08-22 08:24:52.926555200,0.096555200,0
'2026-08-22 08:24:52.926555300,0.096555300,1
'2026-08-22 08:24:52.926555400,0.096555400,0
'2026-08-22 08:24:52.926555600,0.096555600,1
'2026-08-22 08:24:52.926555700,0.096555700,0
'2026-08-22 08:24:52.926556200,0.096556200,1
'2026-08-22 08:24:52.926557000,0.096557000,0
'2026-08-22 08:24:52.926557100,0.096557100,1
'2026-08-22 08:24:52.926557600,0.096557600,0
'2026-08-22 08:24:52.926557700,0.096557700,1
'2026-08-22 08:24:52.926576200,0.096576200,0
'2026-08-22 08:24:52.926576300,0.096576300,1
'2026-08-22 08:24:52.926577000,0.096577000,0
'2026-08-22 08:24:52.926577100,0.096577100,1
'2026-08-22 08:24:52.926578000,0.096578000,0
'2026-08-22 08:24:52.926578100,0.096578100,1
'2026-08-22 08:24:52.926584900,0.096584900,0
'2026-08-22 08:24:52.926585100,0.096585100,1
'2026-08-22 08:24:52.926585200,0.096585200,0
'2026-08-22 08:24:52.926585400,0.096585400,1
'2026-08-22 08:24:52.926586200,0.096586200,0
'2026-08-22 08:24:52.926586300,0.096586300,1
'2026-08-22 08:24:52.926610600,0.096610600,0
'2026-08-22 08:24:52.926610700,0.096610700,1
'2026-08-22 08:24:52.926685100,0.096685100,0
'2026-08-22 08:24:52.926685200,0.096685200,1
'2026-08-22 08:24:52.926738000,0.096738000,0
'2026-08-22 08:24:52.926738100,0.096738100,1
'2026-08-22 08:24:52.927389800,0.097389800,0
'2026-08-22 08:24:52.927389900,0.097389900,1
'2026-08-22 08:24:52.927390200,0.097390200,0
'2026-08-22 08:24:52.927390600,0.097390600,1
'2026-08-22 08:24:52.927390800,0.097390800,0
'2026-08-22 08:24:52.927390900,0.097390900,1
'2026-08-22 08:24:52.927391000,0.097391000,0
'2026-08-22 08:24:52.927391100,0.097391100,1
'2026-08-22 08:24:52.927391600,0.097391600,0
'2026-08-22 08:24:52.927391800,0.097391800,1
'2026-08-22 08:24:52.927439500,0.097439500,0
'2026-08-22 08:24:52.927439600,0.097439600,1
'2026-08-22 08:24:52.927441800,0.097441800,0
'2026-08-22 08:24:52.927441900,0.097441900,1
'2026-08-22 08:24:52.927490300,0.097490300,0
'2026-08-22 08:24:52.927490500,0.097490500,1
'2026-08-22 08:24:52.928193000,0.098193000,0
'2026-08-22 08:24:52.928193100,0.098193100,1
'2026-08-22 08:24:52.928194600,0.098194600,0
'2026-08-22 08:24:52.928194700,0.098194700,1
'2026-08-22 08:24:52.928196200,0.098196200,0
'2026-08-22 08:24:52.928196300,0.098196300,1
'2026-08-22 08:24:52.928196400,0.098196400,0
'2026-08-22 08:24:52.928196500,0.098196500,1
'2026-08-22 08:24:52.928196600,0.098196600,0
'2026-08-22 08:24:52.928196700,0.098196700,1
'2026-08-22 08:24:52.928197000,0.098197000,0
'2026-08-22 08:24:52.928197100,0.098197100,1
'2026-08-22 08:24:52.928198500,0.098198500,0
'2026-08-22 08:24:52.928198600,0.098198600,1
'2026-08-22 08:24:52.928199000,0.098199000,0
'2026-08-22 08:24:52.928199100,0.098199100,1
'2026-08-22 08:24:52.928202200,0.098202200,0
'2026-08-22 08:24:52.928202300,0.098202300,1
'2026-08-22 08:24:52.928224600,0.098224600,0
'2026-08-22 08:24:52.928224900,0.098224900,1
'2026-08-22 08:24:52.928225200,0.098225200,0
'2026-08-22 08:24:52.928225400,0.098225400,1
'2026-08-22 08:24:52.928225700,0.098225700,0
'2026-08-22 08:24:52.928225900,0.098225900,1
'2026-08-22 08:24:52.928226200,0.098226200,0
'2026-08-22 08:24:52.928226300,0.098226300,1
'2026-08-22 08:24:52.928227600,0.098227600,0
'2026-08-22 08:24:52.928227700,0.098227700,1
'2026-08-22 08:24:52.928228700,0.098228700,0
'2026-08-22 08:24:52.928228800,0.098228800,1
'2026-08-22 08:24:52.928245600,0.098245600,0
'2026-08-22 08:24:52.928245700,0.098245700,1
'2026-08-22 08:24:52.928246200,0.098246200,0
'2026-08-22 08:24:52.928246300,0.098246300,1
'2026-08-22 08:24:52.928246600,0.098246600,0
'2026-08-22 08:24:52.928247000,0.098247000,1
'2026-08-22 08:24:52.928247200,0.098247200,0
'2026-08-22 08:24:52.928247300,0.098247300,1
'2026-08-22 08:24:52.928277100,0.098277100,0
'2026-08-22 08:24:52.928277200,0.098277200,1
'2026-08-22 08:24:52.928297800,0.098297800,0
'2026-08-22 08:24:52.928297900,0.098297900,1
'2026-08-22 08:24:52.928299200,0.098299200,0
'2026-08-22 08:24:52.928299300,0.098299300,1
'2026-08-22 08:24:52.928327800,0.098327800,0
'2026-08-22 08:24:52.928327900,0.098327900,1
'2026-08-22 08:24:52.929008400,0.099008400,0
'2026-08-22 08:24:52.929008500,0.099008500,1
'2026-08-22 08:24:52.929008800,0.099008800,0
'2026-08-22 08:24:52.929009000,0.099009000,1
'2026-08-22 08:24:52.929010600,0.099010600,0
'2026-08-22 08:24:52.929010900,0.099010900,1
'2026-08-22 08:24:52.929011200,0.099011200,0
'2026-08-22 08:24:52.929011300,0.099011300,1
'2026-08-22 08:24:52.929027600,0.099027600,0
'2026-08-22 08:24:52.929027900,0.099027900,1
'2026-08-22 08:24:52.929028100,0.099028100,0
'2026-08-22 08:24:52.929028300,0.099028300,1
'2026-08-22 08:24:52.929028400,0.099028400,0
'2026-08-22 08:24:52.929028500,0.099028500,1
'2026-08-22 08:24:52.929028800,0.099028800,0
'2026-08-22 08:24:52.929028900,0.099028900,1
'2026-08-22 08:24:52.929033800,0.099033800,0
'2026-08-22 08:24:52.929033900,0.099033900,1
'2026-08-22 08:24:52.929057900,0.099057900,0
'2026-08-22 08:24:52.929058100,0.099058100,1
'2026-08-22 08:24:52.929058800,0.099058800,0
'2026-08-22 08:24:52.929058900,0.099058900,1
'2026-08-22 08:24:52.929059000,0.099059000,0
'2026-08-22 08:24:52.929059100,0.099059100,1
'2026-08-22 08:24:52.929059800,0.099059800,0
'2026-08-22 08:24:52.929059900,0.099059900,1
'2026-08-22 08:24:52.929060000,0.099060000,0
'2026-08-22 08:24:52.929060100,0.099060100,1
'2026-08-22 08:24:52.929087200,0.099087200,0
'2026-08-22 08:24:52.929087300,0.099087300,1
'2026-08-22 08:24:52.929087600,0.099087600,0
'2026-08-22 08:24:52.929087700,0.099087700,1
'2026-08-22 08:24:52.929369100,0.099369100,0
'2026-08-22 08:24:52.929369200,0.099369200,1
'2026-08-22 08:24:52.929835100,0.099835100,0
'2026-08-22 08:24:52.929835400,0.099835400,1
'2026-08-22 08:24:52.929835600,0.099835600,0
'2026-08-22 08:24:52.929836000,0.099836000,1
'2026-08-22 08:24:52.929836200,0.099836200,0
'2026-08-22 08:24:52.929836300,0.099836300,1
'2026-08-22 08:24:52.929836400,0.099836400,0
'2026-08-22 08:24:52.929836500,0.099836500,1
'2026-08-22 08:24:52.929839400,0.099839400,0
'2026-08-22 08:24:52.929839500,0.099839500,1
'2026-08-22 08:24:52.929840600,0.099840600,0
'2026-08-22 08:24:52.929840700,0.099840700,1
'2026-08-22 08:24:52.929841600,0.099841600,0
'2026-08-22 08:24:52.929841700,0.099841700,1
'2026-08-22 08:24:52.929843900,0.099843900,0
'2026-08-22 08:24:52.929844100,0.099844100,1
'2026-08-22 08:24:52.929844400,0.099844400,0
'2026-08-22 08:24:52.929844500,0.099844500,1
'2026-08-22 08:24:52.929844700,0.099844700,0
'2026-08-22 08:24:52.929844800,0.099844800,1
'2026-08-22 08:24:52.929845000,0.099845000,0
'2026-08-22 08:24:52.929845100,0.099845100,1
'2026-08-22 08:24:52.929845200,0.099845200,0
'2026-08-22 08:24:52.929845300,0.099845300,1
'2026-08-22 08:24:52.929864300,0.099864300,0
'2026-08-22 08:24:52.929864400,0.099864400,1
'2026-08-22 08:24:52.929866100,0.099866100,0
'2026-08-22 08:24:52.929866300,0.099866300,1
'2026-08-22 08:24:52.929895300,0.099895300,0
'2026-08-22 08:24:52.929895400,0.099895400,1
'2026-08-22 08:24:52.929895800,0.099895800,0
'2026-08-22 08:24:52.929895900,0.099895900,1
'2026-08-22 08:24:52.929896600,0.099896600,0
'2026-08-22 08:24:52.929896700,0.099896700,1
'2026-08-22 08:24:52.929914100,0.099914100,0
'2026-08-22 08:24:52.929914200,0.099914200,1
'2026-08-22 08:24:52.929915200,0.099915200,0
'2026-08-22 08:24:52.929915300,0.099915300,1
'2026-08-22 08:24:52.929918800,0.099918800,0
'2026-08-22 08:24:52.929918900,0.099918900,1
'2026-08-22 08:24:52.929975900,0.099975900,0
'2026-08-22 08:24:52.929976000,0.099976000,1
'2026-08-22 08:24:52.929999200,0.099999200,0
'2026-08-22 08:24:52.929999300,0.099999300,1
'2026-08-22 08:24:52.930670200,0.100670200,0
'2026-08-22 08:24:52.930670300,0.100670300,1
'2026-08-22 08:24:52.930670800,0.100670800,0
'2026-08-22 08:24:52.930670900,0.100670900,1
'2026-08-22 08:24:52.930671500,0.100671500,0
'2026-08-22 08:24:52.930671700,0.100671700,1
'2026-08-22 08:24:52.930673200,0.100673200,0
'2026-08-22 08:24:52.930673300,0.100673300,1
'2026-08-22 08:24:52.930674800,0.100674800,0
'2026-08-22 08:24:52.930674900,0.100674900,1
'2026-08-22 08:24:52.930677800,0.100677800,0
'2026-08-22 08:24:52.930677900,0.100677900,1
'2026-08-22 08:24:52.930678600,0.100678600,0
'2026-08-22 08:24:52.930678700,0.100678700,1
'2026-08-22 08:24:52.930678900,0.100678900,0
'2026-08-22 08:24:52.930679300,0.100679300,1
'2026-08-22 08:24:52.930679700,0.100679700,0
'2026-08-22 08:24:52.930679800,0.100679800,1
'2026-08-22 08:24:52.930680200,0.100680200,0
'2026-08-22 08:24:52.930680300,0.100680300,1
'2026-08-22 08:24:52.930699600,0.100699600,0
'2026-08-22 08:24:52.930699700,0.100699700,1
'2026-08-22 08:24:52.930700600,0.100700600,0
'2026-08-22 08:24:52.930700700,0.100700700,1
'2026-08-22 08:24:52.930703000,0.100703000,0
'2026-08-22 08:24:52.930703100,0.100703100,1
'2026-08-22 08:24:52.930728100,0.100728100,0
'2026-08-22 08:24:52.930728300,0.100728300,1
'2026-08-22 08:24:52.930731000,0.100731000,0
'2026-08-22 08:24:52.930731100,0.100731100,1
'2026-08-22 08:24:52.930750400,0.100750400,0
'2026-08-22 08:24:52.930750500,0.100750500,1
'2026-08-22 08:24:52.930751300,0.100751300,0
'2026-08-22 08:24:52.930751400,0.100751400,1
'2026-08-22 08:24:52.930754400,0.100754400,0
'2026-08-22 08:24:52.930754500,0.100754500,1
'2026-08-22 08:24:52.930800500,0.100800500,0
'2026-08-22 08:24:52.930800700,0.100800700,1
'2026-08-22 08:24:52.931478700,0.101478700,0
'2026-08-22 08:24:52.931478800,0.101478800,1
'2026-08-22 08:24:52.931484000,0.101484000,0
'2026-08-22 08:24:52.931484200,0.101484200,1
'2026-08-22 08:24:52.931484500,0.101484500,0
'2026-08-22 08:24:52.931484700,0.101484700,1
'2026-08-22 08:24:52.931485100,0.101485100,0
'2026-08-22 08:24:52.931485300,0.101485300,1
'2026-08-22 08:24:52.931485800,0.101485800,0
'2026-08-22 08:24:52.931485900,0.101485900,1
'2026-08-22 08:24:52.931486200,0.101486200,0
'2026-08-22 08:24:52.931486300,0.101486300,1
'2026-08-22 08:24:52.931486400,0.101486400,0
'2026-08-22 08:24:52.931486500,0.101486500,1
'2026-08-22 08:24:52.931505000,0.101505000,0
'2026-08-22 08:24:52.931505100,0.101505100,1
'2026-08-22 08:24:52.931507400,0.101507400,0
'2026-08-22 08:24:52.931507500,0.101507500,1
'2026-08-22 08:24:52.931508300,0.101508300,0
'2026-08-22 08:24:52.931508400,0.101508400,1
'2026-08-22 08:24:52.931512600,0.101512600,0
'2026-08-22 08:24:52.931512700,0.101512700,1
'2026-08-22 08:24:52.931537600,0.101537600,0
'2026-08-22 08:24:52.931537900,0.101537900,1
'2026-08-22 08:24:52.931538100,0.101538100,0
'2026-08-22 08:24:52.931538300,0.101538300,1
'2026-08-22 08:24:52.931539600,0.101539600,0
'2026-08-22 08:24:52.931539700,0.101539700,1
'2026-08-22 08:24:52.931540000,0.101540000,0
'2026-08-22 08:24:52.931540200,0.101540200,1
'2026-08-22 08:24:52.931560400,0.101560400,0
'2026-08-22 08:24:52.931560600,0.101560600,1
'2026-08-22 08:24:52.931614200,0.101614200,0
'2026-08-22 08:24:52.931614300,0.101614300,1
'2026-08-22 08:24:52.931617800,0.101617800,0
'2026-08-22 08:24:52.931617900,0.101617900,1
'2026-08-22 08:24:52.931665600,0.101665600,0
'2026-08-22 08:24:52.931665700,0.101665700,1
'2026-08-22 08:24:52.932317000,0.102317000,0
'2026-08-22 08:24:52.932317100,0.102317100,1
'2026-08-22 08:24:52.932317400,0.102317400,0
'2026-08-22 08:24:52.932317800,0.102317800,1
'2026-08-22 08:24:52.932318000,0.102318000,0
'2026-08-22 08:24:52.932319000,0.102319000,1
'2026-08-22 08:24:52.932319200,0.102319200,0
'2026-08-22 08:24:52.932319600,0.102319600,1
'2026-08-22 08:24:52.932319700,0.102319700,0
'2026-08-22 08:24:52.932319900,0.102319900,1
'2026-08-22 08:24:52.932320000,0.102320000,0
'2026-08-22 08:24:52.932320200,0.102320200,1
'2026-08-22 08:24:52.932320300,0.102320300,0
'2026-08-22 08:24:52.932321300,0.102321300,1
'2026-08-22 08:24:52.932338400,0.102338400,0
'2026-08-22 08:24:52.932339400,0.102339400,1
'2026-08-22 08:24:52.932339600,0.102339600,0
'2026-08-22 08:24:52.932340200,0.102340200,1
'2026-08-22 08:24:52.932340400,0.102340400,0
'2026-08-22 08:24:52.932340500,0.102340500,1
'2026-08-22 08:24:52.932341000,0.102341000,0
'2026-08-22 08:24:52.932341100,0.102341100,1
'2026-08-22 08:24:52.932347300,0.102347300,0
'2026-08-22 08:24:52.932347500,0.102347500,1
'2026-08-22 08:24:52.932347800,0.102347800,0
'2026-08-22 08:24:52.932347900,0.102347900,1
'2026-08-22 08:24:52.932348400,0.102348400,0
'2026-08-22 08:24:52.932348700,0.102348700,1
'2026-08-22 08:24:52.932348800,0.102348800,0
'2026-08-22 08:24:52.932349100,0.102349100,1
'2026-08-22 08:24:52.932349200,0.102349200,0
'2026-08-22 08:24:52.932349400,0.102349400,1
'2026-08-22 08:24:52.932369400,0.102369400,0
'2026-08-22 08:24:52.932369500,0.102369500,1
'2026-08-22 08:24:52.932369900,0.102369900,0
'2026-08-22 08:24:52.932370000,0.102370000,1
'2026-08-22 08:24:52.932370200,0.102370200,0
'2026-08-22 08:24:52.932370300,0.102370300,1
'2026-08-22 08:24:52.932370500,0.102370500,0
'2026-08-22 08:24:52.932370900,0.102370900,1
'2026-08-22 08:24:52.932399400,0.102399400,0
'2026-08-22 08:24:52.932399500,0.102399500,1
'2026-08-22 08:24:52.933125400,0.103125400,0
'2026-08-22 08:24:52.933125700,0.103125700,1
'2026-08-22 08:24:52.933130000,0.103130000,0
'2026-08-22 08:24:52.933130100,0.103130100,1
'2026-08-22 08:24:52.933131100,0.103131100,0
'2026-08-22 08:24:52.933131500,0.103131500,1
'2026-08-22 08:24:52.933150600,0.103150600,0
'2026-08-22 08:24:52.933150700,0.103150700,1
'2026-08-22 08:24:52.933150900,0.103150900,0
'2026-08-22 08:24:52.933151400,0.103151400,1
'2026-08-22 08:24:52.933151500,0.103151500,0
'2026-08-22 08:24:52.933152000,0.103152000,1
'2026-08-22 08:24:52.933152200,0.103152200,0
'2026-08-22 08:24:52.933152600,0.103152600,1
'2026-08-22 08:24:52.933152800,0.103152800,0
'2026-08-22 08:24:52.933152900,0.103152900,1
'2026-08-22 08:24:52.933153300,0.103153300,0
'2026-08-22 08:24:52.933153700,0.103153700,1
'2026-08-22 08:24:52.933154100,0.103154100,0
'2026-08-22 08:24:52.933154300,0.103154300,1
'2026-08-22 08:24:52.933154500,0.103154500,0
'2026-08-22 08:24:52.933154800,0.103154800,1
'2026-08-22 08:24:52.933155000,0.103155000,0
'2026-08-22 08:24:52.933155100,0.103155100,1
'2026-08-22 08:24:52.933173600,0.103173600,0
'2026-08-22 08:24:52.933173900,0.103173900,1
'2026-08-22 08:24:52.933175100,0.103175100,0
'2026-08-22 08:24:52.933175200,0.103175200,1
'2026-08-22 08:24:52.933181400,0.103181400,0
'2026-08-22 08:24:52.933181600,0.103181600,1
'2026-08-22 08:24:52.933181900,0.103181900,0
'2026-08-22 08:24:52.933182100,0.103182100,1
'2026-08-22 08:24:52.933182200,0.103182200,0
'2026-08-22 08:24:52.933182300,0.103182300,1
'2026-08-22 08:24:52.933182400,0.103182400,0
'2026-08-22 08:24:52.933182900,0.103182900,1
'2026-08-22 08:24:52.933183100,0.103183100,0
'2026-08-22 08:24:52.933183400,0.103183400,1
'2026-08-22 08:24:52.933183700,0.103183700,0
'2026-08-22 08:24:52.933183900,0.103183900,1
'2026-08-22 08:24:52.933201400,0.103201400,0
'2026-08-22 08:24:52.933201600,0.103201600,1
'2026-08-22 08:24:52.933201900,0.103201900,0
'2026-08-22 08:24:52.933202000,0.103202000,1
'2026-08-22 08:24:52.933202100,0.103202100,0
'2026-08-22 08:24:52.933202200,0.103202200,1
'2026-08-22 08:24:52.933202400,0.103202400,0
'2026-08-22 08:24:52.933202700,0.103202700,1
'2026-08-22 08:24:52.933204100,0.103204100,0
'2026-08-22 08:24:52.933204300,0.103204300,1
'2026-08-22 08:24:52.933205400,0.103205400,0
'2026-08-22 08:24:52.933205600,0.103205600,1
'2026-08-22 08:24:52.933206800,0.103206800,0
'2026-08-22 08:24:52.933206900,0.103206900,1
'2026-08-22 08:24:52.933209000,0.103209000,0
'2026-08-22 08:24:52.933209200,0.103209200,1
'2026-08-22 08:24:52.933231800,0.103231800,0
'2026-08-22 08:24:52.933232000,0.103232000,1
'2026-08-22 08:24:52.933232800,0.103232800,0
'2026-08-22 08:24:52.933232900,0.103232900,1
'2026-08-22 08:24:52.933233000,0.103233000,0
'2026-08-22 08:24:52.933233100,0.103233100,1
'2026-08-22 08:24:52.933253300,0.103253300,0
'2026-08-22 08:24:52.933253500,0.103253500,1
'2026-08-22 08:24:52.933253800,0.103253800,0
'2026-08-22 08:24:52.933253900,0.103253900,1
'2026-08-22 08:24:52.933334000,0.103334000,0
'2026-08-22 08:24:52.933334100,0.103334100,1
'2026-08-22 08:24:52.933334500,0.103334500,0
'2026-08-22 08:24:52.933334700,0.103334700,1
'2026-08-22 08:24:52.933392500,0.103392500,0
'2026-08-22 08:24:52.933392600,0.103392600,1
'2026-08-22 08:24:52.933414600,0.103414600,0
'2026-08-22 08:24:52.933414700,0.103414700,1
'2026-08-22 08:24:52.933514600,0.103514600,0
'2026-08-22 08:24:52.933514700,0.103514700,1
'2026-08-22 08:24:52.933956000,0.103956000,0
'2026-08-22 08:24:52.933956100,0.103956100,1
'2026-08-22 08:24:52.933956400,0.103956400,0
'2026-08-22 08:24:52.933956700,0.103956700,1
'2026-08-22 08:24:52.933956900,0.103956900,0
'2026-08-22 08:24:52.933957300,0.103957300,1
'2026-08-22 08:24:52.933957400,0.103957400,0
'2026-08-22 08:24:52.933957900,0.103957900,1
'2026-08-22 08:24:52.933958300,0.103958300,0
'2026-08-22 08:24:52.933958500,0.103958500,1
'2026-08-22 08:24:52.933958800,0.103958800,0
'2026-08-22 08:24:52.933958900,0.103958900,1
'2026-08-22 08:24:52.933959400,0.103959400,0
'2026-08-22 08:24:52.933959500,0.103959500,1
'2026-08-22 08:24:52.933960700,0.103960700,0
'2026-08-22 08:24:52.933960800,0.103960800,1
'2026-08-22 08:24:52.933962800,0.103962800,0
'2026-08-22 08:24:52.933962900,0.103962900,1
'2026-08-22 08:24:52.933964000,0.103964000,0
'2026-08-22 08:24:52.933964100,0.103964100,1
'2026-08-22 08:24:52.933964300,0.103964300,0
'2026-08-22 08:24:52.933964400,0.103964400,1
'2026-08-22 08:24:52.933964500,0.103964500,0
'2026-08-22 08:24:52.933964900,0.103964900,1
'2026-08-22 08:24:52.933965100,0.103965100,0
'2026-08-22 08:24:52.933965300,0.103965300,1
'2026-08-22 08:24:52.933965700,0.103965700,0
'2026-08-22 08:24:52.933966100,0.103966100,1
'2026-08-22 08:24:52.933984600,0.103984600,0
'2026-08-22 08:24:52.933984700,0.103984700,1
'2026-08-22 08:24:52.933985100,0.103985100,0
'2026-08-22 08:24:52.933985300,0.103985300,1
'2026-08-22 08:24:52.933985600,0.103985600,0
'2026-08-22 08:24:52.933985900,0.103985900,1
'2026-08-22 08:24:52.933987200,0.103987200,0
'2026-08-22 08:24:52.933987300,0.103987300,1
'2026-08-22 08:24:52.933987400,0.103987400,0
'2026-08-22 08:24:52.933987700,0.103987700,1
'2026-08-22 08:24:52.933987800,0.103987800,0
'2026-08-22 08:24:52.933988100,0.103988100,1
'2026-08-22 08:24:52.933988600,0.103988600,0
'2026-08-22 08:24:52.933988800,0.103988800,1
'2026-08-22 08:24:52.933989000,0.103989000,0
'2026-08-22 08:24:52.933989100,0.103989100,1
'2026-08-22 08:24:52.933989200,0.103989200,0
'2026-08-22 08:24:52.933989300,0.103989300,1
'2026-08-22 08:24:52.934007700,0.104007700,0
'2026-08-22 08:24:52.934008000,0.104008000,1
'2026-08-22 08:24:52.934010800,0.104010800,0
'2026-08-22 08:24:52.934010900,0.104010900,1
'2026-08-22 08:24:52.934013800,0.104013800,0
'2026-08-22 08:24:52.934013900,0.104013900,1
'2026-08-22 08:24:52.934015600,0.104015600,0
'2026-08-22 08:24:52.934015700,0.104015700,1
'2026-08-22 08:24:52.934017100,0.104017100,0
'2026-08-22 08:24:52.934017200,0.104017200,1
'2026-08-22 08:24:52.934017400,0.104017400,0
'2026-08-22 08:24:52.934017600,0.104017600,1
'2026-08-22 08:24:52.934017800,0.104017800,0
'2026-08-22 08:24:52.934017900,0.104017900,1
'2026-08-22 08:24:52.934037600,0.104037600,0
'2026-08-22 08:24:52.934037700,0.104037700,1
'2026-08-22 08:24:52.934038100,0.104038100,0
'2026-08-22 08:24:52.934038300,0.104038300,1
'2026-08-22 08:24:52.934067400,0.104067400,0
'2026-08-22 08:24:52.934067600,0.104067600,1
'2026-08-22 08:24:52.934068100,0.104068100,0
'2026-08-22 08:24:52.934068300,0.104068300,1
'2026-08-22 08:24:52.934068600,0.104068600,0
'2026-08-22 08:24:52.934068700,0.104068700,1
'2026-08-22 08:24:52.934068800,0.104068800,0
'2026-08-22 08:24:52.934068900,0.104068900,1
'2026-08-22 08:24:52.934069300,0.104069300,0
'2026-08-22 08:24:52.934069500,0.104069500,1
'2026-08-22 08:24:52.934089600,0.104089600,0
'2026-08-22 08:24:52.934089800,0.104089800,1
'2026-08-22 08:24:52.934147000,0.104147000,0
'2026-08-22 08:24:52.934147100,0.104147100,1
'2026-08-22 08:24:52.934194700,0.104194700,0
'2026-08-22 08:24:52.934194800,0.104194800,1
'2026-08-22 08:24:52.934789200,0.104789200,0
'2026-08-22 08:24:52.934789300,0.104789300,1
'2026-08-22 08:24:52.934789700,0.104789700,0
'2026-08-22 08:24:52.934789900,0.104789900,1
'2026-08-22 08:24:52.934790400,0.104790400,0
'2026-08-22 08:24:52.934790600,0.104790600,1
'2026-08-22 08:24:52.934791600,0.104791600,0
'2026-08-22 08:24:52.934791700,0.104791700,1
'2026-08-22 08:24:52.934792800,0.104792800,0
'2026-08-22 08:24:52.934792900,0.104792900,1
'2026-08-22 08:24:52.934794400,0.104794400,0
'2026-08-22 08:24:52.934794700,0.104794700,1
'2026-08-22 08:24:52.934794800,0.104794800,0
'2026-08-22 08:24:52.934795100,0.104795100,1
'2026-08-22 08:24:52.934795200,0.104795200,0
'2026-08-22 08:24:52.934795300,0.104795300,1
'2026-08-22 08:24:52.934795600,0.104795600,0
'2026-08-22 08:24:52.934795900,0.104795900,1
'2026-08-22 08:24:52.934796200,0.104796200,0
'2026-08-22 08:24:52.934796300,0.104796300,1
'2026-08-22 08:24:52.934796800,0.104796800,0
'2026-08-22 08:24:52.934797000,0.104797000,1
'2026-08-22 08:24:52.934797200,0.104797200,0
'2026-08-22 08:24:52.934797400,0.104797400,1
'2026-08-22 08:24:52.934798400,0.104798400,0
'2026-08-22 08:24:52.934798500,0.104798500,1
'2026-08-22 08:24:52.934800200,0.104800200,0
'2026-08-22 08:24:52.934800300,0.104800300,1
'2026-08-22 08:24:52.934800400,0.104800400,0
'2026-08-22 08:24:52.934800500,0.104800500,1
'2026-08-22 08:24:52.934818300,0.104818300,0
'2026-08-22 08:24:52.934819500,0.104819500,1
'2026-08-22 08:24:52.934820600,0.104820600,0
'2026-08-22 08:24:52.934821600,0.104821600,1
'2026-08-22 08:24:52.934822800,0.104822800,0
'2026-08-22 08:24:52.934823600,0.104823600,1
'2026-08-22 08:24:52.934824600,0.104824600,0
'2026-08-22 08:24:52.934825600,0.104825600,1
'2026-08-22 08:24:52.934826600,0.104826600,0
'2026-08-22 08:24:52.934826800,0.104826800,1
'2026-08-22 08:24:52.934847600,0.104847600,0
'2026-08-22 08:24:52.934847700,0.104847700,1
'2026-08-22 08:24:52.934848700,0.104848700,0
'2026-08-22 08:24:52.934848800,0.104848800,1
'2026-08-22 08:24:52.934852400,0.104852400,0
'2026-08-22 08:24:52.934852500,0.104852500,1
'2026-08-22 08:24:52.934925200,0.104925200,0
'2026-08-22 08:24:52.934925300,0.104925300,1
'2026-08-22 08:24:52.935607400,0.105607400,0
'2026-08-22 08:24:52.935607500,0.105607500,1
'2026-08-22 08:24:52.935608400,0.105608400,0
'2026-08-22 08:24:52.935608500,0.105608500,1
'2026-08-22 08:24:52.935625500,0.105625500,0
'2026-08-22 08:24:52.935625600,0.105625600,1
'2026-08-22 08:24:52.935625800,0.105625800,0
'2026-08-22 08:24:52.935626100,0.105626100,1
'2026-08-22 08:24:52.935627200,0.105627200,0
'2026-08-22 08:24:52.935627300,0.105627300,1
'2026-08-22 08:24:52.935628300,0.105628300,0
'2026-08-22 08:24:52.935628500,0.105628500,1
'2026-08-22 08:24:52.935632400,0.105632400,0
'2026-08-22 08:24:52.935632500,0.105632500,1
'2026-08-22 08:24:52.935632900,0.105632900,0
'2026-08-22 08:24:52.935633100,0.105633100,1
'2026-08-22 08:24:52.935633400,0.105633400,0
'2026-08-22 08:24:52.935633700,0.105633700,1
'2026-08-22 08:24:52.935633900,0.105633900,0
'2026-08-22 08:24:52.935634100,0.105634100,1
'2026-08-22 08:24:52.935634800,0.105634800,0
'2026-08-22 08:24:52.935634900,0.105634900,1
'2026-08-22 08:24:52.935651000,0.105651000,0
'2026-08-22 08:24:52.935651100,0.105651100,1
'2026-08-22 08:24:52.935653800,0.105653800,0
'2026-08-22 08:24:52.935653900,0.105653900,1
'2026-08-22 08:24:52.935654000,0.105654000,0
'2026-08-22 08:24:52.935654200,0.105654200,1
'2026-08-22 08:24:52.935654500,0.105654500,0
'2026-08-22 08:24:52.935654700,0.105654700,1
'2026-08-22 08:24:52.935655000,0.105655000,0
'2026-08-22 08:24:52.935655400,0.105655400,1
'2026-08-22 08:24:52.935655700,0.105655700,0
'2026-08-22 08:24:52.935655900,0.105655900,1
'2026-08-22 08:24:52.935656300,0.105656300,0
'2026-08-22 08:24:52.935656600,0.105656600,1
'2026-08-22 08:24:52.935656700,0.105656700,0
'2026-08-22 08:24:52.935657100,0.105657100,1
'2026-08-22 08:24:52.935657400,0.105657400,0
'2026-08-22 08:24:52.935657700,0.105657700,1
'2026-08-22 08:24:52.935658600,0.105658600,0
'2026-08-22 08:24:52.935658700,0.105658700,1
'2026-08-22 08:24:52.935677200,0.105677200,0
'2026-08-22 08:24:52.935677300,0.105677300,1
'2026-08-22 08:24:52.935677900,0.105677900,0
'2026-08-22 08:24:52.935678000,0.105678000,1
'2026-08-22 08:24:52.935686700,0.105686700,0
'2026-08-22 08:24:52.935686800,0.105686800,1
'2026-08-22 08:24:52.935708100,0.105708100,0
'2026-08-22 08:24:52.935708200,0.105708200,1
'2026-08-22 08:24:52.935708400,0.105708400,0
'2026-08-22 08:24:52.935708500,0.105708500,1
'2026-08-22 08:24:52.935710500,0.105710500,0
'2026-08-22 08:24:52.935710600,0.105710600,1
'2026-08-22 08:24:52.935728000,0.105728000,0
'2026-08-22 08:24:52.935728100,0.105728100,1
'2026-08-22 08:24:52.935737400,0.105737400,0
'2026-08-22 08:24:52.935737500,0.105737500,1
'2026-08-22 08:24:52.935757300,0.105757300,0
'2026-08-22 08:24:52.935757500,0.105757500,1
'2026-08-22 08:24:52.935787100,0.105787100,0
'2026-08-22 08:24:52.935787200,0.105787200,1
'2026-08-22 08:24:52.936432400,0.106432400,0
'2026-08-22 08:24:52.936432800,0.106432800,1
'2026-08-22 08:24:52.936433000,0.106433000,0
'2026-08-22 08:24:52.936433300,0.106433300,1
'2026-08-22 08:24:52.936433600,0.106433600,0
'2026-08-22 08:24:52.936433900,0.106433900,1
'2026-08-22 08:24:52.936434200,0.106434200,0
'2026-08-22 08:24:52.936434400,0.106434400,1
'2026-08-22 08:24:52.936439400,0.106439400,0
'2026-08-22 08:24:52.936439700,0.106439700,1
'2026-08-22 08:24:52.936440000,0.106440000,0
'2026-08-22 08:24:52.936440300,0.106440300,1
'2026-08-22 08:24:52.936440700,0.106440700,0
'2026-08-22 08:24:52.936440900,0.106440900,1
'2026-08-22 08:24:52.936441200,0.106441200,0
'2026-08-22 08:24:52.936441500,0.106441500,1
'2026-08-22 08:24:52.936441700,0.106441700,0
'2026-08-22 08:24:52.936442100,0.106442100,1
'2026-08-22 08:24:52.936442300,0.106442300,0
'2026-08-22 08:24:52.936442700,0.106442700,1
'2026-08-22 08:24:52.936442800,0.106442800,0
'2026-08-22 08:24:52.936443100,0.106443100,1
'2026-08-22 08:24:52.936460400,0.106460400,0
'2026-08-22 08:24:52.936460500,0.106460500,1
'2026-08-22 08:24:52.936460600,0.106460600,0
'2026-08-22 08:24:52.936460700,0.106460700,1
'2026-08-22 08:24:52.936460900,0.106460900,0
'2026-08-22 08:24:52.936461000,0.106461000,1
'2026-08-22 08:24:52.936461200,0.106461200,0
'2026-08-22 08:24:52.936461300,0.106461300,1
'2026-08-22 08:24:52.936461700,0.106461700,0
'2026-08-22 08:24:52.936461900,0.106461900,1
'2026-08-22 08:24:52.936462400,0.106462400,0
'2026-08-22 08:24:52.936462500,0.106462500,1
'2026-08-22 08:24:52.936462800,0.106462800,0
'2026-08-22 08:24:52.936463100,0.106463100,1
'2026-08-22 08:24:52.936463500,0.106463500,0
'2026-08-22 08:24:52.936463600,0.106463600,1
'2026-08-22 08:24:52.936465200,0.106465200,0
'2026-08-22 08:24:52.936465400,0.106465400,1
'2026-08-22 08:24:52.936465900,0.106465900,0
'2026-08-22 08:24:52.936466000,0.106466000,1
'2026-08-22 08:24:52.936468200,0.106468200,0
'2026-08-22 08:24:52.936468400,0.106468400,1
'2026-08-22 08:24:52.936468600,0.106468600,0
'2026-08-22 08:24:52.936468900,0.106468900,1
'2026-08-22 08:24:52.936469100,0.106469100,0
'2026-08-22 08:24:52.936469200,0.106469200,1
'2026-08-22 08:24:52.936491400,0.106491400,0
'2026-08-22 08:24:52.936491600,0.106491600,1
'2026-08-22 08:24:52.936492000,0.106492000,0
'2026-08-22 08:24:52.936492200,0.106492200,1
'2026-08-22 08:24:52.936493000,0.106493000,0
'2026-08-22 08:24:52.936493100,0.106493100,1
'2026-08-22 08:24:52.936493800,0.106493800,0
'2026-08-22 08:24:52.936493900,0.106493900,1
'2026-08-22 08:24:52.936521600,0.106521600,0
'2026-08-22 08:24:52.936521700,0.106521700,1
'2026-08-22 08:24:52.936540400,0.106540400,0
'2026-08-22 08:24:52.936540500,0.106540500,1
'2026-08-22 08:24:52.936541700,0.106541700,0
'2026-08-22 08:24:52.936541800,0.106541800,1
'2026-08-22 08:24:52.936542200,0.106542200,0
'2026-08-22 08:24:52.936542300,0.106542300,1
'2026-08-22 08:24:52.936542600,0.106542600,0
'2026-08-22 08:24:52.936542700,0.106542700,1
'2026-08-22 08:24:52.936542800,0.106542800,0
'2026-08-22 08:24:52.936542900,0.106542900,1
'2026-08-22 08:24:52.936543000,0.106543000,0
'2026-08-22 08:24:52.936543100,0.106543100,1
'2026-08-22 08:24:52.936563200,0.106563200,0
'2026-08-22 08:24:52.936563300,0.106563300,1
'2026-08-22 08:24:52.936570900,0.106570900,0
'2026-08-22 08:24:52.936571000,0.106571000,1
'2026-08-22 08:24:52.936593600,0.106593600,0
'2026-08-22 08:24:52.936593700,0.106593700,1
'2026-08-22 08:24:52.936649400,0.106649400,0
'2026-08-22 08:24:52.936649500,0.106649500,1
'2026-08-22 08:24:52.937267000,0.107267000,0
'2026-08-22 08:24:52.937267300,0.107267300,1
'2026-08-22 08:24:52.937267600,0.107267600,0
'2026-08-22 08:24:52.937267800,0.107267800,1
'2026-08-22 08:24:52.937268100,0.107268100,0
'2026-08-22 08:24:52.937268300,0.107268300,1
'2026-08-22 08:24:52.937268600,0.107268600,0
'2026-08-22 08:24:52.937268800,0.107268800,1
'2026-08-22 08:24:52.937269400,0.107269400,0
'2026-08-22 08:24:52.937269500,0.107269500,1
'2026-08-22 08:24:52.937270500,0.107270500,0
'2026-08-22 08:24:52.937270600,0.107270600,1
'2026-08-22 08:24:52.937273100,0.107273100,0
'2026-08-22 08:24:52.937273200,0.107273200,1
'2026-08-22 08:24:52.937274400,0.107274400,0
'2026-08-22 08:24:52.937274700,0.107274700,1
'2026-08-22 08:24:52.937274800,0.107274800,0
'2026-08-22 08:24:52.937274900,0.107274900,1
'2026-08-22 08:24:52.937275200,0.107275200,0
'2026-08-22 08:24:52.937275300,0.107275300,1
'2026-08-22 08:24:52.937275600,0.107275600,0
'2026-08-22 08:24:52.937275700,0.107275700,1
'2026-08-22 08:24:52.937275800,0.107275800,0
'2026-08-22 08:24:52.937276100,0.107276100,1
'2026-08-22 08:24:52.937276200,0.107276200,0
'2026-08-22 08:24:52.937276700,0.107276700,1
'2026-08-22 08:24:52.937276800,0.107276800,0
'2026-08-22 08:24:52.937277200,0.107277200,1
'2026-08-22 08:24:52.937277300,0.107277300,0
'2026-08-22 08:24:52.937277400,0.107277400,1
'2026-08-22 08:24:52.937277600,0.107277600,0
'2026-08-22 08:24:52.937277700,0.107277700,1
'2026-08-22 08:24:52.937277800,0.107277800,0
'2026-08-22 08:24:52.937277900,0.107277900,1
'2026-08-22 08:24:52.937278000,0.107278000,0
'2026-08-22 08:24:52.937278100,0.107278100,1
'2026-08-22 08:24:52.937296900,0.107296900,0
'2026-08-22 08:24:52.937297000,0.107297000,1
'2026-08-22 08:24:52.937297200,0.107297200,0
'2026-08-22 08:24:52.937297700,0.107297700,1
'2026-08-22 08:24:52.937298000,0.107298000,0
'2026-08-22 08:24:52.937298200,0.107298200,1
'2026-08-22 08:24:52.937298500,0.107298500,0
'2026-08-22 08:24:52.937298700,0.107298700,1
'2026-08-22 08:24:52.937299300,0.107299300,0
'2026-08-22 08:24:52.937299400,0.107299400,1
'2026-08-22 08:24:52.937300400,0.107300400,0
'2026-08-22 08:24:52.937300500,0.107300500,1
'2026-08-22 08:24:52.937329000,0.107329000,0
'2026-08-22 08:24:52.937329100,0.107329100,1
'2026-08-22 08:24:52.937329400,0.107329400,0
'2026-08-22 08:24:52.937329500,0.107329500,1
'2026-08-22 08:24:52.937348600,0.107348600,0
'2026-08-22 08:24:52.937348700,0.107348700,1
'2026-08-22 08:24:52.937378200,0.107378200,0
'2026-08-22 08:24:52.937378300,0.107378300,1
'2026-08-22 08:24:52.937399600,0.107399600,0
'2026-08-22 08:24:52.937399700,0.107399700,1
'2026-08-22 08:24:52.937400700,0.107400700,0
'2026-08-22 08:24:52.937400800,0.107400800,1
'2026-08-22 08:24:52.937430400,0.107430400,0
'2026-08-22 08:24:52.937430500,0.107430500,1
'2026-08-22 08:24:52.938075600,0.108075600,0
'2026-08-22 08:24:52.938075700,0.108075700,1
'2026-08-22 08:24:52.938079300,0.108079300,0
'2026-08-22 08:24:52.938079400,0.108079400,1
'2026-08-22 08:24:52.938080800,0.108080800,0
'2026-08-22 08:24:52.938081100,0.108081100,1
'2026-08-22 08:24:52.938082000,0.108082000,0
'2026-08-22 08:24:52.938082100,0.108082100,1
'2026-08-22 08:24:52.938082200,0.108082200,0
'2026-08-22 08:24:52.938082300,0.108082300,1
'2026-08-22 08:24:52.938082600,0.108082600,0
'2026-08-22 08:24:52.938082700,0.108082700,1
'2026-08-22 08:24:52.938083100,0.108083100,0
'2026-08-22 08:24:52.938083400,0.108083400,1
'2026-08-22 08:24:52.938083600,0.108083600,0
'2026-08-22 08:24:52.938084000,0.108084000,1
'2026-08-22 08:24:52.938084200,0.108084200,0
'2026-08-22 08:24:52.938085200,0.108085200,1
'2026-08-22 08:24:52.938085400,0.108085400,0
'2026-08-22 08:24:52.938085900,0.108085900,1
'2026-08-22 08:24:52.938086000,0.108086000,0
'2026-08-22 08:24:52.938086100,0.108086100,1
'2026-08-22 08:24:52.938101300,0.108101300,0
'2026-08-22 08:24:52.938101400,0.108101400,1
'2026-08-22 08:24:52.938104200,0.108104200,0
'2026-08-22 08:24:52.938104300,0.108104300,1
'2026-08-22 08:24:52.938105200,0.108105200,0
'2026-08-22 08:24:52.938105600,0.108105600,1
'2026-08-22 08:24:52.938106600,0.108106600,0
'2026-08-22 08:24:52.938106700,0.108106700,1
'2026-08-22 08:24:52.938107600,0.108107600,0
'2026-08-22 08:24:52.938107700,0.108107700,1
'2026-08-22 08:24:52.938109900,0.108109900,0
'2026-08-22 08:24:52.938110000,0.108110000,1
'2026-08-22 08:24:52.938111400,0.108111400,0
'2026-08-22 08:24:52.938111500,0.108111500,1
'2026-08-22 08:24:52.938111800,0.108111800,0
'2026-08-22 08:24:52.938112000,0.108112000,1
'2026-08-22 08:24:52.938127600,0.108127600,0
'2026-08-22 08:24:52.938127800,0.108127800,1
'2026-08-22 08:24:52.938129800,0.108129800,0
'2026-08-22 08:24:52.938130100,0.108130100,1
'2026-08-22 08:24:52.938130400,0.108130400,0
'2026-08-22 08:24:52.938130500,0.108130500,1
'2026-08-22 08:24:52.938131500,0.108131500,0
'2026-08-22 08:24:52.938131600,0.108131600,1
'2026-08-22 08:24:52.938135400,0.108135400,0
'2026-08-22 08:24:52.938135500,0.108135500,1
'2026-08-22 08:24:52.938138600,0.108138600,0
'2026-08-22 08:24:52.938138700,0.108138700,1
'2026-08-22 08:24:52.938158300,0.108158300,0
'2026-08-22 08:24:52.938158400,0.108158400,1
'2026-08-22 08:24:52.938160300,0.108160300,0
'2026-08-22 08:24:52.938160400,0.108160400,1
'2026-08-22 08:24:52.938161400,0.108161400,0
'2026-08-22 08:24:52.938161500,0.108161500,1
'2026-08-22 08:24:52.938181700,0.108181700,0
'2026-08-22 08:24:52.938182100,0.108182100,1
'2026-08-22 08:24:52.938205900,0.108205900,0
'2026-08-22 08:24:52.938206000,0.108206000,1
'2026-08-22 08:24:52.938910000,0.108910000,0
'2026-08-22 08:24:52.938910300,0.108910300,1
'2026-08-22 08:24:52.938910400,0.108910400,0
'2026-08-22 08:24:52.938910600,0.108910600,1
'2026-08-22 08:24:52.938916000,0.108916000,0
'2026-08-22 08:24:52.938916100,0.108916100,1
'2026-08-22 08:24:52.938917100,0.108917100,0
'2026-08-22 08:24:52.938917200,0.108917200,1
'2026-08-22 08:24:52.938917300,0.108917300,0
'2026-08-22 08:24:52.938917400,0.108917400,1
'2026-08-22 08:24:52.938917600,0.108917600,0
'2026-08-22 08:24:52.938917700,0.108917700,1
'2026-08-22 08:24:52.938917800,0.108917800,0
'2026-08-22 08:24:52.938919200,0.108919200,1
'2026-08-22 08:24:52.938920200,0.108920200,0
'2026-08-22 08:24:52.938920300,0.108920300,1
'2026-08-22 08:24:52.938936000,0.108936000,0
'2026-08-22 08:24:52.938936100,0.108936100,1
'2026-08-22 08:24:52.938936900,0.108936900,0
'2026-08-22 08:24:52.938937000,0.108937000,1
'2026-08-22 08:24:52.938937100,0.108937100,0
'2026-08-22 08:24:52.938937300,0.108937300,1
'2026-08-22 08:24:52.938937500,0.108937500,0
'2026-08-22 08:24:52.938937900,0.108937900,1
'2026-08-22 08:24:52.938938000,0.108938000,0
'2026-08-22 08:24:52.938938200,0.108938200,1
'2026-08-22 08:24:52.938938800,0.108938800,0
'2026-08-22 08:24:52.938939100,0.108939100,1
'2026-08-22 08:24:52.938940600,0.108940600,0
'2026-08-22 08:24:52.938940700,0.108940700,1
'2026-08-22 08:24:52.938941700,0.108941700,0
'2026-08-22 08:24:52.938941800,0.108941800,1
'2026-08-22 08:24:52.938996000,0.108996000,0
'2026-08-22 08:24:52.938996100,0.108996100,1
'2026-08-22 08:24:52.938996200,0.108996200,0
'2026-08-22 08:24:52.938996300,0.108996300,1
'2026-08-22 08:24:52.938997200,0.108997200,0
'2026-08-22 08:24:52.938997300,0.108997300,1
'2026-08-22 08:24:52.938997700,0.108997700,0
'2026-08-22 08:24:52.938997800,0.108997800,1
'2026-08-22 08:24:52.939016000,0.109016000,0
'2026-08-22 08:24:52.939016100,0.109016100,1
'2026-08-22 08:24:52.939016600,0.109016600,0
'2026-08-22 08:24:52.939016700,0.109016700,1
'2026-08-22 08:24:52.939017600,0.109017600,0
'2026-08-22 08:24:52.939017700,0.109017700,1
'2026-08-22 08:24:52.939020100,0.109020100,0
'2026-08-22 08:24:52.939020200,0.109020200,1
'2026-08-22 08:24:52.939128600,0.109128600,0
'2026-08-22 08:24:52.939128700,0.109128700,1
'2026-08-22 08:24:52.939176200,0.109176200,0
'2026-08-22 08:24:52.939176300,0.109176300,1
'2026-08-22 08:24:52.939302600,0.109302600,0
'2026-08-22 08:24:52.939302700,0.109302700,1
'2026-08-22 08:24:52.939719600,0.109719600,0
'2026-08-22 08:24:52.939719700,0.109719700,1
'2026-08-22 08:24:52.939721500,0.109721500,0
'2026-08-22 08:24:52.939721700,0.109721700,1
'2026-08-22 08:24:52.939722000,0.109722000,0
'2026-08-22 08:24:52.939722100,0.109722100,1
'2026-08-22 08:24:52.939723600,0.109723600,0
'2026-08-22 08:24:52.939723700,0.109723700,1
'2026-08-22 08:24:52.939723800,0.109723800,0
'2026-08-22 08:24:52.939723900,0.109723900,1
'2026-08-22 08:24:52.939724000,0.109724000,0
'2026-08-22 08:24:52.939724100,0.109724100,1
'2026-08-22 08:24:52.939724300,0.109724300,0
'2026-08-22 08:24:52.939724600,0.109724600,1
'2026-08-22 08:24:52.939724800,0.109724800,0
'2026-08-22 08:24:52.939724900,0.109724900,1
'2026-08-22 08:24:52.939725600,0.109725600,0
'2026-08-22 08:24:52.939725700,0.109725700,1
'2026-08-22 08:24:52.939726800,0.109726800,0
'2026-08-22 08:24:52.939726900,0.109726900,1
'2026-08-22 08:24:52.939729100,0.109729100,0
'2026-08-22 08:24:52.939729300,0.109729300,1
'2026-08-22 08:24:52.939751200,0.109751200,0
'2026-08-22 08:24:52.939751300,0.109751300,1
'2026-08-22 08:24:52.939752400,0.109752400,0
'2026-08-22 08:24:52.939752500,0.109752500,1
'2026-08-22 08:24:52.939753400,0.109753400,0
'2026-08-22 08:24:52.939753500,0.109753500,1
'2026-08-22 08:24:52.939755100,0.109755100,0
'2026-08-22 08:24:52.939755300,0.109755300,1
'2026-08-22 08:24:52.939772800,0.109772800,0
'2026-08-22 08:24:52.939772900,0.109772900,1
'2026-08-22 08:24:52.939775300,0.109775300,0
'2026-08-22 08:24:52.939775400,0.109775400,1
'2026-08-22 08:24:52.939776400,0.109776400,0
'2026-08-22 08:24:52.939776500,0.109776500,1
'2026-08-22 08:24:52.939827200,0.109827200,0
'2026-08-22 08:24:52.939827300,0.109827300,1
'2026-08-22 08:24:52.940554700,0.110554700,0
'2026-08-22 08:24:52.940554800,0.110554800,1
'2026-08-22 08:24:52.940555200,0.110555200,0
'2026-08-22 08:24:52.940555500,0.110555500,1
'2026-08-22 08:24:52.940555600,0.110555600,0
'2026-08-22 08:24:52.940555700,0.110555700,1
'2026-08-22 08:24:52.940556400,0.110556400,0
'2026-08-22 08:24:52.940556900,0.110556900,1
'2026-08-22 08:24:52.940557000,0.110557000,0
'2026-08-22 08:24:52.940557100,0.110557100,1
'2026-08-22 08:24:52.940557300,0.110557300,0
'2026-08-22 08:24:52.940557400,0.110557400,1
'2026-08-22 08:24:52.940557600,0.110557600,0
'2026-08-22 08:24:52.940557900,0.110557900,1
'2026-08-22 08:24:52.940558200,0.110558200,0
'2026-08-22 08:24:52.940558300,0.110558300,1
'2026-08-22 08:24:52.940560500,0.110560500,0
'2026-08-22 08:24:52.940560600,0.110560600,1
'2026-08-22 08:24:52.940584200,0.110584200,0
'2026-08-22 08:24:52.940584300,0.110584300,1
'2026-08-22 08:24:52.940586200,0.110586200,0
'2026-08-22 08:24:52.940586300,0.110586300,1
'2026-08-22 08:24:52.940586800,0.110586800,0
'2026-08-22 08:24:52.940587100,0.110587100,1
'2026-08-22 08:24:52.940588000,0.110588000,0
'2026-08-22 08:24:52.940588200,0.110588200,1
'2026-08-22 08:24:52.940589900,0.110589900,0
'2026-08-22 08:24:52.940590000,0.110590000,1
'2026-08-22 08:24:52.940605600,0.110605600,0
'2026-08-22 08:24:52.940605700,0.110605700,1
'2026-08-22 08:24:52.940637500,0.110637500,0
'2026-08-22 08:24:52.940637600,0.110637600,1
'2026-08-22 08:24:52.940638300,0.110638300,0
'2026-08-22 08:24:52.940638400,0.110638400,1
'2026-08-22 08:24:52.940638800,0.110638800,0
'2026-08-22 08:24:52.940639000,0.110639000,1
'2026-08-22 08:24:52.940639100,0.110639100,0
'2026-08-22 08:24:52.940639200,0.110639200,1
'2026-08-22 08:24:52.940665600,0.110665600,0
'2026-08-22 08:24:52.940665700,0.110665700,1
'2026-08-22 08:24:52.940666600,0.110666600,0
'2026-08-22 08:24:52.940666700,0.110666700,1
'2026-08-22 08:24:52.940712000,0.110712000,0
'2026-08-22 08:24:52.940712100,0.110712100,1
'2026-08-22 08:24:52.940715100,0.110715100,0
'2026-08-22 08:24:52.940715200,0.110715200,1
'2026-08-22 08:24:52.940716000,0.110716000,0
'2026-08-22 08:24:52.940716100,0.110716100,1
'2026-08-22 08:24:52.940766900,0.110766900,0
'2026-08-22 08:24:52.940767000,0.110767000,1
'2026-08-22 08:24:52.941368600,0.111368600,0
'2026-08-22 08:24:52.941368700,0.111368700,1
'2026-08-22 08:24:52.941369000,0.111369000,0
'2026-08-22 08:24:52.941369100,0.111369100,1
'2026-08-22 08:24:52.941369700,0.111369700,0
'2026-08-22 08:24:52.941370000,0.111370000,1
'2026-08-22 08:24:52.941370100,0.111370100,0
'2026-08-22 08:24:52.941370300,0.111370300,1
'2026-08-22 08:24:52.941370400,0.111370400,0
'2026-08-22 08:24:52.941370500,0.111370500,1
'2026-08-22 08:24:52.941370800,0.111370800,0
'2026-08-22 08:24:52.941370900,0.111370900,1
'2026-08-22 08:24:52.941371000,0.111371000,0
'2026-08-22 08:24:52.941371100,0.111371100,1
'2026-08-22 08:24:52.941371400,0.111371400,0
'2026-08-22 08:24:52.941371500,0.111371500,1
'2026-08-22 08:24:52.941371900,0.111371900,0
'2026-08-22 08:24:52.941372300,0.111372300,1
'2026-08-22 08:24:52.941390800,0.111390800,0
'2026-08-22 08:24:52.941390900,0.111390900,1
'2026-08-22 08:24:52.941391200,0.111391200,0
'2026-08-22 08:24:52.941391600,0.111391600,1
'2026-08-22 08:24:52.941391700,0.111391700,0
'2026-08-22 08:24:52.941392200,0.111392200,1
'2026-08-22 08:24:52.941392300,0.111392300,0
'2026-08-22 08:24:52.941392800,0.111392800,1
'2026-08-22 08:24:52.941393000,0.111393000,0
'2026-08-22 08:24:52.941393100,0.111393100,1
'2026-08-22 08:24:52.941393700,0.111393700,0
'2026-08-22 08:24:52.941393900,0.111393900,1
'2026-08-22 08:24:52.941394200,0.111394200,0
'2026-08-22 08:24:52.941394300,0.111394300,1
'2026-08-22 08:24:52.941413900,0.111413900,0
'2026-08-22 08:24:52.941414000,0.111414000,1
'2026-08-22 08:24:52.941414200,0.111414200,0
'2026-08-22 08:24:52.941414300,0.111414300,1
'2026-08-22 08:24:52.941421200,0.111421200,0
'2026-08-22 08:24:52.941421300,0.111421300,1
'2026-08-22 08:24:52.941421600,0.111421600,0
'2026-08-22 08:24:52.941421700,0.111421700,1
'2026-08-22 08:24:52.941421800,0.111421800,0
'2026-08-22 08:24:52.941421900,0.111421900,1
'2026-08-22 08:24:52.941423000,0.111423000,0
'2026-08-22 08:24:52.941423100,0.111423100,1
'2026-08-22 08:24:52.941424200,0.111424200,0
'2026-08-22 08:24:52.941424300,0.111424300,1
'2026-08-22 08:24:52.941442800,0.111442800,0
'2026-08-22 08:24:52.941442900,0.111442900,1
'2026-08-22 08:24:52.941448400,0.111448400,0
'2026-08-22 08:24:52.941448500,0.111448500,1
'2026-08-22 08:24:52.941476400,0.111476400,0
'2026-08-22 08:24:52.941476500,0.111476500,1
'2026-08-22 08:24:52.941494600,0.111494600,0
'2026-08-22 08:24:52.941494700,0.111494700,1
'2026-08-22 08:24:52.941552400,0.111552400,0
'2026-08-22 08:24:52.941552500,0.111552500,1
'2026-08-22 08:24:52.941573100,0.111573100,0
'2026-08-22 08:24:52.941573200,0.111573200,1
'2026-08-22 08:24:52.942195300,0.112195300,0
'2026-08-22 08:24:52.942195700,0.112195700,1
'2026-08-22 08:24:52.942196200,0.112196200,0
'2026-08-22 08:24:52.942196300,0.112196300,1
'2026-08-22 08:24:52.942196400,0.112196400,0
'2026-08-22 08:24:52.942196500,0.112196500,1
'2026-08-22 08:24:52.942204800,0.112204800,0
'2026-08-22 08:24:52.942204900,0.112204900,1
'2026-08-22 08:24:52.942205000,0.112205000,0
'2026-08-22 08:24:52.942205100,0.112205100,1
'2026-08-22 08:24:52.942205200,0.112205200,0
'2026-08-22 08:24:52.942205700,0.112205700,1
'2026-08-22 08:24:52.942205800,0.112205800,0
'2026-08-22 08:24:52.942206800,0.112206800,1
'2026-08-22 08:24:52.942225600,0.112225600,0
'2026-08-22 08:24:52.942226000,0.112226000,1
'2026-08-22 08:24:52.942226400,0.112226400,0
'2026-08-22 08:24:52.942226500,0.112226500,1
'2026-08-22 08:24:52.942226900,0.112226900,0
'2026-08-22 08:24:52.942227000,0.112227000,1
'2026-08-22 08:24:52.942228600,0.112228600,0
'2026-08-22 08:24:52.942228700,0.112228700,1
'2026-08-22 08:24:52.942228800,0.112228800,0
'2026-08-22 08:24:52.942228900,0.112228900,1
'2026-08-22 08:24:52.942229200,0.112229200,0
'2026-08-22 08:24:52.942229300,0.112229300,1
'2026-08-22 08:24:52.942252800,0.112252800,0
'2026-08-22 08:24:52.942252900,0.112252900,1
'2026-08-22 08:24:52.942254800,0.112254800,0
'2026-08-22 08:24:52.942254900,0.112254900,1
'2026-08-22 08:24:52.942274600,0.112274600,0
'2026-08-22 08:24:52.942274900,0.112274900,1
'2026-08-22 08:24:52.942275500,0.112275500,0
'2026-08-22 08:24:52.942275600,0.112275600,1
'2026-08-22 08:24:52.942276000,0.112276000,0
'2026-08-22 08:24:52.942276100,0.112276100,1
'2026-08-22 08:24:52.942278400,0.112278400,0
'2026-08-22 08:24:52.942278500,0.112278500,1
'2026-08-22 08:24:52.942412500,0.112412500,0
'2026-08-22 08:24:52.942412600,0.112412600,1
'2026-08-22 08:24:52.943030500,0.113030500,0
'2026-08-22 08:24:52.943030600,0.113030600,1
'2026-08-22 08:24:52.943038100,0.113038100,0
'2026-08-22 08:24:52.943038200,0.113038200,1
'2026-08-22 08:24:52.943038600,0.113038600,0
'2026-08-22 08:24:52.943038700,0.113038700,1
'2026-08-22 08:24:52.943039200,0.113039200,0
'2026-08-22 08:24:52.943039300,0.113039300,1
'2026-08-22 08:24:52.943040400,0.113040400,0
'2026-08-22 08:24:52.943040500,0.113040500,1
'2026-08-22 08:24:52.943060200,0.113060200,0
'2026-08-22 08:24:52.943060300,0.113060300,1
'2026-08-22 08:24:52.943061500,0.113061500,0
'2026-08-22 08:24:52.943061600,0.113061600,1
'2026-08-22 08:24:52.943088400,0.113088400,0
'2026-08-22 08:24:52.943088500,0.113088500,1
'2026-08-22 08:24:52.943088800,0.113088800,0
'2026-08-22 08:24:52.943088900,0.113088900,1
'2026-08-22 08:24:52.943089900,0.113089900,0
'2026-08-22 08:24:52.943090000,0.113090000,1
'2026-08-22 08:24:52.943109400,0.113109400,0
'2026-08-22 08:24:52.943109500,0.113109500,1
'2026-08-22 08:24:52.944626700,0.114626700,0
'2026-08-22 08:24:52.944626800,0.114626800,1
'2026-08-22 08:24:52.944627000,0.114627000,0
'2026-08-22 08:24:52.944629100,0.114629100,1
'2026-08-22 08:24:52.944629300,0.114629300,0
'2026-08-22 08:24:52.944629700,0.114629700,1
'2026-08-22 08:24:52.944629800,0.114629800,0
'2026-08-22 08:24:52.944630300,0.114630300,1
'2026-08-22 08:24:52.944630500,0.114630500,0
'2026-08-22 08:24:52.944630900,0.114630900,1
'2026-08-22 08:24:52.944631000,0.114631000,0
'2026-08-22 08:24:52.944631500,0.114631500,1
'2026-08-22 08:24:52.944631600,0.114631600,0
'2026-08-22 08:24:52.944631900,0.114631900,1
'2026-08-22 08:24:52.944646400,0.114646400,0
'2026-08-22 08:24:52.944646500,0.114646500,1
'2026-08-22 08:24:52.944646600,0.114646600,0
'2026-08-22 08:24:52.944646700,0.114646700,1
'2026-08-22 08:24:52.944646800,0.114646800,0
'2026-08-22 08:24:52.944647200,0.114647200,1
'2026-08-22 08:24:52.944647300,0.114647300,0
'2026-08-22 08:24:52.944648400,0.114648400,1
'2026-08-22 08:24:52.944648500,0.114648500,0
'2026-08-22 08:24:52.944649600,0.114649600,1
'2026-08-22 08:24:52.944649700,0.114649700,0
'2026-08-22 08:24:52.944650200,0.114650200,1
'2026-08-22 08:24:52.944650300,0.114650300,0
'2026-08-22 08:24:52.944650700,0.114650700,1
'2026-08-22 08:24:52.944650900,0.114650900,0
'2026-08-22 08:24:52.944651900,0.114651900,1
'2026-08-22 08:24:52.944652000,0.114652000,0
'2026-08-22 08:24:52.944652400,0.114652400,1
'2026-08-22 08:24:52.944652600,0.114652600,0
'2026-08-22 08:24:52.944653100,0.114653100,1
'2026-08-22 08:24:52.944653200,0.114653200,0
'2026-08-22 08:24:52.944653500,0.114653500,1
'2026-08-22 08:24:52.944653600,0.114653600,0
'2026-08-22 08:24:52.944653700,0.114653700,1
'2026-08-22 08:24:52.944653800,0.114653800,0
'2026-08-22 08:24:52.944656000,0.114656000,1
'2026-08-22 08:24:52.944656100,0.114656100,0
'2026-08-22 08:24:52.944657200,0.114657200,1
'2026-08-22 08:24:52.944657300,0.114657300,0
'2026-08-22 08:24:52.944658000,0.114658000,1
'2026-08-22 08:24:52.944673800,0.114673800,0
'2026-08-22 08:24:52.944674100,0.114674100,1
'2026-08-22 08:24:52.944674400,0.114674400,0
'2026-08-22 08:24:52.944674700,0.114674700,1
'2026-08-22 08:24:52.944674800,0.114674800,0
'2026-08-22 08:24:52.944675200,0.114675200,1
'2026-08-22 08:24:52.944675400,0.114675400,0
'2026-08-22 08:24:52.944675900,0.114675900,1
'2026-08-22 08:24:52.944676000,0.114676000,0
'2026-08-22 08:24:52.944676400,0.114676400,1
'2026-08-22 08:24:52.944677200,0.114677200,0
'2026-08-22 08:24:52.944677300,0.114677300,1
'2026-08-22 08:24:52.944677400,0.114677400,0
'2026-08-22 08:24:52.944677500,0.114677500,1
'2026-08-22 08:24:52.944677700,0.114677700,0
'2026-08-22 08:24:52.944678200,0.114678200,1
'2026-08-22 08:24:52.944678300,0.114678300,0
'2026-08-22 08:24:52.944678700,0.114678700,1
'2026-08-22 08:24:52.944679000,0.114679000,0
'2026-08-22 08:24:52.944679900,0.114679900,1
'2026-08-22 08:24:52.944680100,0.114680100,0
'2026-08-22 08:24:52.944680500,0.114680500,1
'2026-08-22 08:24:52.944680800,0.114680800,0
'2026-08-22 08:24:52.944680900,0.114680900,1
'2026-08-22 08:24:52.944681000,0.114681000,0
'2026-08-22 08:24:52.944681100,0.114681100,1
'2026-08-22 08:24:52.944681300,0.114681300,0
'2026-08-22 08:24:52.944681700,0.114681700,1
'2026-08-22 08:24:52.944681800,0.114681800,0
'2026-08-22 08:24:52.944682200,0.114682200,1
'2026-08-22 08:24:52.944682500,0.114682500,0
'2026-08-22 08:24:52.944682700,0.114682700,1
'2026-08-22 08:24:52.944683000,0.114683000,0
'2026-08-22 08:24:52.944683300,0.114683300,1
'2026-08-22 08:24:52.944683600,0.114683600,0
'2026-08-22 08:24:52.944684000,0.114684000,1
'2026-08-22 08:24:52.944699000,0.114699000,0
'2026-08-22 08:24:52.944699100,0.114699100,1
'2026-08-22 08:24:52.944699400,0.114699400,0
'2026-08-22 08:24:52.944699500,0.114699500,1
'2026-08-22 08:24:52.944700200,0.114700200,0
'2026-08-22 08:24:52.944700400,0.114700400,1
'2026-08-22 08:24:52.944701200,0.114701200,0
'2026-08-22 08:24:52.944701500,0.114701500,1
'2026-08-22 08:24:52.944702400,0.114702400,0
'2026-08-22 08:24:52.944702700,0.114702700,1
'2026-08-22 08:24:52.944703800,0.114703800,0
'2026-08-22 08:24:52.944703900,0.114703900,1
'2026-08-22 08:24:52.944704200,0.114704200,0
'2026-08-22 08:24:52.944704300,0.114704300,1
'2026-08-22 08:24:52.944704600,0.114704600,0
'2026-08-22 08:24:52.944705000,0.114705000,1
'2026-08-22 08:24:52.944705200,0.114705200,0
'2026-08-22 08:24:52.944705300,0.114705300,1
'2026-08-22 08:24:52.944705400,0.114705400,0
'2026-08-22 08:24:52.944705500,0.114705500,1
'2026-08-22 08:24:52.944705800,0.114705800,0
'2026-08-22 08:24:52.944706200,0.114706200,1
'2026-08-22 08:24:52.944706500,0.114706500,0
'2026-08-22 08:24:52.944706700,0.114706700,1
'2026-08-22 08:24:52.944707000,0.114707000,0
'2026-08-22 08:24:52.944707100,0.114707100,1
'2026-08-22 08:24:52.944707800,0.114707800,0
'2026-08-22 08:24:52.944708000,0.114708000,1
'2026-08-22 08:24:52.944708100,0.114708100,0
'2026-08-22 08:24:52.944708200,0.114708200,1
'2026-08-22 08:24:52.944708400,0.114708400,0
'2026-08-22 08:24:52.944709100,0.114709100,1
'2026-08-22 08:24:52.944709300,0.114709300,0
'2026-08-22 08:24:52.944709600,0.114709600,1
'2026-08-22 08:24:52.944709900,0.114709900,0
'2026-08-22 08:24:52.944710200,0.114710200,1
'2026-08-22 08:24:52.944725100,0.114725100,0
'2026-08-22 08:24:52.944725300,0.114725300,1
'2026-08-22 08:24:52.944726400,0.114726400,0
'2026-08-22 08:24:52.944726500,0.114726500,1
'2026-08-22 08:24:52.944726600,0.114726600,0
'2026-08-22 08:24:52.944726700,0.114726700,1
'2026-08-22 08:24:52.944727100,0.114727100,0
'2026-08-22 08:24:52.944727200,0.114727200,1
'2026-08-22 08:24:52.944727500,0.114727500,0
'2026-08-22 08:24:52.944727700,0.114727700,1
'2026-08-22 08:24:52.944728700,0.114728700,0
'2026-08-22 08:24:52.944728900,0.114728900,1
'2026-08-22 08:24:52.944729200,0.114729200,0
'2026-08-22 08:24:52.944729500,0.114729500,1
'2026-08-22 08:24:52.944729800,0.114729800,0
'2026-08-22 08:24:52.944730100,0.114730100,1
'2026-08-22 08:24:52.944730300,0.114730300,0
'2026-08-22 08:24:52.944730500,0.114730500,1
'2026-08-22 08:24:52.944731200,0.114731200,0
'2026-08-22 08:24:52.944731300,0.114731300,1
'2026-08-22 08:24:52.944731700,0.114731700,0
'2026-08-22 08:24:52.944731900,0.114731900,1
'2026-08-22 08:24:52.944732000,0.114732000,0
'2026-08-22 08:24:52.944732300,0.114732300,1
'2026-08-22 08:24:52.944732400,0.114732400,0
'2026-08-22 08:24:52.944732500,0.114732500,1
'2026-08-22 08:24:52.944734000,0.114734000,0
'2026-08-22 08:24:52.944734100,0.114734100,1
'2026-08-22 08:24:52.944735200,0.114735200,0
'2026-08-22 08:24:52.944735400,0.114735400,1
'2026-08-22 08:24:52.944735600,0.114735600,0
'2026-08-22 08:24:52.944735700,0.114735700,1
'2026-08-22 08:24:52.944753900,0.114753900,0
'2026-08-22 08:24:52.944754000,0.114754000,1
'2026-08-22 08:24:52.944754800,0.114754800,0
'2026-08-22 08:24:52.944754900,0.114754900,1
'2026-08-22 08:24:52.944756100,0.114756100,0
'2026-08-22 08:24:52.944756300,0.114756300,1
'2026-08-22 08:24:52.944757400,0.114757400,0
'2026-08-22 08:24:52.944757500,0.114757500,1
'2026-08-22 08:24:52.944759800,0.114759800,0
'2026-08-22 08:24:52.944759900,0.114759900,1
'2026-08-22 08:24:52.944760800,0.114760800,0
'2026-08-22 08:24:52.944760900,0.114760900,1
'2026-08-22 08:24:52.944778400,0.114778400,0
'2026-08-22 08:24:52.944778500,0.114778500,1
'2026-08-22 08:24:52.944806200,0.114806200,0
'2026-08-22 08:24:52.944806300,0.114806300,1
'2026-08-22 08:24:52.944808600,0.114808600,0
'2026-08-22 08:24:52.944808700,0.114808700,1
'2026-08-22 08:24:52.944831000,0.114831000,0
'2026-08-22 08:24:52.944831100,0.114831100,1
'2026-08-22 08:24:52.944835400,0.114835400,0
'2026-08-22 08:24:52.944835500,0.114835500,1
'2026-08-22 08:24:52.944835800,0.114835800,0
'2026-08-22 08:24:52.944835900,0.114835900,1
'2026-08-22 08:24:52.944860200,0.114860200,0
'2026-08-22 08:24:52.944861200,0.114861200,1
'2026-08-22 08:24:52.944862600,0.114862600,0
'2026-08-22 08:24:52.944862800,0.114862800,1
'2026-08-22 08:24:52.944862900,0.114862900,0
'2026-08-22 08:24:52.944863400,0.114863400,1
'2026-08-22 08:24:52.944864700,0.114864700,0
'2026-08-22 08:24:52.944865500,0.114865500,1
'2026-08-22 08:24:52.946248200,0.116248200,0
'2026-08-22 08:24:52.946248300,0.116248300,1
'2026-08-22 08:24:52.946248400,0.116248400,0
'2026-08-22 08:24:52.946248700,0.116248700,1
'2026-08-22 08:24:52.946263600,0.116263600,0
'2026-08-22 08:24:52.946264600,0.116264600,1
'2026-08-22 08:24:52.946264800,0.116264800,0
'2026-08-22 08:24:52.946265800,0.116265800,1
'2026-08-22 08:24:52.946265900,0.116265900,0
'2026-08-22 08:24:52.946268700,0.116268700,1
'2026-08-22 08:24:52.946268800,0.116268800,0
'2026-08-22 08:24:52.946269300,0.116269300,1
'2026-08-22 08:24:52.946269400,0.116269400,0
'2026-08-22 08:24:52.946269900,0.116269900,1
'2026-08-22 08:24:52.946270000,0.116270000,0
'2026-08-22 08:24:52.946270500,0.116270500,1
'2026-08-22 08:24:52.946270600,0.116270600,0
'2026-08-22 08:24:52.946271000,0.116271000,1
'2026-08-22 08:24:52.946271200,0.116271200,0
'2026-08-22 08:24:52.946271600,0.116271600,1
'2026-08-22 08:24:52.946271800,0.116271800,0
'2026-08-22 08:24:52.946272000,0.116272000,1
'2026-08-22 08:24:52.946272100,0.116272100,0
'2026-08-22 08:24:52.946272200,0.116272200,1
'2026-08-22 08:24:52.946272400,0.116272400,0
'2026-08-22 08:24:52.946272800,0.116272800,1
'2026-08-22 08:24:52.946272900,0.116272900,0
'2026-08-22 08:24:52.946273400,0.116273400,1
'2026-08-22 08:24:52.946273500,0.116273500,0
'2026-08-22 08:24:52.946274600,0.116274600,1
'2026-08-22 08:24:52.946289600,0.116289600,0
'2026-08-22 08:24:52.946289700,0.116289700,1
'2026-08-22 08:24:52.946289800,0.116289800,0
'2026-08-22 08:24:52.946290300,0.116290300,1
'2026-08-22 08:24:52.946290400,0.116290400,0
'2026-08-22 08:24:52.946290700,0.116290700,1
'2026-08-22 08:24:52.946290800,0.116290800,0
'2026-08-22 08:24:52.946290900,0.116290900,1
'2026-08-22 08:24:52.946291000,0.116291000,0
'2026-08-22 08:24:52.946291500,0.116291500,1
'2026-08-22 08:24:52.946292200,0.116292200,0
'2026-08-22 08:24:52.946292300,0.116292300,1
'2026-08-22 08:24:52.946293500,0.116293500,0
'2026-08-22 08:24:52.946293800,0.116293800,1
'2026-08-22 08:24:52.946294000,0.116294000,0
'2026-08-22 08:24:52.946294100,0.116294100,1
'2026-08-22 08:24:52.946294300,0.116294300,0
'2026-08-22 08:24:52.946294400,0.116294400,1
'2026-08-22 08:24:52.946294500,0.116294500,0
'2026-08-22 08:24:52.946294900,0.116294900,1
'2026-08-22 08:24:52.946295400,0.116295400,0
'2026-08-22 08:24:52.946295600,0.116295600,1
'2026-08-22 08:24:52.946295700,0.116295700,0
'2026-08-22 08:24:52.946296500,0.116296500,1
'2026-08-22 08:24:52.946296600,0.116296600,0
'2026-08-22 08:24:52.946300500,0.116300500,1
'2026-08-22 08:24:52.946300600,0.116300600,0
'2026-08-22 08:24:52.946300700,0.116300700,1
'2026-08-22 08:24:52.946315600,0.116315600,0
'2026-08-22 08:24:52.946315700,0.116315700,1
'2026-08-22 08:24:52.946315800,0.116315800,0
'2026-08-22 08:24:52.946315900,0.116315900,1
'2026-08-22 08:24:52.946316200,0.116316200,0
'2026-08-22 08:24:52.946316400,0.116316400,1
'2026-08-22 08:24:52.946316600,0.116316600,0
'2026-08-22 08:24:52.946316700,0.116316700,1
'2026-08-22 08:24:52.946316800,0.116316800,0
'2026-08-22 08:24:52.946317100,0.116317100,1
'2026-08-22 08:24:52.946317300,0.116317300,0
'2026-08-22 08:24:52.946318400,0.116318400,1
'2026-08-22 08:24:52.946318500,0.116318500,0
'2026-08-22 08:24:52.946318900,0.116318900,1
'2026-08-22 08:24:52.946319000,0.116319000,0
'2026-08-22 08:24:52.946319500,0.116319500,1
'2026-08-22 08:24:52.946319600,0.116319600,0
'2026-08-22 08:24:52.946320100,0.116320100,1
'2026-08-22 08:24:52.946321200,0.116321200,0
'2026-08-22 08:24:52.946321300,0.116321300,1
'2026-08-22 08:24:52.946321600,0.116321600,0
'2026-08-22 08:24:52.946321900,0.116321900,1
'2026-08-22 08:24:52.946322600,0.116322600,0
'2026-08-22 08:24:52.946322800,0.116322800,1
'2026-08-22 08:24:52.946324000,0.116324000,0
'2026-08-22 08:24:52.946324100,0.116324100,1
'2026-08-22 08:24:52.946325000,0.116325000,0
'2026-08-22 08:24:52.946325200,0.116325200,1
'2026-08-22 08:24:52.946325400,0.116325400,0
'2026-08-22 08:24:52.946325500,0.116325500,1
'2026-08-22 08:24:52.946325600,0.116325600,0
'2026-08-22 08:24:52.946325700,0.116325700,1
'2026-08-22 08:24:52.946326200,0.116326200,0
'2026-08-22 08:24:52.946326500,0.116326500,1
'2026-08-22 08:24:52.946326600,0.116326600,0
'2026-08-22 08:24:52.946326800,0.116326800,1
'2026-08-22 08:24:52.946345400,0.116345400,0
'2026-08-22 08:24:52.946345700,0.116345700,1
'2026-08-22 08:24:52.946346000,0.116346000,0
'2026-08-22 08:24:52.946346100,0.116346100,1
'2026-08-22 08:24:52.946346800,0.116346800,0
'2026-08-22 08:24:52.946346900,0.116346900,1
'2026-08-22 08:24:52.946347100,0.116347100,0
'2026-08-22 08:24:52.946348100,0.116348100,1
'2026-08-22 08:24:52.946348200,0.116348200,0
'2026-08-22 08:24:52.946348500,0.116348500,1
'2026-08-22 08:24:52.946348600,0.116348600,0
'2026-08-22 08:24:52.946348700,0.116348700,1
'2026-08-22 08:24:52.946349000,0.116349000,0
'2026-08-22 08:24:52.946349300,0.116349300,1
'2026-08-22 08:24:52.946349400,0.116349400,0
'2026-08-22 08:24:52.946349800,0.116349800,1
'2026-08-22 08:24:52.946350000,0.116350000,0
'2026-08-22 08:24:52.946350500,0.116350500,1
'2026-08-22 08:24:52.946350600,0.116350600,0
'2026-08-22 08:24:52.946350700,0.116350700,1
'2026-08-22 08:24:52.946351300,0.116351300,0
'2026-08-22 08:24:52.946351400,0.116351400,1
'2026-08-22 08:24:52.946367700,0.116367700,0
'2026-08-22 08:24:52.946367900,0.116367900,1
'2026-08-22 08:24:52.946368100,0.116368100,0
'2026-08-22 08:24:52.946368600,0.116368600,1
'2026-08-22 08:24:52.946368700,0.116368700,0
'2026-08-22 08:24:52.946369100,0.116369100,1
'2026-08-22 08:24:52.946369300,0.116369300,0
'2026-08-22 08:24:52.946369700,0.116369700,1
'2026-08-22 08:24:52.946370000,0.116370000,0
'2026-08-22 08:24:52.946370200,0.116370200,1
'2026-08-22 08:24:52.946370600,0.116370600,0
'2026-08-22 08:24:52.946370700,0.116370700,1
'2026-08-22 08:24:52.946371300,0.116371300,0
'2026-08-22 08:24:52.946371400,0.116371400,1
'2026-08-22 08:24:52.946375800,0.116375800,0
'2026-08-22 08:24:52.946375900,0.116375900,1
'2026-08-22 08:24:52.946377000,0.116377000,0
'2026-08-22 08:24:52.946377300,0.116377300,1
'2026-08-22 08:24:52.946377400,0.116377400,0
'2026-08-22 08:24:52.946377900,0.116377900,1
'2026-08-22 08:24:52.946378000,0.116378000,0
'2026-08-22 08:24:52.946378500,0.116378500,1
'2026-08-22 08:24:52.946378600,0.116378600,0
'2026-08-22 08:24:52.946378900,0.116378900,1
'2026-08-22 08:24:52.946379000,0.116379000,0
'2026-08-22 08:24:52.946379100,0.116379100,1
'2026-08-22 08:24:52.946397600,0.116397600,0
'2026-08-22 08:24:52.946397700,0.116397700,1
'2026-08-22 08:24:52.946398000,0.116398000,0
'2026-08-22 08:24:52.946398300,0.116398300,1
'2026-08-22 08:24:52.946398500,0.116398500,0
'2026-08-22 08:24:52.946398900,0.116398900,1
'2026-08-22 08:24:52.946399000,0.116399000,0
'2026-08-22 08:24:52.946399300,0.116399300,1
'2026-08-22 08:24:52.946399700,0.116399700,0
'2026-08-22 08:24:52.946399800,0.116399800,1
'2026-08-22 08:24:52.946428600,0.116428600,0
'2026-08-22 08:24:52.946428700,0.116428700,1
'2026-08-22 08:24:52.946428800,0.116428800,0
'2026-08-22 08:24:52.946429300,0.116429300,1
'2026-08-22 08:24:52.946430200,0.116430200,0
'2026-08-22 08:24:52.946430300,0.116430300,1
'2026-08-22 08:24:52.946447600,0.116447600,0
'2026-08-22 08:24:52.946447700,0.116447700,1
'2026-08-22 08:24:52.946449000,0.116449000,0
'2026-08-22 08:24:52.946449100,0.116449100,1
'2026-08-22 08:24:52.946449400,0.116449400,0
'2026-08-22 08:24:52.946449600,0.116449600,1
'2026-08-22 08:24:52.946629200,0.116629200,0
'2026-08-22 08:24:52.946629300,0.116629300,1
'2026-08-22 08:24:52.947862500,0.117862500,0
'2026-08-22 08:24:52.947862900,0.117862900,1
'2026-08-22 08:24:52.947863000,0.117863000,0
'2026-08-22 08:24:52.947863500,0.117863500,1
'2026-08-22 08:24:52.947863600,0.117863600,0
'2026-08-22 08:24:52.947864100,0.117864100,1
'2026-08-22 08:24:52.947864200,0.117864200,0
'2026-08-22 08:24:52.947864300,0.117864300,1
'2026-08-22 08:24:52.947864400,0.117864400,0
'2026-08-22 08:24:52.947864700,0.117864700,1
'2026-08-22 08:24:52.947864800,0.117864800,0
'2026-08-22 08:24:52.947865300,0.117865300,1
'2026-08-22 08:24:52.947880000,0.117880000,0
'2026-08-22 08:24:52.947880100,0.117880100,1
'2026-08-22 08:24:52.947880200,0.117880200,0
'2026-08-22 08:24:52.947880400,0.117880400,1
'2026-08-22 08:24:52.947880500,0.117880500,0
'2026-08-22 08:24:52.947881000,0.117881000,1
'2026-08-22 08:24:52.947881100,0.117881100,0
'2026-08-22 08:24:52.947881600,0.117881600,1
'2026-08-22 08:24:52.947881700,0.117881700,0
'2026-08-22 08:24:52.947882800,0.117882800,1
'2026-08-22 08:24:52.947883000,0.117883000,0
'2026-08-22 08:24:52.947883300,0.117883300,1
'2026-08-22 08:24:52.947883600,0.117883600,0
'2026-08-22 08:24:52.947883900,0.117883900,1
'2026-08-22 08:24:52.947884100,0.117884100,0
'2026-08-22 08:24:52.947884500,0.117884500,1
'2026-08-22 08:24:52.947884600,0.117884600,0
'2026-08-22 08:24:52.947885100,0.117885100,1
'2026-08-22 08:24:52.947885200,0.117885200,0
'2026-08-22 08:24:52.947886300,0.117886300,1
'2026-08-22 08:24:52.947886400,0.117886400,0
'2026-08-22 08:24:52.947886700,0.117886700,1
'2026-08-22 08:24:52.947886800,0.117886800,0
'2026-08-22 08:24:52.947886900,0.117886900,1
'2026-08-22 08:24:52.947887000,0.117887000,0
'2026-08-22 08:24:52.947891400,0.117891400,1
'2026-08-22 08:24:52.947906400,0.117906400,0
'2026-08-22 08:24:52.947906600,0.117906600,1
'2026-08-22 08:24:52.947906800,0.117906800,0
'2026-08-22 08:24:52.947907300,0.117907300,1
'2026-08-22 08:24:52.947907400,0.117907400,0
'2026-08-22 08:24:52.947907900,0.117907900,1
'2026-08-22 08:24:52.947908000,0.117908000,0
'2026-08-22 08:24:52.947908300,0.117908300,1
'2026-08-22 08:24:52.947908400,0.117908400,0
'2026-08-22 08:24:52.947909100,0.117909100,1
'2026-08-22 08:24:52.947909200,0.117909200,0
'2026-08-22 08:24:52.947909600,0.117909600,1
'2026-08-22 08:24:52.947909800,0.117909800,0
'2026-08-22 08:24:52.947910200,0.117910200,1
'2026-08-22 08:24:52.947910300,0.117910300,0
'2026-08-22 08:24:52.947910600,0.117910600,1
'2026-08-22 08:24:52.947910900,0.117910900,0
'2026-08-22 08:24:52.947912000,0.117912000,1
'2026-08-22 08:24:52.947912100,0.117912100,0
'2026-08-22 08:24:52.947912500,0.117912500,1
'2026-08-22 08:24:52.947912800,0.117912800,0
'2026-08-22 08:24:52.947913100,0.117913100,1
'2026-08-22 08:24:52.947913300,0.117913300,0
'2026-08-22 08:24:52.947913500,0.117913500,1
'2026-08-22 08:24:52.947913900,0.117913900,0
'2026-08-22 08:24:52.947914300,0.117914300,1
'2026-08-22 08:24:52.947914500,0.117914500,0
'2026-08-22 08:24:52.947914700,0.117914700,1
'2026-08-22 08:24:52.947915100,0.117915100,0
'2026-08-22 08:24:52.947915500,0.117915500,1
'2026-08-22 08:24:52.947915600,0.117915600,0
'2026-08-22 08:24:52.947915700,0.117915700,1
'2026-08-22 08:24:52.947915800,0.117915800,0
'2026-08-22 08:24:52.947916100,0.117916100,1
'2026-08-22 08:24:52.947916200,0.117916200,0
'2026-08-22 08:24:52.947916600,0.117916600,1
'2026-08-22 08:24:52.947916700,0.117916700,0
'2026-08-22 08:24:52.947917500,0.117917500,1
'2026-08-22 08:24:52.947933900,0.117933900,0
'2026-08-22 08:24:52.947934100,0.117934100,1
'2026-08-22 08:24:52.947934200,0.117934200,0
'2026-08-22 08:24:52.947934700,0.117934700,1
'2026-08-22 08:24:52.947935500,0.117935500,0
'2026-08-22 08:24:52.947935900,0.117935900,1
'2026-08-22 08:24:52.947936000,0.117936000,0
'2026-08-22 08:24:52.947936100,0.117936100,1
'2026-08-22 08:24:52.947936200,0.117936200,0
'2026-08-22 08:24:52.947936500,0.117936500,1
'2026-08-22 08:24:52.947936700,0.117936700,0
'2026-08-22 08:24:52.947937100,0.117937100,1
'2026-08-22 08:24:52.947937200,0.117937200,0
'2026-08-22 08:24:52.947937500,0.117937500,1
'2026-08-22 08:24:52.947937800,0.117937800,0
'2026-08-22 08:24:52.947938800,0.117938800,1
'2026-08-22 08:24:52.947939000,0.117939000,0
'2026-08-22 08:24:52.947939400,0.117939400,1
'2026-08-22 08:24:52.947939500,0.117939500,0
'2026-08-22 08:24:52.947940000,0.117940000,1
'2026-08-22 08:24:52.947940100,0.117940100,0
'2026-08-22 08:24:52.947940500,0.117940500,1
'2026-08-22 08:24:52.947941000,0.117941000,0
'2026-08-22 08:24:52.947941100,0.117941100,1
'2026-08-22 08:24:52.947941400,0.117941400,0
'2026-08-22 08:24:52.947941700,0.117941700,1
'2026-08-22 08:24:52.947941800,0.117941800,0
'2026-08-22 08:24:52.947942300,0.117942300,1
'2026-08-22 08:24:52.947942400,0.117942400,0
'2026-08-22 08:24:52.947942500,0.117942500,1
'2026-08-22 08:24:52.947942700,0.117942700,0
'2026-08-22 08:24:52.947942800,0.117942800,1
'2026-08-22 08:24:52.947943200,0.117943200,0
'2026-08-22 08:24:52.947943300,0.117943300,1
'2026-08-22 08:24:52.947958300,0.117958300,0
'2026-08-22 08:24:52.947958400,0.117958400,1
'2026-08-22 08:24:52.947958800,0.117958800,0
'2026-08-22 08:24:52.947958900,0.117958900,1
'2026-08-22 08:24:52.947959100,0.117959100,0
'2026-08-22 08:24:52.947959200,0.117959200,1
'2026-08-22 08:24:52.947959600,0.117959600,0
'2026-08-22 08:24:52.947959800,0.117959800,1
'2026-08-22 08:24:52.947960300,0.117960300,0
'2026-08-22 08:24:52.947960400,0.117960400,1
'2026-08-22 08:24:52.947960600,0.117960600,0
'2026-08-22 08:24:52.947960900,0.117960900,1
'2026-08-22 08:24:52.947961100,0.117961100,0
'2026-08-22 08:24:52.947961200,0.117961200,1
'2026-08-22 08:24:52.947961900,0.117961900,0
'2026-08-22 08:24:52.947962100,0.117962100,1
'2026-08-22 08:24:52.947963300,0.117963300,0
'2026-08-22 08:24:52.947963400,0.117963400,1
'2026-08-22 08:24:52.947965900,0.117965900,0
'2026-08-22 08:24:52.947966000,0.117966000,1
'2026-08-22 08:24:52.947966400,0.117966400,0
'2026-08-22 08:24:52.947966500,0.117966500,1
'2026-08-22 08:24:52.947966700,0.117966700,0
'2026-08-22 08:24:52.947966800,0.117966800,1
'2026-08-22 08:24:52.947967600,0.117967600,0
'2026-08-22 08:24:52.947967700,0.117967700,1
'2026-08-22 08:24:52.947967800,0.117967800,0
'2026-08-22 08:24:52.947968000,0.117968000,1
'2026-08-22 08:24:52.947968200,0.117968200,0
'2026-08-22 08:24:52.947968500,0.117968500,1
'2026-08-22 08:24:52.947968800,0.117968800,0
'2026-08-22 08:24:52.947969100,0.117969100,1
'2026-08-22 08:24:52.947969400,0.117969400,0
'2026-08-22 08:24:52.947969500,0.117969500,1
'2026-08-22 08:24:52.947984000,0.117984000,0
'2026-08-22 08:24:52.947984100,0.117984100,1
'2026-08-22 08:24:52.947984700,0.117984700,0
'2026-08-22 08:24:52.947984800,0.117984800,1
'2026-08-22 08:24:52.947987100,0.117987100,0
'2026-08-22 08:24:52.947987200,0.117987200,1
'2026-08-22 08:24:52.947988000,0.117988000,0
'2026-08-22 08:24:52.947988500,0.117988500,1
'2026-08-22 08:24:52.947988600,0.117988600,0
'2026-08-22 08:24:52.947988700,0.117988700,1
'2026-08-22 08:24:52.947988800,0.117988800,0
'2026-08-22 08:24:52.947989600,0.117989600,1
'2026-08-22 08:24:52.947989800,0.117989800,0
'2026-08-22 08:24:52.947989900,0.117989900,1
'2026-08-22 08:24:52.947990000,0.117990000,0
'2026-08-22 08:24:52.947991700,0.117991700,1
'2026-08-22 08:24:52.947991800,0.117991800,0
'2026-08-22 08:24:52.947991900,0.117991900,1
'2026-08-22 08:24:52.947992300,0.117992300,0
'2026-08-22 08:24:52.947992500,0.117992500,1
'2026-08-22 08:24:52.948010800,0.118010800,0
'2026-08-22 08:24:52.948010900,0.118010900,1
'2026-08-22 08:24:52.948011000,0.118011000,0
'2026-08-22 08:24:52.948011200,0.118011200,1
'2026-08-22 08:24:52.948011400,0.118011400,0
'2026-08-22 08:24:52.948011700,0.118011700,1
'2026-08-22 08:24:52.948011900,0.118011900,0
'2026-08-22 08:24:52.948012100,0.118012100,1
'2026-08-22 08:24:52.948016600,0.118016600,0
'2026-08-22 08:24:52.948016700,0.118016700,1
'2026-08-22 08:24:52.948019000,0.118019000,0
'2026-08-22 08:24:52.948019300,0.118019300,1
'2026-08-22 08:24:52.948019700,0.118019700,0
'2026-08-22 08:24:52.948019900,0.118019900,1
'2026-08-22 08:24:52.948020200,0.118020200,0
'2026-08-22 08:24:52.948020500,0.118020500,1
'2026-08-22 08:24:52.948020700,0.118020700,0
'2026-08-22 08:24:52.948021100,0.118021100,1
'2026-08-22 08:24:52.948021400,0.118021400,0
'2026-08-22 08:24:52.948021700,0.118021700,1
'2026-08-22 08:24:52.948021800,0.118021800,0
'2026-08-22 08:24:52.948021900,0.118021900,1
'2026-08-22 08:24:52.948040200,0.118040200,0
'2026-08-22 08:24:52.948040300,0.118040300,1
'2026-08-22 08:24:52.948041100,0.118041100,0
'2026-08-22 08:24:52.948041200,0.118041200,1
'2026-08-22 08:24:52.948041300,0.118041300,0
'2026-08-22 08:24:52.948041500,0.118041500,1
'2026-08-22 08:24:52.948041800,0.118041800,0
'2026-08-22 08:24:52.948042000,0.118042000,1
'2026-08-22 08:24:52.948042200,0.118042200,0
'2026-08-22 08:24:52.948042800,0.118042800,1
'2026-08-22 08:24:52.948043600,0.118043600,0
'2026-08-22 08:24:52.948043700,0.118043700,1
'2026-08-22 08:24:52.948071900,0.118071900,0
'2026-08-22 08:24:52.948072000,0.118072000,1
'2026-08-22 08:24:52.948072800,0.118072800,0
'2026-08-22 08:24:52.948072900,0.118072900,1
'2026-08-22 08:24:52.948091500,0.118091500,0
'2026-08-22 08:24:52.948091700,0.118091700,1
'2026-08-22 08:24:52.948092200,0.118092200,0
'2026-08-22 08:24:52.948092300,0.118092300,1
'2026-08-22 08:24:52.948150500,0.118150500,0
'2026-08-22 08:24:52.948150600,0.118150600,1
'2026-08-22 08:24:52.948195100,0.118195100,0
'2026-08-22 08:24:52.948195200,0.118195200,1
'2026-08-22 08:24:52.949496700,0.119496700,0
'2026-08-22 08:24:52.949497700,0.119497700,1
'2026-08-22 08:24:52.949497800,0.119497800,0
'2026-08-22 08:24:52.949498900,0.119498900,1
'2026-08-22 08:24:52.949499000,0.119499000,0
'2026-08-22 08:24:52.949499400,0.119499400,1
'2026-08-22 08:24:52.949499700,0.119499700,0
'2026-08-22 08:24:52.949499900,0.119499900,1
'2026-08-22 08:24:52.949500200,0.119500200,0
'2026-08-22 08:24:52.949500700,0.119500700,1
'2026-08-22 08:24:52.949500900,0.119500900,0
'2026-08-22 08:24:52.949508100,0.119508100,1
'2026-08-22 08:24:52.949523000,0.119523000,0
'2026-08-22 08:24:52.949527100,0.119527100,1
'2026-08-22 08:24:52.949527200,0.119527200,0
'2026-08-22 08:24:52.949528600,0.119528600,1
'2026-08-22 08:24:52.949528700,0.119528700,0
'2026-08-22 08:24:52.949529200,0.119529200,1
'2026-08-22 08:24:52.949529300,0.119529300,0
'2026-08-22 08:24:52.949529800,0.119529800,1
'2026-08-22 08:24:52.949530000,0.119530000,0
'2026-08-22 08:24:52.949530300,0.119530300,1
'2026-08-22 08:24:52.949530900,0.119530900,0
'2026-08-22 08:24:52.949531300,0.119531300,1
'2026-08-22 08:24:52.949531400,0.119531400,0
'2026-08-22 08:24:52.949532700,0.119532700,1
'2026-08-22 08:24:52.949532900,0.119532900,0
'2026-08-22 08:24:52.949534200,0.119534200,1
'2026-08-22 08:24:52.949548800,0.119548800,0
'2026-08-22 08:24:52.949549000,0.119549000,1
'2026-08-22 08:24:52.949549200,0.119549200,0
'2026-08-22 08:24:52.949549500,0.119549500,1
'2026-08-22 08:24:52.949549900,0.119549900,0
'2026-08-22 08:24:52.949550000,0.119550000,1
'2026-08-22 08:24:52.949551200,0.119551200,0
'2026-08-22 08:24:52.949551300,0.119551300,1
'2026-08-22 08:24:52.949551700,0.119551700,0
'2026-08-22 08:24:52.949551800,0.119551800,1
'2026-08-22 08:24:52.949552200,0.119552200,0
'2026-08-22 08:24:52.949552600,0.119552600,1
'2026-08-22 08:24:52.949552800,0.119552800,0
'2026-08-22 08:24:52.949553100,0.119553100,1
'2026-08-22 08:24:52.949553300,0.119553300,0
'2026-08-22 08:24:52.949553400,0.119553400,1
'2026-08-22 08:24:52.949553500,0.119553500,0
'2026-08-22 08:24:52.949553700,0.119553700,1
'2026-08-22 08:24:52.949553800,0.119553800,0
'2026-08-22 08:24:52.949554900,0.119554900,1
'2026-08-22 08:24:52.949555000,0.119555000,0
'2026-08-22 08:24:52.949556100,0.119556100,1
'2026-08-22 08:24:52.949556200,0.119556200,0
'2026-08-22 08:24:52.949556600,0.119556600,1
'2026-08-22 08:24:52.949556700,0.119556700,0
'2026-08-22 08:24:52.949557200,0.119557200,1
'2026-08-22 08:24:52.949557300,0.119557300,0
'2026-08-22 08:24:52.949558100,0.119558100,1
'2026-08-22 08:24:52.949558200,0.119558200,0
'2026-08-22 08:24:52.949558400,0.119558400,1
'2026-08-22 08:24:52.949558800,0.119558800,0
'2026-08-22 08:24:52.949558900,0.119558900,1
'2026-08-22 08:24:52.949559100,0.119559100,0
'2026-08-22 08:24:52.949559500,0.119559500,1
'2026-08-22 08:24:52.949559800,0.119559800,0
'2026-08-22 08:24:52.949560100,0.119560100,1
'2026-08-22 08:24:52.949560200,0.119560200,0
'2026-08-22 08:24:52.949560300,0.119560300,1
'2026-08-22 08:24:52.949575000,0.119575000,0
'2026-08-22 08:24:52.949575300,0.119575300,1
'2026-08-22 08:24:52.949575600,0.119575600,0
'2026-08-22 08:24:52.949575900,0.119575900,1
'2026-08-22 08:24:52.949576000,0.119576000,0
'2026-08-22 08:24:52.949576500,0.119576500,1
'2026-08-22 08:24:52.949576600,0.119576600,0
'2026-08-22 08:24:52.949576800,0.119576800,1
'2026-08-22 08:24:52.949576900,0.119576900,0
'2026-08-22 08:24:52.949578200,0.119578200,1
'2026-08-22 08:24:52.949578400,0.119578400,0
'2026-08-22 08:24:52.949578800,0.119578800,1
'2026-08-22 08:24:52.949579100,0.119579100,0
'2026-08-22 08:24:52.949579400,0.119579400,1
'2026-08-22 08:24:52.949579600,0.119579600,0
'2026-08-22 08:24:52.949579900,0.119579900,1
'2026-08-22 08:24:52.949580100,0.119580100,0
'2026-08-22 08:24:52.949580200,0.119580200,1
'2026-08-22 08:24:52.949580300,0.119580300,0
'2026-08-22 08:24:52.949580400,0.119580400,1
'2026-08-22 08:24:52.949582500,0.119582500,0
'2026-08-22 08:24:52.949582600,0.119582600,1
'2026-08-22 08:24:52.949582800,0.119582800,0
'2026-08-22 08:24:52.949582900,0.119582900,1
'2026-08-22 08:24:52.949583000,0.119583000,0
'2026-08-22 08:24:52.949583100,0.119583100,1
'2026-08-22 08:24:52.949583200,0.119583200,0
'2026-08-22 08:24:52.949583500,0.119583500,1
'2026-08-22 08:24:52.949583700,0.119583700,0
'2026-08-22 08:24:52.949584000,0.119584000,1
'2026-08-22 08:24:52.949584200,0.119584200,0
'2026-08-22 08:24:52.949585900,0.119585900,1
'2026-08-22 08:24:52.949586000,0.119586000,0
'2026-08-22 08:24:52.949586400,0.119586400,1
'2026-08-22 08:24:52.949601500,0.119601500,0
'2026-08-22 08:24:52.949601600,0.119601600,1
'2026-08-22 08:24:52.949601700,0.119601700,0
'2026-08-22 08:24:52.949601800,0.119601800,1
'2026-08-22 08:24:52.949602100,0.119602100,0
'2026-08-22 08:24:52.949602200,0.119602200,1
'2026-08-22 08:24:52.949602500,0.119602500,0
'2026-08-22 08:24:52.949602700,0.119602700,1
'2026-08-22 08:24:52.949602900,0.119602900,0
'2026-08-22 08:24:52.949603100,0.119603100,1
'2026-08-22 08:24:52.949604300,0.119604300,0
'2026-08-22 08:24:52.949604500,0.119604500,1
'2026-08-22 08:24:52.949604600,0.119604600,0
'2026-08-22 08:24:52.949605100,0.119605100,1
'2026-08-22 08:24:52.949605200,0.119605200,0
'2026-08-22 08:24:52.949605300,0.119605300,1
'2026-08-22 08:24:52.949605400,0.119605400,0
'2026-08-22 08:24:52.949605700,0.119605700,1
'2026-08-22 08:24:52.949605800,0.119605800,0
'2026-08-22 08:24:52.949606300,0.119606300,1
'2026-08-22 08:24:52.949606600,0.119606600,0
'2026-08-22 08:24:52.949606700,0.119606700,1
'2026-08-22 08:24:52.949607000,0.119607000,0
'2026-08-22 08:24:52.949607100,0.119607100,1
'2026-08-22 08:24:52.949607600,0.119607600,0
'2026-08-22 08:24:52.949608000,0.119608000,1
'2026-08-22 08:24:52.949608100,0.119608100,0
'2026-08-22 08:24:52.949608500,0.119608500,1
'2026-08-22 08:24:52.949608700,0.119608700,0
'2026-08-22 08:24:52.949609200,0.119609200,1
'2026-08-22 08:24:52.949609400,0.119609400,0
'2026-08-22 08:24:52.949609600,0.119609600,1
'2026-08-22 08:24:52.949609900,0.119609900,0
'2026-08-22 08:24:52.949610000,0.119610000,1
'2026-08-22 08:24:52.949610200,0.119610200,0
'2026-08-22 08:24:52.949610300,0.119610300,1
'2026-08-22 08:24:52.949612200,0.119612200,0
'2026-08-22 08:24:52.949612300,0.119612300,1
'2026-08-22 08:24:52.949627500,0.119627500,0
'2026-08-22 08:24:52.949627800,0.119627800,1
'2026-08-22 08:24:52.949628000,0.119628000,0
'2026-08-22 08:24:52.949628300,0.119628300,1
'2026-08-22 08:24:52.949628700,0.119628700,0
'2026-08-22 08:24:52.949628900,0.119628900,1
'2026-08-22 08:24:52.949629800,0.119629800,0
'2026-08-22 08:24:52.949629900,0.119629900,1
'2026-08-22 08:24:52.949630000,0.119630000,0
'2026-08-22 08:24:52.949630100,0.119630100,1
'2026-08-22 08:24:52.949631500,0.119631500,0
'2026-08-22 08:24:52.949631600,0.119631600,1
'2026-08-22 08:24:52.949632100,0.119632100,0
'2026-08-22 08:24:52.949632200,0.119632200,1
'2026-08-22 08:24:52.949635200,0.119635200,0
'2026-08-22 08:24:52.949635300,0.119635300,1
'2026-08-22 08:24:52.949635800,0.119635800,0
'2026-08-22 08:24:52.949635900,0.119635900,1
'2026-08-22 08:24:52.949636200,0.119636200,0
'2026-08-22 08:24:52.949636500,0.119636500,1
'2026-08-22 08:24:52.949636700,0.119636700,0
'2026-08-22 08:24:52.949636800,0.119636800,1
'2026-08-22 08:24:52.949637000,0.119637000,0
'2026-08-22 08:24:52.949637100,0.119637100,1
'2026-08-22 08:24:52.949637400,0.119637400,0
'2026-08-22 08:24:52.949637800,0.119637800,1
'2026-08-22 08:24:52.949653400,0.119653400,0
'2026-08-22 08:24:52.949653500,0.119653500,1
'2026-08-22 08:24:52.949653700,0.119653700,0
'2026-08-22 08:24:52.949653900,0.119653900,1
'2026-08-22 08:24:52.949654600,0.119654600,0
'2026-08-22 08:24:52.949654700,0.119654700,1
'2026-08-22 08:24:52.949657200,0.119657200,0
'2026-08-22 08:24:52.949657400,0.119657400,1
'2026-08-22 08:24:52.949659000,0.119659000,0
'2026-08-22 08:24:52.949659100,0.119659100,1
'2026-08-22 08:24:52.949662200,0.119662200,0
'2026-08-22 08:24:52.949662300,0.119662300,1
'2026-08-22 08:24:52.949662500,0.119662500,0
'2026-08-22 08:24:52.949662600,0.119662600,1
'2026-08-22 08:24:52.949663800,0.119663800,0
'2026-08-22 08:24:52.949664000,0.119664000,1
'2026-08-22 08:24:52.949685200,0.119685200,0
'2026-08-22 08:24:52.949685300,0.119685300,1
'2026-08-22 08:24:52.949686600,0.119686600,0
'2026-08-22 08:24:52.949686700,0.119686700,1
'2026-08-22 08:24:52.949687600,0.119687600,0
'2026-08-22 08:24:52.949687700,0.119687700,1
'2026-08-22 08:24:52.949687800,0.119687800,0
'2026-08-22 08:24:52.949687900,0.119687900,1
'2026-08-22 08:24:52.949688500,0.119688500,0
'2026-08-22 08:24:52.949688600,0.119688600,1
'2026-08-22 08:24:52.949688800,0.119688800,0
'2026-08-22 08:24:52.949689000,0.119689000,1
'2026-08-22 08:24:52.949689300,0.119689300,0
'2026-08-22 08:24:52.949689500,0.119689500,1
'2026-08-22 08:24:52.949712000,0.119712000,0
'2026-08-22 08:24:52.949712100,0.119712100,1
'2026-08-22 08:24:52.949712200,0.119712200,0
'2026-08-22 08:24:52.949712300,0.119712300,1
'2026-08-22 08:24:52.949737400,0.119737400,0
'2026-08-22 08:24:52.949737500,0.119737500,1
'2026-08-22 08:24:52.949791000,0.119791000,0
'2026-08-22 08:24:52.949791100,0.119791100,1
'2026-08-22 08:24:52.949814800,0.119814800,0
'2026-08-22 08:24:52.949814900,0.119814900,1
'2026-08-22 08:24:52.949819100,0.119819100,0
'2026-08-22 08:24:52.949819200,0.119819200,1
'2026-08-22 08:24:52.951097900,0.121097900,0
'2026-08-22 08:24:52.951098700,0.121098700,1
'2026-08-22 08:24:52.951113400,0.121113400,0
'2026-08-22 08:24:52.951114700,0.121114700,1
'2026-08-22 08:24:52.951114900,0.121114900,0
'2026-08-22 08:24:52.951118200,0.121118200,1
'2026-08-22 08:24:52.951118400,0.121118400,0
'2026-08-22 08:24:52.951120400,0.121120400,1
'2026-08-22 08:24:52.951120500,0.121120500,0
'2026-08-22 08:24:52.951121000,0.121121000,1
'2026-08-22 08:24:52.951121100,0.121121100,0
'2026-08-22 08:24:52.951122300,0.121122300,1
'2026-08-22 08:24:52.951122600,0.121122600,0
'2026-08-22 08:24:52.951122900,0.121122900,1
'2026-08-22 08:24:52.951123000,0.121123000,0
'2026-08-22 08:24:52.951123500,0.121123500,1
'2026-08-22 08:24:52.951123600,0.121123600,0
'2026-08-22 08:24:52.951124700,0.121124700,1
'2026-08-22 08:24:52.951139400,0.121139400,0
'2026-08-22 08:24:52.951139800,0.121139800,1
'2026-08-22 08:24:52.951140000,0.121140000,0
'2026-08-22 08:24:52.951140400,0.121140400,1
'2026-08-22 08:24:52.951140600,0.121140600,0
'2026-08-22 08:24:52.951141500,0.121141500,1
'2026-08-22 08:24:52.951141700,0.121141700,0
'2026-08-22 08:24:52.951142000,0.121142000,1
'2026-08-22 08:24:52.951142100,0.121142100,0
'2026-08-22 08:24:52.951142200,0.121142200,1
'2026-08-22 08:24:52.951142500,0.121142500,0
'2026-08-22 08:24:52.951142700,0.121142700,1
'2026-08-22 08:24:52.951142900,0.121142900,0
'2026-08-22 08:24:52.951143300,0.121143300,1
'2026-08-22 08:24:52.951143800,0.121143800,0
'2026-08-22 08:24:52.951143900,0.121143900,1
'2026-08-22 08:24:52.951144100,0.121144100,0
'2026-08-22 08:24:52.951144500,0.121144500,1
'2026-08-22 08:24:52.951144600,0.121144600,0
'2026-08-22 08:24:52.951145100,0.121145100,1
'2026-08-22 08:24:52.951145200,0.121145200,0
'2026-08-22 08:24:52.951145700,0.121145700,1
'2026-08-22 08:24:52.951145800,0.121145800,0
'2026-08-22 08:24:52.951146900,0.121146900,1
'2026-08-22 08:24:52.951147000,0.121147000,0
'2026-08-22 08:24:52.951149200,0.121149200,1
'2026-08-22 08:24:52.951149300,0.121149300,0
'2026-08-22 08:24:52.951150400,0.121150400,1
'2026-08-22 08:24:52.951150500,0.121150500,0
'2026-08-22 08:24:52.951150900,0.121150900,1
'2026-08-22 08:24:52.951165700,0.121165700,0
'2026-08-22 08:24:52.951165800,0.121165800,1
'2026-08-22 08:24:52.951166600,0.121166600,0
'2026-08-22 08:24:52.951168500,0.121168500,1
'2026-08-22 08:24:52.951168600,0.121168600,0
'2026-08-22 08:24:52.951169100,0.121169100,1
'2026-08-22 08:24:52.951169200,0.121169200,0
'2026-08-22 08:24:52.951169600,0.121169600,1
'2026-08-22 08:24:52.951169800,0.121169800,0
'2026-08-22 08:24:52.951170100,0.121170100,1
'2026-08-22 08:24:52.951170200,0.121170200,0
'2026-08-22 08:24:52.951170900,0.121170900,1
'2026-08-22 08:24:52.951171000,0.121171000,0
'2026-08-22 08:24:52.951171400,0.121171400,1
'2026-08-22 08:24:52.951171600,0.121171600,0
'2026-08-22 08:24:52.951171900,0.121171900,1
'2026-08-22 08:24:52.951172200,0.121172200,0
'2026-08-22 08:24:52.951172500,0.121172500,1
'2026-08-22 08:24:52.951172700,0.121172700,0
'2026-08-22 08:24:52.951173100,0.121173100,1
'2026-08-22 08:24:52.951173300,0.121173300,0
'2026-08-22 08:24:52.951173700,0.121173700,1
'2026-08-22 08:24:52.951174000,0.121174000,0
'2026-08-22 08:24:52.951174100,0.121174100,1
'2026-08-22 08:24:52.951174200,0.121174200,0
'2026-08-22 08:24:52.951174300,0.121174300,1
'2026-08-22 08:24:52.951174400,0.121174400,0
'2026-08-22 08:24:52.951174900,0.121174900,1
'2026-08-22 08:24:52.951175000,0.121175000,0
'2026-08-22 08:24:52.951175300,0.121175300,1
'2026-08-22 08:24:52.951175400,0.121175400,0
'2026-08-22 08:24:52.951175500,0.121175500,1
'2026-08-22 08:24:52.951175600,0.121175600,0
'2026-08-22 08:24:52.951176100,0.121176100,1
'2026-08-22 08:24:52.951176200,0.121176200,0
'2026-08-22 08:24:52.951176900,0.121176900,1
'2026-08-22 08:24:52.951192100,0.121192100,0
'2026-08-22 08:24:52.951192400,0.121192400,1
'2026-08-22 08:24:52.951192600,0.121192600,0
'2026-08-22 08:24:52.951192700,0.121192700,1
'2026-08-22 08:24:52.951193200,0.121193200,0
'2026-08-22 08:24:52.951193300,0.121193300,1
'2026-08-22 08:24:52.951194300,0.121194300,0
'2026-08-22 08:24:52.951194700,0.121194700,1
'2026-08-22 08:24:52.951194900,0.121194900,0
'2026-08-22 08:24:52.951195000,0.121195000,1
'2026-08-22 08:24:52.951195200,0.121195200,0
'2026-08-22 08:24:52.951195300,0.121195300,1
'2026-08-22 08:24:52.951195500,0.121195500,0
'2026-08-22 08:24:52.951195900,0.121195900,1
'2026-08-22 08:24:52.951196000,0.121196000,0
'2026-08-22 08:24:52.951196500,0.121196500,1
'2026-08-22 08:24:52.951196600,0.121196600,0
'2026-08-22 08:24:52.951196700,0.121196700,1
'2026-08-22 08:24:52.951196800,0.121196800,0
'2026-08-22 08:24:52.951197100,0.121197100,1
'2026-08-22 08:24:52.951197200,0.121197200,0
'2026-08-22 08:24:52.951198300,0.121198300,1
'2026-08-22 08:24:52.951198400,0.121198400,0
'2026-08-22 08:24:52.951198800,0.121198800,1
'2026-08-22 08:24:52.951198900,0.121198900,0
'2026-08-22 08:24:52.951199400,0.121199400,1
'2026-08-22 08:24:52.951199600,0.121199600,0
'2026-08-22 08:24:52.951200000,0.121200000,1
'2026-08-22 08:24:52.951200100,0.121200100,0
'2026-08-22 08:24:52.951200500,0.121200500,1
'2026-08-22 08:24:52.951200800,0.121200800,0
'2026-08-22 08:24:52.951201000,0.121201000,1
'2026-08-22 08:24:52.951201500,0.121201500,0
'2026-08-22 08:24:52.951201600,0.121201600,1
'2026-08-22 08:24:52.951202100,0.121202100,0
'2026-08-22 08:24:52.951202300,0.121202300,1
'2026-08-22 08:24:52.951202600,0.121202600,0
'2026-08-22 08:24:52.951202700,0.121202700,1
'2026-08-22 08:24:52.951218300,0.121218300,0
'2026-08-22 08:24:52.951218700,0.121218700,1
'2026-08-22 08:24:52.951218900,0.121218900,0
'2026-08-22 08:24:52.951219100,0.121219100,1
'2026-08-22 08:24:52.951219400,0.121219400,0
'2026-08-22 08:24:52.951219500,0.121219500,1
'2026-08-22 08:24:52.951219600,0.121219600,0
'2026-08-22 08:24:52.951219900,0.121219900,1
'2026-08-22 08:24:52.951220400,0.121220400,0
'2026-08-22 08:24:52.951220500,0.121220500,1
'2026-08-22 08:24:52.951221400,0.121221400,0
'2026-08-22 08:24:52.951221500,0.121221500,1
'2026-08-22 08:24:52.951221700,0.121221700,0
'2026-08-22 08:24:52.951221800,0.121221800,1
'2026-08-22 08:24:52.951222400,0.121222400,0
'2026-08-22 08:24:52.951222700,0.121222700,1
'2026-08-22 08:24:52.951223000,0.121223000,0
'2026-08-22 08:24:52.951223100,0.121223100,1
'2026-08-22 08:24:52.951223600,0.121223600,0
'2026-08-22 08:24:52.951223700,0.121223700,1
'2026-08-22 08:24:52.951224700,0.121224700,0
'2026-08-22 08:24:52.951225000,0.121225000,1
'2026-08-22 08:24:52.951225300,0.121225300,0
'2026-08-22 08:24:52.951225500,0.121225500,1
'2026-08-22 08:24:52.951225700,0.121225700,0
'2026-08-22 08:24:52.951225800,0.121225800,1
'2026-08-22 08:24:52.951225900,0.121225900,0
'2026-08-22 08:24:52.951226200,0.121226200,1
'2026-08-22 08:24:52.951226400,0.121226400,0
'2026-08-22 08:24:52.951226800,0.121226800,1
'2026-08-22 08:24:52.951227000,0.121227000,0
'2026-08-22 08:24:52.951227100,0.121227100,1
'2026-08-22 08:24:52.951227200,0.121227200,0
'2026-08-22 08:24:52.951227300,0.121227300,1
'2026-08-22 08:24:52.951227400,0.121227400,0
'2026-08-22 08:24:52.951227500,0.121227500,1
'2026-08-22 08:24:52.951228200,0.121228200,0
'2026-08-22 08:24:52.951228300,0.121228300,1
'2026-08-22 08:24:52.951228400,0.121228400,0
'2026-08-22 08:24:52.951228600,0.121228600,1
'2026-08-22 08:24:52.951228800,0.121228800,0
'2026-08-22 08:24:52.951229100,0.121229100,1
'2026-08-22 08:24:52.951244600,0.121244600,0
'2026-08-22 08:24:52.951244700,0.121244700,1
'2026-08-22 08:24:52.951244800,0.121244800,0
'2026-08-22 08:24:52.951244900,0.121244900,1
'2026-08-22 08:24:52.951245700,0.121245700,0
'2026-08-22 08:24:52.951245900,0.121245900,1
'2026-08-22 08:24:52.951246800,0.121246800,0
'2026-08-22 08:24:52.951247100,0.121247100,1
'2026-08-22 08:24:52.951247200,0.121247200,0
'2026-08-22 08:24:52.951247300,0.121247300,1
'2026-08-22 08:24:52.951248100,0.121248100,0
'2026-08-22 08:24:52.951248200,0.121248200,1
'2026-08-22 08:24:52.951249300,0.121249300,0
'2026-08-22 08:24:52.951249500,0.121249500,1
'2026-08-22 08:24:52.951250400,0.121250400,0
'2026-08-22 08:24:52.951250500,0.121250500,1
'2026-08-22 08:24:52.951274900,0.121274900,0
'2026-08-22 08:24:52.951275000,0.121275000,1
'2026-08-22 08:24:52.951276200,0.121276200,0
'2026-08-22 08:24:52.951276300,0.121276300,1
'2026-08-22 08:24:52.951276400,0.121276400,0
'2026-08-22 08:24:52.951276500,0.121276500,1
'2026-08-22 08:24:52.951276800,0.121276800,0
'2026-08-22 08:24:52.951277000,0.121277000,1
'2026-08-22 08:24:52.951277200,0.121277200,0
'2026-08-22 08:24:52.951277500,0.121277500,1
'2026-08-22 08:24:52.951278000,0.121278000,0
'2026-08-22 08:24:52.951278100,0.121278100,1
'2026-08-22 08:24:52.951278700,0.121278700,0
'2026-08-22 08:24:52.951278800,0.121278800,1
'2026-08-22 08:24:52.951279600,0.121279600,0
'2026-08-22 08:24:52.951279700,0.121279700,1
'2026-08-22 08:24:52.951279800,0.121279800,0
'2026-08-22 08:24:52.951279900,0.121279900,1
'2026-08-22 08:24:52.951297400,0.121297400,0
'2026-08-22 08:24:52.951297500,0.121297500,1
'2026-08-22 08:24:52.951297700,0.121297700,0
'2026-08-22 08:24:52.951297800,0.121297800,1
'2026-08-22 08:24:52.951298200,0.121298200,0
'2026-08-22 08:24:52.951298700,0.121298700,1
'2026-08-22 08:24:52.951298800,0.121298800,0
'2026-08-22 08:24:52.951298900,0.121298900,1
'2026-08-22 08:24:52.951299000,0.121299000,0
'2026-08-22 08:24:52.951299200,0.121299200,1
'2026-08-22 08:24:52.951299600,0.121299600,0
'2026-08-22 08:24:52.951299700,0.121299700,1
'2026-08-22 08:24:52.951300600,0.121300600,0
'2026-08-22 08:24:52.951300800,0.121300800,1
'2026-08-22 08:24:52.951306100,0.121306100,0
'2026-08-22 08:24:52.951306300,0.121306300,1
'2026-08-22 08:24:52.951307100,0.121307100,0
'2026-08-22 08:24:52.951307200,0.121307200,1
'2026-08-22 08:24:52.951327700,0.121327700,0
'2026-08-22 08:24:52.951327800,0.121327800,1
'2026-08-22 08:24:52.951328000,0.121328000,0
'2026-08-22 08:24:52.951328100,0.121328100,1
'2026-08-22 08:24:52.951328600,0.121328600,0
'2026-08-22 08:24:52.951328700,0.121328700,1
'2026-08-22 08:24:52.951328800,0.121328800,0
'2026-08-22 08:24:52.951329100,0.121329100,1
'2026-08-22 08:24:52.951329200,0.121329200,0
'2026-08-22 08:24:52.951329600,0.121329600,1
'2026-08-22 08:24:52.951329800,0.121329800,0
'2026-08-22 08:24:52.951329900,0.121329900,1
'2026-08-22 08:24:52.951330400,0.121330400,0
'2026-08-22 08:24:52.951330500,0.121330500,1
'2026-08-22 08:24:52.951330600,0.121330600,0
'2026-08-22 08:24:52.951330700,0.121330700,1
'2026-08-22 08:24:52.951349200,0.121349200,0
'2026-08-22 08:24:52.951349300,0.121349300,1
'2026-08-22 08:24:52.951349600,0.121349600,0
'2026-08-22 08:24:52.951349700,0.121349700,1
'2026-08-22 08:24:52.951350200,0.121350200,0
'2026-08-22 08:24:52.951350300,0.121350300,1
'2026-08-22 08:24:52.951357000,0.121357000,0
'2026-08-22 08:24:52.951357100,0.121357100,1
'2026-08-22 08:24:52.951379600,0.121379600,0
'2026-08-22 08:24:52.951379700,0.121379700,1
'2026-08-22 08:24:52.951380100,0.121380100,0
'2026-08-22 08:24:52.951380300,0.121380300,1
'2026-08-22 08:24:52.951408800,0.121408800,0
'2026-08-22 08:24:52.951408900,0.121408900,1
'2026-08-22 08:24:52.951411200,0.121411200,0
'2026-08-22 08:24:52.951411300,0.121411300,1
'2026-08-22 08:24:52.951487600,0.121487600,0
'2026-08-22 08:24:52.951487700,0.121487700,1
'2026-08-22 08:24:52.951506800,0.121506800,0
'2026-08-22 08:24:52.951506900,0.121506900,1
'2026-08-22 08:24:52.952711800,0.122711800,0
'2026-08-22 08:24:52.952712000,0.122712000,1
'2026-08-22 08:24:52.952712200,0.122712200,0
'2026-08-22 08:24:52.952715400,0.122715400,1
'2026-08-22 08:24:52.952729800,0.122729800,0
'2026-08-22 08:24:52.952730100,0.122730100,1
'2026-08-22 08:24:52.952730200,0.122730200,0
'2026-08-22 08:24:52.952730700,0.122730700,1
'2026-08-22 08:24:52.952730800,0.122730800,0
'2026-08-22 08:24:52.952731900,0.122731900,1
'2026-08-22 08:24:52.952732000,0.122732000,0
'2026-08-22 08:24:52.952740500,0.122740500,1
'2026-08-22 08:24:52.952740700,0.122740700,0
'2026-08-22 08:24:52.952741400,0.122741400,1
'2026-08-22 08:24:52.952756000,0.122756000,0
'2026-08-22 08:24:52.952757500,0.122757500,1
'2026-08-22 08:24:52.952757600,0.122757600,0
'2026-08-22 08:24:52.952758700,0.122758700,1
'2026-08-22 08:24:52.952758800,0.122758800,0
'2026-08-22 08:24:52.952759300,0.122759300,1
'2026-08-22 08:24:52.952759400,0.122759400,0
'2026-08-22 08:24:52.952759700,0.122759700,1
'2026-08-22 08:24:52.952759800,0.122759800,0
'2026-08-22 08:24:52.952759900,0.122759900,1
'2026-08-22 08:24:52.952760000,0.122760000,0
'2026-08-22 08:24:52.952760500,0.122760500,1
'2026-08-22 08:24:52.952760600,0.122760600,0
'2026-08-22 08:24:52.952760900,0.122760900,1
'2026-08-22 08:24:52.952761200,0.122761200,0
'2026-08-22 08:24:52.952761600,0.122761600,1
'2026-08-22 08:24:52.952761700,0.122761700,0
'2026-08-22 08:24:52.952763400,0.122763400,1
'2026-08-22 08:24:52.952763500,0.122763500,0
'2026-08-22 08:24:52.952767500,0.122767500,1
'2026-08-22 08:24:52.952782200,0.122782200,0
'2026-08-22 08:24:52.952782300,0.122782300,1
'2026-08-22 08:24:52.952782800,0.122782800,0
'2026-08-22 08:24:52.952783800,0.122783800,1
'2026-08-22 08:24:52.952783900,0.122783900,0
'2026-08-22 08:24:52.952784700,0.122784700,1
'2026-08-22 08:24:52.952784800,0.122784800,0
'2026-08-22 08:24:52.952785000,0.122785000,1
'2026-08-22 08:24:52.952785100,0.122785100,0
'2026-08-22 08:24:52.952786200,0.122786200,1
'2026-08-22 08:24:52.952786300,0.122786300,0
'2026-08-22 08:24:52.952786700,0.122786700,1
'2026-08-22 08:24:52.952787000,0.122787000,0
'2026-08-22 08:24:52.952787100,0.122787100,1
'2026-08-22 08:24:52.952787200,0.122787200,0
'2026-08-22 08:24:52.952787300,0.122787300,1
'2026-08-22 08:24:52.952787400,0.122787400,0
'2026-08-22 08:24:52.952787600,0.122787600,1
'2026-08-22 08:24:52.952787700,0.122787700,0
'2026-08-22 08:24:52.952787900,0.122787900,1
'2026-08-22 08:24:52.952788000,0.122788000,0
'2026-08-22 08:24:52.952789100,0.122789100,1
'2026-08-22 08:24:52.952789200,0.122789200,0
'2026-08-22 08:24:52.952789700,0.122789700,1
'2026-08-22 08:24:52.952789800,0.122789800,0
'2026-08-22 08:24:52.952790300,0.122790300,1
'2026-08-22 08:24:52.952790400,0.122790400,0
'2026-08-22 08:24:52.952791100,0.122791100,1
'2026-08-22 08:24:52.952791200,0.122791200,0
'2026-08-22 08:24:52.952791400,0.122791400,1
'2026-08-22 08:24:52.952791600,0.122791600,0
'2026-08-22 08:24:52.952792600,0.122792600,1
'2026-08-22 08:24:52.952792700,0.122792700,0
'2026-08-22 08:24:52.952793600,0.122793600,1
'2026-08-22 08:24:52.952808600,0.122808600,0
'2026-08-22 08:24:52.952808700,0.122808700,1
'2026-08-22 08:24:52.952809200,0.122809200,0
'2026-08-22 08:24:52.952809500,0.122809500,1
'2026-08-22 08:24:52.952809600,0.122809600,0
'2026-08-22 08:24:52.952809700,0.122809700,1
'2026-08-22 08:24:52.952810200,0.122810200,0
'2026-08-22 08:24:52.952810700,0.122810700,1
'2026-08-22 08:24:52.952810800,0.122810800,0
'2026-08-22 08:24:52.952811900,0.122811900,1
'2026-08-22 08:24:52.952812000,0.122812000,0
'2026-08-22 08:24:52.952813000,0.122813000,1
'2026-08-22 08:24:52.952813100,0.122813100,0
'2026-08-22 08:24:52.952814200,0.122814200,1
'2026-08-22 08:24:52.952814400,0.122814400,0
'2026-08-22 08:24:52.952814800,0.122814800,1
'2026-08-22 08:24:52.952814900,0.122814900,0
'2026-08-22 08:24:52.952815100,0.122815100,1
'2026-08-22 08:24:52.952815500,0.122815500,0
'2026-08-22 08:24:52.952815900,0.122815900,1
'2026-08-22 08:24:52.952816100,0.122816100,0
'2026-08-22 08:24:52.952816500,0.122816500,1
'2026-08-22 08:24:52.952816700,0.122816700,0
'2026-08-22 08:24:52.952817100,0.122817100,1
'2026-08-22 08:24:52.952817200,0.122817200,0
'2026-08-22 08:24:52.952817400,0.122817400,1
'2026-08-22 08:24:52.952819000,0.122819000,0
'2026-08-22 08:24:52.952819400,0.122819400,1
'2026-08-22 08:24:52.952819600,0.122819600,0
'2026-08-22 08:24:52.952819700,0.122819700,1
'2026-08-22 08:24:52.952834200,0.122834200,0
'2026-08-22 08:24:52.952834300,0.122834300,1
'2026-08-22 08:24:52.952834400,0.122834400,0
'2026-08-22 08:24:52.952835100,0.122835100,1
'2026-08-22 08:24:52.952835400,0.122835400,0
'2026-08-22 08:24:52.952835800,0.122835800,1
'2026-08-22 08:24:52.952836000,0.122836000,0
'2026-08-22 08:24:52.952836300,0.122836300,1
'2026-08-22 08:24:52.952836500,0.122836500,0
'2026-08-22 08:24:52.952836900,0.122836900,1
'2026-08-22 08:24:52.952837700,0.122837700,0
'2026-08-22 08:24:52.952838000,0.122838000,1
'2026-08-22 08:24:52.952839600,0.122839600,0
'2026-08-22 08:24:52.952839700,0.122839700,1
'2026-08-22 08:24:52.952840200,0.122840200,0
'2026-08-22 08:24:52.952840300,0.122840300,1
'2026-08-22 08:24:52.952841200,0.122841200,0
'2026-08-22 08:24:52.952842000,0.122842000,1
'2026-08-22 08:24:52.952842100,0.122842100,0
'2026-08-22 08:24:52.952842800,0.122842800,1
'2026-08-22 08:24:52.952843000,0.122843000,0
'2026-08-22 08:24:52.952843400,0.122843400,1
'2026-08-22 08:24:52.952843500,0.122843500,0
'2026-08-22 08:24:52.952843900,0.122843900,1
'2026-08-22 08:24:52.952844100,0.122844100,0
'2026-08-22 08:24:52.952845100,0.122845100,1
'2026-08-22 08:24:52.952845300,0.122845300,0
'2026-08-22 08:24:52.952845800,0.122845800,1
'2026-08-22 08:24:52.952861800,0.122861800,0
'2026-08-22 08:24:52.952862000,0.122862000,1
'2026-08-22 08:24:52.952862200,0.122862200,0
'2026-08-22 08:24:52.952862500,0.122862500,1
'2026-08-22 08:24:52.952862800,0.122862800,0
'2026-08-22 08:24:52.952862900,0.122862900,1
'2026-08-22 08:24:52.952863000,0.122863000,0
'2026-08-22 08:24:52.952863200,0.122863200,1
'2026-08-22 08:24:52.952863300,0.122863300,0
'2026-08-22 08:24:52.952863700,0.122863700,1
'2026-08-22 08:24:52.952863900,0.122863900,0
'2026-08-22 08:24:52.952865500,0.122865500,1
'2026-08-22 08:24:52.952865700,0.122865700,0
'2026-08-22 08:24:52.952865900,0.122865900,1
'2026-08-22 08:24:52.952866000,0.122866000,0
'2026-08-22 08:24:52.952866100,0.122866100,1
'2026-08-22 08:24:52.952866200,0.122866200,0
'2026-08-22 08:24:52.952866700,0.122866700,1
'2026-08-22 08:24:52.952866800,0.122866800,0
'2026-08-22 08:24:52.952867000,0.122867000,1
'2026-08-22 08:24:52.952867400,0.122867400,0
'2026-08-22 08:24:52.952867500,0.122867500,1
'2026-08-22 08:24:52.952867700,0.122867700,0
'2026-08-22 08:24:52.952867900,0.122867900,1
'2026-08-22 08:24:52.952871800,0.122871800,0
'2026-08-22 08:24:52.952871900,0.122871900,1
'2026-08-22 08:24:52.952891400,0.122891400,0
'2026-08-22 08:24:52.952891500,0.122891500,1
'2026-08-22 08:24:52.952892900,0.122892900,0
'2026-08-22 08:24:52.952893000,0.122893000,1
'2026-08-22 08:24:52.952893200,0.122893200,0
'2026-08-22 08:24:52.952893500,0.122893500,1
'2026-08-22 08:24:52.952893700,0.122893700,0
'2026-08-22 08:24:52.952894700,0.122894700,1
'2026-08-22 08:24:52.952894800,0.122894800,0
'2026-08-22 08:24:52.952896500,0.122896500,1
'2026-08-22 08:24:52.952896600,0.122896600,0
'2026-08-22 08:24:52.952897100,0.122897100,1
'2026-08-22 08:24:52.952897200,0.122897200,0
'2026-08-22 08:24:52.952897500,0.122897500,1
'2026-08-22 08:24:52.952897800,0.122897800,0
'2026-08-22 08:24:52.952898000,0.122898000,1
'2026-08-22 08:24:52.952913400,0.122913400,0
'2026-08-22 08:24:52.952913500,0.122913500,1
'2026-08-22 08:24:52.952913800,0.122913800,0
'2026-08-22 08:24:52.952913900,0.122913900,1
'2026-08-22 08:24:52.952914200,0.122914200,0
'2026-08-22 08:24:52.952914600,0.122914600,1
'2026-08-22 08:24:52.952914900,0.122914900,0
'2026-08-22 08:24:52.952915100,0.122915100,1
'2026-08-22 08:24:52.952915400,0.122915400,0
'2026-08-22 08:24:52.952915500,0.122915500,1
'2026-08-22 08:24:52.952915600,0.122915600,0
'2026-08-22 08:24:52.952916300,0.122916300,1
'2026-08-22 08:24:52.952916600,0.122916600,0
'2026-08-22 08:24:52.952916900,0.122916900,1
'2026-08-22 08:24:52.952917000,0.122917000,0
'2026-08-22 08:24:52.952917100,0.122917100,1
'2026-08-22 08:24:52.952940800,0.122940800,0
'2026-08-22 08:24:52.952940900,0.122940900,1
'2026-08-22 08:24:52.952945300,0.122945300,0
'2026-08-22 08:24:52.952945500,0.122945500,1
'2026-08-22 08:24:52.952945800,0.122945800,0
'2026-08-22 08:24:52.952945900,0.122945900,1
'2026-08-22 08:24:52.952946300,0.122946300,0
'2026-08-22 08:24:52.952946700,0.122946700,1
'2026-08-22 08:24:52.952946800,0.122946800,0
'2026-08-22 08:24:52.952946900,0.122946900,1
'2026-08-22 08:24:52.952947600,0.122947600,0
'2026-08-22 08:24:52.952947700,0.122947700,1
'2026-08-22 08:24:52.952965600,0.122965600,0
'2026-08-22 08:24:52.952965700,0.122965700,1
'2026-08-22 08:24:52.952965800,0.122965800,0
'2026-08-22 08:24:52.952965900,0.122965900,1
'2026-08-22 08:24:52.952966200,0.122966200,0
'2026-08-22 08:24:52.952966400,0.122966400,1
'2026-08-22 08:24:52.952969800,0.122969800,0
'2026-08-22 08:24:52.952969900,0.122969900,1
'2026-08-22 08:24:52.952975000,0.122975000,0
'2026-08-22 08:24:52.952975100,0.122975100,1
'2026-08-22 08:24:52.952975500,0.122975500,0
'2026-08-22 08:24:52.952975600,0.122975600,1
'2026-08-22 08:24:52.952975800,0.122975800,0
'2026-08-22 08:24:52.952975900,0.122975900,1
'2026-08-22 08:24:52.952996200,0.122996200,0
'2026-08-22 08:24:52.952996300,0.122996300,1
'2026-08-22 08:24:52.952996500,0.122996500,0
'2026-08-22 08:24:52.952996700,0.122996700,1
'2026-08-22 08:24:52.953023400,0.123023400,0
'2026-08-22 08:24:52.953023500,0.123023500,1
'2026-08-22 08:24:52.953076000,0.123076000,0
'2026-08-22 08:24:52.953076100,0.123076100,1
'2026-08-22 08:24:52.954346400,0.124346400,0
'2026-08-22 08:24:52.954346600,0.124346600,1
'2026-08-22 08:24:52.954346700,0.124346700,0
'2026-08-22 08:24:52.954349400,0.124349400,1
'2026-08-22 08:24:52.954349600,0.124349600,0
'2026-08-22 08:24:52.954350000,0.124350000,1
'2026-08-22 08:24:52.954350200,0.124350200,0
'2026-08-22 08:24:52.954358100,0.124358100,1
'2026-08-22 08:24:52.954372600,0.124372600,0
'2026-08-22 08:24:52.954372900,0.124372900,1
'2026-08-22 08:24:52.954373000,0.124373000,0
'2026-08-22 08:24:52.954378100,0.124378100,1
'2026-08-22 08:24:52.954378200,0.124378200,0
'2026-08-22 08:24:52.954378700,0.124378700,1
'2026-08-22 08:24:52.954378800,0.124378800,0
'2026-08-22 08:24:52.954379900,0.124379900,1
'2026-08-22 08:24:52.954380000,0.124380000,0
'2026-08-22 08:24:52.954380500,0.124380500,1
'2026-08-22 08:24:52.954380600,0.124380600,0
'2026-08-22 08:24:52.954384200,0.124384200,1
'2026-08-22 08:24:52.954399000,0.124399000,0
'2026-08-22 08:24:52.954399100,0.124399100,1
'2026-08-22 08:24:52.954399200,0.124399200,0
'2026-08-22 08:24:52.954399700,0.124399700,1
'2026-08-22 08:24:52.954400000,0.124400000,0
'2026-08-22 08:24:52.954404400,0.124404400,1
'2026-08-22 08:24:52.954404500,0.124404500,0
'2026-08-22 08:24:52.954405700,0.124405700,1
'2026-08-22 08:24:52.954405800,0.124405800,0
'2026-08-22 08:24:52.954406800,0.124406800,1
'2026-08-22 08:24:52.954406900,0.124406900,0
'2026-08-22 08:24:52.954407300,0.124407300,1
'2026-08-22 08:24:52.954407400,0.124407400,0
'2026-08-22 08:24:52.954408500,0.124408500,1
'2026-08-22 08:24:52.954408600,0.124408600,0
'2026-08-22 08:24:52.954409700,0.124409700,1
'2026-08-22 08:24:52.954409800,0.124409800,0
'2026-08-22 08:24:52.954410300,0.124410300,1
'2026-08-22 08:24:52.954425100,0.124425100,0
'2026-08-22 08:24:52.954425500,0.124425500,1
'2026-08-22 08:24:52.954425600,0.124425600,0
'2026-08-22 08:24:52.954426000,0.124426000,1
'2026-08-22 08:24:52.954426200,0.124426200,0
'2026-08-22 08:24:52.954427200,0.124427200,1
'2026-08-22 08:24:52.954427300,0.124427300,0
'2026-08-22 08:24:52.954427800,0.124427800,1
'2026-08-22 08:24:52.954427900,0.124427900,0
'2026-08-22 08:24:52.954428300,0.124428300,1
'2026-08-22 08:24:52.954428600,0.124428600,0
'2026-08-22 08:24:52.954429000,0.124429000,1
'2026-08-22 08:24:52.954429200,0.124429200,0
'2026-08-22 08:24:52.954429500,0.124429500,1
'2026-08-22 08:24:52.954429800,0.124429800,0
'2026-08-22 08:24:52.954430100,0.124430100,1
'2026-08-22 08:24:52.954430400,0.124430400,0
'2026-08-22 08:24:52.954430600,0.124430600,1
'2026-08-22 08:24:52.954430800,0.124430800,0
'2026-08-22 08:24:52.954432500,0.124432500,1
'2026-08-22 08:24:52.954432600,0.124432600,0
'2026-08-22 08:24:52.954433100,0.124433100,1
'2026-08-22 08:24:52.954433200,0.124433200,0
'2026-08-22 08:24:52.954433600,0.124433600,1
'2026-08-22 08:24:52.954433700,0.124433700,0
'2026-08-22 08:24:52.954436100,0.124436100,1
'2026-08-22 08:24:52.954436200,0.124436200,0
'2026-08-22 08:24:52.954436400,0.124436400,1
'2026-08-22 08:24:52.954451100,0.124451100,0
'2026-08-22 08:24:52.954451200,0.124451200,1
'2026-08-22 08:24:52.954451400,0.124451400,0
'2026-08-22 08:24:52.954451700,0.124451700,1
'2026-08-22 08:24:52.954451900,0.124451900,0
'2026-08-22 08:24:52.954452400,0.124452400,1
'2026-08-22 08:24:52.954452600,0.124452600,0
'2026-08-22 08:24:52.954452900,0.124452900,1
'2026-08-22 08:24:52.954453200,0.124453200,0
'2026-08-22 08:24:52.954453500,0.124453500,1
'2026-08-22 08:24:52.954453800,0.124453800,0
'2026-08-22 08:24:52.954454100,0.124454100,1
'2026-08-22 08:24:52.954454200,0.124454200,0
'2026-08-22 08:24:52.954455300,0.124455300,1
'2026-08-22 08:24:52.954455400,0.124455400,0
'2026-08-22 08:24:52.954455800,0.124455800,1
'2026-08-22 08:24:52.954456000,0.124456000,0
'2026-08-22 08:24:52.954456400,0.124456400,1
'2026-08-22 08:24:52.954456600,0.124456600,0
'2026-08-22 08:24:52.954456900,0.124456900,1
'2026-08-22 08:24:52.954457200,0.124457200,0
'2026-08-22 08:24:52.954457300,0.124457300,1
'2026-08-22 08:24:52.954457400,0.124457400,0
'2026-08-22 08:24:52.954457600,0.124457600,1
'2026-08-22 08:24:52.954457800,0.124457800,0
'2026-08-22 08:24:52.954458200,0.124458200,1
'2026-08-22 08:24:52.954458300,0.124458300,0
'2026-08-22 08:24:52.954458800,0.124458800,1
'2026-08-22 08:24:52.954458900,0.124458900,0
'2026-08-22 08:24:52.954459300,0.124459300,1
'2026-08-22 08:24:52.954459500,0.124459500,0
'2026-08-22 08:24:52.954459900,0.124459900,1
'2026-08-22 08:24:52.954460000,0.124460000,0
'2026-08-22 08:24:52.954460100,0.124460100,1
'2026-08-22 08:24:52.954460200,0.124460200,0
'2026-08-22 08:24:52.954460400,0.124460400,1
'2026-08-22 08:24:52.954460600,0.124460600,0
'2026-08-22 08:24:52.954460800,0.124460800,1
'2026-08-22 08:24:52.954461000,0.124461000,0
'2026-08-22 08:24:52.954461100,0.124461100,1
'2026-08-22 08:24:52.954461600,0.124461600,0
'2026-08-22 08:24:52.954461700,0.124461700,1
'2026-08-22 08:24:52.954461800,0.124461800,0
'2026-08-22 08:24:52.954461900,0.124461900,1
'2026-08-22 08:24:52.954462000,0.124462000,0
'2026-08-22 08:24:52.954462100,0.124462100,1
'2026-08-22 08:24:52.954462200,0.124462200,0
'2026-08-22 08:24:52.954462500,0.124462500,1
'2026-08-22 08:24:52.954477600,0.124477600,0
'2026-08-22 08:24:52.954477900,0.124477900,1
'2026-08-22 08:24:52.954478200,0.124478200,0
'2026-08-22 08:24:52.954478300,0.124478300,1
'2026-08-22 08:24:52.954478800,0.124478800,0
'2026-08-22 08:24:52.954478900,0.124478900,1
'2026-08-22 08:24:52.954479000,0.124479000,0
'2026-08-22 08:24:52.954479100,0.124479100,1
'2026-08-22 08:24:52.954479400,0.124479400,0
'2026-08-22 08:24:52.954479700,0.124479700,1
'2026-08-22 08:24:52.954480000,0.124480000,0
'2026-08-22 08:24:52.954480300,0.124480300,1
'2026-08-22 08:24:52.954480500,0.124480500,0
'2026-08-22 08:24:52.954480600,0.124480600,1
'2026-08-22 08:24:52.954480800,0.124480800,0
'2026-08-22 08:24:52.954480900,0.124480900,1
'2026-08-22 08:24:52.954481200,0.124481200,0
'2026-08-22 08:24:52.954481300,0.124481300,1
'2026-08-22 08:24:52.954481400,0.124481400,0
'2026-08-22 08:24:52.954481600,0.124481600,1
'2026-08-22 08:24:52.954481900,0.124481900,0
'2026-08-22 08:24:52.954482000,0.124482000,1
'2026-08-22 08:24:52.954482300,0.124482300,0
'2026-08-22 08:24:52.954482600,0.124482600,1
'2026-08-22 08:24:52.954482800,0.124482800,0
'2026-08-22 08:24:52.954483300,0.124483300,1
'2026-08-22 08:24:52.954483400,0.124483400,0
'2026-08-22 08:24:52.954483900,0.124483900,1
'2026-08-22 08:24:52.954484400,0.124484400,0
'2026-08-22 08:24:52.954484900,0.124484900,1
'2026-08-22 08:24:52.954485100,0.124485100,0
'2026-08-22 08:24:52.954486200,0.124486200,1
'2026-08-22 08:24:52.954486400,0.124486400,0
'2026-08-22 08:24:52.954486800,0.124486800,1
'2026-08-22 08:24:52.954487100,0.124487100,0
'2026-08-22 08:24:52.954487400,0.124487400,1
'2026-08-22 08:24:52.954487500,0.124487500,0
'2026-08-22 08:24:52.954487600,0.124487600,1
'2026-08-22 08:24:52.954504000,0.124504000,0
'2026-08-22 08:24:52.954504100,0.124504100,1
'2026-08-22 08:24:52.954504400,0.124504400,0
'2026-08-22 08:24:52.954504900,0.124504900,1
'2026-08-22 08:24:52.954505100,0.124505100,0
'2026-08-22 08:24:52.954505200,0.124505200,1
'2026-08-22 08:24:52.954505300,0.124505300,0
'2026-08-22 08:24:52.954505400,0.124505400,1
'2026-08-22 08:24:52.954505900,0.124505900,0
'2026-08-22 08:24:52.954506100,0.124506100,1
'2026-08-22 08:24:52.954506800,0.124506800,0
'2026-08-22 08:24:52.954506900,0.124506900,1
'2026-08-22 08:24:52.954508300,0.124508300,0
'2026-08-22 08:24:52.954508400,0.124508400,1
'2026-08-22 08:24:52.954508800,0.124508800,0
'2026-08-22 08:24:52.954508900,0.124508900,1
'2026-08-22 08:24:52.954509700,0.124509700,0
'2026-08-22 08:24:52.954509900,0.124509900,1
'2026-08-22 08:24:52.954510000,0.124510000,0
'2026-08-22 08:24:52.954510100,0.124510100,1
'2026-08-22 08:24:52.954510900,0.124510900,0
'2026-08-22 08:24:52.954511100,0.124511100,1
'2026-08-22 08:24:52.954511400,0.124511400,0
'2026-08-22 08:24:52.954511700,0.124511700,1
'2026-08-22 08:24:52.954512000,0.124512000,0
'2026-08-22 08:24:52.954512100,0.124512100,1
'2026-08-22 08:24:52.954512200,0.124512200,0
'2026-08-22 08:24:52.954512300,0.124512300,1
'2026-08-22 08:24:52.954512800,0.124512800,0
'2026-08-22 08:24:52.954512900,0.124512900,1
'2026-08-22 08:24:52.954513200,0.124513200,0
'2026-08-22 08:24:52.954513500,0.124513500,1
'2026-08-22 08:24:52.954513600,0.124513600,0
'2026-08-22 08:24:52.954513700,0.124513700,1
'2026-08-22 08:24:52.954513800,0.124513800,0
'2026-08-22 08:24:52.954513900,0.124513900,1
'2026-08-22 08:24:52.954514400,0.124514400,0
'2026-08-22 08:24:52.954514500,0.124514500,1
'2026-08-22 08:24:52.954533700,0.124533700,0
'2026-08-22 08:24:52.954533900,0.124533900,1
'2026-08-22 08:24:52.954534200,0.124534200,0
'2026-08-22 08:24:52.954534300,0.124534300,1
'2026-08-22 08:24:52.954535100,0.124535100,0
'2026-08-22 08:24:52.954535200,0.124535200,1
'2026-08-22 08:24:52.954536100,0.124536100,0
'2026-08-22 08:24:52.954536300,0.124536300,1
'2026-08-22 08:24:52.954537800,0.124537800,0
'2026-08-22 08:24:52.954537900,0.124537900,1
'2026-08-22 08:24:52.954538700,0.124538700,0
'2026-08-22 08:24:52.954538800,0.124538800,1
'2026-08-22 08:24:52.954539000,0.124539000,0
'2026-08-22 08:24:52.954539100,0.124539100,1
'2026-08-22 08:24:52.954539200,0.124539200,0
'2026-08-22 08:24:52.954539300,0.124539300,1
'2026-08-22 08:24:52.954539600,0.124539600,0
'2026-08-22 08:24:52.954539700,0.124539700,1
'2026-08-22 08:24:52.954540200,0.124540200,0
'2026-08-22 08:24:52.954540300,0.124540300,1
'2026-08-22 08:24:52.954555900,0.124555900,0
'2026-08-22 08:24:52.954556000,0.124556000,1
'2026-08-22 08:24:52.954562400,0.124562400,0
'2026-08-22 08:24:52.954562500,0.124562500,1
'2026-08-22 08:24:52.954563200,0.124563200,0
'2026-08-22 08:24:52.954563300,0.124563300,1
'2026-08-22 08:24:52.954563400,0.124563400,0
'2026-08-22 08:24:52.954563500,0.124563500,1
'2026-08-22 08:24:52.954563800,0.124563800,0
'2026-08-22 08:24:52.954563900,0.124563900,1
'2026-08-22 08:24:52.954564800,0.124564800,0
'2026-08-22 08:24:52.954564900,0.124564900,1
'2026-08-22 08:24:52.954585200,0.124585200,0
'2026-08-22 08:24:52.954585300,0.124585300,1
'2026-08-22 08:24:52.954586400,0.124586400,0
'2026-08-22 08:24:52.954586500,0.124586500,1
'2026-08-22 08:24:52.954587500,0.124587500,0
'2026-08-22 08:24:52.954587700,0.124587700,1
'2026-08-22 08:24:52.954590900,0.124590900,0
'2026-08-22 08:24:52.954591000,0.124591000,1
'2026-08-22 08:24:52.954591100,0.124591100,0
'2026-08-22 08:24:52.954591300,0.124591300,1
'2026-08-22 08:24:52.954614900,0.124614900,0
'2026-08-22 08:24:52.954615000,0.124615000,1
'2026-08-22 08:24:52.955157400,0.125157400,0
'2026-08-22 08:24:52.955157800,0.125157800,1
'2026-08-22 08:24:52.955158000,0.125158000,0
'2026-08-22 08:24:52.955158300,0.125158300,1
'2026-08-22 08:24:52.955158500,0.125158500,0
'2026-08-22 08:24:52.955159000,0.125159000,1
'2026-08-22 08:24:52.955159100,0.125159100,0
'2026-08-22 08:24:52.955159500,0.125159500,1
'2026-08-22 08:24:52.955159600,0.125159600,0
'2026-08-22 08:24:52.955160100,0.125160100,1
'2026-08-22 08:24:52.955160200,0.125160200,0
'2026-08-22 08:24:52.955160300,0.125160300,1
'2026-08-22 08:24:52.955160400,0.125160400,0
'2026-08-22 08:24:52.955160700,0.125160700,1
'2026-08-22 08:24:52.955161000,0.125161000,0
'2026-08-22 08:24:52.955161300,0.125161300,1
'2026-08-22 08:24:52.955161500,0.125161500,0
'2026-08-22 08:24:52.955161900,0.125161900,1
'2026-08-22 08:24:52.955162000,0.125162000,0
'2026-08-22 08:24:52.955162100,0.125162100,1
'2026-08-22 08:24:52.955162200,0.125162200,0
'2026-08-22 08:24:52.955162400,0.125162400,1
'2026-08-22 08:24:52.955162700,0.125162700,0
'2026-08-22 08:24:52.955163000,0.125163000,1
'2026-08-22 08:24:52.955163200,0.125163200,0
'2026-08-22 08:24:52.955163500,0.125163500,1
'2026-08-22 08:24:52.955163800,0.125163800,0
'2026-08-22 08:24:52.955164200,0.125164200,1
'2026-08-22 08:24:52.955164600,0.125164600,0
'2026-08-22 08:24:52.955164700,0.125164700,1
'2026-08-22 08:24:52.955165100,0.125165100,0
'2026-08-22 08:24:52.955165300,0.125165300,1
'2026-08-22 08:24:52.955165600,0.125165600,0
'2026-08-22 08:24:52.955165900,0.125165900,1
'2026-08-22 08:24:52.955166100,0.125166100,0
'2026-08-22 08:24:52.955166500,0.125166500,1
'2026-08-22 08:24:52.955181500,0.125181500,0
'2026-08-22 08:24:52.955181600,0.125181600,1
'2026-08-22 08:24:52.955182400,0.125182400,0
'2026-08-22 08:24:52.955182600,0.125182600,1
'2026-08-22 08:24:52.955184200,0.125184200,0
'2026-08-22 08:24:52.955184500,0.125184500,1
'2026-08-22 08:24:52.955184800,0.125184800,0
'2026-08-22 08:24:52.955184900,0.125184900,1
'2026-08-22 08:24:52.955185000,0.125185000,0
'2026-08-22 08:24:52.955185200,0.125185200,1
'2026-08-22 08:24:52.955185500,0.125185500,0
'2026-08-22 08:24:52.955185700,0.125185700,1
'2026-08-22 08:24:52.955185900,0.125185900,0
'2026-08-22 08:24:52.955186400,0.125186400,1
'2026-08-22 08:24:52.955186600,0.125186600,0
'2026-08-22 08:24:52.955187600,0.125187600,1
'2026-08-22 08:24:52.955187800,0.125187800,0
'2026-08-22 08:24:52.955188100,0.125188100,1
'2026-08-22 08:24:52.955188400,0.125188400,0
'2026-08-22 08:24:52.955189300,0.125189300,1
'2026-08-22 08:24:52.955189500,0.125189500,0
'2026-08-22 08:24:52.955189700,0.125189700,1
'2026-08-22 08:24:52.955190200,0.125190200,0
'2026-08-22 08:24:52.955190300,0.125190300,1
'2026-08-22 08:24:52.955190600,0.125190600,0
'2026-08-22 08:24:52.955190700,0.125190700,1
'2026-08-22 08:24:52.955207600,0.125207600,0
'2026-08-22 08:24:52.955207800,0.125207800,1
'2026-08-22 08:24:52.955208100,0.125208100,0
'2026-08-22 08:24:52.955209100,0.125209100,1
'2026-08-22 08:24:52.955209400,0.125209400,0
'2026-08-22 08:24:52.955209700,0.125209700,1
'2026-08-22 08:24:52.955209900,0.125209900,0
'2026-08-22 08:24:52.955210300,0.125210300,1
'2026-08-22 08:24:52.955210400,0.125210400,0
'2026-08-22 08:24:52.955210800,0.125210800,1
'2026-08-22 08:24:52.955211800,0.125211800,0
'2026-08-22 08:24:52.955212100,0.125212100,1
'2026-08-22 08:24:52.955212800,0.125212800,0
'2026-08-22 08:24:52.955212900,0.125212900,1
'2026-08-22 08:24:52.955213000,0.125213000,0
'2026-08-22 08:24:52.955213100,0.125213100,1
'2026-08-22 08:24:52.955214200,0.125214200,0
'2026-08-22 08:24:52.955214300,0.125214300,1
'2026-08-22 08:24:52.955215100,0.125215100,0
'2026-08-22 08:24:52.955215200,0.125215200,1
'2026-08-22 08:24:52.955215700,0.125215700,0
'2026-08-22 08:24:52.955216100,0.125216100,1
'2026-08-22 08:24:52.955216500,0.125216500,0
'2026-08-22 08:24:52.955216600,0.125216600,1
'2026-08-22 08:24:52.955217000,0.125217000,0
'2026-08-22 08:24:52.955217200,0.125217200,1
'2026-08-22 08:24:52.955217500,0.125217500,0
'2026-08-22 08:24:52.955217700,0.125217700,1
'2026-08-22 08:24:52.955217800,0.125217800,0
'2026-08-22 08:24:52.955217900,0.125217900,1
'2026-08-22 08:24:52.955218000,0.125218000,0
'2026-08-22 08:24:52.955218500,0.125218500,1
'2026-08-22 08:24:52.955218600,0.125218600,0
'2026-08-22 08:24:52.955218700,0.125218700,1
'2026-08-22 08:24:52.955234600,0.125234600,0
'2026-08-22 08:24:52.955234700,0.125234700,1
'2026-08-22 08:24:52.955237000,0.125237000,0
'2026-08-22 08:24:52.955237100,0.125237100,1
'2026-08-22 08:24:52.955237400,0.125237400,0
'2026-08-22 08:24:52.955237500,0.125237500,1
'2026-08-22 08:24:52.955238600,0.125238600,0
'2026-08-22 08:24:52.955238700,0.125238700,1
'2026-08-22 08:24:52.955238800,0.125238800,0
'2026-08-22 08:24:52.955238900,0.125238900,1
'2026-08-22 08:24:52.955239200,0.125239200,0
'2026-08-22 08:24:52.955239500,0.125239500,1
'2026-08-22 08:24:52.955239800,0.125239800,0
'2026-08-22 08:24:52.955240000,0.125240000,1
'2026-08-22 08:24:52.955240200,0.125240200,0
'2026-08-22 08:24:52.955240400,0.125240400,1
'2026-08-22 08:24:52.955240900,0.125240900,0
'2026-08-22 08:24:52.955241100,0.125241100,1
'2026-08-22 08:24:52.955241200,0.125241200,0
'2026-08-22 08:24:52.955241300,0.125241300,1
'2026-08-22 08:24:52.955241400,0.125241400,0
'2026-08-22 08:24:52.955241500,0.125241500,1
'2026-08-22 08:24:52.955242100,0.125242100,0
'2026-08-22 08:24:52.955242300,0.125242300,1
'2026-08-22 08:24:52.955260400,0.125260400,0
'2026-08-22 08:24:52.955260500,0.125260500,1
'2026-08-22 08:24:52.955260800,0.125260800,0
'2026-08-22 08:24:52.955260900,0.125260900,1
'2026-08-22 08:24:52.955262500,0.125262500,0
'2026-08-22 08:24:52.955262600,0.125262600,1
'2026-08-22 08:24:52.955265900,0.125265900,0
'2026-08-22 08:24:52.955266100,0.125266100,1
'2026-08-22 08:24:52.955268400,0.125268400,0
'2026-08-22 08:24:52.955268500,0.125268500,1
'2026-08-22 08:24:52.955268800,0.125268800,0
'2026-08-22 08:24:52.955269100,0.125269100,1
'2026-08-22 08:24:52.955269400,0.125269400,0
'2026-08-22 08:24:52.955269600,0.125269600,1
'2026-08-22 08:24:52.955270100,0.125270100,0
'2026-08-22 08:24:52.955270200,0.125270200,1
'2026-08-22 08:24:52.955270600,0.125270600,0
'2026-08-22 08:24:52.955270700,0.125270700,1
'2026-08-22 08:24:52.955287600,0.125287600,0
'2026-08-22 08:24:52.955287700,0.125287700,1
'2026-08-22 08:24:52.955287800,0.125287800,0
'2026-08-22 08:24:52.955287900,0.125287900,1
'2026-08-22 08:24:52.955288900,0.125288900,0
'2026-08-22 08:24:52.955289100,0.125289100,1
'2026-08-22 08:24:52.955289900,0.125289900,0
'2026-08-22 08:24:52.955290000,0.125290000,1
'2026-08-22 08:24:52.955296600,0.125296600,0
'2026-08-22 08:24:52.955296700,0.125296700,1
'2026-08-22 08:24:52.955322800,0.125322800,0
'2026-08-22 08:24:52.955322900,0.125322900,1
'2026-08-22 08:24:52.955396300,0.125396300,0
'2026-08-22 08:24:52.955396400,0.125396400,1
'2026-08-22 08:24:52.955444600,0.125444600,0
'2026-08-22 08:24:52.955444700,0.125444700,1
'2026-08-22 08:24:52.955529800,0.125529800,0
'2026-08-22 08:24:52.955529900,0.125529900,1
'2026-08-22 08:24:53.030000000,0.200000000,0
