; CSV, generated by atk_libsigrok4 1.0.0 on 2026-08-22 08:28:51
; Channels (1/16)
; ChannelsType: 1
; Sample rate: 10 MHz
; Sample count: 1.907349 M
; Sampling time: 2026-08-22 08:28:41.742
SystemTime, Time(s), meow
'2026-08-22 08:28:41.742000000,0.000000000,1
'2026-08-22 08:28:41.742002100,0.000002100,0
'2026-08-22 08:28:41.742007500,0.000007500,1
'2026-08-22 08:28:41.742022000,0.000022000,0
'2026-08-22 08:28:41.742033600,0.000033600,1
'2026-08-22 08:28:41.742048100,0.000048100,0
'2026-08-22 08:28:41.742059700,0.000059700,1
'2026-08-22 08:28:41.742074300,0.000074300,0
'2026-08-22 08:28:41.742085800,0.000085800,1
'2026-08-22 08:28:41.742100400,0.000100400,0
'2026-08-22 08:28:41.742100800,0.000100800,1
'2026-08-22 08:28:41.742100900,0.000100900,0
'2026-08-22 08:28:41.742111900,0.000111900,1
'2026-08-22 08:28:41.742126400,0.000126400,0
'2026-08-22 08:28:41.742137900,0.000137900,1
'2026-08-22 08:28:41.742152600,0.000152600,0
'2026-08-22 08:28:41.742164000,0.000164000,1
'2026-08-22 08:28:41.742178500,0.000178500,0
'2026-08-22 08:28:41.742190100,0.000190100,1
'2026-08-22 08:28:41.742204800,0.000204800,0
'2026-08-22 08:28:41.742216200,0.000216200,1
'2026-08-22 08:28:41.742230900,0.000230900,0
'2026-08-22 08:28:41.742242300,0.000242300,1
'2026-08-22 08:28:41.742256900,0.000256900,0
'2026-08-22 08:28:41.742261300,0.000261300,1
'2026-08-22 08:28:41.742261400,0.000261400,0
'2026-08-22 08:28:41.742268400,0.000268400,1
'2026-08-22 08:28:41.742282900,0.000282900,0
'2026-08-22 08:28:41.742294400,0.000294400,1
'2026-08-22 08:28:41.742309000,0.000309000,0
'2026-08-22 08:28:41.742320500,0.000320500,1
'2026-08-22 08:28:41.742335300,0.000335300,0
'2026-08-22 08:28:41.742346600,0.000346600,1
'2026-08-22 08:28:41.742361200,0.000361200,0
'2026-08-22 08:28:41.742372700,0.000372700,1
'2026-08-22 08:28:41.742387400,0.000387400,0
'2026-08-22 08:28:41.742387700,0.000387700,1
'2026-08-22 08:28:41.742387800,0.000387800,0
'2026-08-22 08:28:41.742398800,0.000398800,1
'2026-08-22 08:28:41.742413500,0.000413500,0
'2026-08-22 08:28:41.742424800,0.000424800,1
'2026-08-22 08:28:41.742439300,0.000439300,0
'2026-08-22 08:28:41.742450900,0.000450900,1
'2026-08-22 08:28:41.742465600,0.000465600,0
'2026-08-22 08:28:41.742465700,0.000465700,1
'2026-08-22 08:28:41.742465800,0.000465800,0
'2026-08-22 08:28:41.742467100,0.000467100,1
'2026-08-22 08:28:41.742467200,0.000467200,0
'2026-08-22 08:28:41.742477000,0.000477000,1
'2026-08-22 08:28:41.742491800,0.000491800,0
'2026-08-22 08:28:41.742503100,0.000503100,1
'2026-08-22 08:28:41.742517700,0.000517700,0
'2026-08-22 08:28:41.742517900,0.000517900,1
'2026-08-22 08:28:41.742518000,0.000518000,0
'2026-08-22 08:28:41.742518500,0.000518500,1
'2026-08-22 08:28:41.742518600,0.000518600,0
'2026-08-22 08:28:41.742529200,0.000529200,1
'2026-08-22 08:28:41.742543800,0.000543800,0
'2026-08-22 08:28:41.742551700,0.000551700,1
'2026-08-22 08:28:41.742551800,0.000551800,0
'2026-08-22 08:28:41.742555200,0.000555200,1
'2026-08-22 08:28:41.742569900,0.000569900,0
'2026-08-22 08:28:41.742581300,0.000581300,1
'2026-08-22 08:28:41.742596000,0.000596000,0
'2026-08-22 08:28:41.742607400,0.000607400,1
'2026-08-22 08:28:41.742622000,0.000622000,0
'2026-08-22 08:28:41.742622100,0.000622100,1
'2026-08-22 08:28:41.742622200,0.000622200,0
'2026-08-22 08:28:41.742633500,0.000633500,1
'2026-08-22 08:28:41.742648300,0.000648300,0
'2026-08-22 08:28:41.742659600,0.000659600,1
'2026-08-22 08:28:41.742674400,0.000674400,0
'2026-08-22 08:28:41.742685600,0.000685600,1
'2026-08-22 08:28:41.742700300,0.000700300,0
'2026-08-22 08:28:41.742711700,0.000711700,1
'2026-08-22 08:28:41.742726400,0.000726400,0
'2026-08-22 08:28:41.742737800,0.000737800,1
'2026-08-22 08:28:41.742752700,0.000752700,0
'2026-08-22 08:28:41.742763900,0.000763900,1
'2026-08-22 08:28:41.742778500,0.000778500,0
'2026-08-22 08:28:41.742789900,0.000789900,1
'2026-08-22 08:28:41.742804600,0.000804600,0
'2026-08-22 08:28:41.742816000,0.000816000,1
'2026-08-22 08:28:41.742830700,0.000830700,0
'2026-08-22 08:28:41.742836500,0.000836500,1
'2026-08-22 08:28:41.742836600,0.000836600,0
'2026-08-22 08:28:41.742842100,0.000842100,1
'2026-08-22 08:28:41.742856800,0.000856800,0
'2026-08-22 08:28:41.742857000,0.000857000,1
'2026-08-22 08:28:41.742857100,0.000857100,0
'2026-08-22 08:28:41.742868200,0.000868200,1
'2026-08-22 08:28:41.742882900,0.000882900,0
'2026-08-22 08:28:41.742894300,0.000894300,1
'2026-08-22 08:28:41.742909200,0.000909200,0
'2026-08-22 08:28:41.742909500,0.000909500,1
'2026-08-22 08:28:41.742909600,0.000909600,0
'2026-08-22 08:28:41.742920300,0.000920300,1
'2026-08-22 08:28:41.742935000,0.000935000,0
'2026-08-22 08:28:41.742935100,0.000935100,1
'2026-08-22 08:28:41.742935200,0.000935200,0
'2026-08-22 08:28:41.742946400,0.000946400,1
'2026-08-22 08:28:41.742961200,0.000961200,0
'2026-08-22 08:28:41.742972500,0.000972500,1
'2026-08-22 08:28:41.742987300,0.000987300,0
'2026-08-22 08:28:41.742998600,0.000998600,1
'2026-08-22 08:28:41.743013200,0.001013200,0
'2026-08-22 08:28:41.743013500,0.001013500,1
'2026-08-22 08:28:41.743013600,0.001013600,0
'2026-08-22 08:28:41.743024700,0.001024700,1
'2026-08-22 08:28:41.743039400,0.001039400,0
'2026-08-22 08:28:41.743050700,0.001050700,1
'2026-08-22 08:28:41.743065400,0.001065400,0
'2026-08-22 08:28:41.743065500,0.001065500,1
'2026-08-22 08:28:41.743065600,0.001065600,0
'2026-08-22 08:28:41.743076800,0.001076800,1
'2026-08-22 08:28:41.743091700,0.001091700,0
'2026-08-22 08:28:41.743098400,0.001098400,1
'2026-08-22 08:28:41.743098500,0.001098500,0
'2026-08-22 08:28:41.743102900,0.001102900,1
'2026-08-22 08:28:41.743117600,0.001117600,0
'2026-08-22 08:28:41.743129000,0.001129000,1
'2026-08-22 08:28:41.743143800,0.001143800,0
'2026-08-22 08:28:41.743155100,0.001155100,1
'2026-08-22 08:28:41.743169900,0.001169900,0
'2026-08-22 08:28:41.743181100,0.001181100,1
'2026-08-22 08:28:41.743195800,0.001195800,0
'2026-08-22 08:28:41.743207200,0.001207200,1
'2026-08-22 08:28:41.743222000,0.001222000,0
'2026-08-22 08:28:41.743233300,0.001233300,1
'2026-08-22 08:28:41.743248000,0.001248000,0
'2026-08-22 08:28:41.743248100,0.001248100,1
'2026-08-22 08:28:41.743248300,0.001248300,0
'2026-08-22 08:28:41.743259400,0.001259400,1
'2026-08-22 08:28:41.743274000,0.001274000,0
'2026-08-22 08:28:41.743285400,0.001285400,1
'2026-08-22 08:28:41.743300000,0.001300000,0
'2026-08-22 08:28:41.743300100,0.001300100,1
'2026-08-22 08:28:41.743300200,0.001300200,0
'2026-08-22 08:28:41.743311500,0.001311500,1
'2026-08-22 08:28:41.743326200,0.001326200,0
'2026-08-22 08:28:41.743337600,0.001337600,1
'2026-08-22 08:28:41.743352400,0.001352400,0
'2026-08-22 08:28:41.743352500,0.001352500,1
'2026-08-22 08:28:41.743352600,0.001352600,0
'2026-08-22 08:28:41.743363700,0.001363700,1
'2026-08-22 08:28:41.743378500,0.001378500,0
'2026-08-22 08:28:41.743380300,0.001380300,1
'2026-08-22 08:28:41.743380400,0.001380400,0
'2026-08-22 08:28:41.743389800,0.001389800,1
'2026-08-22 08:28:41.743404500,0.001404500,0
'2026-08-22 08:28:41.743415800,0.001415800,1
'2026-08-22 08:28:41.743430600,0.001430600,0
'2026-08-22 08:28:41.743430900,0.001430900,1
'2026-08-22 08:28:41.743431000,0.001431000,0
'2026-08-22 08:28:41.743441900,0.001441900,1
'2026-08-22 08:28:41.743456600,0.001456600,0
'2026-08-22 08:28:41.743468000,0.001468000,1
'2026-08-22 08:28:41.743483000,0.001483000,0
'2026-08-22 08:28:41.743483500,0.001483500,1
'2026-08-22 08:28:41.743483600,0.001483600,0
'2026-08-22 08:28:41.743494100,0.001494100,1
'2026-08-22 08:28:41.743508700,0.001508700,0
'2026-08-22 08:28:41.743520200,0.001520200,1
'2026-08-22 08:28:41.743535000,0.001535000,0
'2026-08-22 08:28:41.743546200,0.001546200,1
'2026-08-22 08:28:41.743561000,0.001561000,0
'2026-08-22 08:28:41.743561700,0.001561700,1
'2026-08-22 08:28:41.743561800,0.001561800,0
'2026-08-22 08:28:41.743572300,0.001572300,1
'2026-08-22 08:28:41.743587000,0.001587000,0
'2026-08-22 08:28:41.743598400,0.001598400,1
'2026-08-22 08:28:41.743613400,0.001613400,0
'2026-08-22 08:28:41.743624500,0.001624500,1
'2026-08-22 08:28:41.743639000,0.001639000,0
'2026-08-22 08:28:41.743639100,0.001639100,1
'2026-08-22 08:28:41.743639200,0.001639200,0
'2026-08-22 08:28:41.743650600,0.001650600,1
'2026-08-22 08:28:41.743665300,0.001665300,0
'2026-08-22 08:28:41.743665500,0.001665500,1
'2026-08-22 08:28:41.743665700,0.001665700,0
'2026-08-22 08:28:41.743676600,0.001676600,1
'2026-08-22 08:28:41.743691500,0.001691500,0
'2026-08-22 08:28:41.743692100,0.001692100,1
'2026-08-22 08:28:41.743692200,0.001692200,0
'2026-08-22 08:28:41.743702700,0.001702700,1
'2026-08-22 08:28:41.743717300,0.001717300,0
'2026-08-22 08:28:41.743717500,0.001717500,1
'2026-08-22 08:28:41.743717600,0.001717600,0
'2026-08-22 08:28:41.743728800,0.001728800,1
'2026-08-22 08:28:41.743744000,0.001744000,0
'2026-08-22 08:28:41.743754900,0.001754900,1
'2026-08-22 08:28:41.743769400,0.001769400,0
'2026-08-22 08:28:41.743769500,0.001769500,1
'2026-08-22 08:28:41.743769700,0.001769700,0
'2026-08-22 08:28:41.743781000,0.001781000,1
'2026-08-22 08:28:41.743796000,0.001796000,0
'2026-08-22 08:28:41.743807000,0.001807000,1
'2026-08-22 08:28:41.743821700,0.001821700,0
'2026-08-22 08:28:41.743833100,0.001833100,1
'2026-08-22 08:28:41.743847900,0.001847900,0
'2026-08-22 08:28:41.743859200,0.001859200,1
'2026-08-22 08:28:41.743874200,0.001874200,0
'2026-08-22 08:28:41.743885300,0.001885300,1
'2026-08-22 08:28:41.743900000,0.001900000,0
'2026-08-22 08:28:41.743905000,0.001905000,1
'2026-08-22 08:28:41.743905100,0.001905100,0
'2026-08-22 08:28:41.743911400,0.001911400,1
'2026-08-22 08:28:41.743926200,0.001926200,0
'2026-08-22 08:28:41.743937400,0.001937400,1
'2026-08-22 08:28:41.743952100,0.001952100,0
'2026-08-22 08:28:41.743952200,0.001952200,1
'2026-08-22 08:28:41.743952400,0.001952400,0
'2026-08-22 08:28:41.743963500,0.001963500,1
'2026-08-22 08:28:41.743978200,0.001978200,0
'2026-08-22 08:28:41.743984500,0.001984500,1
'2026-08-22 08:28:41.743984600,0.001984600,0
'2026-08-22 08:28:41.743989600,0.001989600,1
'2026-08-22 08:28:41.744004500,0.002004500,0
'2026-08-22 08:28:41.744004900,0.002004900,1
'2026-08-22 08:28:41.744005100,0.002005100,0
'2026-08-22 08:28:41.744015700,0.002015700,1
'2026-08-22 08:28:41.744030300,0.002030300,0
'2026-08-22 08:28:41.744041800,0.002041800,1
'2026-08-22 08:28:41.744056700,0.002056700,0
'2026-08-22 08:28:41.744056900,0.002056900,1
'2026-08-22 08:28:41.744057000,0.002057000,0
'2026-08-22 08:28:41.744058500,0.002058500,1
'2026-08-22 08:28:41.744058600,0.002058600,0
'2026-08-22 08:28:41.744067900,0.002067900,1
'2026-08-22 08:28:41.744082600,0.002082600,0
'2026-08-22 08:28:41.744093700,0.002093700,1
'2026-08-22 08:28:41.744093800,0.002093800,0
'2026-08-22 08:28:41.744093900,0.002093900,1
'2026-08-22 08:28:41.744108600,0.002108600,0
'2026-08-22 08:28:41.744120000,0.002120000,1
'2026-08-22 08:28:41.744134800,0.002134800,0
'2026-08-22 08:28:41.744134900,0.002134900,1
'2026-08-22 08:28:41.744135000,0.002135000,0
'2026-08-22 08:28:41.744135100,0.002135100,1
'2026-08-22 08:28:41.744135300,0.002135300,0
'2026-08-22 08:28:41.744146100,0.002146100,1
'2026-08-22 08:28:41.744161000,0.002161000,0
'2026-08-22 08:28:41.744161100,0.002161100,1
'2026-08-22 08:28:41.744161200,0.002161200,0
'2026-08-22 08:28:41.744161500,0.002161500,1
'2026-08-22 08:28:41.744161600,0.002161600,0
'2026-08-22 08:28:41.744164400,0.002164400,1
'2026-08-22 08:28:41.744164500,0.002164500,0
'2026-08-22 08:28:41.744172200,0.002172200,1
'2026-08-22 08:28:41.744187000,0.002187000,0
'2026-08-22 08:28:41.744187200,0.002187200,1
'2026-08-22 08:28:41.744187300,0.002187300,0
'2026-08-22 08:28:41.744198300,0.002198300,1
'2026-08-22 08:28:41.744213200,0.002213200,0
'2026-08-22 08:28:41.744214600,0.002214600,1
'2026-08-22 08:28:41.744214700,0.002214700,0
'2026-08-22 08:28:41.744215800,0.002215800,1
'2026-08-22 08:28:41.744215900,0.002215900,0
'2026-08-22 08:28:41.744224300,0.002224300,1
'2026-08-22 08:28:41.744239000,0.002239000,0
'2026-08-22 08:28:41.744247400,0.002247400,1
'2026-08-22 08:28:41.744247500,0.002247500,0
'2026-08-22 08:28:41.744250400,0.002250400,1
'2026-08-22 08:28:41.744265600,0.002265600,0
'2026-08-22 08:28:41.744266000,0.002266000,1
'2026-08-22 08:28:41.744266100,0.002266100,0
'2026-08-22 08:28:41.744276500,0.002276500,1
'2026-08-22 08:28:41.744291300,0.002291300,0
'2026-08-22 08:28:41.744297600,0.002297600,1
'2026-08-22 08:28:41.744297700,0.002297700,0
'2026-08-22 08:28:41.744302600,0.002302600,1
'2026-08-22 08:28:41.744317600,0.002317600,0
'2026-08-22 08:28:41.744318000,0.002318000,1
'2026-08-22 08:28:41.744318100,0.002318100,0
'2026-08-22 08:28:41.744328700,0.002328700,1
'2026-08-22 08:28:41.744343400,0.002343400,0
'2026-08-22 08:28:41.744354700,0.002354700,1
'2026-08-22 08:28:41.744369500,0.002369500,0
'2026-08-22 08:28:41.744380800,0.002380800,1
'2026-08-22 08:28:41.744395800,0.002395800,0
'2026-08-22 08:28:41.744396300,0.002396300,1
'2026-08-22 08:28:41.744396400,0.002396400,0
'2026-08-22 08:28:41.744396900,0.002396900,1
'2026-08-22 08:28:41.744397000,0.002397000,0
'2026-08-22 08:28:41.744406800,0.002406800,1
'2026-08-22 08:28:41.744421600,0.002421600,0
'2026-08-22 08:28:41.744433000,0.002433000,1
'2026-08-22 08:28:41.744447900,0.002447900,0
'2026-08-22 08:28:41.744457000,0.002457000,1
'2026-08-22 08:28:41.744457100,0.002457100,0
'2026-08-22 08:28:41.744459100,0.002459100,1
'2026-08-22 08:28:41.744474000,0.002474000,0
'2026-08-22 08:28:41.744483900,0.002483900,1
'2026-08-22 08:28:41.744484000,0.002484000,0
'2026-08-22 08:28:41.744485200,0.002485200,1
'2026-08-22 08:28:41.744499800,0.002499800,0
'2026-08-22 08:28:41.744511200,0.002511200,1
'2026-08-22 08:28:41.744526200,0.002526200,0
'2026-08-22 08:28:41.744526300,0.002526300,1
'2026-08-22 08:28:41.744526400,0.002526400,0
'2026-08-22 08:28:41.744526500,0.002526500,1
'2026-08-22 08:28:41.744526600,0.002526600,0
'2026-08-22 08:28:41.744527100,0.002527100,1
'2026-08-22 08:28:41.744527200,0.002527200,0
'2026-08-22 08:28:41.744534100,0.002534100,1
'2026-08-22 08:28:41.744534200,0.002534200,0
'2026-08-22 08:28:41.744537300,0.002537300,1
'2026-08-22 08:28:41.744551900,0.002551900,0
'2026-08-22 08:28:41.744556300,0.002556300,1
'2026-08-22 08:28:41.744556400,0.002556400,0
'2026-08-22 08:28:41.744557500,0.002557500,1
'2026-08-22 08:28:41.744557600,0.002557600,0
'2026-08-22 08:28:41.744563400,0.002563400,1
'2026-08-22 08:28:41.744578300,0.002578300,0
'2026-08-22 08:28:41.744578500,0.002578500,1
'2026-08-22 08:28:41.744578600,0.002578600,0
'2026-08-22 08:28:41.744587400,0.002587400,1
'2026-08-22 08:28:41.744587500,0.002587500,0
'2026-08-22 08:28:41.744589500,0.002589500,1
'2026-08-22 08:28:41.744604300,0.002604300,0
'2026-08-22 08:28:41.744615600,0.002615600,1
'2026-08-22 08:28:41.744630200,0.002630200,0
'2026-08-22 08:28:41.744630400,0.002630400,1
'2026-08-22 08:28:41.744630500,0.002630500,0
'2026-08-22 08:28:41.744634500,0.002634500,1
'2026-08-22 08:28:41.744634600,0.002634600,0
'2026-08-22 08:28:41.744641600,0.002641600,1
'2026-08-22 08:28:41.744656500,0.002656500,0
'2026-08-22 08:28:41.744656700,0.002656700,1
'2026-08-22 08:28:41.744656800,0.002656800,0
'2026-08-22 08:28:41.744657300,0.002657300,1
'2026-08-22 08:28:41.744657400,0.002657400,0
'2026-08-22 08:28:41.744657900,0.002657900,1
'2026-08-22 08:28:41.744658000,0.002658000,0
'2026-08-22 08:28:41.744663200,0.002663200,1
'2026-08-22 08:28:41.744663300,0.002663300,0
'2026-08-22 08:28:41.744667700,0.002667700,1
'2026-08-22 08:28:41.744682500,0.002682500,0
'2026-08-22 08:28:41.744687700,0.002687700,1
'2026-08-22 08:28:41.744687800,0.002687800,0
'2026-08-22 08:28:41.744693800,0.002693800,1
'2026-08-22 08:28:41.744708600,0.002708600,0
'2026-08-22 08:28:41.744708700,0.002708700,1
'2026-08-22 08:28:41.744708900,0.002708900,0
'2026-08-22 08:28:41.744709300,0.002709300,1
'2026-08-22 08:28:41.744709400,0.002709400,0
'2026-08-22 08:28:41.744719900,0.002719900,1
'2026-08-22 08:28:41.744735000,0.002735000,0
'2026-08-22 08:28:41.744736700,0.002736700,1
'2026-08-22 08:28:41.744736800,0.002736800,0
'2026-08-22 08:28:41.744737900,0.002737900,1
'2026-08-22 08:28:41.744738000,0.002738000,0
'2026-08-22 08:28:41.744746000,0.002746000,1
'2026-08-22 08:28:41.744760800,0.002760800,0
'2026-08-22 08:28:41.744772100,0.002772100,1
'2026-08-22 08:28:41.744786800,0.002786800,0
'2026-08-22 08:28:41.744786900,0.002786900,1
'2026-08-22 08:28:41.744787000,0.002787000,0
'2026-08-22 08:28:41.744787500,0.002787500,1
'2026-08-22 08:28:41.744787600,0.002787600,0
'2026-08-22 08:28:41.744798100,0.002798100,1
'2026-08-22 08:28:41.744812800,0.002812800,0
'2026-08-22 08:28:41.744824200,0.002824200,1
'2026-08-22 08:28:41.744839100,0.002839100,0
'2026-08-22 08:28:41.744850300,0.002850300,1
'2026-08-22 08:28:41.744865300,0.002865300,0
'2026-08-22 08:28:41.744876400,0.002876400,1
'2026-08-22 08:28:41.744891200,0.002891200,0
'2026-08-22 08:28:41.744891400,0.002891400,1
'2026-08-22 08:28:41.744891500,0.002891500,0
'2026-08-22 08:28:41.744895500,0.002895500,1
'2026-08-22 08:28:41.744895600,0.002895600,0
'2026-08-22 08:28:41.744902400,0.002902400,1
'2026-08-22 08:28:41.744917400,0.002917400,0
'2026-08-22 08:28:41.744917700,0.002917700,1
'2026-08-22 08:28:41.744917800,0.002917800,0
'2026-08-22 08:28:41.744928500,0.002928500,1
'2026-08-22 08:28:41.744943200,0.002943200,0
'2026-08-22 08:28:41.744943400,0.002943400,1
'2026-08-22 08:28:41.744943500,0.002943500,0
'2026-08-22 08:28:41.744954600,0.002954600,1
'2026-08-22 08:28:41.744969400,0.002969400,0
'2026-08-22 08:28:41.744980700,0.002980700,1
'2026-08-22 08:28:41.744995800,0.002995800,0
'2026-08-22 08:28:41.745006800,0.003006800,1
'2026-08-22 08:28:41.745021600,0.003021600,0
'2026-08-22 08:28:41.745021700,0.003021700,1
'2026-08-22 08:28:41.745021800,0.003021800,0
'2026-08-22 08:28:41.745030400,0.003030400,1
'2026-08-22 08:28:41.745030500,0.003030500,0
'2026-08-22 08:28:41.745032900,0.003032900,1
'2026-08-22 08:28:41.745048000,0.003048000,0
'2026-08-22 08:28:41.745048500,0.003048500,1
'2026-08-22 08:28:41.745048600,0.003048600,0
'2026-08-22 08:28:41.745049100,0.003049100,1
'2026-08-22 08:28:41.745049200,0.003049200,0
'2026-08-22 08:28:41.745058900,0.003058900,1
'2026-08-22 08:28:41.745073700,0.003073700,0
'2026-08-22 08:28:41.745078300,0.003078300,1
'2026-08-22 08:28:41.745078400,0.003078400,0
'2026-08-22 08:28:41.745085000,0.003085000,1
'2026-08-22 08:28:41.745100000,0.003100000,0
'2026-08-22 08:28:41.745111100,0.003111100,1
'2026-08-22 08:28:41.745126000,0.003126000,0
'2026-08-22 08:28:41.745137200,0.003137200,1
'2026-08-22 08:28:41.745152000,0.003152000,0
'2026-08-22 08:28:41.745152100,0.003152100,1
'2026-08-22 08:28:41.745152200,0.003152200,0
'2026-08-22 08:28:41.745152500,0.003152500,1
'2026-08-22 08:28:41.745152600,0.003152600,0
'2026-08-22 08:28:41.745159800,0.003159800,1
'2026-08-22 08:28:41.745159900,0.003159900,0
'2026-08-22 08:28:41.745163300,0.003163300,1
'2026-08-22 08:28:41.745178300,0.003178300,0
'2026-08-22 08:28:41.745179300,0.003179300,1
'2026-08-22 08:28:41.745179400,0.003179400,0
'2026-08-22 08:28:41.745179900,0.003179900,1
'2026-08-22 08:28:41.745180000,0.003180000,0
'2026-08-22 08:28:41.745189300,0.003189300,1
'2026-08-22 08:28:41.745204000,0.003204000,0
'2026-08-22 08:28:41.745215400,0.003215400,1
'2026-08-22 08:28:41.745230200,0.003230200,0
'2026-08-22 08:28:41.745230300,0.003230300,1
'2026-08-22 08:28:41.745230400,0.003230400,0
'2026-08-22 08:28:41.745241500,0.003241500,1
'2026-08-22 08:28:41.745256800,0.003256800,0
'2026-08-22 08:28:41.745257000,0.003257000,1
'2026-08-22 08:28:41.745257100,0.003257100,0
'2026-08-22 08:28:41.745257200,0.003257200,1
'2026-08-22 08:28:41.746898900,0.004898900,0
'2026-08-22 08:28:41.746910200,0.004910200,1
'2026-08-22 08:28:41.746924900,0.004924900,0
'2026-08-22 08:28:41.746936300,0.004936300,1
'2026-08-22 08:28:41.746951000,0.004951000,0
'2026-08-22 08:28:41.746962400,0.004962400,1
'2026-08-22 08:28:41.746977200,0.004977200,0
'2026-08-22 08:28:41.746988500,0.004988500,1
'2026-08-22 08:28:41.747003400,0.005003400,0
'2026-08-22 08:28:41.747014600,0.005014600,1
'2026-08-22 08:28:41.747029200,0.005029200,0
'2026-08-22 08:28:41.747040700,0.005040700,1
'2026-08-22 08:28:41.747055400,0.005055400,0
'2026-08-22 08:28:41.747066800,0.005066800,1
'2026-08-22 08:28:41.747081600,0.005081600,0
'2026-08-22 08:28:41.747092800,0.005092800,1
'2026-08-22 08:28:41.747107400,0.005107400,0
'2026-08-22 08:28:41.747107600,0.005107600,1
'2026-08-22 08:28:41.747107700,0.005107700,0
'2026-08-22 08:28:41.747118900,0.005118900,1
'2026-08-22 08:28:41.747133700,0.005133700,0
'2026-08-22 08:28:41.747145000,0.005145000,1
'2026-08-22 08:28:41.747159900,0.005159900,0
'2026-08-22 08:28:41.747171100,0.005171100,1
'2026-08-22 08:28:41.747185700,0.005185700,0
'2026-08-22 08:28:41.747197200,0.005197200,1
'2026-08-22 08:28:41.747212100,0.005212100,0
'2026-08-22 08:28:41.747212300,0.005212300,1
'2026-08-22 08:28:41.747212400,0.005212400,0
'2026-08-22 08:28:41.747223300,0.005223300,1
'2026-08-22 08:28:41.747238200,0.005238200,0
'2026-08-22 08:28:41.747249300,0.005249300,1
'2026-08-22 08:28:41.747264000,0.005264000,0
'2026-08-22 08:28:41.747275400,0.005275400,1
'2026-08-22 08:28:41.747290200,0.005290200,0
'2026-08-22 08:28:41.747290600,0.005290600,1
'2026-08-22 08:28:41.747290700,0.005290700,0
'2026-08-22 08:28:41.747301500,0.005301500,1
'2026-08-22 08:28:41.747717700,0.005717700,0
'2026-08-22 08:28:41.747718600,0.005718600,1
'2026-08-22 08:28:41.747733400,0.005733400,0
'2026-08-22 08:28:41.747744700,0.005744700,1
'2026-08-22 08:28:41.747759300,0.005759300,0
'2026-08-22 08:28:41.747770800,0.005770800,1
'2026-08-22 08:28:41.747785500,0.005785500,0
'2026-08-22 08:28:41.747796900,0.005796900,1
'2026-08-22 08:28:41.747811400,0.005811400,0
'2026-08-22 08:28:41.747823000,0.005823000,1
'2026-08-22 08:28:41.747837700,0.005837700,0
'2026-08-22 08:28:41.747849100,0.005849100,1
'2026-08-22 08:28:41.747863800,0.005863800,0
'2026-08-22 08:28:41.747875200,0.005875200,1
'2026-08-22 08:28:41.747889800,0.005889800,0
'2026-08-22 08:28:41.747889900,0.005889900,1
'2026-08-22 08:28:41.747890000,0.005890000,0
'2026-08-22 08:28:41.747901300,0.005901300,1
'2026-08-22 08:28:41.747916400,0.005916400,0
'2026-08-22 08:28:41.747917300,0.005917300,1
'2026-08-22 08:28:41.747917400,0.005917400,0
'2026-08-22 08:28:41.747927300,0.005927300,1
'2026-08-22 08:28:41.747942000,0.005942000,0
'2026-08-22 08:28:41.747953400,0.005953400,1
'2026-08-22 08:28:41.747968200,0.005968200,0
'2026-08-22 08:28:41.747979500,0.005979500,1
'2026-08-22 08:28:41.747994300,0.005994300,0
'2026-08-22 08:28:41.748005600,0.006005600,1
'2026-08-22 08:28:41.748020200,0.006020200,0
'2026-08-22 08:28:41.748031600,0.006031600,1
'2026-08-22 08:28:41.748046400,0.006046400,0
'2026-08-22 08:28:41.748047500,0.006047500,1
'2026-08-22 08:28:41.748047600,0.006047600,0
'2026-08-22 08:28:41.748057700,0.006057700,1
'2026-08-22 08:28:41.748072400,0.006072400,0
'2026-08-22 08:28:41.748072800,0.006072800,1
'2026-08-22 08:28:41.748072900,0.006072900,0
'2026-08-22 08:28:41.748083800,0.006083800,1
'2026-08-22 08:28:41.748098700,0.006098700,0
'2026-08-22 08:28:41.748099200,0.006099200,1
'2026-08-22 08:28:41.748099300,0.006099300,0
'2026-08-22 08:28:41.748109900,0.006109900,1
'2026-08-22 08:28:41.748124800,0.006124800,0
'2026-08-22 08:28:41.748126500,0.006126500,1
'2026-08-22 08:28:41.748126600,0.006126600,0
'2026-08-22 08:28:41.748126800,0.006126800,1
'2026-08-22 08:28:41.748541800,0.006541800,0
'2026-08-22 08:28:41.748553100,0.006553100,1
'2026-08-22 08:28:41.748567800,0.006567800,0
'2026-08-22 08:28:41.748579200,0.006579200,1
'2026-08-22 08:28:41.748593900,0.006593900,0
'2026-08-22 08:28:41.748605300,0.006605300,1
'2026-08-22 08:28:41.748620100,0.006620100,0
'2026-08-22 08:28:41.748631400,0.006631400,1
'2026-08-22 08:28:41.748646000,0.006646000,0
'2026-08-22 08:28:41.748646200,0.006646200,1
'2026-08-22 08:28:41.748646400,0.006646400,0
'2026-08-22 08:28:41.748657500,0.006657500,1
'2026-08-22 08:28:41.748672300,0.006672300,0
'2026-08-22 08:28:41.748683500,0.006683500,1
'2026-08-22 08:28:41.748698400,0.006698400,0
'2026-08-22 08:28:41.748709600,0.006709600,1
'2026-08-22 08:28:41.748724200,0.006724200,0
'2026-08-22 08:28:41.748735700,0.006735700,1
'2026-08-22 08:28:41.748750500,0.006750500,0
'2026-08-22 08:28:41.748750800,0.006750800,1
'2026-08-22 08:28:41.748750900,0.006750900,0
'2026-08-22 08:28:41.748761800,0.006761800,1
'2026-08-22 08:28:41.748776600,0.006776600,0
'2026-08-22 08:28:41.748787900,0.006787900,1
'2026-08-22 08:28:41.748802900,0.006802900,0
'2026-08-22 08:28:41.748813900,0.006813900,1
'2026-08-22 08:28:41.748828800,0.006828800,0
'2026-08-22 08:28:41.748840000,0.006840000,1
'2026-08-22 08:28:41.748854900,0.006854900,0
'2026-08-22 08:28:41.748857100,0.006857100,1
'2026-08-22 08:28:41.748857200,0.006857200,0
'2026-08-22 08:28:41.748866100,0.006866100,1
'2026-08-22 08:28:41.748880800,0.006880800,0
'2026-08-22 08:28:41.748881000,0.006881000,1
'2026-08-22 08:28:41.748881100,0.006881100,0
'2026-08-22 08:28:41.748883900,0.006883900,1
'2026-08-22 08:28:41.748884000,0.006884000,0
'2026-08-22 08:28:41.748890300,0.006890300,1
'2026-08-22 08:28:41.748890400,0.006890400,0
'2026-08-22 08:28:41.748892200,0.006892200,1
'2026-08-22 08:28:41.748907000,0.006907000,0
'2026-08-22 08:28:41.748918300,0.006918300,1
'2026-08-22 08:28:41.748933200,0.006933200,0
'2026-08-22 08:28:41.748933500,0.006933500,1
'2026-08-22 08:28:41.748933600,0.006933600,0
'2026-08-22 08:28:41.748944400,0.006944400,1
'2026-08-22 08:28:41.750162600,0.008162600,0
'2026-08-22 08:28:41.750169800,0.008169800,1
'2026-08-22 08:28:41.750184500,0.008184500,0
'2026-08-22 08:28:41.750195900,0.008195900,1
'2026-08-22 08:28:41.750210600,0.008210600,0
'2026-08-22 08:28:41.750210700,0.008210700,1
'2026-08-22 08:28:41.750210800,0.008210800,0
'2026-08-22 08:28:41.750222000,0.008222000,1
'2026-08-22 08:28:41.750236600,0.008236600,0
'2026-08-22 08:28:41.750248100,0.008248100,1
'2026-08-22 08:28:41.750262800,0.008262800,0
'2026-08-22 08:28:41.750274100,0.008274100,1
'2026-08-22 08:28:41.750288800,0.008288800,0
'2026-08-22 08:28:41.750300200,0.008300200,1
'2026-08-22 08:28:41.750314900,0.008314900,0
'2026-08-22 08:28:41.750326300,0.008326300,1
'2026-08-22 08:28:41.750341200,0.008341200,0
'2026-08-22 08:28:41.750352400,0.008352400,1
'2026-08-22 08:28:41.750367100,0.008367100,0
'2026-08-22 08:28:41.750367300,0.008367300,1
'2026-08-22 08:28:41.750367400,0.008367400,0
'2026-08-22 08:28:41.750378500,0.008378500,1
'2026-08-22 08:28:41.750393200,0.008393200,0
'2026-08-22 08:28:41.750404600,0.008404600,1
'2026-08-22 08:28:41.750419100,0.008419100,0
'2026-08-22 08:28:41.750419200,0.008419200,1
'2026-08-22 08:28:41.750419300,0.008419300,0
'2026-08-22 08:28:41.750430700,0.008430700,1
'2026-08-22 08:28:41.750445400,0.008445400,0
'2026-08-22 08:28:41.750447500,0.008447500,1
'2026-08-22 08:28:41.750447600,0.008447600,0
'2026-08-22 08:28:41.750456700,0.008456700,1
'2026-08-22 08:28:41.750471400,0.008471400,0
'2026-08-22 08:28:41.750482800,0.008482800,1
'2026-08-22 08:28:41.750497600,0.008497600,0
'2026-08-22 08:28:41.750497700,0.008497700,1
'2026-08-22 08:28:41.750497800,0.008497800,0
'2026-08-22 08:28:41.750506500,0.008506500,1
'2026-08-22 08:28:41.750506600,0.008506600,0
'2026-08-22 08:28:41.750508900,0.008508900,1
'2026-08-22 08:28:41.750523600,0.008523600,0
'2026-08-22 08:28:41.750535000,0.008535000,1
'2026-08-22 08:28:41.750549700,0.008549700,0
'2026-08-22 08:28:41.750549900,0.008549900,1
'2026-08-22 08:28:41.750550000,0.008550000,0
'2026-08-22 08:28:41.750550500,0.008550500,1
'2026-08-22 08:28:41.750550600,0.008550600,0
'2026-08-22 08:28:41.750561100,0.008561100,1
'2026-08-22 08:28:41.750993000,0.008993000,0
'2026-08-22 08:28:41.751004300,0.009004300,1
'2026-08-22 08:28:41.751018900,0.009018900,0
'2026-08-22 08:28:41.751030400,0.009030400,1
'2026-08-22 08:28:41.751045000,0.009045000,0
'2026-08-22 08:28:41.751045100,0.009045100,1
'2026-08-22 08:28:41.751045200,0.009045200,0
'2026-08-22 08:28:41.751056500,0.009056500,1
'2026-08-22 08:28:41.751071300,0.009071300,0
'2026-08-22 08:28:41.751072900,0.009072900,1
'2026-08-22 08:28:41.751073000,0.009073000,0
'2026-08-22 08:28:41.751082600,0.009082600,1
'2026-08-22 08:28:41.751097200,0.009097200,0
'2026-08-22 08:28:41.751108600,0.009108600,1
'2026-08-22 08:28:41.751123300,0.009123300,0
'2026-08-22 08:28:41.751134700,0.009134700,1
'2026-08-22 08:28:41.751149500,0.009149500,0
'2026-08-22 08:28:41.751160800,0.009160800,1
'2026-08-22 08:28:41.751175400,0.009175400,0
'2026-08-22 08:28:41.751186900,0.009186900,1
'2026-08-22 08:28:41.751201600,0.009201600,0
'2026-08-22 08:28:41.751213000,0.009213000,1
'2026-08-22 08:28:41.751227600,0.009227600,0
'2026-08-22 08:28:41.751239100,0.009239100,1
'2026-08-22 08:28:41.751253700,0.009253700,0
'2026-08-22 08:28:41.751265200,0.009265200,1
'2026-08-22 08:28:41.751279800,0.009279800,0
'2026-08-22 08:28:41.751291200,0.009291200,1
'2026-08-22 08:28:41.751306000,0.009306000,0
'2026-08-22 08:28:41.751317300,0.009317300,1
'2026-08-22 08:28:41.751332100,0.009332100,0
'2026-08-22 08:28:41.751343400,0.009343400,1
'2026-08-22 08:28:41.751358200,0.009358200,0
'2026-08-22 08:28:41.751369500,0.009369500,1
'2026-08-22 08:28:41.751384400,0.009384400,0
'2026-08-22 08:28:41.751394800,0.009394800,1
'2026-08-22 08:28:41.752609500,0.010609500,0
'2026-08-22 08:28:41.752621000,0.010621000,1
'2026-08-22 08:28:41.752635800,0.010635800,0
'2026-08-22 08:28:41.752647100,0.010647100,1
'2026-08-22 08:28:41.752661600,0.010661600,0
'2026-08-22 08:28:41.752661700,0.010661700,1
'2026-08-22 08:28:41.752661800,0.010661800,0
'2026-08-22 08:28:41.752673200,0.010673200,1
'2026-08-22 08:28:41.752687800,0.010687800,0
'2026-08-22 08:28:41.752699300,0.010699300,1
'2026-08-22 08:28:41.752714000,0.010714000,0
'2026-08-22 08:28:41.752714100,0.010714100,1
'2026-08-22 08:28:41.752714200,0.010714200,0
'2026-08-22 08:28:41.752725300,0.010725300,1
'2026-08-22 08:28:41.752739900,0.010739900,0
'2026-08-22 08:28:41.752740100,0.010740100,1
'2026-08-22 08:28:41.752740200,0.010740200,0
'2026-08-22 08:28:41.752751400,0.010751400,1
'2026-08-22 08:28:41.752766000,0.010766000,0
'2026-08-22 08:28:41.752777500,0.010777500,1
'2026-08-22 08:28:41.752792300,0.010792300,0
'2026-08-22 08:28:41.752803600,0.010803600,1
'2026-08-22 08:28:41.752818400,0.010818400,0
'2026-08-22 08:28:41.752829700,0.010829700,1
'2026-08-22 08:28:41.752844700,0.010844700,0
'2026-08-22 08:28:41.752855800,0.010855800,1
'2026-08-22 08:28:41.752870400,0.010870400,0
'2026-08-22 08:28:41.752881800,0.010881800,1
'2026-08-22 08:28:41.752896400,0.010896400,0
'2026-08-22 08:28:41.752896500,0.010896500,1
'2026-08-22 08:28:41.752896700,0.010896700,0
'2026-08-22 08:28:41.752907900,0.010907900,1
'2026-08-22 08:28:41.752922600,0.010922600,0
'2026-08-22 08:28:41.752925800,0.010925800,1
'2026-08-22 08:28:41.752925900,0.010925900,0
'2026-08-22 08:28:41.752934000,0.010934000,1
'2026-08-22 08:28:41.752948700,0.010948700,0
'2026-08-22 08:28:41.752960100,0.010960100,1
'2026-08-22 08:28:41.752974600,0.010974600,0
'2026-08-22 08:28:41.752974700,0.010974700,1
'2026-08-22 08:28:41.752974900,0.010974900,0
'2026-08-22 08:28:41.752978600,0.010978600,1
'2026-08-22 08:28:41.752978700,0.010978700,0
'2026-08-22 08:28:41.752986200,0.010986200,1
'2026-08-22 08:28:41.753000800,0.011000800,0
'2026-08-22 08:28:41.753001100,0.011001100,1
'2026-08-22 08:28:41.753001200,0.011001200,0
'2026-08-22 08:28:41.753008100,0.011008100,1
'2026-08-22 08:28:41.753008200,0.011008200,0
'2026-08-22 08:28:41.753009200,0.011009200,1
'2026-08-22 08:28:41.753423400,0.011423400,0
'2026-08-22 08:28:41.753429400,0.011429400,1
'2026-08-22 08:28:41.753444000,0.011444000,0
'2026-08-22 08:28:41.753455500,0.011455500,1
'2026-08-22 08:28:41.753470200,0.011470200,0
'2026-08-22 08:28:41.753481600,0.011481600,1
'2026-08-22 08:28:41.753496300,0.011496300,0
'2026-08-22 08:28:41.753507700,0.011507700,1
'2026-08-22 08:28:41.753522200,0.011522200,0
'2026-08-22 08:28:41.753533700,0.011533700,1
'2026-08-22 08:28:41.753548400,0.011548400,0
'2026-08-22 08:28:41.753559800,0.011559800,1
'2026-08-22 08:28:41.753574600,0.011574600,0
'2026-08-22 08:28:41.753585900,0.011585900,1
'2026-08-22 08:28:41.753600600,0.011600600,0
'2026-08-22 08:28:41.753612000,0.011612000,1
'2026-08-22 08:28:41.753626800,0.011626800,0
'2026-08-22 08:28:41.753627100,0.011627100,1
'2026-08-22 08:28:41.753627200,0.011627200,0
'2026-08-22 08:28:41.753638100,0.011638100,1
'2026-08-22 08:28:41.753652900,0.011652900,0
'2026-08-22 08:28:41.753664200,0.011664200,1
'2026-08-22 08:28:41.753678800,0.011678800,0
'2026-08-22 08:28:41.753690300,0.011690300,1
'2026-08-22 08:28:41.753705200,0.011705200,0
'2026-08-22 08:28:41.753716300,0.011716300,1
'2026-08-22 08:28:41.753731000,0.011731000,0
'2026-08-22 08:28:41.753742400,0.011742400,1
'2026-08-22 08:28:41.753757100,0.011757100,0
'2026-08-22 08:28:41.753758500,0.011758500,1
'2026-08-22 08:28:41.753758600,0.011758600,0
'2026-08-22 08:28:41.753768500,0.011768500,1
'2026-08-22 08:28:41.753783100,0.011783100,0
'2026-08-22 08:28:41.753789100,0.011789100,1
'2026-08-22 08:28:41.753789200,0.011789200,0
'2026-08-22 08:28:41.753794600,0.011794600,1
'2026-08-22 08:28:41.753809500,0.011809500,0
'2026-08-22 08:28:41.753820700,0.011820700,1
'2026-08-22 08:28:41.754252400,0.012252400,0
'2026-08-22 08:28:41.754252500,0.012252500,1
'2026-08-22 08:28:41.754252600,0.012252600,0
'2026-08-22 08:28:41.754263900,0.012263900,1
'2026-08-22 08:28:41.754278500,0.012278500,0
'2026-08-22 08:28:41.754290000,0.012290000,1
'2026-08-22 08:28:41.754304600,0.012304600,0
'2026-08-22 08:28:41.754316100,0.012316100,1
'2026-08-22 08:28:41.754330900,0.012330900,0
'2026-08-22 08:28:41.754342200,0.012342200,1
'2026-08-22 08:28:41.754356800,0.012356800,0
'2026-08-22 08:28:41.754368300,0.012368300,1
'2026-08-22 08:28:41.754383000,0.012383000,0
'2026-08-22 08:28:41.754394300,0.012394300,1
'2026-08-22 08:28:41.754408800,0.012408800,0
'2026-08-22 08:28:41.754420400,0.012420400,1
'2026-08-22 08:28:41.754435200,0.012435200,0
'2026-08-22 08:28:41.754435300,0.012435300,1
'2026-08-22 08:28:41.754435400,0.012435400,0
'2026-08-22 08:28:41.754446500,0.012446500,1
'2026-08-22 08:28:41.754461100,0.012461100,0
'2026-08-22 08:28:41.754472600,0.012472600,1
'2026-08-22 08:28:41.754487400,0.012487400,0
'2026-08-22 08:28:41.754498700,0.012498700,1
'2026-08-22 08:28:41.754513400,0.012513400,0
'2026-08-22 08:28:41.754513500,0.012513500,1
'2026-08-22 08:28:41.754513700,0.012513700,0
'2026-08-22 08:28:41.754513900,0.012513900,1
'2026-08-22 08:28:41.754514000,0.012514000,0
'2026-08-22 08:28:41.754514100,0.012514100,1
'2026-08-22 08:28:41.754514200,0.012514200,0
'2026-08-22 08:28:41.754524800,0.012524800,1
'2026-08-22 08:28:41.754539200,0.012539200,0
'2026-08-22 08:28:41.754539300,0.012539300,1
'2026-08-22 08:28:41.754539400,0.012539400,0
'2026-08-22 08:28:41.754550800,0.012550800,1
'2026-08-22 08:28:41.754565700,0.012565700,0
'2026-08-22 08:28:41.754576900,0.012576900,1
'2026-08-22 08:28:41.754591600,0.012591600,0
'2026-08-22 08:28:41.754591900,0.012591900,1
'2026-08-22 08:28:41.754592000,0.012592000,0
'2026-08-22 08:28:41.754603000,0.012603000,1
'2026-08-22 08:28:41.754617700,0.012617700,0
'2026-08-22 08:28:41.754625700,0.012625700,1
'2026-08-22 08:28:41.754625800,0.012625800,0
'2026-08-22 08:28:41.754629100,0.012629100,1
'2026-08-22 08:28:41.754644000,0.012644000,0
'2026-08-22 08:28:41.754655200,0.012655200,1
'2026-08-22 08:28:41.755069800,0.013069800,0
'2026-08-22 08:28:41.755072300,0.013072300,1
'2026-08-22 08:28:41.755087300,0.013087300,0
'2026-08-22 08:28:41.755098400,0.013098400,1
'2026-08-22 08:28:41.755113000,0.013113000,0
'2026-08-22 08:28:41.755124500,0.013124500,1
'2026-08-22 08:28:41.755139300,0.013139300,0
'2026-08-22 08:28:41.755150600,0.013150600,1
'2026-08-22 08:28:41.755165200,0.013165200,0
'2026-08-22 08:28:41.755166100,0.013166100,1
'2026-08-22 08:28:41.755166200,0.013166200,0
'2026-08-22 08:28:41.755176700,0.013176700,1
'2026-08-22 08:28:41.755191300,0.013191300,0
'2026-08-22 08:28:41.755195100,0.013195100,1
'2026-08-22 08:28:41.755195200,0.013195200,0
'2026-08-22 08:28:41.755202700,0.013202700,1
'2026-08-22 08:28:41.755217600,0.013217600,0
'2026-08-22 08:28:41.755217700,0.013217700,1
'2026-08-22 08:28:41.755217800,0.013217800,0
'2026-08-22 08:28:41.755228800,0.013228800,1
'2026-08-22 08:28:41.755243500,0.013243500,0
'2026-08-22 08:28:41.755243700,0.013243700,1
'2026-08-22 08:28:41.755243800,0.013243800,0
'2026-08-22 08:28:41.755244800,0.013244800,1
'2026-08-22 08:28:41.755244900,0.013244900,0
'2026-08-22 08:28:41.755254900,0.013254900,1
'2026-08-22 08:28:41.755269600,0.013269600,0
'2026-08-22 08:28:41.755281000,0.013281000,1
'2026-08-22 08:28:41.755295800,0.013295800,0
'2026-08-22 08:28:41.755307100,0.013307100,1
'2026-08-22 08:28:41.755321600,0.013321600,0
'2026-08-22 08:28:41.755321700,0.013321700,1
'2026-08-22 08:28:41.755321800,0.013321800,0
'2026-08-22 08:28:41.755321900,0.013321900,1
'2026-08-22 08:28:41.755322000,0.013322000,0
'2026-08-22 08:28:41.755333200,0.013333200,1
'2026-08-22 08:28:41.755348000,0.013348000,0
'2026-08-22 08:28:41.755348200,0.013348200,1
'2026-08-22 08:28:41.755348300,0.013348300,0
'2026-08-22 08:28:41.755359200,0.013359200,1
'2026-08-22 08:28:41.755373800,0.013373800,0
'2026-08-22 08:28:41.755373900,0.013373900,1
'2026-08-22 08:28:41.755374000,0.013374000,0
'2026-08-22 08:28:41.755385300,0.013385300,1
'2026-08-22 08:28:41.755400000,0.013400000,0
'2026-08-22 08:28:41.755400100,0.013400100,1
'2026-08-22 08:28:41.755400200,0.013400200,0
'2026-08-22 08:28:41.755411400,0.013411400,1
'2026-08-22 08:28:41.755426200,0.013426200,0
'2026-08-22 08:28:41.755426300,0.013426300,1
'2026-08-22 08:28:41.755426500,0.013426500,0
'2026-08-22 08:28:41.755427000,0.013427000,1
'2026-08-22 08:28:41.755427100,0.013427100,0
'2026-08-22 08:28:41.755437500,0.013437500,1
'2026-08-22 08:28:41.755452200,0.013452200,0
'2026-08-22 08:28:41.755463600,0.013463600,1
'2026-08-22 08:28:41.755478700,0.013478700,0
'2026-08-22 08:28:41.755478900,0.013478900,1
'2026-08-22 08:28:41.756703700,0.014703700,0
'2026-08-22 08:28:41.756715200,0.014715200,1
'2026-08-22 08:28:41.756729800,0.014729800,0
'2026-08-22 08:28:41.756729900,0.014729900,1
'2026-08-22 08:28:41.756730000,0.014730000,0
'2026-08-22 08:28:41.756738100,0.014738100,1
'2026-08-22 08:28:41.756738900,0.014738900,0
'2026-08-22 08:28:41.756740700,0.014740700,1
'2026-08-22 08:28:41.756741100,0.014741100,0
'2026-08-22 08:28:41.756741200,0.014741200,1
'2026-08-22 08:28:41.756755800,0.014755800,0
'2026-08-22 08:28:41.756767300,0.014767300,1
'2026-08-22 08:28:41.756782000,0.014782000,0
'2026-08-22 08:28:41.756782400,0.014782400,1
'2026-08-22 08:28:41.756782500,0.014782500,0
'2026-08-22 08:28:41.756793400,0.014793400,1
'2026-08-22 08:28:41.756808200,0.014808200,0
'2026-08-22 08:28:41.756819500,0.014819500,1
'2026-08-22 08:28:41.756834100,0.014834100,0
'2026-08-22 08:28:41.756845600,0.014845600,1
'2026-08-22 08:28:41.756860300,0.014860300,0
'2026-08-22 08:28:41.756871700,0.014871700,1
'2026-08-22 08:28:41.756886400,0.014886400,0
'2026-08-22 08:28:41.756897800,0.014897800,1
'2026-08-22 08:28:41.756912400,0.014912400,0
'2026-08-22 08:28:41.756923800,0.014923800,1
'2026-08-22 08:28:41.756938500,0.014938500,0
'2026-08-22 08:28:41.756943500,0.014943500,1
'2026-08-22 08:28:41.756943600,0.014943600,0
'2026-08-22 08:28:41.756949900,0.014949900,1
'2026-08-22 08:28:41.756964800,0.014964800,0
'2026-08-22 08:28:41.756976000,0.014976000,1
'2026-08-22 08:28:41.756990600,0.014990600,0
'2026-08-22 08:28:41.756996300,0.014996300,1
'2026-08-22 08:28:41.756996400,0.014996400,0
'2026-08-22 08:28:41.757002100,0.015002100,1
'2026-08-22 08:28:41.757016700,0.015016700,0
'2026-08-22 08:28:41.757028200,0.015028200,1
'2026-08-22 08:28:41.757042800,0.015042800,0
'2026-08-22 08:28:41.757042900,0.015042900,1
'2026-08-22 08:28:41.757043000,0.015043000,0
'2026-08-22 08:28:41.757054300,0.015054300,1
'2026-08-22 08:28:41.757069000,0.015069000,0
'2026-08-22 08:28:41.757080300,0.015080300,1
'2026-08-22 08:28:41.758320200,0.016320200,0
'2026-08-22 08:28:41.758320300,0.016320300,1
'2026-08-22 08:28:41.758320400,0.016320400,0
'2026-08-22 08:28:41.758331900,0.016331900,1
'2026-08-22 08:28:41.758346600,0.016346600,0
'2026-08-22 08:28:41.758358000,0.016358000,1
'2026-08-22 08:28:41.758372600,0.016372600,0
'2026-08-22 08:28:41.758372700,0.016372700,1
'2026-08-22 08:28:41.758372800,0.016372800,0
'2026-08-22 08:28:41.758384100,0.016384100,1
'2026-08-22 08:28:41.758398600,0.016398600,0
'2026-08-22 08:28:41.758410200,0.016410200,1
'2026-08-22 08:28:41.758424900,0.016424900,0
'2026-08-22 08:28:41.758436300,0.016436300,1
'2026-08-22 08:28:41.758450900,0.016450900,0
'2026-08-22 08:28:41.758462300,0.016462300,1
'2026-08-22 08:28:41.758476800,0.016476800,0
'2026-08-22 08:28:41.758488400,0.016488400,1
'2026-08-22 08:28:41.758503200,0.016503200,0
'2026-08-22 08:28:41.758504100,0.016504100,1
'2026-08-22 08:28:41.758504200,0.016504200,0
'2026-08-22 08:28:41.758504700,0.016504700,1
'2026-08-22 08:28:41.758504800,0.016504800,0
'2026-08-22 08:28:41.758514500,0.016514500,1
'2026-08-22 08:28:41.758529000,0.016529000,0
'2026-08-22 08:28:41.758540600,0.016540600,1
'2026-08-22 08:28:41.758555600,0.016555600,0
'2026-08-22 08:28:41.758566700,0.016566700,1
'2026-08-22 08:28:41.758581300,0.016581300,0
'2026-08-22 08:28:41.758581400,0.016581400,1
'2026-08-22 08:28:41.758581500,0.016581500,0
'2026-08-22 08:28:41.758592800,0.016592800,1
'2026-08-22 08:28:41.758607600,0.016607600,0
'2026-08-22 08:28:41.758618900,0.016618900,1
'2026-08-22 08:28:41.758633400,0.016633400,0
'2026-08-22 08:28:41.758644900,0.016644900,1
'2026-08-22 08:28:41.758659600,0.016659600,0
'2026-08-22 08:28:41.758671000,0.016671000,1
'2026-08-22 08:28:41.758685900,0.016685900,0
'2026-08-22 08:28:41.758697100,0.016697100,1
'2026-08-22 08:28:41.758711700,0.016711700,0
'2026-08-22 08:28:41.758712000,0.016712000,1
'2026-08-22 08:28:41.758712100,0.016712100,0
'2026-08-22 08:28:41.758715100,0.016715100,1
'2026-08-22 08:28:41.759129500,0.017129500,0
'2026-08-22 08:28:41.759140400,0.017140400,1
'2026-08-22 08:28:41.759154900,0.017154900,0
'2026-08-22 08:28:41.759166500,0.017166500,1
'2026-08-22 08:28:41.759181400,0.017181400,0
'2026-08-22 08:28:41.759192600,0.017192600,1
'2026-08-22 08:28:41.759207100,0.017207100,0
'2026-08-22 08:28:41.759218600,0.017218600,1
'2026-08-22 08:28:41.759233300,0.017233300,0
'2026-08-22 08:28:41.759244700,0.017244700,1
'2026-08-22 08:28:41.759259400,0.017259400,0
'2026-08-22 08:28:41.759270800,0.017270800,1
'2026-08-22 08:28:41.759285300,0.017285300,0
'2026-08-22 08:28:41.759296900,0.017296900,1
'2026-08-22 08:28:41.759311700,0.017311700,0
'2026-08-22 08:28:41.759323000,0.017323000,1
'2026-08-22 08:28:41.759337800,0.017337800,0
'2026-08-22 08:28:41.759349100,0.017349100,1
'2026-08-22 08:28:41.759363700,0.017363700,0
'2026-08-22 08:28:41.759375100,0.017375100,1
'2026-08-22 08:28:41.759389900,0.017389900,0
'2026-08-22 08:28:41.759401200,0.017401200,1
'2026-08-22 08:28:41.759415800,0.017415800,0
'2026-08-22 08:28:41.759427300,0.017427300,1
'2026-08-22 08:28:41.759442100,0.017442100,0
'2026-08-22 08:28:41.759442200,0.017442200,1
'2026-08-22 08:28:41.759442300,0.017442300,0
'2026-08-22 08:28:41.759442400,0.017442400,1
'2026-08-22 08:28:41.759442500,0.017442500,0
'2026-08-22 08:28:41.759453400,0.017453400,1
'2026-08-22 08:28:41.759468200,0.017468200,0
'2026-08-22 08:28:41.759469000,0.017469000,1
'2026-08-22 08:28:41.759469100,0.017469100,0
'2026-08-22 08:28:41.759471200,0.017471200,1
'2026-08-22 08:28:41.759471300,0.017471300,0
'2026-08-22 08:28:41.759479500,0.017479500,1
'2026-08-22 08:28:41.759494300,0.017494300,0
'2026-08-22 08:28:41.759505600,0.017505600,1
'2026-08-22 08:28:41.759520300,0.017520300,0
'2026-08-22 08:28:41.759520400,0.017520400,1
'2026-08-22 08:28:41.759520500,0.017520500,0
'2026-08-22 08:28:41.759531600,0.017531600,1
'2026-08-22 08:28:41.759963400,0.017963400,0
'2026-08-22 08:28:41.759963700,0.017963700,1
'2026-08-22 08:28:41.759963800,0.017963800,0
'2026-08-22 08:28:41.759966100,0.017966100,1
'2026-08-22 08:28:41.759966200,0.017966200,0
'2026-08-22 08:28:41.759974900,0.017974900,1
'2026-08-22 08:28:41.759989700,0.017989700,0
'2026-08-22 08:28:41.760001000,0.018001000,1
'2026-08-22 08:28:41.760015800,0.018015800,0
'2026-08-22 08:28:41.760027100,0.018027100,1
'2026-08-22 08:28:41.760041800,0.018041800,0
'2026-08-22 08:28:41.760053200,0.018053200,1
'2026-08-22 08:28:41.760067900,0.018067900,0
'2026-08-22 08:28:41.760079300,0.018079300,1
'2026-08-22 08:28:41.760094200,0.018094200,0
'2026-08-22 08:28:41.760105400,0.018105400,1
'2026-08-22 08:28:41.760119900,0.018119900,0
'2026-08-22 08:28:41.760131400,0.018131400,1
'2026-08-22 08:28:41.760146200,0.018146200,0
'2026-08-22 08:28:41.760146500,0.018146500,1
'2026-08-22 08:28:41.760146600,0.018146600,0
'2026-08-22 08:28:41.760157500,0.018157500,1
'2026-08-22 08:28:41.760172200,0.018172200,0
'2026-08-22 08:28:41.760183600,0.018183600,1
'2026-08-22 08:28:41.760198300,0.018198300,0
'2026-08-22 08:28:41.760209700,0.018209700,1
'2026-08-22 08:28:41.760224500,0.018224500,0
'2026-08-22 08:28:41.760224800,0.018224800,1
'2026-08-22 08:28:41.760224900,0.018224900,0
'2026-08-22 08:28:41.760235800,0.018235800,1
'2026-08-22 08:28:41.760250300,0.018250300,0
'2026-08-22 08:28:41.760261900,0.018261900,1
'2026-08-22 08:28:41.760276600,0.018276600,0
'2026-08-22 08:28:41.760276700,0.018276700,1
'2026-08-22 08:28:41.760276900,0.018276900,0
'2026-08-22 08:28:41.760286100,0.018286100,1
'2026-08-22 08:28:41.760286200,0.018286200,0
'2026-08-22 08:28:41.760288000,0.018288000,1
'2026-08-22 08:28:41.760302700,0.018302700,0
'2026-08-22 08:28:41.760306500,0.018306500,1
'2026-08-22 08:28:41.760306600,0.018306600,0
'2026-08-22 08:28:41.760314000,0.018314000,1
'2026-08-22 08:28:41.760328900,0.018328900,0
'2026-08-22 08:28:41.760340100,0.018340100,1
'2026-08-22 08:28:41.760354800,0.018354800,0
'2026-08-22 08:28:41.760355600,0.018355600,1
'2026-08-22 08:28:41.760355700,0.018355700,0
'2026-08-22 08:28:41.760362000,0.018362000,1
'2026-08-22 08:28:41.760775800,0.018775800,0
'2026-08-22 08:28:41.760783400,0.018783400,1
'2026-08-22 08:28:41.760798000,0.018798000,0
'2026-08-22 08:28:41.760809500,0.018809500,1
'2026-08-22 08:28:41.760824200,0.018824200,0
'2026-08-22 08:28:41.760835600,0.018835600,1
'2026-08-22 08:28:41.760850200,0.018850200,0
'2026-08-22 08:28:41.760861700,0.018861700,1
'2026-08-22 08:28:41.760876300,0.018876300,0
'2026-08-22 08:28:41.760887700,0.018887700,1
'2026-08-22 08:28:41.760902300,0.018902300,0
'2026-08-22 08:28:41.760902400,0.018902400,1
'2026-08-22 08:28:41.760902500,0.018902500,0
'2026-08-22 08:28:41.760913800,0.018913800,1
'2026-08-22 08:28:41.760928800,0.018928800,0
'2026-08-22 08:28:41.760939900,0.018939900,1
'2026-08-22 08:28:41.760954600,0.018954600,0
'2026-08-22 08:28:41.760966000,0.018966000,1
'2026-08-22 08:28:41.760981300,0.018981300,0
'2026-08-22 08:28:41.760992100,0.018992100,1
'2026-08-22 08:28:41.761006700,0.019006700,0
'2026-08-22 08:28:41.761008400,0.019008400,1
'2026-08-22 08:28:41.761008600,0.019008600,0
'2026-08-22 08:28:41.761018200,0.019018200,1
'2026-08-22 08:28:41.761032800,0.019032800,0
'2026-08-22 08:28:41.761044200,0.019044200,1
'2026-08-22 08:28:41.761059100,0.019059100,0
'2026-08-22 08:28:41.761059500,0.019059500,1
'2026-08-22 08:28:41.761059600,0.019059600,0
'2026-08-22 08:28:41.761068800,0.019068800,1
'2026-08-22 08:28:41.761068900,0.019068900,0
'2026-08-22 08:28:41.761070300,0.019070300,1
'2026-08-22 08:28:41.761084900,0.019084900,0
'2026-08-22 08:28:41.761096400,0.019096400,1
'2026-08-22 08:28:41.761111200,0.019111200,0
'2026-08-22 08:28:41.761111400,0.019111400,1
'2026-08-22 08:28:41.761111500,0.019111500,0
'2026-08-22 08:28:41.761122500,0.019122500,1
'2026-08-22 08:28:41.761137200,0.019137200,0
'2026-08-22 08:28:41.761142800,0.019142800,1
'2026-08-22 08:28:41.761142900,0.019142900,0
'2026-08-22 08:28:41.761148600,0.019148600,1
'2026-08-22 08:28:41.761163200,0.019163200,0
'2026-08-22 08:28:41.761163600,0.019163600,1
'2026-08-22 08:28:41.761163700,0.019163700,0
'2026-08-22 08:28:41.761174700,0.019174700,1
'2026-08-22 08:28:41.762397600,0.020397600,0
'2026-08-22 08:28:41.762398500,0.020398500,1
'2026-08-22 08:28:41.762398600,0.020398600,0
'2026-08-22 08:28:41.762400200,0.020400200,1
'2026-08-22 08:28:41.762414800,0.020414800,0
'2026-08-22 08:28:41.762426200,0.020426200,1
'2026-08-22 08:28:41.762440800,0.020440800,0
'2026-08-22 08:28:41.762452300,0.020452300,1
'2026-08-22 08:28:41.762467200,0.020467200,0
'2026-08-22 08:28:41.762467300,0.020467300,1
'2026-08-22 08:28:41.762467400,0.020467400,0
'2026-08-22 08:28:41.762467500,0.020467500,1
'2026-08-22 08:28:41.762467600,0.020467600,0
'2026-08-22 08:28:41.762478400,0.020478400,1
'2026-08-22 08:28:41.762493000,0.020493000,0
'2026-08-22 08:28:41.762504500,0.020504500,1
'2026-08-22 08:28:41.762519300,0.020519300,0
'2026-08-22 08:28:41.762528500,0.020528500,1
'2026-08-22 08:28:41.762528600,0.020528600,0
'2026-08-22 08:28:41.762530600,0.020530600,1
'2026-08-22 08:28:41.762545300,0.020545300,0
'2026-08-22 08:28:41.762556700,0.020556700,1
'2026-08-22 08:28:41.762571300,0.020571300,0
'2026-08-22 08:28:41.762582700,0.020582700,1
'2026-08-22 08:28:41.762597400,0.020597400,0
'2026-08-22 08:28:41.762608800,0.020608800,1
'2026-08-22 08:28:41.762623600,0.020623600,0
'2026-08-22 08:28:41.762634900,0.020634900,1
'2026-08-22 08:28:41.762649900,0.020649900,0
'2026-08-22 08:28:41.762661000,0.020661000,1
'2026-08-22 08:28:41.762675600,0.020675600,0
'2026-08-22 08:28:41.762687100,0.020687100,1
'2026-08-22 08:28:41.762701900,0.020701900,0
'2026-08-22 08:28:41.762703500,0.020703500,1
'2026-08-22 08:28:41.762703600,0.020703600,0
'2026-08-22 08:28:41.762713200,0.020713200,1
'2026-08-22 08:28:41.762727800,0.020727800,0
'2026-08-22 08:28:41.762739200,0.020739200,1
'2026-08-22 08:28:41.762754000,0.020754000,0
'2026-08-22 08:28:41.762765300,0.020765300,1
'2026-08-22 08:28:41.762780200,0.020780200,0
'2026-08-22 08:28:41.762780300,0.020780300,1
'2026-08-22 08:28:41.762780400,0.020780400,0
'2026-08-22 08:28:41.762780500,0.020780500,1
'2026-08-22 08:28:41.762780600,0.020780600,0
'2026-08-22 08:28:41.762780700,0.020780700,1
'2026-08-22 08:28:41.762780800,0.020780800,0
'2026-08-22 08:28:41.762791400,0.020791400,1
'2026-08-22 08:28:41.764012000,0.022012000,0
'2026-08-22 08:28:41.764016900,0.022016900,1
'2026-08-22 08:28:41.764031300,0.022031300,0
'2026-08-22 08:28:41.764043000,0.022043000,1
'2026-08-22 08:28:41.764057600,0.022057600,0
'2026-08-22 08:28:41.764069000,0.022069000,1
'2026-08-22 08:28:41.764083700,0.022083700,0
'2026-08-22 08:28:41.764095100,0.022095100,1
'2026-08-22 08:28:41.764109800,0.022109800,0
'2026-08-22 08:28:41.764121200,0.022121200,1
'2026-08-22 08:28:41.764136100,0.022136100,0
'2026-08-22 08:28:41.764147300,0.022147300,1
'2026-08-22 08:28:41.764161800,0.022161800,0
'2026-08-22 08:28:41.764173400,0.022173400,1
'2026-08-22 08:28:41.764188300,0.022188300,0
'2026-08-22 08:28:41.764199500,0.022199500,1
'2026-08-22 08:28:41.764214400,0.022214400,0
'2026-08-22 08:28:41.764225600,0.022225600,1
'2026-08-22 08:28:41.764240200,0.022240200,0
'2026-08-22 08:28:41.764240800,0.022240800,1
'2026-08-22 08:28:41.764240900,0.022240900,0
'2026-08-22 08:28:41.764251600,0.022251600,1
'2026-08-22 08:28:41.764266600,0.022266600,0
'2026-08-22 08:28:41.764277700,0.022277700,1
'2026-08-22 08:28:41.764292300,0.022292300,0
'2026-08-22 08:28:41.764292500,0.022292500,1
'2026-08-22 08:28:41.764292600,0.022292600,0
'2026-08-22 08:28:41.764303800,0.022303800,1
'2026-08-22 08:28:41.764318700,0.022318700,0
'2026-08-22 08:28:41.764329900,0.022329900,1
'2026-08-22 08:28:41.764345000,0.022345000,0
'2026-08-22 08:28:41.764345100,0.022345100,1
'2026-08-22 08:28:41.764345200,0.022345200,0
'2026-08-22 08:28:41.764356000,0.022356000,1
'2026-08-22 08:28:41.764370500,0.022370500,0
'2026-08-22 08:28:41.764382100,0.022382100,1
'2026-08-22 08:28:41.764396800,0.022396800,0
'2026-08-22 08:28:41.764397100,0.022397100,1
'2026-08-22 08:28:41.764397200,0.022397200,0
'2026-08-22 08:28:41.764408100,0.022408100,1
'2026-08-22 08:28:41.764840000,0.022840000,0
'2026-08-22 08:28:41.764840100,0.022840100,1
'2026-08-22 08:28:41.764840300,0.022840300,0
'2026-08-22 08:28:41.764851400,0.022851400,1
'2026-08-22 08:28:41.764866000,0.022866000,0
'2026-08-22 08:28:41.764877500,0.022877500,1
'2026-08-22 08:28:41.764892100,0.022892100,0
'2026-08-22 08:28:41.764892200,0.022892200,1
'2026-08-22 08:28:41.764892300,0.022892300,0
'2026-08-22 08:28:41.764903500,0.022903500,1
'2026-08-22 08:28:41.764918500,0.022918500,0
'2026-08-22 08:28:41.764929600,0.022929600,1
'2026-08-22 08:28:41.764944300,0.022944300,0
'2026-08-22 08:28:41.764955700,0.022955700,1
'2026-08-22 08:28:41.764970500,0.022970500,0
'2026-08-22 08:28:41.764971000,0.022971000,1
'2026-08-22 08:28:41.764971100,0.022971100,0
'2026-08-22 08:28:41.764981800,0.022981800,1
'2026-08-22 08:28:41.764996400,0.022996400,0
'2026-08-22 08:28:41.765007900,0.023007900,1
'2026-08-22 08:28:41.765022500,0.023022500,0
'2026-08-22 08:28:41.765022600,0.023022600,1
'2026-08-22 08:28:41.765022700,0.023022700,0
'2026-08-22 08:28:41.765034000,0.023034000,1
'2026-08-22 08:28:41.765048800,0.023048800,0
'2026-08-22 08:28:41.765060000,0.023060000,1
'2026-08-22 08:28:41.765074700,0.023074700,0
'2026-08-22 08:28:41.765086100,0.023086100,1
'2026-08-22 08:28:41.765101000,0.023101000,0
'2026-08-22 08:28:41.765112200,0.023112200,1
'2026-08-22 08:28:41.765126700,0.023126700,0
'2026-08-22 08:28:41.765126900,0.023126900,1
'2026-08-22 08:28:41.765127000,0.023127000,0
'2026-08-22 08:28:41.765134500,0.023134500,1
'2026-08-22 08:28:41.765134600,0.023134600,0
'2026-08-22 08:28:41.765138300,0.023138300,1
'2026-08-22 08:28:41.765152900,0.023152900,0
'2026-08-22 08:28:41.765164400,0.023164400,1
'2026-08-22 08:28:41.765179100,0.023179100,0
'2026-08-22 08:28:41.765179300,0.023179300,1
'2026-08-22 08:28:41.765179400,0.023179400,0
'2026-08-22 08:28:41.765190500,0.023190500,1
'2026-08-22 08:28:41.765205300,0.023205300,0
'2026-08-22 08:28:41.765216500,0.023216500,1
'2026-08-22 08:28:41.765231600,0.023231600,0
'2026-08-22 08:28:41.765232100,0.023232100,1
'2026-08-22 08:28:41.765232200,0.023232200,0
'2026-08-22 08:28:41.765242600,0.023242600,1
'2026-08-22 08:28:41.765658600,0.023658600,0
'2026-08-22 08:28:41.765659800,0.023659800,1
'2026-08-22 08:28:41.765674800,0.023674800,0
'2026-08-22 08:28:41.765685900,0.023685900,1
'2026-08-22 08:28:41.765700500,0.023700500,0
'2026-08-22 08:28:41.765711900,0.023711900,1
'2026-08-22 08:28:41.765726900,0.023726900,0
'2026-08-22 08:28:41.765738100,0.023738100,1
'2026-08-22 08:28:41.765752600,0.023752600,0
'2026-08-22 08:28:41.765764100,0.023764100,1
'2026-08-22 08:28:41.765778800,0.023778800,0
'2026-08-22 08:28:41.765790200,0.023790200,1
'2026-08-22 08:28:41.765805000,0.023805000,0
'2026-08-22 08:28:41.765816300,0.023816300,1
'2026-08-22 08:28:41.765830900,0.023830900,0
'2026-08-22 08:28:41.765831100,0.023831100,1
'2026-08-22 08:28:41.765831200,0.023831200,0
'2026-08-22 08:28:41.765842400,0.023842400,1
'2026-08-22 08:28:41.765857100,0.023857100,0
'2026-08-22 08:28:41.765868500,0.023868500,1
'2026-08-22 08:28:41.765883300,0.023883300,0
'2026-08-22 08:28:41.765894500,0.023894500,1
'2026-08-22 08:28:41.765909200,0.023909200,0
'2026-08-22 08:28:41.765909400,0.023909400,1
'2026-08-22 08:28:41.765909500,0.023909500,0
'2026-08-22 08:28:41.765920600,0.023920600,1
'2026-08-22 08:28:41.765935400,0.023935400,0
'2026-08-22 08:28:41.765935700,0.023935700,1
'2026-08-22 08:28:41.765935800,0.023935800,0
'2026-08-22 08:28:41.765946700,0.023946700,1
'2026-08-22 08:28:41.765961500,0.023961500,0
'2026-08-22 08:28:41.765972800,0.023972800,1
'2026-08-22 08:28:41.765987500,0.023987500,0
'2026-08-22 08:28:41.765987700,0.023987700,1
'2026-08-22 08:28:41.765987800,0.023987800,0
'2026-08-22 08:28:41.765998600,0.023998600,1
'2026-08-22 08:28:41.765998700,0.023998700,0
'2026-08-22 08:28:41.765998900,0.023998900,1
'2026-08-22 08:28:41.766013600,0.024013600,0
'2026-08-22 08:28:41.766024900,0.024024900,1
'2026-08-22 08:28:41.766039800,0.024039800,0
'2026-08-22 08:28:41.766051000,0.024051000,1
'2026-08-22 08:28:41.766065700,0.024065700,0
'2026-08-22 08:28:41.766067700,0.024067700,1
'2026-08-22 08:28:41.766067800,0.024067800,0
'2026-08-22 08:28:41.766067900,0.024067900,1
'2026-08-22 08:28:41.766482900,0.024482900,0
'2026-08-22 08:28:41.766494300,0.024494300,1
'2026-08-22 08:28:41.766508900,0.024508900,0
'2026-08-22 08:28:41.766509100,0.024509100,1
'2026-08-22 08:28:41.766509200,0.024509200,0
'2026-08-22 08:28:41.766520400,0.024520400,1
'2026-08-22 08:28:41.766535000,0.024535000,0
'2026-08-22 08:28:41.766546500,0.024546500,1
'2026-08-22 08:28:41.766561200,0.024561200,0
'2026-08-22 08:28:41.766572500,0.024572500,1
'2026-08-22 08:28:41.766587400,0.024587400,0
'2026-08-22 08:28:41.766598600,0.024598600,1
'2026-08-22 08:28:41.766613200,0.024613200,0
'2026-08-22 08:28:41.766624700,0.024624700,1
'2026-08-22 08:28:41.766639400,0.024639400,0
'2026-08-22 08:28:41.766639800,0.024639800,1
'2026-08-22 08:28:41.766639900,0.024639900,0
'2026-08-22 08:28:41.766650800,0.024650800,1
'2026-08-22 08:28:41.766665600,0.024665600,0
'2026-08-22 08:28:41.766676900,0.024676900,1
'2026-08-22 08:28:41.766691800,0.024691800,0
'2026-08-22 08:28:41.766702900,0.024702900,1
'2026-08-22 08:28:41.766717700,0.024717700,0
'2026-08-22 08:28:41.766729000,0.024729000,1
'2026-08-22 08:28:41.766743900,0.024743900,0
'2026-08-22 08:28:41.766755100,0.024755100,1
'2026-08-22 08:28:41.766769800,0.024769800,0
'2026-08-22 08:28:41.766781200,0.024781200,1
'2026-08-22 08:28:41.766796200,0.024796200,0
'2026-08-22 08:28:41.766796300,0.024796300,1
'2026-08-22 08:28:41.766796500,0.024796500,0
'2026-08-22 08:28:41.766807300,0.024807300,1
'2026-08-22 08:28:41.766822200,0.024822200,0
'2026-08-22 08:28:41.766823000,0.024823000,1
'2026-08-22 08:28:41.766823100,0.024823100,0
'2026-08-22 08:28:41.766833400,0.024833400,1
'2026-08-22 08:28:41.766848000,0.024848000,0
'2026-08-22 08:28:41.766859400,0.024859400,1
'2026-08-22 08:28:41.766874200,0.024874200,0
'2026-08-22 08:28:41.766885500,0.024885500,1
'2026-08-22 08:28:41.767317400,0.025317400,0
'2026-08-22 08:28:41.767328800,0.025328800,1
'2026-08-22 08:28:41.767343600,0.025343600,0
'2026-08-22 08:28:41.767354900,0.025354900,1
'2026-08-22 08:28:41.767369600,0.025369600,0
'2026-08-22 08:28:41.767380900,0.025380900,1
'2026-08-22 08:28:41.767395600,0.025395600,0
'2026-08-22 08:28:41.767407000,0.025407000,1
'2026-08-22 08:28:41.767421900,0.025421900,0
'2026-08-22 08:28:41.767433100,0.025433100,1
'2026-08-22 08:28:41.767447700,0.025447700,0
'2026-08-22 08:28:41.767459200,0.025459200,1
'2026-08-22 08:28:41.767474400,0.025474400,0
'2026-08-22 08:28:41.767485300,0.025485300,1
'2026-08-22 08:28:41.767500100,0.025500100,0
'2026-08-22 08:28:41.767511400,0.025511400,1
'2026-08-22 08:28:41.767526300,0.025526300,0
'2026-08-22 08:28:41.767537400,0.025537400,1
'2026-08-22 08:28:41.767552100,0.025552100,0
'2026-08-22 08:28:41.767552500,0.025552500,1
'2026-08-22 08:28:41.767552600,0.025552600,0
'2026-08-22 08:28:41.767553600,0.025553600,1
'2026-08-22 08:28:41.767553700,0.025553700,0
'2026-08-22 08:28:41.767554800,0.025554800,1
'2026-08-22 08:28:41.767554900,0.025554900,0
'2026-08-22 08:28:41.767563500,0.025563500,1
'2026-08-22 08:28:41.767578100,0.025578100,0
'2026-08-22 08:28:41.767578200,0.025578200,1
'2026-08-22 08:28:41.767578300,0.025578300,0
'2026-08-22 08:28:41.767589600,0.025589600,1
'2026-08-22 08:28:41.767604600,0.025604600,0
'2026-08-22 08:28:41.767605600,0.025605600,1
'2026-08-22 08:28:41.767605700,0.025605700,0
'2026-08-22 08:28:41.767615700,0.025615700,1
'2026-08-22 08:28:41.767630500,0.025630500,0
'2026-08-22 08:28:41.767630700,0.025630700,1
'2026-08-22 08:28:41.767630800,0.025630800,0
'2026-08-22 08:28:41.767641300,0.025641300,1
'2026-08-22 08:28:41.767641400,0.025641400,0
'2026-08-22 08:28:41.767641800,0.025641800,1
'2026-08-22 08:28:41.767656500,0.025656500,0
'2026-08-22 08:28:41.767667800,0.025667800,1
'2026-08-22 08:28:41.767682600,0.025682600,0
'2026-08-22 08:28:41.767682700,0.025682700,1
'2026-08-22 08:28:41.767682800,0.025682800,0
'2026-08-22 08:28:41.767693900,0.025693900,1
'2026-08-22 08:28:41.767708500,0.025708500,0
'2026-08-22 08:28:41.767714700,0.025714700,1
'2026-08-22 08:28:41.768129000,0.026129000,0
'2026-08-22 08:28:41.768137200,0.026137200,1
'2026-08-22 08:28:41.768151700,0.026151700,0
'2026-08-22 08:28:41.768163200,0.026163200,1
'2026-08-22 08:28:41.768178200,0.026178200,0
'2026-08-22 08:28:41.768178300,0.026178300,1
'2026-08-22 08:28:41.768178400,0.026178400,0
'2026-08-22 08:28:41.768178500,0.026178500,1
'2026-08-22 08:28:41.768178600,0.026178600,0
'2026-08-22 08:28:41.768189300,0.026189300,1
'2026-08-22 08:28:41.768203900,0.026203900,0
'2026-08-22 08:28:41.768215400,0.026215400,1
'2026-08-22 08:28:41.768230300,0.026230300,0
'2026-08-22 08:28:41.768241500,0.026241500,1
'2026-08-22 08:28:41.768256200,0.026256200,0
'2026-08-22 08:28:41.768267600,0.026267600,1
'2026-08-22 08:28:41.768282600,0.026282600,0
'2026-08-22 08:28:41.768293700,0.026293700,1
'2026-08-22 08:28:41.768308400,0.026308400,0
'2026-08-22 08:28:41.768308700,0.026308700,1
'2026-08-22 08:28:41.768308800,0.026308800,0
'2026-08-22 08:28:41.768310900,0.026310900,1
'2026-08-22 08:28:41.768311000,0.026311000,0
'2026-08-22 08:28:41.768319800,0.026319800,1
'2026-08-22 08:28:41.768334500,0.026334500,0
'2026-08-22 08:28:41.768345800,0.026345800,1
'2026-08-22 08:28:41.768360600,0.026360600,0
'2026-08-22 08:28:41.768360700,0.026360700,1
'2026-08-22 08:28:41.768360800,0.026360800,0
'2026-08-22 08:28:41.768371900,0.026371900,1
'2026-08-22 08:28:41.768386600,0.026386600,0
'2026-08-22 08:28:41.768387500,0.026387500,1
'2026-08-22 08:28:41.768387600,0.026387600,0
'2026-08-22 08:28:41.768398000,0.026398000,1
'2026-08-22 08:28:41.768412800,0.026412800,0
'2026-08-22 08:28:41.768424100,0.026424100,1
'2026-08-22 08:28:41.768439000,0.026439000,0
'2026-08-22 08:28:41.768441300,0.026441300,1
'2026-08-22 08:28:41.768441400,0.026441400,0
'2026-08-22 08:28:41.768446500,0.026446500,1
'2026-08-22 08:28:41.768446600,0.026446600,0
'2026-08-22 08:28:41.768450200,0.026450200,1
'2026-08-22 08:28:41.768464800,0.026464800,0
'2026-08-22 08:28:41.768464900,0.026464900,1
'2026-08-22 08:28:41.768465000,0.026465000,0
'2026-08-22 08:28:41.768470400,0.026470400,1
'2026-08-22 08:28:41.768470500,0.026470500,0
'2026-08-22 08:28:41.768476300,0.026476300,1
'2026-08-22 08:28:41.768491100,0.026491100,0
'2026-08-22 08:28:41.768491500,0.026491500,1
'2026-08-22 08:28:41.768491600,0.026491600,0
'2026-08-22 08:28:41.768502300,0.026502300,1
'2026-08-22 08:28:41.768516900,0.026516900,0
'2026-08-22 08:28:41.768528400,0.026528400,1
'2026-08-22 08:28:41.768960100,0.026960100,0
'2026-08-22 08:28:41.768971600,0.026971600,1
'2026-08-22 08:28:41.768986400,0.026986400,0
'2026-08-22 08:28:41.768997700,0.026997700,1
'2026-08-22 08:28:41.769012500,0.027012500,0
'2026-08-22 08:28:41.769023800,0.027023800,1
'2026-08-22 08:28:41.769038400,0.027038400,0
'2026-08-22 08:28:41.769049900,0.027049900,1
'2026-08-22 08:28:41.769065000,0.027065000,0
'2026-08-22 08:28:41.769076000,0.027076000,1
'2026-08-22 08:28:41.769090800,0.027090800,0
'2026-08-22 08:28:41.769094700,0.027094700,1
'2026-08-22 08:28:41.769094800,0.027094800,0
'2026-08-22 08:28:41.769102100,0.027102100,1
'2026-08-22 08:28:41.769116700,0.027116700,0
'2026-08-22 08:28:41.769125100,0.027125100,1
'2026-08-22 08:28:41.769125200,0.027125200,0
'2026-08-22 08:28:41.769128100,0.027128100,1
'2026-08-22 08:28:41.769142800,0.027142800,0
'2026-08-22 08:28:41.769154200,0.027154200,1
'2026-08-22 08:28:41.769168800,0.027168800,0
'2026-08-22 08:28:41.769180300,0.027180300,1
'2026-08-22 08:28:41.769195400,0.027195400,0
'2026-08-22 08:28:41.769206400,0.027206400,1
'2026-08-22 08:28:41.769221000,0.027221000,0
'2026-08-22 08:28:41.769225500,0.027225500,1
'2026-08-22 08:28:41.769225600,0.027225600,0
'2026-08-22 08:28:41.769226100,0.027226100,1
'2026-08-22 08:28:41.769226200,0.027226200,0
'2026-08-22 08:28:41.769232500,0.027232500,1
'2026-08-22 08:28:41.769247300,0.027247300,0
'2026-08-22 08:28:41.769258600,0.027258600,1
'2026-08-22 08:28:41.769273200,0.027273200,0
'2026-08-22 08:28:41.769284600,0.027284600,1
'2026-08-22 08:28:41.769299300,0.027299300,0
'2026-08-22 08:28:41.769299500,0.027299500,1
'2026-08-22 08:28:41.769299600,0.027299600,0
'2026-08-22 08:28:41.769302600,0.027302600,1
'2026-08-22 08:28:41.769302700,0.027302700,0
'2026-08-22 08:28:41.769310700,0.027310700,1
'2026-08-22 08:28:41.769325800,0.027325800,0
'2026-08-22 08:28:41.769326000,0.027326000,1
'2026-08-22 08:28:41.769326100,0.027326100,0
'2026-08-22 08:28:41.769336800,0.027336800,1
'2026-08-22 08:28:41.769351400,0.027351400,0
'2026-08-22 08:28:41.769351700,0.027351700,1
'2026-08-22 08:28:41.769351800,0.027351800,0
'2026-08-22 08:28:41.769356300,0.027356300,1
'2026-08-22 08:28:41.769356500,0.027356500,0
'2026-08-22 08:28:41.769357500,0.027357500,1
'2026-08-22 08:28:41.769357600,0.027357600,0
'2026-08-22 08:28:41.769361400,0.027361400,1
'2026-08-22 08:28:41.769775800,0.027775800,0
'2026-08-22 08:28:41.769776300,0.027776300,1
'2026-08-22 08:28:41.769776400,0.027776400,0
'2026-08-22 08:28:41.769780100,0.027780100,1
'2026-08-22 08:28:41.769794700,0.027794700,0
'2026-08-22 08:28:41.769806100,0.027806100,1
'2026-08-22 08:28:41.769820900,0.027820900,0
'2026-08-22 08:28:41.769832200,0.027832200,1
'2026-08-22 08:28:41.769847000,0.027847000,0
'2026-08-22 08:28:41.769858000,0.027858000,1
'2026-08-22 08:28:41.769858100,0.027858100,0
'2026-08-22 08:28:41.769858300,0.027858300,1
'2026-08-22 08:28:41.769873000,0.027873000,0
'2026-08-22 08:28:41.769873200,0.027873200,1
'2026-08-22 08:28:41.769873300,0.027873300,0
'2026-08-22 08:28:41.769884400,0.027884400,1
'2026-08-22 08:28:41.769899200,0.027899200,0
'2026-08-22 08:28:41.769910500,0.027910500,1
'2026-08-22 08:28:41.769925200,0.027925200,0
'2026-08-22 08:28:41.769936600,0.027936600,1
'2026-08-22 08:28:41.769951600,0.027951600,0
'2026-08-22 08:28:41.769962700,0.027962700,1
'2026-08-22 08:28:41.769977200,0.027977200,0
'2026-08-22 08:28:41.769977700,0.027977700,1
'2026-08-22 08:28:41.769977800,0.027977800,0
'2026-08-22 08:28:41.769988800,0.027988800,1
'2026-08-22 08:28:41.770003400,0.028003400,0
'2026-08-22 08:28:41.770014800,0.028014800,1
'2026-08-22 08:28:41.770029800,0.028029800,0
'2026-08-22 08:28:41.770030300,0.028030300,1
'2026-08-22 08:28:41.770030400,0.028030400,0
'2026-08-22 08:28:41.770040900,0.028040900,1
'2026-08-22 08:28:41.770055600,0.028055600,0
'2026-08-22 08:28:41.770067000,0.028067000,1
'2026-08-22 08:28:41.770081800,0.028081800,0
'2026-08-22 08:28:41.770093100,0.028093100,1
'2026-08-22 08:28:41.770107600,0.028107600,0
'2026-08-22 08:28:41.770107900,0.028107900,1
'2026-08-22 08:28:41.770108000,0.028108000,0
'2026-08-22 08:28:41.770119200,0.028119200,1
'2026-08-22 08:28:41.770134000,0.028134000,0
'2026-08-22 08:28:41.770145300,0.028145300,1
'2026-08-22 08:28:41.770160000,0.028160000,0
'2026-08-22 08:28:41.770171400,0.028171400,1
'2026-08-22 08:28:41.770603200,0.028603200,0
'2026-08-22 08:28:41.770614600,0.028614600,1
'2026-08-22 08:28:41.770629400,0.028629400,0
'2026-08-22 08:28:41.770629900,0.028629900,1
'2026-08-22 08:28:41.770630000,0.028630000,0
'2026-08-22 08:28:41.770640700,0.028640700,1
'2026-08-22 08:28:41.770655500,0.028655500,0
'2026-08-22 08:28:41.770666800,0.028666800,1
'2026-08-22 08:28:41.770681400,0.028681400,0
'2026-08-22 08:28:41.770692900,0.028692900,1
'2026-08-22 08:28:41.770707600,0.028707600,0
'2026-08-22 08:28:41.770718200,0.028718200,1
'2026-08-22 08:28:41.770718300,0.028718300,0
'2026-08-22 08:28:41.770719000,0.028719000,1
'2026-08-22 08:28:41.770733700,0.028733700,0
'2026-08-22 08:28:41.770733800,0.028733800,1
'2026-08-22 08:28:41.770733900,0.028733900,0
'2026-08-22 08:28:41.770745000,0.028745000,1
'2026-08-22 08:28:41.770759800,0.028759800,0
'2026-08-22 08:28:41.770771100,0.028771100,1
'2026-08-22 08:28:41.770785900,0.028785900,0
'2026-08-22 08:28:41.770792700,0.028792700,1
'2026-08-22 08:28:41.770792800,0.028792800,0
'2026-08-22 08:28:41.770797200,0.028797200,1
'2026-08-22 08:28:41.770812200,0.028812200,0
'2026-08-22 08:28:41.770813500,0.028813500,1
'2026-08-22 08:28:41.770813600,0.028813600,0
'2026-08-22 08:28:41.770822300,0.028822300,1
'2026-08-22 08:28:41.770822400,0.028822400,0
'2026-08-22 08:28:41.770823300,0.028823300,1
'2026-08-22 08:28:41.770837900,0.028837900,0
'2026-08-22 08:28:41.770849400,0.028849400,1
'2026-08-22 08:28:41.770864200,0.028864200,0
'2026-08-22 08:28:41.770865100,0.028865100,1
'2026-08-22 08:28:41.770865200,0.028865200,0
'2026-08-22 08:28:41.770875500,0.028875500,1
'2026-08-22 08:28:41.770890100,0.028890100,0
'2026-08-22 08:28:41.770900800,0.028900800,1
'2026-08-22 08:28:41.770900900,0.028900900,0
'2026-08-22 08:28:41.770901500,0.028901500,1
'2026-08-22 08:28:41.770916600,0.028916600,0
'2026-08-22 08:28:41.770927600,0.028927600,1
'2026-08-22 08:28:41.770942400,0.028942400,0
'2026-08-22 08:28:41.770953700,0.028953700,1
'2026-08-22 08:28:41.770968400,0.028968400,0
'2026-08-22 08:28:41.770968500,0.028968500,1
'2026-08-22 08:28:41.770968600,0.028968600,0
'2026-08-22 08:28:41.770979800,0.028979800,1
'2026-08-22 08:28:41.770994700,0.028994700,0
'2026-08-22 08:28:41.770994800,0.028994800,1
'2026-08-22 08:28:41.770994900,0.028994900,0
'2026-08-22 08:28:41.771005900,0.029005900,1
'2026-08-22 08:28:41.771422400,0.029422400,0
'2026-08-22 08:28:41.771423100,0.029423100,1
'2026-08-22 08:28:41.771438000,0.029438000,0
'2026-08-22 08:28:41.771449100,0.029449100,1
'2026-08-22 08:28:41.771463700,0.029463700,0
'2026-08-22 08:28:41.771475200,0.029475200,1
'2026-08-22 08:28:41.771490000,0.029490000,0
'2026-08-22 08:28:41.771491000,0.029491000,1
'2026-08-22 08:28:41.771491100,0.029491100,0
'2026-08-22 08:28:41.771501300,0.029501300,1
'2026-08-22 08:28:41.771516000,0.029516000,0
'2026-08-22 08:28:41.771527400,0.029527400,1
'2026-08-22 08:28:41.771542100,0.029542100,0
'2026-08-22 08:28:41.771542400,0.029542400,1
'2026-08-22 08:28:41.771542500,0.029542500,0
'2026-08-22 08:28:41.771553500,0.029553500,1
'2026-08-22 08:28:41.771568200,0.029568200,0
'2026-08-22 08:28:41.771579600,0.029579600,1
'2026-08-22 08:28:41.771594200,0.029594200,0
'2026-08-22 08:28:41.771594400,0.029594400,1
'2026-08-22 08:28:41.771594500,0.029594500,0
'2026-08-22 08:28:41.771600700,0.029600700,1
'2026-08-22 08:28:41.771600800,0.029600800,0
'2026-08-22 08:28:41.771605700,0.029605700,1
'2026-08-22 08:28:41.771620300,0.029620300,0
'2026-08-22 08:28:41.771620400,0.029620400,1
'2026-08-22 08:28:41.771620500,0.029620500,0
'2026-08-22 08:28:41.771631800,0.029631800,1
'2026-08-22 08:28:41.771646500,0.029646500,0
'2026-08-22 08:28:41.771647300,0.029647300,1
'2026-08-22 08:28:41.771647400,0.029647400,0
'2026-08-22 08:28:41.771657800,0.029657800,1
'2026-08-22 08:28:41.771672400,0.029672400,0
'2026-08-22 08:28:41.771672600,0.029672600,1
'2026-08-22 08:28:41.771672700,0.029672700,0
'2026-08-22 08:28:41.771683900,0.029683900,1
'2026-08-22 08:28:41.771699100,0.029699100,0
'2026-08-22 08:28:41.771710000,0.029710000,1
'2026-08-22 08:28:41.771724800,0.029724800,0
'2026-08-22 08:28:41.771736100,0.029736100,1
'2026-08-22 08:28:41.771751000,0.029751000,0
'2026-08-22 08:28:41.771762200,0.029762200,1
'2026-08-22 08:28:41.771776800,0.029776800,0
'2026-08-22 08:28:41.771777200,0.029777200,1
'2026-08-22 08:28:41.771777300,0.029777300,0
'2026-08-22 08:28:41.771783700,0.029783700,1
'2026-08-22 08:28:41.771783800,0.029783800,0
'2026-08-22 08:28:41.771788300,0.029788300,1
'2026-08-22 08:28:41.771803100,0.029803100,0
'2026-08-22 08:28:41.771803500,0.029803500,1
'2026-08-22 08:28:41.771803600,0.029803600,0
'2026-08-22 08:28:41.771814300,0.029814300,1
'2026-08-22 08:28:41.771829100,0.029829100,0
'2026-08-22 08:28:41.771829200,0.029829200,1
'2026-08-22 08:28:41.771829300,0.029829300,0
'2026-08-22 08:28:41.771831600,0.029831600,1
'2026-08-22 08:28:41.772246200,0.030246200,0
'2026-08-22 08:28:41.772257600,0.030257600,1
'2026-08-22 08:28:41.772272200,0.030272200,0
'2026-08-22 08:28:41.772283700,0.030283700,1
'2026-08-22 08:28:41.772298500,0.030298500,0
'2026-08-22 08:28:41.772309800,0.030309800,1
'2026-08-22 08:28:41.772324300,0.030324300,0
'2026-08-22 08:28:41.772324400,0.030324400,1
'2026-08-22 08:28:41.772324600,0.030324600,0
'2026-08-22 08:28:41.772335900,0.030335900,1
'2026-08-22 08:28:41.772350600,0.030350600,0
'2026-08-22 08:28:41.772361900,0.030361900,1
'2026-08-22 08:28:41.772376600,0.030376600,0
'2026-08-22 08:28:41.772388000,0.030388000,1
'2026-08-22 08:28:41.772402800,0.030402800,0
'2026-08-22 08:28:41.772414100,0.030414100,1
'2026-08-22 08:28:41.772428900,0.030428900,0
'2026-08-22 08:28:41.772440200,0.030440200,1
'2026-08-22 08:28:41.772454900,0.030454900,0
'2026-08-22 08:28:41.772466300,0.030466300,1
'2026-08-22 08:28:41.772481200,0.030481200,0
'2026-08-22 08:28:41.772492400,0.030492400,1
'2026-08-22 08:28:41.772507000,0.030507000,0
'2026-08-22 08:28:41.772507800,0.030507800,1
'2026-08-22 08:28:41.772507900,0.030507900,0
'2026-08-22 08:28:41.772518500,0.030518500,1
'2026-08-22 08:28:41.772533400,0.030533400,0
'2026-08-22 08:28:41.772533600,0.030533600,1
'2026-08-22 08:28:41.772533700,0.030533700,0
'2026-08-22 08:28:41.772534100,0.030534100,1
'2026-08-22 08:28:41.772534200,0.030534200,0
'2026-08-22 08:28:41.772544500,0.030544500,1
'2026-08-22 08:28:41.772559400,0.030559400,0
'2026-08-22 08:28:41.772563900,0.030563900,1
'2026-08-22 08:28:41.772564000,0.030564000,0
'2026-08-22 08:28:41.772570600,0.030570600,1
'2026-08-22 08:28:41.772585300,0.030585300,0
'2026-08-22 08:28:41.772585500,0.030585500,1
'2026-08-22 08:28:41.772585600,0.030585600,0
'2026-08-22 08:28:41.772595000,0.030595000,1
'2026-08-22 08:28:41.772595100,0.030595100,0
'2026-08-22 08:28:41.772596700,0.030596700,1
'2026-08-22 08:28:41.772611400,0.030611400,0
'2026-08-22 08:28:41.772622800,0.030622800,1
'2026-08-22 08:28:41.772637400,0.030637400,0
'2026-08-22 08:28:41.772637500,0.030637500,1
'2026-08-22 08:28:41.772637600,0.030637600,0
'2026-08-22 08:28:41.772648900,0.030648900,1
'2026-08-22 08:28:41.773080800,0.031080800,0
'2026-08-22 08:28:41.773081400,0.031081400,1
'2026-08-22 08:28:41.773081500,0.031081500,0
'2026-08-22 08:28:41.773092100,0.031092100,1
'2026-08-22 08:28:41.773106900,0.031106900,0
'2026-08-22 08:28:41.773109900,0.031109900,1
'2026-08-22 08:28:41.773110000,0.031110000,0
'2026-08-22 08:28:41.773115300,0.031115300,1
'2026-08-22 08:28:41.773115400,0.031115400,0
'2026-08-22 08:28:41.773118200,0.031118200,1
'2026-08-22 08:28:41.773132900,0.031132900,0
'2026-08-22 08:28:41.773144300,0.031144300,1
'2026-08-22 08:28:41.773159200,0.031159200,0
'2026-08-22 08:28:41.773170400,0.031170400,1
'2026-08-22 08:28:41.773185100,0.031185100,0
'2026-08-22 08:28:41.773195300,0.031195300,1
'2026-08-22 08:28:41.773195400,0.031195400,0
'2026-08-22 08:28:41.773196500,0.031196500,1
'2026-08-22 08:28:41.773211200,0.031211200,0
'2026-08-22 08:28:41.773222600,0.031222600,1
'2026-08-22 08:28:41.773237500,0.031237500,0
'2026-08-22 08:28:41.773248700,0.031248700,1
'2026-08-22 08:28:41.773263400,0.031263400,0
'2026-08-22 08:28:41.773274800,0.031274800,1
'2026-08-22 08:28:41.773289600,0.031289600,0
'2026-08-22 08:28:41.773300800,0.031300800,1
'2026-08-22 08:28:41.773315500,0.031315500,0
'2026-08-22 08:28:41.773315600,0.031315600,1
'2026-08-22 08:28:41.773315700,0.031315700,0
'2026-08-22 08:28:41.773326900,0.031326900,1
'2026-08-22 08:28:41.773341600,0.031341600,0
'2026-08-22 08:28:41.773349500,0.031349500,1
'2026-08-22 08:28:41.773349600,0.031349600,0
'2026-08-22 08:28:41.773353000,0.031353000,1
'2026-08-22 08:28:41.773367800,0.031367800,0
'2026-08-22 08:28:41.773368200,0.031368200,1
'2026-08-22 08:28:41.773368300,0.031368300,0
'2026-08-22 08:28:41.773379100,0.031379100,1
'2026-08-22 08:28:41.773393600,0.031393600,0
'2026-08-22 08:28:41.773396600,0.031396600,1
'2026-08-22 08:28:41.773396700,0.031396700,0
'2026-08-22 08:28:41.773398500,0.031398500,1
'2026-08-22 08:28:41.773398600,0.031398600,0
'2026-08-22 08:28:41.773405200,0.031405200,1
'2026-08-22 08:28:41.773420000,0.031420000,0
'2026-08-22 08:28:41.773420100,0.031420100,1
'2026-08-22 08:28:41.773420300,0.031420300,0
'2026-08-22 08:28:41.773431300,0.031431300,1
'2026-08-22 08:28:41.773446000,0.031446000,0
'2026-08-22 08:28:41.773457300,0.031457300,1
'2026-08-22 08:28:41.773472300,0.031472300,0
'2026-08-22 08:28:41.773478500,0.031478500,1
'2026-08-22 08:28:41.773892800,0.031892800,0
'2026-08-22 08:28:41.773900600,0.031900600,1
'2026-08-22 08:28:41.773915200,0.031915200,0
'2026-08-22 08:28:41.773926700,0.031926700,1
'2026-08-22 08:28:41.773941700,0.031941700,0
'2026-08-22 08:28:41.773952800,0.031952800,1
'2026-08-22 08:28:41.773967500,0.031967500,0
'2026-08-22 08:28:41.773978900,0.031978900,1
'2026-08-22 08:28:41.773993800,0.031993800,0
'2026-08-22 08:28:41.773993900,0.031993900,1
'2026-08-22 08:28:41.773994000,0.031994000,0
'2026-08-22 08:28:41.774004900,0.032004900,1
'2026-08-22 08:28:41.774019700,0.032019700,0
'2026-08-22 08:28:41.774031000,0.032031000,1
'2026-08-22 08:28:41.774045800,0.032045800,0
'2026-08-22 08:28:41.774057100,0.032057100,1
'2026-08-22 08:28:41.774072000,0.032072000,0
'2026-08-22 08:28:41.774072100,0.032072100,1
'2026-08-22 08:28:41.774072200,0.032072200,0
'2026-08-22 08:28:41.774083200,0.032083200,1
'2026-08-22 08:28:41.774097700,0.032097700,0
'2026-08-22 08:28:41.774109300,0.032109300,1
'2026-08-22 08:28:41.774124200,0.032124200,0
'2026-08-22 08:28:41.774135400,0.032135400,1
'2026-08-22 08:28:41.774150100,0.032150100,0
'2026-08-22 08:28:41.774161500,0.032161500,1
'2026-08-22 08:28:41.774176200,0.032176200,0
'2026-08-22 08:28:41.774176500,0.032176500,1
'2026-08-22 08:28:41.774176600,0.032176600,0
'2026-08-22 08:28:41.774178800,0.032178800,1
'2026-08-22 08:28:41.774178900,0.032178900,0
'2026-08-22 08:28:41.774187500,0.032187500,1
'2026-08-22 08:28:41.774202400,0.032202400,0
'2026-08-22 08:28:41.774213600,0.032213600,1
'2026-08-22 08:28:41.774228200,0.032228200,0
'2026-08-22 08:28:41.774239700,0.032239700,1
'2026-08-22 08:28:41.774254800,0.032254800,0
'2026-08-22 08:28:41.774264100,0.032264100,1
'2026-08-22 08:28:41.774264200,0.032264200,0
'2026-08-22 08:28:41.774265800,0.032265800,1
'2026-08-22 08:28:41.774280400,0.032280400,0
'2026-08-22 08:28:41.774291900,0.032291900,1
'2026-08-22 08:28:41.774723900,0.032723900,0
'2026-08-22 08:28:41.774725700,0.032725700,1
'2026-08-22 08:28:41.774725800,0.032725800,0
'2026-08-22 08:28:41.774735100,0.032735100,1
'2026-08-22 08:28:41.774749600,0.032749600,0
'2026-08-22 08:28:41.774761200,0.032761200,1
'2026-08-22 08:28:41.774776100,0.032776100,0
'2026-08-22 08:28:41.774776300,0.032776300,1
'2026-08-22 08:28:41.774776400,0.032776400,0
'2026-08-22 08:28:41.774786100,0.032786100,1
'2026-08-22 08:28:41.774786200,0.032786200,0
'2026-08-22 08:28:41.774787300,0.032787300,1
'2026-08-22 08:28:41.774802000,0.032802000,0
'2026-08-22 08:28:41.774802100,0.032802100,1
'2026-08-22 08:28:41.774802200,0.032802200,0
'2026-08-22 08:28:41.774813400,0.032813400,1
'2026-08-22 08:28:41.774828100,0.032828100,0
'2026-08-22 08:28:41.774839500,0.032839500,1
'2026-08-22 08:28:41.774854500,0.032854500,0
'2026-08-22 08:28:41.774854700,0.032854700,1
'2026-08-22 08:28:41.774854800,0.032854800,0
'2026-08-22 08:28:41.774855100,0.032855100,1
'2026-08-22 08:28:41.774855200,0.032855200,0
'2026-08-22 08:28:41.774855300,0.032855300,1
'2026-08-22 08:28:41.774855400,0.032855400,0
'2026-08-22 08:28:41.774865600,0.032865600,1
'2026-08-22 08:28:41.774880100,0.032880100,0
'2026-08-22 08:28:41.774885700,0.032885700,1
'2026-08-22 08:28:41.774885800,0.032885800,0
'2026-08-22 08:28:41.774891600,0.032891600,1
'2026-08-22 08:28:41.774906800,0.032906800,0
'2026-08-22 08:28:41.774917700,0.032917700,1
'2026-08-22 08:28:41.774932500,0.032932500,0
'2026-08-22 08:28:41.774934800,0.032934800,1
'2026-08-22 08:28:41.774934900,0.032934900,0
'2026-08-22 08:28:41.774935300,0.032935300,1
'2026-08-22 08:28:41.774935400,0.032935400,0
'2026-08-22 08:28:41.774943800,0.032943800,1
'2026-08-22 08:28:41.774958400,0.032958400,0
'2026-08-22 08:28:41.774969900,0.032969900,1
'2026-08-22 08:28:41.774984700,0.032984700,0
'2026-08-22 08:28:41.774985000,0.032985000,1
'2026-08-22 08:28:41.774985100,0.032985100,0
'2026-08-22 08:28:41.774986100,0.032986100,1
'2026-08-22 08:28:41.774986200,0.032986200,0
'2026-08-22 08:28:41.774996000,0.032996000,1
'2026-08-22 08:28:41.775010700,0.033010700,0
'2026-08-22 08:28:41.775016500,0.033016500,1
'2026-08-22 08:28:41.775016600,0.033016600,0
'2026-08-22 08:28:41.775022100,0.033022100,1
'2026-08-22 08:28:41.775037000,0.033037000,0
'2026-08-22 08:28:41.775037500,0.033037500,1
'2026-08-22 08:28:41.775037600,0.033037600,0
'2026-08-22 08:28:41.775038100,0.033038100,1
'2026-08-22 08:28:41.775038200,0.033038200,0
'2026-08-22 08:28:41.775048200,0.033048200,1
'2026-08-22 08:28:41.775062800,0.033062800,0
'2026-08-22 08:28:41.775067300,0.033067300,1
'2026-08-22 08:28:41.775067400,0.033067400,0
'2026-08-22 08:28:41.775074200,0.033074200,1
'2026-08-22 08:28:41.775089000,0.033089000,0
'2026-08-22 08:28:41.775100300,0.033100300,1
'2026-08-22 08:28:41.775115000,0.033115000,0
'2026-08-22 08:28:41.775115100,0.033115100,1
'2026-08-22 08:28:41.775115300,0.033115300,0
'2026-08-22 08:28:41.775117500,0.033117500,1
'2026-08-22 08:28:41.775117600,0.033117600,0
'2026-08-22 08:28:41.775124900,0.033124900,1
'2026-08-22 08:28:41.776340400,0.034340400,0
'2026-08-22 08:28:41.776351900,0.034351900,1
'2026-08-22 08:28:41.776366700,0.034366700,0
'2026-08-22 08:28:41.776378000,0.034378000,1
'2026-08-22 08:28:41.776392500,0.034392500,0
'2026-08-22 08:28:41.776404100,0.034404100,1
'2026-08-22 08:28:41.776418700,0.034418700,0
'2026-08-22 08:28:41.776430100,0.034430100,1
'2026-08-22 08:28:41.776444800,0.034444800,0
'2026-08-22 08:28:41.776444900,0.034444900,1
'2026-08-22 08:28:41.776445000,0.034445000,0
'2026-08-22 08:28:41.776456200,0.034456200,1
'2026-08-22 08:28:41.776470900,0.034470900,0
'2026-08-22 08:28:41.776482300,0.034482300,1
'2026-08-22 08:28:41.776497000,0.034497000,0
'2026-08-22 08:28:41.776508400,0.034508400,1
'2026-08-22 08:28:41.776523200,0.034523200,0
'2026-08-22 08:28:41.776534500,0.034534500,1
'2026-08-22 08:28:41.776549100,0.034549100,0
'2026-08-22 08:28:41.776560600,0.034560600,1
'2026-08-22 08:28:41.776575300,0.034575300,0
'2026-08-22 08:28:41.776586700,0.034586700,1
'2026-08-22 08:28:41.776601300,0.034601300,0
'2026-08-22 08:28:41.776606700,0.034606700,1
'2026-08-22 08:28:41.776606800,0.034606800,0
'2026-08-22 08:28:41.776612700,0.034612700,1
'2026-08-22 08:28:41.776627400,0.034627400,0
'2026-08-22 08:28:41.776638800,0.034638800,1
'2026-08-22 08:28:41.776653600,0.034653600,0
'2026-08-22 08:28:41.776664900,0.034664900,1
'2026-08-22 08:28:41.776679600,0.034679600,0
'2026-08-22 08:28:41.776679800,0.034679800,1
'2026-08-22 08:28:41.776679900,0.034679900,0
'2026-08-22 08:28:41.776691000,0.034691000,1
'2026-08-22 08:28:41.776705700,0.034705700,0
'2026-08-22 08:28:41.776717100,0.034717100,1
'2026-08-22 08:28:41.776732300,0.034732300,0
'2026-08-22 08:28:41.776733600,0.034733600,1
'2026-08-22 08:28:41.776733700,0.034733700,0
'2026-08-22 08:28:41.776743200,0.034743200,1
'2026-08-22 08:28:41.777175000,0.035175000,0
'2026-08-22 08:28:41.777178900,0.035178900,1
'2026-08-22 08:28:41.777179000,0.035179000,0
'2026-08-22 08:28:41.777186400,0.035186400,1
'2026-08-22 08:28:41.777201200,0.035201200,0
'2026-08-22 08:28:41.777212500,0.035212500,1
'2026-08-22 08:28:41.777227000,0.035227000,0
'2026-08-22 08:28:41.777227100,0.035227100,1
'2026-08-22 08:28:41.777227200,0.035227200,0
'2026-08-22 08:28:41.777238600,0.035238600,1
'2026-08-22 08:28:41.777253200,0.035253200,0
'2026-08-22 08:28:41.777264700,0.035264700,1
'2026-08-22 08:28:41.777279400,0.035279400,0
'2026-08-22 08:28:41.777290800,0.035290800,1
'2026-08-22 08:28:41.777305600,0.035305600,0
'2026-08-22 08:28:41.777316900,0.035316900,1
'2026-08-22 08:28:41.777331600,0.035331600,0
'2026-08-22 08:28:41.777342900,0.035342900,1
'2026-08-22 08:28:41.777357700,0.035357700,0
'2026-08-22 08:28:41.777369000,0.035369000,1
'2026-08-22 08:28:41.777383700,0.035383700,0
'2026-08-22 08:28:41.777389100,0.035389100,1
'2026-08-22 08:28:41.777389200,0.035389200,0
'2026-08-22 08:28:41.777395100,0.035395100,1
'2026-08-22 08:28:41.777409800,0.035409800,0
'2026-08-22 08:28:41.777421200,0.035421200,1
'2026-08-22 08:28:41.777436000,0.035436000,0
'2026-08-22 08:28:41.777447300,0.035447300,1
'2026-08-22 08:28:41.777461900,0.035461900,0
'2026-08-22 08:28:41.777473400,0.035473400,1
'2026-08-22 08:28:41.777488200,0.035488200,0
'2026-08-22 08:28:41.777488300,0.035488300,1
'2026-08-22 08:28:41.777488600,0.035488600,0
'2026-08-22 08:28:41.777488700,0.035488700,1
'2026-08-22 08:28:41.777488800,0.035488800,0
'2026-08-22 08:28:41.777489000,0.035489000,1
'2026-08-22 08:28:41.777489200,0.035489200,0
'2026-08-22 08:28:41.777489500,0.035489500,1
'2026-08-22 08:28:41.777489700,0.035489700,0
'2026-08-22 08:28:41.777499500,0.035499500,1
'2026-08-22 08:28:41.777513900,0.035513900,0
'2026-08-22 08:28:41.777514100,0.035514100,1
'2026-08-22 08:28:41.777514200,0.035514200,0
'2026-08-22 08:28:41.777525500,0.035525500,1
'2026-08-22 08:28:41.777540600,0.035540600,0
'2026-08-22 08:28:41.777551600,0.035551600,1
'2026-08-22 08:28:41.777566500,0.035566500,0
'2026-08-22 08:28:41.777570400,0.035570400,1
'2026-08-22 08:28:41.777984700,0.035984700,0
'2026-08-22 08:28:41.777991600,0.035991600,1
'2026-08-22 08:28:41.777991700,0.035991700,0
'2026-08-22 08:28:41.777994900,0.035994900,1
'2026-08-22 08:28:41.778009400,0.036009400,0
'2026-08-22 08:28:41.778009500,0.036009500,1
'2026-08-22 08:28:41.778009700,0.036009700,0
'2026-08-22 08:28:41.778021000,0.036021000,1
'2026-08-22 08:28:41.778035600,0.036035600,0
'2026-08-22 08:28:41.778047100,0.036047100,1
'2026-08-22 08:28:41.778061800,0.036061800,0
'2026-08-22 08:28:41.778064900,0.036064900,1
'2026-08-22 08:28:41.778065000,0.036065000,0
'2026-08-22 08:28:41.778073100,0.036073100,1
'2026-08-22 08:28:41.778087800,0.036087800,0
'2026-08-22 08:28:41.778099200,0.036099200,1
'2026-08-22 08:28:41.778114200,0.036114200,0
'2026-08-22 08:28:41.778125300,0.036125300,1
'2026-08-22 08:28:41.778140000,0.036140000,0
'2026-08-22 08:28:41.778151400,0.036151400,1
'2026-08-22 08:28:41.778166200,0.036166200,0
'2026-08-22 08:28:41.778177500,0.036177500,1
'2026-08-22 08:28:41.778192600,0.036192600,0
'2026-08-22 08:28:41.778203600,0.036203600,1
'2026-08-22 08:28:41.778218200,0.036218200,0
'2026-08-22 08:28:41.778229700,0.036229700,1
'2026-08-22 08:28:41.778244700,0.036244700,0
'2026-08-22 08:28:41.778245600,0.036245600,1
'2026-08-22 08:28:41.778245700,0.036245700,0
'2026-08-22 08:28:41.778254300,0.036254300,1
'2026-08-22 08:28:41.778254400,0.036254400,0
'2026-08-22 08:28:41.778255700,0.036255700,1
'2026-08-22 08:28:41.778270200,0.036270200,0
'2026-08-22 08:28:41.778281800,0.036281800,1
'2026-08-22 08:28:41.778296600,0.036296600,0
'2026-08-22 08:28:41.778307900,0.036307900,1
'2026-08-22 08:28:41.778322800,0.036322800,0
'2026-08-22 08:28:41.778334000,0.036334000,1
'2026-08-22 08:28:41.778348500,0.036348500,0
'2026-08-22 08:28:41.778348600,0.036348600,1
'2026-08-22 08:28:41.778348700,0.036348700,0
'2026-08-22 08:28:41.778360100,0.036360100,1
'2026-08-22 08:28:41.778375100,0.036375100,0
'2026-08-22 08:28:41.778375300,0.036375300,1
'2026-08-22 08:28:41.778375400,0.036375400,0
'2026-08-22 08:28:41.778386100,0.036386100,1
'2026-08-22 08:28:41.778817900,0.036817900,0
'2026-08-22 08:28:41.778818000,0.036818000,1
'2026-08-22 08:28:41.778818200,0.036818200,0
'2026-08-22 08:28:41.778818300,0.036818300,1
'2026-08-22 08:28:41.778818400,0.036818400,0
'2026-08-22 08:28:41.778829400,0.036829400,1
'2026-08-22 08:28:41.778844000,0.036844000,0
'2026-08-22 08:28:41.778855500,0.036855500,1
'2026-08-22 08:28:41.778870200,0.036870200,0
'2026-08-22 08:28:41.778881600,0.036881600,1
'2026-08-22 08:28:41.778896200,0.036896200,0
'2026-08-22 08:28:41.778896300,0.036896300,1
'2026-08-22 08:28:41.778896400,0.036896400,0
'2026-08-22 08:28:41.778905500,0.036905500,1
'2026-08-22 08:28:41.778905600,0.036905600,0
'2026-08-22 08:28:41.778907700,0.036907700,1
'2026-08-22 08:28:41.778922400,0.036922400,0
'2026-08-22 08:28:41.778933700,0.036933700,1
'2026-08-22 08:28:41.778948400,0.036948400,0
'2026-08-22 08:28:41.778948500,0.036948500,1
'2026-08-22 08:28:41.778948600,0.036948600,0
'2026-08-22 08:28:41.778959800,0.036959800,1
'2026-08-22 08:28:41.778974700,0.036974700,0
'2026-08-22 08:28:41.778976800,0.036976800,1
'2026-08-22 08:28:41.778976900,0.036976900,0
'2026-08-22 08:28:41.778985900,0.036985900,1
'2026-08-22 08:28:41.779000600,0.037000600,0
'2026-08-22 08:28:41.779000900,0.037000900,1
'2026-08-22 08:28:41.779001000,0.037001000,0
'2026-08-22 08:28:41.779012000,0.037012000,1
'2026-08-22 08:28:41.779026800,0.037026800,0
'2026-08-22 08:28:41.779038100,0.037038100,1
'2026-08-22 08:28:41.779052700,0.037052700,0
'2026-08-22 08:28:41.779053400,0.037053400,1
'2026-08-22 08:28:41.779053500,0.037053500,0
'2026-08-22 08:28:41.779064200,0.037064200,1
'2026-08-22 08:28:41.779079400,0.037079400,0
'2026-08-22 08:28:41.779090300,0.037090300,1
'2026-08-22 08:28:41.779104900,0.037104900,0
'2026-08-22 08:28:41.779116300,0.037116300,1
'2026-08-22 08:28:41.779131200,0.037131200,0
'2026-08-22 08:28:41.779142400,0.037142400,1
'2026-08-22 08:28:41.779157100,0.037157100,0
'2026-08-22 08:28:41.779168500,0.037168500,1
'2026-08-22 08:28:41.779183200,0.037183200,0
'2026-08-22 08:28:41.779194600,0.037194600,1
'2026-08-22 08:28:41.779209500,0.037209500,0
'2026-08-22 08:28:41.779209900,0.037209900,1
'2026-08-22 08:28:41.779210100,0.037210100,0
'2026-08-22 08:28:41.779212300,0.037212300,1
'2026-08-22 08:28:41.779212400,0.037212400,0
'2026-08-22 08:28:41.779217200,0.037217200,1
'2026-08-22 08:28:41.779631400,0.037631400,0
'2026-08-22 08:28:41.779637800,0.037637800,1
'2026-08-22 08:28:41.779652500,0.037652500,0
'2026-08-22 08:28:41.779653400,0.037653400,1
'2026-08-22 08:28:41.779653500,0.037653500,0
'2026-08-22 08:28:41.779653700,0.037653700,1
'2026-08-22 08:28:41.779653800,0.037653800,0
'2026-08-22 08:28:41.779663900,0.037663900,1
'2026-08-22 08:28:41.779678700,0.037678700,0
'2026-08-22 08:28:41.779690000,0.037690000,1
'2026-08-22 08:28:41.779704900,0.037704900,0
'2026-08-22 08:28:41.779716100,0.037716100,1
'2026-08-22 08:28:41.779730800,0.037730800,0
'2026-08-22 08:28:41.779742200,0.037742200,1
'2026-08-22 08:28:41.779756700,0.037756700,0
'2026-08-22 08:28:41.779756800,0.037756800,1
'2026-08-22 08:28:41.779756900,0.037756900,0
'2026-08-22 08:28:41.779768300,0.037768300,1
'2026-08-22 08:28:41.779783100,0.037783100,0
'2026-08-22 08:28:41.779783600,0.037783600,1
'2026-08-22 08:28:41.779783800,0.037783800,0
'2026-08-22 08:28:41.779794400,0.037794400,1
'2026-08-22 08:28:41.779809000,0.037809000,0
'2026-08-22 08:28:41.779820500,0.037820500,1
'2026-08-22 08:28:41.779835300,0.037835300,0
'2026-08-22 08:28:41.779846500,0.037846500,1
'2026-08-22 08:28:41.779861200,0.037861200,0
'2026-08-22 08:28:41.779861300,0.037861300,1
'2026-08-22 08:28:41.779861400,0.037861400,0
'2026-08-22 08:28:41.779872600,0.037872600,1
'2026-08-22 08:28:41.779887300,0.037887300,0
'2026-08-22 08:28:41.779898700,0.037898700,1
'2026-08-22 08:28:41.779913500,0.037913500,0
'2026-08-22 08:28:41.779913700,0.037913700,1
'2026-08-22 08:28:41.779913800,0.037913800,0
'2026-08-22 08:28:41.779924800,0.037924800,1
'2026-08-22 08:28:41.779939400,0.037939400,0
'2026-08-22 08:28:41.779939500,0.037939500,1
'2026-08-22 08:28:41.779939700,0.037939700,0
'2026-08-22 08:28:41.779950900,0.037950900,1
'2026-08-22 08:28:41.779965700,0.037965700,0
'2026-08-22 08:28:41.779965900,0.037965900,1
'2026-08-22 08:28:41.779966000,0.037966000,0
'2026-08-22 08:28:41.779977000,0.037977000,1
'2026-08-22 08:28:41.779991800,0.037991800,0
'2026-08-22 08:28:41.779992200,0.037992200,1
'2026-08-22 08:28:41.779992300,0.037992300,0
'2026-08-22 08:28:41.780003000,0.038003000,1
'2026-08-22 08:28:41.780018000,0.038018000,0
'2026-08-22 08:28:41.780029100,0.038029100,1
'2026-08-22 08:28:41.780461000,0.038461000,0
'2026-08-22 08:28:41.780464100,0.038464100,1
'2026-08-22 08:28:41.780464200,0.038464200,0
'2026-08-22 08:28:41.780472400,0.038472400,1
'2026-08-22 08:28:41.780487100,0.038487100,0
'2026-08-22 08:28:41.780498500,0.038498500,1
'2026-08-22 08:28:41.780513300,0.038513300,0
'2026-08-22 08:28:41.780524600,0.038524600,1
'2026-08-22 08:28:41.780539200,0.038539200,0
'2026-08-22 08:28:41.780550700,0.038550700,1
'2026-08-22 08:28:41.780565200,0.038565200,0
'2026-08-22 08:28:41.780565300,0.038565300,1
'2026-08-22 08:28:41.780565400,0.038565400,0
'2026-08-22 08:28:41.780576700,0.038576700,1
'2026-08-22 08:28:41.780591400,0.038591400,0
'2026-08-22 08:28:41.780591500,0.038591500,1
'2026-08-22 08:28:41.780591600,0.038591600,0
'2026-08-22 08:28:41.780602800,0.038602800,1
'2026-08-22 08:28:41.780617600,0.038617600,0
'2026-08-22 08:28:41.780617700,0.038617700,1
'2026-08-22 08:28:41.780617900,0.038617900,0
'2026-08-22 08:28:41.780628900,0.038628900,1
'2026-08-22 08:28:41.780643600,0.038643600,0
'2026-08-22 08:28:41.780655000,0.038655000,1
'2026-08-22 08:28:41.780669900,0.038669900,0
'2026-08-22 08:28:41.780681100,0.038681100,1
'2026-08-22 08:28:41.780695700,0.038695700,0
'2026-08-22 08:28:41.780707200,0.038707200,1
'2026-08-22 08:28:41.780721900,0.038721900,0
'2026-08-22 08:28:41.780733200,0.038733200,1
'2026-08-22 08:28:41.780747900,0.038747900,0
'2026-08-22 08:28:41.780748100,0.038748100,1
'2026-08-22 08:28:41.780748200,0.038748200,0
'2026-08-22 08:28:41.780759300,0.038759300,1
'2026-08-22 08:28:41.780774000,0.038774000,0
'2026-08-22 08:28:41.780781700,0.038781700,1
'2026-08-22 08:28:41.780781800,0.038781800,0
'2026-08-22 08:28:41.780785400,0.038785400,1
'2026-08-22 08:28:41.780800200,0.038800200,0
'2026-08-22 08:28:41.780811500,0.038811500,1
'2026-08-22 08:28:41.780826400,0.038826400,0
'2026-08-22 08:28:41.780837600,0.038837600,1
'2026-08-22 08:28:41.780852200,0.038852200,0
'2026-08-22 08:28:41.780852300,0.038852300,1
'2026-08-22 08:28:41.780852400,0.038852400,0
'2026-08-22 08:28:41.780863700,0.038863700,1
'2026-08-22 08:28:41.781278200,0.039278200,0
'2026-08-22 08:28:41.781278300,0.039278300,1
'2026-08-22 08:28:41.781278500,0.039278500,0
'2026-08-22 08:28:41.781280900,0.039280900,1
'2026-08-22 08:28:41.781295600,0.039295600,0
'2026-08-22 08:28:41.781307000,0.039307000,1
'2026-08-22 08:28:41.781321800,0.039321800,0
'2026-08-22 08:28:41.781333000,0.039333000,1
'2026-08-22 08:28:41.781347600,0.039347600,0
'2026-08-22 08:28:41.781359100,0.039359100,1
'2026-08-22 08:28:41.781373900,0.039373900,0
'2026-08-22 08:28:41.781374300,0.039374300,1
'2026-08-22 08:28:41.781374400,0.039374400,0
'2026-08-22 08:28:41.781385200,0.039385200,1
'2026-08-22 08:28:41.781400000,0.039400000,0
'2026-08-22 08:28:41.781411300,0.039411300,1
'2026-08-22 08:28:41.781426000,0.039426000,0
'2026-08-22 08:28:41.781437400,0.039437400,1
'2026-08-22 08:28:41.781452000,0.039452000,0
'2026-08-22 08:28:41.781452100,0.039452100,1
'2026-08-22 08:28:41.781452200,0.039452200,0
'2026-08-22 08:28:41.781452500,0.039452500,1
'2026-08-22 08:28:41.781452600,0.039452600,0
'2026-08-22 08:28:41.781463500,0.039463500,1
'2026-08-22 08:28:41.781478100,0.039478100,0
'2026-08-22 08:28:41.781489600,0.039489600,1
'2026-08-22 08:28:41.781504300,0.039504300,0
'2026-08-22 08:28:41.781504500,0.039504500,1
'2026-08-22 08:28:41.781504600,0.039504600,0
'2026-08-22 08:28:41.781515700,0.039515700,1
'2026-08-22 08:28:41.781530500,0.039530500,0
'2026-08-22 08:28:41.781541700,0.039541700,1
'2026-08-22 08:28:41.781556300,0.039556300,0
'2026-08-22 08:28:41.781567800,0.039567800,1
'2026-08-22 08:28:41.781582500,0.039582500,0
'2026-08-22 08:28:41.781582800,0.039582800,1
'2026-08-22 08:28:41.781582900,0.039582900,0
'2026-08-22 08:28:41.781593900,0.039593900,1
'2026-08-22 08:28:41.781608600,0.039608600,0
'2026-08-22 08:28:41.781614500,0.039614500,1
'2026-08-22 08:28:41.781614600,0.039614600,0
'2026-08-22 08:28:41.781620000,0.039620000,1
'2026-08-22 08:28:41.781634900,0.039634900,0
'2026-08-22 08:28:41.781646100,0.039646100,1
'2026-08-22 08:28:41.781660900,0.039660900,0
'2026-08-22 08:28:41.781672200,0.039672200,1
'2026-08-22 08:28:41.781687100,0.039687100,0
'2026-08-22 08:28:41.781687400,0.039687400,1
'2026-08-22 08:28:41.782104000,0.040104000,0
'2026-08-22 08:28:41.782115500,0.040115500,1
'2026-08-22 08:28:41.782130300,0.040130300,0
'2026-08-22 08:28:41.782141500,0.040141500,1
'2026-08-22 08:28:41.782156200,0.040156200,0
'2026-08-22 08:28:41.782156500,0.040156500,1
'2026-08-22 08:28:41.782156600,0.040156600,0
'2026-08-22 08:28:41.782167600,0.040167600,1
'2026-08-22 08:28:41.782182500,0.040182500,0
'2026-08-22 08:28:41.782193700,0.040193700,1
'2026-08-22 08:28:41.782208600,0.040208600,0
'2026-08-22 08:28:41.782219800,0.040219800,1
'2026-08-22 08:28:41.782234400,0.040234400,0
'2026-08-22 08:28:41.782245900,0.040245900,1
'2026-08-22 08:28:41.782260600,0.040260600,0
'2026-08-22 08:28:41.782260700,0.040260700,1
'2026-08-22 08:28:41.782260800,0.040260800,0
'2026-08-22 08:28:41.782272000,0.040272000,1
'2026-08-22 08:28:41.782286600,0.040286600,0
'2026-08-22 08:28:41.782286800,0.040286800,1
'2026-08-22 08:28:41.782286900,0.040286900,0
'2026-08-22 08:28:41.782298100,0.040298100,1
'2026-08-22 08:28:41.782313100,0.040313100,0
'2026-08-22 08:28:41.782324200,0.040324200,1
'2026-08-22 08:28:41.782338900,0.040338900,0
'2026-08-22 08:28:41.782350200,0.040350200,1
'2026-08-22 08:28:41.782365000,0.040365000,0
'2026-08-22 08:28:41.782365100,0.040365100,1
'2026-08-22 08:28:41.782365200,0.040365200,0
'2026-08-22 08:28:41.782376300,0.040376300,1
'2026-08-22 08:28:41.782391100,0.040391100,0
'2026-08-22 08:28:41.782402400,0.040402400,1
'2026-08-22 08:28:41.782416900,0.040416900,0
'2026-08-22 08:28:41.782417000,0.040417000,1
'2026-08-22 08:28:41.782417300,0.040417300,0
'2026-08-22 08:28:41.782417600,0.040417600,1
'2026-08-22 08:28:41.782417700,0.040417700,0
'2026-08-22 08:28:41.782428500,0.040428500,1
'2026-08-22 08:28:41.782443400,0.040443400,0
'2026-08-22 08:28:41.782449000,0.040449000,1
'2026-08-22 08:28:41.782449100,0.040449100,0
'2026-08-22 08:28:41.782450400,0.040450400,1
'2026-08-22 08:28:41.782450500,0.040450500,0
'2026-08-22 08:28:41.782454600,0.040454600,1
'2026-08-22 08:28:41.782469400,0.040469400,0
'2026-08-22 08:28:41.782480700,0.040480700,1
'2026-08-22 08:28:41.782495400,0.040495400,0
'2026-08-22 08:28:41.782506800,0.040506800,1
'2026-08-22 08:28:41.783720800,0.041720800,0
'2026-08-22 08:28:41.783732300,0.041732300,1
'2026-08-22 08:28:41.783746900,0.041746900,0
'2026-08-22 08:28:41.783758400,0.041758400,1
'2026-08-22 08:28:41.783773100,0.041773100,0
'2026-08-22 08:28:41.783773200,0.041773200,1
'2026-08-22 08:28:41.783773300,0.041773300,0
'2026-08-22 08:28:41.783775900,0.041775900,1
'2026-08-22 08:28:41.783776000,0.041776000,0
'2026-08-22 08:28:41.783784500,0.041784500,1
'2026-08-22 08:28:41.783799000,0.041799000,0
'2026-08-22 08:28:41.783810600,0.041810600,1
'2026-08-22 08:28:41.783825700,0.041825700,0
'2026-08-22 08:28:41.783826100,0.041826100,1
'2026-08-22 08:28:41.783826200,0.041826200,0
'2026-08-22 08:28:41.783836700,0.041836700,1
'2026-08-22 08:28:41.783851300,0.041851300,0
'2026-08-22 08:28:41.783862800,0.041862800,1
'2026-08-22 08:28:41.783877700,0.041877700,0
'2026-08-22 08:28:41.783888900,0.041888900,1
'2026-08-22 08:28:41.783903400,0.041903400,0
'2026-08-22 08:28:41.783903700,0.041903700,1
'2026-08-22 08:28:41.783903800,0.041903800,0
'2026-08-22 08:28:41.783914900,0.041914900,1
'2026-08-22 08:28:41.783929700,0.041929700,0
'2026-08-22 08:28:41.783933200,0.041933200,1
'2026-08-22 08:28:41.783933300,0.041933300,0
'2026-08-22 08:28:41.783941000,0.041941000,1
'2026-08-22 08:28:41.783956100,0.041956100,0
'2026-08-22 08:28:41.783967100,0.041967100,1
'2026-08-22 08:28:41.783981700,0.041981700,0
'2026-08-22 08:28:41.783993200,0.041993200,1
'2026-08-22 08:28:41.784008100,0.042008100,0
'2026-08-22 08:28:41.784019300,0.042019300,1
'2026-08-22 08:28:41.784033900,0.042033900,0
'2026-08-22 08:28:41.784034100,0.042034100,1
'2026-08-22 08:28:41.784034200,0.042034200,0
'2026-08-22 08:28:41.784045400,0.042045400,1
'2026-08-22 08:28:41.784060000,0.042060000,0
'2026-08-22 08:28:41.784071500,0.042071500,1
'2026-08-22 08:28:41.784086400,0.042086400,0
'2026-08-22 08:28:41.784086500,0.042086500,1
'2026-08-22 08:28:41.784086800,0.042086800,0
'2026-08-22 08:28:41.784097500,0.042097500,1
'2026-08-22 08:28:41.784112100,0.042112100,0
'2026-08-22 08:28:41.784117400,0.042117400,1
'2026-08-22 08:28:41.784117500,0.042117500,0
'2026-08-22 08:28:41.784123600,0.042123600,1
'2026-08-22 08:28:41.784539600,0.042539600,0
'2026-08-22 08:28:41.784540800,0.042540800,1
'2026-08-22 08:28:41.784555600,0.042555600,0
'2026-08-22 08:28:41.784566900,0.042566900,1
'2026-08-22 08:28:41.784581700,0.042581700,0
'2026-08-22 08:28:41.784593000,0.042593000,1
'2026-08-22 08:28:41.784607800,0.042607800,0
'2026-08-22 08:28:41.784619100,0.042619100,1
'2026-08-22 08:28:41.784633700,0.042633700,0
'2026-08-22 08:28:41.784645200,0.042645200,1
'2026-08-22 08:28:41.784659800,0.042659800,0
'2026-08-22 08:28:41.784659900,0.042659900,1
'2026-08-22 08:28:41.784660000,0.042660000,0
'2026-08-22 08:28:41.784671300,0.042671300,1
'2026-08-22 08:28:41.784686000,0.042686000,0
'2026-08-22 08:28:41.784697400,0.042697400,1
'2026-08-22 08:28:41.784712300,0.042712300,0
'2026-08-22 08:28:41.784723400,0.042723400,1
'2026-08-22 08:28:41.784738200,0.042738200,0
'2026-08-22 08:28:41.784738500,0.042738500,1
'2026-08-22 08:28:41.784738600,0.042738600,0
'2026-08-22 08:28:41.784749500,0.042749500,1
'2026-08-22 08:28:41.784764200,0.042764200,0
'2026-08-22 08:28:41.784775600,0.042775600,1
'2026-08-22 08:28:41.784790600,0.042790600,0
'2026-08-22 08:28:41.784801700,0.042801700,1
'2026-08-22 08:28:41.784816300,0.042816300,0
'2026-08-22 08:28:41.784827800,0.042827800,1
'2026-08-22 08:28:41.784842700,0.042842700,0
'2026-08-22 08:28:41.784853900,0.042853900,1
'2026-08-22 08:28:41.784868400,0.042868400,0
'2026-08-22 08:28:41.784868700,0.042868700,1
'2026-08-22 08:28:41.784868800,0.042868800,0
'2026-08-22 08:28:41.784869900,0.042869900,1
'2026-08-22 08:28:41.784870000,0.042870000,0
'2026-08-22 08:28:41.784880000,0.042880000,1
'2026-08-22 08:28:41.784894600,0.042894600,0
'2026-08-22 08:28:41.784905600,0.042905600,1
'2026-08-22 08:28:41.784905700,0.042905700,0
'2026-08-22 08:28:41.784906000,0.042906000,1
'2026-08-22 08:28:41.784920900,0.042920900,0
'2026-08-22 08:28:41.784921300,0.042921300,1
'2026-08-22 08:28:41.784921400,0.042921400,0
'2026-08-22 08:28:41.784932100,0.042932100,1
'2026-08-22 08:28:41.784946800,0.042946800,0
'2026-08-22 08:28:41.784948600,0.042948600,1
'2026-08-22 08:28:41.785364100,0.043364100,0
'2026-08-22 08:28:41.785374500,0.043374500,1
'2026-08-22 08:28:41.785374600,0.043374600,0
'2026-08-22 08:28:41.785375400,0.043375400,1
'2026-08-22 08:28:41.785390100,0.043390100,0
'2026-08-22 08:28:41.785390200,0.043390200,1
'2026-08-22 08:28:41.785390300,0.043390300,0
'2026-08-22 08:28:41.785401500,0.043401500,1
'2026-08-22 08:28:41.785416300,0.043416300,0
'2026-08-22 08:28:41.785427600,0.043427600,1
'2026-08-22 08:28:41.785442400,0.043442400,0
'2026-08-22 08:28:41.785453700,0.043453700,1
'2026-08-22 08:28:41.785468300,0.043468300,0
'2026-08-22 08:28:41.785479800,0.043479800,1
'2026-08-22 08:28:41.785494500,0.043494500,0
'2026-08-22 08:28:41.785495100,0.043495100,1
'2026-08-22 08:28:41.785495200,0.043495200,0
'2026-08-22 08:28:41.785505800,0.043505800,1
'2026-08-22 08:28:41.785520600,0.043520600,0
'2026-08-22 08:28:41.785521100,0.043521100,1
'2026-08-22 08:28:41.785521200,0.043521200,0
'2026-08-22 08:28:41.785531900,0.043531900,1
'2026-08-22 08:28:41.785546600,0.043546600,0
'2026-08-22 08:28:41.785558000,0.043558000,1
'2026-08-22 08:28:41.785572800,0.043572800,0
'2026-08-22 08:28:41.785573000,0.043573000,1
'2026-08-22 08:28:41.785573200,0.043573200,0
'2026-08-22 08:28:41.785573600,0.043573600,1
'2026-08-22 08:28:41.785573700,0.043573700,0
'2026-08-22 08:28:41.785583600,0.043583600,1
'2026-08-22 08:28:41.785583700,0.043583700,0
'2026-08-22 08:28:41.785584100,0.043584100,1
'2026-08-22 08:28:41.785598900,0.043598900,0
'2026-08-22 08:28:41.785602500,0.043602500,1
'2026-08-22 08:28:41.785602600,0.043602600,0
'2026-08-22 08:28:41.785610200,0.043610200,1
'2026-08-22 08:28:41.785625100,0.043625100,0
'2026-08-22 08:28:41.785636300,0.043636300,1
'2026-08-22 08:28:41.785650900,0.043650900,0
'2026-08-22 08:28:41.785651300,0.043651300,1
'2026-08-22 08:28:41.785651400,0.043651400,0
'2026-08-22 08:28:41.785662400,0.043662400,1
'2026-08-22 08:28:41.785677300,0.043677300,0
'2026-08-22 08:28:41.785688400,0.043688400,1
'2026-08-22 08:28:41.785703400,0.043703400,0
'2026-08-22 08:28:41.785714500,0.043714500,1
'2026-08-22 08:28:41.785729200,0.043729200,0
'2026-08-22 08:28:41.785740600,0.043740600,1
'2026-08-22 08:28:41.785755500,0.043755500,0
'2026-08-22 08:28:41.785766700,0.043766700,1
'2026-08-22 08:28:41.786198800,0.044198800,0
'2026-08-22 08:28:41.786210000,0.044210000,1
'2026-08-22 08:28:41.786224600,0.044224600,0
'2026-08-22 08:28:41.786225400,0.044225400,1
'2026-08-22 08:28:41.786225500,0.044225500,0
'2026-08-22 08:28:41.786236100,0.044236100,1
'2026-08-22 08:28:41.786250800,0.044250800,0
'2026-08-22 08:28:41.786251100,0.044251100,1
'2026-08-22 08:28:41.786251200,0.044251200,0
'2026-08-22 08:28:41.786262100,0.044262100,1
'2026-08-22 08:28:41.786276900,0.044276900,0
'2026-08-22 08:28:41.786288200,0.044288200,1
'2026-08-22 08:28:41.786303000,0.044303000,0
'2026-08-22 08:28:41.786303100,0.044303100,1
'2026-08-22 08:28:41.786303200,0.044303200,0
'2026-08-22 08:28:41.786314300,0.044314300,1
'2026-08-22 08:28:41.786328900,0.044328900,0
'2026-08-22 08:28:41.786329000,0.044329000,1
'2026-08-22 08:28:41.786329300,0.044329300,0
'2026-08-22 08:28:41.786329400,0.044329400,1
'2026-08-22 08:28:41.786329500,0.044329500,0
'2026-08-22 08:28:41.786340400,0.044340400,1
'2026-08-22 08:28:41.786355200,0.044355200,0
'2026-08-22 08:28:41.786355300,0.044355300,1
'2026-08-22 08:28:41.786355400,0.044355400,0
'2026-08-22 08:28:41.786366500,0.044366500,1
'2026-08-22 08:28:41.786381200,0.044381200,0
'2026-08-22 08:28:41.786392600,0.044392600,1
'2026-08-22 08:28:41.786407200,0.044407200,0
'2026-08-22 08:28:41.786418700,0.044418700,1
'2026-08-22 08:28:41.786433400,0.044433400,0
'2026-08-22 08:28:41.786444700,0.044444700,1
'2026-08-22 08:28:41.786459500,0.044459500,0
'2026-08-22 08:28:41.786459600,0.044459600,1
'2026-08-22 08:28:41.786459800,0.044459800,0
'2026-08-22 08:28:41.786470800,0.044470800,1
'2026-08-22 08:28:41.786485600,0.044485600,0
'2026-08-22 08:28:41.786496900,0.044496900,1
'2026-08-22 08:28:41.786511800,0.044511800,0
'2026-08-22 08:28:41.786523000,0.044523000,1
'2026-08-22 08:28:41.786537800,0.044537800,0
'2026-08-22 08:28:41.786549100,0.044549100,1
'2026-08-22 08:28:41.786563800,0.044563800,0
'2026-08-22 08:28:41.786575200,0.044575200,1
'2026-08-22 08:28:41.786590200,0.044590200,0
'2026-08-22 08:28:41.786595500,0.044595500,1
'2026-08-22 08:28:41.787009700,0.045009700,0
'2026-08-22 08:28:41.787018400,0.045018400,1
'2026-08-22 08:28:41.787033000,0.045033000,0
'2026-08-22 08:28:41.787033300,0.045033300,1
'2026-08-22 08:28:41.787033400,0.045033400,0
'2026-08-22 08:28:41.787044500,0.045044500,1
'2026-08-22 08:28:41.787059200,0.045059200,0
'2026-08-22 08:28:41.787070600,0.045070600,1
'2026-08-22 08:28:41.787085400,0.045085400,0
'2026-08-22 08:28:41.787085800,0.045085800,1
'2026-08-22 08:28:41.787085900,0.045085900,0
'2026-08-22 08:28:41.787096700,0.045096700,1
'2026-08-22 08:28:41.787111400,0.045111400,0
'2026-08-22 08:28:41.787122800,0.045122800,1
'2026-08-22 08:28:41.787137400,0.045137400,0
'2026-08-22 08:28:41.787148900,0.045148900,1
'2026-08-22 08:28:41.787163600,0.045163600,0
'2026-08-22 08:28:41.787175000,0.045175000,1
'2026-08-22 08:28:41.787189700,0.045189700,0
'2026-08-22 08:28:41.787201000,0.045201000,1
'2026-08-22 08:28:41.787215800,0.045215800,0
'2026-08-22 08:28:41.787227100,0.045227100,1
'2026-08-22 08:28:41.787242000,0.045242000,0
'2026-08-22 08:28:41.787242900,0.045242900,1
'2026-08-22 08:28:41.787243000,0.045243000,0
'2026-08-22 08:28:41.787253200,0.045253200,1
'2026-08-22 08:28:41.787267800,0.045267800,0
'2026-08-22 08:28:41.787279300,0.045279300,1
'2026-08-22 08:28:41.787294000,0.045294000,0
'2026-08-22 08:28:41.787294300,0.045294300,1
'2026-08-22 08:28:41.787294400,0.045294400,0
'2026-08-22 08:28:41.787294900,0.045294900,1
'2026-08-22 08:28:41.787295000,0.045295000,0
'2026-08-22 08:28:41.787304500,0.045304500,1
'2026-08-22 08:28:41.787304600,0.045304600,0
'2026-08-22 08:28:41.787305400,0.045305400,1
'2026-08-22 08:28:41.787320200,0.045320200,0
'2026-08-22 08:28:41.787331500,0.045331500,1
'2026-08-22 08:28:41.787346500,0.045346500,0
'2026-08-22 08:28:41.787346900,0.045346900,1
'2026-08-22 08:28:41.787347000,0.045347000,0
'2026-08-22 08:28:41.787357300,0.045357300,1
'2026-08-22 08:28:41.787357400,0.045357400,0
'2026-08-22 08:28:41.787357600,0.045357600,1
'2026-08-22 08:28:41.787372200,0.045372200,0
'2026-08-22 08:28:41.787383600,0.045383600,1
'2026-08-22 08:28:41.787398500,0.045398500,0
'2026-08-22 08:28:41.787398600,0.045398600,1
'2026-08-22 08:28:41.787398700,0.045398700,0
'2026-08-22 08:28:41.787398900,0.045398900,1
'2026-08-22 08:28:41.787399000,0.045399000,0
'2026-08-22 08:28:41.787409700,0.045409700,1
'2026-08-22 08:28:41.787841600,0.045841600,0
'2026-08-22 08:28:41.787853000,0.045853000,1
'2026-08-22 08:28:41.787867800,0.045867800,0
'2026-08-22 08:28:41.787868000,0.045868000,1
'2026-08-22 08:28:41.787868200,0.045868200,0
'2026-08-22 08:28:41.787879100,0.045879100,1
'2026-08-22 08:28:41.787893900,0.045893900,0
'2026-08-22 08:28:41.787896400,0.045896400,1
'2026-08-22 08:28:41.787896500,0.045896500,0
'2026-08-22 08:28:41.787905200,0.045905200,1
'2026-08-22 08:28:41.787920000,0.045920000,0
'2026-08-22 08:28:41.787931300,0.045931300,1
'2026-08-22 08:28:41.787946000,0.045946000,0
'2026-08-22 08:28:41.787957300,0.045957300,1
'2026-08-22 08:28:41.787972200,0.045972200,0
'2026-08-22 08:28:41.787983500,0.045983500,1
'2026-08-22 08:28:41.787998500,0.045998500,0
'2026-08-22 08:28:41.788009500,0.046009500,1
'2026-08-22 08:28:41.788024200,0.046024200,0
'2026-08-22 08:28:41.788035600,0.046035600,1
'2026-08-22 08:28:41.788050400,0.046050400,0
'2026-08-22 08:28:41.788061700,0.046061700,1
'2026-08-22 08:28:41.788076400,0.046076400,0
'2026-08-22 08:28:41.788076500,0.046076500,1
'2026-08-22 08:28:41.788076700,0.046076700,0
'2026-08-22 08:28:41.788077800,0.046077800,1
'2026-08-22 08:28:41.788077900,0.046077900,0
'2026-08-22 08:28:41.788078400,0.046078400,1
'2026-08-22 08:28:41.788078500,0.046078500,0
'2026-08-22 08:28:41.788087800,0.046087800,1
'2026-08-22 08:28:41.788102400,0.046102400,0
'2026-08-22 08:28:41.788108900,0.046108900,1
'2026-08-22 08:28:41.788109000,0.046109000,0
'2026-08-22 08:28:41.788109900,0.046109900,1
'2026-08-22 08:28:41.788110000,0.046110000,0
'2026-08-22 08:28:41.788113900,0.046113900,1
'2026-08-22 08:28:41.788129000,0.046129000,0
'2026-08-22 08:28:41.788129200,0.046129200,1
'2026-08-22 08:28:41.788129300,0.046129300,0
'2026-08-22 08:28:41.788130900,0.046130900,1
'2026-08-22 08:28:41.788131000,0.046131000,0
'2026-08-22 08:28:41.788132100,0.046132100,1
'2026-08-22 08:28:41.788132200,0.046132200,0
'2026-08-22 08:28:41.788139900,0.046139900,1
'2026-08-22 08:28:41.788154500,0.046154500,0
'2026-08-22 08:28:41.788159600,0.046159600,1
'2026-08-22 08:28:41.788159700,0.046159700,0
'2026-08-22 08:28:41.788166000,0.046166000,1
'2026-08-22 08:28:41.788181100,0.046181100,0
'2026-08-22 08:28:41.788192100,0.046192100,1
'2026-08-22 08:28:41.788206600,0.046206600,0
'2026-08-22 08:28:41.788218200,0.046218200,1
'2026-08-22 08:28:41.788233000,0.046233000,0
'2026-08-22 08:28:41.788233100,0.046233100,1
'2026-08-22 08:28:41.788233200,0.046233200,0
'2026-08-22 08:28:41.788237800,0.046237800,1
'2026-08-22 08:28:41.788237900,0.046237900,0
'2026-08-22 08:28:41.788242000,0.046242000,1
'2026-08-22 08:28:41.789458600,0.047458600,0
'2026-08-22 08:28:41.789469900,0.047469900,1
'2026-08-22 08:28:41.789484500,0.047484500,0
'2026-08-22 08:28:41.789484700,0.047484700,1
'2026-08-22 08:28:41.789484800,0.047484800,0
'2026-08-22 08:28:41.789484900,0.047484900,1
'2026-08-22 08:28:41.789485000,0.047485000,0
'2026-08-22 08:28:41.789496000,0.047496000,1
'2026-08-22 08:28:41.789510600,0.047510600,0
'2026-08-22 08:28:41.789522100,0.047522100,1
'2026-08-22 08:28:41.789536800,0.047536800,0
'2026-08-22 08:28:41.789539600,0.047539600,1
'2026-08-22 08:28:41.789539700,0.047539700,0
'2026-08-22 08:28:41.789548200,0.047548200,1
'2026-08-22 08:28:41.789563000,0.047563000,0
'2026-08-22 08:28:41.789574200,0.047574200,1
'2026-08-22 08:28:41.789589000,0.047589000,0
'2026-08-22 08:28:41.789600300,0.047600300,1
'2026-08-22 08:28:41.789615000,0.047615000,0
'2026-08-22 08:28:41.789626400,0.047626400,1
'2026-08-22 08:28:41.789641000,0.047641000,0
'2026-08-22 08:28:41.789652500,0.047652500,1
'2026-08-22 08:28:41.789667600,0.047667600,0
'2026-08-22 08:28:41.789667700,0.047667700,1
'2026-08-22 08:28:41.789667800,0.047667800,0
'2026-08-22 08:28:41.789668000,0.047668000,1
'2026-08-22 08:28:41.789668100,0.047668100,0
'2026-08-22 08:28:41.789678600,0.047678600,1
'2026-08-22 08:28:41.789693300,0.047693300,0
'2026-08-22 08:28:41.789699000,0.047699000,1
'2026-08-22 08:28:41.789699100,0.047699100,0
'2026-08-22 08:28:41.789704700,0.047704700,1
'2026-08-22 08:28:41.789719500,0.047719500,0
'2026-08-22 08:28:41.789730800,0.047730800,1
'2026-08-22 08:28:41.789745400,0.047745400,0
'2026-08-22 08:28:41.789745700,0.047745700,1
'2026-08-22 08:28:41.789745800,0.047745800,0
'2026-08-22 08:28:41.789756800,0.047756800,1
'2026-08-22 08:28:41.789771600,0.047771600,0
'2026-08-22 08:28:41.789775800,0.047775800,1
'2026-08-22 08:28:41.789775900,0.047775900,0
'2026-08-22 08:28:41.789781300,0.047781300,1
'2026-08-22 08:28:41.789781400,0.047781400,0
'2026-08-22 08:28:41.789782900,0.047782900,1
'2026-08-22 08:28:41.789797900,0.047797900,0
'2026-08-22 08:28:41.789809000,0.047809000,1
'2026-08-22 08:28:41.789823800,0.047823800,0
'2026-08-22 08:28:41.789835100,0.047835100,1
'2026-08-22 08:28:41.789850000,0.047850000,0
'2026-08-22 08:28:41.789850200,0.047850200,1
'2026-08-22 08:28:41.789850300,0.047850300,0
'2026-08-22 08:28:41.789861200,0.047861200,1
'2026-08-22 08:28:41.791075600,0.049075600,0
'2026-08-22 08:28:41.791086700,0.049086700,1
'2026-08-22 08:28:41.791101400,0.049101400,0
'2026-08-22 08:28:41.791112800,0.049112800,1
'2026-08-22 08:28:41.791127800,0.049127800,0
'2026-08-22 08:28:41.791138900,0.049138900,1
'2026-08-22 08:28:41.791153400,0.049153400,0
'2026-08-22 08:28:41.791165000,0.049165000,1
'2026-08-22 08:28:41.791179800,0.049179800,0
'2026-08-22 08:28:41.791191100,0.049191100,1
'2026-08-22 08:28:41.791205600,0.049205600,0
'2026-08-22 08:28:41.791205700,0.049205700,1
'2026-08-22 08:28:41.791205800,0.049205800,0
'2026-08-22 08:28:41.791205900,0.049205900,1
'2026-08-22 08:28:41.791206000,0.049206000,0
'2026-08-22 08:28:41.791217200,0.049217200,1
'2026-08-22 08:28:41.791231800,0.049231800,0
'2026-08-22 08:28:41.791243300,0.049243300,1
'2026-08-22 08:28:41.791258000,0.049258000,0
'2026-08-22 08:28:41.791258100,0.049258100,1
'2026-08-22 08:28:41.791258200,0.049258200,0
'2026-08-22 08:28:41.791269300,0.049269300,1
'2026-08-22 08:28:41.791284000,0.049284000,0
'2026-08-22 08:28:41.791295400,0.049295400,1
'2026-08-22 08:28:41.791310100,0.049310100,0
'2026-08-22 08:28:41.791312500,0.049312500,1
'2026-08-22 08:28:41.791312600,0.049312600,0
'2026-08-22 08:28:41.791321500,0.049321500,1
'2026-08-22 08:28:41.791336200,0.049336200,0
'2026-08-22 08:28:41.791347600,0.049347600,1
'2026-08-22 08:28:41.791362200,0.049362200,0
'2026-08-22 08:28:41.791373700,0.049373700,1
'2026-08-22 08:28:41.791388800,0.049388800,0
'2026-08-22 08:28:41.791389200,0.049389200,1
'2026-08-22 08:28:41.791389300,0.049389300,0
'2026-08-22 08:28:41.791399700,0.049399700,1
'2026-08-22 08:28:41.791414400,0.049414400,0
'2026-08-22 08:28:41.791420500,0.049420500,1
'2026-08-22 08:28:41.791420600,0.049420600,0
'2026-08-22 08:28:41.791425800,0.049425800,1
'2026-08-22 08:28:41.791440700,0.049440700,0
'2026-08-22 08:28:41.791451900,0.049451900,1
'2026-08-22 08:28:41.791466800,0.049466800,0
'2026-08-22 08:28:41.791467300,0.049467300,1
'2026-08-22 08:28:41.791467400,0.049467400,0
'2026-08-22 08:28:41.791478000,0.049478000,1
'2026-08-22 08:28:41.792692100,0.050692100,0
'2026-08-22 08:28:41.792703600,0.050703600,1
'2026-08-22 08:28:41.792718300,0.050718300,0
'2026-08-22 08:28:41.792729700,0.050729700,1
'2026-08-22 08:28:41.792744300,0.050744300,0
'2026-08-22 08:28:41.792744500,0.050744500,1
'2026-08-22 08:28:41.792744600,0.050744600,0
'2026-08-22 08:28:41.792755800,0.050755800,1
'2026-08-22 08:28:41.792770400,0.050770400,0
'2026-08-22 08:28:41.792781800,0.050781800,1
'2026-08-22 08:28:41.792796400,0.050796400,0
'2026-08-22 08:28:41.792796500,0.050796500,1
'2026-08-22 08:28:41.792796600,0.050796600,0
'2026-08-22 08:28:41.792807900,0.050807900,1
'2026-08-22 08:28:41.792822400,0.050822400,0
'2026-08-22 08:28:41.792834000,0.050834000,1
'2026-08-22 08:28:41.792848600,0.050848600,0
'2026-08-22 08:28:41.792860100,0.050860100,1
'2026-08-22 08:28:41.792875000,0.050875000,0
'2026-08-22 08:28:41.792886200,0.050886200,1
'2026-08-22 08:28:41.792900800,0.050900800,0
'2026-08-22 08:28:41.792901000,0.050901000,1
'2026-08-22 08:28:41.792901100,0.050901100,0
'2026-08-22 08:28:41.792908900,0.050908900,1
'2026-08-22 08:28:41.792909000,0.050909000,0
'2026-08-22 08:28:41.792912300,0.050912300,1
'2026-08-22 08:28:41.792927000,0.050927000,0
'2026-08-22 08:28:41.792927300,0.050927300,1
'2026-08-22 08:28:41.792927400,0.050927400,0
'2026-08-22 08:28:41.792938400,0.050938400,1
'2026-08-22 08:28:41.792953100,0.050953100,0
'2026-08-22 08:28:41.792964500,0.050964500,1
'2026-08-22 08:28:41.792979200,0.050979200,0
'2026-08-22 08:28:41.792979300,0.050979300,1
'2026-08-22 08:28:41.792979400,0.050979400,0
'2026-08-22 08:28:41.792990500,0.050990500,1
'2026-08-22 08:28:41.793005200,0.051005200,0
'2026-08-22 08:28:41.793016600,0.051016600,1
'2026-08-22 08:28:41.793031400,0.051031400,0
'2026-08-22 08:28:41.793042700,0.051042700,1
'2026-08-22 08:28:41.793057500,0.051057500,0
'2026-08-22 08:28:41.793057600,0.051057600,1
'2026-08-22 08:28:41.793057700,0.051057700,0
'2026-08-22 08:28:41.793068800,0.051068800,1
'2026-08-22 08:28:41.793083500,0.051083500,0
'2026-08-22 08:28:41.793092200,0.051092200,1
'2026-08-22 08:28:41.794309000,0.052309000,0
'2026-08-22 08:28:41.794320500,0.052320500,1
'2026-08-22 08:28:41.794335000,0.052335000,0
'2026-08-22 08:28:41.794335100,0.052335100,1
'2026-08-22 08:28:41.794335200,0.052335200,0
'2026-08-22 08:28:41.794346500,0.052346500,1
'2026-08-22 08:28:41.794361100,0.052361100,0
'2026-08-22 08:28:41.794372600,0.052372600,1
'2026-08-22 08:28:41.794387200,0.052387200,0
'2026-08-22 08:28:41.794398700,0.052398700,1
'2026-08-22 08:28:41.794413500,0.052413500,0
'2026-08-22 08:28:41.794424800,0.052424800,1
'2026-08-22 08:28:41.794439300,0.052439300,0
'2026-08-22 08:28:41.794450900,0.052450900,1
'2026-08-22 08:28:41.794465600,0.052465600,0
'2026-08-22 08:28:41.794477000,0.052477000,1
'2026-08-22 08:28:41.794491500,0.052491500,0
'2026-08-22 08:28:41.794503100,0.052503100,1
'2026-08-22 08:28:41.794517700,0.052517700,0
'2026-08-22 08:28:41.794529200,0.052529200,1
'2026-08-22 08:28:41.794543800,0.052543800,0
'2026-08-22 08:28:41.794555200,0.052555200,1
'2026-08-22 08:28:41.794569800,0.052569800,0
'2026-08-22 08:28:41.794581300,0.052581300,1
'2026-08-22 08:28:41.794596300,0.052596300,0
'2026-08-22 08:28:41.794607400,0.052607400,1
'2026-08-22 08:28:41.794622100,0.052622100,0
'2026-08-22 08:28:41.794633500,0.052633500,1
'2026-08-22 08:28:41.794648100,0.052648100,0
'2026-08-22 08:28:41.794648200,0.052648200,1
'2026-08-22 08:28:41.794648300,0.052648300,0
'2026-08-22 08:28:41.794659600,0.052659600,1
'2026-08-22 08:28:41.794674400,0.052674400,0
'2026-08-22 08:28:41.794674500,0.052674500,1
'2026-08-22 08:28:41.794674600,0.052674600,0
'2026-08-22 08:28:41.794685700,0.052685700,1
'2026-08-22 08:28:41.794700300,0.052700300,0
'2026-08-22 08:28:41.794711800,0.052711800,1
'2026-08-22 08:28:41.795925800,0.053925800,0
'2026-08-22 08:28:41.795937300,0.053937300,1
'2026-08-22 08:28:41.795951900,0.053951900,0
'2026-08-22 08:28:41.795963300,0.053963300,1
'2026-08-22 08:28:41.795977800,0.053977800,0
'2026-08-22 08:28:41.795989400,0.053989400,1
'2026-08-22 08:28:41.796004100,0.054004100,0
'2026-08-22 08:28:41.796004300,0.054004300,1
'2026-08-22 08:28:41.796004400,0.054004400,0
'2026-08-22 08:28:41.796015500,0.054015500,1
'2026-08-22 08:28:41.796030200,0.054030200,0
'2026-08-22 08:28:41.796041600,0.054041600,1
'2026-08-22 08:28:41.796056300,0.054056300,0
'2026-08-22 08:28:41.796067700,0.054067700,1
'2026-08-22 08:28:41.796082400,0.054082400,0
'2026-08-22 08:28:41.796082500,0.054082500,1
'2026-08-22 08:28:41.796082600,0.054082600,0
'2026-08-22 08:28:41.796093800,0.054093800,1
'2026-08-22 08:28:41.796108400,0.054108400,0
'2026-08-22 08:28:41.796119900,0.054119900,1
'2026-08-22 08:28:41.796134700,0.054134700,0
'2026-08-22 08:28:41.796146000,0.054146000,1
'2026-08-22 08:28:41.796160500,0.054160500,0
'2026-08-22 08:28:41.796172000,0.054172000,1
'2026-08-22 08:28:41.796186700,0.054186700,0
'2026-08-22 08:28:41.796198100,0.054198100,1
'2026-08-22 08:28:41.796212900,0.054212900,0
'2026-08-22 08:28:41.796224200,0.054224200,1
'2026-08-22 08:28:41.796238800,0.054238800,0
'2026-08-22 08:28:41.796239100,0.054239100,1
'2026-08-22 08:28:41.796239200,0.054239200,0
'2026-08-22 08:28:41.796239600,0.054239600,1
'2026-08-22 08:28:41.796239700,0.054239700,0
'2026-08-22 08:28:41.796250300,0.054250300,1
'2026-08-22 08:28:41.796265000,0.054265000,0
'2026-08-22 08:28:41.796276400,0.054276400,1
'2026-08-22 08:28:41.796291200,0.054291200,0
'2026-08-22 08:28:41.796302500,0.054302500,1
'2026-08-22 08:28:41.796317000,0.054317000,0
'2026-08-22 08:28:41.796317100,0.054317100,1
'2026-08-22 08:28:41.796317200,0.054317200,0
'2026-08-22 08:28:41.796328200,0.054328200,1
'2026-08-22 08:28:41.797542800,0.055542800,0
'2026-08-22 08:28:41.797554100,0.055554100,1
'2026-08-22 08:28:41.797568800,0.055568800,0
'2026-08-22 08:28:41.797580200,0.055580200,1
'2026-08-22 08:28:41.797594800,0.055594800,0
'2026-08-22 08:28:41.797606300,0.055606300,1
'2026-08-22 08:28:41.797621100,0.055621100,0
'2026-08-22 08:28:41.797621400,0.055621400,1
'2026-08-22 08:28:41.797621500,0.055621500,0
'2026-08-22 08:28:41.797632400,0.055632400,1
'2026-08-22 08:28:41.797646900,0.055646900,0
'2026-08-22 08:28:41.797658500,0.055658500,1
'2026-08-22 08:28:41.797673200,0.055673200,0
'2026-08-22 08:28:41.797673300,0.055673300,1
'2026-08-22 08:28:41.797673500,0.055673500,0
'2026-08-22 08:28:41.797684600,0.055684600,1
'2026-08-22 08:28:41.797699200,0.055699200,0
'2026-08-22 08:28:41.797710700,0.055710700,1
'2026-08-22 08:28:41.797725400,0.055725400,0
'2026-08-22 08:28:41.797736800,0.055736800,1
'2026-08-22 08:28:41.797751400,0.055751400,0
'2026-08-22 08:28:41.797751500,0.055751500,1
'2026-08-22 08:28:41.797751700,0.055751700,0
'2026-08-22 08:28:41.797762800,0.055762800,1
'2026-08-22 08:28:41.797777500,0.055777500,0
'2026-08-22 08:28:41.797788900,0.055788900,1
'2026-08-22 08:28:41.797803800,0.055803800,0
'2026-08-22 08:28:41.797813300,0.055813300,1
'2026-08-22 08:28:41.797813400,0.055813400,0
'2026-08-22 08:28:41.797815000,0.055815000,1
'2026-08-22 08:28:41.797829500,0.055829500,0
'2026-08-22 08:28:41.797841100,0.055841100,1
'2026-08-22 08:28:41.797855700,0.055855700,0
'2026-08-22 08:28:41.797867200,0.055867200,1
'2026-08-22 08:28:41.797881900,0.055881900,0
'2026-08-22 08:28:41.797893300,0.055893300,1
'2026-08-22 08:28:41.797907800,0.055907800,0
'2026-08-22 08:28:41.797919400,0.055919400,1
'2026-08-22 08:28:41.797934100,0.055934100,0
'2026-08-22 08:28:41.797934300,0.055934300,1
'2026-08-22 08:28:41.797934500,0.055934500,0
'2026-08-22 08:28:41.797942800,0.055942800,1
'2026-08-22 08:28:41.798377200,0.056377200,0
'2026-08-22 08:28:41.798388700,0.056388700,1
'2026-08-22 08:28:41.798403300,0.056403300,0
'2026-08-22 08:28:41.798414800,0.056414800,1
'2026-08-22 08:28:41.798429600,0.056429600,0
'2026-08-22 08:28:41.798434300,0.056434300,1
'2026-08-22 08:28:41.798434400,0.056434400,0
'2026-08-22 08:28:41.798440900,0.056440900,1
'2026-08-22 08:28:41.798455600,0.056455600,0
'2026-08-22 08:28:41.798455800,0.056455800,1
'2026-08-22 08:28:41.798455900,0.056455900,0
'2026-08-22 08:28:41.798467000,0.056467000,1
'2026-08-22 08:28:41.798481600,0.056481600,0
'2026-08-22 08:28:41.798493100,0.056493100,1
'2026-08-22 08:28:41.798507900,0.056507900,0
'2026-08-22 08:28:41.798508300,0.056508300,1
'2026-08-22 08:28:41.798508400,0.056508400,0
'2026-08-22 08:28:41.798519200,0.056519200,1
'2026-08-22 08:28:41.798533800,0.056533800,0
'2026-08-22 08:28:41.798545200,0.056545200,1
'2026-08-22 08:28:41.798560000,0.056560000,0
'2026-08-22 08:28:41.798571300,0.056571300,1
'2026-08-22 08:28:41.798586100,0.056586100,0
'2026-08-22 08:28:41.798597400,0.056597400,1
'2026-08-22 08:28:41.798612100,0.056612100,0
'2026-08-22 08:28:41.798612200,0.056612200,1
'2026-08-22 08:28:41.798612300,0.056612300,0
'2026-08-22 08:28:41.798623500,0.056623500,1
'2026-08-22 08:28:41.798638200,0.056638200,0
'2026-08-22 08:28:41.798638500,0.056638500,1
'2026-08-22 08:28:41.798638700,0.056638700,0
'2026-08-22 08:28:41.798649600,0.056649600,1
'2026-08-22 08:28:41.798664100,0.056664100,0
'2026-08-22 08:28:41.798675700,0.056675700,1
'2026-08-22 08:28:41.798690400,0.056690400,0
'2026-08-22 08:28:41.798701800,0.056701800,1
'2026-08-22 08:28:41.798716400,0.056716400,0
'2026-08-22 08:28:41.798727800,0.056727800,1
'2026-08-22 08:28:41.798742600,0.056742600,0
'2026-08-22 08:28:41.798753900,0.056753900,1
'2026-08-22 08:28:41.799188200,0.057188200,0
'2026-08-22 08:28:41.799197200,0.057197200,1
'2026-08-22 08:28:41.799211800,0.057211800,0
'2026-08-22 08:28:41.799223300,0.057223300,1
'2026-08-22 08:28:41.799237800,0.057237800,0
'2026-08-22 08:28:41.799249400,0.057249400,1
'2026-08-22 08:28:41.799264100,0.057264100,0
'2026-08-22 08:28:41.799275400,0.057275400,1
'2026-08-22 08:28:41.799290200,0.057290200,0
'2026-08-22 08:28:41.799301500,0.057301500,1
'2026-08-22 08:28:41.799316200,0.057316200,0
'2026-08-22 08:28:41.799327600,0.057327600,1
'2026-08-22 08:28:41.799342600,0.057342600,0
'2026-08-22 08:28:41.799342800,0.057342800,1
'2026-08-22 08:28:41.799343000,0.057343000,0
'2026-08-22 08:28:41.799353700,0.057353700,1
'2026-08-22 08:28:41.799368200,0.057368200,0
'2026-08-22 08:28:41.799379800,0.057379800,1
'2026-08-22 08:28:41.799394400,0.057394400,0
'2026-08-22 08:28:41.799405900,0.057405900,1
'2026-08-22 08:28:41.799420600,0.057420600,0
'2026-08-22 08:28:41.799432000,0.057432000,1
'2026-08-22 08:28:41.799447000,0.057447000,0
'2026-08-22 08:28:41.799458000,0.057458000,1
'2026-08-22 08:28:41.799472900,0.057472900,0
'2026-08-22 08:28:41.799484100,0.057484100,1
'2026-08-22 08:28:41.799498800,0.057498800,0
'2026-08-22 08:28:41.799510200,0.057510200,1
'2026-08-22 08:28:41.799525200,0.057525200,0
'2026-08-22 08:28:41.799536300,0.057536300,1
'2026-08-22 08:28:41.799550900,0.057550900,0
'2026-08-22 08:28:41.799562400,0.057562400,1
'2026-08-22 08:28:41.799577200,0.057577200,0
'2026-08-22 08:28:41.799588500,0.057588500,1
'2026-08-22 08:28:41.800020200,0.058020200,0
'2026-08-22 08:28:41.800020300,0.058020300,1
'2026-08-22 08:28:41.800020400,0.058020400,0
'2026-08-22 08:28:41.800031700,0.058031700,1
'2026-08-22 08:28:41.800046600,0.058046600,0
'2026-08-22 08:28:41.800057800,0.058057800,1
'2026-08-22 08:28:41.800072400,0.058072400,0
'2026-08-22 08:28:41.800083900,0.058083900,1
'2026-08-22 08:28:41.800098800,0.058098800,0
'2026-08-22 08:28:41.800110000,0.058110000,1
'2026-08-22 08:28:41.800124600,0.058124600,0
'2026-08-22 08:28:41.800124700,0.058124700,1
'2026-08-22 08:28:41.800124800,0.058124800,0
'2026-08-22 08:28:41.800136100,0.058136100,1
'2026-08-22 08:28:41.800150700,0.058150700,0
'2026-08-22 08:28:41.800162200,0.058162200,1
'2026-08-22 08:28:41.800176900,0.058176900,0
'2026-08-22 08:28:41.800188300,0.058188300,1
'2026-08-22 08:28:41.800203000,0.058203000,0
'2026-08-22 08:28:41.800214300,0.058214300,1
'2026-08-22 08:28:41.800229400,0.058229400,0
'2026-08-22 08:28:41.800229900,0.058229900,1
'2026-08-22 08:28:41.800230000,0.058230000,0
'2026-08-22 08:28:41.800240400,0.058240400,1
'2026-08-22 08:28:41.800254800,0.058254800,0
'2026-08-22 08:28:41.800254900,0.058254900,1
'2026-08-22 08:28:41.800255200,0.058255200,0
'2026-08-22 08:28:41.800266500,0.058266500,1
'2026-08-22 08:28:41.800281400,0.058281400,0
'2026-08-22 08:28:41.800292600,0.058292600,1
'2026-08-22 08:28:41.800307400,0.058307400,0
'2026-08-22 08:28:41.800310500,0.058310500,1
'2026-08-22 08:28:41.800310600,0.058310600,0
'2026-08-22 08:28:41.800318700,0.058318700,1
'2026-08-22 08:28:41.800333400,0.058333400,0
'2026-08-22 08:28:41.800344800,0.058344800,1
'2026-08-22 08:28:41.800359600,0.058359600,0
'2026-08-22 08:28:41.800370900,0.058370900,1
'2026-08-22 08:28:41.800385400,0.058385400,0
'2026-08-22 08:28:41.800396900,0.058396900,1
'2026-08-22 08:28:41.800411700,0.058411700,0
'2026-08-22 08:28:41.800420400,0.058420400,1
'2026-08-22 08:28:41.801637000,0.059637000,0
'2026-08-22 08:28:41.801648700,0.059648700,1
'2026-08-22 08:28:41.801663400,0.059663400,0
'2026-08-22 08:28:41.801674700,0.059674700,1
'2026-08-22 08:28:41.801689200,0.059689200,0
'2026-08-22 08:28:41.801689300,0.059689300,1
'2026-08-22 08:28:41.801689400,0.059689400,0
'2026-08-22 08:28:41.801700800,0.059700800,1
'2026-08-22 08:28:41.801715700,0.059715700,0
'2026-08-22 08:28:41.801716300,0.059716300,1
'2026-08-22 08:28:41.801716400,0.059716400,0
'2026-08-22 08:28:41.801726900,0.059726900,1
'2026-08-22 08:28:41.801741400,0.059741400,0
'2026-08-22 08:28:41.801753000,0.059753000,1
'2026-08-22 08:28:41.801767800,0.059767800,0
'2026-08-22 08:28:41.801768700,0.059768700,1
'2026-08-22 08:28:41.801768800,0.059768800,0
'2026-08-22 08:28:41.801779100,0.059779100,1
'2026-08-22 08:28:41.801793900,0.059793900,0
'2026-08-22 08:28:41.801805200,0.059805200,1
'2026-08-22 08:28:41.801820000,0.059820000,0
'2026-08-22 08:28:41.801831300,0.059831300,1
'2026-08-22 08:28:41.801846000,0.059846000,0
'2026-08-22 08:28:41.801846300,0.059846300,1
'2026-08-22 08:28:41.801846400,0.059846400,0
'2026-08-22 08:28:41.801857300,0.059857300,1
'2026-08-22 08:28:41.801872100,0.059872100,0
'2026-08-22 08:28:41.801883500,0.059883500,1
'2026-08-22 08:28:41.801898100,0.059898100,0
'2026-08-22 08:28:41.801898300,0.059898300,1
'2026-08-22 08:28:41.801898400,0.059898400,0
'2026-08-22 08:28:41.801909500,0.059909500,1
'2026-08-22 08:28:41.801924300,0.059924300,0
'2026-08-22 08:28:41.801935600,0.059935600,1
'2026-08-22 08:28:41.801950400,0.059950400,0
'2026-08-22 08:28:41.801961700,0.059961700,1
'2026-08-22 08:28:41.801976300,0.059976300,0
'2026-08-22 08:28:41.801977100,0.059977100,1
'2026-08-22 08:28:41.801977200,0.059977200,0
'2026-08-22 08:28:41.801985100,0.059985100,1
'2026-08-22 08:28:41.801985200,0.059985200,0
'2026-08-22 08:28:41.801987800,0.059987800,1
'2026-08-22 08:28:41.802002400,0.060002400,0
'2026-08-22 08:28:41.802013900,0.060013900,1
'2026-08-22 08:28:41.802028800,0.060028800,0
'2026-08-22 08:28:41.802029100,0.060029100,1
'2026-08-22 08:28:41.802029200,0.060029200,0
'2026-08-22 08:28:41.802035000,0.060035000,1
'2026-08-22 08:28:41.802449200,0.060449200,0
'2026-08-22 08:28:41.802457200,0.060457200,1
'2026-08-22 08:28:41.802471800,0.060471800,0
'2026-08-22 08:28:41.802483200,0.060483200,1
'2026-08-22 08:28:41.802497700,0.060497700,0
'2026-08-22 08:28:41.802497800,0.060497800,1
'2026-08-22 08:28:41.802497900,0.060497900,0
'2026-08-22 08:28:41.802499600,0.060499600,1
'2026-08-22 08:28:41.802499700,0.060499700,0
'2026-08-22 08:28:41.802500900,0.060500900,1
'2026-08-22 08:28:41.802501000,0.060501000,0
'2026-08-22 08:28:41.802509300,0.060509300,1
'2026-08-22 08:28:41.802524000,0.060524000,0
'2026-08-22 08:28:41.802535400,0.060535400,1
'2026-08-22 08:28:41.802550200,0.060550200,0
'2026-08-22 08:28:41.802561500,0.060561500,1
'2026-08-22 08:28:41.802576300,0.060576300,0
'2026-08-22 08:28:41.802587600,0.060587600,1
'2026-08-22 08:28:41.802602600,0.060602600,0
'2026-08-22 08:28:41.802613700,0.060613700,1
'2026-08-22 08:28:41.802628500,0.060628500,0
'2026-08-22 08:28:41.802639800,0.060639800,1
'2026-08-22 08:28:41.802654500,0.060654500,0
'2026-08-22 08:28:41.802665900,0.060665900,1
'2026-08-22 08:28:41.802680600,0.060680600,0
'2026-08-22 08:28:41.802680700,0.060680700,1
'2026-08-22 08:28:41.802680800,0.060680800,0
'2026-08-22 08:28:41.802691900,0.060691900,1
'2026-08-22 08:28:41.802706600,0.060706600,0
'2026-08-22 08:28:41.802718000,0.060718000,1
'2026-08-22 08:28:41.802732800,0.060732800,0
'2026-08-22 08:28:41.802744100,0.060744100,1
'2026-08-22 08:28:41.802759000,0.060759000,0
'2026-08-22 08:28:41.802770200,0.060770200,1
'2026-08-22 08:28:41.802784900,0.060784900,0
'2026-08-22 08:28:41.802796300,0.060796300,1
'2026-08-22 08:28:41.802811000,0.060811000,0
'2026-08-22 08:28:41.802811100,0.060811100,1
'2026-08-22 08:28:41.802811200,0.060811200,0
'2026-08-22 08:28:41.802811400,0.060811400,1
'2026-08-22 08:28:41.802811600,0.060811600,0
'2026-08-22 08:28:41.802822400,0.060822400,1
'2026-08-22 08:28:41.802837000,0.060837000,0
'2026-08-22 08:28:41.802837100,0.060837100,1
'2026-08-22 08:28:41.802837200,0.060837200,0
'2026-08-22 08:28:41.802848500,0.060848500,1
'2026-08-22 08:28:41.803280200,0.061280200,0
'2026-08-22 08:28:41.803280300,0.061280300,1
'2026-08-22 08:28:41.803280400,0.061280400,0
'2026-08-22 08:28:41.803284300,0.061284300,1
'2026-08-22 08:28:41.803284400,0.061284400,0
'2026-08-22 08:28:41.803291800,0.061291800,1
'2026-08-22 08:28:41.803306500,0.061306500,0
'2026-08-22 08:28:41.803306600,0.061306600,1
'2026-08-22 08:28:41.803306700,0.061306700,0
'2026-08-22 08:28:41.803317900,0.061317900,1
'2026-08-22 08:28:41.803332500,0.061332500,0
'2026-08-22 08:28:41.803336900,0.061336900,1
'2026-08-22 08:28:41.803337000,0.061337000,0
'2026-08-22 08:28:41.803343900,0.061343900,1
'2026-08-22 08:28:41.803358600,0.061358600,0
'2026-08-22 08:28:41.803370000,0.061370000,1
'2026-08-22 08:28:41.803385000,0.061385000,0
'2026-08-22 08:28:41.803396100,0.061396100,1
'2026-08-22 08:28:41.803410700,0.061410700,0
'2026-08-22 08:28:41.803422200,0.061422200,1
'2026-08-22 08:28:41.803437000,0.061437000,0
'2026-08-22 08:28:41.803448300,0.061448300,1
'2026-08-22 08:28:41.803462900,0.061462900,0
'2026-08-22 08:28:41.803463000,0.061463000,1
'2026-08-22 08:28:41.803463200,0.061463200,0
'2026-08-22 08:28:41.803474400,0.061474400,1
'2026-08-22 08:28:41.803489000,0.061489000,0
'2026-08-22 08:28:41.803500500,0.061500500,1
'2026-08-22 08:28:41.803515300,0.061515300,0
'2026-08-22 08:28:41.803526600,0.061526600,1
'2026-08-22 08:28:41.803541000,0.061541000,0
'2026-08-22 08:28:41.803543700,0.061543700,1
'2026-08-22 08:28:41.803543800,0.061543800,0
'2026-08-22 08:28:41.803552600,0.061552600,1
'2026-08-22 08:28:41.803567300,0.061567300,0
'2026-08-22 08:28:41.803578700,0.061578700,1
'2026-08-22 08:28:41.803593400,0.061593400,0
'2026-08-22 08:28:41.803604800,0.061604800,1
'2026-08-22 08:28:41.803619600,0.061619600,0
'2026-08-22 08:28:41.803630900,0.061630900,1
'2026-08-22 08:28:41.803645900,0.061645900,0
'2026-08-22 08:28:41.803647100,0.061647100,1
'2026-08-22 08:28:41.803647200,0.061647200,0
'2026-08-22 08:28:41.803657000,0.061657000,1
'2026-08-22 08:28:41.803671700,0.061671700,0
'2026-08-22 08:28:41.803673500,0.061673500,1
'2026-08-22 08:28:41.803673600,0.061673600,0
'2026-08-22 08:28:41.803681900,0.061681900,1
'2026-08-22 08:28:41.804096200,0.062096200,0
'2026-08-22 08:28:41.804100300,0.062100300,1
'2026-08-22 08:28:41.804115000,0.062115000,0
'2026-08-22 08:28:41.804126400,0.062126400,1
'2026-08-22 08:28:41.804141100,0.062141100,0
'2026-08-22 08:28:41.804141500,0.062141500,1
'2026-08-22 08:28:41.804141600,0.062141600,0
'2026-08-22 08:28:41.804152500,0.062152500,1
'2026-08-22 08:28:41.804167300,0.062167300,0
'2026-08-22 08:28:41.804178600,0.062178600,1
'2026-08-22 08:28:41.804193200,0.062193200,0
'2026-08-22 08:28:41.804204700,0.062204700,1
'2026-08-22 08:28:41.804219400,0.062219400,0
'2026-08-22 08:28:41.804219500,0.062219500,1
'2026-08-22 08:28:41.804219600,0.062219600,0
'2026-08-22 08:28:41.804230700,0.062230700,1
'2026-08-22 08:28:41.804245400,0.062245400,0
'2026-08-22 08:28:41.804256800,0.062256800,1
'2026-08-22 08:28:41.804271600,0.062271600,0
'2026-08-22 08:28:41.804271700,0.062271700,1
'2026-08-22 08:28:41.804271800,0.062271800,0
'2026-08-22 08:28:41.804272300,0.062272300,1
'2026-08-22 08:28:41.804272400,0.062272400,0
'2026-08-22 08:28:41.804282900,0.062282900,1
'2026-08-22 08:28:41.804297700,0.062297700,0
'2026-08-22 08:28:41.804309000,0.062309000,1
'2026-08-22 08:28:41.804323800,0.062323800,0
'2026-08-22 08:28:41.804324300,0.062324300,1
'2026-08-22 08:28:41.804324400,0.062324400,0
'2026-08-22 08:28:41.804335100,0.062335100,1
'2026-08-22 08:28:41.804350100,0.062350100,0
'2026-08-22 08:28:41.804350500,0.062350500,1
'2026-08-22 08:28:41.804350600,0.062350600,0
'2026-08-22 08:28:41.804361200,0.062361200,1
'2026-08-22 08:28:41.804375800,0.062375800,0
'2026-08-22 08:28:41.804387300,0.062387300,1
'2026-08-22 08:28:41.804402200,0.062402200,0
'2026-08-22 08:28:41.804413400,0.062413400,1
'2026-08-22 08:28:41.804428200,0.062428200,0
'2026-08-22 08:28:41.804430100,0.062430100,1
'2026-08-22 08:28:41.804430200,0.062430200,0
'2026-08-22 08:28:41.804439400,0.062439400,1
'2026-08-22 08:28:41.804454200,0.062454200,0
'2026-08-22 08:28:41.804465500,0.062465500,1
'2026-08-22 08:28:41.804480600,0.062480600,0
'2026-08-22 08:28:41.804480700,0.062480700,1
'2026-08-22 08:28:41.804480800,0.062480800,0
'2026-08-22 08:28:41.804481300,0.062481300,1
'2026-08-22 08:28:41.804481400,0.062481400,0
'2026-08-22 08:28:41.804491600,0.062491600,1
'2026-08-22 08:28:41.804923700,0.062923700,0
'2026-08-22 08:28:41.804923900,0.062923900,1
'2026-08-22 08:28:41.804924000,0.062924000,0
'2026-08-22 08:28:41.804934900,0.062934900,1
'2026-08-22 08:28:41.804949600,0.062949600,0
'2026-08-22 08:28:41.804961000,0.062961000,1
'2026-08-22 08:28:41.804976000,0.062976000,0
'2026-08-22 08:28:41.804987100,0.062987100,1
'2026-08-22 08:28:41.805001800,0.063001800,0
'2026-08-22 08:28:41.805013200,0.063013200,1
'2026-08-22 08:28:41.805028000,0.063028000,0
'2026-08-22 08:28:41.805039300,0.063039300,1
'2026-08-22 08:28:41.805054200,0.063054200,0
'2026-08-22 08:28:41.805065300,0.063065300,1
'2026-08-22 08:28:41.805080000,0.063080000,0
'2026-08-22 08:28:41.805091400,0.063091400,1
'2026-08-22 08:28:41.805106200,0.063106200,0
'2026-08-22 08:28:41.805117500,0.063117500,1
'2026-08-22 08:28:41.805132400,0.063132400,0
'2026-08-22 08:28:41.805134500,0.063134500,1
'2026-08-22 08:28:41.805134600,0.063134600,0
'2026-08-22 08:28:41.805143600,0.063143600,1
'2026-08-22 08:28:41.805158300,0.063158300,0
'2026-08-22 08:28:41.805160900,0.063160900,1
'2026-08-22 08:28:41.805161000,0.063161000,0
'2026-08-22 08:28:41.805169700,0.063169700,1
'2026-08-22 08:28:41.805184600,0.063184600,0
'2026-08-22 08:28:41.805195800,0.063195800,1
'2026-08-22 08:28:41.805210400,0.063210400,0
'2026-08-22 08:28:41.805214100,0.063214100,1
'2026-08-22 08:28:41.805214200,0.063214200,0
'2026-08-22 08:28:41.805221900,0.063221900,1
'2026-08-22 08:28:41.805236900,0.063236900,0
'2026-08-22 08:28:41.805248000,0.063248000,1
'2026-08-22 08:28:41.805262800,0.063262800,0
'2026-08-22 08:28:41.805274000,0.063274000,1
'2026-08-22 08:28:41.805288900,0.063288900,0
'2026-08-22 08:28:41.805299200,0.063299200,1
'2026-08-22 08:28:41.805299300,0.063299300,0
'2026-08-22 08:28:41.805300100,0.063300100,1
'2026-08-22 08:28:41.805315000,0.063315000,0
'2026-08-22 08:28:41.805315100,0.063315100,1
'2026-08-22 08:28:41.805315200,0.063315200,0
'2026-08-22 08:28:41.805326200,0.063326200,1
'2026-08-22 08:28:41.805743100,0.063743100,0
'2026-08-22 08:28:41.805743200,0.063743200,1
'2026-08-22 08:28:41.805743300,0.063743300,0
'2026-08-22 08:28:41.805743400,0.063743400,1
'2026-08-22 08:28:41.805758000,0.063758000,0
'2026-08-22 08:28:41.805769500,0.063769500,1
'2026-08-22 08:28:41.805784200,0.063784200,0
'2026-08-22 08:28:41.805795600,0.063795600,1
'2026-08-22 08:28:41.805810400,0.063810400,0
'2026-08-22 08:28:41.805821700,0.063821700,1
'2026-08-22 08:28:41.805836700,0.063836700,0
'2026-08-22 08:28:41.805847800,0.063847800,1
'2026-08-22 08:28:41.805862400,0.063862400,0
'2026-08-22 08:28:41.805873900,0.063873900,1
'2026-08-22 08:28:41.805888700,0.063888700,0
'2026-08-22 08:28:41.805889100,0.063889100,1
'2026-08-22 08:28:41.805889200,0.063889200,0
'2026-08-22 08:28:41.805899900,0.063899900,1
'2026-08-22 08:28:41.805914600,0.063914600,0
'2026-08-22 08:28:41.805926000,0.063926000,1
'2026-08-22 08:28:41.805940800,0.063940800,0
'2026-08-22 08:28:41.805941100,0.063941100,1
'2026-08-22 08:28:41.805941200,0.063941200,0
'2026-08-22 08:28:41.805952100,0.063952100,1
'2026-08-22 08:28:41.805967100,0.063967100,0
'2026-08-22 08:28:41.805978200,0.063978200,1
'2026-08-22 08:28:41.805992800,0.063992800,0
'2026-08-22 08:28:41.805997600,0.063997600,1
'2026-08-22 08:28:41.805997700,0.063997700,0
'2026-08-22 08:28:41.806004300,0.064004300,1
'2026-08-22 08:28:41.806019000,0.064019000,0
'2026-08-22 08:28:41.806019500,0.064019500,1
'2026-08-22 08:28:41.806019600,0.064019600,0
'2026-08-22 08:28:41.806030400,0.064030400,1
'2026-08-22 08:28:41.806045100,0.064045100,0
'2026-08-22 08:28:41.806056500,0.064056500,1
'2026-08-22 08:28:41.806071400,0.064071400,0
'2026-08-22 08:28:41.806082500,0.064082500,1
'2026-08-22 08:28:41.806097700,0.064097700,0
'2026-08-22 08:28:41.806108600,0.064108600,1
'2026-08-22 08:28:41.806123400,0.064123400,0
'2026-08-22 08:28:41.806134700,0.064134700,1
'2026-08-22 08:28:41.806149800,0.064149800,0
'2026-08-22 08:28:41.806150100,0.064150100,1
'2026-08-22 08:28:41.806150200,0.064150200,0
'2026-08-22 08:28:41.806152400,0.064152400,1
'2026-08-22 08:28:41.806566600,0.064566600,0
'2026-08-22 08:28:41.806578000,0.064578000,1
'2026-08-22 08:28:41.806592800,0.064592800,0
'2026-08-22 08:28:41.806604100,0.064604100,1
'2026-08-22 08:28:41.806618800,0.064618800,0
'2026-08-22 08:28:41.806618900,0.064618900,1
'2026-08-22 08:28:41.806619000,0.064619000,0
'2026-08-22 08:28:41.806630200,0.064630200,1
'2026-08-22 08:28:41.806644800,0.064644800,0
'2026-08-22 08:28:41.806656300,0.064656300,1
'2026-08-22 08:28:41.806671000,0.064671000,0
'2026-08-22 08:28:41.806682400,0.064682400,1
'2026-08-22 08:28:41.806697100,0.064697100,0
'2026-08-22 08:28:41.806708500,0.064708500,1
'2026-08-22 08:28:41.806723200,0.064723200,0
'2026-08-22 08:28:41.806734600,0.064734600,1
'2026-08-22 08:28:41.806749400,0.064749400,0
'2026-08-22 08:28:41.806757600,0.064757600,1
'2026-08-22 08:28:41.806758500,0.064758500,0
'2026-08-22 08:28:41.806759700,0.064759700,1
'2026-08-22 08:28:41.806775500,0.064775500,0
'2026-08-22 08:28:41.806786700,0.064786700,1
'2026-08-22 08:28:41.806801400,0.064801400,0
'2026-08-22 08:28:41.806801500,0.064801500,1
'2026-08-22 08:28:41.806801600,0.064801600,0
'2026-08-22 08:28:41.806801700,0.064801700,1
'2026-08-22 08:28:41.806801800,0.064801800,0
'2026-08-22 08:28:41.806804600,0.064804600,1
'2026-08-22 08:28:41.806804700,0.064804700,0
'2026-08-22 08:28:41.806812800,0.064812800,1
'2026-08-22 08:28:41.806827600,0.064827600,0
'2026-08-22 08:28:41.806838900,0.064838900,1
'2026-08-22 08:28:41.806853800,0.064853800,0
'2026-08-22 08:28:41.806865000,0.064865000,1
'2026-08-22 08:28:41.806879800,0.064879800,0
'2026-08-22 08:28:41.806879900,0.064879900,1
'2026-08-22 08:28:41.806880000,0.064880000,0
'2026-08-22 08:28:41.806891100,0.064891100,1
'2026-08-22 08:28:41.806905800,0.064905800,0
'2026-08-22 08:28:41.806917200,0.064917200,1
'2026-08-22 08:28:41.806932000,0.064932000,0
'2026-08-22 08:28:41.806943300,0.064943300,1
'2026-08-22 08:28:41.806958000,0.064958000,0
'2026-08-22 08:28:41.806958100,0.064958100,1
'2026-08-22 08:28:41.806958200,0.064958200,0
'2026-08-22 08:28:41.806969300,0.064969300,1
'2026-08-22 08:28:41.807401200,0.065401200,0
'2026-08-22 08:28:41.807401300,0.065401300,1
'2026-08-22 08:28:41.807401400,0.065401400,0
'2026-08-22 08:28:41.807412700,0.065412700,1
'2026-08-22 08:28:41.807427600,0.065427600,0
'2026-08-22 08:28:41.807438700,0.065438700,1
'2026-08-22 08:28:41.807453400,0.065453400,0
'2026-08-22 08:28:41.807464800,0.065464800,1
'2026-08-22 08:28:41.807479700,0.065479700,0
'2026-08-22 08:28:41.807480100,0.065480100,1
'2026-08-22 08:28:41.807480200,0.065480200,0
'2026-08-22 08:28:41.807490900,0.065490900,1
'2026-08-22 08:28:41.807505500,0.065505500,0
'2026-08-22 08:28:41.807505700,0.065505700,1
'2026-08-22 08:28:41.807505800,0.065505800,0
'2026-08-22 08:28:41.807517000,0.065517000,1
'2026-08-22 08:28:41.807531800,0.065531800,0
'2026-08-22 08:28:41.807532100,0.065532100,1
'2026-08-22 08:28:41.807532200,0.065532200,0
'2026-08-22 08:28:41.807543100,0.065543100,1
'2026-08-22 08:28:41.807557800,0.065557800,0
'2026-08-22 08:28:41.807560200,0.065560200,1
'2026-08-22 08:28:41.807560300,0.065560300,0
'2026-08-22 08:28:41.807569200,0.065569200,1
'2026-08-22 08:28:41.807584100,0.065584100,0
'2026-08-22 08:28:41.807595300,0.065595300,1
'2026-08-22 08:28:41.807609900,0.065609900,0
'2026-08-22 08:28:41.807610300,0.065610300,1
'2026-08-22 08:28:41.807610500,0.065610500,0
'2026-08-22 08:28:41.807621300,0.065621300,1
'2026-08-22 08:28:41.807636200,0.065636200,0
'2026-08-22 08:28:41.807647400,0.065647400,1
'2026-08-22 08:28:41.807662200,0.065662200,0
'2026-08-22 08:28:41.807662300,0.065662300,1
'2026-08-22 08:28:41.807662400,0.065662400,0
'2026-08-22 08:28:41.807673500,0.065673500,1
'2026-08-22 08:28:41.807688600,0.065688600,0
'2026-08-22 08:28:41.807699600,0.065699600,1
'2026-08-22 08:28:41.807714300,0.065714300,0
'2026-08-22 08:28:41.807725700,0.065725700,1
'2026-08-22 08:28:41.807740600,0.065740600,0
'2026-08-22 08:28:41.807741100,0.065741100,1
'2026-08-22 08:28:41.807741200,0.065741200,0
'2026-08-22 08:28:41.807751800,0.065751800,1
'2026-08-22 08:28:41.807766400,0.065766400,0
'2026-08-22 08:28:41.807777900,0.065777900,1
'2026-08-22 08:28:41.807792600,0.065792600,0
'2026-08-22 08:28:41.807799400,0.065799400,1
'2026-08-22 08:28:41.808213400,0.066213400,0
'2026-08-22 08:28:41.808213500,0.066213500,1
'2026-08-22 08:28:41.808213600,0.066213600,0
'2026-08-22 08:28:41.808221200,0.066221200,1
'2026-08-22 08:28:41.808235900,0.066235900,0
'2026-08-22 08:28:41.808247300,0.066247300,1
'2026-08-22 08:28:41.808262200,0.066262200,0
'2026-08-22 08:28:41.808262300,0.066262300,1
'2026-08-22 08:28:41.808262400,0.066262400,0
'2026-08-22 08:28:41.808262500,0.066262500,1
'2026-08-22 08:28:41.808262600,0.066262600,0
'2026-08-22 08:28:41.808273400,0.066273400,1
'2026-08-22 08:28:41.808287800,0.066287800,0
'2026-08-22 08:28:41.808299400,0.066299400,1
'2026-08-22 08:28:41.808314600,0.066314600,0
'2026-08-22 08:28:41.808325500,0.066325500,1
'2026-08-22 08:28:41.808340300,0.066340300,0
'2026-08-22 08:28:41.808351600,0.066351600,1
'2026-08-22 08:28:41.808366200,0.066366200,0
'2026-08-22 08:28:41.808366500,0.066366500,1
'2026-08-22 08:28:41.808366600,0.066366600,0
'2026-08-22 08:28:41.808374000,0.066374000,1
'2026-08-22 08:28:41.808374200,0.066374200,0
'2026-08-22 08:28:41.808377700,0.066377700,1
'2026-08-22 08:28:41.808392400,0.066392400,0
'2026-08-22 08:28:41.808403800,0.066403800,1
'2026-08-22 08:28:41.808418500,0.066418500,0
'2026-08-22 08:28:41.808429900,0.066429900,1
'2026-08-22 08:28:41.808444800,0.066444800,0
'2026-08-22 08:28:41.808456000,0.066456000,1
'2026-08-22 08:28:41.808470600,0.066470600,0
'2026-08-22 08:28:41.808470700,0.066470700,1
'2026-08-22 08:28:41.808470800,0.066470800,0
'2026-08-22 08:28:41.808482100,0.066482100,1
'2026-08-22 08:28:41.808496800,0.066496800,0
'2026-08-22 08:28:41.808508200,0.066508200,1
'2026-08-22 08:28:41.808523100,0.066523100,0
'2026-08-22 08:28:41.808523500,0.066523500,1
'2026-08-22 08:28:41.808523700,0.066523700,0
'2026-08-22 08:28:41.808524100,0.066524100,1
'2026-08-22 08:28:41.808524200,0.066524200,0
'2026-08-22 08:28:41.808534200,0.066534200,1
'2026-08-22 08:28:41.808548800,0.066548800,0
'2026-08-22 08:28:41.808560300,0.066560300,1
'2026-08-22 08:28:41.808575200,0.066575200,0
'2026-08-22 08:28:41.808575300,0.066575300,1
'2026-08-22 08:28:41.808575400,0.066575400,0
'2026-08-22 08:28:41.808575500,0.066575500,1
'2026-08-22 08:28:41.808575600,0.066575600,0
'2026-08-22 08:28:41.808580200,0.066580200,1
'2026-08-22 08:28:41.808580300,0.066580300,0
'2026-08-22 08:28:41.808586400,0.066586400,1
'2026-08-22 08:28:41.808601300,0.066601300,0
'2026-08-22 08:28:41.808601500,0.066601500,1
'2026-08-22 08:28:41.808601600,0.066601600,0
'2026-08-22 08:28:41.808603500,0.066603500,1
'2026-08-22 08:28:41.808603600,0.066603600,0
'2026-08-22 08:28:41.808612500,0.066612500,1
'2026-08-22 08:28:41.809834900,0.067834900,0
'2026-08-22 08:28:41.809835100,0.067835100,1
'2026-08-22 08:28:41.809835200,0.067835200,0
'2026-08-22 08:28:41.809838100,0.067838100,1
'2026-08-22 08:28:41.809853300,0.067853300,0
'2026-08-22 08:28:41.809864200,0.067864200,1
'2026-08-22 08:28:41.809878700,0.067878700,0
'2026-08-22 08:28:41.809890300,0.067890300,1
'2026-08-22 08:28:41.809904900,0.067904900,0
'2026-08-22 08:28:41.809916400,0.067916400,1
'2026-08-22 08:28:41.809931200,0.067931200,0
'2026-08-22 08:28:41.809942500,0.067942500,1
'2026-08-22 08:28:41.809957200,0.067957200,0
'2026-08-22 08:28:41.809968500,0.067968500,1
'2026-08-22 08:28:41.809983200,0.067983200,0
'2026-08-22 08:28:41.809983400,0.067983400,1
'2026-08-22 08:28:41.809983500,0.067983500,0
'2026-08-22 08:28:41.809994600,0.067994600,1
'2026-08-22 08:28:41.810009300,0.068009300,0
'2026-08-22 08:28:41.810020700,0.068020700,1
'2026-08-22 08:28:41.810035500,0.068035500,0
'2026-08-22 08:28:41.810046800,0.068046800,1
'2026-08-22 08:28:41.810061700,0.068061700,0
'2026-08-22 08:28:41.810072900,0.068072900,1
'2026-08-22 08:28:41.810087600,0.068087600,0
'2026-08-22 08:28:41.810091600,0.068091600,1
'2026-08-22 08:28:41.810091700,0.068091700,0
'2026-08-22 08:28:41.810099000,0.068099000,1
'2026-08-22 08:28:41.810113600,0.068113600,0
'2026-08-22 08:28:41.810114100,0.068114100,1
'2026-08-22 08:28:41.810114200,0.068114200,0
'2026-08-22 08:28:41.810125100,0.068125100,1
'2026-08-22 08:28:41.810139800,0.068139800,0
'2026-08-22 08:28:41.810151200,0.068151200,1
'2026-08-22 08:28:41.810165800,0.068165800,0
'2026-08-22 08:28:41.810166100,0.068166100,1
'2026-08-22 08:28:41.810166200,0.068166200,0
'2026-08-22 08:28:41.810167900,0.068167900,1
'2026-08-22 08:28:41.810168000,0.068168000,0
'2026-08-22 08:28:41.810177200,0.068177200,1
'2026-08-22 08:28:41.810192000,0.068192000,0
'2026-08-22 08:28:41.810192200,0.068192200,1
'2026-08-22 08:28:41.810192300,0.068192300,0
'2026-08-22 08:28:41.810203300,0.068203300,1
'2026-08-22 08:28:41.810218200,0.068218200,0
'2026-08-22 08:28:41.810229400,0.068229400,1
'2026-08-22 08:28:41.811450000,0.069450000,0
'2026-08-22 08:28:41.811455100,0.069455100,1
'2026-08-22 08:28:41.811469600,0.069469600,0
'2026-08-22 08:28:41.811469700,0.069469700,1
'2026-08-22 08:28:41.811469800,0.069469800,0
'2026-08-22 08:28:41.811481200,0.069481200,1
'2026-08-22 08:28:41.811495800,0.069495800,0
'2026-08-22 08:28:41.811507300,0.069507300,1
'2026-08-22 08:28:41.811522000,0.069522000,0
'2026-08-22 08:28:41.811533400,0.069533400,1
'2026-08-22 08:28:41.811548000,0.069548000,0
'2026-08-22 08:28:41.811548100,0.069548100,1
'2026-08-22 08:28:41.811548200,0.069548200,0
'2026-08-22 08:28:41.811559500,0.069559500,1
'2026-08-22 08:28:41.811574100,0.069574100,0
'2026-08-22 08:28:41.811580400,0.069580400,1
'2026-08-22 08:28:41.811580500,0.069580500,0
'2026-08-22 08:28:41.811585600,0.069585600,1
'2026-08-22 08:28:41.811600300,0.069600300,0
'2026-08-22 08:28:41.811601200,0.069601200,1
'2026-08-22 08:28:41.811601300,0.069601300,0
'2026-08-22 08:28:41.811611700,0.069611700,1
'2026-08-22 08:28:41.811626400,0.069626400,0
'2026-08-22 08:28:41.811637800,0.069637800,1
'2026-08-22 08:28:41.811652700,0.069652700,0
'2026-08-22 08:28:41.811652900,0.069652900,1
'2026-08-22 08:28:41.811653000,0.069653000,0
'2026-08-22 08:28:41.811663900,0.069663900,1
'2026-08-22 08:28:41.811678500,0.069678500,0
'2026-08-22 08:28:41.811682400,0.069682400,1
'2026-08-22 08:28:41.811682500,0.069682500,0
'2026-08-22 08:28:41.811690000,0.069690000,1
'2026-08-22 08:28:41.811704800,0.069704800,0
'2026-08-22 08:28:41.811716000,0.069716000,1
'2026-08-22 08:28:41.811731000,0.069731000,0
'2026-08-22 08:28:41.811742100,0.069742100,1
'2026-08-22 08:28:41.811756800,0.069756800,0
'2026-08-22 08:28:41.811768200,0.069768200,1
'2026-08-22 08:28:41.811783100,0.069783100,0
'2026-08-22 08:28:41.811794300,0.069794300,1
'2026-08-22 08:28:41.811808900,0.069808900,0
'2026-08-22 08:28:41.811809100,0.069809100,1
'2026-08-22 08:28:41.811809200,0.069809200,0
'2026-08-22 08:28:41.811811400,0.069811400,1
'2026-08-22 08:28:41.811811600,0.069811600,0
'2026-08-22 08:28:41.811820400,0.069820400,1
'2026-08-22 08:28:41.811835200,0.069835200,0
'2026-08-22 08:28:41.811846500,0.069846500,1
'2026-08-22 08:28:41.812278400,0.070278400,0
'2026-08-22 08:28:41.812278500,0.070278500,1
'2026-08-22 08:28:41.812278600,0.070278600,0
'2026-08-22 08:28:41.812289800,0.070289800,1
'2026-08-22 08:28:41.812304500,0.070304500,0
'2026-08-22 08:28:41.812315900,0.070315900,1
'2026-08-22 08:28:41.812330500,0.070330500,0
'2026-08-22 08:28:41.812342000,0.070342000,1
'2026-08-22 08:28:41.812356600,0.070356600,0
'2026-08-22 08:28:41.812356700,0.070356700,1
'2026-08-22 08:28:41.812356800,0.070356800,0
'2026-08-22 08:28:41.812368100,0.070368100,1
'2026-08-22 08:28:41.812382900,0.070382900,0
'2026-08-22 08:28:41.812394200,0.070394200,1
'2026-08-22 08:28:41.812408800,0.070408800,0
'2026-08-22 08:28:41.812420300,0.070420300,1
'2026-08-22 08:28:41.812434900,0.070434900,0
'2026-08-22 08:28:41.812435000,0.070435000,1
'2026-08-22 08:28:41.812435100,0.070435100,0
'2026-08-22 08:28:41.812446300,0.070446300,1
'2026-08-22 08:28:41.812460900,0.070460900,0
'2026-08-22 08:28:41.812472400,0.070472400,1
'2026-08-22 08:28:41.812487200,0.070487200,0
'2026-08-22 08:28:41.812498500,0.070498500,1
'2026-08-22 08:28:41.812513200,0.070513200,0
'2026-08-22 08:28:41.812524600,0.070524600,1
'2026-08-22 08:28:41.812539500,0.070539500,0
'2026-08-22 08:28:41.812550700,0.070550700,1
'2026-08-22 08:28:41.812565300,0.070565300,0
'2026-08-22 08:28:41.812569600,0.070569600,1
'2026-08-22 08:28:41.812569700,0.070569700,0
'2026-08-22 08:28:41.812571000,0.070571000,1
'2026-08-22 08:28:41.812571100,0.070571100,0
'2026-08-22 08:28:41.812576800,0.070576800,1
'2026-08-22 08:28:41.812591500,0.070591500,0
'2026-08-22 08:28:41.812602900,0.070602900,1
'2026-08-22 08:28:41.812617700,0.070617700,0
'2026-08-22 08:28:41.812617800,0.070617800,1
'2026-08-22 08:28:41.812617900,0.070617900,0
'2026-08-22 08:28:41.812628900,0.070628900,1
'2026-08-22 08:28:41.812643700,0.070643700,0
'2026-08-22 08:28:41.812649800,0.070649800,1
'2026-08-22 08:28:41.812649900,0.070649900,0
'2026-08-22 08:28:41.812655000,0.070655000,1
'2026-08-22 08:28:41.812669800,0.070669800,0
'2026-08-22 08:28:41.812681100,0.070681100,1
'2026-08-22 08:28:41.813096600,0.071096600,0
'2026-08-22 08:28:41.813098300,0.071098300,1
'2026-08-22 08:28:41.813112900,0.071112900,0
'2026-08-22 08:28:41.813124400,0.071124400,1
'2026-08-22 08:28:41.813139300,0.071139300,0
'2026-08-22 08:28:41.813139600,0.071139600,1
'2026-08-22 08:28:41.813139700,0.071139700,0
'2026-08-22 08:28:41.813150500,0.071150500,1
'2026-08-22 08:28:41.813165200,0.071165200,0
'2026-08-22 08:28:41.813165300,0.071165300,1
'2026-08-22 08:28:41.813165400,0.071165400,0
'2026-08-22 08:28:41.813176600,0.071176600,1
'2026-08-22 08:28:41.813191400,0.071191400,0
'2026-08-22 08:28:41.813191500,0.071191500,1
'2026-08-22 08:28:41.813191600,0.071191600,0
'2026-08-22 08:28:41.813202700,0.071202700,1
'2026-08-22 08:28:41.813217300,0.071217300,0
'2026-08-22 08:28:41.813228800,0.071228800,1
'2026-08-22 08:28:41.813243600,0.071243600,0
'2026-08-22 08:28:41.813254900,0.071254900,1
'2026-08-22 08:28:41.813269600,0.071269600,0
'2026-08-22 08:28:41.813269800,0.071269800,1
'2026-08-22 08:28:41.813269900,0.071269900,0
'2026-08-22 08:28:41.813270300,0.071270300,1
'2026-08-22 08:28:41.813270400,0.071270400,0
'2026-08-22 08:28:41.813271900,0.071271900,1
'2026-08-22 08:28:41.813272000,0.071272000,0
'2026-08-22 08:28:41.813281000,0.071281000,1
'2026-08-22 08:28:41.813295600,0.071295600,0
'2026-08-22 08:28:41.813307100,0.071307100,1
'2026-08-22 08:28:41.813322000,0.071322000,0
'2026-08-22 08:28:41.813322300,0.071322300,1
'2026-08-22 08:28:41.813322400,0.071322400,0
'2026-08-22 08:28:41.813324700,0.071324700,1
'2026-08-22 08:28:41.813324800,0.071324800,0
'2026-08-22 08:28:41.813333100,0.071333100,1
'2026-08-22 08:28:41.813347800,0.071347800,0
'2026-08-22 08:28:41.813348500,0.071348500,1
'2026-08-22 08:28:41.813348600,0.071348600,0
'2026-08-22 08:28:41.813359200,0.071359200,1
'2026-08-22 08:28:41.813373900,0.071373900,0
'2026-08-22 08:28:41.813385300,0.071385300,1
'2026-08-22 08:28:41.813400100,0.071400100,0
'2026-08-22 08:28:41.813411400,0.071411400,1
'2026-08-22 08:28:41.813426000,0.071426000,0
'2026-08-22 08:28:41.813437500,0.071437500,1
'2026-08-22 08:28:41.813452400,0.071452400,0
'2026-08-22 08:28:41.813452500,0.071452500,1
'2026-08-22 08:28:41.813452700,0.071452700,0
'2026-08-22 08:28:41.813453100,0.071453100,1
'2026-08-22 08:28:41.813453300,0.071453300,0
'2026-08-22 08:28:41.813463600,0.071463600,1
'2026-08-22 08:28:41.813478300,0.071478300,0
'2026-08-22 08:28:41.813489700,0.071489700,1
'2026-08-22 08:28:41.813504600,0.071504600,0
'2026-08-22 08:28:41.813505100,0.071505100,1
'2026-08-22 08:28:41.813505200,0.071505200,0
'2026-08-22 08:28:41.813505800,0.071505800,1
'2026-08-22 08:28:41.814711200,0.072711200,0
'2026-08-22 08:28:41.814715400,0.072715400,1
'2026-08-22 08:28:41.814730100,0.072730100,0
'2026-08-22 08:28:41.814741400,0.072741400,1
'2026-08-22 08:28:41.814756000,0.072756000,0
'2026-08-22 08:28:41.814767500,0.072767500,1
'2026-08-22 08:28:41.814782100,0.072782100,0
'2026-08-22 08:28:41.814793600,0.072793600,1
'2026-08-22 08:28:41.814808400,0.072808400,0
'2026-08-22 08:28:41.814819700,0.072819700,1
'2026-08-22 08:28:41.814834300,0.072834300,0
'2026-08-22 08:28:41.814834500,0.072834500,1
'2026-08-22 08:28:41.814834600,0.072834600,0
'2026-08-22 08:28:41.814845800,0.072845800,1
'2026-08-22 08:28:41.814860600,0.072860600,0
'2026-08-22 08:28:41.814871900,0.072871900,1
'2026-08-22 08:28:41.814886600,0.072886600,0
'2026-08-22 08:28:41.814895900,0.072895900,1
'2026-08-22 08:28:41.814896000,0.072896000,0
'2026-08-22 08:28:41.814898000,0.072898000,1
'2026-08-22 08:28:41.814912600,0.072912600,0
'2026-08-22 08:28:41.814924100,0.072924100,1
'2026-08-22 08:28:41.814938600,0.072938600,0
'2026-08-22 08:28:41.814938700,0.072938700,1
'2026-08-22 08:28:41.814938800,0.072938800,0
'2026-08-22 08:28:41.814950100,0.072950100,1
'2026-08-22 08:28:41.814964800,0.072964800,0
'2026-08-22 08:28:41.814976200,0.072976200,1
'2026-08-22 08:28:41.814991200,0.072991200,0
'2026-08-22 08:28:41.815002300,0.073002300,1
'2026-08-22 08:28:41.815017000,0.073017000,0
'2026-08-22 08:28:41.815028400,0.073028400,1
'2026-08-22 08:28:41.815043100,0.073043100,0
'2026-08-22 08:28:41.815054500,0.073054500,1
'2026-08-22 08:28:41.815069400,0.073069400,0
'2026-08-22 08:28:41.815080600,0.073080600,1
'2026-08-22 08:28:41.815095100,0.073095100,0
'2026-08-22 08:28:41.815106700,0.073106700,1
'2026-08-22 08:28:41.815538400,0.073538400,0
'2026-08-22 08:28:41.815550000,0.073550000,1
'2026-08-22 08:28:41.815564600,0.073564600,0
'2026-08-22 08:28:41.815576100,0.073576100,1
'2026-08-22 08:28:41.815590800,0.073590800,0
'2026-08-22 08:28:41.815602200,0.073602200,1
'2026-08-22 08:28:41.815616800,0.073616800,0
'2026-08-22 08:28:41.815628200,0.073628200,1
'2026-08-22 08:28:41.815643000,0.073643000,0
'2026-08-22 08:28:41.815654400,0.073654400,1
'2026-08-22 08:28:41.815669200,0.073669200,0
'2026-08-22 08:28:41.815680400,0.073680400,1
'2026-08-22 08:28:41.815695000,0.073695000,0
'2026-08-22 08:28:41.815706500,0.073706500,1
'2026-08-22 08:28:41.815721300,0.073721300,0
'2026-08-22 08:28:41.815732600,0.073732600,1
'2026-08-22 08:28:41.815747000,0.073747000,0
'2026-08-22 08:28:41.815758700,0.073758700,1
'2026-08-22 08:28:41.815773700,0.073773700,0
'2026-08-22 08:28:41.815784800,0.073784800,1
'2026-08-22 08:28:41.815799400,0.073799400,0
'2026-08-22 08:28:41.815810900,0.073810900,1
'2026-08-22 08:28:41.815825600,0.073825600,0
'2026-08-22 08:28:41.815832900,0.073832900,1
'2026-08-22 08:28:41.815833000,0.073833000,0
'2026-08-22 08:28:41.815837000,0.073837000,1
'2026-08-22 08:28:41.815851700,0.073851700,0
'2026-08-22 08:28:41.815863100,0.073863100,1
'2026-08-22 08:28:41.815877700,0.073877700,0
'2026-08-22 08:28:41.815889100,0.073889100,1
'2026-08-22 08:28:41.815903900,0.073903900,0
'2026-08-22 08:28:41.815915200,0.073915200,1
'2026-08-22 08:28:41.815929800,0.073929800,0
'2026-08-22 08:28:41.815941300,0.073941300,1
'2026-08-22 08:28:41.816358400,0.074358400,0
'2026-08-22 08:28:41.816358500,0.074358500,1
'2026-08-22 08:28:41.816373300,0.074373300,0
'2026-08-22 08:28:41.816384600,0.074384600,1
'2026-08-22 08:28:41.816399400,0.074399400,0
'2026-08-22 08:28:41.816399500,0.074399500,1
'2026-08-22 08:28:41.816399600,0.074399600,0
'2026-08-22 08:28:41.816400100,0.074400100,1
'2026-08-22 08:28:41.816400200,0.074400200,0
'2026-08-22 08:28:41.816410700,0.074410700,1
'2026-08-22 08:28:41.816425400,0.074425400,0
'2026-08-22 08:28:41.816435400,0.074435400,1
'2026-08-22 08:28:41.816435500,0.074435500,0
'2026-08-22 08:28:41.816436800,0.074436800,1
'2026-08-22 08:28:41.816451600,0.074451600,0
'2026-08-22 08:28:41.816462900,0.074462900,1
'2026-08-22 08:28:41.816477500,0.074477500,0
'2026-08-22 08:28:41.816489000,0.074489000,1
'2026-08-22 08:28:41.816503600,0.074503600,0
'2026-08-22 08:28:41.816515100,0.074515100,1
'2026-08-22 08:28:41.816529800,0.074529800,0
'2026-08-22 08:28:41.816541200,0.074541200,1
'2026-08-22 08:28:41.816555800,0.074555800,0
'2026-08-22 08:28:41.816567300,0.074567300,1
'2026-08-22 08:28:41.816582000,0.074582000,0
'2026-08-22 08:28:41.816593300,0.074593300,1
'2026-08-22 08:28:41.816608000,0.074608000,0
'2026-08-22 08:28:41.816611700,0.074611700,1
'2026-08-22 08:28:41.816611800,0.074611800,0
'2026-08-22 08:28:41.816619400,0.074619400,1
'2026-08-22 08:28:41.816634000,0.074634000,0
'2026-08-22 08:28:41.816634200,0.074634200,1
'2026-08-22 08:28:41.816634400,0.074634400,0
'2026-08-22 08:28:41.816645500,0.074645500,1
'2026-08-22 08:28:41.816660200,0.074660200,0
'2026-08-22 08:28:41.816660500,0.074660500,1
'2026-08-22 08:28:41.816660600,0.074660600,0
'2026-08-22 08:28:41.816671600,0.074671600,1
'2026-08-22 08:28:41.816686300,0.074686300,0
'2026-08-22 08:28:41.816697700,0.074697700,1
'2026-08-22 08:28:41.816712500,0.074712500,0
'2026-08-22 08:28:41.816723800,0.074723800,1
'2026-08-22 08:28:41.816738400,0.074738400,0
'2026-08-22 08:28:41.816738700,0.074738700,1
'2026-08-22 08:28:41.816738800,0.074738800,0
'2026-08-22 08:28:41.816749900,0.074749900,1
'2026-08-22 08:28:41.816764600,0.074764600,0
'2026-08-22 08:28:41.816767500,0.074767500,1
'2026-08-22 08:28:41.817182100,0.075182100,0
'2026-08-22 08:28:41.817193200,0.075193200,1
'2026-08-22 08:28:41.817207800,0.075207800,0
'2026-08-22 08:28:41.817219300,0.075219300,1
'2026-08-22 08:28:41.817234100,0.075234100,0
'2026-08-22 08:28:41.817245400,0.075245400,1
'2026-08-22 08:28:41.817260100,0.075260100,0
'2026-08-22 08:28:41.817260200,0.075260200,1
'2026-08-22 08:28:41.817260400,0.075260400,0
'2026-08-22 08:28:41.817271500,0.075271500,1
'2026-08-22 08:28:41.817286100,0.075286100,0
'2026-08-22 08:28:41.817297500,0.075297500,1
'2026-08-22 08:28:41.817312300,0.075312300,0
'2026-08-22 08:28:41.817323600,0.075323600,1
'2026-08-22 08:28:41.817338200,0.075338200,0
'2026-08-22 08:28:41.817349700,0.075349700,1
'2026-08-22 08:28:41.817364500,0.075364500,0
'2026-08-22 08:28:41.817364600,0.075364600,1
'2026-08-22 08:28:41.817364700,0.075364700,0
'2026-08-22 08:28:41.817375800,0.075375800,1
'2026-08-22 08:28:41.817390600,0.075390600,0
'2026-08-22 08:28:41.817401900,0.075401900,1
'2026-08-22 08:28:41.817416500,0.075416500,0
'2026-08-22 08:28:41.817418500,0.075418500,1
'2026-08-22 08:28:41.817418600,0.075418600,0
'2026-08-22 08:28:41.817428000,0.075428000,1
'2026-08-22 08:28:41.817443200,0.075443200,0
'2026-08-22 08:28:41.817454100,0.075454100,1
'2026-08-22 08:28:41.817468600,0.075468600,0
'2026-08-22 08:28:41.817468700,0.075468700,1
'2026-08-22 08:28:41.817468800,0.075468800,0
'2026-08-22 08:28:41.817471600,0.075471600,1
'2026-08-22 08:28:41.817471700,0.075471700,0
'2026-08-22 08:28:41.817480200,0.075480200,1
'2026-08-22 08:28:41.817495200,0.075495200,0
'2026-08-22 08:28:41.817506200,0.075506200,1
'2026-08-22 08:28:41.817521000,0.075521000,0
'2026-08-22 08:28:41.817521300,0.075521300,1
'2026-08-22 08:28:41.817521400,0.075521400,0
'2026-08-22 08:28:41.817532300,0.075532300,1
'2026-08-22 08:28:41.817547100,0.075547100,0
'2026-08-22 08:28:41.817558400,0.075558400,1
'2026-08-22 08:28:41.817573400,0.075573400,0
'2026-08-22 08:28:41.817573500,0.075573500,1
'2026-08-22 08:28:41.817573600,0.075573600,0
'2026-08-22 08:28:41.817573800,0.075573800,1
'2026-08-22 08:28:41.817574000,0.075574000,0
'2026-08-22 08:28:41.817584500,0.075584500,1
'2026-08-22 08:28:41.818016400,0.076016400,0
'2026-08-22 08:28:41.818016500,0.076016500,1
'2026-08-22 08:28:41.818016600,0.076016600,0
'2026-08-22 08:28:41.818016800,0.076016800,1
'2026-08-22 08:28:41.818016900,0.076016900,0
'2026-08-22 08:28:41.818027800,0.076027800,1
'2026-08-22 08:28:41.818042400,0.076042400,0
'2026-08-22 08:28:41.818053900,0.076053900,1
'2026-08-22 08:28:41.818068600,0.076068600,0
'2026-08-22 08:28:41.818080000,0.076080000,1
'2026-08-22 08:28:41.818094900,0.076094900,0
'2026-08-22 08:28:41.818106100,0.076106100,1
'2026-08-22 08:28:41.818120700,0.076120700,0
'2026-08-22 08:28:41.818124600,0.076124600,1
'2026-08-22 08:28:41.818124700,0.076124700,0
'2026-08-22 08:28:41.818132200,0.076132200,1
'2026-08-22 08:28:41.818146900,0.076146900,0
'2026-08-22 08:28:41.818147300,0.076147300,1
'2026-08-22 08:28:41.818147400,0.076147400,0
'2026-08-22 08:28:41.818158300,0.076158300,1
'2026-08-22 08:28:41.818172800,0.076172800,0
'2026-08-22 08:28:41.818172900,0.076172900,1
'2026-08-22 08:28:41.818173000,0.076173000,0
'2026-08-22 08:28:41.818184400,0.076184400,1
'2026-08-22 08:28:41.818199500,0.076199500,0
'2026-08-22 08:28:41.818210500,0.076210500,1
'2026-08-22 08:28:41.818225200,0.076225200,0
'2026-08-22 08:28:41.818229100,0.076229100,1
'2026-08-22 08:28:41.818229200,0.076229200,0
'2026-08-22 08:28:41.818236500,0.076236500,1
'2026-08-22 08:28:41.818251400,0.076251400,0
'2026-08-22 08:28:41.818262600,0.076262600,1
'2026-08-22 08:28:41.818277400,0.076277400,0
'2026-08-22 08:28:41.818288700,0.076288700,1
'2026-08-22 08:28:41.818303400,0.076303400,0
'2026-08-22 08:28:41.818314800,0.076314800,1
'2026-08-22 08:28:41.818329700,0.076329700,0
'2026-08-22 08:28:41.818339500,0.076339500,1
'2026-08-22 08:28:41.818339600,0.076339600,0
'2026-08-22 08:28:41.818340900,0.076340900,1
'2026-08-22 08:28:41.818355600,0.076355600,0
'2026-08-22 08:28:41.818367000,0.076367000,1
'2026-08-22 08:28:41.818381700,0.076381700,0
'2026-08-22 08:28:41.818389100,0.076389100,1
'2026-08-22 08:28:41.818389200,0.076389200,0
'2026-08-22 08:28:41.818393100,0.076393100,1
'2026-08-22 08:28:41.818408000,0.076408000,0
'2026-08-22 08:28:41.818408400,0.076408400,1
'2026-08-22 08:28:41.818408500,0.076408500,0
'2026-08-22 08:28:41.818414600,0.076414600,1
'2026-08-22 08:28:41.818828900,0.076828900,0
'2026-08-22 08:28:41.818832300,0.076832300,1
'2026-08-22 08:28:41.818832400,0.076832400,0
'2026-08-22 08:28:41.818836400,0.076836400,1
'2026-08-22 08:28:41.818851200,0.076851200,0
'2026-08-22 08:28:41.818862500,0.076862500,1
'2026-08-22 08:28:41.818877100,0.076877100,0
'2026-08-22 08:28:41.818888600,0.076888600,1
'2026-08-22 08:28:41.818903300,0.076903300,0
'2026-08-22 08:28:41.818903500,0.076903500,1
'2026-08-22 08:28:41.818903700,0.076903700,0
'2026-08-22 08:28:41.818914700,0.076914700,1
'2026-08-22 08:28:41.818929400,0.076929400,0
'2026-08-22 08:28:41.818929800,0.076929800,1
'2026-08-22 08:28:41.818929900,0.076929900,0
'2026-08-22 08:28:41.818930900,0.076930900,1
'2026-08-22 08:28:41.818931000,0.076931000,0
'2026-08-22 08:28:41.818935100,0.076935100,1
'2026-08-22 08:28:41.818935200,0.076935200,0
'2026-08-22 08:28:41.818940700,0.076940700,1
'2026-08-22 08:28:41.818955400,0.076955400,0
'2026-08-22 08:28:41.818966800,0.076966800,1
'2026-08-22 08:28:41.818981900,0.076981900,0
'2026-08-22 08:28:41.818992900,0.076992900,1
'2026-08-22 08:28:41.819007600,0.077007600,0
'2026-08-22 08:28:41.819011000,0.077011000,1
'2026-08-22 08:28:41.819011100,0.077011100,0
'2026-08-22 08:28:41.819013300,0.077013300,1
'2026-08-22 08:28:41.819013400,0.077013400,0
'2026-08-22 08:28:41.819019000,0.077019000,1
'2026-08-22 08:28:41.819034000,0.077034000,0
'2026-08-22 08:28:41.819034100,0.077034100,1
'2026-08-22 08:28:41.819034200,0.077034200,0
'2026-08-22 08:28:41.819045100,0.077045100,1
'2026-08-22 08:28:41.819059700,0.077059700,0
'2026-08-22 08:28:41.819060200,0.077060200,1
'2026-08-22 08:28:41.819060300,0.077060300,0
'2026-08-22 08:28:41.819071200,0.077071200,1
'2026-08-22 08:28:41.819085900,0.077085900,0
'2026-08-22 08:28:41.819097300,0.077097300,1
'2026-08-22 08:28:41.819112200,0.077112200,0
'2026-08-22 08:28:41.819112600,0.077112600,1
'2026-08-22 08:28:41.819112700,0.077112700,0
'2026-08-22 08:28:41.819123300,0.077123300,1
'2026-08-22 08:28:41.819137900,0.077137900,0
'2026-08-22 08:28:41.819143600,0.077143600,1
'2026-08-22 08:28:41.819143700,0.077143700,0
'2026-08-22 08:28:41.819149400,0.077149400,1
'2026-08-22 08:28:41.819164200,0.077164200,0
'2026-08-22 08:28:41.819164600,0.077164600,1
'2026-08-22 08:28:41.819164700,0.077164700,0
'2026-08-22 08:28:41.819175500,0.077175500,1
'2026-08-22 08:28:41.819190200,0.077190200,0
'2026-08-22 08:28:41.819201600,0.077201600,1
'2026-08-22 08:28:41.819216300,0.077216300,0
'2026-08-22 08:28:41.819227700,0.077227700,1
'2026-08-22 08:28:41.819659600,0.077659600,0
'2026-08-22 08:28:41.819659900,0.077659900,1
'2026-08-22 08:28:41.819660000,0.077660000,0
'2026-08-22 08:28:41.819671000,0.077671000,1
'2026-08-22 08:28:41.819685800,0.077685800,0
'2026-08-22 08:28:41.819697100,0.077697100,1
'2026-08-22 08:28:41.819711600,0.077711600,0
'2026-08-22 08:28:41.819723200,0.077723200,1
'2026-08-22 08:28:41.819737800,0.077737800,0
'2026-08-22 08:28:41.819737900,0.077737900,1
'2026-08-22 08:28:41.819738000,0.077738000,0
'2026-08-22 08:28:41.819749300,0.077749300,1
'2026-08-22 08:28:41.819764000,0.077764000,0
'2026-08-22 08:28:41.819765600,0.077765600,1
'2026-08-22 08:28:41.819765700,0.077765700,0
'2026-08-22 08:28:41.819775300,0.077775300,1
'2026-08-22 08:28:41.819790300,0.077790300,0
'2026-08-22 08:28:41.819792100,0.077792100,1
'2026-08-22 08:28:41.819792200,0.077792200,0
'2026-08-22 08:28:41.819801400,0.077801400,1
'2026-08-22 08:28:41.819816200,0.077816200,0
'2026-08-22 08:28:41.819816300,0.077816300,1
'2026-08-22 08:28:41.819816500,0.077816500,0
'2026-08-22 08:28:41.819827500,0.077827500,1
'2026-08-22 08:28:41.819842200,0.077842200,0
'2026-08-22 08:28:41.819842700,0.077842700,1
'2026-08-22 08:28:41.819842800,0.077842800,0
'2026-08-22 08:28:41.819853600,0.077853600,1
'2026-08-22 08:28:41.819868600,0.077868600,0
'2026-08-22 08:28:41.819872300,0.077872300,1
'2026-08-22 08:28:41.819872400,0.077872400,0
'2026-08-22 08:28:41.819879700,0.077879700,1
'2026-08-22 08:28:41.819894300,0.077894300,0
'2026-08-22 08:28:41.819905800,0.077905800,1
'2026-08-22 08:28:41.819920600,0.077920600,0
'2026-08-22 08:28:41.819928600,0.077928600,1
'2026-08-22 08:28:41.819928700,0.077928700,0
'2026-08-22 08:28:41.819931900,0.077931900,1
'2026-08-22 08:28:41.819946200,0.077946200,0
'2026-08-22 08:28:41.819946300,0.077946300,1
'2026-08-22 08:28:41.819946500,0.077946500,0
'2026-08-22 08:28:41.819946600,0.077946600,1
'2026-08-22 08:28:41.819946700,0.077946700,0
'2026-08-22 08:28:41.819947200,0.077947200,1
'2026-08-22 08:28:41.819947300,0.077947300,0
'2026-08-22 08:28:41.819957900,0.077957900,1
'2026-08-22 08:28:41.819972600,0.077972600,0
'2026-08-22 08:28:41.819973100,0.077973100,1
'2026-08-22 08:28:41.819973200,0.077973200,0
'2026-08-22 08:28:41.819978700,0.077978700,1
'2026-08-22 08:28:41.819978800,0.077978800,0
'2026-08-22 08:28:41.819984000,0.077984000,1
'2026-08-22 08:28:41.819998900,0.077998900,0
'2026-08-22 08:28:41.820006100,0.078006100,1
'2026-08-22 08:28:41.820006200,0.078006200,0
'2026-08-22 08:28:41.820010100,0.078010100,1
'2026-08-22 08:28:41.820025000,0.078025000,0
'2026-08-22 08:28:41.820036200,0.078036200,1
'2026-08-22 08:28:41.820051000,0.078051000,0
'2026-08-22 08:28:41.820051100,0.078051100,1
'2026-08-22 08:28:41.820051200,0.078051200,0
'2026-08-22 08:28:41.820061100,0.078061100,1
'2026-08-22 08:28:41.821276500,0.079276500,0
'2026-08-22 08:28:41.821281600,0.079281600,1
'2026-08-22 08:28:41.821281700,0.079281700,0
'2026-08-22 08:28:41.821287900,0.079287900,1
'2026-08-22 08:28:41.821302500,0.079302500,0
'2026-08-22 08:28:41.821314100,0.079314100,1
'2026-08-22 08:28:41.821328700,0.079328700,0
'2026-08-22 08:28:41.821340100,0.079340100,1
'2026-08-22 08:28:41.821354800,0.079354800,0
'2026-08-22 08:28:41.821366200,0.079366200,1
'2026-08-22 08:28:41.821380600,0.079380600,0
'2026-08-22 08:28:41.821380700,0.079380700,1
'2026-08-22 08:28:41.821381000,0.079381000,0
'2026-08-22 08:28:41.821392300,0.079392300,1
'2026-08-22 08:28:41.821407000,0.079407000,0
'2026-08-22 08:28:41.821407100,0.079407100,1
'2026-08-22 08:28:41.821407300,0.079407300,0
'2026-08-22 08:28:41.821418400,0.079418400,1
'2026-08-22 08:28:41.821433000,0.079433000,0
'2026-08-22 08:28:41.821444500,0.079444500,1
'2026-08-22 08:28:41.821459000,0.079459000,0
'2026-08-22 08:28:41.821459100,0.079459100,1
'2026-08-22 08:28:41.821459300,0.079459300,0
'2026-08-22 08:28:41.821470600,0.079470600,1
'2026-08-22 08:28:41.821485200,0.079485200,0
'2026-08-22 08:28:41.821485500,0.079485500,1
'2026-08-22 08:28:41.821485600,0.079485600,0
'2026-08-22 08:28:41.821496700,0.079496700,1
'2026-08-22 08:28:41.821511300,0.079511300,0
'2026-08-22 08:28:41.821522700,0.079522700,1
'2026-08-22 08:28:41.821537600,0.079537600,0
'2026-08-22 08:28:41.821548800,0.079548800,1
'2026-08-22 08:28:41.821563500,0.079563500,0
'2026-08-22 08:28:41.821563700,0.079563700,1
'2026-08-22 08:28:41.821563800,0.079563800,0
'2026-08-22 08:28:41.821572000,0.079572000,1
'2026-08-22 08:28:41.821572100,0.079572100,0
'2026-08-22 08:28:41.821574900,0.079574900,1
'2026-08-22 08:28:41.821589600,0.079589600,0
'2026-08-22 08:28:41.821601000,0.079601000,1
'2026-08-22 08:28:41.821615900,0.079615900,0
'2026-08-22 08:28:41.821627100,0.079627100,1
'2026-08-22 08:28:41.821641800,0.079641800,0
'2026-08-22 08:28:41.821641900,0.079641900,1
'2026-08-22 08:28:41.821642000,0.079642000,0
'2026-08-22 08:28:41.821653200,0.079653200,1
'2026-08-22 08:28:41.821668000,0.079668000,0
'2026-08-22 08:28:41.821679300,0.079679300,1
'2026-08-22 08:28:41.822893600,0.080893600,0
'2026-08-22 08:28:41.822904900,0.080904900,1
'2026-08-22 08:28:41.822919500,0.080919500,0
'2026-08-22 08:28:41.822931000,0.080931000,1
'2026-08-22 08:28:41.822945600,0.080945600,0
'2026-08-22 08:28:41.822957100,0.080957100,1
'2026-08-22 08:28:41.822971800,0.080971800,0
'2026-08-22 08:28:41.822983200,0.080983200,1
'2026-08-22 08:28:41.822997700,0.080997700,0
'2026-08-22 08:28:41.823002900,0.081002900,1
'2026-08-22 08:28:41.823003000,0.081003000,0
'2026-08-22 08:28:41.823009300,0.081009300,1
'2026-08-22 08:28:41.823024100,0.081024100,0
'2026-08-22 08:28:41.823024300,0.081024300,1
'2026-08-22 08:28:41.823024400,0.081024400,0
'2026-08-22 08:28:41.823035400,0.081035400,1
'2026-08-22 08:28:41.823049900,0.081049900,0
'2026-08-22 08:28:41.823061500,0.081061500,1
'2026-08-22 08:28:41.823076400,0.081076400,0
'2026-08-22 08:28:41.823087600,0.081087600,1
'2026-08-22 08:28:41.823102200,0.081102200,0
'2026-08-22 08:28:41.823113700,0.081113700,1
'2026-08-22 08:28:41.823128300,0.081128300,0
'2026-08-22 08:28:41.823139700,0.081139700,1
'2026-08-22 08:28:41.823154200,0.081154200,0
'2026-08-22 08:28:41.823154300,0.081154300,1
'2026-08-22 08:28:41.823154700,0.081154700,0
'2026-08-22 08:28:41.823165800,0.081165800,1
'2026-08-22 08:28:41.823180400,0.081180400,0
'2026-08-22 08:28:41.823183700,0.081183700,1
'2026-08-22 08:28:41.823183800,0.081183800,0
'2026-08-22 08:28:41.823191900,0.081191900,1
'2026-08-22 08:28:41.823206700,0.081206700,0
'2026-08-22 08:28:41.823207000,0.081207000,1
'2026-08-22 08:28:41.823207100,0.081207100,0
'2026-08-22 08:28:41.823216300,0.081216300,1
'2026-08-22 08:28:41.823216400,0.081216400,0
'2026-08-22 08:28:41.823218000,0.081218000,1
'2026-08-22 08:28:41.823232800,0.081232800,0
'2026-08-22 08:28:41.823233900,0.081233900,1
'2026-08-22 08:28:41.823234000,0.081234000,0
'2026-08-22 08:28:41.823244100,0.081244100,1
'2026-08-22 08:28:41.823258800,0.081258800,0
'2026-08-22 08:28:41.823258900,0.081258900,1
'2026-08-22 08:28:41.823259000,0.081259000,0
'2026-08-22 08:28:41.823270200,0.081270200,1
'2026-08-22 08:28:41.823285000,0.081285000,0
'2026-08-22 08:28:41.823296300,0.081296300,1
'2026-08-22 08:28:41.824510500,0.082510500,0
'2026-08-22 08:28:41.824521900,0.082521900,1
'2026-08-22 08:28:41.824536400,0.082536400,0
'2026-08-22 08:28:41.824548000,0.082548000,1
'2026-08-22 08:28:41.824562800,0.082562800,0
'2026-08-22 08:28:41.824574100,0.082574100,1
'2026-08-22 08:28:41.824588800,0.082588800,0
'2026-08-22 08:28:41.824600200,0.082600200,1
'2026-08-22 08:28:41.824615000,0.082615000,0
'2026-08-22 08:28:41.824626300,0.082626300,1
'2026-08-22 08:28:41.824640800,0.082640800,0
'2026-08-22 08:28:41.824652400,0.082652400,1
'2026-08-22 08:28:41.824667000,0.082667000,0
'2026-08-22 08:28:41.824678500,0.082678500,1
'2026-08-22 08:28:41.824693400,0.082693400,0
'2026-08-22 08:28:41.824704500,0.082704500,1
'2026-08-22 08:28:41.824719200,0.082719200,0
'2026-08-22 08:28:41.824730600,0.082730600,1
'2026-08-22 08:28:41.824745500,0.082745500,0
'2026-08-22 08:28:41.824756700,0.082756700,1
'2026-08-22 08:28:41.824771500,0.082771500,0
'2026-08-22 08:28:41.824782800,0.082782800,1
'2026-08-22 08:28:41.824797400,0.082797400,0
'2026-08-22 08:28:41.824797500,0.082797500,1
'2026-08-22 08:28:41.824797600,0.082797600,0
'2026-08-22 08:28:41.824797700,0.082797700,1
'2026-08-22 08:28:41.824797800,0.082797800,0
'2026-08-22 08:28:41.824800600,0.082800600,1
'2026-08-22 08:28:41.824800700,0.082800700,0
'2026-08-22 08:28:41.824808900,0.082808900,1
'2026-08-22 08:28:41.824823800,0.082823800,0
'2026-08-22 08:28:41.824824000,0.082824000,1
'2026-08-22 08:28:41.824824100,0.082824100,0
'2026-08-22 08:28:41.824835000,0.082835000,1
'2026-08-22 08:28:41.824849500,0.082849500,0
'2026-08-22 08:28:41.824861100,0.082861100,1
'2026-08-22 08:28:41.824876200,0.082876200,0
'2026-08-22 08:28:41.824876600,0.082876600,1
'2026-08-22 08:28:41.824876700,0.082876700,0
'2026-08-22 08:28:41.824877200,0.082877200,1
'2026-08-22 08:28:41.824877300,0.082877300,0
'2026-08-22 08:28:41.824887200,0.082887200,1
'2026-08-22 08:28:41.824901800,0.082901800,0
'2026-08-22 08:28:41.824912100,0.082912100,1
'2026-08-22 08:28:41.825345100,0.083345100,0
'2026-08-22 08:28:41.825356500,0.083356500,1
'2026-08-22 08:28:41.825371200,0.083371200,0
'2026-08-22 08:28:41.825382600,0.083382600,1
'2026-08-22 08:28:41.825397600,0.083397600,0
'2026-08-22 08:28:41.825408700,0.083408700,1
'2026-08-22 08:28:41.825423200,0.083423200,0
'2026-08-22 08:28:41.825423300,0.083423300,1
'2026-08-22 08:28:41.825423400,0.083423400,0
'2026-08-22 08:28:41.825434800,0.083434800,1
'2026-08-22 08:28:41.825449500,0.083449500,0
'2026-08-22 08:28:41.825460900,0.083460900,1
'2026-08-22 08:28:41.825475700,0.083475700,0
'2026-08-22 08:28:41.825487000,0.083487000,1
'2026-08-22 08:28:41.825501600,0.083501600,0
'2026-08-22 08:28:41.825507100,0.083507100,1
'2026-08-22 08:28:41.825507200,0.083507200,0
'2026-08-22 08:28:41.825513100,0.083513100,1
'2026-08-22 08:28:41.825528000,0.083528000,0
'2026-08-22 08:28:41.825528100,0.083528100,1
'2026-08-22 08:28:41.825528200,0.083528200,0
'2026-08-22 08:28:41.825539200,0.083539200,1
'2026-08-22 08:28:41.825553900,0.083553900,0
'2026-08-22 08:28:41.825565300,0.083565300,1
'2026-08-22 08:28:41.825579900,0.083579900,0
'2026-08-22 08:28:41.825580100,0.083580100,1
'2026-08-22 08:28:41.825580200,0.083580200,0
'2026-08-22 08:28:41.825591300,0.083591300,1
'2026-08-22 08:28:41.825606000,0.083606000,0
'2026-08-22 08:28:41.825617400,0.083617400,1
'2026-08-22 08:28:41.825632200,0.083632200,0
'2026-08-22 08:28:41.825634900,0.083634900,1
'2026-08-22 08:28:41.825635000,0.083635000,0
'2026-08-22 08:28:41.825643500,0.083643500,1
'2026-08-22 08:28:41.825658400,0.083658400,0
'2026-08-22 08:28:41.825658500,0.083658500,1
'2026-08-22 08:28:41.825658600,0.083658600,0
'2026-08-22 08:28:41.825669600,0.083669600,1
'2026-08-22 08:28:41.825684200,0.083684200,0
'2026-08-22 08:28:41.825695700,0.083695700,1
'2026-08-22 08:28:41.825710500,0.083710500,0
'2026-08-22 08:28:41.825721800,0.083721800,1
'2026-08-22 08:28:41.826157500,0.084157500,0
'2026-08-22 08:28:41.826165000,0.084165000,1
'2026-08-22 08:28:41.826179800,0.084179800,0
'2026-08-22 08:28:41.826180100,0.084180100,1
'2026-08-22 08:28:41.826180200,0.084180200,0
'2026-08-22 08:28:41.826191100,0.084191100,1
'2026-08-22 08:28:41.826205800,0.084205800,0
'2026-08-22 08:28:41.826217200,0.084217200,1
'2026-08-22 08:28:41.826232200,0.084232200,0
'2026-08-22 08:28:41.826232700,0.084232700,1
'2026-08-22 08:28:41.826232800,0.084232800,0
'2026-08-22 08:28:41.826243300,0.084243300,1
'2026-08-22 08:28:41.826258000,0.084258000,0
'2026-08-22 08:28:41.826269400,0.084269400,1
'2026-08-22 08:28:41.826284200,0.084284200,0
'2026-08-22 08:28:41.826295500,0.084295500,1
'2026-08-22 08:28:41.826310200,0.084310200,0
'2026-08-22 08:28:41.826310300,0.084310300,1
'2026-08-22 08:28:41.826310400,0.084310400,0
'2026-08-22 08:28:41.826311000,0.084311000,1
'2026-08-22 08:28:41.826311100,0.084311100,0
'2026-08-22 08:28:41.826321600,0.084321600,1
'2026-08-22 08:28:41.826336300,0.084336300,0
'2026-08-22 08:28:41.826336700,0.084336700,1
'2026-08-22 08:28:41.826336800,0.084336800,0
'2026-08-22 08:28:41.826347700,0.084347700,1
'2026-08-22 08:28:41.826362500,0.084362500,0
'2026-08-22 08:28:41.826373800,0.084373800,1
'2026-08-22 08:28:41.826388600,0.084388600,0
'2026-08-22 08:28:41.826399800,0.084399800,1
'2026-08-22 08:28:41.826414500,0.084414500,0
'2026-08-22 08:28:41.826418500,0.084418500,1
'2026-08-22 08:28:41.826418600,0.084418600,0
'2026-08-22 08:28:41.826425900,0.084425900,1
'2026-08-22 08:28:41.826440800,0.084440800,0
'2026-08-22 08:28:41.826452000,0.084452000,1
'2026-08-22 08:28:41.826466700,0.084466700,0
'2026-08-22 08:28:41.826466900,0.084466900,1
'2026-08-22 08:28:41.826467000,0.084467000,0
'2026-08-22 08:28:41.826467500,0.084467500,1
'2026-08-22 08:28:41.826467600,0.084467600,0
'2026-08-22 08:28:41.826472600,0.084472600,1
'2026-08-22 08:28:41.826472700,0.084472700,0
'2026-08-22 08:28:41.826478100,0.084478100,1
'2026-08-22 08:28:41.826492800,0.084492800,0
'2026-08-22 08:28:41.826504200,0.084504200,1
'2026-08-22 08:28:41.826519000,0.084519000,0
'2026-08-22 08:28:41.826530300,0.084530300,1
'2026-08-22 08:28:41.826545100,0.084545100,0
'2026-08-22 08:28:41.826545200,0.084545200,1
'2026-08-22 08:28:41.826545300,0.084545300,0
'2026-08-22 08:28:41.826556400,0.084556400,1
'2026-08-22 08:28:41.826988400,0.084988400,0
'2026-08-22 08:28:41.826999700,0.084999700,1
'2026-08-22 08:28:41.827014300,0.085014300,0
'2026-08-22 08:28:41.827025800,0.085025800,1
'2026-08-22 08:28:41.827040500,0.085040500,0
'2026-08-22 08:28:41.827051800,0.085051800,1
'2026-08-22 08:28:41.827066500,0.085066500,0
'2026-08-22 08:28:41.827066700,0.085066700,1
'2026-08-22 08:28:41.827066800,0.085066800,0
'2026-08-22 08:28:41.827077900,0.085077900,1
'2026-08-22 08:28:41.827092600,0.085092600,0
'2026-08-22 08:28:41.827104000,0.085104000,1
'2026-08-22 08:28:41.827118800,0.085118800,0
'2026-08-22 08:28:41.827130100,0.085130100,1
'2026-08-22 08:28:41.827144700,0.085144700,0
'2026-08-22 08:28:41.827144900,0.085144900,1
'2026-08-22 08:28:41.827145000,0.085145000,0
'2026-08-22 08:28:41.827145500,0.085145500,1
'2026-08-22 08:28:41.827145600,0.085145600,0
'2026-08-22 08:28:41.827156200,0.085156200,1
'2026-08-22 08:28:41.827170900,0.085170900,0
'2026-08-22 08:28:41.827182300,0.085182300,1
'2026-08-22 08:28:41.827197100,0.085197100,0
'2026-08-22 08:28:41.827208400,0.085208400,1
'2026-08-22 08:28:41.827223300,0.085223300,0
'2026-08-22 08:28:41.827234500,0.085234500,1
'2026-08-22 08:28:41.827249200,0.085249200,0
'2026-08-22 08:28:41.827249500,0.085249500,1
'2026-08-22 08:28:41.827249600,0.085249600,0
'2026-08-22 08:28:41.827260600,0.085260600,1
'2026-08-22 08:28:41.827275300,0.085275300,0
'2026-08-22 08:28:41.827286600,0.085286600,1
'2026-08-22 08:28:41.827301600,0.085301600,0
'2026-08-22 08:28:41.827312700,0.085312700,1
'2026-08-22 08:28:41.827327600,0.085327600,0
'2026-08-22 08:28:41.827327700,0.085327700,1
'2026-08-22 08:28:41.827327800,0.085327800,0
'2026-08-22 08:28:41.827338800,0.085338800,1
'2026-08-22 08:28:41.827353700,0.085353700,0
'2026-08-22 08:28:41.827354300,0.085354300,1
'2026-08-22 08:28:41.827354400,0.085354400,0
'2026-08-22 08:28:41.827364900,0.085364900,1
'2026-08-22 08:28:41.827379600,0.085379600,0
'2026-08-22 08:28:41.827382600,0.085382600,1
'2026-08-22 08:28:41.827804500,0.085804500,0
'2026-08-22 08:28:41.827804600,0.085804600,1
'2026-08-22 08:28:41.827804700,0.085804700,0
'2026-08-22 08:28:41.827808200,0.085808200,1
'2026-08-22 08:28:41.827823100,0.085823100,0
'2026-08-22 08:28:41.827834300,0.085834300,1
'2026-08-22 08:28:41.827849000,0.085849000,0
'2026-08-22 08:28:41.827849200,0.085849200,1
'2026-08-22 08:28:41.827849300,0.085849300,0
'2026-08-22 08:28:41.827860400,0.085860400,1
'2026-08-22 08:28:41.827875000,0.085875000,0
'2026-08-22 08:28:41.827886500,0.085886500,1
'2026-08-22 08:28:41.827901600,0.085901600,0
'2026-08-22 08:28:41.827912600,0.085912600,1
'2026-08-22 08:28:41.827927200,0.085927200,0
'2026-08-22 08:28:41.827938700,0.085938700,1
'2026-08-22 08:28:41.827953400,0.085953400,0
'2026-08-22 08:28:41.827964800,0.085964800,1
'2026-08-22 08:28:41.827979400,0.085979400,0
'2026-08-22 08:28:41.827979500,0.085979500,1
'2026-08-22 08:28:41.827979600,0.085979600,0
'2026-08-22 08:28:41.827980100,0.085980100,1
'2026-08-22 08:28:41.827980200,0.085980200,0
'2026-08-22 08:28:41.827990800,0.085990800,1
'2026-08-22 08:28:41.828005400,0.086005400,0
'2026-08-22 08:28:41.828005700,0.086005700,1
'2026-08-22 08:28:41.828005800,0.086005800,0
'2026-08-22 08:28:41.828016900,0.086016900,1
'2026-08-22 08:28:41.828031800,0.086031800,0
'2026-08-22 08:28:41.828031900,0.086031900,1
'2026-08-22 08:28:41.828032000,0.086032000,0
'2026-08-22 08:28:41.828033800,0.086033800,1
'2026-08-22 08:28:41.828033900,0.086033900,0
'2026-08-22 08:28:41.828043000,0.086043000,1
'2026-08-22 08:28:41.828057600,0.086057600,0
'2026-08-22 08:28:41.828057700,0.086057700,1
'2026-08-22 08:28:41.828057800,0.086057800,0
'2026-08-22 08:28:41.828061300,0.086061300,1
'2026-08-22 08:28:41.828061400,0.086061400,0
'2026-08-22 08:28:41.828069100,0.086069100,1
'2026-08-22 08:28:41.828084200,0.086084200,0
'2026-08-22 08:28:41.828095200,0.086095200,1
'2026-08-22 08:28:41.828109900,0.086109900,0
'2026-08-22 08:28:41.828120300,0.086120300,1
'2026-08-22 08:28:41.828120400,0.086120400,0
'2026-08-22 08:28:41.828121300,0.086121300,1
'2026-08-22 08:28:41.828136200,0.086136200,0
'2026-08-22 08:28:41.828147400,0.086147400,1
'2026-08-22 08:28:41.828162400,0.086162400,0
'2026-08-22 08:28:41.828173500,0.086173500,1
'2026-08-22 08:28:41.828188100,0.086188100,0
'2026-08-22 08:28:41.828199500,0.086199500,1
'2026-08-22 08:28:41.828631300,0.086631300,0
'2026-08-22 08:28:41.828642900,0.086642900,1
'2026-08-22 08:28:41.828657600,0.086657600,0
'2026-08-22 08:28:41.828668900,0.086668900,1
'2026-08-22 08:28:41.828683900,0.086683900,0
'2026-08-22 08:28:41.828684300,0.086684300,1
'2026-08-22 08:28:41.828684400,0.086684400,0
'2026-08-22 08:28:41.828695000,0.086695000,1
'2026-08-22 08:28:41.828709700,0.086709700,0
'2026-08-22 08:28:41.828721100,0.086721100,1
'2026-08-22 08:28:41.828736000,0.086736000,0
'2026-08-22 08:28:41.828747200,0.086747200,1
'2026-08-22 08:28:41.828761800,0.086761800,0
'2026-08-22 08:28:41.828773300,0.086773300,1
'2026-08-22 08:28:41.828788000,0.086788000,0
'2026-08-22 08:28:41.828788300,0.086788300,1
'2026-08-22 08:28:41.828788400,0.086788400,0
'2026-08-22 08:28:41.828799400,0.086799400,1
'2026-08-22 08:28:41.828814300,0.086814300,0
'2026-08-22 08:28:41.828814600,0.086814600,1
'2026-08-22 08:28:41.828814700,0.086814700,0
'2026-08-22 08:28:41.828825500,0.086825500,1
'2026-08-22 08:28:41.828840100,0.086840100,0
'2026-08-22 08:28:41.828851600,0.086851600,1
'2026-08-22 08:28:41.828866800,0.086866800,0
'2026-08-22 08:28:41.828876500,0.086876500,1
'2026-08-22 08:28:41.828876600,0.086876600,0
'2026-08-22 08:28:41.828877700,0.086877700,1
'2026-08-22 08:28:41.828892100,0.086892100,0
'2026-08-22 08:28:41.828903700,0.086903700,1
'2026-08-22 08:28:41.828918800,0.086918800,0
'2026-08-22 08:28:41.828918900,0.086918900,1
'2026-08-22 08:28:41.828919000,0.086919000,0
'2026-08-22 08:28:41.828919700,0.086919700,1
'2026-08-22 08:28:41.828919800,0.086919800,0
'2026-08-22 08:28:41.828929800,0.086929800,1
'2026-08-22 08:28:41.828944600,0.086944600,0
'2026-08-22 08:28:41.828955900,0.086955900,1
'2026-08-22 08:28:41.828970700,0.086970700,0
'2026-08-22 08:28:41.828982000,0.086982000,1
'2026-08-22 08:28:41.828997000,0.086997000,0
'2026-08-22 08:28:41.828997400,0.086997400,1
'2026-08-22 08:28:41.828997500,0.086997500,0
'2026-08-22 08:28:41.828999200,0.086999200,1
'2026-08-22 08:28:41.828999300,0.086999300,0
'2026-08-22 08:28:41.829008100,0.087008100,1
'2026-08-22 08:28:41.829022800,0.087022800,0
'2026-08-22 08:28:41.829029600,0.087029600,1
'2026-08-22 08:28:41.829466000,0.087466000,0
'2026-08-22 08:28:41.829477500,0.087477500,1
'2026-08-22 08:28:41.829492200,0.087492200,0
'2026-08-22 08:28:41.829503600,0.087503600,1
'2026-08-22 08:28:41.829518200,0.087518200,0
'2026-08-22 08:28:41.829518300,0.087518300,1
'2026-08-22 08:28:41.829518400,0.087518400,0
'2026-08-22 08:28:41.829520900,0.087520900,1
'2026-08-22 08:28:41.829521000,0.087521000,0
'2026-08-22 08:28:41.829529700,0.087529700,1
'2026-08-22 08:28:41.829544800,0.087544800,0
'2026-08-22 08:28:41.829555800,0.087555800,1
'2026-08-22 08:28:41.829570400,0.087570400,0
'2026-08-22 08:28:41.829581800,0.087581800,1
'2026-08-22 08:28:41.829596600,0.087596600,0
'2026-08-22 08:28:41.829607900,0.087607900,1
'2026-08-22 08:28:41.829623000,0.087623000,0
'2026-08-22 08:28:41.829634000,0.087634000,1
'2026-08-22 08:28:41.829648700,0.087648700,0
'2026-08-22 08:28:41.829660100,0.087660100,1
'2026-08-22 08:28:41.829675000,0.087675000,0
'2026-08-22 08:28:41.829675100,0.087675100,1
'2026-08-22 08:28:41.829675200,0.087675200,0
'2026-08-22 08:28:41.829675300,0.087675300,1
'2026-08-22 08:28:41.829675400,0.087675400,0
'2026-08-22 08:28:41.829686200,0.087686200,1
'2026-08-22 08:28:41.829700900,0.087700900,0
'2026-08-22 08:28:41.829701000,0.087701000,1
'2026-08-22 08:28:41.829701200,0.087701200,0
'2026-08-22 08:28:41.829701700,0.087701700,1
'2026-08-22 08:28:41.829701800,0.087701800,0
'2026-08-22 08:28:41.829702800,0.087702800,1
'2026-08-22 08:28:41.829702900,0.087702900,0
'2026-08-22 08:28:41.829712300,0.087712300,1
'2026-08-22 08:28:41.829726900,0.087726900,0
'2026-08-22 08:28:41.829727000,0.087727000,1
'2026-08-22 08:28:41.829727200,0.087727200,0
'2026-08-22 08:28:41.829727300,0.087727300,1
'2026-08-22 08:28:41.829727400,0.087727400,0
'2026-08-22 08:28:41.829738400,0.087738400,1
'2026-08-22 08:28:41.829753300,0.087753300,0
'2026-08-22 08:28:41.829764500,0.087764500,1
'2026-08-22 08:28:41.829779200,0.087779200,0
'2026-08-22 08:28:41.829779300,0.087779300,1
'2026-08-22 08:28:41.829779400,0.087779400,0
'2026-08-22 08:28:41.829790600,0.087790600,1
'2026-08-22 08:28:41.829805200,0.087805200,0
'2026-08-22 08:28:41.829816600,0.087816600,1
'2026-08-22 08:28:41.829831400,0.087831400,0
'2026-08-22 08:28:41.829831900,0.087831900,1
'2026-08-22 08:28:41.829832000,0.087832000,0
'2026-08-22 08:28:41.829833600,0.087833600,1
'2026-08-22 08:28:41.829833700,0.087833700,0
'2026-08-22 08:28:41.829842700,0.087842700,1
'2026-08-22 08:28:41.829857400,0.087857400,0
'2026-08-22 08:28:41.829857500,0.087857500,1
'2026-08-22 08:28:41.829857600,0.087857600,0
'2026-08-22 08:28:41.829857700,0.087857700,1
'2026-08-22 08:28:41.829857800,0.087857800,0
'2026-08-22 08:28:41.829860800,0.087860800,1
'2026-08-22 08:28:41.830275200,0.088275200,0
'2026-08-22 08:28:41.830275300,0.088275300,1
'2026-08-22 08:28:41.830275400,0.088275400,0
'2026-08-22 08:28:41.830276800,0.088276800,1
'2026-08-22 08:28:41.830276900,0.088276900,0
'2026-08-22 08:28:41.830286100,0.088286100,1
'2026-08-22 08:28:41.830300800,0.088300800,0
'2026-08-22 08:28:41.830312100,0.088312100,1
'2026-08-22 08:28:41.830327100,0.088327100,0
'2026-08-22 08:28:41.830327900,0.088327900,1
'2026-08-22 08:28:41.830328000,0.088328000,0
'2026-08-22 08:28:41.830338200,0.088338200,1
'2026-08-22 08:28:41.830353000,0.088353000,0
'2026-08-22 08:28:41.830364300,0.088364300,1
'2026-08-22 08:28:41.830379100,0.088379100,0
'2026-08-22 08:28:41.830390400,0.088390400,1
'2026-08-22 08:28:41.830405400,0.088405400,0
'2026-08-22 08:28:41.830415200,0.088415200,1
'2026-08-22 08:28:41.830415300,0.088415300,0
'2026-08-22 08:28:41.830416500,0.088416500,1
'2026-08-22 08:28:41.830431100,0.088431100,0
'2026-08-22 08:28:41.830442600,0.088442600,1
'2026-08-22 08:28:41.830457400,0.088457400,0
'2026-08-22 08:28:41.830458400,0.088458400,1
'2026-08-22 08:28:41.830458500,0.088458500,0
'2026-08-22 08:28:41.830468700,0.088468700,1
'2026-08-22 08:28:41.830483200,0.088483200,0
'2026-08-22 08:28:41.830494800,0.088494800,1
'2026-08-22 08:28:41.830509500,0.088509500,0
'2026-08-22 08:28:41.830520800,0.088520800,1
'2026-08-22 08:28:41.830535700,0.088535700,0
'2026-08-22 08:28:41.830546900,0.088546900,1
'2026-08-22 08:28:41.830561700,0.088561700,0
'2026-08-22 08:28:41.830561800,0.088561800,1
'2026-08-22 08:28:41.830561900,0.088561900,0
'2026-08-22 08:28:41.830573000,0.088573000,1
'2026-08-22 08:28:41.830588000,0.088588000,0
'2026-08-22 08:28:41.830588700,0.088588700,1
'2026-08-22 08:28:41.830588800,0.088588800,0
'2026-08-22 08:28:41.830597500,0.088597500,1
'2026-08-22 08:28:41.830597600,0.088597600,0
'2026-08-22 08:28:41.830599100,0.088599100,1
'2026-08-22 08:28:41.830613800,0.088613800,0
'2026-08-22 08:28:41.830625200,0.088625200,1
'2026-08-22 08:28:41.830640100,0.088640100,0
'2026-08-22 08:28:41.830651300,0.088651300,1
'2026-08-22 08:28:41.830666000,0.088666000,0
'2026-08-22 08:28:41.830674700,0.088674700,1
'2026-08-22 08:28:41.830674800,0.088674800,0
'2026-08-22 08:28:41.830677400,0.088677400,1
'2026-08-22 08:28:41.831109000,0.089109000,0
'2026-08-22 08:28:41.831120700,0.089120700,1
'2026-08-22 08:28:41.831135400,0.089135400,0
'2026-08-22 08:28:41.831146800,0.089146800,1
'2026-08-22 08:28:41.831161600,0.089161600,0
'2026-08-22 08:28:41.831161900,0.089161900,1
'2026-08-22 08:28:41.831162000,0.089162000,0
'2026-08-22 08:28:41.831172900,0.089172900,1
'2026-08-22 08:28:41.831187700,0.089187700,0
'2026-08-22 08:28:41.831199000,0.089199000,1
'2026-08-22 08:28:41.831213600,0.089213600,0
'2026-08-22 08:28:41.831213800,0.089213800,1
'2026-08-22 08:28:41.831214000,0.089214000,0
'2026-08-22 08:28:41.831225000,0.089225000,1
'2026-08-22 08:28:41.831239900,0.089239900,0
'2026-08-22 08:28:41.831251100,0.089251100,1
'2026-08-22 08:28:41.831265900,0.089265900,0
'2026-08-22 08:28:41.831269900,0.089269900,1
'2026-08-22 08:28:41.831270000,0.089270000,0
'2026-08-22 08:28:41.831277200,0.089277200,1
'2026-08-22 08:28:41.831292200,0.089292200,0
'2026-08-22 08:28:41.831292700,0.089292700,1
'2026-08-22 08:28:41.831292800,0.089292800,0
'2026-08-22 08:28:41.831303300,0.089303300,1
'2026-08-22 08:28:41.831318000,0.089318000,0
'2026-08-22 08:28:41.831318500,0.089318500,1
'2026-08-22 08:28:41.831318600,0.089318600,0
'2026-08-22 08:28:41.831329400,0.089329400,1
'2026-08-22 08:28:41.831344200,0.089344200,0
'2026-08-22 08:28:41.831355500,0.089355500,1
'2026-08-22 08:28:41.831370200,0.089370200,0
'2026-08-22 08:28:41.831370300,0.089370300,1
'2026-08-22 08:28:41.831370500,0.089370500,0
'2026-08-22 08:28:41.831375600,0.089375600,1
'2026-08-22 08:28:41.831375700,0.089375700,0
'2026-08-22 08:28:41.831381600,0.089381600,1
'2026-08-22 08:28:41.831396300,0.089396300,0
'2026-08-22 08:28:41.831407700,0.089407700,1
'2026-08-22 08:28:41.831422400,0.089422400,0
'2026-08-22 08:28:41.831423500,0.089423500,1
'2026-08-22 08:28:41.831423600,0.089423600,0
'2026-08-22 08:28:41.831433800,0.089433800,1
'2026-08-22 08:28:41.831448400,0.089448400,0
'2026-08-22 08:28:41.831448500,0.089448500,1
'2026-08-22 08:28:41.831448700,0.089448700,0
'2026-08-22 08:28:41.831459900,0.089459900,1
'2026-08-22 08:28:41.831474600,0.089474600,0
'2026-08-22 08:28:41.831474800,0.089474800,1
'2026-08-22 08:28:41.831475000,0.089475000,0
'2026-08-22 08:28:41.831485900,0.089485900,1
'2026-08-22 08:28:41.831500800,0.089500800,0
'2026-08-22 08:28:41.831501100,0.089501100,1
'2026-08-22 08:28:41.831501200,0.089501200,0
'2026-08-22 08:28:41.831502900,0.089502900,1
'2026-08-22 08:28:41.831503000,0.089503000,0
'2026-08-22 08:28:41.831507800,0.089507800,1
'2026-08-22 08:28:41.831922000,0.089922000,0
'2026-08-22 08:28:41.831922100,0.089922100,1
'2026-08-22 08:28:41.831922200,0.089922200,0
'2026-08-22 08:28:41.831929300,0.089929300,1
'2026-08-22 08:28:41.831944000,0.089944000,0
'2026-08-22 08:28:41.831955400,0.089955400,1
'2026-08-22 08:28:41.831970000,0.089970000,0
'2026-08-22 08:28:41.831981400,0.089981400,1
'2026-08-22 08:28:41.831996200,0.089996200,0
'2026-08-22 08:28:41.831996300,0.089996300,1
'2026-08-22 08:28:41.831996400,0.089996400,0
'2026-08-22 08:28:41.832007500,0.090007500,1
'2026-08-22 08:28:41.832022200,0.090022200,0
'2026-08-22 08:28:41.832033600,0.090033600,1
'2026-08-22 08:28:41.832048500,0.090048500,0
'2026-08-22 08:28:41.832054700,0.090054700,1
'2026-08-22 08:28:41.832054800,0.090054800,0
'2026-08-22 08:28:41.832059700,0.090059700,1
'2026-08-22 08:28:41.832074400,0.090074400,0
'2026-08-22 08:28:41.832074500,0.090074500,1
'2026-08-22 08:28:41.832074700,0.090074700,0
'2026-08-22 08:28:41.832085800,0.090085800,1
'2026-08-22 08:28:41.832100500,0.090100500,0
'2026-08-22 08:28:41.832111900,0.090111900,1
'2026-08-22 08:28:41.832126600,0.090126600,0
'2026-08-22 08:28:41.832126700,0.090126700,1
'2026-08-22 08:28:41.832126800,0.090126800,0
'2026-08-22 08:28:41.832127100,0.090127100,1
'2026-08-22 08:28:41.832127200,0.090127200,0
'2026-08-22 08:28:41.832133400,0.090133400,1
'2026-08-22 08:28:41.832133500,0.090133500,0
'2026-08-22 08:28:41.832138000,0.090138000,1
'2026-08-22 08:28:41.832152600,0.090152600,0
'2026-08-22 08:28:41.832155700,0.090155700,1
'2026-08-22 08:28:41.832155800,0.090155800,0
'2026-08-22 08:28:41.832164100,0.090164100,1
'2026-08-22 08:28:41.832179200,0.090179200,0
'2026-08-22 08:28:41.832190100,0.090190100,1
'2026-08-22 08:28:41.832204900,0.090204900,0
'2026-08-22 08:28:41.832216200,0.090216200,1
'2026-08-22 08:28:41.832231100,0.090231100,0
'2026-08-22 08:28:41.832233000,0.090233000,1
'2026-08-22 08:28:41.832233100,0.090233100,0
'2026-08-22 08:28:41.832242300,0.090242300,1
'2026-08-22 08:28:41.832257100,0.090257100,0
'2026-08-22 08:28:41.832257900,0.090257900,1
'2026-08-22 08:28:41.832258000,0.090258000,0
'2026-08-22 08:28:41.832268400,0.090268400,1
'2026-08-22 08:28:41.832283200,0.090283200,0
'2026-08-22 08:28:41.832294500,0.090294500,1
'2026-08-22 08:28:41.832309400,0.090309400,0
'2026-08-22 08:28:41.832320600,0.090320600,1
'2026-08-22 08:28:41.832752600,0.090752600,0
'2026-08-22 08:28:41.832752900,0.090752900,1
'2026-08-22 08:28:41.832753000,0.090753000,0
'2026-08-22 08:28:41.832763900,0.090763900,1
'2026-08-22 08:28:41.832778800,0.090778800,0
'2026-08-22 08:28:41.832790000,0.090790000,1
'2026-08-22 08:28:41.832804600,0.090804600,0
'2026-08-22 08:28:41.832816100,0.090816100,1
'2026-08-22 08:28:41.832830800,0.090830800,0
'2026-08-22 08:28:41.832842200,0.090842200,1
'2026-08-22 08:28:41.832857000,0.090857000,0
'2026-08-22 08:28:41.832868300,0.090868300,1
'2026-08-22 08:28:41.832883000,0.090883000,0
'2026-08-22 08:28:41.832894400,0.090894400,1
'2026-08-22 08:28:41.832909200,0.090909200,0
'2026-08-22 08:28:41.832909400,0.090909400,1
'2026-08-22 08:28:41.832909500,0.090909500,0
'2026-08-22 08:28:41.832910500,0.090910500,1
'2026-08-22 08:28:41.832910700,0.090910700,0
'2026-08-22 08:28:41.832920500,0.090920500,1
'2026-08-22 08:28:41.832935300,0.090935300,0
'2026-08-22 08:28:41.832946600,0.090946600,1
'2026-08-22 08:28:41.832961200,0.090961200,0
'2026-08-22 08:28:41.832961300,0.090961300,1
'2026-08-22 08:28:41.832961600,0.090961600,0
'2026-08-22 08:28:41.832972600,0.090972600,1
'2026-08-22 08:28:41.832987200,0.090987200,0
'2026-08-22 08:28:41.832998700,0.090998700,1
'2026-08-22 08:28:41.833013600,0.091013600,0
'2026-08-22 08:28:41.833013900,0.091013900,1
'2026-08-22 08:28:41.833014000,0.091014000,0
'2026-08-22 08:28:41.833020100,0.091020100,1
'2026-08-22 08:28:41.833020200,0.091020200,0
'2026-08-22 08:28:41.833024800,0.091024800,1
'2026-08-22 08:28:41.833039500,0.091039500,0
'2026-08-22 08:28:41.833039600,0.091039600,1
'2026-08-22 08:28:41.833039700,0.091039700,0
'2026-08-22 08:28:41.833050900,0.091050900,1
'2026-08-22 08:28:41.833065500,0.091065500,0
'2026-08-22 08:28:41.833077000,0.091077000,1
'2026-08-22 08:28:41.833091800,0.091091800,0
'2026-08-22 08:28:41.833092100,0.091092100,1
'2026-08-22 08:28:41.833092200,0.091092200,0
'2026-08-22 08:28:41.833103100,0.091103100,1
'2026-08-22 08:28:41.833117700,0.091117700,0
'2026-08-22 08:28:41.833129200,0.091129200,1
'2026-08-22 08:28:41.833144000,0.091144000,0
'2026-08-22 08:28:41.833144100,0.091144100,1
'2026-08-22 08:28:41.833144200,0.091144200,0
'2026-08-22 08:28:41.833154900,0.091154900,1
'2026-08-22 08:28:41.833569000,0.091569000,0
'2026-08-22 08:28:41.833572500,0.091572500,1
'2026-08-22 08:28:41.833587200,0.091587200,0
'2026-08-22 08:28:41.833598600,0.091598600,1
'2026-08-22 08:28:41.833613400,0.091613400,0
'2026-08-22 08:28:41.833613700,0.091613700,1
'2026-08-22 08:28:41.833613800,0.091613800,0
'2026-08-22 08:28:41.833622600,0.091622600,1
'2026-08-22 08:28:41.833622700,0.091622700,0
'2026-08-22 08:28:41.833624700,0.091624700,1
'2026-08-22 08:28:41.833639300,0.091639300,0
'2026-08-22 08:28:41.833650800,0.091650800,1
'2026-08-22 08:28:41.833665800,0.091665800,0
'2026-08-22 08:28:41.833676800,0.091676800,1
'2026-08-22 08:28:41.833691600,0.091691600,0
'2026-08-22 08:28:41.833691900,0.091691900,1
'2026-08-22 08:28:41.833692000,0.091692000,0
'2026-08-22 08:28:41.833702900,0.091702900,1
'2026-08-22 08:28:41.833717700,0.091717700,0
'2026-08-22 08:28:41.833729000,0.091729000,1
'2026-08-22 08:28:41.833743700,0.091743700,0
'2026-08-22 08:28:41.833743800,0.091743800,1
'2026-08-22 08:28:41.833743900,0.091743900,0
'2026-08-22 08:28:41.833745600,0.091745600,1
'2026-08-22 08:28:41.833745700,0.091745700,0
'2026-08-22 08:28:41.833755100,0.091755100,1
'2026-08-22 08:28:41.833769800,0.091769800,0
'2026-08-22 08:28:41.833781200,0.091781200,1
'2026-08-22 08:28:41.833796100,0.091796100,0
'2026-08-22 08:28:41.833796400,0.091796400,1
'2026-08-22 08:28:41.833796600,0.091796600,0
'2026-08-22 08:28:41.833807300,0.091807300,1
'2026-08-22 08:28:41.833821800,0.091821800,0
'2026-08-22 08:28:41.833833400,0.091833400,1
'2026-08-22 08:28:41.833848100,0.091848100,0
'2026-08-22 08:28:41.833859500,0.091859500,1
'2026-08-22 08:28:41.833874200,0.091874200,0
'2026-08-22 08:28:41.833875900,0.091875900,1
'2026-08-22 08:28:41.833876000,0.091876000,0
'2026-08-22 08:28:41.833885600,0.091885600,1
'2026-08-22 08:28:41.833900200,0.091900200,0
'2026-08-22 08:28:41.833904600,0.091904600,1
'2026-08-22 08:28:41.833904700,0.091904700,0
'2026-08-22 08:28:41.833911600,0.091911600,1
'2026-08-22 08:28:41.833926800,0.091926800,0
'2026-08-22 08:28:41.833927900,0.091927900,1
'2026-08-22 08:28:41.833928000,0.091928000,0
'2026-08-22 08:28:41.833935700,0.091935700,1
'2026-08-22 08:28:41.833935800,0.091935800,0
'2026-08-22 08:28:41.833937700,0.091937700,1
'2026-08-22 08:28:41.833952200,0.091952200,0
'2026-08-22 08:28:41.833952400,0.091952400,1
'2026-08-22 08:28:41.833952500,0.091952500,0
'2026-08-22 08:28:41.833956500,0.091956500,1
'2026-08-22 08:28:41.833956600,0.091956600,0
'2026-08-22 08:28:41.833963800,0.091963800,1
'2026-08-22 08:28:41.834395800,0.092395800,0
'2026-08-22 08:28:41.834396200,0.092396200,1
'2026-08-22 08:28:41.834396300,0.092396300,0
'2026-08-22 08:28:41.834407100,0.092407100,1
'2026-08-22 08:28:41.834421800,0.092421800,0
'2026-08-22 08:28:41.834433300,0.092433300,1
'2026-08-22 08:28:41.834448000,0.092448000,0
'2026-08-22 08:28:41.834448100,0.092448100,1
'2026-08-22 08:28:41.834448300,0.092448300,0
'2026-08-22 08:28:41.834459300,0.092459300,1
'2026-08-22 08:28:41.834474000,0.092474000,0
'2026-08-22 08:28:41.834485400,0.092485400,1
'2026-08-22 08:28:41.834500200,0.092500200,0
'2026-08-22 08:28:41.834511500,0.092511500,1
'2026-08-22 08:28:41.834526200,0.092526200,0
'2026-08-22 08:28:41.834537600,0.092537600,1
'2026-08-22 08:28:41.834552400,0.092552400,0
'2026-08-22 08:28:41.834563700,0.092563700,1
'2026-08-22 08:28:41.834578500,0.092578500,0
'2026-08-22 08:28:41.834578900,0.092578900,1
'2026-08-22 08:28:41.834579100,0.092579100,0
'2026-08-22 08:28:41.834589800,0.092589800,1
'2026-08-22 08:28:41.834604400,0.092604400,0
'2026-08-22 08:28:41.834615900,0.092615900,1
'2026-08-22 08:28:41.834630600,0.092630600,0
'2026-08-22 08:28:41.834630700,0.092630700,1
'2026-08-22 08:28:41.834630800,0.092630800,0
'2026-08-22 08:28:41.834630900,0.092630900,1
'2026-08-22 08:28:41.834631000,0.092631000,0
'2026-08-22 08:28:41.834641900,0.092641900,1
'2026-08-22 08:28:41.834656700,0.092656700,0
'2026-08-22 08:28:41.834668000,0.092668000,1
'2026-08-22 08:28:41.834683000,0.092683000,0
'2026-08-22 08:28:41.834694100,0.092694100,1
'2026-08-22 08:28:41.834708800,0.092708800,0
'2026-08-22 08:28:41.834708900,0.092708900,1
'2026-08-22 08:28:41.834709000,0.092709000,0
'2026-08-22 08:28:41.834720200,0.092720200,1
'2026-08-22 08:28:41.834735000,0.092735000,0
'2026-08-22 08:28:41.834746300,0.092746300,1
'2026-08-22 08:28:41.834761000,0.092761000,0
'2026-08-22 08:28:41.834761200,0.092761200,1
'2026-08-22 08:28:41.834761400,0.092761400,0
'2026-08-22 08:28:41.834762200,0.092762200,1
'2026-08-22 08:28:41.834762300,0.092762300,0
'2026-08-22 08:28:41.834772400,0.092772400,1
'2026-08-22 08:28:41.834787200,0.092787200,0
'2026-08-22 08:28:41.834798500,0.092798500,1
'2026-08-22 08:28:41.835230400,0.093230400,0
'2026-08-22 08:28:41.835241800,0.093241800,1
'2026-08-22 08:28:41.835256400,0.093256400,0
'2026-08-22 08:28:41.835256500,0.093256500,1
'2026-08-22 08:28:41.835256600,0.093256600,0
'2026-08-22 08:28:41.835267900,0.093267900,1
'2026-08-22 08:28:41.835282900,0.093282900,0
'2026-08-22 08:28:41.835294000,0.093294000,1
'2026-08-22 08:28:41.835308600,0.093308600,0
'2026-08-22 08:28:41.835320100,0.093320100,1
'2026-08-22 08:28:41.835334900,0.093334900,0
'2026-08-22 08:28:41.835346200,0.093346200,1
'2026-08-22 08:28:41.835360800,0.093360800,0
'2026-08-22 08:28:41.835372300,0.093372300,1
'2026-08-22 08:28:41.835386900,0.093386900,0
'2026-08-22 08:28:41.835398300,0.093398300,1
'2026-08-22 08:28:41.835413100,0.093413100,0
'2026-08-22 08:28:41.835424400,0.093424400,1
'2026-08-22 08:28:41.835438900,0.093438900,0
'2026-08-22 08:28:41.835450500,0.093450500,1
'2026-08-22 08:28:41.835465400,0.093465400,0
'2026-08-22 08:28:41.835465600,0.093465600,1
'2026-08-22 08:28:41.835465700,0.093465700,0
'2026-08-22 08:28:41.835476600,0.093476600,1
'2026-08-22 08:28:41.835491400,0.093491400,0
'2026-08-22 08:28:41.835502700,0.093502700,1
'2026-08-22 08:28:41.835517400,0.093517400,0
'2026-08-22 08:28:41.835517500,0.093517500,1
'2026-08-22 08:28:41.835517700,0.093517700,0
'2026-08-22 08:28:41.835528800,0.093528800,1
'2026-08-22 08:28:41.835543600,0.093543600,0
'2026-08-22 08:28:41.835543900,0.093543900,1
'2026-08-22 08:28:41.835544000,0.093544000,0
'2026-08-22 08:28:41.835554900,0.093554900,1
'2026-08-22 08:28:41.835569600,0.093569600,0
'2026-08-22 08:28:41.835581000,0.093581000,1
'2026-08-22 08:28:41.835595900,0.093595900,0
'2026-08-22 08:28:41.835607000,0.093607000,1
'2026-08-22 08:28:41.835621600,0.093621600,0
'2026-08-22 08:28:41.835625500,0.093625500,1
'2026-08-22 08:28:41.836039800,0.094039800,0
'2026-08-22 08:28:41.836050400,0.094050400,1
'2026-08-22 08:28:41.836065100,0.094065100,0
'2026-08-22 08:28:41.836076500,0.094076500,1
'2026-08-22 08:28:41.836091200,0.094091200,0
'2026-08-22 08:28:41.836102600,0.094102600,1
'2026-08-22 08:28:41.836117300,0.094117300,0
'2026-08-22 08:28:41.836128700,0.094128700,1
'2026-08-22 08:28:41.836143200,0.094143200,0
'2026-08-22 08:28:41.836154700,0.094154700,1
'2026-08-22 08:28:41.836169600,0.094169600,0
'2026-08-22 08:28:41.836169900,0.094169900,1
'2026-08-22 08:28:41.836170000,0.094170000,0
'2026-08-22 08:28:41.836170500,0.094170500,1
'2026-08-22 08:28:41.836170600,0.094170600,0
'2026-08-22 08:28:41.836180800,0.094180800,1
'2026-08-22 08:28:41.836195700,0.094195700,0
'2026-08-22 08:28:41.836206900,0.094206900,1
'2026-08-22 08:28:41.836221600,0.094221600,0
'2026-08-22 08:28:41.836221900,0.094221900,1
'2026-08-22 08:28:41.836222000,0.094222000,0
'2026-08-22 08:28:41.836233000,0.094233000,1
'2026-08-22 08:28:41.836247800,0.094247800,0
'2026-08-22 08:28:41.836257300,0.094257300,1
'2026-08-22 08:28:41.836257400,0.094257400,0
'2026-08-22 08:28:41.836259100,0.094259100,1
'2026-08-22 08:28:41.836273800,0.094273800,0
'2026-08-22 08:28:41.836273900,0.094273900,1
'2026-08-22 08:28:41.836274000,0.094274000,0
'2026-08-22 08:28:41.836285200,0.094285200,1
'2026-08-22 08:28:41.836300000,0.094300000,0
'2026-08-22 08:28:41.836300100,0.094300100,1
'2026-08-22 08:28:41.836300200,0.094300200,0
'2026-08-22 08:28:41.836304200,0.094304200,1
'2026-08-22 08:28:41.836304300,0.094304300,0
'2026-08-22 08:28:41.836311300,0.094311300,1
'2026-08-22 08:28:41.836326100,0.094326100,0
'2026-08-22 08:28:41.836337400,0.094337400,1
'2026-08-22 08:28:41.836352200,0.094352200,0
'2026-08-22 08:28:41.836363500,0.094363500,1
'2026-08-22 08:28:41.836378200,0.094378200,0
'2026-08-22 08:28:41.836389500,0.094389500,1
'2026-08-22 08:28:41.836404200,0.094404200,0
'2026-08-22 08:28:41.836404300,0.094404300,1
'2026-08-22 08:28:41.836404400,0.094404400,0
'2026-08-22 08:28:41.836404700,0.094404700,1
'2026-08-22 08:28:41.836404800,0.094404800,0
'2026-08-22 08:28:41.836415600,0.094415600,1
'2026-08-22 08:28:41.836430500,0.094430500,0
'2026-08-22 08:28:41.836441700,0.094441700,1
'2026-08-22 08:28:41.836873600,0.094873600,0
'2026-08-22 08:28:41.836873700,0.094873700,1
'2026-08-22 08:28:41.836873900,0.094873900,0
'2026-08-22 08:28:41.836885100,0.094885100,1
'2026-08-22 08:28:41.836899700,0.094899700,0
'2026-08-22 08:28:41.836911100,0.094911100,1
'2026-08-22 08:28:41.836926000,0.094926000,0
'2026-08-22 08:28:41.836937200,0.094937200,1
'2026-08-22 08:28:41.836951800,0.094951800,0
'2026-08-22 08:28:41.836963300,0.094963300,1
'2026-08-22 08:28:41.836978100,0.094978100,0
'2026-08-22 08:28:41.836978300,0.094978300,1
'2026-08-22 08:28:41.836978400,0.094978400,0
'2026-08-22 08:28:41.836989400,0.094989400,1
'2026-08-22 08:28:41.837004100,0.095004100,0
'2026-08-22 08:28:41.837015500,0.095015500,1
'2026-08-22 08:28:41.837030400,0.095030400,0
'2026-08-22 08:28:41.837041600,0.095041600,1
'2026-08-22 08:28:41.837056300,0.095056300,0
'2026-08-22 08:28:41.837056500,0.095056500,1
'2026-08-22 08:28:41.837056600,0.095056600,0
'2026-08-22 08:28:41.837061700,0.095061700,1
'2026-08-22 08:28:41.837061800,0.095061800,0
'2026-08-22 08:28:41.837067700,0.095067700,1
'2026-08-22 08:28:41.837082400,0.095082400,0
'2026-08-22 08:28:41.837082800,0.095082800,1
'2026-08-22 08:28:41.837082900,0.095082900,0
'2026-08-22 08:28:41.837093800,0.095093800,1
'2026-08-22 08:28:41.837108600,0.095108600,0
'2026-08-22 08:28:41.837119900,0.095119900,1
'2026-08-22 08:28:41.837134700,0.095134700,0
'2026-08-22 08:28:41.837134800,0.095134800,1
'2026-08-22 08:28:41.837134900,0.095134900,0
'2026-08-22 08:28:41.837145900,0.095145900,1
'2026-08-22 08:28:41.837160900,0.095160900,0
'2026-08-22 08:28:41.837161100,0.095161100,1
'2026-08-22 08:28:41.837161200,0.095161200,0
'2026-08-22 08:28:41.837172000,0.095172000,1
'2026-08-22 08:28:41.837186800,0.095186800,0
'2026-08-22 08:28:41.837198100,0.095198100,1
'2026-08-22 08:28:41.837212900,0.095212900,0
'2026-08-22 08:28:41.837213100,0.095213100,1
'2026-08-22 08:28:41.837213200,0.095213200,0
'2026-08-22 08:28:41.837224200,0.095224200,1
'2026-08-22 08:28:41.837238900,0.095238900,0
'2026-08-22 08:28:41.837242300,0.095242300,1
'2026-08-22 08:28:41.837242400,0.095242400,0
'2026-08-22 08:28:41.837250300,0.095250300,1
'2026-08-22 08:28:41.837265300,0.095265300,0
'2026-08-22 08:28:41.837265600,0.095265600,1
'2026-08-22 08:28:41.837265800,0.095265800,0
'2026-08-22 08:28:41.837272600,0.095272600,1
'2026-08-22 08:28:41.837686900,0.095686900,0
'2026-08-22 08:28:41.837693600,0.095693600,1
'2026-08-22 08:28:41.837708300,0.095708300,0
'2026-08-22 08:28:41.837719700,0.095719700,1
'2026-08-22 08:28:41.837734800,0.095734800,0
'2026-08-22 08:28:41.837745800,0.095745800,1
'2026-08-22 08:28:41.837760500,0.095760500,0
'2026-08-22 08:28:41.837771900,0.095771900,1
'2026-08-22 08:28:41.837786800,0.095786800,0
'2026-08-22 08:28:41.837798000,0.095798000,1
'2026-08-22 08:28:41.837812600,0.095812600,0
'2026-08-22 08:28:41.837824100,0.095824100,1
'2026-08-22 08:28:41.837838900,0.095838900,0
'2026-08-22 08:28:41.837839100,0.095839100,1
'2026-08-22 08:28:41.837839200,0.095839200,0
'2026-08-22 08:28:41.837850200,0.095850200,1
'2026-08-22 08:28:41.837865000,0.095865000,0
'2026-08-22 08:28:41.837865200,0.095865200,1
'2026-08-22 08:28:41.837865300,0.095865300,0
'2026-08-22 08:28:41.837876300,0.095876300,1
'2026-08-22 08:28:41.837890900,0.095890900,0
'2026-08-22 08:28:41.837902300,0.095902300,1
'2026-08-22 08:28:41.837917000,0.095917000,0
'2026-08-22 08:28:41.837917400,0.095917400,1
'2026-08-22 08:28:41.837917600,0.095917600,0
'2026-08-22 08:28:41.837928400,0.095928400,1
'2026-08-22 08:28:41.837943200,0.095943200,0
'2026-08-22 08:28:41.837954500,0.095954500,1
'2026-08-22 08:28:41.837969500,0.095969500,0
'2026-08-22 08:28:41.837980600,0.095980600,1
'2026-08-22 08:28:41.837995400,0.095995400,0
'2026-08-22 08:28:41.837995500,0.095995500,1
'2026-08-22 08:28:41.837995600,0.095995600,0
'2026-08-22 08:28:41.837995700,0.095995700,1
'2026-08-22 08:28:41.837995800,0.095995800,0
'2026-08-22 08:28:41.838006700,0.096006700,1
'2026-08-22 08:28:41.838021600,0.096021600,0
'2026-08-22 08:28:41.838026500,0.096026500,1
'2026-08-22 08:28:41.838026600,0.096026600,0
'2026-08-22 08:28:41.838027700,0.096027700,1
'2026-08-22 08:28:41.838027800,0.096027800,0
'2026-08-22 08:28:41.838032800,0.096032800,1
'2026-08-22 08:28:41.838047800,0.096047800,0
'2026-08-22 08:28:41.838058900,0.096058900,1
'2026-08-22 08:28:41.838073800,0.096073800,0
'2026-08-22 08:28:41.838074000,0.096074000,1
'2026-08-22 08:28:41.838074100,0.096074100,0
'2026-08-22 08:28:41.838085000,0.096085000,1
'2026-08-22 08:28:41.838516800,0.096516800,0
'2026-08-22 08:28:41.838528300,0.096528300,1
'2026-08-22 08:28:41.838543200,0.096543200,0
'2026-08-22 08:28:41.838554400,0.096554400,1
'2026-08-22 08:28:41.838569100,0.096569100,0
'2026-08-22 08:28:41.838580500,0.096580500,1
'2026-08-22 08:28:41.838595100,0.096595100,0
'2026-08-22 08:28:41.838601400,0.096601400,1
'2026-08-22 08:28:41.838601500,0.096601500,0
'2026-08-22 08:28:41.838606600,0.096606600,1
'2026-08-22 08:28:41.838621400,0.096621400,0
'2026-08-22 08:28:41.838632700,0.096632700,1
'2026-08-22 08:28:41.838647200,0.096647200,0
'2026-08-22 08:28:41.838658800,0.096658800,1
'2026-08-22 08:28:41.838673600,0.096673600,0
'2026-08-22 08:28:41.838675500,0.096675500,1
'2026-08-22 08:28:41.838675600,0.096675600,0
'2026-08-22 08:28:41.838684900,0.096684900,1
'2026-08-22 08:28:41.838699600,0.096699600,0
'2026-08-22 08:28:41.838710900,0.096710900,1
'2026-08-22 08:28:41.838725500,0.096725500,0
'2026-08-22 08:28:41.838734800,0.096734800,1
'2026-08-22 08:28:41.838734900,0.096734900,0
'2026-08-22 08:28:41.838737100,0.096737100,1
'2026-08-22 08:28:41.838752000,0.096752000,0
'2026-08-22 08:28:41.838752100,0.096752100,1
'2026-08-22 08:28:41.838752200,0.096752200,0
'2026-08-22 08:28:41.838752600,0.096752600,1
'2026-08-22 08:28:41.838752800,0.096752800,0
'2026-08-22 08:28:41.838763100,0.096763100,1
'2026-08-22 08:28:41.838777500,0.096777500,0
'2026-08-22 08:28:41.838783700,0.096783700,1
'2026-08-22 08:28:41.838783800,0.096783800,0
'2026-08-22 08:28:41.838789200,0.096789200,1
'2026-08-22 08:28:41.838804300,0.096804300,0
'2026-08-22 08:28:41.838804700,0.096804700,1
'2026-08-22 08:28:41.838804800,0.096804800,0
'2026-08-22 08:28:41.838805900,0.096805900,1
'2026-08-22 08:28:41.838806000,0.096806000,0
'2026-08-22 08:28:41.838815300,0.096815300,1
'2026-08-22 08:28:41.838829700,0.096829700,0
'2026-08-22 08:28:41.838829800,0.096829800,1
'2026-08-22 08:28:41.838829900,0.096829900,0
'2026-08-22 08:28:41.838834500,0.096834500,1
'2026-08-22 08:28:41.838834600,0.096834600,0
'2026-08-22 08:28:41.838841400,0.096841400,1
'2026-08-22 08:28:41.838856200,0.096856200,0
'2026-08-22 08:28:41.838867500,0.096867500,1
'2026-08-22 08:28:41.838882600,0.096882600,0
'2026-08-22 08:28:41.838883000,0.096883000,1
'2026-08-22 08:28:41.838883100,0.096883100,0
'2026-08-22 08:28:41.838883600,0.096883600,1
'2026-08-22 08:28:41.838883700,0.096883700,0
'2026-08-22 08:28:41.838893600,0.096893600,1
'2026-08-22 08:28:41.838908200,0.096908200,0
'2026-08-22 08:28:41.838919700,0.096919700,1
'2026-08-22 08:28:41.839334100,0.097334100,0
'2026-08-22 08:28:41.839334500,0.097334500,1
'2026-08-22 08:28:41.839334600,0.097334600,0
'2026-08-22 08:28:41.839336300,0.097336300,1
'2026-08-22 08:28:41.839336400,0.097336400,0
'2026-08-22 08:28:41.839336900,0.097336900,1
'2026-08-22 08:28:41.839351600,0.097351600,0
'2026-08-22 08:28:41.839363000,0.097363000,1
'2026-08-22 08:28:41.839377900,0.097377900,0
'2026-08-22 08:28:41.839378300,0.097378300,1
'2026-08-22 08:28:41.839378400,0.097378400,0
'2026-08-22 08:28:41.839387100,0.097387100,1
'2026-08-22 08:28:41.839387200,0.097387200,0
'2026-08-22 08:28:41.839389100,0.097389100,1
'2026-08-22 08:28:41.839403700,0.097403700,0
'2026-08-22 08:28:41.839404000,0.097404000,1
'2026-08-22 08:28:41.839404100,0.097404100,0
'2026-08-22 08:28:41.839415200,0.097415200,1
'2026-08-22 08:28:41.839429800,0.097429800,0
'2026-08-22 08:28:41.839441300,0.097441300,1
'2026-08-22 08:28:41.839456000,0.097456000,0
'2026-08-22 08:28:41.839467400,0.097467400,1
'2026-08-22 08:28:41.839482000,0.097482000,0
'2026-08-22 08:28:41.839484500,0.097484500,1
'2026-08-22 08:28:41.839484600,0.097484600,0
'2026-08-22 08:28:41.839493400,0.097493400,1
'2026-08-22 08:28:41.839508200,0.097508200,0
'2026-08-22 08:28:41.839508400,0.097508400,1
'2026-08-22 08:28:41.839508500,0.097508500,0
'2026-08-22 08:28:41.839519500,0.097519500,1
'2026-08-22 08:28:41.839534300,0.097534300,0
'2026-08-22 08:28:41.839534700,0.097534700,1
'2026-08-22 08:28:41.839534800,0.097534800,0
'2026-08-22 08:28:41.839535900,0.097535900,1
'2026-08-22 08:28:41.839536000,0.097536000,0
'2026-08-22 08:28:41.839545600,0.097545600,1
'2026-08-22 08:28:41.839560200,0.097560200,0
'2026-08-22 08:28:41.839571700,0.097571700,1
'2026-08-22 08:28:41.839586500,0.097586500,0
'2026-08-22 08:28:41.839586700,0.097586700,1
'2026-08-22 08:28:41.839586800,0.097586800,0
'2026-08-22 08:28:41.839587300,0.097587300,1
'2026-08-22 08:28:41.839587400,0.097587400,0
'2026-08-22 08:28:41.839597800,0.097597800,1
'2026-08-22 08:28:41.839612500,0.097612500,0
'2026-08-22 08:28:41.839623900,0.097623900,1
'2026-08-22 08:28:41.839638600,0.097638600,0
'2026-08-22 08:28:41.839638700,0.097638700,1
'2026-08-22 08:28:41.839638800,0.097638800,0
'2026-08-22 08:28:41.839650000,0.097650000,1
'2026-08-22 08:28:41.839664700,0.097664700,0
'2026-08-22 08:28:41.839666100,0.097666100,1
'2026-08-22 08:28:41.839666200,0.097666200,0
'2026-08-22 08:28:41.839676100,0.097676100,1
'2026-08-22 08:28:41.839690800,0.097690800,0
'2026-08-22 08:28:41.839698100,0.097698100,1
'2026-08-22 08:28:41.839698200,0.097698200,0
'2026-08-22 08:28:41.839702200,0.097702200,1
'2026-08-22 08:28:41.839717100,0.097717100,0
'2026-08-22 08:28:41.839717900,0.097717900,1
'2026-08-22 08:28:41.839718000,0.097718000,0
'2026-08-22 08:28:41.839718800,0.097718800,1
'2026-08-22 08:28:41.839718900,0.097718900,0
'2026-08-22 08:28:41.839719300,0.097719300,1
'2026-08-22 08:28:41.839719400,0.097719400,0
'2026-08-22 08:28:41.839728200,0.097728200,1
'2026-08-22 08:28:41.839742900,0.097742900,0
'2026-08-22 08:28:41.839743200,0.097743200,1
'2026-08-22 08:28:41.840160200,0.098160200,0
'2026-08-22 08:28:41.840161300,0.098161300,1
'2026-08-22 08:28:41.840161400,0.098161400,0
'2026-08-22 08:28:41.840171600,0.098171600,1
'2026-08-22 08:28:41.840186200,0.098186200,0
'2026-08-22 08:28:41.840186400,0.098186400,1
'2026-08-22 08:28:41.840186600,0.098186600,0
'2026-08-22 08:28:41.840197700,0.098197700,1
'2026-08-22 08:28:41.840212400,0.098212400,0
'2026-08-22 08:28:41.840223800,0.098223800,1
'2026-08-22 08:28:41.840238600,0.098238600,0
'2026-08-22 08:28:41.840249900,0.098249900,1
'2026-08-22 08:28:41.840264500,0.098264500,0
'2026-08-22 08:28:41.840264700,0.098264700,1
'2026-08-22 08:28:41.840264800,0.098264800,0
'2026-08-22 08:28:41.840266300,0.098266300,1
'2026-08-22 08:28:41.840266400,0.098266400,0
'2026-08-22 08:28:41.840275900,0.098275900,1
'2026-08-22 08:28:41.840290600,0.098290600,0
'2026-08-22 08:28:41.840302000,0.098302000,1
'2026-08-22 08:28:41.840316800,0.098316800,0
'2026-08-22 08:28:41.840328100,0.098328100,1
'2026-08-22 08:28:41.840343100,0.098343100,0
'2026-08-22 08:28:41.840354200,0.098354200,1
'2026-08-22 08:28:41.840369000,0.098369000,0
'2026-08-22 08:28:41.840369200,0.098369200,1
'2026-08-22 08:28:41.840369300,0.098369300,0
'2026-08-22 08:28:41.840369800,0.098369800,1
'2026-08-22 08:28:41.840369900,0.098369900,0
'2026-08-22 08:28:41.840380300,0.098380300,1
'2026-08-22 08:28:41.840395100,0.098395100,0
'2026-08-22 08:28:41.840406400,0.098406400,1
'2026-08-22 08:28:41.840421200,0.098421200,0
'2026-08-22 08:28:41.840432500,0.098432500,1
'2026-08-22 08:28:41.840447200,0.098447200,0
'2026-08-22 08:28:41.840458600,0.098458600,1
'2026-08-22 08:28:41.840473600,0.098473600,0
'2026-08-22 08:28:41.840484700,0.098484700,1
'2026-08-22 08:28:41.840499600,0.098499600,0
'2026-08-22 08:28:41.840503300,0.098503300,1
'2026-08-22 08:28:41.840503400,0.098503400,0
'2026-08-22 08:28:41.840510800,0.098510800,1
'2026-08-22 08:28:41.840525600,0.098525600,0
'2026-08-22 08:28:41.840536800,0.098536800,1
'2026-08-22 08:28:41.840551600,0.098551600,0
'2026-08-22 08:28:41.840556100,0.098556100,1
'2026-08-22 08:28:41.840556200,0.098556200,0
'2026-08-22 08:28:41.840562900,0.098562900,1
'2026-08-22 08:28:41.840995000,0.098995000,0
'2026-08-22 08:28:41.840995100,0.098995100,1
'2026-08-22 08:28:41.840995200,0.098995200,0
'2026-08-22 08:28:41.840995300,0.098995300,1
'2026-08-22 08:28:41.840995500,0.098995500,0
'2026-08-22 08:28:41.840995900,0.098995900,1
'2026-08-22 08:28:41.840996000,0.098996000,0
'2026-08-22 08:28:41.841006300,0.099006300,1
'2026-08-22 08:28:41.841020900,0.099020900,0
'2026-08-22 08:28:41.841032400,0.099032400,1
'2026-08-22 08:28:41.841047400,0.099047400,0
'2026-08-22 08:28:41.841058500,0.099058500,1
'2026-08-22 08:28:41.841073200,0.099073200,0
'2026-08-22 08:28:41.841084600,0.099084600,1
'2026-08-22 08:28:41.841099200,0.099099200,0
'2026-08-22 08:28:41.841099300,0.099099300,1
'2026-08-22 08:28:41.841099400,0.099099400,0
'2026-08-22 08:28:41.841110700,0.099110700,1
'2026-08-22 08:28:41.841125600,0.099125600,0
'2026-08-22 08:28:41.841136700,0.099136700,1
'2026-08-22 08:28:41.841151500,0.099151500,0
'2026-08-22 08:28:41.841162800,0.099162800,1
'2026-08-22 08:28:41.841177800,0.099177800,0
'2026-08-22 08:28:41.841188900,0.099188900,1
'2026-08-22 08:28:41.841203600,0.099203600,0
'2026-08-22 08:28:41.841215000,0.099215000,1
'2026-08-22 08:28:41.841229800,0.099229800,0
'2026-08-22 08:28:41.841241100,0.099241100,1
'2026-08-22 08:28:41.841255700,0.099255700,0
'2026-08-22 08:28:41.841255800,0.099255800,1
'2026-08-22 08:28:41.841255900,0.099255900,0
'2026-08-22 08:28:41.841259900,0.099259900,1
'2026-08-22 08:28:41.841260000,0.099260000,0
'2026-08-22 08:28:41.841267200,0.099267200,1
'2026-08-22 08:28:41.841282000,0.099282000,0
'2026-08-22 08:28:41.841284200,0.099284200,1
'2026-08-22 08:28:41.841284300,0.099284300,0
'2026-08-22 08:28:41.841285400,0.099285400,1
'2026-08-22 08:28:41.841285500,0.099285500,0
'2026-08-22 08:28:41.841293300,0.099293300,1
'2026-08-22 08:28:41.841308100,0.099308100,0
'2026-08-22 08:28:41.841319400,0.099319400,1
'2026-08-22 08:28:41.841334000,0.099334000,0
'2026-08-22 08:28:41.841334100,0.099334100,1
'2026-08-22 08:28:41.841334200,0.099334200,0
'2026-08-22 08:28:41.841334300,0.099334300,1
'2026-08-22 08:28:41.841334500,0.099334500,0
'2026-08-22 08:28:41.841345500,0.099345500,1
'2026-08-22 08:28:41.841360200,0.099360200,0
'2026-08-22 08:28:41.841360300,0.099360300,1
'2026-08-22 08:28:41.841360400,0.099360400,0
'2026-08-22 08:28:41.841371500,0.099371500,1
'2026-08-22 08:28:41.841386400,0.099386400,0
'2026-08-22 08:28:41.841386600,0.099386600,1
'2026-08-22 08:28:41.841386700,0.099386700,0
'2026-08-22 08:28:41.841387300,0.099387300,1
'2026-08-22 08:28:41.841387400,0.099387400,0
'2026-08-22 08:28:41.841390300,0.099390300,1
'2026-08-22 08:28:41.841804600,0.099804600,0
'2026-08-22 08:28:41.841804700,0.099804700,1
'2026-08-22 08:28:41.841804800,0.099804800,0
'2026-08-22 08:28:41.841814900,0.099814900,1
'2026-08-22 08:28:41.841829800,0.099829800,0
'2026-08-22 08:28:41.841829900,0.099829900,1
'2026-08-22 08:28:41.841830000,0.099830000,0
'2026-08-22 08:28:41.841841000,0.099841000,1
'2026-08-22 08:28:41.841855600,0.099855600,0
'2026-08-22 08:28:41.841855700,0.099855700,1
'2026-08-22 08:28:41.841855800,0.099855800,0
'2026-08-22 08:28:41.841867100,0.099867100,1
'2026-08-22 08:28:41.841882000,0.099882000,0
'2026-08-22 08:28:41.841893200,0.099893200,1
'2026-08-22 08:28:41.841907900,0.099907900,0
'2026-08-22 08:28:41.841909300,0.099909300,1
'2026-08-22 08:28:41.841909400,0.099909400,0
'2026-08-22 08:28:41.841919300,0.099919300,1
'2026-08-22 08:28:41.841934000,0.099934000,0
'2026-08-22 08:28:41.841945400,0.099945400,1
'2026-08-22 08:28:41.841960200,0.099960200,0
'2026-08-22 08:28:41.841971500,0.099971500,1
'2026-08-22 08:28:41.841986000,0.099986000,0
'2026-08-22 08:28:41.841986300,0.099986300,1
'2026-08-22 08:28:41.841986400,0.099986400,0
'2026-08-22 08:28:41.841997500,0.099997500,1
'2026-08-22 08:28:41.842012400,0.100012400,0
'2026-08-22 08:28:41.842019700,0.100019700,1
'2026-08-22 08:28:41.842019800,0.100019800,0
'2026-08-22 08:28:41.842023600,0.100023600,1
'2026-08-22 08:28:41.842038500,0.100038500,0
'2026-08-22 08:28:41.842039600,0.100039600,1
'2026-08-22 08:28:41.842039700,0.100039700,0
'2026-08-22 08:28:41.842049700,0.100049700,1
'2026-08-22 08:28:41.842064400,0.100064400,0
'2026-08-22 08:28:41.842073900,0.100073900,1
'2026-08-22 08:28:41.842074000,0.100074000,0
'2026-08-22 08:28:41.842075800,0.100075800,1
'2026-08-22 08:28:41.842090800,0.100090800,0
'2026-08-22 08:28:41.842090900,0.100090900,1
'2026-08-22 08:28:41.842091000,0.100091000,0
'2026-08-22 08:28:41.842092100,0.100092100,1
'2026-08-22 08:28:41.842092200,0.100092200,0
'2026-08-22 08:28:41.842101900,0.100101900,1
'2026-08-22 08:28:41.842116700,0.100116700,0
'2026-08-22 08:28:41.842116900,0.100116900,1
'2026-08-22 08:28:41.842117000,0.100117000,0
'2026-08-22 08:28:41.842128000,0.100128000,1
'2026-08-22 08:28:41.842143000,0.100143000,0
'2026-08-22 08:28:41.842154100,0.100154100,1
'2026-08-22 08:28:41.842168800,0.100168800,0
'2026-08-22 08:28:41.842180200,0.100180200,1
'2026-08-22 08:28:41.842195000,0.100195000,0
'2026-08-22 08:28:41.842206300,0.100206300,1
'2026-08-22 08:28:41.842638200,0.100638200,0
'2026-08-22 08:28:41.842638300,0.100638300,1
'2026-08-22 08:28:41.842638400,0.100638400,0
'2026-08-22 08:28:41.842649600,0.100649600,1
'2026-08-22 08:28:41.842664200,0.100664200,0
'2026-08-22 08:28:41.842675700,0.100675700,1
'2026-08-22 08:28:41.842690400,0.100690400,0
'2026-08-22 08:28:41.842701800,0.100701800,1
'2026-08-22 08:28:41.842716800,0.100716800,0
'2026-08-22 08:28:41.842722400,0.100722400,1
'2026-08-22 08:28:41.842722500,0.100722500,0
'2026-08-22 08:28:41.842727900,0.100727900,1
'2026-08-22 08:28:41.842742500,0.100742500,0
'2026-08-22 08:28:41.842754000,0.100754000,1
'2026-08-22 08:28:41.842768700,0.100768700,0
'2026-08-22 08:28:41.842769100,0.100769100,1
'2026-08-22 08:28:41.842769200,0.100769200,0
'2026-08-22 08:28:41.842780100,0.100780100,1
'2026-08-22 08:28:41.842795000,0.100795000,0
'2026-08-22 08:28:41.842806200,0.100806200,1
'2026-08-22 08:28:41.842820800,0.100820800,0
'2026-08-22 08:28:41.842832300,0.100832300,1
'2026-08-22 08:28:41.842847100,0.100847100,0
'2026-08-22 08:28:41.842858400,0.100858400,1
'2026-08-22 08:28:41.842873200,0.100873200,0
'2026-08-22 08:28:41.842874300,0.100874300,1
'2026-08-22 08:28:41.842874400,0.100874400,0
'2026-08-22 08:28:41.842878900,0.100878900,1
'2026-08-22 08:28:41.842879000,0.100879000,0
'2026-08-22 08:28:41.842884400,0.100884400,1
'2026-08-22 08:28:41.842899200,0.100899200,0
'2026-08-22 08:28:41.842899400,0.100899400,1
'2026-08-22 08:28:41.842899500,0.100899500,0
'2026-08-22 08:28:41.842910500,0.100910500,1
'2026-08-22 08:28:41.842925400,0.100925400,0
'2026-08-22 08:28:41.842925700,0.100925700,1
'2026-08-22 08:28:41.842925900,0.100925900,0
'2026-08-22 08:28:41.842936600,0.100936600,1
'2026-08-22 08:28:41.842951300,0.100951300,0
'2026-08-22 08:28:41.842951400,0.100951400,1
'2026-08-22 08:28:41.842951500,0.100951500,0
'2026-08-22 08:28:41.842962700,0.100962700,1
'2026-08-22 08:28:41.842977400,0.100977400,0
'2026-08-22 08:28:41.842988800,0.100988800,1
'2026-08-22 08:28:41.843003500,0.101003500,0
'2026-08-22 08:28:41.843014900,0.101014900,1
'2026-08-22 08:28:41.843029700,0.101029700,0
'2026-08-22 08:28:41.843037500,0.101037500,1
'2026-08-22 08:28:41.843452000,0.101452000,0
'2026-08-22 08:28:41.843458200,0.101458200,1
'2026-08-22 08:28:41.843473000,0.101473000,0
'2026-08-22 08:28:41.843473500,0.101473500,1
'2026-08-22 08:28:41.843473600,0.101473600,0
'2026-08-22 08:28:41.843482200,0.101482200,1
'2026-08-22 08:28:41.843482300,0.101482300,0
'2026-08-22 08:28:41.843484300,0.101484300,1
'2026-08-22 08:28:41.843499000,0.101499000,0
'2026-08-22 08:28:41.843499100,0.101499100,1
'2026-08-22 08:28:41.843499300,0.101499300,0
'2026-08-22 08:28:41.843510400,0.101510400,1
'2026-08-22 08:28:41.843525000,0.101525000,0
'2026-08-22 08:28:41.843526700,0.101526700,1
'2026-08-22 08:28:41.843526800,0.101526800,0
'2026-08-22 08:28:41.843536500,0.101536500,1
'2026-08-22 08:28:41.843551200,0.101551200,0
'2026-08-22 08:28:41.843561800,0.101561800,1
'2026-08-22 08:28:41.843561900,0.101561900,0
'2026-08-22 08:28:41.843562600,0.101562600,1
'2026-08-22 08:28:41.843577300,0.101577300,0
'2026-08-22 08:28:41.843577400,0.101577400,1
'2026-08-22 08:28:41.843577500,0.101577500,0
'2026-08-22 08:28:41.843588700,0.101588700,1
'2026-08-22 08:28:41.843603300,0.101603300,0
'2026-08-22 08:28:41.843614800,0.101614800,1
'2026-08-22 08:28:41.843629600,0.101629600,0
'2026-08-22 08:28:41.843629900,0.101629900,1
'2026-08-22 08:28:41.843630000,0.101630000,0
'2026-08-22 08:28:41.843640900,0.101640900,1
'2026-08-22 08:28:41.843655700,0.101655700,0
'2026-08-22 08:28:41.843667000,0.101667000,1
'2026-08-22 08:28:41.843682000,0.101682000,0
'2026-08-22 08:28:41.843683500,0.101683500,1
'2026-08-22 08:28:41.843683600,0.101683600,0
'2026-08-22 08:28:41.843693100,0.101693100,1
'2026-08-22 08:28:41.843707700,0.101707700,0
'2026-08-22 08:28:41.843719200,0.101719200,1
'2026-08-22 08:28:41.843734000,0.101734000,0
'2026-08-22 08:28:41.843745200,0.101745200,1
'2026-08-22 08:28:41.843760400,0.101760400,0
'2026-08-22 08:28:41.843771300,0.101771300,1
'2026-08-22 08:28:41.843786000,0.101786000,0
'2026-08-22 08:28:41.843797400,0.101797400,1
'2026-08-22 08:28:41.843812200,0.101812200,0
'2026-08-22 08:28:41.843823500,0.101823500,1
'2026-08-22 08:28:41.843838200,0.101838200,0
'2026-08-22 08:28:41.843838300,0.101838300,1
'2026-08-22 08:28:41.843838500,0.101838500,0
'2026-08-22 08:28:41.843849600,0.101849600,1
'2026-08-22 08:28:41.844281600,0.102281600,0
'2026-08-22 08:28:41.844293000,0.102293000,1
'2026-08-22 08:28:41.844307600,0.102307600,0
'2026-08-22 08:28:41.844312500,0.102312500,1
'2026-08-22 08:28:41.844312600,0.102312600,0
'2026-08-22 08:28:41.844319000,0.102319000,1
'2026-08-22 08:28:41.844334000,0.102334000,0
'2026-08-22 08:28:41.844334100,0.102334100,1
'2026-08-22 08:28:41.844334200,0.102334200,0
'2026-08-22 08:28:41.844334700,0.102334700,1
'2026-08-22 08:28:41.844334800,0.102334800,0
'2026-08-22 08:28:41.844345100,0.102345100,1
'2026-08-22 08:28:41.844359900,0.102359900,0
'2026-08-22 08:28:41.844371200,0.102371200,1
'2026-08-22 08:28:41.844386000,0.102386000,0
'2026-08-22 08:28:41.844386100,0.102386100,1
'2026-08-22 08:28:41.844386200,0.102386200,0
'2026-08-22 08:28:41.844397300,0.102397300,1
'2026-08-22 08:28:41.844412000,0.102412000,0
'2026-08-22 08:28:41.844412300,0.102412300,1
'2026-08-22 08:28:41.844412400,0.102412400,0
'2026-08-22 08:28:41.844423400,0.102423400,1
'2026-08-22 08:28:41.844437900,0.102437900,0
'2026-08-22 08:28:41.844438000,0.102438000,1
'2026-08-22 08:28:41.844438100,0.102438100,0
'2026-08-22 08:28:41.844449500,0.102449500,1
'2026-08-22 08:28:41.844464500,0.102464500,0
'2026-08-22 08:28:41.844464900,0.102464900,1
'2026-08-22 08:28:41.844465000,0.102465000,0
'2026-08-22 08:28:41.844475600,0.102475600,1
'2026-08-22 08:28:41.844490300,0.102490300,0
'2026-08-22 08:28:41.844501700,0.102501700,1
'2026-08-22 08:28:41.844516500,0.102516500,0
'2026-08-22 08:28:41.844527800,0.102527800,1
'2026-08-22 08:28:41.844543000,0.102543000,0
'2026-08-22 08:28:41.844543100,0.102543100,1
'2026-08-22 08:28:41.844543300,0.102543300,0
'2026-08-22 08:28:41.844543700,0.102543700,1
'2026-08-22 08:28:41.844544000,0.102544000,0
'2026-08-22 08:28:41.844544100,0.102544100,1
'2026-08-22 08:28:41.844544200,0.102544200,0
'2026-08-22 08:28:41.844553900,0.102553900,1
'2026-08-22 08:28:41.844568400,0.102568400,0
'2026-08-22 08:28:41.844579900,0.102579900,1
'2026-08-22 08:28:41.844594800,0.102594800,0
'2026-08-22 08:28:41.844594900,0.102594900,1
'2026-08-22 08:28:41.844595400,0.102595400,0
'2026-08-22 08:28:41.844595700,0.102595700,1
'2026-08-22 08:28:41.844595900,0.102595900,0
'2026-08-22 08:28:41.844605500,0.102605500,1
'2026-08-22 08:28:41.844605600,0.102605600,0
'2026-08-22 08:28:41.844606000,0.102606000,1
'2026-08-22 08:28:41.844620700,0.102620700,0
'2026-08-22 08:28:41.844625000,0.102625000,1
'2026-08-22 08:28:41.844625100,0.102625100,0
'2026-08-22 08:28:41.844626100,0.102626100,1
'2026-08-22 08:28:41.844626200,0.102626200,0
'2026-08-22 08:28:41.844632100,0.102632100,1
'2026-08-22 08:28:41.844647300,0.102647300,0
'2026-08-22 08:28:41.844654000,0.102654000,1
'2026-08-22 08:28:41.844654100,0.102654100,0
'2026-08-22 08:28:41.844658200,0.102658200,1
'2026-08-22 08:28:41.844673000,0.102673000,0
'2026-08-22 08:28:41.844673500,0.102673500,1
'2026-08-22 08:28:41.844673600,0.102673600,0
'2026-08-22 08:28:41.844684300,0.102684300,1
'2026-08-22 08:28:41.845099200,0.103099200,0
'2026-08-22 08:28:41.845101600,0.103101600,1
'2026-08-22 08:28:41.845116400,0.103116400,0
'2026-08-22 08:28:41.845116500,0.103116500,1
'2026-08-22 08:28:41.845116600,0.103116600,0
'2026-08-22 08:28:41.845116700,0.103116700,1
'2026-08-22 08:28:41.845116800,0.103116800,0
'2026-08-22 08:28:41.845127600,0.103127600,1
'2026-08-22 08:28:41.845142200,0.103142200,0
'2026-08-22 08:28:41.845142400,0.103142400,1
'2026-08-22 08:28:41.845142500,0.103142500,0
'2026-08-22 08:28:41.845153700,0.103153700,1
'2026-08-22 08:28:41.845168500,0.103168500,0
'2026-08-22 08:28:41.845179800,0.103179800,1
'2026-08-22 08:28:41.845194600,0.103194600,0
'2026-08-22 08:28:41.845205900,0.103205900,1
'2026-08-22 08:28:41.845220600,0.103220600,0
'2026-08-22 08:28:41.845232000,0.103232000,1
'2026-08-22 08:28:41.845247000,0.103247000,0
'2026-08-22 08:28:41.845258100,0.103258100,1
'2026-08-22 08:28:41.845272700,0.103272700,0
'2026-08-22 08:28:41.845284200,0.103284200,1
'2026-08-22 08:28:41.845298900,0.103298900,0
'2026-08-22 08:28:41.845299000,0.103299000,1
'2026-08-22 08:28:41.845299200,0.103299200,0
'2026-08-22 08:28:41.845310300,0.103310300,1
'2026-08-22 08:28:41.845324900,0.103324900,0
'2026-08-22 08:28:41.845325100,0.103325100,1
'2026-08-22 08:28:41.845325200,0.103325200,0
'2026-08-22 08:28:41.845326300,0.103326300,1
'2026-08-22 08:28:41.845326400,0.103326400,0
'2026-08-22 08:28:41.845336400,0.103336400,1
'2026-08-22 08:28:41.845351300,0.103351300,0
'2026-08-22 08:28:41.845362500,0.103362500,1
'2026-08-22 08:28:41.845377400,0.103377400,0
'2026-08-22 08:28:41.845377600,0.103377600,1
'2026-08-22 08:28:41.845377700,0.103377700,0
'2026-08-22 08:28:41.845388600,0.103388600,1
'2026-08-22 08:28:41.845403200,0.103403200,0
'2026-08-22 08:28:41.845403300,0.103403300,1
'2026-08-22 08:28:41.845403400,0.103403400,0
'2026-08-22 08:28:41.845414700,0.103414700,1
'2026-08-22 08:28:41.845429700,0.103429700,0
'2026-08-22 08:28:41.845430200,0.103430200,1
'2026-08-22 08:28:41.845430300,0.103430300,0
'2026-08-22 08:28:41.845440800,0.103440800,1
'2026-08-22 08:28:41.845455500,0.103455500,0
'2026-08-22 08:28:41.845457300,0.103457300,1
'2026-08-22 08:28:41.845457400,0.103457400,0
'2026-08-22 08:28:41.845466800,0.103466800,1
'2026-08-22 08:28:41.845481600,0.103481600,0
'2026-08-22 08:28:41.845492900,0.103492900,1
'2026-08-22 08:28:41.845507900,0.103507900,0
'2026-08-22 08:28:41.845508300,0.103508300,1
'2026-08-22 08:28:41.845924800,0.103924800,0
'2026-08-22 08:28:41.845936300,0.103936300,1
'2026-08-22 08:28:41.845951200,0.103951200,0
'2026-08-22 08:28:41.845962400,0.103962400,1
'2026-08-22 08:28:41.845977100,0.103977100,0
'2026-08-22 08:28:41.845988500,0.103988500,1
'2026-08-22 08:28:41.846003400,0.104003400,0
'2026-08-22 08:28:41.846003500,0.104003500,1
'2026-08-22 08:28:41.846003600,0.104003600,0
'2026-08-22 08:28:41.846014600,0.104014600,1
'2026-08-22 08:28:41.846029300,0.104029300,0
'2026-08-22 08:28:41.846030300,0.104030300,1
'2026-08-22 08:28:41.846030400,0.104030400,0
'2026-08-22 08:28:41.846040700,0.104040700,1
'2026-08-22 08:28:41.846055600,0.104055600,0
'2026-08-22 08:28:41.846066800,0.104066800,1
'2026-08-22 08:28:41.846081500,0.104081500,0
'2026-08-22 08:28:41.846081700,0.104081700,1
'2026-08-22 08:28:41.846081900,0.104081900,0
'2026-08-22 08:28:41.846092900,0.104092900,1
'2026-08-22 08:28:41.846107600,0.104107600,0
'2026-08-22 08:28:41.846115700,0.104115700,1
'2026-08-22 08:28:41.846115800,0.104115800,0
'2026-08-22 08:28:41.846119000,0.104119000,1
'2026-08-22 08:28:41.846133800,0.104133800,0
'2026-08-22 08:28:41.846134200,0.104134200,1
'2026-08-22 08:28:41.846134400,0.104134400,0
'2026-08-22 08:28:41.846145100,0.104145100,1
'2026-08-22 08:28:41.846159800,0.104159800,0
'2026-08-22 08:28:41.846171200,0.104171200,1
'2026-08-22 08:28:41.846185900,0.104185900,0
'2026-08-22 08:28:41.846186300,0.104186300,1
'2026-08-22 08:28:41.846186400,0.104186400,0
'2026-08-22 08:28:41.846197200,0.104197200,1
'2026-08-22 08:28:41.846212100,0.104212100,0
'2026-08-22 08:28:41.846223300,0.104223300,1
'2026-08-22 08:28:41.846238400,0.104238400,0
'2026-08-22 08:28:41.846249400,0.104249400,1
'2026-08-22 08:28:41.846264400,0.104264400,0
'2026-08-22 08:28:41.846265800,0.104265800,1
'2026-08-22 08:28:41.846265900,0.104265900,0
'2026-08-22 08:28:41.846275500,0.104275500,1
'2026-08-22 08:28:41.846290400,0.104290400,0
'2026-08-22 08:28:41.846301600,0.104301600,1
'2026-08-22 08:28:41.846316400,0.104316400,0
'2026-08-22 08:28:41.846327700,0.104327700,1
'2026-08-22 08:28:41.846759600,0.104759600,0
'2026-08-22 08:28:41.846759700,0.104759700,1
'2026-08-22 08:28:41.846759800,0.104759800,0
'2026-08-22 08:28:41.846771100,0.104771100,1
'2026-08-22 08:28:41.846785800,0.104785800,0
'2026-08-22 08:28:41.846797200,0.104797200,1
'2026-08-22 08:28:41.846811800,0.104811800,0
'2026-08-22 08:28:41.846811900,0.104811900,1
'2026-08-22 08:28:41.846812000,0.104812000,0
'2026-08-22 08:28:41.846823300,0.104823300,1
'2026-08-22 08:28:41.846838000,0.104838000,0
'2026-08-22 08:28:41.846838100,0.104838100,1
'2026-08-22 08:28:41.846838200,0.104838200,0
'2026-08-22 08:28:41.846849300,0.104849300,1
'2026-08-22 08:28:41.846864100,0.104864100,0
'2026-08-22 08:28:41.846875400,0.104875400,1
'2026-08-22 08:28:41.846890400,0.104890400,0
'2026-08-22 08:28:41.846890700,0.104890700,1
'2026-08-22 08:28:41.846890800,0.104890800,0
'2026-08-22 08:28:41.846901500,0.104901500,1
'2026-08-22 08:28:41.846916500,0.104916500,0
'2026-08-22 08:28:41.846917000,0.104917000,1
'2026-08-22 08:28:41.846917100,0.104917100,0
'2026-08-22 08:28:41.846920100,0.104920100,1
'2026-08-22 08:28:41.846920200,0.104920200,0
'2026-08-22 08:28:41.846927600,0.104927600,1
'2026-08-22 08:28:41.846942400,0.104942400,0
'2026-08-22 08:28:41.846953700,0.104953700,1
'2026-08-22 08:28:41.846968600,0.104968600,0
'2026-08-22 08:28:41.846979800,0.104979800,1
'2026-08-22 08:28:41.846994500,0.104994500,0
'2026-08-22 08:28:41.846994700,0.104994700,1
'2026-08-22 08:28:41.846994800,0.104994800,0
'2026-08-22 08:28:41.846999300,0.104999300,1
'2026-08-22 08:28:41.846999400,0.104999400,0
'2026-08-22 08:28:41.847005900,0.105005900,1
'2026-08-22 08:28:41.847020600,0.105020600,0
'2026-08-22 08:28:41.847020700,0.105020700,1
'2026-08-22 08:28:41.847020800,0.105020800,0
'2026-08-22 08:28:41.847020900,0.105020900,1
'2026-08-22 08:28:41.847021000,0.105021000,0
'2026-08-22 08:28:41.847032000,0.105032000,1
'2026-08-22 08:28:41.847046800,0.105046800,0
'2026-08-22 08:28:41.847047100,0.105047100,1
'2026-08-22 08:28:41.847047300,0.105047300,0
'2026-08-22 08:28:41.847058100,0.105058100,1
'2026-08-22 08:28:41.847073000,0.105073000,0
'2026-08-22 08:28:41.847084200,0.105084200,1
'2026-08-22 08:28:41.847099300,0.105099300,0
'2026-08-22 08:28:41.847100300,0.105100300,1
'2026-08-22 08:28:41.847100400,0.105100400,0
'2026-08-22 08:28:41.847110300,0.105110300,1
'2026-08-22 08:28:41.847125000,0.105125000,0
'2026-08-22 08:28:41.847136300,0.105136300,1
'2026-08-22 08:28:41.847151200,0.105151200,0
'2026-08-22 08:28:41.847151300,0.105151300,1
'2026-08-22 08:28:41.847151400,0.105151400,0
'2026-08-22 08:28:41.847151700,0.105151700,1
'2026-08-22 08:28:41.847151800,0.105151800,0
'2026-08-22 08:28:41.847155500,0.105155500,1
'2026-08-22 08:28:41.847570000,0.105570000,0
'2026-08-22 08:28:41.847570100,0.105570100,1
'2026-08-22 08:28:41.847570200,0.105570200,0
'2026-08-22 08:28:41.847570400,0.105570400,1
'2026-08-22 08:28:41.847570500,0.105570500,0
'2026-08-22 08:28:41.847579700,0.105579700,1
'2026-08-22 08:28:41.847594400,0.105594400,0
'2026-08-22 08:28:41.847595500,0.105595500,1
'2026-08-22 08:28:41.847595600,0.105595600,0
'2026-08-22 08:28:41.847605800,0.105605800,1
'2026-08-22 08:28:41.847620700,0.105620700,0
'2026-08-22 08:28:41.847631900,0.105631900,1
'2026-08-22 08:28:41.847646600,0.105646600,0
'2026-08-22 08:28:41.847646900,0.105646900,1
'2026-08-22 08:28:41.847647000,0.105647000,0
'2026-08-22 08:28:41.847654500,0.105654500,1
'2026-08-22 08:28:41.847654600,0.105654600,0
'2026-08-22 08:28:41.847658000,0.105658000,1
'2026-08-22 08:28:41.847673000,0.105673000,0
'2026-08-22 08:28:41.847673200,0.105673200,1
'2026-08-22 08:28:41.847673300,0.105673300,0
'2026-08-22 08:28:41.847683100,0.105683100,1
'2026-08-22 08:28:41.847683200,0.105683200,0
'2026-08-22 08:28:41.847684100,0.105684100,1
'2026-08-22 08:28:41.847698800,0.105698800,0
'2026-08-22 08:28:41.847698900,0.105698900,1
'2026-08-22 08:28:41.847699000,0.105699000,0
'2026-08-22 08:28:41.847710200,0.105710200,1
'2026-08-22 08:28:41.847724900,0.105724900,0
'2026-08-22 08:28:41.847736300,0.105736300,1
'2026-08-22 08:28:41.847751200,0.105751200,0
'2026-08-22 08:28:41.847751400,0.105751400,1
'2026-08-22 08:28:41.847751600,0.105751600,0
'2026-08-22 08:28:41.847752000,0.105752000,1
'2026-08-22 08:28:41.847752100,0.105752100,0
'2026-08-22 08:28:41.847762400,0.105762400,1
'2026-08-22 08:28:41.847777200,0.105777200,0
'2026-08-22 08:28:41.847788500,0.105788500,1
'2026-08-22 08:28:41.847803300,0.105803300,0
'2026-08-22 08:28:41.847803400,0.105803400,1
'2026-08-22 08:28:41.847803600,0.105803600,0
'2026-08-22 08:28:41.847814600,0.105814600,1
'2026-08-22 08:28:41.847829300,0.105829300,0
'2026-08-22 08:28:41.847830300,0.105830300,1
'2026-08-22 08:28:41.847830400,0.105830400,0
'2026-08-22 08:28:41.847830900,0.105830900,1
'2026-08-22 08:28:41.847831000,0.105831000,0
'2026-08-22 08:28:41.847831500,0.105831500,1
'2026-08-22 08:28:41.847831600,0.105831600,0
'2026-08-22 08:28:41.847832000,0.105832000,1
'2026-08-22 08:28:41.847832100,0.105832100,0
'2026-08-22 08:28:41.847833200,0.105833200,1
'2026-08-22 08:28:41.847833300,0.105833300,0
'2026-08-22 08:28:41.847840700,0.105840700,1
'2026-08-22 08:28:41.847855500,0.105855500,0
'2026-08-22 08:28:41.847866700,0.105866700,1
'2026-08-22 08:28:41.847881600,0.105881600,0
'2026-08-22 08:28:41.847881700,0.105881700,1
'2026-08-22 08:28:41.847881800,0.105881800,0
'2026-08-22 08:28:41.847882000,0.105882000,1
'2026-08-22 08:28:41.847882100,0.105882100,0
'2026-08-22 08:28:41.847882200,0.105882200,1
'2026-08-22 08:28:41.847882400,0.105882400,0
'2026-08-22 08:28:41.847882800,0.105882800,1
'2026-08-22 08:28:41.847883000,0.105883000,0
'2026-08-22 08:28:41.847884100,0.105884100,1
'2026-08-22 08:28:41.847884200,0.105884200,0
'2026-08-22 08:28:41.847892800,0.105892800,1
'2026-08-22 08:28:41.847907600,0.105907600,0
'2026-08-22 08:28:41.847918900,0.105918900,1
'2026-08-22 08:28:41.847934400,0.105934400,0
'2026-08-22 08:28:41.847934800,0.105934800,1
'2026-08-22 08:28:41.847934900,0.105934900,0
'2026-08-22 08:28:41.847945000,0.105945000,1
'2026-08-22 08:28:41.847959600,0.105959600,0
'2026-08-22 08:28:41.847971100,0.105971100,1
'2026-08-22 08:28:41.848403300,0.106403300,0
'2026-08-22 08:28:41.848414500,0.106414500,1
'2026-08-22 08:28:41.848429200,0.106429200,0
'2026-08-22 08:28:41.848429500,0.106429500,1
'2026-08-22 08:28:41.848429600,0.106429600,0
'2026-08-22 08:28:41.848440600,0.106440600,1
'2026-08-22 08:28:41.848455400,0.106455400,0
'2026-08-22 08:28:41.848455800,0.106455800,1
'2026-08-22 08:28:41.848455900,0.106455900,0
'2026-08-22 08:28:41.848466700,0.106466700,1
'2026-08-22 08:28:41.848481200,0.106481200,0
'2026-08-22 08:28:41.848481400,0.106481400,1
'2026-08-22 08:28:41.848481500,0.106481500,0
'2026-08-22 08:28:41.848492800,0.106492800,1
'2026-08-22 08:28:41.848507500,0.106507500,0
'2026-08-22 08:28:41.848507700,0.106507700,1
'2026-08-22 08:28:41.848507800,0.106507800,0
'2026-08-22 08:28:41.848518900,0.106518900,1
'2026-08-22 08:28:41.848533500,0.106533500,0
'2026-08-22 08:28:41.848545000,0.106545000,1
'2026-08-22 08:28:41.848559800,0.106559800,0
'2026-08-22 08:28:41.848571000,0.106571000,1
'2026-08-22 08:28:41.848585700,0.106585700,0
'2026-08-22 08:28:41.848597100,0.106597100,1
'2026-08-22 08:28:41.848611800,0.106611800,0
'2026-08-22 08:28:41.848618700,0.106618700,1
'2026-08-22 08:28:41.848618800,0.106618800,0
'2026-08-22 08:28:41.848623200,0.106623200,1
'2026-08-22 08:28:41.848638100,0.106638100,0
'2026-08-22 08:28:41.848639700,0.106639700,1
'2026-08-22 08:28:41.848639800,0.106639800,0
'2026-08-22 08:28:41.848649300,0.106649300,1
'2026-08-22 08:28:41.848663900,0.106663900,0
'2026-08-22 08:28:41.848675400,0.106675400,1
'2026-08-22 08:28:41.848690400,0.106690400,0
'2026-08-22 08:28:41.848690500,0.106690500,1
'2026-08-22 08:28:41.848690600,0.106690600,0
'2026-08-22 08:28:41.848701500,0.106701500,1
'2026-08-22 08:28:41.848716400,0.106716400,0
'2026-08-22 08:28:41.848727600,0.106727600,1
'2026-08-22 08:28:41.848742200,0.106742200,0
'2026-08-22 08:28:41.848753700,0.106753700,1
'2026-08-22 08:28:41.848768600,0.106768600,0
'2026-08-22 08:28:41.848768700,0.106768700,1
'2026-08-22 08:28:41.848769000,0.106769000,0
'2026-08-22 08:28:41.848779800,0.106779800,1
'2026-08-22 08:28:41.848794400,0.106794400,0
'2026-08-22 08:28:41.848794500,0.106794500,1
'2026-08-22 08:28:41.848794600,0.106794600,0
'2026-08-22 08:28:41.848798400,0.106798400,1
'2026-08-22 08:28:41.848798500,0.106798500,0
'2026-08-22 08:28:41.848800300,0.106800300,1
'2026-08-22 08:28:41.848800400,0.106800400,0
'2026-08-22 08:28:41.848802800,0.106802800,1
'2026-08-22 08:28:41.849217000,0.107217000,0
'2026-08-22 08:28:41.849223100,0.107223100,1
'2026-08-22 08:28:41.849237700,0.107237700,0
'2026-08-22 08:28:41.849249200,0.107249200,1
'2026-08-22 08:28:41.849263900,0.107263900,0
'2026-08-22 08:28:41.849264100,0.107264100,1
'2026-08-22 08:28:41.849264200,0.107264200,0
'2026-08-22 08:28:41.849275300,0.107275300,1
'2026-08-22 08:28:41.849290300,0.107290300,0
'2026-08-22 08:28:41.849290400,0.107290400,1
'2026-08-22 08:28:41.849290500,0.107290500,0
'2026-08-22 08:28:41.849292200,0.107292200,1
'2026-08-22 08:28:41.849292300,0.107292300,0
'2026-08-22 08:28:41.849301400,0.107301400,1
'2026-08-22 08:28:41.849316000,0.107316000,0
'2026-08-22 08:28:41.849327500,0.107327500,1
'2026-08-22 08:28:41.849342500,0.107342500,0
'2026-08-22 08:28:41.849342900,0.107342900,1
'2026-08-22 08:28:41.849343000,0.107343000,0
'2026-08-22 08:28:41.849343100,0.107343100,1
'2026-08-22 08:28:41.849343200,0.107343200,0
'2026-08-22 08:28:41.849343600,0.107343600,1
'2026-08-22 08:28:41.849343700,0.107343700,0
'2026-08-22 08:28:41.849353600,0.107353600,1
'2026-08-22 08:28:41.849368400,0.107368400,0
'2026-08-22 08:28:41.849379700,0.107379700,1
'2026-08-22 08:28:41.849394600,0.107394600,0
'2026-08-22 08:28:41.849405800,0.107405800,1
'2026-08-22 08:28:41.849420800,0.107420800,0
'2026-08-22 08:28:41.849431900,0.107431900,1
'2026-08-22 08:28:41.849446600,0.107446600,0
'2026-08-22 08:28:41.849451100,0.107451100,1
'2026-08-22 08:28:41.849451200,0.107451200,0
'2026-08-22 08:28:41.849458000,0.107458000,1
'2026-08-22 08:28:41.849472800,0.107472800,0
'2026-08-22 08:28:41.849473300,0.107473300,1
'2026-08-22 08:28:41.849473500,0.107473500,0
'2026-08-22 08:28:41.849484100,0.107484100,1
'2026-08-22 08:28:41.849498700,0.107498700,0
'2026-08-22 08:28:41.849510100,0.107510100,1
'2026-08-22 08:28:41.849525000,0.107525000,0
'2026-08-22 08:28:41.849525300,0.107525300,1
'2026-08-22 08:28:41.849525400,0.107525400,0
'2026-08-22 08:28:41.849536200,0.107536200,1
'2026-08-22 08:28:41.849551200,0.107551200,0
'2026-08-22 08:28:41.849562300,0.107562300,1
'2026-08-22 08:28:41.849576900,0.107576900,0
'2026-08-22 08:28:41.849577800,0.107577800,1
'2026-08-22 08:28:41.849577900,0.107577900,0
'2026-08-22 08:28:41.849583600,0.107583600,1
'2026-08-22 08:28:41.849583700,0.107583700,0
'2026-08-22 08:28:41.849588400,0.107588400,1
'2026-08-22 08:28:41.849603300,0.107603300,0
'2026-08-22 08:28:41.849604100,0.107604100,1
'2026-08-22 08:28:41.849604300,0.107604300,0
'2026-08-22 08:28:41.849604700,0.107604700,1
'2026-08-22 08:28:41.849604800,0.107604800,0
'2026-08-22 08:28:41.849614500,0.107614500,1
'2026-08-22 08:28:41.850046600,0.108046600,0
'2026-08-22 08:28:41.850057800,0.108057800,1
'2026-08-22 08:28:41.850072700,0.108072700,0
'2026-08-22 08:28:41.850083900,0.108083900,1
'2026-08-22 08:28:41.850098900,0.108098900,0
'2026-08-22 08:28:41.850106200,0.108106200,1
'2026-08-22 08:28:41.850106300,0.108106300,0
'2026-08-22 08:28:41.850110000,0.108110000,1
'2026-08-22 08:28:41.850124800,0.108124800,0
'2026-08-22 08:28:41.850124900,0.108124900,1
'2026-08-22 08:28:41.850125000,0.108125000,0
'2026-08-22 08:28:41.850136100,0.108136100,1
'2026-08-22 08:28:41.850151000,0.108151000,0
'2026-08-22 08:28:41.850162200,0.108162200,1
'2026-08-22 08:28:41.850177200,0.108177200,0
'2026-08-22 08:28:41.850188300,0.108188300,1
'2026-08-22 08:28:41.850203000,0.108203000,0
'2026-08-22 08:28:41.850214400,0.108214400,1
'2026-08-22 08:28:41.850229200,0.108229200,0
'2026-08-22 08:28:41.850229600,0.108229600,1
'2026-08-22 08:28:41.850229700,0.108229700,0
'2026-08-22 08:28:41.850240500,0.108240500,1
'2026-08-22 08:28:41.850255200,0.108255200,0
'2026-08-22 08:28:41.850255300,0.108255300,1
'2026-08-22 08:28:41.850255400,0.108255400,0
'2026-08-22 08:28:41.850255600,0.108255600,1
'2026-08-22 08:28:41.850255800,0.108255800,0
'2026-08-22 08:28:41.850257600,0.108257600,1
'2026-08-22 08:28:41.850257700,0.108257700,0
'2026-08-22 08:28:41.850266600,0.108266600,1
'2026-08-22 08:28:41.850281400,0.108281400,0
'2026-08-22 08:28:41.850283900,0.108283900,1
'2026-08-22 08:28:41.850284000,0.108284000,0
'2026-08-22 08:28:41.850292700,0.108292700,1
'2026-08-22 08:28:41.850307400,0.108307400,0
'2026-08-22 08:28:41.850307800,0.108307800,1
'2026-08-22 08:28:41.850307900,0.108307900,0
'2026-08-22 08:28:41.850318700,0.108318700,1
'2026-08-22 08:28:41.850333400,0.108333400,0
'2026-08-22 08:28:41.850333500,0.108333500,1
'2026-08-22 08:28:41.850333600,0.108333600,0
'2026-08-22 08:28:41.850336300,0.108336300,1
'2026-08-22 08:28:41.850336400,0.108336400,0
'2026-08-22 08:28:41.850344800,0.108344800,1
'2026-08-22 08:28:41.850359600,0.108359600,0
'2026-08-22 08:28:41.850370900,0.108370900,1
'2026-08-22 08:28:41.850385700,0.108385700,0
'2026-08-22 08:28:41.850386100,0.108386100,1
'2026-08-22 08:28:41.850386200,0.108386200,0
'2026-08-22 08:28:41.850387200,0.108387200,1
'2026-08-22 08:28:41.850387300,0.108387300,0
'2026-08-22 08:28:41.850397000,0.108397000,1
'2026-08-22 08:28:41.850411900,0.108411900,0
'2026-08-22 08:28:41.850423100,0.108423100,1
'2026-08-22 08:28:41.850437800,0.108437800,0
'2026-08-22 08:28:41.850438100,0.108438100,1
'2026-08-22 08:28:41.850438200,0.108438200,0
'2026-08-22 08:28:41.850438600,0.108438600,1
'2026-08-22 08:28:41.850438700,0.108438700,0
'2026-08-22 08:28:41.850440200,0.108440200,1
'2026-08-22 08:28:41.850440300,0.108440300,0
'2026-08-22 08:28:41.850449200,0.108449200,1
'2026-08-22 08:28:41.850864500,0.108864500,0
'2026-08-22 08:28:41.850866500,0.108866500,1
'2026-08-22 08:28:41.850881000,0.108881000,0
'2026-08-22 08:28:41.850892500,0.108892500,1
'2026-08-22 08:28:41.850907400,0.108907400,0
'2026-08-22 08:28:41.850918600,0.108918600,1
'2026-08-22 08:28:41.850933400,0.108933400,0
'2026-08-22 08:28:41.850944700,0.108944700,1
'2026-08-22 08:28:41.850959400,0.108959400,0
'2026-08-22 08:28:41.850959500,0.108959500,1
'2026-08-22 08:28:41.850959600,0.108959600,0
'2026-08-22 08:28:41.850960100,0.108960100,1
'2026-08-22 08:28:41.850960200,0.108960200,0
'2026-08-22 08:28:41.850970800,0.108970800,1
'2026-08-22 08:28:41.850985500,0.108985500,0
'2026-08-22 08:28:41.850996900,0.108996900,1
'2026-08-22 08:28:41.851011700,0.109011700,0
'2026-08-22 08:28:41.851023000,0.109023000,1
'2026-08-22 08:28:41.851037700,0.109037700,0
'2026-08-22 08:28:41.851037800,0.109037800,1
'2026-08-22 08:28:41.851037900,0.109037900,0
'2026-08-22 08:28:41.851040200,0.109040200,1
'2026-08-22 08:28:41.851040300,0.109040300,0
'2026-08-22 08:28:41.851049100,0.109049100,1
'2026-08-22 08:28:41.851064000,0.109064000,0
'2026-08-22 08:28:41.851064100,0.109064100,1
'2026-08-22 08:28:41.851064200,0.109064200,0
'2026-08-22 08:28:41.851075200,0.109075200,1
'2026-08-22 08:28:41.851089900,0.109089900,0
'2026-08-22 08:28:41.851092100,0.109092100,1
'2026-08-22 08:28:41.851092200,0.109092200,0
'2026-08-22 08:28:41.851096900,0.109096900,1
'2026-08-22 08:28:41.851097000,0.109097000,0
'2026-08-22 08:28:41.851101300,0.109101300,1
'2026-08-22 08:28:41.851116200,0.109116200,0
'2026-08-22 08:28:41.851127400,0.109127400,1
'2026-08-22 08:28:41.851142000,0.109142000,0
'2026-08-22 08:28:41.851153500,0.109153500,1
'2026-08-22 08:28:41.851168100,0.109168100,0
'2026-08-22 08:28:41.851170500,0.109170500,1
'2026-08-22 08:28:41.851170600,0.109170600,0
'2026-08-22 08:28:41.851179600,0.109179600,1
'2026-08-22 08:28:41.851194300,0.109194300,0
'2026-08-22 08:28:41.851205600,0.109205600,1
'2026-08-22 08:28:41.851220600,0.109220600,0
'2026-08-22 08:28:41.851221000,0.109221000,1
'2026-08-22 08:28:41.851221100,0.109221100,0
'2026-08-22 08:28:41.851231700,0.109231700,1
'2026-08-22 08:28:41.851246300,0.109246300,0
'2026-08-22 08:28:41.851253300,0.109253300,1
'2026-08-22 08:28:41.851253400,0.109253400,0
'2026-08-22 08:28:41.851257800,0.109257800,1
'2026-08-22 08:28:41.851272700,0.109272700,0
'2026-08-22 08:28:41.851272900,0.109272900,1
'2026-08-22 08:28:41.851273100,0.109273100,0
'2026-08-22 08:28:41.851273600,0.109273600,1
'2026-08-22 08:28:41.851689600,0.109689600,0
'2026-08-22 08:28:41.851701200,0.109701200,1
'2026-08-22 08:28:41.851716000,0.109716000,0
'2026-08-22 08:28:41.851716100,0.109716100,1
'2026-08-22 08:28:41.851716200,0.109716200,0
'2026-08-22 08:28:41.851727300,0.109727300,1
'2026-08-22 08:28:41.851741900,0.109741900,0
'2026-08-22 08:28:41.851753400,0.109753400,1
'2026-08-22 08:28:41.851768200,0.109768200,0
'2026-08-22 08:28:41.851779500,0.109779500,1
'2026-08-22 08:28:41.851794100,0.109794100,0
'2026-08-22 08:28:41.851805600,0.109805600,1
'2026-08-22 08:28:41.851820200,0.109820200,0
'2026-08-22 08:28:41.851831700,0.109831700,1
'2026-08-22 08:28:41.851846400,0.109846400,0
'2026-08-22 08:28:41.851846900,0.109846900,1
'2026-08-22 08:28:41.851847000,0.109847000,0
'2026-08-22 08:28:41.851854700,0.109854700,1
'2026-08-22 08:28:41.851854800,0.109854800,0
'2026-08-22 08:28:41.851857800,0.109857800,1
'2026-08-22 08:28:41.851872300,0.109872300,0
'2026-08-22 08:28:41.851881600,0.109881600,1
'2026-08-22 08:28:41.851881700,0.109881700,0
'2026-08-22 08:28:41.851883900,0.109883900,1
'2026-08-22 08:28:41.851898600,0.109898600,0
'2026-08-22 08:28:41.851898900,0.109898900,1
'2026-08-22 08:28:41.851899000,0.109899000,0
'2026-08-22 08:28:41.851910000,0.109910000,1
'2026-08-22 08:28:41.851924600,0.109924600,0
'2026-08-22 08:28:41.851936000,0.109936000,1
'2026-08-22 08:28:41.851951000,0.109951000,0
'2026-08-22 08:28:41.851962100,0.109962100,1
'2026-08-22 08:28:41.851976800,0.109976800,0
'2026-08-22 08:28:41.851988200,0.109988200,1
'2026-08-22 08:28:41.852003000,0.110003000,0
'2026-08-22 08:28:41.852014300,0.110014300,1
'2026-08-22 08:28:41.852029200,0.110029200,0
'2026-08-22 08:28:41.852040400,0.110040400,1
'2026-08-22 08:28:41.852055200,0.110055200,0
'2026-08-22 08:28:41.852066500,0.110066500,1
'2026-08-22 08:28:41.852081300,0.110081300,0
'2026-08-22 08:28:41.852092600,0.110092600,1
'2026-08-22 08:28:41.852524400,0.110524400,0
'2026-08-22 08:28:41.852536000,0.110536000,1
'2026-08-22 08:28:41.852550800,0.110550800,0
'2026-08-22 08:28:41.852562100,0.110562100,1
'2026-08-22 08:28:41.852576900,0.110576900,0
'2026-08-22 08:28:41.852587800,0.110587800,1
'2026-08-22 08:28:41.852587900,0.110587900,0
'2026-08-22 08:28:41.852588100,0.110588100,1
'2026-08-22 08:28:41.852602800,0.110602800,0
'2026-08-22 08:28:41.852603100,0.110603100,1
'2026-08-22 08:28:41.852603200,0.110603200,0
'2026-08-22 08:28:41.852603700,0.110603700,1
'2026-08-22 08:28:41.852603800,0.110603800,0
'2026-08-22 08:28:41.852614200,0.110614200,1
'2026-08-22 08:28:41.852629000,0.110629000,0
'2026-08-22 08:28:41.852640300,0.110640300,1
'2026-08-22 08:28:41.852654800,0.110654800,0
'2026-08-22 08:28:41.852654900,0.110654900,1
'2026-08-22 08:28:41.852655200,0.110655200,0
'2026-08-22 08:28:41.852666400,0.110666400,1
'2026-08-22 08:28:41.852681100,0.110681100,0
'2026-08-22 08:28:41.852681400,0.110681400,1
'2026-08-22 08:28:41.852681500,0.110681500,0
'2026-08-22 08:28:41.852682000,0.110682000,1
'2026-08-22 08:28:41.852682100,0.110682100,0
'2026-08-22 08:28:41.852692500,0.110692500,1
'2026-08-22 08:28:41.852707300,0.110707300,0
'2026-08-22 08:28:41.852718600,0.110718600,1
'2026-08-22 08:28:41.852733600,0.110733600,0
'2026-08-22 08:28:41.852744700,0.110744700,1
'2026-08-22 08:28:41.852759400,0.110759400,0
'2026-08-22 08:28:41.852759600,0.110759600,1
'2026-08-22 08:28:41.852759700,0.110759700,0
'2026-08-22 08:28:41.852770800,0.110770800,1
'2026-08-22 08:28:41.852785500,0.110785500,0
'2026-08-22 08:28:41.852789700,0.110789700,1
'2026-08-22 08:28:41.852789800,0.110789800,0
'2026-08-22 08:28:41.852796900,0.110796900,1
'2026-08-22 08:28:41.852811900,0.110811900,0
'2026-08-22 08:28:41.852823000,0.110823000,1
'2026-08-22 08:28:41.852837600,0.110837600,0
'2026-08-22 08:28:41.852837700,0.110837700,1
'2026-08-22 08:28:41.852837800,0.110837800,0
'2026-08-22 08:28:41.852849100,0.110849100,1
'2026-08-22 08:28:41.852863900,0.110863900,0
'2026-08-22 08:28:41.852873000,0.110873000,1
'2026-08-22 08:28:41.852873100,0.110873100,0
'2026-08-22 08:28:41.852875200,0.110875200,1
'2026-08-22 08:28:41.852890000,0.110890000,0
'2026-08-22 08:28:41.852901200,0.110901200,1
'2026-08-22 08:28:41.852916000,0.110916000,0
'2026-08-22 08:28:41.852920800,0.110920800,1
'2026-08-22 08:28:41.853335200,0.111335200,0
'2026-08-22 08:28:41.853335300,0.111335300,1
'2026-08-22 08:28:41.853335400,0.111335400,0
'2026-08-22 08:28:41.853344600,0.111344600,1
'2026-08-22 08:28:41.853359200,0.111359200,0
'2026-08-22 08:28:41.853370700,0.111370700,1
'2026-08-22 08:28:41.853385600,0.111385600,0
'2026-08-22 08:28:41.853385700,0.111385700,1
'2026-08-22 08:28:41.853385800,0.111385800,0
'2026-08-22 08:28:41.853396800,0.111396800,1
'2026-08-22 08:28:41.853411400,0.111411400,0
'2026-08-22 08:28:41.853411500,0.111411500,1
'2026-08-22 08:28:41.853411600,0.111411600,0
'2026-08-22 08:28:41.853412100,0.111412100,1
'2026-08-22 08:28:41.853412200,0.111412200,0
'2026-08-22 08:28:41.853422900,0.111422900,1
'2026-08-22 08:28:41.853437600,0.111437600,0
'2026-08-22 08:28:41.853449000,0.111449000,1
'2026-08-22 08:28:41.853463700,0.111463700,0
'2026-08-22 08:28:41.853475100,0.111475100,1
'2026-08-22 08:28:41.853489700,0.111489700,0
'2026-08-22 08:28:41.853491600,0.111491600,1
'2026-08-22 08:28:41.853491700,0.111491700,0
'2026-08-22 08:28:41.853501200,0.111501200,1
'2026-08-22 08:28:41.853516200,0.111516200,0
'2026-08-22 08:28:41.853527300,0.111527300,1
'2026-08-22 08:28:41.853542000,0.111542000,0
'2026-08-22 08:28:41.853545300,0.111545300,1
'2026-08-22 08:28:41.853545400,0.111545400,0
'2026-08-22 08:28:41.853553400,0.111553400,1
'2026-08-22 08:28:41.853568200,0.111568200,0
'2026-08-22 08:28:41.853579500,0.111579500,1
'2026-08-22 08:28:41.853594500,0.111594500,0
'2026-08-22 08:28:41.853605600,0.111605600,1
'2026-08-22 08:28:41.853620200,0.111620200,0
'2026-08-22 08:28:41.853631600,0.111631600,1
'2026-08-22 08:28:41.853646600,0.111646600,0
'2026-08-22 08:28:41.853648100,0.111648100,1
'2026-08-22 08:28:41.853648200,0.111648200,0
'2026-08-22 08:28:41.853657700,0.111657700,1
'2026-08-22 08:28:41.853672400,0.111672400,0
'2026-08-22 08:28:41.853679400,0.111679400,1
'2026-08-22 08:28:41.853679500,0.111679500,0
'2026-08-22 08:28:41.853683800,0.111683800,1
'2026-08-22 08:28:41.853698600,0.111698600,0
'2026-08-22 08:28:41.853709900,0.111709900,1
'2026-08-22 08:28:41.853724900,0.111724900,0
'2026-08-22 08:28:41.853725000,0.111725000,1
'2026-08-22 08:28:41.853725100,0.111725100,0
'2026-08-22 08:28:41.853736000,0.111736000,1
'2026-08-22 08:28:41.854168100,0.112168100,0
'2026-08-22 08:28:41.854179400,0.112179400,1
'2026-08-22 08:28:41.854193900,0.112193900,0
'2026-08-22 08:28:41.854205500,0.112205500,1
'2026-08-22 08:28:41.854220400,0.112220400,0
'2026-08-22 08:28:41.854220500,0.112220500,1
'2026-08-22 08:28:41.854220600,0.112220600,0
'2026-08-22 08:28:41.854231600,0.112231600,1
'2026-08-22 08:28:41.854246300,0.112246300,0
'2026-08-22 08:28:41.854257700,0.112257700,1
'2026-08-22 08:28:41.854272200,0.112272200,0
'2026-08-22 08:28:41.854272400,0.112272400,1
'2026-08-22 08:28:41.854272600,0.112272600,0
'2026-08-22 08:28:41.854283800,0.112283800,1
'2026-08-22 08:28:41.854298500,0.112298500,0
'2026-08-22 08:28:41.854309900,0.112309900,1
'2026-08-22 08:28:41.854324400,0.112324400,0
'2026-08-22 08:28:41.854336000,0.112336000,1
'2026-08-22 08:28:41.854351000,0.112351000,0
'2026-08-22 08:28:41.854362000,0.112362000,1
'2026-08-22 08:28:41.854376700,0.112376700,0
'2026-08-22 08:28:41.854378400,0.112378400,1
'2026-08-22 08:28:41.854378500,0.112378500,0
'2026-08-22 08:28:41.854388100,0.112388100,1
'2026-08-22 08:28:41.854403000,0.112403000,0
'2026-08-22 08:28:41.854411000,0.112411000,1
'2026-08-22 08:28:41.854411100,0.112411100,0
'2026-08-22 08:28:41.854414200,0.112414200,1
'2026-08-22 08:28:41.854428900,0.112428900,0
'2026-08-22 08:28:41.854440300,0.112440300,1
'2026-08-22 08:28:41.854455100,0.112455100,0
'2026-08-22 08:28:41.854455300,0.112455300,1
'2026-08-22 08:28:41.854455400,0.112455400,0
'2026-08-22 08:28:41.854461200,0.112461200,1
'2026-08-22 08:28:41.854461300,0.112461300,0
'2026-08-22 08:28:41.854466400,0.112466400,1
'2026-08-22 08:28:41.854481200,0.112481200,0
'2026-08-22 08:28:41.854481600,0.112481600,1
'2026-08-22 08:28:41.854481700,0.112481700,0
'2026-08-22 08:28:41.854492500,0.112492500,1
'2026-08-22 08:28:41.854507400,0.112507400,0
'2026-08-22 08:28:41.854518600,0.112518600,1
'2026-08-22 08:28:41.854533100,0.112533100,0
'2026-08-22 08:28:41.854544700,0.112544700,1
'2026-08-22 08:28:41.854559400,0.112559400,0
'2026-08-22 08:28:41.854560400,0.112560400,1
'2026-08-22 08:28:41.854560500,0.112560500,0
'2026-08-22 08:28:41.854568100,0.112568100,1
'2026-08-22 08:28:41.854982600,0.112982600,0
'2026-08-22 08:28:41.854988000,0.112988000,1
'2026-08-22 08:28:41.855002800,0.113002800,0
'2026-08-22 08:28:41.855003000,0.113003000,1
'2026-08-22 08:28:41.855003100,0.113003100,0
'2026-08-22 08:28:41.855014100,0.113014100,1
'2026-08-22 08:28:41.855028600,0.113028600,0
'2026-08-22 08:28:41.855040200,0.113040200,1
'2026-08-22 08:28:41.855054900,0.113054900,0
'2026-08-22 08:28:41.855066300,0.113066300,1
'2026-08-22 08:28:41.855081200,0.113081200,0
'2026-08-22 08:28:41.855092400,0.113092400,1
'2026-08-22 08:28:41.855107100,0.113107100,0
'2026-08-22 08:28:41.855118500,0.113118500,1
'2026-08-22 08:28:41.855133400,0.113133400,0
'2026-08-22 08:28:41.855133500,0.113133500,1
'2026-08-22 08:28:41.855133600,0.113133600,0
'2026-08-22 08:28:41.855144600,0.113144600,1
'2026-08-22 08:28:41.855159200,0.113159200,0
'2026-08-22 08:28:41.855170700,0.113170700,1
'2026-08-22 08:28:41.855185700,0.113185700,0
'2026-08-22 08:28:41.855191200,0.113191200,1
'2026-08-22 08:28:41.855191300,0.113191300,0
'2026-08-22 08:28:41.855196800,0.113196800,1
'2026-08-22 08:28:41.855211400,0.113211400,0
'2026-08-22 08:28:41.855211500,0.113211500,1
'2026-08-22 08:28:41.855211600,0.113211600,0
'2026-08-22 08:28:41.855222900,0.113222900,1
'2026-08-22 08:28:41.855237600,0.113237600,0
'2026-08-22 08:28:41.855249000,0.113249000,1
'2026-08-22 08:28:41.855263900,0.113263900,0
'2026-08-22 08:28:41.855275000,0.113275000,1
'2026-08-22 08:28:41.855289700,0.113289700,0
'2026-08-22 08:28:41.855301100,0.113301100,1
'2026-08-22 08:28:41.855316000,0.113316000,0
'2026-08-22 08:28:41.855327200,0.113327200,1
'2026-08-22 08:28:41.855342100,0.113342100,0
'2026-08-22 08:28:41.855344000,0.113344000,1
'2026-08-22 08:28:41.855344100,0.113344100,0
'2026-08-22 08:28:41.855353300,0.113353300,1
'2026-08-22 08:28:41.855368000,0.113368000,0
'2026-08-22 08:28:41.855379400,0.113379400,1
'2026-08-22 08:28:41.855811400,0.113811400,0
'2026-08-22 08:28:41.855822800,0.113822800,1
'2026-08-22 08:28:41.855837600,0.113837600,0
'2026-08-22 08:28:41.855848900,0.113848900,1
'2026-08-22 08:28:41.855863800,0.113863800,0
'2026-08-22 08:28:41.855875000,0.113875000,1
'2026-08-22 08:28:41.855889600,0.113889600,0
'2026-08-22 08:28:41.855889700,0.113889700,1
'2026-08-22 08:28:41.855889800,0.113889800,0
'2026-08-22 08:28:41.855901100,0.113901100,1
'2026-08-22 08:28:41.855915900,0.113915900,0
'2026-08-22 08:28:41.855916300,0.113916300,1
'2026-08-22 08:28:41.855916400,0.113916400,0
'2026-08-22 08:28:41.855927200,0.113927200,1
'2026-08-22 08:28:41.855941800,0.113941800,0
'2026-08-22 08:28:41.855941900,0.113941900,1
'2026-08-22 08:28:41.855942000,0.113942000,0
'2026-08-22 08:28:41.855953300,0.113953300,1
'2026-08-22 08:28:41.855968400,0.113968400,0
'2026-08-22 08:28:41.855979400,0.113979400,1
'2026-08-22 08:28:41.855994100,0.113994100,0
'2026-08-22 08:28:41.855995000,0.113995000,1
'2026-08-22 08:28:41.855995100,0.113995100,0
'2026-08-22 08:28:41.856005500,0.114005500,1
'2026-08-22 08:28:41.856020400,0.114020400,0
'2026-08-22 08:28:41.856031600,0.114031600,1
'2026-08-22 08:28:41.856046200,0.114046200,0
'2026-08-22 08:28:41.856046300,0.114046300,1
'2026-08-22 08:28:41.856046400,0.114046400,0
'2026-08-22 08:28:41.856046500,0.114046500,1
'2026-08-22 08:28:41.856046600,0.114046600,0
'2026-08-22 08:28:41.856057700,0.114057700,1
'2026-08-22 08:28:41.856072100,0.114072100,0
'2026-08-22 08:28:41.856072200,0.114072200,1
'2026-08-22 08:28:41.856072300,0.114072300,0
'2026-08-22 08:28:41.856080700,0.114080700,1
'2026-08-22 08:28:41.856080800,0.114080800,0
'2026-08-22 08:28:41.856083800,0.114083800,1
'2026-08-22 08:28:41.856098500,0.114098500,0
'2026-08-22 08:28:41.856098600,0.114098600,1
'2026-08-22 08:28:41.856098700,0.114098700,0
'2026-08-22 08:28:41.856099100,0.114099100,1
'2026-08-22 08:28:41.856099200,0.114099200,0
'2026-08-22 08:28:41.856109800,0.114109800,1
'2026-08-22 08:28:41.856124500,0.114124500,0
'2026-08-22 08:28:41.856124900,0.114124900,1
'2026-08-22 08:28:41.856125000,0.114125000,0
'2026-08-22 08:28:41.856135900,0.114135900,1
'2026-08-22 08:28:41.856150800,0.114150800,0
'2026-08-22 08:28:41.856162000,0.114162000,1
'2026-08-22 08:28:41.856177000,0.114177000,0
'2026-08-22 08:28:41.856188100,0.114188100,1
'2026-08-22 08:28:41.856202800,0.114202800,0
'2026-08-22 08:28:41.856214200,0.114214200,1
'2026-08-22 08:28:41.856629700,0.114629700,0
'2026-08-22 08:28:41.856631500,0.114631500,1
'2026-08-22 08:28:41.856646200,0.114646200,0
'2026-08-22 08:28:41.856647100,0.114647100,1
'2026-08-22 08:28:41.856647200,0.114647200,0
'2026-08-22 08:28:41.856650700,0.114650700,1
'2026-08-22 08:28:41.856651600,0.114651600,0
'2026-08-22 08:28:41.856653300,0.114653300,1
'2026-08-22 08:28:41.856653800,0.114653800,0
'2026-08-22 08:28:41.856655200,0.114655200,1
'2026-08-22 08:28:41.856655800,0.114655800,0
'2026-08-22 08:28:41.856657500,0.114657500,1
'2026-08-22 08:28:41.856672300,0.114672300,0
'2026-08-22 08:28:41.856672700,0.114672700,1
'2026-08-22 08:28:41.856672800,0.114672800,0
'2026-08-22 08:28:41.856683700,0.114683700,1
'2026-08-22 08:28:41.856698600,0.114698600,0
'2026-08-22 08:28:41.856709800,0.114709800,1
'2026-08-22 08:28:41.856724600,0.114724600,0
'2026-08-22 08:28:41.856735900,0.114735900,1
'2026-08-22 08:28:41.856750700,0.114750700,0
'2026-08-22 08:28:41.856762000,0.114762000,1
'2026-08-22 08:28:41.856776800,0.114776800,0
'2026-08-22 08:28:41.856788100,0.114788100,1
'2026-08-22 08:28:41.856802800,0.114802800,0
'2026-08-22 08:28:41.856802900,0.114802900,1
'2026-08-22 08:28:41.856803000,0.114803000,0
'2026-08-22 08:28:41.856814200,0.114814200,1
'2026-08-22 08:28:41.856828900,0.114828900,0
'2026-08-22 08:28:41.856829200,0.114829200,1
'2026-08-22 08:28:41.856829300,0.114829300,0
'2026-08-22 08:28:41.856840300,0.114840300,1
'2026-08-22 08:28:41.856855000,0.114855000,0
'2026-08-22 08:28:41.856855100,0.114855100,1
'2026-08-22 08:28:41.856855200,0.114855200,0
'2026-08-22 08:28:41.856866300,0.114866300,1
'2026-08-22 08:28:41.856881400,0.114881400,0
'2026-08-22 08:28:41.856892400,0.114892400,1
'2026-08-22 08:28:41.856907100,0.114907100,0
'2026-08-22 08:28:41.856911500,0.114911500,1
'2026-08-22 08:28:41.856911600,0.114911600,0
'2026-08-22 08:28:41.856918500,0.114918500,1
'2026-08-22 08:28:41.856933400,0.114933400,0
'2026-08-22 08:28:41.856933600,0.114933600,1
'2026-08-22 08:28:41.856933800,0.114933800,0
'2026-08-22 08:28:41.856944600,0.114944600,1
'2026-08-22 08:28:41.856959200,0.114959200,0
'2026-08-22 08:28:41.856970700,0.114970700,1
'2026-08-22 08:28:41.856985700,0.114985700,0
'2026-08-22 08:28:41.856996800,0.114996800,1
'2026-08-22 08:28:41.857011600,0.115011600,0
'2026-08-22 08:28:41.857011800,0.115011800,1
'2026-08-22 08:28:41.857012000,0.115012000,0
'2026-08-22 08:28:41.857013100,0.115013100,1
'2026-08-22 08:28:41.857013200,0.115013200,0
'2026-08-22 08:28:41.857022900,0.115022900,1
'2026-08-22 08:28:41.857037400,0.115037400,0
'2026-08-22 08:28:41.857039000,0.115039000,1
'2026-08-22 08:28:41.857454800,0.115454800,0
'2026-08-22 08:28:41.857466200,0.115466200,1
'2026-08-22 08:28:41.857481000,0.115481000,0
'2026-08-22 08:28:41.857492300,0.115492300,1
'2026-08-22 08:28:41.857507200,0.115507200,0
'2026-08-22 08:28:41.857518400,0.115518400,1
'2026-08-22 08:28:41.857533100,0.115533100,0
'2026-08-22 08:28:41.857544500,0.115544500,1
'2026-08-22 08:28:41.857559200,0.115559200,0
'2026-08-22 08:28:41.857570600,0.115570600,1
'2026-08-22 08:28:41.857585500,0.115585500,0
'2026-08-22 08:28:41.857596700,0.115596700,1
'2026-08-22 08:28:41.857611400,0.115611400,0
'2026-08-22 08:28:41.857622800,0.115622800,1
'2026-08-22 08:28:41.857637600,0.115637600,0
'2026-08-22 08:28:41.857637900,0.115637900,1
'2026-08-22 08:28:41.857638000,0.115638000,0
'2026-08-22 08:28:41.857648900,0.115648900,1
'2026-08-22 08:28:41.857663700,0.115663700,0
'2026-08-22 08:28:41.857675000,0.115675000,1
'2026-08-22 08:28:41.857689700,0.115689700,0
'2026-08-22 08:28:41.857689900,0.115689900,1
'2026-08-22 08:28:41.857690000,0.115690000,0
'2026-08-22 08:28:41.857701100,0.115701100,1
'2026-08-22 08:28:41.857715800,0.115715800,0
'2026-08-22 08:28:41.857727200,0.115727200,1
'2026-08-22 08:28:41.857742000,0.115742000,0
'2026-08-22 08:28:41.857753300,0.115753300,1
'2026-08-22 08:28:41.857768000,0.115768000,0
'2026-08-22 08:28:41.857768100,0.115768100,1
'2026-08-22 08:28:41.857768200,0.115768200,0
'2026-08-22 08:28:41.857768700,0.115768700,1
'2026-08-22 08:28:41.857768800,0.115768800,0
'2026-08-22 08:28:41.857779300,0.115779300,1
'2026-08-22 08:28:41.857794100,0.115794100,0
'2026-08-22 08:28:41.857796200,0.115796200,1
'2026-08-22 08:28:41.857796300,0.115796300,0
'2026-08-22 08:28:41.857796700,0.115796700,1
'2026-08-22 08:28:41.857796800,0.115796800,0
'2026-08-22 08:28:41.857798500,0.115798500,1
'2026-08-22 08:28:41.857798600,0.115798600,0
'2026-08-22 08:28:41.857805400,0.115805400,1
'2026-08-22 08:28:41.857820300,0.115820300,0
'2026-08-22 08:28:41.857820700,0.115820700,1
'2026-08-22 08:28:41.857820800,0.115820800,0
'2026-08-22 08:28:41.857826500,0.115826500,1
'2026-08-22 08:28:41.857826600,0.115826600,0
'2026-08-22 08:28:41.857828300,0.115828300,1
'2026-08-22 08:28:41.857828400,0.115828400,0
'2026-08-22 08:28:41.857831500,0.115831500,1
'2026-08-22 08:28:41.857846400,0.115846400,0
'2026-08-22 08:28:41.857847500,0.115847500,1
'2026-08-22 08:28:41.857847800,0.115847800,0
'2026-08-22 08:28:41.857849900,0.115849900,1
'2026-08-22 08:28:41.857850000,0.115850000,0
'2026-08-22 08:28:41.857857600,0.115857600,1
'2026-08-22 08:28:41.859075200,0.117075200,0
'2026-08-22 08:28:41.859075400,0.117075400,1
'2026-08-22 08:28:41.859075500,0.117075500,0
'2026-08-22 08:28:41.859082500,0.117082500,1
'2026-08-22 08:28:41.859082600,0.117082600,0
'2026-08-22 08:28:41.859083500,0.117083500,1
'2026-08-22 08:28:41.859098100,0.117098100,0
'2026-08-22 08:28:41.859109500,0.117109500,1
'2026-08-22 08:28:41.859124200,0.117124200,0
'2026-08-22 08:28:41.859124300,0.117124300,1
'2026-08-22 08:28:41.859124400,0.117124400,0
'2026-08-22 08:28:41.859135600,0.117135600,1
'2026-08-22 08:28:41.859150200,0.117150200,0
'2026-08-22 08:28:41.859161700,0.117161700,1
'2026-08-22 08:28:41.859176500,0.117176500,0
'2026-08-22 08:28:41.859187800,0.117187800,1
'2026-08-22 08:28:41.859202400,0.117202400,0
'2026-08-22 08:28:41.859213900,0.117213900,1
'2026-08-22 08:28:41.859228600,0.117228600,0
'2026-08-22 08:28:41.859240000,0.117240000,1
'2026-08-22 08:28:41.859254700,0.117254700,0
'2026-08-22 08:28:41.859266100,0.117266100,1
'2026-08-22 08:28:41.859280900,0.117280900,0
'2026-08-22 08:28:41.859281400,0.117281400,1
'2026-08-22 08:28:41.859281500,0.117281500,0
'2026-08-22 08:28:41.859292200,0.117292200,1
'2026-08-22 08:28:41.859306900,0.117306900,0
'2026-08-22 08:28:41.859307100,0.117307100,1
'2026-08-22 08:28:41.859307200,0.117307200,0
'2026-08-22 08:28:41.859308600,0.117308600,1
'2026-08-22 08:28:41.859308700,0.117308700,0
'2026-08-22 08:28:41.859312400,0.117312400,1
'2026-08-22 08:28:41.859312500,0.117312500,0
'2026-08-22 08:28:41.859318300,0.117318300,1
'2026-08-22 08:28:41.859332900,0.117332900,0
'2026-08-22 08:28:41.859344400,0.117344400,1
'2026-08-22 08:28:41.859359200,0.117359200,0
'2026-08-22 08:28:41.859370500,0.117370500,1
'2026-08-22 08:28:41.859385000,0.117385000,0
'2026-08-22 08:28:41.859396500,0.117396500,1
'2026-08-22 08:28:41.859411200,0.117411200,0
'2026-08-22 08:28:41.859422600,0.117422600,1
'2026-08-22 08:28:41.859437600,0.117437600,0
'2026-08-22 08:28:41.859438500,0.117438500,1
'2026-08-22 08:28:41.859438600,0.117438600,0
'2026-08-22 08:28:41.859448700,0.117448700,1
'2026-08-22 08:28:41.859463400,0.117463400,0
'2026-08-22 08:28:41.859474800,0.117474800,1
'2026-08-22 08:28:41.860689800,0.118689800,0
'2026-08-22 08:28:41.860700700,0.118700700,1
'2026-08-22 08:28:41.860715400,0.118715400,0
'2026-08-22 08:28:41.860715500,0.118715500,1
'2026-08-22 08:28:41.860715600,0.118715600,0
'2026-08-22 08:28:41.860715700,0.118715700,1
'2026-08-22 08:28:41.860715800,0.118715800,0
'2026-08-22 08:28:41.860726100,0.118726100,1
'2026-08-22 08:28:41.860726200,0.118726200,0
'2026-08-22 08:28:41.860726800,0.118726800,1
'2026-08-22 08:28:41.860741300,0.118741300,0
'2026-08-22 08:28:41.860752800,0.118752800,1
'2026-08-22 08:28:41.860767600,0.118767600,0
'2026-08-22 08:28:41.860767700,0.118767700,1
'2026-08-22 08:28:41.860767800,0.118767800,0
'2026-08-22 08:28:41.860778900,0.118778900,1
'2026-08-22 08:28:41.860793600,0.118793600,0
'2026-08-22 08:28:41.860805100,0.118805100,1
'2026-08-22 08:28:41.860819800,0.118819800,0
'2026-08-22 08:28:41.860831100,0.118831100,1
'2026-08-22 08:28:41.860845800,0.118845800,0
'2026-08-22 08:28:41.860845900,0.118845900,1
'2026-08-22 08:28:41.860846100,0.118846100,0
'2026-08-22 08:28:41.860857200,0.118857200,1
'2026-08-22 08:28:41.860871800,0.118871800,0
'2026-08-22 08:28:41.860871900,0.118871900,1
'2026-08-22 08:28:41.860872000,0.118872000,0
'2026-08-22 08:28:41.860872200,0.118872200,1
'2026-08-22 08:28:41.860872300,0.118872300,0
'2026-08-22 08:28:41.860883300,0.118883300,1
'2026-08-22 08:28:41.860898000,0.118898000,0
'2026-08-22 08:28:41.860909400,0.118909400,1
'2026-08-22 08:28:41.860924100,0.118924100,0
'2026-08-22 08:28:41.860924200,0.118924200,1
'2026-08-22 08:28:41.860924300,0.118924300,0
'2026-08-22 08:28:41.860935500,0.118935500,1
'2026-08-22 08:28:41.860950200,0.118950200,0
'2026-08-22 08:28:41.860961600,0.118961600,1
'2026-08-22 08:28:41.860976400,0.118976400,0
'2026-08-22 08:28:41.860987700,0.118987700,1
'2026-08-22 08:28:41.861002500,0.119002500,0
'2026-08-22 08:28:41.861013800,0.119013800,1
'2026-08-22 08:28:41.861028500,0.119028500,0
'2026-08-22 08:28:41.861028700,0.119028700,1
'2026-08-22 08:28:41.861028800,0.119028800,0
'2026-08-22 08:28:41.861039900,0.119039900,1
'2026-08-22 08:28:41.861054700,0.119054700,0
'2026-08-22 08:28:41.861055500,0.119055500,1
'2026-08-22 08:28:41.861055700,0.119055700,0
'2026-08-22 08:28:41.861066000,0.119066000,1
'2026-08-22 08:28:41.861080700,0.119080700,0
'2026-08-22 08:28:41.861092100,0.119092100,1
'2026-08-22 08:28:41.861524000,0.119524000,0
'2026-08-22 08:28:41.861535500,0.119535500,1
'2026-08-22 08:28:41.861550200,0.119550200,0
'2026-08-22 08:28:41.861561600,0.119561600,1
'2026-08-22 08:28:41.861576100,0.119576100,0
'2026-08-22 08:28:41.861587700,0.119587700,1
'2026-08-22 08:28:41.861602300,0.119602300,0
'2026-08-22 08:28:41.861613800,0.119613800,1
'2026-08-22 08:28:41.861628600,0.119628600,0
'2026-08-22 08:28:41.861629000,0.119629000,1
'2026-08-22 08:28:41.861629100,0.119629100,0
'2026-08-22 08:28:41.861639900,0.119639900,1
'2026-08-22 08:28:41.861654500,0.119654500,0
'2026-08-22 08:28:41.861654700,0.119654700,1
'2026-08-22 08:28:41.861654800,0.119654800,0
'2026-08-22 08:28:41.861666000,0.119666000,1
'2026-08-22 08:28:41.861680700,0.119680700,0
'2026-08-22 08:28:41.861692000,0.119692000,1
'2026-08-22 08:28:41.861706800,0.119706800,0
'2026-08-22 08:28:41.861718100,0.119718100,1
'2026-08-22 08:28:41.861732800,0.119732800,0
'2026-08-22 08:28:41.861744200,0.119744200,1
'2026-08-22 08:28:41.861758800,0.119758800,0
'2026-08-22 08:28:41.861758900,0.119758900,1
'2026-08-22 08:28:41.861759000,0.119759000,0
'2026-08-22 08:28:41.861759200,0.119759200,1
'2026-08-22 08:28:41.861759400,0.119759400,0
'2026-08-22 08:28:41.861770300,0.119770300,1
'2026-08-22 08:28:41.861785200,0.119785200,0
'2026-08-22 08:28:41.861794000,0.119794000,1
'2026-08-22 08:28:41.861794100,0.119794100,0
'2026-08-22 08:28:41.861796400,0.119796400,1
'2026-08-22 08:28:41.861811100,0.119811100,0
'2026-08-22 08:28:41.861811200,0.119811200,1
'2026-08-22 08:28:41.861811300,0.119811300,0
'2026-08-22 08:28:41.861822500,0.119822500,1
'2026-08-22 08:28:41.861837200,0.119837200,0
'2026-08-22 08:28:41.861839100,0.119839100,1
'2026-08-22 08:28:41.861839200,0.119839200,0
'2026-08-22 08:28:41.861839800,0.119839800,1
'2026-08-22 08:28:41.861839900,0.119839900,0
'2026-08-22 08:28:41.861848600,0.119848600,1
'2026-08-22 08:28:41.861863200,0.119863200,0
'2026-08-22 08:28:41.861874700,0.119874700,1
'2026-08-22 08:28:41.861889600,0.119889600,0
'2026-08-22 08:28:41.861900500,0.119900500,1
'2026-08-22 08:28:41.861900600,0.119900600,0
'2026-08-22 08:28:41.861900800,0.119900800,1
'2026-08-22 08:28:41.861915400,0.119915400,0
'2026-08-22 08:28:41.861923100,0.119923100,1
'2026-08-22 08:28:41.862337000,0.120337000,0
'2026-08-22 08:28:41.862344200,0.120344200,1
'2026-08-22 08:28:41.862358900,0.120358900,0
'2026-08-22 08:28:41.862370300,0.120370300,1
'2026-08-22 08:28:41.862385000,0.120385000,0
'2026-08-22 08:28:41.862385100,0.120385100,1
'2026-08-22 08:28:41.862385200,0.120385200,0
'2026-08-22 08:28:41.862396400,0.120396400,1
'2026-08-22 08:28:41.862411000,0.120411000,0
'2026-08-22 08:28:41.862422500,0.120422500,1
'2026-08-22 08:28:41.862437200,0.120437200,0
'2026-08-22 08:28:41.862448600,0.120448600,1
'2026-08-22 08:28:41.862463500,0.120463500,0
'2026-08-22 08:28:41.862474700,0.120474700,1
'2026-08-22 08:28:41.862489300,0.120489300,0
'2026-08-22 08:28:41.862500800,0.120500800,1
'2026-08-22 08:28:41.862515600,0.120515600,0
'2026-08-22 08:28:41.862526900,0.120526900,1
'2026-08-22 08:28:41.862541800,0.120541800,0
'2026-08-22 08:28:41.862552900,0.120552900,1
'2026-08-22 08:28:41.862567600,0.120567600,0
'2026-08-22 08:28:41.862579000,0.120579000,1
'2026-08-22 08:28:41.862593700,0.120593700,0
'2026-08-22 08:28:41.862605100,0.120605100,1
'2026-08-22 08:28:41.862619800,0.120619800,0
'2026-08-22 08:28:41.862619900,0.120619900,1
'2026-08-22 08:28:41.862620000,0.120620000,0
'2026-08-22 08:28:41.862620400,0.120620400,1
'2026-08-22 08:28:41.862620500,0.120620500,0
'2026-08-22 08:28:41.862631200,0.120631200,1
'2026-08-22 08:28:41.862646000,0.120646000,0
'2026-08-22 08:28:41.862657300,0.120657300,1
'2026-08-22 08:28:41.862672100,0.120672100,0
'2026-08-22 08:28:41.862675700,0.120675700,1
'2026-08-22 08:28:41.862675800,0.120675800,0
'2026-08-22 08:28:41.862679400,0.120679400,1
'2026-08-22 08:28:41.862679500,0.120679500,0
'2026-08-22 08:28:41.862683400,0.120683400,1
'2026-08-22 08:28:41.862698200,0.120698200,0
'2026-08-22 08:28:41.862709500,0.120709500,1
'2026-08-22 08:28:41.862724200,0.120724200,0
'2026-08-22 08:28:41.862724900,0.120724900,1
'2026-08-22 08:28:41.862725100,0.120725100,0
'2026-08-22 08:28:41.862735600,0.120735600,1
'2026-08-22 08:28:41.863952100,0.121952100,0
'2026-08-22 08:28:41.863952200,0.121952200,1
'2026-08-22 08:28:41.863952300,0.121952300,0
'2026-08-22 08:28:41.863961400,0.121961400,1
'2026-08-22 08:28:41.863976100,0.121976100,0
'2026-08-22 08:28:41.863987500,0.121987500,1
'2026-08-22 08:28:41.864002200,0.122002200,0
'2026-08-22 08:28:41.864013600,0.122013600,1
'2026-08-22 08:28:41.864028300,0.122028300,0
'2026-08-22 08:28:41.864032900,0.122032900,1
'2026-08-22 08:28:41.864033000,0.122033000,0
'2026-08-22 08:28:41.864039700,0.122039700,1
'2026-08-22 08:28:41.864054600,0.122054600,0
'2026-08-22 08:28:41.864055100,0.122055100,1
'2026-08-22 08:28:41.864055200,0.122055200,0
'2026-08-22 08:28:41.864065800,0.122065800,1
'2026-08-22 08:28:41.864080400,0.122080400,0
'2026-08-22 08:28:41.864091900,0.122091900,1
'2026-08-22 08:28:41.864106600,0.122106600,0
'2026-08-22 08:28:41.864118000,0.122118000,1
'2026-08-22 08:28:41.864132900,0.122132900,0
'2026-08-22 08:28:41.864133300,0.122133300,1
'2026-08-22 08:28:41.864133400,0.122133400,0
'2026-08-22 08:28:41.864144100,0.122144100,1
'2026-08-22 08:28:41.864158800,0.122158800,0
'2026-08-22 08:28:41.864170200,0.122170200,1
'2026-08-22 08:28:41.864185200,0.122185200,0
'2026-08-22 08:28:41.864196300,0.122196300,1
'2026-08-22 08:28:41.864211100,0.122211100,0
'2026-08-22 08:28:41.864214500,0.122214500,1
'2026-08-22 08:28:41.864214600,0.122214600,0
'2026-08-22 08:28:41.864222400,0.122222400,1
'2026-08-22 08:28:41.864237000,0.122237000,0
'2026-08-22 08:28:41.864237200,0.122237200,1
'2026-08-22 08:28:41.864237400,0.122237400,0
'2026-08-22 08:28:41.864248500,0.122248500,1
'2026-08-22 08:28:41.864263300,0.122263300,0
'2026-08-22 08:28:41.864274500,0.122274500,1
'2026-08-22 08:28:41.864289300,0.122289300,0
'2026-08-22 08:28:41.864300600,0.122300600,1
'2026-08-22 08:28:41.864315600,0.122315600,0
'2026-08-22 08:28:41.864326700,0.122326700,1
'2026-08-22 08:28:41.864341300,0.122341300,0
'2026-08-22 08:28:41.864352800,0.122352800,1
'2026-08-22 08:28:41.864784800,0.122784800,0
'2026-08-22 08:28:41.864796200,0.122796200,1
'2026-08-22 08:28:41.864810900,0.122810900,0
'2026-08-22 08:28:41.864822300,0.122822300,1
'2026-08-22 08:28:41.864837100,0.122837100,0
'2026-08-22 08:28:41.864848400,0.122848400,1
'2026-08-22 08:28:41.864863000,0.122863000,0
'2026-08-22 08:28:41.864866100,0.122866100,1
'2026-08-22 08:28:41.864866200,0.122866200,0
'2026-08-22 08:28:41.864874500,0.122874500,1
'2026-08-22 08:28:41.864889200,0.122889200,0
'2026-08-22 08:28:41.864900600,0.122900600,1
'2026-08-22 08:28:41.864915300,0.122915300,0
'2026-08-22 08:28:41.864926700,0.122926700,1
'2026-08-22 08:28:41.864941200,0.122941200,0
'2026-08-22 08:28:41.864941500,0.122941500,1
'2026-08-22 08:28:41.864941600,0.122941600,0
'2026-08-22 08:28:41.864952800,0.122952800,1
'2026-08-22 08:28:41.864967800,0.122967800,0
'2026-08-22 08:28:41.864968300,0.122968300,1
'2026-08-22 08:28:41.864968400,0.122968400,0
'2026-08-22 08:28:41.864978900,0.122978900,1
'2026-08-22 08:28:41.864993600,0.122993600,0
'2026-08-22 08:28:41.864998100,0.122998100,1
'2026-08-22 08:28:41.864998200,0.122998200,0
'2026-08-22 08:28:41.865004900,0.123004900,1
'2026-08-22 08:28:41.865019800,0.123019800,0
'2026-08-22 08:28:41.865031000,0.123031000,1
'2026-08-22 08:28:41.865045700,0.123045700,0
'2026-08-22 08:28:41.865045900,0.123045900,1
'2026-08-22 08:28:41.865046000,0.123046000,0
'2026-08-22 08:28:41.865057100,0.123057100,1
'2026-08-22 08:28:41.865071800,0.123071800,0
'2026-08-22 08:28:41.865083200,0.123083200,1
'2026-08-22 08:28:41.865098100,0.123098100,0
'2026-08-22 08:28:41.865109300,0.123109300,1
'2026-08-22 08:28:41.865124000,0.123124000,0
'2026-08-22 08:28:41.865124100,0.123124100,1
'2026-08-22 08:28:41.865124300,0.123124300,0
'2026-08-22 08:28:41.865135400,0.123135400,1
'2026-08-22 08:28:41.865150100,0.123150100,0
'2026-08-22 08:28:41.865161500,0.123161500,1
'2026-08-22 08:28:41.865176400,0.123176400,0
'2026-08-22 08:28:41.865176700,0.123176700,1
'2026-08-22 08:28:41.865176800,0.123176800,0
'2026-08-22 08:28:41.865184900,0.123184900,1
'2026-08-22 08:28:41.942000000,0.200000000,0
