; CSV, generated by atk_libsigrok4 1.0.0 on 2026-08-22 08:29:42
; Channels (1/16)
; ChannelsType: 1
; Sample rate: 10 MHz
; Sample count: 1.907349 M
; Sampling time: 2026-08-22 08:29:38.137
SystemTime, Time(s), meow
'2026-08-22 08:29:38.137000000,0.000000000,1
'2026-08-22 08:29:38.137001800,0.000001800,0
'2026-08-22 08:29:38.137007200,0.000007200,1
'2026-08-22 08:29:38.137021600,0.000021600,0
'2026-08-22 08:29:38.137033300,0.000033300,1
'2026-08-22 08:29:38.137047900,0.000047900,0
'2026-08-22 08:29:38.137059400,0.000059400,1
'2026-08-22 08:29:38.137073900,0.000073900,0
'2026-08-22 08:29:38.137085400,0.000085400,1
'2026-08-22 08:29:38.137100000,0.000100000,0
'2026-08-22 08:29:38.137111500,0.000111500,1
'2026-08-22 08:29:38.137126300,0.000126300,0
'2026-08-22 08:29:38.137137600,0.000137600,1
'2026-08-22 08:29:38.137152100,0.000152100,0
'2026-08-22 08:29:38.137163700,0.000163700,1
'2026-08-22 08:29:38.137178400,0.000178400,0
'2026-08-22 08:29:38.137189800,0.000189800,1
'2026-08-22 08:29:38.137204400,0.000204400,0
'2026-08-22 08:29:38.137215900,0.000215900,1
'2026-08-22 08:29:38.137230300,0.000230300,0
'2026-08-22 08:29:38.137242000,0.000242000,1
'2026-08-22 08:29:38.137256700,0.000256700,0
'2026-08-22 08:29:38.137256900,0.000256900,1
'2026-08-22 08:29:38.137257000,0.000257000,0
'2026-08-22 08:29:38.137268000,0.000268000,1
'2026-08-22 08:29:38.137282500,0.000282500,0
'2026-08-22 08:29:38.137294100,0.000294100,1
'2026-08-22 08:29:38.137308600,0.000308600,0
'2026-08-22 08:29:38.137308700,0.000308700,1
'2026-08-22 08:29:38.137308800,0.000308800,0
'2026-08-22 08:29:38.137320200,0.000320200,1
'2026-08-22 08:29:38.137334800,0.000334800,0
'2026-08-22 08:29:38.137346300,0.000346300,1
'2026-08-22 08:29:38.137360800,0.000360800,0
'2026-08-22 08:29:38.137360900,0.000360900,1
'2026-08-22 08:29:38.137361000,0.000361000,0
'2026-08-22 08:29:38.137372400,0.000372400,1
'2026-08-22 08:29:38.137387000,0.000387000,0
'2026-08-22 08:29:38.137387100,0.000387100,1
'2026-08-22 08:29:38.137387200,0.000387200,0
'2026-08-22 08:29:38.137398500,0.000398500,1
'2026-08-22 08:29:38.137413100,0.000413100,0
'2026-08-22 08:29:38.137424600,0.000424600,1
'2026-08-22 08:29:38.137439100,0.000439100,0
'2026-08-22 08:29:38.137439200,0.000439200,1
'2026-08-22 08:29:38.137439400,0.000439400,0
'2026-08-22 08:29:38.137450600,0.000450600,1
'2026-08-22 08:29:38.137465300,0.000465300,0
'2026-08-22 08:29:38.137476700,0.000476700,1
'2026-08-22 08:29:38.137491300,0.000491300,0
'2026-08-22 08:29:38.137502800,0.000502800,1
'2026-08-22 08:29:38.137517500,0.000517500,0
'2026-08-22 08:29:38.137528900,0.000528900,1
'2026-08-22 08:29:38.137543400,0.000543400,0
'2026-08-22 08:29:38.137555000,0.000555000,1
'2026-08-22 08:29:38.137569600,0.000569600,0
'2026-08-22 08:29:38.137569700,0.000569700,1
'2026-08-22 08:29:38.137569800,0.000569800,0
'2026-08-22 08:29:38.137581000,0.000581000,1
'2026-08-22 08:29:38.137595600,0.000595600,0
'2026-08-22 08:29:38.137595700,0.000595700,1
'2026-08-22 08:29:38.137595800,0.000595800,0
'2026-08-22 08:29:38.137607100,0.000607100,1
'2026-08-22 08:29:38.137621600,0.000621600,0
'2026-08-22 08:29:38.137621700,0.000621700,1
'2026-08-22 08:29:38.137622000,0.000622000,0
'2026-08-22 08:29:38.137633200,0.000633200,1
'2026-08-22 08:29:38.137647800,0.000647800,0
'2026-08-22 08:29:38.137659300,0.000659300,1
'2026-08-22 08:29:38.137674000,0.000674000,0
'2026-08-22 08:29:38.137685400,0.000685400,1
'2026-08-22 08:29:38.137699900,0.000699900,0
'2026-08-22 08:29:38.137711500,0.000711500,1
'2026-08-22 08:29:38.137726000,0.000726000,0
'2026-08-22 08:29:38.137727600,0.000727600,1
'2026-08-22 08:29:38.137727700,0.000727700,0
'2026-08-22 08:29:38.137737500,0.000737500,1
'2026-08-22 08:29:38.137752300,0.000752300,0
'2026-08-22 08:29:38.137763600,0.000763600,1
'2026-08-22 08:29:38.137778100,0.000778100,0
'2026-08-22 08:29:38.137778200,0.000778200,1
'2026-08-22 08:29:38.137778300,0.000778300,0
'2026-08-22 08:29:38.137778400,0.000778400,1
'2026-08-22 08:29:38.137778500,0.000778500,0
'2026-08-22 08:29:38.137779000,0.000779000,1
'2026-08-22 08:29:38.137779100,0.000779100,0
'2026-08-22 08:29:38.137789700,0.000789700,1
'2026-08-22 08:29:38.137804300,0.000804300,0
'2026-08-22 08:29:38.137815800,0.000815800,1
'2026-08-22 08:29:38.137830600,0.000830600,0
'2026-08-22 08:29:38.137841900,0.000841900,1
'2026-08-22 08:29:38.137856500,0.000856500,0
'2026-08-22 08:29:38.137868000,0.000868000,1
'2026-08-22 08:29:38.137882700,0.000882700,0
'2026-08-22 08:29:38.137894000,0.000894000,1
'2026-08-22 08:29:38.137908700,0.000908700,0
'2026-08-22 08:29:38.137920100,0.000920100,1
'2026-08-22 08:29:38.137934700,0.000934700,0
'2026-08-22 08:29:38.137946200,0.000946200,1
'2026-08-22 08:29:38.137960900,0.000960900,0
'2026-08-22 08:29:38.137961100,0.000961100,1
'2026-08-22 08:29:38.137961200,0.000961200,0
'2026-08-22 08:29:38.137972300,0.000972300,1
'2026-08-22 08:29:38.137987100,0.000987100,0
'2026-08-22 08:29:38.137987600,0.000987600,1
'2026-08-22 08:29:38.137987700,0.000987700,0
'2026-08-22 08:29:38.137998400,0.000998400,1
'2026-08-22 08:29:38.138013000,0.001013000,0
'2026-08-22 08:29:38.138013100,0.001013100,1
'2026-08-22 08:29:38.138013200,0.001013200,0
'2026-08-22 08:29:38.138024500,0.001024500,1
'2026-08-22 08:29:38.138039600,0.001039600,0
'2026-08-22 08:29:38.138040200,0.001040200,1
'2026-08-22 08:29:38.138040300,0.001040300,0
'2026-08-22 08:29:38.138050500,0.001050500,1
'2026-08-22 08:29:38.138065200,0.001065200,0
'2026-08-22 08:29:38.138076600,0.001076600,1
'2026-08-22 08:29:38.138091500,0.001091500,0
'2026-08-22 08:29:38.138102700,0.001102700,1
'2026-08-22 08:29:38.138117300,0.001117300,0
'2026-08-22 08:29:38.138128800,0.001128800,1
'2026-08-22 08:29:38.138143500,0.001143500,0
'2026-08-22 08:29:38.138154900,0.001154900,1
'2026-08-22 08:29:38.138169600,0.001169600,0
'2026-08-22 08:29:38.138176700,0.001176700,1
'2026-08-22 08:29:38.138176800,0.001176800,0
'2026-08-22 08:29:38.138181000,0.001181000,1
'2026-08-22 08:29:38.138195600,0.001195600,0
'2026-08-22 08:29:38.138207000,0.001207000,1
'2026-08-22 08:29:38.138221700,0.001221700,0
'2026-08-22 08:29:38.138233100,0.001233100,1
'2026-08-22 08:29:38.138247900,0.001247900,0
'2026-08-22 08:29:38.138259200,0.001259200,1
'2026-08-22 08:29:38.138273800,0.001273800,0
'2026-08-22 08:29:38.138274100,0.001274100,1
'2026-08-22 08:29:38.138274200,0.001274200,0
'2026-08-22 08:29:38.138285300,0.001285300,1
'2026-08-22 08:29:38.138299900,0.001299900,0
'2026-08-22 08:29:38.138311400,0.001311400,1
'2026-08-22 08:29:38.138326200,0.001326200,0
'2026-08-22 08:29:38.138327600,0.001327600,1
'2026-08-22 08:29:38.138327700,0.001327700,0
'2026-08-22 08:29:38.138337500,0.001337500,1
'2026-08-22 08:29:38.138352000,0.001352000,0
'2026-08-22 08:29:38.138363500,0.001363500,1
'2026-08-22 08:29:38.138378400,0.001378400,0
'2026-08-22 08:29:38.138378700,0.001378700,1
'2026-08-22 08:29:38.138378800,0.001378800,0
'2026-08-22 08:29:38.138389600,0.001389600,1
'2026-08-22 08:29:38.138404200,0.001404200,0
'2026-08-22 08:29:38.138404300,0.001404300,1
'2026-08-22 08:29:38.138404600,0.001404600,0
'2026-08-22 08:29:38.138415700,0.001415700,1
'2026-08-22 08:29:38.138430400,0.001430400,0
'2026-08-22 08:29:38.138441800,0.001441800,1
'2026-08-22 08:29:38.138456400,0.001456400,0
'2026-08-22 08:29:38.138467900,0.001467900,1
'2026-08-22 08:29:38.138482700,0.001482700,0
'2026-08-22 08:29:38.138484400,0.001484400,1
'2026-08-22 08:29:38.138484500,0.001484500,0
'2026-08-22 08:29:38.138494000,0.001494000,1
'2026-08-22 08:29:38.138508500,0.001508500,0
'2026-08-22 08:29:38.138520100,0.001520100,1
'2026-08-22 08:29:38.138534800,0.001534800,0
'2026-08-22 08:29:38.138536700,0.001536700,1
'2026-08-22 08:29:38.138536800,0.001536800,0
'2026-08-22 08:29:38.138546100,0.001546100,1
'2026-08-22 08:29:38.138561000,0.001561000,0
'2026-08-22 08:29:38.138572200,0.001572200,1
'2026-08-22 08:29:38.138587000,0.001587000,0
'2026-08-22 08:29:38.138598300,0.001598300,1
'2026-08-22 08:29:38.138613000,0.001613000,0
'2026-08-22 08:29:38.138624400,0.001624400,1
'2026-08-22 08:29:38.138639000,0.001639000,0
'2026-08-22 08:29:38.138639100,0.001639100,1
'2026-08-22 08:29:38.138639200,0.001639200,0
'2026-08-22 08:29:38.138639300,0.001639300,1
'2026-08-22 08:29:38.138639400,0.001639400,0
'2026-08-22 08:29:38.138650500,0.001650500,1
'2026-08-22 08:29:38.138665200,0.001665200,0
'2026-08-22 08:29:38.138665300,0.001665300,1
'2026-08-22 08:29:38.138665500,0.001665500,0
'2026-08-22 08:29:38.138676600,0.001676600,1
'2026-08-22 08:29:38.138691100,0.001691100,0
'2026-08-22 08:29:38.138695800,0.001695800,1
'2026-08-22 08:29:38.138695900,0.001695900,0
'2026-08-22 08:29:38.138702600,0.001702600,1
'2026-08-22 08:29:38.138717500,0.001717500,0
'2026-08-22 08:29:38.138728700,0.001728700,1
'2026-08-22 08:29:38.138743300,0.001743300,0
'2026-08-22 08:29:38.138754800,0.001754800,1
'2026-08-22 08:29:38.138769600,0.001769600,0
'2026-08-22 08:29:38.138780900,0.001780900,1
'2026-08-22 08:29:38.138795600,0.001795600,0
'2026-08-22 08:29:38.138795700,0.001795700,1
'2026-08-22 08:29:38.138795900,0.001795900,0
'2026-08-22 08:29:38.138797500,0.001797500,1
'2026-08-22 08:29:38.138797600,0.001797600,0
'2026-08-22 08:29:38.138807000,0.001807000,1
'2026-08-22 08:29:38.138821600,0.001821600,0
'2026-08-22 08:29:38.138833100,0.001833100,1
'2026-08-22 08:29:38.138847800,0.001847800,0
'2026-08-22 08:29:38.138859200,0.001859200,1
'2026-08-22 08:29:38.138873800,0.001873800,0
'2026-08-22 08:29:38.138885200,0.001885200,1
'2026-08-22 08:29:38.138899900,0.001899900,0
'2026-08-22 08:29:38.138911300,0.001911300,1
'2026-08-22 08:29:38.138926200,0.001926200,0
'2026-08-22 08:29:38.138937400,0.001937400,1
'2026-08-22 08:29:38.138951900,0.001951900,0
'2026-08-22 08:29:38.138963500,0.001963500,1
'2026-08-22 08:29:38.138978400,0.001978400,0
'2026-08-22 08:29:38.138989600,0.001989600,1
'2026-08-22 08:29:38.139004100,0.002004100,0
'2026-08-22 08:29:38.139004300,0.002004300,1
'2026-08-22 08:29:38.139004400,0.002004400,0
'2026-08-22 08:29:38.139015700,0.002015700,1
'2026-08-22 08:29:38.139030500,0.002030500,0
'2026-08-22 08:29:38.139030600,0.002030600,1
'2026-08-22 08:29:38.139030700,0.002030700,0
'2026-08-22 08:29:38.139041800,0.002041800,1
'2026-08-22 08:29:38.139056500,0.002056500,0
'2026-08-22 08:29:38.139067800,0.002067800,1
'2026-08-22 08:29:38.139082500,0.002082500,0
'2026-08-22 08:29:38.139084300,0.002084300,1
'2026-08-22 08:29:38.139084400,0.002084400,0
'2026-08-22 08:29:38.139084900,0.002084900,1
'2026-08-22 08:29:38.139085000,0.002085000,0
'2026-08-22 08:29:38.139093900,0.002093900,1
'2026-08-22 08:29:38.139108800,0.002108800,0
'2026-08-22 08:29:38.139108900,0.002108900,1
'2026-08-22 08:29:38.139109000,0.002109000,0
'2026-08-22 08:29:38.139120000,0.002120000,1
'2026-08-22 08:29:38.139134700,0.002134700,0
'2026-08-22 08:29:38.139136900,0.002136900,1
'2026-08-22 08:29:38.139137000,0.002137000,0
'2026-08-22 08:29:38.139138100,0.002138100,1
'2026-08-22 08:29:38.139138200,0.002138200,0
'2026-08-22 08:29:38.139146100,0.002146100,1
'2026-08-22 08:29:38.139160800,0.002160800,0
'2026-08-22 08:29:38.139160900,0.002160900,1
'2026-08-22 08:29:38.139161000,0.002161000,0
'2026-08-22 08:29:38.139169600,0.002169600,1
'2026-08-22 08:29:38.139169700,0.002169700,0
'2026-08-22 08:29:38.139172200,0.002172200,1
'2026-08-22 08:29:38.139187000,0.002187000,0
'2026-08-22 08:29:38.139187100,0.002187100,1
'2026-08-22 08:29:38.139187400,0.002187400,0
'2026-08-22 08:29:38.139198300,0.002198300,1
'2026-08-22 08:29:38.139212800,0.002212800,0
'2026-08-22 08:29:38.139212900,0.002212900,1
'2026-08-22 08:29:38.139213000,0.002213000,0
'2026-08-22 08:29:38.139224400,0.002224400,1
'2026-08-22 08:29:38.139239300,0.002239300,0
'2026-08-22 08:29:38.139250400,0.002250400,1
'2026-08-22 08:29:38.139265100,0.002265100,0
'2026-08-22 08:29:38.139268300,0.002268300,1
'2026-08-22 08:29:38.139268400,0.002268400,0
'2026-08-22 08:29:38.139276500,0.002276500,1
'2026-08-22 08:29:38.139291300,0.002291300,0
'2026-08-22 08:29:38.139302600,0.002302600,1
'2026-08-22 08:29:38.139317500,0.002317500,0
'2026-08-22 08:29:38.139328700,0.002328700,1
'2026-08-22 08:29:38.139343300,0.002343300,0
'2026-08-22 08:29:38.139354800,0.002354800,1
'2026-08-22 08:29:38.139369500,0.002369500,0
'2026-08-22 08:29:38.139369600,0.002369600,1
'2026-08-22 08:29:38.139369900,0.002369900,0
'2026-08-22 08:29:38.139380900,0.002380900,1
'2026-08-22 08:29:38.139395800,0.002395800,0
'2026-08-22 08:29:38.139395900,0.002395900,1
'2026-08-22 08:29:38.139396000,0.002396000,0
'2026-08-22 08:29:38.139407000,0.002407000,1
'2026-08-22 08:29:38.139421600,0.002421600,0
'2026-08-22 08:29:38.139433000,0.002433000,1
'2026-08-22 08:29:38.139448200,0.002448200,0
'2026-08-22 08:29:38.139448300,0.002448300,1
'2026-08-22 08:29:38.139448400,0.002448400,0
'2026-08-22 08:29:38.139448700,0.002448700,1
'2026-08-22 08:29:38.139448800,0.002448800,0
'2026-08-22 08:29:38.139448900,0.002448900,1
'2026-08-22 08:29:38.139449000,0.002449000,0
'2026-08-22 08:29:38.139459100,0.002459100,1
'2026-08-22 08:29:38.139473600,0.002473600,0
'2026-08-22 08:29:38.139478600,0.002478600,1
'2026-08-22 08:29:38.139478800,0.002478800,0
'2026-08-22 08:29:38.139485200,0.002485200,1
'2026-08-22 08:29:38.139500200,0.002500200,0
'2026-08-22 08:29:38.139500300,0.002500300,1
'2026-08-22 08:29:38.139500400,0.002500400,0
'2026-08-22 08:29:38.139510800,0.002510800,1
'2026-08-22 08:29:38.139510900,0.002510900,0
'2026-08-22 08:29:38.139511300,0.002511300,1
'2026-08-22 08:29:38.139526100,0.002526100,0
'2026-08-22 08:29:38.139530100,0.002530100,1
'2026-08-22 08:29:38.139530200,0.002530200,0
'2026-08-22 08:29:38.139537400,0.002537400,1
'2026-08-22 08:29:38.139552300,0.002552300,0
'2026-08-22 08:29:38.139563500,0.002563500,1
'2026-08-22 08:29:38.139578400,0.002578400,0
'2026-08-22 08:29:38.139578500,0.002578500,1
'2026-08-22 08:29:38.139578600,0.002578600,0
'2026-08-22 08:29:38.139589600,0.002589600,1
'2026-08-22 08:29:38.139604300,0.002604300,0
'2026-08-22 08:29:38.139615600,0.002615600,1
'2026-08-22 08:29:38.139630800,0.002630800,0
'2026-08-22 08:29:38.139641700,0.002641700,1
'2026-08-22 08:29:38.139656300,0.002656300,0
'2026-08-22 08:29:38.139667800,0.002667800,1
'2026-08-22 08:29:38.139682600,0.002682600,0
'2026-08-22 08:29:38.139689900,0.002689900,1
'2026-08-22 08:29:38.139690000,0.002690000,0
'2026-08-22 08:29:38.139693900,0.002693900,1
'2026-08-22 08:29:38.139708400,0.002708400,0
'2026-08-22 08:29:38.139708700,0.002708700,1
'2026-08-22 08:29:38.139708900,0.002708900,0
'2026-08-22 08:29:38.139710500,0.002710500,1
'2026-08-22 08:29:38.139710600,0.002710600,0
'2026-08-22 08:29:38.139720000,0.002720000,1
'2026-08-22 08:29:38.139734600,0.002734600,0
'2026-08-22 08:29:38.139746100,0.002746100,1
'2026-08-22 08:29:38.139761500,0.002761500,0
'2026-08-22 08:29:38.139761600,0.002761600,1
'2026-08-22 08:29:38.139761800,0.002761800,0
'2026-08-22 08:29:38.139772200,0.002772200,1
'2026-08-22 08:29:38.139786700,0.002786700,0
'2026-08-22 08:29:38.139791100,0.002791100,1
'2026-08-22 08:29:38.139791200,0.002791200,0
'2026-08-22 08:29:38.139798200,0.002798200,1
'2026-08-22 08:29:38.139813100,0.002813100,0
'2026-08-22 08:29:38.139813200,0.002813200,1
'2026-08-22 08:29:38.139813400,0.002813400,0
'2026-08-22 08:29:38.139822000,0.002822000,1
'2026-08-22 08:29:38.139822100,0.002822100,0
'2026-08-22 08:29:38.139824300,0.002824300,1
'2026-08-22 08:29:38.139839100,0.002839100,0
'2026-08-22 08:29:38.139841300,0.002841300,1
'2026-08-22 08:29:38.139841400,0.002841400,0
'2026-08-22 08:29:38.139841900,0.002841900,1
'2026-08-22 08:29:38.139842000,0.002842000,0
'2026-08-22 08:29:38.139842100,0.002842100,1
'2026-08-22 08:29:38.139842200,0.002842200,0
'2026-08-22 08:29:38.139842500,0.002842500,1
'2026-08-22 08:29:38.139842600,0.002842600,0
'2026-08-22 08:29:38.139843100,0.002843100,1
'2026-08-22 08:29:38.139843200,0.002843200,0
'2026-08-22 08:29:38.139850400,0.002850400,1
'2026-08-22 08:29:38.139865200,0.002865200,0
'2026-08-22 08:29:38.139865300,0.002865300,1
'2026-08-22 08:29:38.139865400,0.002865400,0
'2026-08-22 08:29:38.139876500,0.002876500,1
'2026-08-22 08:29:38.139891600,0.002891600,0
'2026-08-22 08:29:38.139902600,0.002902600,1
'2026-08-22 08:29:38.139917400,0.002917400,0
'2026-08-22 08:29:38.139919600,0.002919600,1
'2026-08-22 08:29:38.139919700,0.002919700,0
'2026-08-22 08:29:38.139928700,0.002928700,1
'2026-08-22 08:29:38.139943600,0.002943600,0
'2026-08-22 08:29:38.139954800,0.002954800,1
'2026-08-22 08:29:38.139969400,0.002969400,0
'2026-08-22 08:29:38.139969500,0.002969500,1
'2026-08-22 08:29:38.139969600,0.002969600,0
'2026-08-22 08:29:38.139980800,0.002980800,1
'2026-08-22 08:29:38.139995600,0.002995600,0
'2026-08-22 08:29:38.140006900,0.003006900,1
'2026-08-22 08:29:38.140022300,0.003022300,0
'2026-08-22 08:29:38.140022400,0.003022400,1
'2026-08-22 08:29:38.140022500,0.003022500,0
'2026-08-22 08:29:38.140033000,0.003033000,1
'2026-08-22 08:29:38.140047700,0.003047700,0
'2026-08-22 08:29:38.140052700,0.003052700,1
'2026-08-22 08:29:38.140052800,0.003052800,0
'2026-08-22 08:29:38.140059100,0.003059100,1
'2026-08-22 08:29:38.140073900,0.003073900,0
'2026-08-22 08:29:38.140082500,0.003082500,1
'2026-08-22 08:29:38.140082600,0.003082600,0
'2026-08-22 08:29:38.140085200,0.003085200,1
'2026-08-22 08:29:38.140100000,0.003100000,0
'2026-08-22 08:29:38.140100700,0.003100700,1
'2026-08-22 08:29:38.140100800,0.003100800,0
'2026-08-22 08:29:38.140101200,0.003101200,1
'2026-08-22 08:29:38.140101300,0.003101300,0
'2026-08-22 08:29:38.140111300,0.003111300,1
'2026-08-22 08:29:38.140126000,0.003126000,0
'2026-08-22 08:29:38.140126300,0.003126300,1
'2026-08-22 08:29:38.140126400,0.003126400,0
'2026-08-22 08:29:38.140137400,0.003137400,1
'2026-08-22 08:29:38.140152400,0.003152400,0
'2026-08-22 08:29:38.140152500,0.003152500,1
'2026-08-22 08:29:38.140152700,0.003152700,0
'2026-08-22 08:29:38.140159200,0.003159200,1
'2026-08-22 08:29:38.140159300,0.003159300,0
'2026-08-22 08:29:38.140162500,0.003162500,1
'2026-08-22 08:29:38.140162600,0.003162600,0
'2026-08-22 08:29:38.140163400,0.003163400,1
'2026-08-22 08:29:38.140178000,0.003178000,0
'2026-08-22 08:29:38.140184100,0.003184100,1
'2026-08-22 08:29:38.140184200,0.003184200,0
'2026-08-22 08:29:38.140189500,0.003189500,1
'2026-08-22 08:29:38.140204200,0.003204200,0
'2026-08-22 08:29:38.140204300,0.003204300,1
'2026-08-22 08:29:38.140204400,0.003204400,0
'2026-08-22 08:29:38.140204600,0.003204600,1
'2026-08-22 08:29:38.140204700,0.003204700,0
'2026-08-22 08:29:38.140212700,0.003212700,1
'2026-08-22 08:29:38.140212800,0.003212800,0
'2026-08-22 08:29:38.140215600,0.003215600,1
'2026-08-22 08:29:38.140230300,0.003230300,0
'2026-08-22 08:29:38.140241700,0.003241700,1
'2026-08-22 08:29:38.140256300,0.003256300,0
'2026-08-22 08:29:38.140267800,0.003267800,1
'2026-08-22 08:29:38.140282600,0.003282600,0
'2026-08-22 08:29:38.140282900,0.003282900,1
'2026-08-22 08:29:38.140283100,0.003283100,0
'2026-08-22 08:29:38.140283500,0.003283500,1
'2026-08-22 08:29:38.140283600,0.003283600,0
'2026-08-22 08:29:38.140284600,0.003284600,1
'2026-08-22 08:29:38.140284700,0.003284700,0
'2026-08-22 08:29:38.140288100,0.003288100,1
'2026-08-22 08:29:38.141925400,0.004925400,0
'2026-08-22 08:29:38.141936800,0.004936800,1
'2026-08-22 08:29:38.141951600,0.004951600,0
'2026-08-22 08:29:38.141952100,0.004952100,1
'2026-08-22 08:29:38.141952200,0.004952200,0
'2026-08-22 08:29:38.141962900,0.004962900,1
'2026-08-22 08:29:38.141977400,0.004977400,0
'2026-08-22 08:29:38.141989000,0.004989000,1
'2026-08-22 08:29:38.142003900,0.005003900,0
'2026-08-22 08:29:38.142015100,0.005015100,1
'2026-08-22 08:29:38.142029400,0.005029400,0
'2026-08-22 08:29:38.142029500,0.005029500,1
'2026-08-22 08:29:38.142029600,0.005029600,0
'2026-08-22 08:29:38.142041200,0.005041200,1
'2026-08-22 08:29:38.142056200,0.005056200,0
'2026-08-22 08:29:38.142067300,0.005067300,1
'2026-08-22 08:29:38.142081900,0.005081900,0
'2026-08-22 08:29:38.142093400,0.005093400,1
'2026-08-22 08:29:38.142108000,0.005108000,0
'2026-08-22 08:29:38.142108100,0.005108100,1
'2026-08-22 08:29:38.142108200,0.005108200,0
'2026-08-22 08:29:38.142119400,0.005119400,1
'2026-08-22 08:29:38.142134200,0.005134200,0
'2026-08-22 08:29:38.142145500,0.005145500,1
'2026-08-22 08:29:38.142160200,0.005160200,0
'2026-08-22 08:29:38.142171600,0.005171600,1
'2026-08-22 08:29:38.142186200,0.005186200,0
'2026-08-22 08:29:38.142197700,0.005197700,1
'2026-08-22 08:29:38.142212500,0.005212500,0
'2026-08-22 08:29:38.142212700,0.005212700,1
'2026-08-22 08:29:38.142212800,0.005212800,0
'2026-08-22 08:29:38.142223800,0.005223800,1
'2026-08-22 08:29:38.142238500,0.005238500,0
'2026-08-22 08:29:38.142249900,0.005249900,1
'2026-08-22 08:29:38.142264800,0.005264800,0
'2026-08-22 08:29:38.142276000,0.005276000,1
'2026-08-22 08:29:38.142290500,0.005290500,0
'2026-08-22 08:29:38.142302100,0.005302100,1
'2026-08-22 08:29:38.142316800,0.005316800,0
'2026-08-22 08:29:38.142328100,0.005328100,1
'2026-08-22 08:29:38.142760100,0.005760100,0
'2026-08-22 08:29:38.142768500,0.005768500,1
'2026-08-22 08:29:38.142768600,0.005768600,0
'2026-08-22 08:29:38.142771500,0.005771500,1
'2026-08-22 08:29:38.142786400,0.005786400,0
'2026-08-22 08:29:38.142797600,0.005797600,1
'2026-08-22 08:29:38.142812100,0.005812100,0
'2026-08-22 08:29:38.142823600,0.005823600,1
'2026-08-22 08:29:38.142838600,0.005838600,0
'2026-08-22 08:29:38.142849800,0.005849800,1
'2026-08-22 08:29:38.142864300,0.005864300,0
'2026-08-22 08:29:38.142875800,0.005875800,1
'2026-08-22 08:29:38.142890600,0.005890600,0
'2026-08-22 08:29:38.142901900,0.005901900,1
'2026-08-22 08:29:38.142916800,0.005916800,0
'2026-08-22 08:29:38.142917200,0.005917200,1
'2026-08-22 08:29:38.142917400,0.005917400,0
'2026-08-22 08:29:38.142928000,0.005928000,1
'2026-08-22 08:29:38.142942400,0.005942400,0
'2026-08-22 08:29:38.142942500,0.005942500,1
'2026-08-22 08:29:38.142942600,0.005942600,0
'2026-08-22 08:29:38.142954100,0.005954100,1
'2026-08-22 08:29:38.142968900,0.005968900,0
'2026-08-22 08:29:38.142969100,0.005969100,1
'2026-08-22 08:29:38.142969200,0.005969200,0
'2026-08-22 08:29:38.142980200,0.005980200,1
'2026-08-22 08:29:38.142994700,0.005994700,0
'2026-08-22 08:29:38.143006300,0.006006300,1
'2026-08-22 08:29:38.143021000,0.006021000,0
'2026-08-22 08:29:38.143021100,0.006021100,1
'2026-08-22 08:29:38.143021200,0.006021200,0
'2026-08-22 08:29:38.143032400,0.006032400,1
'2026-08-22 08:29:38.143047200,0.006047200,0
'2026-08-22 08:29:38.143047500,0.006047500,1
'2026-08-22 08:29:38.143047600,0.006047600,0
'2026-08-22 08:29:38.143047900,0.006047900,1
'2026-08-22 08:29:38.143048000,0.006048000,0
'2026-08-22 08:29:38.143048700,0.006048700,1
'2026-08-22 08:29:38.143048800,0.006048800,0
'2026-08-22 08:29:38.143058400,0.006058400,1
'2026-08-22 08:29:38.143073000,0.006073000,0
'2026-08-22 08:29:38.143077900,0.006077900,1
'2026-08-22 08:29:38.143078000,0.006078000,0
'2026-08-22 08:29:38.143084600,0.006084600,1
'2026-08-22 08:29:38.143099600,0.006099600,0
'2026-08-22 08:29:38.143099900,0.006099900,1
'2026-08-22 08:29:38.143100200,0.006100200,0
'2026-08-22 08:29:38.143110600,0.006110600,1
'2026-08-22 08:29:38.143125300,0.006125300,0
'2026-08-22 08:29:38.143136700,0.006136700,1
'2026-08-22 08:29:38.143151600,0.006151600,0
'2026-08-22 08:29:38.143158200,0.006158200,1
'2026-08-22 08:29:38.143572200,0.006572200,0
'2026-08-22 08:29:38.143580000,0.006580000,1
'2026-08-22 08:29:38.143594600,0.006594600,0
'2026-08-22 08:29:38.143606100,0.006606100,1
'2026-08-22 08:29:38.143620800,0.006620800,0
'2026-08-22 08:29:38.143622300,0.006622300,1
'2026-08-22 08:29:38.143622400,0.006622400,0
'2026-08-22 08:29:38.143623500,0.006623500,1
'2026-08-22 08:29:38.143623600,0.006623600,0
'2026-08-22 08:29:38.143632200,0.006632200,1
'2026-08-22 08:29:38.143646900,0.006646900,0
'2026-08-22 08:29:38.143658300,0.006658300,1
'2026-08-22 08:29:38.143673000,0.006673000,0
'2026-08-22 08:29:38.143673100,0.006673100,1
'2026-08-22 08:29:38.143673200,0.006673200,0
'2026-08-22 08:29:38.143673700,0.006673700,1
'2026-08-22 08:29:38.143673800,0.006673800,0
'2026-08-22 08:29:38.143684400,0.006684400,1
'2026-08-22 08:29:38.143698900,0.006698900,0
'2026-08-22 08:29:38.143710500,0.006710500,1
'2026-08-22 08:29:38.143725300,0.006725300,0
'2026-08-22 08:29:38.143732000,0.006732000,1
'2026-08-22 08:29:38.143732100,0.006732100,0
'2026-08-22 08:29:38.143736600,0.006736600,1
'2026-08-22 08:29:38.143751400,0.006751400,0
'2026-08-22 08:29:38.143762700,0.006762700,1
'2026-08-22 08:29:38.143777400,0.006777400,0
'2026-08-22 08:29:38.143788700,0.006788700,1
'2026-08-22 08:29:38.143803400,0.006803400,0
'2026-08-22 08:29:38.143803900,0.006803900,1
'2026-08-22 08:29:38.143804000,0.006804000,0
'2026-08-22 08:29:38.143804500,0.006804500,1
'2026-08-22 08:29:38.143804600,0.006804600,0
'2026-08-22 08:29:38.143814800,0.006814800,1
'2026-08-22 08:29:38.143829400,0.006829400,0
'2026-08-22 08:29:38.143829500,0.006829500,1
'2026-08-22 08:29:38.143829700,0.006829700,0
'2026-08-22 08:29:38.143840900,0.006840900,1
'2026-08-22 08:29:38.143855600,0.006855600,0
'2026-08-22 08:29:38.143867000,0.006867000,1
'2026-08-22 08:29:38.143881800,0.006881800,0
'2026-08-22 08:29:38.143893100,0.006893100,1
'2026-08-22 08:29:38.143908000,0.006908000,0
'2026-08-22 08:29:38.143919200,0.006919200,1
'2026-08-22 08:29:38.143933800,0.006933800,0
'2026-08-22 08:29:38.143933900,0.006933900,1
'2026-08-22 08:29:38.143934000,0.006934000,0
'2026-08-22 08:29:38.143944600,0.006944600,1
'2026-08-22 08:29:38.143944700,0.006944700,0
'2026-08-22 08:29:38.143945300,0.006945300,1
'2026-08-22 08:29:38.143960000,0.006960000,0
'2026-08-22 08:29:38.143971400,0.006971400,1
'2026-08-22 08:29:38.145186600,0.008186600,0
'2026-08-22 08:29:38.145197000,0.008197000,1
'2026-08-22 08:29:38.145211700,0.008211700,0
'2026-08-22 08:29:38.145223100,0.008223100,1
'2026-08-22 08:29:38.145237700,0.008237700,0
'2026-08-22 08:29:38.145249200,0.008249200,1
'2026-08-22 08:29:38.145264000,0.008264000,0
'2026-08-22 08:29:38.145264100,0.008264100,1
'2026-08-22 08:29:38.145264200,0.008264200,0
'2026-08-22 08:29:38.145275300,0.008275300,1
'2026-08-22 08:29:38.145289900,0.008289900,0
'2026-08-22 08:29:38.145301400,0.008301400,1
'2026-08-22 08:29:38.145316000,0.008316000,0
'2026-08-22 08:29:38.145316100,0.008316100,1
'2026-08-22 08:29:38.145316200,0.008316200,0
'2026-08-22 08:29:38.145316300,0.008316300,1
'2026-08-22 08:29:38.145316400,0.008316400,0
'2026-08-22 08:29:38.145327500,0.008327500,1
'2026-08-22 08:29:38.145342000,0.008342000,0
'2026-08-22 08:29:38.145353600,0.008353600,1
'2026-08-22 08:29:38.145368200,0.008368200,0
'2026-08-22 08:29:38.145379700,0.008379700,1
'2026-08-22 08:29:38.145394300,0.008394300,0
'2026-08-22 08:29:38.145405800,0.008405800,1
'2026-08-22 08:29:38.145420300,0.008420300,0
'2026-08-22 08:29:38.145431800,0.008431800,1
'2026-08-22 08:29:38.145446600,0.008446600,0
'2026-08-22 08:29:38.145457900,0.008457900,1
'2026-08-22 08:29:38.145472800,0.008472800,0
'2026-08-22 08:29:38.145482800,0.008482800,1
'2026-08-22 08:29:38.145482900,0.008482900,0
'2026-08-22 08:29:38.145484000,0.008484000,1
'2026-08-22 08:29:38.145498600,0.008498600,0
'2026-08-22 08:29:38.145510100,0.008510100,1
'2026-08-22 08:29:38.145524900,0.008524900,0
'2026-08-22 08:29:38.145536200,0.008536200,1
'2026-08-22 08:29:38.145550700,0.008550700,0
'2026-08-22 08:29:38.145562300,0.008562300,1
'2026-08-22 08:29:38.145576900,0.008576900,0
'2026-08-22 08:29:38.145588400,0.008588400,1
'2026-08-22 08:29:38.146020100,0.009020100,0
'2026-08-22 08:29:38.146031700,0.009031700,1
'2026-08-22 08:29:38.146046500,0.009046500,0
'2026-08-22 08:29:38.146046600,0.009046600,1
'2026-08-22 08:29:38.146046700,0.009046700,0
'2026-08-22 08:29:38.146057800,0.009057800,1
'2026-08-22 08:29:38.146072200,0.009072200,0
'2026-08-22 08:29:38.146081200,0.009081200,1
'2026-08-22 08:29:38.146081300,0.009081300,0
'2026-08-22 08:29:38.146083900,0.009083900,1
'2026-08-22 08:29:38.146098500,0.009098500,0
'2026-08-22 08:29:38.146110000,0.009110000,1
'2026-08-22 08:29:38.146124700,0.009124700,0
'2026-08-22 08:29:38.146136100,0.009136100,1
'2026-08-22 08:29:38.146150800,0.009150800,0
'2026-08-22 08:29:38.146162100,0.009162100,1
'2026-08-22 08:29:38.146176800,0.009176800,0
'2026-08-22 08:29:38.146188200,0.009188200,1
'2026-08-22 08:29:38.146202900,0.009202900,0
'2026-08-22 08:29:38.146214300,0.009214300,1
'2026-08-22 08:29:38.146228900,0.009228900,0
'2026-08-22 08:29:38.146229100,0.009229100,1
'2026-08-22 08:29:38.146229200,0.009229200,0
'2026-08-22 08:29:38.146240400,0.009240400,1
'2026-08-22 08:29:38.146255000,0.009255000,0
'2026-08-22 08:29:38.146266500,0.009266500,1
'2026-08-22 08:29:38.146281200,0.009281200,0
'2026-08-22 08:29:38.146292600,0.009292600,1
'2026-08-22 08:29:38.146307200,0.009307200,0
'2026-08-22 08:29:38.146318700,0.009318700,1
'2026-08-22 08:29:38.146333200,0.009333200,0
'2026-08-22 08:29:38.146344700,0.009344700,1
'2026-08-22 08:29:38.146359400,0.009359400,0
'2026-08-22 08:29:38.146360200,0.009360200,1
'2026-08-22 08:29:38.146360300,0.009360300,0
'2026-08-22 08:29:38.146366000,0.009366000,1
'2026-08-22 08:29:38.146366100,0.009366100,0
'2026-08-22 08:29:38.146370800,0.009370800,1
'2026-08-22 08:29:38.146385400,0.009385400,0
'2026-08-22 08:29:38.146385600,0.009385600,1
'2026-08-22 08:29:38.146385700,0.009385700,0
'2026-08-22 08:29:38.146386600,0.009386600,1
'2026-08-22 08:29:38.146386700,0.009386700,0
'2026-08-22 08:29:38.146396900,0.009396900,1
'2026-08-22 08:29:38.146411800,0.009411800,0
'2026-08-22 08:29:38.146419200,0.009419200,1
'2026-08-22 08:29:38.147637300,0.010637300,0
'2026-08-22 08:29:38.147648700,0.010648700,1
'2026-08-22 08:29:38.147663400,0.010663400,0
'2026-08-22 08:29:38.147674800,0.010674800,1
'2026-08-22 08:29:38.147689300,0.010689300,0
'2026-08-22 08:29:38.147700900,0.010700900,1
'2026-08-22 08:29:38.147715400,0.010715400,0
'2026-08-22 08:29:38.147715500,0.010715500,1
'2026-08-22 08:29:38.147715600,0.010715600,0
'2026-08-22 08:29:38.147727000,0.010727000,1
'2026-08-22 08:29:38.147741500,0.010741500,0
'2026-08-22 08:29:38.147753100,0.010753100,1
'2026-08-22 08:29:38.147767700,0.010767700,0
'2026-08-22 08:29:38.147779100,0.010779100,1
'2026-08-22 08:29:38.147793600,0.010793600,0
'2026-08-22 08:29:38.147805200,0.010805200,1
'2026-08-22 08:29:38.147819800,0.010819800,0
'2026-08-22 08:29:38.147831300,0.010831300,1
'2026-08-22 08:29:38.147846000,0.010846000,0
'2026-08-22 08:29:38.147857400,0.010857400,1
'2026-08-22 08:29:38.147871900,0.010871900,0
'2026-08-22 08:29:38.147883500,0.010883500,1
'2026-08-22 08:29:38.147898400,0.010898400,0
'2026-08-22 08:29:38.147909200,0.010909200,1
'2026-08-22 08:29:38.147909300,0.010909300,0
'2026-08-22 08:29:38.147909600,0.010909600,1
'2026-08-22 08:29:38.147924100,0.010924100,0
'2026-08-22 08:29:38.147926900,0.010926900,1
'2026-08-22 08:29:38.147927000,0.010927000,0
'2026-08-22 08:29:38.147935700,0.010935700,1
'2026-08-22 08:29:38.147950400,0.010950400,0
'2026-08-22 08:29:38.147961800,0.010961800,1
'2026-08-22 08:29:38.147976700,0.010976700,0
'2026-08-22 08:29:38.147978300,0.010978300,1
'2026-08-22 08:29:38.147978400,0.010978400,0
'2026-08-22 08:29:38.147986500,0.010986500,1
'2026-08-22 08:29:38.147986600,0.010986600,0
'2026-08-22 08:29:38.147987800,0.010987800,1
'2026-08-22 08:29:38.148002400,0.011002400,0
'2026-08-22 08:29:38.148013900,0.011013900,1
'2026-08-22 08:29:38.148028700,0.011028700,0
'2026-08-22 08:29:38.148033900,0.011033900,1
'2026-08-22 08:29:38.148455600,0.011455600,0
'2026-08-22 08:29:38.148457200,0.011457200,1
'2026-08-22 08:29:38.148471900,0.011471900,0
'2026-08-22 08:29:38.148483300,0.011483300,1
'2026-08-22 08:29:38.148497900,0.011497900,0
'2026-08-22 08:29:38.148498900,0.011498900,1
'2026-08-22 08:29:38.148499000,0.011499000,0
'2026-08-22 08:29:38.148509400,0.011509400,1
'2026-08-22 08:29:38.148523900,0.011523900,0
'2026-08-22 08:29:38.148535500,0.011535500,1
'2026-08-22 08:29:38.148550300,0.011550300,0
'2026-08-22 08:29:38.148561600,0.011561600,1
'2026-08-22 08:29:38.148576000,0.011576000,0
'2026-08-22 08:29:38.148587700,0.011587700,1
'2026-08-22 08:29:38.148602700,0.011602700,0
'2026-08-22 08:29:38.148613800,0.011613800,1
'2026-08-22 08:29:38.148628100,0.011628100,0
'2026-08-22 08:29:38.148628200,0.011628200,1
'2026-08-22 08:29:38.148628300,0.011628300,0
'2026-08-22 08:29:38.148639900,0.011639900,1
'2026-08-22 08:29:38.148654500,0.011654500,0
'2026-08-22 08:29:38.148665900,0.011665900,1
'2026-08-22 08:29:38.148680600,0.011680600,0
'2026-08-22 08:29:38.148692000,0.011692000,1
'2026-08-22 08:29:38.148706700,0.011706700,0
'2026-08-22 08:29:38.148718100,0.011718100,1
'2026-08-22 08:29:38.148732700,0.011732700,0
'2026-08-22 08:29:38.148744200,0.011744200,1
'2026-08-22 08:29:38.148758800,0.011758800,0
'2026-08-22 08:29:38.148770300,0.011770300,1
'2026-08-22 08:29:38.148785000,0.011785000,0
'2026-08-22 08:29:38.148796400,0.011796400,1
'2026-08-22 08:29:38.148811000,0.011811000,0
'2026-08-22 08:29:38.148811700,0.011811700,1
'2026-08-22 08:29:38.148811800,0.011811800,0
'2026-08-22 08:29:38.148822500,0.011822500,1
'2026-08-22 08:29:38.148837000,0.011837000,0
'2026-08-22 08:29:38.148848500,0.011848500,1
'2026-08-22 08:29:38.149280300,0.012280300,0
'2026-08-22 08:29:38.149291900,0.012291900,1
'2026-08-22 08:29:38.149306600,0.012306600,0
'2026-08-22 08:29:38.149317900,0.012317900,1
'2026-08-22 08:29:38.149332400,0.012332400,0
'2026-08-22 08:29:38.149343700,0.012343700,1
'2026-08-22 08:29:38.149343800,0.012343800,0
'2026-08-22 08:29:38.149344100,0.012344100,1
'2026-08-22 08:29:38.149358600,0.012358600,0
'2026-08-22 08:29:38.149370100,0.012370100,1
'2026-08-22 08:29:38.149384600,0.012384600,0
'2026-08-22 08:29:38.149396200,0.012396200,1
'2026-08-22 08:29:38.149410800,0.012410800,0
'2026-08-22 08:29:38.149422300,0.012422300,1
'2026-08-22 08:29:38.149437000,0.012437000,0
'2026-08-22 08:29:38.149448400,0.012448400,1
'2026-08-22 08:29:38.149463100,0.012463100,0
'2026-08-22 08:29:38.149474500,0.012474500,1
'2026-08-22 08:29:38.149489000,0.012489000,0
'2026-08-22 08:29:38.149500600,0.012500600,1
'2026-08-22 08:29:38.149515400,0.012515400,0
'2026-08-22 08:29:38.149515600,0.012515600,1
'2026-08-22 08:29:38.149515700,0.012515700,0
'2026-08-22 08:29:38.149526700,0.012526700,1
'2026-08-22 08:29:38.149541200,0.012541200,0
'2026-08-22 08:29:38.149541300,0.012541300,1
'2026-08-22 08:29:38.149541400,0.012541400,0
'2026-08-22 08:29:38.149552700,0.012552700,1
'2026-08-22 08:29:38.149567400,0.012567400,0
'2026-08-22 08:29:38.149567500,0.012567500,1
'2026-08-22 08:29:38.149567600,0.012567600,0
'2026-08-22 08:29:38.149578900,0.012578900,1
'2026-08-22 08:29:38.149593600,0.012593600,0
'2026-08-22 08:29:38.149604900,0.012604900,1
'2026-08-22 08:29:38.149619400,0.012619400,0
'2026-08-22 08:29:38.149619500,0.012619500,1
'2026-08-22 08:29:38.149619600,0.012619600,0
'2026-08-22 08:29:38.149631000,0.012631000,1
'2026-08-22 08:29:38.149645800,0.012645800,0
'2026-08-22 08:29:38.149657100,0.012657100,1
'2026-08-22 08:29:38.149671600,0.012671600,0
'2026-08-22 08:29:38.149680900,0.012680900,1
'2026-08-22 08:29:38.150115000,0.013115000,0
'2026-08-22 08:29:38.150126500,0.013126500,1
'2026-08-22 08:29:38.150141100,0.013141100,0
'2026-08-22 08:29:38.150152600,0.013152600,1
'2026-08-22 08:29:38.150167400,0.013167400,0
'2026-08-22 08:29:38.150167800,0.013167800,1
'2026-08-22 08:29:38.150167900,0.013167900,0
'2026-08-22 08:29:38.150178700,0.013178700,1
'2026-08-22 08:29:38.150193100,0.013193100,0
'2026-08-22 08:29:38.150204800,0.013204800,1
'2026-08-22 08:29:38.150219500,0.013219500,0
'2026-08-22 08:29:38.150230900,0.013230900,1
'2026-08-22 08:29:38.150245300,0.013245300,0
'2026-08-22 08:29:38.150256900,0.013256900,1
'2026-08-22 08:29:38.150271600,0.013271600,0
'2026-08-22 08:29:38.150271700,0.013271700,1
'2026-08-22 08:29:38.150271800,0.013271800,0
'2026-08-22 08:29:38.150283000,0.013283000,1
'2026-08-22 08:29:38.150298000,0.013298000,0
'2026-08-22 08:29:38.150309100,0.013309100,1
'2026-08-22 08:29:38.150323800,0.013323800,0
'2026-08-22 08:29:38.150335200,0.013335200,1
'2026-08-22 08:29:38.150350100,0.013350100,0
'2026-08-22 08:29:38.150361300,0.013361300,1
'2026-08-22 08:29:38.150375800,0.013375800,0
'2026-08-22 08:29:38.150387400,0.013387400,1
'2026-08-22 08:29:38.150402000,0.013402000,0
'2026-08-22 08:29:38.150413500,0.013413500,1
'2026-08-22 08:29:38.150428100,0.013428100,0
'2026-08-22 08:29:38.150428200,0.013428200,1
'2026-08-22 08:29:38.150428300,0.013428300,0
'2026-08-22 08:29:38.150428500,0.013428500,1
'2026-08-22 08:29:38.150428600,0.013428600,0
'2026-08-22 08:29:38.150439500,0.013439500,1
'2026-08-22 08:29:38.150454000,0.013454000,0
'2026-08-22 08:29:38.150465600,0.013465600,1
'2026-08-22 08:29:38.150480400,0.013480400,0
'2026-08-22 08:29:38.150491700,0.013491700,1
'2026-08-22 08:29:38.151716600,0.014716600,0
'2026-08-22 08:29:38.151717400,0.014717400,1
'2026-08-22 08:29:38.151731900,0.014731900,0
'2026-08-22 08:29:38.151743500,0.014743500,1
'2026-08-22 08:29:38.151758100,0.014758100,0
'2026-08-22 08:29:38.151764300,0.014764300,1
'2026-08-22 08:29:38.151764400,0.014764400,0
'2026-08-22 08:29:38.151769500,0.014769500,1
'2026-08-22 08:29:38.151784200,0.014784200,0
'2026-08-22 08:29:38.151795600,0.014795600,1
'2026-08-22 08:29:38.151810200,0.014810200,0
'2026-08-22 08:29:38.151821700,0.014821700,1
'2026-08-22 08:29:38.151836400,0.014836400,0
'2026-08-22 08:29:38.151847800,0.014847800,1
'2026-08-22 08:29:38.151862200,0.014862200,0
'2026-08-22 08:29:38.151873900,0.014873900,1
'2026-08-22 08:29:38.151888600,0.014888600,0
'2026-08-22 08:29:38.151888800,0.014888800,1
'2026-08-22 08:29:38.151888900,0.014888900,0
'2026-08-22 08:29:38.151900000,0.014900000,1
'2026-08-22 08:29:38.151914400,0.014914400,0
'2026-08-22 08:29:38.151926100,0.014926100,1
'2026-08-22 08:29:38.151940700,0.014940700,0
'2026-08-22 08:29:38.151940800,0.014940800,1
'2026-08-22 08:29:38.151940900,0.014940900,0
'2026-08-22 08:29:38.151952200,0.014952200,1
'2026-08-22 08:29:38.151966800,0.014966800,0
'2026-08-22 08:29:38.151978300,0.014978300,1
'2026-08-22 08:29:38.151992900,0.014992900,0
'2026-08-22 08:29:38.152004300,0.015004300,1
'2026-08-22 08:29:38.152019000,0.015019000,0
'2026-08-22 08:29:38.152030400,0.015030400,1
'2026-08-22 08:29:38.152045000,0.015045000,0
'2026-08-22 08:29:38.152056500,0.015056500,1
'2026-08-22 08:29:38.152071200,0.015071200,0
'2026-08-22 08:29:38.152082600,0.015082600,1
'2026-08-22 08:29:38.152097200,0.015097200,0
'2026-08-22 08:29:38.152108700,0.015108700,1
'2026-08-22 08:29:38.152123200,0.015123200,0
'2026-08-22 08:29:38.152126000,0.015126000,1
'2026-08-22 08:29:38.153331200,0.016331200,0
'2026-08-22 08:29:38.153334300,0.016334300,1
'2026-08-22 08:29:38.153348900,0.016348900,0
'2026-08-22 08:29:38.153360400,0.016360400,1
'2026-08-22 08:29:38.153375100,0.016375100,0
'2026-08-22 08:29:38.153375300,0.016375300,1
'2026-08-22 08:29:38.153375400,0.016375400,0
'2026-08-22 08:29:38.153386500,0.016386500,1
'2026-08-22 08:29:38.153401200,0.016401200,0
'2026-08-22 08:29:38.153412600,0.016412600,1
'2026-08-22 08:29:38.153427100,0.016427100,0
'2026-08-22 08:29:38.153438700,0.016438700,1
'2026-08-22 08:29:38.153453200,0.016453200,0
'2026-08-22 08:29:38.153464800,0.016464800,1
'2026-08-22 08:29:38.153479400,0.016479400,0
'2026-08-22 08:29:38.153490900,0.016490900,1
'2026-08-22 08:29:38.153505700,0.016505700,0
'2026-08-22 08:29:38.153517000,0.016517000,1
'2026-08-22 08:29:38.153531400,0.016531400,0
'2026-08-22 08:29:38.153538900,0.016538900,1
'2026-08-22 08:29:38.153539000,0.016539000,0
'2026-08-22 08:29:38.153543000,0.016543000,1
'2026-08-22 08:29:38.153557800,0.016557800,0
'2026-08-22 08:29:38.153569100,0.016569100,1
'2026-08-22 08:29:38.153583600,0.016583600,0
'2026-08-22 08:29:38.153588900,0.016588900,1
'2026-08-22 08:29:38.153589000,0.016589000,0
'2026-08-22 08:29:38.153595200,0.016595200,1
'2026-08-22 08:29:38.153610000,0.016610000,0
'2026-08-22 08:29:38.153621300,0.016621300,1
'2026-08-22 08:29:38.153636000,0.016636000,0
'2026-08-22 08:29:38.153636700,0.016636700,1
'2026-08-22 08:29:38.153636800,0.016636800,0
'2026-08-22 08:29:38.153637600,0.016637600,1
'2026-08-22 08:29:38.153637700,0.016637700,0
'2026-08-22 08:29:38.153647400,0.016647400,1
'2026-08-22 08:29:38.153661900,0.016661900,0
'2026-08-22 08:29:38.153669100,0.016669100,1
'2026-08-22 08:29:38.153669200,0.016669200,0
'2026-08-22 08:29:38.153673500,0.016673500,1
'2026-08-22 08:29:38.153688600,0.016688600,0
'2026-08-22 08:29:38.153688900,0.016688900,1
'2026-08-22 08:29:38.153689000,0.016689000,0
'2026-08-22 08:29:38.153689500,0.016689500,1
'2026-08-22 08:29:38.153689700,0.016689700,0
'2026-08-22 08:29:38.153699600,0.016699600,1
'2026-08-22 08:29:38.153713900,0.016713900,0
'2026-08-22 08:29:38.153725700,0.016725700,1
'2026-08-22 08:29:38.154157600,0.017157600,0
'2026-08-22 08:29:38.154169000,0.017169000,1
'2026-08-22 08:29:38.154183500,0.017183500,0
'2026-08-22 08:29:38.154195100,0.017195100,1
'2026-08-22 08:29:38.154209600,0.017209600,0
'2026-08-22 08:29:38.154209900,0.017209900,1
'2026-08-22 08:29:38.154210000,0.017210000,0
'2026-08-22 08:29:38.154221100,0.017221100,1
'2026-08-22 08:29:38.154235800,0.017235800,0
'2026-08-22 08:29:38.154247300,0.017247300,1
'2026-08-22 08:29:38.154262000,0.017262000,0
'2026-08-22 08:29:38.154262100,0.017262100,1
'2026-08-22 08:29:38.154262200,0.017262200,0
'2026-08-22 08:29:38.154262400,0.017262400,1
'2026-08-22 08:29:38.154262500,0.017262500,0
'2026-08-22 08:29:38.154273300,0.017273300,1
'2026-08-22 08:29:38.154287700,0.017287700,0
'2026-08-22 08:29:38.154299400,0.017299400,1
'2026-08-22 08:29:38.154314100,0.017314100,0
'2026-08-22 08:29:38.154325500,0.017325500,1
'2026-08-22 08:29:38.154340300,0.017340300,0
'2026-08-22 08:29:38.154351600,0.017351600,1
'2026-08-22 08:29:38.154366100,0.017366100,0
'2026-08-22 08:29:38.154371100,0.017371100,1
'2026-08-22 08:29:38.154371200,0.017371200,0
'2026-08-22 08:29:38.154377700,0.017377700,1
'2026-08-22 08:29:38.154392400,0.017392400,0
'2026-08-22 08:29:38.154403800,0.017403800,1
'2026-08-22 08:29:38.154418200,0.017418200,0
'2026-08-22 08:29:38.154421900,0.017421900,1
'2026-08-22 08:29:38.154422000,0.017422000,0
'2026-08-22 08:29:38.154429900,0.017429900,1
'2026-08-22 08:29:38.154444900,0.017444900,0
'2026-08-22 08:29:38.154452300,0.017452300,1
'2026-08-22 08:29:38.154452400,0.017452400,0
'2026-08-22 08:29:38.154455900,0.017455900,1
'2026-08-22 08:29:38.154470500,0.017470500,0
'2026-08-22 08:29:38.154482000,0.017482000,1
'2026-08-22 08:29:38.154496800,0.017496800,0
'2026-08-22 08:29:38.154508100,0.017508100,1
'2026-08-22 08:29:38.154522800,0.017522800,0
'2026-08-22 08:29:38.154534200,0.017534200,1
'2026-08-22 08:29:38.154548800,0.017548800,0
'2026-08-22 08:29:38.154560300,0.017560300,1
'2026-08-22 08:29:38.154992200,0.017992200,0
'2026-08-22 08:29:38.155003600,0.018003600,1
'2026-08-22 08:29:38.155018100,0.018018100,0
'2026-08-22 08:29:38.155018200,0.018018200,1
'2026-08-22 08:29:38.155018400,0.018018400,0
'2026-08-22 08:29:38.155029700,0.018029700,1
'2026-08-22 08:29:38.155044600,0.018044600,0
'2026-08-22 08:29:38.155055800,0.018055800,1
'2026-08-22 08:29:38.155070400,0.018070400,0
'2026-08-22 08:29:38.155081900,0.018081900,1
'2026-08-22 08:29:38.155096600,0.018096600,0
'2026-08-22 08:29:38.155097500,0.018097500,1
'2026-08-22 08:29:38.155097600,0.018097600,0
'2026-08-22 08:29:38.155108000,0.018108000,1
'2026-08-22 08:29:38.155122400,0.018122400,0
'2026-08-22 08:29:38.155134000,0.018134000,1
'2026-08-22 08:29:38.155148600,0.018148600,0
'2026-08-22 08:29:38.155148900,0.018148900,1
'2026-08-22 08:29:38.155149000,0.018149000,0
'2026-08-22 08:29:38.155160100,0.018160100,1
'2026-08-22 08:29:38.155174900,0.018174900,0
'2026-08-22 08:29:38.155186200,0.018186200,1
'2026-08-22 08:29:38.155200900,0.018200900,0
'2026-08-22 08:29:38.155212300,0.018212300,1
'2026-08-22 08:29:38.155227400,0.018227400,0
'2026-08-22 08:29:38.155227500,0.018227500,1
'2026-08-22 08:29:38.155227600,0.018227600,0
'2026-08-22 08:29:38.155238400,0.018238400,1
'2026-08-22 08:29:38.155252900,0.018252900,0
'2026-08-22 08:29:38.155264500,0.018264500,1
'2026-08-22 08:29:38.155279200,0.018279200,0
'2026-08-22 08:29:38.155279600,0.018279600,1
'2026-08-22 08:29:38.155279700,0.018279700,0
'2026-08-22 08:29:38.155285500,0.018285500,1
'2026-08-22 08:29:38.155285600,0.018285600,0
'2026-08-22 08:29:38.155290600,0.018290600,1
'2026-08-22 08:29:38.155305200,0.018305200,0
'2026-08-22 08:29:38.155305300,0.018305300,1
'2026-08-22 08:29:38.155305400,0.018305400,0
'2026-08-22 08:29:38.155316700,0.018316700,1
'2026-08-22 08:29:38.155331200,0.018331200,0
'2026-08-22 08:29:38.155332300,0.018332300,1
'2026-08-22 08:29:38.155332400,0.018332400,0
'2026-08-22 08:29:38.155342700,0.018342700,1
'2026-08-22 08:29:38.155357400,0.018357400,0
'2026-08-22 08:29:38.155357900,0.018357900,1
'2026-08-22 08:29:38.155358000,0.018358000,0
'2026-08-22 08:29:38.155368800,0.018368800,1
'2026-08-22 08:29:38.155383400,0.018383400,0
'2026-08-22 08:29:38.155387600,0.018387600,1
'2026-08-22 08:29:38.155801400,0.018801400,0
'2026-08-22 08:29:38.155801600,0.018801600,1
'2026-08-22 08:29:38.155801700,0.018801700,0
'2026-08-22 08:29:38.155812100,0.018812100,1
'2026-08-22 08:29:38.155826800,0.018826800,0
'2026-08-22 08:29:38.155838200,0.018838200,1
'2026-08-22 08:29:38.155853000,0.018853000,0
'2026-08-22 08:29:38.155864300,0.018864300,1
'2026-08-22 08:29:38.155879000,0.018879000,0
'2026-08-22 08:29:38.155879200,0.018879200,1
'2026-08-22 08:29:38.155879300,0.018879300,0
'2026-08-22 08:29:38.155890400,0.018890400,1
'2026-08-22 08:29:38.155905000,0.018905000,0
'2026-08-22 08:29:38.155916500,0.018916500,1
'2026-08-22 08:29:38.155931300,0.018931300,0
'2026-08-22 08:29:38.155931700,0.018931700,1
'2026-08-22 08:29:38.155931800,0.018931800,0
'2026-08-22 08:29:38.155942600,0.018942600,1
'2026-08-22 08:29:38.155957200,0.018957200,0
'2026-08-22 08:29:38.155957300,0.018957300,1
'2026-08-22 08:29:38.155957500,0.018957500,0
'2026-08-22 08:29:38.155968700,0.018968700,1
'2026-08-22 08:29:38.155983300,0.018983300,0
'2026-08-22 08:29:38.155994800,0.018994800,1
'2026-08-22 08:29:38.156009600,0.019009600,0
'2026-08-22 08:29:38.156009900,0.019009900,1
'2026-08-22 08:29:38.156010000,0.019010000,0
'2026-08-22 08:29:38.156011700,0.019011700,1
'2026-08-22 08:29:38.156011800,0.019011800,0
'2026-08-22 08:29:38.156019300,0.019019300,1
'2026-08-22 08:29:38.156019400,0.019019400,0
'2026-08-22 08:29:38.156020100,0.019020100,1
'2026-08-22 08:29:38.156020200,0.019020200,0
'2026-08-22 08:29:38.156020900,0.019020900,1
'2026-08-22 08:29:38.156035300,0.019035300,0
'2026-08-22 08:29:38.156040300,0.019040300,1
'2026-08-22 08:29:38.156040400,0.019040400,0
'2026-08-22 08:29:38.156047000,0.019047000,1
'2026-08-22 08:29:38.156061700,0.019061700,0
'2026-08-22 08:29:38.156073000,0.019073000,1
'2026-08-22 08:29:38.156087700,0.019087700,0
'2026-08-22 08:29:38.156099100,0.019099100,1
'2026-08-22 08:29:38.156113600,0.019113600,0
'2026-08-22 08:29:38.156113700,0.019113700,1
'2026-08-22 08:29:38.156113800,0.019113800,0
'2026-08-22 08:29:38.156114500,0.019114500,1
'2026-08-22 08:29:38.156114700,0.019114700,0
'2026-08-22 08:29:38.156125200,0.019125200,1
'2026-08-22 08:29:38.156139800,0.019139800,0
'2026-08-22 08:29:38.156151300,0.019151300,1
'2026-08-22 08:29:38.156166000,0.019166000,0
'2026-08-22 08:29:38.156177400,0.019177400,1
'2026-08-22 08:29:38.156192000,0.019192000,0
'2026-08-22 08:29:38.156192100,0.019192100,1
'2026-08-22 08:29:38.156192300,0.019192300,0
'2026-08-22 08:29:38.156203500,0.019203500,1
'2026-08-22 08:29:38.157423300,0.020423300,0
'2026-08-22 08:29:38.157429100,0.020429100,1
'2026-08-22 08:29:38.157443600,0.020443600,0
'2026-08-22 08:29:38.157455300,0.020455300,1
'2026-08-22 08:29:38.157470100,0.020470100,0
'2026-08-22 08:29:38.157470500,0.020470500,1
'2026-08-22 08:29:38.157470600,0.020470600,0
'2026-08-22 08:29:38.157481300,0.020481300,1
'2026-08-22 08:29:38.157495800,0.020495800,0
'2026-08-22 08:29:38.157507400,0.020507400,1
'2026-08-22 08:29:38.157522100,0.020522100,0
'2026-08-22 08:29:38.157529600,0.020529600,1
'2026-08-22 08:29:38.157529700,0.020529700,0
'2026-08-22 08:29:38.157533500,0.020533500,1
'2026-08-22 08:29:38.157548100,0.020548100,0
'2026-08-22 08:29:38.157548200,0.020548200,1
'2026-08-22 08:29:38.157548300,0.020548300,0
'2026-08-22 08:29:38.157559600,0.020559600,1
'2026-08-22 08:29:38.157574100,0.020574100,0
'2026-08-22 08:29:38.157585700,0.020585700,1
'2026-08-22 08:29:38.157600400,0.020600400,0
'2026-08-22 08:29:38.157611800,0.020611800,1
'2026-08-22 08:29:38.157626400,0.020626400,0
'2026-08-22 08:29:38.157626500,0.020626500,1
'2026-08-22 08:29:38.157626600,0.020626600,0
'2026-08-22 08:29:38.157637900,0.020637900,1
'2026-08-22 08:29:38.157652400,0.020652400,0
'2026-08-22 08:29:38.157663900,0.020663900,1
'2026-08-22 08:29:38.157678600,0.020678600,0
'2026-08-22 08:29:38.157679000,0.020679000,1
'2026-08-22 08:29:38.157679100,0.020679100,0
'2026-08-22 08:29:38.157690000,0.020690000,1
'2026-08-22 08:29:38.157704700,0.020704700,0
'2026-08-22 08:29:38.157716100,0.020716100,1
'2026-08-22 08:29:38.157730800,0.020730800,0
'2026-08-22 08:29:38.157730900,0.020730900,1
'2026-08-22 08:29:38.157731000,0.020731000,0
'2026-08-22 08:29:38.157731500,0.020731500,1
'2026-08-22 08:29:38.157731600,0.020731600,0
'2026-08-22 08:29:38.157742200,0.020742200,1
'2026-08-22 08:29:38.157756800,0.020756800,0
'2026-08-22 08:29:38.157768300,0.020768300,1
'2026-08-22 08:29:38.157783000,0.020783000,0
'2026-08-22 08:29:38.157794400,0.020794400,1
'2026-08-22 08:29:38.157809300,0.020809300,0
'2026-08-22 08:29:38.157809800,0.020809800,1
'2026-08-22 08:29:38.157809900,0.020809900,0
'2026-08-22 08:29:38.157820500,0.020820500,1
'2026-08-22 08:29:38.159038200,0.022038200,0
'2026-08-22 08:29:38.159046100,0.022046100,1
'2026-08-22 08:29:38.159060800,0.022060800,0
'2026-08-22 08:29:38.159067000,0.022067000,1
'2026-08-22 08:29:38.159067100,0.022067100,0
'2026-08-22 08:29:38.159072200,0.022072200,1
'2026-08-22 08:29:38.159086900,0.022086900,0
'2026-08-22 08:29:38.159098300,0.022098300,1
'2026-08-22 08:29:38.159112800,0.022112800,0
'2026-08-22 08:29:38.159124400,0.022124400,1
'2026-08-22 08:29:38.159139100,0.022139100,0
'2026-08-22 08:29:38.159150500,0.022150500,1
'2026-08-22 08:29:38.159165200,0.022165200,0
'2026-08-22 08:29:38.159166900,0.022166900,1
'2026-08-22 08:29:38.159167000,0.022167000,0
'2026-08-22 08:29:38.159176600,0.022176600,1
'2026-08-22 08:29:38.159191200,0.022191200,0
'2026-08-22 08:29:38.159199500,0.022199500,1
'2026-08-22 08:29:38.159199600,0.022199600,0
'2026-08-22 08:29:38.159202700,0.022202700,1
'2026-08-22 08:29:38.159217800,0.022217800,0
'2026-08-22 08:29:38.159228700,0.022228700,1
'2026-08-22 08:29:38.159243200,0.022243200,0
'2026-08-22 08:29:38.159248500,0.022248500,1
'2026-08-22 08:29:38.159248600,0.022248600,0
'2026-08-22 08:29:38.159249700,0.022249700,1
'2026-08-22 08:29:38.159249800,0.022249800,0
'2026-08-22 08:29:38.159254800,0.022254800,1
'2026-08-22 08:29:38.159269900,0.022269900,0
'2026-08-22 08:29:38.159270000,0.022270000,1
'2026-08-22 08:29:38.159270300,0.022270300,0
'2026-08-22 08:29:38.159280900,0.022280900,1
'2026-08-22 08:29:38.159295400,0.022295400,0
'2026-08-22 08:29:38.159298800,0.022298800,1
'2026-08-22 08:29:38.159298900,0.022298900,0
'2026-08-22 08:29:38.159299300,0.022299300,1
'2026-08-22 08:29:38.159299400,0.022299400,0
'2026-08-22 08:29:38.159307000,0.022307000,1
'2026-08-22 08:29:38.159322000,0.022322000,0
'2026-08-22 08:29:38.159333100,0.022333100,1
'2026-08-22 08:29:38.159347900,0.022347900,0
'2026-08-22 08:29:38.159359200,0.022359200,1
'2026-08-22 08:29:38.159373700,0.022373700,0
'2026-08-22 08:29:38.159385300,0.022385300,1
'2026-08-22 08:29:38.159399900,0.022399900,0
'2026-08-22 08:29:38.159411400,0.022411400,1
'2026-08-22 08:29:38.159425800,0.022425800,0
'2026-08-22 08:29:38.159437400,0.022437400,1
'2026-08-22 08:29:38.159869400,0.022869400,0
'2026-08-22 08:29:38.159870400,0.022870400,1
'2026-08-22 08:29:38.159870500,0.022870500,0
'2026-08-22 08:29:38.159880800,0.022880800,1
'2026-08-22 08:29:38.159895300,0.022895300,0
'2026-08-22 08:29:38.159895500,0.022895500,1
'2026-08-22 08:29:38.159895600,0.022895600,0
'2026-08-22 08:29:38.159906900,0.022906900,1
'2026-08-22 08:29:38.159922000,0.022922000,0
'2026-08-22 08:29:38.159922300,0.022922300,1
'2026-08-22 08:29:38.159922500,0.022922500,0
'2026-08-22 08:29:38.159922900,0.022922900,1
'2026-08-22 08:29:38.159923000,0.022923000,0
'2026-08-22 08:29:38.159931700,0.022931700,1
'2026-08-22 08:29:38.159931800,0.022931800,0
'2026-08-22 08:29:38.159932900,0.022932900,1
'2026-08-22 08:29:38.159947400,0.022947400,0
'2026-08-22 08:29:38.159951500,0.022951500,1
'2026-08-22 08:29:38.159951600,0.022951600,0
'2026-08-22 08:29:38.159959000,0.022959000,1
'2026-08-22 08:29:38.159973900,0.022973900,0
'2026-08-22 08:29:38.159985100,0.022985100,1
'2026-08-22 08:29:38.159999600,0.022999600,0
'2026-08-22 08:29:38.160011200,0.023011200,1
'2026-08-22 08:29:38.160026000,0.023026000,0
'2026-08-22 08:29:38.160037300,0.023037300,1
'2026-08-22 08:29:38.160052000,0.023052000,0
'2026-08-22 08:29:38.160063400,0.023063400,1
'2026-08-22 08:29:38.160077900,0.023077900,0
'2026-08-22 08:29:38.160089500,0.023089500,1
'2026-08-22 08:29:38.160104300,0.023104300,0
'2026-08-22 08:29:38.160104500,0.023104500,1
'2026-08-22 08:29:38.160104600,0.023104600,0
'2026-08-22 08:29:38.160115600,0.023115600,1
'2026-08-22 08:29:38.160130200,0.023130200,0
'2026-08-22 08:29:38.160141600,0.023141600,1
'2026-08-22 08:29:38.160156200,0.023156200,0
'2026-08-22 08:29:38.160167700,0.023167700,1
'2026-08-22 08:29:38.160182800,0.023182800,0
'2026-08-22 08:29:38.160182900,0.023182900,1
'2026-08-22 08:29:38.160183000,0.023183000,0
'2026-08-22 08:29:38.160183200,0.023183200,1
'2026-08-22 08:29:38.160183300,0.023183300,0
'2026-08-22 08:29:38.160193800,0.023193800,1
'2026-08-22 08:29:38.160208500,0.023208500,0
'2026-08-22 08:29:38.160212500,0.023212500,1
'2026-08-22 08:29:38.160212600,0.023212600,0
'2026-08-22 08:29:38.160219900,0.023219900,1
'2026-08-22 08:29:38.160234900,0.023234900,0
'2026-08-22 08:29:38.160246000,0.023246000,1
'2026-08-22 08:29:38.160260600,0.023260600,0
'2026-08-22 08:29:38.160271000,0.023271000,1
'2026-08-22 08:29:38.160685100,0.023685100,0
'2026-08-22 08:29:38.160689300,0.023689300,1
'2026-08-22 08:29:38.160703900,0.023703900,0
'2026-08-22 08:29:38.160704100,0.023704100,1
'2026-08-22 08:29:38.160704200,0.023704200,0
'2026-08-22 08:29:38.160715400,0.023715400,1
'2026-08-22 08:29:38.160730000,0.023730000,0
'2026-08-22 08:29:38.160741500,0.023741500,1
'2026-08-22 08:29:38.160756200,0.023756200,0
'2026-08-22 08:29:38.160767600,0.023767600,1
'2026-08-22 08:29:38.160782300,0.023782300,0
'2026-08-22 08:29:38.160793700,0.023793700,1
'2026-08-22 08:29:38.160808400,0.023808400,0
'2026-08-22 08:29:38.160819800,0.023819800,1
'2026-08-22 08:29:38.160834600,0.023834600,0
'2026-08-22 08:29:38.160835500,0.023835500,1
'2026-08-22 08:29:38.160835600,0.023835600,0
'2026-08-22 08:29:38.160845900,0.023845900,1
'2026-08-22 08:29:38.160860400,0.023860400,0
'2026-08-22 08:29:38.160871900,0.023871900,1
'2026-08-22 08:29:38.160886600,0.023886600,0
'2026-08-22 08:29:38.160898000,0.023898000,1
'2026-08-22 08:29:38.160912600,0.023912600,0
'2026-08-22 08:29:38.160920700,0.023920700,1
'2026-08-22 08:29:38.160920800,0.023920800,0
'2026-08-22 08:29:38.160924100,0.023924100,1
'2026-08-22 08:29:38.160938800,0.023938800,0
'2026-08-22 08:29:38.160938900,0.023938900,1
'2026-08-22 08:29:38.160939000,0.023939000,0
'2026-08-22 08:29:38.160950200,0.023950200,1
'2026-08-22 08:29:38.160965000,0.023965000,0
'2026-08-22 08:29:38.160965100,0.023965100,1
'2026-08-22 08:29:38.160965300,0.023965300,0
'2026-08-22 08:29:38.160976300,0.023976300,1
'2026-08-22 08:29:38.160991000,0.023991000,0
'2026-08-22 08:29:38.161002400,0.024002400,1
'2026-08-22 08:29:38.161017300,0.024017300,0
'2026-08-22 08:29:38.161028500,0.024028500,1
'2026-08-22 08:29:38.161043100,0.024043100,0
'2026-08-22 08:29:38.161054600,0.024054600,1
'2026-08-22 08:29:38.161069300,0.024069300,0
'2026-08-22 08:29:38.161080600,0.024080600,1
'2026-08-22 08:29:38.161512400,0.024512400,0
'2026-08-22 08:29:38.161524000,0.024524000,1
'2026-08-22 08:29:38.161538600,0.024538600,0
'2026-08-22 08:29:38.161550100,0.024550100,1
'2026-08-22 08:29:38.161564800,0.024564800,0
'2026-08-22 08:29:38.161576200,0.024576200,1
'2026-08-22 08:29:38.161590800,0.024590800,0
'2026-08-22 08:29:38.161594500,0.024594500,1
'2026-08-22 08:29:38.161594600,0.024594600,0
'2026-08-22 08:29:38.161602300,0.024602300,1
'2026-08-22 08:29:38.161617000,0.024617000,0
'2026-08-22 08:29:38.161618200,0.024618200,1
'2026-08-22 08:29:38.161619100,0.024619100,0
'2026-08-22 08:29:38.161620500,0.024620500,1
'2026-08-22 08:29:38.161621000,0.024621000,0
'2026-08-22 08:29:38.161622500,0.024622500,1
'2026-08-22 08:29:38.161622700,0.024622700,0
'2026-08-22 08:29:38.161628300,0.024628300,1
'2026-08-22 08:29:38.161643100,0.024643100,0
'2026-08-22 08:29:38.161654400,0.024654400,1
'2026-08-22 08:29:38.161669000,0.024669000,0
'2026-08-22 08:29:38.161680500,0.024680500,1
'2026-08-22 08:29:38.161695200,0.024695200,0
'2026-08-22 08:29:38.161706600,0.024706600,1
'2026-08-22 08:29:38.161721400,0.024721400,0
'2026-08-22 08:29:38.161732700,0.024732700,1
'2026-08-22 08:29:38.161747300,0.024747300,0
'2026-08-22 08:29:38.161758800,0.024758800,1
'2026-08-22 08:29:38.161773400,0.024773400,0
'2026-08-22 08:29:38.161784900,0.024784900,1
'2026-08-22 08:29:38.161799600,0.024799600,0
'2026-08-22 08:29:38.161811000,0.024811000,1
'2026-08-22 08:29:38.161825900,0.024825900,0
'2026-08-22 08:29:38.161837100,0.024837100,1
'2026-08-22 08:29:38.161851800,0.024851800,0
'2026-08-22 08:29:38.161852100,0.024852100,1
'2026-08-22 08:29:38.161852200,0.024852200,0
'2026-08-22 08:29:38.161863100,0.024863100,1
'2026-08-22 08:29:38.161877900,0.024877900,0
'2026-08-22 08:29:38.161889200,0.024889200,1
'2026-08-22 08:29:38.161903900,0.024903900,0
'2026-08-22 08:29:38.161904900,0.024904900,1
'2026-08-22 08:29:38.161905000,0.024905000,0
'2026-08-22 08:29:38.161915300,0.024915300,1
'2026-08-22 08:29:38.162347400,0.025347400,0
'2026-08-22 08:29:38.162347500,0.025347500,1
'2026-08-22 08:29:38.162347700,0.025347700,0
'2026-08-22 08:29:38.162358600,0.025358600,1
'2026-08-22 08:29:38.162373200,0.025373200,0
'2026-08-22 08:29:38.162373300,0.025373300,1
'2026-08-22 08:29:38.162373400,0.025373400,0
'2026-08-22 08:29:38.162384700,0.025384700,1
'2026-08-22 08:29:38.162399300,0.025399300,0
'2026-08-22 08:29:38.162410800,0.025410800,1
'2026-08-22 08:29:38.162425600,0.025425600,0
'2026-08-22 08:29:38.162426500,0.025426500,1
'2026-08-22 08:29:38.162426600,0.025426600,0
'2026-08-22 08:29:38.162428200,0.025428200,1
'2026-08-22 08:29:38.162428300,0.025428300,0
'2026-08-22 08:29:38.162436900,0.025436900,1
'2026-08-22 08:29:38.162451400,0.025451400,0
'2026-08-22 08:29:38.162463000,0.025463000,1
'2026-08-22 08:29:38.162477700,0.025477700,0
'2026-08-22 08:29:38.162477900,0.025477900,1
'2026-08-22 08:29:38.162478000,0.025478000,0
'2026-08-22 08:29:38.162489100,0.025489100,1
'2026-08-22 08:29:38.162503700,0.025503700,0
'2026-08-22 08:29:38.162506500,0.025506500,1
'2026-08-22 08:29:38.162506600,0.025506600,0
'2026-08-22 08:29:38.162506800,0.025506800,1
'2026-08-22 08:29:38.162506900,0.025506900,0
'2026-08-22 08:29:38.162507700,0.025507700,1
'2026-08-22 08:29:38.162507800,0.025507800,0
'2026-08-22 08:29:38.162508300,0.025508300,1
'2026-08-22 08:29:38.162508400,0.025508400,0
'2026-08-22 08:29:38.162515200,0.025515200,1
'2026-08-22 08:29:38.162530000,0.025530000,0
'2026-08-22 08:29:38.162541300,0.025541300,1
'2026-08-22 08:29:38.162556000,0.025556000,0
'2026-08-22 08:29:38.162567400,0.025567400,1
'2026-08-22 08:29:38.162581800,0.025581800,0
'2026-08-22 08:29:38.162581900,0.025581900,1
'2026-08-22 08:29:38.162582000,0.025582000,0
'2026-08-22 08:29:38.162584800,0.025584800,1
'2026-08-22 08:29:38.162584900,0.025584900,0
'2026-08-22 08:29:38.162587100,0.025587100,1
'2026-08-22 08:29:38.162587200,0.025587200,0
'2026-08-22 08:29:38.162593400,0.025593400,1
'2026-08-22 08:29:38.162608300,0.025608300,0
'2026-08-22 08:29:38.162619500,0.025619500,1
'2026-08-22 08:29:38.162634200,0.025634200,0
'2026-08-22 08:29:38.162634300,0.025634300,1
'2026-08-22 08:29:38.162634400,0.025634400,0
'2026-08-22 08:29:38.162634500,0.025634500,1
'2026-08-22 08:29:38.162634600,0.025634600,0
'2026-08-22 08:29:38.162635600,0.025635600,1
'2026-08-22 08:29:38.162635800,0.025635800,0
'2026-08-22 08:29:38.162636800,0.025636800,1
'2026-08-22 08:29:38.162636900,0.025636900,0
'2026-08-22 08:29:38.162645600,0.025645600,1
'2026-08-22 08:29:38.162660300,0.025660300,0
'2026-08-22 08:29:38.162671700,0.025671700,1
'2026-08-22 08:29:38.162686800,0.025686800,0
'2026-08-22 08:29:38.162686900,0.025686900,1
'2026-08-22 08:29:38.162687000,0.025687000,0
'2026-08-22 08:29:38.162697800,0.025697800,1
'2026-08-22 08:29:38.162712300,0.025712300,0
'2026-08-22 08:29:38.162723900,0.025723900,1
'2026-08-22 08:29:38.162739100,0.025739100,0
'2026-08-22 08:29:38.162741500,0.025741500,1
'2026-08-22 08:29:38.163155700,0.026155700,0
'2026-08-22 08:29:38.163167200,0.026167200,1
'2026-08-22 08:29:38.163182000,0.026182000,0
'2026-08-22 08:29:38.163193300,0.026193300,1
'2026-08-22 08:29:38.163208000,0.026208000,0
'2026-08-22 08:29:38.163208100,0.026208100,1
'2026-08-22 08:29:38.163208200,0.026208200,0
'2026-08-22 08:29:38.163210200,0.026210200,1
'2026-08-22 08:29:38.163210300,0.026210300,0
'2026-08-22 08:29:38.163219400,0.026219400,1
'2026-08-22 08:29:38.163234100,0.026234100,0
'2026-08-22 08:29:38.163245500,0.026245500,1
'2026-08-22 08:29:38.163260000,0.026260000,0
'2026-08-22 08:29:38.163260100,0.026260100,1
'2026-08-22 08:29:38.163260200,0.026260200,0
'2026-08-22 08:29:38.163271600,0.026271600,1
'2026-08-22 08:29:38.163286200,0.026286200,0
'2026-08-22 08:29:38.163287000,0.026287000,1
'2026-08-22 08:29:38.163287100,0.026287100,0
'2026-08-22 08:29:38.163297700,0.026297700,1
'2026-08-22 08:29:38.163312400,0.026312400,0
'2026-08-22 08:29:38.163323800,0.026323800,1
'2026-08-22 08:29:38.163338500,0.026338500,0
'2026-08-22 08:29:38.163338700,0.026338700,1
'2026-08-22 08:29:38.163338800,0.026338800,0
'2026-08-22 08:29:38.163349900,0.026349900,1
'2026-08-22 08:29:38.163364400,0.026364400,0
'2026-08-22 08:29:38.163376000,0.026376000,1
'2026-08-22 08:29:38.163390800,0.026390800,0
'2026-08-22 08:29:38.163390900,0.026390900,1
'2026-08-22 08:29:38.163391100,0.026391100,0
'2026-08-22 08:29:38.163391500,0.026391500,1
'2026-08-22 08:29:38.163391600,0.026391600,0
'2026-08-22 08:29:38.163402000,0.026402000,1
'2026-08-22 08:29:38.163416600,0.026416600,0
'2026-08-22 08:29:38.163428100,0.026428100,1
'2026-08-22 08:29:38.163443200,0.026443200,0
'2026-08-22 08:29:38.163454200,0.026454200,1
'2026-08-22 08:29:38.163468800,0.026468800,0
'2026-08-22 08:29:38.163480300,0.026480300,1
'2026-08-22 08:29:38.163495100,0.026495100,0
'2026-08-22 08:29:38.163506400,0.026506400,1
'2026-08-22 08:29:38.163521300,0.026521300,0
'2026-08-22 08:29:38.163532500,0.026532500,1
'2026-08-22 08:29:38.163547000,0.026547000,0
'2026-08-22 08:29:38.163558600,0.026558600,1
'2026-08-22 08:29:38.163990400,0.026990400,0
'2026-08-22 08:29:38.164001900,0.027001900,1
'2026-08-22 08:29:38.164016800,0.027016800,0
'2026-08-22 08:29:38.164028000,0.027028000,1
'2026-08-22 08:29:38.164042600,0.027042600,0
'2026-08-22 08:29:38.164054100,0.027054100,1
'2026-08-22 08:29:38.164069000,0.027069000,0
'2026-08-22 08:29:38.164080200,0.027080200,1
'2026-08-22 08:29:38.164094800,0.027094800,0
'2026-08-22 08:29:38.164106300,0.027106300,1
'2026-08-22 08:29:38.164121000,0.027121000,0
'2026-08-22 08:29:38.164132400,0.027132400,1
'2026-08-22 08:29:38.164147400,0.027147400,0
'2026-08-22 08:29:38.164148300,0.027148300,1
'2026-08-22 08:29:38.164148400,0.027148400,0
'2026-08-22 08:29:38.164158500,0.027158500,1
'2026-08-22 08:29:38.164173000,0.027173000,0
'2026-08-22 08:29:38.164184600,0.027184600,1
'2026-08-22 08:29:38.164199400,0.027199400,0
'2026-08-22 08:29:38.164210700,0.027210700,1
'2026-08-22 08:29:38.164225400,0.027225400,0
'2026-08-22 08:29:38.164225500,0.027225500,1
'2026-08-22 08:29:38.164225600,0.027225600,0
'2026-08-22 08:29:38.164225700,0.027225700,1
'2026-08-22 08:29:38.164225800,0.027225800,0
'2026-08-22 08:29:38.164226100,0.027226100,1
'2026-08-22 08:29:38.164226200,0.027226200,0
'2026-08-22 08:29:38.164227300,0.027227300,1
'2026-08-22 08:29:38.164227400,0.027227400,0
'2026-08-22 08:29:38.164236500,0.027236500,1
'2026-08-22 08:29:38.164236600,0.027236600,0
'2026-08-22 08:29:38.164236700,0.027236700,1
'2026-08-22 08:29:38.164251400,0.027251400,0
'2026-08-22 08:29:38.164262800,0.027262800,1
'2026-08-22 08:29:38.164277800,0.027277800,0
'2026-08-22 08:29:38.164277900,0.027277900,1
'2026-08-22 08:29:38.164278200,0.027278200,0
'2026-08-22 08:29:38.164288900,0.027288900,1
'2026-08-22 08:29:38.164303500,0.027303500,0
'2026-08-22 08:29:38.164304300,0.027304300,1
'2026-08-22 08:29:38.164304400,0.027304400,0
'2026-08-22 08:29:38.164315000,0.027315000,1
'2026-08-22 08:29:38.164329800,0.027329800,0
'2026-08-22 08:29:38.164341100,0.027341100,1
'2026-08-22 08:29:38.164355900,0.027355900,0
'2026-08-22 08:29:38.164356300,0.027356300,1
'2026-08-22 08:29:38.164356400,0.027356400,0
'2026-08-22 08:29:38.164367200,0.027367200,1
'2026-08-22 08:29:38.164381800,0.027381800,0
'2026-08-22 08:29:38.164388700,0.027388700,1
'2026-08-22 08:29:38.164803300,0.027803300,0
'2026-08-22 08:29:38.164810500,0.027810500,1
'2026-08-22 08:29:38.164825100,0.027825100,0
'2026-08-22 08:29:38.164836600,0.027836600,1
'2026-08-22 08:29:38.164851400,0.027851400,0
'2026-08-22 08:29:38.164862700,0.027862700,1
'2026-08-22 08:29:38.164877400,0.027877400,0
'2026-08-22 08:29:38.164888800,0.027888800,1
'2026-08-22 08:29:38.164903500,0.027903500,0
'2026-08-22 08:29:38.164903600,0.027903600,1
'2026-08-22 08:29:38.164903700,0.027903700,0
'2026-08-22 08:29:38.164914900,0.027914900,1
'2026-08-22 08:29:38.164929500,0.027929500,0
'2026-08-22 08:29:38.164941000,0.027941000,1
'2026-08-22 08:29:38.164955500,0.027955500,0
'2026-08-22 08:29:38.164967100,0.027967100,1
'2026-08-22 08:29:38.164982200,0.027982200,0
'2026-08-22 08:29:38.164993200,0.027993200,1
'2026-08-22 08:29:38.165007700,0.028007700,0
'2026-08-22 08:29:38.165019300,0.028019300,1
'2026-08-22 08:29:38.165033800,0.028033800,0
'2026-08-22 08:29:38.165045400,0.028045400,1
'2026-08-22 08:29:38.165060200,0.028060200,0
'2026-08-22 08:29:38.165060700,0.028060700,1
'2026-08-22 08:29:38.165060800,0.028060800,0
'2026-08-22 08:29:38.165063200,0.028063200,1
'2026-08-22 08:29:38.165063300,0.028063300,0
'2026-08-22 08:29:38.165071400,0.028071400,1
'2026-08-22 08:29:38.165085900,0.028085900,0
'2026-08-22 08:29:38.165092800,0.028092800,1
'2026-08-22 08:29:38.165093000,0.028093000,0
'2026-08-22 08:29:38.165097500,0.028097500,1
'2026-08-22 08:29:38.165112800,0.028112800,0
'2026-08-22 08:29:38.165112900,0.028112900,1
'2026-08-22 08:29:38.165113000,0.028113000,0
'2026-08-22 08:29:38.165119700,0.028119700,1
'2026-08-22 08:29:38.165119800,0.028119800,0
'2026-08-22 08:29:38.165123600,0.028123600,1
'2026-08-22 08:29:38.165138200,0.028138200,0
'2026-08-22 08:29:38.165142400,0.028142400,1
'2026-08-22 08:29:38.165142500,0.028142500,0
'2026-08-22 08:29:38.165149700,0.028149700,1
'2026-08-22 08:29:38.165164400,0.028164400,0
'2026-08-22 08:29:38.165164700,0.028164700,1
'2026-08-22 08:29:38.165164800,0.028164800,0
'2026-08-22 08:29:38.165175800,0.028175800,1
'2026-08-22 08:29:38.165190500,0.028190500,0
'2026-08-22 08:29:38.165201900,0.028201900,1
'2026-08-22 08:29:38.165634000,0.028634000,0
'2026-08-22 08:29:38.165634400,0.028634400,1
'2026-08-22 08:29:38.165634500,0.028634500,0
'2026-08-22 08:29:38.165645200,0.028645200,1
'2026-08-22 08:29:38.165659800,0.028659800,0
'2026-08-22 08:29:38.165671300,0.028671300,1
'2026-08-22 08:29:38.165686000,0.028686000,0
'2026-08-22 08:29:38.165697400,0.028697400,1
'2026-08-22 08:29:38.165712100,0.028712100,0
'2026-08-22 08:29:38.165723500,0.028723500,1
'2026-08-22 08:29:38.165738000,0.028738000,0
'2026-08-22 08:29:38.165747600,0.028747600,1
'2026-08-22 08:29:38.165747700,0.028747700,0
'2026-08-22 08:29:38.165749600,0.028749600,1
'2026-08-22 08:29:38.165764300,0.028764300,0
'2026-08-22 08:29:38.165764500,0.028764500,1
'2026-08-22 08:29:38.165764700,0.028764700,0
'2026-08-22 08:29:38.165764800,0.028764800,1
'2026-08-22 08:29:38.165764900,0.028764900,0
'2026-08-22 08:29:38.165775700,0.028775700,1
'2026-08-22 08:29:38.165790400,0.028790400,0
'2026-08-22 08:29:38.165801800,0.028801800,1
'2026-08-22 08:29:38.165816700,0.028816700,0
'2026-08-22 08:29:38.165816800,0.028816800,1
'2026-08-22 08:29:38.165816900,0.028816900,0
'2026-08-22 08:29:38.165827900,0.028827900,1
'2026-08-22 08:29:38.165842400,0.028842400,0
'2026-08-22 08:29:38.165854000,0.028854000,1
'2026-08-22 08:29:38.165868800,0.028868800,0
'2026-08-22 08:29:38.165880000,0.028880000,1
'2026-08-22 08:29:38.165894800,0.028894800,0
'2026-08-22 08:29:38.165906100,0.028906100,1
'2026-08-22 08:29:38.165920700,0.028920700,0
'2026-08-22 08:29:38.165926500,0.028926500,1
'2026-08-22 08:29:38.165926600,0.028926600,0
'2026-08-22 08:29:38.165932200,0.028932200,1
'2026-08-22 08:29:38.165947000,0.028947000,0
'2026-08-22 08:29:38.165958300,0.028958300,1
'2026-08-22 08:29:38.165973000,0.028973000,0
'2026-08-22 08:29:38.165973100,0.028973100,1
'2026-08-22 08:29:38.165973200,0.028973200,0
'2026-08-22 08:29:38.165984400,0.028984400,1
'2026-08-22 08:29:38.165999100,0.028999100,0
'2026-08-22 08:29:38.166010500,0.029010500,1
'2026-08-22 08:29:38.166025200,0.029025200,0
'2026-08-22 08:29:38.166029100,0.029029100,1
'2026-08-22 08:29:38.166029200,0.029029200,0
'2026-08-22 08:29:38.166035800,0.029035800,1
'2026-08-22 08:29:38.166450400,0.029450400,0
'2026-08-22 08:29:38.166453800,0.029453800,1
'2026-08-22 08:29:38.166468600,0.029468600,0
'2026-08-22 08:29:38.166479900,0.029479900,1
'2026-08-22 08:29:38.166494400,0.029494400,0
'2026-08-22 08:29:38.166494500,0.029494500,1
'2026-08-22 08:29:38.166494600,0.029494600,0
'2026-08-22 08:29:38.166506000,0.029506000,1
'2026-08-22 08:29:38.166520700,0.029520700,0
'2026-08-22 08:29:38.166532100,0.029532100,1
'2026-08-22 08:29:38.166546800,0.029546800,0
'2026-08-22 08:29:38.166550700,0.029550700,1
'2026-08-22 08:29:38.166550800,0.029550800,0
'2026-08-22 08:29:38.166558200,0.029558200,1
'2026-08-22 08:29:38.166572900,0.029572900,0
'2026-08-22 08:29:38.166584300,0.029584300,1
'2026-08-22 08:29:38.166599000,0.029599000,0
'2026-08-22 08:29:38.166599100,0.029599100,1
'2026-08-22 08:29:38.166599300,0.029599300,0
'2026-08-22 08:29:38.166610400,0.029610400,1
'2026-08-22 08:29:38.166625000,0.029625000,0
'2026-08-22 08:29:38.166632500,0.029632500,1
'2026-08-22 08:29:38.166632600,0.029632600,0
'2026-08-22 08:29:38.166634300,0.029634300,1
'2026-08-22 08:29:38.166634400,0.029634400,0
'2026-08-22 08:29:38.166636500,0.029636500,1
'2026-08-22 08:29:38.166651400,0.029651400,0
'2026-08-22 08:29:38.166653500,0.029653500,1
'2026-08-22 08:29:38.166653600,0.029653600,0
'2026-08-22 08:29:38.166662600,0.029662600,1
'2026-08-22 08:29:38.166677100,0.029677100,0
'2026-08-22 08:29:38.166688700,0.029688700,1
'2026-08-22 08:29:38.166703400,0.029703400,0
'2026-08-22 08:29:38.166714700,0.029714700,1
'2026-08-22 08:29:38.166729200,0.029729200,0
'2026-08-22 08:29:38.166729300,0.029729300,1
'2026-08-22 08:29:38.166729500,0.029729500,0
'2026-08-22 08:29:38.166740800,0.029740800,1
'2026-08-22 08:29:38.166755400,0.029755400,0
'2026-08-22 08:29:38.166759300,0.029759300,1
'2026-08-22 08:29:38.166759400,0.029759400,0
'2026-08-22 08:29:38.166766900,0.029766900,1
'2026-08-22 08:29:38.166781600,0.029781600,0
'2026-08-22 08:29:38.166791300,0.029791300,1
'2026-08-22 08:29:38.166791400,0.029791400,0
'2026-08-22 08:29:38.166793000,0.029793000,1
'2026-08-22 08:29:38.166807600,0.029807600,0
'2026-08-22 08:29:38.166807700,0.029807700,1
'2026-08-22 08:29:38.166807800,0.029807800,0
'2026-08-22 08:29:38.166809700,0.029809700,1
'2026-08-22 08:29:38.166809800,0.029809800,0
'2026-08-22 08:29:38.166819100,0.029819100,1
'2026-08-22 08:29:38.166833800,0.029833800,0
'2026-08-22 08:29:38.166845200,0.029845200,1
'2026-08-22 08:29:38.167277400,0.030277400,0
'2026-08-22 08:29:38.167288600,0.030288600,1
'2026-08-22 08:29:38.167303100,0.030303100,0
'2026-08-22 08:29:38.167314700,0.030314700,1
'2026-08-22 08:29:38.167329300,0.030329300,0
'2026-08-22 08:29:38.167340800,0.030340800,1
'2026-08-22 08:29:38.167355600,0.030355600,0
'2026-08-22 08:29:38.167366800,0.030366800,1
'2026-08-22 08:29:38.167381400,0.030381400,0
'2026-08-22 08:29:38.167392900,0.030392900,1
'2026-08-22 08:29:38.167407600,0.030407600,0
'2026-08-22 08:29:38.167419000,0.030419000,1
'2026-08-22 08:29:38.167433900,0.030433900,0
'2026-08-22 08:29:38.167435500,0.030435500,1
'2026-08-22 08:29:38.167435600,0.030435600,0
'2026-08-22 08:29:38.167445100,0.030445100,1
'2026-08-22 08:29:38.167459700,0.030459700,0
'2026-08-22 08:29:38.167471200,0.030471200,1
'2026-08-22 08:29:38.167486100,0.030486100,0
'2026-08-22 08:29:38.167497300,0.030497300,1
'2026-08-22 08:29:38.167511900,0.030511900,0
'2026-08-22 08:29:38.167512100,0.030512100,1
'2026-08-22 08:29:38.167512200,0.030512200,0
'2026-08-22 08:29:38.167523400,0.030523400,1
'2026-08-22 08:29:38.167538200,0.030538200,0
'2026-08-22 08:29:38.167549500,0.030549500,1
'2026-08-22 08:29:38.167564200,0.030564200,0
'2026-08-22 08:29:38.167575600,0.030575600,1
'2026-08-22 08:29:38.167590200,0.030590200,0
'2026-08-22 08:29:38.167590300,0.030590300,1
'2026-08-22 08:29:38.167590400,0.030590400,0
'2026-08-22 08:29:38.167601700,0.030601700,1
'2026-08-22 08:29:38.167616700,0.030616700,0
'2026-08-22 08:29:38.167627700,0.030627700,1
'2026-08-22 08:29:38.167642400,0.030642400,0
'2026-08-22 08:29:38.167653800,0.030653800,1
'2026-08-22 08:29:38.167668600,0.030668600,0
'2026-08-22 08:29:38.167670000,0.030670000,1
'2026-08-22 08:29:38.167670100,0.030670100,0
'2026-08-22 08:29:38.167679900,0.030679900,1
'2026-08-22 08:29:38.168111700,0.031111700,0
'2026-08-22 08:29:38.168123300,0.031123300,1
'2026-08-22 08:29:38.168138400,0.031138400,0
'2026-08-22 08:29:38.168149400,0.031149400,1
'2026-08-22 08:29:38.168164000,0.031164000,0
'2026-08-22 08:29:38.168175500,0.031175500,1
'2026-08-22 08:29:38.168190300,0.031190300,0
'2026-08-22 08:29:38.168201600,0.031201600,1
'2026-08-22 08:29:38.168216100,0.031216100,0
'2026-08-22 08:29:38.168227700,0.031227700,1
'2026-08-22 08:29:38.168242400,0.031242400,0
'2026-08-22 08:29:38.168253800,0.031253800,1
'2026-08-22 08:29:38.168268600,0.031268600,0
'2026-08-22 08:29:38.168269100,0.031269100,1
'2026-08-22 08:29:38.168269200,0.031269200,0
'2026-08-22 08:29:38.168279900,0.031279900,1
'2026-08-22 08:29:38.168294400,0.031294400,0
'2026-08-22 08:29:38.168306000,0.031306000,1
'2026-08-22 08:29:38.168320700,0.031320700,0
'2026-08-22 08:29:38.168332000,0.031332000,1
'2026-08-22 08:29:38.168346700,0.031346700,0
'2026-08-22 08:29:38.168358200,0.031358200,1
'2026-08-22 08:29:38.168372700,0.031372700,0
'2026-08-22 08:29:38.168384200,0.031384200,1
'2026-08-22 08:29:38.168399000,0.031399000,0
'2026-08-22 08:29:38.168407600,0.031407600,1
'2026-08-22 08:29:38.168407700,0.031407700,0
'2026-08-22 08:29:38.168410300,0.031410300,1
'2026-08-22 08:29:38.168424900,0.031424900,0
'2026-08-22 08:29:38.168425000,0.031425000,1
'2026-08-22 08:29:38.168425200,0.031425200,0
'2026-08-22 08:29:38.168436400,0.031436400,1
'2026-08-22 08:29:38.168451100,0.031451100,0
'2026-08-22 08:29:38.168462500,0.031462500,1
'2026-08-22 08:29:38.168477300,0.031477300,0
'2026-08-22 08:29:38.168488600,0.031488600,1
'2026-08-22 08:29:38.168503100,0.031503100,0
'2026-08-22 08:29:38.168506600,0.031506600,1
'2026-08-22 08:29:38.168921100,0.031921100,0
'2026-08-22 08:29:38.168921500,0.031921500,1
'2026-08-22 08:29:38.168921600,0.031921600,0
'2026-08-22 08:29:38.168932000,0.031932000,1
'2026-08-22 08:29:38.168946500,0.031946500,0
'2026-08-22 08:29:38.168958100,0.031958100,1
'2026-08-22 08:29:38.168972700,0.031972700,0
'2026-08-22 08:29:38.168972900,0.031972900,1
'2026-08-22 08:29:38.168973000,0.031973000,0
'2026-08-22 08:29:38.168984100,0.031984100,1
'2026-08-22 08:29:38.168998800,0.031998800,0
'2026-08-22 08:29:38.168998900,0.031998900,1
'2026-08-22 08:29:38.168999000,0.031999000,0
'2026-08-22 08:29:38.169010200,0.032010200,1
'2026-08-22 08:29:38.169025000,0.032025000,0
'2026-08-22 08:29:38.169036300,0.032036300,1
'2026-08-22 08:29:38.169051000,0.032051000,0
'2026-08-22 08:29:38.169062400,0.032062400,1
'2026-08-22 08:29:38.169077000,0.032077000,0
'2026-08-22 08:29:38.169088500,0.032088500,1
'2026-08-22 08:29:38.169103400,0.032103400,0
'2026-08-22 08:29:38.169103700,0.032103700,1
'2026-08-22 08:29:38.169103800,0.032103800,0
'2026-08-22 08:29:38.169113700,0.032113700,1
'2026-08-22 08:29:38.169113800,0.032113800,0
'2026-08-22 08:29:38.169114600,0.032114600,1
'2026-08-22 08:29:38.169129000,0.032129000,0
'2026-08-22 08:29:38.169140700,0.032140700,1
'2026-08-22 08:29:38.169155600,0.032155600,0
'2026-08-22 08:29:38.169155800,0.032155800,1
'2026-08-22 08:29:38.169155900,0.032155900,0
'2026-08-22 08:29:38.169166800,0.032166800,1
'2026-08-22 08:29:38.169181200,0.032181200,0
'2026-08-22 08:29:38.169181900,0.032181900,1
'2026-08-22 08:29:38.169182000,0.032182000,0
'2026-08-22 08:29:38.169183300,0.032183300,1
'2026-08-22 08:29:38.169183400,0.032183400,0
'2026-08-22 08:29:38.169192900,0.032192900,1
'2026-08-22 08:29:38.169207400,0.032207400,0
'2026-08-22 08:29:38.169219000,0.032219000,1
'2026-08-22 08:29:38.169233800,0.032233800,0
'2026-08-22 08:29:38.169245000,0.032245000,1
'2026-08-22 08:29:38.169259600,0.032259600,0
'2026-08-22 08:29:38.169259700,0.032259700,1
'2026-08-22 08:29:38.169259800,0.032259800,0
'2026-08-22 08:29:38.169271200,0.032271200,1
'2026-08-22 08:29:38.169285800,0.032285800,0
'2026-08-22 08:29:38.169286000,0.032286000,1
'2026-08-22 08:29:38.169286100,0.032286100,0
'2026-08-22 08:29:38.169297200,0.032297200,1
'2026-08-22 08:29:38.169311900,0.032311900,0
'2026-08-22 08:29:38.169323300,0.032323300,1
'2026-08-22 08:29:38.169755200,0.032755200,0
'2026-08-22 08:29:38.169755500,0.032755500,1
'2026-08-22 08:29:38.169755600,0.032755600,0
'2026-08-22 08:29:38.169766700,0.032766700,1
'2026-08-22 08:29:38.169781100,0.032781100,0
'2026-08-22 08:29:38.169792800,0.032792800,1
'2026-08-22 08:29:38.169807300,0.032807300,0
'2026-08-22 08:29:38.169807500,0.032807500,1
'2026-08-22 08:29:38.169807700,0.032807700,0
'2026-08-22 08:29:38.169818900,0.032818900,1
'2026-08-22 08:29:38.169833300,0.032833300,0
'2026-08-22 08:29:38.169844900,0.032844900,1
'2026-08-22 08:29:38.169859600,0.032859600,0
'2026-08-22 08:29:38.169871100,0.032871100,1
'2026-08-22 08:29:38.169885900,0.032885900,0
'2026-08-22 08:29:38.169886400,0.032886400,1
'2026-08-22 08:29:38.169886500,0.032886500,0
'2026-08-22 08:29:38.169887500,0.032887500,1
'2026-08-22 08:29:38.169887600,0.032887600,0
'2026-08-22 08:29:38.169896300,0.032896300,1
'2026-08-22 08:29:38.169896400,0.032896400,0
'2026-08-22 08:29:38.169897100,0.032897100,1
'2026-08-22 08:29:38.169911600,0.032911600,0
'2026-08-22 08:29:38.169923200,0.032923200,1
'2026-08-22 08:29:38.169938100,0.032938100,0
'2026-08-22 08:29:38.169938400,0.032938400,1
'2026-08-22 08:29:38.169938600,0.032938600,0
'2026-08-22 08:29:38.169948300,0.032948300,1
'2026-08-22 08:29:38.169948400,0.032948400,0
'2026-08-22 08:29:38.169949300,0.032949300,1
'2026-08-22 08:29:38.169963800,0.032963800,0
'2026-08-22 08:29:38.169975400,0.032975400,1
'2026-08-22 08:29:38.169990000,0.032990000,0
'2026-08-22 08:29:38.170001500,0.033001500,1
'2026-08-22 08:29:38.170016200,0.033016200,0
'2026-08-22 08:29:38.170027600,0.033027600,1
'2026-08-22 08:29:38.170042100,0.033042100,0
'2026-08-22 08:29:38.170053700,0.033053700,1
'2026-08-22 08:29:38.170068800,0.033068800,0
'2026-08-22 08:29:38.170079800,0.033079800,1
'2026-08-22 08:29:38.170094300,0.033094300,0
'2026-08-22 08:29:38.170105800,0.033105800,1
'2026-08-22 08:29:38.170120500,0.033120500,0
'2026-08-22 08:29:38.170120600,0.033120600,1
'2026-08-22 08:29:38.170120700,0.033120700,0
'2026-08-22 08:29:38.170132000,0.033132000,1
'2026-08-22 08:29:38.170146600,0.033146600,0
'2026-08-22 08:29:38.170153400,0.033153400,1
'2026-08-22 08:29:38.171372300,0.034372300,0
'2026-08-22 08:29:38.171372500,0.034372500,1
'2026-08-22 08:29:38.171372600,0.034372600,0
'2026-08-22 08:29:38.171383900,0.034383900,1
'2026-08-22 08:29:38.171398400,0.034398400,0
'2026-08-22 08:29:38.171403600,0.034403600,1
'2026-08-22 08:29:38.171403700,0.034403700,0
'2026-08-22 08:29:38.171410000,0.034410000,1
'2026-08-22 08:29:38.171424600,0.034424600,0
'2026-08-22 08:29:38.171436100,0.034436100,1
'2026-08-22 08:29:38.171450800,0.034450800,0
'2026-08-22 08:29:38.171462200,0.034462200,1
'2026-08-22 08:29:38.171476800,0.034476800,0
'2026-08-22 08:29:38.171488300,0.034488300,1
'2026-08-22 08:29:38.171502900,0.034502900,0
'2026-08-22 08:29:38.171514400,0.034514400,1
'2026-08-22 08:29:38.171529100,0.034529100,0
'2026-08-22 08:29:38.171540500,0.034540500,1
'2026-08-22 08:29:38.171555100,0.034555100,0
'2026-08-22 08:29:38.171565100,0.034565100,1
'2026-08-22 08:29:38.171565900,0.034565900,0
'2026-08-22 08:29:38.171566600,0.034566600,1
'2026-08-22 08:29:38.171581100,0.034581100,0
'2026-08-22 08:29:38.171581200,0.034581200,1
'2026-08-22 08:29:38.171581300,0.034581300,0
'2026-08-22 08:29:38.171592600,0.034592600,1
'2026-08-22 08:29:38.171607300,0.034607300,0
'2026-08-22 08:29:38.171618700,0.034618700,1
'2026-08-22 08:29:38.171633300,0.034633300,0
'2026-08-22 08:29:38.171644800,0.034644800,1
'2026-08-22 08:29:38.171659400,0.034659400,0
'2026-08-22 08:29:38.171670900,0.034670900,1
'2026-08-22 08:29:38.171685600,0.034685600,0
'2026-08-22 08:29:38.171686000,0.034686000,1
'2026-08-22 08:29:38.171686100,0.034686100,0
'2026-08-22 08:29:38.171687100,0.034687100,1
'2026-08-22 08:29:38.171687200,0.034687200,0
'2026-08-22 08:29:38.171697000,0.034697000,1
'2026-08-22 08:29:38.171711600,0.034711600,0
'2026-08-22 08:29:38.171711700,0.034711700,1
'2026-08-22 08:29:38.171711800,0.034711800,0
'2026-08-22 08:29:38.171723100,0.034723100,1
'2026-08-22 08:29:38.171737700,0.034737700,0
'2026-08-22 08:29:38.171749200,0.034749200,1
'2026-08-22 08:29:38.171763700,0.034763700,0
'2026-08-22 08:29:38.171768400,0.034768400,1
'2026-08-22 08:29:38.172190400,0.035190400,0
'2026-08-22 08:29:38.172192500,0.035192500,1
'2026-08-22 08:29:38.172207200,0.035207200,0
'2026-08-22 08:29:38.172218600,0.035218600,1
'2026-08-22 08:29:38.172233200,0.035233200,0
'2026-08-22 08:29:38.172233300,0.035233300,1
'2026-08-22 08:29:38.172233400,0.035233400,0
'2026-08-22 08:29:38.172244800,0.035244800,1
'2026-08-22 08:29:38.172259400,0.035259400,0
'2026-08-22 08:29:38.172259600,0.035259600,1
'2026-08-22 08:29:38.172259700,0.035259700,0
'2026-08-22 08:29:38.172270800,0.035270800,1
'2026-08-22 08:29:38.172285400,0.035285400,0
'2026-08-22 08:29:38.172296900,0.035296900,1
'2026-08-22 08:29:38.172311600,0.035311600,0
'2026-08-22 08:29:38.172323000,0.035323000,1
'2026-08-22 08:29:38.172337700,0.035337700,0
'2026-08-22 08:29:38.172349100,0.035349100,1
'2026-08-22 08:29:38.172363600,0.035363600,0
'2026-08-22 08:29:38.172375200,0.035375200,1
'2026-08-22 08:29:38.172390400,0.035390400,0
'2026-08-22 08:29:38.172401300,0.035401300,1
'2026-08-22 08:29:38.172415700,0.035415700,0
'2026-08-22 08:29:38.172427400,0.035427400,1
'2026-08-22 08:29:38.172442000,0.035442000,0
'2026-08-22 08:29:38.172442300,0.035442300,1
'2026-08-22 08:29:38.172442400,0.035442400,0
'2026-08-22 08:29:38.172453500,0.035453500,1
'2026-08-22 08:29:38.172468200,0.035468200,0
'2026-08-22 08:29:38.172469700,0.035469700,1
'2026-08-22 08:29:38.172469800,0.035469800,0
'2026-08-22 08:29:38.172479600,0.035479600,1
'2026-08-22 08:29:38.172494000,0.035494000,0
'2026-08-22 08:29:38.172505600,0.035505600,1
'2026-08-22 08:29:38.172520400,0.035520400,0
'2026-08-22 08:29:38.172520500,0.035520500,1
'2026-08-22 08:29:38.172520600,0.035520600,0
'2026-08-22 08:29:38.172531700,0.035531700,1
'2026-08-22 08:29:38.172546400,0.035546400,0
'2026-08-22 08:29:38.172546700,0.035546700,1
'2026-08-22 08:29:38.172546800,0.035546800,0
'2026-08-22 08:29:38.172557800,0.035557800,1
'2026-08-22 08:29:38.172572700,0.035572700,0
'2026-08-22 08:29:38.172583900,0.035583900,1
'2026-08-22 08:29:38.173015800,0.036015800,0
'2026-08-22 08:29:38.173027300,0.036027300,1
'2026-08-22 08:29:38.173041800,0.036041800,0
'2026-08-22 08:29:38.173053400,0.036053400,1
'2026-08-22 08:29:38.173068000,0.036068000,0
'2026-08-22 08:29:38.173079400,0.036079400,1
'2026-08-22 08:29:38.173094000,0.036094000,0
'2026-08-22 08:29:38.173094100,0.036094100,1
'2026-08-22 08:29:38.173094200,0.036094200,0
'2026-08-22 08:29:38.173105500,0.036105500,1
'2026-08-22 08:29:38.173120000,0.036120000,0
'2026-08-22 08:29:38.173131600,0.036131600,1
'2026-08-22 08:29:38.173146500,0.036146500,0
'2026-08-22 08:29:38.173157700,0.036157700,1
'2026-08-22 08:29:38.173172200,0.036172200,0
'2026-08-22 08:29:38.173176500,0.036176500,1
'2026-08-22 08:29:38.173176600,0.036176600,0
'2026-08-22 08:29:38.173183800,0.036183800,1
'2026-08-22 08:29:38.173198500,0.036198500,0
'2026-08-22 08:29:38.173198700,0.036198700,1
'2026-08-22 08:29:38.173198800,0.036198800,0
'2026-08-22 08:29:38.173209900,0.036209900,1
'2026-08-22 08:29:38.173224600,0.036224600,0
'2026-08-22 08:29:38.173224700,0.036224700,1
'2026-08-22 08:29:38.173224800,0.036224800,0
'2026-08-22 08:29:38.173236000,0.036236000,1
'2026-08-22 08:29:38.173250400,0.036250400,0
'2026-08-22 08:29:38.173262100,0.036262100,1
'2026-08-22 08:29:38.173277000,0.036277000,0
'2026-08-22 08:29:38.173288200,0.036288200,1
'2026-08-22 08:29:38.173302800,0.036302800,0
'2026-08-22 08:29:38.173314300,0.036314300,1
'2026-08-22 08:29:38.173329000,0.036329000,0
'2026-08-22 08:29:38.173340400,0.036340400,1
'2026-08-22 08:29:38.173354900,0.036354900,0
'2026-08-22 08:29:38.173366400,0.036366400,1
'2026-08-22 08:29:38.173381100,0.036381100,0
'2026-08-22 08:29:38.173392500,0.036392500,1
'2026-08-22 08:29:38.173407300,0.036407300,0
'2026-08-22 08:29:38.173407800,0.036407800,1
'2026-08-22 08:29:38.173407900,0.036407900,0
'2026-08-22 08:29:38.173415600,0.036415600,1
'2026-08-22 08:29:38.173850400,0.036850400,0
'2026-08-22 08:29:38.173850600,0.036850600,1
'2026-08-22 08:29:38.173850700,0.036850700,0
'2026-08-22 08:29:38.173862000,0.036862000,1
'2026-08-22 08:29:38.173876600,0.036876600,0
'2026-08-22 08:29:38.173888100,0.036888100,1
'2026-08-22 08:29:38.173902700,0.036902700,0
'2026-08-22 08:29:38.173914200,0.036914200,1
'2026-08-22 08:29:38.173929100,0.036929100,0
'2026-08-22 08:29:38.173940200,0.036940200,1
'2026-08-22 08:29:38.173954800,0.036954800,0
'2026-08-22 08:29:38.173966300,0.036966300,1
'2026-08-22 08:29:38.173981000,0.036981000,0
'2026-08-22 08:29:38.173992400,0.036992400,1
'2026-08-22 08:29:38.174007000,0.037007000,0
'2026-08-22 08:29:38.174018500,0.037018500,1
'2026-08-22 08:29:38.174033100,0.037033100,0
'2026-08-22 08:29:38.174044600,0.037044600,1
'2026-08-22 08:29:38.174059300,0.037059300,0
'2026-08-22 08:29:38.174059700,0.037059700,1
'2026-08-22 08:29:38.174059800,0.037059800,0
'2026-08-22 08:29:38.174070700,0.037070700,1
'2026-08-22 08:29:38.174085200,0.037085200,0
'2026-08-22 08:29:38.174096800,0.037096800,1
'2026-08-22 08:29:38.174111800,0.037111800,0
'2026-08-22 08:29:38.174117000,0.037117000,1
'2026-08-22 08:29:38.174117100,0.037117100,0
'2026-08-22 08:29:38.174122900,0.037122900,1
'2026-08-22 08:29:38.174137400,0.037137400,0
'2026-08-22 08:29:38.174144300,0.037144300,1
'2026-08-22 08:29:38.174144400,0.037144400,0
'2026-08-22 08:29:38.174149000,0.037149000,1
'2026-08-22 08:29:38.174163700,0.037163700,0
'2026-08-22 08:29:38.174175100,0.037175100,1
'2026-08-22 08:29:38.174190200,0.037190200,0
'2026-08-22 08:29:38.174190300,0.037190300,1
'2026-08-22 08:29:38.174190400,0.037190400,0
'2026-08-22 08:29:38.174191100,0.037191100,1
'2026-08-22 08:29:38.174191200,0.037191200,0
'2026-08-22 08:29:38.174201100,0.037201100,1
'2026-08-22 08:29:38.174215800,0.037215800,0
'2026-08-22 08:29:38.174227200,0.037227200,1
'2026-08-22 08:29:38.174661200,0.037661200,0
'2026-08-22 08:29:38.174661300,0.037661300,1
'2026-08-22 08:29:38.174661400,0.037661400,0
'2026-08-22 08:29:38.174670600,0.037670600,1
'2026-08-22 08:29:38.174685300,0.037685300,0
'2026-08-22 08:29:38.174696700,0.037696700,1
'2026-08-22 08:29:38.174711200,0.037711200,0
'2026-08-22 08:29:38.174722800,0.037722800,1
'2026-08-22 08:29:38.174737400,0.037737400,0
'2026-08-22 08:29:38.174748800,0.037748800,1
'2026-08-22 08:29:38.174763600,0.037763600,0
'2026-08-22 08:29:38.174774900,0.037774900,1
'2026-08-22 08:29:38.174789200,0.037789200,0
'2026-08-22 08:29:38.174789300,0.037789300,1
'2026-08-22 08:29:38.174789400,0.037789400,0
'2026-08-22 08:29:38.174801000,0.037801000,1
'2026-08-22 08:29:38.174815800,0.037815800,0
'2026-08-22 08:29:38.174827100,0.037827100,1
'2026-08-22 08:29:38.174841700,0.037841700,0
'2026-08-22 08:29:38.174853200,0.037853200,1
'2026-08-22 08:29:38.174867900,0.037867900,0
'2026-08-22 08:29:38.174868100,0.037868100,1
'2026-08-22 08:29:38.174868200,0.037868200,0
'2026-08-22 08:29:38.174876100,0.037876100,1
'2026-08-22 08:29:38.174876200,0.037876200,0
'2026-08-22 08:29:38.174879300,0.037879300,1
'2026-08-22 08:29:38.174894000,0.037894000,0
'2026-08-22 08:29:38.174905400,0.037905400,1
'2026-08-22 08:29:38.174920000,0.037920000,0
'2026-08-22 08:29:38.174920100,0.037920100,1
'2026-08-22 08:29:38.174920200,0.037920200,0
'2026-08-22 08:29:38.174931500,0.037931500,1
'2026-08-22 08:29:38.174946100,0.037946100,0
'2026-08-22 08:29:38.174946300,0.037946300,1
'2026-08-22 08:29:38.174946400,0.037946400,0
'2026-08-22 08:29:38.174957600,0.037957600,1
'2026-08-22 08:29:38.174972200,0.037972200,0
'2026-08-22 08:29:38.174983600,0.037983600,1
'2026-08-22 08:29:38.174998300,0.037998300,0
'2026-08-22 08:29:38.175009700,0.038009700,1
'2026-08-22 08:29:38.175024400,0.038024400,0
'2026-08-22 08:29:38.175024500,0.038024500,1
'2026-08-22 08:29:38.175024900,0.038024900,0
'2026-08-22 08:29:38.175035800,0.038035800,1
'2026-08-22 08:29:38.175050400,0.038050400,0
'2026-08-22 08:29:38.175061900,0.038061900,1
'2026-08-22 08:29:38.175493800,0.038493800,0
'2026-08-22 08:29:38.175505300,0.038505300,1
'2026-08-22 08:29:38.175520000,0.038520000,0
'2026-08-22 08:29:38.175531400,0.038531400,1
'2026-08-22 08:29:38.175545900,0.038545900,0
'2026-08-22 08:29:38.175557500,0.038557500,1
'2026-08-22 08:29:38.175572100,0.038572100,0
'2026-08-22 08:29:38.175583500,0.038583500,1
'2026-08-22 08:29:38.175598300,0.038598300,0
'2026-08-22 08:29:38.175598700,0.038598700,1
'2026-08-22 08:29:38.175598800,0.038598800,0
'2026-08-22 08:29:38.175599100,0.038599100,1
'2026-08-22 08:29:38.175599200,0.038599200,0
'2026-08-22 08:29:38.175602200,0.038602200,1
'2026-08-22 08:29:38.175602300,0.038602300,0
'2026-08-22 08:29:38.175609600,0.038609600,1
'2026-08-22 08:29:38.175624300,0.038624300,0
'2026-08-22 08:29:38.175624400,0.038624400,1
'2026-08-22 08:29:38.175624600,0.038624600,0
'2026-08-22 08:29:38.175635700,0.038635700,1
'2026-08-22 08:29:38.175650500,0.038650500,0
'2026-08-22 08:29:38.175650700,0.038650700,1
'2026-08-22 08:29:38.175650800,0.038650800,0
'2026-08-22 08:29:38.175661800,0.038661800,1
'2026-08-22 08:29:38.175676600,0.038676600,0
'2026-08-22 08:29:38.175687900,0.038687900,1
'2026-08-22 08:29:38.175702400,0.038702400,0
'2026-08-22 08:29:38.175714000,0.038714000,1
'2026-08-22 08:29:38.175728700,0.038728700,0
'2026-08-22 08:29:38.175740100,0.038740100,1
'2026-08-22 08:29:38.175754600,0.038754600,0
'2026-08-22 08:29:38.175758800,0.038758800,1
'2026-08-22 08:29:38.175758900,0.038758900,0
'2026-08-22 08:29:38.175766200,0.038766200,1
'2026-08-22 08:29:38.175781100,0.038781100,0
'2026-08-22 08:29:38.175792300,0.038792300,1
'2026-08-22 08:29:38.175806800,0.038806800,0
'2026-08-22 08:29:38.175818400,0.038818400,1
'2026-08-22 08:29:38.175833100,0.038833100,0
'2026-08-22 08:29:38.175833500,0.038833500,1
'2026-08-22 08:29:38.175833600,0.038833600,0
'2026-08-22 08:29:38.175844500,0.038844500,1
'2026-08-22 08:29:38.175859300,0.038859300,0
'2026-08-22 08:29:38.175861000,0.038861000,1
'2026-08-22 08:29:38.175861100,0.038861100,0
'2026-08-22 08:29:38.175870500,0.038870500,1
'2026-08-22 08:29:38.175885200,0.038885200,0
'2026-08-22 08:29:38.175886300,0.038886300,1
'2026-08-22 08:29:38.176308100,0.039308100,0
'2026-08-22 08:29:38.176313900,0.039313900,1
'2026-08-22 08:29:38.176328500,0.039328500,0
'2026-08-22 08:29:38.176340000,0.039340000,1
'2026-08-22 08:29:38.176354900,0.039354900,0
'2026-08-22 08:29:38.176355300,0.039355300,1
'2026-08-22 08:29:38.176355400,0.039355400,0
'2026-08-22 08:29:38.176366100,0.039366100,1
'2026-08-22 08:29:38.176380600,0.039380600,0
'2026-08-22 08:29:38.176392200,0.039392200,1
'2026-08-22 08:29:38.176406900,0.039406900,0
'2026-08-22 08:29:38.176418200,0.039418200,1
'2026-08-22 08:29:38.176432800,0.039432800,0
'2026-08-22 08:29:38.176444400,0.039444400,1
'2026-08-22 08:29:38.176459000,0.039459000,0
'2026-08-22 08:29:38.176459200,0.039459200,1
'2026-08-22 08:29:38.176459400,0.039459400,0
'2026-08-22 08:29:38.176470400,0.039470400,1
'2026-08-22 08:29:38.176485100,0.039485100,0
'2026-08-22 08:29:38.176486100,0.039486100,1
'2026-08-22 08:29:38.176486200,0.039486200,0
'2026-08-22 08:29:38.176496500,0.039496500,1
'2026-08-22 08:29:38.176511400,0.039511400,0
'2026-08-22 08:29:38.176522600,0.039522600,1
'2026-08-22 08:29:38.176537200,0.039537200,0
'2026-08-22 08:29:38.176548700,0.039548700,1
'2026-08-22 08:29:38.176563400,0.039563400,0
'2026-08-22 08:29:38.176574800,0.039574800,1
'2026-08-22 08:29:38.176589400,0.039589400,0
'2026-08-22 08:29:38.176589500,0.039589500,1
'2026-08-22 08:29:38.176589600,0.039589600,0
'2026-08-22 08:29:38.176600900,0.039600900,1
'2026-08-22 08:29:38.176615600,0.039615600,0
'2026-08-22 08:29:38.176615800,0.039615800,1
'2026-08-22 08:29:38.176615900,0.039615900,0
'2026-08-22 08:29:38.176627000,0.039627000,1
'2026-08-22 08:29:38.176641600,0.039641600,0
'2026-08-22 08:29:38.176653100,0.039653100,1
'2026-08-22 08:29:38.176667700,0.039667700,0
'2026-08-22 08:29:38.176667800,0.039667800,1
'2026-08-22 08:29:38.176667900,0.039667900,0
'2026-08-22 08:29:38.176679100,0.039679100,1
'2026-08-22 08:29:38.176694000,0.039694000,0
'2026-08-22 08:29:38.176694100,0.039694100,1
'2026-08-22 08:29:38.176694200,0.039694200,0
'2026-08-22 08:29:38.176705100,0.039705100,1
'2026-08-22 08:29:38.177137400,0.040137400,0
'2026-08-22 08:29:38.177148600,0.040148600,1
'2026-08-22 08:29:38.177163200,0.040163200,0
'2026-08-22 08:29:38.177168200,0.040168200,1
'2026-08-22 08:29:38.177168300,0.040168300,0
'2026-08-22 08:29:38.177174700,0.040174700,1
'2026-08-22 08:29:38.177189400,0.040189400,0
'2026-08-22 08:29:38.177189800,0.040189800,1
'2026-08-22 08:29:38.177189900,0.040189900,0
'2026-08-22 08:29:38.177200700,0.040200700,1
'2026-08-22 08:29:38.177215200,0.040215200,0
'2026-08-22 08:29:38.177215400,0.040215400,1
'2026-08-22 08:29:38.177215500,0.040215500,0
'2026-08-22 08:29:38.177215800,0.040215800,1
'2026-08-22 08:29:38.177215900,0.040215900,0
'2026-08-22 08:29:38.177226800,0.040226800,1
'2026-08-22 08:29:38.177241600,0.040241600,0
'2026-08-22 08:29:38.177241900,0.040241900,1
'2026-08-22 08:29:38.177242000,0.040242000,0
'2026-08-22 08:29:38.177252900,0.040252900,1
'2026-08-22 08:29:38.177267600,0.040267600,0
'2026-08-22 08:29:38.177279000,0.040279000,1
'2026-08-22 08:29:38.177293600,0.040293600,0
'2026-08-22 08:29:38.177299500,0.040299500,1
'2026-08-22 08:29:38.177299600,0.040299600,0
'2026-08-22 08:29:38.177305100,0.040305100,1
'2026-08-22 08:29:38.177319700,0.040319700,0
'2026-08-22 08:29:38.177331200,0.040331200,1
'2026-08-22 08:29:38.177345900,0.040345900,0
'2026-08-22 08:29:38.177357300,0.040357300,1
'2026-08-22 08:29:38.177372200,0.040372200,0
'2026-08-22 08:29:38.177383400,0.040383400,1
'2026-08-22 08:29:38.177398100,0.040398100,0
'2026-08-22 08:29:38.177398300,0.040398300,1
'2026-08-22 08:29:38.177398400,0.040398400,0
'2026-08-22 08:29:38.177409500,0.040409500,1
'2026-08-22 08:29:38.177424200,0.040424200,0
'2026-08-22 08:29:38.177435600,0.040435600,1
'2026-08-22 08:29:38.177450200,0.040450200,0
'2026-08-22 08:29:38.177450300,0.040450300,1
'2026-08-22 08:29:38.177450400,0.040450400,0
'2026-08-22 08:29:38.177461700,0.040461700,1
'2026-08-22 08:29:38.177476300,0.040476300,0
'2026-08-22 08:29:38.177487700,0.040487700,1
'2026-08-22 08:29:38.177502600,0.040502600,0
'2026-08-22 08:29:38.177513800,0.040513800,1
'2026-08-22 08:29:38.177528300,0.040528300,0
'2026-08-22 08:29:38.177539900,0.040539900,1
'2026-08-22 08:29:38.178754400,0.041754400,0
'2026-08-22 08:29:38.178765700,0.041765700,1
'2026-08-22 08:29:38.178780300,0.041780300,0
'2026-08-22 08:29:38.178784000,0.041784000,1
'2026-08-22 08:29:38.178784100,0.041784100,0
'2026-08-22 08:29:38.178791800,0.041791800,1
'2026-08-22 08:29:38.178806600,0.041806600,0
'2026-08-22 08:29:38.178817900,0.041817900,1
'2026-08-22 08:29:38.178832300,0.041832300,0
'2026-08-22 08:29:38.178844000,0.041844000,1
'2026-08-22 08:29:38.178858600,0.041858600,0
'2026-08-22 08:29:38.178870100,0.041870100,1
'2026-08-22 08:29:38.178884800,0.041884800,0
'2026-08-22 08:29:38.178896200,0.041896200,1
'2026-08-22 08:29:38.178910900,0.041910900,0
'2026-08-22 08:29:38.178922300,0.041922300,1
'2026-08-22 08:29:38.178937100,0.041937100,0
'2026-08-22 08:29:38.178948400,0.041948400,1
'2026-08-22 08:29:38.178962900,0.041962900,0
'2026-08-22 08:29:38.178974500,0.041974500,1
'2026-08-22 08:29:38.178989200,0.041989200,0
'2026-08-22 08:29:38.179000500,0.042000500,1
'2026-08-22 08:29:38.179015000,0.042015000,0
'2026-08-22 08:29:38.179026700,0.042026700,1
'2026-08-22 08:29:38.179041200,0.042041200,0
'2026-08-22 08:29:38.179052700,0.042052700,1
'2026-08-22 08:29:38.179067400,0.042067400,0
'2026-08-22 08:29:38.179078800,0.042078800,1
'2026-08-22 08:29:38.179093600,0.042093600,0
'2026-08-22 08:29:38.179104900,0.042104900,1
'2026-08-22 08:29:38.179120000,0.042120000,0
'2026-08-22 08:29:38.179131000,0.042131000,1
'2026-08-22 08:29:38.179145700,0.042145700,0
'2026-08-22 08:29:38.179146100,0.042146100,1
'2026-08-22 08:29:38.179146200,0.042146200,0
'2026-08-22 08:29:38.179155600,0.042155600,1
'2026-08-22 08:29:38.179570000,0.042570000,0
'2026-08-22 08:29:38.179570100,0.042570100,1
'2026-08-22 08:29:38.179570200,0.042570200,0
'2026-08-22 08:29:38.179571200,0.042571200,1
'2026-08-22 08:29:38.179571300,0.042571300,0
'2026-08-22 08:29:38.179574400,0.042574400,1
'2026-08-22 08:29:38.179589200,0.042589200,0
'2026-08-22 08:29:38.179589300,0.042589300,1
'2026-08-22 08:29:38.179589500,0.042589500,0
'2026-08-22 08:29:38.179600500,0.042600500,1
'2026-08-22 08:29:38.179614900,0.042614900,0
'2026-08-22 08:29:38.179618600,0.042618600,1
'2026-08-22 08:29:38.179618700,0.042618700,0
'2026-08-22 08:29:38.179626600,0.042626600,1
'2026-08-22 08:29:38.179641500,0.042641500,0
'2026-08-22 08:29:38.179652600,0.042652600,1
'2026-08-22 08:29:38.179667300,0.042667300,0
'2026-08-22 08:29:38.179678700,0.042678700,1
'2026-08-22 08:29:38.179693500,0.042693500,0
'2026-08-22 08:29:38.179704800,0.042704800,1
'2026-08-22 08:29:38.179719400,0.042719400,0
'2026-08-22 08:29:38.179719500,0.042719500,1
'2026-08-22 08:29:38.179719700,0.042719700,0
'2026-08-22 08:29:38.179722000,0.042722000,1
'2026-08-22 08:29:38.179722100,0.042722100,0
'2026-08-22 08:29:38.179730900,0.042730900,1
'2026-08-22 08:29:38.179745500,0.042745500,0
'2026-08-22 08:29:38.179745600,0.042745600,1
'2026-08-22 08:29:38.179745700,0.042745700,0
'2026-08-22 08:29:38.179757000,0.042757000,1
'2026-08-22 08:29:38.179771800,0.042771800,0
'2026-08-22 08:29:38.179772000,0.042772000,1
'2026-08-22 08:29:38.179772200,0.042772200,0
'2026-08-22 08:29:38.179783100,0.042783100,1
'2026-08-22 08:29:38.179797800,0.042797800,0
'2026-08-22 08:29:38.179798400,0.042798400,1
'2026-08-22 08:29:38.179798500,0.042798500,0
'2026-08-22 08:29:38.179809200,0.042809200,1
'2026-08-22 08:29:38.179823800,0.042823800,0
'2026-08-22 08:29:38.179835300,0.042835300,1
'2026-08-22 08:29:38.179850600,0.042850600,0
'2026-08-22 08:29:38.179861400,0.042861400,1
'2026-08-22 08:29:38.179875900,0.042875900,0
'2026-08-22 08:29:38.179883800,0.042883800,1
'2026-08-22 08:29:38.179883900,0.042883900,0
'2026-08-22 08:29:38.179887500,0.042887500,1
'2026-08-22 08:29:38.179902600,0.042902600,0
'2026-08-22 08:29:38.179913600,0.042913600,1
'2026-08-22 08:29:38.179928200,0.042928200,0
'2026-08-22 08:29:38.179939600,0.042939600,1
'2026-08-22 08:29:38.179954300,0.042954300,0
'2026-08-22 08:29:38.179965700,0.042965700,1
'2026-08-22 08:29:38.180397800,0.043397800,0
'2026-08-22 08:29:38.180409100,0.043409100,1
'2026-08-22 08:29:38.180423700,0.043423700,0
'2026-08-22 08:29:38.180425700,0.043425700,1
'2026-08-22 08:29:38.180425800,0.043425800,0
'2026-08-22 08:29:38.180435200,0.043435200,1
'2026-08-22 08:29:38.180449800,0.043449800,0
'2026-08-22 08:29:38.180461300,0.043461300,1
'2026-08-22 08:29:38.180476000,0.043476000,0
'2026-08-22 08:29:38.180476100,0.043476100,1
'2026-08-22 08:29:38.180476200,0.043476200,0
'2026-08-22 08:29:38.180487400,0.043487400,1
'2026-08-22 08:29:38.180501900,0.043501900,0
'2026-08-22 08:29:38.180513500,0.043513500,1
'2026-08-22 08:29:38.180528100,0.043528100,0
'2026-08-22 08:29:38.180528300,0.043528300,1
'2026-08-22 08:29:38.180528400,0.043528400,0
'2026-08-22 08:29:38.180528500,0.043528500,1
'2026-08-22 08:29:38.180528600,0.043528600,0
'2026-08-22 08:29:38.180539600,0.043539600,1
'2026-08-22 08:29:38.180554300,0.043554300,0
'2026-08-22 08:29:38.180565700,0.043565700,1
'2026-08-22 08:29:38.180580200,0.043580200,0
'2026-08-22 08:29:38.180591800,0.043591800,1
'2026-08-22 08:29:38.180606500,0.043606500,0
'2026-08-22 08:29:38.180617900,0.043617900,1
'2026-08-22 08:29:38.180632600,0.043632600,0
'2026-08-22 08:29:38.180643900,0.043643900,1
'2026-08-22 08:29:38.180658500,0.043658500,0
'2026-08-22 08:29:38.180658700,0.043658700,1
'2026-08-22 08:29:38.180658800,0.043658800,0
'2026-08-22 08:29:38.180670100,0.043670100,1
'2026-08-22 08:29:38.180684800,0.043684800,0
'2026-08-22 08:29:38.180685000,0.043685000,1
'2026-08-22 08:29:38.180685200,0.043685200,0
'2026-08-22 08:29:38.180696100,0.043696100,1
'2026-08-22 08:29:38.180710800,0.043710800,0
'2026-08-22 08:29:38.180711300,0.043711300,1
'2026-08-22 08:29:38.180711400,0.043711400,0
'2026-08-22 08:29:38.180722200,0.043722200,1
'2026-08-22 08:29:38.180737100,0.043737100,0
'2026-08-22 08:29:38.180748300,0.043748300,1
'2026-08-22 08:29:38.180762900,0.043762900,0
'2026-08-22 08:29:38.180774400,0.043774400,1
'2026-08-22 08:29:38.180789000,0.043789000,0
'2026-08-22 08:29:38.180794700,0.043794700,1
'2026-08-22 08:29:38.180794800,0.043794800,0
'2026-08-22 08:29:38.180798100,0.043798100,1
'2026-08-22 08:29:38.180798200,0.043798200,0
'2026-08-22 08:29:38.180800500,0.043800500,1
'2026-08-22 08:29:38.181217100,0.044217100,0
'2026-08-22 08:29:38.181217700,0.044217700,1
'2026-08-22 08:29:38.181232300,0.044232300,0
'2026-08-22 08:29:38.181232400,0.044232400,1
'2026-08-22 08:29:38.181232500,0.044232500,0
'2026-08-22 08:29:38.181232700,0.044232700,1
'2026-08-22 08:29:38.181232800,0.044232800,0
'2026-08-22 08:29:38.181235500,0.044235500,1
'2026-08-22 08:29:38.181235600,0.044235600,0
'2026-08-22 08:29:38.181243800,0.044243800,1
'2026-08-22 08:29:38.181258500,0.044258500,0
'2026-08-22 08:29:38.181268300,0.044268300,1
'2026-08-22 08:29:38.181268400,0.044268400,0
'2026-08-22 08:29:38.181269900,0.044269900,1
'2026-08-22 08:29:38.181284800,0.044284800,0
'2026-08-22 08:29:38.181296000,0.044296000,1
'2026-08-22 08:29:38.181310800,0.044310800,0
'2026-08-22 08:29:38.181322100,0.044322100,1
'2026-08-22 08:29:38.181336800,0.044336800,0
'2026-08-22 08:29:38.181348200,0.044348200,1
'2026-08-22 08:29:38.181363000,0.044363000,0
'2026-08-22 08:29:38.181374300,0.044374300,1
'2026-08-22 08:29:38.181389000,0.044389000,0
'2026-08-22 08:29:38.181389200,0.044389200,1
'2026-08-22 08:29:38.181389300,0.044389300,0
'2026-08-22 08:29:38.181393300,0.044393300,1
'2026-08-22 08:29:38.181393400,0.044393400,0
'2026-08-22 08:29:38.181400400,0.044400400,1
'2026-08-22 08:29:38.181415200,0.044415200,0
'2026-08-22 08:29:38.181426500,0.044426500,1
'2026-08-22 08:29:38.181441200,0.044441200,0
'2026-08-22 08:29:38.181452600,0.044452600,1
'2026-08-22 08:29:38.181467200,0.044467200,0
'2026-08-22 08:29:38.181478700,0.044478700,1
'2026-08-22 08:29:38.181493300,0.044493300,0
'2026-08-22 08:29:38.181493700,0.044493700,1
'2026-08-22 08:29:38.181493800,0.044493800,0
'2026-08-22 08:29:38.181504700,0.044504700,1
'2026-08-22 08:29:38.181519500,0.044519500,0
'2026-08-22 08:29:38.181530800,0.044530800,1
'2026-08-22 08:29:38.181545500,0.044545500,0
'2026-08-22 08:29:38.181545700,0.044545700,1
'2026-08-22 08:29:38.181545800,0.044545800,0
'2026-08-22 08:29:38.181556900,0.044556900,1
'2026-08-22 08:29:38.181571600,0.044571600,0
'2026-08-22 08:29:38.181583000,0.044583000,1
'2026-08-22 08:29:38.181597600,0.044597600,0
'2026-08-22 08:29:38.181597700,0.044597700,1
'2026-08-22 08:29:38.181597800,0.044597800,0
'2026-08-22 08:29:38.181609100,0.044609100,1
'2026-08-22 08:29:38.181624300,0.044624300,0
'2026-08-22 08:29:38.181625700,0.044625700,1
'2026-08-22 08:29:38.181625800,0.044625800,0
'2026-08-22 08:29:38.181626400,0.044626400,1
'2026-08-22 08:29:38.182041100,0.045041100,0
'2026-08-22 08:29:38.182052500,0.045052500,1
'2026-08-22 08:29:38.182067200,0.045067200,0
'2026-08-22 08:29:38.182078600,0.045078600,1
'2026-08-22 08:29:38.182093300,0.045093300,0
'2026-08-22 08:29:38.182093400,0.045093400,1
'2026-08-22 08:29:38.182093600,0.045093600,0
'2026-08-22 08:29:38.182104700,0.045104700,1
'2026-08-22 08:29:38.182119400,0.045119400,0
'2026-08-22 08:29:38.182130800,0.045130800,1
'2026-08-22 08:29:38.182145500,0.045145500,0
'2026-08-22 08:29:38.182153600,0.045153600,1
'2026-08-22 08:29:38.182153700,0.045153700,0
'2026-08-22 08:29:38.182156900,0.045156900,1
'2026-08-22 08:29:38.182171600,0.045171600,0
'2026-08-22 08:29:38.182171700,0.045171700,1
'2026-08-22 08:29:38.182171800,0.045171800,0
'2026-08-22 08:29:38.182182900,0.045182900,1
'2026-08-22 08:29:38.182197600,0.045197600,0
'2026-08-22 08:29:38.182209000,0.045209000,1
'2026-08-22 08:29:38.182224100,0.045224100,0
'2026-08-22 08:29:38.182224300,0.045224300,1
'2026-08-22 08:29:38.182224400,0.045224400,0
'2026-08-22 08:29:38.182235100,0.045235100,1
'2026-08-22 08:29:38.182249600,0.045249600,0
'2026-08-22 08:29:38.182254100,0.045254100,1
'2026-08-22 08:29:38.182254200,0.045254200,0
'2026-08-22 08:29:38.182254700,0.045254700,1
'2026-08-22 08:29:38.182254800,0.045254800,0
'2026-08-22 08:29:38.182261200,0.045261200,1
'2026-08-22 08:29:38.182276500,0.045276500,0
'2026-08-22 08:29:38.182276800,0.045276800,1
'2026-08-22 08:29:38.182276900,0.045276900,0
'2026-08-22 08:29:38.182284000,0.045284000,1
'2026-08-22 08:29:38.182284100,0.045284100,0
'2026-08-22 08:29:38.182285600,0.045285600,1
'2026-08-22 08:29:38.182285700,0.045285700,0
'2026-08-22 08:29:38.182287300,0.045287300,1
'2026-08-22 08:29:38.182301800,0.045301800,0
'2026-08-22 08:29:38.182301900,0.045301900,1
'2026-08-22 08:29:38.182302000,0.045302000,0
'2026-08-22 08:29:38.182306100,0.045306100,1
'2026-08-22 08:29:38.182306200,0.045306200,0
'2026-08-22 08:29:38.182313400,0.045313400,1
'2026-08-22 08:29:38.182328400,0.045328400,0
'2026-08-22 08:29:38.182339500,0.045339500,1
'2026-08-22 08:29:38.182354400,0.045354400,0
'2026-08-22 08:29:38.182354500,0.045354500,1
'2026-08-22 08:29:38.182354600,0.045354600,0
'2026-08-22 08:29:38.182355700,0.045355700,1
'2026-08-22 08:29:38.182355800,0.045355800,0
'2026-08-22 08:29:38.182356000,0.045356000,1
'2026-08-22 08:29:38.182356100,0.045356100,0
'2026-08-22 08:29:38.182356300,0.045356300,1
'2026-08-22 08:29:38.182356400,0.045356400,0
'2026-08-22 08:29:38.182356900,0.045356900,1
'2026-08-22 08:29:38.182357000,0.045357000,0
'2026-08-22 08:29:38.182357300,0.045357300,1
'2026-08-22 08:29:38.182357600,0.045357600,0
'2026-08-22 08:29:38.182365600,0.045365600,1
'2026-08-22 08:29:38.182380300,0.045380300,0
'2026-08-22 08:29:38.182391700,0.045391700,1
'2026-08-22 08:29:38.182406700,0.045406700,0
'2026-08-22 08:29:38.182415300,0.045415300,1
'2026-08-22 08:29:38.182415400,0.045415400,0
'2026-08-22 08:29:38.182417800,0.045417800,1
'2026-08-22 08:29:38.182432300,0.045432300,0
'2026-08-22 08:29:38.182443900,0.045443900,1
'2026-08-22 08:29:38.182875800,0.045875800,0
'2026-08-22 08:29:38.182875900,0.045875900,1
'2026-08-22 08:29:38.182876100,0.045876100,0
'2026-08-22 08:29:38.182876300,0.045876300,1
'2026-08-22 08:29:38.182876400,0.045876400,0
'2026-08-22 08:29:38.182887200,0.045887200,1
'2026-08-22 08:29:38.182901800,0.045901800,0
'2026-08-22 08:29:38.182913300,0.045913300,1
'2026-08-22 08:29:38.182928200,0.045928200,0
'2026-08-22 08:29:38.182939400,0.045939400,1
'2026-08-22 08:29:38.182954000,0.045954000,0
'2026-08-22 08:29:38.182965500,0.045965500,1
'2026-08-22 08:29:38.182980100,0.045980100,0
'2026-08-22 08:29:38.182991600,0.045991600,1
'2026-08-22 08:29:38.183006400,0.046006400,0
'2026-08-22 08:29:38.183006800,0.046006800,1
'2026-08-22 08:29:38.183007200,0.046007200,0
'2026-08-22 08:29:38.183007500,0.046007500,1
'2026-08-22 08:29:38.183007600,0.046007600,0
'2026-08-22 08:29:38.183008000,0.046008000,1
'2026-08-22 08:29:38.183008100,0.046008100,0
'2026-08-22 08:29:38.183017700,0.046017700,1
'2026-08-22 08:29:38.183032200,0.046032200,0
'2026-08-22 08:29:38.183039600,0.046039600,1
'2026-08-22 08:29:38.183039700,0.046039700,0
'2026-08-22 08:29:38.183043800,0.046043800,1
'2026-08-22 08:29:38.183059600,0.046059600,0
'2026-08-22 08:29:38.183060000,0.046060000,1
'2026-08-22 08:29:38.183060100,0.046060100,0
'2026-08-22 08:29:38.183068200,0.046068200,1
'2026-08-22 08:29:38.183068300,0.046068300,0
'2026-08-22 08:29:38.183069900,0.046069900,1
'2026-08-22 08:29:38.183084400,0.046084400,0
'2026-08-22 08:29:38.183087500,0.046087500,1
'2026-08-22 08:29:38.183087600,0.046087600,0
'2026-08-22 08:29:38.183088500,0.046088500,1
'2026-08-22 08:29:38.183088600,0.046088600,0
'2026-08-22 08:29:38.183089800,0.046089800,1
'2026-08-22 08:29:38.183089900,0.046089900,0
'2026-08-22 08:29:38.183096000,0.046096000,1
'2026-08-22 08:29:38.183110900,0.046110900,0
'2026-08-22 08:29:38.183122100,0.046122100,1
'2026-08-22 08:29:38.183136700,0.046136700,0
'2026-08-22 08:29:38.183141100,0.046141100,1
'2026-08-22 08:29:38.183141200,0.046141200,0
'2026-08-22 08:29:38.183148100,0.046148100,1
'2026-08-22 08:29:38.183163000,0.046163000,0
'2026-08-22 08:29:38.183174200,0.046174200,1
'2026-08-22 08:29:38.183189200,0.046189200,0
'2026-08-22 08:29:38.183189600,0.046189600,1
'2026-08-22 08:29:38.183189800,0.046189800,0
'2026-08-22 08:29:38.183195800,0.046195800,1
'2026-08-22 08:29:38.183195900,0.046195900,0
'2026-08-22 08:29:38.183199500,0.046199500,1
'2026-08-22 08:29:38.183199600,0.046199600,0
'2026-08-22 08:29:38.183200300,0.046200300,1
'2026-08-22 08:29:38.183215000,0.046215000,0
'2026-08-22 08:29:38.183226400,0.046226400,1
'2026-08-22 08:29:38.183241200,0.046241200,0
'2026-08-22 08:29:38.183252500,0.046252500,1
'2026-08-22 08:29:38.183267200,0.046267200,0
'2026-08-22 08:29:38.183267300,0.046267300,1
'2026-08-22 08:29:38.183267400,0.046267400,0
'2026-08-22 08:29:38.183268300,0.046268300,1
'2026-08-22 08:29:38.183268400,0.046268400,0
'2026-08-22 08:29:38.183273200,0.046273200,1
'2026-08-22 08:29:38.184492900,0.047492900,0
'2026-08-22 08:29:38.184504400,0.047504400,1
'2026-08-22 08:29:38.184519200,0.047519200,0
'2026-08-22 08:29:38.184530500,0.047530500,1
'2026-08-22 08:29:38.184545000,0.047545000,0
'2026-08-22 08:29:38.184545100,0.047545100,1
'2026-08-22 08:29:38.184545200,0.047545200,0
'2026-08-22 08:29:38.184556600,0.047556600,1
'2026-08-22 08:29:38.184571200,0.047571200,0
'2026-08-22 08:29:38.184582700,0.047582700,1
'2026-08-22 08:29:38.184597600,0.047597600,0
'2026-08-22 08:29:38.184608800,0.047608800,1
'2026-08-22 08:29:38.184623200,0.047623200,0
'2026-08-22 08:29:38.184634900,0.047634900,1
'2026-08-22 08:29:38.184649600,0.047649600,0
'2026-08-22 08:29:38.184660900,0.047660900,1
'2026-08-22 08:29:38.184675400,0.047675400,0
'2026-08-22 08:29:38.184687000,0.047687000,1
'2026-08-22 08:29:38.184701800,0.047701800,0
'2026-08-22 08:29:38.184701900,0.047701900,1
'2026-08-22 08:29:38.184702000,0.047702000,0
'2026-08-22 08:29:38.184713100,0.047713100,1
'2026-08-22 08:29:38.184727700,0.047727700,0
'2026-08-22 08:29:38.184739200,0.047739200,1
'2026-08-22 08:29:38.184754000,0.047754000,0
'2026-08-22 08:29:38.184761400,0.047761400,1
'2026-08-22 08:29:38.184761500,0.047761500,0
'2026-08-22 08:29:38.184765300,0.047765300,1
'2026-08-22 08:29:38.184780200,0.047780200,0
'2026-08-22 08:29:38.184791400,0.047791400,1
'2026-08-22 08:29:38.184806000,0.047806000,0
'2026-08-22 08:29:38.184817500,0.047817500,1
'2026-08-22 08:29:38.184832400,0.047832400,0
'2026-08-22 08:29:38.184843600,0.047843600,1
'2026-08-22 08:29:38.184858100,0.047858100,0
'2026-08-22 08:29:38.184861300,0.047861300,1
'2026-08-22 08:29:38.184861400,0.047861400,0
'2026-08-22 08:29:38.184861900,0.047861900,1
'2026-08-22 08:29:38.184862000,0.047862000,0
'2026-08-22 08:29:38.184869700,0.047869700,1
'2026-08-22 08:29:38.184884400,0.047884400,0
'2026-08-22 08:29:38.184887700,0.047887700,1
'2026-08-22 08:29:38.186110200,0.049110200,0
'2026-08-22 08:29:38.186121600,0.049121600,1
'2026-08-22 08:29:38.186136200,0.049136200,0
'2026-08-22 08:29:38.186147600,0.049147600,1
'2026-08-22 08:29:38.186162200,0.049162200,0
'2026-08-22 08:29:38.186173700,0.049173700,1
'2026-08-22 08:29:38.186188400,0.049188400,0
'2026-08-22 08:29:38.186199800,0.049199800,1
'2026-08-22 08:29:38.186214400,0.049214400,0
'2026-08-22 08:29:38.186225900,0.049225900,1
'2026-08-22 08:29:38.186240600,0.049240600,0
'2026-08-22 08:29:38.186252000,0.049252000,1
'2026-08-22 08:29:38.186266600,0.049266600,0
'2026-08-22 08:29:38.186268300,0.049268300,1
'2026-08-22 08:29:38.186268400,0.049268400,0
'2026-08-22 08:29:38.186278100,0.049278100,1
'2026-08-22 08:29:38.186292600,0.049292600,0
'2026-08-22 08:29:38.186292700,0.049292700,1
'2026-08-22 08:29:38.186292800,0.049292800,0
'2026-08-22 08:29:38.186304200,0.049304200,1
'2026-08-22 08:29:38.186318800,0.049318800,0
'2026-08-22 08:29:38.186318900,0.049318900,1
'2026-08-22 08:29:38.186319000,0.049319000,0
'2026-08-22 08:29:38.186330300,0.049330300,1
'2026-08-22 08:29:38.186345000,0.049345000,0
'2026-08-22 08:29:38.186356400,0.049356400,1
'2026-08-22 08:29:38.186371100,0.049371100,0
'2026-08-22 08:29:38.186382500,0.049382500,1
'2026-08-22 08:29:38.186397100,0.049397100,0
'2026-08-22 08:29:38.186397200,0.049397200,1
'2026-08-22 08:29:38.186397500,0.049397500,0
'2026-08-22 08:29:38.186408500,0.049408500,1
'2026-08-22 08:29:38.186423200,0.049423200,0
'2026-08-22 08:29:38.186434700,0.049434700,1
'2026-08-22 08:29:38.186449400,0.049449400,0
'2026-08-22 08:29:38.186460700,0.049460700,1
'2026-08-22 08:29:38.186475300,0.049475300,0
'2026-08-22 08:29:38.186476100,0.049476100,1
'2026-08-22 08:29:38.186476300,0.049476300,0
'2026-08-22 08:29:38.186477900,0.049477900,1
'2026-08-22 08:29:38.186478000,0.049478000,0
'2026-08-22 08:29:38.186486800,0.049486800,1
'2026-08-22 08:29:38.186501600,0.049501600,0
'2026-08-22 08:29:38.186509900,0.049509900,1
'2026-08-22 08:29:38.187727200,0.050727200,0
'2026-08-22 08:29:38.187738800,0.050738800,1
'2026-08-22 08:29:38.187753400,0.050753400,0
'2026-08-22 08:29:38.187764900,0.050764900,1
'2026-08-22 08:29:38.187779400,0.050779400,0
'2026-08-22 08:29:38.187791000,0.050791000,1
'2026-08-22 08:29:38.187805700,0.050805700,0
'2026-08-22 08:29:38.187805800,0.050805800,1
'2026-08-22 08:29:38.187805900,0.050805900,0
'2026-08-22 08:29:38.187817100,0.050817100,1
'2026-08-22 08:29:38.187831400,0.050831400,0
'2026-08-22 08:29:38.187836300,0.050836300,1
'2026-08-22 08:29:38.187836400,0.050836400,0
'2026-08-22 08:29:38.187843200,0.050843200,1
'2026-08-22 08:29:38.187858000,0.050858000,0
'2026-08-22 08:29:38.187869300,0.050869300,1
'2026-08-22 08:29:38.187883700,0.050883700,0
'2026-08-22 08:29:38.187895300,0.050895300,1
'2026-08-22 08:29:38.187910100,0.050910100,0
'2026-08-22 08:29:38.187910300,0.050910300,1
'2026-08-22 08:29:38.187910400,0.050910400,0
'2026-08-22 08:29:38.187915000,0.050915000,1
'2026-08-22 08:29:38.187915100,0.050915100,0
'2026-08-22 08:29:38.187921400,0.050921400,1
'2026-08-22 08:29:38.187936100,0.050936100,0
'2026-08-22 08:29:38.187947500,0.050947500,1
'2026-08-22 08:29:38.187962000,0.050962000,0
'2026-08-22 08:29:38.187973600,0.050973600,1
'2026-08-22 08:29:38.187988300,0.050988300,0
'2026-08-22 08:29:38.187997400,0.050997400,1
'2026-08-22 08:29:38.187997500,0.050997500,0
'2026-08-22 08:29:38.187999700,0.050999700,1
'2026-08-22 08:29:38.188014400,0.051014400,0
'2026-08-22 08:29:38.188025800,0.051025800,1
'2026-08-22 08:29:38.188040400,0.051040400,0
'2026-08-22 08:29:38.188040700,0.051040700,1
'2026-08-22 08:29:38.188040800,0.051040800,0
'2026-08-22 08:29:38.188051900,0.051051900,1
'2026-08-22 08:29:38.188066500,0.051066500,0
'2026-08-22 08:29:38.188078000,0.051078000,1
'2026-08-22 08:29:38.188092600,0.051092600,0
'2026-08-22 08:29:38.188104100,0.051104100,1
'2026-08-22 08:29:38.188119000,0.051119000,0
'2026-08-22 08:29:38.188119300,0.051119300,1
'2026-08-22 08:29:38.188119400,0.051119400,0
'2026-08-22 08:29:38.188124400,0.051124400,1
'2026-08-22 08:29:38.189329400,0.052329400,0
'2026-08-22 08:29:38.189329900,0.052329900,1
'2026-08-22 08:29:38.189344800,0.052344800,0
'2026-08-22 08:29:38.189356000,0.052356000,1
'2026-08-22 08:29:38.189370500,0.052370500,0
'2026-08-22 08:29:38.189382100,0.052382100,1
'2026-08-22 08:29:38.189396800,0.052396800,0
'2026-08-22 08:29:38.189408200,0.052408200,1
'2026-08-22 08:29:38.189422800,0.052422800,0
'2026-08-22 08:29:38.189434300,0.052434300,1
'2026-08-22 08:29:38.189448800,0.052448800,0
'2026-08-22 08:29:38.189460400,0.052460400,1
'2026-08-22 08:29:38.189475000,0.052475000,0
'2026-08-22 08:29:38.189475500,0.052475500,1
'2026-08-22 08:29:38.189475600,0.052475600,0
'2026-08-22 08:29:38.189486500,0.052486500,1
'2026-08-22 08:29:38.189501000,0.052501000,0
'2026-08-22 08:29:38.189501100,0.052501100,1
'2026-08-22 08:29:38.189501200,0.052501200,0
'2026-08-22 08:29:38.189512600,0.052512600,1
'2026-08-22 08:29:38.189527200,0.052527200,0
'2026-08-22 08:29:38.189527400,0.052527400,1
'2026-08-22 08:29:38.189527500,0.052527500,0
'2026-08-22 08:29:38.189538700,0.052538700,1
'2026-08-22 08:29:38.189553300,0.052553300,0
'2026-08-22 08:29:38.189564800,0.052564800,1
'2026-08-22 08:29:38.189579200,0.052579200,0
'2026-08-22 08:29:38.189590900,0.052590900,1
'2026-08-22 08:29:38.189605900,0.052605900,0
'2026-08-22 08:29:38.189606200,0.052606200,1
'2026-08-22 08:29:38.189606300,0.052606300,0
'2026-08-22 08:29:38.189617000,0.052617000,1
'2026-08-22 08:29:38.189631400,0.052631400,0
'2026-08-22 08:29:38.189643100,0.052643100,1
'2026-08-22 08:29:38.189658000,0.052658000,0
'2026-08-22 08:29:38.189658100,0.052658100,1
'2026-08-22 08:29:38.189658200,0.052658200,0
'2026-08-22 08:29:38.189669200,0.052669200,1
'2026-08-22 08:29:38.189683600,0.052683600,0
'2026-08-22 08:29:38.189695200,0.052695200,1
'2026-08-22 08:29:38.189709800,0.052709800,0
'2026-08-22 08:29:38.189721400,0.052721400,1
'2026-08-22 08:29:38.189736000,0.052736000,0
'2026-08-22 08:29:38.189736900,0.052736900,1
'2026-08-22 08:29:38.189737000,0.052737000,0
'2026-08-22 08:29:38.189739000,0.052739000,1
'2026-08-22 08:29:38.190961700,0.053961700,0
'2026-08-22 08:29:38.190973300,0.053973300,1
'2026-08-22 08:29:38.190987700,0.053987700,0
'2026-08-22 08:29:38.190990800,0.053990800,1
'2026-08-22 08:29:38.190990900,0.053990900,0
'2026-08-22 08:29:38.190999400,0.053999400,1
'2026-08-22 08:29:38.191013900,0.054013900,0
'2026-08-22 08:29:38.191025500,0.054025500,1
'2026-08-22 08:29:38.191040000,0.054040000,0
'2026-08-22 08:29:38.191051600,0.054051600,1
'2026-08-22 08:29:38.191066200,0.054066200,0
'2026-08-22 08:29:38.191066300,0.054066300,1
'2026-08-22 08:29:38.191066400,0.054066400,0
'2026-08-22 08:29:38.191077700,0.054077700,1
'2026-08-22 08:29:38.191092100,0.054092100,0
'2026-08-22 08:29:38.191103700,0.054103700,1
'2026-08-22 08:29:38.191118300,0.054118300,0
'2026-08-22 08:29:38.191129800,0.054129800,1
'2026-08-22 08:29:38.191144600,0.054144600,0
'2026-08-22 08:29:38.191155900,0.054155900,1
'2026-08-22 08:29:38.191170600,0.054170600,0
'2026-08-22 08:29:38.191182000,0.054182000,1
'2026-08-22 08:29:38.191196600,0.054196600,0
'2026-08-22 08:29:38.191202400,0.054202400,1
'2026-08-22 08:29:38.191202500,0.054202500,0
'2026-08-22 08:29:38.191208100,0.054208100,1
'2026-08-22 08:29:38.191222900,0.054222900,0
'2026-08-22 08:29:38.191234200,0.054234200,1
'2026-08-22 08:29:38.191248700,0.054248700,0
'2026-08-22 08:29:38.191260300,0.054260300,1
'2026-08-22 08:29:38.191274800,0.054274800,0
'2026-08-22 08:29:38.191286400,0.054286400,1
'2026-08-22 08:29:38.191301200,0.054301200,0
'2026-08-22 08:29:38.191312500,0.054312500,1
'2026-08-22 08:29:38.191327000,0.054327000,0
'2026-08-22 08:29:38.191338600,0.054338600,1
'2026-08-22 08:29:38.191353200,0.054353200,0
'2026-08-22 08:29:38.191353500,0.054353500,1
'2026-08-22 08:29:38.192579200,0.055579200,0
'2026-08-22 08:29:38.192590600,0.055590600,1
'2026-08-22 08:29:38.192605200,0.055605200,0
'2026-08-22 08:29:38.192605300,0.055605300,1
'2026-08-22 08:29:38.192605400,0.055605400,0
'2026-08-22 08:29:38.192616700,0.055616700,1
'2026-08-22 08:29:38.192631300,0.055631300,0
'2026-08-22 08:29:38.192642800,0.055642800,1
'2026-08-22 08:29:38.192657400,0.055657400,0
'2026-08-22 08:29:38.192668900,0.055668900,1
'2026-08-22 08:29:38.192683700,0.055683700,0
'2026-08-22 08:29:38.192695000,0.055695000,1
'2026-08-22 08:29:38.192709600,0.055709600,0
'2026-08-22 08:29:38.192721100,0.055721100,1
'2026-08-22 08:29:38.192735600,0.055735600,0
'2026-08-22 08:29:38.192747200,0.055747200,1
'2026-08-22 08:29:38.192761800,0.055761800,0
'2026-08-22 08:29:38.192773300,0.055773300,1
'2026-08-22 08:29:38.192787800,0.055787800,0
'2026-08-22 08:29:38.192799300,0.055799300,1
'2026-08-22 08:29:38.192814000,0.055814000,0
'2026-08-22 08:29:38.192814100,0.055814100,1
'2026-08-22 08:29:38.192814300,0.055814300,0
'2026-08-22 08:29:38.192825400,0.055825400,1
'2026-08-22 08:29:38.192840100,0.055840100,0
'2026-08-22 08:29:38.192851500,0.055851500,1
'2026-08-22 08:29:38.192866000,0.055866000,0
'2026-08-22 08:29:38.192866200,0.055866200,1
'2026-08-22 08:29:38.192866300,0.055866300,0
'2026-08-22 08:29:38.192872700,0.055872700,1
'2026-08-22 08:29:38.192872800,0.055872800,0
'2026-08-22 08:29:38.192877600,0.055877600,1
'2026-08-22 08:29:38.192892400,0.055892400,0
'2026-08-22 08:29:38.192892500,0.055892500,1
'2026-08-22 08:29:38.192892600,0.055892600,0
'2026-08-22 08:29:38.192893200,0.055893200,1
'2026-08-22 08:29:38.192893400,0.055893400,0
'2026-08-22 08:29:38.192894300,0.055894300,1
'2026-08-22 08:29:38.192894400,0.055894400,0
'2026-08-22 08:29:38.192903700,0.055903700,1
'2026-08-22 08:29:38.192918000,0.055918000,0
'2026-08-22 08:29:38.192929800,0.055929800,1
'2026-08-22 08:29:38.192944900,0.055944900,0
'2026-08-22 08:29:38.192945100,0.055945100,1
'2026-08-22 08:29:38.192945200,0.055945200,0
'2026-08-22 08:29:38.192955900,0.055955900,1
'2026-08-22 08:29:38.192970300,0.055970300,0
'2026-08-22 08:29:38.192976200,0.055976200,1
'2026-08-22 08:29:38.193390400,0.056390400,0
'2026-08-22 08:29:38.193399300,0.056399300,1
'2026-08-22 08:29:38.193413800,0.056413800,0
'2026-08-22 08:29:38.193414000,0.056414000,1
'2026-08-22 08:29:38.193414100,0.056414100,0
'2026-08-22 08:29:38.193425400,0.056425400,1
'2026-08-22 08:29:38.193440000,0.056440000,0
'2026-08-22 08:29:38.193451500,0.056451500,1
'2026-08-22 08:29:38.193466200,0.056466200,0
'2026-08-22 08:29:38.193466500,0.056466500,1
'2026-08-22 08:29:38.193466600,0.056466600,0
'2026-08-22 08:29:38.193477600,0.056477600,1
'2026-08-22 08:29:38.193492000,0.056492000,0
'2026-08-22 08:29:38.193498700,0.056498700,1
'2026-08-22 08:29:38.193498800,0.056498800,0
'2026-08-22 08:29:38.193503600,0.056503600,1
'2026-08-22 08:29:38.193518400,0.056518400,0
'2026-08-22 08:29:38.193518500,0.056518500,1
'2026-08-22 08:29:38.193518600,0.056518600,0
'2026-08-22 08:29:38.193529700,0.056529700,1
'2026-08-22 08:29:38.193544300,0.056544300,0
'2026-08-22 08:29:38.193545400,0.056545400,1
'2026-08-22 08:29:38.193545500,0.056545500,0
'2026-08-22 08:29:38.193555800,0.056555800,1
'2026-08-22 08:29:38.193570600,0.056570600,0
'2026-08-22 08:29:38.193581900,0.056581900,1
'2026-08-22 08:29:38.193596600,0.056596600,0
'2026-08-22 08:29:38.193596700,0.056596700,1
'2026-08-22 08:29:38.193596800,0.056596800,0
'2026-08-22 08:29:38.193599600,0.056599600,1
'2026-08-22 08:29:38.193599700,0.056599700,0
'2026-08-22 08:29:38.193608000,0.056608000,1
'2026-08-22 08:29:38.193622600,0.056622600,0
'2026-08-22 08:29:38.193634100,0.056634100,1
'2026-08-22 08:29:38.193648800,0.056648800,0
'2026-08-22 08:29:38.193649300,0.056649300,1
'2026-08-22 08:29:38.193649400,0.056649400,0
'2026-08-22 08:29:38.193660200,0.056660200,1
'2026-08-22 08:29:38.193674800,0.056674800,0
'2026-08-22 08:29:38.193675000,0.056675000,1
'2026-08-22 08:29:38.193675100,0.056675100,0
'2026-08-22 08:29:38.193686300,0.056686300,1
'2026-08-22 08:29:38.193700900,0.056700900,0
'2026-08-22 08:29:38.193712400,0.056712400,1
'2026-08-22 08:29:38.193727700,0.056727700,0
'2026-08-22 08:29:38.193728100,0.056728100,1
'2026-08-22 08:29:38.193728200,0.056728200,0
'2026-08-22 08:29:38.193738500,0.056738500,1
'2026-08-22 08:29:38.193753000,0.056753000,0
'2026-08-22 08:29:38.193764600,0.056764600,1
'2026-08-22 08:29:38.193779300,0.056779300,0
'2026-08-22 08:29:38.193779500,0.056779500,1
'2026-08-22 08:29:38.193779600,0.056779600,0
'2026-08-22 08:29:38.193790700,0.056790700,1
'2026-08-22 08:29:38.194222600,0.057222600,0
'2026-08-22 08:29:38.194222700,0.057222700,1
'2026-08-22 08:29:38.194222900,0.057222900,0
'2026-08-22 08:29:38.194234100,0.057234100,1
'2026-08-22 08:29:38.194248600,0.057248600,0
'2026-08-22 08:29:38.194260200,0.057260200,1
'2026-08-22 08:29:38.194274800,0.057274800,0
'2026-08-22 08:29:38.194286200,0.057286200,1
'2026-08-22 08:29:38.194301200,0.057301200,0
'2026-08-22 08:29:38.194302300,0.057302300,1
'2026-08-22 08:29:38.194302400,0.057302400,0
'2026-08-22 08:29:38.194312300,0.057312300,1
'2026-08-22 08:29:38.194326900,0.057326900,0
'2026-08-22 08:29:38.194327300,0.057327300,1
'2026-08-22 08:29:38.194327400,0.057327400,0
'2026-08-22 08:29:38.194338400,0.057338400,1
'2026-08-22 08:29:38.194353100,0.057353100,0
'2026-08-22 08:29:38.194364500,0.057364500,1
'2026-08-22 08:29:38.194379100,0.057379100,0
'2026-08-22 08:29:38.194390600,0.057390600,1
'2026-08-22 08:29:38.194405200,0.057405200,0
'2026-08-22 08:29:38.194416700,0.057416700,1
'2026-08-22 08:29:38.194431400,0.057431400,0
'2026-08-22 08:29:38.194442300,0.057442300,1
'2026-08-22 08:29:38.194442400,0.057442400,0
'2026-08-22 08:29:38.194442800,0.057442800,1
'2026-08-22 08:29:38.194457600,0.057457600,0
'2026-08-22 08:29:38.194468900,0.057468900,1
'2026-08-22 08:29:38.194483600,0.057483600,0
'2026-08-22 08:29:38.194495000,0.057495000,1
'2026-08-22 08:29:38.194509600,0.057509600,0
'2026-08-22 08:29:38.194521100,0.057521100,1
'2026-08-22 08:29:38.194535800,0.057535800,0
'2026-08-22 08:29:38.194547200,0.057547200,1
'2026-08-22 08:29:38.194562100,0.057562100,0
'2026-08-22 08:29:38.194573300,0.057573300,1
'2026-08-22 08:29:38.194587800,0.057587800,0
'2026-08-22 08:29:38.194599400,0.057599400,1
'2026-08-22 08:29:38.194614200,0.057614200,0
'2026-08-22 08:29:38.194614500,0.057614500,1
'2026-08-22 08:29:38.194614600,0.057614600,0
'2026-08-22 08:29:38.194615100,0.057615100,1
'2026-08-22 08:29:38.194615200,0.057615200,0
'2026-08-22 08:29:38.194616600,0.057616600,1
'2026-08-22 08:29:38.194616700,0.057616700,0
'2026-08-22 08:29:38.194623600,0.057623600,1
'2026-08-22 08:29:38.195037400,0.058037400,0
'2026-08-22 08:29:38.195042700,0.058042700,1
'2026-08-22 08:29:38.195057400,0.058057400,0
'2026-08-22 08:29:38.195057600,0.058057600,1
'2026-08-22 08:29:38.195057700,0.058057700,0
'2026-08-22 08:29:38.195068800,0.058068800,1
'2026-08-22 08:29:38.195083500,0.058083500,0
'2026-08-22 08:29:38.195094900,0.058094900,1
'2026-08-22 08:29:38.195109400,0.058109400,0
'2026-08-22 08:29:38.195121100,0.058121100,1
'2026-08-22 08:29:38.195135800,0.058135800,0
'2026-08-22 08:29:38.195135900,0.058135900,1
'2026-08-22 08:29:38.195136000,0.058136000,0
'2026-08-22 08:29:38.195136300,0.058136300,1
'2026-08-22 08:29:38.195136400,0.058136400,0
'2026-08-22 08:29:38.195137200,0.058137200,1
'2026-08-22 08:29:38.195137300,0.058137300,0
'2026-08-22 08:29:38.195147100,0.058147100,1
'2026-08-22 08:29:38.195161600,0.058161600,0
'2026-08-22 08:29:38.195173200,0.058173200,1
'2026-08-22 08:29:38.195188200,0.058188200,0
'2026-08-22 08:29:38.195199300,0.058199300,1
'2026-08-22 08:29:38.195213900,0.058213900,0
'2026-08-22 08:29:38.195214000,0.058214000,1
'2026-08-22 08:29:38.195214100,0.058214100,0
'2026-08-22 08:29:38.195225400,0.058225400,1
'2026-08-22 08:29:38.195240000,0.058240000,0
'2026-08-22 08:29:38.195251500,0.058251500,1
'2026-08-22 08:29:38.195266100,0.058266100,0
'2026-08-22 08:29:38.195277600,0.058277600,1
'2026-08-22 08:29:38.195292200,0.058292200,0
'2026-08-22 08:29:38.195292300,0.058292300,1
'2026-08-22 08:29:38.195292400,0.058292400,0
'2026-08-22 08:29:38.195303700,0.058303700,1
'2026-08-22 08:29:38.195318400,0.058318400,0
'2026-08-22 08:29:38.195329800,0.058329800,1
'2026-08-22 08:29:38.195344400,0.058344400,0
'2026-08-22 08:29:38.195344900,0.058344900,1
'2026-08-22 08:29:38.195345000,0.058345000,0
'2026-08-22 08:29:38.195355900,0.058355900,1
'2026-08-22 08:29:38.195370600,0.058370600,0
'2026-08-22 08:29:38.195382000,0.058382000,1
'2026-08-22 08:29:38.195396600,0.058396600,0
'2026-08-22 08:29:38.195408100,0.058408100,1
'2026-08-22 08:29:38.195422600,0.058422600,0
'2026-08-22 08:29:38.195431900,0.058431900,1
'2026-08-22 08:29:38.195432000,0.058432000,0
'2026-08-22 08:29:38.195434100,0.058434100,1
'2026-08-22 08:29:38.196652500,0.059652500,0
'2026-08-22 08:29:38.196660100,0.059660100,1
'2026-08-22 08:29:38.196674900,0.059674900,0
'2026-08-22 08:29:38.196675600,0.059675600,1
'2026-08-22 08:29:38.196675700,0.059675700,0
'2026-08-22 08:29:38.196686200,0.059686200,1
'2026-08-22 08:29:38.196700800,0.059700800,0
'2026-08-22 08:29:38.196712300,0.059712300,1
'2026-08-22 08:29:38.196727000,0.059727000,0
'2026-08-22 08:29:38.196727100,0.059727100,1
'2026-08-22 08:29:38.196727200,0.059727200,0
'2026-08-22 08:29:38.196738400,0.059738400,1
'2026-08-22 08:29:38.196753000,0.059753000,0
'2026-08-22 08:29:38.196764500,0.059764500,1
'2026-08-22 08:29:38.196779000,0.059779000,0
'2026-08-22 08:29:38.196779100,0.059779100,1
'2026-08-22 08:29:38.196779200,0.059779200,0
'2026-08-22 08:29:38.196790500,0.059790500,1
'2026-08-22 08:29:38.196805500,0.059805500,0
'2026-08-22 08:29:38.196806500,0.059806500,1
'2026-08-22 08:29:38.196806600,0.059806600,0
'2026-08-22 08:29:38.196816600,0.059816600,1
'2026-08-22 08:29:38.196831300,0.059831300,0
'2026-08-22 08:29:38.196842700,0.059842700,1
'2026-08-22 08:29:38.196857400,0.059857400,0
'2026-08-22 08:29:38.196868800,0.059868800,1
'2026-08-22 08:29:38.196883400,0.059883400,0
'2026-08-22 08:29:38.196894900,0.059894900,1
'2026-08-22 08:29:38.196909400,0.059909400,0
'2026-08-22 08:29:38.196921000,0.059921000,1
'2026-08-22 08:29:38.196935700,0.059935700,0
'2026-08-22 08:29:38.196944300,0.059944300,1
'2026-08-22 08:29:38.196944400,0.059944400,0
'2026-08-22 08:29:38.196947100,0.059947100,1
'2026-08-22 08:29:38.196961800,0.059961800,0
'2026-08-22 08:29:38.196973200,0.059973200,1
'2026-08-22 08:29:38.196987900,0.059987900,0
'2026-08-22 08:29:38.196999300,0.059999300,1
'2026-08-22 08:29:38.197014000,0.060014000,0
'2026-08-22 08:29:38.197014100,0.060014100,1
'2026-08-22 08:29:38.197014200,0.060014200,0
'2026-08-22 08:29:38.197025400,0.060025400,1
'2026-08-22 08:29:38.197039900,0.060039900,0
'2026-08-22 08:29:38.197040000,0.060040000,1
'2026-08-22 08:29:38.197040100,0.060040100,0
'2026-08-22 08:29:38.197044100,0.060044100,1
'2026-08-22 08:29:38.197044200,0.060044200,0
'2026-08-22 08:29:38.197051500,0.060051500,1
'2026-08-22 08:29:38.197483400,0.060483400,0
'2026-08-22 08:29:38.197494900,0.060494900,1
'2026-08-22 08:29:38.197509500,0.060509500,0
'2026-08-22 08:29:38.197521000,0.060521000,1
'2026-08-22 08:29:38.197535600,0.060535600,0
'2026-08-22 08:29:38.197547100,0.060547100,1
'2026-08-22 08:29:38.197561600,0.060561600,0
'2026-08-22 08:29:38.197573200,0.060573200,1
'2026-08-22 08:29:38.197588200,0.060588200,0
'2026-08-22 08:29:38.197599200,0.060599200,1
'2026-08-22 08:29:38.197613800,0.060613800,0
'2026-08-22 08:29:38.197625300,0.060625300,1
'2026-08-22 08:29:38.197640000,0.060640000,0
'2026-08-22 08:29:38.197647300,0.060647300,1
'2026-08-22 08:29:38.197647400,0.060647400,0
'2026-08-22 08:29:38.197651500,0.060651500,1
'2026-08-22 08:29:38.197666000,0.060666000,0
'2026-08-22 08:29:38.197667700,0.060667700,1
'2026-08-22 08:29:38.197667800,0.060667800,0
'2026-08-22 08:29:38.197677500,0.060677500,1
'2026-08-22 08:29:38.197692400,0.060692400,0
'2026-08-22 08:29:38.197703600,0.060703600,1
'2026-08-22 08:29:38.197718300,0.060718300,0
'2026-08-22 08:29:38.197729700,0.060729700,1
'2026-08-22 08:29:38.197744300,0.060744300,0
'2026-08-22 08:29:38.197744400,0.060744400,1
'2026-08-22 08:29:38.197744500,0.060744500,0
'2026-08-22 08:29:38.197744800,0.060744800,1
'2026-08-22 08:29:38.197744900,0.060744900,0
'2026-08-22 08:29:38.197755800,0.060755800,1
'2026-08-22 08:29:38.197770600,0.060770600,0
'2026-08-22 08:29:38.197770700,0.060770700,1
'2026-08-22 08:29:38.197770800,0.060770800,0
'2026-08-22 08:29:38.197781900,0.060781900,1
'2026-08-22 08:29:38.197796400,0.060796400,0
'2026-08-22 08:29:38.197808000,0.060808000,1
'2026-08-22 08:29:38.197822700,0.060822700,0
'2026-08-22 08:29:38.197834100,0.060834100,1
'2026-08-22 08:29:38.197848800,0.060848800,0
'2026-08-22 08:29:38.197860200,0.060860200,1
'2026-08-22 08:29:38.197874800,0.060874800,0
'2026-08-22 08:29:38.197885500,0.060885500,1
'2026-08-22 08:29:38.198299700,0.061299700,0
'2026-08-22 08:29:38.198303600,0.061303600,1
'2026-08-22 08:29:38.198318300,0.061318300,0
'2026-08-22 08:29:38.198329700,0.061329700,1
'2026-08-22 08:29:38.198344600,0.061344600,0
'2026-08-22 08:29:38.198355800,0.061355800,1
'2026-08-22 08:29:38.198370300,0.061370300,0
'2026-08-22 08:29:38.198381900,0.061381900,1
'2026-08-22 08:29:38.198396700,0.061396700,0
'2026-08-22 08:29:38.198397000,0.061397000,1
'2026-08-22 08:29:38.198397100,0.061397100,0
'2026-08-22 08:29:38.198408000,0.061408000,1
'2026-08-22 08:29:38.198422600,0.061422600,0
'2026-08-22 08:29:38.198422700,0.061422700,1
'2026-08-22 08:29:38.198422800,0.061422800,0
'2026-08-22 08:29:38.198423900,0.061423900,1
'2026-08-22 08:29:38.198424000,0.061424000,0
'2026-08-22 08:29:38.198425100,0.061425100,1
'2026-08-22 08:29:38.198425200,0.061425200,0
'2026-08-22 08:29:38.198434100,0.061434100,1
'2026-08-22 08:29:38.198448600,0.061448600,0
'2026-08-22 08:29:38.198460200,0.061460200,1
'2026-08-22 08:29:38.198475200,0.061475200,0
'2026-08-22 08:29:38.198486200,0.061486200,1
'2026-08-22 08:29:38.198500800,0.061500800,0
'2026-08-22 08:29:38.198512400,0.061512400,1
'2026-08-22 08:29:38.198526900,0.061526900,0
'2026-08-22 08:29:38.198538400,0.061538400,1
'2026-08-22 08:29:38.198553100,0.061553100,0
'2026-08-22 08:29:38.198564500,0.061564500,1
'2026-08-22 08:29:38.198579100,0.061579100,0
'2026-08-22 08:29:38.198585100,0.061585100,1
'2026-08-22 08:29:38.198585200,0.061585200,0
'2026-08-22 08:29:38.198590600,0.061590600,1
'2026-08-22 08:29:38.198605700,0.061605700,0
'2026-08-22 08:29:38.198616700,0.061616700,1
'2026-08-22 08:29:38.198631400,0.061631400,0
'2026-08-22 08:29:38.198642800,0.061642800,1
'2026-08-22 08:29:38.198657700,0.061657700,0
'2026-08-22 08:29:38.198668900,0.061668900,1
'2026-08-22 08:29:38.198683500,0.061683500,0
'2026-08-22 08:29:38.198695000,0.061695000,1
'2026-08-22 08:29:38.199126800,0.062126800,0
'2026-08-22 08:29:38.199138400,0.062138400,1
'2026-08-22 08:29:38.199153000,0.062153000,0
'2026-08-22 08:29:38.199153200,0.062153200,1
'2026-08-22 08:29:38.199153300,0.062153300,0
'2026-08-22 08:29:38.199164500,0.062164500,1
'2026-08-22 08:29:38.199179200,0.062179200,0
'2026-08-22 08:29:38.199190600,0.062190600,1
'2026-08-22 08:29:38.199205400,0.062205400,0
'2026-08-22 08:29:38.199216700,0.062216700,1
'2026-08-22 08:29:38.199231200,0.062231200,0
'2026-08-22 08:29:38.199242800,0.062242800,1
'2026-08-22 08:29:38.199257600,0.062257600,0
'2026-08-22 08:29:38.199257700,0.062257700,1
'2026-08-22 08:29:38.199257800,0.062257800,0
'2026-08-22 08:29:38.199258900,0.062258900,1
'2026-08-22 08:29:38.199259000,0.062259000,0
'2026-08-22 08:29:38.199268900,0.062268900,1
'2026-08-22 08:29:38.199283400,0.062283400,0
'2026-08-22 08:29:38.199284700,0.062284700,1
'2026-08-22 08:29:38.199284800,0.062284800,0
'2026-08-22 08:29:38.199295000,0.062295000,1
'2026-08-22 08:29:38.199310000,0.062310000,0
'2026-08-22 08:29:38.199321000,0.062321000,1
'2026-08-22 08:29:38.199335600,0.062335600,0
'2026-08-22 08:29:38.199337900,0.062337900,1
'2026-08-22 08:29:38.199338000,0.062338000,0
'2026-08-22 08:29:38.199347100,0.062347100,1
'2026-08-22 08:29:38.199361900,0.062361900,0
'2026-08-22 08:29:38.199373200,0.062373200,1
'2026-08-22 08:29:38.199388200,0.062388200,0
'2026-08-22 08:29:38.199399300,0.062399300,1
'2026-08-22 08:29:38.199413900,0.062413900,0
'2026-08-22 08:29:38.199425400,0.062425400,1
'2026-08-22 08:29:38.199440300,0.062440300,0
'2026-08-22 08:29:38.199440500,0.062440500,1
'2026-08-22 08:29:38.199440800,0.062440800,0
'2026-08-22 08:29:38.199451500,0.062451500,1
'2026-08-22 08:29:38.199466200,0.062466200,0
'2026-08-22 08:29:38.199466300,0.062466300,1
'2026-08-22 08:29:38.199466400,0.062466400,0
'2026-08-22 08:29:38.199468600,0.062468600,1
'2026-08-22 08:29:38.199468700,0.062468700,0
'2026-08-22 08:29:38.199477600,0.062477600,1
'2026-08-22 08:29:38.199492200,0.062492200,0
'2026-08-22 08:29:38.199498400,0.062498400,1
'2026-08-22 08:29:38.199498500,0.062498500,0
'2026-08-22 08:29:38.199499000,0.062499000,1
'2026-08-22 08:29:38.199499100,0.062499100,0
'2026-08-22 08:29:38.199500200,0.062500200,1
'2026-08-22 08:29:38.199500300,0.062500300,0
'2026-08-22 08:29:38.199503700,0.062503700,1
'2026-08-22 08:29:38.199519300,0.062519300,0
'2026-08-22 08:29:38.199519400,0.062519400,1
'2026-08-22 08:29:38.199519600,0.062519600,0
'2026-08-22 08:29:38.199519700,0.062519700,1
'2026-08-22 08:29:38.199519800,0.062519800,0
'2026-08-22 08:29:38.199519900,0.062519900,1
'2026-08-22 08:29:38.199520100,0.062520100,0
'2026-08-22 08:29:38.199529800,0.062529800,1
'2026-08-22 08:29:38.199961800,0.062961800,0
'2026-08-22 08:29:38.199962100,0.062962100,1
'2026-08-22 08:29:38.199962200,0.062962200,0
'2026-08-22 08:29:38.199973200,0.062973200,1
'2026-08-22 08:29:38.199987800,0.062987800,0
'2026-08-22 08:29:38.199999300,0.062999300,1
'2026-08-22 08:29:38.200014100,0.063014100,0
'2026-08-22 08:29:38.200025400,0.063025400,1
'2026-08-22 08:29:38.200040200,0.063040200,0
'2026-08-22 08:29:38.200040300,0.063040300,1
'2026-08-22 08:29:38.200040400,0.063040400,0
'2026-08-22 08:29:38.200040900,0.063040900,1
'2026-08-22 08:29:38.200041000,0.063041000,0
'2026-08-22 08:29:38.200051500,0.063051500,1
'2026-08-22 08:29:38.200066000,0.063066000,0
'2026-08-22 08:29:38.200077600,0.063077600,1
'2026-08-22 08:29:38.200092400,0.063092400,0
'2026-08-22 08:29:38.200092800,0.063092800,1
'2026-08-22 08:29:38.200093000,0.063093000,0
'2026-08-22 08:29:38.200103700,0.063103700,1
'2026-08-22 08:29:38.200118100,0.063118100,0
'2026-08-22 08:29:38.200121700,0.063121700,1
'2026-08-22 08:29:38.200121800,0.063121800,0
'2026-08-22 08:29:38.200129700,0.063129700,1
'2026-08-22 08:29:38.200144600,0.063144600,0
'2026-08-22 08:29:38.200155800,0.063155800,1
'2026-08-22 08:29:38.200170400,0.063170400,0
'2026-08-22 08:29:38.200170500,0.063170500,1
'2026-08-22 08:29:38.200170600,0.063170600,0
'2026-08-22 08:29:38.200170700,0.063170700,1
'2026-08-22 08:29:38.200170800,0.063170800,0
'2026-08-22 08:29:38.200171000,0.063171000,1
'2026-08-22 08:29:38.200171200,0.063171200,0
'2026-08-22 08:29:38.200171700,0.063171700,1
'2026-08-22 08:29:38.200171800,0.063171800,0
'2026-08-22 08:29:38.200172300,0.063172300,1
'2026-08-22 08:29:38.200172400,0.063172400,0
'2026-08-22 08:29:38.200181900,0.063181900,1
'2026-08-22 08:29:38.200196400,0.063196400,0
'2026-08-22 08:29:38.200202300,0.063202300,1
'2026-08-22 08:29:38.200202400,0.063202400,0
'2026-08-22 08:29:38.200208000,0.063208000,1
'2026-08-22 08:29:38.200223000,0.063223000,0
'2026-08-22 08:29:38.200223100,0.063223100,1
'2026-08-22 08:29:38.200223200,0.063223200,0
'2026-08-22 08:29:38.200223600,0.063223600,1
'2026-08-22 08:29:38.200223800,0.063223800,0
'2026-08-22 08:29:38.200234100,0.063234100,1
'2026-08-22 08:29:38.200248600,0.063248600,0
'2026-08-22 08:29:38.200252300,0.063252300,1
'2026-08-22 08:29:38.200252400,0.063252400,0
'2026-08-22 08:29:38.200260200,0.063260200,1
'2026-08-22 08:29:38.200275100,0.063275100,0
'2026-08-22 08:29:38.200286300,0.063286300,1
'2026-08-22 08:29:38.200300900,0.063300900,0
'2026-08-22 08:29:38.200312400,0.063312400,1
'2026-08-22 08:29:38.200326900,0.063326900,0
'2026-08-22 08:29:38.200327000,0.063327000,1
'2026-08-22 08:29:38.200327100,0.063327100,0
'2026-08-22 08:29:38.200338500,0.063338500,1
'2026-08-22 08:29:38.200353400,0.063353400,0
'2026-08-22 08:29:38.200353600,0.063353600,1
'2026-08-22 08:29:38.200353700,0.063353700,0
'2026-08-22 08:29:38.200353800,0.063353800,1
'2026-08-22 08:29:38.200353900,0.063353900,0
'2026-08-22 08:29:38.200354400,0.063354400,1
'2026-08-22 08:29:38.200354500,0.063354500,0
'2026-08-22 08:29:38.200356500,0.063356500,1
'2026-08-22 08:29:38.200770900,0.063770900,0
'2026-08-22 08:29:38.200781900,0.063781900,1
'2026-08-22 08:29:38.200796600,0.063796600,0
'2026-08-22 08:29:38.200808000,0.063808000,1
'2026-08-22 08:29:38.200822500,0.063822500,0
'2026-08-22 08:29:38.200834100,0.063834100,1
'2026-08-22 08:29:38.200848800,0.063848800,0
'2026-08-22 08:29:38.200860200,0.063860200,1
'2026-08-22 08:29:38.200875000,0.063875000,0
'2026-08-22 08:29:38.200886300,0.063886300,1
'2026-08-22 08:29:38.200900800,0.063900800,0
'2026-08-22 08:29:38.200912300,0.063912300,1
'2026-08-22 08:29:38.200926900,0.063926900,0
'2026-08-22 08:29:38.200935300,0.063935300,1
'2026-08-22 08:29:38.200935400,0.063935400,0
'2026-08-22 08:29:38.200938400,0.063938400,1
'2026-08-22 08:29:38.200953000,0.063953000,0
'2026-08-22 08:29:38.200953100,0.063953100,1
'2026-08-22 08:29:38.200953200,0.063953200,0
'2026-08-22 08:29:38.200964500,0.063964500,1
'2026-08-22 08:29:38.200979100,0.063979100,0
'2026-08-22 08:29:38.200985500,0.063985500,1
'2026-08-22 08:29:38.200985600,0.063985600,0
'2026-08-22 08:29:38.200990600,0.063990600,1
'2026-08-22 08:29:38.201005800,0.064005800,0
'2026-08-22 08:29:38.201006000,0.064006000,1
'2026-08-22 08:29:38.201006100,0.064006100,0
'2026-08-22 08:29:38.201006500,0.064006500,1
'2026-08-22 08:29:38.201006600,0.064006600,0
'2026-08-22 08:29:38.201016700,0.064016700,1
'2026-08-22 08:29:38.201031300,0.064031300,0
'2026-08-22 08:29:38.201042800,0.064042800,1
'2026-08-22 08:29:38.201057600,0.064057600,0
'2026-08-22 08:29:38.201068900,0.064068900,1
'2026-08-22 08:29:38.201083600,0.064083600,0
'2026-08-22 08:29:38.201083700,0.064083700,1
'2026-08-22 08:29:38.201083800,0.064083800,0
'2026-08-22 08:29:38.201095000,0.064095000,1
'2026-08-22 08:29:38.201109800,0.064109800,0
'2026-08-22 08:29:38.201109900,0.064109900,1
'2026-08-22 08:29:38.201110000,0.064110000,0
'2026-08-22 08:29:38.201121100,0.064121100,1
'2026-08-22 08:29:38.201135800,0.064135800,0
'2026-08-22 08:29:38.201147200,0.064147200,1
'2026-08-22 08:29:38.201162000,0.064162000,0
'2026-08-22 08:29:38.201173300,0.064173300,1
'2026-08-22 08:29:38.201605100,0.064605100,0
'2026-08-22 08:29:38.201605200,0.064605200,1
'2026-08-22 08:29:38.201605300,0.064605300,0
'2026-08-22 08:29:38.201611500,0.064611500,1
'2026-08-22 08:29:38.201612400,0.064612400,0
'2026-08-22 08:29:38.201613800,0.064613800,1
'2026-08-22 08:29:38.201614600,0.064614600,0
'2026-08-22 08:29:38.201615900,0.064615900,1
'2026-08-22 08:29:38.201616400,0.064616400,0
'2026-08-22 08:29:38.201616700,0.064616700,1
'2026-08-22 08:29:38.201631500,0.064631500,0
'2026-08-22 08:29:38.201642800,0.064642800,1
'2026-08-22 08:29:38.201657400,0.064657400,0
'2026-08-22 08:29:38.201668900,0.064668900,1
'2026-08-22 08:29:38.201683600,0.064683600,0
'2026-08-22 08:29:38.201694900,0.064694900,1
'2026-08-22 08:29:38.201709600,0.064709600,0
'2026-08-22 08:29:38.201709700,0.064709700,1
'2026-08-22 08:29:38.201709800,0.064709800,0
'2026-08-22 08:29:38.201721000,0.064721000,1
'2026-08-22 08:29:38.201735600,0.064735600,0
'2026-08-22 08:29:38.201735700,0.064735700,1
'2026-08-22 08:29:38.201735800,0.064735800,0
'2026-08-22 08:29:38.201735900,0.064735900,1
'2026-08-22 08:29:38.201736000,0.064736000,0
'2026-08-22 08:29:38.201747100,0.064747100,1
'2026-08-22 08:29:38.201761800,0.064761800,0
'2026-08-22 08:29:38.201761900,0.064761900,1
'2026-08-22 08:29:38.201762000,0.064762000,0
'2026-08-22 08:29:38.201773200,0.064773200,1
'2026-08-22 08:29:38.201788000,0.064788000,0
'2026-08-22 08:29:38.201799300,0.064799300,1
'2026-08-22 08:29:38.201814000,0.064814000,0
'2026-08-22 08:29:38.201814100,0.064814100,1
'2026-08-22 08:29:38.201814200,0.064814200,0
'2026-08-22 08:29:38.201825400,0.064825400,1
'2026-08-22 08:29:38.201840200,0.064840200,0
'2026-08-22 08:29:38.201851500,0.064851500,1
'2026-08-22 08:29:38.201866100,0.064866100,0
'2026-08-22 08:29:38.201866200,0.064866200,1
'2026-08-22 08:29:38.201866300,0.064866300,0
'2026-08-22 08:29:38.201877600,0.064877600,1
'2026-08-22 08:29:38.201892500,0.064892500,0
'2026-08-22 08:29:38.201903700,0.064903700,1
'2026-08-22 08:29:38.201918500,0.064918500,0
'2026-08-22 08:29:38.201918600,0.064918600,1
'2026-08-22 08:29:38.201918700,0.064918700,0
'2026-08-22 08:29:38.201929800,0.064929800,1
'2026-08-22 08:29:38.201944600,0.064944600,0
'2026-08-22 08:29:38.201944900,0.064944900,1
'2026-08-22 08:29:38.201945000,0.064945000,0
'2026-08-22 08:29:38.201955900,0.064955900,1
'2026-08-22 08:29:38.201970600,0.064970600,0
'2026-08-22 08:29:38.201982000,0.064982000,1
'2026-08-22 08:29:38.201997000,0.064997000,0
'2026-08-22 08:29:38.202003900,0.065003900,1
'2026-08-22 08:29:38.202418100,0.065418100,0
'2026-08-22 08:29:38.202425400,0.065425400,1
'2026-08-22 08:29:38.202439800,0.065439800,0
'2026-08-22 08:29:38.202450800,0.065450800,1
'2026-08-22 08:29:38.202450900,0.065450900,0
'2026-08-22 08:29:38.202451500,0.065451500,1
'2026-08-22 08:29:38.202466200,0.065466200,0
'2026-08-22 08:29:38.202475400,0.065475400,1
'2026-08-22 08:29:38.202475500,0.065475500,0
'2026-08-22 08:29:38.202477600,0.065477600,1
'2026-08-22 08:29:38.202492400,0.065492400,0
'2026-08-22 08:29:38.202493500,0.065493500,1
'2026-08-22 08:29:38.202493600,0.065493600,0
'2026-08-22 08:29:38.202494600,0.065494600,1
'2026-08-22 08:29:38.202494800,0.065494800,0
'2026-08-22 08:29:38.202503700,0.065503700,1
'2026-08-22 08:29:38.202518500,0.065518500,0
'2026-08-22 08:29:38.202518600,0.065518600,1
'2026-08-22 08:29:38.202518700,0.065518700,0
'2026-08-22 08:29:38.202529800,0.065529800,1
'2026-08-22 08:29:38.202544800,0.065544800,0
'2026-08-22 08:29:38.202544900,0.065544900,1
'2026-08-22 08:29:38.202545000,0.065545000,0
'2026-08-22 08:29:38.202555900,0.065555900,1
'2026-08-22 08:29:38.202570500,0.065570500,0
'2026-08-22 08:29:38.202582000,0.065582000,1
'2026-08-22 08:29:38.202597000,0.065597000,0
'2026-08-22 08:29:38.202608000,0.065608000,1
'2026-08-22 08:29:38.202622700,0.065622700,0
'2026-08-22 08:29:38.202626700,0.065626700,1
'2026-08-22 08:29:38.202626800,0.065626800,0
'2026-08-22 08:29:38.202634100,0.065634100,1
'2026-08-22 08:29:38.202648900,0.065648900,0
'2026-08-22 08:29:38.202660200,0.065660200,1
'2026-08-22 08:29:38.202675400,0.065675400,0
'2026-08-22 08:29:38.202675500,0.065675500,1
'2026-08-22 08:29:38.202675700,0.065675700,0
'2026-08-22 08:29:38.202678000,0.065678000,1
'2026-08-22 08:29:38.202678100,0.065678100,0
'2026-08-22 08:29:38.202686300,0.065686300,1
'2026-08-22 08:29:38.202701000,0.065701000,0
'2026-08-22 08:29:38.202706600,0.065706600,1
'2026-08-22 08:29:38.202706700,0.065706700,0
'2026-08-22 08:29:38.202708300,0.065708300,1
'2026-08-22 08:29:38.202708400,0.065708400,0
'2026-08-22 08:29:38.202709500,0.065709500,1
'2026-08-22 08:29:38.202709600,0.065709600,0
'2026-08-22 08:29:38.202712400,0.065712400,1
'2026-08-22 08:29:38.202727400,0.065727400,0
'2026-08-22 08:29:38.202727600,0.065727600,1
'2026-08-22 08:29:38.202727700,0.065727700,0
'2026-08-22 08:29:38.202728100,0.065728100,1
'2026-08-22 08:29:38.202728200,0.065728200,0
'2026-08-22 08:29:38.202728300,0.065728300,1
'2026-08-22 08:29:38.202728400,0.065728400,0
'2026-08-22 08:29:38.202728800,0.065728800,1
'2026-08-22 08:29:38.202728900,0.065728900,0
'2026-08-22 08:29:38.202729400,0.065729400,1
'2026-08-22 08:29:38.202729500,0.065729500,0
'2026-08-22 08:29:38.202738100,0.065738100,1
'2026-08-22 08:29:38.202738300,0.065738300,0
'2026-08-22 08:29:38.202738500,0.065738500,1
'2026-08-22 08:29:38.202753000,0.065753000,0
'2026-08-22 08:29:38.202756700,0.065756700,1
'2026-08-22 08:29:38.202757000,0.065757000,0
'2026-08-22 08:29:38.202757400,0.065757400,1
'2026-08-22 08:29:38.202757500,0.065757500,0
'2026-08-22 08:29:38.202758000,0.065758000,1
'2026-08-22 08:29:38.202758100,0.065758100,0
'2026-08-22 08:29:38.202764600,0.065764600,1
'2026-08-22 08:29:38.202779800,0.065779800,0
'2026-08-22 08:29:38.202790700,0.065790700,1
'2026-08-22 08:29:38.202805400,0.065805400,0
'2026-08-22 08:29:38.202809400,0.065809400,1
'2026-08-22 08:29:38.202809500,0.065809500,0
'2026-08-22 08:29:38.202816800,0.065816800,1
'2026-08-22 08:29:38.203248800,0.066248800,0
'2026-08-22 08:29:38.203260200,0.066260200,1
'2026-08-22 08:29:38.203274800,0.066274800,0
'2026-08-22 08:29:38.203286300,0.066286300,1
'2026-08-22 08:29:38.203301200,0.066301200,0
'2026-08-22 08:29:38.203312400,0.066312400,1
'2026-08-22 08:29:38.203327000,0.066327000,0
'2026-08-22 08:29:38.203338500,0.066338500,1
'2026-08-22 08:29:38.203353200,0.066353200,0
'2026-08-22 08:29:38.203364600,0.066364600,1
'2026-08-22 08:29:38.203379600,0.066379600,0
'2026-08-22 08:29:38.203379900,0.066379900,1
'2026-08-22 08:29:38.203380000,0.066380000,0
'2026-08-22 08:29:38.203381700,0.066381700,1
'2026-08-22 08:29:38.203381800,0.066381800,0
'2026-08-22 08:29:38.203390700,0.066390700,1
'2026-08-22 08:29:38.203405200,0.066405200,0
'2026-08-22 08:29:38.203405300,0.066405300,1
'2026-08-22 08:29:38.203405400,0.066405400,0
'2026-08-22 08:29:38.203416800,0.066416800,1
'2026-08-22 08:29:38.203431600,0.066431600,0
'2026-08-22 08:29:38.203437100,0.066437100,1
'2026-08-22 08:29:38.203437200,0.066437200,0
'2026-08-22 08:29:38.203442900,0.066442900,1
'2026-08-22 08:29:38.203457500,0.066457500,0
'2026-08-22 08:29:38.203469000,0.066469000,1
'2026-08-22 08:29:38.203484000,0.066484000,0
'2026-08-22 08:29:38.203493200,0.066493200,1
'2026-08-22 08:29:38.203493300,0.066493300,0
'2026-08-22 08:29:38.203495100,0.066495100,1
'2026-08-22 08:29:38.203509800,0.066509800,0
'2026-08-22 08:29:38.203511900,0.066511900,1
'2026-08-22 08:29:38.203512000,0.066512000,0
'2026-08-22 08:29:38.203512500,0.066512500,1
'2026-08-22 08:29:38.203512600,0.066512600,0
'2026-08-22 08:29:38.203521200,0.066521200,1
'2026-08-22 08:29:38.203536000,0.066536000,0
'2026-08-22 08:29:38.203542900,0.066542900,1
'2026-08-22 08:29:38.203543000,0.066543000,0
'2026-08-22 08:29:38.203547300,0.066547300,1
'2026-08-22 08:29:38.203562200,0.066562200,0
'2026-08-22 08:29:38.203562300,0.066562300,1
'2026-08-22 08:29:38.203562400,0.066562400,0
'2026-08-22 08:29:38.203562700,0.066562700,1
'2026-08-22 08:29:38.203562800,0.066562800,0
'2026-08-22 08:29:38.203563900,0.066563900,1
'2026-08-22 08:29:38.203564000,0.066564000,0
'2026-08-22 08:29:38.203573400,0.066573400,1
'2026-08-22 08:29:38.203587900,0.066587900,0
'2026-08-22 08:29:38.203593100,0.066593100,1
'2026-08-22 08:29:38.203593200,0.066593200,0
'2026-08-22 08:29:38.203599500,0.066599500,1
'2026-08-22 08:29:38.203614300,0.066614300,0
'2026-08-22 08:29:38.203614600,0.066614600,1
'2026-08-22 08:29:38.203614700,0.066614700,0
'2026-08-22 08:29:38.203623700,0.066623700,1
'2026-08-22 08:29:38.203623800,0.066623800,0
'2026-08-22 08:29:38.203625600,0.066625600,1
'2026-08-22 08:29:38.203640200,0.066640200,0
'2026-08-22 08:29:38.203640300,0.066640300,1
'2026-08-22 08:29:38.203640400,0.066640400,0
'2026-08-22 08:29:38.203640900,0.066640900,1
'2026-08-22 08:29:38.203641100,0.066641100,0
'2026-08-22 08:29:38.203642100,0.066642100,1
'2026-08-22 08:29:38.203642200,0.066642200,0
'2026-08-22 08:29:38.203643300,0.066643300,1
'2026-08-22 08:29:38.203643400,0.066643400,0
'2026-08-22 08:29:38.203650900,0.066650900,1
'2026-08-22 08:29:38.204865900,0.067865900,0
'2026-08-22 08:29:38.204877600,0.067877600,1
'2026-08-22 08:29:38.204892200,0.067892200,0
'2026-08-22 08:29:38.204892300,0.067892300,1
'2026-08-22 08:29:38.204892400,0.067892400,0
'2026-08-22 08:29:38.204903700,0.067903700,1
'2026-08-22 08:29:38.204918300,0.067918300,0
'2026-08-22 08:29:38.204929800,0.067929800,1
'2026-08-22 08:29:38.204944500,0.067944500,0
'2026-08-22 08:29:38.204955800,0.067955800,1
'2026-08-22 08:29:38.204970400,0.067970400,0
'2026-08-22 08:29:38.204978300,0.067978300,1
'2026-08-22 08:29:38.204978400,0.067978400,0
'2026-08-22 08:29:38.204981900,0.067981900,1
'2026-08-22 08:29:38.204996500,0.067996500,0
'2026-08-22 08:29:38.204997100,0.067997100,1
'2026-08-22 08:29:38.204997200,0.067997200,0
'2026-08-22 08:29:38.205002500,0.068002500,1
'2026-08-22 08:29:38.205002600,0.068002600,0
'2026-08-22 08:29:38.205008000,0.068008000,1
'2026-08-22 08:29:38.205022800,0.068022800,0
'2026-08-22 08:29:38.205034100,0.068034100,1
'2026-08-22 08:29:38.205049100,0.068049100,0
'2026-08-22 08:29:38.205060200,0.068060200,1
'2026-08-22 08:29:38.205074900,0.068074900,0
'2026-08-22 08:29:38.205086300,0.068086300,1
'2026-08-22 08:29:38.205101400,0.068101400,0
'2026-08-22 08:29:38.205101500,0.068101500,1
'2026-08-22 08:29:38.205101600,0.068101600,0
'2026-08-22 08:29:38.205112400,0.068112400,1
'2026-08-22 08:29:38.205127000,0.068127000,0
'2026-08-22 08:29:38.205138500,0.068138500,1
'2026-08-22 08:29:38.205153600,0.068153600,0
'2026-08-22 08:29:38.205162200,0.068162200,1
'2026-08-22 08:29:38.205162300,0.068162300,0
'2026-08-22 08:29:38.205164600,0.068164600,1
'2026-08-22 08:29:38.205179400,0.068179400,0
'2026-08-22 08:29:38.205190700,0.068190700,1
'2026-08-22 08:29:38.205205300,0.068205300,0
'2026-08-22 08:29:38.205205500,0.068205500,1
'2026-08-22 08:29:38.205205600,0.068205600,0
'2026-08-22 08:29:38.205215600,0.068215600,1
'2026-08-22 08:29:38.205215700,0.068215700,0
'2026-08-22 08:29:38.205216800,0.068216800,1
'2026-08-22 08:29:38.205231600,0.068231600,0
'2026-08-22 08:29:38.205231700,0.068231700,1
'2026-08-22 08:29:38.205231800,0.068231800,0
'2026-08-22 08:29:38.205242900,0.068242900,1
'2026-08-22 08:29:38.205257600,0.068257600,0
'2026-08-22 08:29:38.205265500,0.068265500,1
'2026-08-22 08:29:38.206483300,0.069483300,0
'2026-08-22 08:29:38.206488700,0.069488700,1
'2026-08-22 08:29:38.206488800,0.069488800,0
'2026-08-22 08:29:38.206494900,0.069494900,1
'2026-08-22 08:29:38.206509800,0.069509800,0
'2026-08-22 08:29:38.206521000,0.069521000,1
'2026-08-22 08:29:38.206535600,0.069535600,0
'2026-08-22 08:29:38.206535800,0.069535800,1
'2026-08-22 08:29:38.206535900,0.069535900,0
'2026-08-22 08:29:38.206547100,0.069547100,1
'2026-08-22 08:29:38.206561800,0.069561800,0
'2026-08-22 08:29:38.206573200,0.069573200,1
'2026-08-22 08:29:38.206587800,0.069587800,0
'2026-08-22 08:29:38.206599300,0.069599300,1
'2026-08-22 08:29:38.206613800,0.069613800,0
'2026-08-22 08:29:38.206625400,0.069625400,1
'2026-08-22 08:29:38.206640200,0.069640200,0
'2026-08-22 08:29:38.206640500,0.069640500,1
'2026-08-22 08:29:38.206640600,0.069640600,0
'2026-08-22 08:29:38.206651500,0.069651500,1
'2026-08-22 08:29:38.206666000,0.069666000,0
'2026-08-22 08:29:38.206677600,0.069677600,1
'2026-08-22 08:29:38.206692400,0.069692400,0
'2026-08-22 08:29:38.206702100,0.069702100,1
'2026-08-22 08:29:38.206702200,0.069702200,0
'2026-08-22 08:29:38.206703700,0.069703700,1
'2026-08-22 08:29:38.206718400,0.069718400,0
'2026-08-22 08:29:38.206718500,0.069718500,1
'2026-08-22 08:29:38.206718600,0.069718600,0
'2026-08-22 08:29:38.206729800,0.069729800,1
'2026-08-22 08:29:38.206744200,0.069744200,0
'2026-08-22 08:29:38.206755900,0.069755900,1
'2026-08-22 08:29:38.206771000,0.069771000,0
'2026-08-22 08:29:38.206782000,0.069782000,1
'2026-08-22 08:29:38.206796600,0.069796600,0
'2026-08-22 08:29:38.206808100,0.069808100,1
'2026-08-22 08:29:38.206822900,0.069822900,0
'2026-08-22 08:29:38.206834200,0.069834200,1
'2026-08-22 08:29:38.206848900,0.069848900,0
'2026-08-22 08:29:38.206860200,0.069860200,1
'2026-08-22 08:29:38.206874900,0.069874900,0
'2026-08-22 08:29:38.206880700,0.069880700,1
'2026-08-22 08:29:38.206880800,0.069880800,0
'2026-08-22 08:29:38.206881000,0.069881000,1
'2026-08-22 08:29:38.206881100,0.069881100,0
'2026-08-22 08:29:38.206886300,0.069886300,1
'2026-08-22 08:29:38.207302700,0.070302700,0
'2026-08-22 08:29:38.207303600,0.070303600,1
'2026-08-22 08:29:38.207318200,0.070318200,0
'2026-08-22 08:29:38.207329700,0.070329700,1
'2026-08-22 08:29:38.207344300,0.070344300,0
'2026-08-22 08:29:38.207344400,0.070344400,1
'2026-08-22 08:29:38.207344500,0.070344500,0
'2026-08-22 08:29:38.207344600,0.070344600,1
'2026-08-22 08:29:38.207344700,0.070344700,0
'2026-08-22 08:29:38.207355800,0.070355800,1
'2026-08-22 08:29:38.207370400,0.070370400,0
'2026-08-22 08:29:38.207381900,0.070381900,1
'2026-08-22 08:29:38.207396700,0.070396700,0
'2026-08-22 08:29:38.207408000,0.070408000,1
'2026-08-22 08:29:38.207422600,0.070422600,0
'2026-08-22 08:29:38.207434100,0.070434100,1
'2026-08-22 08:29:38.207448700,0.070448700,0
'2026-08-22 08:29:38.207460200,0.070460200,1
'2026-08-22 08:29:38.207474800,0.070474800,0
'2026-08-22 08:29:38.207474900,0.070474900,1
'2026-08-22 08:29:38.207475000,0.070475000,0
'2026-08-22 08:29:38.207486300,0.070486300,1
'2026-08-22 08:29:38.207500900,0.070500900,0
'2026-08-22 08:29:38.207512400,0.070512400,1
'2026-08-22 08:29:38.207527000,0.070527000,0
'2026-08-22 08:29:38.207538500,0.070538500,1
'2026-08-22 08:29:38.207553300,0.070553300,0
'2026-08-22 08:29:38.207564600,0.070564600,1
'2026-08-22 08:29:38.207579100,0.070579100,0
'2026-08-22 08:29:38.207590700,0.070590700,1
'2026-08-22 08:29:38.207605900,0.070605900,0
'2026-08-22 08:29:38.207616800,0.070616800,1
'2026-08-22 08:29:38.207631500,0.070631500,0
'2026-08-22 08:29:38.207642900,0.070642900,1
'2026-08-22 08:29:38.207657800,0.070657800,0
'2026-08-22 08:29:38.207659400,0.070659400,1
'2026-08-22 08:29:38.207659500,0.070659500,0
'2026-08-22 08:29:38.207668900,0.070668900,1
'2026-08-22 08:29:38.207683700,0.070683700,0
'2026-08-22 08:29:38.207695000,0.070695000,1
'2026-08-22 08:29:38.207709800,0.070709800,0
'2026-08-22 08:29:38.207711900,0.070711900,1
'2026-08-22 08:29:38.208127000,0.071127000,0
'2026-08-22 08:29:38.208127400,0.071127400,1
'2026-08-22 08:29:38.208127500,0.071127500,0
'2026-08-22 08:29:38.208138400,0.071138400,1
'2026-08-22 08:29:38.208152800,0.071152800,0
'2026-08-22 08:29:38.208164500,0.071164500,1
'2026-08-22 08:29:38.208179400,0.071179400,0
'2026-08-22 08:29:38.208190600,0.071190600,1
'2026-08-22 08:29:38.208205400,0.071205400,0
'2026-08-22 08:29:38.208207400,0.071207400,1
'2026-08-22 08:29:38.208207600,0.071207600,0
'2026-08-22 08:29:38.208216700,0.071216700,1
'2026-08-22 08:29:38.208231200,0.071231200,0
'2026-08-22 08:29:38.208242800,0.071242800,1
'2026-08-22 08:29:38.208257800,0.071257800,0
'2026-08-22 08:29:38.208258200,0.071258200,1
'2026-08-22 08:29:38.208258300,0.071258300,0
'2026-08-22 08:29:38.208268900,0.071268900,1
'2026-08-22 08:29:38.208283400,0.071283400,0
'2026-08-22 08:29:38.208287300,0.071287300,1
'2026-08-22 08:29:38.208287400,0.071287400,0
'2026-08-22 08:29:38.208288600,0.071288600,1
'2026-08-22 08:29:38.208288700,0.071288700,0
'2026-08-22 08:29:38.208295000,0.071295000,1
'2026-08-22 08:29:38.208309800,0.071309800,0
'2026-08-22 08:29:38.208321100,0.071321100,1
'2026-08-22 08:29:38.208335600,0.071335600,0
'2026-08-22 08:29:38.208347200,0.071347200,1
'2026-08-22 08:29:38.208361800,0.071361800,0
'2026-08-22 08:29:38.208362100,0.071362100,1
'2026-08-22 08:29:38.208362200,0.071362200,0
'2026-08-22 08:29:38.208373300,0.071373300,1
'2026-08-22 08:29:38.208388100,0.071388100,0
'2026-08-22 08:29:38.208399400,0.071399400,1
'2026-08-22 08:29:38.208414000,0.071414000,0
'2026-08-22 08:29:38.208414100,0.071414100,1
'2026-08-22 08:29:38.208414200,0.071414200,0
'2026-08-22 08:29:38.208425500,0.071425500,1
'2026-08-22 08:29:38.208440200,0.071440200,0
'2026-08-22 08:29:38.208451600,0.071451600,1
'2026-08-22 08:29:38.208466400,0.071466400,0
'2026-08-22 08:29:38.208477700,0.071477700,1
'2026-08-22 08:29:38.208492400,0.071492400,0
'2026-08-22 08:29:38.208503700,0.071503700,1
'2026-08-22 08:29:38.208518400,0.071518400,0
'2026-08-22 08:29:38.208519300,0.071519300,1
'2026-08-22 08:29:38.208519400,0.071519400,0
'2026-08-22 08:29:38.208523300,0.071523300,1
'2026-08-22 08:29:38.208523400,0.071523400,0
'2026-08-22 08:29:38.208529800,0.071529800,1
'2026-08-22 08:29:38.209744400,0.072744400,0
'2026-08-22 08:29:38.209745500,0.072745500,1
'2026-08-22 08:29:38.209745600,0.072745600,0
'2026-08-22 08:29:38.209755800,0.072755800,1
'2026-08-22 08:29:38.209770100,0.072770100,0
'2026-08-22 08:29:38.209781900,0.072781900,1
'2026-08-22 08:29:38.209796800,0.072796800,0
'2026-08-22 08:29:38.209808000,0.072808000,1
'2026-08-22 08:29:38.209822400,0.072822400,0
'2026-08-22 08:29:38.209834100,0.072834100,1
'2026-08-22 08:29:38.209848800,0.072848800,0
'2026-08-22 08:29:38.209860200,0.072860200,1
'2026-08-22 08:29:38.209874800,0.072874800,0
'2026-08-22 08:29:38.209886300,0.072886300,1
'2026-08-22 08:29:38.209900800,0.072900800,0
'2026-08-22 08:29:38.209912400,0.072912400,1
'2026-08-22 08:29:38.209927000,0.072927000,0
'2026-08-22 08:29:38.209927100,0.072927100,1
'2026-08-22 08:29:38.209927200,0.072927200,0
'2026-08-22 08:29:38.209938400,0.072938400,1
'2026-08-22 08:29:38.209953000,0.072953000,0
'2026-08-22 08:29:38.209964500,0.072964500,1
'2026-08-22 08:29:38.209979200,0.072979200,0
'2026-08-22 08:29:38.209990700,0.072990700,1
'2026-08-22 08:29:38.210005200,0.073005200,0
'2026-08-22 08:29:38.210007100,0.073007100,1
'2026-08-22 08:29:38.210007200,0.073007200,0
'2026-08-22 08:29:38.210016700,0.073016700,1
'2026-08-22 08:29:38.210031200,0.073031200,0
'2026-08-22 08:29:38.210042800,0.073042800,1
'2026-08-22 08:29:38.210057500,0.073057500,0
'2026-08-22 08:29:38.210068900,0.073068900,1
'2026-08-22 08:29:38.210083700,0.073083700,0
'2026-08-22 08:29:38.210095000,0.073095000,1
'2026-08-22 08:29:38.210109600,0.073109600,0
'2026-08-22 08:29:38.210121100,0.073121100,1
'2026-08-22 08:29:38.210135800,0.073135800,0
'2026-08-22 08:29:38.210147200,0.073147200,1
'2026-08-22 08:29:38.210564400,0.073564400,0
'2026-08-22 08:29:38.210564500,0.073564500,1
'2026-08-22 08:29:38.210579200,0.073579200,0
'2026-08-22 08:29:38.210590600,0.073590600,1
'2026-08-22 08:29:38.210605100,0.073605100,0
'2026-08-22 08:29:38.210616700,0.073616700,1
'2026-08-22 08:29:38.210631700,0.073631700,0
'2026-08-22 08:29:38.210642800,0.073642800,1
'2026-08-22 08:29:38.210657400,0.073657400,0
'2026-08-22 08:29:38.210668900,0.073668900,1
'2026-08-22 08:29:38.210683600,0.073683600,0
'2026-08-22 08:29:38.210695000,0.073695000,1
'2026-08-22 08:29:38.210709800,0.073709800,0
'2026-08-22 08:29:38.210721100,0.073721100,1
'2026-08-22 08:29:38.210735600,0.073735600,0
'2026-08-22 08:29:38.210747200,0.073747200,1
'2026-08-22 08:29:38.210761900,0.073761900,0
'2026-08-22 08:29:38.210773300,0.073773300,1
'2026-08-22 08:29:38.210787700,0.073787700,0
'2026-08-22 08:29:38.210799400,0.073799400,1
'2026-08-22 08:29:38.210814000,0.073814000,0
'2026-08-22 08:29:38.210825500,0.073825500,1
'2026-08-22 08:29:38.210840000,0.073840000,0
'2026-08-22 08:29:38.210851600,0.073851600,1
'2026-08-22 08:29:38.210866200,0.073866200,0
'2026-08-22 08:29:38.210866300,0.073866300,1
'2026-08-22 08:29:38.210866400,0.073866400,0
'2026-08-22 08:29:38.210877600,0.073877600,1
'2026-08-22 08:29:38.210892300,0.073892300,0
'2026-08-22 08:29:38.210903700,0.073903700,1
'2026-08-22 08:29:38.210918400,0.073918400,0
'2026-08-22 08:29:38.210929800,0.073929800,1
'2026-08-22 08:29:38.210944600,0.073944600,0
'2026-08-22 08:29:38.210955900,0.073955900,1
'2026-08-22 08:29:38.210970600,0.073970600,0
'2026-08-22 08:29:38.210974000,0.073974000,1
'2026-08-22 08:29:38.211388200,0.074388200,0
'2026-08-22 08:29:38.211388300,0.074388300,1
'2026-08-22 08:29:38.211388400,0.074388400,0
'2026-08-22 08:29:38.211399300,0.074399300,1
'2026-08-22 08:29:38.211414100,0.074414100,0
'2026-08-22 08:29:38.211425400,0.074425400,1
'2026-08-22 08:29:38.211440000,0.074440000,0
'2026-08-22 08:29:38.211451500,0.074451500,1
'2026-08-22 08:29:38.211466200,0.074466200,0
'2026-08-22 08:29:38.211477600,0.074477600,1
'2026-08-22 08:29:38.211492300,0.074492300,0
'2026-08-22 08:29:38.211503700,0.074503700,1
'2026-08-22 08:29:38.211518200,0.074518200,0
'2026-08-22 08:29:38.211518500,0.074518500,1
'2026-08-22 08:29:38.211518600,0.074518600,0
'2026-08-22 08:29:38.211529800,0.074529800,1
'2026-08-22 08:29:38.211544500,0.074544500,0
'2026-08-22 08:29:38.211555900,0.074555900,1
'2026-08-22 08:29:38.211570700,0.074570700,0
'2026-08-22 08:29:38.211582000,0.074582000,1
'2026-08-22 08:29:38.211596600,0.074596600,0
'2026-08-22 08:29:38.211608100,0.074608100,1
'2026-08-22 08:29:38.211622800,0.074622800,0
'2026-08-22 08:29:38.211634200,0.074634200,1
'2026-08-22 08:29:38.211648900,0.074648900,0
'2026-08-22 08:29:38.211660300,0.074660300,1
'2026-08-22 08:29:38.211674900,0.074674900,0
'2026-08-22 08:29:38.211686400,0.074686400,1
'2026-08-22 08:29:38.211701000,0.074701000,0
'2026-08-22 08:29:38.211712500,0.074712500,1
'2026-08-22 08:29:38.211727200,0.074727200,0
'2026-08-22 08:29:38.211738600,0.074738600,1
'2026-08-22 08:29:38.211753400,0.074753400,0
'2026-08-22 08:29:38.211764600,0.074764600,1
'2026-08-22 08:29:38.211779200,0.074779200,0
'2026-08-22 08:29:38.211790700,0.074790700,1
'2026-08-22 08:29:38.212222600,0.075222600,0
'2026-08-22 08:29:38.212234200,0.075234200,1
'2026-08-22 08:29:38.212249200,0.075249200,0
'2026-08-22 08:29:38.212260200,0.075260200,1
'2026-08-22 08:29:38.212274800,0.075274800,0
'2026-08-22 08:29:38.212286300,0.075286300,1
'2026-08-22 08:29:38.212301200,0.075301200,0
'2026-08-22 08:29:38.212312500,0.075312500,1
'2026-08-22 08:29:38.212327000,0.075327000,0
'2026-08-22 08:29:38.212338500,0.075338500,1
'2026-08-22 08:29:38.212353100,0.075353100,0
'2026-08-22 08:29:38.212364600,0.075364600,1
'2026-08-22 08:29:38.212379400,0.075379400,0
'2026-08-22 08:29:38.212390700,0.075390700,1
'2026-08-22 08:29:38.212405200,0.075405200,0
'2026-08-22 08:29:38.212416800,0.075416800,1
'2026-08-22 08:29:38.212431600,0.075431600,0
'2026-08-22 08:29:38.212442900,0.075442900,1
'2026-08-22 08:29:38.212457700,0.075457700,0
'2026-08-22 08:29:38.212469000,0.075469000,1
'2026-08-22 08:29:38.212483600,0.075483600,0
'2026-08-22 08:29:38.212495100,0.075495100,1
'2026-08-22 08:29:38.212510000,0.075510000,0
'2026-08-22 08:29:38.212510100,0.075510100,1
'2026-08-22 08:29:38.212510200,0.075510200,0
'2026-08-22 08:29:38.212521200,0.075521200,1
'2026-08-22 08:29:38.212535900,0.075535900,0
'2026-08-22 08:29:38.212547300,0.075547300,1
'2026-08-22 08:29:38.212562000,0.075562000,0
'2026-08-22 08:29:38.212573400,0.075573400,1
'2026-08-22 08:29:38.212588000,0.075588000,0
'2026-08-22 08:29:38.212599500,0.075599500,1
'2026-08-22 08:29:38.212614200,0.075614200,0
'2026-08-22 08:29:38.212621300,0.075621300,1
'2026-08-22 08:29:38.213035800,0.076035800,0
'2026-08-22 08:29:38.213042900,0.076042900,1
'2026-08-22 08:29:38.213057500,0.076057500,0
'2026-08-22 08:29:38.213068900,0.076068900,1
'2026-08-22 08:29:38.213083600,0.076083600,0
'2026-08-22 08:29:38.213095000,0.076095000,1
'2026-08-22 08:29:38.213109600,0.076109600,0
'2026-08-22 08:29:38.213121200,0.076121200,1
'2026-08-22 08:29:38.213135900,0.076135900,0
'2026-08-22 08:29:38.213147200,0.076147200,1
'2026-08-22 08:29:38.213162000,0.076162000,0
'2026-08-22 08:29:38.213173300,0.076173300,1
'2026-08-22 08:29:38.213187800,0.076187800,0
'2026-08-22 08:29:38.213199400,0.076199400,1
'2026-08-22 08:29:38.213214200,0.076214200,0
'2026-08-22 08:29:38.213214300,0.076214300,1
'2026-08-22 08:29:38.213214400,0.076214400,0
'2026-08-22 08:29:38.213225500,0.076225500,1
'2026-08-22 08:29:38.213240100,0.076240100,0
'2026-08-22 08:29:38.213247000,0.076247000,1
'2026-08-22 08:29:38.213247100,0.076247100,0
'2026-08-22 08:29:38.213251600,0.076251600,1
'2026-08-22 08:29:38.213266400,0.076266400,0
'2026-08-22 08:29:38.213266600,0.076266600,1
'2026-08-22 08:29:38.213266700,0.076266700,0
'2026-08-22 08:29:38.213277700,0.076277700,1
'2026-08-22 08:29:38.213292200,0.076292200,0
'2026-08-22 08:29:38.213303800,0.076303800,1
'2026-08-22 08:29:38.213318400,0.076318400,0
'2026-08-22 08:29:38.213329900,0.076329900,1
'2026-08-22 08:29:38.213344700,0.076344700,0
'2026-08-22 08:29:38.213345100,0.076345100,1
'2026-08-22 08:29:38.213345200,0.076345200,0
'2026-08-22 08:29:38.213356000,0.076356000,1
'2026-08-22 08:29:38.213370600,0.076370600,0
'2026-08-22 08:29:38.213382100,0.076382100,1
'2026-08-22 08:29:38.213396800,0.076396800,0
'2026-08-22 08:29:38.213397100,0.076397100,1
'2026-08-22 08:29:38.213397200,0.076397200,0
'2026-08-22 08:29:38.213403500,0.076403500,1
'2026-08-22 08:29:38.213403600,0.076403600,0
'2026-08-22 08:29:38.213408200,0.076408200,1
'2026-08-22 08:29:38.213423100,0.076423100,0
'2026-08-22 08:29:38.213423200,0.076423200,1
'2026-08-22 08:29:38.213423500,0.076423500,0
'2026-08-22 08:29:38.213424100,0.076424100,1
'2026-08-22 08:29:38.213424200,0.076424200,0
'2026-08-22 08:29:38.213434200,0.076434200,1
'2026-08-22 08:29:38.213866200,0.076866200,0
'2026-08-22 08:29:38.213877600,0.076877600,1
'2026-08-22 08:29:38.213892200,0.076892200,0
'2026-08-22 08:29:38.213903700,0.076903700,1
'2026-08-22 08:29:38.213918400,0.076918400,0
'2026-08-22 08:29:38.213918500,0.076918500,1
'2026-08-22 08:29:38.213918800,0.076918800,0
'2026-08-22 08:29:38.213918900,0.076918900,1
'2026-08-22 08:29:38.213919000,0.076919000,0
'2026-08-22 08:29:38.213919100,0.076919100,1
'2026-08-22 08:29:38.213919200,0.076919200,0
'2026-08-22 08:29:38.213929800,0.076929800,1
'2026-08-22 08:29:38.213944300,0.076944300,0
'2026-08-22 08:29:38.213949600,0.076949600,1
'2026-08-22 08:29:38.213949700,0.076949700,0
'2026-08-22 08:29:38.213955900,0.076955900,1
'2026-08-22 08:29:38.213970800,0.076970800,0
'2026-08-22 08:29:38.213982000,0.076982000,1
'2026-08-22 08:29:38.213996600,0.076996600,0
'2026-08-22 08:29:38.214000400,0.077000400,1
'2026-08-22 08:29:38.214000500,0.077000500,0
'2026-08-22 08:29:38.214008100,0.077008100,1
'2026-08-22 08:29:38.214022800,0.077022800,0
'2026-08-22 08:29:38.214034200,0.077034200,1
'2026-08-22 08:29:38.214049000,0.077049000,0
'2026-08-22 08:29:38.214049100,0.077049100,1
'2026-08-22 08:29:38.214049200,0.077049200,0
'2026-08-22 08:29:38.214049300,0.077049300,1
'2026-08-22 08:29:38.214049600,0.077049600,0
'2026-08-22 08:29:38.214060300,0.077060300,1
'2026-08-22 08:29:38.214075000,0.077075000,0
'2026-08-22 08:29:38.214086400,0.077086400,1
'2026-08-22 08:29:38.214101200,0.077101200,0
'2026-08-22 08:29:38.214112500,0.077112500,1
'2026-08-22 08:29:38.214127200,0.077127200,0
'2026-08-22 08:29:38.214138600,0.077138600,1
'2026-08-22 08:29:38.214153000,0.077153000,0
'2026-08-22 08:29:38.214159300,0.077159300,1
'2026-08-22 08:29:38.214159400,0.077159400,0
'2026-08-22 08:29:38.214164700,0.077164700,1
'2026-08-22 08:29:38.214180200,0.077180200,0
'2026-08-22 08:29:38.214180300,0.077180300,1
'2026-08-22 08:29:38.214180400,0.077180400,0
'2026-08-22 08:29:38.214180900,0.077180900,1
'2026-08-22 08:29:38.214181100,0.077181100,0
'2026-08-22 08:29:38.214181200,0.077181200,1
'2026-08-22 08:29:38.214181300,0.077181300,0
'2026-08-22 08:29:38.214190700,0.077190700,1
'2026-08-22 08:29:38.214205300,0.077205300,0
'2026-08-22 08:29:38.214216800,0.077216800,1
'2026-08-22 08:29:38.214231800,0.077231800,0
'2026-08-22 08:29:38.214242900,0.077242900,1
'2026-08-22 08:29:38.214257500,0.077257500,0
'2026-08-22 08:29:38.214261300,0.077261300,1
'2026-08-22 08:29:38.214261400,0.077261400,0
'2026-08-22 08:29:38.214268700,0.077268700,1
'2026-08-22 08:29:38.214682700,0.077682700,0
'2026-08-22 08:29:38.214683500,0.077683500,1
'2026-08-22 08:29:38.214683600,0.077683600,0
'2026-08-22 08:29:38.214686400,0.077686400,1
'2026-08-22 08:29:38.214701200,0.077701200,0
'2026-08-22 08:29:38.214712500,0.077712500,1
'2026-08-22 08:29:38.214727000,0.077727000,0
'2026-08-22 08:29:38.214738600,0.077738600,1
'2026-08-22 08:29:38.214753200,0.077753200,0
'2026-08-22 08:29:38.214764700,0.077764700,1
'2026-08-22 08:29:38.214779300,0.077779300,0
'2026-08-22 08:29:38.214790800,0.077790800,1
'2026-08-22 08:29:38.214805700,0.077805700,0
'2026-08-22 08:29:38.214816800,0.077816800,1
'2026-08-22 08:29:38.214831400,0.077831400,0
'2026-08-22 08:29:38.214842900,0.077842900,1
'2026-08-22 08:29:38.214857600,0.077857600,0
'2026-08-22 08:29:38.214869000,0.077869000,1
'2026-08-22 08:29:38.214883500,0.077883500,0
'2026-08-22 08:29:38.214895100,0.077895100,1
'2026-08-22 08:29:38.214909800,0.077909800,0
'2026-08-22 08:29:38.214909900,0.077909900,1
'2026-08-22 08:29:38.214910200,0.077910200,0
'2026-08-22 08:29:38.214921200,0.077921200,1
'2026-08-22 08:29:38.214935900,0.077935900,0
'2026-08-22 08:29:38.214936300,0.077936300,1
'2026-08-22 08:29:38.214936400,0.077936400,0
'2026-08-22 08:29:38.214947300,0.077947300,1
'2026-08-22 08:29:38.214962100,0.077962100,0
'2026-08-22 08:29:38.214962600,0.077962600,1
'2026-08-22 08:29:38.214962700,0.077962700,0
'2026-08-22 08:29:38.214973400,0.077973400,1
'2026-08-22 08:29:38.214988000,0.077988000,0
'2026-08-22 08:29:38.214999500,0.077999500,1
'2026-08-22 08:29:38.215014200,0.078014200,0
'2026-08-22 08:29:38.215025600,0.078025600,1
'2026-08-22 08:29:38.215040400,0.078040400,0
'2026-08-22 08:29:38.215051700,0.078051700,1
'2026-08-22 08:29:38.215066700,0.078066700,0
'2026-08-22 08:29:38.215077800,0.078077800,1
'2026-08-22 08:29:38.216318300,0.079318300,0
'2026-08-22 08:29:38.216318500,0.079318500,1
'2026-08-22 08:29:38.216318600,0.079318600,0
'2026-08-22 08:29:38.216329800,0.079329800,1
'2026-08-22 08:29:38.216344400,0.079344400,0
'2026-08-22 08:29:38.216355900,0.079355900,1
'2026-08-22 08:29:38.216370600,0.079370600,0
'2026-08-22 08:29:38.216371100,0.079371100,1
'2026-08-22 08:29:38.216371200,0.079371200,0
'2026-08-22 08:29:38.216382000,0.079382000,1
'2026-08-22 08:29:38.216396600,0.079396600,0
'2026-08-22 08:29:38.216396800,0.079396800,1
'2026-08-22 08:29:38.216396900,0.079396900,0
'2026-08-22 08:29:38.216408100,0.079408100,1
'2026-08-22 08:29:38.216422800,0.079422800,0
'2026-08-22 08:29:38.216434200,0.079434200,1
'2026-08-22 08:29:38.216448700,0.079448700,0
'2026-08-22 08:29:38.216460300,0.079460300,1
'2026-08-22 08:29:38.216475200,0.079475200,0
'2026-08-22 08:29:38.216486400,0.079486400,1
'2026-08-22 08:29:38.216501000,0.079501000,0
'2026-08-22 08:29:38.216512500,0.079512500,1
'2026-08-22 08:29:38.216527100,0.079527100,0
'2026-08-22 08:29:38.216532200,0.079532200,1
'2026-08-22 08:29:38.216532300,0.079532300,0
'2026-08-22 08:29:38.216538600,0.079538600,1
'2026-08-22 08:29:38.216553400,0.079553400,0
'2026-08-22 08:29:38.216564700,0.079564700,1
'2026-08-22 08:29:38.216579200,0.079579200,0
'2026-08-22 08:29:38.216590800,0.079590800,1
'2026-08-22 08:29:38.216605500,0.079605500,0
'2026-08-22 08:29:38.216616900,0.079616900,1
'2026-08-22 08:29:38.216631500,0.079631500,0
'2026-08-22 08:29:38.216642900,0.079642900,1
'2026-08-22 08:29:38.216657700,0.079657700,0
'2026-08-22 08:29:38.216669000,0.079669000,1
'2026-08-22 08:29:38.216683700,0.079683700,0
'2026-08-22 08:29:38.216695100,0.079695100,1
'2026-08-22 08:29:38.217127500,0.080127500,0
'2026-08-22 08:29:38.217127900,0.080127900,1
'2026-08-22 08:29:38.217128000,0.080128000,0
'2026-08-22 08:29:38.217128500,0.080128500,1
'2026-08-22 08:29:38.217128600,0.080128600,0
'2026-08-22 08:29:38.217138500,0.080138500,1
'2026-08-22 08:29:38.217153100,0.080153100,0
'2026-08-22 08:29:38.217164700,0.080164700,1
'2026-08-22 08:29:38.217179400,0.080179400,0
'2026-08-22 08:29:38.217190800,0.080190800,1
'2026-08-22 08:29:38.217205400,0.080205400,0
'2026-08-22 08:29:38.217205600,0.080205600,1
'2026-08-22 08:29:38.217205700,0.080205700,0
'2026-08-22 08:29:38.217216800,0.080216800,1
'2026-08-22 08:29:38.217231400,0.080231400,0
'2026-08-22 08:29:38.217238800,0.080238800,1
'2026-08-22 08:29:38.217238900,0.080238900,0
'2026-08-22 08:29:38.217242900,0.080242900,1
'2026-08-22 08:29:38.217257700,0.080257700,0
'2026-08-22 08:29:38.217259600,0.080259600,1
'2026-08-22 08:29:38.217259700,0.080259700,0
'2026-08-22 08:29:38.217269000,0.080269000,1
'2026-08-22 08:29:38.217283600,0.080283600,0
'2026-08-22 08:29:38.217295100,0.080295100,1
'2026-08-22 08:29:38.217309800,0.080309800,0
'2026-08-22 08:29:38.217321200,0.080321200,1
'2026-08-22 08:29:38.217335800,0.080335800,0
'2026-08-22 08:29:38.217335900,0.080335900,1
'2026-08-22 08:29:38.217336000,0.080336000,0
'2026-08-22 08:29:38.217347300,0.080347300,1
'2026-08-22 08:29:38.217361900,0.080361900,0
'2026-08-22 08:29:38.217373400,0.080373400,1
'2026-08-22 08:29:38.217388100,0.080388100,0
'2026-08-22 08:29:38.217399500,0.080399500,1
'2026-08-22 08:29:38.217414300,0.080414300,0
'2026-08-22 08:29:38.217425600,0.080425600,1
'2026-08-22 08:29:38.217440000,0.080440000,0
'2026-08-22 08:29:38.217440100,0.080440100,1
'2026-08-22 08:29:38.217440300,0.080440300,0
'2026-08-22 08:29:38.217447400,0.080447400,1
'2026-08-22 08:29:38.217447600,0.080447600,0
'2026-08-22 08:29:38.217451700,0.080451700,1
'2026-08-22 08:29:38.217467000,0.080467000,0
'2026-08-22 08:29:38.217467100,0.080467100,1
'2026-08-22 08:29:38.217467200,0.080467200,0
'2026-08-22 08:29:38.217477800,0.080477800,1
'2026-08-22 08:29:38.217492300,0.080492300,0
'2026-08-22 08:29:38.217497100,0.080497100,1
'2026-08-22 08:29:38.217497200,0.080497200,0
'2026-08-22 08:29:38.217503900,0.080503900,1
'2026-08-22 08:29:38.217519000,0.080519000,0
'2026-08-22 08:29:38.217519900,0.080519900,1
'2026-08-22 08:29:38.217520000,0.080520000,0
'2026-08-22 08:29:38.217530000,0.080530000,1
'2026-08-22 08:29:38.217945000,0.080945000,0
'2026-08-22 08:29:38.217947300,0.080947300,1
'2026-08-22 08:29:38.217962100,0.080962100,0
'2026-08-22 08:29:38.217973400,0.080973400,1
'2026-08-22 08:29:38.217987800,0.080987800,0
'2026-08-22 08:29:38.217999500,0.080999500,1
'2026-08-22 08:29:38.218014000,0.081014000,0
'2026-08-22 08:29:38.218025500,0.081025500,1
'2026-08-22 08:29:38.218040300,0.081040300,0
'2026-08-22 08:29:38.218051600,0.081051600,1
'2026-08-22 08:29:38.218066200,0.081066200,0
'2026-08-22 08:29:38.218077700,0.081077700,1
'2026-08-22 08:29:38.218092400,0.081092400,0
'2026-08-22 08:29:38.218103800,0.081103800,1
'2026-08-22 08:29:38.218118700,0.081118700,0
'2026-08-22 08:29:38.218119500,0.081119500,1
'2026-08-22 08:29:38.218119700,0.081119700,0
'2026-08-22 08:29:38.218129900,0.081129900,1
'2026-08-22 08:29:38.218144400,0.081144400,0
'2026-08-22 08:29:38.218156000,0.081156000,1
'2026-08-22 08:29:38.218171000,0.081171000,0
'2026-08-22 08:29:38.218171500,0.081171500,1
'2026-08-22 08:29:38.218171600,0.081171600,0
'2026-08-22 08:29:38.218182100,0.081182100,1
'2026-08-22 08:29:38.218196700,0.081196700,0
'2026-08-22 08:29:38.218199500,0.081199500,1
'2026-08-22 08:29:38.218199600,0.081199600,0
'2026-08-22 08:29:38.218201600,0.081201600,1
'2026-08-22 08:29:38.218201700,0.081201700,0
'2026-08-22 08:29:38.218208200,0.081208200,1
'2026-08-22 08:29:38.218223600,0.081223600,0
'2026-08-22 08:29:38.218234300,0.081234300,1
'2026-08-22 08:29:38.218248700,0.081248700,0
'2026-08-22 08:29:38.218249700,0.081249700,1
'2026-08-22 08:29:38.218249800,0.081249800,0
'2026-08-22 08:29:38.218260400,0.081260400,1
'2026-08-22 08:29:38.218275000,0.081275000,0
'2026-08-22 08:29:38.218286500,0.081286500,1
'2026-08-22 08:29:38.218301200,0.081301200,0
'2026-08-22 08:29:38.218302900,0.081302900,1
'2026-08-22 08:29:38.218303000,0.081303000,0
'2026-08-22 08:29:38.218312600,0.081312600,1
'2026-08-22 08:29:38.218327500,0.081327500,0
'2026-08-22 08:29:38.218338700,0.081338700,1
'2026-08-22 08:29:38.218353800,0.081353800,0
'2026-08-22 08:29:38.218354400,0.081354400,1
'2026-08-22 08:29:38.218770600,0.081770600,0
'2026-08-22 08:29:38.218782100,0.081782100,1
'2026-08-22 08:29:38.218796900,0.081796900,0
'2026-08-22 08:29:38.218808200,0.081808200,1
'2026-08-22 08:29:38.218822800,0.081822800,0
'2026-08-22 08:29:38.218826900,0.081826900,1
'2026-08-22 08:29:38.218827000,0.081827000,0
'2026-08-22 08:29:38.218827300,0.081827300,1
'2026-08-22 08:29:38.218827400,0.081827400,0
'2026-08-22 08:29:38.218834300,0.081834300,1
'2026-08-22 08:29:38.218849000,0.081849000,0
'2026-08-22 08:29:38.218860400,0.081860400,1
'2026-08-22 08:29:38.218874900,0.081874900,0
'2026-08-22 08:29:38.218875100,0.081875100,1
'2026-08-22 08:29:38.218875200,0.081875200,0
'2026-08-22 08:29:38.218885900,0.081885900,1
'2026-08-22 08:29:38.218886000,0.081886000,0
'2026-08-22 08:29:38.218886500,0.081886500,1
'2026-08-22 08:29:38.218901500,0.081901500,0
'2026-08-22 08:29:38.218912600,0.081912600,1
'2026-08-22 08:29:38.218927300,0.081927300,0
'2026-08-22 08:29:38.218927600,0.081927600,1
'2026-08-22 08:29:38.218927800,0.081927800,0
'2026-08-22 08:29:38.218938700,0.081938700,1
'2026-08-22 08:29:38.218953200,0.081953200,0
'2026-08-22 08:29:38.218964800,0.081964800,1
'2026-08-22 08:29:38.218979400,0.081979400,0
'2026-08-22 08:29:38.218990900,0.081990900,1
'2026-08-22 08:29:38.219005700,0.082005700,0
'2026-08-22 08:29:38.219005900,0.082005900,1
'2026-08-22 08:29:38.219006000,0.082006000,0
'2026-08-22 08:29:38.219017000,0.082017000,1
'2026-08-22 08:29:38.219031700,0.082031700,0
'2026-08-22 08:29:38.219043100,0.082043100,1
'2026-08-22 08:29:38.219057800,0.082057800,0
'2026-08-22 08:29:38.219057900,0.082057900,1
'2026-08-22 08:29:38.219058000,0.082058000,0
'2026-08-22 08:29:38.219069200,0.082069200,1
'2026-08-22 08:29:38.219083800,0.082083800,0
'2026-08-22 08:29:38.219085900,0.082085900,1
'2026-08-22 08:29:38.219086000,0.082086000,0
'2026-08-22 08:29:38.219095300,0.082095300,1
'2026-08-22 08:29:38.219110000,0.082110000,0
'2026-08-22 08:29:38.219121300,0.082121300,1
'2026-08-22 08:29:38.219136300,0.082136300,0
'2026-08-22 08:29:38.219136700,0.082136700,1
'2026-08-22 08:29:38.219136800,0.082136800,0
'2026-08-22 08:29:38.219147400,0.082147400,1
'2026-08-22 08:29:38.219162000,0.082162000,0
'2026-08-22 08:29:38.219173600,0.082173600,1
'2026-08-22 08:29:38.219605300,0.082605300,0
'2026-08-22 08:29:38.219617000,0.082617000,1
'2026-08-22 08:29:38.219631800,0.082631800,0
'2026-08-22 08:29:38.219631900,0.082631900,1
'2026-08-22 08:29:38.219632000,0.082632000,0
'2026-08-22 08:29:38.219640100,0.082640100,1
'2026-08-22 08:29:38.219640200,0.082640200,0
'2026-08-22 08:29:38.219643000,0.082643000,1
'2026-08-22 08:29:38.219657700,0.082657700,0
'2026-08-22 08:29:38.219669100,0.082669100,1
'2026-08-22 08:29:38.219683700,0.082683700,0
'2026-08-22 08:29:38.219683800,0.082683800,1
'2026-08-22 08:29:38.219684000,0.082684000,0
'2026-08-22 08:29:38.219695300,0.082695300,1
'2026-08-22 08:29:38.219710100,0.082710100,0
'2026-08-22 08:29:38.219721300,0.082721300,1
'2026-08-22 08:29:38.219736000,0.082736000,0
'2026-08-22 08:29:38.219747400,0.082747400,1
'2026-08-22 08:29:38.219762200,0.082762200,0
'2026-08-22 08:29:38.219769100,0.082769100,1
'2026-08-22 08:29:38.219769200,0.082769200,0
'2026-08-22 08:29:38.219773500,0.082773500,1
'2026-08-22 08:29:38.219788200,0.082788200,0
'2026-08-22 08:29:38.219790700,0.082790700,1
'2026-08-22 08:29:38.219790800,0.082790800,0
'2026-08-22 08:29:38.219799600,0.082799600,1
'2026-08-22 08:29:38.219814200,0.082814200,0
'2026-08-22 08:29:38.219820500,0.082820500,1
'2026-08-22 08:29:38.219820600,0.082820600,0
'2026-08-22 08:29:38.219825700,0.082825700,1
'2026-08-22 08:29:38.219841000,0.082841000,0
'2026-08-22 08:29:38.219841300,0.082841300,1
'2026-08-22 08:29:38.219841400,0.082841400,0
'2026-08-22 08:29:38.219851800,0.082851800,1
'2026-08-22 08:29:38.219866400,0.082866400,0
'2026-08-22 08:29:38.219870700,0.082870700,1
'2026-08-22 08:29:38.219870800,0.082870800,0
'2026-08-22 08:29:38.219871000,0.082871000,1
'2026-08-22 08:29:38.219871100,0.082871100,0
'2026-08-22 08:29:38.219877900,0.082877900,1
'2026-08-22 08:29:38.219892700,0.082892700,0
'2026-08-22 08:29:38.219892800,0.082892800,1
'2026-08-22 08:29:38.219893000,0.082893000,0
'2026-08-22 08:29:38.219901600,0.082901600,1
'2026-08-22 08:29:38.219901700,0.082901700,0
'2026-08-22 08:29:38.219904000,0.082904000,1
'2026-08-22 08:29:38.219918600,0.082918600,0
'2026-08-22 08:29:38.219919100,0.082919100,1
'2026-08-22 08:29:38.219919200,0.082919200,0
'2026-08-22 08:29:38.219930100,0.082930100,1
'2026-08-22 08:29:38.219944600,0.082944600,0
'2026-08-22 08:29:38.219956200,0.082956200,1
'2026-08-22 08:29:38.219971400,0.082971400,0
'2026-08-22 08:29:38.219980500,0.082980500,1
'2026-08-22 08:29:38.219980600,0.082980600,0
'2026-08-22 08:29:38.219981600,0.082981600,1
'2026-08-22 08:29:38.219981700,0.082981700,0
'2026-08-22 08:29:38.219982000,0.082982000,1
'2026-08-22 08:29:38.219982100,0.082982100,0
'2026-08-22 08:29:38.219982300,0.082982300,1
'2026-08-22 08:29:38.219996700,0.082996700,0
'2026-08-22 08:29:38.220001500,0.083001500,1
'2026-08-22 08:29:38.220001600,0.083001600,0
'2026-08-22 08:29:38.220006800,0.083006800,1
'2026-08-22 08:29:38.220421500,0.083421500,0
'2026-08-22 08:29:38.220425700,0.083425700,1
'2026-08-22 08:29:38.220440300,0.083440300,0
'2026-08-22 08:29:38.220451800,0.083451800,1
'2026-08-22 08:29:38.220466400,0.083466400,0
'2026-08-22 08:29:38.220477900,0.083477900,1
'2026-08-22 08:29:38.220492800,0.083492800,0
'2026-08-22 08:29:38.220504000,0.083504000,1
'2026-08-22 08:29:38.220518500,0.083518500,0
'2026-08-22 08:29:38.220530100,0.083530100,1
'2026-08-22 08:29:38.220544900,0.083544900,0
'2026-08-22 08:29:38.220545100,0.083545100,1
'2026-08-22 08:29:38.220545200,0.083545200,0
'2026-08-22 08:29:38.220556200,0.083556200,1
'2026-08-22 08:29:38.220570800,0.083570800,0
'2026-08-22 08:29:38.220573100,0.083573100,1
'2026-08-22 08:29:38.220573200,0.083573200,0
'2026-08-22 08:29:38.220582200,0.083582200,1
'2026-08-22 08:29:38.220596900,0.083596900,0
'2026-08-22 08:29:38.220608300,0.083608300,1
'2026-08-22 08:29:38.220623000,0.083623000,0
'2026-08-22 08:29:38.220623300,0.083623300,1
'2026-08-22 08:29:38.220623400,0.083623400,0
'2026-08-22 08:29:38.220634400,0.083634400,1
'2026-08-22 08:29:38.220649100,0.083649100,0
'2026-08-22 08:29:38.220660500,0.083660500,1
'2026-08-22 08:29:38.220675400,0.083675400,0
'2026-08-22 08:29:38.220676400,0.083676400,1
'2026-08-22 08:29:38.220676500,0.083676500,0
'2026-08-22 08:29:38.220677300,0.083677300,1
'2026-08-22 08:29:38.220677400,0.083677400,0
'2026-08-22 08:29:38.220685200,0.083685200,1
'2026-08-22 08:29:38.220685300,0.083685300,0
'2026-08-22 08:29:38.220686600,0.083686600,1
'2026-08-22 08:29:38.220701100,0.083701100,0
'2026-08-22 08:29:38.220703900,0.083703900,1
'2026-08-22 08:29:38.220704000,0.083704000,0
'2026-08-22 08:29:38.220712700,0.083712700,1
'2026-08-22 08:29:38.220727600,0.083727600,0
'2026-08-22 08:29:38.220738800,0.083738800,1
'2026-08-22 08:29:38.220753400,0.083753400,0
'2026-08-22 08:29:38.220753500,0.083753500,1
'2026-08-22 08:29:38.220753600,0.083753600,0
'2026-08-22 08:29:38.220764900,0.083764900,1
'2026-08-22 08:29:38.220779700,0.083779700,0
'2026-08-22 08:29:38.220791000,0.083791000,1
'2026-08-22 08:29:38.220805800,0.083805800,0
'2026-08-22 08:29:38.220805900,0.083805900,1
'2026-08-22 08:29:38.220806100,0.083806100,0
'2026-08-22 08:29:38.220817100,0.083817100,1
'2026-08-22 08:29:38.221249000,0.084249000,0
'2026-08-22 08:29:38.221249200,0.084249200,1
'2026-08-22 08:29:38.221249300,0.084249300,0
'2026-08-22 08:29:38.221260500,0.084260500,1
'2026-08-22 08:29:38.221275100,0.084275100,0
'2026-08-22 08:29:38.221275800,0.084275800,1
'2026-08-22 08:29:38.221275900,0.084275900,0
'2026-08-22 08:29:38.221286600,0.084286600,1
'2026-08-22 08:29:38.221301300,0.084301300,0
'2026-08-22 08:29:38.221312700,0.084312700,1
'2026-08-22 08:29:38.221327400,0.084327400,0
'2026-08-22 08:29:38.221327500,0.084327500,1
'2026-08-22 08:29:38.221327600,0.084327600,0
'2026-08-22 08:29:38.221338800,0.084338800,1
'2026-08-22 08:29:38.221353400,0.084353400,0
'2026-08-22 08:29:38.221364900,0.084364900,1
'2026-08-22 08:29:38.221379600,0.084379600,0
'2026-08-22 08:29:38.221391000,0.084391000,1
'2026-08-22 08:29:38.221405600,0.084405600,0
'2026-08-22 08:29:38.221405700,0.084405700,1
'2026-08-22 08:29:38.221405800,0.084405800,0
'2026-08-22 08:29:38.221417100,0.084417100,1
'2026-08-22 08:29:38.221431700,0.084431700,0
'2026-08-22 08:29:38.221443100,0.084443100,1
'2026-08-22 08:29:38.221457800,0.084457800,0
'2026-08-22 08:29:38.221469200,0.084469200,1
'2026-08-22 08:29:38.221484100,0.084484100,0
'2026-08-22 08:29:38.221495300,0.084495300,1
'2026-08-22 08:29:38.221510100,0.084510100,0
'2026-08-22 08:29:38.221521400,0.084521400,1
'2026-08-22 08:29:38.221536200,0.084536200,0
'2026-08-22 08:29:38.221536500,0.084536500,1
'2026-08-22 08:29:38.221536600,0.084536600,0
'2026-08-22 08:29:38.221545200,0.084545200,1
'2026-08-22 08:29:38.221545300,0.084545300,0
'2026-08-22 08:29:38.221547500,0.084547500,1
'2026-08-22 08:29:38.221562200,0.084562200,0
'2026-08-22 08:29:38.221573600,0.084573600,1
'2026-08-22 08:29:38.221588200,0.084588200,0
'2026-08-22 08:29:38.221588500,0.084588500,1
'2026-08-22 08:29:38.221588600,0.084588600,0
'2026-08-22 08:29:38.221599700,0.084599700,1
'2026-08-22 08:29:38.221614500,0.084614500,0
'2026-08-22 08:29:38.221615900,0.084615900,1
'2026-08-22 08:29:38.221616000,0.084616000,0
'2026-08-22 08:29:38.221625800,0.084625800,1
'2026-08-22 08:29:38.221640600,0.084640600,0
'2026-08-22 08:29:38.221651900,0.084651900,1
'2026-08-22 08:29:38.222068400,0.085068400,0
'2026-08-22 08:29:38.222069200,0.085069200,1
'2026-08-22 08:29:38.222083900,0.085083900,0
'2026-08-22 08:29:38.222095300,0.085095300,1
'2026-08-22 08:29:38.222109900,0.085109900,0
'2026-08-22 08:29:38.222121400,0.085121400,1
'2026-08-22 08:29:38.222135900,0.085135900,0
'2026-08-22 08:29:38.222142700,0.085142700,1
'2026-08-22 08:29:38.222142800,0.085142800,0
'2026-08-22 08:29:38.222143300,0.085143300,1
'2026-08-22 08:29:38.222143400,0.085143400,0
'2026-08-22 08:29:38.222143900,0.085143900,1
'2026-08-22 08:29:38.222144000,0.085144000,0
'2026-08-22 08:29:38.222147500,0.085147500,1
'2026-08-22 08:29:38.222162300,0.085162300,0
'2026-08-22 08:29:38.222162600,0.085162600,1
'2026-08-22 08:29:38.222162700,0.085162700,0
'2026-08-22 08:29:38.222163200,0.085163200,1
'2026-08-22 08:29:38.222163300,0.085163300,0
'2026-08-22 08:29:38.222163700,0.085163700,1
'2026-08-22 08:29:38.222163800,0.085163800,0
'2026-08-22 08:29:38.222164300,0.085164300,1
'2026-08-22 08:29:38.222164400,0.085164400,0
'2026-08-22 08:29:38.222173600,0.085173600,1
'2026-08-22 08:29:38.222188000,0.085188000,0
'2026-08-22 08:29:38.222195900,0.085195900,1
'2026-08-22 08:29:38.222196000,0.085196000,0
'2026-08-22 08:29:38.222199700,0.085199700,1
'2026-08-22 08:29:38.222214700,0.085214700,0
'2026-08-22 08:29:38.222215100,0.085215100,1
'2026-08-22 08:29:38.222215200,0.085215200,0
'2026-08-22 08:29:38.222216300,0.085216300,1
'2026-08-22 08:29:38.222216400,0.085216400,0
'2026-08-22 08:29:38.222225800,0.085225800,1
'2026-08-22 08:29:38.222240400,0.085240400,0
'2026-08-22 08:29:38.222251900,0.085251900,1
'2026-08-22 08:29:38.222266800,0.085266800,0
'2026-08-22 08:29:38.222267100,0.085267100,1
'2026-08-22 08:29:38.222267200,0.085267200,0
'2026-08-22 08:29:38.222277900,0.085277900,1
'2026-08-22 08:29:38.222292900,0.085292900,0
'2026-08-22 08:29:38.222293400,0.085293400,1
'2026-08-22 08:29:38.222293500,0.085293500,0
'2026-08-22 08:29:38.222304000,0.085304000,1
'2026-08-22 08:29:38.222318600,0.085318600,0
'2026-08-22 08:29:38.222330100,0.085330100,1
'2026-08-22 08:29:38.222345000,0.085345000,0
'2026-08-22 08:29:38.222356200,0.085356200,1
'2026-08-22 08:29:38.222370800,0.085370800,0
'2026-08-22 08:29:38.222371100,0.085371100,1
'2026-08-22 08:29:38.222371200,0.085371200,0
'2026-08-22 08:29:38.222382300,0.085382300,1
'2026-08-22 08:29:38.222397000,0.085397000,0
'2026-08-22 08:29:38.222397400,0.085397400,1
'2026-08-22 08:29:38.222397500,0.085397500,0
'2026-08-22 08:29:38.222408400,0.085408400,1
'2026-08-22 08:29:38.222423200,0.085423200,0
'2026-08-22 08:29:38.222423300,0.085423300,1
'2026-08-22 08:29:38.222423400,0.085423400,0
'2026-08-22 08:29:38.222423600,0.085423600,1
'2026-08-22 08:29:38.222423900,0.085423900,0
'2026-08-22 08:29:38.222424200,0.085424200,1
'2026-08-22 08:29:38.222424300,0.085424300,0
'2026-08-22 08:29:38.222434500,0.085434500,1
'2026-08-22 08:29:38.222449100,0.085449100,0
'2026-08-22 08:29:38.222460600,0.085460600,1
'2026-08-22 08:29:38.222475500,0.085475500,0
'2026-08-22 08:29:38.222475600,0.085475600,1
'2026-08-22 08:29:38.222475800,0.085475800,0
'2026-08-22 08:29:38.222477900,0.085477900,1
'2026-08-22 08:29:38.222892300,0.085892300,0
'2026-08-22 08:29:38.222904000,0.085904000,1
'2026-08-22 08:29:38.222919600,0.085919600,0
'2026-08-22 08:29:38.222920000,0.085920000,1
'2026-08-22 08:29:38.222920100,0.085920100,0
'2026-08-22 08:29:38.222927300,0.085927300,1
'2026-08-22 08:29:38.222927400,0.085927400,0
'2026-08-22 08:29:38.222927600,0.085927600,1
'2026-08-22 08:29:38.222927700,0.085927700,0
'2026-08-22 08:29:38.222930100,0.085930100,1
'2026-08-22 08:29:38.222944700,0.085944700,0
'2026-08-22 08:29:38.222947500,0.085947500,1
'2026-08-22 08:29:38.222947600,0.085947600,0
'2026-08-22 08:29:38.222948100,0.085948100,1
'2026-08-22 08:29:38.222948200,0.085948200,0
'2026-08-22 08:29:38.222956200,0.085956200,1
'2026-08-22 08:29:38.222971000,0.085971000,0
'2026-08-22 08:29:38.222977200,0.085977200,1
'2026-08-22 08:29:38.222977400,0.085977400,0
'2026-08-22 08:29:38.222982300,0.085982300,1
'2026-08-22 08:29:38.222997400,0.085997400,0
'2026-08-22 08:29:38.222997500,0.085997500,1
'2026-08-22 08:29:38.222997600,0.085997600,0
'2026-08-22 08:29:38.223008400,0.086008400,1
'2026-08-22 08:29:38.223023000,0.086023000,0
'2026-08-22 08:29:38.223027300,0.086027300,1
'2026-08-22 08:29:38.223027400,0.086027400,0
'2026-08-22 08:29:38.223034500,0.086034500,1
'2026-08-22 08:29:38.223049400,0.086049400,0
'2026-08-22 08:29:38.223049600,0.086049600,1
'2026-08-22 08:29:38.223049700,0.086049700,0
'2026-08-22 08:29:38.223050000,0.086050000,1
'2026-08-22 08:29:38.223050100,0.086050100,0
'2026-08-22 08:29:38.223060600,0.086060600,1
'2026-08-22 08:29:38.223075100,0.086075100,0
'2026-08-22 08:29:38.223077300,0.086077300,1
'2026-08-22 08:29:38.223077400,0.086077400,0
'2026-08-22 08:29:38.223086700,0.086086700,1
'2026-08-22 08:29:38.223101300,0.086101300,0
'2026-08-22 08:29:38.223101400,0.086101400,1
'2026-08-22 08:29:38.223101500,0.086101500,0
'2026-08-22 08:29:38.223112800,0.086112800,1
'2026-08-22 08:29:38.223127600,0.086127600,0
'2026-08-22 08:29:38.223127700,0.086127700,1
'2026-08-22 08:29:38.223127900,0.086127900,0
'2026-08-22 08:29:38.223129500,0.086129500,1
'2026-08-22 08:29:38.223129600,0.086129600,0
'2026-08-22 08:29:38.223138900,0.086138900,1
'2026-08-22 08:29:38.223153300,0.086153300,0
'2026-08-22 08:29:38.223165000,0.086165000,1
'2026-08-22 08:29:38.223180000,0.086180000,0
'2026-08-22 08:29:38.223180100,0.086180100,1
'2026-08-22 08:29:38.223180200,0.086180200,0
'2026-08-22 08:29:38.223180300,0.086180300,1
'2026-08-22 08:29:38.223180400,0.086180400,0
'2026-08-22 08:29:38.223180900,0.086180900,1
'2026-08-22 08:29:38.223181000,0.086181000,0
'2026-08-22 08:29:38.223191000,0.086191000,1
'2026-08-22 08:29:38.223205600,0.086205600,0
'2026-08-22 08:29:38.223207700,0.086207700,1
'2026-08-22 08:29:38.223207800,0.086207800,0
'2026-08-22 08:29:38.223210300,0.086210300,1
'2026-08-22 08:29:38.223210400,0.086210400,0
'2026-08-22 08:29:38.223217100,0.086217100,1
'2026-08-22 08:29:38.223232000,0.086232000,0
'2026-08-22 08:29:38.223243200,0.086243200,1
'2026-08-22 08:29:38.223258100,0.086258100,0
'2026-08-22 08:29:38.223269300,0.086269300,1
'2026-08-22 08:29:38.223284000,0.086284000,0
'2026-08-22 08:29:38.223284200,0.086284200,1
'2026-08-22 08:29:38.223284300,0.086284300,0
'2026-08-22 08:29:38.223287000,0.086287000,1
'2026-08-22 08:29:38.223287100,0.086287100,0
'2026-08-22 08:29:38.223295400,0.086295400,1
'2026-08-22 08:29:38.223727400,0.086727400,0
'2026-08-22 08:29:38.223733100,0.086733100,1
'2026-08-22 08:29:38.223733200,0.086733200,0
'2026-08-22 08:29:38.223738800,0.086738800,1
'2026-08-22 08:29:38.223753800,0.086753800,0
'2026-08-22 08:29:38.223764900,0.086764900,1
'2026-08-22 08:29:38.223779400,0.086779400,0
'2026-08-22 08:29:38.223779700,0.086779700,1
'2026-08-22 08:29:38.223779800,0.086779800,0
'2026-08-22 08:29:38.223791000,0.086791000,1
'2026-08-22 08:29:38.223805600,0.086805600,0
'2026-08-22 08:29:38.223817100,0.086817100,1
'2026-08-22 08:29:38.223832000,0.086832000,0
'2026-08-22 08:29:38.223843200,0.086843200,1
'2026-08-22 08:29:38.223857800,0.086857800,0
'2026-08-22 08:29:38.223869300,0.086869300,1
'2026-08-22 08:29:38.223884200,0.086884200,0
'2026-08-22 08:29:38.223884400,0.086884400,1
'2026-08-22 08:29:38.223884500,0.086884500,0
'2026-08-22 08:29:38.223885000,0.086885000,1
'2026-08-22 08:29:38.223885100,0.086885100,0
'2026-08-22 08:29:38.223895400,0.086895400,1
'2026-08-22 08:29:38.223910200,0.086910200,0
'2026-08-22 08:29:38.223921500,0.086921500,1
'2026-08-22 08:29:38.223936100,0.086936100,0
'2026-08-22 08:29:38.223947600,0.086947600,1
'2026-08-22 08:29:38.223962200,0.086962200,0
'2026-08-22 08:29:38.223973700,0.086973700,1
'2026-08-22 08:29:38.223988300,0.086988300,0
'2026-08-22 08:29:38.223989400,0.086989400,1
'2026-08-22 08:29:38.223989500,0.086989500,0
'2026-08-22 08:29:38.223999700,0.086999700,1
'2026-08-22 08:29:38.224014500,0.087014500,0
'2026-08-22 08:29:38.224014600,0.087014600,1
'2026-08-22 08:29:38.224014800,0.087014800,0
'2026-08-22 08:29:38.224025800,0.087025800,1
'2026-08-22 08:29:38.224040500,0.087040500,0
'2026-08-22 08:29:38.224051900,0.087051900,1
'2026-08-22 08:29:38.224066700,0.087066700,0
'2026-08-22 08:29:38.224072900,0.087072900,1
'2026-08-22 08:29:38.224073000,0.087073000,0
'2026-08-22 08:29:38.224074200,0.087074200,1
'2026-08-22 08:29:38.224074400,0.087074400,0
'2026-08-22 08:29:38.224078000,0.087078000,1
'2026-08-22 08:29:38.224093000,0.087093000,0
'2026-08-22 08:29:38.224093500,0.087093500,1
'2026-08-22 08:29:38.224093600,0.087093600,0
'2026-08-22 08:29:38.224094100,0.087094100,1
'2026-08-22 08:29:38.224094200,0.087094200,0
'2026-08-22 08:29:38.224094600,0.087094600,1
'2026-08-22 08:29:38.224094700,0.087094700,0
'2026-08-22 08:29:38.224095000,0.087095000,1
'2026-08-22 08:29:38.224095100,0.087095100,0
'2026-08-22 08:29:38.224104100,0.087104100,1
'2026-08-22 08:29:38.224118900,0.087118900,0
'2026-08-22 08:29:38.224125200,0.087125200,1
'2026-08-22 08:29:38.224539200,0.087539200,0
'2026-08-22 08:29:38.224539500,0.087539500,1
'2026-08-22 08:29:38.224539600,0.087539600,0
'2026-08-22 08:29:38.224547500,0.087547500,1
'2026-08-22 08:29:38.224562000,0.087562000,0
'2026-08-22 08:29:38.224573600,0.087573600,1
'2026-08-22 08:29:38.224588400,0.087588400,0
'2026-08-22 08:29:38.224588500,0.087588500,1
'2026-08-22 08:29:38.224588700,0.087588700,0
'2026-08-22 08:29:38.224589100,0.087589100,1
'2026-08-22 08:29:38.224589200,0.087589200,0
'2026-08-22 08:29:38.224599700,0.087599700,1
'2026-08-22 08:29:38.224614400,0.087614400,0
'2026-08-22 08:29:38.224625800,0.087625800,1
'2026-08-22 08:29:38.224640600,0.087640600,0
'2026-08-22 08:29:38.224651900,0.087651900,1
'2026-08-22 08:29:38.224666600,0.087666600,0
'2026-08-22 08:29:38.224666700,0.087666700,1
'2026-08-22 08:29:38.224666900,0.087666900,0
'2026-08-22 08:29:38.224678000,0.087678000,1
'2026-08-22 08:29:38.224692600,0.087692600,0
'2026-08-22 08:29:38.224700700,0.087700700,1
'2026-08-22 08:29:38.224700800,0.087700800,0
'2026-08-22 08:29:38.224704100,0.087704100,1
'2026-08-22 08:29:38.224719500,0.087719500,0
'2026-08-22 08:29:38.224719900,0.087719900,1
'2026-08-22 08:29:38.224720000,0.087720000,0
'2026-08-22 08:29:38.224720500,0.087720500,1
'2026-08-22 08:29:38.224720600,0.087720600,0
'2026-08-22 08:29:38.224730200,0.087730200,1
'2026-08-22 08:29:38.224744600,0.087744600,0
'2026-08-22 08:29:38.224744700,0.087744700,1
'2026-08-22 08:29:38.224744800,0.087744800,0
'2026-08-22 08:29:38.224756300,0.087756300,1
'2026-08-22 08:29:38.224771400,0.087771400,0
'2026-08-22 08:29:38.224782400,0.087782400,1
'2026-08-22 08:29:38.224796900,0.087796900,0
'2026-08-22 08:29:38.224797000,0.087797000,1
'2026-08-22 08:29:38.224797100,0.087797100,0
'2026-08-22 08:29:38.224797500,0.087797500,1
'2026-08-22 08:29:38.224797600,0.087797600,0
'2026-08-22 08:29:38.224800500,0.087800500,1
'2026-08-22 08:29:38.224800600,0.087800600,0
'2026-08-22 08:29:38.224808500,0.087808500,1
'2026-08-22 08:29:38.224823400,0.087823400,0
'2026-08-22 08:29:38.224834600,0.087834600,1
'2026-08-22 08:29:38.224849700,0.087849700,0
'2026-08-22 08:29:38.224850300,0.087850300,1
'2026-08-22 08:29:38.224850400,0.087850400,0
'2026-08-22 08:29:38.224860600,0.087860600,1
'2026-08-22 08:29:38.224875300,0.087875300,0
'2026-08-22 08:29:38.224877600,0.087877600,1
'2026-08-22 08:29:38.224877700,0.087877700,0
'2026-08-22 08:29:38.224886700,0.087886700,1
'2026-08-22 08:29:38.224901600,0.087901600,0
'2026-08-22 08:29:38.224912800,0.087912800,1
'2026-08-22 08:29:38.224927400,0.087927400,0
'2026-08-22 08:29:38.224927700,0.087927700,1
'2026-08-22 08:29:38.224927900,0.087927900,0
'2026-08-22 08:29:38.224928200,0.087928200,1
'2026-08-22 08:29:38.224928300,0.087928300,0
'2026-08-22 08:29:38.224938900,0.087938900,1
'2026-08-22 08:29:38.226154200,0.089154200,0
'2026-08-22 08:29:38.226154300,0.089154300,1
'2026-08-22 08:29:38.226154400,0.089154400,0
'2026-08-22 08:29:38.226156700,0.089156700,1
'2026-08-22 08:29:38.226156800,0.089156800,0
'2026-08-22 08:29:38.226164900,0.089164900,1
'2026-08-22 08:29:38.226179700,0.089179700,0
'2026-08-22 08:29:38.226191000,0.089191000,1
'2026-08-22 08:29:38.226205600,0.089205600,0
'2026-08-22 08:29:38.226206400,0.089206400,1
'2026-08-22 08:29:38.226206500,0.089206500,0
'2026-08-22 08:29:38.226217100,0.089217100,1
'2026-08-22 08:29:38.226231600,0.089231600,0
'2026-08-22 08:29:38.226243200,0.089243200,1
'2026-08-22 08:29:38.226257600,0.089257600,0
'2026-08-22 08:29:38.226257800,0.089257800,1
'2026-08-22 08:29:38.226258000,0.089258000,0
'2026-08-22 08:29:38.226269300,0.089269300,1
'2026-08-22 08:29:38.226284100,0.089284100,0
'2026-08-22 08:29:38.226295300,0.089295300,1
'2026-08-22 08:29:38.226310100,0.089310100,0
'2026-08-22 08:29:38.226321400,0.089321400,1
'2026-08-22 08:29:38.226336100,0.089336100,0
'2026-08-22 08:29:38.226345300,0.089345300,1
'2026-08-22 08:29:38.226345400,0.089345400,0
'2026-08-22 08:29:38.226347500,0.089347500,1
'2026-08-22 08:29:38.226362000,0.089362000,0
'2026-08-22 08:29:38.226373600,0.089373600,1
'2026-08-22 08:29:38.226388300,0.089388300,0
'2026-08-22 08:29:38.226397900,0.089397900,1
'2026-08-22 08:29:38.226398000,0.089398000,0
'2026-08-22 08:29:38.226399700,0.089399700,1
'2026-08-22 08:29:38.226414400,0.089414400,0
'2026-08-22 08:29:38.226425800,0.089425800,1
'2026-08-22 08:29:38.226440400,0.089440400,0
'2026-08-22 08:29:38.226440500,0.089440500,1
'2026-08-22 08:29:38.226440600,0.089440600,0
'2026-08-22 08:29:38.226451900,0.089451900,1
'2026-08-22 08:29:38.226466700,0.089466700,0
'2026-08-22 08:29:38.226466800,0.089466800,1
'2026-08-22 08:29:38.226466900,0.089466900,0
'2026-08-22 08:29:38.226478000,0.089478000,1
'2026-08-22 08:29:38.226492600,0.089492600,0
'2026-08-22 08:29:38.226504100,0.089504100,1
'2026-08-22 08:29:38.226518900,0.089518900,0
'2026-08-22 08:29:38.226519200,0.089519200,1
'2026-08-22 08:29:38.226519300,0.089519300,0
'2026-08-22 08:29:38.226530200,0.089530200,1
'2026-08-22 08:29:38.226544800,0.089544800,0
'2026-08-22 08:29:38.226544900,0.089544900,1
'2026-08-22 08:29:38.226545000,0.089545000,0
'2026-08-22 08:29:38.226556300,0.089556300,1
'2026-08-22 08:29:38.226988000,0.089988000,0
'2026-08-22 08:29:38.226999700,0.089999700,1
'2026-08-22 08:29:38.227014500,0.090014500,0
'2026-08-22 08:29:38.227025800,0.090025800,1
'2026-08-22 08:29:38.227040500,0.090040500,0
'2026-08-22 08:29:38.227040700,0.090040700,1
'2026-08-22 08:29:38.227040900,0.090040900,0
'2026-08-22 08:29:38.227051900,0.090051900,1
'2026-08-22 08:29:38.227066600,0.090066600,0
'2026-08-22 08:29:38.227078000,0.090078000,1
'2026-08-22 08:29:38.227092800,0.090092800,0
'2026-08-22 08:29:38.227104100,0.090104100,1
'2026-08-22 08:29:38.227118600,0.090118600,0
'2026-08-22 08:29:38.227118700,0.090118700,1
'2026-08-22 08:29:38.227118800,0.090118800,0
'2026-08-22 08:29:38.227130100,0.090130100,1
'2026-08-22 08:29:38.227144800,0.090144800,0
'2026-08-22 08:29:38.227156200,0.090156200,1
'2026-08-22 08:29:38.227171100,0.090171100,0
'2026-08-22 08:29:38.227182300,0.090182300,1
'2026-08-22 08:29:38.227197000,0.090197000,0
'2026-08-22 08:29:38.227208400,0.090208400,1
'2026-08-22 08:29:38.227223200,0.090223200,0
'2026-08-22 08:29:38.227223900,0.090223900,1
'2026-08-22 08:29:38.227224000,0.090224000,0
'2026-08-22 08:29:38.227234500,0.090234500,1
'2026-08-22 08:29:38.227249300,0.090249300,0
'2026-08-22 08:29:38.227260600,0.090260600,1
'2026-08-22 08:29:38.227275400,0.090275400,0
'2026-08-22 08:29:38.227286700,0.090286700,1
'2026-08-22 08:29:38.227301400,0.090301400,0
'2026-08-22 08:29:38.227312800,0.090312800,1
'2026-08-22 08:29:38.227327600,0.090327600,0
'2026-08-22 08:29:38.227327900,0.090327900,1
'2026-08-22 08:29:38.227328000,0.090328000,0
'2026-08-22 08:29:38.227338900,0.090338900,1
'2026-08-22 08:29:38.227353400,0.090353400,0
'2026-08-22 08:29:38.227365000,0.090365000,1
'2026-08-22 08:29:38.227380100,0.090380100,0
'2026-08-22 08:29:38.227387300,0.090387300,1
'2026-08-22 08:29:38.227801400,0.090801400,0
'2026-08-22 08:29:38.227802300,0.090802300,1
'2026-08-22 08:29:38.227802400,0.090802400,0
'2026-08-22 08:29:38.227808400,0.090808400,1
'2026-08-22 08:29:38.227823000,0.090823000,0
'2026-08-22 08:29:38.227834500,0.090834500,1
'2026-08-22 08:29:38.227849100,0.090849100,0
'2026-08-22 08:29:38.227860600,0.090860600,1
'2026-08-22 08:29:38.227875400,0.090875400,0
'2026-08-22 08:29:38.227875800,0.090875800,1
'2026-08-22 08:29:38.227875900,0.090875900,0
'2026-08-22 08:29:38.227886700,0.090886700,1
'2026-08-22 08:29:38.227901100,0.090901100,0
'2026-08-22 08:29:38.227912700,0.090912700,1
'2026-08-22 08:29:38.227927400,0.090927400,0
'2026-08-22 08:29:38.227932000,0.090932000,1
'2026-08-22 08:29:38.227932100,0.090932100,0
'2026-08-22 08:29:38.227938900,0.090938900,1
'2026-08-22 08:29:38.227953600,0.090953600,0
'2026-08-22 08:29:38.227964900,0.090964900,1
'2026-08-22 08:29:38.227979500,0.090979500,0
'2026-08-22 08:29:38.227991000,0.090991000,1
'2026-08-22 08:29:38.228005700,0.091005700,0
'2026-08-22 08:29:38.228017100,0.091017100,1
'2026-08-22 08:29:38.228031800,0.091031800,0
'2026-08-22 08:29:38.228043200,0.091043200,1
'2026-08-22 08:29:38.228058100,0.091058100,0
'2026-08-22 08:29:38.228069300,0.091069300,1
'2026-08-22 08:29:38.228084000,0.091084000,0
'2026-08-22 08:29:38.228084300,0.091084300,1
'2026-08-22 08:29:38.228084400,0.091084400,0
'2026-08-22 08:29:38.228095400,0.091095400,1
'2026-08-22 08:29:38.228110200,0.091110200,0
'2026-08-22 08:29:38.228121500,0.091121500,1
'2026-08-22 08:29:38.228136300,0.091136300,0
'2026-08-22 08:29:38.228147600,0.091147600,1
'2026-08-22 08:29:38.228162200,0.091162200,0
'2026-08-22 08:29:38.228162500,0.091162500,1
'2026-08-22 08:29:38.228162600,0.091162600,0
'2026-08-22 08:29:38.228165700,0.091165700,1
'2026-08-22 08:29:38.228165800,0.091165800,0
'2026-08-22 08:29:38.228173700,0.091173700,1
'2026-08-22 08:29:38.228188600,0.091188600,0
'2026-08-22 08:29:38.228199800,0.091199800,1
'2026-08-22 08:29:38.228631700,0.091631700,0
'2026-08-22 08:29:38.228643200,0.091643200,1
'2026-08-22 08:29:38.228657800,0.091657800,0
'2026-08-22 08:29:38.228669300,0.091669300,1
'2026-08-22 08:29:38.228683800,0.091683800,0
'2026-08-22 08:29:38.228695400,0.091695400,1
'2026-08-22 08:29:38.228710300,0.091710300,0
'2026-08-22 08:29:38.228711900,0.091711900,1
'2026-08-22 08:29:38.228712000,0.091712000,0
'2026-08-22 08:29:38.228721500,0.091721500,1
'2026-08-22 08:29:38.228736100,0.091736100,0
'2026-08-22 08:29:38.228747600,0.091747600,1
'2026-08-22 08:29:38.228762000,0.091762000,0
'2026-08-22 08:29:38.228773700,0.091773700,1
'2026-08-22 08:29:38.228788600,0.091788600,0
'2026-08-22 08:29:38.228799400,0.091799400,1
'2026-08-22 08:29:38.228799500,0.091799500,0
'2026-08-22 08:29:38.228799700,0.091799700,1
'2026-08-22 08:29:38.228814200,0.091814200,0
'2026-08-22 08:29:38.228825800,0.091825800,1
'2026-08-22 08:29:38.228840600,0.091840600,0
'2026-08-22 08:29:38.228851900,0.091851900,1
'2026-08-22 08:29:38.228866500,0.091866500,0
'2026-08-22 08:29:38.228878000,0.091878000,1
'2026-08-22 08:29:38.228892700,0.091892700,0
'2026-08-22 08:29:38.228902300,0.091902300,1
'2026-08-22 08:29:38.228902400,0.091902400,0
'2026-08-22 08:29:38.228904100,0.091904100,1
'2026-08-22 08:29:38.228918800,0.091918800,0
'2026-08-22 08:29:38.228930200,0.091930200,1
'2026-08-22 08:29:38.228944700,0.091944700,0
'2026-08-22 08:29:38.228956300,0.091956300,1
'2026-08-22 08:29:38.228971300,0.091971300,0
'2026-08-22 08:29:38.228982400,0.091982400,1
'2026-08-22 08:29:38.228997000,0.091997000,0
'2026-08-22 08:29:38.229002300,0.092002300,1
'2026-08-22 08:29:38.229002400,0.092002400,0
'2026-08-22 08:29:38.229008500,0.092008500,1
'2026-08-22 08:29:38.229023300,0.092023300,0
'2026-08-22 08:29:38.229034600,0.092034600,1
'2026-08-22 08:29:38.229448800,0.092448800,0
'2026-08-22 08:29:38.229451900,0.092451900,1
'2026-08-22 08:29:38.229466600,0.092466600,0
'2026-08-22 08:29:38.229478000,0.092478000,1
'2026-08-22 08:29:38.229492600,0.092492600,0
'2026-08-22 08:29:38.229504100,0.092504100,1
'2026-08-22 08:29:38.229518600,0.092518600,0
'2026-08-22 08:29:38.229530200,0.092530200,1
'2026-08-22 08:29:38.229544800,0.092544800,0
'2026-08-22 08:29:38.229556300,0.092556300,1
'2026-08-22 08:29:38.229571000,0.092571000,0
'2026-08-22 08:29:38.229582400,0.092582400,1
'2026-08-22 08:29:38.229597000,0.092597000,0
'2026-08-22 08:29:38.229608500,0.092608500,1
'2026-08-22 08:29:38.229623400,0.092623400,0
'2026-08-22 08:29:38.229634600,0.092634600,1
'2026-08-22 08:29:38.229649100,0.092649100,0
'2026-08-22 08:29:38.229660700,0.092660700,1
'2026-08-22 08:29:38.229675400,0.092675400,0
'2026-08-22 08:29:38.229686800,0.092686800,1
'2026-08-22 08:29:38.229701400,0.092701400,0
'2026-08-22 08:29:38.229701500,0.092701500,1
'2026-08-22 08:29:38.229701600,0.092701600,0
'2026-08-22 08:29:38.229712900,0.092712900,1
'2026-08-22 08:29:38.229727500,0.092727500,0
'2026-08-22 08:29:38.229739000,0.092739000,1
'2026-08-22 08:29:38.229753700,0.092753700,0
'2026-08-22 08:29:38.229754400,0.092754400,1
'2026-08-22 08:29:38.229754500,0.092754500,0
'2026-08-22 08:29:38.229765000,0.092765000,1
'2026-08-22 08:29:38.229779500,0.092779500,0
'2026-08-22 08:29:38.229779700,0.092779700,1
'2026-08-22 08:29:38.229779800,0.092779800,0
'2026-08-22 08:29:38.229791100,0.092791100,1
'2026-08-22 08:29:38.229806200,0.092806200,0
'2026-08-22 08:29:38.229817200,0.092817200,1
'2026-08-22 08:29:38.229832000,0.092832000,0
'2026-08-22 08:29:38.229832300,0.092832300,1
'2026-08-22 08:29:38.229832400,0.092832400,0
'2026-08-22 08:29:38.229834100,0.092834100,1
'2026-08-22 08:29:38.229834200,0.092834200,0
'2026-08-22 08:29:38.229835200,0.092835200,1
'2026-08-22 08:29:38.229835300,0.092835300,0
'2026-08-22 08:29:38.229843300,0.092843300,1
'2026-08-22 08:29:38.229857800,0.092857800,0
'2026-08-22 08:29:38.229858300,0.092858300,1
'2026-08-22 08:29:38.230275100,0.093275100,0
'2026-08-22 08:29:38.230277300,0.093277300,1
'2026-08-22 08:29:38.230277400,0.093277400,0
'2026-08-22 08:29:38.230286700,0.093286700,1
'2026-08-22 08:29:38.230301300,0.093301300,0
'2026-08-22 08:29:38.230312800,0.093312800,1
'2026-08-22 08:29:38.230327600,0.093327600,0
'2026-08-22 08:29:38.230328000,0.093328000,1
'2026-08-22 08:29:38.230328100,0.093328100,0
'2026-08-22 08:29:38.230338900,0.093338900,1
'2026-08-22 08:29:38.230353400,0.093353400,0
'2026-08-22 08:29:38.230365000,0.093365000,1
'2026-08-22 08:29:38.230379700,0.093379700,0
'2026-08-22 08:29:38.230391100,0.093391100,1
'2026-08-22 08:29:38.230405900,0.093405900,0
'2026-08-22 08:29:38.230417300,0.093417300,1
'2026-08-22 08:29:38.230431800,0.093431800,0
'2026-08-22 08:29:38.230443300,0.093443300,1
'2026-08-22 08:29:38.230458000,0.093458000,0
'2026-08-22 08:29:38.230458100,0.093458100,1
'2026-08-22 08:29:38.230458400,0.093458400,0
'2026-08-22 08:29:38.230469400,0.093469400,1
'2026-08-22 08:29:38.230484000,0.093484000,0
'2026-08-22 08:29:38.230495500,0.093495500,1
'2026-08-22 08:29:38.230510300,0.093510300,0
'2026-08-22 08:29:38.230521600,0.093521600,1
'2026-08-22 08:29:38.230536600,0.093536600,0
'2026-08-22 08:29:38.230537600,0.093537600,1
'2026-08-22 08:29:38.230537800,0.093537800,0
'2026-08-22 08:29:38.230547700,0.093547700,1
'2026-08-22 08:29:38.230562300,0.093562300,0
'2026-08-22 08:29:38.230568000,0.093568000,1
'2026-08-22 08:29:38.230568100,0.093568100,0
'2026-08-22 08:29:38.230573800,0.093573800,1
'2026-08-22 08:29:38.230588600,0.093588600,0
'2026-08-22 08:29:38.230589100,0.093589100,1
'2026-08-22 08:29:38.230589200,0.093589200,0
'2026-08-22 08:29:38.230589700,0.093589700,1
'2026-08-22 08:29:38.230589800,0.093589800,0
'2026-08-22 08:29:38.230599900,0.093599900,1
'2026-08-22 08:29:38.230614400,0.093614400,0
'2026-08-22 08:29:38.230626000,0.093626000,1
'2026-08-22 08:29:38.230640900,0.093640900,0
'2026-08-22 08:29:38.230652100,0.093652100,1
'2026-08-22 08:29:38.230666700,0.093666700,0
'2026-08-22 08:29:38.230667200,0.093667200,1
'2026-08-22 08:29:38.230667300,0.093667300,0
'2026-08-22 08:29:38.230678200,0.093678200,1
'2026-08-22 08:29:38.231110400,0.094110400,0
'2026-08-22 08:29:38.231121600,0.094121600,1
'2026-08-22 08:29:38.231136200,0.094136200,0
'2026-08-22 08:29:38.231147700,0.094147700,1
'2026-08-22 08:29:38.231162300,0.094162300,0
'2026-08-22 08:29:38.231173800,0.094173800,1
'2026-08-22 08:29:38.231188400,0.094188400,0
'2026-08-22 08:29:38.231188500,0.094188500,1
'2026-08-22 08:29:38.231188600,0.094188600,0
'2026-08-22 08:29:38.231199900,0.094199900,1
'2026-08-22 08:29:38.231214600,0.094214600,0
'2026-08-22 08:29:38.231221700,0.094221700,1
'2026-08-22 08:29:38.231221800,0.094221800,0
'2026-08-22 08:29:38.231226000,0.094226000,1
'2026-08-22 08:29:38.231240600,0.094240600,0
'2026-08-22 08:29:38.231252100,0.094252100,1
'2026-08-22 08:29:38.231266800,0.094266800,0
'2026-08-22 08:29:38.231278200,0.094278200,1
'2026-08-22 08:29:38.231292800,0.094292800,0
'2026-08-22 08:29:38.231293000,0.094293000,1
'2026-08-22 08:29:38.231293100,0.094293100,0
'2026-08-22 08:29:38.231298700,0.094298700,1
'2026-08-22 08:29:38.231298800,0.094298800,0
'2026-08-22 08:29:38.231304300,0.094304300,1
'2026-08-22 08:29:38.231318900,0.094318900,0
'2026-08-22 08:29:38.231330400,0.094330400,1
'2026-08-22 08:29:38.231345200,0.094345200,0
'2026-08-22 08:29:38.231356500,0.094356500,1
'2026-08-22 08:29:38.231371300,0.094371300,0
'2026-08-22 08:29:38.231382600,0.094382600,1
'2026-08-22 08:29:38.231397200,0.094397200,0
'2026-08-22 08:29:38.231400400,0.094400400,1
'2026-08-22 08:29:38.231400500,0.094400500,0
'2026-08-22 08:29:38.231408700,0.094408700,1
'2026-08-22 08:29:38.231423400,0.094423400,0
'2026-08-22 08:29:38.231426700,0.094426700,1
'2026-08-22 08:29:38.231426800,0.094426800,0
'2026-08-22 08:29:38.231434800,0.094434800,1
'2026-08-22 08:29:38.231449600,0.094449600,0
'2026-08-22 08:29:38.231460900,0.094460900,1
'2026-08-22 08:29:38.231475600,0.094475600,0
'2026-08-22 08:29:38.231487000,0.094487000,1
'2026-08-22 08:29:38.231501700,0.094501700,0
'2026-08-22 08:29:38.231505800,0.094505800,1
'2026-08-22 08:29:38.231920200,0.094920200,0
'2026-08-22 08:29:38.231920300,0.094920300,1
'2026-08-22 08:29:38.231920400,0.094920400,0
'2026-08-22 08:29:38.231930400,0.094930400,1
'2026-08-22 08:29:38.231945300,0.094945300,0
'2026-08-22 08:29:38.231956500,0.094956500,1
'2026-08-22 08:29:38.231971100,0.094971100,0
'2026-08-22 08:29:38.231982600,0.094982600,1
'2026-08-22 08:29:38.231997400,0.094997400,0
'2026-08-22 08:29:38.232008700,0.095008700,1
'2026-08-22 08:29:38.232023600,0.095023600,0
'2026-08-22 08:29:38.232034800,0.095034800,1
'2026-08-22 08:29:38.232049400,0.095049400,0
'2026-08-22 08:29:38.232049700,0.095049700,1
'2026-08-22 08:29:38.232049800,0.095049800,0
'2026-08-22 08:29:38.232052300,0.095052300,1
'2026-08-22 08:29:38.232052400,0.095052400,0
'2026-08-22 08:29:38.232060900,0.095060900,1
'2026-08-22 08:29:38.232075700,0.095075700,0
'2026-08-22 08:29:38.232087000,0.095087000,1
'2026-08-22 08:29:38.232101500,0.095101500,0
'2026-08-22 08:29:38.232104800,0.095104800,1
'2026-08-22 08:29:38.232104900,0.095104900,0
'2026-08-22 08:29:38.232113100,0.095113100,1
'2026-08-22 08:29:38.232128100,0.095128100,0
'2026-08-22 08:29:38.232139200,0.095139200,1
'2026-08-22 08:29:38.232153800,0.095153800,0
'2026-08-22 08:29:38.232165300,0.095165300,1
'2026-08-22 08:29:38.232180000,0.095180000,0
'2026-08-22 08:29:38.232191400,0.095191400,1
'2026-08-22 08:29:38.232206200,0.095206200,0
'2026-08-22 08:29:38.232207300,0.095207300,1
'2026-08-22 08:29:38.232207400,0.095207400,0
'2026-08-22 08:29:38.232217500,0.095217500,1
'2026-08-22 08:29:38.232232000,0.095232000,0
'2026-08-22 08:29:38.232243600,0.095243600,1
'2026-08-22 08:29:38.232258400,0.095258400,0
'2026-08-22 08:29:38.232269600,0.095269600,1
'2026-08-22 08:29:38.232284200,0.095284200,0
'2026-08-22 08:29:38.232287300,0.095287300,1
'2026-08-22 08:29:38.232287400,0.095287400,0
'2026-08-22 08:29:38.232295700,0.095295700,1
'2026-08-22 08:29:38.232310400,0.095310400,0
'2026-08-22 08:29:38.232310700,0.095310700,1
'2026-08-22 08:29:38.232310800,0.095310800,0
'2026-08-22 08:29:38.232321800,0.095321800,1
'2026-08-22 08:29:38.232753800,0.095753800,0
'2026-08-22 08:29:38.232754000,0.095754000,1
'2026-08-22 08:29:38.232754100,0.095754100,0
'2026-08-22 08:29:38.232765300,0.095765300,1
'2026-08-22 08:29:38.232779900,0.095779900,0
'2026-08-22 08:29:38.232791400,0.095791400,1
'2026-08-22 08:29:38.232806100,0.095806100,0
'2026-08-22 08:29:38.232817500,0.095817500,1
'2026-08-22 08:29:38.232832200,0.095832200,0
'2026-08-22 08:29:38.232843600,0.095843600,1
'2026-08-22 08:29:38.232858200,0.095858200,0
'2026-08-22 08:29:38.232858300,0.095858300,1
'2026-08-22 08:29:38.232858400,0.095858400,0
'2026-08-22 08:29:38.232858500,0.095858500,1
'2026-08-22 08:29:38.232858600,0.095858600,0
'2026-08-22 08:29:38.232869600,0.095869600,1
'2026-08-22 08:29:38.232884400,0.095884400,0
'2026-08-22 08:29:38.232895700,0.095895700,1
'2026-08-22 08:29:38.232910700,0.095910700,0
'2026-08-22 08:29:38.232911600,0.095911600,1
'2026-08-22 08:29:38.232911700,0.095911700,0
'2026-08-22 08:29:38.232921800,0.095921800,1
'2026-08-22 08:29:38.232936400,0.095936400,0
'2026-08-22 08:29:38.232947900,0.095947900,1
'2026-08-22 08:29:38.232962700,0.095962700,0
'2026-08-22 08:29:38.232962900,0.095962900,1
'2026-08-22 08:29:38.232963000,0.095963000,0
'2026-08-22 08:29:38.232974000,0.095974000,1
'2026-08-22 08:29:38.232988600,0.095988600,0
'2026-08-22 08:29:38.232988700,0.095988700,1
'2026-08-22 08:29:38.232988800,0.095988800,0
'2026-08-22 08:29:38.233000100,0.096000100,1
'2026-08-22 08:29:38.233014800,0.096014800,0
'2026-08-22 08:29:38.233014900,0.096014900,1
'2026-08-22 08:29:38.233015100,0.096015100,0
'2026-08-22 08:29:38.233026200,0.096026200,1
'2026-08-22 08:29:38.233041000,0.096041000,0
'2026-08-22 08:29:38.233041200,0.096041200,1
'2026-08-22 08:29:38.233041300,0.096041300,0
'2026-08-22 08:29:38.233052300,0.096052300,1
'2026-08-22 08:29:38.233066800,0.096066800,0
'2026-08-22 08:29:38.233066900,0.096066900,1
'2026-08-22 08:29:38.233067000,0.096067000,0
'2026-08-22 08:29:38.233078400,0.096078400,1
'2026-08-22 08:29:38.233093300,0.096093300,0
'2026-08-22 08:29:38.233104500,0.096104500,1
'2026-08-22 08:29:38.233119200,0.096119200,0
'2026-08-22 08:29:38.233119500,0.096119500,1
'2026-08-22 08:29:38.233119600,0.096119600,0
'2026-08-22 08:29:38.233130600,0.096130600,1
'2026-08-22 08:29:38.233145300,0.096145300,0
'2026-08-22 08:29:38.233152300,0.096152300,1
'2026-08-22 08:29:38.233152400,0.096152400,0
'2026-08-22 08:29:38.233153200,0.096153200,1
'2026-08-22 08:29:38.233567600,0.096567600,0
'2026-08-22 08:29:38.233574000,0.096574000,1
'2026-08-22 08:29:38.233588500,0.096588500,0
'2026-08-22 08:29:38.233600100,0.096600100,1
'2026-08-22 08:29:38.233615300,0.096615300,0
'2026-08-22 08:29:38.233615700,0.096615700,1
'2026-08-22 08:29:38.233615800,0.096615800,0
'2026-08-22 08:29:38.233626200,0.096626200,1
'2026-08-22 08:29:38.233640900,0.096640900,0
'2026-08-22 08:29:38.233652300,0.096652300,1
'2026-08-22 08:29:38.233667200,0.096667200,0
'2026-08-22 08:29:38.233678400,0.096678400,1
'2026-08-22 08:29:38.233693000,0.096693000,0
'2026-08-22 08:29:38.233694600,0.096694600,1
'2026-08-22 08:29:38.233694700,0.096694700,0
'2026-08-22 08:29:38.233704500,0.096704500,1
'2026-08-22 08:29:38.233719200,0.096719200,0
'2026-08-22 08:29:38.233730600,0.096730600,1
'2026-08-22 08:29:38.233745200,0.096745200,0
'2026-08-22 08:29:38.233745300,0.096745300,1
'2026-08-22 08:29:38.233745500,0.096745500,0
'2026-08-22 08:29:38.233747700,0.096747700,1
'2026-08-22 08:29:38.233747800,0.096747800,0
'2026-08-22 08:29:38.233756700,0.096756700,1
'2026-08-22 08:29:38.233771200,0.096771200,0
'2026-08-22 08:29:38.233782800,0.096782800,1
'2026-08-22 08:29:38.233797700,0.096797700,0
'2026-08-22 08:29:38.233797900,0.096797900,1
'2026-08-22 08:29:38.233798000,0.096798000,0
'2026-08-22 08:29:38.233808900,0.096808900,1
'2026-08-22 08:29:38.233823400,0.096823400,0
'2026-08-22 08:29:38.233835000,0.096835000,1
'2026-08-22 08:29:38.233849700,0.096849700,0
'2026-08-22 08:29:38.233858300,0.096858300,1
'2026-08-22 08:29:38.233858400,0.096858400,0
'2026-08-22 08:29:38.233861100,0.096861100,1
'2026-08-22 08:29:38.233875900,0.096875900,0
'2026-08-22 08:29:38.233887100,0.096887100,1
'2026-08-22 08:29:38.233901700,0.096901700,0
'2026-08-22 08:29:38.233913200,0.096913200,1
'2026-08-22 08:29:38.233927900,0.096927900,0
'2026-08-22 08:29:38.233939300,0.096939300,1
'2026-08-22 08:29:38.233954000,0.096954000,0
'2026-08-22 08:29:38.233957300,0.096957300,1
'2026-08-22 08:29:38.233957400,0.096957400,0
'2026-08-22 08:29:38.233965400,0.096965400,1
'2026-08-22 08:29:38.234397300,0.097397300,0
'2026-08-22 08:29:38.234408900,0.097408900,1
'2026-08-22 08:29:38.234423600,0.097423600,0
'2026-08-22 08:29:38.234423700,0.097423700,1
'2026-08-22 08:29:38.234423800,0.097423800,0
'2026-08-22 08:29:38.234435000,0.097435000,1
'2026-08-22 08:29:38.234449600,0.097449600,0
'2026-08-22 08:29:38.234449900,0.097449900,1
'2026-08-22 08:29:38.234450000,0.097450000,0
'2026-08-22 08:29:38.234461100,0.097461100,1
'2026-08-22 08:29:38.234475500,0.097475500,0
'2026-08-22 08:29:38.234487200,0.097487200,1
'2026-08-22 08:29:38.234501900,0.097501900,0
'2026-08-22 08:29:38.234502000,0.097502000,1
'2026-08-22 08:29:38.234502200,0.097502200,0
'2026-08-22 08:29:38.234513200,0.097513200,1
'2026-08-22 08:29:38.234527800,0.097527800,0
'2026-08-22 08:29:38.234536900,0.097536900,1
'2026-08-22 08:29:38.234537000,0.097537000,0
'2026-08-22 08:29:38.234539300,0.097539300,1
'2026-08-22 08:29:38.234554100,0.097554100,0
'2026-08-22 08:29:38.234565400,0.097565400,1
'2026-08-22 08:29:38.234580200,0.097580200,0
'2026-08-22 08:29:38.234591500,0.097591500,1
'2026-08-22 08:29:38.234606100,0.097606100,0
'2026-08-22 08:29:38.234617600,0.097617600,1
'2026-08-22 08:29:38.234632700,0.097632700,0
'2026-08-22 08:29:38.234643700,0.097643700,1
'2026-08-22 08:29:38.234658200,0.097658200,0
'2026-08-22 08:29:38.234660200,0.097660200,1
'2026-08-22 08:29:38.234660300,0.097660300,0
'2026-08-22 08:29:38.234662600,0.097662600,1
'2026-08-22 08:29:38.234662800,0.097662800,0
'2026-08-22 08:29:38.234663100,0.097663100,1
'2026-08-22 08:29:38.234663200,0.097663200,0
'2026-08-22 08:29:38.234669800,0.097669800,1
'2026-08-22 08:29:38.234684800,0.097684800,0
'2026-08-22 08:29:38.234692900,0.097692900,1
'2026-08-22 08:29:38.234693000,0.097693000,0
'2026-08-22 08:29:38.234695900,0.097695900,1
'2026-08-22 08:29:38.234710700,0.097710700,0
'2026-08-22 08:29:38.234711000,0.097711000,1
'2026-08-22 08:29:38.234711100,0.097711100,0
'2026-08-22 08:29:38.234712100,0.097712100,1
'2026-08-22 08:29:38.234712300,0.097712300,0
'2026-08-22 08:29:38.234712700,0.097712700,1
'2026-08-22 08:29:38.234712800,0.097712800,0
'2026-08-22 08:29:38.234722000,0.097722000,1
'2026-08-22 08:29:38.234736800,0.097736800,0
'2026-08-22 08:29:38.234748100,0.097748100,1
'2026-08-22 08:29:38.234763100,0.097763100,0
'2026-08-22 08:29:38.234774200,0.097774200,1
'2026-08-22 08:29:38.234788800,0.097788800,0
'2026-08-22 08:29:38.234800300,0.097800300,1
'2026-08-22 08:29:38.235215100,0.098215100,0
'2026-08-22 08:29:38.235217600,0.098217600,1
'2026-08-22 08:29:38.235232100,0.098232100,0
'2026-08-22 08:29:38.235243700,0.098243700,1
'2026-08-22 08:29:38.235258400,0.098258400,0
'2026-08-22 08:29:38.235269800,0.098269800,1
'2026-08-22 08:29:38.235284600,0.098284600,0
'2026-08-22 08:29:38.235284800,0.098284800,1
'2026-08-22 08:29:38.235284900,0.098284900,0
'2026-08-22 08:29:38.235295900,0.098295900,1
'2026-08-22 08:29:38.235310500,0.098310500,0
'2026-08-22 08:29:38.235322100,0.098322100,1
'2026-08-22 08:29:38.235336700,0.098336700,0
'2026-08-22 08:29:38.235341100,0.098341100,1
'2026-08-22 08:29:38.235341200,0.098341200,0
'2026-08-22 08:29:38.235348100,0.098348100,1
'2026-08-22 08:29:38.235362800,0.098362800,0
'2026-08-22 08:29:38.235374200,0.098374200,1
'2026-08-22 08:29:38.235389000,0.098389000,0
'2026-08-22 08:29:38.235400300,0.098400300,1
'2026-08-22 08:29:38.235415000,0.098415000,0
'2026-08-22 08:29:38.235419900,0.098419900,1
'2026-08-22 08:29:38.235420000,0.098420000,0
'2026-08-22 08:29:38.235420300,0.098420300,1
'2026-08-22 08:29:38.235420400,0.098420400,0
'2026-08-22 08:29:38.235426400,0.098426400,1
'2026-08-22 08:29:38.235441000,0.098441000,0
'2026-08-22 08:29:38.235452500,0.098452500,1
'2026-08-22 08:29:38.235467400,0.098467400,0
'2026-08-22 08:29:38.235467700,0.098467700,1
'2026-08-22 08:29:38.235467800,0.098467800,0
'2026-08-22 08:29:38.235467900,0.098467900,1
'2026-08-22 08:29:38.235468000,0.098468000,0
'2026-08-22 08:29:38.235468300,0.098468300,1
'2026-08-22 08:29:38.235468400,0.098468400,0
'2026-08-22 08:29:38.235468900,0.098468900,1
'2026-08-22 08:29:38.235469000,0.098469000,0
'2026-08-22 08:29:38.235478600,0.098478600,1
'2026-08-22 08:29:38.235493100,0.098493100,0
'2026-08-22 08:29:38.235504700,0.098504700,1
'2026-08-22 08:29:38.235519400,0.098519400,0
'2026-08-22 08:29:38.235523600,0.098523600,1
'2026-08-22 08:29:38.235523700,0.098523700,0
'2026-08-22 08:29:38.235530800,0.098530800,1
'2026-08-22 08:29:38.235545600,0.098545600,0
'2026-08-22 08:29:38.235545800,0.098545800,1
'2026-08-22 08:29:38.235545900,0.098545900,0
'2026-08-22 08:29:38.235556900,0.098556900,1
'2026-08-22 08:29:38.235571500,0.098571500,0
'2026-08-22 08:29:38.235571600,0.098571600,1
'2026-08-22 08:29:38.235571700,0.098571700,0
'2026-08-22 08:29:38.235583000,0.098583000,1
'2026-08-22 08:29:38.235597700,0.098597700,0
'2026-08-22 08:29:38.235598500,0.098598500,1
'2026-08-22 08:29:38.235598600,0.098598600,0
'2026-08-22 08:29:38.235609100,0.098609100,1
'2026-08-22 08:29:38.235623700,0.098623700,0
'2026-08-22 08:29:38.235624400,0.098624400,1
'2026-08-22 08:29:38.236041100,0.099041100,0
'2026-08-22 08:29:38.236052500,0.099052500,1
'2026-08-22 08:29:38.236067000,0.099067000,0
'2026-08-22 08:29:38.236067100,0.099067100,1
'2026-08-22 08:29:38.236067200,0.099067200,0
'2026-08-22 08:29:38.236067300,0.099067300,1
'2026-08-22 08:29:38.236067400,0.099067400,0
'2026-08-22 08:29:38.236078600,0.099078600,1
'2026-08-22 08:29:38.236093300,0.099093300,0
'2026-08-22 08:29:38.236102300,0.099102300,1
'2026-08-22 08:29:38.236102400,0.099102400,0
'2026-08-22 08:29:38.236104700,0.099104700,1
'2026-08-22 08:29:38.236119600,0.099119600,0
'2026-08-22 08:29:38.236119800,0.099119800,1
'2026-08-22 08:29:38.236120000,0.099120000,0
'2026-08-22 08:29:38.236130800,0.099130800,1
'2026-08-22 08:29:38.236145400,0.099145400,0
'2026-08-22 08:29:38.236145500,0.099145500,1
'2026-08-22 08:29:38.236145600,0.099145600,0
'2026-08-22 08:29:38.236156900,0.099156900,1
'2026-08-22 08:29:38.236171500,0.099171500,0
'2026-08-22 08:29:38.236183000,0.099183000,1
'2026-08-22 08:29:38.236197700,0.099197700,0
'2026-08-22 08:29:38.236198100,0.099198100,1
'2026-08-22 08:29:38.236198200,0.099198200,0
'2026-08-22 08:29:38.236209100,0.099209100,1
'2026-08-22 08:29:38.236223700,0.099223700,0
'2026-08-22 08:29:38.236223800,0.099223800,1
'2026-08-22 08:29:38.236223900,0.099223900,0
'2026-08-22 08:29:38.236235200,0.099235200,1
'2026-08-22 08:29:38.236249900,0.099249900,0
'2026-08-22 08:29:38.236250100,0.099250100,1
'2026-08-22 08:29:38.236250200,0.099250200,0
'2026-08-22 08:29:38.236261300,0.099261300,1
'2026-08-22 08:29:38.236275900,0.099275900,0
'2026-08-22 08:29:38.236287400,0.099287400,1
'2026-08-22 08:29:38.236302200,0.099302200,0
'2026-08-22 08:29:38.236302900,0.099302900,1
'2026-08-22 08:29:38.236303000,0.099303000,0
'2026-08-22 08:29:38.236311700,0.099311700,1
'2026-08-22 08:29:38.236311800,0.099311800,0
'2026-08-22 08:29:38.236313500,0.099313500,1
'2026-08-22 08:29:38.236328000,0.099328000,0
'2026-08-22 08:29:38.236328300,0.099328300,1
'2026-08-22 08:29:38.236328400,0.099328400,0
'2026-08-22 08:29:38.236339600,0.099339600,1
'2026-08-22 08:29:38.236354200,0.099354200,0
'2026-08-22 08:29:38.236362400,0.099362400,1
'2026-08-22 08:29:38.236362500,0.099362500,0
'2026-08-22 08:29:38.236365600,0.099365600,1
'2026-08-22 08:29:38.236380500,0.099380500,0
'2026-08-22 08:29:38.236391700,0.099391700,1
'2026-08-22 08:29:38.236406400,0.099406400,0
'2026-08-22 08:29:38.236417800,0.099417800,1
'2026-08-22 08:29:38.236432500,0.099432500,0
'2026-08-22 08:29:38.236432600,0.099432600,1
'2026-08-22 08:29:38.236432700,0.099432700,0
'2026-08-22 08:29:38.236432800,0.099432800,1
'2026-08-22 08:29:38.236432900,0.099432900,0
'2026-08-22 08:29:38.236443900,0.099443900,1
'2026-08-22 08:29:38.236876200,0.099876200,0
'2026-08-22 08:29:38.236876600,0.099876600,1
'2026-08-22 08:29:38.236876700,0.099876700,0
'2026-08-22 08:29:38.236887400,0.099887400,1
'2026-08-22 08:29:38.236902000,0.099902000,0
'2026-08-22 08:29:38.236902200,0.099902200,1
'2026-08-22 08:29:38.236902400,0.099902400,0
'2026-08-22 08:29:38.236906300,0.099906300,1
'2026-08-22 08:29:38.236906400,0.099906400,0
'2026-08-22 08:29:38.236913500,0.099913500,1
'2026-08-22 08:29:38.236928300,0.099928300,0
'2026-08-22 08:29:38.236939600,0.099939600,1
'2026-08-22 08:29:38.236954300,0.099954300,0
'2026-08-22 08:29:38.236965600,0.099965600,1
'2026-08-22 08:29:38.236980200,0.099980200,0
'2026-08-22 08:29:38.236980300,0.099980300,1
'2026-08-22 08:29:38.236980500,0.099980500,0
'2026-08-22 08:29:38.236981100,0.099981100,1
'2026-08-22 08:29:38.236981200,0.099981200,0
'2026-08-22 08:29:38.236991700,0.099991700,1
'2026-08-22 08:29:38.237006500,0.100006500,0
'2026-08-22 08:29:38.237017800,0.100017800,1
'2026-08-22 08:29:38.237032500,0.100032500,0
'2026-08-22 08:29:38.237043900,0.100043900,1
'2026-08-22 08:29:38.237058800,0.100058800,0
'2026-08-22 08:29:38.237069100,0.100069100,1
'2026-08-22 08:29:38.237069300,0.100069300,0
'2026-08-22 08:29:38.237070100,0.100070100,1
'2026-08-22 08:29:38.237084800,0.100084800,0
'2026-08-22 08:29:38.237084900,0.100084900,1
'2026-08-22 08:29:38.237085100,0.100085100,0
'2026-08-22 08:29:38.237086100,0.100086100,1
'2026-08-22 08:29:38.237086200,0.100086200,0
'2026-08-22 08:29:38.237096100,0.100096100,1
'2026-08-22 08:29:38.237110800,0.100110800,0
'2026-08-22 08:29:38.237122200,0.100122200,1
'2026-08-22 08:29:38.237137100,0.100137100,0
'2026-08-22 08:29:38.237148300,0.100148300,1
'2026-08-22 08:29:38.237163000,0.100163000,0
'2026-08-22 08:29:38.237174400,0.100174400,1
'2026-08-22 08:29:38.237189000,0.100189000,0
'2026-08-22 08:29:38.237200500,0.100200500,1
'2026-08-22 08:29:38.237215500,0.100215500,0
'2026-08-22 08:29:38.237215600,0.100215600,1
'2026-08-22 08:29:38.237215800,0.100215800,0
'2026-08-22 08:29:38.237216300,0.100216300,1
'2026-08-22 08:29:38.237216500,0.100216500,0
'2026-08-22 08:29:38.237216900,0.100216900,1
'2026-08-22 08:29:38.237217000,0.100217000,0
'2026-08-22 08:29:38.237226600,0.100226600,1
'2026-08-22 08:29:38.237241100,0.100241100,0
'2026-08-22 08:29:38.237246700,0.100246700,1
'2026-08-22 08:29:38.237246800,0.100246800,0
'2026-08-22 08:29:38.237252700,0.100252700,1
'2026-08-22 08:29:38.237268000,0.100268000,0
'2026-08-22 08:29:38.237268200,0.100268200,1
'2026-08-22 08:29:38.237268400,0.100268400,0
'2026-08-22 08:29:38.237271900,0.100271900,1
'2026-08-22 08:29:38.237686200,0.100686200,0
'2026-08-22 08:29:38.237696100,0.100696100,1
'2026-08-22 08:29:38.237711000,0.100711000,0
'2026-08-22 08:29:38.237722200,0.100722200,1
'2026-08-22 08:29:38.237736900,0.100736900,0
'2026-08-22 08:29:38.237748300,0.100748300,1
'2026-08-22 08:29:38.237763000,0.100763000,0
'2026-08-22 08:29:38.237767700,0.100767700,1
'2026-08-22 08:29:38.237767800,0.100767800,0
'2026-08-22 08:29:38.237774400,0.100774400,1
'2026-08-22 08:29:38.237789300,0.100789300,0
'2026-08-22 08:29:38.237800500,0.100800500,1
'2026-08-22 08:29:38.237815100,0.100815100,0
'2026-08-22 08:29:38.237826600,0.100826600,1
'2026-08-22 08:29:38.237841300,0.100841300,0
'2026-08-22 08:29:38.237852700,0.100852700,1
'2026-08-22 08:29:38.237867300,0.100867300,0
'2026-08-22 08:29:38.237867400,0.100867400,1
'2026-08-22 08:29:38.237867500,0.100867500,0
'2026-08-22 08:29:38.237868000,0.100868000,1
'2026-08-22 08:29:38.237868100,0.100868100,0
'2026-08-22 08:29:38.237878800,0.100878800,1
'2026-08-22 08:29:38.237893400,0.100893400,0
'2026-08-22 08:29:38.237904900,0.100904900,1
'2026-08-22 08:29:38.237919600,0.100919600,0
'2026-08-22 08:29:38.237931000,0.100931000,1
'2026-08-22 08:29:38.237945800,0.100945800,0
'2026-08-22 08:29:38.237957100,0.100957100,1
'2026-08-22 08:29:38.237971800,0.100971800,0
'2026-08-22 08:29:38.237971900,0.100971900,1
'2026-08-22 08:29:38.237972100,0.100972100,0
'2026-08-22 08:29:38.237972500,0.100972500,1
'2026-08-22 08:29:38.237972600,0.100972600,0
'2026-08-22 08:29:38.237979600,0.100979600,1
'2026-08-22 08:29:38.237979700,0.100979700,0
'2026-08-22 08:29:38.237983200,0.100983200,1
'2026-08-22 08:29:38.237997800,0.100997800,0
'2026-08-22 08:29:38.238002300,0.101002300,1
'2026-08-22 08:29:38.238002400,0.101002400,0
'2026-08-22 08:29:38.238009300,0.101009300,1
'2026-08-22 08:29:38.238024100,0.101024100,0
'2026-08-22 08:29:38.238024500,0.101024500,1
'2026-08-22 08:29:38.238024600,0.101024600,0
'2026-08-22 08:29:38.238035400,0.101035400,1
'2026-08-22 08:29:38.238050400,0.101050400,0
'2026-08-22 08:29:38.238061500,0.101061500,1
'2026-08-22 08:29:38.238076100,0.101076100,0
'2026-08-22 08:29:38.238087600,0.101087600,1
'2026-08-22 08:29:38.238519400,0.101519400,0
'2026-08-22 08:29:38.238531000,0.101531000,1
'2026-08-22 08:29:38.238545600,0.101545600,0
'2026-08-22 08:29:38.238557100,0.101557100,1
'2026-08-22 08:29:38.238572000,0.101572000,0
'2026-08-22 08:29:38.238583200,0.101583200,1
'2026-08-22 08:29:38.238597800,0.101597800,0
'2026-08-22 08:29:38.238609300,0.101609300,1
'2026-08-22 08:29:38.238624200,0.101624200,0
'2026-08-22 08:29:38.238624300,0.101624300,1
'2026-08-22 08:29:38.238624400,0.101624400,0
'2026-08-22 08:29:38.238624700,0.101624700,1
'2026-08-22 08:29:38.238625000,0.101625000,0
'2026-08-22 08:29:38.238635400,0.101635400,1
'2026-08-22 08:29:38.238649900,0.101649900,0
'2026-08-22 08:29:38.238654100,0.101654100,1
'2026-08-22 08:29:38.238654200,0.101654200,0
'2026-08-22 08:29:38.238661500,0.101661500,1
'2026-08-22 08:29:38.238676400,0.101676400,0
'2026-08-22 08:29:38.238687600,0.101687600,1
'2026-08-22 08:29:38.238702500,0.101702500,0
'2026-08-22 08:29:38.238713700,0.101713700,1
'2026-08-22 08:29:38.238728200,0.101728200,0
'2026-08-22 08:29:38.238739800,0.101739800,1
'2026-08-22 08:29:38.238754700,0.101754700,0
'2026-08-22 08:29:38.238755000,0.101755000,1
'2026-08-22 08:29:38.238755100,0.101755100,0
'2026-08-22 08:29:38.238762700,0.101762700,1
'2026-08-22 08:29:38.238762800,0.101762800,0
'2026-08-22 08:29:38.238763800,0.101763800,1
'2026-08-22 08:29:38.238763900,0.101763900,0
'2026-08-22 08:29:38.238765900,0.101765900,1
'2026-08-22 08:29:38.238780400,0.101780400,0
'2026-08-22 08:29:38.238791900,0.101791900,1
'2026-08-22 08:29:38.238806700,0.101806700,0
'2026-08-22 08:29:38.238807100,0.101807100,1
'2026-08-22 08:29:38.238807200,0.101807200,0
'2026-08-22 08:29:38.238818000,0.101818000,1
'2026-08-22 08:29:38.238832900,0.101832900,0
'2026-08-22 08:29:38.238844100,0.101844100,1
'2026-08-22 08:29:38.238858800,0.101858800,0
'2026-08-22 08:29:38.238870200,0.101870200,1
'2026-08-22 08:29:38.238885000,0.101885000,0
'2026-08-22 08:29:38.238885100,0.101885100,1
'2026-08-22 08:29:38.238885200,0.101885200,0
'2026-08-22 08:29:38.238885400,0.101885400,1
'2026-08-22 08:29:38.238885500,0.101885500,0
'2026-08-22 08:29:38.238896300,0.101896300,1
'2026-08-22 08:29:38.238910800,0.101910800,0
'2026-08-22 08:29:38.238919400,0.101919400,1
'2026-08-22 08:29:38.239333500,0.102333500,0
'2026-08-22 08:29:38.239339800,0.102339800,1
'2026-08-22 08:29:38.239354400,0.102354400,0
'2026-08-22 08:29:38.239365800,0.102365800,1
'2026-08-22 08:29:38.239380400,0.102380400,0
'2026-08-22 08:29:38.239392000,0.102392000,1
'2026-08-22 08:29:38.239407000,0.102407000,0
'2026-08-22 08:29:38.239418000,0.102418000,1
'2026-08-22 08:29:38.239433100,0.102433100,0
'2026-08-22 08:29:38.239444100,0.102444100,1
'2026-08-22 08:29:38.239459000,0.102459000,0
'2026-08-22 08:29:38.239470300,0.102470300,1
'2026-08-22 08:29:38.239485100,0.102485100,0
'2026-08-22 08:29:38.239487900,0.102487900,1
'2026-08-22 08:29:38.239488000,0.102488000,0
'2026-08-22 08:29:38.239496300,0.102496300,1
'2026-08-22 08:29:38.239511000,0.102511000,0
'2026-08-22 08:29:38.239522400,0.102522400,1
'2026-08-22 08:29:38.239537400,0.102537400,0
'2026-08-22 08:29:38.239537500,0.102537500,1
'2026-08-22 08:29:38.239537600,0.102537600,0
'2026-08-22 08:29:38.239538700,0.102538700,1
'2026-08-22 08:29:38.239538800,0.102538800,0
'2026-08-22 08:29:38.239548500,0.102548500,1
'2026-08-22 08:29:38.239563100,0.102563100,0
'2026-08-22 08:29:38.239574600,0.102574600,1
'2026-08-22 08:29:38.239589700,0.102589700,0
'2026-08-22 08:29:38.239589900,0.102589900,1
'2026-08-22 08:29:38.239590000,0.102590000,0
'2026-08-22 08:29:38.239590100,0.102590100,1
'2026-08-22 08:29:38.239590200,0.102590200,0
'2026-08-22 08:29:38.239600700,0.102600700,1
'2026-08-22 08:29:38.239615400,0.102615400,0
'2026-08-22 08:29:38.239617300,0.102617300,1
'2026-08-22 08:29:38.239617400,0.102617400,0
'2026-08-22 08:29:38.239626800,0.102626800,1
'2026-08-22 08:29:38.239641600,0.102641600,0
'2026-08-22 08:29:38.239652900,0.102652900,1
'2026-08-22 08:29:38.239667800,0.102667800,0
'2026-08-22 08:29:38.239668300,0.102668300,1
'2026-08-22 08:29:38.239668400,0.102668400,0
'2026-08-22 08:29:38.239669500,0.102669500,1
'2026-08-22 08:29:38.239669600,0.102669600,0
'2026-08-22 08:29:38.239670100,0.102670100,1
'2026-08-22 08:29:38.239670200,0.102670200,0
'2026-08-22 08:29:38.239679000,0.102679000,1
'2026-08-22 08:29:38.239693600,0.102693600,0
'2026-08-22 08:29:38.239698700,0.102698700,1
'2026-08-22 08:29:38.239698800,0.102698800,0
'2026-08-22 08:29:38.239705100,0.102705100,1
'2026-08-22 08:29:38.239720100,0.102720100,0
'2026-08-22 08:29:38.239720200,0.102720200,1
'2026-08-22 08:29:38.239720400,0.102720400,0
'2026-08-22 08:29:38.239729100,0.102729100,1
'2026-08-22 08:29:38.239729200,0.102729200,0
'2026-08-22 08:29:38.239729300,0.102729300,1
'2026-08-22 08:29:38.239729400,0.102729400,0
'2026-08-22 08:29:38.239731200,0.102731200,1
'2026-08-22 08:29:38.240163000,0.103163000,0
'2026-08-22 08:29:38.240174600,0.103174600,1
'2026-08-22 08:29:38.240189400,0.103189400,0
'2026-08-22 08:29:38.240189600,0.103189600,1
'2026-08-22 08:29:38.240189700,0.103189700,0
'2026-08-22 08:29:38.240190200,0.103190200,1
'2026-08-22 08:29:38.240190300,0.103190300,0
'2026-08-22 08:29:38.240200700,0.103200700,1
'2026-08-22 08:29:38.240215200,0.103215200,0
'2026-08-22 08:29:38.240220600,0.103220600,1
'2026-08-22 08:29:38.240220700,0.103220700,0
'2026-08-22 08:29:38.240221700,0.103221700,1
'2026-08-22 08:29:38.240221800,0.103221800,0
'2026-08-22 08:29:38.240226800,0.103226800,1
'2026-08-22 08:29:38.240241800,0.103241800,0
'2026-08-22 08:29:38.240242200,0.103242200,1
'2026-08-22 08:29:38.240242300,0.103242300,0
'2026-08-22 08:29:38.240252900,0.103252900,1
'2026-08-22 08:29:38.240267500,0.103267500,0
'2026-08-22 08:29:38.240279000,0.103279000,1
'2026-08-22 08:29:38.240293700,0.103293700,0
'2026-08-22 08:29:38.240305100,0.103305100,1
'2026-08-22 08:29:38.240319600,0.103319600,0
'2026-08-22 08:29:38.240319700,0.103319700,1
'2026-08-22 08:29:38.240319900,0.103319900,0
'2026-08-22 08:29:38.240320100,0.103320100,1
'2026-08-22 08:29:38.240320200,0.103320200,0
'2026-08-22 08:29:38.240321600,0.103321600,1
'2026-08-22 08:29:38.240321700,0.103321700,0
'2026-08-22 08:29:38.240323900,0.103323900,1
'2026-08-22 08:29:38.240324000,0.103324000,0
'2026-08-22 08:29:38.240331200,0.103331200,1
'2026-08-22 08:29:38.240345800,0.103345800,0
'2026-08-22 08:29:38.240357300,0.103357300,1
'2026-08-22 08:29:38.240372200,0.103372200,0
'2026-08-22 08:29:38.240372300,0.103372300,1
'2026-08-22 08:29:38.240372500,0.103372500,0
'2026-08-22 08:29:38.240383300,0.103383300,1
'2026-08-22 08:29:38.240397800,0.103397800,0
'2026-08-22 08:29:38.240409400,0.103409400,1
'2026-08-22 08:29:38.240424400,0.103424400,0
'2026-08-22 08:29:38.240435500,0.103435500,1
'2026-08-22 08:29:38.240450200,0.103450200,0
'2026-08-22 08:29:38.240452400,0.103452400,1
'2026-08-22 08:29:38.240452500,0.103452500,0
'2026-08-22 08:29:38.240453000,0.103453000,1
'2026-08-22 08:29:38.240453100,0.103453100,0
'2026-08-22 08:29:38.240461600,0.103461600,1
'2026-08-22 08:29:38.240476500,0.103476500,0
'2026-08-22 08:29:38.240485900,0.103485900,1
'2026-08-22 08:29:38.240486000,0.103486000,0
'2026-08-22 08:29:38.240487700,0.103487700,1
'2026-08-22 08:29:38.240502800,0.103502800,0
'2026-08-22 08:29:38.240503500,0.103503500,1
'2026-08-22 08:29:38.240503600,0.103503600,0
'2026-08-22 08:29:38.240503700,0.103503700,1
'2026-08-22 08:29:38.240503900,0.103503900,0
'2026-08-22 08:29:38.240513800,0.103513800,1
'2026-08-22 08:29:38.240528500,0.103528500,0
'2026-08-22 08:29:38.240539900,0.103539900,1
'2026-08-22 08:29:38.240554800,0.103554800,0
'2026-08-22 08:29:38.240555100,0.103555100,1
'2026-08-22 08:29:38.240555300,0.103555300,0
'2026-08-22 08:29:38.240565100,0.103565100,1
'2026-08-22 08:29:38.240565200,0.103565200,0
'2026-08-22 08:29:38.240566000,0.103566000,1
'2026-08-22 08:29:38.240981000,0.103981000,0
'2026-08-22 08:29:38.240983300,0.103983300,1
'2026-08-22 08:29:38.240998000,0.103998000,0
'2026-08-22 08:29:38.240998300,0.103998300,1
'2026-08-22 08:29:38.240998500,0.103998500,0
'2026-08-22 08:29:38.241009400,0.104009400,1
'2026-08-22 08:29:38.241024300,0.104024300,0
'2026-08-22 08:29:38.241035500,0.104035500,1
'2026-08-22 08:29:38.241050100,0.104050100,0
'2026-08-22 08:29:38.241061600,0.104061600,1
'2026-08-22 08:29:38.241076300,0.104076300,0
'2026-08-22 08:29:38.241087700,0.104087700,1
'2026-08-22 08:29:38.241102200,0.104102200,0
'2026-08-22 08:29:38.241102300,0.104102300,1
'2026-08-22 08:29:38.241102500,0.104102500,0
'2026-08-22 08:29:38.241113800,0.104113800,1
'2026-08-22 08:29:38.241128700,0.104128700,0
'2026-08-22 08:29:38.241139900,0.104139900,1
'2026-08-22 08:29:38.241154600,0.104154600,0
'2026-08-22 08:29:38.241166000,0.104166000,1
'2026-08-22 08:29:38.241180700,0.104180700,0
'2026-08-22 08:29:38.241192100,0.104192100,1
'2026-08-22 08:29:38.241206800,0.104206800,0
'2026-08-22 08:29:38.241218200,0.104218200,1
'2026-08-22 08:29:38.241233000,0.104233000,0
'2026-08-22 08:29:38.241244300,0.104244300,1
'2026-08-22 08:29:38.241259000,0.104259000,0
'2026-08-22 08:29:38.241259400,0.104259400,1
'2026-08-22 08:29:38.241259500,0.104259500,0
'2026-08-22 08:29:38.241270400,0.104270400,1
'2026-08-22 08:29:38.241285200,0.104285200,0
'2026-08-22 08:29:38.241296500,0.104296500,1
'2026-08-22 08:29:38.241311200,0.104311200,0
'2026-08-22 08:29:38.241322600,0.104322600,1
'2026-08-22 08:29:38.241337300,0.104337300,0
'2026-08-22 08:29:38.241348700,0.104348700,1
'2026-08-22 08:29:38.241363500,0.104363500,0
'2026-08-22 08:29:38.241374800,0.104374800,1
'2026-08-22 08:29:38.241389600,0.104389600,0
'2026-08-22 08:29:38.241389700,0.104389700,1
'2026-08-22 08:29:38.241389800,0.104389800,0
'2026-08-22 08:29:38.241390500,0.104390500,1
'2026-08-22 08:29:38.241806700,0.104806700,0
'2026-08-22 08:29:38.241818200,0.104818200,1
'2026-08-22 08:29:38.241832900,0.104832900,0
'2026-08-22 08:29:38.241844300,0.104844300,1
'2026-08-22 08:29:38.241859100,0.104859100,0
'2026-08-22 08:29:38.241870400,0.104870400,1
'2026-08-22 08:29:38.241885000,0.104885000,0
'2026-08-22 08:29:38.241885300,0.104885300,1
'2026-08-22 08:29:38.241885400,0.104885400,0
'2026-08-22 08:29:38.241896500,0.104896500,1
'2026-08-22 08:29:38.241911300,0.104911300,0
'2026-08-22 08:29:38.241911500,0.104911500,1
'2026-08-22 08:29:38.241911600,0.104911600,0
'2026-08-22 08:29:38.241912200,0.104912200,1
'2026-08-22 08:29:38.241912300,0.104912300,0
'2026-08-22 08:29:38.241922600,0.104922600,1
'2026-08-22 08:29:38.241937400,0.104937400,0
'2026-08-22 08:29:38.241937900,0.104937900,1
'2026-08-22 08:29:38.241938000,0.104938000,0
'2026-08-22 08:29:38.241939900,0.104939900,1
'2026-08-22 08:29:38.241940000,0.104940000,0
'2026-08-22 08:29:38.241948700,0.104948700,1
'2026-08-22 08:29:38.241963200,0.104963200,0
'2026-08-22 08:29:38.241974800,0.104974800,1
'2026-08-22 08:29:38.241989600,0.104989600,0
'2026-08-22 08:29:38.241989700,0.104989700,1
'2026-08-22 08:29:38.241989900,0.104989900,0
'2026-08-22 08:29:38.241990300,0.104990300,1
'2026-08-22 08:29:38.241990400,0.104990400,0
'2026-08-22 08:29:38.241991600,0.104991600,1
'2026-08-22 08:29:38.241991700,0.104991700,0
'2026-08-22 08:29:38.242000900,0.105000900,1
'2026-08-22 08:29:38.242015400,0.105015400,0
'2026-08-22 08:29:38.242027000,0.105027000,1
'2026-08-22 08:29:38.242042200,0.105042200,0
'2026-08-22 08:29:38.242042300,0.105042300,1
'2026-08-22 08:29:38.242042500,0.105042500,0
'2026-08-22 08:29:38.242053100,0.105053100,1
'2026-08-22 08:29:38.242067600,0.105067600,0
'2026-08-22 08:29:38.242079200,0.105079200,1
'2026-08-22 08:29:38.242093900,0.105093900,0
'2026-08-22 08:29:38.242101400,0.105101400,1
'2026-08-22 08:29:38.242101500,0.105101500,0
'2026-08-22 08:29:38.242103500,0.105103500,1
'2026-08-22 08:29:38.242103600,0.105103600,0
'2026-08-22 08:29:38.242105300,0.105105300,1
'2026-08-22 08:29:38.242120300,0.105120300,0
'2026-08-22 08:29:38.242120900,0.105120900,1
'2026-08-22 08:29:38.242121000,0.105121000,0
'2026-08-22 08:29:38.242131300,0.105131300,1
'2026-08-22 08:29:38.242146000,0.105146000,0
'2026-08-22 08:29:38.242157400,0.105157400,1
'2026-08-22 08:29:38.242172300,0.105172300,0
'2026-08-22 08:29:38.242173200,0.105173200,1
'2026-08-22 08:29:38.242173300,0.105173300,0
'2026-08-22 08:29:38.242173700,0.105173700,1
'2026-08-22 08:29:38.242173900,0.105173900,0
'2026-08-22 08:29:38.242180100,0.105180100,1
'2026-08-22 08:29:38.242180200,0.105180200,0
'2026-08-22 08:29:38.242183500,0.105183500,1
'2026-08-22 08:29:38.242198200,0.105198200,0
'2026-08-22 08:29:38.242198700,0.105198700,1
'2026-08-22 08:29:38.242198800,0.105198800,0
'2026-08-22 08:29:38.242209600,0.105209600,1
'2026-08-22 08:29:38.242641600,0.105641600,0
'2026-08-22 08:29:38.242645500,0.105645500,1
'2026-08-22 08:29:38.242645600,0.105645600,0
'2026-08-22 08:29:38.242653100,0.105653100,1
'2026-08-22 08:29:38.242668000,0.105668000,0
'2026-08-22 08:29:38.242668300,0.105668300,1
'2026-08-22 08:29:38.242668400,0.105668400,0
'2026-08-22 08:29:38.242672700,0.105672700,1
'2026-08-22 08:29:38.242672800,0.105672800,0
'2026-08-22 08:29:38.242679200,0.105679200,1
'2026-08-22 08:29:38.242693700,0.105693700,0
'2026-08-22 08:29:38.242695800,0.105695800,1
'2026-08-22 08:29:38.242695900,0.105695900,0
'2026-08-22 08:29:38.242705200,0.105705200,1
'2026-08-22 08:29:38.242719900,0.105719900,0
'2026-08-22 08:29:38.242731300,0.105731300,1
'2026-08-22 08:29:38.242746200,0.105746200,0
'2026-08-22 08:29:38.242757400,0.105757400,1
'2026-08-22 08:29:38.242772400,0.105772400,0
'2026-08-22 08:29:38.242772800,0.105772800,1
'2026-08-22 08:29:38.242772900,0.105772900,0
'2026-08-22 08:29:38.242783500,0.105783500,1
'2026-08-22 08:29:38.242798200,0.105798200,0
'2026-08-22 08:29:38.242809600,0.105809600,1
'2026-08-22 08:29:38.242824500,0.105824500,0
'2026-08-22 08:29:38.242824800,0.105824800,1
'2026-08-22 08:29:38.242824900,0.105824900,0
'2026-08-22 08:29:38.242825400,0.105825400,1
'2026-08-22 08:29:38.242825500,0.105825500,0
'2026-08-22 08:29:38.242827200,0.105827200,1
'2026-08-22 08:29:38.242827300,0.105827300,0
'2026-08-22 08:29:38.242835700,0.105835700,1
'2026-08-22 08:29:38.242850300,0.105850300,0
'2026-08-22 08:29:38.242861800,0.105861800,1
'2026-08-22 08:29:38.242876600,0.105876600,0
'2026-08-22 08:29:38.242876700,0.105876700,1
'2026-08-22 08:29:38.242877000,0.105877000,0
'2026-08-22 08:29:38.242887300,0.105887300,1
'2026-08-22 08:29:38.242887400,0.105887400,0
'2026-08-22 08:29:38.242887900,0.105887900,1
'2026-08-22 08:29:38.242902600,0.105902600,0
'2026-08-22 08:29:38.242906600,0.105906600,1
'2026-08-22 08:29:38.242906700,0.105906700,0
'2026-08-22 08:29:38.242907700,0.105907700,1
'2026-08-22 08:29:38.242907800,0.105907800,0
'2026-08-22 08:29:38.242914000,0.105914000,1
'2026-08-22 08:29:38.242929000,0.105929000,0
'2026-08-22 08:29:38.242940100,0.105940100,1
'2026-08-22 08:29:38.242955200,0.105955200,0
'2026-08-22 08:29:38.242955600,0.105955600,1
'2026-08-22 08:29:38.242955700,0.105955700,0
'2026-08-22 08:29:38.242956200,0.105956200,1
'2026-08-22 08:29:38.242956300,0.105956300,0
'2026-08-22 08:29:38.242956800,0.105956800,1
'2026-08-22 08:29:38.242956900,0.105956900,0
'2026-08-22 08:29:38.242966200,0.105966200,1
'2026-08-22 08:29:38.242980900,0.105980900,0
'2026-08-22 08:29:38.242992300,0.105992300,1
'2026-08-22 08:29:38.243007300,0.106007300,0
'2026-08-22 08:29:38.243007600,0.106007600,1
'2026-08-22 08:29:38.243007700,0.106007700,0
'2026-08-22 08:29:38.243008300,0.106008300,1
'2026-08-22 08:29:38.243008400,0.106008400,0
'2026-08-22 08:29:38.243018100,0.106018100,1
'2026-08-22 08:29:38.243018200,0.106018200,0
'2026-08-22 08:29:38.243018400,0.106018400,1
'2026-08-22 08:29:38.243032800,0.106032800,0
'2026-08-22 08:29:38.243037400,0.106037400,1
'2026-08-22 08:29:38.243037600,0.106037600,0
'2026-08-22 08:29:38.243038000,0.106038000,1
'2026-08-22 08:29:38.243452300,0.106452300,0
'2026-08-22 08:29:38.243452500,0.106452500,1
'2026-08-22 08:29:38.243452600,0.106452600,0
'2026-08-22 08:29:38.243460100,0.106460100,1
'2026-08-22 08:29:38.243460200,0.106460200,0
'2026-08-22 08:29:38.243461800,0.106461800,1
'2026-08-22 08:29:38.243476600,0.106476600,0
'2026-08-22 08:29:38.243479400,0.106479400,1
'2026-08-22 08:29:38.243479700,0.106479700,0
'2026-08-22 08:29:38.243480000,0.106480000,1
'2026-08-22 08:29:38.243480100,0.106480100,0
'2026-08-22 08:29:38.243487900,0.106487900,1
'2026-08-22 08:29:38.243502600,0.106502600,0
'2026-08-22 08:29:38.243502700,0.106502700,1
'2026-08-22 08:29:38.243502800,0.106502800,0
'2026-08-22 08:29:38.243509900,0.106509900,1
'2026-08-22 08:29:38.243510000,0.106510000,0
'2026-08-22 08:29:38.243514000,0.106514000,1
'2026-08-22 08:29:38.243528800,0.106528800,0
'2026-08-22 08:29:38.243528900,0.106528900,1
'2026-08-22 08:29:38.243529100,0.106529100,0
'2026-08-22 08:29:38.243529500,0.106529500,1
'2026-08-22 08:29:38.243529800,0.106529800,0
'2026-08-22 08:29:38.243540100,0.106540100,1
'2026-08-22 08:29:38.243554800,0.106554800,0
'2026-08-22 08:29:38.243566200,0.106566200,1
'2026-08-22 08:29:38.243581100,0.106581100,0
'2026-08-22 08:29:38.243581200,0.106581200,1
'2026-08-22 08:29:38.243581300,0.106581300,0
'2026-08-22 08:29:38.243581400,0.106581400,1
'2026-08-22 08:29:38.243581600,0.106581600,0
'2026-08-22 08:29:38.243591500,0.106591500,1
'2026-08-22 08:29:38.243591600,0.106591600,0
'2026-08-22 08:29:38.243592300,0.106592300,1
'2026-08-22 08:29:38.243606900,0.106606900,0
'2026-08-22 08:29:38.243618400,0.106618400,1
'2026-08-22 08:29:38.243633200,0.106633200,0
'2026-08-22 08:29:38.243640300,0.106640300,1
'2026-08-22 08:29:38.243640400,0.106640400,0
'2026-08-22 08:29:38.243642700,0.106642700,1
'2026-08-22 08:29:38.243642800,0.106642800,0
'2026-08-22 08:29:38.243644500,0.106644500,1
'2026-08-22 08:29:38.243659300,0.106659300,0
'2026-08-22 08:29:38.243660300,0.106660300,1
'2026-08-22 08:29:38.243660400,0.106660400,0
'2026-08-22 08:29:38.243661500,0.106661500,1
'2026-08-22 08:29:38.243661600,0.106661600,0
'2026-08-22 08:29:38.243670600,0.106670600,1
'2026-08-22 08:29:38.243685200,0.106685200,0
'2026-08-22 08:29:38.243696700,0.106696700,1
'2026-08-22 08:29:38.243711800,0.106711800,0
'2026-08-22 08:29:38.243722800,0.106722800,1
'2026-08-22 08:29:38.243737500,0.106737500,0
'2026-08-22 08:29:38.243748900,0.106748900,1
'2026-08-22 08:29:38.243764000,0.106764000,0
'2026-08-22 08:29:38.243775000,0.106775000,1
'2026-08-22 08:29:38.243789600,0.106789600,0
'2026-08-22 08:29:38.243801100,0.106801100,1
'2026-08-22 08:29:38.243816000,0.106816000,0
'2026-08-22 08:29:38.243827200,0.106827200,1
'2026-08-22 08:29:38.243841800,0.106841800,0
'2026-08-22 08:29:38.243841900,0.106841900,1
'2026-08-22 08:29:38.243842000,0.106842000,0
'2026-08-22 08:29:38.243842500,0.106842500,1
'2026-08-22 08:29:38.243842600,0.106842600,0
'2026-08-22 08:29:38.243842900,0.106842900,1
'2026-08-22 08:29:38.243843000,0.106843000,0
'2026-08-22 08:29:38.243843700,0.106843700,1
'2026-08-22 08:29:38.243843800,0.106843800,0
'2026-08-22 08:29:38.243844800,0.106844800,1
'2026-08-22 08:29:38.243844900,0.106844900,0
'2026-08-22 08:29:38.243853300,0.106853300,1
'2026-08-22 08:29:38.244285800,0.107285800,0
'2026-08-22 08:29:38.244296700,0.107296700,1
'2026-08-22 08:29:38.244311300,0.107311300,0
'2026-08-22 08:29:38.244311400,0.107311400,1
'2026-08-22 08:29:38.244311500,0.107311500,0
'2026-08-22 08:29:38.244322800,0.107322800,1
'2026-08-22 08:29:38.244337300,0.107337300,0
'2026-08-22 08:29:38.244337400,0.107337400,1
'2026-08-22 08:29:38.244337500,0.107337500,0
'2026-08-22 08:29:38.244337800,0.107337800,1
'2026-08-22 08:29:38.244337900,0.107337900,0
'2026-08-22 08:29:38.244348900,0.107348900,1
'2026-08-22 08:29:38.244363700,0.107363700,0
'2026-08-22 08:29:38.244363900,0.107363900,1
'2026-08-22 08:29:38.244364000,0.107364000,0
'2026-08-22 08:29:38.244375000,0.107375000,1
'2026-08-22 08:29:38.244389700,0.107389700,0
'2026-08-22 08:29:38.244401100,0.107401100,1
'2026-08-22 08:29:38.244416000,0.107416000,0
'2026-08-22 08:29:38.244416100,0.107416100,1
'2026-08-22 08:29:38.244416400,0.107416400,0
'2026-08-22 08:29:38.244427200,0.107427200,1
'2026-08-22 08:29:38.244441800,0.107441800,0
'2026-08-22 08:29:38.244453300,0.107453300,1
'2026-08-22 08:29:38.244468100,0.107468100,0
'2026-08-22 08:29:38.244479400,0.107479400,1
'2026-08-22 08:29:38.244493900,0.107493900,0
'2026-08-22 08:29:38.244494100,0.107494100,1
'2026-08-22 08:29:38.244494200,0.107494200,0
'2026-08-22 08:29:38.244496500,0.107496500,1
'2026-08-22 08:29:38.244496600,0.107496600,0
'2026-08-22 08:29:38.244497600,0.107497600,1
'2026-08-22 08:29:38.244497800,0.107497800,0
'2026-08-22 08:29:38.244505500,0.107505500,1
'2026-08-22 08:29:38.244520200,0.107520200,0
'2026-08-22 08:29:38.244520400,0.107520400,1
'2026-08-22 08:29:38.244520500,0.107520500,0
'2026-08-22 08:29:38.244531600,0.107531600,1
'2026-08-22 08:29:38.244546200,0.107546200,0
'2026-08-22 08:29:38.244550100,0.107550100,1
'2026-08-22 08:29:38.244550200,0.107550200,0
'2026-08-22 08:29:38.244557700,0.107557700,1
'2026-08-22 08:29:38.244572500,0.107572500,0
'2026-08-22 08:29:38.244572900,0.107572900,1
'2026-08-22 08:29:38.244573000,0.107573000,0
'2026-08-22 08:29:38.244574100,0.107574100,1
'2026-08-22 08:29:38.244574200,0.107574200,0
'2026-08-22 08:29:38.244575300,0.107575300,1
'2026-08-22 08:29:38.244575400,0.107575400,0
'2026-08-22 08:29:38.244575900,0.107575900,1
'2026-08-22 08:29:38.244576000,0.107576000,0
'2026-08-22 08:29:38.244583700,0.107583700,1
'2026-08-22 08:29:38.244598500,0.107598500,0
'2026-08-22 08:29:38.244606200,0.107606200,1
'2026-08-22 08:29:38.244606300,0.107606300,0
'2026-08-22 08:29:38.244608500,0.107608500,1
'2026-08-22 08:29:38.244608600,0.107608600,0
'2026-08-22 08:29:38.244609900,0.107609900,1
'2026-08-22 08:29:38.244624400,0.107624400,0
'2026-08-22 08:29:38.244624500,0.107624500,1
'2026-08-22 08:29:38.244624600,0.107624600,0
'2026-08-22 08:29:38.244630500,0.107630500,1
'2026-08-22 08:29:38.244630600,0.107630600,0
'2026-08-22 08:29:38.244635900,0.107635900,1
'2026-08-22 08:29:38.244650700,0.107650700,0
'2026-08-22 08:29:38.244662000,0.107662000,1
'2026-08-22 08:29:38.244677000,0.107677000,0
'2026-08-22 08:29:38.244677300,0.107677300,1
'2026-08-22 08:29:38.244677500,0.107677500,0
'2026-08-22 08:29:38.244685500,0.107685500,1
'2026-08-22 08:29:38.245100000,0.108100000,0
'2026-08-22 08:29:38.245101900,0.108101900,1
'2026-08-22 08:29:38.245102000,0.108102000,0
'2026-08-22 08:29:38.245105500,0.108105500,1
'2026-08-22 08:29:38.245120200,0.108120200,0
'2026-08-22 08:29:38.245131600,0.108131600,1
'2026-08-22 08:29:38.245146200,0.108146200,0
'2026-08-22 08:29:38.245152400,0.108152400,1
'2026-08-22 08:29:38.245152500,0.108152500,0
'2026-08-22 08:29:38.245157700,0.108157700,1
'2026-08-22 08:29:38.245172400,0.108172400,0
'2026-08-22 08:29:38.245172500,0.108172500,1
'2026-08-22 08:29:38.245172600,0.108172600,0
'2026-08-22 08:29:38.245183800,0.108183800,1
'2026-08-22 08:29:38.245198500,0.108198500,0
'2026-08-22 08:29:38.245209900,0.108209900,1
'2026-08-22 08:29:38.245224400,0.108224400,0
'2026-08-22 08:29:38.245236000,0.108236000,1
'2026-08-22 08:29:38.245250500,0.108250500,0
'2026-08-22 08:29:38.245262100,0.108262100,1
'2026-08-22 08:29:38.245276800,0.108276800,0
'2026-08-22 08:29:38.245288100,0.108288100,1
'2026-08-22 08:29:38.245302700,0.108302700,0
'2026-08-22 08:29:38.245302800,0.108302800,1
'2026-08-22 08:29:38.245302900,0.108302900,0
'2026-08-22 08:29:38.245314200,0.108314200,1
'2026-08-22 08:29:38.245328700,0.108328700,0
'2026-08-22 08:29:38.245328900,0.108328900,1
'2026-08-22 08:29:38.245329100,0.108329100,0
'2026-08-22 08:29:38.245340300,0.108340300,1
'2026-08-22 08:29:38.245355000,0.108355000,0
'2026-08-22 08:29:38.245366400,0.108366400,1
'2026-08-22 08:29:38.245381200,0.108381200,0
'2026-08-22 08:29:38.245381600,0.108381600,1
'2026-08-22 08:29:38.245381700,0.108381700,0
'2026-08-22 08:29:38.245392500,0.108392500,1
'2026-08-22 08:29:38.245407200,0.108407200,0
'2026-08-22 08:29:38.245412500,0.108412500,1
'2026-08-22 08:29:38.245412600,0.108412600,0
'2026-08-22 08:29:38.245418600,0.108418600,1
'2026-08-22 08:29:38.245433500,0.108433500,0
'2026-08-22 08:29:38.245444700,0.108444700,1
'2026-08-22 08:29:38.245459400,0.108459400,0
'2026-08-22 08:29:38.245470800,0.108470800,1
'2026-08-22 08:29:38.245485400,0.108485400,0
'2026-08-22 08:29:38.245493600,0.108493600,1
'2026-08-22 08:29:38.245493700,0.108493700,0
'2026-08-22 08:29:38.245496900,0.108496900,1
'2026-08-22 08:29:38.245928800,0.108928800,0
'2026-08-22 08:29:38.245934000,0.108934000,1
'2026-08-22 08:29:38.245934100,0.108934100,0
'2026-08-22 08:29:38.245934600,0.108934600,1
'2026-08-22 08:29:38.245934700,0.108934700,0
'2026-08-22 08:29:38.245940300,0.108940300,1
'2026-08-22 08:29:38.245955200,0.108955200,0
'2026-08-22 08:29:38.245966400,0.108966400,1
'2026-08-22 08:29:38.245981000,0.108981000,0
'2026-08-22 08:29:38.245992500,0.108992500,1
'2026-08-22 08:29:38.246007300,0.109007300,0
'2026-08-22 08:29:38.246018600,0.109018600,1
'2026-08-22 08:29:38.246033400,0.109033400,0
'2026-08-22 08:29:38.246033900,0.109033900,1
'2026-08-22 08:29:38.246034000,0.109034000,0
'2026-08-22 08:29:38.246044700,0.109044700,1
'2026-08-22 08:29:38.246059200,0.109059200,0
'2026-08-22 08:29:38.246070800,0.109070800,1
'2026-08-22 08:29:38.246085700,0.109085700,0
'2026-08-22 08:29:38.246085900,0.109085900,1
'2026-08-22 08:29:38.246086100,0.109086100,0
'2026-08-22 08:29:38.246096900,0.109096900,1
'2026-08-22 08:29:38.246111500,0.109111500,0
'2026-08-22 08:29:38.246123000,0.109123000,1
'2026-08-22 08:29:38.246137800,0.109137800,0
'2026-08-22 08:29:38.246149100,0.109149100,1
'2026-08-22 08:29:38.246163800,0.109163800,0
'2026-08-22 08:29:38.246164100,0.109164100,1
'2026-08-22 08:29:38.246164200,0.109164200,0
'2026-08-22 08:29:38.246175200,0.109175200,1
'2026-08-22 08:29:38.246189700,0.109189700,0
'2026-08-22 08:29:38.246189800,0.109189800,1
'2026-08-22 08:29:38.246189900,0.109189900,0
'2026-08-22 08:29:38.246201300,0.109201300,1
'2026-08-22 08:29:38.246216000,0.109216000,0
'2026-08-22 08:29:38.246216100,0.109216100,1
'2026-08-22 08:29:38.246216200,0.109216200,0
'2026-08-22 08:29:38.246227400,0.109227400,1
'2026-08-22 08:29:38.246242000,0.109242000,0
'2026-08-22 08:29:38.246253500,0.109253500,1
'2026-08-22 08:29:38.246268200,0.109268200,0
'2026-08-22 08:29:38.246279600,0.109279600,1
'2026-08-22 08:29:38.246294200,0.109294200,0
'2026-08-22 08:29:38.246294300,0.109294300,1
'2026-08-22 08:29:38.246294400,0.109294400,0
'2026-08-22 08:29:38.246301800,0.109301800,1
'2026-08-22 08:29:38.246301900,0.109301900,0
'2026-08-22 08:29:38.246305700,0.109305700,1
'2026-08-22 08:29:38.246320300,0.109320300,0
'2026-08-22 08:29:38.246331700,0.109331700,1
'2026-08-22 08:29:38.246747200,0.109747200,0
'2026-08-22 08:29:38.246749100,0.109749100,1
'2026-08-22 08:29:38.246763600,0.109763600,0
'2026-08-22 08:29:38.246775200,0.109775200,1
'2026-08-22 08:29:38.246790200,0.109790200,0
'2026-08-22 08:29:38.246801300,0.109801300,1
'2026-08-22 08:29:38.246816000,0.109816000,0
'2026-08-22 08:29:38.246819400,0.109819400,1
'2026-08-22 08:29:38.246819500,0.109819500,0
'2026-08-22 08:29:38.246827400,0.109827400,1
'2026-08-22 08:29:38.246842100,0.109842100,0
'2026-08-22 08:29:38.246853500,0.109853500,1
'2026-08-22 08:29:38.246868300,0.109868300,0
'2026-08-22 08:29:38.246879600,0.109879600,1
'2026-08-22 08:29:38.246894100,0.109894100,0
'2026-08-22 08:29:38.246905700,0.109905700,1
'2026-08-22 08:29:38.246920600,0.109920600,0
'2026-08-22 08:29:38.246931800,0.109931800,1
'2026-08-22 08:29:38.246946600,0.109946600,0
'2026-08-22 08:29:38.246957900,0.109957900,1
'2026-08-22 08:29:38.246972600,0.109972600,0
'2026-08-22 08:29:38.246972700,0.109972700,1
'2026-08-22 08:29:38.246972800,0.109972800,0
'2026-08-22 08:29:38.246984000,0.109984000,1
'2026-08-22 08:29:38.246998800,0.109998800,0
'2026-08-22 08:29:38.247010000,0.110010000,1
'2026-08-22 08:29:38.247024500,0.110024500,0
'2026-08-22 08:29:38.247036100,0.110036100,1
'2026-08-22 08:29:38.247050800,0.110050800,0
'2026-08-22 08:29:38.247062200,0.110062200,1
'2026-08-22 08:29:38.247077000,0.110077000,0
'2026-08-22 08:29:38.247079600,0.110079600,1
'2026-08-22 08:29:38.247079700,0.110079700,0
'2026-08-22 08:29:38.247088300,0.110088300,1
'2026-08-22 08:29:38.247103000,0.110103000,0
'2026-08-22 08:29:38.247114400,0.110114400,1
'2026-08-22 08:29:38.247129400,0.110129400,0
'2026-08-22 08:29:38.247140500,0.110140500,1
'2026-08-22 08:29:38.247155300,0.110155300,0
'2026-08-22 08:29:38.247155500,0.110155500,1
'2026-08-22 08:29:38.247155600,0.110155600,0
'2026-08-22 08:29:38.247156600,0.110156600,1
'2026-08-22 08:29:38.247572600,0.110572600,0
'2026-08-22 08:29:38.247572700,0.110572700,1
'2026-08-22 08:29:38.247572800,0.110572800,0
'2026-08-22 08:29:38.247583900,0.110583900,1
'2026-08-22 08:29:38.247598400,0.110598400,0
'2026-08-22 08:29:38.247610000,0.110610000,1
'2026-08-22 08:29:38.247624700,0.110624700,0
'2026-08-22 08:29:38.247636100,0.110636100,1
'2026-08-22 08:29:38.247650800,0.110650800,0
'2026-08-22 08:29:38.247653600,0.110653600,1
'2026-08-22 08:29:38.247653700,0.110653700,0
'2026-08-22 08:29:38.247662200,0.110662200,1
'2026-08-22 08:29:38.247676800,0.110676800,0
'2026-08-22 08:29:38.247676900,0.110676900,1
'2026-08-22 08:29:38.247677000,0.110677000,0
'2026-08-22 08:29:38.247688300,0.110688300,1
'2026-08-22 08:29:38.247703300,0.110703300,0
'2026-08-22 08:29:38.247703400,0.110703400,1
'2026-08-22 08:29:38.247703600,0.110703600,0
'2026-08-22 08:29:38.247714400,0.110714400,1
'2026-08-22 08:29:38.247729000,0.110729000,0
'2026-08-22 08:29:38.247735900,0.110735900,1
'2026-08-22 08:29:38.247736000,0.110736000,0
'2026-08-22 08:29:38.247740500,0.110740500,1
'2026-08-22 08:29:38.247755400,0.110755400,0
'2026-08-22 08:29:38.247766600,0.110766600,1
'2026-08-22 08:29:38.247781200,0.110781200,0
'2026-08-22 08:29:38.247792700,0.110792700,1
'2026-08-22 08:29:38.247807600,0.110807600,0
'2026-08-22 08:29:38.247807700,0.110807700,1
'2026-08-22 08:29:38.247807900,0.110807900,0
'2026-08-22 08:29:38.247818800,0.110818800,1
'2026-08-22 08:29:38.247833200,0.110833200,0
'2026-08-22 08:29:38.247833300,0.110833300,1
'2026-08-22 08:29:38.247833600,0.110833600,0
'2026-08-22 08:29:38.247844900,0.110844900,1
'2026-08-22 08:29:38.247859500,0.110859500,0
'2026-08-22 08:29:38.247859700,0.110859700,1
'2026-08-22 08:29:38.247859800,0.110859800,0
'2026-08-22 08:29:38.247871000,0.110871000,1
'2026-08-22 08:29:38.247885600,0.110885600,0
'2026-08-22 08:29:38.247897100,0.110897100,1
'2026-08-22 08:29:38.247911900,0.110911900,0
'2026-08-22 08:29:38.247912800,0.110912800,1
'2026-08-22 08:29:38.247912900,0.110912900,0
'2026-08-22 08:29:38.247915700,0.110915700,1
'2026-08-22 08:29:38.247915800,0.110915800,0
'2026-08-22 08:29:38.247922800,0.110922800,1
'2026-08-22 08:29:38.247922900,0.110922900,0
'2026-08-22 08:29:38.247923200,0.110923200,1
'2026-08-22 08:29:38.247937800,0.110937800,0
'2026-08-22 08:29:38.247937900,0.110937900,1
'2026-08-22 08:29:38.247938100,0.110938100,0
'2026-08-22 08:29:38.247949300,0.110949300,1
'2026-08-22 08:29:38.247964000,0.110964000,0
'2026-08-22 08:29:38.247964200,0.110964200,1
'2026-08-22 08:29:38.247964300,0.110964300,0
'2026-08-22 08:29:38.247975400,0.110975400,1
'2026-08-22 08:29:38.248407200,0.111407200,0
'2026-08-22 08:29:38.248407300,0.111407300,1
'2026-08-22 08:29:38.248407600,0.111407600,0
'2026-08-22 08:29:38.248408000,0.111408000,1
'2026-08-22 08:29:38.248408100,0.111408100,0
'2026-08-22 08:29:38.248408700,0.111408700,1
'2026-08-22 08:29:38.248408800,0.111408800,0
'2026-08-22 08:29:38.248418800,0.111418800,1
'2026-08-22 08:29:38.248433300,0.111433300,0
'2026-08-22 08:29:38.248441800,0.111441800,1
'2026-08-22 08:29:38.248441900,0.111441900,0
'2026-08-22 08:29:38.248444900,0.111444900,1
'2026-08-22 08:29:38.248459600,0.111459600,0
'2026-08-22 08:29:38.248471000,0.111471000,1
'2026-08-22 08:29:38.248485800,0.111485800,0
'2026-08-22 08:29:38.248497100,0.111497100,1
'2026-08-22 08:29:38.248511700,0.111511700,0
'2026-08-22 08:29:38.248523200,0.111523200,1
'2026-08-22 08:29:38.248538300,0.111538300,0
'2026-08-22 08:29:38.248538900,0.111538900,1
'2026-08-22 08:29:38.248539000,0.111539000,0
'2026-08-22 08:29:38.248539400,0.111539400,1
'2026-08-22 08:29:38.248539500,0.111539500,0
'2026-08-22 08:29:38.248549300,0.111549300,1
'2026-08-22 08:29:38.248563800,0.111563800,0
'2026-08-22 08:29:38.248575400,0.111575400,1
'2026-08-22 08:29:38.248590400,0.111590400,0
'2026-08-22 08:29:38.248601500,0.111601500,1
'2026-08-22 08:29:38.248616000,0.111616000,0
'2026-08-22 08:29:38.248627600,0.111627600,1
'2026-08-22 08:29:38.248642300,0.111642300,0
'2026-08-22 08:29:38.248653700,0.111653700,1
'2026-08-22 08:29:38.248668400,0.111668400,0
'2026-08-22 08:29:38.248679700,0.111679700,1
'2026-08-22 08:29:38.248694300,0.111694300,0
'2026-08-22 08:29:38.248705800,0.111705800,1
'2026-08-22 08:29:38.248720600,0.111720600,0
'2026-08-22 08:29:38.248731900,0.111731900,1
'2026-08-22 08:29:38.248746600,0.111746600,0
'2026-08-22 08:29:38.248746700,0.111746700,1
'2026-08-22 08:29:38.248746800,0.111746800,0
'2026-08-22 08:29:38.248747900,0.111747900,1
'2026-08-22 08:29:38.248748000,0.111748000,0
'2026-08-22 08:29:38.248758000,0.111758000,1
'2026-08-22 08:29:38.248772600,0.111772600,0
'2026-08-22 08:29:38.248784100,0.111784100,1
'2026-08-22 08:29:38.248798900,0.111798900,0
'2026-08-22 08:29:38.248799300,0.111799300,1
'2026-08-22 08:29:38.248799400,0.111799400,0
'2026-08-22 08:29:38.248804100,0.111804100,1
'2026-08-22 08:29:38.249218400,0.112218400,0
'2026-08-22 08:29:38.249227500,0.112227500,1
'2026-08-22 08:29:38.249242200,0.112242200,0
'2026-08-22 08:29:38.249253600,0.112253600,1
'2026-08-22 08:29:38.249268300,0.112268300,0
'2026-08-22 08:29:38.249279700,0.112279700,1
'2026-08-22 08:29:38.249294300,0.112294300,0
'2026-08-22 08:29:38.249305800,0.112305800,1
'2026-08-22 08:29:38.249320600,0.112320600,0
'2026-08-22 08:29:38.249331900,0.112331900,1
'2026-08-22 08:29:38.249346600,0.112346600,0
'2026-08-22 08:29:38.249358000,0.112358000,1
'2026-08-22 08:29:38.249372700,0.112372700,0
'2026-08-22 08:29:38.249372800,0.112372800,1
'2026-08-22 08:29:38.249372900,0.112372900,0
'2026-08-22 08:29:38.249384100,0.112384100,1
'2026-08-22 08:29:38.249398600,0.112398600,0
'2026-08-22 08:29:38.249398700,0.112398700,1
'2026-08-22 08:29:38.249398800,0.112398800,0
'2026-08-22 08:29:38.249400300,0.112400300,1
'2026-08-22 08:29:38.249400400,0.112400400,0
'2026-08-22 08:29:38.249407600,0.112407600,1
'2026-08-22 08:29:38.249407700,0.112407700,0
'2026-08-22 08:29:38.249410200,0.112410200,1
'2026-08-22 08:29:38.249424900,0.112424900,0
'2026-08-22 08:29:38.249436300,0.112436300,1
'2026-08-22 08:29:38.249450900,0.112450900,0
'2026-08-22 08:29:38.249451100,0.112451100,1
'2026-08-22 08:29:38.249451200,0.112451200,0
'2026-08-22 08:29:38.249462400,0.112462400,1
'2026-08-22 08:29:38.249476900,0.112476900,0
'2026-08-22 08:29:38.249488500,0.112488500,1
'2026-08-22 08:29:38.249503200,0.112503200,0
'2026-08-22 08:29:38.249503300,0.112503300,1
'2026-08-22 08:29:38.249503400,0.112503400,0
'2026-08-22 08:29:38.249514500,0.112514500,1
'2026-08-22 08:29:38.249529000,0.112529000,0
'2026-08-22 08:29:38.249540600,0.112540600,1
'2026-08-22 08:29:38.249555300,0.112555300,0
'2026-08-22 08:29:38.249566700,0.112566700,1
'2026-08-22 08:29:38.249581600,0.112581600,0
'2026-08-22 08:29:38.249581700,0.112581700,1
'2026-08-22 08:29:38.249581900,0.112581900,0
'2026-08-22 08:29:38.249586000,0.112586000,1
'2026-08-22 08:29:38.249586100,0.112586100,0
'2026-08-22 08:29:38.249592800,0.112592800,1
'2026-08-22 08:29:38.249607300,0.112607300,0
'2026-08-22 08:29:38.249618900,0.112618900,1
'2026-08-22 08:29:38.250050700,0.113050700,0
'2026-08-22 08:29:38.250062300,0.113062300,1
'2026-08-22 08:29:38.250077000,0.113077000,0
'2026-08-22 08:29:38.250084600,0.113084600,1
'2026-08-22 08:29:38.250084700,0.113084700,0
'2026-08-22 08:29:38.250088400,0.113088400,1
'2026-08-22 08:29:38.250103000,0.113103000,0
'2026-08-22 08:29:38.250103100,0.113103100,1
'2026-08-22 08:29:38.250103200,0.113103200,0
'2026-08-22 08:29:38.250114500,0.113114500,1
'2026-08-22 08:29:38.250129100,0.113129100,0
'2026-08-22 08:29:38.250140600,0.113140600,1
'2026-08-22 08:29:38.250155300,0.113155300,0
'2026-08-22 08:29:38.250166700,0.113166700,1
'2026-08-22 08:29:38.250181200,0.113181200,0
'2026-08-22 08:29:38.250192800,0.113192800,1
'2026-08-22 08:29:38.250207500,0.113207500,0
'2026-08-22 08:29:38.250207600,0.113207600,1
'2026-08-22 08:29:38.250207800,0.113207800,0
'2026-08-22 08:29:38.250218900,0.113218900,1
'2026-08-22 08:29:38.250233500,0.113233500,0
'2026-08-22 08:29:38.250237300,0.113237300,1
'2026-08-22 08:29:38.250237400,0.113237400,0
'2026-08-22 08:29:38.250245000,0.113245000,1
'2026-08-22 08:29:38.250259700,0.113259700,0
'2026-08-22 08:29:38.250271100,0.113271100,1
'2026-08-22 08:29:38.250286000,0.113286000,0
'2026-08-22 08:29:38.250297200,0.113297200,1
'2026-08-22 08:29:38.250311700,0.113311700,0
'2026-08-22 08:29:38.250323300,0.113323300,1
'2026-08-22 08:29:38.250338000,0.113338000,0
'2026-08-22 08:29:38.250349400,0.113349400,1
'2026-08-22 08:29:38.250364000,0.113364000,0
'2026-08-22 08:29:38.250364100,0.113364100,1
'2026-08-22 08:29:38.250364200,0.113364200,0
'2026-08-22 08:29:38.250375400,0.113375400,1
'2026-08-22 08:29:38.250390600,0.113390600,0
'2026-08-22 08:29:38.250390900,0.113390900,1
'2026-08-22 08:29:38.250391000,0.113391000,0
'2026-08-22 08:29:38.250401500,0.113401500,1
'2026-08-22 08:29:38.250416000,0.113416000,0
'2026-08-22 08:29:38.250416100,0.113416100,1
'2026-08-22 08:29:38.250416200,0.113416200,0
'2026-08-22 08:29:38.250427600,0.113427600,1
'2026-08-22 08:29:38.250442400,0.113442400,0
'2026-08-22 08:29:38.250451100,0.113451100,1
'2026-08-22 08:29:38.251668200,0.114668200,0
'2026-08-22 08:29:38.251679700,0.114679700,1
'2026-08-22 08:29:38.251694300,0.114694300,0
'2026-08-22 08:29:38.251705800,0.114705800,1
'2026-08-22 08:29:38.251720400,0.114720400,0
'2026-08-22 08:29:38.251720800,0.114720800,1
'2026-08-22 08:29:38.251720900,0.114720900,0
'2026-08-22 08:29:38.251731900,0.114731900,1
'2026-08-22 08:29:38.251746600,0.114746600,0
'2026-08-22 08:29:38.251758000,0.114758000,1
'2026-08-22 08:29:38.251772600,0.114772600,0
'2026-08-22 08:29:38.251772700,0.114772700,1
'2026-08-22 08:29:38.251772900,0.114772900,0
'2026-08-22 08:29:38.251784100,0.114784100,1
'2026-08-22 08:29:38.251798600,0.114798600,0
'2026-08-22 08:29:38.251810200,0.114810200,1
'2026-08-22 08:29:38.251824900,0.114824900,0
'2026-08-22 08:29:38.251836300,0.114836300,1
'2026-08-22 08:29:38.251850900,0.114850900,0
'2026-08-22 08:29:38.251862400,0.114862400,1
'2026-08-22 08:29:38.251877000,0.114877000,0
'2026-08-22 08:29:38.251877300,0.114877300,1
'2026-08-22 08:29:38.251877400,0.114877400,0
'2026-08-22 08:29:38.251888500,0.114888500,1
'2026-08-22 08:29:38.251903100,0.114903100,0
'2026-08-22 08:29:38.251914600,0.114914600,1
'2026-08-22 08:29:38.251929400,0.114929400,0
'2026-08-22 08:29:38.251940700,0.114940700,1
'2026-08-22 08:29:38.251955400,0.114955400,0
'2026-08-22 08:29:38.251966800,0.114966800,1
'2026-08-22 08:29:38.251981400,0.114981400,0
'2026-08-22 08:29:38.251992900,0.114992900,1
'2026-08-22 08:29:38.252007600,0.115007600,0
'2026-08-22 08:29:38.252019000,0.115019000,1
'2026-08-22 08:29:38.252033600,0.115033600,0
'2026-08-22 08:29:38.252033700,0.115033700,1
'2026-08-22 08:29:38.252033800,0.115033800,0
'2026-08-22 08:29:38.252045000,0.115045000,1
'2026-08-22 08:29:38.252059600,0.115059600,0
'2026-08-22 08:29:38.252065800,0.115065800,1
'2026-08-22 08:29:38.253285500,0.116285500,0
'2026-08-22 08:29:38.253297100,0.116297100,1
'2026-08-22 08:29:38.253311900,0.116311900,0
'2026-08-22 08:29:38.253312000,0.116312000,1
'2026-08-22 08:29:38.253312100,0.116312100,0
'2026-08-22 08:29:38.253323200,0.116323200,1
'2026-08-22 08:29:38.253337600,0.116337600,0
'2026-08-22 08:29:38.253337700,0.116337700,1
'2026-08-22 08:29:38.253337800,0.116337800,0
'2026-08-22 08:29:38.253349300,0.116349300,1
'2026-08-22 08:29:38.253364300,0.116364300,0
'2026-08-22 08:29:38.253375400,0.116375400,1
'2026-08-22 08:29:38.253389800,0.116389800,0
'2026-08-22 08:29:38.253393700,0.116393700,1
'2026-08-22 08:29:38.253393800,0.116393800,0
'2026-08-22 08:29:38.253401500,0.116401500,1
'2026-08-22 08:29:38.253416300,0.116416300,0
'2026-08-22 08:29:38.253416500,0.116416500,1
'2026-08-22 08:29:38.253416600,0.116416600,0
'2026-08-22 08:29:38.253427600,0.116427600,1
'2026-08-22 08:29:38.253442100,0.116442100,0
'2026-08-22 08:29:38.253453700,0.116453700,1
'2026-08-22 08:29:38.253468200,0.116468200,0
'2026-08-22 08:29:38.253479800,0.116479800,1
'2026-08-22 08:29:38.253494600,0.116494600,0
'2026-08-22 08:29:38.253494700,0.116494700,1
'2026-08-22 08:29:38.253494900,0.116494900,0
'2026-08-22 08:29:38.253505900,0.116505900,1
'2026-08-22 08:29:38.253520400,0.116520400,0
'2026-08-22 08:29:38.253532000,0.116532000,1
'2026-08-22 08:29:38.253546800,0.116546800,0
'2026-08-22 08:29:38.253558000,0.116558000,1
'2026-08-22 08:29:38.253572600,0.116572600,0
'2026-08-22 08:29:38.253584100,0.116584100,1
'2026-08-22 08:29:38.253598600,0.116598600,0
'2026-08-22 08:29:38.253606300,0.116606300,1
'2026-08-22 08:29:38.253606400,0.116606400,0
'2026-08-22 08:29:38.253610200,0.116610200,1
'2026-08-22 08:29:38.253625200,0.116625200,0
'2026-08-22 08:29:38.253625400,0.116625400,1
'2026-08-22 08:29:38.253625500,0.116625500,0
'2026-08-22 08:29:38.253636300,0.116636300,1
'2026-08-22 08:29:38.253650900,0.116650900,0
'2026-08-22 08:29:38.253662400,0.116662400,1
'2026-08-22 08:29:38.253677200,0.116677200,0
'2026-08-22 08:29:38.253677600,0.116677600,1
'2026-08-22 08:29:38.253677700,0.116677700,0
'2026-08-22 08:29:38.253680800,0.116680800,1
'2026-08-22 08:29:38.254102200,0.117102200,0
'2026-08-22 08:29:38.254102700,0.117102700,1
'2026-08-22 08:29:38.254102800,0.117102800,0
'2026-08-22 08:29:38.254105800,0.117105800,1
'2026-08-22 08:29:38.254120300,0.117120300,0
'2026-08-22 08:29:38.254131900,0.117131900,1
'2026-08-22 08:29:38.254146800,0.117146800,0
'2026-08-22 08:29:38.254158000,0.117158000,1
'2026-08-22 08:29:38.254172400,0.117172400,0
'2026-08-22 08:29:38.254184200,0.117184200,1
'2026-08-22 08:29:38.254198800,0.117198800,0
'2026-08-22 08:29:38.254199000,0.117199000,1
'2026-08-22 08:29:38.254199100,0.117199100,0
'2026-08-22 08:29:38.254200200,0.117200200,1
'2026-08-22 08:29:38.254200300,0.117200300,0
'2026-08-22 08:29:38.254210200,0.117210200,1
'2026-08-22 08:29:38.254224800,0.117224800,0
'2026-08-22 08:29:38.254236300,0.117236300,1
'2026-08-22 08:29:38.254251100,0.117251100,0
'2026-08-22 08:29:38.254262400,0.117262400,1
'2026-08-22 08:29:38.254277000,0.117277000,0
'2026-08-22 08:29:38.254277100,0.117277100,1
'2026-08-22 08:29:38.254277200,0.117277200,0
'2026-08-22 08:29:38.254288500,0.117288500,1
'2026-08-22 08:29:38.254303100,0.117303100,0
'2026-08-22 08:29:38.254314600,0.117314600,1
'2026-08-22 08:29:38.254329400,0.117329400,0
'2026-08-22 08:29:38.254340700,0.117340700,1
'2026-08-22 08:29:38.254355200,0.117355200,0
'2026-08-22 08:29:38.254366800,0.117366800,1
'2026-08-22 08:29:38.254381800,0.117381800,0
'2026-08-22 08:29:38.254392900,0.117392900,1
'2026-08-22 08:29:38.254407700,0.117407700,0
'2026-08-22 08:29:38.254408700,0.117408700,1
'2026-08-22 08:29:38.254408800,0.117408800,0
'2026-08-22 08:29:38.254409900,0.117409900,1
'2026-08-22 08:29:38.254410000,0.117410000,0
'2026-08-22 08:29:38.254410400,0.117410400,1
'2026-08-22 08:29:38.254410500,0.117410500,0
'2026-08-22 08:29:38.254419000,0.117419000,1
'2026-08-22 08:29:38.254433500,0.117433500,0
'2026-08-22 08:29:38.254445100,0.117445100,1
'2026-08-22 08:29:38.254459800,0.117459800,0
'2026-08-22 08:29:38.254460000,0.117460000,1
'2026-08-22 08:29:38.254460200,0.117460200,0
'2026-08-22 08:29:38.254460700,0.117460700,1
'2026-08-22 08:29:38.254460800,0.117460800,0
'2026-08-22 08:29:38.254461300,0.117461300,1
'2026-08-22 08:29:38.254461400,0.117461400,0
'2026-08-22 08:29:38.254462400,0.117462400,1
'2026-08-22 08:29:38.254462500,0.117462500,0
'2026-08-22 08:29:38.254471200,0.117471200,1
'2026-08-22 08:29:38.254485600,0.117485600,0
'2026-08-22 08:29:38.254497300,0.117497300,1
'2026-08-22 08:29:38.255717600,0.118717600,0
'2026-08-22 08:29:38.255723200,0.118723200,1
'2026-08-22 08:29:38.255737800,0.118737800,0
'2026-08-22 08:29:38.255749300,0.118749300,1
'2026-08-22 08:29:38.255763900,0.118763900,0
'2026-08-22 08:29:38.255775400,0.118775400,1
'2026-08-22 08:29:38.255790200,0.118790200,0
'2026-08-22 08:29:38.255801500,0.118801500,1
'2026-08-22 08:29:38.255816000,0.118816000,0
'2026-08-22 08:29:38.255816100,0.118816100,1
'2026-08-22 08:29:38.255816200,0.118816200,0
'2026-08-22 08:29:38.255827600,0.118827600,1
'2026-08-22 08:29:38.255842100,0.118842100,0
'2026-08-22 08:29:38.255847800,0.118847800,1
'2026-08-22 08:29:38.255847900,0.118847900,0
'2026-08-22 08:29:38.255853700,0.118853700,1
'2026-08-22 08:29:38.255868400,0.118868400,0
'2026-08-22 08:29:38.255868700,0.118868700,1
'2026-08-22 08:29:38.255868800,0.118868800,0
'2026-08-22 08:29:38.255879800,0.118879800,1
'2026-08-22 08:29:38.255894300,0.118894300,0
'2026-08-22 08:29:38.255905900,0.118905900,1
'2026-08-22 08:29:38.255920800,0.118920800,0
'2026-08-22 08:29:38.255921100,0.118921100,1
'2026-08-22 08:29:38.255921200,0.118921200,0
'2026-08-22 08:29:38.255929700,0.118929700,1
'2026-08-22 08:29:38.255929800,0.118929800,0
'2026-08-22 08:29:38.255931900,0.118931900,1
'2026-08-22 08:29:38.255946500,0.118946500,0
'2026-08-22 08:29:38.255958000,0.118958000,1
'2026-08-22 08:29:38.255972800,0.118972800,0
'2026-08-22 08:29:38.255984100,0.118984100,1
'2026-08-22 08:29:38.255998800,0.118998800,0
'2026-08-22 08:29:38.255998900,0.118998900,1
'2026-08-22 08:29:38.255999000,0.118999000,0
'2026-08-22 08:29:38.256010200,0.119010200,1
'2026-08-22 08:29:38.256024800,0.119024800,0
'2026-08-22 08:29:38.256036300,0.119036300,1
'2026-08-22 08:29:38.256051000,0.119051000,0
'2026-08-22 08:29:38.256051500,0.119051500,1
'2026-08-22 08:29:38.256051600,0.119051600,0
'2026-08-22 08:29:38.256062400,0.119062400,1
'2026-08-22 08:29:38.256076900,0.119076900,0
'2026-08-22 08:29:38.256077200,0.119077200,1
'2026-08-22 08:29:38.256077300,0.119077300,0
'2026-08-22 08:29:38.256088500,0.119088500,1
'2026-08-22 08:29:38.256103100,0.119103100,0
'2026-08-22 08:29:38.256114600,0.119114600,1
'2026-08-22 08:29:38.256546300,0.119546300,0
'2026-08-22 08:29:38.256546900,0.119546900,1
'2026-08-22 08:29:38.256547000,0.119547000,0
'2026-08-22 08:29:38.256558000,0.119558000,1
'2026-08-22 08:29:38.256572600,0.119572600,0
'2026-08-22 08:29:38.256572700,0.119572700,1
'2026-08-22 08:29:38.256572800,0.119572800,0
'2026-08-22 08:29:38.256584100,0.119584100,1
'2026-08-22 08:29:38.256598800,0.119598800,0
'2026-08-22 08:29:38.256600900,0.119600900,1
'2026-08-22 08:29:38.256601000,0.119601000,0
'2026-08-22 08:29:38.256610200,0.119610200,1
'2026-08-22 08:29:38.256624800,0.119624800,0
'2026-08-22 08:29:38.256636300,0.119636300,1
'2026-08-22 08:29:38.256651000,0.119651000,0
'2026-08-22 08:29:38.256662400,0.119662400,1
'2026-08-22 08:29:38.256677000,0.119677000,0
'2026-08-22 08:29:38.256688500,0.119688500,1
'2026-08-22 08:29:38.256703300,0.119703300,0
'2026-08-22 08:29:38.256714600,0.119714600,1
'2026-08-22 08:29:38.256729200,0.119729200,0
'2026-08-22 08:29:38.256740700,0.119740700,1
'2026-08-22 08:29:38.256755200,0.119755200,0
'2026-08-22 08:29:38.256766800,0.119766800,1
'2026-08-22 08:29:38.256781600,0.119781600,0
'2026-08-22 08:29:38.256783100,0.119783100,1
'2026-08-22 08:29:38.256783200,0.119783200,0
'2026-08-22 08:29:38.256784300,0.119784300,1
'2026-08-22 08:29:38.256784400,0.119784400,0
'2026-08-22 08:29:38.256792900,0.119792900,1
'2026-08-22 08:29:38.256807500,0.119807500,0
'2026-08-22 08:29:38.256816000,0.119816000,1
'2026-08-22 08:29:38.256816100,0.119816100,0
'2026-08-22 08:29:38.256819000,0.119819000,1
'2026-08-22 08:29:38.256833600,0.119833600,0
'2026-08-22 08:29:38.256833700,0.119833700,1
'2026-08-22 08:29:38.256833800,0.119833800,0
'2026-08-22 08:29:38.256833900,0.119833900,1
'2026-08-22 08:29:38.256834000,0.119834000,0
'2026-08-22 08:29:38.256845100,0.119845100,1
'2026-08-22 08:29:38.256859700,0.119859700,0
'2026-08-22 08:29:38.256871200,0.119871200,1
'2026-08-22 08:29:38.256886000,0.119886000,0
'2026-08-22 08:29:38.256886500,0.119886500,1
'2026-08-22 08:29:38.256886600,0.119886600,0
'2026-08-22 08:29:38.256897300,0.119897300,1
'2026-08-22 08:29:38.256912000,0.119912000,0
'2026-08-22 08:29:38.256923300,0.119923300,1
'2026-08-22 08:29:38.256938000,0.119938000,0
'2026-08-22 08:29:38.256949400,0.119949400,1
'2026-08-22 08:29:38.257364700,0.120364700,0
'2026-08-22 08:29:38.257365000,0.120365000,1
'2026-08-22 08:29:38.257365100,0.120365100,0
'2026-08-22 08:29:38.257366800,0.120366800,1
'2026-08-22 08:29:38.257381400,0.120381400,0
'2026-08-22 08:29:38.257392100,0.120392100,1
'2026-08-22 08:29:38.257392200,0.120392200,0
'2026-08-22 08:29:38.257392900,0.120392900,1
'2026-08-22 08:29:38.257407400,0.120407400,0
'2026-08-22 08:29:38.257419000,0.120419000,1
'2026-08-22 08:29:38.257434000,0.120434000,0
'2026-08-22 08:29:38.257445100,0.120445100,1
'2026-08-22 08:29:38.257459500,0.120459500,0
'2026-08-22 08:29:38.257459600,0.120459600,1
'2026-08-22 08:29:38.257459700,0.120459700,0
'2026-08-22 08:29:38.257471200,0.120471200,1
'2026-08-22 08:29:38.257485800,0.120485800,0
'2026-08-22 08:29:38.257497300,0.120497300,1
'2026-08-22 08:29:38.257511800,0.120511800,0
'2026-08-22 08:29:38.257511900,0.120511900,1
'2026-08-22 08:29:38.257512000,0.120512000,0
'2026-08-22 08:29:38.257523300,0.120523300,1
'2026-08-22 08:29:38.257538300,0.120538300,0
'2026-08-22 08:29:38.257549400,0.120549400,1
'2026-08-22 08:29:38.257564100,0.120564100,0
'2026-08-22 08:29:38.257573500,0.120573500,1
'2026-08-22 08:29:38.257573600,0.120573600,0
'2026-08-22 08:29:38.257575500,0.120575500,1
'2026-08-22 08:29:38.257590300,0.120590300,0
'2026-08-22 08:29:38.257601600,0.120601600,1
'2026-08-22 08:29:38.257616500,0.120616500,0
'2026-08-22 08:29:38.257619300,0.120619300,1
'2026-08-22 08:29:38.257619400,0.120619400,0
'2026-08-22 08:29:38.257627700,0.120627700,1
'2026-08-22 08:29:38.257642300,0.120642300,0
'2026-08-22 08:29:38.257653800,0.120653800,1
'2026-08-22 08:29:38.257668600,0.120668600,0
'2026-08-22 08:29:38.257668900,0.120668900,1
'2026-08-22 08:29:38.257669000,0.120669000,0
'2026-08-22 08:29:38.257679900,0.120679900,1
'2026-08-22 08:29:38.257694400,0.120694400,0
'2026-08-22 08:29:38.257694600,0.120694600,1
'2026-08-22 08:29:38.257694700,0.120694700,0
'2026-08-22 08:29:38.257706000,0.120706000,1
'2026-08-22 08:29:38.257721000,0.120721000,0
'2026-08-22 08:29:38.257728500,0.120728500,1
'2026-08-22 08:29:38.257728600,0.120728600,0
'2026-08-22 08:29:38.257732100,0.120732100,1
'2026-08-22 08:29:38.257746900,0.120746900,0
'2026-08-22 08:29:38.257747200,0.120747200,1
'2026-08-22 08:29:38.257747300,0.120747300,0
'2026-08-22 08:29:38.257748400,0.120748400,1
'2026-08-22 08:29:38.257748500,0.120748500,0
'2026-08-22 08:29:38.257748600,0.120748600,1
'2026-08-22 08:29:38.257748700,0.120748700,0
'2026-08-22 08:29:38.257750000,0.120750000,1
'2026-08-22 08:29:38.257750200,0.120750200,0
'2026-08-22 08:29:38.257758200,0.120758200,1
'2026-08-22 08:29:38.257772800,0.120772800,0
'2026-08-22 08:29:38.257774000,0.120774000,1
'2026-08-22 08:29:38.258979500,0.121979500,0
'2026-08-22 08:29:38.258984100,0.121984100,1
'2026-08-22 08:29:38.258998700,0.121998700,0
'2026-08-22 08:29:38.259010200,0.122010200,1
'2026-08-22 08:29:38.259025000,0.122025000,0
'2026-08-22 08:29:38.259025400,0.122025400,1
'2026-08-22 08:29:38.259025500,0.122025500,0
'2026-08-22 08:29:38.259036300,0.122036300,1
'2026-08-22 08:29:38.259050900,0.122050900,0
'2026-08-22 08:29:38.259062500,0.122062500,1
'2026-08-22 08:29:38.259077500,0.122077500,0
'2026-08-22 08:29:38.259088500,0.122088500,1
'2026-08-22 08:29:38.259103200,0.122103200,0
'2026-08-22 08:29:38.259114600,0.122114600,1
'2026-08-22 08:29:38.259129200,0.122129200,0
'2026-08-22 08:29:38.259140700,0.122140700,1
'2026-08-22 08:29:38.259156300,0.122156300,0
'2026-08-22 08:29:38.259166200,0.122166200,1
'2026-08-22 08:29:38.259166300,0.122166300,0
'2026-08-22 08:29:38.259166800,0.122166800,1
'2026-08-22 08:29:38.259181400,0.122181400,0
'2026-08-22 08:29:38.259192900,0.122192900,1
'2026-08-22 08:29:38.259208100,0.122208100,0
'2026-08-22 08:29:38.259216500,0.122216500,1
'2026-08-22 08:29:38.259216600,0.122216600,0
'2026-08-22 08:29:38.259219000,0.122219000,1
'2026-08-22 08:29:38.259233500,0.122233500,0
'2026-08-22 08:29:38.259236800,0.122236800,1
'2026-08-22 08:29:38.259236900,0.122236900,0
'2026-08-22 08:29:38.259245100,0.122245100,1
'2026-08-22 08:29:38.259259800,0.122259800,0
'2026-08-22 08:29:38.259260500,0.122260500,1
'2026-08-22 08:29:38.259260600,0.122260600,0
'2026-08-22 08:29:38.259271200,0.122271200,1
'2026-08-22 08:29:38.259286000,0.122286000,0
'2026-08-22 08:29:38.259297300,0.122297300,1
'2026-08-22 08:29:38.259311800,0.122311800,0
'2026-08-22 08:29:38.259323400,0.122323400,1
'2026-08-22 08:29:38.259338200,0.122338200,0
'2026-08-22 08:29:38.259338300,0.122338300,1
'2026-08-22 08:29:38.259338600,0.122338600,0
'2026-08-22 08:29:38.259349500,0.122349500,1
'2026-08-22 08:29:38.259364000,0.122364000,0
'2026-08-22 08:29:38.259364100,0.122364100,1
'2026-08-22 08:29:38.259364200,0.122364200,0
'2026-08-22 08:29:38.259375600,0.122375600,1
'2026-08-22 08:29:38.259807800,0.122807800,0
'2026-08-22 08:29:38.259819000,0.122819000,1
'2026-08-22 08:29:38.259833500,0.122833500,0
'2026-08-22 08:29:38.259845100,0.122845100,1
'2026-08-22 08:29:38.259859900,0.122859900,0
'2026-08-22 08:29:38.259871200,0.122871200,1
'2026-08-22 08:29:38.259885800,0.122885800,0
'2026-08-22 08:29:38.259888500,0.122888500,1
'2026-08-22 08:29:38.259888600,0.122888600,0
'2026-08-22 08:29:38.259897300,0.122897300,1
'2026-08-22 08:29:38.259912000,0.122912000,0
'2026-08-22 08:29:38.259920100,0.122920100,1
'2026-08-22 08:29:38.259920200,0.122920200,0
'2026-08-22 08:29:38.259923400,0.122923400,1
'2026-08-22 08:29:38.259938400,0.122938400,0
'2026-08-22 08:29:38.259938700,0.122938700,1
'2026-08-22 08:29:38.259938800,0.122938800,0
'2026-08-22 08:29:38.259940400,0.122940400,1
'2026-08-22 08:29:38.259940600,0.122940600,0
'2026-08-22 08:29:38.259949500,0.122949500,1
'2026-08-22 08:29:38.259964000,0.122964000,0
'2026-08-22 08:29:38.259970900,0.122970900,1
'2026-08-22 08:29:38.259971000,0.122971000,0
'2026-08-22 08:29:38.259975600,0.122975600,1
'2026-08-22 08:29:38.259990600,0.122990600,0
'2026-08-22 08:29:38.259990700,0.122990700,1
'2026-08-22 08:29:38.259990900,0.122990900,0
'2026-08-22 08:29:38.259991100,0.122991100,1
'2026-08-22 08:29:38.259991200,0.122991200,0
'2026-08-22 08:29:38.259991300,0.122991300,1
'2026-08-22 08:29:38.259991600,0.122991600,0
'2026-08-22 08:29:38.260001700,0.123001700,1
'2026-08-22 08:29:38.260016200,0.123016200,0
'2026-08-22 08:29:38.260027700,0.123027700,1
'2026-08-22 08:29:38.260042400,0.123042400,0
'2026-08-22 08:29:38.260048300,0.123048300,1
'2026-08-22 08:29:38.260048400,0.123048400,0
'2026-08-22 08:29:38.260053800,0.123053800,1
'2026-08-22 08:29:38.260068600,0.123068600,0
'2026-08-22 08:29:38.260079900,0.123079900,1
'2026-08-22 08:29:38.260094400,0.123094400,0
'2026-08-22 08:29:38.260106000,0.123106000,1
'2026-08-22 08:29:38.260120700,0.123120700,0
'2026-08-22 08:29:38.260120900,0.123120900,1
'2026-08-22 08:29:38.260121000,0.123121000,0
'2026-08-22 08:29:38.260121500,0.123121500,1
'2026-08-22 08:29:38.260121600,0.123121600,0
'2026-08-22 08:29:38.260132100,0.123132100,1
'2026-08-22 08:29:38.260146800,0.123146800,0
'2026-08-22 08:29:38.260150700,0.123150700,1
'2026-08-22 08:29:38.260150800,0.123150800,0
'2026-08-22 08:29:38.260158200,0.123158200,1
'2026-08-22 08:29:38.260173000,0.123173000,0
'2026-08-22 08:29:38.260184300,0.123184300,1
'2026-08-22 08:29:38.260199400,0.123199400,0
'2026-08-22 08:29:38.260210400,0.123210400,1
'2026-08-22 08:29:38.337000000,0.200000000,0
