; CSV, generated by atk_libsigrok4 1.0.0 on 2026-08-22 08:28:04
; Channels (1/16)
; ChannelsType: 1
; Sample rate: 10 MHz
; Sample count: 1.907349 M
; Sampling time: 2026-08-22 08:28:01.636
SystemTime, Time(s), meow
'2026-08-22 08:28:01.636000000,0.000000000,1
'2026-08-22 08:28:01.636001800,0.000001800,0
'2026-08-22 08:28:01.636007100,0.000007100,1
'2026-08-22 08:28:01.636021600,0.000021600,0
'2026-08-22 08:28:01.636033200,0.000033200,1
'2026-08-22 08:28:01.636047900,0.000047900,0
'2026-08-22 08:28:01.636059200,0.000059200,1
'2026-08-22 08:28:01.636073600,0.000073600,0
'2026-08-22 08:28:01.636085300,0.000085300,1
'2026-08-22 08:28:01.636100000,0.000100000,0
'2026-08-22 08:28:01.636111400,0.000111400,1
'2026-08-22 08:28:01.636125700,0.000125700,0
'2026-08-22 08:28:01.636137500,0.000137500,1
'2026-08-22 08:28:01.636152000,0.000152000,0
'2026-08-22 08:28:01.636163500,0.000163500,1
'2026-08-22 08:28:01.636177900,0.000177900,0
'2026-08-22 08:28:01.636189600,0.000189600,1
'2026-08-22 08:28:01.636204000,0.000204000,0
'2026-08-22 08:28:01.636215700,0.000215700,1
'2026-08-22 08:28:01.636230200,0.000230200,0
'2026-08-22 08:28:01.636241700,0.000241700,1
'2026-08-22 08:28:01.636256200,0.000256200,0
'2026-08-22 08:28:01.636267800,0.000267800,1
'2026-08-22 08:28:01.636282300,0.000282300,0
'2026-08-22 08:28:01.636293900,0.000293900,1
'2026-08-22 08:28:01.636308500,0.000308500,0
'2026-08-22 08:28:01.636319900,0.000319900,1
'2026-08-22 08:28:01.636334300,0.000334300,0
'2026-08-22 08:28:01.636346000,0.000346000,1
'2026-08-22 08:28:01.636360700,0.000360700,0
'2026-08-22 08:28:01.636372100,0.000372100,1
'2026-08-22 08:28:01.636386400,0.000386400,0
'2026-08-22 08:28:01.636398100,0.000398100,1
'2026-08-22 08:28:01.636412600,0.000412600,0
'2026-08-22 08:28:01.636424200,0.000424200,1
'2026-08-22 08:28:01.636438800,0.000438800,0
'2026-08-22 08:28:01.636450200,0.000450200,1
'2026-08-22 08:28:01.636464600,0.000464600,0
'2026-08-22 08:28:01.636476300,0.000476300,1
'2026-08-22 08:28:01.636491000,0.000491000,0
'2026-08-22 08:28:01.636492900,0.000492900,1
'2026-08-22 08:28:01.636493000,0.000493000,0
'2026-08-22 08:28:01.636502400,0.000502400,1
'2026-08-22 08:28:01.636516700,0.000516700,0
'2026-08-22 08:28:01.636519800,0.000519800,1
'2026-08-22 08:28:01.636519900,0.000519900,0
'2026-08-22 08:28:01.636528400,0.000528400,1
'2026-08-22 08:28:01.636543000,0.000543000,0
'2026-08-22 08:28:01.636543100,0.000543100,1
'2026-08-22 08:28:01.636543300,0.000543300,0
'2026-08-22 08:28:01.636554500,0.000554500,1
'2026-08-22 08:28:01.636569000,0.000569000,0
'2026-08-22 08:28:01.636580600,0.000580600,1
'2026-08-22 08:28:01.636595300,0.000595300,0
'2026-08-22 08:28:01.636606700,0.000606700,1
'2026-08-22 08:28:01.636621300,0.000621300,0
'2026-08-22 08:28:01.636632700,0.000632700,1
'2026-08-22 08:28:01.636647200,0.000647200,0
'2026-08-22 08:28:01.636658800,0.000658800,1
'2026-08-22 08:28:01.636673500,0.000673500,0
'2026-08-22 08:28:01.636684800,0.000684800,1
'2026-08-22 08:28:01.636699400,0.000699400,0
'2026-08-22 08:28:01.636699700,0.000699700,1
'2026-08-22 08:28:01.636699800,0.000699800,0
'2026-08-22 08:28:01.636702000,0.000702000,1
'2026-08-22 08:28:01.636702100,0.000702100,0
'2026-08-22 08:28:01.636710900,0.000710900,1
'2026-08-22 08:28:01.636725500,0.000725500,0
'2026-08-22 08:28:01.636737000,0.000737000,1
'2026-08-22 08:28:01.636751600,0.000751600,0
'2026-08-22 08:28:01.636751700,0.000751700,1
'2026-08-22 08:28:01.636751800,0.000751800,0
'2026-08-22 08:28:01.636763000,0.000763000,1
'2026-08-22 08:28:01.636777400,0.000777400,0
'2026-08-22 08:28:01.636789100,0.000789100,1
'2026-08-22 08:28:01.636803800,0.000803800,0
'2026-08-22 08:28:01.636815200,0.000815200,1
'2026-08-22 08:28:01.636829600,0.000829600,0
'2026-08-22 08:28:01.636841200,0.000841200,1
'2026-08-22 08:28:01.636855800,0.000855800,0
'2026-08-22 08:28:01.636867300,0.000867300,1
'2026-08-22 08:28:01.636882000,0.000882000,0
'2026-08-22 08:28:01.636884800,0.000884800,1
'2026-08-22 08:28:01.636884900,0.000884900,0
'2026-08-22 08:28:01.636893300,0.000893300,1
'2026-08-22 08:28:01.636907900,0.000907900,0
'2026-08-22 08:28:01.636919400,0.000919400,1
'2026-08-22 08:28:01.636934100,0.000934100,0
'2026-08-22 08:28:01.636945500,0.000945500,1
'2026-08-22 08:28:01.636959800,0.000959800,0
'2026-08-22 08:28:01.636971500,0.000971500,1
'2026-08-22 08:28:01.636986100,0.000986100,0
'2026-08-22 08:28:01.636997600,0.000997600,1
'2026-08-22 08:28:01.637012300,0.001012300,0
'2026-08-22 08:28:01.637012700,0.001012700,1
'2026-08-22 08:28:01.637012800,0.001012800,0
'2026-08-22 08:28:01.637023700,0.001023700,1
'2026-08-22 08:28:01.637038100,0.001038100,0
'2026-08-22 08:28:01.637049700,0.001049700,1
'2026-08-22 08:28:01.637064400,0.001064400,0
'2026-08-22 08:28:01.637064700,0.001064700,1
'2026-08-22 08:28:01.637064800,0.001064800,0
'2026-08-22 08:28:01.637075800,0.001075800,1
'2026-08-22 08:28:01.637090300,0.001090300,0
'2026-08-22 08:28:01.637101900,0.001101900,1
'2026-08-22 08:28:01.637116400,0.001116400,0
'2026-08-22 08:28:01.637127900,0.001127900,1
'2026-08-22 08:28:01.637142600,0.001142600,0
'2026-08-22 08:28:01.637142900,0.001142900,1
'2026-08-22 08:28:01.637143000,0.001143000,0
'2026-08-22 08:28:01.637154000,0.001154000,1
'2026-08-22 08:28:01.637168400,0.001168400,0
'2026-08-22 08:28:01.637180100,0.001180100,1
'2026-08-22 08:28:01.637195000,0.001195000,0
'2026-08-22 08:28:01.637206100,0.001206100,1
'2026-08-22 08:28:01.637220500,0.001220500,0
'2026-08-22 08:28:01.637232200,0.001232200,1
'2026-08-22 08:28:01.637246900,0.001246900,0
'2026-08-22 08:28:01.637258300,0.001258300,1
'2026-08-22 08:28:01.637272800,0.001272800,0
'2026-08-22 08:28:01.637284300,0.001284300,1
'2026-08-22 08:28:01.637298900,0.001298900,0
'2026-08-22 08:28:01.637310400,0.001310400,1
'2026-08-22 08:28:01.637325200,0.001325200,0
'2026-08-22 08:28:01.637325500,0.001325500,1
'2026-08-22 08:28:01.637325600,0.001325600,0
'2026-08-22 08:28:01.637336400,0.001336400,1
'2026-08-22 08:28:01.637351000,0.001351000,0
'2026-08-22 08:28:01.637362500,0.001362500,1
'2026-08-22 08:28:01.637377100,0.001377100,0
'2026-08-22 08:28:01.637388600,0.001388600,1
'2026-08-22 08:28:01.637403400,0.001403400,0
'2026-08-22 08:28:01.637414600,0.001414600,1
'2026-08-22 08:28:01.637429200,0.001429200,0
'2026-08-22 08:28:01.637431200,0.001431200,1
'2026-08-22 08:28:01.637431300,0.001431300,0
'2026-08-22 08:28:01.637440700,0.001440700,1
'2026-08-22 08:28:01.637455500,0.001455500,0
'2026-08-22 08:28:01.637466800,0.001466800,1
'2026-08-22 08:28:01.637481300,0.001481300,0
'2026-08-22 08:28:01.637492800,0.001492800,1
'2026-08-22 08:28:01.637507500,0.001507500,0
'2026-08-22 08:28:01.637518900,0.001518900,1
'2026-08-22 08:28:01.637533600,0.001533600,0
'2026-08-22 08:28:01.637544900,0.001544900,1
'2026-08-22 08:28:01.637559400,0.001559400,0
'2026-08-22 08:28:01.637571000,0.001571000,1
'2026-08-22 08:28:01.637585700,0.001585700,0
'2026-08-22 08:28:01.637597100,0.001597100,1
'2026-08-22 08:28:01.637611800,0.001611800,0
'2026-08-22 08:28:01.637623100,0.001623100,1
'2026-08-22 08:28:01.637637800,0.001637800,0
'2026-08-22 08:28:01.637649200,0.001649200,1
'2026-08-22 08:28:01.637664000,0.001664000,0
'2026-08-22 08:28:01.637665000,0.001665000,1
'2026-08-22 08:28:01.637665100,0.001665100,0
'2026-08-22 08:28:01.637675300,0.001675300,1
'2026-08-22 08:28:01.637689700,0.001689700,0
'2026-08-22 08:28:01.637701400,0.001701400,1
'2026-08-22 08:28:01.637716100,0.001716100,0
'2026-08-22 08:28:01.637727400,0.001727400,1
'2026-08-22 08:28:01.637742000,0.001742000,0
'2026-08-22 08:28:01.637753500,0.001753500,1
'2026-08-22 08:28:01.637768100,0.001768100,0
'2026-08-22 08:28:01.637768400,0.001768400,1
'2026-08-22 08:28:01.637768500,0.001768500,0
'2026-08-22 08:28:01.637779500,0.001779500,1
'2026-08-22 08:28:01.637794300,0.001794300,0
'2026-08-22 08:28:01.637805600,0.001805600,1
'2026-08-22 08:28:01.637820200,0.001820200,0
'2026-08-22 08:28:01.637831700,0.001831700,1
'2026-08-22 08:28:01.637846300,0.001846300,0
'2026-08-22 08:28:01.637857700,0.001857700,1
'2026-08-22 08:28:01.637872500,0.001872500,0
'2026-08-22 08:28:01.637883800,0.001883800,1
'2026-08-22 08:28:01.637898400,0.001898400,0
'2026-08-22 08:28:01.637909900,0.001909900,1
'2026-08-22 08:28:01.637924600,0.001924600,0
'2026-08-22 08:28:01.637935900,0.001935900,1
'2026-08-22 08:28:01.637950600,0.001950600,0
'2026-08-22 08:28:01.637962000,0.001962000,1
'2026-08-22 08:28:01.637976600,0.001976600,0
'2026-08-22 08:28:01.637988100,0.001988100,1
'2026-08-22 08:28:01.638002800,0.002002800,0
'2026-08-22 08:28:01.638014100,0.002014100,1
'2026-08-22 08:28:01.638028800,0.002028800,0
'2026-08-22 08:28:01.638040200,0.002040200,1
'2026-08-22 08:28:01.638054800,0.002054800,0
'2026-08-22 08:28:01.638057700,0.002057700,1
'2026-08-22 08:28:01.638057800,0.002057800,0
'2026-08-22 08:28:01.638066300,0.002066300,1
'2026-08-22 08:28:01.638081000,0.002081000,0
'2026-08-22 08:28:01.638092300,0.002092300,1
'2026-08-22 08:28:01.638107000,0.002107000,0
'2026-08-22 08:28:01.638118400,0.002118400,1
'2026-08-22 08:28:01.638133100,0.002133100,0
'2026-08-22 08:28:01.638144500,0.002144500,1
'2026-08-22 08:28:01.638159000,0.002159000,0
'2026-08-22 08:28:01.638159300,0.002159300,1
'2026-08-22 08:28:01.638159400,0.002159400,0
'2026-08-22 08:28:01.638170500,0.002170500,1
'2026-08-22 08:28:01.638185200,0.002185200,0
'2026-08-22 08:28:01.638196600,0.002196600,1
'2026-08-22 08:28:01.638211200,0.002211200,0
'2026-08-22 08:28:01.638211300,0.002211300,1
'2026-08-22 08:28:01.638211400,0.002211400,0
'2026-08-22 08:28:01.638222600,0.002222600,1
'2026-08-22 08:28:01.638237300,0.002237300,0
'2026-08-22 08:28:01.638248700,0.002248700,1
'2026-08-22 08:28:01.638263400,0.002263400,0
'2026-08-22 08:28:01.638274800,0.002274800,1
'2026-08-22 08:28:01.638289400,0.002289400,0
'2026-08-22 08:28:01.638289500,0.002289500,1
'2026-08-22 08:28:01.638289600,0.002289600,0
'2026-08-22 08:28:01.638294700,0.002294700,1
'2026-08-22 08:28:01.638294800,0.002294800,0
'2026-08-22 08:28:01.638300800,0.002300800,1
'2026-08-22 08:28:01.638315500,0.002315500,0
'2026-08-22 08:28:01.638326900,0.002326900,1
'2026-08-22 08:28:01.638341300,0.002341300,0
'2026-08-22 08:28:01.638342100,0.002342100,1
'2026-08-22 08:28:01.638342400,0.002342400,0
'2026-08-22 08:28:01.638353000,0.002353000,1
'2026-08-22 08:28:01.638367600,0.002367600,0
'2026-08-22 08:28:01.638379000,0.002379000,1
'2026-08-22 08:28:01.638393800,0.002393800,0
'2026-08-22 08:28:01.638394100,0.002394100,1
'2026-08-22 08:28:01.638394200,0.002394200,0
'2026-08-22 08:28:01.638405100,0.002405100,1
'2026-08-22 08:28:01.638420000,0.002420000,0
'2026-08-22 08:28:01.638430200,0.002430200,1
'2026-08-22 08:28:01.638430300,0.002430300,0
'2026-08-22 08:28:01.638431200,0.002431200,1
'2026-08-22 08:28:01.638446100,0.002446100,0
'2026-08-22 08:28:01.638457200,0.002457200,1
'2026-08-22 08:28:01.638471900,0.002471900,0
'2026-08-22 08:28:01.638483300,0.002483300,1
'2026-08-22 08:28:01.638498100,0.002498100,0
'2026-08-22 08:28:01.638509400,0.002509400,1
'2026-08-22 08:28:01.638524000,0.002524000,0
'2026-08-22 08:28:01.638524100,0.002524100,1
'2026-08-22 08:28:01.638524200,0.002524200,0
'2026-08-22 08:28:01.638535400,0.002535400,1
'2026-08-22 08:28:01.638550200,0.002550200,0
'2026-08-22 08:28:01.638561500,0.002561500,1
'2026-08-22 08:28:01.638576000,0.002576000,0
'2026-08-22 08:28:01.638576100,0.002576100,1
'2026-08-22 08:28:01.638576200,0.002576200,0
'2026-08-22 08:28:01.638576300,0.002576300,1
'2026-08-22 08:28:01.638576400,0.002576400,0
'2026-08-22 08:28:01.638587600,0.002587600,1
'2026-08-22 08:28:01.638602300,0.002602300,0
'2026-08-22 08:28:01.638613600,0.002613600,1
'2026-08-22 08:28:01.638628200,0.002628200,0
'2026-08-22 08:28:01.638628300,0.002628300,1
'2026-08-22 08:28:01.638628400,0.002628400,0
'2026-08-22 08:28:01.638639700,0.002639700,1
'2026-08-22 08:28:01.638654300,0.002654300,0
'2026-08-22 08:28:01.638665800,0.002665800,1
'2026-08-22 08:28:01.638680400,0.002680400,0
'2026-08-22 08:28:01.638691800,0.002691800,1
'2026-08-22 08:28:01.638706800,0.002706800,0
'2026-08-22 08:28:01.638717900,0.002717900,1
'2026-08-22 08:28:01.638732600,0.002732600,0
'2026-08-22 08:28:01.638732700,0.002732700,1
'2026-08-22 08:28:01.638732800,0.002732800,0
'2026-08-22 08:28:01.638744000,0.002744000,1
'2026-08-22 08:28:01.638758700,0.002758700,0
'2026-08-22 08:28:01.638760900,0.002760900,1
'2026-08-22 08:28:01.638761000,0.002761000,0
'2026-08-22 08:28:01.638770000,0.002770000,1
'2026-08-22 08:28:01.638784700,0.002784700,0
'2026-08-22 08:28:01.638796100,0.002796100,1
'2026-08-22 08:28:01.638810800,0.002810800,0
'2026-08-22 08:28:01.638812300,0.002812300,1
'2026-08-22 08:28:01.638812400,0.002812400,0
'2026-08-22 08:28:01.638812800,0.002812800,1
'2026-08-22 08:28:01.638812900,0.002812900,0
'2026-08-22 08:28:01.638822200,0.002822200,1
'2026-08-22 08:28:01.638836900,0.002836900,0
'2026-08-22 08:28:01.638848200,0.002848200,1
'2026-08-22 08:28:01.638863200,0.002863200,0
'2026-08-22 08:28:01.638863700,0.002863700,1
'2026-08-22 08:28:01.638863800,0.002863800,0
'2026-08-22 08:28:01.638874300,0.002874300,1
'2026-08-22 08:28:01.638889000,0.002889000,0
'2026-08-22 08:28:01.638900400,0.002900400,1
'2026-08-22 08:28:01.638915200,0.002915200,0
'2026-08-22 08:28:01.638916700,0.002916700,1
'2026-08-22 08:28:01.638916800,0.002916800,0
'2026-08-22 08:28:01.638926400,0.002926400,1
'2026-08-22 08:28:01.638941000,0.002941000,0
'2026-08-22 08:28:01.638952500,0.002952500,1
'2026-08-22 08:28:01.638967200,0.002967200,0
'2026-08-22 08:28:01.638978600,0.002978600,1
'2026-08-22 08:28:01.638993500,0.002993500,0
'2026-08-22 08:28:01.638993900,0.002993900,1
'2026-08-22 08:28:01.638994000,0.002994000,0
'2026-08-22 08:28:01.638995100,0.002995100,1
'2026-08-22 08:28:01.638995200,0.002995200,0
'2026-08-22 08:28:01.639004600,0.003004600,1
'2026-08-22 08:28:01.639019200,0.003019200,0
'2026-08-22 08:28:01.639030700,0.003030700,1
'2026-08-22 08:28:01.639045600,0.003045600,0
'2026-08-22 08:28:01.639045900,0.003045900,1
'2026-08-22 08:28:01.639046000,0.003046000,0
'2026-08-22 08:28:01.639047700,0.003047700,1
'2026-08-22 08:28:01.639047800,0.003047800,0
'2026-08-22 08:28:01.639049700,0.003049700,1
'2026-08-22 08:28:01.639049800,0.003049800,0
'2026-08-22 08:28:01.639056800,0.003056800,1
'2026-08-22 08:28:01.639071600,0.003071600,0
'2026-08-22 08:28:01.639082800,0.003082800,1
'2026-08-22 08:28:01.639097400,0.003097400,0
'2026-08-22 08:28:01.639103700,0.003103700,1
'2026-08-22 08:28:01.639103800,0.003103800,0
'2026-08-22 08:28:01.639108900,0.003108900,1
'2026-08-22 08:28:01.639123900,0.003123900,0
'2026-08-22 08:28:01.639124000,0.003124000,1
'2026-08-22 08:28:01.639124400,0.003124400,0
'2026-08-22 08:28:01.639124500,0.003124500,1
'2026-08-22 08:28:01.639124600,0.003124600,0
'2026-08-22 08:28:01.639124800,0.003124800,1
'2026-08-22 08:28:01.639124900,0.003124900,0
'2026-08-22 08:28:01.639125900,0.003125900,1
'2026-08-22 08:28:01.639126000,0.003126000,0
'2026-08-22 08:28:01.639135000,0.003135000,1
'2026-08-22 08:28:01.639149400,0.003149400,0
'2026-08-22 08:28:01.639154000,0.003154000,1
'2026-08-22 08:28:01.639154100,0.003154100,0
'2026-08-22 08:28:01.639155100,0.003155100,1
'2026-08-22 08:28:01.639155200,0.003155200,0
'2026-08-22 08:28:01.639161100,0.003161100,1
'2026-08-22 08:28:01.639176000,0.003176000,0
'2026-08-22 08:28:01.639184900,0.003184900,1
'2026-08-22 08:28:01.639185000,0.003185000,0
'2026-08-22 08:28:01.639186300,0.003186300,1
'2026-08-22 08:28:01.639186400,0.003186400,0
'2026-08-22 08:28:01.639187100,0.003187100,1
'2026-08-22 08:28:01.639201700,0.003201700,0
'2026-08-22 08:28:01.639207000,0.003207000,1
'2026-08-22 08:28:01.639207200,0.003207200,0
'2026-08-22 08:28:01.639213200,0.003213200,1
'2026-08-22 08:28:01.639227800,0.003227800,0
'2026-08-22 08:28:01.639227900,0.003227900,1
'2026-08-22 08:28:01.639228000,0.003228000,0
'2026-08-22 08:28:01.639239300,0.003239300,1
'2026-08-22 08:28:01.639254000,0.003254000,0
'2026-08-22 08:28:01.639255000,0.003255000,1
'2026-08-22 08:28:01.639255100,0.003255100,0
'2026-08-22 08:28:01.639255500,0.003255500,1
'2026-08-22 08:28:01.639255700,0.003255700,0
'2026-08-22 08:28:01.639262700,0.003262700,1
'2026-08-22 08:28:01.640896000,0.004896000,0
'2026-08-22 08:28:01.640896100,0.004896100,1
'2026-08-22 08:28:01.640896500,0.004896500,0
'2026-08-22 08:28:01.640896900,0.004896900,1
'2026-08-22 08:28:01.640897100,0.004897100,0
'2026-08-22 08:28:01.640907100,0.004907100,1
'2026-08-22 08:28:01.640921700,0.004921700,0
'2026-08-22 08:28:01.640933100,0.004933100,1
'2026-08-22 08:28:01.640947900,0.004947900,0
'2026-08-22 08:28:01.640959200,0.004959200,1
'2026-08-22 08:28:01.640973600,0.004973600,0
'2026-08-22 08:28:01.640985300,0.004985300,1
'2026-08-22 08:28:01.640999900,0.004999900,0
'2026-08-22 08:28:01.641011400,0.005011400,1
'2026-08-22 08:28:01.641025800,0.005025800,0
'2026-08-22 08:28:01.641037400,0.005037400,1
'2026-08-22 08:28:01.641052000,0.005052000,0
'2026-08-22 08:28:01.641063500,0.005063500,1
'2026-08-22 08:28:01.641078200,0.005078200,0
'2026-08-22 08:28:01.641089600,0.005089600,1
'2026-08-22 08:28:01.641104000,0.005104000,0
'2026-08-22 08:28:01.641115600,0.005115600,1
'2026-08-22 08:28:01.641130300,0.005130300,0
'2026-08-22 08:28:01.641141700,0.005141700,1
'2026-08-22 08:28:01.641156500,0.005156500,0
'2026-08-22 08:28:01.641167800,0.005167800,1
'2026-08-22 08:28:01.641182200,0.005182200,0
'2026-08-22 08:28:01.641193800,0.005193800,1
'2026-08-22 08:28:01.641208600,0.005208600,0
'2026-08-22 08:28:01.641219900,0.005219900,1
'2026-08-22 08:28:01.641234400,0.005234400,0
'2026-08-22 08:28:01.641239200,0.005239200,1
'2026-08-22 08:28:01.641239300,0.005239300,0
'2026-08-22 08:28:01.641246000,0.005246000,1
'2026-08-22 08:28:01.641260700,0.005260700,0
'2026-08-22 08:28:01.641269300,0.005269300,1
'2026-08-22 08:28:01.641269400,0.005269400,0
'2026-08-22 08:28:01.641272100,0.005272100,1
'2026-08-22 08:28:01.641286800,0.005286800,0
'2026-08-22 08:28:01.641287100,0.005287100,1
'2026-08-22 08:28:01.641287200,0.005287200,0
'2026-08-22 08:28:01.641288200,0.005288200,1
'2026-08-22 08:28:01.641288300,0.005288300,0
'2026-08-22 08:28:01.641289400,0.005289400,1
'2026-08-22 08:28:01.641289500,0.005289500,0
'2026-08-22 08:28:01.641298100,0.005298100,1
'2026-08-22 08:28:01.641729700,0.005729700,0
'2026-08-22 08:28:01.641741100,0.005741100,1
'2026-08-22 08:28:01.641755600,0.005755600,0
'2026-08-22 08:28:01.641767200,0.005767200,1
'2026-08-22 08:28:01.641782100,0.005782100,0
'2026-08-22 08:28:01.641793300,0.005793300,1
'2026-08-22 08:28:01.641807800,0.005807800,0
'2026-08-22 08:28:01.641819400,0.005819400,1
'2026-08-22 08:28:01.641833900,0.005833900,0
'2026-08-22 08:28:01.641845400,0.005845400,1
'2026-08-22 08:28:01.641860100,0.005860100,0
'2026-08-22 08:28:01.641861200,0.005861200,1
'2026-08-22 08:28:01.641861300,0.005861300,0
'2026-08-22 08:28:01.641871500,0.005871500,1
'2026-08-22 08:28:01.641886000,0.005886000,0
'2026-08-22 08:28:01.641897600,0.005897600,1
'2026-08-22 08:28:01.641912400,0.005912400,0
'2026-08-22 08:28:01.641923600,0.005923600,1
'2026-08-22 08:28:01.641938100,0.005938100,0
'2026-08-22 08:28:01.641938200,0.005938200,1
'2026-08-22 08:28:01.641938300,0.005938300,0
'2026-08-22 08:28:01.641949700,0.005949700,1
'2026-08-22 08:28:01.641964400,0.005964400,0
'2026-08-22 08:28:01.641964500,0.005964500,1
'2026-08-22 08:28:01.641964600,0.005964600,0
'2026-08-22 08:28:01.641965400,0.005965400,1
'2026-08-22 08:28:01.641965500,0.005965500,0
'2026-08-22 08:28:01.641975800,0.005975800,1
'2026-08-22 08:28:01.641990300,0.005990300,0
'2026-08-22 08:28:01.642001800,0.006001800,1
'2026-08-22 08:28:01.642016300,0.006016300,0
'2026-08-22 08:28:01.642027900,0.006027900,1
'2026-08-22 08:28:01.642042900,0.006042900,0
'2026-08-22 08:28:01.642054000,0.006054000,1
'2026-08-22 08:28:01.642068600,0.006068600,0
'2026-08-22 08:28:01.642080100,0.006080100,1
'2026-08-22 08:28:01.642094600,0.006094600,0
'2026-08-22 08:28:01.642106100,0.006106100,1
'2026-08-22 08:28:01.642120900,0.006120900,0
'2026-08-22 08:28:01.642121000,0.006121000,1
'2026-08-22 08:28:01.642121200,0.006121200,0
'2026-08-22 08:28:01.642130700,0.006130700,1
'2026-08-22 08:28:01.642544200,0.006544200,0
'2026-08-22 08:28:01.642544500,0.006544500,1
'2026-08-22 08:28:01.642544600,0.006544600,0
'2026-08-22 08:28:01.642549100,0.006549100,1
'2026-08-22 08:28:01.642563600,0.006563600,0
'2026-08-22 08:28:01.642563700,0.006563700,1
'2026-08-22 08:28:01.642563800,0.006563800,0
'2026-08-22 08:28:01.642575200,0.006575200,1
'2026-08-22 08:28:01.642589700,0.006589700,0
'2026-08-22 08:28:01.642601300,0.006601300,1
'2026-08-22 08:28:01.642616000,0.006616000,0
'2026-08-22 08:28:01.642616300,0.006616300,1
'2026-08-22 08:28:01.642616400,0.006616400,0
'2026-08-22 08:28:01.642627300,0.006627300,1
'2026-08-22 08:28:01.642642000,0.006642000,0
'2026-08-22 08:28:01.642653400,0.006653400,1
'2026-08-22 08:28:01.642668000,0.006668000,0
'2026-08-22 08:28:01.642670200,0.006670200,1
'2026-08-22 08:28:01.642670300,0.006670300,0
'2026-08-22 08:28:01.642679500,0.006679500,1
'2026-08-22 08:28:01.642694000,0.006694000,0
'2026-08-22 08:28:01.642694100,0.006694100,1
'2026-08-22 08:28:01.642694200,0.006694200,0
'2026-08-22 08:28:01.642705600,0.006705600,1
'2026-08-22 08:28:01.642720000,0.006720000,0
'2026-08-22 08:28:01.642731600,0.006731600,1
'2026-08-22 08:28:01.642746400,0.006746400,0
'2026-08-22 08:28:01.642746700,0.006746700,1
'2026-08-22 08:28:01.642746800,0.006746800,0
'2026-08-22 08:28:01.642757700,0.006757700,1
'2026-08-22 08:28:01.642772500,0.006772500,0
'2026-08-22 08:28:01.642783800,0.006783800,1
'2026-08-22 08:28:01.642798300,0.006798300,0
'2026-08-22 08:28:01.642809900,0.006809900,1
'2026-08-22 08:28:01.642824500,0.006824500,0
'2026-08-22 08:28:01.642835900,0.006835900,1
'2026-08-22 08:28:01.642850300,0.006850300,0
'2026-08-22 08:28:01.642862000,0.006862000,1
'2026-08-22 08:28:01.642876600,0.006876600,0
'2026-08-22 08:28:01.642876900,0.006876900,1
'2026-08-22 08:28:01.642877000,0.006877000,0
'2026-08-22 08:28:01.642888000,0.006888000,1
'2026-08-22 08:28:01.642902400,0.006902400,0
'2026-08-22 08:28:01.642902500,0.006902500,1
'2026-08-22 08:28:01.642902700,0.006902700,0
'2026-08-22 08:28:01.642914100,0.006914100,1
'2026-08-22 08:28:01.642928700,0.006928700,0
'2026-08-22 08:28:01.642928900,0.006928900,1
'2026-08-22 08:28:01.642929000,0.006929000,0
'2026-08-22 08:28:01.642940200,0.006940200,1
'2026-08-22 08:28:01.644157700,0.008157700,0
'2026-08-22 08:28:01.644165000,0.008165000,1
'2026-08-22 08:28:01.644179500,0.008179500,0
'2026-08-22 08:28:01.644191100,0.008191100,1
'2026-08-22 08:28:01.644205900,0.008205900,0
'2026-08-22 08:28:01.644217200,0.008217200,1
'2026-08-22 08:28:01.644231700,0.008231700,0
'2026-08-22 08:28:01.644243300,0.008243300,1
'2026-08-22 08:28:01.644257900,0.008257900,0
'2026-08-22 08:28:01.644269300,0.008269300,1
'2026-08-22 08:28:01.644283800,0.008283800,0
'2026-08-22 08:28:01.644295400,0.008295400,1
'2026-08-22 08:28:01.644310000,0.008310000,0
'2026-08-22 08:28:01.644321500,0.008321500,1
'2026-08-22 08:28:01.644336200,0.008336200,0
'2026-08-22 08:28:01.644347500,0.008347500,1
'2026-08-22 08:28:01.644362100,0.008362100,0
'2026-08-22 08:28:01.644373600,0.008373600,1
'2026-08-22 08:28:01.644388200,0.008388200,0
'2026-08-22 08:28:01.644399700,0.008399700,1
'2026-08-22 08:28:01.644414400,0.008414400,0
'2026-08-22 08:28:01.644425300,0.008425300,1
'2026-08-22 08:28:01.644425400,0.008425400,0
'2026-08-22 08:28:01.644425700,0.008425700,1
'2026-08-22 08:28:01.644440300,0.008440300,0
'2026-08-22 08:28:01.644445900,0.008445900,1
'2026-08-22 08:28:01.644446000,0.008446000,0
'2026-08-22 08:28:01.644451800,0.008451800,1
'2026-08-22 08:28:01.644466600,0.008466600,0
'2026-08-22 08:28:01.644477900,0.008477900,1
'2026-08-22 08:28:01.644492700,0.008492700,0
'2026-08-22 08:28:01.644504000,0.008504000,1
'2026-08-22 08:28:01.644518500,0.008518500,0
'2026-08-22 08:28:01.644530000,0.008530000,1
'2026-08-22 08:28:01.644544600,0.008544600,0
'2026-08-22 08:28:01.644556100,0.008556100,1
'2026-08-22 08:28:01.644987700,0.008987700,0
'2026-08-22 08:28:01.644988200,0.008988200,1
'2026-08-22 08:28:01.644988300,0.008988300,0
'2026-08-22 08:28:01.644999100,0.008999100,1
'2026-08-22 08:28:01.645013500,0.009013500,0
'2026-08-22 08:28:01.645025200,0.009025200,1
'2026-08-22 08:28:01.645040000,0.009040000,0
'2026-08-22 08:28:01.645040900,0.009040900,1
'2026-08-22 08:28:01.645041000,0.009041000,0
'2026-08-22 08:28:01.645051300,0.009051300,1
'2026-08-22 08:28:01.645065700,0.009065700,0
'2026-08-22 08:28:01.645065900,0.009065900,1
'2026-08-22 08:28:01.645066000,0.009066000,0
'2026-08-22 08:28:01.645077300,0.009077300,1
'2026-08-22 08:28:01.645091900,0.009091900,0
'2026-08-22 08:28:01.645103400,0.009103400,1
'2026-08-22 08:28:01.645118000,0.009118000,0
'2026-08-22 08:28:01.645129500,0.009129500,1
'2026-08-22 08:28:01.645143900,0.009143900,0
'2026-08-22 08:28:01.645155500,0.009155500,1
'2026-08-22 08:28:01.645170100,0.009170100,0
'2026-08-22 08:28:01.645181600,0.009181600,1
'2026-08-22 08:28:01.645196300,0.009196300,0
'2026-08-22 08:28:01.645207700,0.009207700,1
'2026-08-22 08:28:01.645222200,0.009222200,0
'2026-08-22 08:28:01.645233800,0.009233800,1
'2026-08-22 08:28:01.645248400,0.009248400,0
'2026-08-22 08:28:01.645259800,0.009259800,1
'2026-08-22 08:28:01.645274200,0.009274200,0
'2026-08-22 08:28:01.645285900,0.009285900,1
'2026-08-22 08:28:01.645300900,0.009300900,0
'2026-08-22 08:28:01.645312000,0.009312000,1
'2026-08-22 08:28:01.645326400,0.009326400,0
'2026-08-22 08:28:01.645338100,0.009338100,1
'2026-08-22 08:28:01.645352900,0.009352900,0
'2026-08-22 08:28:01.645364100,0.009364100,1
'2026-08-22 08:28:01.645378600,0.009378600,0
'2026-08-22 08:28:01.645389400,0.009389400,1
'2026-08-22 08:28:01.646603400,0.010603400,0
'2026-08-22 08:28:01.646615000,0.010615000,1
'2026-08-22 08:28:01.646629400,0.010629400,0
'2026-08-22 08:28:01.646641100,0.010641100,1
'2026-08-22 08:28:01.646655600,0.010655600,0
'2026-08-22 08:28:01.646667200,0.010667200,1
'2026-08-22 08:28:01.646681600,0.010681600,0
'2026-08-22 08:28:01.646693200,0.010693200,1
'2026-08-22 08:28:01.646707800,0.010707800,0
'2026-08-22 08:28:01.646719300,0.010719300,1
'2026-08-22 08:28:01.646733800,0.010733800,0
'2026-08-22 08:28:01.646745300,0.010745300,1
'2026-08-22 08:28:01.646759800,0.010759800,0
'2026-08-22 08:28:01.646771400,0.010771400,1
'2026-08-22 08:28:01.646786200,0.010786200,0
'2026-08-22 08:28:01.646797500,0.010797500,1
'2026-08-22 08:28:01.646811800,0.010811800,0
'2026-08-22 08:28:01.646823600,0.010823600,1
'2026-08-22 08:28:01.646838200,0.010838200,0
'2026-08-22 08:28:01.646838300,0.010838300,1
'2026-08-22 08:28:01.646838400,0.010838400,0
'2026-08-22 08:28:01.646849600,0.010849600,1
'2026-08-22 08:28:01.646864000,0.010864000,0
'2026-08-22 08:28:01.646875700,0.010875700,1
'2026-08-22 08:28:01.646890200,0.010890200,0
'2026-08-22 08:28:01.646901800,0.010901800,1
'2026-08-22 08:28:01.646916400,0.010916400,0
'2026-08-22 08:28:01.646916900,0.010916900,1
'2026-08-22 08:28:01.646917000,0.010917000,0
'2026-08-22 08:28:01.646927800,0.010927800,1
'2026-08-22 08:28:01.646942200,0.010942200,0
'2026-08-22 08:28:01.646953900,0.010953900,1
'2026-08-22 08:28:01.646968700,0.010968700,0
'2026-08-22 08:28:01.646980000,0.010980000,1
'2026-08-22 08:28:01.646994300,0.010994300,0
'2026-08-22 08:28:01.647006100,0.011006100,1
'2026-08-22 08:28:01.647437400,0.011437400,0
'2026-08-22 08:28:01.647449000,0.011449000,1
'2026-08-22 08:28:01.647463700,0.011463700,0
'2026-08-22 08:28:01.647475100,0.011475100,1
'2026-08-22 08:28:01.647489600,0.011489600,0
'2026-08-22 08:28:01.647501200,0.011501200,1
'2026-08-22 08:28:01.647515700,0.011515700,0
'2026-08-22 08:28:01.647527200,0.011527200,1
'2026-08-22 08:28:01.647541700,0.011541700,0
'2026-08-22 08:28:01.647552400,0.011552400,1
'2026-08-22 08:28:01.647552500,0.011552500,0
'2026-08-22 08:28:01.647553300,0.011553300,1
'2026-08-22 08:28:01.647567900,0.011567900,0
'2026-08-22 08:28:01.647568200,0.011568200,1
'2026-08-22 08:28:01.647568300,0.011568300,0
'2026-08-22 08:28:01.647579400,0.011579400,1
'2026-08-22 08:28:01.647593800,0.011593800,0
'2026-08-22 08:28:01.647593900,0.011593900,1
'2026-08-22 08:28:01.647594000,0.011594000,0
'2026-08-22 08:28:01.647605500,0.011605500,1
'2026-08-22 08:28:01.647619900,0.011619900,0
'2026-08-22 08:28:01.647631500,0.011631500,1
'2026-08-22 08:28:01.647646000,0.011646000,0
'2026-08-22 08:28:01.647657600,0.011657600,1
'2026-08-22 08:28:01.647672400,0.011672400,0
'2026-08-22 08:28:01.647683700,0.011683700,1
'2026-08-22 08:28:01.647698100,0.011698100,0
'2026-08-22 08:28:01.647709700,0.011709700,1
'2026-08-22 08:28:01.647724300,0.011724300,0
'2026-08-22 08:28:01.647735800,0.011735800,1
'2026-08-22 08:28:01.647750400,0.011750400,0
'2026-08-22 08:28:01.647761900,0.011761900,1
'2026-08-22 08:28:01.647776400,0.011776400,0
'2026-08-22 08:28:01.647787900,0.011787900,1
'2026-08-22 08:28:01.647802700,0.011802700,0
'2026-08-22 08:28:01.647814000,0.011814000,1
'2026-08-22 08:28:01.647828500,0.011828500,0
'2026-08-22 08:28:01.647833600,0.011833600,1
'2026-08-22 08:28:01.648247400,0.012247400,0
'2026-08-22 08:28:01.648257000,0.012257000,1
'2026-08-22 08:28:01.648271600,0.012271600,0
'2026-08-22 08:28:01.648273900,0.012273900,1
'2026-08-22 08:28:01.648274800,0.012274800,0
'2026-08-22 08:28:01.648276400,0.012276400,1
'2026-08-22 08:28:01.648277000,0.012277000,0
'2026-08-22 08:28:01.648278500,0.012278500,1
'2026-08-22 08:28:01.648279000,0.012279000,0
'2026-08-22 08:28:01.648283100,0.012283100,1
'2026-08-22 08:28:01.648297600,0.012297600,0
'2026-08-22 08:28:01.648309100,0.012309100,1
'2026-08-22 08:28:01.648323800,0.012323800,0
'2026-08-22 08:28:01.648335200,0.012335200,1
'2026-08-22 08:28:01.648349700,0.012349700,0
'2026-08-22 08:28:01.648361300,0.012361300,1
'2026-08-22 08:28:01.648375900,0.012375900,0
'2026-08-22 08:28:01.648387400,0.012387400,1
'2026-08-22 08:28:01.648401900,0.012401900,0
'2026-08-22 08:28:01.648413400,0.012413400,1
'2026-08-22 08:28:01.648427900,0.012427900,0
'2026-08-22 08:28:01.648439500,0.012439500,1
'2026-08-22 08:28:01.648454100,0.012454100,0
'2026-08-22 08:28:01.648465600,0.012465600,1
'2026-08-22 08:28:01.648480000,0.012480000,0
'2026-08-22 08:28:01.648491600,0.012491600,1
'2026-08-22 08:28:01.648506300,0.012506300,0
'2026-08-22 08:28:01.648517700,0.012517700,1
'2026-08-22 08:28:01.648532400,0.012532400,0
'2026-08-22 08:28:01.648532600,0.012532600,1
'2026-08-22 08:28:01.648532700,0.012532700,0
'2026-08-22 08:28:01.648543800,0.012543800,1
'2026-08-22 08:28:01.648558400,0.012558400,0
'2026-08-22 08:28:01.648569900,0.012569900,1
'2026-08-22 08:28:01.648584400,0.012584400,0
'2026-08-22 08:28:01.648595900,0.012595900,1
'2026-08-22 08:28:01.648610600,0.012610600,0
'2026-08-22 08:28:01.648616500,0.012616500,1
'2026-08-22 08:28:01.648616600,0.012616600,0
'2026-08-22 08:28:01.648622000,0.012622000,1
'2026-08-22 08:28:01.648636500,0.012636500,0
'2026-08-22 08:28:01.648648100,0.012648100,1
'2026-08-22 08:28:01.649079600,0.013079600,0
'2026-08-22 08:28:01.649091100,0.013091100,1
'2026-08-22 08:28:01.649105500,0.013105500,0
'2026-08-22 08:28:01.649117200,0.013117200,1
'2026-08-22 08:28:01.649131800,0.013131800,0
'2026-08-22 08:28:01.649143200,0.013143200,1
'2026-08-22 08:28:01.649157900,0.013157900,0
'2026-08-22 08:28:01.649169300,0.013169300,1
'2026-08-22 08:28:01.649183800,0.013183800,0
'2026-08-22 08:28:01.649195400,0.013195400,1
'2026-08-22 08:28:01.649210000,0.013210000,0
'2026-08-22 08:28:01.649221500,0.013221500,1
'2026-08-22 08:28:01.649235900,0.013235900,0
'2026-08-22 08:28:01.649247500,0.013247500,1
'2026-08-22 08:28:01.649262400,0.013262400,0
'2026-08-22 08:28:01.649273600,0.013273600,1
'2026-08-22 08:28:01.649288200,0.013288200,0
'2026-08-22 08:28:01.649299700,0.013299700,1
'2026-08-22 08:28:01.649314100,0.013314100,0
'2026-08-22 08:28:01.649325700,0.013325700,1
'2026-08-22 08:28:01.649340300,0.013340300,0
'2026-08-22 08:28:01.649351800,0.013351800,1
'2026-08-22 08:28:01.649366300,0.013366300,0
'2026-08-22 08:28:01.649377900,0.013377900,1
'2026-08-22 08:28:01.649392700,0.013392700,0
'2026-08-22 08:28:01.649403900,0.013403900,1
'2026-08-22 08:28:01.649418400,0.013418400,0
'2026-08-22 08:28:01.649430000,0.013430000,1
'2026-08-22 08:28:01.649444600,0.013444600,0
'2026-08-22 08:28:01.649456100,0.013456100,1
'2026-08-22 08:28:01.649470800,0.013470800,0
'2026-08-22 08:28:01.649479100,0.013479100,1
'2026-08-22 08:28:01.650695300,0.014695300,0
'2026-08-22 08:28:01.650707000,0.014707000,1
'2026-08-22 08:28:01.650721600,0.014721600,0
'2026-08-22 08:28:01.650733100,0.014733100,1
'2026-08-22 08:28:01.650747500,0.014747500,0
'2026-08-22 08:28:01.650759100,0.014759100,1
'2026-08-22 08:28:01.650773700,0.014773700,0
'2026-08-22 08:28:01.650785200,0.014785200,1
'2026-08-22 08:28:01.650799800,0.014799800,0
'2026-08-22 08:28:01.650811300,0.014811300,1
'2026-08-22 08:28:01.650825700,0.014825700,0
'2026-08-22 08:28:01.650837300,0.014837300,1
'2026-08-22 08:28:01.650851800,0.014851800,0
'2026-08-22 08:28:01.650863400,0.014863400,1
'2026-08-22 08:28:01.650878200,0.014878200,0
'2026-08-22 08:28:01.650889500,0.014889500,1
'2026-08-22 08:28:01.650903900,0.014903900,0
'2026-08-22 08:28:01.650915500,0.014915500,1
'2026-08-22 08:28:01.650930200,0.014930200,0
'2026-08-22 08:28:01.650938400,0.014938400,1
'2026-08-22 08:28:01.650938500,0.014938500,0
'2026-08-22 08:28:01.650941600,0.014941600,1
'2026-08-22 08:28:01.650956000,0.014956000,0
'2026-08-22 08:28:01.650967700,0.014967700,1
'2026-08-22 08:28:01.650982500,0.014982500,0
'2026-08-22 08:28:01.650993700,0.014993700,1
'2026-08-22 08:28:01.651008300,0.015008300,0
'2026-08-22 08:28:01.651019800,0.015019800,1
'2026-08-22 08:28:01.651034500,0.015034500,0
'2026-08-22 08:28:01.651045900,0.015045900,1
'2026-08-22 08:28:01.651060500,0.015060500,0
'2026-08-22 08:28:01.651071900,0.015071900,1
'2026-08-22 08:28:01.651086500,0.015086500,0
'2026-08-22 08:28:01.651098000,0.015098000,1
'2026-08-22 08:28:01.652311400,0.016311400,0
'2026-08-22 08:28:01.652311500,0.016311500,1
'2026-08-22 08:28:01.652311600,0.016311600,0
'2026-08-22 08:28:01.652322900,0.016322900,1
'2026-08-22 08:28:01.652337400,0.016337400,0
'2026-08-22 08:28:01.652348900,0.016348900,1
'2026-08-22 08:28:01.652363400,0.016363400,0
'2026-08-22 08:28:01.652363500,0.016363500,1
'2026-08-22 08:28:01.652363600,0.016363600,0
'2026-08-22 08:28:01.652369100,0.016369100,1
'2026-08-22 08:28:01.652369200,0.016369200,0
'2026-08-22 08:28:01.652375000,0.016375000,1
'2026-08-22 08:28:01.652389600,0.016389600,0
'2026-08-22 08:28:01.652389800,0.016389800,1
'2026-08-22 08:28:01.652389900,0.016389900,0
'2026-08-22 08:28:01.652401100,0.016401100,1
'2026-08-22 08:28:01.652415600,0.016415600,0
'2026-08-22 08:28:01.652427200,0.016427200,1
'2026-08-22 08:28:01.652441700,0.016441700,0
'2026-08-22 08:28:01.652441800,0.016441800,1
'2026-08-22 08:28:01.652441900,0.016441900,0
'2026-08-22 08:28:01.652453200,0.016453200,1
'2026-08-22 08:28:01.652467900,0.016467900,0
'2026-08-22 08:28:01.652479300,0.016479300,1
'2026-08-22 08:28:01.652493900,0.016493900,0
'2026-08-22 08:28:01.652505400,0.016505400,1
'2026-08-22 08:28:01.652519900,0.016519900,0
'2026-08-22 08:28:01.652520000,0.016520000,1
'2026-08-22 08:28:01.652520200,0.016520200,0
'2026-08-22 08:28:01.652531500,0.016531500,1
'2026-08-22 08:28:01.652546000,0.016546000,0
'2026-08-22 08:28:01.652557500,0.016557500,1
'2026-08-22 08:28:01.652572300,0.016572300,0
'2026-08-22 08:28:01.652583600,0.016583600,1
'2026-08-22 08:28:01.652598200,0.016598200,0
'2026-08-22 08:28:01.652598300,0.016598300,1
'2026-08-22 08:28:01.652598400,0.016598400,0
'2026-08-22 08:28:01.652609700,0.016609700,1
'2026-08-22 08:28:01.652624200,0.016624200,0
'2026-08-22 08:28:01.652635700,0.016635700,1
'2026-08-22 08:28:01.652650400,0.016650400,0
'2026-08-22 08:28:01.652661800,0.016661800,1
'2026-08-22 08:28:01.652676300,0.016676300,0
'2026-08-22 08:28:01.652687900,0.016687900,1
'2026-08-22 08:28:01.652702600,0.016702600,0
'2026-08-22 08:28:01.652713600,0.016713600,1
'2026-08-22 08:28:01.653127400,0.017127400,0
'2026-08-22 08:28:01.653130900,0.017130900,1
'2026-08-22 08:28:01.653145400,0.017145400,0
'2026-08-22 08:28:01.653145500,0.017145500,1
'2026-08-22 08:28:01.653145600,0.017145600,0
'2026-08-22 08:28:01.653154600,0.017154600,1
'2026-08-22 08:28:01.653154700,0.017154700,0
'2026-08-22 08:28:01.653157000,0.017157000,1
'2026-08-22 08:28:01.653171600,0.017171600,0
'2026-08-22 08:28:01.653183100,0.017183100,1
'2026-08-22 08:28:01.653197700,0.017197700,0
'2026-08-22 08:28:01.653209200,0.017209200,1
'2026-08-22 08:28:01.653223700,0.017223700,0
'2026-08-22 08:28:01.653223800,0.017223800,1
'2026-08-22 08:28:01.653224100,0.017224100,0
'2026-08-22 08:28:01.653235200,0.017235200,1
'2026-08-22 08:28:01.653249800,0.017249800,0
'2026-08-22 08:28:01.653261300,0.017261300,1
'2026-08-22 08:28:01.653276000,0.017276000,0
'2026-08-22 08:28:01.653287400,0.017287400,1
'2026-08-22 08:28:01.653302000,0.017302000,0
'2026-08-22 08:28:01.653313400,0.017313400,1
'2026-08-22 08:28:01.653328000,0.017328000,0
'2026-08-22 08:28:01.653339500,0.017339500,1
'2026-08-22 08:28:01.653354000,0.017354000,0
'2026-08-22 08:28:01.653355700,0.017355700,1
'2026-08-22 08:28:01.653355800,0.017355800,0
'2026-08-22 08:28:01.653365600,0.017365600,1
'2026-08-22 08:28:01.653380200,0.017380200,0
'2026-08-22 08:28:01.653380500,0.017380500,1
'2026-08-22 08:28:01.653380600,0.017380600,0
'2026-08-22 08:28:01.653391700,0.017391700,1
'2026-08-22 08:28:01.653406300,0.017406300,0
'2026-08-22 08:28:01.653417700,0.017417700,1
'2026-08-22 08:28:01.653432600,0.017432600,0
'2026-08-22 08:28:01.653442000,0.017442000,1
'2026-08-22 08:28:01.653442100,0.017442100,0
'2026-08-22 08:28:01.653443800,0.017443800,1
'2026-08-22 08:28:01.653458400,0.017458400,0
'2026-08-22 08:28:01.653469900,0.017469900,1
'2026-08-22 08:28:01.653484400,0.017484400,0
'2026-08-22 08:28:01.653495900,0.017495900,1
'2026-08-22 08:28:01.653510300,0.017510300,0
'2026-08-22 08:28:01.653522000,0.017522000,1
'2026-08-22 08:28:01.653953600,0.017953600,0
'2026-08-22 08:28:01.653965100,0.017965100,1
'2026-08-22 08:28:01.653979800,0.017979800,0
'2026-08-22 08:28:01.653991100,0.017991100,1
'2026-08-22 08:28:01.654005700,0.018005700,0
'2026-08-22 08:28:01.654017200,0.018017200,1
'2026-08-22 08:28:01.654031900,0.018031900,0
'2026-08-22 08:28:01.654043300,0.018043300,1
'2026-08-22 08:28:01.654057900,0.018057900,0
'2026-08-22 08:28:01.654069400,0.018069400,1
'2026-08-22 08:28:01.654083900,0.018083900,0
'2026-08-22 08:28:01.654095400,0.018095400,1
'2026-08-22 08:28:01.654110200,0.018110200,0
'2026-08-22 08:28:01.654121500,0.018121500,1
'2026-08-22 08:28:01.654136000,0.018136000,0
'2026-08-22 08:28:01.654147600,0.018147600,1
'2026-08-22 08:28:01.654162200,0.018162200,0
'2026-08-22 08:28:01.654173700,0.018173700,1
'2026-08-22 08:28:01.654188300,0.018188300,0
'2026-08-22 08:28:01.654188800,0.018188800,1
'2026-08-22 08:28:01.654188900,0.018188900,0
'2026-08-22 08:28:01.654199700,0.018199700,1
'2026-08-22 08:28:01.654214200,0.018214200,0
'2026-08-22 08:28:01.654219000,0.018219000,1
'2026-08-22 08:28:01.654219200,0.018219200,0
'2026-08-22 08:28:01.654225800,0.018225800,1
'2026-08-22 08:28:01.654240500,0.018240500,0
'2026-08-22 08:28:01.654240700,0.018240700,1
'2026-08-22 08:28:01.654240800,0.018240800,0
'2026-08-22 08:28:01.654251900,0.018251900,1
'2026-08-22 08:28:01.654266500,0.018266500,0
'2026-08-22 08:28:01.654277900,0.018277900,1
'2026-08-22 08:28:01.654292500,0.018292500,0
'2026-08-22 08:28:01.654301400,0.018301400,1
'2026-08-22 08:28:01.654301500,0.018301500,0
'2026-08-22 08:28:01.654304000,0.018304000,1
'2026-08-22 08:28:01.654318700,0.018318700,0
'2026-08-22 08:28:01.654330100,0.018330100,1
'2026-08-22 08:28:01.654344500,0.018344500,0
'2026-08-22 08:28:01.654356100,0.018356100,1
'2026-08-22 08:28:01.654787600,0.018787600,0
'2026-08-22 08:28:01.654799200,0.018799200,1
'2026-08-22 08:28:01.654813800,0.018813800,0
'2026-08-22 08:28:01.654825300,0.018825300,1
'2026-08-22 08:28:01.654840000,0.018840000,0
'2026-08-22 08:28:01.654851400,0.018851400,1
'2026-08-22 08:28:01.654865800,0.018865800,0
'2026-08-22 08:28:01.654877400,0.018877400,1
'2026-08-22 08:28:01.654892200,0.018892200,0
'2026-08-22 08:28:01.654893700,0.018893700,1
'2026-08-22 08:28:01.654893800,0.018893800,0
'2026-08-22 08:28:01.654903500,0.018903500,1
'2026-08-22 08:28:01.654918200,0.018918200,0
'2026-08-22 08:28:01.654929600,0.018929600,1
'2026-08-22 08:28:01.654944100,0.018944100,0
'2026-08-22 08:28:01.654955600,0.018955600,1
'2026-08-22 08:28:01.654970200,0.018970200,0
'2026-08-22 08:28:01.654981700,0.018981700,1
'2026-08-22 08:28:01.654996200,0.018996200,0
'2026-08-22 08:28:01.654996300,0.018996300,1
'2026-08-22 08:28:01.654996400,0.018996400,0
'2026-08-22 08:28:01.655007800,0.019007800,1
'2026-08-22 08:28:01.655022400,0.019022400,0
'2026-08-22 08:28:01.655033900,0.019033900,1
'2026-08-22 08:28:01.655048400,0.019048400,0
'2026-08-22 08:28:01.655059900,0.019059900,1
'2026-08-22 08:28:01.655074700,0.019074700,0
'2026-08-22 08:28:01.655086000,0.019086000,1
'2026-08-22 08:28:01.655100500,0.019100500,0
'2026-08-22 08:28:01.655112100,0.019112100,1
'2026-08-22 08:28:01.655126600,0.019126600,0
'2026-08-22 08:28:01.655138100,0.019138100,1
'2026-08-22 08:28:01.655153100,0.019153100,0
'2026-08-22 08:28:01.655164200,0.019164200,1
'2026-08-22 08:28:01.655178600,0.019178600,0
'2026-08-22 08:28:01.655182200,0.019182200,1
'2026-08-22 08:28:01.656403600,0.020403600,0
'2026-08-22 08:28:01.656415300,0.020415300,1
'2026-08-22 08:28:01.656429800,0.020429800,0
'2026-08-22 08:28:01.656430100,0.020430100,1
'2026-08-22 08:28:01.656430200,0.020430200,0
'2026-08-22 08:28:01.656441300,0.020441300,1
'2026-08-22 08:28:01.656455800,0.020455800,0
'2026-08-22 08:28:01.656467400,0.020467400,1
'2026-08-22 08:28:01.656482100,0.020482100,0
'2026-08-22 08:28:01.656493500,0.020493500,1
'2026-08-22 08:28:01.656507900,0.020507900,0
'2026-08-22 08:28:01.656519500,0.020519500,1
'2026-08-22 08:28:01.656534100,0.020534100,0
'2026-08-22 08:28:01.656545600,0.020545600,1
'2026-08-22 08:28:01.656560400,0.020560400,0
'2026-08-22 08:28:01.656571700,0.020571700,1
'2026-08-22 08:28:01.656586100,0.020586100,0
'2026-08-22 08:28:01.656591800,0.020591800,1
'2026-08-22 08:28:01.656591900,0.020591900,0
'2026-08-22 08:28:01.656597800,0.020597800,1
'2026-08-22 08:28:01.656612500,0.020612500,0
'2026-08-22 08:28:01.656623800,0.020623800,1
'2026-08-22 08:28:01.656638300,0.020638300,0
'2026-08-22 08:28:01.656649900,0.020649900,1
'2026-08-22 08:28:01.656664400,0.020664400,0
'2026-08-22 08:28:01.656676000,0.020676000,1
'2026-08-22 08:28:01.656690800,0.020690800,0
'2026-08-22 08:28:01.656691100,0.020691100,1
'2026-08-22 08:28:01.656691200,0.020691200,0
'2026-08-22 08:28:01.656702000,0.020702000,1
'2026-08-22 08:28:01.656716400,0.020716400,0
'2026-08-22 08:28:01.656728100,0.020728100,1
'2026-08-22 08:28:01.656742800,0.020742800,0
'2026-08-22 08:28:01.656754200,0.020754200,1
'2026-08-22 08:28:01.656768900,0.020768900,0
'2026-08-22 08:28:01.656780300,0.020780300,1
'2026-08-22 08:28:01.656794800,0.020794800,0
'2026-08-22 08:28:01.656803300,0.020803300,1
'2026-08-22 08:28:01.658019800,0.022019800,0
'2026-08-22 08:28:01.658031300,0.022031300,1
'2026-08-22 08:28:01.658045800,0.022045800,0
'2026-08-22 08:28:01.658045900,0.022045900,1
'2026-08-22 08:28:01.658046000,0.022046000,0
'2026-08-22 08:28:01.658057400,0.022057400,1
'2026-08-22 08:28:01.658071900,0.022071900,0
'2026-08-22 08:28:01.658083400,0.022083400,1
'2026-08-22 08:28:01.658098000,0.022098000,0
'2026-08-22 08:28:01.658109500,0.022109500,1
'2026-08-22 08:28:01.658124000,0.022124000,0
'2026-08-22 08:28:01.658135600,0.022135600,1
'2026-08-22 08:28:01.658150200,0.022150200,0
'2026-08-22 08:28:01.658161700,0.022161700,1
'2026-08-22 08:28:01.658176200,0.022176200,0
'2026-08-22 08:28:01.658187700,0.022187700,1
'2026-08-22 08:28:01.658202300,0.022202300,0
'2026-08-22 08:28:01.658213800,0.022213800,1
'2026-08-22 08:28:01.658228300,0.022228300,0
'2026-08-22 08:28:01.658239900,0.022239900,1
'2026-08-22 08:28:01.658254500,0.022254500,0
'2026-08-22 08:28:01.658265900,0.022265900,1
'2026-08-22 08:28:01.658280600,0.022280600,0
'2026-08-22 08:28:01.658292000,0.022292000,1
'2026-08-22 08:28:01.658306600,0.022306600,0
'2026-08-22 08:28:01.658315600,0.022315600,1
'2026-08-22 08:28:01.658316600,0.022316600,0
'2026-08-22 08:28:01.658317800,0.022317800,1
'2026-08-22 08:28:01.658332600,0.022332600,0
'2026-08-22 08:28:01.658344200,0.022344200,1
'2026-08-22 08:28:01.658358800,0.022358800,0
'2026-08-22 08:28:01.658370200,0.022370200,1
'2026-08-22 08:28:01.658384600,0.022384600,0
'2026-08-22 08:28:01.658384700,0.022384700,1
'2026-08-22 08:28:01.658384800,0.022384800,0
'2026-08-22 08:28:01.658396300,0.022396300,1
'2026-08-22 08:28:01.658410900,0.022410900,0
'2026-08-22 08:28:01.658417000,0.022417000,1
'2026-08-22 08:28:01.658831000,0.022831000,0
'2026-08-22 08:28:01.658839400,0.022839400,1
'2026-08-22 08:28:01.658854300,0.022854300,0
'2026-08-22 08:28:01.658865400,0.022865400,1
'2026-08-22 08:28:01.658880000,0.022880000,0
'2026-08-22 08:28:01.658891500,0.022891500,1
'2026-08-22 08:28:01.658906300,0.022906300,0
'2026-08-22 08:28:01.658917600,0.022917600,1
'2026-08-22 08:28:01.658932200,0.022932200,0
'2026-08-22 08:28:01.658943700,0.022943700,1
'2026-08-22 08:28:01.658958100,0.022958100,0
'2026-08-22 08:28:01.658958200,0.022958200,1
'2026-08-22 08:28:01.658958300,0.022958300,0
'2026-08-22 08:28:01.658969700,0.022969700,1
'2026-08-22 08:28:01.658984700,0.022984700,0
'2026-08-22 08:28:01.658995800,0.022995800,1
'2026-08-22 08:28:01.659010400,0.023010400,0
'2026-08-22 08:28:01.659021900,0.023021900,1
'2026-08-22 08:28:01.659036600,0.023036600,0
'2026-08-22 08:28:01.659047900,0.023047900,1
'2026-08-22 08:28:01.659062600,0.023062600,0
'2026-08-22 08:28:01.659074000,0.023074000,1
'2026-08-22 08:28:01.659088600,0.023088600,0
'2026-08-22 08:28:01.659100100,0.023100100,1
'2026-08-22 08:28:01.659114900,0.023114900,0
'2026-08-22 08:28:01.659126200,0.023126200,1
'2026-08-22 08:28:01.659140700,0.023140700,0
'2026-08-22 08:28:01.659152200,0.023152200,1
'2026-08-22 08:28:01.659166900,0.023166900,0
'2026-08-22 08:28:01.659178300,0.023178300,1
'2026-08-22 08:28:01.659193200,0.023193200,0
'2026-08-22 08:28:01.659204400,0.023204400,1
'2026-08-22 08:28:01.659218900,0.023218900,0
'2026-08-22 08:28:01.659230400,0.023230400,1
'2026-08-22 08:28:01.659661800,0.023661800,0
'2026-08-22 08:28:01.659673500,0.023673500,1
'2026-08-22 08:28:01.659688200,0.023688200,0
'2026-08-22 08:28:01.659688300,0.023688300,1
'2026-08-22 08:28:01.659688400,0.023688400,0
'2026-08-22 08:28:01.659699600,0.023699600,1
'2026-08-22 08:28:01.659714000,0.023714000,0
'2026-08-22 08:28:01.659714100,0.023714100,1
'2026-08-22 08:28:01.659714200,0.023714200,0
'2026-08-22 08:28:01.659725600,0.023725600,1
'2026-08-22 08:28:01.659740300,0.023740300,0
'2026-08-22 08:28:01.659740400,0.023740400,1
'2026-08-22 08:28:01.659740500,0.023740500,0
'2026-08-22 08:28:01.659751700,0.023751700,1
'2026-08-22 08:28:01.659766400,0.023766400,0
'2026-08-22 08:28:01.659777800,0.023777800,1
'2026-08-22 08:28:01.659792500,0.023792500,0
'2026-08-22 08:28:01.659803900,0.023803900,1
'2026-08-22 08:28:01.659818600,0.023818600,0
'2026-08-22 08:28:01.659818700,0.023818700,1
'2026-08-22 08:28:01.659818800,0.023818800,0
'2026-08-22 08:28:01.659819300,0.023819300,1
'2026-08-22 08:28:01.659819400,0.023819400,0
'2026-08-22 08:28:01.659829900,0.023829900,1
'2026-08-22 08:28:01.659844500,0.023844500,0
'2026-08-22 08:28:01.659856000,0.023856000,1
'2026-08-22 08:28:01.659870800,0.023870800,0
'2026-08-22 08:28:01.659871300,0.023871300,1
'2026-08-22 08:28:01.659871400,0.023871400,0
'2026-08-22 08:28:01.659871500,0.023871500,1
'2026-08-22 08:28:01.659871600,0.023871600,0
'2026-08-22 08:28:01.659882100,0.023882100,1
'2026-08-22 08:28:01.659896600,0.023896600,0
'2026-08-22 08:28:01.659898700,0.023898700,1
'2026-08-22 08:28:01.659898800,0.023898800,0
'2026-08-22 08:28:01.659908200,0.023908200,1
'2026-08-22 08:28:01.659922900,0.023922900,0
'2026-08-22 08:28:01.659930500,0.023930500,1
'2026-08-22 08:28:01.659930600,0.023930600,0
'2026-08-22 08:28:01.659934200,0.023934200,1
'2026-08-22 08:28:01.659949100,0.023949100,0
'2026-08-22 08:28:01.659960300,0.023960300,1
'2026-08-22 08:28:01.659974900,0.023974900,0
'2026-08-22 08:28:01.659986400,0.023986400,1
'2026-08-22 08:28:01.660001200,0.024001200,0
'2026-08-22 08:28:01.660001400,0.024001400,1
'2026-08-22 08:28:01.660001500,0.024001500,0
'2026-08-22 08:28:01.660012400,0.024012400,1
'2026-08-22 08:28:01.660027000,0.024027000,0
'2026-08-22 08:28:01.660027300,0.024027300,1
'2026-08-22 08:28:01.660027400,0.024027400,0
'2026-08-22 08:28:01.660038500,0.024038500,1
'2026-08-22 08:28:01.660053200,0.024053200,0
'2026-08-22 08:28:01.660063100,0.024063100,1
'2026-08-22 08:28:01.660496100,0.024496100,0
'2026-08-22 08:28:01.660507700,0.024507700,1
'2026-08-22 08:28:01.660522200,0.024522200,0
'2026-08-22 08:28:01.660522300,0.024522300,1
'2026-08-22 08:28:01.660522400,0.024522400,0
'2026-08-22 08:28:01.660533700,0.024533700,1
'2026-08-22 08:28:01.660548200,0.024548200,0
'2026-08-22 08:28:01.660559800,0.024559800,1
'2026-08-22 08:28:01.660574600,0.024574600,0
'2026-08-22 08:28:01.660585900,0.024585900,1
'2026-08-22 08:28:01.660600400,0.024600400,0
'2026-08-22 08:28:01.660612000,0.024612000,1
'2026-08-22 08:28:01.660626600,0.024626600,0
'2026-08-22 08:28:01.660638000,0.024638000,1
'2026-08-22 08:28:01.660652600,0.024652600,0
'2026-08-22 08:28:01.660664100,0.024664100,1
'2026-08-22 08:28:01.660678700,0.024678700,0
'2026-08-22 08:28:01.660690200,0.024690200,1
'2026-08-22 08:28:01.660704700,0.024704700,0
'2026-08-22 08:28:01.660716200,0.024716200,1
'2026-08-22 08:28:01.660730800,0.024730800,0
'2026-08-22 08:28:01.660730900,0.024730900,1
'2026-08-22 08:28:01.660731000,0.024731000,0
'2026-08-22 08:28:01.660732700,0.024732700,1
'2026-08-22 08:28:01.660732800,0.024732800,0
'2026-08-22 08:28:01.660742300,0.024742300,1
'2026-08-22 08:28:01.660757000,0.024757000,0
'2026-08-22 08:28:01.660768400,0.024768400,1
'2026-08-22 08:28:01.660782900,0.024782900,0
'2026-08-22 08:28:01.660794400,0.024794400,1
'2026-08-22 08:28:01.660809000,0.024809000,0
'2026-08-22 08:28:01.660820500,0.024820500,1
'2026-08-22 08:28:01.660835600,0.024835600,0
'2026-08-22 08:28:01.660846600,0.024846600,1
'2026-08-22 08:28:01.660861200,0.024861200,0
'2026-08-22 08:28:01.660872700,0.024872700,1
'2026-08-22 08:28:01.661307800,0.025307800,0
'2026-08-22 08:28:01.661315700,0.025315700,1
'2026-08-22 08:28:01.661330400,0.025330400,0
'2026-08-22 08:28:01.661341800,0.025341800,1
'2026-08-22 08:28:01.661356300,0.025356300,0
'2026-08-22 08:28:01.661367900,0.025367900,1
'2026-08-22 08:28:01.661382400,0.025382400,0
'2026-08-22 08:28:01.661382500,0.025382500,1
'2026-08-22 08:28:01.661382600,0.025382600,0
'2026-08-22 08:28:01.661393900,0.025393900,1
'2026-08-22 08:28:01.661408600,0.025408600,0
'2026-08-22 08:28:01.661420000,0.025420000,1
'2026-08-22 08:28:01.661434600,0.025434600,0
'2026-08-22 08:28:01.661440400,0.025440400,1
'2026-08-22 08:28:01.661440500,0.025440500,0
'2026-08-22 08:28:01.661446100,0.025446100,1
'2026-08-22 08:28:01.661460800,0.025460800,0
'2026-08-22 08:28:01.661472200,0.025472200,1
'2026-08-22 08:28:01.661486700,0.025486700,0
'2026-08-22 08:28:01.661486800,0.025486800,1
'2026-08-22 08:28:01.661486900,0.025486900,0
'2026-08-22 08:28:01.661498200,0.025498200,1
'2026-08-22 08:28:01.661512800,0.025512800,0
'2026-08-22 08:28:01.661524300,0.025524300,1
'2026-08-22 08:28:01.661539000,0.025539000,0
'2026-08-22 08:28:01.661539300,0.025539300,1
'2026-08-22 08:28:01.661539400,0.025539400,0
'2026-08-22 08:28:01.661550400,0.025550400,1
'2026-08-22 08:28:01.661564900,0.025564900,0
'2026-08-22 08:28:01.661576500,0.025576500,1
'2026-08-22 08:28:01.661591100,0.025591100,0
'2026-08-22 08:28:01.661602500,0.025602500,1
'2026-08-22 08:28:01.661617200,0.025617200,0
'2026-08-22 08:28:01.661628600,0.025628600,1
'2026-08-22 08:28:01.661643200,0.025643200,0
'2026-08-22 08:28:01.661654700,0.025654700,1
'2026-08-22 08:28:01.661669200,0.025669200,0
'2026-08-22 08:28:01.661669600,0.025669600,1
'2026-08-22 08:28:01.661669700,0.025669700,0
'2026-08-22 08:28:01.661680700,0.025680700,1
'2026-08-22 08:28:01.661695200,0.025695200,0
'2026-08-22 08:28:01.661695300,0.025695300,1
'2026-08-22 08:28:01.661695400,0.025695400,0
'2026-08-22 08:28:01.661706800,0.025706800,1
'2026-08-22 08:28:01.662138200,0.026138200,0
'2026-08-22 08:28:01.662149900,0.026149900,1
'2026-08-22 08:28:01.662164600,0.026164600,0
'2026-08-22 08:28:01.662176000,0.026176000,1
'2026-08-22 08:28:01.662190700,0.026190700,0
'2026-08-22 08:28:01.662202000,0.026202000,1
'2026-08-22 08:28:01.662216500,0.026216500,0
'2026-08-22 08:28:01.662228100,0.026228100,1
'2026-08-22 08:28:01.662242800,0.026242800,0
'2026-08-22 08:28:01.662254200,0.026254200,1
'2026-08-22 08:28:01.662268700,0.026268700,0
'2026-08-22 08:28:01.662280300,0.026280300,1
'2026-08-22 08:28:01.662295000,0.026295000,0
'2026-08-22 08:28:01.662295100,0.026295100,1
'2026-08-22 08:28:01.662295200,0.026295200,0
'2026-08-22 08:28:01.662306300,0.026306300,1
'2026-08-22 08:28:01.662321000,0.026321000,0
'2026-08-22 08:28:01.662332400,0.026332400,1
'2026-08-22 08:28:01.662346800,0.026346800,0
'2026-08-22 08:28:01.662346900,0.026346900,1
'2026-08-22 08:28:01.662347000,0.026347000,0
'2026-08-22 08:28:01.662358500,0.026358500,1
'2026-08-22 08:28:01.662373200,0.026373200,0
'2026-08-22 08:28:01.662384600,0.026384600,1
'2026-08-22 08:28:01.662399000,0.026399000,0
'2026-08-22 08:28:01.662410600,0.026410600,1
'2026-08-22 08:28:01.662425500,0.026425500,0
'2026-08-22 08:28:01.662436700,0.026436700,1
'2026-08-22 08:28:01.662451400,0.026451400,0
'2026-08-22 08:28:01.662462800,0.026462800,1
'2026-08-22 08:28:01.662477500,0.026477500,0
'2026-08-22 08:28:01.662483900,0.026483900,1
'2026-08-22 08:28:01.662484000,0.026484000,0
'2026-08-22 08:28:01.662488900,0.026488900,1
'2026-08-22 08:28:01.662503400,0.026503400,0
'2026-08-22 08:28:01.662503700,0.026503700,1
'2026-08-22 08:28:01.662503800,0.026503800,0
'2026-08-22 08:28:01.662504500,0.026504500,1
'2026-08-22 08:28:01.662504600,0.026504600,0
'2026-08-22 08:28:01.662514900,0.026514900,1
'2026-08-22 08:28:01.662529400,0.026529400,0
'2026-08-22 08:28:01.662539900,0.026539900,1
'2026-08-22 08:28:01.662953800,0.026953800,0
'2026-08-22 08:28:01.662955300,0.026955300,1
'2026-08-22 08:28:01.662955400,0.026955400,0
'2026-08-22 08:28:01.662958000,0.026958000,1
'2026-08-22 08:28:01.662972500,0.026972500,0
'2026-08-22 08:28:01.662984100,0.026984100,1
'2026-08-22 08:28:01.662998800,0.026998800,0
'2026-08-22 08:28:01.663010100,0.027010100,1
'2026-08-22 08:28:01.663024800,0.027024800,0
'2026-08-22 08:28:01.663036200,0.027036200,1
'2026-08-22 08:28:01.663050800,0.027050800,0
'2026-08-22 08:28:01.663062300,0.027062300,1
'2026-08-22 08:28:01.663077000,0.027077000,0
'2026-08-22 08:28:01.663088400,0.027088400,1
'2026-08-22 08:28:01.663102900,0.027102900,0
'2026-08-22 08:28:01.663114400,0.027114400,1
'2026-08-22 08:28:01.663129000,0.027129000,0
'2026-08-22 08:28:01.663140500,0.027140500,1
'2026-08-22 08:28:01.663155300,0.027155300,0
'2026-08-22 08:28:01.663166600,0.027166600,1
'2026-08-22 08:28:01.663181200,0.027181200,0
'2026-08-22 08:28:01.663192600,0.027192600,1
'2026-08-22 08:28:01.663207200,0.027207200,0
'2026-08-22 08:28:01.663218700,0.027218700,1
'2026-08-22 08:28:01.663233400,0.027233400,0
'2026-08-22 08:28:01.663244800,0.027244800,1
'2026-08-22 08:28:01.663259300,0.027259300,0
'2026-08-22 08:28:01.663270900,0.027270900,1
'2026-08-22 08:28:01.663285600,0.027285600,0
'2026-08-22 08:28:01.663286500,0.027286500,1
'2026-08-22 08:28:01.663286600,0.027286600,0
'2026-08-22 08:28:01.663296900,0.027296900,1
'2026-08-22 08:28:01.663311400,0.027311400,0
'2026-08-22 08:28:01.663323000,0.027323000,1
'2026-08-22 08:28:01.663337600,0.027337600,0
'2026-08-22 08:28:01.663349100,0.027349100,1
'2026-08-22 08:28:01.663780500,0.027780500,0
'2026-08-22 08:28:01.663780800,0.027780800,1
'2026-08-22 08:28:01.663780900,0.027780900,0
'2026-08-22 08:28:01.663790200,0.027790200,1
'2026-08-22 08:28:01.663790300,0.027790300,0
'2026-08-22 08:28:01.663792100,0.027792100,1
'2026-08-22 08:28:01.663806600,0.027806600,0
'2026-08-22 08:28:01.663818200,0.027818200,1
'2026-08-22 08:28:01.663832900,0.027832900,0
'2026-08-22 08:28:01.663844300,0.027844300,1
'2026-08-22 08:28:01.663858800,0.027858800,0
'2026-08-22 08:28:01.663870300,0.027870300,1
'2026-08-22 08:28:01.663885000,0.027885000,0
'2026-08-22 08:28:01.663896400,0.027896400,1
'2026-08-22 08:28:01.663911200,0.027911200,0
'2026-08-22 08:28:01.663911300,0.027911300,1
'2026-08-22 08:28:01.663911400,0.027911400,0
'2026-08-22 08:28:01.663922500,0.027922500,1
'2026-08-22 08:28:01.663937000,0.027937000,0
'2026-08-22 08:28:01.663948600,0.027948600,1
'2026-08-22 08:28:01.663963400,0.027963400,0
'2026-08-22 08:28:01.663963700,0.027963700,1
'2026-08-22 08:28:01.663963800,0.027963800,0
'2026-08-22 08:28:01.663974600,0.027974600,1
'2026-08-22 08:28:01.663989100,0.027989100,0
'2026-08-22 08:28:01.663989300,0.027989300,1
'2026-08-22 08:28:01.663989400,0.027989400,0
'2026-08-22 08:28:01.664000700,0.028000700,1
'2026-08-22 08:28:01.664015400,0.028015400,0
'2026-08-22 08:28:01.664026800,0.028026800,1
'2026-08-22 08:28:01.664041200,0.028041200,0
'2026-08-22 08:28:01.664041300,0.028041300,1
'2026-08-22 08:28:01.664041400,0.028041400,0
'2026-08-22 08:28:01.664052800,0.028052800,1
'2026-08-22 08:28:01.664067400,0.028067400,0
'2026-08-22 08:28:01.664078900,0.028078900,1
'2026-08-22 08:28:01.664093600,0.028093600,0
'2026-08-22 08:28:01.664105000,0.028105000,1
'2026-08-22 08:28:01.664119500,0.028119500,0
'2026-08-22 08:28:01.664131100,0.028131100,1
'2026-08-22 08:28:01.664145700,0.028145700,0
'2026-08-22 08:28:01.664145800,0.028145800,1
'2026-08-22 08:28:01.664146000,0.028146000,0
'2026-08-22 08:28:01.664157100,0.028157100,1
'2026-08-22 08:28:01.664171800,0.028171800,0
'2026-08-22 08:28:01.664183200,0.028183200,1
'2026-08-22 08:28:01.664599800,0.028599800,0
'2026-08-22 08:28:01.664600200,0.028600200,1
'2026-08-22 08:28:01.664614900,0.028614900,0
'2026-08-22 08:28:01.664626300,0.028626300,1
'2026-08-22 08:28:01.664640900,0.028640900,0
'2026-08-22 08:28:01.664652300,0.028652300,1
'2026-08-22 08:28:01.664666900,0.028666900,0
'2026-08-22 08:28:01.664672100,0.028672100,1
'2026-08-22 08:28:01.664672200,0.028672200,0
'2026-08-22 08:28:01.664678400,0.028678400,1
'2026-08-22 08:28:01.664692900,0.028692900,0
'2026-08-22 08:28:01.664704500,0.028704500,1
'2026-08-22 08:28:01.664719200,0.028719200,0
'2026-08-22 08:28:01.664730600,0.028730600,1
'2026-08-22 08:28:01.664745200,0.028745200,0
'2026-08-22 08:28:01.664756600,0.028756600,1
'2026-08-22 08:28:01.664771300,0.028771300,0
'2026-08-22 08:28:01.664782700,0.028782700,1
'2026-08-22 08:28:01.664797500,0.028797500,0
'2026-08-22 08:28:01.664808800,0.028808800,1
'2026-08-22 08:28:01.664823300,0.028823300,0
'2026-08-22 08:28:01.664834800,0.028834800,1
'2026-08-22 08:28:01.664849500,0.028849500,0
'2026-08-22 08:28:01.664849900,0.028849900,1
'2026-08-22 08:28:01.664850000,0.028850000,0
'2026-08-22 08:28:01.664860900,0.028860900,1
'2026-08-22 08:28:01.664875600,0.028875600,0
'2026-08-22 08:28:01.664887000,0.028887000,1
'2026-08-22 08:28:01.664901500,0.028901500,0
'2026-08-22 08:28:01.664913100,0.028913100,1
'2026-08-22 08:28:01.664927800,0.028927800,0
'2026-08-22 08:28:01.664939100,0.028939100,1
'2026-08-22 08:28:01.664953600,0.028953600,0
'2026-08-22 08:28:01.664965200,0.028965200,1
'2026-08-22 08:28:01.664979900,0.028979900,0
'2026-08-22 08:28:01.664991300,0.028991300,1
'2026-08-22 08:28:01.665006100,0.029006100,0
'2026-08-22 08:28:01.665008900,0.029008900,1
'2026-08-22 08:28:01.665422800,0.029422800,0
'2026-08-22 08:28:01.665434400,0.029434400,1
'2026-08-22 08:28:01.665448900,0.029448900,0
'2026-08-22 08:28:01.665460400,0.029460400,1
'2026-08-22 08:28:01.665475100,0.029475100,0
'2026-08-22 08:28:01.665486500,0.029486500,1
'2026-08-22 08:28:01.665501000,0.029501000,0
'2026-08-22 08:28:01.665512600,0.029512600,1
'2026-08-22 08:28:01.665527200,0.029527200,0
'2026-08-22 08:28:01.665538700,0.029538700,1
'2026-08-22 08:28:01.665553200,0.029553200,0
'2026-08-22 08:28:01.665564800,0.029564800,1
'2026-08-22 08:28:01.665579400,0.029579400,0
'2026-08-22 08:28:01.665579500,0.029579500,1
'2026-08-22 08:28:01.665579700,0.029579700,0
'2026-08-22 08:28:01.665590800,0.029590800,1
'2026-08-22 08:28:01.665605400,0.029605400,0
'2026-08-22 08:28:01.665616900,0.029616900,1
'2026-08-22 08:28:01.665631400,0.029631400,0
'2026-08-22 08:28:01.665643000,0.029643000,1
'2026-08-22 08:28:01.665657400,0.029657400,0
'2026-08-22 08:28:01.665669000,0.029669000,1
'2026-08-22 08:28:01.665683700,0.029683700,0
'2026-08-22 08:28:01.665695100,0.029695100,1
'2026-08-22 08:28:01.665709800,0.029709800,0
'2026-08-22 08:28:01.665709900,0.029709900,1
'2026-08-22 08:28:01.665710000,0.029710000,0
'2026-08-22 08:28:01.665721200,0.029721200,1
'2026-08-22 08:28:01.665735700,0.029735700,0
'2026-08-22 08:28:01.665747200,0.029747200,1
'2026-08-22 08:28:01.665762000,0.029762000,0
'2026-08-22 08:28:01.665762100,0.029762100,1
'2026-08-22 08:28:01.665762200,0.029762200,0
'2026-08-22 08:28:01.665773300,0.029773300,1
'2026-08-22 08:28:01.665787700,0.029787700,0
'2026-08-22 08:28:01.665799400,0.029799400,1
'2026-08-22 08:28:01.665813900,0.029813900,0
'2026-08-22 08:28:01.665825500,0.029825500,1
'2026-08-22 08:28:01.666257000,0.030257000,0
'2026-08-22 08:28:01.666268500,0.030268500,1
'2026-08-22 08:28:01.666283200,0.030283200,0
'2026-08-22 08:28:01.666294600,0.030294600,1
'2026-08-22 08:28:01.666309000,0.030309000,0
'2026-08-22 08:28:01.666320600,0.030320600,1
'2026-08-22 08:28:01.666335300,0.030335300,0
'2026-08-22 08:28:01.666335800,0.030335800,1
'2026-08-22 08:28:01.666335900,0.030335900,0
'2026-08-22 08:28:01.666346700,0.030346700,1
'2026-08-22 08:28:01.666361300,0.030361300,0
'2026-08-22 08:28:01.666372800,0.030372800,1
'2026-08-22 08:28:01.666387400,0.030387400,0
'2026-08-22 08:28:01.666398900,0.030398900,1
'2026-08-22 08:28:01.666413500,0.030413500,0
'2026-08-22 08:28:01.666424900,0.030424900,1
'2026-08-22 08:28:01.666439400,0.030439400,0
'2026-08-22 08:28:01.666451000,0.030451000,1
'2026-08-22 08:28:01.666465800,0.030465800,0
'2026-08-22 08:28:01.666465900,0.030465900,1
'2026-08-22 08:28:01.666466000,0.030466000,0
'2026-08-22 08:28:01.666477100,0.030477100,1
'2026-08-22 08:28:01.666491500,0.030491500,0
'2026-08-22 08:28:01.666495000,0.030495000,1
'2026-08-22 08:28:01.666495100,0.030495100,0
'2026-08-22 08:28:01.666503100,0.030503100,1
'2026-08-22 08:28:01.666517900,0.030517900,0
'2026-08-22 08:28:01.666524200,0.030524200,1
'2026-08-22 08:28:01.666524300,0.030524300,0
'2026-08-22 08:28:01.666529200,0.030529200,1
'2026-08-22 08:28:01.666543800,0.030543800,0
'2026-08-22 08:28:01.666544100,0.030544100,1
'2026-08-22 08:28:01.666544200,0.030544200,0
'2026-08-22 08:28:01.666555300,0.030555300,1
'2026-08-22 08:28:01.666569900,0.030569900,0
'2026-08-22 08:28:01.666581400,0.030581400,1
'2026-08-22 08:28:01.666596200,0.030596200,0
'2026-08-22 08:28:01.666607400,0.030607400,1
'2026-08-22 08:28:01.666621900,0.030621900,0
'2026-08-22 08:28:01.666633500,0.030633500,1
'2026-08-22 08:28:01.666648200,0.030648200,0
'2026-08-22 08:28:01.666655000,0.030655000,1
'2026-08-22 08:28:01.667069000,0.031069000,0
'2026-08-22 08:28:01.667069300,0.031069300,1
'2026-08-22 08:28:01.667069400,0.031069400,0
'2026-08-22 08:28:01.667076600,0.031076600,1
'2026-08-22 08:28:01.667091200,0.031091200,0
'2026-08-22 08:28:01.667102600,0.031102600,1
'2026-08-22 08:28:01.667117400,0.031117400,0
'2026-08-22 08:28:01.667122300,0.031122300,1
'2026-08-22 08:28:01.667122400,0.031122400,0
'2026-08-22 08:28:01.667128700,0.031128700,1
'2026-08-22 08:28:01.667143200,0.031143200,0
'2026-08-22 08:28:01.667154800,0.031154800,1
'2026-08-22 08:28:01.667169400,0.031169400,0
'2026-08-22 08:28:01.667180800,0.031180800,1
'2026-08-22 08:28:01.667195400,0.031195400,0
'2026-08-22 08:28:01.667206900,0.031206900,1
'2026-08-22 08:28:01.667221400,0.031221400,0
'2026-08-22 08:28:01.667233000,0.031233000,1
'2026-08-22 08:28:01.667247700,0.031247700,0
'2026-08-22 08:28:01.667248700,0.031248700,1
'2026-08-22 08:28:01.667248800,0.031248800,0
'2026-08-22 08:28:01.667249300,0.031249300,1
'2026-08-22 08:28:01.667249400,0.031249400,0
'2026-08-22 08:28:01.667259100,0.031259100,1
'2026-08-22 08:28:01.667273500,0.031273500,0
'2026-08-22 08:28:01.667285200,0.031285200,1
'2026-08-22 08:28:01.667299900,0.031299900,0
'2026-08-22 08:28:01.667300100,0.031300100,1
'2026-08-22 08:28:01.667300200,0.031300200,0
'2026-08-22 08:28:01.667300300,0.031300300,1
'2026-08-22 08:28:01.667300400,0.031300400,0
'2026-08-22 08:28:01.667311200,0.031311200,1
'2026-08-22 08:28:01.667325700,0.031325700,0
'2026-08-22 08:28:01.667325900,0.031325900,1
'2026-08-22 08:28:01.667326000,0.031326000,0
'2026-08-22 08:28:01.667337300,0.031337300,1
'2026-08-22 08:28:01.667351900,0.031351900,0
'2026-08-22 08:28:01.667363400,0.031363400,1
'2026-08-22 08:28:01.667378000,0.031378000,0
'2026-08-22 08:28:01.667389400,0.031389400,1
'2026-08-22 08:28:01.667403900,0.031403900,0
'2026-08-22 08:28:01.667415500,0.031415500,1
'2026-08-22 08:28:01.667430100,0.031430100,0
'2026-08-22 08:28:01.667441600,0.031441600,1
'2026-08-22 08:28:01.667456000,0.031456000,0
'2026-08-22 08:28:01.667456800,0.031456800,1
'2026-08-22 08:28:01.667456900,0.031456900,0
'2026-08-22 08:28:01.667467700,0.031467700,1
'2026-08-22 08:28:01.667899200,0.031899200,0
'2026-08-22 08:28:01.667910700,0.031910700,1
'2026-08-22 08:28:01.667925300,0.031925300,0
'2026-08-22 08:28:01.667936800,0.031936800,1
'2026-08-22 08:28:01.667951300,0.031951300,0
'2026-08-22 08:28:01.667962800,0.031962800,1
'2026-08-22 08:28:01.667977400,0.031977400,0
'2026-08-22 08:28:01.667988900,0.031988900,1
'2026-08-22 08:28:01.668003700,0.032003700,0
'2026-08-22 08:28:01.668015000,0.032015000,1
'2026-08-22 08:28:01.668029600,0.032029600,0
'2026-08-22 08:28:01.668041100,0.032041100,1
'2026-08-22 08:28:01.668055800,0.032055800,0
'2026-08-22 08:28:01.668067100,0.032067100,1
'2026-08-22 08:28:01.668081700,0.032081700,0
'2026-08-22 08:28:01.668081900,0.032081900,1
'2026-08-22 08:28:01.668082000,0.032082000,0
'2026-08-22 08:28:01.668093200,0.032093200,1
'2026-08-22 08:28:01.668107800,0.032107800,0
'2026-08-22 08:28:01.668119300,0.032119300,1
'2026-08-22 08:28:01.668134000,0.032134000,0
'2026-08-22 08:28:01.668145400,0.032145400,1
'2026-08-22 08:28:01.668160000,0.032160000,0
'2026-08-22 08:28:01.668171500,0.032171500,1
'2026-08-22 08:28:01.668186000,0.032186000,0
'2026-08-22 08:28:01.668197500,0.032197500,1
'2026-08-22 08:28:01.668212100,0.032212100,0
'2026-08-22 08:28:01.668212200,0.032212200,1
'2026-08-22 08:28:01.668212300,0.032212300,0
'2026-08-22 08:28:01.668223600,0.032223600,1
'2026-08-22 08:28:01.668238100,0.032238100,0
'2026-08-22 08:28:01.668249700,0.032249700,1
'2026-08-22 08:28:01.668264400,0.032264400,0
'2026-08-22 08:28:01.668275700,0.032275700,1
'2026-08-22 08:28:01.668290300,0.032290300,0
'2026-08-22 08:28:01.668290500,0.032290500,1
'2026-08-22 08:28:01.668290600,0.032290600,0
'2026-08-22 08:28:01.668301100,0.032301100,1
'2026-08-22 08:28:01.668714800,0.032714800,0
'2026-08-22 08:28:01.668715200,0.032715200,1
'2026-08-22 08:28:01.668715300,0.032715300,0
'2026-08-22 08:28:01.668718800,0.032718800,1
'2026-08-22 08:28:01.668733500,0.032733500,0
'2026-08-22 08:28:01.668744900,0.032744900,1
'2026-08-22 08:28:01.668759400,0.032759400,0
'2026-08-22 08:28:01.668759500,0.032759500,1
'2026-08-22 08:28:01.668759600,0.032759600,0
'2026-08-22 08:28:01.668770900,0.032770900,1
'2026-08-22 08:28:01.668785600,0.032785600,0
'2026-08-22 08:28:01.668785700,0.032785700,1
'2026-08-22 08:28:01.668785900,0.032785900,0
'2026-08-22 08:28:01.668797000,0.032797000,1
'2026-08-22 08:28:01.668811600,0.032811600,0
'2026-08-22 08:28:01.668823100,0.032823100,1
'2026-08-22 08:28:01.668837700,0.032837700,0
'2026-08-22 08:28:01.668837800,0.032837800,1
'2026-08-22 08:28:01.668837900,0.032837900,0
'2026-08-22 08:28:01.668849200,0.032849200,1
'2026-08-22 08:28:01.668863800,0.032863800,0
'2026-08-22 08:28:01.668875300,0.032875300,1
'2026-08-22 08:28:01.668889900,0.032889900,0
'2026-08-22 08:28:01.668901300,0.032901300,1
'2026-08-22 08:28:01.668916000,0.032916000,0
'2026-08-22 08:28:01.668927400,0.032927400,1
'2026-08-22 08:28:01.668942000,0.032942000,0
'2026-08-22 08:28:01.668953500,0.032953500,1
'2026-08-22 08:28:01.668968200,0.032968200,0
'2026-08-22 08:28:01.668979500,0.032979500,1
'2026-08-22 08:28:01.668994000,0.032994000,0
'2026-08-22 08:28:01.669005600,0.033005600,1
'2026-08-22 08:28:01.669020200,0.033020200,0
'2026-08-22 08:28:01.669020300,0.033020300,1
'2026-08-22 08:28:01.669020400,0.033020400,0
'2026-08-22 08:28:01.669031700,0.033031700,1
'2026-08-22 08:28:01.669046400,0.033046400,0
'2026-08-22 08:28:01.669049800,0.033049800,1
'2026-08-22 08:28:01.669049900,0.033049900,0
'2026-08-22 08:28:01.669057700,0.033057700,1
'2026-08-22 08:28:01.669072400,0.033072400,0
'2026-08-22 08:28:01.669072500,0.033072500,1
'2026-08-22 08:28:01.669072600,0.033072600,0
'2026-08-22 08:28:01.669083800,0.033083800,1
'2026-08-22 08:28:01.669098500,0.033098500,0
'2026-08-22 08:28:01.669109900,0.033109900,1
'2026-08-22 08:28:01.670349500,0.034349500,0
'2026-08-22 08:28:01.670349600,0.034349600,1
'2026-08-22 08:28:01.670349700,0.034349700,0
'2026-08-22 08:28:01.670361000,0.034361000,1
'2026-08-22 08:28:01.670375500,0.034375500,0
'2026-08-22 08:28:01.670387000,0.034387000,1
'2026-08-22 08:28:01.670401400,0.034401400,0
'2026-08-22 08:28:01.670413100,0.034413100,1
'2026-08-22 08:28:01.670428000,0.034428000,0
'2026-08-22 08:28:01.670439200,0.034439200,1
'2026-08-22 08:28:01.670453700,0.034453700,0
'2026-08-22 08:28:01.670465300,0.034465300,1
'2026-08-22 08:28:01.670479700,0.034479700,0
'2026-08-22 08:28:01.670491300,0.034491300,1
'2026-08-22 08:28:01.670506000,0.034506000,0
'2026-08-22 08:28:01.670517400,0.034517400,1
'2026-08-22 08:28:01.670532000,0.034532000,0
'2026-08-22 08:28:01.670543500,0.034543500,1
'2026-08-22 08:28:01.670558100,0.034558100,0
'2026-08-22 08:28:01.670558200,0.034558200,1
'2026-08-22 08:28:01.670558500,0.034558500,0
'2026-08-22 08:28:01.670569500,0.034569500,1
'2026-08-22 08:28:01.670584000,0.034584000,0
'2026-08-22 08:28:01.670595600,0.034595600,1
'2026-08-22 08:28:01.670610300,0.034610300,0
'2026-08-22 08:28:01.670621700,0.034621700,1
'2026-08-22 08:28:01.670636400,0.034636400,0
'2026-08-22 08:28:01.670647800,0.034647800,1
'2026-08-22 08:28:01.670662300,0.034662300,0
'2026-08-22 08:28:01.670673800,0.034673800,1
'2026-08-22 08:28:01.670688600,0.034688600,0
'2026-08-22 08:28:01.670699900,0.034699900,1
'2026-08-22 08:28:01.670714400,0.034714400,0
'2026-08-22 08:28:01.670726000,0.034726000,1
'2026-08-22 08:28:01.670740800,0.034740800,0
'2026-08-22 08:28:01.670745200,0.034745200,1
'2026-08-22 08:28:01.671159100,0.035159100,0
'2026-08-22 08:28:01.671159300,0.035159300,1
'2026-08-22 08:28:01.671159400,0.035159400,0
'2026-08-22 08:28:01.671169100,0.035169100,1
'2026-08-22 08:28:01.671183600,0.035183600,0
'2026-08-22 08:28:01.671195100,0.035195100,1
'2026-08-22 08:28:01.671209700,0.035209700,0
'2026-08-22 08:28:01.671221200,0.035221200,1
'2026-08-22 08:28:01.671235900,0.035235900,0
'2026-08-22 08:28:01.671247300,0.035247300,1
'2026-08-22 08:28:01.671262200,0.035262200,0
'2026-08-22 08:28:01.671273400,0.035273400,1
'2026-08-22 08:28:01.671287900,0.035287900,0
'2026-08-22 08:28:01.671299400,0.035299400,1
'2026-08-22 08:28:01.671314300,0.035314300,0
'2026-08-22 08:28:01.671318200,0.035318200,1
'2026-08-22 08:28:01.671318300,0.035318300,0
'2026-08-22 08:28:01.671325500,0.035325500,1
'2026-08-22 08:28:01.671340100,0.035340100,0
'2026-08-22 08:28:01.671351600,0.035351600,1
'2026-08-22 08:28:01.671366200,0.035366200,0
'2026-08-22 08:28:01.671377700,0.035377700,1
'2026-08-22 08:28:01.671392500,0.035392500,0
'2026-08-22 08:28:01.671403700,0.035403700,1
'2026-08-22 08:28:01.671418200,0.035418200,0
'2026-08-22 08:28:01.671429800,0.035429800,1
'2026-08-22 08:28:01.671444600,0.035444600,0
'2026-08-22 08:28:01.671455900,0.035455900,1
'2026-08-22 08:28:01.671470400,0.035470400,0
'2026-08-22 08:28:01.671481900,0.035481900,1
'2026-08-22 08:28:01.671496500,0.035496500,0
'2026-08-22 08:28:01.671508000,0.035508000,1
'2026-08-22 08:28:01.671522700,0.035522700,0
'2026-08-22 08:28:01.671534100,0.035534100,1
'2026-08-22 08:28:01.671548600,0.035548600,0
'2026-08-22 08:28:01.671560200,0.035560200,1
'2026-08-22 08:28:01.671991700,0.035991700,0
'2026-08-22 08:28:01.672003200,0.036003200,1
'2026-08-22 08:28:01.672018100,0.036018100,0
'2026-08-22 08:28:01.672029300,0.036029300,1
'2026-08-22 08:28:01.672043900,0.036043900,0
'2026-08-22 08:28:01.672055400,0.036055400,1
'2026-08-22 08:28:01.672069900,0.036069900,0
'2026-08-22 08:28:01.672081500,0.036081500,1
'2026-08-22 08:28:01.672096200,0.036096200,0
'2026-08-22 08:28:01.672107500,0.036107500,1
'2026-08-22 08:28:01.672122100,0.036122100,0
'2026-08-22 08:28:01.672123600,0.036123600,1
'2026-08-22 08:28:01.672123700,0.036123700,0
'2026-08-22 08:28:01.672133600,0.036133600,1
'2026-08-22 08:28:01.672148300,0.036148300,0
'2026-08-22 08:28:01.672159700,0.036159700,1
'2026-08-22 08:28:01.672174200,0.036174200,0
'2026-08-22 08:28:01.672185700,0.036185700,1
'2026-08-22 08:28:01.672200300,0.036200300,0
'2026-08-22 08:28:01.672210400,0.036210400,1
'2026-08-22 08:28:01.672210500,0.036210500,0
'2026-08-22 08:28:01.672211800,0.036211800,1
'2026-08-22 08:28:01.672226500,0.036226500,0
'2026-08-22 08:28:01.672237900,0.036237900,1
'2026-08-22 08:28:01.672252400,0.036252400,0
'2026-08-22 08:28:01.672264000,0.036264000,1
'2026-08-22 08:28:01.672278800,0.036278800,0
'2026-08-22 08:28:01.672278900,0.036278900,1
'2026-08-22 08:28:01.672279000,0.036279000,0
'2026-08-22 08:28:01.672290000,0.036290000,1
'2026-08-22 08:28:01.672304700,0.036304700,0
'2026-08-22 08:28:01.672316100,0.036316100,1
'2026-08-22 08:28:01.672330800,0.036330800,0
'2026-08-22 08:28:01.672342200,0.036342200,1
'2026-08-22 08:28:01.672356800,0.036356800,0
'2026-08-22 08:28:01.672356900,0.036356900,1
'2026-08-22 08:28:01.672357000,0.036357000,0
'2026-08-22 08:28:01.672368300,0.036368300,1
'2026-08-22 08:28:01.672382900,0.036382900,0
'2026-08-22 08:28:01.672391300,0.036391300,1
'2026-08-22 08:28:01.672805200,0.036805200,0
'2026-08-22 08:28:01.672811300,0.036811300,1
'2026-08-22 08:28:01.672825900,0.036825900,0
'2026-08-22 08:28:01.672837400,0.036837400,1
'2026-08-22 08:28:01.672852100,0.036852100,0
'2026-08-22 08:28:01.672863500,0.036863500,1
'2026-08-22 08:28:01.672878200,0.036878200,0
'2026-08-22 08:28:01.672889600,0.036889600,1
'2026-08-22 08:28:01.672904200,0.036904200,0
'2026-08-22 08:28:01.672910700,0.036910700,1
'2026-08-22 08:28:01.672910800,0.036910800,0
'2026-08-22 08:28:01.672915600,0.036915600,1
'2026-08-22 08:28:01.672930100,0.036930100,0
'2026-08-22 08:28:01.672930200,0.036930200,1
'2026-08-22 08:28:01.672930300,0.036930300,0
'2026-08-22 08:28:01.672941700,0.036941700,1
'2026-08-22 08:28:01.672956500,0.036956500,0
'2026-08-22 08:28:01.672967800,0.036967800,1
'2026-08-22 08:28:01.672982400,0.036982400,0
'2026-08-22 08:28:01.672993900,0.036993900,1
'2026-08-22 08:28:01.673008500,0.037008500,0
'2026-08-22 08:28:01.673019900,0.037019900,1
'2026-08-22 08:28:01.673034800,0.037034800,0
'2026-08-22 08:28:01.673046000,0.037046000,1
'2026-08-22 08:28:01.673060500,0.037060500,0
'2026-08-22 08:28:01.673060900,0.037060900,1
'2026-08-22 08:28:01.673061000,0.037061000,0
'2026-08-22 08:28:01.673065600,0.037065600,1
'2026-08-22 08:28:01.673065700,0.037065700,0
'2026-08-22 08:28:01.673072100,0.037072100,1
'2026-08-22 08:28:01.673086800,0.037086800,0
'2026-08-22 08:28:01.673098200,0.037098200,1
'2026-08-22 08:28:01.673113000,0.037113000,0
'2026-08-22 08:28:01.673120600,0.037120600,1
'2026-08-22 08:28:01.673120700,0.037120700,0
'2026-08-22 08:28:01.673121600,0.037121600,1
'2026-08-22 08:28:01.673121700,0.037121700,0
'2026-08-22 08:28:01.673124200,0.037124200,1
'2026-08-22 08:28:01.673138900,0.037138900,0
'2026-08-22 08:28:01.673150300,0.037150300,1
'2026-08-22 08:28:01.673165100,0.037165100,0
'2026-08-22 08:28:01.673176400,0.037176400,1
'2026-08-22 08:28:01.673191000,0.037191000,0
'2026-08-22 08:28:01.673191100,0.037191100,1
'2026-08-22 08:28:01.673191200,0.037191200,0
'2026-08-22 08:28:01.673196200,0.037196200,1
'2026-08-22 08:28:01.673196300,0.037196300,0
'2026-08-22 08:28:01.673202400,0.037202400,1
'2026-08-22 08:28:01.673634000,0.037634000,0
'2026-08-22 08:28:01.673645500,0.037645500,1
'2026-08-22 08:28:01.673660000,0.037660000,0
'2026-08-22 08:28:01.673671600,0.037671600,1
'2026-08-22 08:28:01.673686300,0.037686300,0
'2026-08-22 08:28:01.673686500,0.037686500,1
'2026-08-22 08:28:01.673686600,0.037686600,0
'2026-08-22 08:28:01.673697700,0.037697700,1
'2026-08-22 08:28:01.673712300,0.037712300,0
'2026-08-22 08:28:01.673723700,0.037723700,1
'2026-08-22 08:28:01.673738500,0.037738500,0
'2026-08-22 08:28:01.673749800,0.037749800,1
'2026-08-22 08:28:01.673764400,0.037764400,0
'2026-08-22 08:28:01.673764800,0.037764800,1
'2026-08-22 08:28:01.673764900,0.037764900,0
'2026-08-22 08:28:01.673775900,0.037775900,1
'2026-08-22 08:28:01.673790400,0.037790400,0
'2026-08-22 08:28:01.673790500,0.037790500,1
'2026-08-22 08:28:01.673790600,0.037790600,0
'2026-08-22 08:28:01.673802000,0.037802000,1
'2026-08-22 08:28:01.673816500,0.037816500,0
'2026-08-22 08:28:01.673828000,0.037828000,1
'2026-08-22 08:28:01.673842600,0.037842600,0
'2026-08-22 08:28:01.673854100,0.037854100,1
'2026-08-22 08:28:01.673868900,0.037868900,0
'2026-08-22 08:28:01.673880200,0.037880200,1
'2026-08-22 08:28:01.673894800,0.037894800,0
'2026-08-22 08:28:01.673904700,0.037904700,1
'2026-08-22 08:28:01.673904800,0.037904800,0
'2026-08-22 08:28:01.673906300,0.037906300,1
'2026-08-22 08:28:01.673920900,0.037920900,0
'2026-08-22 08:28:01.673932400,0.037932400,1
'2026-08-22 08:28:01.673947200,0.037947200,0
'2026-08-22 08:28:01.673958400,0.037958400,1
'2026-08-22 08:28:01.673972800,0.037972800,0
'2026-08-22 08:28:01.673972900,0.037972900,1
'2026-08-22 08:28:01.673973000,0.037973000,0
'2026-08-22 08:28:01.673984500,0.037984500,1
'2026-08-22 08:28:01.673999200,0.037999200,0
'2026-08-22 08:28:01.674010600,0.038010600,1
'2026-08-22 08:28:01.674025100,0.038025100,0
'2026-08-22 08:28:01.674036600,0.038036600,1
'2026-08-22 08:28:01.674451400,0.038451400,0
'2026-08-22 08:28:01.674453600,0.038453600,1
'2026-08-22 08:28:01.674468300,0.038468300,0
'2026-08-22 08:28:01.674479700,0.038479700,1
'2026-08-22 08:28:01.674494200,0.038494200,0
'2026-08-22 08:28:01.674505800,0.038505800,1
'2026-08-22 08:28:01.674520300,0.038520300,0
'2026-08-22 08:28:01.674531900,0.038531900,1
'2026-08-22 08:28:01.674546600,0.038546600,0
'2026-08-22 08:28:01.674558000,0.038558000,1
'2026-08-22 08:28:01.674572400,0.038572400,0
'2026-08-22 08:28:01.674584000,0.038584000,1
'2026-08-22 08:28:01.674598700,0.038598700,0
'2026-08-22 08:28:01.674599100,0.038599100,1
'2026-08-22 08:28:01.674599200,0.038599200,0
'2026-08-22 08:28:01.674610100,0.038610100,1
'2026-08-22 08:28:01.674624700,0.038624700,0
'2026-08-22 08:28:01.674636200,0.038636200,1
'2026-08-22 08:28:01.674650900,0.038650900,0
'2026-08-22 08:28:01.674662300,0.038662300,1
'2026-08-22 08:28:01.674676900,0.038676900,0
'2026-08-22 08:28:01.674688300,0.038688300,1
'2026-08-22 08:28:01.674703000,0.038703000,0
'2026-08-22 08:28:01.674703100,0.038703100,1
'2026-08-22 08:28:01.674703200,0.038703200,0
'2026-08-22 08:28:01.674712500,0.038712500,1
'2026-08-22 08:28:01.674712600,0.038712600,0
'2026-08-22 08:28:01.674714400,0.038714400,1
'2026-08-22 08:28:01.674729200,0.038729200,0
'2026-08-22 08:28:01.674740500,0.038740500,1
'2026-08-22 08:28:01.674755000,0.038755000,0
'2026-08-22 08:28:01.674755100,0.038755100,1
'2026-08-22 08:28:01.674755200,0.038755200,0
'2026-08-22 08:28:01.674766600,0.038766600,1
'2026-08-22 08:28:01.674781200,0.038781200,0
'2026-08-22 08:28:01.674792600,0.038792600,1
'2026-08-22 08:28:01.674807200,0.038807200,0
'2026-08-22 08:28:01.674818700,0.038818700,1
'2026-08-22 08:28:01.674833500,0.038833500,0
'2026-08-22 08:28:01.674844800,0.038844800,1
'2026-08-22 08:28:01.674859400,0.038859400,0
'2026-08-22 08:28:01.674860500,0.038860500,1
'2026-08-22 08:28:01.675276500,0.039276500,0
'2026-08-22 08:28:01.675287900,0.039287900,1
'2026-08-22 08:28:01.675302400,0.039302400,0
'2026-08-22 08:28:01.675313900,0.039313900,1
'2026-08-22 08:28:01.675328600,0.039328600,0
'2026-08-22 08:28:01.675340000,0.039340000,1
'2026-08-22 08:28:01.675354800,0.039354800,0
'2026-08-22 08:28:01.675366100,0.039366100,1
'2026-08-22 08:28:01.675380600,0.039380600,0
'2026-08-22 08:28:01.675392200,0.039392200,1
'2026-08-22 08:28:01.675406900,0.039406900,0
'2026-08-22 08:28:01.675418300,0.039418300,1
'2026-08-22 08:28:01.675432800,0.039432800,0
'2026-08-22 08:28:01.675444300,0.039444300,1
'2026-08-22 08:28:01.675459000,0.039459000,0
'2026-08-22 08:28:01.675459100,0.039459100,1
'2026-08-22 08:28:01.675459200,0.039459200,0
'2026-08-22 08:28:01.675470400,0.039470400,1
'2026-08-22 08:28:01.675485100,0.039485100,0
'2026-08-22 08:28:01.675496500,0.039496500,1
'2026-08-22 08:28:01.675511000,0.039511000,0
'2026-08-22 08:28:01.675511100,0.039511100,1
'2026-08-22 08:28:01.675511200,0.039511200,0
'2026-08-22 08:28:01.675511300,0.039511300,1
'2026-08-22 08:28:01.675511400,0.039511400,0
'2026-08-22 08:28:01.675522600,0.039522600,1
'2026-08-22 08:28:01.675537400,0.039537400,0
'2026-08-22 08:28:01.675537500,0.039537500,1
'2026-08-22 08:28:01.675537700,0.039537700,0
'2026-08-22 08:28:01.675548600,0.039548600,1
'2026-08-22 08:28:01.675563100,0.039563100,0
'2026-08-22 08:28:01.675563200,0.039563200,1
'2026-08-22 08:28:01.675563300,0.039563300,0
'2026-08-22 08:28:01.675574700,0.039574700,1
'2026-08-22 08:28:01.675589400,0.039589400,0
'2026-08-22 08:28:01.675589500,0.039589500,1
'2026-08-22 08:28:01.675589600,0.039589600,0
'2026-08-22 08:28:01.675600800,0.039600800,1
'2026-08-22 08:28:01.675615400,0.039615400,0
'2026-08-22 08:28:01.675626900,0.039626900,1
'2026-08-22 08:28:01.675641400,0.039641400,0
'2026-08-22 08:28:01.675641500,0.039641500,1
'2026-08-22 08:28:01.675641600,0.039641600,0
'2026-08-22 08:28:01.675652900,0.039652900,1
'2026-08-22 08:28:01.675667600,0.039667600,0
'2026-08-22 08:28:01.675667800,0.039667800,1
'2026-08-22 08:28:01.675667900,0.039667900,0
'2026-08-22 08:28:01.675668200,0.039668200,1
'2026-08-22 08:28:01.675668300,0.039668300,0
'2026-08-22 08:28:01.675676700,0.039676700,1
'2026-08-22 08:28:01.675676800,0.039676800,0
'2026-08-22 08:28:01.675679000,0.039679000,1
'2026-08-22 08:28:01.676110800,0.040110800,0
'2026-08-22 08:28:01.676122100,0.040122100,1
'2026-08-22 08:28:01.676136700,0.040136700,0
'2026-08-22 08:28:01.676148200,0.040148200,1
'2026-08-22 08:28:01.676162600,0.040162600,0
'2026-08-22 08:28:01.676162700,0.040162700,1
'2026-08-22 08:28:01.676162800,0.040162800,0
'2026-08-22 08:28:01.676174300,0.040174300,1
'2026-08-22 08:28:01.676189100,0.040189100,0
'2026-08-22 08:28:01.676200300,0.040200300,1
'2026-08-22 08:28:01.676214800,0.040214800,0
'2026-08-22 08:28:01.676226400,0.040226400,1
'2026-08-22 08:28:01.676241100,0.040241100,0
'2026-08-22 08:28:01.676241500,0.040241500,1
'2026-08-22 08:28:01.676241600,0.040241600,0
'2026-08-22 08:28:01.676252500,0.040252500,1
'2026-08-22 08:28:01.676267100,0.040267100,0
'2026-08-22 08:28:01.676267300,0.040267300,1
'2026-08-22 08:28:01.676267400,0.040267400,0
'2026-08-22 08:28:01.676278600,0.040278600,1
'2026-08-22 08:28:01.676293100,0.040293100,0
'2026-08-22 08:28:01.676298400,0.040298400,1
'2026-08-22 08:28:01.676298500,0.040298500,0
'2026-08-22 08:28:01.676304600,0.040304600,1
'2026-08-22 08:28:01.676319600,0.040319600,0
'2026-08-22 08:28:01.676319700,0.040319700,1
'2026-08-22 08:28:01.676319800,0.040319800,0
'2026-08-22 08:28:01.676319900,0.040319900,1
'2026-08-22 08:28:01.676320000,0.040320000,0
'2026-08-22 08:28:01.676330700,0.040330700,1
'2026-08-22 08:28:01.676345100,0.040345100,0
'2026-08-22 08:28:01.676349100,0.040349100,1
'2026-08-22 08:28:01.676349200,0.040349200,0
'2026-08-22 08:28:01.676356800,0.040356800,1
'2026-08-22 08:28:01.676371700,0.040371700,0
'2026-08-22 08:28:01.676371900,0.040371900,1
'2026-08-22 08:28:01.676372000,0.040372000,0
'2026-08-22 08:28:01.676382800,0.040382800,1
'2026-08-22 08:28:01.676397400,0.040397400,0
'2026-08-22 08:28:01.676397500,0.040397500,1
'2026-08-22 08:28:01.676397700,0.040397700,0
'2026-08-22 08:28:01.676399900,0.040399900,1
'2026-08-22 08:28:01.676400000,0.040400000,0
'2026-08-22 08:28:01.676408900,0.040408900,1
'2026-08-22 08:28:01.676423500,0.040423500,0
'2026-08-22 08:28:01.676435000,0.040435000,1
'2026-08-22 08:28:01.676449900,0.040449900,0
'2026-08-22 08:28:01.676450000,0.040450000,1
'2026-08-22 08:28:01.676450200,0.040450200,0
'2026-08-22 08:28:01.676460100,0.040460100,1
'2026-08-22 08:28:01.676460200,0.040460200,0
'2026-08-22 08:28:01.676461100,0.040461100,1
'2026-08-22 08:28:01.676475600,0.040475600,0
'2026-08-22 08:28:01.676487100,0.040487100,1
'2026-08-22 08:28:01.676502000,0.040502000,0
'2026-08-22 08:28:01.676502100,0.040502100,1
'2026-08-22 08:28:01.676502200,0.040502200,0
'2026-08-22 08:28:01.676506300,0.040506300,1
'2026-08-22 08:28:01.677726800,0.041726800,0
'2026-08-22 08:28:01.677738200,0.041738200,1
'2026-08-22 08:28:01.677753000,0.041753000,0
'2026-08-22 08:28:01.677764300,0.041764300,1
'2026-08-22 08:28:01.677779000,0.041779000,0
'2026-08-22 08:28:01.677790400,0.041790400,1
'2026-08-22 08:28:01.677805000,0.041805000,0
'2026-08-22 08:28:01.677816500,0.041816500,1
'2026-08-22 08:28:01.677831000,0.041831000,0
'2026-08-22 08:28:01.677835200,0.041835200,1
'2026-08-22 08:28:01.677835300,0.041835300,0
'2026-08-22 08:28:01.677842500,0.041842500,1
'2026-08-22 08:28:01.677857000,0.041857000,0
'2026-08-22 08:28:01.677868600,0.041868600,1
'2026-08-22 08:28:01.677883300,0.041883300,0
'2026-08-22 08:28:01.677894700,0.041894700,1
'2026-08-22 08:28:01.677909300,0.041909300,0
'2026-08-22 08:28:01.677920800,0.041920800,1
'2026-08-22 08:28:01.677935300,0.041935300,0
'2026-08-22 08:28:01.677946800,0.041946800,1
'2026-08-22 08:28:01.677961500,0.041961500,0
'2026-08-22 08:28:01.677972900,0.041972900,1
'2026-08-22 08:28:01.677987500,0.041987500,0
'2026-08-22 08:28:01.677987700,0.041987700,1
'2026-08-22 08:28:01.677987800,0.041987800,0
'2026-08-22 08:28:01.677999000,0.041999000,1
'2026-08-22 08:28:01.678013600,0.042013600,0
'2026-08-22 08:28:01.678025100,0.042025100,1
'2026-08-22 08:28:01.678039600,0.042039600,0
'2026-08-22 08:28:01.678051100,0.042051100,1
'2026-08-22 08:28:01.678065800,0.042065800,0
'2026-08-22 08:28:01.678077200,0.042077200,1
'2026-08-22 08:28:01.678091800,0.042091800,0
'2026-08-22 08:28:01.678103300,0.042103300,1
'2026-08-22 08:28:01.678118000,0.042118000,0
'2026-08-22 08:28:01.678127800,0.042127800,1
'2026-08-22 08:28:01.678541800,0.042541800,0
'2026-08-22 08:28:01.678546400,0.042546400,1
'2026-08-22 08:28:01.678561100,0.042561100,0
'2026-08-22 08:28:01.678572500,0.042572500,1
'2026-08-22 08:28:01.678587000,0.042587000,0
'2026-08-22 08:28:01.678587100,0.042587100,1
'2026-08-22 08:28:01.678587200,0.042587200,0
'2026-08-22 08:28:01.678588200,0.042588200,1
'2026-08-22 08:28:01.678588300,0.042588300,0
'2026-08-22 08:28:01.678598500,0.042598500,1
'2026-08-22 08:28:01.678613100,0.042613100,0
'2026-08-22 08:28:01.678624600,0.042624600,1
'2026-08-22 08:28:01.678639200,0.042639200,0
'2026-08-22 08:28:01.678650700,0.042650700,1
'2026-08-22 08:28:01.678665200,0.042665200,0
'2026-08-22 08:28:01.678676800,0.042676800,1
'2026-08-22 08:28:01.678691400,0.042691400,0
'2026-08-22 08:28:01.678702800,0.042702800,1
'2026-08-22 08:28:01.678717400,0.042717400,0
'2026-08-22 08:28:01.678728900,0.042728900,1
'2026-08-22 08:28:01.678743700,0.042743700,0
'2026-08-22 08:28:01.678755000,0.042755000,1
'2026-08-22 08:28:01.678769600,0.042769600,0
'2026-08-22 08:28:01.678781100,0.042781100,1
'2026-08-22 08:28:01.678795800,0.042795800,0
'2026-08-22 08:28:01.678807100,0.042807100,1
'2026-08-22 08:28:01.678821800,0.042821800,0
'2026-08-22 08:28:01.678821900,0.042821900,1
'2026-08-22 08:28:01.678822200,0.042822200,0
'2026-08-22 08:28:01.678833200,0.042833200,1
'2026-08-22 08:28:01.678847700,0.042847700,0
'2026-08-22 08:28:01.678859300,0.042859300,1
'2026-08-22 08:28:01.678874200,0.042874200,0
'2026-08-22 08:28:01.678885400,0.042885400,1
'2026-08-22 08:28:01.678899800,0.042899800,0
'2026-08-22 08:28:01.678911400,0.042911400,1
'2026-08-22 08:28:01.678926200,0.042926200,0
'2026-08-22 08:28:01.678926500,0.042926500,1
'2026-08-22 08:28:01.678926600,0.042926600,0
'2026-08-22 08:28:01.678937500,0.042937500,1
'2026-08-22 08:28:01.679369000,0.043369000,0
'2026-08-22 08:28:01.679380600,0.043380600,1
'2026-08-22 08:28:01.679395200,0.043395200,0
'2026-08-22 08:28:01.679395300,0.043395300,1
'2026-08-22 08:28:01.679395400,0.043395400,0
'2026-08-22 08:28:01.679396700,0.043396700,1
'2026-08-22 08:28:01.679396800,0.043396800,0
'2026-08-22 08:28:01.679406700,0.043406700,1
'2026-08-22 08:28:01.679421200,0.043421200,0
'2026-08-22 08:28:01.679421300,0.043421300,1
'2026-08-22 08:28:01.679421400,0.043421400,0
'2026-08-22 08:28:01.679432700,0.043432700,1
'2026-08-22 08:28:01.679447400,0.043447400,0
'2026-08-22 08:28:01.679458800,0.043458800,1
'2026-08-22 08:28:01.679473400,0.043473400,0
'2026-08-22 08:28:01.679484900,0.043484900,1
'2026-08-22 08:28:01.679499400,0.043499400,0
'2026-08-22 08:28:01.679511000,0.043511000,1
'2026-08-22 08:28:01.679526000,0.043526000,0
'2026-08-22 08:28:01.679537000,0.043537000,1
'2026-08-22 08:28:01.679551700,0.043551700,0
'2026-08-22 08:28:01.679563100,0.043563100,1
'2026-08-22 08:28:01.679578000,0.043578000,0
'2026-08-22 08:28:01.679578400,0.043578400,1
'2026-08-22 08:28:01.679578500,0.043578500,0
'2026-08-22 08:28:01.679589200,0.043589200,1
'2026-08-22 08:28:01.679603800,0.043603800,0
'2026-08-22 08:28:01.679615300,0.043615300,1
'2026-08-22 08:28:01.679630000,0.043630000,0
'2026-08-22 08:28:01.679641300,0.043641300,1
'2026-08-22 08:28:01.679656200,0.043656200,0
'2026-08-22 08:28:01.679667400,0.043667400,1
'2026-08-22 08:28:01.679681900,0.043681900,0
'2026-08-22 08:28:01.679682400,0.043682400,1
'2026-08-22 08:28:01.679682500,0.043682500,0
'2026-08-22 08:28:01.679693500,0.043693500,1
'2026-08-22 08:28:01.679708400,0.043708400,0
'2026-08-22 08:28:01.679719600,0.043719600,1
'2026-08-22 08:28:01.679733900,0.043733900,0
'2026-08-22 08:28:01.679745600,0.043745600,1
'2026-08-22 08:28:01.679760200,0.043760200,0
'2026-08-22 08:28:01.679764800,0.043764800,1
'2026-08-22 08:28:01.679764900,0.043764900,0
'2026-08-22 08:28:01.679771700,0.043771700,1
'2026-08-22 08:28:01.680188200,0.044188200,0
'2026-08-22 08:28:01.680188700,0.044188700,1
'2026-08-22 08:28:01.680203400,0.044203400,0
'2026-08-22 08:28:01.680214800,0.044214800,1
'2026-08-22 08:28:01.680229400,0.044229400,0
'2026-08-22 08:28:01.680229500,0.044229500,1
'2026-08-22 08:28:01.680229600,0.044229600,0
'2026-08-22 08:28:01.680240900,0.044240900,1
'2026-08-22 08:28:01.680255400,0.044255400,0
'2026-08-22 08:28:01.680266900,0.044266900,1
'2026-08-22 08:28:01.680281800,0.044281800,0
'2026-08-22 08:28:01.680282100,0.044282100,1
'2026-08-22 08:28:01.680282200,0.044282200,0
'2026-08-22 08:28:01.680293000,0.044293000,1
'2026-08-22 08:28:01.680307500,0.044307500,0
'2026-08-22 08:28:01.680319100,0.044319100,1
'2026-08-22 08:28:01.680333600,0.044333600,0
'2026-08-22 08:28:01.680345200,0.044345200,1
'2026-08-22 08:28:01.680360200,0.044360200,0
'2026-08-22 08:28:01.680360300,0.044360300,1
'2026-08-22 08:28:01.680360500,0.044360500,0
'2026-08-22 08:28:01.680360900,0.044360900,1
'2026-08-22 08:28:01.680361000,0.044361000,0
'2026-08-22 08:28:01.680371200,0.044371200,1
'2026-08-22 08:28:01.680385800,0.044385800,0
'2026-08-22 08:28:01.680397300,0.044397300,1
'2026-08-22 08:28:01.680412200,0.044412200,0
'2026-08-22 08:28:01.680422500,0.044422500,1
'2026-08-22 08:28:01.680422600,0.044422600,0
'2026-08-22 08:28:01.680423400,0.044423400,1
'2026-08-22 08:28:01.680438100,0.044438100,0
'2026-08-22 08:28:01.680449500,0.044449500,1
'2026-08-22 08:28:01.680464100,0.044464100,0
'2026-08-22 08:28:01.680464300,0.044464300,1
'2026-08-22 08:28:01.680464500,0.044464500,0
'2026-08-22 08:28:01.680475500,0.044475500,1
'2026-08-22 08:28:01.680490200,0.044490200,0
'2026-08-22 08:28:01.680501600,0.044501600,1
'2026-08-22 08:28:01.680516200,0.044516200,0
'2026-08-22 08:28:01.680516300,0.044516300,1
'2026-08-22 08:28:01.680516400,0.044516400,0
'2026-08-22 08:28:01.680527700,0.044527700,1
'2026-08-22 08:28:01.680542700,0.044542700,0
'2026-08-22 08:28:01.680553800,0.044553800,1
'2026-08-22 08:28:01.680568200,0.044568200,0
'2026-08-22 08:28:01.680568300,0.044568300,1
'2026-08-22 08:28:01.680568400,0.044568400,0
'2026-08-22 08:28:01.680579800,0.044579800,1
'2026-08-22 08:28:01.680594700,0.044594700,0
'2026-08-22 08:28:01.680597100,0.044597100,1
'2026-08-22 08:28:01.681011400,0.045011400,0
'2026-08-22 08:28:01.681022900,0.045022900,1
'2026-08-22 08:28:01.681037600,0.045037600,0
'2026-08-22 08:28:01.681049000,0.045049000,1
'2026-08-22 08:28:01.681063600,0.045063600,0
'2026-08-22 08:28:01.681063700,0.045063700,1
'2026-08-22 08:28:01.681063800,0.045063800,0
'2026-08-22 08:28:01.681075100,0.045075100,1
'2026-08-22 08:28:01.681089600,0.045089600,0
'2026-08-22 08:28:01.681101200,0.045101200,1
'2026-08-22 08:28:01.681115900,0.045115900,0
'2026-08-22 08:28:01.681127200,0.045127200,1
'2026-08-22 08:28:01.681141800,0.045141800,0
'2026-08-22 08:28:01.681153300,0.045153300,1
'2026-08-22 08:28:01.681168100,0.045168100,0
'2026-08-22 08:28:01.681179400,0.045179400,1
'2026-08-22 08:28:01.681194000,0.045194000,0
'2026-08-22 08:28:01.681205500,0.045205500,1
'2026-08-22 08:28:01.681220100,0.045220100,0
'2026-08-22 08:28:01.681231500,0.045231500,1
'2026-08-22 08:28:01.681246200,0.045246200,0
'2026-08-22 08:28:01.681246500,0.045246500,1
'2026-08-22 08:28:01.681246600,0.045246600,0
'2026-08-22 08:28:01.681257600,0.045257600,1
'2026-08-22 08:28:01.681272400,0.045272400,0
'2026-08-22 08:28:01.681283700,0.045283700,1
'2026-08-22 08:28:01.681298700,0.045298700,0
'2026-08-22 08:28:01.681309800,0.045309800,1
'2026-08-22 08:28:01.681324400,0.045324400,0
'2026-08-22 08:28:01.681335800,0.045335800,1
'2026-08-22 08:28:01.681350400,0.045350400,0
'2026-08-22 08:28:01.681361900,0.045361900,1
'2026-08-22 08:28:01.681376400,0.045376400,0
'2026-08-22 08:28:01.681376500,0.045376500,1
'2026-08-22 08:28:01.681376600,0.045376600,0
'2026-08-22 08:28:01.681376700,0.045376700,1
'2026-08-22 08:28:01.681376900,0.045376900,0
'2026-08-22 08:28:01.681388000,0.045388000,1
'2026-08-22 08:28:01.681402700,0.045402700,0
'2026-08-22 08:28:01.681414100,0.045414100,1
'2026-08-22 08:28:01.681845600,0.045845600,0
'2026-08-22 08:28:01.681857200,0.045857200,1
'2026-08-22 08:28:01.681872100,0.045872100,0
'2026-08-22 08:28:01.681883200,0.045883200,1
'2026-08-22 08:28:01.681897700,0.045897700,0
'2026-08-22 08:28:01.681909300,0.045909300,1
'2026-08-22 08:28:01.681923900,0.045923900,0
'2026-08-22 08:28:01.681924100,0.045924100,1
'2026-08-22 08:28:01.681924200,0.045924200,0
'2026-08-22 08:28:01.681935400,0.045935400,1
'2026-08-22 08:28:01.681950000,0.045950000,0
'2026-08-22 08:28:01.681961500,0.045961500,1
'2026-08-22 08:28:01.681975900,0.045975900,0
'2026-08-22 08:28:01.681976100,0.045976100,1
'2026-08-22 08:28:01.681976200,0.045976200,0
'2026-08-22 08:28:01.681987500,0.045987500,1
'2026-08-22 08:28:01.682002300,0.046002300,0
'2026-08-22 08:28:01.682013600,0.046013600,1
'2026-08-22 08:28:01.682028000,0.046028000,0
'2026-08-22 08:28:01.682028100,0.046028100,1
'2026-08-22 08:28:01.682028200,0.046028200,0
'2026-08-22 08:28:01.682039700,0.046039700,1
'2026-08-22 08:28:01.682054300,0.046054300,0
'2026-08-22 08:28:01.682054400,0.046054400,1
'2026-08-22 08:28:01.682054500,0.046054500,0
'2026-08-22 08:28:01.682055900,0.046055900,1
'2026-08-22 08:28:01.682056000,0.046056000,0
'2026-08-22 08:28:01.682065800,0.046065800,1
'2026-08-22 08:28:01.682080600,0.046080600,0
'2026-08-22 08:28:01.682091800,0.046091800,1
'2026-08-22 08:28:01.682106600,0.046106600,0
'2026-08-22 08:28:01.682117900,0.046117900,1
'2026-08-22 08:28:01.682132800,0.046132800,0
'2026-08-22 08:28:01.682144000,0.046144000,1
'2026-08-22 08:28:01.682158600,0.046158600,0
'2026-08-22 08:28:01.682170100,0.046170100,1
'2026-08-22 08:28:01.682184800,0.046184800,0
'2026-08-22 08:28:01.682196100,0.046196100,1
'2026-08-22 08:28:01.682210800,0.046210800,0
'2026-08-22 08:28:01.682222200,0.046222200,1
'2026-08-22 08:28:01.682236800,0.046236800,0
'2026-08-22 08:28:01.682242900,0.046242900,1
'2026-08-22 08:28:01.683461900,0.047461900,0
'2026-08-22 08:28:01.683473400,0.047473400,1
'2026-08-22 08:28:01.683488000,0.047488000,0
'2026-08-22 08:28:01.683488100,0.047488100,1
'2026-08-22 08:28:01.683488200,0.047488200,0
'2026-08-22 08:28:01.683499500,0.047499500,1
'2026-08-22 08:28:01.683513900,0.047513900,0
'2026-08-22 08:28:01.683525500,0.047525500,1
'2026-08-22 08:28:01.683540200,0.047540200,0
'2026-08-22 08:28:01.683545300,0.047545300,1
'2026-08-22 08:28:01.683545400,0.047545400,0
'2026-08-22 08:28:01.683551600,0.047551600,1
'2026-08-22 08:28:01.683566100,0.047566100,0
'2026-08-22 08:28:01.683577700,0.047577700,1
'2026-08-22 08:28:01.683592300,0.047592300,0
'2026-08-22 08:28:01.683603700,0.047603700,1
'2026-08-22 08:28:01.683618400,0.047618400,0
'2026-08-22 08:28:01.683629800,0.047629800,1
'2026-08-22 08:28:01.683644400,0.047644400,0
'2026-08-22 08:28:01.683655900,0.047655900,1
'2026-08-22 08:28:01.683670600,0.047670600,0
'2026-08-22 08:28:01.683670700,0.047670700,1
'2026-08-22 08:28:01.683670800,0.047670800,0
'2026-08-22 08:28:01.683682000,0.047682000,1
'2026-08-22 08:28:01.683696500,0.047696500,0
'2026-08-22 08:28:01.683696600,0.047696600,1
'2026-08-22 08:28:01.683696700,0.047696700,0
'2026-08-22 08:28:01.683708000,0.047708000,1
'2026-08-22 08:28:01.683722700,0.047722700,0
'2026-08-22 08:28:01.683722800,0.047722800,1
'2026-08-22 08:28:01.683722900,0.047722900,0
'2026-08-22 08:28:01.683734100,0.047734100,1
'2026-08-22 08:28:01.683748800,0.047748800,0
'2026-08-22 08:28:01.683755000,0.047755000,1
'2026-08-22 08:28:01.683755100,0.047755100,0
'2026-08-22 08:28:01.683760200,0.047760200,1
'2026-08-22 08:28:01.683774900,0.047774900,0
'2026-08-22 08:28:01.683786300,0.047786300,1
'2026-08-22 08:28:01.683800800,0.047800800,0
'2026-08-22 08:28:01.683812300,0.047812300,1
'2026-08-22 08:28:01.683826800,0.047826800,0
'2026-08-22 08:28:01.683826900,0.047826900,1
'2026-08-22 08:28:01.683827000,0.047827000,0
'2026-08-22 08:28:01.683838400,0.047838400,1
'2026-08-22 08:28:01.683853000,0.047853000,0
'2026-08-22 08:28:01.683864100,0.047864100,1
'2026-08-22 08:28:01.685078200,0.049078200,0
'2026-08-22 08:28:01.685089600,0.049089600,1
'2026-08-22 08:28:01.685104000,0.049104000,0
'2026-08-22 08:28:01.685106700,0.049106700,1
'2026-08-22 08:28:01.685106800,0.049106800,0
'2026-08-22 08:28:01.685115700,0.049115700,1
'2026-08-22 08:28:01.685130200,0.049130200,0
'2026-08-22 08:28:01.685141700,0.049141700,1
'2026-08-22 08:28:01.685156400,0.049156400,0
'2026-08-22 08:28:01.685167800,0.049167800,1
'2026-08-22 08:28:01.685182300,0.049182300,0
'2026-08-22 08:28:01.685193900,0.049193900,1
'2026-08-22 08:28:01.685208600,0.049208600,0
'2026-08-22 08:28:01.685208900,0.049208900,1
'2026-08-22 08:28:01.685209000,0.049209000,0
'2026-08-22 08:28:01.685220000,0.049220000,1
'2026-08-22 08:28:01.685234400,0.049234400,0
'2026-08-22 08:28:01.685246000,0.049246000,1
'2026-08-22 08:28:01.685260600,0.049260600,0
'2026-08-22 08:28:01.685272100,0.049272100,1
'2026-08-22 08:28:01.685286800,0.049286800,0
'2026-08-22 08:28:01.685298200,0.049298200,1
'2026-08-22 08:28:01.685312700,0.049312700,0
'2026-08-22 08:28:01.685324300,0.049324300,1
'2026-08-22 08:28:01.685339000,0.049339000,0
'2026-08-22 08:28:01.685350300,0.049350300,1
'2026-08-22 08:28:01.685364800,0.049364800,0
'2026-08-22 08:28:01.685376400,0.049376400,1
'2026-08-22 08:28:01.685391100,0.049391100,0
'2026-08-22 08:28:01.685391200,0.049391200,1
'2026-08-22 08:28:01.685391300,0.049391300,0
'2026-08-22 08:28:01.685399100,0.049399100,1
'2026-08-22 08:28:01.685399200,0.049399200,0
'2026-08-22 08:28:01.685402500,0.049402500,1
'2026-08-22 08:28:01.685417100,0.049417100,0
'2026-08-22 08:28:01.685428600,0.049428600,1
'2026-08-22 08:28:01.685443200,0.049443200,0
'2026-08-22 08:28:01.685454600,0.049454600,1
'2026-08-22 08:28:01.685469200,0.049469200,0
'2026-08-22 08:28:01.685469400,0.049469400,1
'2026-08-22 08:28:01.685469500,0.049469500,0
'2026-08-22 08:28:01.685477700,0.049477700,1
'2026-08-22 08:28:01.686694500,0.050694500,0
'2026-08-22 08:28:01.686705800,0.050705800,1
'2026-08-22 08:28:01.686720200,0.050720200,0
'2026-08-22 08:28:01.686731800,0.050731800,1
'2026-08-22 08:28:01.686746500,0.050746500,0
'2026-08-22 08:28:01.686755100,0.050755100,1
'2026-08-22 08:28:01.686755200,0.050755200,0
'2026-08-22 08:28:01.686757900,0.050757900,1
'2026-08-22 08:28:01.686772400,0.050772400,0
'2026-08-22 08:28:01.686784000,0.050784000,1
'2026-08-22 08:28:01.686798600,0.050798600,0
'2026-08-22 08:28:01.686810100,0.050810100,1
'2026-08-22 08:28:01.686824400,0.050824400,0
'2026-08-22 08:28:01.686824500,0.050824500,1
'2026-08-22 08:28:01.686824700,0.050824700,0
'2026-08-22 08:28:01.686836100,0.050836100,1
'2026-08-22 08:28:01.686850600,0.050850600,0
'2026-08-22 08:28:01.686862200,0.050862200,1
'2026-08-22 08:28:01.686876900,0.050876900,0
'2026-08-22 08:28:01.686877100,0.050877100,1
'2026-08-22 08:28:01.686877200,0.050877200,0
'2026-08-22 08:28:01.686888300,0.050888300,1
'2026-08-22 08:28:01.686902900,0.050902900,0
'2026-08-22 08:28:01.686914400,0.050914400,1
'2026-08-22 08:28:01.686928900,0.050928900,0
'2026-08-22 08:28:01.686940400,0.050940400,1
'2026-08-22 08:28:01.686955000,0.050955000,0
'2026-08-22 08:28:01.686966500,0.050966500,1
'2026-08-22 08:28:01.686981000,0.050981000,0
'2026-08-22 08:28:01.686992600,0.050992600,1
'2026-08-22 08:28:01.687007500,0.051007500,0
'2026-08-22 08:28:01.687018700,0.051018700,1
'2026-08-22 08:28:01.687033200,0.051033200,0
'2026-08-22 08:28:01.687044800,0.051044800,1
'2026-08-22 08:28:01.687059200,0.051059200,0
'2026-08-22 08:28:01.687059300,0.051059300,1
'2026-08-22 08:28:01.687059500,0.051059500,0
'2026-08-22 08:28:01.687066500,0.051066500,1
'2026-08-22 08:28:01.687066600,0.051066600,0
'2026-08-22 08:28:01.687070800,0.051070800,1
'2026-08-22 08:28:01.687085200,0.051085200,0
'2026-08-22 08:28:01.687096900,0.051096900,1
'2026-08-22 08:28:01.688310400,0.052310400,0
'2026-08-22 08:28:01.688321900,0.052321900,1
'2026-08-22 08:28:01.688336600,0.052336600,0
'2026-08-22 08:28:01.688348000,0.052348000,1
'2026-08-22 08:28:01.688362500,0.052362500,0
'2026-08-22 08:28:01.688374100,0.052374100,1
'2026-08-22 08:28:01.688388600,0.052388600,0
'2026-08-22 08:28:01.688400200,0.052400200,1
'2026-08-22 08:28:01.688414800,0.052414800,0
'2026-08-22 08:28:01.688426200,0.052426200,1
'2026-08-22 08:28:01.688440800,0.052440800,0
'2026-08-22 08:28:01.688452300,0.052452300,1
'2026-08-22 08:28:01.688466800,0.052466800,0
'2026-08-22 08:28:01.688478400,0.052478400,1
'2026-08-22 08:28:01.688493000,0.052493000,0
'2026-08-22 08:28:01.688504500,0.052504500,1
'2026-08-22 08:28:01.688519100,0.052519100,0
'2026-08-22 08:28:01.688530500,0.052530500,1
'2026-08-22 08:28:01.688545500,0.052545500,0
'2026-08-22 08:28:01.688556600,0.052556600,1
'2026-08-22 08:28:01.688571100,0.052571100,0
'2026-08-22 08:28:01.688582700,0.052582700,1
'2026-08-22 08:28:01.688597200,0.052597200,0
'2026-08-22 08:28:01.688608800,0.052608800,1
'2026-08-22 08:28:01.688623400,0.052623400,0
'2026-08-22 08:28:01.688634800,0.052634800,1
'2026-08-22 08:28:01.688649500,0.052649500,0
'2026-08-22 08:28:01.688660900,0.052660900,1
'2026-08-22 08:28:01.688675600,0.052675600,0
'2026-08-22 08:28:01.688675700,0.052675700,1
'2026-08-22 08:28:01.688675800,0.052675800,0
'2026-08-22 08:28:01.688687000,0.052687000,1
'2026-08-22 08:28:01.688701500,0.052701500,0
'2026-08-22 08:28:01.688712300,0.052712300,1
'2026-08-22 08:28:01.689926500,0.053926500,0
'2026-08-22 08:28:01.689938100,0.053938100,1
'2026-08-22 08:28:01.689952800,0.053952800,0
'2026-08-22 08:28:01.689964100,0.053964100,1
'2026-08-22 08:28:01.689978600,0.053978600,0
'2026-08-22 08:28:01.689990200,0.053990200,1
'2026-08-22 08:28:01.690004900,0.054004900,0
'2026-08-22 08:28:01.690016300,0.054016300,1
'2026-08-22 08:28:01.690030700,0.054030700,0
'2026-08-22 08:28:01.690042400,0.054042400,1
'2026-08-22 08:28:01.690057000,0.054057000,0
'2026-08-22 08:28:01.690068500,0.054068500,1
'2026-08-22 08:28:01.690083100,0.054083100,0
'2026-08-22 08:28:01.690083500,0.054083500,1
'2026-08-22 08:28:01.690083600,0.054083600,0
'2026-08-22 08:28:01.690094500,0.054094500,1
'2026-08-22 08:28:01.690109000,0.054109000,0
'2026-08-22 08:28:01.690110500,0.054110500,1
'2026-08-22 08:28:01.690110600,0.054110600,0
'2026-08-22 08:28:01.690120600,0.054120600,1
'2026-08-22 08:28:01.690135300,0.054135300,0
'2026-08-22 08:28:01.690146700,0.054146700,1
'2026-08-22 08:28:01.690161300,0.054161300,0
'2026-08-22 08:28:01.690172700,0.054172700,1
'2026-08-22 08:28:01.690187400,0.054187400,0
'2026-08-22 08:28:01.690187500,0.054187500,1
'2026-08-22 08:28:01.690187600,0.054187600,0
'2026-08-22 08:28:01.690198800,0.054198800,1
'2026-08-22 08:28:01.690213400,0.054213400,0
'2026-08-22 08:28:01.690224900,0.054224900,1
'2026-08-22 08:28:01.690239400,0.054239400,0
'2026-08-22 08:28:01.690251000,0.054251000,1
'2026-08-22 08:28:01.690265900,0.054265900,0
'2026-08-22 08:28:01.690277000,0.054277000,1
'2026-08-22 08:28:01.690291400,0.054291400,0
'2026-08-22 08:28:01.690291500,0.054291500,1
'2026-08-22 08:28:01.690291600,0.054291600,0
'2026-08-22 08:28:01.690303100,0.054303100,1
'2026-08-22 08:28:01.690318000,0.054318000,0
'2026-08-22 08:28:01.690325800,0.054325800,1
'2026-08-22 08:28:01.691542800,0.055542800,0
'2026-08-22 08:28:01.691554200,0.055554200,1
'2026-08-22 08:28:01.691568700,0.055568700,0
'2026-08-22 08:28:01.691580300,0.055580300,1
'2026-08-22 08:28:01.691594900,0.055594900,0
'2026-08-22 08:28:01.691601500,0.055601500,1
'2026-08-22 08:28:01.691601600,0.055601600,0
'2026-08-22 08:28:01.691606400,0.055606400,1
'2026-08-22 08:28:01.691621000,0.055621000,0
'2026-08-22 08:28:01.691632500,0.055632500,1
'2026-08-22 08:28:01.691647000,0.055647000,0
'2026-08-22 08:28:01.691647100,0.055647100,1
'2026-08-22 08:28:01.691647200,0.055647200,0
'2026-08-22 08:28:01.691658500,0.055658500,1
'2026-08-22 08:28:01.691673100,0.055673100,0
'2026-08-22 08:28:01.691673300,0.055673300,1
'2026-08-22 08:28:01.691673400,0.055673400,0
'2026-08-22 08:28:01.691684600,0.055684600,1
'2026-08-22 08:28:01.691699200,0.055699200,0
'2026-08-22 08:28:01.691710700,0.055710700,1
'2026-08-22 08:28:01.691725200,0.055725200,0
'2026-08-22 08:28:01.691736800,0.055736800,1
'2026-08-22 08:28:01.691751400,0.055751400,0
'2026-08-22 08:28:01.691751600,0.055751600,1
'2026-08-22 08:28:01.691751700,0.055751700,0
'2026-08-22 08:28:01.691762800,0.055762800,1
'2026-08-22 08:28:01.691777400,0.055777400,0
'2026-08-22 08:28:01.691788900,0.055788900,1
'2026-08-22 08:28:01.691803500,0.055803500,0
'2026-08-22 08:28:01.691803600,0.055803600,1
'2026-08-22 08:28:01.691803800,0.055803800,0
'2026-08-22 08:28:01.691815000,0.055815000,1
'2026-08-22 08:28:01.691829400,0.055829400,0
'2026-08-22 08:28:01.691841100,0.055841100,1
'2026-08-22 08:28:01.691855800,0.055855800,0
'2026-08-22 08:28:01.691866000,0.055866000,1
'2026-08-22 08:28:01.691866100,0.055866100,0
'2026-08-22 08:28:01.691867100,0.055867100,1
'2026-08-22 08:28:01.691881700,0.055881700,0
'2026-08-22 08:28:01.691893200,0.055893200,1
'2026-08-22 08:28:01.691907800,0.055907800,0
'2026-08-22 08:28:01.691919300,0.055919300,1
'2026-08-22 08:28:01.691933800,0.055933800,0
'2026-08-22 08:28:01.691945300,0.055945300,1
'2026-08-22 08:28:01.692361300,0.056361300,0
'2026-08-22 08:28:01.692361400,0.056361400,1
'2026-08-22 08:28:01.692361500,0.056361500,0
'2026-08-22 08:28:01.692362400,0.056362400,1
'2026-08-22 08:28:01.692376900,0.056376900,0
'2026-08-22 08:28:01.692388500,0.056388500,1
'2026-08-22 08:28:01.692403000,0.056403000,0
'2026-08-22 08:28:01.692414500,0.056414500,1
'2026-08-22 08:28:01.692429000,0.056429000,0
'2026-08-22 08:28:01.692437400,0.056437400,1
'2026-08-22 08:28:01.692437500,0.056437500,0
'2026-08-22 08:28:01.692440600,0.056440600,1
'2026-08-22 08:28:01.692455200,0.056455200,0
'2026-08-22 08:28:01.692466700,0.056466700,1
'2026-08-22 08:28:01.692481300,0.056481300,0
'2026-08-22 08:28:01.692492800,0.056492800,1
'2026-08-22 08:28:01.692507500,0.056507500,0
'2026-08-22 08:28:01.692508000,0.056508000,1
'2026-08-22 08:28:01.692508100,0.056508100,0
'2026-08-22 08:28:01.692518800,0.056518800,1
'2026-08-22 08:28:01.692533300,0.056533300,0
'2026-08-22 08:28:01.692544900,0.056544900,1
'2026-08-22 08:28:01.692559700,0.056559700,0
'2026-08-22 08:28:01.692571000,0.056571000,1
'2026-08-22 08:28:01.692585600,0.056585600,0
'2026-08-22 08:28:01.692597100,0.056597100,1
'2026-08-22 08:28:01.692611600,0.056611600,0
'2026-08-22 08:28:01.692623100,0.056623100,1
'2026-08-22 08:28:01.692637800,0.056637800,0
'2026-08-22 08:28:01.692644200,0.056644200,1
'2026-08-22 08:28:01.692644300,0.056644300,0
'2026-08-22 08:28:01.692649200,0.056649200,1
'2026-08-22 08:28:01.692663800,0.056663800,0
'2026-08-22 08:28:01.692675300,0.056675300,1
'2026-08-22 08:28:01.692689900,0.056689900,0
'2026-08-22 08:28:01.692701400,0.056701400,1
'2026-08-22 08:28:01.692715900,0.056715900,0
'2026-08-22 08:28:01.692727400,0.056727400,1
'2026-08-22 08:28:01.692742000,0.056742000,0
'2026-08-22 08:28:01.692753500,0.056753500,1
'2026-08-22 08:28:01.692768100,0.056768100,0
'2026-08-22 08:28:01.692770400,0.056770400,1
'2026-08-22 08:28:01.693185200,0.057185200,0
'2026-08-22 08:28:01.693196600,0.057196600,1
'2026-08-22 08:28:01.693211200,0.057211200,0
'2026-08-22 08:28:01.693222700,0.057222700,1
'2026-08-22 08:28:01.693237200,0.057237200,0
'2026-08-22 08:28:01.693248800,0.057248800,1
'2026-08-22 08:28:01.693263300,0.057263300,0
'2026-08-22 08:28:01.693274800,0.057274800,1
'2026-08-22 08:28:01.693289400,0.057289400,0
'2026-08-22 08:28:01.693300900,0.057300900,1
'2026-08-22 08:28:01.693315600,0.057315600,0
'2026-08-22 08:28:01.693327000,0.057327000,1
'2026-08-22 08:28:01.693341700,0.057341700,0
'2026-08-22 08:28:01.693353100,0.057353100,1
'2026-08-22 08:28:01.693367700,0.057367700,0
'2026-08-22 08:28:01.693379100,0.057379100,1
'2026-08-22 08:28:01.693393900,0.057393900,0
'2026-08-22 08:28:01.693405200,0.057405200,1
'2026-08-22 08:28:01.693419700,0.057419700,0
'2026-08-22 08:28:01.693431300,0.057431300,1
'2026-08-22 08:28:01.693446000,0.057446000,0
'2026-08-22 08:28:01.693457400,0.057457400,1
'2026-08-22 08:28:01.693472000,0.057472000,0
'2026-08-22 08:28:01.693483400,0.057483400,1
'2026-08-22 08:28:01.693498000,0.057498000,0
'2026-08-22 08:28:01.693505000,0.057505000,1
'2026-08-22 08:28:01.693505100,0.057505100,0
'2026-08-22 08:28:01.693509500,0.057509500,1
'2026-08-22 08:28:01.693524400,0.057524400,0
'2026-08-22 08:28:01.693524500,0.057524500,1
'2026-08-22 08:28:01.693524700,0.057524700,0
'2026-08-22 08:28:01.693535600,0.057535600,1
'2026-08-22 08:28:01.693550000,0.057550000,0
'2026-08-22 08:28:01.693561700,0.057561700,1
'2026-08-22 08:28:01.693576400,0.057576400,0
'2026-08-22 08:28:01.693587700,0.057587700,1
'2026-08-22 08:28:01.694019400,0.058019400,0
'2026-08-22 08:28:01.694030800,0.058030800,1
'2026-08-22 08:28:01.694045400,0.058045400,0
'2026-08-22 08:28:01.694056900,0.058056900,1
'2026-08-22 08:28:01.694071500,0.058071500,0
'2026-08-22 08:28:01.694083000,0.058083000,1
'2026-08-22 08:28:01.694097700,0.058097700,0
'2026-08-22 08:28:01.694109100,0.058109100,1
'2026-08-22 08:28:01.694123600,0.058123600,0
'2026-08-22 08:28:01.694135100,0.058135100,1
'2026-08-22 08:28:01.694149700,0.058149700,0
'2026-08-22 08:28:01.694161200,0.058161200,1
'2026-08-22 08:28:01.694175900,0.058175900,0
'2026-08-22 08:28:01.694187300,0.058187300,1
'2026-08-22 08:28:01.694202000,0.058202000,0
'2026-08-22 08:28:01.694213400,0.058213400,1
'2026-08-22 08:28:01.694228000,0.058228000,0
'2026-08-22 08:28:01.694228900,0.058228900,1
'2026-08-22 08:28:01.694229100,0.058229100,0
'2026-08-22 08:28:01.694239400,0.058239400,1
'2026-08-22 08:28:01.694254200,0.058254200,0
'2026-08-22 08:28:01.694265500,0.058265500,1
'2026-08-22 08:28:01.694280000,0.058280000,0
'2026-08-22 08:28:01.694291600,0.058291600,1
'2026-08-22 08:28:01.694306400,0.058306400,0
'2026-08-22 08:28:01.694308100,0.058308100,1
'2026-08-22 08:28:01.694308200,0.058308200,0
'2026-08-22 08:28:01.694317600,0.058317600,1
'2026-08-22 08:28:01.694332100,0.058332100,0
'2026-08-22 08:28:01.694332300,0.058332300,1
'2026-08-22 08:28:01.694332400,0.058332400,0
'2026-08-22 08:28:01.694343700,0.058343700,1
'2026-08-22 08:28:01.694358500,0.058358500,0
'2026-08-22 08:28:01.694358600,0.058358600,1
'2026-08-22 08:28:01.694358800,0.058358800,0
'2026-08-22 08:28:01.694369800,0.058369800,1
'2026-08-22 08:28:01.694384400,0.058384400,0
'2026-08-22 08:28:01.694395900,0.058395900,1
'2026-08-22 08:28:01.694410400,0.058410400,0
'2026-08-22 08:28:01.694416200,0.058416200,1
'2026-08-22 08:28:01.695635600,0.059635600,0
'2026-08-22 08:28:01.695647000,0.059647000,1
'2026-08-22 08:28:01.695661400,0.059661400,0
'2026-08-22 08:28:01.695673000,0.059673000,1
'2026-08-22 08:28:01.695687800,0.059687800,0
'2026-08-22 08:28:01.695699100,0.059699100,1
'2026-08-22 08:28:01.695713700,0.059713700,0
'2026-08-22 08:28:01.695725200,0.059725200,1
'2026-08-22 08:28:01.695739800,0.059739800,0
'2026-08-22 08:28:01.695751300,0.059751300,1
'2026-08-22 08:28:01.695765800,0.059765800,0
'2026-08-22 08:28:01.695777300,0.059777300,1
'2026-08-22 08:28:01.695791900,0.059791900,0
'2026-08-22 08:28:01.695803400,0.059803400,1
'2026-08-22 08:28:01.695818200,0.059818200,0
'2026-08-22 08:28:01.695829500,0.059829500,1
'2026-08-22 08:28:01.695844000,0.059844000,0
'2026-08-22 08:28:01.695846400,0.059846400,1
'2026-08-22 08:28:01.695846500,0.059846500,0
'2026-08-22 08:28:01.695855600,0.059855600,1
'2026-08-22 08:28:01.695870200,0.059870200,0
'2026-08-22 08:28:01.695881600,0.059881600,1
'2026-08-22 08:28:01.695896100,0.059896100,0
'2026-08-22 08:28:01.695897700,0.059897700,1
'2026-08-22 08:28:01.695897800,0.059897800,0
'2026-08-22 08:28:01.695907700,0.059907700,1
'2026-08-22 08:28:01.695922300,0.059922300,0
'2026-08-22 08:28:01.695933800,0.059933800,1
'2026-08-22 08:28:01.695948600,0.059948600,0
'2026-08-22 08:28:01.695959900,0.059959900,1
'2026-08-22 08:28:01.695974400,0.059974400,0
'2026-08-22 08:28:01.695985900,0.059985900,1
'2026-08-22 08:28:01.696000600,0.060000600,0
'2026-08-22 08:28:01.696012000,0.060012000,1
'2026-08-22 08:28:01.696026800,0.060026800,0
'2026-08-22 08:28:01.696037700,0.060037700,1
'2026-08-22 08:28:01.696451800,0.060451800,0
'2026-08-22 08:28:01.696451900,0.060451900,1
'2026-08-22 08:28:01.696452000,0.060452000,0
'2026-08-22 08:28:01.696455100,0.060455100,1
'2026-08-22 08:28:01.696470200,0.060470200,0
'2026-08-22 08:28:01.696481200,0.060481200,1
'2026-08-22 08:28:01.696495500,0.060495500,0
'2026-08-22 08:28:01.696507200,0.060507200,1
'2026-08-22 08:28:01.696521900,0.060521900,0
'2026-08-22 08:28:01.696522000,0.060522000,1
'2026-08-22 08:28:01.696522200,0.060522200,0
'2026-08-22 08:28:01.696530000,0.060530000,1
'2026-08-22 08:28:01.696530100,0.060530100,0
'2026-08-22 08:28:01.696533300,0.060533300,1
'2026-08-22 08:28:01.696547900,0.060547900,0
'2026-08-22 08:28:01.696559400,0.060559400,1
'2026-08-22 08:28:01.696573900,0.060573900,0
'2026-08-22 08:28:01.696585500,0.060585500,1
'2026-08-22 08:28:01.696600200,0.060600200,0
'2026-08-22 08:28:01.696600300,0.060600300,1
'2026-08-22 08:28:01.696600400,0.060600400,0
'2026-08-22 08:28:01.696601500,0.060601500,1
'2026-08-22 08:28:01.696601600,0.060601600,0
'2026-08-22 08:28:01.696611500,0.060611500,1
'2026-08-22 08:28:01.696626100,0.060626100,0
'2026-08-22 08:28:01.696637600,0.060637600,1
'2026-08-22 08:28:01.696652400,0.060652400,0
'2026-08-22 08:28:01.696663700,0.060663700,1
'2026-08-22 08:28:01.696678400,0.060678400,0
'2026-08-22 08:28:01.696689800,0.060689800,1
'2026-08-22 08:28:01.696704400,0.060704400,0
'2026-08-22 08:28:01.696715900,0.060715900,1
'2026-08-22 08:28:01.696730700,0.060730700,0
'2026-08-22 08:28:01.696730900,0.060730900,1
'2026-08-22 08:28:01.696731000,0.060731000,0
'2026-08-22 08:28:01.696731700,0.060731700,1
'2026-08-22 08:28:01.696731800,0.060731800,0
'2026-08-22 08:28:01.696741900,0.060741900,1
'2026-08-22 08:28:01.696756400,0.060756400,0
'2026-08-22 08:28:01.696768000,0.060768000,1
'2026-08-22 08:28:01.696782800,0.060782800,0
'2026-08-22 08:28:01.696794100,0.060794100,1
'2026-08-22 08:28:01.696808600,0.060808600,0
'2026-08-22 08:28:01.696808800,0.060808800,1
'2026-08-22 08:28:01.696808900,0.060808900,0
'2026-08-22 08:28:01.696820100,0.060820100,1
'2026-08-22 08:28:01.696834800,0.060834800,0
'2026-08-22 08:28:01.696846200,0.060846200,1
'2026-08-22 08:28:01.697277800,0.061277800,0
'2026-08-22 08:28:01.697277900,0.061277900,1
'2026-08-22 08:28:01.697278000,0.061278000,0
'2026-08-22 08:28:01.697289300,0.061289300,1
'2026-08-22 08:28:01.697303900,0.061303900,0
'2026-08-22 08:28:01.697315400,0.061315400,1
'2026-08-22 08:28:01.697330000,0.061330000,0
'2026-08-22 08:28:01.697341500,0.061341500,1
'2026-08-22 08:28:01.697356000,0.061356000,0
'2026-08-22 08:28:01.697367500,0.061367500,1
'2026-08-22 08:28:01.697382100,0.061382100,0
'2026-08-22 08:28:01.697393600,0.061393600,1
'2026-08-22 08:28:01.697408300,0.061408300,0
'2026-08-22 08:28:01.697419700,0.061419700,1
'2026-08-22 08:28:01.697434600,0.061434600,0
'2026-08-22 08:28:01.697445800,0.061445800,1
'2026-08-22 08:28:01.697460300,0.061460300,0
'2026-08-22 08:28:01.697471800,0.061471800,1
'2026-08-22 08:28:01.697486600,0.061486600,0
'2026-08-22 08:28:01.697497900,0.061497900,1
'2026-08-22 08:28:01.697512400,0.061512400,0
'2026-08-22 08:28:01.697524000,0.061524000,1
'2026-08-22 08:28:01.697538600,0.061538600,0
'2026-08-22 08:28:01.697541600,0.061541600,1
'2026-08-22 08:28:01.697541700,0.061541700,0
'2026-08-22 08:28:01.697550100,0.061550100,1
'2026-08-22 08:28:01.697564900,0.061564900,0
'2026-08-22 08:28:01.697576100,0.061576100,1
'2026-08-22 08:28:01.697590700,0.061590700,0
'2026-08-22 08:28:01.697602200,0.061602200,1
'2026-08-22 08:28:01.697617000,0.061617000,0
'2026-08-22 08:28:01.697617100,0.061617100,1
'2026-08-22 08:28:01.697617200,0.061617200,0
'2026-08-22 08:28:01.697617300,0.061617300,1
'2026-08-22 08:28:01.697617400,0.061617400,0
'2026-08-22 08:28:01.697628300,0.061628300,1
'2026-08-22 08:28:01.697642800,0.061642800,0
'2026-08-22 08:28:01.697654400,0.061654400,1
'2026-08-22 08:28:01.697669000,0.061669000,0
'2026-08-22 08:28:01.697680400,0.061680400,1
'2026-08-22 08:28:01.698112100,0.062112100,0
'2026-08-22 08:28:01.698123500,0.062123500,1
'2026-08-22 08:28:01.698138300,0.062138300,0
'2026-08-22 08:28:01.698149600,0.062149600,1
'2026-08-22 08:28:01.698164200,0.062164200,0
'2026-08-22 08:28:01.698175700,0.062175700,1
'2026-08-22 08:28:01.698190300,0.062190300,0
'2026-08-22 08:28:01.698190400,0.062190400,1
'2026-08-22 08:28:01.698190500,0.062190500,0
'2026-08-22 08:28:01.698201800,0.062201800,1
'2026-08-22 08:28:01.698216400,0.062216400,0
'2026-08-22 08:28:01.698216500,0.062216500,1
'2026-08-22 08:28:01.698216600,0.062216600,0
'2026-08-22 08:28:01.698220000,0.062220000,1
'2026-08-22 08:28:01.698220100,0.062220100,0
'2026-08-22 08:28:01.698227900,0.062227900,1
'2026-08-22 08:28:01.698242400,0.062242400,0
'2026-08-22 08:28:01.698253900,0.062253900,1
'2026-08-22 08:28:01.698268500,0.062268500,0
'2026-08-22 08:28:01.698280000,0.062280000,1
'2026-08-22 08:28:01.698295200,0.062295200,0
'2026-08-22 08:28:01.698296500,0.062296500,1
'2026-08-22 08:28:01.698296600,0.062296600,0
'2026-08-22 08:28:01.698296700,0.062296700,1
'2026-08-22 08:28:01.698296900,0.062296900,0
'2026-08-22 08:28:01.698306100,0.062306100,1
'2026-08-22 08:28:01.698320800,0.062320800,0
'2026-08-22 08:28:01.698321000,0.062321000,1
'2026-08-22 08:28:01.698321100,0.062321100,0
'2026-08-22 08:28:01.698332100,0.062332100,1
'2026-08-22 08:28:01.698346800,0.062346800,0
'2026-08-22 08:28:01.698358200,0.062358200,1
'2026-08-22 08:28:01.698373100,0.062373100,0
'2026-08-22 08:28:01.698384300,0.062384300,1
'2026-08-22 08:28:01.698399000,0.062399000,0
'2026-08-22 08:28:01.698410400,0.062410400,1
'2026-08-22 08:28:01.698425100,0.062425100,0
'2026-08-22 08:28:01.698436400,0.062436400,1
'2026-08-22 08:28:01.698451100,0.062451100,0
'2026-08-22 08:28:01.698451200,0.062451200,1
'2026-08-22 08:28:01.698451300,0.062451300,0
'2026-08-22 08:28:01.698462500,0.062462500,1
'2026-08-22 08:28:01.698477200,0.062477200,0
'2026-08-22 08:28:01.698488600,0.062488600,1
'2026-08-22 08:28:01.698503400,0.062503400,0
'2026-08-22 08:28:01.698507000,0.062507000,1
'2026-08-22 08:28:01.698921100,0.062921100,0
'2026-08-22 08:28:01.698931700,0.062931700,1
'2026-08-22 08:28:01.698946400,0.062946400,0
'2026-08-22 08:28:01.698957800,0.062957800,1
'2026-08-22 08:28:01.698972600,0.062972600,0
'2026-08-22 08:28:01.698972900,0.062972900,1
'2026-08-22 08:28:01.698973000,0.062973000,0
'2026-08-22 08:28:01.698983900,0.062983900,1
'2026-08-22 08:28:01.698998400,0.062998400,0
'2026-08-22 08:28:01.699009900,0.063009900,1
'2026-08-22 08:28:01.699024700,0.063024700,0
'2026-08-22 08:28:01.699024900,0.063024900,1
'2026-08-22 08:28:01.699025000,0.063025000,0
'2026-08-22 08:28:01.699036000,0.063036000,1
'2026-08-22 08:28:01.699050800,0.063050800,0
'2026-08-22 08:28:01.699062100,0.063062100,1
'2026-08-22 08:28:01.699076800,0.063076800,0
'2026-08-22 08:28:01.699076900,0.063076900,1
'2026-08-22 08:28:01.699077000,0.063077000,0
'2026-08-22 08:28:01.699088200,0.063088200,1
'2026-08-22 08:28:01.699102800,0.063102800,0
'2026-08-22 08:28:01.699114200,0.063114200,1
'2026-08-22 08:28:01.699128800,0.063128800,0
'2026-08-22 08:28:01.699140300,0.063140300,1
'2026-08-22 08:28:01.699155000,0.063155000,0
'2026-08-22 08:28:01.699155200,0.063155200,1
'2026-08-22 08:28:01.699155300,0.063155300,0
'2026-08-22 08:28:01.699166400,0.063166400,1
'2026-08-22 08:28:01.699181000,0.063181000,0
'2026-08-22 08:28:01.699187100,0.063187100,1
'2026-08-22 08:28:01.699187200,0.063187200,0
'2026-08-22 08:28:01.699192500,0.063192500,1
'2026-08-22 08:28:01.699207300,0.063207300,0
'2026-08-22 08:28:01.699218500,0.063218500,1
'2026-08-22 08:28:01.699233200,0.063233200,0
'2026-08-22 08:28:01.699233400,0.063233400,1
'2026-08-22 08:28:01.699233500,0.063233500,0
'2026-08-22 08:28:01.699244600,0.063244600,1
'2026-08-22 08:28:01.699259200,0.063259200,0
'2026-08-22 08:28:01.699270700,0.063270700,1
'2026-08-22 08:28:01.699285600,0.063285600,0
'2026-08-22 08:28:01.699296800,0.063296800,1
'2026-08-22 08:28:01.699311300,0.063311300,0
'2026-08-22 08:28:01.699322800,0.063322800,1
'2026-08-22 08:28:01.699754400,0.063754400,0
'2026-08-22 08:28:01.699754500,0.063754500,1
'2026-08-22 08:28:01.699754600,0.063754600,0
'2026-08-22 08:28:01.699757400,0.063757400,1
'2026-08-22 08:28:01.699757500,0.063757500,0
'2026-08-22 08:28:01.699766000,0.063766000,1
'2026-08-22 08:28:01.699780500,0.063780500,0
'2026-08-22 08:28:01.699792100,0.063792100,1
'2026-08-22 08:28:01.699806800,0.063806800,0
'2026-08-22 08:28:01.699807000,0.063807000,1
'2026-08-22 08:28:01.699807100,0.063807100,0
'2026-08-22 08:28:01.699818100,0.063818100,1
'2026-08-22 08:28:01.699832600,0.063832600,0
'2026-08-22 08:28:01.699844200,0.063844200,1
'2026-08-22 08:28:01.699859100,0.063859100,0
'2026-08-22 08:28:01.699870300,0.063870300,1
'2026-08-22 08:28:01.699884800,0.063884800,0
'2026-08-22 08:28:01.699896300,0.063896300,1
'2026-08-22 08:28:01.699911100,0.063911100,0
'2026-08-22 08:28:01.699922400,0.063922400,1
'2026-08-22 08:28:01.699937100,0.063937100,0
'2026-08-22 08:28:01.699948500,0.063948500,1
'2026-08-22 08:28:01.699963100,0.063963100,0
'2026-08-22 08:28:01.699974600,0.063974600,1
'2026-08-22 08:28:01.699989400,0.063989400,0
'2026-08-22 08:28:01.699990700,0.063990700,1
'2026-08-22 08:28:01.699990800,0.063990800,0
'2026-08-22 08:28:01.700000600,0.064000600,1
'2026-08-22 08:28:01.700015200,0.064015200,0
'2026-08-22 08:28:01.700026700,0.064026700,1
'2026-08-22 08:28:01.700041300,0.064041300,0
'2026-08-22 08:28:01.700041600,0.064041600,1
'2026-08-22 08:28:01.700041700,0.064041700,0
'2026-08-22 08:28:01.700042000,0.064042000,1
'2026-08-22 08:28:01.700042100,0.064042100,0
'2026-08-22 08:28:01.700052800,0.064052800,1
'2026-08-22 08:28:01.700067600,0.064067600,0
'2026-08-22 08:28:01.700078900,0.064078900,1
'2026-08-22 08:28:01.700093500,0.064093500,0
'2026-08-22 08:28:01.700093700,0.064093700,1
'2026-08-22 08:28:01.700093900,0.064093900,0
'2026-08-22 08:28:01.700104900,0.064104900,1
'2026-08-22 08:28:01.700119800,0.064119800,0
'2026-08-22 08:28:01.700131000,0.064131000,1
'2026-08-22 08:28:01.700145600,0.064145600,0
'2026-08-22 08:28:01.700149600,0.064149600,1
'2026-08-22 08:28:01.700149700,0.064149700,0
'2026-08-22 08:28:01.700153300,0.064153300,1
'2026-08-22 08:28:01.700567100,0.064567100,0
'2026-08-22 08:28:01.700574100,0.064574100,1
'2026-08-22 08:28:01.700588700,0.064588700,0
'2026-08-22 08:28:01.700600200,0.064600200,1
'2026-08-22 08:28:01.700615100,0.064615100,0
'2026-08-22 08:28:01.700626300,0.064626300,1
'2026-08-22 08:28:01.700641000,0.064641000,0
'2026-08-22 08:28:01.700641100,0.064641100,1
'2026-08-22 08:28:01.700641200,0.064641200,0
'2026-08-22 08:28:01.700644600,0.064644600,1
'2026-08-22 08:28:01.700644700,0.064644700,0
'2026-08-22 08:28:01.700652400,0.064652400,1
'2026-08-22 08:28:01.700667000,0.064667000,0
'2026-08-22 08:28:01.700674900,0.064674900,1
'2026-08-22 08:28:01.700675000,0.064675000,0
'2026-08-22 08:28:01.700678500,0.064678500,1
'2026-08-22 08:28:01.700693300,0.064693300,0
'2026-08-22 08:28:01.700704500,0.064704500,1
'2026-08-22 08:28:01.700719100,0.064719100,0
'2026-08-22 08:28:01.700730600,0.064730600,1
'2026-08-22 08:28:01.700745500,0.064745500,0
'2026-08-22 08:28:01.700745700,0.064745700,1
'2026-08-22 08:28:01.700745800,0.064745800,0
'2026-08-22 08:28:01.700752500,0.064752500,1
'2026-08-22 08:28:01.700752600,0.064752600,0
'2026-08-22 08:28:01.700756700,0.064756700,1
'2026-08-22 08:28:01.700771200,0.064771200,0
'2026-08-22 08:28:01.700771400,0.064771400,1
'2026-08-22 08:28:01.700771600,0.064771600,0
'2026-08-22 08:28:01.700782800,0.064782800,1
'2026-08-22 08:28:01.700797400,0.064797400,0
'2026-08-22 08:28:01.700808800,0.064808800,1
'2026-08-22 08:28:01.700823500,0.064823500,0
'2026-08-22 08:28:01.700834900,0.064834900,1
'2026-08-22 08:28:01.700849600,0.064849600,0
'2026-08-22 08:28:01.700861000,0.064861000,1
'2026-08-22 08:28:01.700875600,0.064875600,0
'2026-08-22 08:28:01.700875700,0.064875700,1
'2026-08-22 08:28:01.700875800,0.064875800,0
'2026-08-22 08:28:01.700876000,0.064876000,1
'2026-08-22 08:28:01.700876100,0.064876100,0
'2026-08-22 08:28:01.700887100,0.064887100,1
'2026-08-22 08:28:01.700901700,0.064901700,0
'2026-08-22 08:28:01.700913200,0.064913200,1
'2026-08-22 08:28:01.700927800,0.064927800,0
'2026-08-22 08:28:01.700927900,0.064927900,1
'2026-08-22 08:28:01.700928000,0.064928000,0
'2026-08-22 08:28:01.700939200,0.064939200,1
'2026-08-22 08:28:01.700953900,0.064953900,0
'2026-08-22 08:28:01.700954200,0.064954200,1
'2026-08-22 08:28:01.700954300,0.064954300,0
'2026-08-22 08:28:01.700965300,0.064965300,1
'2026-08-22 08:28:01.701397100,0.065397100,0
'2026-08-22 08:28:01.701398200,0.065398200,1
'2026-08-22 08:28:01.701398300,0.065398300,0
'2026-08-22 08:28:01.701408400,0.065408400,1
'2026-08-22 08:28:01.701422900,0.065422900,0
'2026-08-22 08:28:01.701434500,0.065434500,1
'2026-08-22 08:28:01.701449200,0.065449200,0
'2026-08-22 08:28:01.701460600,0.065460600,1
'2026-08-22 08:28:01.701475100,0.065475100,0
'2026-08-22 08:28:01.701486600,0.065486600,1
'2026-08-22 08:28:01.701501400,0.065501400,0
'2026-08-22 08:28:01.701512700,0.065512700,1
'2026-08-22 08:28:01.701527400,0.065527400,0
'2026-08-22 08:28:01.701538800,0.065538800,1
'2026-08-22 08:28:01.701553300,0.065553300,0
'2026-08-22 08:28:01.701564900,0.065564900,1
'2026-08-22 08:28:01.701579700,0.065579700,0
'2026-08-22 08:28:01.701579900,0.065579900,1
'2026-08-22 08:28:01.701580000,0.065580000,0
'2026-08-22 08:28:01.701591000,0.065591000,1
'2026-08-22 08:28:01.701605400,0.065605400,0
'2026-08-22 08:28:01.701606000,0.065606000,1
'2026-08-22 08:28:01.701606100,0.065606100,0
'2026-08-22 08:28:01.701609100,0.065609100,1
'2026-08-22 08:28:01.701609200,0.065609200,0
'2026-08-22 08:28:01.701611700,0.065611700,1
'2026-08-22 08:28:01.701611800,0.065611800,0
'2026-08-22 08:28:01.701617000,0.065617000,1
'2026-08-22 08:28:01.701632000,0.065632000,0
'2026-08-22 08:28:01.701632400,0.065632400,1
'2026-08-22 08:28:01.701632500,0.065632500,0
'2026-08-22 08:28:01.701643100,0.065643100,1
'2026-08-22 08:28:01.701657700,0.065657700,0
'2026-08-22 08:28:01.701669200,0.065669200,1
'2026-08-22 08:28:01.701684000,0.065684000,0
'2026-08-22 08:28:01.701694800,0.065694800,1
'2026-08-22 08:28:01.701694900,0.065694900,0
'2026-08-22 08:28:01.701695300,0.065695300,1
'2026-08-22 08:28:01.701709900,0.065709900,0
'2026-08-22 08:28:01.701710100,0.065710100,1
'2026-08-22 08:28:01.701710200,0.065710200,0
'2026-08-22 08:28:01.701721300,0.065721300,1
'2026-08-22 08:28:01.701736000,0.065736000,0
'2026-08-22 08:28:01.701741600,0.065741600,1
'2026-08-22 08:28:01.701741700,0.065741700,0
'2026-08-22 08:28:01.701747400,0.065747400,1
'2026-08-22 08:28:01.701762200,0.065762200,0
'2026-08-22 08:28:01.701773500,0.065773500,1
'2026-08-22 08:28:01.701788000,0.065788000,0
'2026-08-22 08:28:01.701788400,0.065788400,1
'2026-08-22 08:28:01.701788500,0.065788500,0
'2026-08-22 08:28:01.701799600,0.065799600,1
'2026-08-22 08:28:01.702213400,0.066213400,0
'2026-08-22 08:28:01.702216600,0.066216600,1
'2026-08-22 08:28:01.702231300,0.066231300,0
'2026-08-22 08:28:01.702242700,0.066242700,1
'2026-08-22 08:28:01.702257200,0.066257200,0
'2026-08-22 08:28:01.702257300,0.066257300,1
'2026-08-22 08:28:01.702257500,0.066257500,0
'2026-08-22 08:28:01.702268800,0.066268800,1
'2026-08-22 08:28:01.702283600,0.066283600,0
'2026-08-22 08:28:01.702283700,0.066283700,1
'2026-08-22 08:28:01.702283800,0.066283800,0
'2026-08-22 08:28:01.702294900,0.066294900,1
'2026-08-22 08:28:01.702309300,0.066309300,0
'2026-08-22 08:28:01.702321000,0.066321000,1
'2026-08-22 08:28:01.702335500,0.066335500,0
'2026-08-22 08:28:01.702335700,0.066335700,1
'2026-08-22 08:28:01.702335800,0.066335800,0
'2026-08-22 08:28:01.702347000,0.066347000,1
'2026-08-22 08:28:01.702362100,0.066362100,0
'2026-08-22 08:28:01.702373100,0.066373100,1
'2026-08-22 08:28:01.702387800,0.066387800,0
'2026-08-22 08:28:01.702399200,0.066399200,1
'2026-08-22 08:28:01.702414100,0.066414100,0
'2026-08-22 08:28:01.702425200,0.066425200,1
'2026-08-22 08:28:01.702439800,0.066439800,0
'2026-08-22 08:28:01.702451300,0.066451300,1
'2026-08-22 08:28:01.702466000,0.066466000,0
'2026-08-22 08:28:01.702477400,0.066477400,1
'2026-08-22 08:28:01.702492000,0.066492000,0
'2026-08-22 08:28:01.702503500,0.066503500,1
'2026-08-22 08:28:01.702518100,0.066518100,0
'2026-08-22 08:28:01.702529500,0.066529500,1
'2026-08-22 08:28:01.702544300,0.066544300,0
'2026-08-22 08:28:01.702555600,0.066555600,1
'2026-08-22 08:28:01.702570100,0.066570100,0
'2026-08-22 08:28:01.702576500,0.066576500,1
'2026-08-22 08:28:01.702576600,0.066576600,0
'2026-08-22 08:28:01.702581700,0.066581700,1
'2026-08-22 08:28:01.702596400,0.066596400,0
'2026-08-22 08:28:01.702607800,0.066607800,1
'2026-08-22 08:28:01.703847400,0.067847400,0
'2026-08-22 08:28:01.703858900,0.067858900,1
'2026-08-22 08:28:01.703873600,0.067873600,0
'2026-08-22 08:28:01.703885000,0.067885000,1
'2026-08-22 08:28:01.703899500,0.067899500,0
'2026-08-22 08:28:01.703911100,0.067911100,1
'2026-08-22 08:28:01.703925700,0.067925700,0
'2026-08-22 08:28:01.703937200,0.067937200,1
'2026-08-22 08:28:01.703951900,0.067951900,0
'2026-08-22 08:28:01.703956700,0.067956700,1
'2026-08-22 08:28:01.703956800,0.067956800,0
'2026-08-22 08:28:01.703963300,0.067963300,1
'2026-08-22 08:28:01.703977800,0.067977800,0
'2026-08-22 08:28:01.703989300,0.067989300,1
'2026-08-22 08:28:01.704004000,0.068004000,0
'2026-08-22 08:28:01.704015400,0.068015400,1
'2026-08-22 08:28:01.704030000,0.068030000,0
'2026-08-22 08:28:01.704030100,0.068030100,1
'2026-08-22 08:28:01.704030200,0.068030200,0
'2026-08-22 08:28:01.704041500,0.068041500,1
'2026-08-22 08:28:01.704056000,0.068056000,0
'2026-08-22 08:28:01.704067600,0.068067600,1
'2026-08-22 08:28:01.704082200,0.068082200,0
'2026-08-22 08:28:01.704093700,0.068093700,1
'2026-08-22 08:28:01.704108100,0.068108100,0
'2026-08-22 08:28:01.704119700,0.068119700,1
'2026-08-22 08:28:01.704134300,0.068134300,0
'2026-08-22 08:28:01.704145800,0.068145800,1
'2026-08-22 08:28:01.704160400,0.068160400,0
'2026-08-22 08:28:01.704171900,0.068171900,1
'2026-08-22 08:28:01.704186300,0.068186300,0
'2026-08-22 08:28:01.704197900,0.068197900,1
'2026-08-22 08:28:01.704212800,0.068212800,0
'2026-08-22 08:28:01.704224000,0.068224000,1
'2026-08-22 08:28:01.704238500,0.068238500,0
'2026-08-22 08:28:01.704243600,0.068243600,1
'2026-08-22 08:28:01.705448600,0.069448600,0
'2026-08-22 08:28:01.705449100,0.069449100,1
'2026-08-22 08:28:01.705463700,0.069463700,0
'2026-08-22 08:28:01.705475200,0.069475200,1
'2026-08-22 08:28:01.705489900,0.069489900,0
'2026-08-22 08:28:01.705490100,0.069490100,1
'2026-08-22 08:28:01.705490200,0.069490200,0
'2026-08-22 08:28:01.705501300,0.069501300,1
'2026-08-22 08:28:01.705515800,0.069515800,0
'2026-08-22 08:28:01.705527400,0.069527400,1
'2026-08-22 08:28:01.705542100,0.069542100,0
'2026-08-22 08:28:01.705553500,0.069553500,1
'2026-08-22 08:28:01.705567900,0.069567900,0
'2026-08-22 08:28:01.705579500,0.069579500,1
'2026-08-22 08:28:01.705594100,0.069594100,0
'2026-08-22 08:28:01.705605600,0.069605600,1
'2026-08-22 08:28:01.705620300,0.069620300,0
'2026-08-22 08:28:01.705631700,0.069631700,1
'2026-08-22 08:28:01.705646200,0.069646200,0
'2026-08-22 08:28:01.705646300,0.069646300,1
'2026-08-22 08:28:01.705646400,0.069646400,0
'2026-08-22 08:28:01.705657800,0.069657800,1
'2026-08-22 08:28:01.705672300,0.069672300,0
'2026-08-22 08:28:01.705683900,0.069683900,1
'2026-08-22 08:28:01.705698500,0.069698500,0
'2026-08-22 08:28:01.705703800,0.069703800,1
'2026-08-22 08:28:01.705703900,0.069703900,0
'2026-08-22 08:28:01.705709900,0.069709900,1
'2026-08-22 08:28:01.705724400,0.069724400,0
'2026-08-22 08:28:01.705736000,0.069736000,1
'2026-08-22 08:28:01.705750700,0.069750700,0
'2026-08-22 08:28:01.705762100,0.069762100,1
'2026-08-22 08:28:01.705776500,0.069776500,0
'2026-08-22 08:28:01.705788200,0.069788200,1
'2026-08-22 08:28:01.705802900,0.069802900,0
'2026-08-22 08:28:01.705814200,0.069814200,1
'2026-08-22 08:28:01.705828700,0.069828700,0
'2026-08-22 08:28:01.705840300,0.069840300,1
'2026-08-22 08:28:01.705855000,0.069855000,0
'2026-08-22 08:28:01.705857600,0.069857600,1
'2026-08-22 08:28:01.706272000,0.070272000,0
'2026-08-22 08:28:01.706283400,0.070283400,1
'2026-08-22 08:28:01.706297900,0.070297900,0
'2026-08-22 08:28:01.706309500,0.070309500,1
'2026-08-22 08:28:01.706324200,0.070324200,0
'2026-08-22 08:28:01.706324300,0.070324300,1
'2026-08-22 08:28:01.706324600,0.070324600,0
'2026-08-22 08:28:01.706325600,0.070325600,1
'2026-08-22 08:28:01.706325700,0.070325700,0
'2026-08-22 08:28:01.706335500,0.070335500,1
'2026-08-22 08:28:01.706349900,0.070349900,0
'2026-08-22 08:28:01.706361600,0.070361600,1
'2026-08-22 08:28:01.706376500,0.070376500,0
'2026-08-22 08:28:01.706387700,0.070387700,1
'2026-08-22 08:28:01.706402200,0.070402200,0
'2026-08-22 08:28:01.706404500,0.070404500,1
'2026-08-22 08:28:01.706404600,0.070404600,0
'2026-08-22 08:28:01.706413800,0.070413800,1
'2026-08-22 08:28:01.706428300,0.070428300,0
'2026-08-22 08:28:01.706428400,0.070428400,1
'2026-08-22 08:28:01.706428500,0.070428500,0
'2026-08-22 08:28:01.706439900,0.070439900,1
'2026-08-22 08:28:01.706454400,0.070454400,0
'2026-08-22 08:28:01.706454500,0.070454500,1
'2026-08-22 08:28:01.706454700,0.070454700,0
'2026-08-22 08:28:01.706466000,0.070466000,1
'2026-08-22 08:28:01.706480500,0.070480500,0
'2026-08-22 08:28:01.706492000,0.070492000,1
'2026-08-22 08:28:01.706506700,0.070506700,0
'2026-08-22 08:28:01.706518100,0.070518100,1
'2026-08-22 08:28:01.706532600,0.070532600,0
'2026-08-22 08:28:01.706532800,0.070532800,1
'2026-08-22 08:28:01.706532900,0.070532900,0
'2026-08-22 08:28:01.706544200,0.070544200,1
'2026-08-22 08:28:01.706558700,0.070558700,0
'2026-08-22 08:28:01.706570200,0.070570200,1
'2026-08-22 08:28:01.706584900,0.070584900,0
'2026-08-22 08:28:01.706585100,0.070585100,1
'2026-08-22 08:28:01.706585200,0.070585200,0
'2026-08-22 08:28:01.706585300,0.070585300,1
'2026-08-22 08:28:01.706585400,0.070585400,0
'2026-08-22 08:28:01.706596300,0.070596300,1
'2026-08-22 08:28:01.706610800,0.070610800,0
'2026-08-22 08:28:01.706622400,0.070622400,1
'2026-08-22 08:28:01.706637000,0.070637000,0
'2026-08-22 08:28:01.706648500,0.070648500,1
'2026-08-22 08:28:01.706663000,0.070663000,0
'2026-08-22 08:28:01.706674500,0.070674500,1
'2026-08-22 08:28:01.707106200,0.071106200,0
'2026-08-22 08:28:01.707117700,0.071117700,1
'2026-08-22 08:28:01.707132200,0.071132200,0
'2026-08-22 08:28:01.707143700,0.071143700,1
'2026-08-22 08:28:01.707158200,0.071158200,0
'2026-08-22 08:28:01.707169800,0.071169800,1
'2026-08-22 08:28:01.707184500,0.071184500,0
'2026-08-22 08:28:01.707195900,0.071195900,1
'2026-08-22 08:28:01.707210500,0.071210500,0
'2026-08-22 08:28:01.707222000,0.071222000,1
'2026-08-22 08:28:01.707236500,0.071236500,0
'2026-08-22 08:28:01.707248000,0.071248000,1
'2026-08-22 08:28:01.707262600,0.071262600,0
'2026-08-22 08:28:01.707274100,0.071274100,1
'2026-08-22 08:28:01.707288800,0.071288800,0
'2026-08-22 08:28:01.707288900,0.071288900,1
'2026-08-22 08:28:01.707289000,0.071289000,0
'2026-08-22 08:28:01.707300200,0.071300200,1
'2026-08-22 08:28:01.707314700,0.071314700,0
'2026-08-22 08:28:01.707326200,0.071326200,1
'2026-08-22 08:28:01.707341000,0.071341000,0
'2026-08-22 08:28:01.707352300,0.071352300,1
'2026-08-22 08:28:01.707366900,0.071366900,0
'2026-08-22 08:28:01.707378400,0.071378400,1
'2026-08-22 08:28:01.707393000,0.071393000,0
'2026-08-22 08:28:01.707404500,0.071404500,1
'2026-08-22 08:28:01.707419300,0.071419300,0
'2026-08-22 08:28:01.707419700,0.071419700,1
'2026-08-22 08:28:01.707419800,0.071419800,0
'2026-08-22 08:28:01.707430500,0.071430500,1
'2026-08-22 08:28:01.707445000,0.071445000,0
'2026-08-22 08:28:01.707456600,0.071456600,1
'2026-08-22 08:28:01.707471500,0.071471500,0
'2026-08-22 08:28:01.707471700,0.071471700,1
'2026-08-22 08:28:01.707471800,0.071471800,0
'2026-08-22 08:28:01.707482700,0.071482700,1
'2026-08-22 08:28:01.707497200,0.071497200,0
'2026-08-22 08:28:01.707497300,0.071497300,1
'2026-08-22 08:28:01.707497400,0.071497400,0
'2026-08-22 08:28:01.707503400,0.071503400,1
'2026-08-22 08:28:01.708722300,0.072722300,0
'2026-08-22 08:28:01.708722500,0.072722500,1
'2026-08-22 08:28:01.708722600,0.072722600,0
'2026-08-22 08:28:01.708731400,0.072731400,1
'2026-08-22 08:28:01.708731500,0.072731500,0
'2026-08-22 08:28:01.708733900,0.072733900,1
'2026-08-22 08:28:01.708748400,0.072748400,0
'2026-08-22 08:28:01.708760000,0.072760000,1
'2026-08-22 08:28:01.708774600,0.072774600,0
'2026-08-22 08:28:01.708786100,0.072786100,1
'2026-08-22 08:28:01.708800500,0.072800500,0
'2026-08-22 08:28:01.708812100,0.072812100,1
'2026-08-22 08:28:01.708826700,0.072826700,0
'2026-08-22 08:28:01.708838200,0.072838200,1
'2026-08-22 08:28:01.708852600,0.072852600,0
'2026-08-22 08:28:01.708864300,0.072864300,1
'2026-08-22 08:28:01.708878800,0.072878800,0
'2026-08-22 08:28:01.708890400,0.072890400,1
'2026-08-22 08:28:01.708905000,0.072905000,0
'2026-08-22 08:28:01.708916400,0.072916400,1
'2026-08-22 08:28:01.708931200,0.072931200,0
'2026-08-22 08:28:01.708942500,0.072942500,1
'2026-08-22 08:28:01.708957100,0.072957100,0
'2026-08-22 08:28:01.708960000,0.072960000,1
'2026-08-22 08:28:01.708960100,0.072960100,0
'2026-08-22 08:28:01.708968600,0.072968600,1
'2026-08-22 08:28:01.708983200,0.072983200,0
'2026-08-22 08:28:01.708994700,0.072994700,1
'2026-08-22 08:28:01.709009500,0.073009500,0
'2026-08-22 08:28:01.709020700,0.073020700,1
'2026-08-22 08:28:01.709035400,0.073035400,0
'2026-08-22 08:28:01.709046800,0.073046800,1
'2026-08-22 08:28:01.709061400,0.073061400,0
'2026-08-22 08:28:01.709072900,0.073072900,1
'2026-08-22 08:28:01.709087700,0.073087700,0
'2026-08-22 08:28:01.709089300,0.073089300,1
'2026-08-22 08:28:01.709089400,0.073089400,0
'2026-08-22 08:28:01.709099000,0.073099000,1
'2026-08-22 08:28:01.709113500,0.073113500,0
'2026-08-22 08:28:01.709125000,0.073125000,1
'2026-08-22 08:28:01.709539100,0.073539100,0
'2026-08-22 08:28:01.709542100,0.073542100,1
'2026-08-22 08:28:01.709556600,0.073556600,0
'2026-08-22 08:28:01.709568100,0.073568100,1
'2026-08-22 08:28:01.709582900,0.073582900,0
'2026-08-22 08:28:01.709594200,0.073594200,1
'2026-08-22 08:28:01.709608700,0.073608700,0
'2026-08-22 08:28:01.709620300,0.073620300,1
'2026-08-22 08:28:01.709635000,0.073635000,0
'2026-08-22 08:28:01.709646400,0.073646400,1
'2026-08-22 08:28:01.709661200,0.073661200,0
'2026-08-22 08:28:01.709672500,0.073672500,1
'2026-08-22 08:28:01.709687100,0.073687100,0
'2026-08-22 08:28:01.709687300,0.073687300,1
'2026-08-22 08:28:01.709687400,0.073687400,0
'2026-08-22 08:28:01.709698500,0.073698500,1
'2026-08-22 08:28:01.709713200,0.073713200,0
'2026-08-22 08:28:01.709724600,0.073724600,1
'2026-08-22 08:28:01.709739200,0.073739200,0
'2026-08-22 08:28:01.709739300,0.073739300,1
'2026-08-22 08:28:01.709739400,0.073739400,0
'2026-08-22 08:28:01.709740400,0.073740400,1
'2026-08-22 08:28:01.709740500,0.073740500,0
'2026-08-22 08:28:01.709750700,0.073750700,1
'2026-08-22 08:28:01.709765400,0.073765400,0
'2026-08-22 08:28:01.709776800,0.073776800,1
'2026-08-22 08:28:01.709791400,0.073791400,0
'2026-08-22 08:28:01.709802800,0.073802800,1
'2026-08-22 08:28:01.709817300,0.073817300,0
'2026-08-22 08:28:01.709828900,0.073828900,1
'2026-08-22 08:28:01.709843600,0.073843600,0
'2026-08-22 08:28:01.709843700,0.073843700,1
'2026-08-22 08:28:01.709843900,0.073843900,0
'2026-08-22 08:28:01.709855000,0.073855000,1
'2026-08-22 08:28:01.709869700,0.073869700,0
'2026-08-22 08:28:01.709881100,0.073881100,1
'2026-08-22 08:28:01.709895900,0.073895900,0
'2026-08-22 08:28:01.709907100,0.073907100,1
'2026-08-22 08:28:01.709921900,0.073921900,0
'2026-08-22 08:28:01.709933200,0.073933200,1
'2026-08-22 08:28:01.709947900,0.073947900,0
'2026-08-22 08:28:01.709948200,0.073948200,1
'2026-08-22 08:28:01.710365000,0.074365000,0
'2026-08-22 08:28:01.710376300,0.074376300,1
'2026-08-22 08:28:01.710390800,0.074390800,0
'2026-08-22 08:28:01.710402400,0.074402400,1
'2026-08-22 08:28:01.710417100,0.074417100,0
'2026-08-22 08:28:01.710428500,0.074428500,1
'2026-08-22 08:28:01.710443200,0.074443200,0
'2026-08-22 08:28:01.710454600,0.074454600,1
'2026-08-22 08:28:01.710469200,0.074469200,0
'2026-08-22 08:28:01.710469300,0.074469300,1
'2026-08-22 08:28:01.710469400,0.074469400,0
'2026-08-22 08:28:01.710480700,0.074480700,1
'2026-08-22 08:28:01.710495200,0.074495200,0
'2026-08-22 08:28:01.710506700,0.074506700,1
'2026-08-22 08:28:01.710521400,0.074521400,0
'2026-08-22 08:28:01.710532800,0.074532800,1
'2026-08-22 08:28:01.710547700,0.074547700,0
'2026-08-22 08:28:01.710558900,0.074558900,1
'2026-08-22 08:28:01.710573400,0.074573400,0
'2026-08-22 08:28:01.710585000,0.074585000,1
'2026-08-22 08:28:01.710599700,0.074599700,0
'2026-08-22 08:28:01.710611000,0.074611000,1
'2026-08-22 08:28:01.710625700,0.074625700,0
'2026-08-22 08:28:01.710630500,0.074630500,1
'2026-08-22 08:28:01.710630600,0.074630600,0
'2026-08-22 08:28:01.710637100,0.074637100,1
'2026-08-22 08:28:01.710651600,0.074651600,0
'2026-08-22 08:28:01.710663200,0.074663200,1
'2026-08-22 08:28:01.710678000,0.074678000,0
'2026-08-22 08:28:01.710689200,0.074689200,1
'2026-08-22 08:28:01.710703700,0.074703700,0
'2026-08-22 08:28:01.710715300,0.074715300,1
'2026-08-22 08:28:01.710730000,0.074730000,0
'2026-08-22 08:28:01.710730300,0.074730300,1
'2026-08-22 08:28:01.710730400,0.074730400,0
'2026-08-22 08:28:01.710741400,0.074741400,1
'2026-08-22 08:28:01.710756000,0.074756000,0
'2026-08-22 08:28:01.710767500,0.074767500,1
'2026-08-22 08:28:01.711198900,0.075198900,0
'2026-08-22 08:28:01.711210600,0.075210600,1
'2026-08-22 08:28:01.711225200,0.075225200,0
'2026-08-22 08:28:01.711236600,0.075236600,1
'2026-08-22 08:28:01.711251400,0.075251400,0
'2026-08-22 08:28:01.711262700,0.075262700,1
'2026-08-22 08:28:01.711277200,0.075277200,0
'2026-08-22 08:28:01.711288800,0.075288800,1
'2026-08-22 08:28:01.711303400,0.075303400,0
'2026-08-22 08:28:01.711314800,0.075314800,1
'2026-08-22 08:28:01.711329400,0.075329400,0
'2026-08-22 08:28:01.711329500,0.075329500,1
'2026-08-22 08:28:01.711329600,0.075329600,0
'2026-08-22 08:28:01.711340900,0.075340900,1
'2026-08-22 08:28:01.711355600,0.075355600,0
'2026-08-22 08:28:01.711367000,0.075367000,1
'2026-08-22 08:28:01.711381700,0.075381700,0
'2026-08-22 08:28:01.711393100,0.075393100,1
'2026-08-22 08:28:01.711407600,0.075407600,0
'2026-08-22 08:28:01.711419200,0.075419200,1
'2026-08-22 08:28:01.711433800,0.075433800,0
'2026-08-22 08:28:01.711440700,0.075440700,1
'2026-08-22 08:28:01.711440800,0.075440800,0
'2026-08-22 08:28:01.711445200,0.075445200,1
'2026-08-22 08:28:01.711459900,0.075459900,0
'2026-08-22 08:28:01.711471300,0.075471300,1
'2026-08-22 08:28:01.711485800,0.075485800,0
'2026-08-22 08:28:01.711486000,0.075486000,1
'2026-08-22 08:28:01.711486100,0.075486100,0
'2026-08-22 08:28:01.711497400,0.075497400,1
'2026-08-22 08:28:01.711512200,0.075512200,0
'2026-08-22 08:28:01.711512300,0.075512300,1
'2026-08-22 08:28:01.711512500,0.075512500,0
'2026-08-22 08:28:01.711513500,0.075513500,1
'2026-08-22 08:28:01.711513600,0.075513600,0
'2026-08-22 08:28:01.711523500,0.075523500,1
'2026-08-22 08:28:01.711538000,0.075538000,0
'2026-08-22 08:28:01.711549500,0.075549500,1
'2026-08-22 08:28:01.711564300,0.075564300,0
'2026-08-22 08:28:01.711564400,0.075564400,1
'2026-08-22 08:28:01.711564500,0.075564500,0
'2026-08-22 08:28:01.711575600,0.075575600,1
'2026-08-22 08:28:01.711590200,0.075590200,0
'2026-08-22 08:28:01.711594400,0.075594400,1
'2026-08-22 08:28:01.712008400,0.076008400,0
'2026-08-22 08:28:01.712018700,0.076018700,1
'2026-08-22 08:28:01.712033300,0.076033300,0
'2026-08-22 08:28:01.712044800,0.076044800,1
'2026-08-22 08:28:01.712059600,0.076059600,0
'2026-08-22 08:28:01.712070900,0.076070900,1
'2026-08-22 08:28:01.712085500,0.076085500,0
'2026-08-22 08:28:01.712097000,0.076097000,1
'2026-08-22 08:28:01.712111600,0.076111600,0
'2026-08-22 08:28:01.712123100,0.076123100,1
'2026-08-22 08:28:01.712137900,0.076137900,0
'2026-08-22 08:28:01.712149100,0.076149100,1
'2026-08-22 08:28:01.712163700,0.076163700,0
'2026-08-22 08:28:01.712175200,0.076175200,1
'2026-08-22 08:28:01.712189900,0.076189900,0
'2026-08-22 08:28:01.712201300,0.076201300,1
'2026-08-22 08:28:01.712216100,0.076216100,0
'2026-08-22 08:28:01.712227400,0.076227400,1
'2026-08-22 08:28:01.712241900,0.076241900,0
'2026-08-22 08:28:01.712253400,0.076253400,1
'2026-08-22 08:28:01.712268100,0.076268100,0
'2026-08-22 08:28:01.712268500,0.076268500,1
'2026-08-22 08:28:01.712268700,0.076268700,0
'2026-08-22 08:28:01.712279500,0.076279500,1
'2026-08-22 08:28:01.712294000,0.076294000,0
'2026-08-22 08:28:01.712305600,0.076305600,1
'2026-08-22 08:28:01.712320400,0.076320400,0
'2026-08-22 08:28:01.712331700,0.076331700,1
'2026-08-22 08:28:01.712346300,0.076346300,0
'2026-08-22 08:28:01.712357700,0.076357700,1
'2026-08-22 08:28:01.712372300,0.076372300,0
'2026-08-22 08:28:01.712372500,0.076372500,1
'2026-08-22 08:28:01.712372600,0.076372600,0
'2026-08-22 08:28:01.712383800,0.076383800,1
'2026-08-22 08:28:01.712398500,0.076398500,0
'2026-08-22 08:28:01.712409900,0.076409900,1
'2026-08-22 08:28:01.712841600,0.076841600,0
'2026-08-22 08:28:01.712853000,0.076853000,1
'2026-08-22 08:28:01.712867800,0.076867800,0
'2026-08-22 08:28:01.712879000,0.076879000,1
'2026-08-22 08:28:01.712893700,0.076893700,0
'2026-08-22 08:28:01.712894000,0.076894000,1
'2026-08-22 08:28:01.712894100,0.076894100,0
'2026-08-22 08:28:01.712905100,0.076905100,1
'2026-08-22 08:28:01.712919800,0.076919800,0
'2026-08-22 08:28:01.712931200,0.076931200,1
'2026-08-22 08:28:01.712945800,0.076945800,0
'2026-08-22 08:28:01.712957300,0.076957300,1
'2026-08-22 08:28:01.712971800,0.076971800,0
'2026-08-22 08:28:01.712983300,0.076983300,1
'2026-08-22 08:28:01.712998200,0.076998200,0
'2026-08-22 08:28:01.713009400,0.077009400,1
'2026-08-22 08:28:01.713024000,0.077024000,0
'2026-08-22 08:28:01.713024300,0.077024300,1
'2026-08-22 08:28:01.713024400,0.077024400,0
'2026-08-22 08:28:01.713034300,0.077034300,1
'2026-08-22 08:28:01.713034400,0.077034400,0
'2026-08-22 08:28:01.713035500,0.077035500,1
'2026-08-22 08:28:01.713050200,0.077050200,0
'2026-08-22 08:28:01.713061600,0.077061600,1
'2026-08-22 08:28:01.713076200,0.077076200,0
'2026-08-22 08:28:01.713087600,0.077087600,1
'2026-08-22 08:28:01.713102200,0.077102200,0
'2026-08-22 08:28:01.713113700,0.077113700,1
'2026-08-22 08:28:01.713128400,0.077128400,0
'2026-08-22 08:28:01.713139800,0.077139800,1
'2026-08-22 08:28:01.713154400,0.077154400,0
'2026-08-22 08:28:01.713165900,0.077165900,1
'2026-08-22 08:28:01.713180500,0.077180500,0
'2026-08-22 08:28:01.713181500,0.077181500,1
'2026-08-22 08:28:01.713181600,0.077181600,0
'2026-08-22 08:28:01.713192000,0.077192000,1
'2026-08-22 08:28:01.713206600,0.077206600,0
'2026-08-22 08:28:01.713207400,0.077207400,1
'2026-08-22 08:28:01.713207500,0.077207500,0
'2026-08-22 08:28:01.713218000,0.077218000,1
'2026-08-22 08:28:01.713232700,0.077232700,0
'2026-08-22 08:28:01.713240700,0.077240700,1
'2026-08-22 08:28:01.713654600,0.077654600,0
'2026-08-22 08:28:01.713661200,0.077661200,1
'2026-08-22 08:28:01.713675900,0.077675900,0
'2026-08-22 08:28:01.713676100,0.077676100,1
'2026-08-22 08:28:01.713676200,0.077676200,0
'2026-08-22 08:28:01.713687200,0.077687200,1
'2026-08-22 08:28:01.713701700,0.077701700,0
'2026-08-22 08:28:01.713701800,0.077701800,1
'2026-08-22 08:28:01.713701900,0.077701900,0
'2026-08-22 08:28:01.713713300,0.077713300,1
'2026-08-22 08:28:01.713728200,0.077728200,0
'2026-08-22 08:28:01.713731600,0.077731600,1
'2026-08-22 08:28:01.713731700,0.077731700,0
'2026-08-22 08:28:01.713739400,0.077739400,1
'2026-08-22 08:28:01.713754000,0.077754000,0
'2026-08-22 08:28:01.713765500,0.077765500,1
'2026-08-22 08:28:01.713780200,0.077780200,0
'2026-08-22 08:28:01.713791500,0.077791500,1
'2026-08-22 08:28:01.713806200,0.077806200,0
'2026-08-22 08:28:01.713817600,0.077817600,1
'2026-08-22 08:28:01.713832100,0.077832100,0
'2026-08-22 08:28:01.713843700,0.077843700,1
'2026-08-22 08:28:01.713858500,0.077858500,0
'2026-08-22 08:28:01.713869800,0.077869800,1
'2026-08-22 08:28:01.713884400,0.077884400,0
'2026-08-22 08:28:01.713884500,0.077884500,1
'2026-08-22 08:28:01.713884700,0.077884700,0
'2026-08-22 08:28:01.713895900,0.077895900,1
'2026-08-22 08:28:01.713910500,0.077910500,0
'2026-08-22 08:28:01.713914300,0.077914300,1
'2026-08-22 08:28:01.713914400,0.077914400,0
'2026-08-22 08:28:01.713922000,0.077922000,1
'2026-08-22 08:28:01.713936600,0.077936600,0
'2026-08-22 08:28:01.713948000,0.077948000,1
'2026-08-22 08:28:01.713962600,0.077962600,0
'2026-08-22 08:28:01.713974100,0.077974100,1
'2026-08-22 08:28:01.713988800,0.077988800,0
'2026-08-22 08:28:01.714000200,0.078000200,1
'2026-08-22 08:28:01.714015100,0.078015100,0
'2026-08-22 08:28:01.714015200,0.078015200,1
'2026-08-22 08:28:01.714015400,0.078015400,0
'2026-08-22 08:28:01.714026200,0.078026200,1
'2026-08-22 08:28:01.714040800,0.078040800,0
'2026-08-22 08:28:01.714052300,0.078052300,1
'2026-08-22 08:28:01.715275600,0.079275600,0
'2026-08-22 08:28:01.715277500,0.079277500,1
'2026-08-22 08:28:01.715292000,0.079292000,0
'2026-08-22 08:28:01.715303500,0.079303500,1
'2026-08-22 08:28:01.715318200,0.079318200,0
'2026-08-22 08:28:01.715329600,0.079329600,1
'2026-08-22 08:28:01.715344400,0.079344400,0
'2026-08-22 08:28:01.715355700,0.079355700,1
'2026-08-22 08:28:01.715370200,0.079370200,0
'2026-08-22 08:28:01.715381800,0.079381800,1
'2026-08-22 08:28:01.715396400,0.079396400,0
'2026-08-22 08:28:01.715407900,0.079407900,1
'2026-08-22 08:28:01.715422600,0.079422600,0
'2026-08-22 08:28:01.715433900,0.079433900,1
'2026-08-22 08:28:01.715448600,0.079448600,0
'2026-08-22 08:28:01.715448800,0.079448800,1
'2026-08-22 08:28:01.715448900,0.079448900,0
'2026-08-22 08:28:01.715460000,0.079460000,1
'2026-08-22 08:28:01.715474600,0.079474600,0
'2026-08-22 08:28:01.715486100,0.079486100,1
'2026-08-22 08:28:01.715500600,0.079500600,0
'2026-08-22 08:28:01.715512200,0.079512200,1
'2026-08-22 08:28:01.715526700,0.079526700,0
'2026-08-22 08:28:01.715534200,0.079534200,1
'2026-08-22 08:28:01.715534300,0.079534300,0
'2026-08-22 08:28:01.715538200,0.079538200,1
'2026-08-22 08:28:01.715552900,0.079552900,0
'2026-08-22 08:28:01.715564300,0.079564300,1
'2026-08-22 08:28:01.715578800,0.079578800,0
'2026-08-22 08:28:01.715578900,0.079578900,1
'2026-08-22 08:28:01.715579000,0.079579000,0
'2026-08-22 08:28:01.715583400,0.079583400,1
'2026-08-22 08:28:01.715583500,0.079583500,0
'2026-08-22 08:28:01.715590400,0.079590400,1
'2026-08-22 08:28:01.715605200,0.079605200,0
'2026-08-22 08:28:01.715616500,0.079616500,1
'2026-08-22 08:28:01.715631000,0.079631000,0
'2026-08-22 08:28:01.715642500,0.079642500,1
'2026-08-22 08:28:01.715657200,0.079657200,0
'2026-08-22 08:28:01.715665900,0.079665900,1
'2026-08-22 08:28:01.715666000,0.079666000,0
'2026-08-22 08:28:01.715668600,0.079668600,1
'2026-08-22 08:28:01.715683200,0.079683200,0
'2026-08-22 08:28:01.715684700,0.079684700,1
'2026-08-22 08:28:01.716889500,0.080889500,0
'2026-08-22 08:28:01.716893700,0.080893700,1
'2026-08-22 08:28:01.716908300,0.080908300,0
'2026-08-22 08:28:01.716919800,0.080919800,1
'2026-08-22 08:28:01.716934400,0.080934400,0
'2026-08-22 08:28:01.716934600,0.080934600,1
'2026-08-22 08:28:01.716934700,0.080934700,0
'2026-08-22 08:28:01.716945900,0.080945900,1
'2026-08-22 08:28:01.716960600,0.080960600,0
'2026-08-22 08:28:01.716961000,0.080961000,1
'2026-08-22 08:28:01.716961100,0.080961100,0
'2026-08-22 08:28:01.716972000,0.080972000,1
'2026-08-22 08:28:01.716986400,0.080986400,0
'2026-08-22 08:28:01.716998100,0.080998100,1
'2026-08-22 08:28:01.717013000,0.081013000,0
'2026-08-22 08:28:01.717024100,0.081024100,1
'2026-08-22 08:28:01.717038600,0.081038600,0
'2026-08-22 08:28:01.717050200,0.081050200,1
'2026-08-22 08:28:01.717064800,0.081064800,0
'2026-08-22 08:28:01.717064900,0.081064900,1
'2026-08-22 08:28:01.717065000,0.081065000,0
'2026-08-22 08:28:01.717076300,0.081076300,1
'2026-08-22 08:28:01.717090900,0.081090900,0
'2026-08-22 08:28:01.717102400,0.081102400,1
'2026-08-22 08:28:01.717117000,0.081117000,0
'2026-08-22 08:28:01.717128500,0.081128500,1
'2026-08-22 08:28:01.717143300,0.081143300,0
'2026-08-22 08:28:01.717154500,0.081154500,1
'2026-08-22 08:28:01.717169100,0.081169100,0
'2026-08-22 08:28:01.717180600,0.081180600,1
'2026-08-22 08:28:01.717195300,0.081195300,0
'2026-08-22 08:28:01.717206700,0.081206700,1
'2026-08-22 08:28:01.717221200,0.081221200,0
'2026-08-22 08:28:01.717232700,0.081232700,1
'2026-08-22 08:28:01.717247300,0.081247300,0
'2026-08-22 08:28:01.717258800,0.081258800,1
'2026-08-22 08:28:01.717273600,0.081273600,0
'2026-08-22 08:28:01.717284900,0.081284900,1
'2026-08-22 08:28:01.717716600,0.081716600,0
'2026-08-22 08:28:01.717728000,0.081728000,1
'2026-08-22 08:28:01.717742600,0.081742600,0
'2026-08-22 08:28:01.717754100,0.081754100,1
'2026-08-22 08:28:01.717768800,0.081768800,0
'2026-08-22 08:28:01.717780200,0.081780200,1
'2026-08-22 08:28:01.717794700,0.081794700,0
'2026-08-22 08:28:01.717806300,0.081806300,1
'2026-08-22 08:28:01.717820800,0.081820800,0
'2026-08-22 08:28:01.717832300,0.081832300,1
'2026-08-22 08:28:01.717846800,0.081846800,0
'2026-08-22 08:28:01.717847000,0.081847000,1
'2026-08-22 08:28:01.717847100,0.081847100,0
'2026-08-22 08:28:01.717858400,0.081858400,1
'2026-08-22 08:28:01.717873000,0.081873000,0
'2026-08-22 08:28:01.717884500,0.081884500,1
'2026-08-22 08:28:01.717899100,0.081899100,0
'2026-08-22 08:28:01.717910500,0.081910500,1
'2026-08-22 08:28:01.717925100,0.081925100,0
'2026-08-22 08:28:01.717925300,0.081925300,1
'2026-08-22 08:28:01.717925400,0.081925400,0
'2026-08-22 08:28:01.717936600,0.081936600,1
'2026-08-22 08:28:01.717951200,0.081951200,0
'2026-08-22 08:28:01.717962700,0.081962700,1
'2026-08-22 08:28:01.717977400,0.081977400,0
'2026-08-22 08:28:01.717988800,0.081988800,1
'2026-08-22 08:28:01.718003400,0.082003400,0
'2026-08-22 08:28:01.718003500,0.082003500,1
'2026-08-22 08:28:01.718003600,0.082003600,0
'2026-08-22 08:28:01.718014800,0.082014800,1
'2026-08-22 08:28:01.718029600,0.082029600,0
'2026-08-22 08:28:01.718040900,0.082040900,1
'2026-08-22 08:28:01.718055600,0.082055600,0
'2026-08-22 08:28:01.718056100,0.082056100,1
'2026-08-22 08:28:01.718056200,0.082056200,0
'2026-08-22 08:28:01.718067000,0.082067000,1
'2026-08-22 08:28:01.718081600,0.082081600,0
'2026-08-22 08:28:01.718093100,0.082093100,1
'2026-08-22 08:28:01.718107700,0.082107700,0
'2026-08-22 08:28:01.718119100,0.082119100,1
'2026-08-22 08:28:01.718535700,0.082535700,0
'2026-08-22 08:28:01.718535800,0.082535800,1
'2026-08-22 08:28:01.718535900,0.082535900,0
'2026-08-22 08:28:01.718536200,0.082536200,1
'2026-08-22 08:28:01.718551000,0.082551000,0
'2026-08-22 08:28:01.718562300,0.082562300,1
'2026-08-22 08:28:01.718576800,0.082576800,0
'2026-08-22 08:28:01.718588300,0.082588300,1
'2026-08-22 08:28:01.718603000,0.082603000,0
'2026-08-22 08:28:01.718614400,0.082614400,1
'2026-08-22 08:28:01.718629000,0.082629000,0
'2026-08-22 08:28:01.718629100,0.082629100,1
'2026-08-22 08:28:01.718629200,0.082629200,0
'2026-08-22 08:28:01.718640500,0.082640500,1
'2026-08-22 08:28:01.718655000,0.082655000,0
'2026-08-22 08:28:01.718666600,0.082666600,1
'2026-08-22 08:28:01.718681300,0.082681300,0
'2026-08-22 08:28:01.718692700,0.082692700,1
'2026-08-22 08:28:01.718707200,0.082707200,0
'2026-08-22 08:28:01.718718800,0.082718800,1
'2026-08-22 08:28:01.718733400,0.082733400,0
'2026-08-22 08:28:01.718733500,0.082733500,1
'2026-08-22 08:28:01.718733600,0.082733600,0
'2026-08-22 08:28:01.718744800,0.082744800,1
'2026-08-22 08:28:01.718759400,0.082759400,0
'2026-08-22 08:28:01.718765200,0.082765200,1
'2026-08-22 08:28:01.718765300,0.082765300,0
'2026-08-22 08:28:01.718770900,0.082770900,1
'2026-08-22 08:28:01.718785400,0.082785400,0
'2026-08-22 08:28:01.718797000,0.082797000,1
'2026-08-22 08:28:01.718811600,0.082811600,0
'2026-08-22 08:28:01.718811900,0.082811900,1
'2026-08-22 08:28:01.718812000,0.082812000,0
'2026-08-22 08:28:01.718823000,0.082823000,1
'2026-08-22 08:28:01.718837800,0.082837800,0
'2026-08-22 08:28:01.718849100,0.082849100,1
'2026-08-22 08:28:01.718863800,0.082863800,0
'2026-08-22 08:28:01.718875200,0.082875200,1
'2026-08-22 08:28:01.718889800,0.082889800,0
'2026-08-22 08:28:01.718901300,0.082901300,1
'2026-08-22 08:28:01.718916100,0.082916100,0
'2026-08-22 08:28:01.718927400,0.082927400,1
'2026-08-22 08:28:01.718942000,0.082942000,0
'2026-08-22 08:28:01.718942300,0.082942300,1
'2026-08-22 08:28:01.718942400,0.082942400,0
'2026-08-22 08:28:01.718945000,0.082945000,1
'2026-08-22 08:28:01.719359000,0.083359000,0
'2026-08-22 08:28:01.719370500,0.083370500,1
'2026-08-22 08:28:01.719385200,0.083385200,0
'2026-08-22 08:28:01.719396600,0.083396600,1
'2026-08-22 08:28:01.719411300,0.083411300,0
'2026-08-22 08:28:01.719422700,0.083422700,1
'2026-08-22 08:28:01.719437500,0.083437500,0
'2026-08-22 08:28:01.719448700,0.083448700,1
'2026-08-22 08:28:01.719463200,0.083463200,0
'2026-08-22 08:28:01.719474800,0.083474800,1
'2026-08-22 08:28:01.719489400,0.083489400,0
'2026-08-22 08:28:01.719500900,0.083500900,1
'2026-08-22 08:28:01.719515500,0.083515500,0
'2026-08-22 08:28:01.719527000,0.083527000,1
'2026-08-22 08:28:01.719541800,0.083541800,0
'2026-08-22 08:28:01.719553000,0.083553000,1
'2026-08-22 08:28:01.719567700,0.083567700,0
'2026-08-22 08:28:01.719579100,0.083579100,1
'2026-08-22 08:28:01.719593800,0.083593800,0
'2026-08-22 08:28:01.719605200,0.083605200,1
'2026-08-22 08:28:01.719619700,0.083619700,0
'2026-08-22 08:28:01.719631300,0.083631300,1
'2026-08-22 08:28:01.719646000,0.083646000,0
'2026-08-22 08:28:01.719646100,0.083646100,1
'2026-08-22 08:28:01.719646200,0.083646200,0
'2026-08-22 08:28:01.719649200,0.083649200,1
'2026-08-22 08:28:01.719649300,0.083649300,0
'2026-08-22 08:28:01.719657300,0.083657300,1
'2026-08-22 08:28:01.719672100,0.083672100,0
'2026-08-22 08:28:01.719683400,0.083683400,1
'2026-08-22 08:28:01.719698300,0.083698300,0
'2026-08-22 08:28:01.719709500,0.083709500,1
'2026-08-22 08:28:01.719724000,0.083724000,0
'2026-08-22 08:28:01.719735500,0.083735500,1
'2026-08-22 08:28:01.719750300,0.083750300,0
'2026-08-22 08:28:01.719761600,0.083761600,1
'2026-08-22 08:28:01.720193300,0.084193300,0
'2026-08-22 08:28:01.720204700,0.084204700,1
'2026-08-22 08:28:01.720219400,0.084219400,0
'2026-08-22 08:28:01.720230800,0.084230800,1
'2026-08-22 08:28:01.720245300,0.084245300,0
'2026-08-22 08:28:01.720256900,0.084256900,1
'2026-08-22 08:28:01.720271600,0.084271600,0
'2026-08-22 08:28:01.720283000,0.084283000,1
'2026-08-22 08:28:01.720297600,0.084297600,0
'2026-08-22 08:28:01.720309000,0.084309000,1
'2026-08-22 08:28:01.720323600,0.084323600,0
'2026-08-22 08:28:01.720323700,0.084323700,1
'2026-08-22 08:28:01.720323800,0.084323800,0
'2026-08-22 08:28:01.720335100,0.084335100,1
'2026-08-22 08:28:01.720349800,0.084349800,0
'2026-08-22 08:28:01.720350000,0.084350000,1
'2026-08-22 08:28:01.720350100,0.084350100,0
'2026-08-22 08:28:01.720361200,0.084361200,1
'2026-08-22 08:28:01.720375600,0.084375600,0
'2026-08-22 08:28:01.720375700,0.084375700,1
'2026-08-22 08:28:01.720375800,0.084375800,0
'2026-08-22 08:28:01.720387300,0.084387300,1
'2026-08-22 08:28:01.720402100,0.084402100,0
'2026-08-22 08:28:01.720413300,0.084413300,1
'2026-08-22 08:28:01.720427900,0.084427900,0
'2026-08-22 08:28:01.720439400,0.084439400,1
'2026-08-22 08:28:01.720454200,0.084454200,0
'2026-08-22 08:28:01.720465500,0.084465500,1
'2026-08-22 08:28:01.720480100,0.084480100,0
'2026-08-22 08:28:01.720491600,0.084491600,1
'2026-08-22 08:28:01.720506200,0.084506200,0
'2026-08-22 08:28:01.720517600,0.084517600,1
'2026-08-22 08:28:01.720532400,0.084532400,0
'2026-08-22 08:28:01.720543700,0.084543700,1
'2026-08-22 08:28:01.720558200,0.084558200,0
'2026-08-22 08:28:01.720569800,0.084569800,1
'2026-08-22 08:28:01.720584500,0.084584500,0
'2026-08-22 08:28:01.720591300,0.084591300,1
'2026-08-22 08:28:01.721005600,0.085005600,0
'2026-08-22 08:28:01.721012900,0.085012900,1
'2026-08-22 08:28:01.721027700,0.085027700,0
'2026-08-22 08:28:01.721039000,0.085039000,1
'2026-08-22 08:28:01.721053600,0.085053600,0
'2026-08-22 08:28:01.721065100,0.085065100,1
'2026-08-22 08:28:01.721079800,0.085079800,0
'2026-08-22 08:28:01.721091100,0.085091100,1
'2026-08-22 08:28:01.721105900,0.085105900,0
'2026-08-22 08:28:01.721111600,0.085111600,1
'2026-08-22 08:28:01.721111700,0.085111700,0
'2026-08-22 08:28:01.721117200,0.085117200,1
'2026-08-22 08:28:01.721131800,0.085131800,0
'2026-08-22 08:28:01.721132300,0.085132300,1
'2026-08-22 08:28:01.721132400,0.085132400,0
'2026-08-22 08:28:01.721143300,0.085143300,1
'2026-08-22 08:28:01.721158100,0.085158100,0
'2026-08-22 08:28:01.721158300,0.085158300,1
'2026-08-22 08:28:01.721158400,0.085158400,0
'2026-08-22 08:28:01.721169400,0.085169400,1
'2026-08-22 08:28:01.721184100,0.085184100,0
'2026-08-22 08:28:01.721195500,0.085195500,1
'2026-08-22 08:28:01.721210000,0.085210000,0
'2026-08-22 08:28:01.721221500,0.085221500,1
'2026-08-22 08:28:01.721236200,0.085236200,0
'2026-08-22 08:28:01.721236500,0.085236500,1
'2026-08-22 08:28:01.721236600,0.085236600,0
'2026-08-22 08:28:01.721243800,0.085243800,1
'2026-08-22 08:28:01.721243900,0.085243900,0
'2026-08-22 08:28:01.721247600,0.085247600,1
'2026-08-22 08:28:01.721262300,0.085262300,0
'2026-08-22 08:28:01.721273700,0.085273700,1
'2026-08-22 08:28:01.721288400,0.085288400,0
'2026-08-22 08:28:01.721288500,0.085288500,1
'2026-08-22 08:28:01.721288700,0.085288700,0
'2026-08-22 08:28:01.721299700,0.085299700,1
'2026-08-22 08:28:01.721314300,0.085314300,0
'2026-08-22 08:28:01.721325800,0.085325800,1
'2026-08-22 08:28:01.721340400,0.085340400,0
'2026-08-22 08:28:01.721340500,0.085340500,1
'2026-08-22 08:28:01.721340600,0.085340600,0
'2026-08-22 08:28:01.721351900,0.085351900,1
'2026-08-22 08:28:01.721366500,0.085366500,0
'2026-08-22 08:28:01.721378000,0.085378000,1
'2026-08-22 08:28:01.721392600,0.085392600,0
'2026-08-22 08:28:01.721404000,0.085404000,1
'2026-08-22 08:28:01.721836000,0.085836000,0
'2026-08-22 08:28:01.721847200,0.085847200,1
'2026-08-22 08:28:01.721862000,0.085862000,0
'2026-08-22 08:28:01.721873200,0.085873200,1
'2026-08-22 08:28:01.721887900,0.085887900,0
'2026-08-22 08:28:01.721899300,0.085899300,1
'2026-08-22 08:28:01.721914100,0.085914100,0
'2026-08-22 08:28:01.721921800,0.085921800,1
'2026-08-22 08:28:01.721921900,0.085921900,0
'2026-08-22 08:28:01.721925400,0.085925400,1
'2026-08-22 08:28:01.721940300,0.085940300,0
'2026-08-22 08:28:01.721951500,0.085951500,1
'2026-08-22 08:28:01.721966100,0.085966100,0
'2026-08-22 08:28:01.721977500,0.085977500,1
'2026-08-22 08:28:01.721992400,0.085992400,0
'2026-08-22 08:28:01.722003500,0.086003500,1
'2026-08-22 08:28:01.722018200,0.086018200,0
'2026-08-22 08:28:01.722029700,0.086029700,1
'2026-08-22 08:28:01.722044400,0.086044400,0
'2026-08-22 08:28:01.722055800,0.086055800,1
'2026-08-22 08:28:01.722070400,0.086070400,0
'2026-08-22 08:28:01.722070500,0.086070500,1
'2026-08-22 08:28:01.722070700,0.086070700,0
'2026-08-22 08:28:01.722081800,0.086081800,1
'2026-08-22 08:28:01.722096400,0.086096400,0
'2026-08-22 08:28:01.722107900,0.086107900,1
'2026-08-22 08:28:01.722122700,0.086122700,0
'2026-08-22 08:28:01.722134000,0.086134000,1
'2026-08-22 08:28:01.722148600,0.086148600,0
'2026-08-22 08:28:01.722160100,0.086160100,1
'2026-08-22 08:28:01.722174600,0.086174600,0
'2026-08-22 08:28:01.722182000,0.086182000,1
'2026-08-22 08:28:01.722182100,0.086182100,0
'2026-08-22 08:28:01.722186100,0.086186100,1
'2026-08-22 08:28:01.722201000,0.086201000,0
'2026-08-22 08:28:01.722201100,0.086201100,1
'2026-08-22 08:28:01.722201200,0.086201200,0
'2026-08-22 08:28:01.722212200,0.086212200,1
'2026-08-22 08:28:01.722226800,0.086226800,0
'2026-08-22 08:28:01.722237500,0.086237500,1
'2026-08-22 08:28:01.722670000,0.086670000,0
'2026-08-22 08:28:01.722681400,0.086681400,1
'2026-08-22 08:28:01.722696200,0.086696200,0
'2026-08-22 08:28:01.722707500,0.086707500,1
'2026-08-22 08:28:01.722722100,0.086722100,0
'2026-08-22 08:28:01.722733600,0.086733600,1
'2026-08-22 08:28:01.722748300,0.086748300,0
'2026-08-22 08:28:01.722759600,0.086759600,1
'2026-08-22 08:28:01.722774200,0.086774200,0
'2026-08-22 08:28:01.722774300,0.086774300,1
'2026-08-22 08:28:01.722774500,0.086774500,0
'2026-08-22 08:28:01.722785700,0.086785700,1
'2026-08-22 08:28:01.722800300,0.086800300,0
'2026-08-22 08:28:01.722811800,0.086811800,1
'2026-08-22 08:28:01.722826500,0.086826500,0
'2026-08-22 08:28:01.722837900,0.086837900,1
'2026-08-22 08:28:01.722852400,0.086852400,0
'2026-08-22 08:28:01.722863900,0.086863900,1
'2026-08-22 08:28:01.722878800,0.086878800,0
'2026-08-22 08:28:01.722878900,0.086878900,1
'2026-08-22 08:28:01.722879000,0.086879000,0
'2026-08-22 08:28:01.722890000,0.086890000,1
'2026-08-22 08:28:01.722904700,0.086904700,0
'2026-08-22 08:28:01.722915800,0.086915800,1
'2026-08-22 08:28:01.722915900,0.086915900,0
'2026-08-22 08:28:01.722916100,0.086916100,1
'2026-08-22 08:28:01.722930800,0.086930800,0
'2026-08-22 08:28:01.722930900,0.086930900,1
'2026-08-22 08:28:01.722931000,0.086931000,0
'2026-08-22 08:28:01.722942200,0.086942200,1
'2026-08-22 08:28:01.722956800,0.086956800,0
'2026-08-22 08:28:01.722968200,0.086968200,1
'2026-08-22 08:28:01.722983000,0.086983000,0
'2026-08-22 08:28:01.722994300,0.086994300,1
'2026-08-22 08:28:01.723009000,0.087009000,0
'2026-08-22 08:28:01.723009200,0.087009200,1
'2026-08-22 08:28:01.723009300,0.087009300,0
'2026-08-22 08:28:01.723020400,0.087020400,1
'2026-08-22 08:28:01.723035000,0.087035000,0
'2026-08-22 08:28:01.723046500,0.087046500,1
'2026-08-22 08:28:01.723482500,0.087482500,0
'2026-08-22 08:28:01.723489600,0.087489600,1
'2026-08-22 08:28:01.723504100,0.087504100,0
'2026-08-22 08:28:01.723515700,0.087515700,1
'2026-08-22 08:28:01.723530400,0.087530400,0
'2026-08-22 08:28:01.723532900,0.087532900,1
'2026-08-22 08:28:01.723533000,0.087533000,0
'2026-08-22 08:28:01.723541700,0.087541700,1
'2026-08-22 08:28:01.723556200,0.087556200,0
'2026-08-22 08:28:01.723567800,0.087567800,1
'2026-08-22 08:28:01.723582500,0.087582500,0
'2026-08-22 08:28:01.723593900,0.087593900,1
'2026-08-22 08:28:01.723608400,0.087608400,0
'2026-08-22 08:28:01.723608500,0.087608500,1
'2026-08-22 08:28:01.723608600,0.087608600,0
'2026-08-22 08:28:01.723620000,0.087620000,1
'2026-08-22 08:28:01.723634600,0.087634600,0
'2026-08-22 08:28:01.723634700,0.087634700,1
'2026-08-22 08:28:01.723634900,0.087634900,0
'2026-08-22 08:28:01.723646000,0.087646000,1
'2026-08-22 08:28:01.723660700,0.087660700,0
'2026-08-22 08:28:01.723672100,0.087672100,1
'2026-08-22 08:28:01.723686900,0.087686900,0
'2026-08-22 08:28:01.723698200,0.087698200,1
'2026-08-22 08:28:01.723712800,0.087712800,0
'2026-08-22 08:28:01.723724300,0.087724300,1
'2026-08-22 08:28:01.723738900,0.087738900,0
'2026-08-22 08:28:01.723750400,0.087750400,1
'2026-08-22 08:28:01.723765100,0.087765100,0
'2026-08-22 08:28:01.723776400,0.087776400,1
'2026-08-22 08:28:01.723791000,0.087791000,0
'2026-08-22 08:28:01.723802500,0.087802500,1
'2026-08-22 08:28:01.723817100,0.087817100,0
'2026-08-22 08:28:01.723828600,0.087828600,1
'2026-08-22 08:28:01.723843400,0.087843400,0
'2026-08-22 08:28:01.723854700,0.087854700,1
'2026-08-22 08:28:01.723869200,0.087869200,0
'2026-08-22 08:28:01.723880700,0.087880700,1
'2026-08-22 08:28:01.724312500,0.088312500,0
'2026-08-22 08:28:01.724312600,0.088312600,1
'2026-08-22 08:28:01.724312700,0.088312700,0
'2026-08-22 08:28:01.724323900,0.088323900,1
'2026-08-22 08:28:01.724338400,0.088338400,0
'2026-08-22 08:28:01.724350000,0.088350000,1
'2026-08-22 08:28:01.724364900,0.088364900,0
'2026-08-22 08:28:01.724372300,0.088372300,1
'2026-08-22 08:28:01.724372400,0.088372400,0
'2026-08-22 08:28:01.724376000,0.088376000,1
'2026-08-22 08:28:01.724390500,0.088390500,0
'2026-08-22 08:28:01.724402100,0.088402100,1
'2026-08-22 08:28:01.724416700,0.088416700,0
'2026-08-22 08:28:01.724428200,0.088428200,1
'2026-08-22 08:28:01.724443000,0.088443000,0
'2026-08-22 08:28:01.724454300,0.088454300,1
'2026-08-22 08:28:01.724468800,0.088468800,0
'2026-08-22 08:28:01.724480300,0.088480300,1
'2026-08-22 08:28:01.724495000,0.088495000,0
'2026-08-22 08:28:01.724506400,0.088506400,1
'2026-08-22 08:28:01.724520900,0.088520900,0
'2026-08-22 08:28:01.724532500,0.088532500,1
'2026-08-22 08:28:01.724547200,0.088547200,0
'2026-08-22 08:28:01.724558600,0.088558600,1
'2026-08-22 08:28:01.724573200,0.088573200,0
'2026-08-22 08:28:01.724584600,0.088584600,1
'2026-08-22 08:28:01.724599200,0.088599200,0
'2026-08-22 08:28:01.724599300,0.088599300,1
'2026-08-22 08:28:01.724599400,0.088599400,0
'2026-08-22 08:28:01.724610700,0.088610700,1
'2026-08-22 08:28:01.724625400,0.088625400,0
'2026-08-22 08:28:01.724625500,0.088625500,1
'2026-08-22 08:28:01.724625800,0.088625800,0
'2026-08-22 08:28:01.724636800,0.088636800,1
'2026-08-22 08:28:01.724651400,0.088651400,0
'2026-08-22 08:28:01.724662900,0.088662900,1
'2026-08-22 08:28:01.724677700,0.088677700,0
'2026-08-22 08:28:01.724688900,0.088688900,1
'2026-08-22 08:28:01.724703500,0.088703500,0
'2026-08-22 08:28:01.724714700,0.088714700,1
'2026-08-22 08:28:01.725128600,0.089128600,0
'2026-08-22 08:28:01.725132100,0.089132100,1
'2026-08-22 08:28:01.725146800,0.089146800,0
'2026-08-22 08:28:01.725155800,0.089155800,1
'2026-08-22 08:28:01.725155900,0.089155900,0
'2026-08-22 08:28:01.725158100,0.089158100,1
'2026-08-22 08:28:01.725172500,0.089172500,0
'2026-08-22 08:28:01.725184200,0.089184200,1
'2026-08-22 08:28:01.725198900,0.089198900,0
'2026-08-22 08:28:01.725210300,0.089210300,1
'2026-08-22 08:28:01.725224900,0.089224900,0
'2026-08-22 08:28:01.725236400,0.089236400,1
'2026-08-22 08:28:01.725250900,0.089250900,0
'2026-08-22 08:28:01.725262500,0.089262500,1
'2026-08-22 08:28:01.725277000,0.089277000,0
'2026-08-22 08:28:01.725288500,0.089288500,1
'2026-08-22 08:28:01.725303000,0.089303000,0
'2026-08-22 08:28:01.725314600,0.089314600,1
'2026-08-22 08:28:01.725329500,0.089329500,0
'2026-08-22 08:28:01.725340700,0.089340700,1
'2026-08-22 08:28:01.725355300,0.089355300,0
'2026-08-22 08:28:01.725366800,0.089366800,1
'2026-08-22 08:28:01.725381500,0.089381500,0
'2026-08-22 08:28:01.725392800,0.089392800,1
'2026-08-22 08:28:01.725407400,0.089407400,0
'2026-08-22 08:28:01.725418900,0.089418900,1
'2026-08-22 08:28:01.725433600,0.089433600,0
'2026-08-22 08:28:01.725445000,0.089445000,1
'2026-08-22 08:28:01.725459900,0.089459900,0
'2026-08-22 08:28:01.725471000,0.089471000,1
'2026-08-22 08:28:01.725485700,0.089485700,0
'2026-08-22 08:28:01.725485800,0.089485800,1
'2026-08-22 08:28:01.725485900,0.089485900,0
'2026-08-22 08:28:01.725497100,0.089497100,1
'2026-08-22 08:28:01.725511800,0.089511800,0
'2026-08-22 08:28:01.725523200,0.089523200,1
'2026-08-22 08:28:01.725954800,0.089954800,0
'2026-08-22 08:28:01.725954900,0.089954900,1
'2026-08-22 08:28:01.725955000,0.089955000,0
'2026-08-22 08:28:01.725966300,0.089966300,1
'2026-08-22 08:28:01.725981000,0.089981000,0
'2026-08-22 08:28:01.725992400,0.089992400,1
'2026-08-22 08:28:01.726007000,0.090007000,0
'2026-08-22 08:28:01.726018500,0.090018500,1
'2026-08-22 08:28:01.726033000,0.090033000,0
'2026-08-22 08:28:01.726033100,0.090033100,1
'2026-08-22 08:28:01.726033200,0.090033200,0
'2026-08-22 08:28:01.726044500,0.090044500,1
'2026-08-22 08:28:01.726059100,0.090059100,0
'2026-08-22 08:28:01.726070600,0.090070600,1
'2026-08-22 08:28:01.726085400,0.090085400,0
'2026-08-22 08:28:01.726096700,0.090096700,1
'2026-08-22 08:28:01.726111200,0.090111200,0
'2026-08-22 08:28:01.726111300,0.090111300,1
'2026-08-22 08:28:01.726111400,0.090111400,0
'2026-08-22 08:28:01.726111500,0.090111500,1
'2026-08-22 08:28:01.726111600,0.090111600,0
'2026-08-22 08:28:01.726122800,0.090122800,1
'2026-08-22 08:28:01.726137300,0.090137300,0
'2026-08-22 08:28:01.726148800,0.090148800,1
'2026-08-22 08:28:01.726163600,0.090163600,0
'2026-08-22 08:28:01.726174900,0.090174900,1
'2026-08-22 08:28:01.726189400,0.090189400,0
'2026-08-22 08:28:01.726201000,0.090201000,1
'2026-08-22 08:28:01.726215800,0.090215800,0
'2026-08-22 08:28:01.726227100,0.090227100,1
'2026-08-22 08:28:01.726241800,0.090241800,0
'2026-08-22 08:28:01.726253100,0.090253100,1
'2026-08-22 08:28:01.726267600,0.090267600,0
'2026-08-22 08:28:01.726279200,0.090279200,1
'2026-08-22 08:28:01.726293900,0.090293900,0
'2026-08-22 08:28:01.726294300,0.090294300,1
'2026-08-22 08:28:01.726294400,0.090294400,0
'2026-08-22 08:28:01.726305300,0.090305300,1
'2026-08-22 08:28:01.726319800,0.090319800,0
'2026-08-22 08:28:01.726331400,0.090331400,1
'2026-08-22 08:28:01.726346100,0.090346100,0
'2026-08-22 08:28:01.726357400,0.090357400,1
'2026-08-22 08:28:01.726789100,0.090789100,0
'2026-08-22 08:28:01.726800500,0.090800500,1
'2026-08-22 08:28:01.726815200,0.090815200,0
'2026-08-22 08:28:01.726826600,0.090826600,1
'2026-08-22 08:28:01.726841200,0.090841200,0
'2026-08-22 08:28:01.726852700,0.090852700,1
'2026-08-22 08:28:01.726867400,0.090867400,0
'2026-08-22 08:28:01.726868300,0.090868300,1
'2026-08-22 08:28:01.726868400,0.090868400,0
'2026-08-22 08:28:01.726878800,0.090878800,1
'2026-08-22 08:28:01.726893300,0.090893300,0
'2026-08-22 08:28:01.726904800,0.090904800,1
'2026-08-22 08:28:01.726919400,0.090919400,0
'2026-08-22 08:28:01.726930900,0.090930900,1
'2026-08-22 08:28:01.726945800,0.090945800,0
'2026-08-22 08:28:01.726957000,0.090957000,1
'2026-08-22 08:28:01.726971500,0.090971500,0
'2026-08-22 08:28:01.726983100,0.090983100,1
'2026-08-22 08:28:01.726997800,0.090997800,0
'2026-08-22 08:28:01.726998000,0.090998000,1
'2026-08-22 08:28:01.726998100,0.090998100,0
'2026-08-22 08:28:01.727009100,0.091009100,1
'2026-08-22 08:28:01.727023800,0.091023800,0
'2026-08-22 08:28:01.727035200,0.091035200,1
'2026-08-22 08:28:01.727049800,0.091049800,0
'2026-08-22 08:28:01.727050000,0.091050000,1
'2026-08-22 08:28:01.727050100,0.091050100,0
'2026-08-22 08:28:01.727061300,0.091061300,1
'2026-08-22 08:28:01.727076000,0.091076000,0
'2026-08-22 08:28:01.727087400,0.091087400,1
'2026-08-22 08:28:01.727101900,0.091101900,0
'2026-08-22 08:28:01.727102000,0.091102000,1
'2026-08-22 08:28:01.727102100,0.091102100,0
'2026-08-22 08:28:01.727113400,0.091113400,1
'2026-08-22 08:28:01.727128100,0.091128100,0
'2026-08-22 08:28:01.727128300,0.091128300,1
'2026-08-22 08:28:01.727128400,0.091128400,0
'2026-08-22 08:28:01.727139500,0.091139500,1
'2026-08-22 08:28:01.727154100,0.091154100,0
'2026-08-22 08:28:01.727165600,0.091165600,1
'2026-08-22 08:28:01.727180400,0.091180400,0
'2026-08-22 08:28:01.727184000,0.091184000,1
'2026-08-22 08:28:01.727598100,0.091598100,0
'2026-08-22 08:28:01.727608700,0.091608700,1
'2026-08-22 08:28:01.727623200,0.091623200,0
'2026-08-22 08:28:01.727634800,0.091634800,1
'2026-08-22 08:28:01.727649400,0.091649400,0
'2026-08-22 08:28:01.727649500,0.091649500,1
'2026-08-22 08:28:01.727649600,0.091649600,0
'2026-08-22 08:28:01.727650500,0.091650500,1
'2026-08-22 08:28:01.727650600,0.091650600,0
'2026-08-22 08:28:01.727660800,0.091660800,1
'2026-08-22 08:28:01.727675300,0.091675300,0
'2026-08-22 08:28:01.727686900,0.091686900,1
'2026-08-22 08:28:01.727702000,0.091702000,0
'2026-08-22 08:28:01.727713000,0.091713000,1
'2026-08-22 08:28:01.727727600,0.091727600,0
'2026-08-22 08:28:01.727739100,0.091739100,1
'2026-08-22 08:28:01.727753400,0.091753400,0
'2026-08-22 08:28:01.727753500,0.091753500,1
'2026-08-22 08:28:01.727753900,0.091753900,0
'2026-08-22 08:28:01.727765100,0.091765100,1
'2026-08-22 08:28:01.727779900,0.091779900,0
'2026-08-22 08:28:01.727791200,0.091791200,1
'2026-08-22 08:28:01.727805900,0.091805900,0
'2026-08-22 08:28:01.727817300,0.091817300,1
'2026-08-22 08:28:01.727832100,0.091832100,0
'2026-08-22 08:28:01.727833100,0.091833100,1
'2026-08-22 08:28:01.727833200,0.091833200,0
'2026-08-22 08:28:01.727841900,0.091841900,1
'2026-08-22 08:28:01.727842000,0.091842000,0
'2026-08-22 08:28:01.727843400,0.091843400,1
'2026-08-22 08:28:01.727858000,0.091858000,0
'2026-08-22 08:28:01.727869400,0.091869400,1
'2026-08-22 08:28:01.727884100,0.091884100,0
'2026-08-22 08:28:01.727895500,0.091895500,1
'2026-08-22 08:28:01.727910100,0.091910100,0
'2026-08-22 08:28:01.727910300,0.091910300,1
'2026-08-22 08:28:01.727910400,0.091910400,0
'2026-08-22 08:28:01.727921600,0.091921600,1
'2026-08-22 08:28:01.727936400,0.091936400,0
'2026-08-22 08:28:01.727947700,0.091947700,1
'2026-08-22 08:28:01.727962400,0.091962400,0
'2026-08-22 08:28:01.727973700,0.091973700,1
'2026-08-22 08:28:01.727988400,0.091988400,0
'2026-08-22 08:28:01.727988500,0.091988500,1
'2026-08-22 08:28:01.727988600,0.091988600,0
'2026-08-22 08:28:01.727999800,0.091999800,1
'2026-08-22 08:28:01.728431300,0.092431300,0
'2026-08-22 08:28:01.728442900,0.092442900,1
'2026-08-22 08:28:01.728457600,0.092457600,0
'2026-08-22 08:28:01.728469000,0.092469000,1
'2026-08-22 08:28:01.728483500,0.092483500,0
'2026-08-22 08:28:01.728483600,0.092483600,1
'2026-08-22 08:28:01.728483800,0.092483800,0
'2026-08-22 08:28:01.728495100,0.092495100,1
'2026-08-22 08:28:01.728509600,0.092509600,0
'2026-08-22 08:28:01.728521100,0.092521100,1
'2026-08-22 08:28:01.728535900,0.092535900,0
'2026-08-22 08:28:01.728540700,0.092540700,1
'2026-08-22 08:28:01.728540800,0.092540800,0
'2026-08-22 08:28:01.728547200,0.092547200,1
'2026-08-22 08:28:01.728561700,0.092561700,0
'2026-08-22 08:28:01.728573300,0.092573300,1
'2026-08-22 08:28:01.728588000,0.092588000,0
'2026-08-22 08:28:01.728599400,0.092599400,1
'2026-08-22 08:28:01.728614000,0.092614000,0
'2026-08-22 08:28:01.728625400,0.092625400,1
'2026-08-22 08:28:01.728640000,0.092640000,0
'2026-08-22 08:28:01.728651500,0.092651500,1
'2026-08-22 08:28:01.728666200,0.092666200,0
'2026-08-22 08:28:01.728677600,0.092677600,1
'2026-08-22 08:28:01.728692300,0.092692300,0
'2026-08-22 08:28:01.728696300,0.092696300,1
'2026-08-22 08:28:01.728696400,0.092696400,0
'2026-08-22 08:28:01.728703700,0.092703700,1
'2026-08-22 08:28:01.728718200,0.092718200,0
'2026-08-22 08:28:01.728729700,0.092729700,1
'2026-08-22 08:28:01.728744600,0.092744600,0
'2026-08-22 08:28:01.728744800,0.092744800,1
'2026-08-22 08:28:01.728744900,0.092744900,0
'2026-08-22 08:28:01.728755800,0.092755800,1
'2026-08-22 08:28:01.728770300,0.092770300,0
'2026-08-22 08:28:01.728781900,0.092781900,1
'2026-08-22 08:28:01.728796700,0.092796700,0
'2026-08-22 08:28:01.728808000,0.092808000,1
'2026-08-22 08:28:01.728822600,0.092822600,0
'2026-08-22 08:28:01.728830200,0.092830200,1
'2026-08-22 08:28:01.729244100,0.093244100,0
'2026-08-22 08:28:01.729244200,0.093244200,1
'2026-08-22 08:28:01.729244300,0.093244300,0
'2026-08-22 08:28:01.729251100,0.093251100,1
'2026-08-22 08:28:01.729265700,0.093265700,0
'2026-08-22 08:28:01.729277200,0.093277200,1
'2026-08-22 08:28:01.729291900,0.093291900,0
'2026-08-22 08:28:01.729303300,0.093303300,1
'2026-08-22 08:28:01.729318000,0.093318000,0
'2026-08-22 08:28:01.729329300,0.093329300,1
'2026-08-22 08:28:01.729344000,0.093344000,0
'2026-08-22 08:28:01.729355400,0.093355400,1
'2026-08-22 08:28:01.729370100,0.093370100,0
'2026-08-22 08:28:01.729381500,0.093381500,1
'2026-08-22 08:28:01.729396200,0.093396200,0
'2026-08-22 08:28:01.729407600,0.093407600,1
'2026-08-22 08:28:01.729422200,0.093422200,0
'2026-08-22 08:28:01.729433600,0.093433600,1
'2026-08-22 08:28:01.729448200,0.093448200,0
'2026-08-22 08:28:01.729459700,0.093459700,1
'2026-08-22 08:28:01.729474200,0.093474200,0
'2026-08-22 08:28:01.729485800,0.093485800,1
'2026-08-22 08:28:01.729500800,0.093500800,0
'2026-08-22 08:28:01.729500900,0.093500900,1
'2026-08-22 08:28:01.729501000,0.093501000,0
'2026-08-22 08:28:01.729501300,0.093501300,1
'2026-08-22 08:28:01.729501400,0.093501400,0
'2026-08-22 08:28:01.729511900,0.093511900,1
'2026-08-22 08:28:01.729526400,0.093526400,0
'2026-08-22 08:28:01.729538000,0.093538000,1
'2026-08-22 08:28:01.729552600,0.093552600,0
'2026-08-22 08:28:01.729552700,0.093552700,1
'2026-08-22 08:28:01.729552800,0.093552800,0
'2026-08-22 08:28:01.729564000,0.093564000,1
'2026-08-22 08:28:01.729578600,0.093578600,0
'2026-08-22 08:28:01.729590100,0.093590100,1
'2026-08-22 08:28:01.729604800,0.093604800,0
'2026-08-22 08:28:01.729616200,0.093616200,1
'2026-08-22 08:28:01.729630700,0.093630700,0
'2026-08-22 08:28:01.729630800,0.093630800,1
'2026-08-22 08:28:01.729631000,0.093631000,0
'2026-08-22 08:28:01.729642300,0.093642300,1
'2026-08-22 08:28:01.730074000,0.094074000,0
'2026-08-22 08:28:01.730085400,0.094085400,1
'2026-08-22 08:28:01.730099800,0.094099800,0
'2026-08-22 08:28:01.730111500,0.094111500,1
'2026-08-22 08:28:01.730126200,0.094126200,0
'2026-08-22 08:28:01.730126500,0.094126500,1
'2026-08-22 08:28:01.730126600,0.094126600,0
'2026-08-22 08:28:01.730137500,0.094137500,1
'2026-08-22 08:28:01.730152000,0.094152000,0
'2026-08-22 08:28:01.730152100,0.094152100,1
'2026-08-22 08:28:01.730152200,0.094152200,0
'2026-08-22 08:28:01.730163600,0.094163600,1
'2026-08-22 08:28:01.730178500,0.094178500,0
'2026-08-22 08:28:01.730189700,0.094189700,1
'2026-08-22 08:28:01.730204400,0.094204400,0
'2026-08-22 08:28:01.730204700,0.094204700,1
'2026-08-22 08:28:01.730204800,0.094204800,0
'2026-08-22 08:28:01.730215800,0.094215800,1
'2026-08-22 08:28:01.730230300,0.094230300,0
'2026-08-22 08:28:01.730241900,0.094241900,1
'2026-08-22 08:28:01.730256500,0.094256500,0
'2026-08-22 08:28:01.730256600,0.094256600,1
'2026-08-22 08:28:01.730256700,0.094256700,0
'2026-08-22 08:28:01.730267200,0.094267200,1
'2026-08-22 08:28:01.730267300,0.094267300,0
'2026-08-22 08:28:01.730267900,0.094267900,1
'2026-08-22 08:28:01.730282500,0.094282500,0
'2026-08-22 08:28:01.730294000,0.094294000,1
'2026-08-22 08:28:01.730308800,0.094308800,0
'2026-08-22 08:28:01.730320100,0.094320100,1
'2026-08-22 08:28:01.730334700,0.094334700,0
'2026-08-22 08:28:01.730346100,0.094346100,1
'2026-08-22 08:28:01.730360800,0.094360800,0
'2026-08-22 08:28:01.730372200,0.094372200,1
'2026-08-22 08:28:01.730387000,0.094387000,0
'2026-08-22 08:28:01.730398300,0.094398300,1
'2026-08-22 08:28:01.730412800,0.094412800,0
'2026-08-22 08:28:01.730424400,0.094424400,1
'2026-08-22 08:28:01.730439100,0.094439100,0
'2026-08-22 08:28:01.730439500,0.094439500,1
'2026-08-22 08:28:01.730439600,0.094439600,0
'2026-08-22 08:28:01.730450500,0.094450500,1
'2026-08-22 08:28:01.730465000,0.094465000,0
'2026-08-22 08:28:01.730465100,0.094465100,1
'2026-08-22 08:28:01.730465200,0.094465200,0
'2026-08-22 08:28:01.730476500,0.094476500,1
'2026-08-22 08:28:01.730890800,0.094890800,0
'2026-08-22 08:28:01.730890900,0.094890900,1
'2026-08-22 08:28:01.730891100,0.094891100,0
'2026-08-22 08:28:01.730893600,0.094893600,1
'2026-08-22 08:28:01.730908200,0.094908200,0
'2026-08-22 08:28:01.730908300,0.094908300,1
'2026-08-22 08:28:01.730908400,0.094908400,0
'2026-08-22 08:28:01.730919600,0.094919600,1
'2026-08-22 08:28:01.730934300,0.094934300,0
'2026-08-22 08:28:01.730945700,0.094945700,1
'2026-08-22 08:28:01.730960600,0.094960600,0
'2026-08-22 08:28:01.730971800,0.094971800,1
'2026-08-22 08:28:01.730986400,0.094986400,0
'2026-08-22 08:28:01.730997900,0.094997900,1
'2026-08-22 08:28:01.731012600,0.095012600,0
'2026-08-22 08:28:01.731023900,0.095023900,1
'2026-08-22 08:28:01.731038600,0.095038600,0
'2026-08-22 08:28:01.731038700,0.095038700,1
'2026-08-22 08:28:01.731038800,0.095038800,0
'2026-08-22 08:28:01.731050000,0.095050000,1
'2026-08-22 08:28:01.731064700,0.095064700,0
'2026-08-22 08:28:01.731067900,0.095067900,1
'2026-08-22 08:28:01.731068000,0.095068000,0
'2026-08-22 08:28:01.731076100,0.095076100,1
'2026-08-22 08:28:01.731090800,0.095090800,0
'2026-08-22 08:28:01.731102200,0.095102200,1
'2026-08-22 08:28:01.731116700,0.095116700,0
'2026-08-22 08:28:01.731128300,0.095128300,1
'2026-08-22 08:28:01.731142900,0.095142900,0
'2026-08-22 08:28:01.731154000,0.095154000,1
'2026-08-22 08:28:01.731154100,0.095154100,0
'2026-08-22 08:28:01.731154300,0.095154300,1
'2026-08-22 08:28:01.731169400,0.095169400,0
'2026-08-22 08:28:01.731180400,0.095180400,1
'2026-08-22 08:28:01.731195000,0.095195000,0
'2026-08-22 08:28:01.731206500,0.095206500,1
'2026-08-22 08:28:01.731221200,0.095221200,0
'2026-08-22 08:28:01.731232600,0.095232600,1
'2026-08-22 08:28:01.731247200,0.095247200,0
'2026-08-22 08:28:01.731258600,0.095258600,1
'2026-08-22 08:28:01.731273400,0.095273400,0
'2026-08-22 08:28:01.731284700,0.095284700,1
'2026-08-22 08:28:01.731299600,0.095299600,0
'2026-08-22 08:28:01.731299700,0.095299700,1
'2026-08-22 08:28:01.731716300,0.095716300,0
'2026-08-22 08:28:01.731716400,0.095716400,1
'2026-08-22 08:28:01.731716500,0.095716500,0
'2026-08-22 08:28:01.731727900,0.095727900,1
'2026-08-22 08:28:01.731742400,0.095742400,0
'2026-08-22 08:28:01.731754000,0.095754000,1
'2026-08-22 08:28:01.731768500,0.095768500,0
'2026-08-22 08:28:01.731780000,0.095780000,1
'2026-08-22 08:28:01.731794800,0.095794800,0
'2026-08-22 08:28:01.731806100,0.095806100,1
'2026-08-22 08:28:01.731820600,0.095820600,0
'2026-08-22 08:28:01.731832200,0.095832200,1
'2026-08-22 08:28:01.731846800,0.095846800,0
'2026-08-22 08:28:01.731858200,0.095858200,1
'2026-08-22 08:28:01.731873000,0.095873000,0
'2026-08-22 08:28:01.731884300,0.095884300,1
'2026-08-22 08:28:01.731899000,0.095899000,0
'2026-08-22 08:28:01.731899200,0.095899200,1
'2026-08-22 08:28:01.731899300,0.095899300,0
'2026-08-22 08:28:01.731910400,0.095910400,1
'2026-08-22 08:28:01.731925000,0.095925000,0
'2026-08-22 08:28:01.731936500,0.095936500,1
'2026-08-22 08:28:01.731951000,0.095951000,0
'2026-08-22 08:28:01.731962600,0.095962600,1
'2026-08-22 08:28:01.731977200,0.095977200,0
'2026-08-22 08:28:01.731977500,0.095977500,1
'2026-08-22 08:28:01.731977600,0.095977600,0
'2026-08-22 08:28:01.731978100,0.095978100,1
'2026-08-22 08:28:01.731978200,0.095978200,0
'2026-08-22 08:28:01.731988600,0.095988600,1
'2026-08-22 08:28:01.732003300,0.096003300,0
'2026-08-22 08:28:01.732014700,0.096014700,1
'2026-08-22 08:28:01.732029600,0.096029600,0
'2026-08-22 08:28:01.732040800,0.096040800,1
'2026-08-22 08:28:01.732055400,0.096055400,0
'2026-08-22 08:28:01.732059200,0.096059200,1
'2026-08-22 08:28:01.732059300,0.096059300,0
'2026-08-22 08:28:01.732066900,0.096066900,1
'2026-08-22 08:28:01.732081600,0.096081600,0
'2026-08-22 08:28:01.732088900,0.096088900,1
'2026-08-22 08:28:01.732089000,0.096089000,0
'2026-08-22 08:28:01.732092900,0.096092900,1
'2026-08-22 08:28:01.732107600,0.096107600,0
'2026-08-22 08:28:01.732107700,0.096107700,1
'2026-08-22 08:28:01.732107800,0.096107800,0
'2026-08-22 08:28:01.732119000,0.096119000,1
'2026-08-22 08:28:01.732550600,0.096550600,0
'2026-08-22 08:28:01.732551000,0.096551000,1
'2026-08-22 08:28:01.732551100,0.096551100,0
'2026-08-22 08:28:01.732562100,0.096562100,1
'2026-08-22 08:28:01.732576800,0.096576800,0
'2026-08-22 08:28:01.732588200,0.096588200,1
'2026-08-22 08:28:01.732603000,0.096603000,0
'2026-08-22 08:28:01.732614300,0.096614300,1
'2026-08-22 08:28:01.732629000,0.096629000,0
'2026-08-22 08:28:01.732640400,0.096640400,1
'2026-08-22 08:28:01.732655000,0.096655000,0
'2026-08-22 08:28:01.732666500,0.096666500,1
'2026-08-22 08:28:01.732681300,0.096681300,0
'2026-08-22 08:28:01.732682000,0.096682000,1
'2026-08-22 08:28:01.732682100,0.096682100,0
'2026-08-22 08:28:01.732692500,0.096692500,1
'2026-08-22 08:28:01.732707200,0.096707200,0
'2026-08-22 08:28:01.732707500,0.096707500,1
'2026-08-22 08:28:01.732707600,0.096707600,0
'2026-08-22 08:28:01.732718600,0.096718600,1
'2026-08-22 08:28:01.732733300,0.096733300,0
'2026-08-22 08:28:01.732744700,0.096744700,1
'2026-08-22 08:28:01.732759200,0.096759200,0
'2026-08-22 08:28:01.732770800,0.096770800,1
'2026-08-22 08:28:01.732785400,0.096785400,0
'2026-08-22 08:28:01.732796800,0.096796800,1
'2026-08-22 08:28:01.732811600,0.096811600,0
'2026-08-22 08:28:01.732811900,0.096811900,1
'2026-08-22 08:28:01.732812000,0.096812000,0
'2026-08-22 08:28:01.732822900,0.096822900,1
'2026-08-22 08:28:01.732837400,0.096837400,0
'2026-08-22 08:28:01.732838900,0.096838900,1
'2026-08-22 08:28:01.732839000,0.096839000,0
'2026-08-22 08:28:01.732849000,0.096849000,1
'2026-08-22 08:28:01.732863600,0.096863600,0
'2026-08-22 08:28:01.732875100,0.096875100,1
'2026-08-22 08:28:01.732889800,0.096889800,0
'2026-08-22 08:28:01.732901100,0.096901100,1
'2026-08-22 08:28:01.732915700,0.096915700,0
'2026-08-22 08:28:01.732927200,0.096927200,1
'2026-08-22 08:28:01.732942000,0.096942000,0
'2026-08-22 08:28:01.732942100,0.096942100,1
'2026-08-22 08:28:01.732942400,0.096942400,0
'2026-08-22 08:28:01.732946000,0.096946000,1
'2026-08-22 08:28:01.733367700,0.097367700,0
'2026-08-22 08:28:01.733370300,0.097370300,1
'2026-08-22 08:28:01.733385000,0.097385000,0
'2026-08-22 08:28:01.733396400,0.097396400,1
'2026-08-22 08:28:01.733411000,0.097411000,0
'2026-08-22 08:28:01.733421500,0.097421500,1
'2026-08-22 08:28:01.733421600,0.097421600,0
'2026-08-22 08:28:01.733422500,0.097422500,1
'2026-08-22 08:28:01.733437200,0.097437200,0
'2026-08-22 08:28:01.733448600,0.097448600,1
'2026-08-22 08:28:01.733463400,0.097463400,0
'2026-08-22 08:28:01.733474700,0.097474700,1
'2026-08-22 08:28:01.733489400,0.097489400,0
'2026-08-22 08:28:01.733500700,0.097500700,1
'2026-08-22 08:28:01.733515500,0.097515500,0
'2026-08-22 08:28:01.733526800,0.097526800,1
'2026-08-22 08:28:01.733541600,0.097541600,0
'2026-08-22 08:28:01.733552900,0.097552900,1
'2026-08-22 08:28:01.733567600,0.097567600,0
'2026-08-22 08:28:01.733579000,0.097579000,1
'2026-08-22 08:28:01.733593700,0.097593700,0
'2026-08-22 08:28:01.733605000,0.097605000,1
'2026-08-22 08:28:01.733619800,0.097619800,0
'2026-08-22 08:28:01.733631100,0.097631100,1
'2026-08-22 08:28:01.733645700,0.097645700,0
'2026-08-22 08:28:01.733657200,0.097657200,1
'2026-08-22 08:28:01.733671900,0.097671900,0
'2026-08-22 08:28:01.733683300,0.097683300,1
'2026-08-22 08:28:01.733697800,0.097697800,0
'2026-08-22 08:28:01.733698000,0.097698000,1
'2026-08-22 08:28:01.733698100,0.097698100,0
'2026-08-22 08:28:01.733709300,0.097709300,1
'2026-08-22 08:28:01.733724000,0.097724000,0
'2026-08-22 08:28:01.733724200,0.097724200,1
'2026-08-22 08:28:01.733724300,0.097724300,0
'2026-08-22 08:28:01.733735400,0.097735400,1
'2026-08-22 08:28:01.733750100,0.097750100,0
'2026-08-22 08:28:01.733761500,0.097761500,1
'2026-08-22 08:28:01.734193100,0.098193100,0
'2026-08-22 08:28:01.734193300,0.098193300,1
'2026-08-22 08:28:01.734193400,0.098193400,0
'2026-08-22 08:28:01.734204600,0.098204600,1
'2026-08-22 08:28:01.734219200,0.098219200,0
'2026-08-22 08:28:01.734230700,0.098230700,1
'2026-08-22 08:28:01.734245400,0.098245400,0
'2026-08-22 08:28:01.734256800,0.098256800,1
'2026-08-22 08:28:01.734271300,0.098271300,0
'2026-08-22 08:28:01.734282900,0.098282900,1
'2026-08-22 08:28:01.734297500,0.098297500,0
'2026-08-22 08:28:01.734297900,0.098297900,1
'2026-08-22 08:28:01.734298000,0.098298000,0
'2026-08-22 08:28:01.734308900,0.098308900,1
'2026-08-22 08:28:01.734323600,0.098323600,0
'2026-08-22 08:28:01.734335000,0.098335000,1
'2026-08-22 08:28:01.734349700,0.098349700,0
'2026-08-22 08:28:01.734361100,0.098361100,1
'2026-08-22 08:28:01.734375700,0.098375700,0
'2026-08-22 08:28:01.734387200,0.098387200,1
'2026-08-22 08:28:01.734401900,0.098401900,0
'2026-08-22 08:28:01.734413300,0.098413300,1
'2026-08-22 08:28:01.734428000,0.098428000,0
'2026-08-22 08:28:01.734428100,0.098428100,1
'2026-08-22 08:28:01.734428200,0.098428200,0
'2026-08-22 08:28:01.734439300,0.098439300,1
'2026-08-22 08:28:01.734454000,0.098454000,0
'2026-08-22 08:28:01.734465400,0.098465400,1
'2026-08-22 08:28:01.734480200,0.098480200,0
'2026-08-22 08:28:01.734487000,0.098487000,1
'2026-08-22 08:28:01.734487100,0.098487100,0
'2026-08-22 08:28:01.734488300,0.098488300,1
'2026-08-22 08:28:01.734488400,0.098488400,0
'2026-08-22 08:28:01.734491500,0.098491500,1
'2026-08-22 08:28:01.734506100,0.098506100,0
'2026-08-22 08:28:01.734517600,0.098517600,1
'2026-08-22 08:28:01.734532200,0.098532200,0
'2026-08-22 08:28:01.734543600,0.098543600,1
'2026-08-22 08:28:01.734558300,0.098558300,0
'2026-08-22 08:28:01.734569700,0.098569700,1
'2026-08-22 08:28:01.734584200,0.098584200,0
'2026-08-22 08:28:01.734584300,0.098584300,1
'2026-08-22 08:28:01.734584400,0.098584400,0
'2026-08-22 08:28:01.734584500,0.098584500,1
'2026-08-22 08:28:01.734584600,0.098584600,0
'2026-08-22 08:28:01.734592400,0.098592400,1
'2026-08-22 08:28:01.735027500,0.099027500,0
'2026-08-22 08:28:01.735038900,0.099038900,1
'2026-08-22 08:28:01.735053700,0.099053700,0
'2026-08-22 08:28:01.735065000,0.099065000,1
'2026-08-22 08:28:01.735079600,0.099079600,0
'2026-08-22 08:28:01.735091100,0.099091100,1
'2026-08-22 08:28:01.735105800,0.099105800,0
'2026-08-22 08:28:01.735117100,0.099117100,1
'2026-08-22 08:28:01.735132000,0.099132000,0
'2026-08-22 08:28:01.735143200,0.099143200,1
'2026-08-22 08:28:01.735157800,0.099157800,0
'2026-08-22 08:28:01.735169300,0.099169300,1
'2026-08-22 08:28:01.735184000,0.099184000,0
'2026-08-22 08:28:01.735195400,0.099195400,1
'2026-08-22 08:28:01.735209900,0.099209900,0
'2026-08-22 08:28:01.735221400,0.099221400,1
'2026-08-22 08:28:01.735236200,0.099236200,0
'2026-08-22 08:28:01.735247500,0.099247500,1
'2026-08-22 08:28:01.735262400,0.099262400,0
'2026-08-22 08:28:01.735262600,0.099262600,1
'2026-08-22 08:28:01.735262800,0.099262800,0
'2026-08-22 08:28:01.735263300,0.099263300,1
'2026-08-22 08:28:01.735263400,0.099263400,0
'2026-08-22 08:28:01.735273600,0.099273600,1
'2026-08-22 08:28:01.735288200,0.099288200,0
'2026-08-22 08:28:01.735293100,0.099293100,1
'2026-08-22 08:28:01.735293200,0.099293200,0
'2026-08-22 08:28:01.735299700,0.099299700,1
'2026-08-22 08:28:01.735314300,0.099314300,0
'2026-08-22 08:28:01.735314700,0.099314700,1
'2026-08-22 08:28:01.735314800,0.099314800,0
'2026-08-22 08:28:01.735325800,0.099325800,1
'2026-08-22 08:28:01.735340500,0.099340500,0
'2026-08-22 08:28:01.735351800,0.099351800,1
'2026-08-22 08:28:01.735366200,0.099366200,0
'2026-08-22 08:28:01.735366300,0.099366300,1
'2026-08-22 08:28:01.735366400,0.099366400,0
'2026-08-22 08:28:01.735377900,0.099377900,1
'2026-08-22 08:28:01.735392700,0.099392700,0
'2026-08-22 08:28:01.735404000,0.099404000,1
'2026-08-22 08:28:01.735418500,0.099418500,0
'2026-08-22 08:28:01.735423200,0.099423200,1
'2026-08-22 08:28:01.735837200,0.099837200,0
'2026-08-22 08:28:01.735837300,0.099837300,1
'2026-08-22 08:28:01.735837400,0.099837400,0
'2026-08-22 08:28:01.735837500,0.099837500,1
'2026-08-22 08:28:01.735837600,0.099837600,0
'2026-08-22 08:28:01.735847100,0.099847100,1
'2026-08-22 08:28:01.735861700,0.099861700,0
'2026-08-22 08:28:01.735873200,0.099873200,1
'2026-08-22 08:28:01.735888000,0.099888000,0
'2026-08-22 08:28:01.735899200,0.099899200,1
'2026-08-22 08:28:01.735913800,0.099913800,0
'2026-08-22 08:28:01.735925300,0.099925300,1
'2026-08-22 08:28:01.735940000,0.099940000,0
'2026-08-22 08:28:01.735951400,0.099951400,1
'2026-08-22 08:28:01.735966100,0.099966100,0
'2026-08-22 08:28:01.735977500,0.099977500,1
'2026-08-22 08:28:01.735992000,0.099992000,0
'2026-08-22 08:28:01.736003600,0.100003600,1
'2026-08-22 08:28:01.736018300,0.100018300,0
'2026-08-22 08:28:01.736019200,0.100019200,1
'2026-08-22 08:28:01.736019300,0.100019300,0
'2026-08-22 08:28:01.736029600,0.100029600,1
'2026-08-22 08:28:01.736044100,0.100044100,0
'2026-08-22 08:28:01.736055700,0.100055700,1
'2026-08-22 08:28:01.736070400,0.100070400,0
'2026-08-22 08:28:01.736070600,0.100070600,1
'2026-08-22 08:28:01.736070700,0.100070700,0
'2026-08-22 08:28:01.736081800,0.100081800,1
'2026-08-22 08:28:01.736096500,0.100096500,0
'2026-08-22 08:28:01.736104800,0.100104800,1
'2026-08-22 08:28:01.736104900,0.100104900,0
'2026-08-22 08:28:01.736107900,0.100107900,1
'2026-08-22 08:28:01.736122500,0.100122500,0
'2026-08-22 08:28:01.736134000,0.100134000,1
'2026-08-22 08:28:01.736148700,0.100148700,0
'2026-08-22 08:28:01.736148800,0.100148800,1
'2026-08-22 08:28:01.736148900,0.100148900,0
'2026-08-22 08:28:01.736149400,0.100149400,1
'2026-08-22 08:28:01.736149500,0.100149500,0
'2026-08-22 08:28:01.736160000,0.100160000,1
'2026-08-22 08:28:01.736174600,0.100174600,0
'2026-08-22 08:28:01.736186100,0.100186100,1
'2026-08-22 08:28:01.736200900,0.100200900,0
'2026-08-22 08:28:01.736212200,0.100212200,1
'2026-08-22 08:28:01.736226900,0.100226900,0
'2026-08-22 08:28:01.736238200,0.100238200,1
'2026-08-22 08:28:01.736670100,0.100670100,0
'2026-08-22 08:28:01.736681400,0.100681400,1
'2026-08-22 08:28:01.736695900,0.100695900,0
'2026-08-22 08:28:01.736707400,0.100707400,1
'2026-08-22 08:28:01.736722100,0.100722100,0
'2026-08-22 08:28:01.736733500,0.100733500,1
'2026-08-22 08:28:01.736748400,0.100748400,0
'2026-08-22 08:28:01.736759600,0.100759600,1
'2026-08-22 08:28:01.736774200,0.100774200,0
'2026-08-22 08:28:01.736785700,0.100785700,1
'2026-08-22 08:28:01.736800600,0.100800600,0
'2026-08-22 08:28:01.736800800,0.100800800,1
'2026-08-22 08:28:01.736801000,0.100801000,0
'2026-08-22 08:28:01.736811700,0.100811700,1
'2026-08-22 08:28:01.736826300,0.100826300,0
'2026-08-22 08:28:01.736837800,0.100837800,1
'2026-08-22 08:28:01.736852600,0.100852600,0
'2026-08-22 08:28:01.736863900,0.100863900,1
'2026-08-22 08:28:01.736878600,0.100878600,0
'2026-08-22 08:28:01.736890000,0.100890000,1
'2026-08-22 08:28:01.736904500,0.100904500,0
'2026-08-22 08:28:01.736916100,0.100916100,1
'2026-08-22 08:28:01.736930700,0.100930700,0
'2026-08-22 08:28:01.736930900,0.100930900,1
'2026-08-22 08:28:01.736931000,0.100931000,0
'2026-08-22 08:28:01.736931100,0.100931100,1
'2026-08-22 08:28:01.736931200,0.100931200,0
'2026-08-22 08:28:01.736942100,0.100942100,1
'2026-08-22 08:28:01.736956700,0.100956700,0
'2026-08-22 08:28:01.736956800,0.100956800,1
'2026-08-22 08:28:01.736956900,0.100956900,0
'2026-08-22 08:28:01.736968200,0.100968200,1
'2026-08-22 08:28:01.736983200,0.100983200,0
'2026-08-22 08:28:01.736994300,0.100994300,1
'2026-08-22 08:28:01.737008900,0.101008900,0
'2026-08-22 08:28:01.737020400,0.101020400,1
'2026-08-22 08:28:01.737035100,0.101035100,0
'2026-08-22 08:28:01.737046400,0.101046400,1
'2026-08-22 08:28:01.737061100,0.101061100,0
'2026-08-22 08:28:01.737061300,0.101061300,1
'2026-08-22 08:28:01.737061400,0.101061400,0
'2026-08-22 08:28:01.737069500,0.101069500,1
'2026-08-22 08:28:01.737483600,0.101483600,0
'2026-08-22 08:28:01.737489500,0.101489500,1
'2026-08-22 08:28:01.737504100,0.101504100,0
'2026-08-22 08:28:01.737515600,0.101515600,1
'2026-08-22 08:28:01.737530300,0.101530300,0
'2026-08-22 08:28:01.737530800,0.101530800,1
'2026-08-22 08:28:01.737530900,0.101530900,0
'2026-08-22 08:28:01.737541700,0.101541700,1
'2026-08-22 08:28:01.737556200,0.101556200,0
'2026-08-22 08:28:01.737567800,0.101567800,1
'2026-08-22 08:28:01.737582500,0.101582500,0
'2026-08-22 08:28:01.737593900,0.101593900,1
'2026-08-22 08:28:01.737608600,0.101608600,0
'2026-08-22 08:28:01.737619900,0.101619900,1
'2026-08-22 08:28:01.737634800,0.101634800,0
'2026-08-22 08:28:01.737646000,0.101646000,1
'2026-08-22 08:28:01.737660600,0.101660600,0
'2026-08-22 08:28:01.737660700,0.101660700,1
'2026-08-22 08:28:01.737660800,0.101660800,0
'2026-08-22 08:28:01.737672100,0.101672100,1
'2026-08-22 08:28:01.737686800,0.101686800,0
'2026-08-22 08:28:01.737698200,0.101698200,1
'2026-08-22 08:28:01.737712800,0.101712800,0
'2026-08-22 08:28:01.737712900,0.101712900,1
'2026-08-22 08:28:01.737713000,0.101713000,0
'2026-08-22 08:28:01.737724200,0.101724200,1
'2026-08-22 08:28:01.737738900,0.101738900,0
'2026-08-22 08:28:01.737750300,0.101750300,1
'2026-08-22 08:28:01.737765200,0.101765200,0
'2026-08-22 08:28:01.737776400,0.101776400,1
'2026-08-22 08:28:01.737791000,0.101791000,0
'2026-08-22 08:28:01.737802500,0.101802500,1
'2026-08-22 08:28:01.737817000,0.101817000,0
'2026-08-22 08:28:01.737828600,0.101828600,1
'2026-08-22 08:28:01.737843400,0.101843400,0
'2026-08-22 08:28:01.737854600,0.101854600,1
'2026-08-22 08:28:01.737869200,0.101869200,0
'2026-08-22 08:28:01.737880700,0.101880700,1
'2026-08-22 08:28:01.738312400,0.102312400,0
'2026-08-22 08:28:01.738323800,0.102323800,1
'2026-08-22 08:28:01.738338500,0.102338500,0
'2026-08-22 08:28:01.738349900,0.102349900,1
'2026-08-22 08:28:01.738364700,0.102364700,0
'2026-08-22 08:28:01.738376000,0.102376000,1
'2026-08-22 08:28:01.738390600,0.102390600,0
'2026-08-22 08:28:01.738402000,0.102402000,1
'2026-08-22 08:28:01.738416800,0.102416800,0
'2026-08-22 08:28:01.738428100,0.102428100,1
'2026-08-22 08:28:01.738442800,0.102442800,0
'2026-08-22 08:28:01.738454200,0.102454200,1
'2026-08-22 08:28:01.738468800,0.102468800,0
'2026-08-22 08:28:01.738480300,0.102480300,1
'2026-08-22 08:28:01.738495000,0.102495000,0
'2026-08-22 08:28:01.738506300,0.102506300,1
'2026-08-22 08:28:01.738521000,0.102521000,0
'2026-08-22 08:28:01.738521200,0.102521200,1
'2026-08-22 08:28:01.738521300,0.102521300,0
'2026-08-22 08:28:01.738532400,0.102532400,1
'2026-08-22 08:28:01.738547100,0.102547100,0
'2026-08-22 08:28:01.738552700,0.102552700,1
'2026-08-22 08:28:01.738552800,0.102552800,0
'2026-08-22 08:28:01.738558500,0.102558500,1
'2026-08-22 08:28:01.738573500,0.102573500,0
'2026-08-22 08:28:01.738584600,0.102584600,1
'2026-08-22 08:28:01.738599100,0.102599100,0
'2026-08-22 08:28:01.738610600,0.102610600,1
'2026-08-22 08:28:01.738625500,0.102625500,0
'2026-08-22 08:28:01.738625600,0.102625600,1
'2026-08-22 08:28:01.738625700,0.102625700,0
'2026-08-22 08:28:01.738636700,0.102636700,1
'2026-08-22 08:28:01.738651300,0.102651300,0
'2026-08-22 08:28:01.738662800,0.102662800,1
'2026-08-22 08:28:01.738677500,0.102677500,0
'2026-08-22 08:28:01.738688900,0.102688900,1
'2026-08-22 08:28:01.738703700,0.102703700,0
'2026-08-22 08:28:01.738714900,0.102714900,1
'2026-08-22 08:28:01.739129800,0.103129800,0
'2026-08-22 08:28:01.739132000,0.103132000,1
'2026-08-22 08:28:01.739146700,0.103146700,0
'2026-08-22 08:28:01.739158100,0.103158100,1
'2026-08-22 08:28:01.739172800,0.103172800,0
'2026-08-22 08:28:01.739184100,0.103184100,1
'2026-08-22 08:28:01.739198800,0.103198800,0
'2026-08-22 08:28:01.739210200,0.103210200,1
'2026-08-22 08:28:01.739225000,0.103225000,0
'2026-08-22 08:28:01.739225500,0.103225500,1
'2026-08-22 08:28:01.739225600,0.103225600,0
'2026-08-22 08:28:01.739236300,0.103236300,1
'2026-08-22 08:28:01.739251000,0.103251000,0
'2026-08-22 08:28:01.739262400,0.103262400,1
'2026-08-22 08:28:01.739277000,0.103277000,0
'2026-08-22 08:28:01.739288400,0.103288400,1
'2026-08-22 08:28:01.739303200,0.103303200,0
'2026-08-22 08:28:01.739314500,0.103314500,1
'2026-08-22 08:28:01.739329000,0.103329000,0
'2026-08-22 08:28:01.739340600,0.103340600,1
'2026-08-22 08:28:01.739355400,0.103355400,0
'2026-08-22 08:28:01.739355600,0.103355600,1
'2026-08-22 08:28:01.739355700,0.103355700,0
'2026-08-22 08:28:01.739355800,0.103355800,1
'2026-08-22 08:28:01.739355900,0.103355900,0
'2026-08-22 08:28:01.739366700,0.103366700,1
'2026-08-22 08:28:01.739381200,0.103381200,0
'2026-08-22 08:28:01.739392800,0.103392800,1
'2026-08-22 08:28:01.739407600,0.103407600,0
'2026-08-22 08:28:01.739407700,0.103407700,1
'2026-08-22 08:28:01.739407800,0.103407800,0
'2026-08-22 08:28:01.739418800,0.103418800,1
'2026-08-22 08:28:01.739433600,0.103433600,0
'2026-08-22 08:28:01.739444900,0.103444900,1
'2026-08-22 08:28:01.739459400,0.103459400,0
'2026-08-22 08:28:01.739471000,0.103471000,1
'2026-08-22 08:28:01.739485800,0.103485800,0
'2026-08-22 08:28:01.739485900,0.103485900,1
'2026-08-22 08:28:01.739486100,0.103486100,0
'2026-08-22 08:28:01.739497100,0.103497100,1
'2026-08-22 08:28:01.739511800,0.103511800,0
'2026-08-22 08:28:01.739523100,0.103523100,1
'2026-08-22 08:28:01.739538000,0.103538000,0
'2026-08-22 08:28:01.739538900,0.103538900,1
'2026-08-22 08:28:01.739954700,0.103954700,0
'2026-08-22 08:28:01.739954800,0.103954800,1
'2026-08-22 08:28:01.739954900,0.103954900,0
'2026-08-22 08:28:01.739966300,0.103966300,1
'2026-08-22 08:28:01.739980900,0.103980900,0
'2026-08-22 08:28:01.739992300,0.103992300,1
'2026-08-22 08:28:01.740007000,0.104007000,0
'2026-08-22 08:28:01.740008000,0.104008000,1
'2026-08-22 08:28:01.740008100,0.104008100,0
'2026-08-22 08:28:01.740018400,0.104018400,1
'2026-08-22 08:28:01.740033200,0.104033200,0
'2026-08-22 08:28:01.740040600,0.104040600,1
'2026-08-22 08:28:01.740040700,0.104040700,0
'2026-08-22 08:28:01.740044500,0.104044500,1
'2026-08-22 08:28:01.740059500,0.104059500,0
'2026-08-22 08:28:01.740068700,0.104068700,1
'2026-08-22 08:28:01.740068800,0.104068800,0
'2026-08-22 08:28:01.740070600,0.104070600,1
'2026-08-22 08:28:01.740085200,0.104085200,0
'2026-08-22 08:28:01.740096700,0.104096700,1
'2026-08-22 08:28:01.740111500,0.104111500,0
'2026-08-22 08:28:01.740122700,0.104122700,1
'2026-08-22 08:28:01.740137400,0.104137400,0
'2026-08-22 08:28:01.740148800,0.104148800,1
'2026-08-22 08:28:01.740163500,0.104163500,0
'2026-08-22 08:28:01.740174900,0.104174900,1
'2026-08-22 08:28:01.740189800,0.104189800,0
'2026-08-22 08:28:01.740201000,0.104201000,1
'2026-08-22 08:28:01.740215600,0.104215600,0
'2026-08-22 08:28:01.740227100,0.104227100,1
'2026-08-22 08:28:01.740241800,0.104241800,0
'2026-08-22 08:28:01.740241900,0.104241900,1
'2026-08-22 08:28:01.740242000,0.104242000,0
'2026-08-22 08:28:01.740253100,0.104253100,1
'2026-08-22 08:28:01.740268000,0.104268000,0
'2026-08-22 08:28:01.740279200,0.104279200,1
'2026-08-22 08:28:01.740293900,0.104293900,0
'2026-08-22 08:28:01.740305300,0.104305300,1
'2026-08-22 08:28:01.740320000,0.104320000,0
'2026-08-22 08:28:01.740320400,0.104320400,1
'2026-08-22 08:28:01.740320500,0.104320500,0
'2026-08-22 08:28:01.740321600,0.104321600,1
'2026-08-22 08:28:01.740321700,0.104321700,0
'2026-08-22 08:28:01.740331400,0.104331400,1
'2026-08-22 08:28:01.740346200,0.104346200,0
'2026-08-22 08:28:01.740351100,0.104351100,1
'2026-08-22 08:28:01.740351200,0.104351200,0
'2026-08-22 08:28:01.740357400,0.104357400,1
'2026-08-22 08:28:01.740789200,0.104789200,0
'2026-08-22 08:28:01.740800600,0.104800600,1
'2026-08-22 08:28:01.740815400,0.104815400,0
'2026-08-22 08:28:01.740826700,0.104826700,1
'2026-08-22 08:28:01.740841400,0.104841400,0
'2026-08-22 08:28:01.740841500,0.104841500,1
'2026-08-22 08:28:01.740841600,0.104841600,0
'2026-08-22 08:28:01.740842000,0.104842000,1
'2026-08-22 08:28:01.740842100,0.104842100,0
'2026-08-22 08:28:01.740852800,0.104852800,1
'2026-08-22 08:28:01.740867400,0.104867400,0
'2026-08-22 08:28:01.740878800,0.104878800,1
'2026-08-22 08:28:01.740893600,0.104893600,0
'2026-08-22 08:28:01.740904900,0.104904900,1
'2026-08-22 08:28:01.740919500,0.104919500,0
'2026-08-22 08:28:01.740919700,0.104919700,1
'2026-08-22 08:28:01.740919800,0.104919800,0
'2026-08-22 08:28:01.740931000,0.104931000,1
'2026-08-22 08:28:01.740945800,0.104945800,0
'2026-08-22 08:28:01.740957100,0.104957100,1
'2026-08-22 08:28:01.740971800,0.104971800,0
'2026-08-22 08:28:01.740983200,0.104983200,1
'2026-08-22 08:28:01.740997800,0.104997800,0
'2026-08-22 08:28:01.741007900,0.105007900,1
'2026-08-22 08:28:01.741008000,0.105008000,0
'2026-08-22 08:28:01.741009200,0.105009200,1
'2026-08-22 08:28:01.741023800,0.105023800,0
'2026-08-22 08:28:01.741035300,0.105035300,1
'2026-08-22 08:28:01.741050100,0.105050100,0
'2026-08-22 08:28:01.741061400,0.105061400,1
'2026-08-22 08:28:01.741076100,0.105076100,0
'2026-08-22 08:28:01.741076200,0.105076200,1
'2026-08-22 08:28:01.741076400,0.105076400,0
'2026-08-22 08:28:01.741087500,0.105087500,1
'2026-08-22 08:28:01.741102100,0.105102100,0
'2026-08-22 08:28:01.741106700,0.105106700,1
'2026-08-22 08:28:01.741106800,0.105106800,0
'2026-08-22 08:28:01.741113500,0.105113500,1
'2026-08-22 08:28:01.741128400,0.105128400,0
'2026-08-22 08:28:01.741128500,0.105128500,1
'2026-08-22 08:28:01.741128600,0.105128600,0
'2026-08-22 08:28:01.741139600,0.105139600,1
'2026-08-22 08:28:01.741154400,0.105154400,0
'2026-08-22 08:28:01.741154500,0.105154500,1
'2026-08-22 08:28:01.741154600,0.105154600,0
'2026-08-22 08:28:01.741165700,0.105165700,1
'2026-08-22 08:28:01.741180400,0.105180400,0
'2026-08-22 08:28:01.741180700,0.105180700,1
'2026-08-22 08:28:01.741180800,0.105180800,0
'2026-08-22 08:28:01.741181000,0.105181000,1
'2026-08-22 08:28:01.741181100,0.105181100,0
'2026-08-22 08:28:01.741185300,0.105185300,1
'2026-08-22 08:28:01.741599500,0.105599500,0
'2026-08-22 08:28:01.741601000,0.105601000,1
'2026-08-22 08:28:01.741601100,0.105601100,0
'2026-08-22 08:28:01.741608800,0.105608800,1
'2026-08-22 08:28:01.741623400,0.105623400,0
'2026-08-22 08:28:01.741634900,0.105634900,1
'2026-08-22 08:28:01.741649500,0.105649500,0
'2026-08-22 08:28:01.741649800,0.105649800,1
'2026-08-22 08:28:01.741649900,0.105649900,0
'2026-08-22 08:28:01.741661000,0.105661000,1
'2026-08-22 08:28:01.741675700,0.105675700,0
'2026-08-22 08:28:01.741682200,0.105682200,1
'2026-08-22 08:28:01.741682300,0.105682300,0
'2026-08-22 08:28:01.741687100,0.105687100,1
'2026-08-22 08:28:01.741702000,0.105702000,0
'2026-08-22 08:28:01.741713100,0.105713100,1
'2026-08-22 08:28:01.741727800,0.105727800,0
'2026-08-22 08:28:01.741739200,0.105739200,1
'2026-08-22 08:28:01.741753700,0.105753700,0
'2026-08-22 08:28:01.741753800,0.105753800,1
'2026-08-22 08:28:01.741753900,0.105753900,0
'2026-08-22 08:28:01.741765300,0.105765300,1
'2026-08-22 08:28:01.741780000,0.105780000,0
'2026-08-22 08:28:01.741780100,0.105780100,1
'2026-08-22 08:28:01.741780200,0.105780200,0
'2026-08-22 08:28:01.741791400,0.105791400,1
'2026-08-22 08:28:01.741806200,0.105806200,0
'2026-08-22 08:28:01.741817400,0.105817400,1
'2026-08-22 08:28:01.741832500,0.105832500,0
'2026-08-22 08:28:01.741843500,0.105843500,1
'2026-08-22 08:28:01.741858100,0.105858100,0
'2026-08-22 08:28:01.741869600,0.105869600,1
'2026-08-22 08:28:01.741884200,0.105884200,0
'2026-08-22 08:28:01.741895700,0.105895700,1
'2026-08-22 08:28:01.741910500,0.105910500,0
'2026-08-22 08:28:01.741911500,0.105911500,1
'2026-08-22 08:28:01.741911600,0.105911600,0
'2026-08-22 08:28:01.741921700,0.105921700,1
'2026-08-22 08:28:01.741936600,0.105936600,0
'2026-08-22 08:28:01.741936800,0.105936800,1
'2026-08-22 08:28:01.741936900,0.105936900,0
'2026-08-22 08:28:01.741947800,0.105947800,1
'2026-08-22 08:28:01.741962600,0.105962600,0
'2026-08-22 08:28:01.741973900,0.105973900,1
'2026-08-22 08:28:01.741988600,0.105988600,0
'2026-08-22 08:28:01.741989700,0.105989700,1
'2026-08-22 08:28:01.741989800,0.105989800,0
'2026-08-22 08:28:01.742000000,0.106000000,1
'2026-08-22 08:28:01.742431700,0.106431700,0
'2026-08-22 08:28:01.742431900,0.106431900,1
'2026-08-22 08:28:01.742432000,0.106432000,0
'2026-08-22 08:28:01.742443100,0.106443100,1
'2026-08-22 08:28:01.742457800,0.106457800,0
'2026-08-22 08:28:01.742469200,0.106469200,1
'2026-08-22 08:28:01.742484000,0.106484000,0
'2026-08-22 08:28:01.742492700,0.106492700,1
'2026-08-22 08:28:01.742492800,0.106492800,0
'2026-08-22 08:28:01.742495300,0.106495300,1
'2026-08-22 08:28:01.742509900,0.106509900,0
'2026-08-22 08:28:01.742521400,0.106521400,1
'2026-08-22 08:28:01.742536200,0.106536200,0
'2026-08-22 08:28:01.742545100,0.106545100,1
'2026-08-22 08:28:01.742545200,0.106545200,0
'2026-08-22 08:28:01.742547400,0.106547400,1
'2026-08-22 08:28:01.742562000,0.106562000,0
'2026-08-22 08:28:01.742573500,0.106573500,1
'2026-08-22 08:28:01.742588200,0.106588200,0
'2026-08-22 08:28:01.742599600,0.106599600,1
'2026-08-22 08:28:01.742614300,0.106614300,0
'2026-08-22 08:28:01.742625700,0.106625700,1
'2026-08-22 08:28:01.742640600,0.106640600,0
'2026-08-22 08:28:01.742640700,0.106640700,1
'2026-08-22 08:28:01.742640800,0.106640800,0
'2026-08-22 08:28:01.742651700,0.106651700,1
'2026-08-22 08:28:01.742666400,0.106666400,0
'2026-08-22 08:28:01.742677800,0.106677800,1
'2026-08-22 08:28:01.742692600,0.106692600,0
'2026-08-22 08:28:01.742703900,0.106703900,1
'2026-08-22 08:28:01.742718500,0.106718500,0
'2026-08-22 08:28:01.742730000,0.106730000,1
'2026-08-22 08:28:01.742744600,0.106744600,0
'2026-08-22 08:28:01.742744700,0.106744700,1
'2026-08-22 08:28:01.742744800,0.106744800,0
'2026-08-22 08:28:01.742756000,0.106756000,1
'2026-08-22 08:28:01.742770800,0.106770800,0
'2026-08-22 08:28:01.742782100,0.106782100,1
'2026-08-22 08:28:01.742797100,0.106797100,0
'2026-08-22 08:28:01.742808200,0.106808200,1
'2026-08-22 08:28:01.742822800,0.106822800,0
'2026-08-22 08:28:01.742831600,0.106831600,1
'2026-08-22 08:28:01.743245700,0.107245700,0
'2026-08-22 08:28:01.743251300,0.107251300,1
'2026-08-22 08:28:01.743266000,0.107266000,0
'2026-08-22 08:28:01.743277400,0.107277400,1
'2026-08-22 08:28:01.743292000,0.107292000,0
'2026-08-22 08:28:01.743303500,0.107303500,1
'2026-08-22 08:28:01.743318400,0.107318400,0
'2026-08-22 08:28:01.743318500,0.107318500,1
'2026-08-22 08:28:01.743318700,0.107318700,0
'2026-08-22 08:28:01.743329600,0.107329600,1
'2026-08-22 08:28:01.743344200,0.107344200,0
'2026-08-22 08:28:01.743355500,0.107355500,1
'2026-08-22 08:28:01.743355600,0.107355600,0
'2026-08-22 08:28:01.743355700,0.107355700,1
'2026-08-22 08:28:01.743370400,0.107370400,0
'2026-08-22 08:28:01.743381700,0.107381700,1
'2026-08-22 08:28:01.743396500,0.107396500,0
'2026-08-22 08:28:01.743407800,0.107407800,1
'2026-08-22 08:28:01.743422400,0.107422400,0
'2026-08-22 08:28:01.743433900,0.107433900,1
'2026-08-22 08:28:01.743448600,0.107448600,0
'2026-08-22 08:28:01.743460000,0.107460000,1
'2026-08-22 08:28:01.743474700,0.107474700,0
'2026-08-22 08:28:01.743486100,0.107486100,1
'2026-08-22 08:28:01.743500800,0.107500800,0
'2026-08-22 08:28:01.743500900,0.107500900,1
'2026-08-22 08:28:01.743501000,0.107501000,0
'2026-08-22 08:28:01.743512100,0.107512100,1
'2026-08-22 08:28:01.743526900,0.107526900,0
'2026-08-22 08:28:01.743530700,0.107530700,1
'2026-08-22 08:28:01.743530800,0.107530800,0
'2026-08-22 08:28:01.743538200,0.107538200,1
'2026-08-22 08:28:01.743553000,0.107553000,0
'2026-08-22 08:28:01.743564300,0.107564300,1
'2026-08-22 08:28:01.743579000,0.107579000,0
'2026-08-22 08:28:01.743579100,0.107579100,1
'2026-08-22 08:28:01.743579200,0.107579200,0
'2026-08-22 08:28:01.743585700,0.107585700,1
'2026-08-22 08:28:01.743585800,0.107585800,0
'2026-08-22 08:28:01.743590400,0.107590400,1
'2026-08-22 08:28:01.743605000,0.107605000,0
'2026-08-22 08:28:01.743616400,0.107616400,1
'2026-08-22 08:28:01.743631000,0.107631000,0
'2026-08-22 08:28:01.743642500,0.107642500,1
'2026-08-22 08:28:01.744074400,0.108074400,0
'2026-08-22 08:28:01.744075600,0.108075600,1
'2026-08-22 08:28:01.744075700,0.108075700,0
'2026-08-22 08:28:01.744085600,0.108085600,1
'2026-08-22 08:28:01.744100300,0.108100300,0
'2026-08-22 08:28:01.744100600,0.108100600,1
'2026-08-22 08:28:01.744100700,0.108100700,0
'2026-08-22 08:28:01.744111700,0.108111700,1
'2026-08-22 08:28:01.744126400,0.108126400,0
'2026-08-22 08:28:01.744137800,0.108137800,1
'2026-08-22 08:28:01.744152500,0.108152500,0
'2026-08-22 08:28:01.744163900,0.108163900,1
'2026-08-22 08:28:01.744178500,0.108178500,0
'2026-08-22 08:28:01.744190000,0.108190000,1
'2026-08-22 08:28:01.744204700,0.108204700,0
'2026-08-22 08:28:01.744216000,0.108216000,1
'2026-08-22 08:28:01.744230600,0.108230600,0
'2026-08-22 08:28:01.744242100,0.108242100,1
'2026-08-22 08:28:01.744256700,0.108256700,0
'2026-08-22 08:28:01.744264700,0.108264700,1
'2026-08-22 08:28:01.744264800,0.108264800,0
'2026-08-22 08:28:01.744268200,0.108268200,1
'2026-08-22 08:28:01.744282800,0.108282800,0
'2026-08-22 08:28:01.744282900,0.108282900,1
'2026-08-22 08:28:01.744283000,0.108283000,0
'2026-08-22 08:28:01.744294300,0.108294300,1
'2026-08-22 08:28:01.744308800,0.108308800,0
'2026-08-22 08:28:01.744320300,0.108320300,1
'2026-08-22 08:28:01.744335100,0.108335100,0
'2026-08-22 08:28:01.744345100,0.108345100,1
'2026-08-22 08:28:01.744345200,0.108345200,0
'2026-08-22 08:28:01.744346400,0.108346400,1
'2026-08-22 08:28:01.744361000,0.108361000,0
'2026-08-22 08:28:01.744372500,0.108372500,1
'2026-08-22 08:28:01.744387200,0.108387200,0
'2026-08-22 08:28:01.744387300,0.108387300,1
'2026-08-22 08:28:01.744387500,0.108387500,0
'2026-08-22 08:28:01.744398600,0.108398600,1
'2026-08-22 08:28:01.744413300,0.108413300,0
'2026-08-22 08:28:01.744424600,0.108424600,1
'2026-08-22 08:28:01.744439300,0.108439300,0
'2026-08-22 08:28:01.744439500,0.108439500,1
'2026-08-22 08:28:01.744439600,0.108439600,0
'2026-08-22 08:28:01.744450700,0.108450700,1
'2026-08-22 08:28:01.744465500,0.108465500,0
'2026-08-22 08:28:01.744476800,0.108476800,1
'2026-08-22 08:28:01.744908700,0.108908700,0
'2026-08-22 08:28:01.744919900,0.108919900,1
'2026-08-22 08:28:01.744934700,0.108934700,0
'2026-08-22 08:28:01.744934800,0.108934800,1
'2026-08-22 08:28:01.744934900,0.108934900,0
'2026-08-22 08:28:01.744946000,0.108946000,1
'2026-08-22 08:28:01.744960600,0.108960600,0
'2026-08-22 08:28:01.744972100,0.108972100,1
'2026-08-22 08:28:01.744986800,0.108986800,0
'2026-08-22 08:28:01.744988100,0.108988100,1
'2026-08-22 08:28:01.744988200,0.108988200,0
'2026-08-22 08:28:01.744998200,0.108998200,1
'2026-08-22 08:28:01.745012700,0.109012700,0
'2026-08-22 08:28:01.745024200,0.109024200,1
'2026-08-22 08:28:01.745039000,0.109039000,0
'2026-08-22 08:28:01.745039300,0.109039300,1
'2026-08-22 08:28:01.745039400,0.109039400,0
'2026-08-22 08:28:01.745050300,0.109050300,1
'2026-08-22 08:28:01.745064800,0.109064800,0
'2026-08-22 08:28:01.745076400,0.109076400,1
'2026-08-22 08:28:01.745091100,0.109091100,0
'2026-08-22 08:28:01.745100600,0.109100600,1
'2026-08-22 08:28:01.745100700,0.109100700,0
'2026-08-22 08:28:01.745102500,0.109102500,1
'2026-08-22 08:28:01.745117200,0.109117200,0
'2026-08-22 08:28:01.745128600,0.109128600,1
'2026-08-22 08:28:01.745143200,0.109143200,0
'2026-08-22 08:28:01.745154600,0.109154600,1
'2026-08-22 08:28:01.745169300,0.109169300,0
'2026-08-22 08:28:01.745180700,0.109180700,1
'2026-08-22 08:28:01.745195400,0.109195400,0
'2026-08-22 08:28:01.745206800,0.109206800,1
'2026-08-22 08:28:01.745221500,0.109221500,0
'2026-08-22 08:28:01.745226800,0.109226800,1
'2026-08-22 08:28:01.745226900,0.109226900,0
'2026-08-22 08:28:01.745232900,0.109232900,1
'2026-08-22 08:28:01.745247600,0.109247600,0
'2026-08-22 08:28:01.745258900,0.109258900,1
'2026-08-22 08:28:01.745273600,0.109273600,0
'2026-08-22 08:28:01.745285000,0.109285000,1
'2026-08-22 08:28:01.745300000,0.109300000,0
'2026-08-22 08:28:01.745300600,0.109300600,1
'2026-08-22 08:28:01.745300700,0.109300700,0
'2026-08-22 08:28:01.745301100,0.109301100,1
'2026-08-22 08:28:01.745722900,0.109722900,0
'2026-08-22 08:28:01.745728200,0.109728200,1
'2026-08-22 08:28:01.745742800,0.109742800,0
'2026-08-22 08:28:01.745754200,0.109754200,1
'2026-08-22 08:28:01.745768900,0.109768900,0
'2026-08-22 08:28:01.745769500,0.109769500,1
'2026-08-22 08:28:01.745769600,0.109769600,0
'2026-08-22 08:28:01.745780300,0.109780300,1
'2026-08-22 08:28:01.745794900,0.109794900,0
'2026-08-22 08:28:01.745806400,0.109806400,1
'2026-08-22 08:28:01.745821000,0.109821000,0
'2026-08-22 08:28:01.745821400,0.109821400,1
'2026-08-22 08:28:01.745821500,0.109821500,0
'2026-08-22 08:28:01.745822800,0.109822800,1
'2026-08-22 08:28:01.745822900,0.109822900,0
'2026-08-22 08:28:01.745832500,0.109832500,1
'2026-08-22 08:28:01.745847000,0.109847000,0
'2026-08-22 08:28:01.745858600,0.109858600,1
'2026-08-22 08:28:01.745873200,0.109873200,0
'2026-08-22 08:28:01.745884600,0.109884600,1
'2026-08-22 08:28:01.745899200,0.109899200,0
'2026-08-22 08:28:01.745910700,0.109910700,1
'2026-08-22 08:28:01.745925500,0.109925500,0
'2026-08-22 08:28:01.745925600,0.109925600,1
'2026-08-22 08:28:01.745925700,0.109925700,0
'2026-08-22 08:28:01.745936800,0.109936800,1
'2026-08-22 08:28:01.745951400,0.109951400,0
'2026-08-22 08:28:01.745962800,0.109962800,1
'2026-08-22 08:28:01.745977400,0.109977400,0
'2026-08-22 08:28:01.745988900,0.109988900,1
'2026-08-22 08:28:01.746003800,0.110003800,0
'2026-08-22 08:28:01.746015000,0.110015000,1
'2026-08-22 08:28:01.746029600,0.110029600,0
'2026-08-22 08:28:01.746029900,0.110029900,1
'2026-08-22 08:28:01.746030000,0.110030000,0
'2026-08-22 08:28:01.746041100,0.110041100,1
'2026-08-22 08:28:01.746055800,0.110055800,0
'2026-08-22 08:28:01.746067100,0.110067100,1
'2026-08-22 08:28:01.746082100,0.110082100,0
'2026-08-22 08:28:01.746083700,0.110083700,1
'2026-08-22 08:28:01.746083800,0.110083800,0
'2026-08-22 08:28:01.746093200,0.110093200,1
'2026-08-22 08:28:01.746107800,0.110107800,0
'2026-08-22 08:28:01.746119300,0.110119300,1
'2026-08-22 08:28:01.746550800,0.110550800,0
'2026-08-22 08:28:01.746550900,0.110550900,1
'2026-08-22 08:28:01.746551000,0.110551000,0
'2026-08-22 08:28:01.746562400,0.110562400,1
'2026-08-22 08:28:01.746577100,0.110577100,0
'2026-08-22 08:28:01.746577200,0.110577200,1
'2026-08-22 08:28:01.746577300,0.110577300,0
'2026-08-22 08:28:01.746586000,0.110586000,1
'2026-08-22 08:28:01.746586100,0.110586100,0
'2026-08-22 08:28:01.746588500,0.110588500,1
'2026-08-22 08:28:01.746603000,0.110603000,0
'2026-08-22 08:28:01.746614600,0.110614600,1
'2026-08-22 08:28:01.746629300,0.110629300,0
'2026-08-22 08:28:01.746640700,0.110640700,1
'2026-08-22 08:28:01.746655300,0.110655300,0
'2026-08-22 08:28:01.746655500,0.110655500,1
'2026-08-22 08:28:01.746655600,0.110655600,0
'2026-08-22 08:28:01.746666700,0.110666700,1
'2026-08-22 08:28:01.746681300,0.110681300,0
'2026-08-22 08:28:01.746692800,0.110692800,1
'2026-08-22 08:28:01.746707500,0.110707500,0
'2026-08-22 08:28:01.746718900,0.110718900,1
'2026-08-22 08:28:01.746733400,0.110733400,0
'2026-08-22 08:28:01.746745000,0.110745000,1
'2026-08-22 08:28:01.746759600,0.110759600,0
'2026-08-22 08:28:01.746771000,0.110771000,1
'2026-08-22 08:28:01.746785800,0.110785800,0
'2026-08-22 08:28:01.746797100,0.110797100,1
'2026-08-22 08:28:01.746811600,0.110811600,0
'2026-08-22 08:28:01.746811800,0.110811800,1
'2026-08-22 08:28:01.746811900,0.110811900,0
'2026-08-22 08:28:01.746823200,0.110823200,1
'2026-08-22 08:28:01.746837800,0.110837800,0
'2026-08-22 08:28:01.746849300,0.110849300,1
'2026-08-22 08:28:01.746863800,0.110863800,0
'2026-08-22 08:28:01.746875300,0.110875300,1
'2026-08-22 08:28:01.746890000,0.110890000,0
'2026-08-22 08:28:01.746890200,0.110890200,1
'2026-08-22 08:28:01.746890300,0.110890300,0
'2026-08-22 08:28:01.746901400,0.110901400,1
'2026-08-22 08:28:01.746916000,0.110916000,0
'2026-08-22 08:28:01.746927500,0.110927500,1
'2026-08-22 08:28:01.746942100,0.110942100,0
'2026-08-22 08:28:01.746942200,0.110942200,1
'2026-08-22 08:28:01.746942300,0.110942300,0
'2026-08-22 08:28:01.746953600,0.110953600,1
'2026-08-22 08:28:01.747369400,0.111369400,0
'2026-08-22 08:28:01.747369500,0.111369500,1
'2026-08-22 08:28:01.747369600,0.111369600,0
'2026-08-22 08:28:01.747370600,0.111370600,1
'2026-08-22 08:28:01.747385100,0.111385100,0
'2026-08-22 08:28:01.747396700,0.111396700,1
'2026-08-22 08:28:01.747411400,0.111411400,0
'2026-08-22 08:28:01.747422800,0.111422800,1
'2026-08-22 08:28:01.747437400,0.111437400,0
'2026-08-22 08:28:01.747437500,0.111437500,1
'2026-08-22 08:28:01.747437600,0.111437600,0
'2026-08-22 08:28:01.747448900,0.111448900,1
'2026-08-22 08:28:01.747463500,0.111463500,0
'2026-08-22 08:28:01.747474900,0.111474900,1
'2026-08-22 08:28:01.747489700,0.111489700,0
'2026-08-22 08:28:01.747501000,0.111501000,1
'2026-08-22 08:28:01.747515500,0.111515500,0
'2026-08-22 08:28:01.747527100,0.111527100,1
'2026-08-22 08:28:01.747541800,0.111541800,0
'2026-08-22 08:28:01.747553200,0.111553200,1
'2026-08-22 08:28:01.747567800,0.111567800,0
'2026-08-22 08:28:01.747579300,0.111579300,1
'2026-08-22 08:28:01.747593900,0.111593900,0
'2026-08-22 08:28:01.747605300,0.111605300,1
'2026-08-22 08:28:01.747620000,0.111620000,0
'2026-08-22 08:28:01.747623200,0.111623200,1
'2026-08-22 08:28:01.747623300,0.111623300,0
'2026-08-22 08:28:01.747631400,0.111631400,1
'2026-08-22 08:28:01.747646100,0.111646100,0
'2026-08-22 08:28:01.747657500,0.111657500,1
'2026-08-22 08:28:01.747672200,0.111672200,0
'2026-08-22 08:28:01.747672300,0.111672300,1
'2026-08-22 08:28:01.747672400,0.111672400,0
'2026-08-22 08:28:01.747683500,0.111683500,1
'2026-08-22 08:28:01.747698100,0.111698100,0
'2026-08-22 08:28:01.747709600,0.111709600,1
'2026-08-22 08:28:01.747724400,0.111724400,0
'2026-08-22 08:28:01.747735700,0.111735700,1
'2026-08-22 08:28:01.747750400,0.111750400,0
'2026-08-22 08:28:01.747750500,0.111750500,1
'2026-08-22 08:28:01.747750700,0.111750700,0
'2026-08-22 08:28:01.747761800,0.111761800,1
'2026-08-22 08:28:01.747776400,0.111776400,0
'2026-08-22 08:28:01.747778300,0.111778300,1
'2026-08-22 08:28:01.748193500,0.112193500,0
'2026-08-22 08:28:01.748204900,0.112204900,1
'2026-08-22 08:28:01.748219500,0.112219500,0
'2026-08-22 08:28:01.748224400,0.112224400,1
'2026-08-22 08:28:01.748224800,0.112224800,0
'2026-08-22 08:28:01.748224900,0.112224900,1
'2026-08-22 08:28:01.748225100,0.112225100,0
'2026-08-22 08:28:01.748227000,0.112227000,1
'2026-08-22 08:28:01.748227300,0.112227300,0
'2026-08-22 08:28:01.748228700,0.112228700,1
'2026-08-22 08:28:01.748228800,0.112228800,0
'2026-08-22 08:28:01.748228900,0.112228900,1
'2026-08-22 08:28:01.748229000,0.112229000,0
'2026-08-22 08:28:01.748229100,0.112229100,1
'2026-08-22 08:28:01.748229200,0.112229200,0
'2026-08-22 08:28:01.748229300,0.112229300,1
'2026-08-22 08:28:01.748229400,0.112229400,0
'2026-08-22 08:28:01.748231000,0.112231000,1
'2026-08-22 08:28:01.748245500,0.112245500,0
'2026-08-22 08:28:01.748245700,0.112245700,1
'2026-08-22 08:28:01.748245800,0.112245800,0
'2026-08-22 08:28:01.748248600,0.112248600,1
'2026-08-22 08:28:01.748248700,0.112248700,0
'2026-08-22 08:28:01.748257000,0.112257000,1
'2026-08-22 08:28:01.748271700,0.112271700,0
'2026-08-22 08:28:01.748272400,0.112272400,1
'2026-08-22 08:28:01.748272500,0.112272500,0
'2026-08-22 08:28:01.748283100,0.112283100,1
'2026-08-22 08:28:01.748297800,0.112297800,0
'2026-08-22 08:28:01.748309200,0.112309200,1
'2026-08-22 08:28:01.748323800,0.112323800,0
'2026-08-22 08:28:01.748335300,0.112335300,1
'2026-08-22 08:28:01.748350000,0.112350000,0
'2026-08-22 08:28:01.748361400,0.112361400,1
'2026-08-22 08:28:01.748376100,0.112376100,0
'2026-08-22 08:28:01.748387400,0.112387400,1
'2026-08-22 08:28:01.748402000,0.112402000,0
'2026-08-22 08:28:01.748413500,0.112413500,1
'2026-08-22 08:28:01.748428200,0.112428200,0
'2026-08-22 08:28:01.748439600,0.112439600,1
'2026-08-22 08:28:01.748454300,0.112454300,0
'2026-08-22 08:28:01.748465700,0.112465700,1
'2026-08-22 08:28:01.748480300,0.112480300,0
'2026-08-22 08:28:01.748491700,0.112491700,1
'2026-08-22 08:28:01.748506400,0.112506400,0
'2026-08-22 08:28:01.748517800,0.112517800,1
'2026-08-22 08:28:01.748532400,0.112532400,0
'2026-08-22 08:28:01.748543900,0.112543900,1
'2026-08-22 08:28:01.748558400,0.112558400,0
'2026-08-22 08:28:01.748570000,0.112570000,1
'2026-08-22 08:28:01.748584600,0.112584600,0
'2026-08-22 08:28:01.748596000,0.112596000,1
'2026-08-22 08:28:01.749027700,0.113027700,0
'2026-08-22 08:28:01.749039200,0.113039200,1
'2026-08-22 08:28:01.749053700,0.113053700,0
'2026-08-22 08:28:01.749065200,0.113065200,1
'2026-08-22 08:28:01.749079800,0.113079800,0
'2026-08-22 08:28:01.749091300,0.113091300,1
'2026-08-22 08:28:01.749106000,0.113106000,0
'2026-08-22 08:28:01.749106100,0.113106100,1
'2026-08-22 08:28:01.749106200,0.113106200,0
'2026-08-22 08:28:01.749117400,0.113117400,1
'2026-08-22 08:28:01.749131900,0.113131900,0
'2026-08-22 08:28:01.749143500,0.113143500,1
'2026-08-22 08:28:01.749158200,0.113158200,0
'2026-08-22 08:28:01.749169600,0.113169600,1
'2026-08-22 08:28:01.749184100,0.113184100,0
'2026-08-22 08:28:01.749186700,0.113186700,1
'2026-08-22 08:28:01.749186800,0.113186800,0
'2026-08-22 08:28:01.749195600,0.113195600,1
'2026-08-22 08:28:01.749210400,0.113210400,0
'2026-08-22 08:28:01.749221700,0.113221700,1
'2026-08-22 08:28:01.749236500,0.113236500,0
'2026-08-22 08:28:01.749247800,0.113247800,1
'2026-08-22 08:28:01.749262400,0.113262400,0
'2026-08-22 08:28:01.749273900,0.113273900,1
'2026-08-22 08:28:01.749288600,0.113288600,0
'2026-08-22 08:28:01.749299900,0.113299900,1
'2026-08-22 08:28:01.749314400,0.113314400,0
'2026-08-22 08:28:01.749326000,0.113326000,1
'2026-08-22 08:28:01.749340800,0.113340800,0
'2026-08-22 08:28:01.749352100,0.113352100,1
'2026-08-22 08:28:01.749366700,0.113366700,0
'2026-08-22 08:28:01.749378200,0.113378200,1
'2026-08-22 08:28:01.749393000,0.113393000,0
'2026-08-22 08:28:01.749404300,0.113404300,1
'2026-08-22 08:28:01.749419000,0.113419000,0
'2026-08-22 08:28:01.749419200,0.113419200,1
'2026-08-22 08:28:01.749419300,0.113419300,0
'2026-08-22 08:28:01.749424600,0.113424600,1
'2026-08-22 08:28:01.749838200,0.113838200,0
'2026-08-22 08:28:01.749847400,0.113847400,1
'2026-08-22 08:28:01.749862000,0.113862000,0
'2026-08-22 08:28:01.749873500,0.113873500,1
'2026-08-22 08:28:01.749888100,0.113888100,0
'2026-08-22 08:28:01.749899500,0.113899500,1
'2026-08-22 08:28:01.749914100,0.113914100,0
'2026-08-22 08:28:01.749925600,0.113925600,1
'2026-08-22 08:28:01.749940200,0.113940200,0
'2026-08-22 08:28:01.749951700,0.113951700,1
'2026-08-22 08:28:01.749966500,0.113966500,0
'2026-08-22 08:28:01.749977800,0.113977800,1
'2026-08-22 08:28:01.749992400,0.113992400,0
'2026-08-22 08:28:01.749992500,0.113992500,1
'2026-08-22 08:28:01.749992700,0.113992700,0
'2026-08-22 08:28:01.750003800,0.114003800,1
'2026-08-22 08:28:01.750018500,0.114018500,0
'2026-08-22 08:28:01.750029900,0.114029900,1
'2026-08-22 08:28:01.750044700,0.114044700,0
'2026-08-22 08:28:01.750056000,0.114056000,1
'2026-08-22 08:28:01.750070600,0.114070600,0
'2026-08-22 08:28:01.750082100,0.114082100,1
'2026-08-22 08:28:01.750096800,0.114096800,0
'2026-08-22 08:28:01.750108200,0.114108200,1
'2026-08-22 08:28:01.750122800,0.114122800,0
'2026-08-22 08:28:01.750134200,0.114134200,1
'2026-08-22 08:28:01.750148800,0.114148800,0
'2026-08-22 08:28:01.750160300,0.114160300,1
'2026-08-22 08:28:01.750175000,0.114175000,0
'2026-08-22 08:28:01.750186400,0.114186400,1
'2026-08-22 08:28:01.750200900,0.114200900,0
'2026-08-22 08:28:01.750212500,0.114212500,1
'2026-08-22 08:28:01.750227200,0.114227200,0
'2026-08-22 08:28:01.750238500,0.114238500,1
'2026-08-22 08:28:01.751459600,0.115459600,0
'2026-08-22 08:28:01.751463700,0.115463700,1
'2026-08-22 08:28:01.751478300,0.115478300,0
'2026-08-22 08:28:01.751489700,0.115489700,1
'2026-08-22 08:28:01.751504300,0.115504300,0
'2026-08-22 08:28:01.751515800,0.115515800,1
'2026-08-22 08:28:01.751530300,0.115530300,0
'2026-08-22 08:28:01.751541900,0.115541900,1
'2026-08-22 08:28:01.751556600,0.115556600,0
'2026-08-22 08:28:01.751568000,0.115568000,1
'2026-08-22 08:28:01.751582800,0.115582800,0
'2026-08-22 08:28:01.751594100,0.115594100,1
'2026-08-22 08:28:01.751608600,0.115608600,0
'2026-08-22 08:28:01.751620100,0.115620100,1
'2026-08-22 08:28:01.751634900,0.115634900,0
'2026-08-22 08:28:01.751646200,0.115646200,1
'2026-08-22 08:28:01.751660700,0.115660700,0
'2026-08-22 08:28:01.751672300,0.115672300,1
'2026-08-22 08:28:01.751686900,0.115686900,0
'2026-08-22 08:28:01.751687100,0.115687100,1
'2026-08-22 08:28:01.751687200,0.115687200,0
'2026-08-22 08:28:01.751698400,0.115698400,1
'2026-08-22 08:28:01.751713100,0.115713100,0
'2026-08-22 08:28:01.751724500,0.115724500,1
'2026-08-22 08:28:01.751739000,0.115739000,0
'2026-08-22 08:28:01.751750600,0.115750600,1
'2026-08-22 08:28:01.751765300,0.115765300,0
'2026-08-22 08:28:01.751765400,0.115765400,1
'2026-08-22 08:28:01.751765500,0.115765500,0
'2026-08-22 08:28:01.751776600,0.115776600,1
'2026-08-22 08:28:01.751791100,0.115791100,0
'2026-08-22 08:28:01.751791200,0.115791200,1
'2026-08-22 08:28:01.751791300,0.115791300,0
'2026-08-22 08:28:01.751802700,0.115802700,1
'2026-08-22 08:28:01.751817600,0.115817600,0
'2026-08-22 08:28:01.751828800,0.115828800,1
'2026-08-22 08:28:01.751843400,0.115843400,0
'2026-08-22 08:28:01.751854800,0.115854800,1
'2026-08-22 08:28:01.753073100,0.117073100,0
'2026-08-22 08:28:01.753073300,0.117073300,1
'2026-08-22 08:28:01.753073400,0.117073400,0
'2026-08-22 08:28:01.753077300,0.117077300,1
'2026-08-22 08:28:01.753077400,0.117077400,0
'2026-08-22 08:28:01.753080000,0.117080000,1
'2026-08-22 08:28:01.753094600,0.117094600,0
'2026-08-22 08:28:01.753106100,0.117106100,1
'2026-08-22 08:28:01.753120700,0.117120700,0
'2026-08-22 08:28:01.753132200,0.117132200,1
'2026-08-22 08:28:01.753146700,0.117146700,0
'2026-08-22 08:28:01.753158200,0.117158200,1
'2026-08-22 08:28:01.753172900,0.117172900,0
'2026-08-22 08:28:01.753184300,0.117184300,1
'2026-08-22 08:28:01.753199000,0.117199000,0
'2026-08-22 08:28:01.753210400,0.117210400,1
'2026-08-22 08:28:01.753225000,0.117225000,0
'2026-08-22 08:28:01.753236400,0.117236400,1
'2026-08-22 08:28:01.753251000,0.117251000,0
'2026-08-22 08:28:01.753262500,0.117262500,1
'2026-08-22 08:28:01.753277000,0.117277000,0
'2026-08-22 08:28:01.753288600,0.117288600,1
'2026-08-22 08:28:01.753303400,0.117303400,0
'2026-08-22 08:28:01.753314700,0.117314700,1
'2026-08-22 08:28:01.753329400,0.117329400,0
'2026-08-22 08:28:01.753340800,0.117340800,1
'2026-08-22 08:28:01.753355400,0.117355400,0
'2026-08-22 08:28:01.753366900,0.117366900,1
'2026-08-22 08:28:01.753381400,0.117381400,0
'2026-08-22 08:28:01.753386400,0.117386400,1
'2026-08-22 08:28:01.753386500,0.117386500,0
'2026-08-22 08:28:01.753392900,0.117392900,1
'2026-08-22 08:28:01.753407600,0.117407600,0
'2026-08-22 08:28:01.753419000,0.117419000,1
'2026-08-22 08:28:01.753433700,0.117433700,0
'2026-08-22 08:28:01.753433800,0.117433800,1
'2026-08-22 08:28:01.753433900,0.117433900,0
'2026-08-22 08:28:01.753445100,0.117445100,1
'2026-08-22 08:28:01.753459600,0.117459600,0
'2026-08-22 08:28:01.753471100,0.117471100,1
'2026-08-22 08:28:01.754687300,0.118687300,0
'2026-08-22 08:28:01.754696300,0.118696300,1
'2026-08-22 08:28:01.754711000,0.118711000,0
'2026-08-22 08:28:01.754711100,0.118711100,1
'2026-08-22 08:28:01.754711200,0.118711200,0
'2026-08-22 08:28:01.754722400,0.118722400,1
'2026-08-22 08:28:01.754737000,0.118737000,0
'2026-08-22 08:28:01.754748400,0.118748400,1
'2026-08-22 08:28:01.754763200,0.118763200,0
'2026-08-22 08:28:01.754774500,0.118774500,1
'2026-08-22 08:28:01.754789100,0.118789100,0
'2026-08-22 08:28:01.754800600,0.118800600,1
'2026-08-22 08:28:01.754815200,0.118815200,0
'2026-08-22 08:28:01.754826700,0.118826700,1
'2026-08-22 08:28:01.754841400,0.118841400,0
'2026-08-22 08:28:01.754852800,0.118852800,1
'2026-08-22 08:28:01.754867400,0.118867400,0
'2026-08-22 08:28:01.754878800,0.118878800,1
'2026-08-22 08:28:01.754893500,0.118893500,0
'2026-08-22 08:28:01.754904900,0.118904900,1
'2026-08-22 08:28:01.754919400,0.118919400,0
'2026-08-22 08:28:01.754931000,0.118931000,1
'2026-08-22 08:28:01.754945600,0.118945600,0
'2026-08-22 08:28:01.754950600,0.118950600,1
'2026-08-22 08:28:01.754950700,0.118950700,0
'2026-08-22 08:28:01.754957100,0.118957100,1
'2026-08-22 08:28:01.754971900,0.118971900,0
'2026-08-22 08:28:01.754972100,0.118972100,1
'2026-08-22 08:28:01.754972200,0.118972200,0
'2026-08-22 08:28:01.754983200,0.118983200,1
'2026-08-22 08:28:01.754997600,0.118997600,0
'2026-08-22 08:28:01.755009200,0.119009200,1
'2026-08-22 08:28:01.755024000,0.119024000,0
'2026-08-22 08:28:01.755035300,0.119035300,1
'2026-08-22 08:28:01.755049800,0.119049800,0
'2026-08-22 08:28:01.755061400,0.119061400,1
'2026-08-22 08:28:01.755076200,0.119076200,0
'2026-08-22 08:28:01.755087500,0.119087500,1
'2026-08-22 08:28:01.755519100,0.119519100,0
'2026-08-22 08:28:01.755530600,0.119530600,1
'2026-08-22 08:28:01.755545400,0.119545400,0
'2026-08-22 08:28:01.755556700,0.119556700,1
'2026-08-22 08:28:01.755571200,0.119571200,0
'2026-08-22 08:28:01.755582800,0.119582800,1
'2026-08-22 08:28:01.755597400,0.119597400,0
'2026-08-22 08:28:01.755608800,0.119608800,1
'2026-08-22 08:28:01.755623500,0.119623500,0
'2026-08-22 08:28:01.755634900,0.119634900,1
'2026-08-22 08:28:01.755649500,0.119649500,0
'2026-08-22 08:28:01.755661000,0.119661000,1
'2026-08-22 08:28:01.755675800,0.119675800,0
'2026-08-22 08:28:01.755687100,0.119687100,1
'2026-08-22 08:28:01.755701700,0.119701700,0
'2026-08-22 08:28:01.755713100,0.119713100,1
'2026-08-22 08:28:01.755727700,0.119727700,0
'2026-08-22 08:28:01.755739200,0.119739200,1
'2026-08-22 08:28:01.755753800,0.119753800,0
'2026-08-22 08:28:01.755753900,0.119753900,1
'2026-08-22 08:28:01.755754000,0.119754000,0
'2026-08-22 08:28:01.755765300,0.119765300,1
'2026-08-22 08:28:01.755779800,0.119779800,0
'2026-08-22 08:28:01.755791400,0.119791400,1
'2026-08-22 08:28:01.755806000,0.119806000,0
'2026-08-22 08:28:01.755806300,0.119806300,1
'2026-08-22 08:28:01.755806500,0.119806500,0
'2026-08-22 08:28:01.755817500,0.119817500,1
'2026-08-22 08:28:01.755832000,0.119832000,0
'2026-08-22 08:28:01.755843500,0.119843500,1
'2026-08-22 08:28:01.755858500,0.119858500,0
'2026-08-22 08:28:01.755860100,0.119860100,1
'2026-08-22 08:28:01.755860200,0.119860200,0
'2026-08-22 08:28:01.755869600,0.119869600,1
'2026-08-22 08:28:01.755884200,0.119884200,0
'2026-08-22 08:28:01.755895700,0.119895700,1
'2026-08-22 08:28:01.755910400,0.119910400,0
'2026-08-22 08:28:01.755919500,0.119919500,1
'2026-08-22 08:28:01.756333000,0.120333000,0
'2026-08-22 08:28:01.756333100,0.120333100,1
'2026-08-22 08:28:01.756333200,0.120333200,0
'2026-08-22 08:28:01.756338800,0.120338800,1
'2026-08-22 08:28:01.756353300,0.120353300,0
'2026-08-22 08:28:01.756364900,0.120364900,1
'2026-08-22 08:28:01.756379700,0.120379700,0
'2026-08-22 08:28:01.756379800,0.120379800,1
'2026-08-22 08:28:01.756379900,0.120379900,0
'2026-08-22 08:28:01.756391000,0.120391000,1
'2026-08-22 08:28:01.756405700,0.120405700,0
'2026-08-22 08:28:01.756409000,0.120409000,1
'2026-08-22 08:28:01.756409100,0.120409100,0
'2026-08-22 08:28:01.756417100,0.120417100,1
'2026-08-22 08:28:01.756431900,0.120431900,0
'2026-08-22 08:28:01.756443200,0.120443200,1
'2026-08-22 08:28:01.756457800,0.120457800,0
'2026-08-22 08:28:01.756469200,0.120469200,1
'2026-08-22 08:28:01.756483900,0.120483900,0
'2026-08-22 08:28:01.756495300,0.120495300,1
'2026-08-22 08:28:01.756510200,0.120510200,0
'2026-08-22 08:28:01.756521400,0.120521400,1
'2026-08-22 08:28:01.756536000,0.120536000,0
'2026-08-22 08:28:01.756547500,0.120547500,1
'2026-08-22 08:28:01.756562300,0.120562300,0
'2026-08-22 08:28:01.756573500,0.120573500,1
'2026-08-22 08:28:01.756588100,0.120588100,0
'2026-08-22 08:28:01.756588900,0.120588900,1
'2026-08-22 08:28:01.756589000,0.120589000,0
'2026-08-22 08:28:01.756599600,0.120599600,1
'2026-08-22 08:28:01.756614300,0.120614300,0
'2026-08-22 08:28:01.756625700,0.120625700,1
'2026-08-22 08:28:01.756640500,0.120640500,0
'2026-08-22 08:28:01.756640900,0.120640900,1
'2026-08-22 08:28:01.756641000,0.120641000,0
'2026-08-22 08:28:01.756651800,0.120651800,1
'2026-08-22 08:28:01.756666300,0.120666300,0
'2026-08-22 08:28:01.756677900,0.120677900,1
'2026-08-22 08:28:01.756692600,0.120692600,0
'2026-08-22 08:28:01.756704000,0.120704000,1
'2026-08-22 08:28:01.756718700,0.120718700,0
'2026-08-22 08:28:01.756730000,0.120730000,1
'2026-08-22 08:28:01.757954800,0.121954800,0
'2026-08-22 08:28:01.757954900,0.121954900,1
'2026-08-22 08:28:01.757955000,0.121955000,0
'2026-08-22 08:28:01.757955200,0.121955200,1
'2026-08-22 08:28:01.757969700,0.121969700,0
'2026-08-22 08:28:01.757981200,0.121981200,1
'2026-08-22 08:28:01.757995900,0.121995900,0
'2026-08-22 08:28:01.758007300,0.122007300,1
'2026-08-22 08:28:01.758022000,0.122022000,0
'2026-08-22 08:28:01.758033400,0.122033400,1
'2026-08-22 08:28:01.758048000,0.122048000,0
'2026-08-22 08:28:01.758059500,0.122059500,1
'2026-08-22 08:28:01.758074200,0.122074200,0
'2026-08-22 08:28:01.758075800,0.122075800,1
'2026-08-22 08:28:01.758075900,0.122075900,0
'2026-08-22 08:28:01.758085600,0.122085600,1
'2026-08-22 08:28:01.758100100,0.122100100,0
'2026-08-22 08:28:01.758111600,0.122111600,1
'2026-08-22 08:28:01.758126300,0.122126300,0
'2026-08-22 08:28:01.758126700,0.122126700,1
'2026-08-22 08:28:01.758126800,0.122126800,0
'2026-08-22 08:28:01.758137700,0.122137700,1
'2026-08-22 08:28:01.758152300,0.122152300,0
'2026-08-22 08:28:01.758163800,0.122163800,1
'2026-08-22 08:28:01.758178400,0.122178400,0
'2026-08-22 08:28:01.758179800,0.122179800,1
'2026-08-22 08:28:01.758179900,0.122179900,0
'2026-08-22 08:28:01.758189900,0.122189900,1
'2026-08-22 08:28:01.758204500,0.122204500,0
'2026-08-22 08:28:01.758215900,0.122215900,1
'2026-08-22 08:28:01.758230400,0.122230400,0
'2026-08-22 08:28:01.758230700,0.122230700,1
'2026-08-22 08:28:01.758230800,0.122230800,0
'2026-08-22 08:28:01.758242000,0.122242000,1
'2026-08-22 08:28:01.758256600,0.122256600,0
'2026-08-22 08:28:01.758268100,0.122268100,1
'2026-08-22 08:28:01.758282800,0.122282800,0
'2026-08-22 08:28:01.758294200,0.122294200,1
'2026-08-22 08:28:01.758308800,0.122308800,0
'2026-08-22 08:28:01.758308900,0.122308900,1
'2026-08-22 08:28:01.758309000,0.122309000,0
'2026-08-22 08:28:01.758320300,0.122320300,1
'2026-08-22 08:28:01.758334900,0.122334900,0
'2026-08-22 08:28:01.758346300,0.122346300,1
'2026-08-22 08:28:01.758361000,0.122361000,0
'2026-08-22 08:28:01.758364000,0.122364000,1
'2026-08-22 08:28:01.758778000,0.122778000,0
'2026-08-22 08:28:01.758789400,0.122789400,1
'2026-08-22 08:28:01.758804000,0.122804000,0
'2026-08-22 08:28:01.758815500,0.122815500,1
'2026-08-22 08:28:01.758830100,0.122830100,0
'2026-08-22 08:28:01.758841600,0.122841600,1
'2026-08-22 08:28:01.758856200,0.122856200,0
'2026-08-22 08:28:01.758867700,0.122867700,1
'2026-08-22 08:28:01.758882500,0.122882500,0
'2026-08-22 08:28:01.758893800,0.122893800,1
'2026-08-22 08:28:01.758908300,0.122908300,0
'2026-08-22 08:28:01.758919800,0.122919800,1
'2026-08-22 08:28:01.758934600,0.122934600,0
'2026-08-22 08:28:01.758945900,0.122945900,1
'2026-08-22 08:28:01.758960600,0.122960600,0
'2026-08-22 08:28:01.758960700,0.122960700,1
'2026-08-22 08:28:01.758960800,0.122960800,0
'2026-08-22 08:28:01.758972000,0.122972000,1
'2026-08-22 08:28:01.758986600,0.122986600,0
'2026-08-22 08:28:01.758998100,0.122998100,1
'2026-08-22 08:28:01.759012800,0.123012800,0
'2026-08-22 08:28:01.759024100,0.123024100,1
'2026-08-22 08:28:01.759038600,0.123038600,0
'2026-08-22 08:28:01.759050200,0.123050200,1
'2026-08-22 08:28:01.759065000,0.123065000,0
'2026-08-22 08:28:01.759065100,0.123065100,1
'2026-08-22 08:28:01.759065200,0.123065200,0
'2026-08-22 08:28:01.759076300,0.123076300,1
'2026-08-22 08:28:01.759091000,0.123091000,0
'2026-08-22 08:28:01.759102400,0.123102400,1
'2026-08-22 08:28:01.759117200,0.123117200,0
'2026-08-22 08:28:01.759128400,0.123128400,1
'2026-08-22 08:28:01.759143100,0.123143100,0
'2026-08-22 08:28:01.759143500,0.123143500,1
'2026-08-22 08:28:01.759143600,0.123143600,0
'2026-08-22 08:28:01.759154500,0.123154500,1
'2026-08-22 08:28:01.759169300,0.123169300,0
'2026-08-22 08:28:01.759180600,0.123180600,1
'2026-08-22 08:28:01.836000000,0.200000000,0
