; CSV, generated by atk_libsigrok4 1.0.0 on 2026-08-22 08:30:48
; Channels (1/16)
; ChannelsType: 1
; Sample rate: 10 MHz
; Sample count: 1.907349 M
; Sampling time: 2026-08-22 08:30:42.490
SystemTime, Time(s), meow
'2026-08-22 08:30:42.490000000,0.000000000,1
'2026-08-22 08:30:42.490001800,0.000001800,0
'2026-08-22 08:30:42.490002000,0.000002000,1
'2026-08-22 08:30:42.490002100,0.000002100,0
'2026-08-22 08:30:42.490007200,0.000007200,1
'2026-08-22 08:30:42.490022000,0.000022000,0
'2026-08-22 08:30:42.490023000,0.000023000,1
'2026-08-22 08:30:42.490023100,0.000023100,0
'2026-08-22 08:30:42.490033300,0.000033300,1
'2026-08-22 08:30:42.490047900,0.000047900,0
'2026-08-22 08:30:42.490059400,0.000059400,1
'2026-08-22 08:30:42.490074100,0.000074100,0
'2026-08-22 08:30:42.490085500,0.000085500,1
'2026-08-22 08:30:42.490100100,0.000100100,0
'2026-08-22 08:30:42.490111600,0.000111600,1
'2026-08-22 08:30:42.490126300,0.000126300,0
'2026-08-22 08:30:42.490126400,0.000126400,1
'2026-08-22 08:30:42.490126500,0.000126500,0
'2026-08-22 08:30:42.490137600,0.000137600,1
'2026-08-22 08:30:42.490152300,0.000152300,0
'2026-08-22 08:30:42.490163700,0.000163700,1
'2026-08-22 08:30:42.490178200,0.000178200,0
'2026-08-22 08:30:42.490189800,0.000189800,1
'2026-08-22 08:30:42.490204700,0.000204700,0
'2026-08-22 08:30:42.490205200,0.000205200,1
'2026-08-22 08:30:42.490205300,0.000205300,0
'2026-08-22 08:30:42.490215900,0.000215900,1
'2026-08-22 08:30:42.490230400,0.000230400,0
'2026-08-22 08:30:42.490242000,0.000242000,1
'2026-08-22 08:30:42.490256700,0.000256700,0
'2026-08-22 08:30:42.490268000,0.000268000,1
'2026-08-22 08:30:42.490282700,0.000282700,0
'2026-08-22 08:30:42.490282800,0.000282800,1
'2026-08-22 08:30:42.490283000,0.000283000,0
'2026-08-22 08:30:42.490294100,0.000294100,1
'2026-08-22 08:30:42.490308800,0.000308800,0
'2026-08-22 08:30:42.490320200,0.000320200,1
'2026-08-22 08:30:42.490335000,0.000335000,0
'2026-08-22 08:30:42.490346300,0.000346300,1
'2026-08-22 08:30:42.490361000,0.000361000,0
'2026-08-22 08:30:42.490366300,0.000366300,1
'2026-08-22 08:30:42.490366400,0.000366400,0
'2026-08-22 08:30:42.490372400,0.000372400,1
'2026-08-22 08:30:42.490387200,0.000387200,0
'2026-08-22 08:30:42.490398400,0.000398400,1
'2026-08-22 08:30:42.490413200,0.000413200,0
'2026-08-22 08:30:42.490424500,0.000424500,1
'2026-08-22 08:30:42.490439100,0.000439100,0
'2026-08-22 08:30:42.490450600,0.000450600,1
'2026-08-22 08:30:42.490465300,0.000465300,0
'2026-08-22 08:30:42.490465500,0.000465500,1
'2026-08-22 08:30:42.490465700,0.000465700,0
'2026-08-22 08:30:42.490476700,0.000476700,1
'2026-08-22 08:30:42.490491600,0.000491600,0
'2026-08-22 08:30:42.490502800,0.000502800,1
'2026-08-22 08:30:42.490517800,0.000517800,0
'2026-08-22 08:30:42.490528800,0.000528800,1
'2026-08-22 08:30:42.490543500,0.000543500,0
'2026-08-22 08:30:42.490554900,0.000554900,1
'2026-08-22 08:30:42.490569800,0.000569800,0
'2026-08-22 08:30:42.490570100,0.000570100,1
'2026-08-22 08:30:42.490570200,0.000570200,0
'2026-08-22 08:30:42.490581000,0.000581000,1
'2026-08-22 08:30:42.490595900,0.000595900,0
'2026-08-22 08:30:42.490607100,0.000607100,1
'2026-08-22 08:30:42.490621800,0.000621800,0
'2026-08-22 08:30:42.490629800,0.000629800,1
'2026-08-22 08:30:42.490629900,0.000629900,0
'2026-08-22 08:30:42.490633200,0.000633200,1
'2026-08-22 08:30:42.490648000,0.000648000,0
'2026-08-22 08:30:42.490659200,0.000659200,1
'2026-08-22 08:30:42.490674200,0.000674200,0
'2026-08-22 08:30:42.490685300,0.000685300,1
'2026-08-22 08:30:42.490700000,0.000700000,0
'2026-08-22 08:30:42.490711400,0.000711400,1
'2026-08-22 08:30:42.490726200,0.000726200,0
'2026-08-22 08:30:42.490737500,0.000737500,1
'2026-08-22 08:30:42.490752200,0.000752200,0
'2026-08-22 08:30:42.490752300,0.000752300,1
'2026-08-22 08:30:42.490752400,0.000752400,0
'2026-08-22 08:30:42.490763600,0.000763600,1
'2026-08-22 08:30:42.490778200,0.000778200,0
'2026-08-22 08:30:42.490789600,0.000789600,1
'2026-08-22 08:30:42.490804400,0.000804400,0
'2026-08-22 08:30:42.490807200,0.000807200,1
'2026-08-22 08:30:42.490807300,0.000807300,0
'2026-08-22 08:30:42.490815700,0.000815700,1
'2026-08-22 08:30:42.490830700,0.000830700,0
'2026-08-22 08:30:42.490841800,0.000841800,1
'2026-08-22 08:30:42.490856500,0.000856500,0
'2026-08-22 08:30:42.490857200,0.000857200,1
'2026-08-22 08:30:42.490857300,0.000857300,0
'2026-08-22 08:30:42.490867900,0.000867900,1
'2026-08-22 08:30:42.490882600,0.000882600,0
'2026-08-22 08:30:42.490883000,0.000883000,1
'2026-08-22 08:30:42.490883100,0.000883100,0
'2026-08-22 08:30:42.490894000,0.000894000,1
'2026-08-22 08:30:42.490908700,0.000908700,0
'2026-08-22 08:30:42.490909900,0.000909900,1
'2026-08-22 08:30:42.490910000,0.000910000,0
'2026-08-22 08:30:42.490920000,0.000920000,1
'2026-08-22 08:30:42.490934800,0.000934800,0
'2026-08-22 08:30:42.490935100,0.000935100,1
'2026-08-22 08:30:42.490935200,0.000935200,0
'2026-08-22 08:30:42.490946100,0.000946100,1
'2026-08-22 08:30:42.490961000,0.000961000,0
'2026-08-22 08:30:42.490972200,0.000972200,1
'2026-08-22 08:30:42.490987200,0.000987200,0
'2026-08-22 08:30:42.490987600,0.000987600,1
'2026-08-22 08:30:42.490987700,0.000987700,0
'2026-08-22 08:30:42.490989600,0.000989600,1
'2026-08-22 08:30:42.490989700,0.000989700,0
'2026-08-22 08:30:42.490998300,0.000998300,1
'2026-08-22 08:30:42.491013100,0.001013100,0
'2026-08-22 08:30:42.491024300,0.001024300,1
'2026-08-22 08:30:42.491039200,0.001039200,0
'2026-08-22 08:30:42.491050400,0.001050400,1
'2026-08-22 08:30:42.491065200,0.001065200,0
'2026-08-22 08:30:42.491065300,0.001065300,1
'2026-08-22 08:30:42.491065400,0.001065400,0
'2026-08-22 08:30:42.491066400,0.001066400,1
'2026-08-22 08:30:42.491066500,0.001066500,0
'2026-08-22 08:30:42.491076500,0.001076500,1
'2026-08-22 08:30:42.491091300,0.001091300,0
'2026-08-22 08:30:42.491091500,0.001091500,1
'2026-08-22 08:30:42.491091600,0.001091600,0
'2026-08-22 08:30:42.491093100,0.001093100,1
'2026-08-22 08:30:42.491093200,0.001093200,0
'2026-08-22 08:30:42.491102600,0.001102600,1
'2026-08-22 08:30:42.491117400,0.001117400,0
'2026-08-22 08:30:42.491119500,0.001119500,1
'2026-08-22 08:30:42.491119600,0.001119600,0
'2026-08-22 08:30:42.491128700,0.001128700,1
'2026-08-22 08:30:42.491143600,0.001143600,0
'2026-08-22 08:30:42.491154700,0.001154700,1
'2026-08-22 08:30:42.491169900,0.001169900,0
'2026-08-22 08:30:42.491180800,0.001180800,1
'2026-08-22 08:30:42.491195600,0.001195600,0
'2026-08-22 08:30:42.491196600,0.001196600,1
'2026-08-22 08:30:42.491196700,0.001196700,0
'2026-08-22 08:30:42.491199500,0.001199500,1
'2026-08-22 08:30:42.491199600,0.001199600,0
'2026-08-22 08:30:42.491206900,0.001206900,1
'2026-08-22 08:30:42.491221800,0.001221800,0
'2026-08-22 08:30:42.491222300,0.001222300,1
'2026-08-22 08:30:42.491222400,0.001222400,0
'2026-08-22 08:30:42.491232200,0.001232200,1
'2026-08-22 08:30:42.491232300,0.001232300,0
'2026-08-22 08:30:42.491233000,0.001233000,1
'2026-08-22 08:30:42.491247800,0.001247800,0
'2026-08-22 08:30:42.491248000,0.001248000,1
'2026-08-22 08:30:42.491248200,0.001248200,0
'2026-08-22 08:30:42.491259100,0.001259100,1
'2026-08-22 08:30:42.491273800,0.001273800,0
'2026-08-22 08:30:42.491285100,0.001285100,1
'2026-08-22 08:30:42.491300200,0.001300200,0
'2026-08-22 08:30:42.491300600,0.001300600,1
'2026-08-22 08:30:42.491300700,0.001300700,0
'2026-08-22 08:30:42.491311200,0.001311200,1
'2026-08-22 08:30:42.491326000,0.001326000,0
'2026-08-22 08:30:42.491326200,0.001326200,1
'2026-08-22 08:30:42.491326400,0.001326400,0
'2026-08-22 08:30:42.491337300,0.001337300,1
'2026-08-22 08:30:42.491352100,0.001352100,0
'2026-08-22 08:30:42.491352400,0.001352400,1
'2026-08-22 08:30:42.491352500,0.001352500,0
'2026-08-22 08:30:42.491362100,0.001362100,1
'2026-08-22 08:30:42.491362200,0.001362200,0
'2026-08-22 08:30:42.491363400,0.001363400,1
'2026-08-22 08:30:42.491378400,0.001378400,0
'2026-08-22 08:30:42.491381700,0.001381700,1
'2026-08-22 08:30:42.491381800,0.001381800,0
'2026-08-22 08:30:42.491389500,0.001389500,1
'2026-08-22 08:30:42.491404200,0.001404200,0
'2026-08-22 08:30:42.491404300,0.001404300,1
'2026-08-22 08:30:42.491404700,0.001404700,0
'2026-08-22 08:30:42.491415500,0.001415500,1
'2026-08-22 08:30:42.491430500,0.001430500,0
'2026-08-22 08:30:42.491441600,0.001441600,1
'2026-08-22 08:30:42.491456600,0.001456600,0
'2026-08-22 08:30:42.491467700,0.001467700,1
'2026-08-22 08:30:42.491482800,0.001482800,0
'2026-08-22 08:30:42.491493800,0.001493800,1
'2026-08-22 08:30:42.491508600,0.001508600,0
'2026-08-22 08:30:42.491508800,0.001508800,1
'2026-08-22 08:30:42.491509000,0.001509000,0
'2026-08-22 08:30:42.491510700,0.001510700,1
'2026-08-22 08:30:42.491510800,0.001510800,0
'2026-08-22 08:30:42.491519900,0.001519900,1
'2026-08-22 08:30:42.491534800,0.001534800,0
'2026-08-22 08:30:42.491545900,0.001545900,1
'2026-08-22 08:30:42.491560700,0.001560700,0
'2026-08-22 08:30:42.491560900,0.001560900,1
'2026-08-22 08:30:42.491561100,0.001561100,0
'2026-08-22 08:30:42.491561500,0.001561500,1
'2026-08-22 08:30:42.491561600,0.001561600,0
'2026-08-22 08:30:42.491572000,0.001572000,1
'2026-08-22 08:30:42.491587000,0.001587000,0
'2026-08-22 08:30:42.491587100,0.001587100,1
'2026-08-22 08:30:42.491587400,0.001587400,0
'2026-08-22 08:30:42.491588800,0.001588800,1
'2026-08-22 08:30:42.491588900,0.001588900,0
'2026-08-22 08:30:42.491598100,0.001598100,1
'2026-08-22 08:30:42.491613000,0.001613000,0
'2026-08-22 08:30:42.491615700,0.001615700,1
'2026-08-22 08:30:42.491615800,0.001615800,0
'2026-08-22 08:30:42.491624200,0.001624200,1
'2026-08-22 08:30:42.491639400,0.001639400,0
'2026-08-22 08:30:42.491639700,0.001639700,1
'2026-08-22 08:30:42.491639800,0.001639800,0
'2026-08-22 08:30:42.491641500,0.001641500,1
'2026-08-22 08:30:42.491641600,0.001641600,0
'2026-08-22 08:30:42.491644300,0.001644300,1
'2026-08-22 08:30:42.491644600,0.001644600,0
'2026-08-22 08:30:42.491645200,0.001645200,1
'2026-08-22 08:30:42.491645300,0.001645300,0
'2026-08-22 08:30:42.491646200,0.001646200,1
'2026-08-22 08:30:42.491646300,0.001646300,0
'2026-08-22 08:30:42.491650300,0.001650300,1
'2026-08-22 08:30:42.491665000,0.001665000,0
'2026-08-22 08:30:42.491665400,0.001665400,1
'2026-08-22 08:30:42.491665500,0.001665500,0
'2026-08-22 08:30:42.491668900,0.001668900,1
'2026-08-22 08:30:42.491669000,0.001669000,0
'2026-08-22 08:30:42.491670100,0.001670100,1
'2026-08-22 08:30:42.491670200,0.001670200,0
'2026-08-22 08:30:42.491676300,0.001676300,1
'2026-08-22 08:30:42.491691300,0.001691300,0
'2026-08-22 08:30:42.491695200,0.001695200,1
'2026-08-22 08:30:42.491695300,0.001695300,0
'2026-08-22 08:30:42.491702400,0.001702400,1
'2026-08-22 08:30:42.491717200,0.001717200,0
'2026-08-22 08:30:42.491717400,0.001717400,1
'2026-08-22 08:30:42.491717500,0.001717500,0
'2026-08-22 08:30:42.491719700,0.001719700,1
'2026-08-22 08:30:42.491719800,0.001719800,0
'2026-08-22 08:30:42.491728500,0.001728500,1
'2026-08-22 08:30:42.491743400,0.001743400,0
'2026-08-22 08:30:42.491743500,0.001743500,1
'2026-08-22 08:30:42.491743600,0.001743600,0
'2026-08-22 08:30:42.491754600,0.001754600,1
'2026-08-22 08:30:42.491769600,0.001769600,0
'2026-08-22 08:30:42.491772300,0.001772300,1
'2026-08-22 08:30:42.491772400,0.001772400,0
'2026-08-22 08:30:42.491780700,0.001780700,1
'2026-08-22 08:30:42.491795700,0.001795700,0
'2026-08-22 08:30:42.491806700,0.001806700,1
'2026-08-22 08:30:42.491821700,0.001821700,0
'2026-08-22 08:30:42.491821900,0.001821900,1
'2026-08-22 08:30:42.491822000,0.001822000,0
'2026-08-22 08:30:42.491822500,0.001822500,1
'2026-08-22 08:30:42.491822600,0.001822600,0
'2026-08-22 08:30:42.491832400,0.001832400,1
'2026-08-22 08:30:42.491832500,0.001832500,0
'2026-08-22 08:30:42.491832800,0.001832800,1
'2026-08-22 08:30:42.491847800,0.001847800,0
'2026-08-22 08:30:42.491847900,0.001847900,1
'2026-08-22 08:30:42.491848000,0.001848000,0
'2026-08-22 08:30:42.491848100,0.001848100,1
'2026-08-22 08:30:42.491848200,0.001848200,0
'2026-08-22 08:30:42.491853200,0.001853200,1
'2026-08-22 08:30:42.491853300,0.001853300,0
'2026-08-22 08:30:42.491858900,0.001858900,1
'2026-08-22 08:30:42.491873800,0.001873800,0
'2026-08-22 08:30:42.491885000,0.001885000,1
'2026-08-22 08:30:42.491899800,0.001899800,0
'2026-08-22 08:30:42.491900100,0.001900100,1
'2026-08-22 08:30:42.491900200,0.001900200,0
'2026-08-22 08:30:42.491903700,0.001903700,1
'2026-08-22 08:30:42.491903800,0.001903800,0
'2026-08-22 08:30:42.491904400,0.001904400,1
'2026-08-22 08:30:42.491904500,0.001904500,0
'2026-08-22 08:30:42.491911100,0.001911100,1
'2026-08-22 08:30:42.491926000,0.001926000,0
'2026-08-22 08:30:42.491937100,0.001937100,1
'2026-08-22 08:30:42.491952200,0.001952200,0
'2026-08-22 08:30:42.491960300,0.001960300,1
'2026-08-22 08:30:42.491960400,0.001960400,0
'2026-08-22 08:30:42.491963200,0.001963200,1
'2026-08-22 08:30:42.491978200,0.001978200,0
'2026-08-22 08:30:42.491978300,0.001978300,1
'2026-08-22 08:30:42.491978500,0.001978500,0
'2026-08-22 08:30:42.491981600,0.001981600,1
'2026-08-22 08:30:42.491981700,0.001981700,0
'2026-08-22 08:30:42.491989300,0.001989300,1
'2026-08-22 08:30:42.492004300,0.002004300,0
'2026-08-22 08:30:42.492007900,0.002007900,1
'2026-08-22 08:30:42.492008000,0.002008000,0
'2026-08-22 08:30:42.492015400,0.002015400,1
'2026-08-22 08:30:42.492030500,0.002030500,0
'2026-08-22 08:30:42.492032700,0.002032700,1
'2026-08-22 08:30:42.492032800,0.002032800,0
'2026-08-22 08:30:42.492041400,0.002041400,1
'2026-08-22 08:30:42.492056400,0.002056400,0
'2026-08-22 08:30:42.492056500,0.002056500,1
'2026-08-22 08:30:42.492056700,0.002056700,0
'2026-08-22 08:30:42.492064300,0.002064300,1
'2026-08-22 08:30:42.492064400,0.002064400,0
'2026-08-22 08:30:42.492067500,0.002067500,1
'2026-08-22 08:30:42.492082600,0.002082600,0
'2026-08-22 08:30:42.492082900,0.002082900,1
'2026-08-22 08:30:42.492083000,0.002083000,0
'2026-08-22 08:30:42.492085000,0.002085000,1
'2026-08-22 08:30:42.492085100,0.002085100,0
'2026-08-22 08:30:42.492093600,0.002093600,1
'2026-08-22 08:30:42.492108800,0.002108800,0
'2026-08-22 08:30:42.492114500,0.002114500,1
'2026-08-22 08:30:42.492114600,0.002114600,0
'2026-08-22 08:30:42.492119700,0.002119700,1
'2026-08-22 08:30:42.492134700,0.002134700,0
'2026-08-22 08:30:42.492134900,0.002134900,1
'2026-08-22 08:30:42.492135000,0.002135000,0
'2026-08-22 08:30:42.492145800,0.002145800,1
'2026-08-22 08:30:42.492160800,0.002160800,0
'2026-08-22 08:30:42.492171800,0.002171800,1
'2026-08-22 08:30:42.492187000,0.002187000,0
'2026-08-22 08:30:42.492197900,0.002197900,1
'2026-08-22 08:30:42.492212800,0.002212800,0
'2026-08-22 08:30:42.492213200,0.002213200,1
'2026-08-22 08:30:42.492213300,0.002213300,0
'2026-08-22 08:30:42.492224000,0.002224000,1
'2026-08-22 08:30:42.492239000,0.002239000,0
'2026-08-22 08:30:42.492239400,0.002239400,1
'2026-08-22 08:30:42.492239500,0.002239500,0
'2026-08-22 08:30:42.492250100,0.002250100,1
'2026-08-22 08:30:42.492265400,0.002265400,0
'2026-08-22 08:30:42.492265700,0.002265700,1
'2026-08-22 08:30:42.492265800,0.002265800,0
'2026-08-22 08:30:42.492276200,0.002276200,1
'2026-08-22 08:30:42.492291000,0.002291000,0
'2026-08-22 08:30:42.492291100,0.002291100,1
'2026-08-22 08:30:42.492291200,0.002291200,0
'2026-08-22 08:30:42.492302200,0.002302200,1
'2026-08-22 08:30:42.492317200,0.002317200,0
'2026-08-22 08:30:42.492317700,0.002317700,1
'2026-08-22 08:30:42.492317800,0.002317800,0
'2026-08-22 08:30:42.492324200,0.002324200,1
'2026-08-22 08:30:42.492324300,0.002324300,0
'2026-08-22 08:30:42.492328300,0.002328300,1
'2026-08-22 08:30:42.492343200,0.002343200,0
'2026-08-22 08:30:42.492345700,0.002345700,1
'2026-08-22 08:30:42.492345800,0.002345800,0
'2026-08-22 08:30:42.492349200,0.002349200,1
'2026-08-22 08:30:42.492349300,0.002349300,0
'2026-08-22 08:30:42.492354400,0.002354400,1
'2026-08-22 08:30:42.492369300,0.002369300,0
'2026-08-22 08:30:42.492374200,0.002374200,1
'2026-08-22 08:30:42.492374300,0.002374300,0
'2026-08-22 08:30:42.492375500,0.002375500,1
'2026-08-22 08:30:42.492375600,0.002375600,0
'2026-08-22 08:30:42.492376700,0.002376700,1
'2026-08-22 08:30:42.492376800,0.002376800,0
'2026-08-22 08:30:42.492377800,0.002377800,1
'2026-08-22 08:30:42.492377900,0.002377900,0
'2026-08-22 08:30:42.492380500,0.002380500,1
'2026-08-22 08:30:42.492395600,0.002395600,0
'2026-08-22 08:30:42.492395700,0.002395700,1
'2026-08-22 08:30:42.492395800,0.002395800,0
'2026-08-22 08:30:42.492396000,0.002396000,1
'2026-08-22 08:30:42.492396100,0.002396100,0
'2026-08-22 08:30:42.492396500,0.002396500,1
'2026-08-22 08:30:42.492396600,0.002396600,0
'2026-08-22 08:30:42.492397100,0.002397100,1
'2026-08-22 08:30:42.492397200,0.002397200,0
'2026-08-22 08:30:42.492398100,0.002398100,1
'2026-08-22 08:30:42.492398200,0.002398200,0
'2026-08-22 08:30:42.492398300,0.002398300,1
'2026-08-22 08:30:42.492398400,0.002398400,0
'2026-08-22 08:30:42.492399200,0.002399200,1
'2026-08-22 08:30:42.492399300,0.002399300,0
'2026-08-22 08:30:42.492406600,0.002406600,1
'2026-08-22 08:30:42.492421400,0.002421400,0
'2026-08-22 08:30:42.492421500,0.002421500,1
'2026-08-22 08:30:42.492421600,0.002421600,0
'2026-08-22 08:30:42.492421700,0.002421700,1
'2026-08-22 08:30:42.492421800,0.002421800,0
'2026-08-22 08:30:42.492421900,0.002421900,1
'2026-08-22 08:30:42.492422000,0.002422000,0
'2026-08-22 08:30:42.492425800,0.002425800,1
'2026-08-22 08:30:42.492425900,0.002425900,0
'2026-08-22 08:30:42.492432600,0.002432600,1
'2026-08-22 08:30:42.492447600,0.002447600,0
'2026-08-22 08:30:42.492447900,0.002447900,1
'2026-08-22 08:30:42.492448200,0.002448200,0
'2026-08-22 08:30:42.492449100,0.002449100,1
'2026-08-22 08:30:42.492449300,0.002449300,0
'2026-08-22 08:30:42.492449700,0.002449700,1
'2026-08-22 08:30:42.492449800,0.002449800,0
'2026-08-22 08:30:42.492450300,0.002450300,1
'2026-08-22 08:30:42.492450400,0.002450400,0
'2026-08-22 08:30:42.492451400,0.002451400,1
'2026-08-22 08:30:42.492451500,0.002451500,0
'2026-08-22 08:30:42.492458700,0.002458700,1
'2026-08-22 08:30:42.492473800,0.002473800,0
'2026-08-22 08:30:42.492477700,0.002477700,1
'2026-08-22 08:30:42.492477800,0.002477800,0
'2026-08-22 08:30:42.492479500,0.002479500,1
'2026-08-22 08:30:42.492479600,0.002479600,0
'2026-08-22 08:30:42.492479700,0.002479700,1
'2026-08-22 08:30:42.492479800,0.002479800,0
'2026-08-22 08:30:42.492484800,0.002484800,1
'2026-08-22 08:30:42.492499800,0.002499800,0
'2026-08-22 08:30:42.492499900,0.002499900,1
'2026-08-22 08:30:42.492500000,0.002500000,0
'2026-08-22 08:30:42.492500500,0.002500500,1
'2026-08-22 08:30:42.492500600,0.002500600,0
'2026-08-22 08:30:42.492510400,0.002510400,1
'2026-08-22 08:30:42.492510500,0.002510500,0
'2026-08-22 08:30:42.492510900,0.002510900,1
'2026-08-22 08:30:42.492525800,0.002525800,0
'2026-08-22 08:30:42.492526000,0.002526000,1
'2026-08-22 08:30:42.492526300,0.002526300,0
'2026-08-22 08:30:42.492526500,0.002526500,1
'2026-08-22 08:30:42.492526600,0.002526600,0
'2026-08-22 08:30:42.492527200,0.002527200,1
'2026-08-22 08:30:42.492527300,0.002527300,0
'2026-08-22 08:30:42.492527900,0.002527900,1
'2026-08-22 08:30:42.492528000,0.002528000,0
'2026-08-22 08:30:42.492529400,0.002529400,1
'2026-08-22 08:30:42.492529500,0.002529500,0
'2026-08-22 08:30:42.492530900,0.002530900,1
'2026-08-22 08:30:42.492531000,0.002531000,0
'2026-08-22 08:30:42.492537000,0.002537000,1
'2026-08-22 08:30:42.492552000,0.002552000,0
'2026-08-22 08:30:42.492552100,0.002552100,1
'2026-08-22 08:30:42.492552300,0.002552300,0
'2026-08-22 08:30:42.492563000,0.002563000,1
'2026-08-22 08:30:42.492578200,0.002578200,0
'2026-08-22 08:30:42.492578800,0.002578800,1
'2026-08-22 08:30:42.492578900,0.002578900,0
'2026-08-22 08:30:42.492579300,0.002579300,1
'2026-08-22 08:30:42.492579400,0.002579400,0
'2026-08-22 08:30:42.492589100,0.002589100,1
'2026-08-22 08:30:42.492604000,0.002604000,0
'2026-08-22 08:30:42.492606700,0.002606700,1
'2026-08-22 08:30:42.492606800,0.002606800,0
'2026-08-22 08:30:42.492608500,0.002608500,1
'2026-08-22 08:30:42.492608600,0.002608600,0
'2026-08-22 08:30:42.492610300,0.002610300,1
'2026-08-22 08:30:42.492610400,0.002610400,0
'2026-08-22 08:30:42.492615200,0.002615200,1
'2026-08-22 08:30:42.492630400,0.002630400,0
'2026-08-22 08:30:42.492631300,0.002631300,1
'2026-08-22 08:30:42.492631400,0.002631400,0
'2026-08-22 08:30:42.492641300,0.002641300,1
'2026-08-22 08:30:42.492656500,0.002656500,0
'2026-08-22 08:30:42.492658100,0.002658100,1
'2026-08-22 08:30:42.492658200,0.002658200,0
'2026-08-22 08:30:42.492658700,0.002658700,1
'2026-08-22 08:30:42.492658800,0.002658800,0
'2026-08-22 08:30:42.492667400,0.002667400,1
'2026-08-22 08:30:42.492682300,0.002682300,0
'2026-08-22 08:30:42.492682700,0.002682700,1
'2026-08-22 08:30:42.492682800,0.002682800,0
'2026-08-22 08:30:42.492690300,0.002690300,1
'2026-08-22 08:30:42.492690400,0.002690400,0
'2026-08-22 08:30:42.492693500,0.002693500,1
'2026-08-22 08:30:42.492708500,0.002708500,0
'2026-08-22 08:30:42.492708700,0.002708700,1
'2026-08-22 08:30:42.492708800,0.002708800,0
'2026-08-22 08:30:42.492708900,0.002708900,1
'2026-08-22 08:30:42.492709100,0.002709100,0
'2026-08-22 08:30:42.492709500,0.002709500,1
'2026-08-22 08:30:42.492709600,0.002709600,0
'2026-08-22 08:30:42.492709900,0.002709900,1
'2026-08-22 08:30:42.492710000,0.002710000,0
'2026-08-22 08:30:42.492710100,0.002710100,1
'2026-08-22 08:30:42.492710200,0.002710200,0
'2026-08-22 08:30:42.492714800,0.002714800,1
'2026-08-22 08:30:42.492714900,0.002714900,0
'2026-08-22 08:30:42.492717900,0.002717900,1
'2026-08-22 08:30:42.492718000,0.002718000,0
'2026-08-22 08:30:42.492719500,0.002719500,1
'2026-08-22 08:30:42.492734400,0.002734400,0
'2026-08-22 08:30:42.492740500,0.002740500,1
'2026-08-22 08:30:42.492740600,0.002740600,0
'2026-08-22 08:30:42.492745600,0.002745600,1
'2026-08-22 08:30:42.492760800,0.002760800,0
'2026-08-22 08:30:42.492760900,0.002760900,1
'2026-08-22 08:30:42.492761100,0.002761100,0
'2026-08-22 08:30:42.492761500,0.002761500,1
'2026-08-22 08:30:42.492761600,0.002761600,0
'2026-08-22 08:30:42.492767300,0.002767300,1
'2026-08-22 08:30:42.492767400,0.002767400,0
'2026-08-22 08:30:42.492769700,0.002769700,1
'2026-08-22 08:30:42.492769800,0.002769800,0
'2026-08-22 08:30:42.492771700,0.002771700,1
'2026-08-22 08:30:42.492787300,0.002787300,0
'2026-08-22 08:30:42.492787800,0.002787800,1
'2026-08-22 08:30:42.492787900,0.002787900,0
'2026-08-22 08:30:42.492788300,0.002788300,1
'2026-08-22 08:30:42.492788400,0.002788400,0
'2026-08-22 08:30:42.492788900,0.002788900,1
'2026-08-22 08:30:42.492789000,0.002789000,0
'2026-08-22 08:30:42.492789500,0.002789500,1
'2026-08-22 08:30:42.492789600,0.002789600,0
'2026-08-22 08:30:42.492790100,0.002790100,1
'2026-08-22 08:30:42.492790200,0.002790200,0
'2026-08-22 08:30:42.492790700,0.002790700,1
'2026-08-22 08:30:42.492790800,0.002790800,0
'2026-08-22 08:30:42.492791800,0.002791800,1
'2026-08-22 08:30:42.492791900,0.002791900,0
'2026-08-22 08:30:42.492797800,0.002797800,1
'2026-08-22 08:30:42.492812600,0.002812600,0
'2026-08-22 08:30:42.492812900,0.002812900,1
'2026-08-22 08:30:42.492813000,0.002813000,0
'2026-08-22 08:30:42.492816900,0.002816900,1
'2026-08-22 08:30:42.492817000,0.002817000,0
'2026-08-22 08:30:42.492817300,0.002817300,1
'2026-08-22 08:30:42.492817400,0.002817400,0
'2026-08-22 08:30:42.492818700,0.002818700,1
'2026-08-22 08:30:42.492818800,0.002818800,0
'2026-08-22 08:30:42.492823800,0.002823800,1
'2026-08-22 08:30:42.492838900,0.002838900,0
'2026-08-22 08:30:42.492839100,0.002839100,1
'2026-08-22 08:30:42.492839200,0.002839200,0
'2026-08-22 08:30:42.492839700,0.002839700,1
'2026-08-22 08:30:42.492839800,0.002839800,0
'2026-08-22 08:30:42.492840300,0.002840300,1
'2026-08-22 08:30:42.492840400,0.002840400,0
'2026-08-22 08:30:42.492840900,0.002840900,1
'2026-08-22 08:30:42.492841000,0.002841000,0
'2026-08-22 08:30:42.492847900,0.002847900,1
'2026-08-22 08:30:42.492848000,0.002848000,0
'2026-08-22 08:30:42.492849900,0.002849900,1
'2026-08-22 08:30:42.492864900,0.002864900,0
'2026-08-22 08:30:42.492869500,0.002869500,1
'2026-08-22 08:30:42.492869600,0.002869600,0
'2026-08-22 08:30:42.492870100,0.002870100,1
'2026-08-22 08:30:42.492870200,0.002870200,0
'2026-08-22 08:30:42.492876000,0.002876000,1
'2026-08-22 08:30:42.492891400,0.002891400,0
'2026-08-22 08:30:42.492891700,0.002891700,1
'2026-08-22 08:30:42.492891800,0.002891800,0
'2026-08-22 08:30:42.492897000,0.002897000,1
'2026-08-22 08:30:42.492897100,0.002897100,0
'2026-08-22 08:30:42.492902100,0.002902100,1
'2026-08-22 08:30:42.492917000,0.002917000,0
'2026-08-22 08:30:42.492917400,0.002917400,1
'2026-08-22 08:30:42.492917500,0.002917500,0
'2026-08-22 08:30:42.492919700,0.002919700,1
'2026-08-22 08:30:42.492919800,0.002919800,0
'2026-08-22 08:30:42.492920900,0.002920900,1
'2026-08-22 08:30:42.492921000,0.002921000,0
'2026-08-22 08:30:42.492922100,0.002922100,1
'2026-08-22 08:30:42.492922200,0.002922200,0
'2026-08-22 08:30:42.492924900,0.002924900,1
'2026-08-22 08:30:42.492925000,0.002925000,0
'2026-08-22 08:30:42.492928200,0.002928200,1
'2026-08-22 08:30:42.492943000,0.002943000,0
'2026-08-22 08:30:42.492943100,0.002943100,1
'2026-08-22 08:30:42.492943200,0.002943200,0
'2026-08-22 08:30:42.492954200,0.002954200,1
'2026-08-22 08:30:42.492969100,0.002969100,0
'2026-08-22 08:30:42.492969500,0.002969500,1
'2026-08-22 08:30:42.492969600,0.002969600,0
'2026-08-22 08:30:42.492969900,0.002969900,1
'2026-08-22 08:30:42.492970100,0.002970100,0
'2026-08-22 08:30:42.492971100,0.002971100,1
'2026-08-22 08:30:42.492971200,0.002971200,0
'2026-08-22 08:30:42.492971700,0.002971700,1
'2026-08-22 08:30:42.492971800,0.002971800,0
'2026-08-22 08:30:42.492978700,0.002978700,1
'2026-08-22 08:30:42.492978800,0.002978800,0
'2026-08-22 08:30:42.492980300,0.002980300,1
'2026-08-22 08:30:42.492995200,0.002995200,0
'2026-08-22 08:30:42.493000300,0.003000300,1
'2026-08-22 08:30:42.493000400,0.003000400,0
'2026-08-22 08:30:42.493002100,0.003002100,1
'2026-08-22 08:30:42.493002300,0.003002300,0
'2026-08-22 08:30:42.493006400,0.003006400,1
'2026-08-22 08:30:42.493021600,0.003021600,0
'2026-08-22 08:30:42.493021700,0.003021700,1
'2026-08-22 08:30:42.493021800,0.003021800,0
'2026-08-22 08:30:42.493021900,0.003021900,1
'2026-08-22 08:30:42.493022100,0.003022100,0
'2026-08-22 08:30:42.493027200,0.003027200,1
'2026-08-22 08:30:42.493027300,0.003027300,0
'2026-08-22 08:30:42.493030700,0.003030700,1
'2026-08-22 08:30:42.493030800,0.003030800,0
'2026-08-22 08:30:42.493032500,0.003032500,1
'2026-08-22 08:30:42.493047400,0.003047400,0
'2026-08-22 08:30:42.493047600,0.003047600,1
'2026-08-22 08:30:42.493047800,0.003047800,0
'2026-08-22 08:30:42.493052200,0.003052200,1
'2026-08-22 08:30:42.493052300,0.003052300,0
'2026-08-22 08:30:42.493058600,0.003058600,1
'2026-08-22 08:30:42.493073600,0.003073600,0
'2026-08-22 08:30:42.493073900,0.003073900,1
'2026-08-22 08:30:42.493074000,0.003074000,0
'2026-08-22 08:30:42.493074500,0.003074500,1
'2026-08-22 08:30:42.493074600,0.003074600,0
'2026-08-22 08:30:42.493075700,0.003075700,1
'2026-08-22 08:30:42.493075800,0.003075800,0
'2026-08-22 08:30:42.493076900,0.003076900,1
'2026-08-22 08:30:42.493077000,0.003077000,0
'2026-08-22 08:30:42.493078600,0.003078600,1
'2026-08-22 08:30:42.493078700,0.003078700,0
'2026-08-22 08:30:42.493084600,0.003084600,1
'2026-08-22 08:30:42.493099300,0.003099300,0
'2026-08-22 08:30:42.493099400,0.003099400,1
'2026-08-22 08:30:42.493099800,0.003099800,0
'2026-08-22 08:30:42.493102200,0.003102200,1
'2026-08-22 08:30:42.493102300,0.003102300,0
'2026-08-22 08:30:42.493104900,0.003104900,1
'2026-08-22 08:30:42.493105000,0.003105000,0
'2026-08-22 08:30:42.493107200,0.003107200,1
'2026-08-22 08:30:42.493107300,0.003107300,0
'2026-08-22 08:30:42.493110700,0.003110700,1
'2026-08-22 08:30:42.493126000,0.003126000,0
'2026-08-22 08:30:42.493127100,0.003127100,1
'2026-08-22 08:30:42.493127300,0.003127300,0
'2026-08-22 08:30:42.493127700,0.003127700,1
'2026-08-22 08:30:42.493127800,0.003127800,0
'2026-08-22 08:30:42.493132300,0.003132300,1
'2026-08-22 08:30:42.493132400,0.003132400,0
'2026-08-22 08:30:42.493136800,0.003136800,1
'2026-08-22 08:30:42.493151800,0.003151800,0
'2026-08-22 08:30:42.493152200,0.003152200,1
'2026-08-22 08:30:42.493152300,0.003152300,0
'2026-08-22 08:30:42.493152800,0.003152800,1
'2026-08-22 08:30:42.493152900,0.003152900,0
'2026-08-22 08:30:42.493162900,0.003162900,1
'2026-08-22 08:30:42.493178100,0.003178100,0
'2026-08-22 08:30:42.493178500,0.003178500,1
'2026-08-22 08:30:42.493178600,0.003178600,0
'2026-08-22 08:30:42.493182000,0.003182000,1
'2026-08-22 08:30:42.493182100,0.003182100,0
'2026-08-22 08:30:42.493189000,0.003189000,1
'2026-08-22 08:30:42.493204000,0.003204000,0
'2026-08-22 08:30:42.493204100,0.003204100,1
'2026-08-22 08:30:42.493204200,0.003204200,0
'2026-08-22 08:30:42.493205400,0.003205400,1
'2026-08-22 08:30:42.493205500,0.003205500,0
'2026-08-22 08:30:42.493206500,0.003206500,1
'2026-08-22 08:30:42.493206600,0.003206600,0
'2026-08-22 08:30:42.493209500,0.003209500,1
'2026-08-22 08:30:42.493209600,0.003209600,0
'2026-08-22 08:30:42.493215000,0.003215000,1
'2026-08-22 08:30:42.493230000,0.003230000,0
'2026-08-22 08:30:42.493230100,0.003230100,1
'2026-08-22 08:30:42.493230200,0.003230200,0
'2026-08-22 08:30:42.493230500,0.003230500,1
'2026-08-22 08:30:42.493230600,0.003230600,0
'2026-08-22 08:30:42.493231000,0.003231000,1
'2026-08-22 08:30:42.493231200,0.003231200,0
'2026-08-22 08:30:42.493231600,0.003231600,1
'2026-08-22 08:30:42.493231700,0.003231700,0
'2026-08-22 08:30:42.493232200,0.003232200,1
'2026-08-22 08:30:42.493232300,0.003232300,0
'2026-08-22 08:30:42.493241100,0.003241100,1
'2026-08-22 08:30:42.493256000,0.003256000,0
'2026-08-22 08:30:42.493256100,0.003256100,1
'2026-08-22 08:30:42.493256200,0.003256200,0
'2026-08-22 08:30:42.493256900,0.003256900,1
'2026-08-22 08:30:42.494898600,0.004898600,0
'2026-08-22 08:30:42.494909700,0.004909700,1
'2026-08-22 08:30:42.494924400,0.004924400,0
'2026-08-22 08:30:42.494935800,0.004935800,1
'2026-08-22 08:30:42.494950800,0.004950800,0
'2026-08-22 08:30:42.494961900,0.004961900,1
'2026-08-22 08:30:42.494976500,0.004976500,0
'2026-08-22 08:30:42.494988000,0.004988000,1
'2026-08-22 08:30:42.495002700,0.005002700,0
'2026-08-22 08:30:42.495002800,0.005002800,1
'2026-08-22 08:30:42.495002900,0.005002900,0
'2026-08-22 08:30:42.495014100,0.005014100,1
'2026-08-22 08:30:42.495028900,0.005028900,0
'2026-08-22 08:30:42.495033700,0.005033700,1
'2026-08-22 08:30:42.495033800,0.005033800,0
'2026-08-22 08:30:42.495040100,0.005040100,1
'2026-08-22 08:30:42.495055100,0.005055100,0
'2026-08-22 08:30:42.495066200,0.005066200,1
'2026-08-22 08:30:42.495081200,0.005081200,0
'2026-08-22 08:30:42.495081300,0.005081300,1
'2026-08-22 08:30:42.495081400,0.005081400,0
'2026-08-22 08:30:42.495082200,0.005082200,1
'2026-08-22 08:30:42.495082300,0.005082300,0
'2026-08-22 08:30:42.495092300,0.005092300,1
'2026-08-22 08:30:42.495107300,0.005107300,0
'2026-08-22 08:30:42.495113900,0.005113900,1
'2026-08-22 08:30:42.495114000,0.005114000,0
'2026-08-22 08:30:42.495118400,0.005118400,1
'2026-08-22 08:30:42.495133400,0.005133400,0
'2026-08-22 08:30:42.495133900,0.005133900,1
'2026-08-22 08:30:42.495134000,0.005134000,0
'2026-08-22 08:30:42.495144500,0.005144500,1
'2026-08-22 08:30:42.495159300,0.005159300,0
'2026-08-22 08:30:42.495159500,0.005159500,1
'2026-08-22 08:30:42.495159700,0.005159700,0
'2026-08-22 08:30:42.495170500,0.005170500,1
'2026-08-22 08:30:42.495185400,0.005185400,0
'2026-08-22 08:30:42.495196600,0.005196600,1
'2026-08-22 08:30:42.495211600,0.005211600,0
'2026-08-22 08:30:42.495211700,0.005211700,1
'2026-08-22 08:30:42.495211800,0.005211800,0
'2026-08-22 08:30:42.495212000,0.005212000,1
'2026-08-22 08:30:42.495212200,0.005212200,0
'2026-08-22 08:30:42.495222700,0.005222700,1
'2026-08-22 08:30:42.495237500,0.005237500,0
'2026-08-22 08:30:42.495248800,0.005248800,1
'2026-08-22 08:30:42.495263600,0.005263600,0
'2026-08-22 08:30:42.495264100,0.005264100,1
'2026-08-22 08:30:42.495264200,0.005264200,0
'2026-08-22 08:30:42.495274900,0.005274900,1
'2026-08-22 08:30:42.495289800,0.005289800,0
'2026-08-22 08:30:42.495292700,0.005292700,1
'2026-08-22 08:30:42.495292800,0.005292800,0
'2026-08-22 08:30:42.495300900,0.005300900,1
'2026-08-22 08:30:42.495717300,0.005717300,0
'2026-08-22 08:30:42.495718000,0.005718000,1
'2026-08-22 08:30:42.495732800,0.005732800,0
'2026-08-22 08:30:42.495732900,0.005732900,1
'2026-08-22 08:30:42.495733000,0.005733000,0
'2026-08-22 08:30:42.495733500,0.005733500,1
'2026-08-22 08:30:42.495733600,0.005733600,0
'2026-08-22 08:30:42.495744100,0.005744100,1
'2026-08-22 08:30:42.495758800,0.005758800,0
'2026-08-22 08:30:42.495767000,0.005767000,1
'2026-08-22 08:30:42.495767100,0.005767100,0
'2026-08-22 08:30:42.495770200,0.005770200,1
'2026-08-22 08:30:42.495785000,0.005785000,0
'2026-08-22 08:30:42.495787700,0.005787700,1
'2026-08-22 08:30:42.495787800,0.005787800,0
'2026-08-22 08:30:42.495796300,0.005796300,1
'2026-08-22 08:30:42.495811000,0.005811000,0
'2026-08-22 08:30:42.495811200,0.005811200,1
'2026-08-22 08:30:42.495811300,0.005811300,0
'2026-08-22 08:30:42.495822400,0.005822400,1
'2026-08-22 08:30:42.495837000,0.005837000,0
'2026-08-22 08:30:42.495837100,0.005837100,1
'2026-08-22 08:30:42.495837200,0.005837200,0
'2026-08-22 08:30:42.495848400,0.005848400,1
'2026-08-22 08:30:42.495863200,0.005863200,0
'2026-08-22 08:30:42.495863700,0.005863700,1
'2026-08-22 08:30:42.495863800,0.005863800,0
'2026-08-22 08:30:42.495874500,0.005874500,1
'2026-08-22 08:30:42.495889200,0.005889200,0
'2026-08-22 08:30:42.495889300,0.005889300,1
'2026-08-22 08:30:42.495889500,0.005889500,0
'2026-08-22 08:30:42.495895300,0.005895300,1
'2026-08-22 08:30:42.495895400,0.005895400,0
'2026-08-22 08:30:42.495900600,0.005900600,1
'2026-08-22 08:30:42.495915500,0.005915500,0
'2026-08-22 08:30:42.495915700,0.005915700,1
'2026-08-22 08:30:42.495915800,0.005915800,0
'2026-08-22 08:30:42.495926700,0.005926700,1
'2026-08-22 08:30:42.495941300,0.005941300,0
'2026-08-22 08:30:42.495952800,0.005952800,1
'2026-08-22 08:30:42.495967900,0.005967900,0
'2026-08-22 08:30:42.495968300,0.005968300,1
'2026-08-22 08:30:42.495968400,0.005968400,0
'2026-08-22 08:30:42.495978800,0.005978800,1
'2026-08-22 08:30:42.495993600,0.005993600,0
'2026-08-22 08:30:42.495995700,0.005995700,1
'2026-08-22 08:30:42.495995800,0.005995800,0
'2026-08-22 08:30:42.495996300,0.005996300,1
'2026-08-22 08:30:42.495996400,0.005996400,0
'2026-08-22 08:30:42.496004900,0.006004900,1
'2026-08-22 08:30:42.496019500,0.006019500,0
'2026-08-22 08:30:42.496019700,0.006019700,1
'2026-08-22 08:30:42.496019800,0.006019800,0
'2026-08-22 08:30:42.496031000,0.006031000,1
'2026-08-22 08:30:42.496046200,0.006046200,0
'2026-08-22 08:30:42.496046500,0.006046500,1
'2026-08-22 08:30:42.496046600,0.006046600,0
'2026-08-22 08:30:42.496057100,0.006057100,1
'2026-08-22 08:30:42.496072000,0.006072000,0
'2026-08-22 08:30:42.496072200,0.006072200,1
'2026-08-22 08:30:42.496072300,0.006072300,0
'2026-08-22 08:30:42.496082200,0.006082200,1
'2026-08-22 08:30:42.496082300,0.006082300,0
'2026-08-22 08:30:42.496083200,0.006083200,1
'2026-08-22 08:30:42.496098100,0.006098100,0
'2026-08-22 08:30:42.496106100,0.006106100,1
'2026-08-22 08:30:42.496106200,0.006106200,0
'2026-08-22 08:30:42.496107200,0.006107200,1
'2026-08-22 08:30:42.496107300,0.006107300,0
'2026-08-22 08:30:42.496109200,0.006109200,1
'2026-08-22 08:30:42.496124300,0.006124300,0
'2026-08-22 08:30:42.496124800,0.006124800,1
'2026-08-22 08:30:42.496124900,0.006124900,0
'2026-08-22 08:30:42.496126100,0.006126100,1
'2026-08-22 08:30:42.496540900,0.006540900,0
'2026-08-22 08:30:42.496541100,0.006541100,1
'2026-08-22 08:30:42.496541200,0.006541200,0
'2026-08-22 08:30:42.496542300,0.006542300,1
'2026-08-22 08:30:42.496542400,0.006542400,0
'2026-08-22 08:30:42.496552500,0.006552500,1
'2026-08-22 08:30:42.496567000,0.006567000,0
'2026-08-22 08:30:42.496567100,0.006567100,1
'2026-08-22 08:30:42.496567300,0.006567300,0
'2026-08-22 08:30:42.496567400,0.006567400,1
'2026-08-22 08:30:42.496567600,0.006567600,0
'2026-08-22 08:30:42.496568000,0.006568000,1
'2026-08-22 08:30:42.496568100,0.006568100,0
'2026-08-22 08:30:42.496578500,0.006578500,1
'2026-08-22 08:30:42.496593300,0.006593300,0
'2026-08-22 08:30:42.496604600,0.006604600,1
'2026-08-22 08:30:42.496619500,0.006619500,0
'2026-08-22 08:30:42.496619800,0.006619800,1
'2026-08-22 08:30:42.496619900,0.006619900,0
'2026-08-22 08:30:42.496626000,0.006626000,1
'2026-08-22 08:30:42.496626100,0.006626100,0
'2026-08-22 08:30:42.496630700,0.006630700,1
'2026-08-22 08:30:42.496645400,0.006645400,0
'2026-08-22 08:30:42.496645500,0.006645500,1
'2026-08-22 08:30:42.496645800,0.006645800,0
'2026-08-22 08:30:42.496656800,0.006656800,1
'2026-08-22 08:30:42.496671500,0.006671500,0
'2026-08-22 08:30:42.496678900,0.006678900,1
'2026-08-22 08:30:42.496679000,0.006679000,0
'2026-08-22 08:30:42.496682900,0.006682900,1
'2026-08-22 08:30:42.496697400,0.006697400,0
'2026-08-22 08:30:42.496697500,0.006697500,1
'2026-08-22 08:30:42.496697600,0.006697600,0
'2026-08-22 08:30:42.496697700,0.006697700,1
'2026-08-22 08:30:42.496697800,0.006697800,0
'2026-08-22 08:30:42.496704100,0.006704100,1
'2026-08-22 08:30:42.496704200,0.006704200,0
'2026-08-22 08:30:42.496709000,0.006709000,1
'2026-08-22 08:30:42.496723800,0.006723800,0
'2026-08-22 08:30:42.496726400,0.006726400,1
'2026-08-22 08:30:42.496726500,0.006726500,0
'2026-08-22 08:30:42.496729100,0.006729100,1
'2026-08-22 08:30:42.496729200,0.006729200,0
'2026-08-22 08:30:42.496734700,0.006734700,1
'2026-08-22 08:30:42.496734800,0.006734800,0
'2026-08-22 08:30:42.496735000,0.006735000,1
'2026-08-22 08:30:42.496750000,0.006750000,0
'2026-08-22 08:30:42.496761100,0.006761100,1
'2026-08-22 08:30:42.496776100,0.006776100,0
'2026-08-22 08:30:42.496776500,0.006776500,1
'2026-08-22 08:30:42.496776700,0.006776700,0
'2026-08-22 08:30:42.496779300,0.006779300,1
'2026-08-22 08:30:42.496779400,0.006779400,0
'2026-08-22 08:30:42.496784900,0.006784900,1
'2026-08-22 08:30:42.496785000,0.006785000,0
'2026-08-22 08:30:42.496787200,0.006787200,1
'2026-08-22 08:30:42.496802000,0.006802000,0
'2026-08-22 08:30:42.496804000,0.006804000,1
'2026-08-22 08:30:42.496804100,0.006804100,0
'2026-08-22 08:30:42.496807200,0.006807200,1
'2026-08-22 08:30:42.496807300,0.006807300,0
'2026-08-22 08:30:42.496808200,0.006808200,1
'2026-08-22 08:30:42.496808300,0.006808300,0
'2026-08-22 08:30:42.496813300,0.006813300,1
'2026-08-22 08:30:42.496828100,0.006828100,0
'2026-08-22 08:30:42.496828400,0.006828400,1
'2026-08-22 08:30:42.496828600,0.006828600,0
'2026-08-22 08:30:42.496829100,0.006829100,1
'2026-08-22 08:30:42.496829200,0.006829200,0
'2026-08-22 08:30:42.496829500,0.006829500,1
'2026-08-22 08:30:42.496829700,0.006829700,0
'2026-08-22 08:30:42.496837900,0.006837900,1
'2026-08-22 08:30:42.496838000,0.006838000,0
'2026-08-22 08:30:42.496839400,0.006839400,1
'2026-08-22 08:30:42.496854300,0.006854300,0
'2026-08-22 08:30:42.496854600,0.006854600,1
'2026-08-22 08:30:42.496854800,0.006854800,0
'2026-08-22 08:30:42.496857400,0.006857400,1
'2026-08-22 08:30:42.496857500,0.006857500,0
'2026-08-22 08:30:42.496860200,0.006860200,1
'2026-08-22 08:30:42.496860300,0.006860300,0
'2026-08-22 08:30:42.496865500,0.006865500,1
'2026-08-22 08:30:42.496880800,0.006880800,0
'2026-08-22 08:30:42.496882500,0.006882500,1
'2026-08-22 08:30:42.496882600,0.006882600,0
'2026-08-22 08:30:42.496888100,0.006888100,1
'2026-08-22 08:30:42.496888200,0.006888200,0
'2026-08-22 08:30:42.496890900,0.006890900,1
'2026-08-22 08:30:42.496891000,0.006891000,0
'2026-08-22 08:30:42.496891500,0.006891500,1
'2026-08-22 08:30:42.496906200,0.006906200,0
'2026-08-22 08:30:42.496906700,0.006906700,1
'2026-08-22 08:30:42.496906800,0.006906800,0
'2026-08-22 08:30:42.496907600,0.006907600,1
'2026-08-22 08:30:42.496907700,0.006907700,0
'2026-08-22 08:30:42.496917600,0.006917600,1
'2026-08-22 08:30:42.496932600,0.006932600,0
'2026-08-22 08:30:42.496932700,0.006932700,1
'2026-08-22 08:30:42.496933000,0.006933000,0
'2026-08-22 08:30:42.496935500,0.006935500,1
'2026-08-22 08:30:42.496935600,0.006935600,0
'2026-08-22 08:30:42.496941100,0.006941100,1
'2026-08-22 08:30:42.496941200,0.006941200,0
'2026-08-22 08:30:42.496943700,0.006943700,1
'2026-08-22 08:30:42.498162000,0.008162000,0
'2026-08-22 08:30:42.498162500,0.008162500,1
'2026-08-22 08:30:42.498162600,0.008162600,0
'2026-08-22 08:30:42.498169100,0.008169100,1
'2026-08-22 08:30:42.498183900,0.008183900,0
'2026-08-22 08:30:42.498184000,0.008184000,1
'2026-08-22 08:30:42.498184200,0.008184200,0
'2026-08-22 08:30:42.498195200,0.008195200,1
'2026-08-22 08:30:42.498210000,0.008210000,0
'2026-08-22 08:30:42.498221300,0.008221300,1
'2026-08-22 08:30:42.498236200,0.008236200,0
'2026-08-22 08:30:42.498236600,0.008236600,1
'2026-08-22 08:30:42.498236700,0.008236700,0
'2026-08-22 08:30:42.498247400,0.008247400,1
'2026-08-22 08:30:42.498262100,0.008262100,0
'2026-08-22 08:30:42.498262300,0.008262300,1
'2026-08-22 08:30:42.498262400,0.008262400,0
'2026-08-22 08:30:42.498273500,0.008273500,1
'2026-08-22 08:30:42.498288200,0.008288200,0
'2026-08-22 08:30:42.498289400,0.008289400,1
'2026-08-22 08:30:42.498289500,0.008289500,0
'2026-08-22 08:30:42.498299500,0.008299500,1
'2026-08-22 08:30:42.498314200,0.008314200,0
'2026-08-22 08:30:42.498314300,0.008314300,1
'2026-08-22 08:30:42.498314400,0.008314400,0
'2026-08-22 08:30:42.498314500,0.008314500,1
'2026-08-22 08:30:42.498314600,0.008314600,0
'2026-08-22 08:30:42.498325600,0.008325600,1
'2026-08-22 08:30:42.498340400,0.008340400,0
'2026-08-22 08:30:42.498340500,0.008340500,1
'2026-08-22 08:30:42.498340600,0.008340600,0
'2026-08-22 08:30:42.498351700,0.008351700,1
'2026-08-22 08:30:42.498366500,0.008366500,0
'2026-08-22 08:30:42.498370300,0.008370300,1
'2026-08-22 08:30:42.498370400,0.008370400,0
'2026-08-22 08:30:42.498377800,0.008377800,1
'2026-08-22 08:30:42.498392700,0.008392700,0
'2026-08-22 08:30:42.498403900,0.008403900,1
'2026-08-22 08:30:42.498418500,0.008418500,0
'2026-08-22 08:30:42.498430000,0.008430000,1
'2026-08-22 08:30:42.498444700,0.008444700,0
'2026-08-22 08:30:42.498456000,0.008456000,1
'2026-08-22 08:30:42.498471000,0.008471000,0
'2026-08-22 08:30:42.498471300,0.008471300,1
'2026-08-22 08:30:42.498471400,0.008471400,0
'2026-08-22 08:30:42.498482100,0.008482100,1
'2026-08-22 08:30:42.498497100,0.008497100,0
'2026-08-22 08:30:42.498498800,0.008498800,1
'2026-08-22 08:30:42.498498900,0.008498900,0
'2026-08-22 08:30:42.498508200,0.008508200,1
'2026-08-22 08:30:42.498523000,0.008523000,0
'2026-08-22 08:30:42.498523300,0.008523300,1
'2026-08-22 08:30:42.498523400,0.008523400,0
'2026-08-22 08:30:42.498523700,0.008523700,1
'2026-08-22 08:30:42.498523800,0.008523800,0
'2026-08-22 08:30:42.498532200,0.008532200,1
'2026-08-22 08:30:42.498532300,0.008532300,0
'2026-08-22 08:30:42.498534300,0.008534300,1
'2026-08-22 08:30:42.498549200,0.008549200,0
'2026-08-22 08:30:42.498549500,0.008549500,1
'2026-08-22 08:30:42.498549700,0.008549700,0
'2026-08-22 08:30:42.498553000,0.008553000,1
'2026-08-22 08:30:42.498553100,0.008553100,0
'2026-08-22 08:30:42.498557200,0.008557200,1
'2026-08-22 08:30:42.498557300,0.008557300,0
'2026-08-22 08:30:42.498560400,0.008560400,1
'2026-08-22 08:30:42.498992600,0.008992600,0
'2026-08-22 08:30:42.499003200,0.009003200,1
'2026-08-22 08:30:42.499003300,0.009003300,0
'2026-08-22 08:30:42.499003600,0.009003600,1
'2026-08-22 08:30:42.499018200,0.009018200,0
'2026-08-22 08:30:42.499029700,0.009029700,1
'2026-08-22 08:30:42.499044800,0.009044800,0
'2026-08-22 08:30:42.499055700,0.009055700,1
'2026-08-22 08:30:42.499070400,0.009070400,0
'2026-08-22 08:30:42.499070800,0.009070800,1
'2026-08-22 08:30:42.499070900,0.009070900,0
'2026-08-22 08:30:42.499071600,0.009071600,1
'2026-08-22 08:30:42.499071700,0.009071700,0
'2026-08-22 08:30:42.499073900,0.009073900,1
'2026-08-22 08:30:42.499074000,0.009074000,0
'2026-08-22 08:30:42.499081800,0.009081800,1
'2026-08-22 08:30:42.499096500,0.009096500,0
'2026-08-22 08:30:42.499096600,0.009096600,1
'2026-08-22 08:30:42.499096700,0.009096700,0
'2026-08-22 08:30:42.499107900,0.009107900,1
'2026-08-22 08:30:42.499123000,0.009123000,0
'2026-08-22 08:30:42.499123100,0.009123100,1
'2026-08-22 08:30:42.499123200,0.009123200,0
'2026-08-22 08:30:42.499123800,0.009123800,1
'2026-08-22 08:30:42.499123900,0.009123900,0
'2026-08-22 08:30:42.499134000,0.009134000,1
'2026-08-22 08:30:42.499148800,0.009148800,0
'2026-08-22 08:30:42.499160100,0.009160100,1
'2026-08-22 08:30:42.499174800,0.009174800,0
'2026-08-22 08:30:42.499174900,0.009174900,1
'2026-08-22 08:30:42.499175000,0.009175000,0
'2026-08-22 08:30:42.499186200,0.009186200,1
'2026-08-22 08:30:42.499201000,0.009201000,0
'2026-08-22 08:30:42.499201200,0.009201200,1
'2026-08-22 08:30:42.499201300,0.009201300,0
'2026-08-22 08:30:42.499212200,0.009212200,1
'2026-08-22 08:30:42.499227000,0.009227000,0
'2026-08-22 08:30:42.499238300,0.009238300,1
'2026-08-22 08:30:42.499253600,0.009253600,0
'2026-08-22 08:30:42.499253700,0.009253700,1
'2026-08-22 08:30:42.499253800,0.009253800,0
'2026-08-22 08:30:42.499264400,0.009264400,1
'2026-08-22 08:30:42.499279000,0.009279000,0
'2026-08-22 08:30:42.499290500,0.009290500,1
'2026-08-22 08:30:42.499305600,0.009305600,0
'2026-08-22 08:30:42.499316600,0.009316600,1
'2026-08-22 08:30:42.499331200,0.009331200,0
'2026-08-22 08:30:42.499331500,0.009331500,1
'2026-08-22 08:30:42.499331600,0.009331600,0
'2026-08-22 08:30:42.499342600,0.009342600,1
'2026-08-22 08:30:42.499357500,0.009357500,0
'2026-08-22 08:30:42.499368700,0.009368700,1
'2026-08-22 08:30:42.499383700,0.009383700,0
'2026-08-22 08:30:42.499384000,0.009384000,1
'2026-08-22 08:30:42.499384100,0.009384100,0
'2026-08-22 08:30:42.499384200,0.009384200,1
'2026-08-22 08:30:42.499384300,0.009384300,0
'2026-08-22 08:30:42.499394000,0.009394000,1
'2026-08-22 08:30:42.500608600,0.010608600,0
'2026-08-22 08:30:42.500620200,0.010620200,1
'2026-08-22 08:30:42.500635000,0.010635000,0
'2026-08-22 08:30:42.500646300,0.010646300,1
'2026-08-22 08:30:42.500661100,0.010661100,0
'2026-08-22 08:30:42.500661500,0.010661500,1
'2026-08-22 08:30:42.500661600,0.010661600,0
'2026-08-22 08:30:42.500672400,0.010672400,1
'2026-08-22 08:30:42.500687000,0.010687000,0
'2026-08-22 08:30:42.500696600,0.010696600,1
'2026-08-22 08:30:42.500696700,0.010696700,0
'2026-08-22 08:30:42.500698500,0.010698500,1
'2026-08-22 08:30:42.500713300,0.010713300,0
'2026-08-22 08:30:42.500724600,0.010724600,1
'2026-08-22 08:30:42.500739300,0.010739300,0
'2026-08-22 08:30:42.500750600,0.010750600,1
'2026-08-22 08:30:42.500765600,0.010765600,0
'2026-08-22 08:30:42.500776700,0.010776700,1
'2026-08-22 08:30:42.500791400,0.010791400,0
'2026-08-22 08:30:42.500791700,0.010791700,1
'2026-08-22 08:30:42.500791800,0.010791800,0
'2026-08-22 08:30:42.500802800,0.010802800,1
'2026-08-22 08:30:42.500817500,0.010817500,0
'2026-08-22 08:30:42.500828900,0.010828900,1
'2026-08-22 08:30:42.500843800,0.010843800,0
'2026-08-22 08:30:42.500855000,0.010855000,1
'2026-08-22 08:30:42.500869600,0.010869600,0
'2026-08-22 08:30:42.500881100,0.010881100,1
'2026-08-22 08:30:42.500895800,0.010895800,0
'2026-08-22 08:30:42.500896200,0.010896200,1
'2026-08-22 08:30:42.500896300,0.010896300,0
'2026-08-22 08:30:42.500899200,0.010899200,1
'2026-08-22 08:30:42.500899300,0.010899300,0
'2026-08-22 08:30:42.500907100,0.010907100,1
'2026-08-22 08:30:42.500922000,0.010922000,0
'2026-08-22 08:30:42.500933200,0.010933200,1
'2026-08-22 08:30:42.500948000,0.010948000,0
'2026-08-22 08:30:42.500959300,0.010959300,1
'2026-08-22 08:30:42.500974100,0.010974100,0
'2026-08-22 08:30:42.500974400,0.010974400,1
'2026-08-22 08:30:42.500974600,0.010974600,0
'2026-08-22 08:30:42.500975000,0.010975000,1
'2026-08-22 08:30:42.500975100,0.010975100,0
'2026-08-22 08:30:42.500975400,0.010975400,1
'2026-08-22 08:30:42.500975500,0.010975500,0
'2026-08-22 08:30:42.500984500,0.010984500,1
'2026-08-22 08:30:42.500984600,0.010984600,0
'2026-08-22 08:30:42.500985400,0.010985400,1
'2026-08-22 08:30:42.501000300,0.011000300,0
'2026-08-22 08:30:42.501008400,0.011008400,1
'2026-08-22 08:30:42.501422600,0.011422600,0
'2026-08-22 08:30:42.501428600,0.011428600,1
'2026-08-22 08:30:42.501443400,0.011443400,0
'2026-08-22 08:30:42.501454700,0.011454700,1
'2026-08-22 08:30:42.501469400,0.011469400,0
'2026-08-22 08:30:42.501480800,0.011480800,1
'2026-08-22 08:30:42.501495400,0.011495400,0
'2026-08-22 08:30:42.501495900,0.011495900,1
'2026-08-22 08:30:42.501496000,0.011496000,0
'2026-08-22 08:30:42.501496200,0.011496200,1
'2026-08-22 08:30:42.501496300,0.011496300,0
'2026-08-22 08:30:42.501506900,0.011506900,1
'2026-08-22 08:30:42.501521600,0.011521600,0
'2026-08-22 08:30:42.501527900,0.011527900,1
'2026-08-22 08:30:42.501528000,0.011528000,0
'2026-08-22 08:30:42.501533000,0.011533000,1
'2026-08-22 08:30:42.501547600,0.011547600,0
'2026-08-22 08:30:42.501547700,0.011547700,1
'2026-08-22 08:30:42.501547900,0.011547900,0
'2026-08-22 08:30:42.501559000,0.011559000,1
'2026-08-22 08:30:42.501573800,0.011573800,0
'2026-08-22 08:30:42.501574100,0.011574100,1
'2026-08-22 08:30:42.501574200,0.011574200,0
'2026-08-22 08:30:42.501581900,0.011581900,1
'2026-08-22 08:30:42.501582000,0.011582000,0
'2026-08-22 08:30:42.501585100,0.011585100,1
'2026-08-22 08:30:42.501599900,0.011599900,0
'2026-08-22 08:30:42.501611200,0.011611200,1
'2026-08-22 08:30:42.501626300,0.011626300,0
'2026-08-22 08:30:42.501626500,0.011626500,1
'2026-08-22 08:30:42.501626600,0.011626600,0
'2026-08-22 08:30:42.501626700,0.011626700,1
'2026-08-22 08:30:42.501626800,0.011626800,0
'2026-08-22 08:30:42.501637300,0.011637300,1
'2026-08-22 08:30:42.501652000,0.011652000,0
'2026-08-22 08:30:42.501663400,0.011663400,1
'2026-08-22 08:30:42.501678200,0.011678200,0
'2026-08-22 08:30:42.501678300,0.011678300,1
'2026-08-22 08:30:42.501678400,0.011678400,0
'2026-08-22 08:30:42.501678600,0.011678600,1
'2026-08-22 08:30:42.501678700,0.011678700,0
'2026-08-22 08:30:42.501689500,0.011689500,1
'2026-08-22 08:30:42.501704200,0.011704200,0
'2026-08-22 08:30:42.501715500,0.011715500,1
'2026-08-22 08:30:42.501730200,0.011730200,0
'2026-08-22 08:30:42.501730600,0.011730600,1
'2026-08-22 08:30:42.501730700,0.011730700,0
'2026-08-22 08:30:42.501741600,0.011741600,1
'2026-08-22 08:30:42.501756500,0.011756500,0
'2026-08-22 08:30:42.501756700,0.011756700,1
'2026-08-22 08:30:42.501756800,0.011756800,0
'2026-08-22 08:30:42.501757200,0.011757200,1
'2026-08-22 08:30:42.501757300,0.011757300,0
'2026-08-22 08:30:42.501767700,0.011767700,1
'2026-08-22 08:30:42.501782400,0.011782400,0
'2026-08-22 08:30:42.501793800,0.011793800,1
'2026-08-22 08:30:42.501808600,0.011808600,0
'2026-08-22 08:30:42.501808800,0.011808800,1
'2026-08-22 08:30:42.501809000,0.011809000,0
'2026-08-22 08:30:42.501810700,0.011810700,1
'2026-08-22 08:30:42.501810800,0.011810800,0
'2026-08-22 08:30:42.501817100,0.011817100,1
'2026-08-22 08:30:42.501817200,0.011817200,0
'2026-08-22 08:30:42.501819900,0.011819900,1
'2026-08-22 08:30:42.502251800,0.012251800,0
'2026-08-22 08:30:42.502263100,0.012263100,1
'2026-08-22 08:30:42.502277900,0.012277900,0
'2026-08-22 08:30:42.502289200,0.012289200,1
'2026-08-22 08:30:42.502304000,0.012304000,0
'2026-08-22 08:30:42.502315300,0.012315300,1
'2026-08-22 08:30:42.502330000,0.012330000,0
'2026-08-22 08:30:42.502341400,0.012341400,1
'2026-08-22 08:30:42.502356200,0.012356200,0
'2026-08-22 08:30:42.502357100,0.012357100,1
'2026-08-22 08:30:42.502357200,0.012357200,0
'2026-08-22 08:30:42.502367500,0.012367500,1
'2026-08-22 08:30:42.502382400,0.012382400,0
'2026-08-22 08:30:42.502393600,0.012393600,1
'2026-08-22 08:30:42.502408200,0.012408200,0
'2026-08-22 08:30:42.502408500,0.012408500,1
'2026-08-22 08:30:42.502408600,0.012408600,0
'2026-08-22 08:30:42.502419600,0.012419600,1
'2026-08-22 08:30:42.502434400,0.012434400,0
'2026-08-22 08:30:42.502439700,0.012439700,1
'2026-08-22 08:30:42.502439800,0.012439800,0
'2026-08-22 08:30:42.502445700,0.012445700,1
'2026-08-22 08:30:42.502460600,0.012460600,0
'2026-08-22 08:30:42.502471800,0.012471800,1
'2026-08-22 08:30:42.502486600,0.012486600,0
'2026-08-22 08:30:42.502486700,0.012486700,1
'2026-08-22 08:30:42.502486800,0.012486800,0
'2026-08-22 08:30:42.502497900,0.012497900,1
'2026-08-22 08:30:42.502512600,0.012512600,0
'2026-08-22 08:30:42.502512700,0.012512700,1
'2026-08-22 08:30:42.502512800,0.012512800,0
'2026-08-22 08:30:42.502524000,0.012524000,1
'2026-08-22 08:30:42.502538900,0.012538900,0
'2026-08-22 08:30:42.502550100,0.012550100,1
'2026-08-22 08:30:42.502565100,0.012565100,0
'2026-08-22 08:30:42.502576100,0.012576100,1
'2026-08-22 08:30:42.502591200,0.012591200,0
'2026-08-22 08:30:42.502591300,0.012591300,1
'2026-08-22 08:30:42.502591400,0.012591400,0
'2026-08-22 08:30:42.502591900,0.012591900,1
'2026-08-22 08:30:42.502592000,0.012592000,0
'2026-08-22 08:30:42.502602200,0.012602200,1
'2026-08-22 08:30:42.502616900,0.012616900,0
'2026-08-22 08:30:42.502617000,0.012617000,1
'2026-08-22 08:30:42.502617100,0.012617100,0
'2026-08-22 08:30:42.502628300,0.012628300,1
'2026-08-22 08:30:42.502643300,0.012643300,0
'2026-08-22 08:30:42.502643800,0.012643800,1
'2026-08-22 08:30:42.502643900,0.012643900,0
'2026-08-22 08:30:42.502654400,0.012654400,1
'2026-08-22 08:30:42.503069100,0.013069100,0
'2026-08-22 08:30:42.503071600,0.013071600,1
'2026-08-22 08:30:42.503086400,0.013086400,0
'2026-08-22 08:30:42.503086500,0.013086500,1
'2026-08-22 08:30:42.503086600,0.013086600,0
'2026-08-22 08:30:42.503097700,0.013097700,1
'2026-08-22 08:30:42.503112400,0.013112400,0
'2026-08-22 08:30:42.503123800,0.013123800,1
'2026-08-22 08:30:42.503138600,0.013138600,0
'2026-08-22 08:30:42.503149900,0.013149900,1
'2026-08-22 08:30:42.503164500,0.013164500,0
'2026-08-22 08:30:42.503164800,0.013164800,1
'2026-08-22 08:30:42.503164900,0.013164900,0
'2026-08-22 08:30:42.503175900,0.013175900,1
'2026-08-22 08:30:42.503190600,0.013190600,0
'2026-08-22 08:30:42.503191700,0.013191700,1
'2026-08-22 08:30:42.503191800,0.013191800,0
'2026-08-22 08:30:42.503202000,0.013202000,1
'2026-08-22 08:30:42.503216900,0.013216900,0
'2026-08-22 08:30:42.503228100,0.013228100,1
'2026-08-22 08:30:42.503243200,0.013243200,0
'2026-08-22 08:30:42.503254200,0.013254200,1
'2026-08-22 08:30:42.503269000,0.013269000,0
'2026-08-22 08:30:42.503280300,0.013280300,1
'2026-08-22 08:30:42.503295000,0.013295000,0
'2026-08-22 08:30:42.503295100,0.013295100,1
'2026-08-22 08:30:42.503295200,0.013295200,0
'2026-08-22 08:30:42.503306400,0.013306400,1
'2026-08-22 08:30:42.503321200,0.013321200,0
'2026-08-22 08:30:42.503321300,0.013321300,1
'2026-08-22 08:30:42.503321400,0.013321400,0
'2026-08-22 08:30:42.503332500,0.013332500,1
'2026-08-22 08:30:42.503347300,0.013347300,0
'2026-08-22 08:30:42.503358600,0.013358600,1
'2026-08-22 08:30:42.503373400,0.013373400,0
'2026-08-22 08:30:42.503384600,0.013384600,1
'2026-08-22 08:30:42.503399600,0.013399600,0
'2026-08-22 08:30:42.503402600,0.013402600,1
'2026-08-22 08:30:42.503402700,0.013402700,0
'2026-08-22 08:30:42.503410700,0.013410700,1
'2026-08-22 08:30:42.503425400,0.013425400,0
'2026-08-22 08:30:42.503426300,0.013426300,1
'2026-08-22 08:30:42.503426400,0.013426400,0
'2026-08-22 08:30:42.503436800,0.013436800,1
'2026-08-22 08:30:42.503451600,0.013451600,0
'2026-08-22 08:30:42.503462900,0.013462900,1
'2026-08-22 08:30:42.503478000,0.013478000,0
'2026-08-22 08:30:42.503478200,0.013478200,1
'2026-08-22 08:30:42.504703400,0.014703400,0
'2026-08-22 08:30:42.504714700,0.014714700,1
'2026-08-22 08:30:42.504729600,0.014729600,0
'2026-08-22 08:30:42.504740800,0.014740800,1
'2026-08-22 08:30:42.504755600,0.014755600,0
'2026-08-22 08:30:42.504766900,0.014766900,1
'2026-08-22 08:30:42.504781600,0.014781600,0
'2026-08-22 08:30:42.504782100,0.014782100,1
'2026-08-22 08:30:42.504782200,0.014782200,0
'2026-08-22 08:30:42.504792900,0.014792900,1
'2026-08-22 08:30:42.504807800,0.014807800,0
'2026-08-22 08:30:42.504819000,0.014819000,1
'2026-08-22 08:30:42.504833800,0.014833800,0
'2026-08-22 08:30:42.504845100,0.014845100,1
'2026-08-22 08:30:42.504860000,0.014860000,0
'2026-08-22 08:30:42.504871200,0.014871200,1
'2026-08-22 08:30:42.504886000,0.014886000,0
'2026-08-22 08:30:42.504897300,0.014897300,1
'2026-08-22 08:30:42.504912000,0.014912000,0
'2026-08-22 08:30:42.504923400,0.014923400,1
'2026-08-22 08:30:42.504938100,0.014938100,0
'2026-08-22 08:30:42.504949500,0.014949500,1
'2026-08-22 08:30:42.504964300,0.014964300,0
'2026-08-22 08:30:42.504966500,0.014966500,1
'2026-08-22 08:30:42.504966600,0.014966600,0
'2026-08-22 08:30:42.504975600,0.014975600,1
'2026-08-22 08:30:42.504990400,0.014990400,0
'2026-08-22 08:30:42.504990500,0.014990500,1
'2026-08-22 08:30:42.504990600,0.014990600,0
'2026-08-22 08:30:42.505001700,0.015001700,1
'2026-08-22 08:30:42.505016500,0.015016500,0
'2026-08-22 08:30:42.505016800,0.015016800,1
'2026-08-22 08:30:42.505016900,0.015016900,0
'2026-08-22 08:30:42.505027800,0.015027800,1
'2026-08-22 08:30:42.505042600,0.015042600,0
'2026-08-22 08:30:42.505046500,0.015046500,1
'2026-08-22 08:30:42.505046600,0.015046600,0
'2026-08-22 08:30:42.505053900,0.015053900,1
'2026-08-22 08:30:42.505068600,0.015068600,0
'2026-08-22 08:30:42.505080000,0.015080000,1
'2026-08-22 08:30:42.506320600,0.016320600,0
'2026-08-22 08:30:42.506332000,0.016332000,1
'2026-08-22 08:30:42.506346800,0.016346800,0
'2026-08-22 08:30:42.506358100,0.016358100,1
'2026-08-22 08:30:42.506372700,0.016372700,0
'2026-08-22 08:30:42.506372900,0.016372900,1
'2026-08-22 08:30:42.506373000,0.016373000,0
'2026-08-22 08:30:42.506374100,0.016374100,1
'2026-08-22 08:30:42.506374200,0.016374200,0
'2026-08-22 08:30:42.506374600,0.016374600,1
'2026-08-22 08:30:42.506374700,0.016374700,0
'2026-08-22 08:30:42.506384200,0.016384200,1
'2026-08-22 08:30:42.506398800,0.016398800,0
'2026-08-22 08:30:42.506398900,0.016398900,1
'2026-08-22 08:30:42.506399000,0.016399000,0
'2026-08-22 08:30:42.506399100,0.016399100,1
'2026-08-22 08:30:42.506399300,0.016399300,0
'2026-08-22 08:30:42.506402000,0.016402000,1
'2026-08-22 08:30:42.506402100,0.016402100,0
'2026-08-22 08:30:42.506410300,0.016410300,1
'2026-08-22 08:30:42.506425100,0.016425100,0
'2026-08-22 08:30:42.506436400,0.016436400,1
'2026-08-22 08:30:42.506450900,0.016450900,0
'2026-08-22 08:30:42.506462500,0.016462500,1
'2026-08-22 08:30:42.506477600,0.016477600,0
'2026-08-22 08:30:42.506488600,0.016488600,1
'2026-08-22 08:30:42.506503600,0.016503600,0
'2026-08-22 08:30:42.506505100,0.016505100,1
'2026-08-22 08:30:42.506505200,0.016505200,0
'2026-08-22 08:30:42.506514700,0.016514700,1
'2026-08-22 08:30:42.506529500,0.016529500,0
'2026-08-22 08:30:42.506533000,0.016533000,1
'2026-08-22 08:30:42.506533100,0.016533100,0
'2026-08-22 08:30:42.506535800,0.016535800,1
'2026-08-22 08:30:42.506535900,0.016535900,0
'2026-08-22 08:30:42.506540800,0.016540800,1
'2026-08-22 08:30:42.506555800,0.016555800,0
'2026-08-22 08:30:42.506560900,0.016560900,1
'2026-08-22 08:30:42.506561000,0.016561000,0
'2026-08-22 08:30:42.506566900,0.016566900,1
'2026-08-22 08:30:42.506581600,0.016581600,0
'2026-08-22 08:30:42.506583200,0.016583200,1
'2026-08-22 08:30:42.506583300,0.016583300,0
'2026-08-22 08:30:42.506586000,0.016586000,1
'2026-08-22 08:30:42.506586200,0.016586200,0
'2026-08-22 08:30:42.506593000,0.016593000,1
'2026-08-22 08:30:42.506607800,0.016607800,0
'2026-08-22 08:30:42.506608300,0.016608300,1
'2026-08-22 08:30:42.506608400,0.016608400,0
'2026-08-22 08:30:42.506619100,0.016619100,1
'2026-08-22 08:30:42.506634200,0.016634200,0
'2026-08-22 08:30:42.506634500,0.016634500,1
'2026-08-22 08:30:42.506634600,0.016634600,0
'2026-08-22 08:30:42.506645200,0.016645200,1
'2026-08-22 08:30:42.506659900,0.016659900,0
'2026-08-22 08:30:42.506664300,0.016664300,1
'2026-08-22 08:30:42.506664400,0.016664400,0
'2026-08-22 08:30:42.506671300,0.016671300,1
'2026-08-22 08:30:42.506686100,0.016686100,0
'2026-08-22 08:30:42.506686400,0.016686400,1
'2026-08-22 08:30:42.506686600,0.016686600,0
'2026-08-22 08:30:42.506697400,0.016697400,1
'2026-08-22 08:30:42.506712000,0.016712000,0
'2026-08-22 08:30:42.506715500,0.016715500,1
'2026-08-22 08:30:42.507130000,0.017130000,0
'2026-08-22 08:30:42.507140900,0.017140900,1
'2026-08-22 08:30:42.507155600,0.017155600,0
'2026-08-22 08:30:42.507156100,0.017156100,1
'2026-08-22 08:30:42.507156200,0.017156200,0
'2026-08-22 08:30:42.507167000,0.017167000,1
'2026-08-22 08:30:42.507181600,0.017181600,0
'2026-08-22 08:30:42.507193100,0.017193100,1
'2026-08-22 08:30:42.507207800,0.017207800,0
'2026-08-22 08:30:42.507207900,0.017207900,1
'2026-08-22 08:30:42.507208000,0.017208000,0
'2026-08-22 08:30:42.507208100,0.017208100,1
'2026-08-22 08:30:42.507208200,0.017208200,0
'2026-08-22 08:30:42.507219200,0.017219200,1
'2026-08-22 08:30:42.507234000,0.017234000,0
'2026-08-22 08:30:42.507245300,0.017245300,1
'2026-08-22 08:30:42.507259900,0.017259900,0
'2026-08-22 08:30:42.507260100,0.017260100,1
'2026-08-22 08:30:42.507260200,0.017260200,0
'2026-08-22 08:30:42.507271400,0.017271400,1
'2026-08-22 08:30:42.507286400,0.017286400,0
'2026-08-22 08:30:42.507297500,0.017297500,1
'2026-08-22 08:30:42.507312200,0.017312200,0
'2026-08-22 08:30:42.507323600,0.017323600,1
'2026-08-22 08:30:42.507338500,0.017338500,0
'2026-08-22 08:30:42.507349700,0.017349700,1
'2026-08-22 08:30:42.507364600,0.017364600,0
'2026-08-22 08:30:42.507366900,0.017366900,1
'2026-08-22 08:30:42.507367000,0.017367000,0
'2026-08-22 08:30:42.507374000,0.017374000,1
'2026-08-22 08:30:42.507374100,0.017374100,0
'2026-08-22 08:30:42.507375800,0.017375800,1
'2026-08-22 08:30:42.507390600,0.017390600,0
'2026-08-22 08:30:42.507390900,0.017390900,1
'2026-08-22 08:30:42.507391000,0.017391000,0
'2026-08-22 08:30:42.507401900,0.017401900,1
'2026-08-22 08:30:42.507416700,0.017416700,0
'2026-08-22 08:30:42.507417100,0.017417100,1
'2026-08-22 08:30:42.507417300,0.017417300,0
'2026-08-22 08:30:42.507428000,0.017428000,1
'2026-08-22 08:30:42.507442700,0.017442700,0
'2026-08-22 08:30:42.507442800,0.017442800,1
'2026-08-22 08:30:42.507443000,0.017443000,0
'2026-08-22 08:30:42.507454100,0.017454100,1
'2026-08-22 08:30:42.507468800,0.017468800,0
'2026-08-22 08:30:42.507469100,0.017469100,1
'2026-08-22 08:30:42.507469200,0.017469200,0
'2026-08-22 08:30:42.507480200,0.017480200,1
'2026-08-22 08:30:42.507495100,0.017495100,0
'2026-08-22 08:30:42.507495200,0.017495200,1
'2026-08-22 08:30:42.507495300,0.017495300,0
'2026-08-22 08:30:42.507506300,0.017506300,1
'2026-08-22 08:30:42.507521000,0.017521000,0
'2026-08-22 08:30:42.507521100,0.017521100,1
'2026-08-22 08:30:42.507521200,0.017521200,0
'2026-08-22 08:30:42.507532300,0.017532300,1
'2026-08-22 08:30:42.507964400,0.017964400,0
'2026-08-22 08:30:42.507975800,0.017975800,1
'2026-08-22 08:30:42.507990700,0.017990700,0
'2026-08-22 08:30:42.508001900,0.018001900,1
'2026-08-22 08:30:42.508016700,0.018016700,0
'2026-08-22 08:30:42.508028000,0.018028000,1
'2026-08-22 08:30:42.508042800,0.018042800,0
'2026-08-22 08:30:42.508043700,0.018043700,1
'2026-08-22 08:30:42.508043800,0.018043800,0
'2026-08-22 08:30:42.508054100,0.018054100,1
'2026-08-22 08:30:42.508069000,0.018069000,0
'2026-08-22 08:30:42.508069900,0.018069900,1
'2026-08-22 08:30:42.508070000,0.018070000,0
'2026-08-22 08:30:42.508080200,0.018080200,1
'2026-08-22 08:30:42.508094800,0.018094800,0
'2026-08-22 08:30:42.508106300,0.018106300,1
'2026-08-22 08:30:42.508121500,0.018121500,0
'2026-08-22 08:30:42.508121900,0.018121900,1
'2026-08-22 08:30:42.508122000,0.018122000,0
'2026-08-22 08:30:42.508132400,0.018132400,1
'2026-08-22 08:30:42.508147200,0.018147200,0
'2026-08-22 08:30:42.508158500,0.018158500,1
'2026-08-22 08:30:42.508173500,0.018173500,0
'2026-08-22 08:30:42.508184600,0.018184600,1
'2026-08-22 08:30:42.508199700,0.018199700,0
'2026-08-22 08:30:42.508203100,0.018203100,1
'2026-08-22 08:30:42.508203200,0.018203200,0
'2026-08-22 08:30:42.508210700,0.018210700,1
'2026-08-22 08:30:42.508225400,0.018225400,0
'2026-08-22 08:30:42.508236800,0.018236800,1
'2026-08-22 08:30:42.508251700,0.018251700,0
'2026-08-22 08:30:42.508252700,0.018252700,1
'2026-08-22 08:30:42.508252800,0.018252800,0
'2026-08-22 08:30:42.508262900,0.018262900,1
'2026-08-22 08:30:42.508277900,0.018277900,0
'2026-08-22 08:30:42.508289000,0.018289000,1
'2026-08-22 08:30:42.508304000,0.018304000,0
'2026-08-22 08:30:42.508315100,0.018315100,1
'2026-08-22 08:30:42.508329900,0.018329900,0
'2026-08-22 08:30:42.508330300,0.018330300,1
'2026-08-22 08:30:42.508330400,0.018330400,0
'2026-08-22 08:30:42.508341200,0.018341200,1
'2026-08-22 08:30:42.508356100,0.018356100,0
'2026-08-22 08:30:42.508356200,0.018356200,1
'2026-08-22 08:30:42.508356400,0.018356400,0
'2026-08-22 08:30:42.508363100,0.018363100,1
'2026-08-22 08:30:42.508777100,0.018777100,0
'2026-08-22 08:30:42.508777200,0.018777200,1
'2026-08-22 08:30:42.508777300,0.018777300,0
'2026-08-22 08:30:42.508784700,0.018784700,1
'2026-08-22 08:30:42.508799300,0.018799300,0
'2026-08-22 08:30:42.508810800,0.018810800,1
'2026-08-22 08:30:42.508825700,0.018825700,0
'2026-08-22 08:30:42.508836900,0.018836900,1
'2026-08-22 08:30:42.508851800,0.018851800,0
'2026-08-22 08:30:42.508863000,0.018863000,1
'2026-08-22 08:30:42.508878000,0.018878000,0
'2026-08-22 08:30:42.508889100,0.018889100,1
'2026-08-22 08:30:42.508904000,0.018904000,0
'2026-08-22 08:30:42.508915200,0.018915200,1
'2026-08-22 08:30:42.508930100,0.018930100,0
'2026-08-22 08:30:42.508941300,0.018941300,1
'2026-08-22 08:30:42.508956200,0.018956200,0
'2026-08-22 08:30:42.508967400,0.018967400,1
'2026-08-22 08:30:42.508982100,0.018982100,0
'2026-08-22 08:30:42.508993500,0.018993500,1
'2026-08-22 08:30:42.509008400,0.019008400,0
'2026-08-22 08:30:42.509008900,0.019008900,1
'2026-08-22 08:30:42.509009000,0.019009000,0
'2026-08-22 08:30:42.509019600,0.019019600,1
'2026-08-22 08:30:42.509034600,0.019034600,0
'2026-08-22 08:30:42.509045700,0.019045700,1
'2026-08-22 08:30:42.509060400,0.019060400,0
'2026-08-22 08:30:42.509060700,0.019060700,1
'2026-08-22 08:30:42.509060800,0.019060800,0
'2026-08-22 08:30:42.509071800,0.019071800,1
'2026-08-22 08:30:42.509086600,0.019086600,0
'2026-08-22 08:30:42.509086900,0.019086900,1
'2026-08-22 08:30:42.509087100,0.019087100,0
'2026-08-22 08:30:42.509097900,0.019097900,1
'2026-08-22 08:30:42.509112800,0.019112800,0
'2026-08-22 08:30:42.509124000,0.019124000,1
'2026-08-22 08:30:42.509139000,0.019139000,0
'2026-08-22 08:30:42.509139300,0.019139300,1
'2026-08-22 08:30:42.509139400,0.019139400,0
'2026-08-22 08:30:42.509150100,0.019150100,1
'2026-08-22 08:30:42.509164800,0.019164800,0
'2026-08-22 08:30:42.509168100,0.019168100,1
'2026-08-22 08:30:42.509168200,0.019168200,0
'2026-08-22 08:30:42.509176200,0.019176200,1
'2026-08-22 08:30:42.510392200,0.020392200,0
'2026-08-22 08:30:42.510396400,0.020396400,1
'2026-08-22 08:30:42.510396500,0.020396500,0
'2026-08-22 08:30:42.510402400,0.020402400,1
'2026-08-22 08:30:42.510417200,0.020417200,0
'2026-08-22 08:30:42.510428500,0.020428500,1
'2026-08-22 08:30:42.510443300,0.020443300,0
'2026-08-22 08:30:42.510443700,0.020443700,1
'2026-08-22 08:30:42.510443800,0.020443800,0
'2026-08-22 08:30:42.510454600,0.020454600,1
'2026-08-22 08:30:42.510469200,0.020469200,0
'2026-08-22 08:30:42.510480700,0.020480700,1
'2026-08-22 08:30:42.510495500,0.020495500,0
'2026-08-22 08:30:42.510495700,0.020495700,1
'2026-08-22 08:30:42.510495800,0.020495800,0
'2026-08-22 08:30:42.510506800,0.020506800,1
'2026-08-22 08:30:42.510521500,0.020521500,0
'2026-08-22 08:30:42.510532900,0.020532900,1
'2026-08-22 08:30:42.510547700,0.020547700,0
'2026-08-22 08:30:42.510559000,0.020559000,1
'2026-08-22 08:30:42.510573900,0.020573900,0
'2026-08-22 08:30:42.510577500,0.020577500,1
'2026-08-22 08:30:42.510577600,0.020577600,0
'2026-08-22 08:30:42.510585100,0.020585100,1
'2026-08-22 08:30:42.510599800,0.020599800,0
'2026-08-22 08:30:42.510611200,0.020611200,1
'2026-08-22 08:30:42.510626100,0.020626100,0
'2026-08-22 08:30:42.510637300,0.020637300,1
'2026-08-22 08:30:42.510651900,0.020651900,0
'2026-08-22 08:30:42.510663400,0.020663400,1
'2026-08-22 08:30:42.510678500,0.020678500,0
'2026-08-22 08:30:42.510689500,0.020689500,1
'2026-08-22 08:30:42.510704400,0.020704400,0
'2026-08-22 08:30:42.510715600,0.020715600,1
'2026-08-22 08:30:42.510730500,0.020730500,0
'2026-08-22 08:30:42.510730900,0.020730900,1
'2026-08-22 08:30:42.510731000,0.020731000,0
'2026-08-22 08:30:42.510741700,0.020741700,1
'2026-08-22 08:30:42.510756500,0.020756500,0
'2026-08-22 08:30:42.510756600,0.020756600,1
'2026-08-22 08:30:42.510756700,0.020756700,0
'2026-08-22 08:30:42.510757100,0.020757100,1
'2026-08-22 08:30:42.510757300,0.020757300,0
'2026-08-22 08:30:42.510767800,0.020767800,1
'2026-08-22 08:30:42.510782500,0.020782500,0
'2026-08-22 08:30:42.510793900,0.020793900,1
'2026-08-22 08:30:42.512008600,0.022008600,0
'2026-08-22 08:30:42.512020100,0.022020100,1
'2026-08-22 08:30:42.512034700,0.022034700,0
'2026-08-22 08:30:42.512046200,0.022046200,1
'2026-08-22 08:30:42.512060700,0.022060700,0
'2026-08-22 08:30:42.512072300,0.022072300,1
'2026-08-22 08:30:42.512087000,0.022087000,0
'2026-08-22 08:30:42.512087100,0.022087100,1
'2026-08-22 08:30:42.512087200,0.022087200,0
'2026-08-22 08:30:42.512098400,0.022098400,1
'2026-08-22 08:30:42.512113200,0.022113200,0
'2026-08-22 08:30:42.512124500,0.022124500,1
'2026-08-22 08:30:42.512139200,0.022139200,0
'2026-08-22 08:30:42.512139300,0.022139300,1
'2026-08-22 08:30:42.512139400,0.022139400,0
'2026-08-22 08:30:42.512150600,0.022150600,1
'2026-08-22 08:30:42.512165300,0.022165300,0
'2026-08-22 08:30:42.512167300,0.022167300,1
'2026-08-22 08:30:42.512167400,0.022167400,0
'2026-08-22 08:30:42.512176700,0.022176700,1
'2026-08-22 08:30:42.512191500,0.022191500,0
'2026-08-22 08:30:42.512202800,0.022202800,1
'2026-08-22 08:30:42.512217500,0.022217500,0
'2026-08-22 08:30:42.512217600,0.022217600,1
'2026-08-22 08:30:42.512217700,0.022217700,0
'2026-08-22 08:30:42.512226300,0.022226300,1
'2026-08-22 08:30:42.512226400,0.022226400,0
'2026-08-22 08:30:42.512228900,0.022228900,1
'2026-08-22 08:30:42.512243600,0.022243600,0
'2026-08-22 08:30:42.512243900,0.022243900,1
'2026-08-22 08:30:42.512244000,0.022244000,0
'2026-08-22 08:30:42.512255000,0.022255000,1
'2026-08-22 08:30:42.512269700,0.022269700,0
'2026-08-22 08:30:42.512276800,0.022276800,1
'2026-08-22 08:30:42.512276900,0.022276900,0
'2026-08-22 08:30:42.512281100,0.022281100,1
'2026-08-22 08:30:42.512296000,0.022296000,0
'2026-08-22 08:30:42.512307200,0.022307200,1
'2026-08-22 08:30:42.512321800,0.022321800,0
'2026-08-22 08:30:42.512333300,0.022333300,1
'2026-08-22 08:30:42.512348200,0.022348200,0
'2026-08-22 08:30:42.512348300,0.022348300,1
'2026-08-22 08:30:42.512348400,0.022348400,0
'2026-08-22 08:30:42.512359400,0.022359400,1
'2026-08-22 08:30:42.512374200,0.022374200,0
'2026-08-22 08:30:42.512376900,0.022376900,1
'2026-08-22 08:30:42.512377000,0.022377000,0
'2026-08-22 08:30:42.512385500,0.022385500,1
'2026-08-22 08:30:42.512400400,0.022400400,0
'2026-08-22 08:30:42.512411600,0.022411600,1
'2026-08-22 08:30:42.512843600,0.022843600,0
'2026-08-22 08:30:42.512844100,0.022844100,1
'2026-08-22 08:30:42.512844200,0.022844200,0
'2026-08-22 08:30:42.512855000,0.022855000,1
'2026-08-22 08:30:42.512870000,0.022870000,0
'2026-08-22 08:30:42.512881100,0.022881100,1
'2026-08-22 08:30:42.512895800,0.022895800,0
'2026-08-22 08:30:42.512896100,0.022896100,1
'2026-08-22 08:30:42.512896200,0.022896200,0
'2026-08-22 08:30:42.512896500,0.022896500,1
'2026-08-22 08:30:42.512896600,0.022896600,0
'2026-08-22 08:30:42.512907200,0.022907200,1
'2026-08-22 08:30:42.512921900,0.022921900,0
'2026-08-22 08:30:42.512933300,0.022933300,1
'2026-08-22 08:30:42.512948200,0.022948200,0
'2026-08-22 08:30:42.512959400,0.022959400,1
'2026-08-22 08:30:42.512974200,0.022974200,0
'2026-08-22 08:30:42.512974300,0.022974300,1
'2026-08-22 08:30:42.512974400,0.022974400,0
'2026-08-22 08:30:42.512985500,0.022985500,1
'2026-08-22 08:30:42.513000500,0.023000500,0
'2026-08-22 08:30:42.513000600,0.023000600,1
'2026-08-22 08:30:42.513000800,0.023000800,0
'2026-08-22 08:30:42.513011600,0.023011600,1
'2026-08-22 08:30:42.513026200,0.023026200,0
'2026-08-22 08:30:42.513026300,0.023026300,1
'2026-08-22 08:30:42.513026400,0.023026400,0
'2026-08-22 08:30:42.513037700,0.023037700,1
'2026-08-22 08:30:42.513052700,0.023052700,0
'2026-08-22 08:30:42.513063800,0.023063800,1
'2026-08-22 08:30:42.513078700,0.023078700,0
'2026-08-22 08:30:42.513089500,0.023089500,1
'2026-08-22 08:30:42.513089600,0.023089600,0
'2026-08-22 08:30:42.513089900,0.023089900,1
'2026-08-22 08:30:42.513104700,0.023104700,0
'2026-08-22 08:30:42.513105100,0.023105100,1
'2026-08-22 08:30:42.513105200,0.023105200,0
'2026-08-22 08:30:42.513116000,0.023116000,1
'2026-08-22 08:30:42.513131000,0.023131000,0
'2026-08-22 08:30:42.513142100,0.023142100,1
'2026-08-22 08:30:42.513157300,0.023157300,0
'2026-08-22 08:30:42.513168200,0.023168200,1
'2026-08-22 08:30:42.513183000,0.023183000,0
'2026-08-22 08:30:42.513183300,0.023183300,1
'2026-08-22 08:30:42.513183400,0.023183400,0
'2026-08-22 08:30:42.513194300,0.023194300,1
'2026-08-22 08:30:42.513209200,0.023209200,0
'2026-08-22 08:30:42.513210300,0.023210300,1
'2026-08-22 08:30:42.513210400,0.023210400,0
'2026-08-22 08:30:42.513214300,0.023214300,1
'2026-08-22 08:30:42.513214400,0.023214400,0
'2026-08-22 08:30:42.513220400,0.023220400,1
'2026-08-22 08:30:42.513235000,0.023235000,0
'2026-08-22 08:30:42.513235100,0.023235100,1
'2026-08-22 08:30:42.513235200,0.023235200,0
'2026-08-22 08:30:42.513235300,0.023235300,1
'2026-08-22 08:30:42.513235400,0.023235400,0
'2026-08-22 08:30:42.513239500,0.023239500,1
'2026-08-22 08:30:42.513239600,0.023239600,0
'2026-08-22 08:30:42.513240800,0.023240800,1
'2026-08-22 08:30:42.513655200,0.023655200,0
'2026-08-22 08:30:42.513663900,0.023663900,1
'2026-08-22 08:30:42.513678800,0.023678800,0
'2026-08-22 08:30:42.513690000,0.023690000,1
'2026-08-22 08:30:42.513704800,0.023704800,0
'2026-08-22 08:30:42.513716100,0.023716100,1
'2026-08-22 08:30:42.513730800,0.023730800,0
'2026-08-22 08:30:42.513731000,0.023731000,1
'2026-08-22 08:30:42.513731100,0.023731100,0
'2026-08-22 08:30:42.513742200,0.023742200,1
'2026-08-22 08:30:42.513756900,0.023756900,0
'2026-08-22 08:30:42.513768300,0.023768300,1
'2026-08-22 08:30:42.513783200,0.023783200,0
'2026-08-22 08:30:42.513784900,0.023784900,1
'2026-08-22 08:30:42.513785000,0.023785000,0
'2026-08-22 08:30:42.513794400,0.023794400,1
'2026-08-22 08:30:42.513809000,0.023809000,0
'2026-08-22 08:30:42.513809300,0.023809300,1
'2026-08-22 08:30:42.513809400,0.023809400,0
'2026-08-22 08:30:42.513820500,0.023820500,1
'2026-08-22 08:30:42.513835400,0.023835400,0
'2026-08-22 08:30:42.513835500,0.023835500,1
'2026-08-22 08:30:42.513835600,0.023835600,0
'2026-08-22 08:30:42.513836100,0.023836100,1
'2026-08-22 08:30:42.513836200,0.023836200,0
'2026-08-22 08:30:42.513846600,0.023846600,1
'2026-08-22 08:30:42.513861500,0.023861500,0
'2026-08-22 08:30:42.513861800,0.023861800,1
'2026-08-22 08:30:42.513861900,0.023861900,0
'2026-08-22 08:30:42.513872700,0.023872700,1
'2026-08-22 08:30:42.513887600,0.023887600,0
'2026-08-22 08:30:42.513898800,0.023898800,1
'2026-08-22 08:30:42.513913900,0.023913900,0
'2026-08-22 08:30:42.513924900,0.023924900,1
'2026-08-22 08:30:42.513939600,0.023939600,0
'2026-08-22 08:30:42.513939700,0.023939700,1
'2026-08-22 08:30:42.513939800,0.023939800,0
'2026-08-22 08:30:42.513951000,0.023951000,1
'2026-08-22 08:30:42.513965900,0.023965900,0
'2026-08-22 08:30:42.513966100,0.023966100,1
'2026-08-22 08:30:42.513966200,0.023966200,0
'2026-08-22 08:30:42.513966300,0.023966300,1
'2026-08-22 08:30:42.513966400,0.023966400,0
'2026-08-22 08:30:42.513977100,0.023977100,1
'2026-08-22 08:30:42.513991900,0.023991900,0
'2026-08-22 08:30:42.513992000,0.023992000,1
'2026-08-22 08:30:42.513992100,0.023992100,0
'2026-08-22 08:30:42.513992200,0.023992200,1
'2026-08-22 08:30:42.513992300,0.023992300,0
'2026-08-22 08:30:42.514003200,0.024003200,1
'2026-08-22 08:30:42.514018000,0.024018000,0
'2026-08-22 08:30:42.514018300,0.024018300,1
'2026-08-22 08:30:42.514018400,0.024018400,0
'2026-08-22 08:30:42.514029300,0.024029300,1
'2026-08-22 08:30:42.514044400,0.024044400,0
'2026-08-22 08:30:42.514044500,0.024044500,1
'2026-08-22 08:30:42.514044600,0.024044600,0
'2026-08-22 08:30:42.514054300,0.024054300,1
'2026-08-22 08:30:42.514054400,0.024054400,0
'2026-08-22 08:30:42.514055400,0.024055400,1
'2026-08-22 08:30:42.514487600,0.024487600,0
'2026-08-22 08:30:42.514487700,0.024487700,1
'2026-08-22 08:30:42.514487900,0.024487900,0
'2026-08-22 08:30:42.514498900,0.024498900,1
'2026-08-22 08:30:42.514513800,0.024513800,0
'2026-08-22 08:30:42.514525000,0.024525000,1
'2026-08-22 08:30:42.514539900,0.024539900,0
'2026-08-22 08:30:42.514551100,0.024551100,1
'2026-08-22 08:30:42.514565800,0.024565800,0
'2026-08-22 08:30:42.514565900,0.024565900,1
'2026-08-22 08:30:42.514566100,0.024566100,0
'2026-08-22 08:30:42.514577200,0.024577200,1
'2026-08-22 08:30:42.514591900,0.024591900,0
'2026-08-22 08:30:42.514603300,0.024603300,1
'2026-08-22 08:30:42.514618200,0.024618200,0
'2026-08-22 08:30:42.514629400,0.024629400,1
'2026-08-22 08:30:42.514644400,0.024644400,0
'2026-08-22 08:30:42.514655500,0.024655500,1
'2026-08-22 08:30:42.514670200,0.024670200,0
'2026-08-22 08:30:42.514681600,0.024681600,1
'2026-08-22 08:30:42.514696500,0.024696500,0
'2026-08-22 08:30:42.514696900,0.024696900,1
'2026-08-22 08:30:42.514697000,0.024697000,0
'2026-08-22 08:30:42.514697500,0.024697500,1
'2026-08-22 08:30:42.514697600,0.024697600,0
'2026-08-22 08:30:42.514707700,0.024707700,1
'2026-08-22 08:30:42.514722400,0.024722400,0
'2026-08-22 08:30:42.514722600,0.024722600,1
'2026-08-22 08:30:42.514722700,0.024722700,0
'2026-08-22 08:30:42.514733800,0.024733800,1
'2026-08-22 08:30:42.514749000,0.024749000,0
'2026-08-22 08:30:42.514759900,0.024759900,1
'2026-08-22 08:30:42.514774800,0.024774800,0
'2026-08-22 08:30:42.514774900,0.024774900,1
'2026-08-22 08:30:42.514775100,0.024775100,0
'2026-08-22 08:30:42.514785500,0.024785500,1
'2026-08-22 08:30:42.514785600,0.024785600,0
'2026-08-22 08:30:42.514786000,0.024786000,1
'2026-08-22 08:30:42.514801000,0.024801000,0
'2026-08-22 08:30:42.514812100,0.024812100,1
'2026-08-22 08:30:42.514827200,0.024827200,0
'2026-08-22 08:30:42.514828300,0.024828300,1
'2026-08-22 08:30:42.514828400,0.024828400,0
'2026-08-22 08:30:42.514838200,0.024838200,1
'2026-08-22 08:30:42.514853000,0.024853000,0
'2026-08-22 08:30:42.514853100,0.024853100,1
'2026-08-22 08:30:42.514853200,0.024853200,0
'2026-08-22 08:30:42.514864300,0.024864300,1
'2026-08-22 08:30:42.514879400,0.024879400,0
'2026-08-22 08:30:42.514879700,0.024879700,1
'2026-08-22 08:30:42.514879800,0.024879800,0
'2026-08-22 08:30:42.514880300,0.024880300,1
'2026-08-22 08:30:42.514880400,0.024880400,0
'2026-08-22 08:30:42.514888500,0.024888500,1
'2026-08-22 08:30:42.515303200,0.025303200,0
'2026-08-22 08:30:42.515307800,0.025307800,1
'2026-08-22 08:30:42.515322600,0.025322600,0
'2026-08-22 08:30:42.515322900,0.025322900,1
'2026-08-22 08:30:42.515323000,0.025323000,0
'2026-08-22 08:30:42.515333900,0.025333900,1
'2026-08-22 08:30:42.515348600,0.025348600,0
'2026-08-22 08:30:42.515350900,0.025350900,1
'2026-08-22 08:30:42.515351000,0.025351000,0
'2026-08-22 08:30:42.515360100,0.025360100,1
'2026-08-22 08:30:42.515374900,0.025374900,0
'2026-08-22 08:30:42.515386200,0.025386200,1
'2026-08-22 08:30:42.515400800,0.025400800,0
'2026-08-22 08:30:42.515412300,0.025412300,1
'2026-08-22 08:30:42.515427000,0.025427000,0
'2026-08-22 08:30:42.515438400,0.025438400,1
'2026-08-22 08:30:42.515453200,0.025453200,0
'2026-08-22 08:30:42.515464500,0.025464500,1
'2026-08-22 08:30:42.515479200,0.025479200,0
'2026-08-22 08:30:42.515479300,0.025479300,1
'2026-08-22 08:30:42.515479400,0.025479400,0
'2026-08-22 08:30:42.515490600,0.025490600,1
'2026-08-22 08:30:42.515505600,0.025505600,0
'2026-08-22 08:30:42.515511300,0.025511300,1
'2026-08-22 08:30:42.515511400,0.025511400,0
'2026-08-22 08:30:42.515516700,0.025516700,1
'2026-08-22 08:30:42.515531600,0.025531600,0
'2026-08-22 08:30:42.515531900,0.025531900,1
'2026-08-22 08:30:42.515532000,0.025532000,0
'2026-08-22 08:30:42.515533700,0.025533700,1
'2026-08-22 08:30:42.515533800,0.025533800,0
'2026-08-22 08:30:42.515542000,0.025542000,1
'2026-08-22 08:30:42.515542100,0.025542100,0
'2026-08-22 08:30:42.515542800,0.025542800,1
'2026-08-22 08:30:42.515557400,0.025557400,0
'2026-08-22 08:30:42.515568900,0.025568900,1
'2026-08-22 08:30:42.515584100,0.025584100,0
'2026-08-22 08:30:42.515584500,0.025584500,1
'2026-08-22 08:30:42.515584600,0.025584600,0
'2026-08-22 08:30:42.515592200,0.025592200,1
'2026-08-22 08:30:42.515592300,0.025592300,0
'2026-08-22 08:30:42.515594900,0.025594900,1
'2026-08-22 08:30:42.515609800,0.025609800,0
'2026-08-22 08:30:42.515611700,0.025611700,1
'2026-08-22 08:30:42.515611800,0.025611800,0
'2026-08-22 08:30:42.515611900,0.025611900,1
'2026-08-22 08:30:42.515612000,0.025612000,0
'2026-08-22 08:30:42.515614500,0.025614500,1
'2026-08-22 08:30:42.515614600,0.025614600,0
'2026-08-22 08:30:42.515620100,0.025620100,1
'2026-08-22 08:30:42.515620200,0.025620200,0
'2026-08-22 08:30:42.515621000,0.025621000,1
'2026-08-22 08:30:42.515635900,0.025635900,0
'2026-08-22 08:30:42.515636800,0.025636800,1
'2026-08-22 08:30:42.515636900,0.025636900,0
'2026-08-22 08:30:42.515637900,0.025637900,1
'2026-08-22 08:30:42.515638000,0.025638000,0
'2026-08-22 08:30:42.515642400,0.025642400,1
'2026-08-22 08:30:42.515642500,0.025642500,0
'2026-08-22 08:30:42.515647100,0.025647100,1
'2026-08-22 08:30:42.515662200,0.025662200,0
'2026-08-22 08:30:42.515664700,0.025664700,1
'2026-08-22 08:30:42.515664800,0.025664800,0
'2026-08-22 08:30:42.515667500,0.025667500,1
'2026-08-22 08:30:42.515667600,0.025667600,0
'2026-08-22 08:30:42.515670300,0.025670300,1
'2026-08-22 08:30:42.515670400,0.025670400,0
'2026-08-22 08:30:42.515671500,0.025671500,1
'2026-08-22 08:30:42.515671600,0.025671600,0
'2026-08-22 08:30:42.515673100,0.025673100,1
'2026-08-22 08:30:42.515688000,0.025688000,0
'2026-08-22 08:30:42.515692600,0.025692600,1
'2026-08-22 08:30:42.515692700,0.025692700,0
'2026-08-22 08:30:42.515695400,0.025695400,1
'2026-08-22 08:30:42.515695500,0.025695500,0
'2026-08-22 08:30:42.515699300,0.025699300,1
'2026-08-22 08:30:42.516131400,0.026131400,0
'2026-08-22 08:30:42.516133300,0.026133300,1
'2026-08-22 08:30:42.516133400,0.026133400,0
'2026-08-22 08:30:42.516141600,0.026141600,1
'2026-08-22 08:30:42.516141700,0.026141700,0
'2026-08-22 08:30:42.516142900,0.026142900,1
'2026-08-22 08:30:42.516157700,0.026157700,0
'2026-08-22 08:30:42.516169000,0.026169000,1
'2026-08-22 08:30:42.516183800,0.026183800,0
'2026-08-22 08:30:42.516194600,0.026194600,1
'2026-08-22 08:30:42.516194800,0.026194800,0
'2026-08-22 08:30:42.516195100,0.026195100,1
'2026-08-22 08:30:42.516209600,0.026209600,0
'2026-08-22 08:30:42.516209700,0.026209700,1
'2026-08-22 08:30:42.516209800,0.026209800,0
'2026-08-22 08:30:42.516214100,0.026214100,1
'2026-08-22 08:30:42.516214200,0.026214200,0
'2026-08-22 08:30:42.516216900,0.026216900,1
'2026-08-22 08:30:42.516217000,0.026217000,0
'2026-08-22 08:30:42.516221200,0.026221200,1
'2026-08-22 08:30:42.516236300,0.026236300,0
'2026-08-22 08:30:42.516236400,0.026236400,1
'2026-08-22 08:30:42.516236600,0.026236600,0
'2026-08-22 08:30:42.516242000,0.026242000,1
'2026-08-22 08:30:42.516242100,0.026242100,0
'2026-08-22 08:30:42.516245200,0.026245200,1
'2026-08-22 08:30:42.516245300,0.026245300,0
'2026-08-22 08:30:42.516247300,0.026247300,1
'2026-08-22 08:30:42.516262100,0.026262100,0
'2026-08-22 08:30:42.516262500,0.026262500,1
'2026-08-22 08:30:42.516262600,0.026262600,0
'2026-08-22 08:30:42.516263500,0.026263500,1
'2026-08-22 08:30:42.516263600,0.026263600,0
'2026-08-22 08:30:42.516264300,0.026264300,1
'2026-08-22 08:30:42.516264400,0.026264400,0
'2026-08-22 08:30:42.516267100,0.026267100,1
'2026-08-22 08:30:42.516267200,0.026267200,0
'2026-08-22 08:30:42.516273400,0.026273400,1
'2026-08-22 08:30:42.516288000,0.026288000,0
'2026-08-22 08:30:42.516288200,0.026288200,1
'2026-08-22 08:30:42.516288300,0.026288300,0
'2026-08-22 08:30:42.516289400,0.026289400,1
'2026-08-22 08:30:42.516289500,0.026289500,0
'2026-08-22 08:30:42.516295000,0.026295000,1
'2026-08-22 08:30:42.516295100,0.026295100,0
'2026-08-22 08:30:42.516299500,0.026299500,1
'2026-08-22 08:30:42.516314700,0.026314700,0
'2026-08-22 08:30:42.516317300,0.026317300,1
'2026-08-22 08:30:42.516317400,0.026317400,0
'2026-08-22 08:30:42.516325600,0.026325600,1
'2026-08-22 08:30:42.516340300,0.026340300,0
'2026-08-22 08:30:42.516342400,0.026342400,1
'2026-08-22 08:30:42.516342500,0.026342500,0
'2026-08-22 08:30:42.516351700,0.026351700,1
'2026-08-22 08:30:42.516366800,0.026366800,0
'2026-08-22 08:30:42.516367000,0.026367000,1
'2026-08-22 08:30:42.516367100,0.026367100,0
'2026-08-22 08:30:42.516367500,0.026367500,1
'2026-08-22 08:30:42.516367700,0.026367700,0
'2026-08-22 08:30:42.516377800,0.026377800,1
'2026-08-22 08:30:42.516392400,0.026392400,0
'2026-08-22 08:30:42.516392600,0.026392600,1
'2026-08-22 08:30:42.516392800,0.026392800,0
'2026-08-22 08:30:42.516395400,0.026395400,1
'2026-08-22 08:30:42.516395500,0.026395500,0
'2026-08-22 08:30:42.516398200,0.026398200,1
'2026-08-22 08:30:42.516398300,0.026398300,0
'2026-08-22 08:30:42.516403900,0.026403900,1
'2026-08-22 08:30:42.516418900,0.026418900,0
'2026-08-22 08:30:42.516426100,0.026426100,1
'2026-08-22 08:30:42.516426200,0.026426200,0
'2026-08-22 08:30:42.516430000,0.026430000,1
'2026-08-22 08:30:42.516445000,0.026445000,0
'2026-08-22 08:30:42.516445300,0.026445300,1
'2026-08-22 08:30:42.516445400,0.026445400,0
'2026-08-22 08:30:42.516445600,0.026445600,1
'2026-08-22 08:30:42.516446000,0.026446000,0
'2026-08-22 08:30:42.516448400,0.026448400,1
'2026-08-22 08:30:42.516448500,0.026448500,0
'2026-08-22 08:30:42.516456100,0.026456100,1
'2026-08-22 08:30:42.516471100,0.026471100,0
'2026-08-22 08:30:42.516476300,0.026476300,1
'2026-08-22 08:30:42.516476400,0.026476400,0
'2026-08-22 08:30:42.516479100,0.026479100,1
'2026-08-22 08:30:42.516479200,0.026479200,0
'2026-08-22 08:30:42.516482200,0.026482200,1
'2026-08-22 08:30:42.516497200,0.026497200,0
'2026-08-22 08:30:42.516497300,0.026497300,1
'2026-08-22 08:30:42.516497400,0.026497400,0
'2026-08-22 08:30:42.516498600,0.026498600,1
'2026-08-22 08:30:42.516498700,0.026498700,0
'2026-08-22 08:30:42.516507000,0.026507000,1
'2026-08-22 08:30:42.516507100,0.026507100,0
'2026-08-22 08:30:42.516507200,0.026507200,1
'2026-08-22 08:30:42.516507300,0.026507300,0
'2026-08-22 08:30:42.516508300,0.026508300,1
'2026-08-22 08:30:42.516523000,0.026523000,0
'2026-08-22 08:30:42.516523700,0.026523700,1
'2026-08-22 08:30:42.516523800,0.026523800,0
'2026-08-22 08:30:42.516526400,0.026526400,1
'2026-08-22 08:30:42.516526600,0.026526600,0
'2026-08-22 08:30:42.516529300,0.026529300,1
'2026-08-22 08:30:42.516529400,0.026529400,0
'2026-08-22 08:30:42.516534400,0.026534400,1
'2026-08-22 08:30:42.516951000,0.026951000,0
'2026-08-22 08:30:42.516951800,0.026951800,1
'2026-08-22 08:30:42.516966500,0.026966500,0
'2026-08-22 08:30:42.516977900,0.026977900,1
'2026-08-22 08:30:42.516992600,0.026992600,0
'2026-08-22 08:30:42.517004000,0.027004000,1
'2026-08-22 08:30:42.517018800,0.027018800,0
'2026-08-22 08:30:42.517030100,0.027030100,1
'2026-08-22 08:30:42.517044700,0.027044700,0
'2026-08-22 08:30:42.517044900,0.027044900,1
'2026-08-22 08:30:42.517045000,0.027045000,0
'2026-08-22 08:30:42.517056200,0.027056200,1
'2026-08-22 08:30:42.517071400,0.027071400,0
'2026-08-22 08:30:42.517082300,0.027082300,1
'2026-08-22 08:30:42.517097000,0.027097000,0
'2026-08-22 08:30:42.517097500,0.027097500,1
'2026-08-22 08:30:42.517097600,0.027097600,0
'2026-08-22 08:30:42.517108400,0.027108400,1
'2026-08-22 08:30:42.517123400,0.027123400,0
'2026-08-22 08:30:42.517134500,0.027134500,1
'2026-08-22 08:30:42.517149300,0.027149300,0
'2026-08-22 08:30:42.517149500,0.027149500,1
'2026-08-22 08:30:42.517149600,0.027149600,0
'2026-08-22 08:30:42.517151200,0.027151200,1
'2026-08-22 08:30:42.517151300,0.027151300,0
'2026-08-22 08:30:42.517160600,0.027160600,1
'2026-08-22 08:30:42.517175400,0.027175400,0
'2026-08-22 08:30:42.517186700,0.027186700,1
'2026-08-22 08:30:42.517201800,0.027201800,0
'2026-08-22 08:30:42.517212500,0.027212500,1
'2026-08-22 08:30:42.517212600,0.027212600,0
'2026-08-22 08:30:42.517212800,0.027212800,1
'2026-08-22 08:30:42.517227600,0.027227600,0
'2026-08-22 08:30:42.517227700,0.027227700,1
'2026-08-22 08:30:42.517227800,0.027227800,0
'2026-08-22 08:30:42.517228900,0.027228900,1
'2026-08-22 08:30:42.517229000,0.027229000,0
'2026-08-22 08:30:42.517229400,0.027229400,1
'2026-08-22 08:30:42.517229500,0.027229500,0
'2026-08-22 08:30:42.517238900,0.027238900,1
'2026-08-22 08:30:42.517253800,0.027253800,0
'2026-08-22 08:30:42.517254000,0.027254000,1
'2026-08-22 08:30:42.517254100,0.027254100,0
'2026-08-22 08:30:42.517262700,0.027262700,1
'2026-08-22 08:30:42.517262800,0.027262800,0
'2026-08-22 08:30:42.517265000,0.027265000,1
'2026-08-22 08:30:42.517279800,0.027279800,0
'2026-08-22 08:30:42.517280300,0.027280300,1
'2026-08-22 08:30:42.517280400,0.027280400,0
'2026-08-22 08:30:42.517290800,0.027290800,1
'2026-08-22 08:30:42.517290900,0.027290900,0
'2026-08-22 08:30:42.517291100,0.027291100,1
'2026-08-22 08:30:42.517305800,0.027305800,0
'2026-08-22 08:30:42.517305900,0.027305900,1
'2026-08-22 08:30:42.517306100,0.027306100,0
'2026-08-22 08:30:42.517317200,0.027317200,1
'2026-08-22 08:30:42.517332100,0.027332100,0
'2026-08-22 08:30:42.517332200,0.027332200,1
'2026-08-22 08:30:42.517332300,0.027332300,0
'2026-08-22 08:30:42.517332400,0.027332400,1
'2026-08-22 08:30:42.517332600,0.027332600,0
'2026-08-22 08:30:42.517335300,0.027335300,1
'2026-08-22 08:30:42.517335400,0.027335400,0
'2026-08-22 08:30:42.517343300,0.027343300,1
'2026-08-22 08:30:42.517358200,0.027358200,0
'2026-08-22 08:30:42.517358500,0.027358500,1
'2026-08-22 08:30:42.517358600,0.027358600,0
'2026-08-22 08:30:42.517359100,0.027359100,1
'2026-08-22 08:30:42.517359200,0.027359200,0
'2026-08-22 08:30:42.517360200,0.027360200,1
'2026-08-22 08:30:42.517775400,0.027775400,0
'2026-08-22 08:30:42.517775500,0.027775500,1
'2026-08-22 08:30:42.517775700,0.027775700,0
'2026-08-22 08:30:42.517775800,0.027775800,1
'2026-08-22 08:30:42.517775900,0.027775900,0
'2026-08-22 08:30:42.517786900,0.027786900,1
'2026-08-22 08:30:42.517801600,0.027801600,0
'2026-08-22 08:30:42.517813000,0.027813000,1
'2026-08-22 08:30:42.517827700,0.027827700,0
'2026-08-22 08:30:42.517828100,0.027828100,1
'2026-08-22 08:30:42.517828200,0.027828200,0
'2026-08-22 08:30:42.517839100,0.027839100,1
'2026-08-22 08:30:42.517854000,0.027854000,0
'2026-08-22 08:30:42.517865200,0.027865200,1
'2026-08-22 08:30:42.517879700,0.027879700,0
'2026-08-22 08:30:42.517879800,0.027879800,1
'2026-08-22 08:30:42.517880000,0.027880000,0
'2026-08-22 08:30:42.517880100,0.027880100,1
'2026-08-22 08:30:42.517880200,0.027880200,0
'2026-08-22 08:30:42.517891300,0.027891300,1
'2026-08-22 08:30:42.517906200,0.027906200,0
'2026-08-22 08:30:42.517906300,0.027906300,1
'2026-08-22 08:30:42.517906400,0.027906400,0
'2026-08-22 08:30:42.517908100,0.027908100,1
'2026-08-22 08:30:42.517908200,0.027908200,0
'2026-08-22 08:30:42.517917400,0.027917400,1
'2026-08-22 08:30:42.517932100,0.027932100,0
'2026-08-22 08:30:42.517943500,0.027943500,1
'2026-08-22 08:30:42.517958400,0.027958400,0
'2026-08-22 08:30:42.517958600,0.027958600,1
'2026-08-22 08:30:42.517958700,0.027958700,0
'2026-08-22 08:30:42.517958900,0.027958900,1
'2026-08-22 08:30:42.517959000,0.027959000,0
'2026-08-22 08:30:42.517969600,0.027969600,1
'2026-08-22 08:30:42.517984300,0.027984300,0
'2026-08-22 08:30:42.517995700,0.027995700,1
'2026-08-22 08:30:42.518010500,0.028010500,0
'2026-08-22 08:30:42.518010900,0.028010900,1
'2026-08-22 08:30:42.518011000,0.028011000,0
'2026-08-22 08:30:42.518012700,0.028012700,1
'2026-08-22 08:30:42.518012800,0.028012800,0
'2026-08-22 08:30:42.518021800,0.028021800,1
'2026-08-22 08:30:42.518036800,0.028036800,0
'2026-08-22 08:30:42.518047900,0.028047900,1
'2026-08-22 08:30:42.518062800,0.028062800,0
'2026-08-22 08:30:42.518062900,0.028062900,1
'2026-08-22 08:30:42.518063000,0.028063000,0
'2026-08-22 08:30:42.518067500,0.028067500,1
'2026-08-22 08:30:42.518067600,0.028067600,0
'2026-08-22 08:30:42.518074000,0.028074000,1
'2026-08-22 08:30:42.518088800,0.028088800,0
'2026-08-22 08:30:42.518089100,0.028089100,1
'2026-08-22 08:30:42.518089200,0.028089200,0
'2026-08-22 08:30:42.518095500,0.028095500,1
'2026-08-22 08:30:42.518095600,0.028095600,0
'2026-08-22 08:30:42.518100100,0.028100100,1
'2026-08-22 08:30:42.518115000,0.028115000,0
'2026-08-22 08:30:42.518115400,0.028115400,1
'2026-08-22 08:30:42.518115600,0.028115600,0
'2026-08-22 08:30:42.518126200,0.028126200,1
'2026-08-22 08:30:42.518141200,0.028141200,0
'2026-08-22 08:30:42.518152300,0.028152300,1
'2026-08-22 08:30:42.518167500,0.028167500,0
'2026-08-22 08:30:42.518177700,0.028177700,1
'2026-08-22 08:30:42.518177800,0.028177800,0
'2026-08-22 08:30:42.518178400,0.028178400,1
'2026-08-22 08:30:42.518610500,0.028610500,0
'2026-08-22 08:30:42.518610600,0.028610600,1
'2026-08-22 08:30:42.518610700,0.028610700,0
'2026-08-22 08:30:42.518622000,0.028622000,1
'2026-08-22 08:30:42.518636800,0.028636800,0
'2026-08-22 08:30:42.518648100,0.028648100,1
'2026-08-22 08:30:42.518662700,0.028662700,0
'2026-08-22 08:30:42.518674200,0.028674200,1
'2026-08-22 08:30:42.518689000,0.028689000,0
'2026-08-22 08:30:42.518689200,0.028689200,1
'2026-08-22 08:30:42.518689300,0.028689300,0
'2026-08-22 08:30:42.518700300,0.028700300,1
'2026-08-22 08:30:42.518715000,0.028715000,0
'2026-08-22 08:30:42.518725300,0.028725300,1
'2026-08-22 08:30:42.518725400,0.028725400,0
'2026-08-22 08:30:42.518726400,0.028726400,1
'2026-08-22 08:30:42.518741300,0.028741300,0
'2026-08-22 08:30:42.518742900,0.028742900,1
'2026-08-22 08:30:42.518743000,0.028743000,0
'2026-08-22 08:30:42.518751700,0.028751700,1
'2026-08-22 08:30:42.518751800,0.028751800,0
'2026-08-22 08:30:42.518752500,0.028752500,1
'2026-08-22 08:30:42.518767200,0.028767200,0
'2026-08-22 08:30:42.518768100,0.028768100,1
'2026-08-22 08:30:42.518768200,0.028768200,0
'2026-08-22 08:30:42.518768800,0.028768800,1
'2026-08-22 08:30:42.518768900,0.028768900,0
'2026-08-22 08:30:42.518778600,0.028778600,1
'2026-08-22 08:30:42.518793400,0.028793400,0
'2026-08-22 08:30:42.518793500,0.028793500,1
'2026-08-22 08:30:42.518793600,0.028793600,0
'2026-08-22 08:30:42.518793700,0.028793700,1
'2026-08-22 08:30:42.518793900,0.028793900,0
'2026-08-22 08:30:42.518804700,0.028804700,1
'2026-08-22 08:30:42.518819600,0.028819600,0
'2026-08-22 08:30:42.518820000,0.028820000,1
'2026-08-22 08:30:42.518820100,0.028820100,0
'2026-08-22 08:30:42.518830800,0.028830800,1
'2026-08-22 08:30:42.518845600,0.028845600,0
'2026-08-22 08:30:42.518845700,0.028845700,1
'2026-08-22 08:30:42.518845800,0.028845800,0
'2026-08-22 08:30:42.518852100,0.028852100,1
'2026-08-22 08:30:42.518852200,0.028852200,0
'2026-08-22 08:30:42.518856900,0.028856900,1
'2026-08-22 08:30:42.518871600,0.028871600,0
'2026-08-22 08:30:42.518871700,0.028871700,1
'2026-08-22 08:30:42.518872000,0.028872000,0
'2026-08-22 08:30:42.518883000,0.028883000,1
'2026-08-22 08:30:42.518898000,0.028898000,0
'2026-08-22 08:30:42.518898900,0.028898900,1
'2026-08-22 08:30:42.518899000,0.028899000,0
'2026-08-22 08:30:42.518909100,0.028909100,1
'2026-08-22 08:30:42.518923800,0.028923800,0
'2026-08-22 08:30:42.518923900,0.028923900,1
'2026-08-22 08:30:42.518924100,0.028924100,0
'2026-08-22 08:30:42.518935200,0.028935200,1
'2026-08-22 08:30:42.518950000,0.028950000,0
'2026-08-22 08:30:42.518950100,0.028950100,1
'2026-08-22 08:30:42.518950400,0.028950400,0
'2026-08-22 08:30:42.518950800,0.028950800,1
'2026-08-22 08:30:42.518950900,0.028950900,0
'2026-08-22 08:30:42.518961300,0.028961300,1
'2026-08-22 08:30:42.518976100,0.028976100,0
'2026-08-22 08:30:42.518987400,0.028987400,1
'2026-08-22 08:30:42.519002400,0.029002400,0
'2026-08-22 08:30:42.519002500,0.029002500,1
'2026-08-22 08:30:42.519002600,0.029002600,0
'2026-08-22 08:30:42.519002800,0.029002800,1
'2026-08-22 08:30:42.519002900,0.029002900,0
'2026-08-22 08:30:42.519008100,0.029008100,1
'2026-08-22 08:30:42.519422700,0.029422700,0
'2026-08-22 08:30:42.519430900,0.029430900,1
'2026-08-22 08:30:42.519445800,0.029445800,0
'2026-08-22 08:30:42.519457100,0.029457100,1
'2026-08-22 08:30:42.519471900,0.029471900,0
'2026-08-22 08:30:42.519479600,0.029479600,1
'2026-08-22 08:30:42.519479700,0.029479700,0
'2026-08-22 08:30:42.519483200,0.029483200,1
'2026-08-22 08:30:42.519498100,0.029498100,0
'2026-08-22 08:30:42.519509300,0.029509300,1
'2026-08-22 08:30:42.519524100,0.029524100,0
'2026-08-22 08:30:42.519524200,0.029524200,1
'2026-08-22 08:30:42.519524400,0.029524400,0
'2026-08-22 08:30:42.519524800,0.029524800,1
'2026-08-22 08:30:42.519524900,0.029524900,0
'2026-08-22 08:30:42.519535400,0.029535400,1
'2026-08-22 08:30:42.519550100,0.029550100,0
'2026-08-22 08:30:42.519561500,0.029561500,1
'2026-08-22 08:30:42.519576400,0.029576400,0
'2026-08-22 08:30:42.519587600,0.029587600,1
'2026-08-22 08:30:42.519602600,0.029602600,0
'2026-08-22 08:30:42.519613700,0.029613700,1
'2026-08-22 08:30:42.519628400,0.029628400,0
'2026-08-22 08:30:42.519628500,0.029628500,1
'2026-08-22 08:30:42.519628600,0.029628600,0
'2026-08-22 08:30:42.519628700,0.029628700,1
'2026-08-22 08:30:42.519628800,0.029628800,0
'2026-08-22 08:30:42.519639800,0.029639800,1
'2026-08-22 08:30:42.519654700,0.029654700,0
'2026-08-22 08:30:42.519655000,0.029655000,1
'2026-08-22 08:30:42.519655100,0.029655100,0
'2026-08-22 08:30:42.519655600,0.029655600,1
'2026-08-22 08:30:42.519655700,0.029655700,0
'2026-08-22 08:30:42.519665900,0.029665900,1
'2026-08-22 08:30:42.519680800,0.029680800,0
'2026-08-22 08:30:42.519692000,0.029692000,1
'2026-08-22 08:30:42.519706700,0.029706700,0
'2026-08-22 08:30:42.519707000,0.029707000,1
'2026-08-22 08:30:42.519707100,0.029707100,0
'2026-08-22 08:30:42.519718100,0.029718100,1
'2026-08-22 08:30:42.519733100,0.029733100,0
'2026-08-22 08:30:42.519733200,0.029733200,1
'2026-08-22 08:30:42.519733300,0.029733300,0
'2026-08-22 08:30:42.519734400,0.029734400,1
'2026-08-22 08:30:42.519734500,0.029734500,0
'2026-08-22 08:30:42.519744200,0.029744200,1
'2026-08-22 08:30:42.519759100,0.029759100,0
'2026-08-22 08:30:42.519765900,0.029765900,1
'2026-08-22 08:30:42.519766000,0.029766000,0
'2026-08-22 08:30:42.519770300,0.029770300,1
'2026-08-22 08:30:42.519785400,0.029785400,0
'2026-08-22 08:30:42.519785500,0.029785500,1
'2026-08-22 08:30:42.519785900,0.029785900,0
'2026-08-22 08:30:42.519786400,0.029786400,1
'2026-08-22 08:30:42.519786500,0.029786500,0
'2026-08-22 08:30:42.519786700,0.029786700,1
'2026-08-22 08:30:42.519786800,0.029786800,0
'2026-08-22 08:30:42.519796400,0.029796400,1
'2026-08-22 08:30:42.519811100,0.029811100,0
'2026-08-22 08:30:42.519811600,0.029811600,1
'2026-08-22 08:30:42.519811700,0.029811700,0
'2026-08-22 08:30:42.519822500,0.029822500,1
'2026-08-22 08:30:42.520254700,0.030254700,0
'2026-08-22 08:30:42.520266100,0.030266100,1
'2026-08-22 08:30:42.520281100,0.030281100,0
'2026-08-22 08:30:42.520292200,0.030292200,1
'2026-08-22 08:30:42.520306900,0.030306900,0
'2026-08-22 08:30:42.520307200,0.030307200,1
'2026-08-22 08:30:42.520307300,0.030307300,0
'2026-08-22 08:30:42.520318300,0.030318300,1
'2026-08-22 08:30:42.520333000,0.030333000,0
'2026-08-22 08:30:42.520344400,0.030344400,1
'2026-08-22 08:30:42.520359200,0.030359200,0
'2026-08-22 08:30:42.520360300,0.030360300,1
'2026-08-22 08:30:42.520360400,0.030360400,0
'2026-08-22 08:30:42.520370500,0.030370500,1
'2026-08-22 08:30:42.520385200,0.030385200,0
'2026-08-22 08:30:42.520385300,0.030385300,1
'2026-08-22 08:30:42.520385400,0.030385400,0
'2026-08-22 08:30:42.520396600,0.030396600,1
'2026-08-22 08:30:42.520411400,0.030411400,0
'2026-08-22 08:30:42.520411500,0.030411500,1
'2026-08-22 08:30:42.520411600,0.030411600,0
'2026-08-22 08:30:42.520411700,0.030411700,1
'2026-08-22 08:30:42.520411800,0.030411800,0
'2026-08-22 08:30:42.520422700,0.030422700,1
'2026-08-22 08:30:42.520437600,0.030437600,0
'2026-08-22 08:30:42.520441900,0.030441900,1
'2026-08-22 08:30:42.520442000,0.030442000,0
'2026-08-22 08:30:42.520448800,0.030448800,1
'2026-08-22 08:30:42.520463500,0.030463500,0
'2026-08-22 08:30:42.520463600,0.030463600,1
'2026-08-22 08:30:42.520463800,0.030463800,0
'2026-08-22 08:30:42.520474900,0.030474900,1
'2026-08-22 08:30:42.520489800,0.030489800,0
'2026-08-22 08:30:42.520489900,0.030489900,1
'2026-08-22 08:30:42.520490000,0.030490000,0
'2026-08-22 08:30:42.520501000,0.030501000,1
'2026-08-22 08:30:42.520515800,0.030515800,0
'2026-08-22 08:30:42.520527100,0.030527100,1
'2026-08-22 08:30:42.520542000,0.030542000,0
'2026-08-22 08:30:42.520542500,0.030542500,1
'2026-08-22 08:30:42.520542600,0.030542600,0
'2026-08-22 08:30:42.520553200,0.030553200,1
'2026-08-22 08:30:42.520568000,0.030568000,0
'2026-08-22 08:30:42.520568100,0.030568100,1
'2026-08-22 08:30:42.520568200,0.030568200,0
'2026-08-22 08:30:42.520568300,0.030568300,1
'2026-08-22 08:30:42.520568400,0.030568400,0
'2026-08-22 08:30:42.520569900,0.030569900,1
'2026-08-22 08:30:42.520570000,0.030570000,0
'2026-08-22 08:30:42.520571100,0.030571100,1
'2026-08-22 08:30:42.520571200,0.030571200,0
'2026-08-22 08:30:42.520579300,0.030579300,1
'2026-08-22 08:30:42.520594200,0.030594200,0
'2026-08-22 08:30:42.520598500,0.030598500,1
'2026-08-22 08:30:42.520598600,0.030598600,0
'2026-08-22 08:30:42.520605400,0.030605400,1
'2026-08-22 08:30:42.520620300,0.030620300,0
'2026-08-22 08:30:42.520620400,0.030620400,1
'2026-08-22 08:30:42.520620600,0.030620600,0
'2026-08-22 08:30:42.520620700,0.030620700,1
'2026-08-22 08:30:42.520620800,0.030620800,0
'2026-08-22 08:30:42.520631500,0.030631500,1
'2026-08-22 08:30:42.520646200,0.030646200,0
'2026-08-22 08:30:42.520646300,0.030646300,1
'2026-08-22 08:30:42.520646500,0.030646500,0
'2026-08-22 08:30:42.520650000,0.030650000,1
'2026-08-22 08:30:42.520650100,0.030650100,0
'2026-08-22 08:30:42.520656100,0.030656100,1
'2026-08-22 08:30:42.521070600,0.031070600,0
'2026-08-22 08:30:42.521071600,0.031071600,1
'2026-08-22 08:30:42.521071700,0.031071700,0
'2026-08-22 08:30:42.521075000,0.031075000,1
'2026-08-22 08:30:42.521089800,0.031089800,0
'2026-08-22 08:30:42.521101200,0.031101200,1
'2026-08-22 08:30:42.521116200,0.031116200,0
'2026-08-22 08:30:42.521127300,0.031127300,1
'2026-08-22 08:30:42.521142100,0.031142100,0
'2026-08-22 08:30:42.521142200,0.031142200,1
'2026-08-22 08:30:42.521142400,0.031142400,0
'2026-08-22 08:30:42.521153400,0.031153400,1
'2026-08-22 08:30:42.521168100,0.031168100,0
'2026-08-22 08:30:42.521179500,0.031179500,1
'2026-08-22 08:30:42.521194400,0.031194400,0
'2026-08-22 08:30:42.521205600,0.031205600,1
'2026-08-22 08:30:42.521220400,0.031220400,0
'2026-08-22 08:30:42.521224600,0.031224600,1
'2026-08-22 08:30:42.521224700,0.031224700,0
'2026-08-22 08:30:42.521231700,0.031231700,1
'2026-08-22 08:30:42.521246600,0.031246600,0
'2026-08-22 08:30:42.521247400,0.031247400,1
'2026-08-22 08:30:42.521247500,0.031247500,0
'2026-08-22 08:30:42.521257800,0.031257800,1
'2026-08-22 08:30:42.521272600,0.031272600,0
'2026-08-22 08:30:42.521283900,0.031283900,1
'2026-08-22 08:30:42.521298900,0.031298900,0
'2026-08-22 08:30:42.521310000,0.031310000,1
'2026-08-22 08:30:42.521324900,0.031324900,0
'2026-08-22 08:30:42.521325000,0.031325000,1
'2026-08-22 08:30:42.521325300,0.031325300,0
'2026-08-22 08:30:42.521325700,0.031325700,1
'2026-08-22 08:30:42.521325800,0.031325800,0
'2026-08-22 08:30:42.521326500,0.031326500,1
'2026-08-22 08:30:42.521326600,0.031326600,0
'2026-08-22 08:30:42.521336100,0.031336100,1
'2026-08-22 08:30:42.521351000,0.031351000,0
'2026-08-22 08:30:42.521362200,0.031362200,1
'2026-08-22 08:30:42.521377200,0.031377200,0
'2026-08-22 08:30:42.521388300,0.031388300,1
'2026-08-22 08:30:42.521403200,0.031403200,0
'2026-08-22 08:30:42.521414400,0.031414400,1
'2026-08-22 08:30:42.521429200,0.031429200,0
'2026-08-22 08:30:42.521440500,0.031440500,1
'2026-08-22 08:30:42.521455500,0.031455500,0
'2026-08-22 08:30:42.521466600,0.031466600,1
'2026-08-22 08:30:42.521899000,0.031899000,0
'2026-08-22 08:30:42.521910200,0.031910200,1
'2026-08-22 08:30:42.521925000,0.031925000,0
'2026-08-22 08:30:42.521936300,0.031936300,1
'2026-08-22 08:30:42.521951100,0.031951100,0
'2026-08-22 08:30:42.521962400,0.031962400,1
'2026-08-22 08:30:42.521977100,0.031977100,0
'2026-08-22 08:30:42.521977300,0.031977300,1
'2026-08-22 08:30:42.521977400,0.031977400,0
'2026-08-22 08:30:42.521977900,0.031977900,1
'2026-08-22 08:30:42.521978000,0.031978000,0
'2026-08-22 08:30:42.521978600,0.031978600,1
'2026-08-22 08:30:42.521978700,0.031978700,0
'2026-08-22 08:30:42.521988500,0.031988500,1
'2026-08-22 08:30:42.522003200,0.032003200,0
'2026-08-22 08:30:42.522003400,0.032003400,1
'2026-08-22 08:30:42.522003500,0.032003500,0
'2026-08-22 08:30:42.522009500,0.032009500,1
'2026-08-22 08:30:42.522009600,0.032009600,0
'2026-08-22 08:30:42.522014600,0.032014600,1
'2026-08-22 08:30:42.522029400,0.032029400,0
'2026-08-22 08:30:42.522029900,0.032029900,1
'2026-08-22 08:30:42.522030000,0.032030000,0
'2026-08-22 08:30:42.522040700,0.032040700,1
'2026-08-22 08:30:42.522055600,0.032055600,0
'2026-08-22 08:30:42.522066800,0.032066800,1
'2026-08-22 08:30:42.522081600,0.032081600,0
'2026-08-22 08:30:42.522081900,0.032081900,1
'2026-08-22 08:30:42.522082000,0.032082000,0
'2026-08-22 08:30:42.522092900,0.032092900,1
'2026-08-22 08:30:42.522107800,0.032107800,0
'2026-08-22 08:30:42.522108200,0.032108200,1
'2026-08-22 08:30:42.522108300,0.032108300,0
'2026-08-22 08:30:42.522119000,0.032119000,1
'2026-08-22 08:30:42.522133800,0.032133800,0
'2026-08-22 08:30:42.522133900,0.032133900,1
'2026-08-22 08:30:42.522134000,0.032134000,0
'2026-08-22 08:30:42.522145100,0.032145100,1
'2026-08-22 08:30:42.522160000,0.032160000,0
'2026-08-22 08:30:42.522160200,0.032160200,1
'2026-08-22 08:30:42.522160300,0.032160300,0
'2026-08-22 08:30:42.522171200,0.032171200,1
'2026-08-22 08:30:42.522186100,0.032186100,0
'2026-08-22 08:30:42.522197300,0.032197300,1
'2026-08-22 08:30:42.522212100,0.032212100,0
'2026-08-22 08:30:42.522223400,0.032223400,1
'2026-08-22 08:30:42.522238200,0.032238200,0
'2026-08-22 08:30:42.522238500,0.032238500,1
'2026-08-22 08:30:42.522238600,0.032238600,0
'2026-08-22 08:30:42.522239100,0.032239100,1
'2026-08-22 08:30:42.522239200,0.032239200,0
'2026-08-22 08:30:42.522239600,0.032239600,1
'2026-08-22 08:30:42.522239700,0.032239700,0
'2026-08-22 08:30:42.522249500,0.032249500,1
'2026-08-22 08:30:42.522264400,0.032264400,0
'2026-08-22 08:30:42.522275600,0.032275600,1
'2026-08-22 08:30:42.522290600,0.032290600,0
'2026-08-22 08:30:42.522291100,0.032291100,1
'2026-08-22 08:30:42.522291200,0.032291200,0
'2026-08-22 08:30:42.522300400,0.032300400,1
'2026-08-22 08:30:42.522300500,0.032300500,0
'2026-08-22 08:30:42.522301700,0.032301700,1
'2026-08-22 08:30:42.522718200,0.032718200,0
'2026-08-22 08:30:42.522719200,0.032719200,1
'2026-08-22 08:30:42.522734100,0.032734100,0
'2026-08-22 08:30:42.522745300,0.032745300,1
'2026-08-22 08:30:42.522760000,0.032760000,0
'2026-08-22 08:30:42.522760100,0.032760100,1
'2026-08-22 08:30:42.522760200,0.032760200,0
'2026-08-22 08:30:42.522771400,0.032771400,1
'2026-08-22 08:30:42.522786100,0.032786100,0
'2026-08-22 08:30:42.522797500,0.032797500,1
'2026-08-22 08:30:42.522812400,0.032812400,0
'2026-08-22 08:30:42.522812700,0.032812700,1
'2026-08-22 08:30:42.522812800,0.032812800,0
'2026-08-22 08:30:42.522813900,0.032813900,1
'2026-08-22 08:30:42.522814000,0.032814000,0
'2026-08-22 08:30:42.522823600,0.032823600,1
'2026-08-22 08:30:42.522838300,0.032838300,0
'2026-08-22 08:30:42.522838400,0.032838400,1
'2026-08-22 08:30:42.522838600,0.032838600,0
'2026-08-22 08:30:42.522849700,0.032849700,1
'2026-08-22 08:30:42.522864400,0.032864400,0
'2026-08-22 08:30:42.522864500,0.032864500,1
'2026-08-22 08:30:42.522864600,0.032864600,0
'2026-08-22 08:30:42.522864700,0.032864700,1
'2026-08-22 08:30:42.522864800,0.032864800,0
'2026-08-22 08:30:42.522865200,0.032865200,1
'2026-08-22 08:30:42.522865300,0.032865300,0
'2026-08-22 08:30:42.522875800,0.032875800,1
'2026-08-22 08:30:42.522890600,0.032890600,0
'2026-08-22 08:30:42.522901900,0.032901900,1
'2026-08-22 08:30:42.522916700,0.032916700,0
'2026-08-22 08:30:42.522928000,0.032928000,1
'2026-08-22 08:30:42.522943000,0.032943000,0
'2026-08-22 08:30:42.522954100,0.032954100,1
'2026-08-22 08:30:42.522968800,0.032968800,0
'2026-08-22 08:30:42.522977900,0.032977900,1
'2026-08-22 08:30:42.522978000,0.032978000,0
'2026-08-22 08:30:42.522980200,0.032980200,1
'2026-08-22 08:30:42.522995200,0.032995200,0
'2026-08-22 08:30:42.522995500,0.032995500,1
'2026-08-22 08:30:42.522995600,0.032995600,0
'2026-08-22 08:30:42.523000200,0.033000200,1
'2026-08-22 08:30:42.523000300,0.033000300,0
'2026-08-22 08:30:42.523006300,0.033006300,1
'2026-08-22 08:30:42.523021300,0.033021300,0
'2026-08-22 08:30:42.523022300,0.033022300,1
'2026-08-22 08:30:42.523022400,0.033022400,0
'2026-08-22 08:30:42.523022900,0.033022900,1
'2026-08-22 08:30:42.523023000,0.033023000,0
'2026-08-22 08:30:42.523032400,0.033032400,1
'2026-08-22 08:30:42.523047200,0.033047200,0
'2026-08-22 08:30:42.523047300,0.033047300,1
'2026-08-22 08:30:42.523047500,0.033047500,0
'2026-08-22 08:30:42.523058500,0.033058500,1
'2026-08-22 08:30:42.523073400,0.033073400,0
'2026-08-22 08:30:42.523073700,0.033073700,1
'2026-08-22 08:30:42.523073800,0.033073800,0
'2026-08-22 08:30:42.523084600,0.033084600,1
'2026-08-22 08:30:42.523099500,0.033099500,0
'2026-08-22 08:30:42.523103700,0.033103700,1
'2026-08-22 08:30:42.523103800,0.033103800,0
'2026-08-22 08:30:42.523110700,0.033110700,1
'2026-08-22 08:30:42.523125800,0.033125800,0
'2026-08-22 08:30:42.523125900,0.033125900,1
'2026-08-22 08:30:42.523126000,0.033126000,0
'2026-08-22 08:30:42.523127700,0.033127700,1
'2026-08-22 08:30:42.524333900,0.034333900,0
'2026-08-22 08:30:42.524337200,0.034337200,1
'2026-08-22 08:30:42.524352000,0.034352000,0
'2026-08-22 08:30:42.524363300,0.034363300,1
'2026-08-22 08:30:42.524378100,0.034378100,0
'2026-08-22 08:30:42.524389400,0.034389400,1
'2026-08-22 08:30:42.524404300,0.034404300,0
'2026-08-22 08:30:42.524415500,0.034415500,1
'2026-08-22 08:30:42.524430200,0.034430200,0
'2026-08-22 08:30:42.524430500,0.034430500,1
'2026-08-22 08:30:42.524430600,0.034430600,0
'2026-08-22 08:30:42.524441600,0.034441600,1
'2026-08-22 08:30:42.524456400,0.034456400,0
'2026-08-22 08:30:42.524467700,0.034467700,1
'2026-08-22 08:30:42.524482700,0.034482700,0
'2026-08-22 08:30:42.524483100,0.034483100,1
'2026-08-22 08:30:42.524483200,0.034483200,0
'2026-08-22 08:30:42.524493800,0.034493800,1
'2026-08-22 08:30:42.524508600,0.034508600,0
'2026-08-22 08:30:42.524519900,0.034519900,1
'2026-08-22 08:30:42.524534700,0.034534700,0
'2026-08-22 08:30:42.524546000,0.034546000,1
'2026-08-22 08:30:42.524560600,0.034560600,0
'2026-08-22 08:30:42.524560700,0.034560700,1
'2026-08-22 08:30:42.524560900,0.034560900,0
'2026-08-22 08:30:42.524572100,0.034572100,1
'2026-08-22 08:30:42.524587000,0.034587000,0
'2026-08-22 08:30:42.524598200,0.034598200,1
'2026-08-22 08:30:42.524613200,0.034613200,0
'2026-08-22 08:30:42.524624300,0.034624300,1
'2026-08-22 08:30:42.524639100,0.034639100,0
'2026-08-22 08:30:42.524650400,0.034650400,1
'2026-08-22 08:30:42.524665200,0.034665200,0
'2026-08-22 08:30:42.524665300,0.034665300,1
'2026-08-22 08:30:42.524665400,0.034665400,0
'2026-08-22 08:30:42.524676500,0.034676500,1
'2026-08-22 08:30:42.524691200,0.034691200,0
'2026-08-22 08:30:42.524691500,0.034691500,1
'2026-08-22 08:30:42.524691600,0.034691600,0
'2026-08-22 08:30:42.524702600,0.034702600,1
'2026-08-22 08:30:42.524717300,0.034717300,0
'2026-08-22 08:30:42.524728700,0.034728700,1
'2026-08-22 08:30:42.525160800,0.035160800,0
'2026-08-22 08:30:42.525168500,0.035168500,1
'2026-08-22 08:30:42.525168600,0.035168600,0
'2026-08-22 08:30:42.525172300,0.035172300,1
'2026-08-22 08:30:42.525187300,0.035187300,0
'2026-08-22 08:30:42.525198400,0.035198400,1
'2026-08-22 08:30:42.525213000,0.035213000,0
'2026-08-22 08:30:42.525214900,0.035214900,1
'2026-08-22 08:30:42.525215000,0.035215000,0
'2026-08-22 08:30:42.525224500,0.035224500,1
'2026-08-22 08:30:42.525239400,0.035239400,0
'2026-08-22 08:30:42.525239700,0.035239700,1
'2026-08-22 08:30:42.525239800,0.035239800,0
'2026-08-22 08:30:42.525240000,0.035240000,1
'2026-08-22 08:30:42.525240100,0.035240100,0
'2026-08-22 08:30:42.525250600,0.035250600,1
'2026-08-22 08:30:42.525265600,0.035265600,0
'2026-08-22 08:30:42.525276700,0.035276700,1
'2026-08-22 08:30:42.525291400,0.035291400,0
'2026-08-22 08:30:42.525295800,0.035295800,1
'2026-08-22 08:30:42.525295900,0.035295900,0
'2026-08-22 08:30:42.525302800,0.035302800,1
'2026-08-22 08:30:42.525317600,0.035317600,0
'2026-08-22 08:30:42.525317800,0.035317800,1
'2026-08-22 08:30:42.525317900,0.035317900,0
'2026-08-22 08:30:42.525318100,0.035318100,1
'2026-08-22 08:30:42.525318200,0.035318200,0
'2026-08-22 08:30:42.525328900,0.035328900,1
'2026-08-22 08:30:42.525343700,0.035343700,0
'2026-08-22 08:30:42.525346000,0.035346000,1
'2026-08-22 08:30:42.525346100,0.035346100,0
'2026-08-22 08:30:42.525355000,0.035355000,1
'2026-08-22 08:30:42.525369700,0.035369700,0
'2026-08-22 08:30:42.525381100,0.035381100,1
'2026-08-22 08:30:42.525396400,0.035396400,0
'2026-08-22 08:30:42.525399300,0.035399300,1
'2026-08-22 08:30:42.525399400,0.035399400,0
'2026-08-22 08:30:42.525404500,0.035404500,1
'2026-08-22 08:30:42.525404600,0.035404600,0
'2026-08-22 08:30:42.525407200,0.035407200,1
'2026-08-22 08:30:42.525422000,0.035422000,0
'2026-08-22 08:30:42.525426800,0.035426800,1
'2026-08-22 08:30:42.525426900,0.035426900,0
'2026-08-22 08:30:42.525433300,0.035433300,1
'2026-08-22 08:30:42.525448000,0.035448000,0
'2026-08-22 08:30:42.525448100,0.035448100,1
'2026-08-22 08:30:42.525448300,0.035448300,0
'2026-08-22 08:30:42.525449100,0.035449100,1
'2026-08-22 08:30:42.525449200,0.035449200,0
'2026-08-22 08:30:42.525449300,0.035449300,1
'2026-08-22 08:30:42.525449400,0.035449400,0
'2026-08-22 08:30:42.525454700,0.035454700,1
'2026-08-22 08:30:42.525454800,0.035454800,0
'2026-08-22 08:30:42.525457500,0.035457500,1
'2026-08-22 08:30:42.525457600,0.035457600,0
'2026-08-22 08:30:42.525459400,0.035459400,1
'2026-08-22 08:30:42.525474500,0.035474500,0
'2026-08-22 08:30:42.525476700,0.035476700,1
'2026-08-22 08:30:42.525476800,0.035476800,0
'2026-08-22 08:30:42.525477000,0.035477000,1
'2026-08-22 08:30:42.525477100,0.035477100,0
'2026-08-22 08:30:42.525479000,0.035479000,1
'2026-08-22 08:30:42.525479100,0.035479100,0
'2026-08-22 08:30:42.525485400,0.035485400,1
'2026-08-22 08:30:42.525500400,0.035500400,0
'2026-08-22 08:30:42.525507700,0.035507700,1
'2026-08-22 08:30:42.525507800,0.035507800,0
'2026-08-22 08:30:42.525511600,0.035511600,1
'2026-08-22 08:30:42.525526800,0.035526800,0
'2026-08-22 08:30:42.525527200,0.035527200,1
'2026-08-22 08:30:42.525527400,0.035527400,0
'2026-08-22 08:30:42.525527500,0.035527500,1
'2026-08-22 08:30:42.525527600,0.035527600,0
'2026-08-22 08:30:42.525532800,0.035532800,1
'2026-08-22 08:30:42.525532900,0.035532900,0
'2026-08-22 08:30:42.525535600,0.035535600,1
'2026-08-22 08:30:42.525535700,0.035535700,0
'2026-08-22 08:30:42.525537700,0.035537700,1
'2026-08-22 08:30:42.525552600,0.035552600,0
'2026-08-22 08:30:42.525552700,0.035552700,1
'2026-08-22 08:30:42.525552800,0.035552800,0
'2026-08-22 08:30:42.525555100,0.035555100,1
'2026-08-22 08:30:42.525555200,0.035555200,0
'2026-08-22 08:30:42.525557900,0.035557900,1
'2026-08-22 08:30:42.525558000,0.035558000,0
'2026-08-22 08:30:42.525563800,0.035563800,1
'2026-08-22 08:30:42.525996200,0.035996200,0
'2026-08-22 08:30:42.525998600,0.035998600,1
'2026-08-22 08:30:42.525998700,0.035998700,0
'2026-08-22 08:30:42.526007400,0.036007400,1
'2026-08-22 08:30:42.526022000,0.036022000,0
'2026-08-22 08:30:42.526029200,0.036029200,1
'2026-08-22 08:30:42.526029300,0.036029300,0
'2026-08-22 08:30:42.526033500,0.036033500,1
'2026-08-22 08:30:42.526048600,0.036048600,0
'2026-08-22 08:30:42.526048700,0.036048700,1
'2026-08-22 08:30:42.526048800,0.036048800,0
'2026-08-22 08:30:42.526051500,0.036051500,1
'2026-08-22 08:30:42.526051600,0.036051600,0
'2026-08-22 08:30:42.526059600,0.036059600,1
'2026-08-22 08:30:42.526074400,0.036074400,0
'2026-08-22 08:30:42.526076600,0.036076600,1
'2026-08-22 08:30:42.526076700,0.036076700,0
'2026-08-22 08:30:42.526079400,0.036079400,1
'2026-08-22 08:30:42.526079500,0.036079500,0
'2026-08-22 08:30:42.526085700,0.036085700,1
'2026-08-22 08:30:42.526100300,0.036100300,0
'2026-08-22 08:30:42.526100800,0.036100800,1
'2026-08-22 08:30:42.526100900,0.036100900,0
'2026-08-22 08:30:42.526101700,0.036101700,1
'2026-08-22 08:30:42.526101800,0.036101800,0
'2026-08-22 08:30:42.526107300,0.036107300,1
'2026-08-22 08:30:42.526107400,0.036107400,0
'2026-08-22 08:30:42.526111800,0.036111800,1
'2026-08-22 08:30:42.526126500,0.036126500,0
'2026-08-22 08:30:42.526129600,0.036129600,1
'2026-08-22 08:30:42.526129700,0.036129700,0
'2026-08-22 08:30:42.526137900,0.036137900,1
'2026-08-22 08:30:42.526152600,0.036152600,0
'2026-08-22 08:30:42.526154700,0.036154700,1
'2026-08-22 08:30:42.526154800,0.036154800,0
'2026-08-22 08:30:42.526157500,0.036157500,1
'2026-08-22 08:30:42.526157600,0.036157600,0
'2026-08-22 08:30:42.526164000,0.036164000,1
'2026-08-22 08:30:42.526178400,0.036178400,0
'2026-08-22 08:30:42.526178500,0.036178500,1
'2026-08-22 08:30:42.526178900,0.036178900,0
'2026-08-22 08:30:42.526179800,0.036179800,1
'2026-08-22 08:30:42.526179900,0.036179900,0
'2026-08-22 08:30:42.526182600,0.036182600,1
'2026-08-22 08:30:42.526182700,0.036182700,0
'2026-08-22 08:30:42.526190100,0.036190100,1
'2026-08-22 08:30:42.526204800,0.036204800,0
'2026-08-22 08:30:42.526204900,0.036204900,1
'2026-08-22 08:30:42.526205100,0.036205100,0
'2026-08-22 08:30:42.526207700,0.036207700,1
'2026-08-22 08:30:42.526207800,0.036207800,0
'2026-08-22 08:30:42.526210500,0.036210500,1
'2026-08-22 08:30:42.526210600,0.036210600,0
'2026-08-22 08:30:42.526216200,0.036216200,1
'2026-08-22 08:30:42.526231000,0.036231000,0
'2026-08-22 08:30:42.526231100,0.036231100,1
'2026-08-22 08:30:42.526231400,0.036231400,0
'2026-08-22 08:30:42.526242300,0.036242300,1
'2026-08-22 08:30:42.526257100,0.036257100,0
'2026-08-22 08:30:42.526257900,0.036257900,1
'2026-08-22 08:30:42.526258000,0.036258000,0
'2026-08-22 08:30:42.526260700,0.036260700,1
'2026-08-22 08:30:42.526260800,0.036260800,0
'2026-08-22 08:30:42.526263500,0.036263500,1
'2026-08-22 08:30:42.526263600,0.036263600,0
'2026-08-22 08:30:42.526266300,0.036266300,1
'2026-08-22 08:30:42.526266400,0.036266400,0
'2026-08-22 08:30:42.526268400,0.036268400,1
'2026-08-22 08:30:42.526283400,0.036283400,0
'2026-08-22 08:30:42.526291400,0.036291400,1
'2026-08-22 08:30:42.526291500,0.036291500,0
'2026-08-22 08:30:42.526292300,0.036292300,1
'2026-08-22 08:30:42.526292400,0.036292400,0
'2026-08-22 08:30:42.526294500,0.036294500,1
'2026-08-22 08:30:42.526309400,0.036309400,0
'2026-08-22 08:30:42.526310900,0.036310900,1
'2026-08-22 08:30:42.526311000,0.036311000,0
'2026-08-22 08:30:42.526320600,0.036320600,1
'2026-08-22 08:30:42.526335400,0.036335400,0
'2026-08-22 08:30:42.526336000,0.036336000,1
'2026-08-22 08:30:42.526336100,0.036336100,0
'2026-08-22 08:30:42.526336300,0.036336300,1
'2026-08-22 08:30:42.526336400,0.036336400,0
'2026-08-22 08:30:42.526341600,0.036341600,1
'2026-08-22 08:30:42.526341700,0.036341700,0
'2026-08-22 08:30:42.526346700,0.036346700,1
'2026-08-22 08:30:42.526361600,0.036361600,0
'2026-08-22 08:30:42.526366700,0.036366700,1
'2026-08-22 08:30:42.526366800,0.036366800,0
'2026-08-22 08:30:42.526372800,0.036372800,1
'2026-08-22 08:30:42.526387600,0.036387600,0
'2026-08-22 08:30:42.526387700,0.036387700,1
'2026-08-22 08:30:42.526387800,0.036387800,0
'2026-08-22 08:30:42.526389000,0.036389000,1
'2026-08-22 08:30:42.526389100,0.036389100,0
'2026-08-22 08:30:42.526389500,0.036389500,1
'2026-08-22 08:30:42.526389600,0.036389600,0
'2026-08-22 08:30:42.526391200,0.036391200,1
'2026-08-22 08:30:42.526805900,0.036805900,0
'2026-08-22 08:30:42.526816400,0.036816400,1
'2026-08-22 08:30:42.526831000,0.036831000,0
'2026-08-22 08:30:42.526842500,0.036842500,1
'2026-08-22 08:30:42.526857300,0.036857300,0
'2026-08-22 08:30:42.526857500,0.036857500,1
'2026-08-22 08:30:42.526857700,0.036857700,0
'2026-08-22 08:30:42.526868600,0.036868600,1
'2026-08-22 08:30:42.526883300,0.036883300,0
'2026-08-22 08:30:42.526883500,0.036883500,1
'2026-08-22 08:30:42.526883600,0.036883600,0
'2026-08-22 08:30:42.526894700,0.036894700,1
'2026-08-22 08:30:42.526909400,0.036909400,0
'2026-08-22 08:30:42.526920200,0.036920200,1
'2026-08-22 08:30:42.526920300,0.036920300,0
'2026-08-22 08:30:42.526920800,0.036920800,1
'2026-08-22 08:30:42.526935800,0.036935800,0
'2026-08-22 08:30:42.526946900,0.036946900,1
'2026-08-22 08:30:42.526961600,0.036961600,0
'2026-08-22 08:30:42.526961700,0.036961700,1
'2026-08-22 08:30:42.526961800,0.036961800,0
'2026-08-22 08:30:42.526963500,0.036963500,1
'2026-08-22 08:30:42.526963600,0.036963600,0
'2026-08-22 08:30:42.526964700,0.036964700,1
'2026-08-22 08:30:42.526964800,0.036964800,0
'2026-08-22 08:30:42.526973000,0.036973000,1
'2026-08-22 08:30:42.526987800,0.036987800,0
'2026-08-22 08:30:42.526988000,0.036988000,1
'2026-08-22 08:30:42.526988100,0.036988100,0
'2026-08-22 08:30:42.526994200,0.036994200,1
'2026-08-22 08:30:42.526994300,0.036994300,0
'2026-08-22 08:30:42.526999100,0.036999100,1
'2026-08-22 08:30:42.527014000,0.037014000,0
'2026-08-22 08:30:42.527025200,0.037025200,1
'2026-08-22 08:30:42.527040100,0.037040100,0
'2026-08-22 08:30:42.527051300,0.037051300,1
'2026-08-22 08:30:42.527066000,0.037066000,0
'2026-08-22 08:30:42.527066100,0.037066100,1
'2026-08-22 08:30:42.527066400,0.037066400,0
'2026-08-22 08:30:42.527077400,0.037077400,1
'2026-08-22 08:30:42.527092100,0.037092100,0
'2026-08-22 08:30:42.527103500,0.037103500,1
'2026-08-22 08:30:42.527118500,0.037118500,0
'2026-08-22 08:30:42.527118800,0.037118800,1
'2026-08-22 08:30:42.527118900,0.037118900,0
'2026-08-22 08:30:42.527129600,0.037129600,1
'2026-08-22 08:30:42.527144600,0.037144600,0
'2026-08-22 08:30:42.527155700,0.037155700,1
'2026-08-22 08:30:42.527170600,0.037170600,0
'2026-08-22 08:30:42.527170700,0.037170700,1
'2026-08-22 08:30:42.527170800,0.037170800,0
'2026-08-22 08:30:42.527180500,0.037180500,1
'2026-08-22 08:30:42.527180600,0.037180600,0
'2026-08-22 08:30:42.527181800,0.037181800,1
'2026-08-22 08:30:42.527196900,0.037196900,0
'2026-08-22 08:30:42.527197000,0.037197000,1
'2026-08-22 08:30:42.527197100,0.037197100,0
'2026-08-22 08:30:42.527207900,0.037207900,1
'2026-08-22 08:30:42.527640200,0.037640200,0
'2026-08-22 08:30:42.527651500,0.037651500,1
'2026-08-22 08:30:42.527666200,0.037666200,0
'2026-08-22 08:30:42.527677600,0.037677600,1
'2026-08-22 08:30:42.527692400,0.037692400,0
'2026-08-22 08:30:42.527703700,0.037703700,1
'2026-08-22 08:30:42.527718600,0.037718600,0
'2026-08-22 08:30:42.527718900,0.037718900,1
'2026-08-22 08:30:42.527719000,0.037719000,0
'2026-08-22 08:30:42.527729800,0.037729800,1
'2026-08-22 08:30:42.527744700,0.037744700,0
'2026-08-22 08:30:42.527755900,0.037755900,1
'2026-08-22 08:30:42.527770600,0.037770600,0
'2026-08-22 08:30:42.527780300,0.037780300,1
'2026-08-22 08:30:42.527780400,0.037780400,0
'2026-08-22 08:30:42.527782000,0.037782000,1
'2026-08-22 08:30:42.527796800,0.037796800,0
'2026-08-22 08:30:42.527797100,0.037797100,1
'2026-08-22 08:30:42.527797200,0.037797200,0
'2026-08-22 08:30:42.527808100,0.037808100,1
'2026-08-22 08:30:42.527823000,0.037823000,0
'2026-08-22 08:30:42.527834200,0.037834200,1
'2026-08-22 08:30:42.527848900,0.037848900,0
'2026-08-22 08:30:42.527849100,0.037849100,1
'2026-08-22 08:30:42.527849200,0.037849200,0
'2026-08-22 08:30:42.527860300,0.037860300,1
'2026-08-22 08:30:42.527875000,0.037875000,0
'2026-08-22 08:30:42.527875100,0.037875100,1
'2026-08-22 08:30:42.527875200,0.037875200,0
'2026-08-22 08:30:42.527886400,0.037886400,1
'2026-08-22 08:30:42.527901200,0.037901200,0
'2026-08-22 08:30:42.527912500,0.037912500,1
'2026-08-22 08:30:42.527927400,0.037927400,0
'2026-08-22 08:30:42.527938600,0.037938600,1
'2026-08-22 08:30:42.527953400,0.037953400,0
'2026-08-22 08:30:42.527953500,0.037953500,1
'2026-08-22 08:30:42.527953700,0.037953700,0
'2026-08-22 08:30:42.527954200,0.037954200,1
'2026-08-22 08:30:42.527954300,0.037954300,0
'2026-08-22 08:30:42.527964700,0.037964700,1
'2026-08-22 08:30:42.527979600,0.037979600,0
'2026-08-22 08:30:42.527979900,0.037979900,1
'2026-08-22 08:30:42.527980000,0.037980000,0
'2026-08-22 08:30:42.527990800,0.037990800,1
'2026-08-22 08:30:42.528005700,0.038005700,0
'2026-08-22 08:30:42.528016900,0.038016900,1
'2026-08-22 08:30:42.528031900,0.038031900,0
'2026-08-22 08:30:42.528032400,0.038032400,1
'2026-08-22 08:30:42.528032500,0.038032500,0
'2026-08-22 08:30:42.528039200,0.038039200,1
'2026-08-22 08:30:42.528453800,0.038453800,0
'2026-08-22 08:30:42.528460500,0.038460500,1
'2026-08-22 08:30:42.528475200,0.038475200,0
'2026-08-22 08:30:42.528486600,0.038486600,1
'2026-08-22 08:30:42.528501500,0.038501500,0
'2026-08-22 08:30:42.528501800,0.038501800,1
'2026-08-22 08:30:42.528501900,0.038501900,0
'2026-08-22 08:30:42.528512700,0.038512700,1
'2026-08-22 08:30:42.528527400,0.038527400,0
'2026-08-22 08:30:42.528527500,0.038527500,1
'2026-08-22 08:30:42.528527600,0.038527600,0
'2026-08-22 08:30:42.528538800,0.038538800,1
'2026-08-22 08:30:42.528553800,0.038553800,0
'2026-08-22 08:30:42.528564900,0.038564900,1
'2026-08-22 08:30:42.528579400,0.038579400,0
'2026-08-22 08:30:42.528579500,0.038579500,1
'2026-08-22 08:30:42.528579700,0.038579700,0
'2026-08-22 08:30:42.528580100,0.038580100,1
'2026-08-22 08:30:42.528580200,0.038580200,0
'2026-08-22 08:30:42.528581300,0.038581300,1
'2026-08-22 08:30:42.528581400,0.038581400,0
'2026-08-22 08:30:42.528591000,0.038591000,1
'2026-08-22 08:30:42.528605700,0.038605700,0
'2026-08-22 08:30:42.528605800,0.038605800,1
'2026-08-22 08:30:42.528605900,0.038605900,0
'2026-08-22 08:30:42.528617100,0.038617100,1
'2026-08-22 08:30:42.528632200,0.038632200,0
'2026-08-22 08:30:42.528643200,0.038643200,1
'2026-08-22 08:30:42.528657900,0.038657900,0
'2026-08-22 08:30:42.528669300,0.038669300,1
'2026-08-22 08:30:42.528684200,0.038684200,0
'2026-08-22 08:30:42.528695400,0.038695400,1
'2026-08-22 08:30:42.528710100,0.038710100,0
'2026-08-22 08:30:42.528710300,0.038710300,1
'2026-08-22 08:30:42.528710400,0.038710400,0
'2026-08-22 08:30:42.528712400,0.038712400,1
'2026-08-22 08:30:42.528712500,0.038712500,0
'2026-08-22 08:30:42.528714000,0.038714000,1
'2026-08-22 08:30:42.528714100,0.038714100,0
'2026-08-22 08:30:42.528721500,0.038721500,1
'2026-08-22 08:30:42.528736300,0.038736300,0
'2026-08-22 08:30:42.528736600,0.038736600,1
'2026-08-22 08:30:42.528736700,0.038736700,0
'2026-08-22 08:30:42.528747600,0.038747600,1
'2026-08-22 08:30:42.528762500,0.038762500,0
'2026-08-22 08:30:42.528762600,0.038762600,1
'2026-08-22 08:30:42.528762700,0.038762700,0
'2026-08-22 08:30:42.528762900,0.038762900,1
'2026-08-22 08:30:42.528763000,0.038763000,0
'2026-08-22 08:30:42.528763500,0.038763500,1
'2026-08-22 08:30:42.528763600,0.038763600,0
'2026-08-22 08:30:42.528773700,0.038773700,1
'2026-08-22 08:30:42.528788800,0.038788800,0
'2026-08-22 08:30:42.528799800,0.038799800,1
'2026-08-22 08:30:42.528814800,0.038814800,0
'2026-08-22 08:30:42.528825900,0.038825900,1
'2026-08-22 08:30:42.528840800,0.038840800,0
'2026-08-22 08:30:42.528852000,0.038852000,1
'2026-08-22 08:30:42.529284200,0.039284200,0
'2026-08-22 08:30:42.529284300,0.039284300,1
'2026-08-22 08:30:42.529284400,0.039284400,0
'2026-08-22 08:30:42.529284900,0.039284900,1
'2026-08-22 08:30:42.529285000,0.039285000,0
'2026-08-22 08:30:42.529295600,0.039295600,1
'2026-08-22 08:30:42.529310200,0.039310200,0
'2026-08-22 08:30:42.529312700,0.039312700,1
'2026-08-22 08:30:42.529312800,0.039312800,0
'2026-08-22 08:30:42.529321700,0.039321700,1
'2026-08-22 08:30:42.529336500,0.039336500,0
'2026-08-22 08:30:42.529336800,0.039336800,1
'2026-08-22 08:30:42.529336900,0.039336900,0
'2026-08-22 08:30:42.529347800,0.039347800,1
'2026-08-22 08:30:42.529362600,0.039362600,0
'2026-08-22 08:30:42.529373900,0.039373900,1
'2026-08-22 08:30:42.529388900,0.039388900,0
'2026-08-22 08:30:42.529400000,0.039400000,1
'2026-08-22 08:30:42.529414800,0.039414800,0
'2026-08-22 08:30:42.529426100,0.039426100,1
'2026-08-22 08:30:42.529440800,0.039440800,0
'2026-08-22 08:30:42.529441300,0.039441300,1
'2026-08-22 08:30:42.529441400,0.039441400,0
'2026-08-22 08:30:42.529452200,0.039452200,1
'2026-08-22 08:30:42.529467100,0.039467100,0
'2026-08-22 08:30:42.529469700,0.039469700,1
'2026-08-22 08:30:42.529469800,0.039469800,0
'2026-08-22 08:30:42.529478300,0.039478300,1
'2026-08-22 08:30:42.529493000,0.039493000,0
'2026-08-22 08:30:42.529504400,0.039504400,1
'2026-08-22 08:30:42.529519600,0.039519600,0
'2026-08-22 08:30:42.529520100,0.039520100,1
'2026-08-22 08:30:42.529520200,0.039520200,0
'2026-08-22 08:30:42.529530500,0.039530500,1
'2026-08-22 08:30:42.529545400,0.039545400,0
'2026-08-22 08:30:42.529556600,0.039556600,1
'2026-08-22 08:30:42.529571600,0.039571600,0
'2026-08-22 08:30:42.529572000,0.039572000,1
'2026-08-22 08:30:42.529572100,0.039572100,0
'2026-08-22 08:30:42.529579700,0.039579700,1
'2026-08-22 08:30:42.529579800,0.039579800,0
'2026-08-22 08:30:42.529582700,0.039582700,1
'2026-08-22 08:30:42.529597600,0.039597600,0
'2026-08-22 08:30:42.529597700,0.039597700,1
'2026-08-22 08:30:42.529597800,0.039597800,0
'2026-08-22 08:30:42.529598700,0.039598700,1
'2026-08-22 08:30:42.529598800,0.039598800,0
'2026-08-22 08:30:42.529608800,0.039608800,1
'2026-08-22 08:30:42.529623600,0.039623600,0
'2026-08-22 08:30:42.529634900,0.039634900,1
'2026-08-22 08:30:42.529650000,0.039650000,0
'2026-08-22 08:30:42.529650100,0.039650100,1
'2026-08-22 08:30:42.529650200,0.039650200,0
'2026-08-22 08:30:42.529650300,0.039650300,1
'2026-08-22 08:30:42.529650400,0.039650400,0
'2026-08-22 08:30:42.529650800,0.039650800,1
'2026-08-22 08:30:42.529651000,0.039651000,0
'2026-08-22 08:30:42.529661000,0.039661000,1
'2026-08-22 08:30:42.529675700,0.039675700,0
'2026-08-22 08:30:42.529687100,0.039687100,1
'2026-08-22 08:30:42.530101400,0.040101400,0
'2026-08-22 08:30:42.530101700,0.040101700,1
'2026-08-22 08:30:42.530101800,0.040101800,0
'2026-08-22 08:30:42.530104600,0.040104600,1
'2026-08-22 08:30:42.530119400,0.040119400,0
'2026-08-22 08:30:42.530130700,0.040130700,1
'2026-08-22 08:30:42.530145600,0.040145600,0
'2026-08-22 08:30:42.530156800,0.040156800,1
'2026-08-22 08:30:42.530171500,0.040171500,0
'2026-08-22 08:30:42.530171700,0.040171700,1
'2026-08-22 08:30:42.530171900,0.040171900,0
'2026-08-22 08:30:42.530172900,0.040172900,1
'2026-08-22 08:30:42.530173000,0.040173000,0
'2026-08-22 08:30:42.530182900,0.040182900,1
'2026-08-22 08:30:42.530197600,0.040197600,0
'2026-08-22 08:30:42.530209000,0.040209000,1
'2026-08-22 08:30:42.530223900,0.040223900,0
'2026-08-22 08:30:42.530224300,0.040224300,1
'2026-08-22 08:30:42.530224400,0.040224400,0
'2026-08-22 08:30:42.530235100,0.040235100,1
'2026-08-22 08:30:42.530250100,0.040250100,0
'2026-08-22 08:30:42.530261200,0.040261200,1
'2026-08-22 08:30:42.530276000,0.040276000,0
'2026-08-22 08:30:42.530276300,0.040276300,1
'2026-08-22 08:30:42.530276400,0.040276400,0
'2026-08-22 08:30:42.530287300,0.040287300,1
'2026-08-22 08:30:42.530302200,0.040302200,0
'2026-08-22 08:30:42.530302600,0.040302600,1
'2026-08-22 08:30:42.530302700,0.040302700,0
'2026-08-22 08:30:42.530303100,0.040303100,1
'2026-08-22 08:30:42.530303200,0.040303200,0
'2026-08-22 08:30:42.530303700,0.040303700,1
'2026-08-22 08:30:42.530303800,0.040303800,0
'2026-08-22 08:30:42.530313400,0.040313400,1
'2026-08-22 08:30:42.530328100,0.040328100,0
'2026-08-22 08:30:42.530339500,0.040339500,1
'2026-08-22 08:30:42.530354400,0.040354400,0
'2026-08-22 08:30:42.530354500,0.040354500,1
'2026-08-22 08:30:42.530354600,0.040354600,0
'2026-08-22 08:30:42.530365600,0.040365600,1
'2026-08-22 08:30:42.530380800,0.040380800,0
'2026-08-22 08:30:42.530391700,0.040391700,1
'2026-08-22 08:30:42.530406600,0.040406600,0
'2026-08-22 08:30:42.530407100,0.040407100,1
'2026-08-22 08:30:42.530407200,0.040407200,0
'2026-08-22 08:30:42.530417800,0.040417800,1
'2026-08-22 08:30:42.530432800,0.040432800,0
'2026-08-22 08:30:42.530433300,0.040433300,1
'2026-08-22 08:30:42.530433400,0.040433400,0
'2026-08-22 08:30:42.530433500,0.040433500,1
'2026-08-22 08:30:42.530433600,0.040433600,0
'2026-08-22 08:30:42.530433900,0.040433900,1
'2026-08-22 08:30:42.530434000,0.040434000,0
'2026-08-22 08:30:42.530434500,0.040434500,1
'2026-08-22 08:30:42.530434600,0.040434600,0
'2026-08-22 08:30:42.530443900,0.040443900,1
'2026-08-22 08:30:42.530458500,0.040458500,0
'2026-08-22 08:30:42.530461900,0.040461900,1
'2026-08-22 08:30:42.530462000,0.040462000,0
'2026-08-22 08:30:42.530464900,0.040464900,1
'2026-08-22 08:30:42.530465000,0.040465000,0
'2026-08-22 08:30:42.530470000,0.040470000,1
'2026-08-22 08:30:42.530485000,0.040485000,0
'2026-08-22 08:30:42.530485300,0.040485300,1
'2026-08-22 08:30:42.530485400,0.040485400,0
'2026-08-22 08:30:42.530496100,0.040496100,1
'2026-08-22 08:30:42.531716800,0.041716800,0
'2026-08-22 08:30:42.531716900,0.041716900,1
'2026-08-22 08:30:42.531717100,0.041717100,0
'2026-08-22 08:30:42.531722500,0.041722500,1
'2026-08-22 08:30:42.531737200,0.041737200,0
'2026-08-22 08:30:42.531748600,0.041748600,1
'2026-08-22 08:30:42.531763400,0.041763400,0
'2026-08-22 08:30:42.531774700,0.041774700,1
'2026-08-22 08:30:42.531789600,0.041789600,0
'2026-08-22 08:30:42.531800800,0.041800800,1
'2026-08-22 08:30:42.531815400,0.041815400,0
'2026-08-22 08:30:42.531822400,0.041822400,1
'2026-08-22 08:30:42.531822500,0.041822500,0
'2026-08-22 08:30:42.531826900,0.041826900,1
'2026-08-22 08:30:42.531841700,0.041841700,0
'2026-08-22 08:30:42.531853000,0.041853000,1
'2026-08-22 08:30:42.531867800,0.041867800,0
'2026-08-22 08:30:42.531879100,0.041879100,1
'2026-08-22 08:30:42.531894000,0.041894000,0
'2026-08-22 08:30:42.531905200,0.041905200,1
'2026-08-22 08:30:42.531920000,0.041920000,0
'2026-08-22 08:30:42.531920100,0.041920100,1
'2026-08-22 08:30:42.531920200,0.041920200,0
'2026-08-22 08:30:42.531931300,0.041931300,1
'2026-08-22 08:30:42.531946000,0.041946000,0
'2026-08-22 08:30:42.531946100,0.041946100,1
'2026-08-22 08:30:42.531946200,0.041946200,0
'2026-08-22 08:30:42.531957400,0.041957400,1
'2026-08-22 08:30:42.531972200,0.041972200,0
'2026-08-22 08:30:42.531983500,0.041983500,1
'2026-08-22 08:30:42.531998200,0.041998200,0
'2026-08-22 08:30:42.532002500,0.042002500,1
'2026-08-22 08:30:42.532002600,0.042002600,0
'2026-08-22 08:30:42.532009600,0.042009600,1
'2026-08-22 08:30:42.532024600,0.042024600,0
'2026-08-22 08:30:42.532024700,0.042024700,1
'2026-08-22 08:30:42.532024800,0.042024800,0
'2026-08-22 08:30:42.532035700,0.042035700,1
'2026-08-22 08:30:42.532050600,0.042050600,0
'2026-08-22 08:30:42.532061800,0.042061800,1
'2026-08-22 08:30:42.532076700,0.042076700,0
'2026-08-22 08:30:42.532087900,0.042087900,1
'2026-08-22 08:30:42.532102700,0.042102700,0
'2026-08-22 08:30:42.532102800,0.042102800,1
'2026-08-22 08:30:42.532102900,0.042102900,0
'2026-08-22 08:30:42.532114000,0.042114000,1
'2026-08-22 08:30:42.532546300,0.042546300,0
'2026-08-22 08:30:42.532557600,0.042557600,1
'2026-08-22 08:30:42.532572300,0.042572300,0
'2026-08-22 08:30:42.532583700,0.042583700,1
'2026-08-22 08:30:42.532598300,0.042598300,0
'2026-08-22 08:30:42.532598400,0.042598400,1
'2026-08-22 08:30:42.532598500,0.042598500,0
'2026-08-22 08:30:42.532609800,0.042609800,1
'2026-08-22 08:30:42.532624600,0.042624600,0
'2026-08-22 08:30:42.532624700,0.042624700,1
'2026-08-22 08:30:42.532624900,0.042624900,0
'2026-08-22 08:30:42.532625300,0.042625300,1
'2026-08-22 08:30:42.532625400,0.042625400,0
'2026-08-22 08:30:42.532635900,0.042635900,1
'2026-08-22 08:30:42.532650800,0.042650800,0
'2026-08-22 08:30:42.532652000,0.042652000,1
'2026-08-22 08:30:42.532652100,0.042652100,0
'2026-08-22 08:30:42.532662000,0.042662000,1
'2026-08-22 08:30:42.532676800,0.042676800,0
'2026-08-22 08:30:42.532676900,0.042676900,1
'2026-08-22 08:30:42.532677000,0.042677000,0
'2026-08-22 08:30:42.532688100,0.042688100,1
'2026-08-22 08:30:42.532702800,0.042702800,0
'2026-08-22 08:30:42.532702900,0.042702900,1
'2026-08-22 08:30:42.532703000,0.042703000,0
'2026-08-22 08:30:42.532714200,0.042714200,1
'2026-08-22 08:30:42.532729000,0.042729000,0
'2026-08-22 08:30:42.532729100,0.042729100,1
'2026-08-22 08:30:42.532729300,0.042729300,0
'2026-08-22 08:30:42.532737900,0.042737900,1
'2026-08-22 08:30:42.532738000,0.042738000,0
'2026-08-22 08:30:42.532740300,0.042740300,1
'2026-08-22 08:30:42.532755100,0.042755100,0
'2026-08-22 08:30:42.532757200,0.042757200,1
'2026-08-22 08:30:42.532757300,0.042757300,0
'2026-08-22 08:30:42.532766400,0.042766400,1
'2026-08-22 08:30:42.532781300,0.042781300,0
'2026-08-22 08:30:42.532785500,0.042785500,1
'2026-08-22 08:30:42.532785600,0.042785600,0
'2026-08-22 08:30:42.532792500,0.042792500,1
'2026-08-22 08:30:42.532807600,0.042807600,0
'2026-08-22 08:30:42.532807700,0.042807700,1
'2026-08-22 08:30:42.532807800,0.042807800,0
'2026-08-22 08:30:42.532818600,0.042818600,1
'2026-08-22 08:30:42.532833400,0.042833400,0
'2026-08-22 08:30:42.532844700,0.042844700,1
'2026-08-22 08:30:42.532859600,0.042859600,0
'2026-08-22 08:30:42.532870800,0.042870800,1
'2026-08-22 08:30:42.532885800,0.042885800,0
'2026-08-22 08:30:42.532886300,0.042886300,1
'2026-08-22 08:30:42.532886400,0.042886400,0
'2026-08-22 08:30:42.532896900,0.042896900,1
'2026-08-22 08:30:42.532911600,0.042911600,0
'2026-08-22 08:30:42.532918000,0.042918000,1
'2026-08-22 08:30:42.532918100,0.042918100,0
'2026-08-22 08:30:42.532923000,0.042923000,1
'2026-08-22 08:30:42.532938200,0.042938200,0
'2026-08-22 08:30:42.532938300,0.042938300,1
'2026-08-22 08:30:42.532938400,0.042938400,0
'2026-08-22 08:30:42.532949100,0.042949100,1
'2026-08-22 08:30:42.533364800,0.043364800,0
'2026-08-22 08:30:42.533366600,0.043366600,1
'2026-08-22 08:30:42.533381600,0.043381600,0
'2026-08-22 08:30:42.533392700,0.043392700,1
'2026-08-22 08:30:42.533407600,0.043407600,0
'2026-08-22 08:30:42.533418800,0.043418800,1
'2026-08-22 08:30:42.533433600,0.043433600,0
'2026-08-22 08:30:42.533444900,0.043444900,1
'2026-08-22 08:30:42.533459900,0.043459900,0
'2026-08-22 08:30:42.533462800,0.043462800,1
'2026-08-22 08:30:42.533462900,0.043462900,0
'2026-08-22 08:30:42.533471000,0.043471000,1
'2026-08-22 08:30:42.533485600,0.043485600,0
'2026-08-22 08:30:42.533485700,0.043485700,1
'2026-08-22 08:30:42.533485800,0.043485800,0
'2026-08-22 08:30:42.533497100,0.043497100,1
'2026-08-22 08:30:42.533512000,0.043512000,0
'2026-08-22 08:30:42.533512300,0.043512300,1
'2026-08-22 08:30:42.533512400,0.043512400,0
'2026-08-22 08:30:42.533523200,0.043523200,1
'2026-08-22 08:30:42.533538100,0.043538100,0
'2026-08-22 08:30:42.533548000,0.043548000,1
'2026-08-22 08:30:42.533548100,0.043548100,0
'2026-08-22 08:30:42.533549300,0.043549300,1
'2026-08-22 08:30:42.533564000,0.043564000,0
'2026-08-22 08:30:42.533575400,0.043575400,1
'2026-08-22 08:30:42.533590700,0.043590700,0
'2026-08-22 08:30:42.533590900,0.043590900,1
'2026-08-22 08:30:42.533591000,0.043591000,0
'2026-08-22 08:30:42.533591700,0.043591700,1
'2026-08-22 08:30:42.533591800,0.043591800,0
'2026-08-22 08:30:42.533601500,0.043601500,1
'2026-08-22 08:30:42.533616400,0.043616400,0
'2026-08-22 08:30:42.533621500,0.043621500,1
'2026-08-22 08:30:42.533621600,0.043621600,0
'2026-08-22 08:30:42.533627600,0.043627600,1
'2026-08-22 08:30:42.533642700,0.043642700,0
'2026-08-22 08:30:42.533653700,0.043653700,1
'2026-08-22 08:30:42.533668600,0.043668600,0
'2026-08-22 08:30:42.533668700,0.043668700,1
'2026-08-22 08:30:42.533668800,0.043668800,0
'2026-08-22 08:30:42.533671800,0.043671800,1
'2026-08-22 08:30:42.533672000,0.043672000,0
'2026-08-22 08:30:42.533679800,0.043679800,1
'2026-08-22 08:30:42.533694700,0.043694700,0
'2026-08-22 08:30:42.533705900,0.043705900,1
'2026-08-22 08:30:42.533721000,0.043721000,0
'2026-08-22 08:30:42.533721400,0.043721400,1
'2026-08-22 08:30:42.533721500,0.043721500,0
'2026-08-22 08:30:42.533732000,0.043732000,1
'2026-08-22 08:30:42.533746800,0.043746800,0
'2026-08-22 08:30:42.533747100,0.043747100,1
'2026-08-22 08:30:42.533747200,0.043747200,0
'2026-08-22 08:30:42.533752700,0.043752700,1
'2026-08-22 08:30:42.533752800,0.043752800,0
'2026-08-22 08:30:42.533758100,0.043758100,1
'2026-08-22 08:30:42.533773200,0.043773200,0
'2026-08-22 08:30:42.533773300,0.043773300,1
'2026-08-22 08:30:42.533773400,0.043773400,0
'2026-08-22 08:30:42.533774300,0.043774300,1
'2026-08-22 08:30:42.534190400,0.044190400,0
'2026-08-22 08:30:42.534190500,0.044190500,1
'2026-08-22 08:30:42.534190600,0.044190600,0
'2026-08-22 08:30:42.534201700,0.044201700,1
'2026-08-22 08:30:42.534216400,0.044216400,0
'2026-08-22 08:30:42.534227800,0.044227800,1
'2026-08-22 08:30:42.534242500,0.044242500,0
'2026-08-22 08:30:42.534242800,0.044242800,1
'2026-08-22 08:30:42.534242900,0.044242900,0
'2026-08-22 08:30:42.534243500,0.044243500,1
'2026-08-22 08:30:42.534243600,0.044243600,0
'2026-08-22 08:30:42.534253900,0.044253900,1
'2026-08-22 08:30:42.534268700,0.044268700,0
'2026-08-22 08:30:42.534280000,0.044280000,1
'2026-08-22 08:30:42.534294600,0.044294600,0
'2026-08-22 08:30:42.534294700,0.044294700,1
'2026-08-22 08:30:42.534294900,0.044294900,0
'2026-08-22 08:30:42.534295400,0.044295400,1
'2026-08-22 08:30:42.534295500,0.044295500,0
'2026-08-22 08:30:42.534306100,0.044306100,1
'2026-08-22 08:30:42.534321300,0.044321300,0
'2026-08-22 08:30:42.534321600,0.044321600,1
'2026-08-22 08:30:42.534321700,0.044321700,0
'2026-08-22 08:30:42.534323400,0.044323400,1
'2026-08-22 08:30:42.534323500,0.044323500,0
'2026-08-22 08:30:42.534332200,0.044332200,1
'2026-08-22 08:30:42.534347000,0.044347000,0
'2026-08-22 08:30:42.534358300,0.044358300,1
'2026-08-22 08:30:42.534373200,0.044373200,0
'2026-08-22 08:30:42.534373700,0.044373700,1
'2026-08-22 08:30:42.534373800,0.044373800,0
'2026-08-22 08:30:42.534374200,0.044374200,1
'2026-08-22 08:30:42.534374300,0.044374300,0
'2026-08-22 08:30:42.534374500,0.044374500,1
'2026-08-22 08:30:42.534374700,0.044374700,0
'2026-08-22 08:30:42.534384400,0.044384400,1
'2026-08-22 08:30:42.534399200,0.044399200,0
'2026-08-22 08:30:42.534399300,0.044399300,1
'2026-08-22 08:30:42.534399500,0.044399500,0
'2026-08-22 08:30:42.534410500,0.044410500,1
'2026-08-22 08:30:42.534425400,0.044425400,0
'2026-08-22 08:30:42.534425600,0.044425600,1
'2026-08-22 08:30:42.534425700,0.044425700,0
'2026-08-22 08:30:42.534436600,0.044436600,1
'2026-08-22 08:30:42.534451400,0.044451400,0
'2026-08-22 08:30:42.534462700,0.044462700,1
'2026-08-22 08:30:42.534477700,0.044477700,0
'2026-08-22 08:30:42.534477800,0.044477800,1
'2026-08-22 08:30:42.534477900,0.044477900,0
'2026-08-22 08:30:42.534488800,0.044488800,1
'2026-08-22 08:30:42.534504000,0.044504000,0
'2026-08-22 08:30:42.534504400,0.044504400,1
'2026-08-22 08:30:42.534504600,0.044504600,0
'2026-08-22 08:30:42.534507700,0.044507700,1
'2026-08-22 08:30:42.534507800,0.044507800,0
'2026-08-22 08:30:42.534514900,0.044514900,1
'2026-08-22 08:30:42.534529700,0.044529700,0
'2026-08-22 08:30:42.534530100,0.044530100,1
'2026-08-22 08:30:42.534530200,0.044530200,0
'2026-08-22 08:30:42.534541000,0.044541000,1
'2026-08-22 08:30:42.534556100,0.044556100,0
'2026-08-22 08:30:42.534556400,0.044556400,1
'2026-08-22 08:30:42.534556500,0.044556500,0
'2026-08-22 08:30:42.534567100,0.044567100,1
'2026-08-22 08:30:42.534582000,0.044582000,0
'2026-08-22 08:30:42.534582100,0.044582100,1
'2026-08-22 08:30:42.534582200,0.044582200,0
'2026-08-22 08:30:42.534593200,0.044593200,1
'2026-08-22 08:30:42.535025400,0.045025400,0
'2026-08-22 08:30:42.535030000,0.045030000,1
'2026-08-22 08:30:42.535030100,0.045030100,0
'2026-08-22 08:30:42.535036800,0.045036800,1
'2026-08-22 08:30:42.535051700,0.045051700,0
'2026-08-22 08:30:42.535052300,0.045052300,1
'2026-08-22 08:30:42.535052400,0.045052400,0
'2026-08-22 08:30:42.535055100,0.045055100,1
'2026-08-22 08:30:42.535055200,0.045055200,0
'2026-08-22 08:30:42.535057900,0.045057900,1
'2026-08-22 08:30:42.535058000,0.045058000,0
'2026-08-22 08:30:42.535062900,0.045062900,1
'2026-08-22 08:30:42.535077800,0.045077800,0
'2026-08-22 08:30:42.535077900,0.045077900,1
'2026-08-22 08:30:42.535078000,0.045078000,0
'2026-08-22 08:30:42.535080200,0.045080200,1
'2026-08-22 08:30:42.535080300,0.045080300,0
'2026-08-22 08:30:42.535089000,0.045089000,1
'2026-08-22 08:30:42.535103800,0.045103800,0
'2026-08-22 08:30:42.535105300,0.045105300,1
'2026-08-22 08:30:42.535105400,0.045105400,0
'2026-08-22 08:30:42.535108100,0.045108100,1
'2026-08-22 08:30:42.535108200,0.045108200,0
'2026-08-22 08:30:42.535115100,0.045115100,1
'2026-08-22 08:30:42.535130000,0.045130000,0
'2026-08-22 08:30:42.535130400,0.045130400,1
'2026-08-22 08:30:42.535130600,0.045130600,0
'2026-08-22 08:30:42.535133200,0.045133200,1
'2026-08-22 08:30:42.535133300,0.045133300,0
'2026-08-22 08:30:42.535141200,0.045141200,1
'2026-08-22 08:30:42.535156000,0.045156000,0
'2026-08-22 08:30:42.535156100,0.045156100,1
'2026-08-22 08:30:42.535156200,0.045156200,0
'2026-08-22 08:30:42.535158300,0.045158300,1
'2026-08-22 08:30:42.535158400,0.045158400,0
'2026-08-22 08:30:42.535167300,0.045167300,1
'2026-08-22 08:30:42.535181900,0.045181900,0
'2026-08-22 08:30:42.535183400,0.045183400,1
'2026-08-22 08:30:42.535183500,0.045183500,0
'2026-08-22 08:30:42.535186200,0.045186200,1
'2026-08-22 08:30:42.535186300,0.045186300,0
'2026-08-22 08:30:42.535189000,0.045189000,1
'2026-08-22 08:30:42.535189100,0.045189100,0
'2026-08-22 08:30:42.535191800,0.045191800,1
'2026-08-22 08:30:42.535191900,0.045191900,0
'2026-08-22 08:30:42.535193400,0.045193400,1
'2026-08-22 08:30:42.535208300,0.045208300,0
'2026-08-22 08:30:42.535208500,0.045208500,1
'2026-08-22 08:30:42.535208800,0.045208800,0
'2026-08-22 08:30:42.535209300,0.045209300,1
'2026-08-22 08:30:42.535209400,0.045209400,0
'2026-08-22 08:30:42.535211000,0.045211000,1
'2026-08-22 08:30:42.535211100,0.045211100,0
'2026-08-22 08:30:42.535211300,0.045211300,1
'2026-08-22 08:30:42.535211400,0.045211400,0
'2026-08-22 08:30:42.535216900,0.045216900,1
'2026-08-22 08:30:42.535217000,0.045217000,0
'2026-08-22 08:30:42.535219500,0.045219500,1
'2026-08-22 08:30:42.535234500,0.045234500,0
'2026-08-22 08:30:42.535236400,0.045236400,1
'2026-08-22 08:30:42.535236500,0.045236500,0
'2026-08-22 08:30:42.535238300,0.045238300,1
'2026-08-22 08:30:42.535238400,0.045238400,0
'2026-08-22 08:30:42.535239200,0.045239200,1
'2026-08-22 08:30:42.535239300,0.045239300,0
'2026-08-22 08:30:42.535242000,0.045242000,1
'2026-08-22 08:30:42.535242100,0.045242100,0
'2026-08-22 08:30:42.535245600,0.045245600,1
'2026-08-22 08:30:42.535260100,0.045260100,0
'2026-08-22 08:30:42.535260200,0.045260200,1
'2026-08-22 08:30:42.535260800,0.045260800,0
'2026-08-22 08:30:42.535260900,0.045260900,1
'2026-08-22 08:30:42.535261000,0.045261000,0
'2026-08-22 08:30:42.535261500,0.045261500,1
'2026-08-22 08:30:42.535261600,0.045261600,0
'2026-08-22 08:30:42.535261800,0.045261800,1
'2026-08-22 08:30:42.535261900,0.045261900,0
'2026-08-22 08:30:42.535264700,0.045264700,1
'2026-08-22 08:30:42.535264800,0.045264800,0
'2026-08-22 08:30:42.535267100,0.045267100,1
'2026-08-22 08:30:42.535267200,0.045267200,0
'2026-08-22 08:30:42.535269900,0.045269900,1
'2026-08-22 08:30:42.535270000,0.045270000,0
'2026-08-22 08:30:42.535271700,0.045271700,1
'2026-08-22 08:30:42.535286800,0.045286800,0
'2026-08-22 08:30:42.535292200,0.045292200,1
'2026-08-22 08:30:42.535292300,0.045292300,0
'2026-08-22 08:30:42.535297800,0.045297800,1
'2026-08-22 08:30:42.535312700,0.045312700,0
'2026-08-22 08:30:42.535317300,0.045317300,1
'2026-08-22 08:30:42.535317400,0.045317400,0
'2026-08-22 08:30:42.535323900,0.045323900,1
'2026-08-22 08:30:42.535339100,0.045339100,0
'2026-08-22 08:30:42.535339500,0.045339500,1
'2026-08-22 08:30:42.535339800,0.045339800,0
'2026-08-22 08:30:42.535342400,0.045342400,1
'2026-08-22 08:30:42.535342500,0.045342500,0
'2026-08-22 08:30:42.535350000,0.045350000,1
'2026-08-22 08:30:42.535365000,0.045365000,0
'2026-08-22 08:30:42.535367500,0.045367500,1
'2026-08-22 08:30:42.535367600,0.045367600,0
'2026-08-22 08:30:42.535370300,0.045370300,1
'2026-08-22 08:30:42.535370500,0.045370500,0
'2026-08-22 08:30:42.535376100,0.045376100,1
'2026-08-22 08:30:42.535391000,0.045391000,0
'2026-08-22 08:30:42.535391100,0.045391100,1
'2026-08-22 08:30:42.535391200,0.045391200,0
'2026-08-22 08:30:42.535392600,0.045392600,1
'2026-08-22 08:30:42.535392700,0.045392700,0
'2026-08-22 08:30:42.535395400,0.045395400,1
'2026-08-22 08:30:42.535395600,0.045395600,0
'2026-08-22 08:30:42.535398200,0.045398200,1
'2026-08-22 08:30:42.535398300,0.045398300,0
'2026-08-22 08:30:42.535402200,0.045402200,1
'2026-08-22 08:30:42.535417200,0.045417200,0
'2026-08-22 08:30:42.535417700,0.045417700,1
'2026-08-22 08:30:42.535417900,0.045417900,0
'2026-08-22 08:30:42.535418300,0.045418300,1
'2026-08-22 08:30:42.535418400,0.045418400,0
'2026-08-22 08:30:42.535420500,0.045420500,1
'2026-08-22 08:30:42.535420600,0.045420600,0
'2026-08-22 08:30:42.535422200,0.045422200,1
'2026-08-22 08:30:42.535836500,0.045836500,0
'2026-08-22 08:30:42.535841600,0.045841600,1
'2026-08-22 08:30:42.535841700,0.045841700,0
'2026-08-22 08:30:42.535845700,0.045845700,1
'2026-08-22 08:30:42.535860400,0.045860400,0
'2026-08-22 08:30:42.535860500,0.045860500,1
'2026-08-22 08:30:42.535860600,0.045860600,0
'2026-08-22 08:30:42.535860900,0.045860900,1
'2026-08-22 08:30:42.535861000,0.045861000,0
'2026-08-22 08:30:42.535861100,0.045861100,1
'2026-08-22 08:30:42.535861200,0.045861200,0
'2026-08-22 08:30:42.535863900,0.045863900,1
'2026-08-22 08:30:42.535864100,0.045864100,0
'2026-08-22 08:30:42.535866700,0.045866700,1
'2026-08-22 08:30:42.535866800,0.045866800,0
'2026-08-22 08:30:42.535871800,0.045871800,1
'2026-08-22 08:30:42.535886700,0.045886700,0
'2026-08-22 08:30:42.535891800,0.045891800,1
'2026-08-22 08:30:42.535891900,0.045891900,0
'2026-08-22 08:30:42.535894600,0.045894600,1
'2026-08-22 08:30:42.535894700,0.045894700,0
'2026-08-22 08:30:42.535898000,0.045898000,1
'2026-08-22 08:30:42.535912700,0.045912700,0
'2026-08-22 08:30:42.535914100,0.045914100,1
'2026-08-22 08:30:42.535914300,0.045914300,0
'2026-08-22 08:30:42.535916900,0.045916900,1
'2026-08-22 08:30:42.535917000,0.045917000,0
'2026-08-22 08:30:42.535924100,0.045924100,1
'2026-08-22 08:30:42.535938800,0.045938800,0
'2026-08-22 08:30:42.535939200,0.045939200,1
'2026-08-22 08:30:42.535939300,0.045939300,0
'2026-08-22 08:30:42.535942000,0.045942000,1
'2026-08-22 08:30:42.535942100,0.045942100,0
'2026-08-22 08:30:42.535950200,0.045950200,1
'2026-08-22 08:30:42.535965000,0.045965000,0
'2026-08-22 08:30:42.535967100,0.045967100,1
'2026-08-22 08:30:42.535967200,0.045967200,0
'2026-08-22 08:30:42.535976300,0.045976300,1
'2026-08-22 08:30:42.535990800,0.045990800,0
'2026-08-22 08:30:42.535991100,0.045991100,1
'2026-08-22 08:30:42.535991200,0.045991200,0
'2026-08-22 08:30:42.535992200,0.045992200,1
'2026-08-22 08:30:42.535992400,0.045992400,0
'2026-08-22 08:30:42.535995000,0.045995000,1
'2026-08-22 08:30:42.535995100,0.045995100,0
'2026-08-22 08:30:42.536002400,0.046002400,1
'2026-08-22 08:30:42.536017600,0.046017600,0
'2026-08-22 08:30:42.536025700,0.046025700,1
'2026-08-22 08:30:42.536025800,0.046025800,0
'2026-08-22 08:30:42.536028500,0.046028500,1
'2026-08-22 08:30:42.536043300,0.046043300,0
'2026-08-22 08:30:42.536045200,0.046045200,1
'2026-08-22 08:30:42.536045300,0.046045300,0
'2026-08-22 08:30:42.536054600,0.046054600,1
'2026-08-22 08:30:42.536069200,0.046069200,0
'2026-08-22 08:30:42.536069300,0.046069300,1
'2026-08-22 08:30:42.536069500,0.046069500,0
'2026-08-22 08:30:42.536080700,0.046080700,1
'2026-08-22 08:30:42.536095800,0.046095800,0
'2026-08-22 08:30:42.536096200,0.046096200,1
'2026-08-22 08:30:42.536096300,0.046096300,0
'2026-08-22 08:30:42.536106800,0.046106800,1
'2026-08-22 08:30:42.536121800,0.046121800,0
'2026-08-22 08:30:42.536132900,0.046132900,1
'2026-08-22 08:30:42.536147700,0.046147700,0
'2026-08-22 08:30:42.536148200,0.046148200,1
'2026-08-22 08:30:42.536148300,0.046148300,0
'2026-08-22 08:30:42.536159000,0.046159000,1
'2026-08-22 08:30:42.536174200,0.046174200,0
'2026-08-22 08:30:42.536176300,0.046176300,1
'2026-08-22 08:30:42.536176400,0.046176400,0
'2026-08-22 08:30:42.536185100,0.046185100,1
'2026-08-22 08:30:42.536199800,0.046199800,0
'2026-08-22 08:30:42.536199900,0.046199900,1
'2026-08-22 08:30:42.536200000,0.046200000,0
'2026-08-22 08:30:42.536201400,0.046201400,1
'2026-08-22 08:30:42.536201500,0.046201500,0
'2026-08-22 08:30:42.536201900,0.046201900,1
'2026-08-22 08:30:42.536202000,0.046202000,0
'2026-08-22 08:30:42.536204300,0.046204300,1
'2026-08-22 08:30:42.536204400,0.046204400,0
'2026-08-22 08:30:42.536211200,0.046211200,1
'2026-08-22 08:30:42.536226200,0.046226200,0
'2026-08-22 08:30:42.536226500,0.046226500,1
'2026-08-22 08:30:42.536226600,0.046226600,0
'2026-08-22 08:30:42.536226800,0.046226800,1
'2026-08-22 08:30:42.536226900,0.046226900,0
'2026-08-22 08:30:42.536237300,0.046237300,1
'2026-08-22 08:30:42.537452200,0.047452200,0
'2026-08-22 08:30:42.537463600,0.047463600,1
'2026-08-22 08:30:42.537478400,0.047478400,0
'2026-08-22 08:30:42.537489800,0.047489800,1
'2026-08-22 08:30:42.537504400,0.047504400,0
'2026-08-22 08:30:42.537504500,0.047504500,1
'2026-08-22 08:30:42.537504600,0.047504600,0
'2026-08-22 08:30:42.537515900,0.047515900,1
'2026-08-22 08:30:42.537530600,0.047530600,0
'2026-08-22 08:30:42.537530800,0.047530800,1
'2026-08-22 08:30:42.537531000,0.047531000,0
'2026-08-22 08:30:42.537542000,0.047542000,1
'2026-08-22 08:30:42.537556700,0.047556700,0
'2026-08-22 08:30:42.537557100,0.047557100,1
'2026-08-22 08:30:42.537557200,0.047557200,0
'2026-08-22 08:30:42.537557500,0.047557500,1
'2026-08-22 08:30:42.537557600,0.047557600,0
'2026-08-22 08:30:42.537568100,0.047568100,1
'2026-08-22 08:30:42.537582900,0.047582900,0
'2026-08-22 08:30:42.537594200,0.047594200,1
'2026-08-22 08:30:42.537609000,0.047609000,0
'2026-08-22 08:30:42.537609100,0.047609100,1
'2026-08-22 08:30:42.537609200,0.047609200,0
'2026-08-22 08:30:42.537620300,0.047620300,1
'2026-08-22 08:30:42.537635000,0.047635000,0
'2026-08-22 08:30:42.537635100,0.047635100,1
'2026-08-22 08:30:42.537635200,0.047635200,0
'2026-08-22 08:30:42.537635300,0.047635300,1
'2026-08-22 08:30:42.537635400,0.047635400,0
'2026-08-22 08:30:42.537646400,0.047646400,1
'2026-08-22 08:30:42.537661400,0.047661400,0
'2026-08-22 08:30:42.537672500,0.047672500,1
'2026-08-22 08:30:42.537687200,0.047687200,0
'2026-08-22 08:30:42.537687300,0.047687300,1
'2026-08-22 08:30:42.537687400,0.047687400,0
'2026-08-22 08:30:42.537687800,0.047687800,1
'2026-08-22 08:30:42.537687900,0.047687900,0
'2026-08-22 08:30:42.537698600,0.047698600,1
'2026-08-22 08:30:42.537713200,0.047713200,0
'2026-08-22 08:30:42.537713500,0.047713500,1
'2026-08-22 08:30:42.537713600,0.047713600,0
'2026-08-22 08:30:42.537724700,0.047724700,1
'2026-08-22 08:30:42.537739400,0.047739400,0
'2026-08-22 08:30:42.537739800,0.047739800,1
'2026-08-22 08:30:42.537739900,0.047739900,0
'2026-08-22 08:30:42.537750800,0.047750800,1
'2026-08-22 08:30:42.537765700,0.047765700,0
'2026-08-22 08:30:42.537776900,0.047776900,1
'2026-08-22 08:30:42.537792000,0.047792000,0
'2026-08-22 08:30:42.537803000,0.047803000,1
'2026-08-22 08:30:42.537817800,0.047817800,0
'2026-08-22 08:30:42.537818000,0.047818000,1
'2026-08-22 08:30:42.537818200,0.047818200,0
'2026-08-22 08:30:42.537829100,0.047829100,1
'2026-08-22 08:30:42.537844000,0.047844000,0
'2026-08-22 08:30:42.537855200,0.047855200,1
'2026-08-22 08:30:42.539070200,0.049070200,0
'2026-08-22 08:30:42.539081600,0.049081600,1
'2026-08-22 08:30:42.539096400,0.049096400,0
'2026-08-22 08:30:42.539107700,0.049107700,1
'2026-08-22 08:30:42.539122600,0.049122600,0
'2026-08-22 08:30:42.539122900,0.049122900,1
'2026-08-22 08:30:42.539123000,0.049123000,0
'2026-08-22 08:30:42.539133800,0.049133800,1
'2026-08-22 08:30:42.539148700,0.049148700,0
'2026-08-22 08:30:42.539159900,0.049159900,1
'2026-08-22 08:30:42.539174800,0.049174800,0
'2026-08-22 08:30:42.539174900,0.049174900,1
'2026-08-22 08:30:42.539175000,0.049175000,0
'2026-08-22 08:30:42.539186000,0.049186000,1
'2026-08-22 08:30:42.539200800,0.049200800,0
'2026-08-22 08:30:42.539201100,0.049201100,1
'2026-08-22 08:30:42.539201200,0.049201200,0
'2026-08-22 08:30:42.539212100,0.049212100,1
'2026-08-22 08:30:42.539226900,0.049226900,0
'2026-08-22 08:30:42.539238200,0.049238200,1
'2026-08-22 08:30:42.539253200,0.049253200,0
'2026-08-22 08:30:42.539264300,0.049264300,1
'2026-08-22 08:30:42.539279000,0.049279000,0
'2026-08-22 08:30:42.539279300,0.049279300,1
'2026-08-22 08:30:42.539279400,0.049279400,0
'2026-08-22 08:30:42.539290400,0.049290400,1
'2026-08-22 08:30:42.539305200,0.049305200,0
'2026-08-22 08:30:42.539316500,0.049316500,1
'2026-08-22 08:30:42.539331500,0.049331500,0
'2026-08-22 08:30:42.539342600,0.049342600,1
'2026-08-22 08:30:42.539357400,0.049357400,0
'2026-08-22 08:30:42.539357500,0.049357500,1
'2026-08-22 08:30:42.539357600,0.049357600,0
'2026-08-22 08:30:42.539368700,0.049368700,1
'2026-08-22 08:30:42.539383700,0.049383700,0
'2026-08-22 08:30:42.539383800,0.049383800,1
'2026-08-22 08:30:42.539383900,0.049383900,0
'2026-08-22 08:30:42.539394800,0.049394800,1
'2026-08-22 08:30:42.539409600,0.049409600,0
'2026-08-22 08:30:42.539420900,0.049420900,1
'2026-08-22 08:30:42.539435800,0.049435800,0
'2026-08-22 08:30:42.539447000,0.049447000,1
'2026-08-22 08:30:42.539462100,0.049462100,0
'2026-08-22 08:30:42.539462900,0.049462900,1
'2026-08-22 08:30:42.539463000,0.049463000,0
'2026-08-22 08:30:42.539464100,0.049464100,1
'2026-08-22 08:30:42.539464200,0.049464200,0
'2026-08-22 08:30:42.539473100,0.049473100,1
'2026-08-22 08:30:42.540689800,0.050689800,0
'2026-08-22 08:30:42.540699500,0.050699500,1
'2026-08-22 08:30:42.540714100,0.050714100,0
'2026-08-22 08:30:42.540725600,0.050725600,1
'2026-08-22 08:30:42.540740400,0.050740400,0
'2026-08-22 08:30:42.540740500,0.050740500,1
'2026-08-22 08:30:42.540740600,0.050740600,0
'2026-08-22 08:30:42.540751700,0.050751700,1
'2026-08-22 08:30:42.540766400,0.050766400,0
'2026-08-22 08:30:42.540777800,0.050777800,1
'2026-08-22 08:30:42.540792600,0.050792600,0
'2026-08-22 08:30:42.540803900,0.050803900,1
'2026-08-22 08:30:42.540818600,0.050818600,0
'2026-08-22 08:30:42.540818800,0.050818800,1
'2026-08-22 08:30:42.540819000,0.050819000,0
'2026-08-22 08:30:42.540830000,0.050830000,1
'2026-08-22 08:30:42.540844800,0.050844800,0
'2026-08-22 08:30:42.540845000,0.050845000,1
'2026-08-22 08:30:42.540845100,0.050845100,0
'2026-08-22 08:30:42.540856100,0.050856100,1
'2026-08-22 08:30:42.540870900,0.050870900,0
'2026-08-22 08:30:42.540871300,0.050871300,1
'2026-08-22 08:30:42.540871400,0.050871400,0
'2026-08-22 08:30:42.540882200,0.050882200,1
'2026-08-22 08:30:42.540897100,0.050897100,0
'2026-08-22 08:30:42.540901600,0.050901600,1
'2026-08-22 08:30:42.540901700,0.050901700,0
'2026-08-22 08:30:42.540908300,0.050908300,1
'2026-08-22 08:30:42.540923500,0.050923500,0
'2026-08-22 08:30:42.540925400,0.050925400,1
'2026-08-22 08:30:42.540925500,0.050925500,0
'2026-08-22 08:30:42.540934400,0.050934400,1
'2026-08-22 08:30:42.540949200,0.050949200,0
'2026-08-22 08:30:42.540960500,0.050960500,1
'2026-08-22 08:30:42.540975400,0.050975400,0
'2026-08-22 08:30:42.540986600,0.050986600,1
'2026-08-22 08:30:42.541001600,0.051001600,0
'2026-08-22 08:30:42.541012700,0.051012700,1
'2026-08-22 08:30:42.541027400,0.051027400,0
'2026-08-22 08:30:42.541027700,0.051027700,1
'2026-08-22 08:30:42.541027800,0.051027800,0
'2026-08-22 08:30:42.541038800,0.051038800,1
'2026-08-22 08:30:42.541053800,0.051053800,0
'2026-08-22 08:30:42.541054000,0.051054000,1
'2026-08-22 08:30:42.541054100,0.051054100,0
'2026-08-22 08:30:42.541055100,0.051055100,1
'2026-08-22 08:30:42.541055300,0.051055300,0
'2026-08-22 08:30:42.541064900,0.051064900,1
'2026-08-22 08:30:42.541079800,0.051079800,0
'2026-08-22 08:30:42.541091000,0.051091000,1
'2026-08-22 08:30:42.542305900,0.052305900,0
'2026-08-22 08:30:42.542317400,0.052317400,1
'2026-08-22 08:30:42.542332100,0.052332100,0
'2026-08-22 08:30:42.542343500,0.052343500,1
'2026-08-22 08:30:42.542358100,0.052358100,0
'2026-08-22 08:30:42.542358200,0.052358200,1
'2026-08-22 08:30:42.542358400,0.052358400,0
'2026-08-22 08:30:42.542369600,0.052369600,1
'2026-08-22 08:30:42.542384200,0.052384200,0
'2026-08-22 08:30:42.542395700,0.052395700,1
'2026-08-22 08:30:42.542410600,0.052410600,0
'2026-08-22 08:30:42.542421800,0.052421800,1
'2026-08-22 08:30:42.542436600,0.052436600,0
'2026-08-22 08:30:42.542447900,0.052447900,1
'2026-08-22 08:30:42.542462500,0.052462500,0
'2026-08-22 08:30:42.542474000,0.052474000,1
'2026-08-22 08:30:42.542488700,0.052488700,0
'2026-08-22 08:30:42.542500100,0.052500100,1
'2026-08-22 08:30:42.542514800,0.052514800,0
'2026-08-22 08:30:42.542526200,0.052526200,1
'2026-08-22 08:30:42.542541200,0.052541200,0
'2026-08-22 08:30:42.542541300,0.052541300,1
'2026-08-22 08:30:42.542541400,0.052541400,0
'2026-08-22 08:30:42.542552300,0.052552300,1
'2026-08-22 08:30:42.542567000,0.052567000,0
'2026-08-22 08:30:42.542578400,0.052578400,1
'2026-08-22 08:30:42.542593100,0.052593100,0
'2026-08-22 08:30:42.542600200,0.052600200,1
'2026-08-22 08:30:42.542600300,0.052600300,0
'2026-08-22 08:30:42.542604500,0.052604500,1
'2026-08-22 08:30:42.542619400,0.052619400,0
'2026-08-22 08:30:42.542619500,0.052619500,1
'2026-08-22 08:30:42.542619600,0.052619600,0
'2026-08-22 08:30:42.542619700,0.052619700,1
'2026-08-22 08:30:42.542619800,0.052619800,0
'2026-08-22 08:30:42.542630600,0.052630600,1
'2026-08-22 08:30:42.542645400,0.052645400,0
'2026-08-22 08:30:42.542645500,0.052645500,1
'2026-08-22 08:30:42.542645600,0.052645600,0
'2026-08-22 08:30:42.542656700,0.052656700,1
'2026-08-22 08:30:42.542671900,0.052671900,0
'2026-08-22 08:30:42.542682800,0.052682800,1
'2026-08-22 08:30:42.542697600,0.052697600,0
'2026-08-22 08:30:42.542708900,0.052708900,1
'2026-08-22 08:30:42.543923800,0.053923800,0
'2026-08-22 08:30:42.543935300,0.053935300,1
'2026-08-22 08:30:42.543950200,0.053950200,0
'2026-08-22 08:30:42.543950300,0.053950300,1
'2026-08-22 08:30:42.543950400,0.053950400,0
'2026-08-22 08:30:42.543961500,0.053961500,1
'2026-08-22 08:30:42.543976200,0.053976200,0
'2026-08-22 08:30:42.543987600,0.053987600,1
'2026-08-22 08:30:42.544002300,0.054002300,0
'2026-08-22 08:30:42.544013700,0.054013700,1
'2026-08-22 08:30:42.544028400,0.054028400,0
'2026-08-22 08:30:42.544039800,0.054039800,1
'2026-08-22 08:30:42.544054400,0.054054400,0
'2026-08-22 08:30:42.544065900,0.054065900,1
'2026-08-22 08:30:42.544080600,0.054080600,0
'2026-08-22 08:30:42.544080700,0.054080700,1
'2026-08-22 08:30:42.544080800,0.054080800,0
'2026-08-22 08:30:42.544081300,0.054081300,1
'2026-08-22 08:30:42.544081400,0.054081400,0
'2026-08-22 08:30:42.544092000,0.054092000,1
'2026-08-22 08:30:42.544106800,0.054106800,0
'2026-08-22 08:30:42.544118100,0.054118100,1
'2026-08-22 08:30:42.544132700,0.054132700,0
'2026-08-22 08:30:42.544144200,0.054144200,1
'2026-08-22 08:30:42.544159000,0.054159000,0
'2026-08-22 08:30:42.544159200,0.054159200,1
'2026-08-22 08:30:42.544159300,0.054159300,0
'2026-08-22 08:30:42.544170300,0.054170300,1
'2026-08-22 08:30:42.544184800,0.054184800,0
'2026-08-22 08:30:42.544184900,0.054184900,1
'2026-08-22 08:30:42.544185000,0.054185000,0
'2026-08-22 08:30:42.544196400,0.054196400,1
'2026-08-22 08:30:42.544211400,0.054211400,0
'2026-08-22 08:30:42.544212300,0.054212300,1
'2026-08-22 08:30:42.544212400,0.054212400,0
'2026-08-22 08:30:42.544222500,0.054222500,1
'2026-08-22 08:30:42.544237100,0.054237100,0
'2026-08-22 08:30:42.544237500,0.054237500,1
'2026-08-22 08:30:42.544237600,0.054237600,0
'2026-08-22 08:30:42.544248600,0.054248600,1
'2026-08-22 08:30:42.544263400,0.054263400,0
'2026-08-22 08:30:42.544263700,0.054263700,1
'2026-08-22 08:30:42.544263800,0.054263800,0
'2026-08-22 08:30:42.544274700,0.054274700,1
'2026-08-22 08:30:42.544289500,0.054289500,0
'2026-08-22 08:30:42.544300800,0.054300800,1
'2026-08-22 08:30:42.544315800,0.054315800,0
'2026-08-22 08:30:42.544326900,0.054326900,1
'2026-08-22 08:30:42.545541800,0.055541800,0
'2026-08-22 08:30:42.545542500,0.055542500,1
'2026-08-22 08:30:42.545542600,0.055542600,0
'2026-08-22 08:30:42.545553300,0.055553300,1
'2026-08-22 08:30:42.545568100,0.055568100,0
'2026-08-22 08:30:42.545579400,0.055579400,1
'2026-08-22 08:30:42.545594000,0.055594000,0
'2026-08-22 08:30:42.545605600,0.055605600,1
'2026-08-22 08:30:42.545620100,0.055620100,0
'2026-08-22 08:30:42.545623400,0.055623400,1
'2026-08-22 08:30:42.545623500,0.055623500,0
'2026-08-22 08:30:42.545631700,0.055631700,1
'2026-08-22 08:30:42.545646400,0.055646400,0
'2026-08-22 08:30:42.545648500,0.055648500,1
'2026-08-22 08:30:42.545648600,0.055648600,0
'2026-08-22 08:30:42.545657800,0.055657800,1
'2026-08-22 08:30:42.545672200,0.055672200,0
'2026-08-22 08:30:42.545683900,0.055683900,1
'2026-08-22 08:30:42.545698600,0.055698600,0
'2026-08-22 08:30:42.545698700,0.055698700,1
'2026-08-22 08:30:42.545698900,0.055698900,0
'2026-08-22 08:30:42.545710000,0.055710000,1
'2026-08-22 08:30:42.545724600,0.055724600,0
'2026-08-22 08:30:42.545736100,0.055736100,1
'2026-08-22 08:30:42.545750800,0.055750800,0
'2026-08-22 08:30:42.545762200,0.055762200,1
'2026-08-22 08:30:42.545776700,0.055776700,0
'2026-08-22 08:30:42.545776800,0.055776800,1
'2026-08-22 08:30:42.545777100,0.055777100,0
'2026-08-22 08:30:42.545788300,0.055788300,1
'2026-08-22 08:30:42.545803000,0.055803000,0
'2026-08-22 08:30:42.545814400,0.055814400,1
'2026-08-22 08:30:42.545829100,0.055829100,0
'2026-08-22 08:30:42.545840500,0.055840500,1
'2026-08-22 08:30:42.545855400,0.055855400,0
'2026-08-22 08:30:42.545866600,0.055866600,1
'2026-08-22 08:30:42.545881200,0.055881200,0
'2026-08-22 08:30:42.545892700,0.055892700,1
'2026-08-22 08:30:42.545907500,0.055907500,0
'2026-08-22 08:30:42.545907600,0.055907600,1
'2026-08-22 08:30:42.545907800,0.055907800,0
'2026-08-22 08:30:42.545907900,0.055907900,1
'2026-08-22 08:30:42.545908000,0.055908000,0
'2026-08-22 08:30:42.545908300,0.055908300,1
'2026-08-22 08:30:42.545908400,0.055908400,0
'2026-08-22 08:30:42.545918800,0.055918800,1
'2026-08-22 08:30:42.545933600,0.055933600,0
'2026-08-22 08:30:42.545944900,0.055944900,1
'2026-08-22 08:30:42.546359800,0.056359800,0
'2026-08-22 08:30:42.546362400,0.056362400,1
'2026-08-22 08:30:42.546377000,0.056377000,0
'2026-08-22 08:30:42.546377100,0.056377100,1
'2026-08-22 08:30:42.546377200,0.056377200,0
'2026-08-22 08:30:42.546382700,0.056382700,1
'2026-08-22 08:30:42.546382800,0.056382800,0
'2026-08-22 08:30:42.546388500,0.056388500,1
'2026-08-22 08:30:42.546403300,0.056403300,0
'2026-08-22 08:30:42.546403400,0.056403400,1
'2026-08-22 08:30:42.546403500,0.056403500,0
'2026-08-22 08:30:42.546414600,0.056414600,1
'2026-08-22 08:30:42.546429300,0.056429300,0
'2026-08-22 08:30:42.546440700,0.056440700,1
'2026-08-22 08:30:42.546455400,0.056455400,0
'2026-08-22 08:30:42.546466800,0.056466800,1
'2026-08-22 08:30:42.546481700,0.056481700,0
'2026-08-22 08:30:42.546492900,0.056492900,1
'2026-08-22 08:30:42.546507700,0.056507700,0
'2026-08-22 08:30:42.546519000,0.056519000,1
'2026-08-22 08:30:42.546533700,0.056533700,0
'2026-08-22 08:30:42.546534100,0.056534100,1
'2026-08-22 08:30:42.546534200,0.056534200,0
'2026-08-22 08:30:42.546545100,0.056545100,1
'2026-08-22 08:30:42.546559900,0.056559900,0
'2026-08-22 08:30:42.546571200,0.056571200,1
'2026-08-22 08:30:42.546585900,0.056585900,0
'2026-08-22 08:30:42.546586100,0.056586100,1
'2026-08-22 08:30:42.546586200,0.056586200,0
'2026-08-22 08:30:42.546597300,0.056597300,1
'2026-08-22 08:30:42.546612200,0.056612200,0
'2026-08-22 08:30:42.546623400,0.056623400,1
'2026-08-22 08:30:42.546638200,0.056638200,0
'2026-08-22 08:30:42.546639300,0.056639300,1
'2026-08-22 08:30:42.546639400,0.056639400,0
'2026-08-22 08:30:42.546649200,0.056649200,1
'2026-08-22 08:30:42.546649300,0.056649300,0
'2026-08-22 08:30:42.546649500,0.056649500,1
'2026-08-22 08:30:42.546664400,0.056664400,0
'2026-08-22 08:30:42.546675600,0.056675600,1
'2026-08-22 08:30:42.546690600,0.056690600,0
'2026-08-22 08:30:42.546701700,0.056701700,1
'2026-08-22 08:30:42.546716400,0.056716400,0
'2026-08-22 08:30:42.546727800,0.056727800,1
'2026-08-22 08:30:42.546742800,0.056742800,0
'2026-08-22 08:30:42.546743100,0.056743100,1
'2026-08-22 08:30:42.546743200,0.056743200,0
'2026-08-22 08:30:42.546753900,0.056753900,1
'2026-08-22 08:30:42.546768600,0.056768600,0
'2026-08-22 08:30:42.546768700,0.056768700,1
'2026-08-22 08:30:42.546768900,0.056768900,0
'2026-08-22 08:30:42.546769300,0.056769300,1
'2026-08-22 08:30:42.547186100,0.057186100,0
'2026-08-22 08:30:42.547197500,0.057197500,1
'2026-08-22 08:30:42.547212200,0.057212200,0
'2026-08-22 08:30:42.547223600,0.057223600,1
'2026-08-22 08:30:42.547238400,0.057238400,0
'2026-08-22 08:30:42.547249700,0.057249700,1
'2026-08-22 08:30:42.547264200,0.057264200,0
'2026-08-22 08:30:42.547264300,0.057264300,1
'2026-08-22 08:30:42.547264400,0.057264400,0
'2026-08-22 08:30:42.547264500,0.057264500,1
'2026-08-22 08:30:42.547264600,0.057264600,0
'2026-08-22 08:30:42.547275800,0.057275800,1
'2026-08-22 08:30:42.547290500,0.057290500,0
'2026-08-22 08:30:42.547301900,0.057301900,1
'2026-08-22 08:30:42.547316800,0.057316800,0
'2026-08-22 08:30:42.547328000,0.057328000,1
'2026-08-22 08:30:42.547342900,0.057342900,0
'2026-08-22 08:30:42.547354100,0.057354100,1
'2026-08-22 08:30:42.547368900,0.057368900,0
'2026-08-22 08:30:42.547369100,0.057369100,1
'2026-08-22 08:30:42.547369200,0.057369200,0
'2026-08-22 08:30:42.547380200,0.057380200,1
'2026-08-22 08:30:42.547395000,0.057395000,0
'2026-08-22 08:30:42.547395300,0.057395300,1
'2026-08-22 08:30:42.547395400,0.057395400,0
'2026-08-22 08:30:42.547406300,0.057406300,1
'2026-08-22 08:30:42.547421100,0.057421100,0
'2026-08-22 08:30:42.547432400,0.057432400,1
'2026-08-22 08:30:42.547447200,0.057447200,0
'2026-08-22 08:30:42.547447300,0.057447300,1
'2026-08-22 08:30:42.547447400,0.057447400,0
'2026-08-22 08:30:42.547458500,0.057458500,1
'2026-08-22 08:30:42.547473200,0.057473200,0
'2026-08-22 08:30:42.547484700,0.057484700,1
'2026-08-22 08:30:42.547499600,0.057499600,0
'2026-08-22 08:30:42.547510800,0.057510800,1
'2026-08-22 08:30:42.547525700,0.057525700,0
'2026-08-22 08:30:42.547536900,0.057536900,1
'2026-08-22 08:30:42.547551700,0.057551700,0
'2026-08-22 08:30:42.547563000,0.057563000,1
'2026-08-22 08:30:42.547577800,0.057577800,0
'2026-08-22 08:30:42.547589100,0.057589100,1
'2026-08-22 08:30:42.548021400,0.058021400,0
'2026-08-22 08:30:42.548032600,0.058032600,1
'2026-08-22 08:30:42.548047300,0.058047300,0
'2026-08-22 08:30:42.548047700,0.058047700,1
'2026-08-22 08:30:42.548047800,0.058047800,0
'2026-08-22 08:30:42.548048900,0.058048900,1
'2026-08-22 08:30:42.548049000,0.058049000,0
'2026-08-22 08:30:42.548058700,0.058058700,1
'2026-08-22 08:30:42.548073500,0.058073500,0
'2026-08-22 08:30:42.548084900,0.058084900,1
'2026-08-22 08:30:42.548099600,0.058099600,0
'2026-08-22 08:30:42.548099700,0.058099700,1
'2026-08-22 08:30:42.548099800,0.058099800,0
'2026-08-22 08:30:42.548111000,0.058111000,1
'2026-08-22 08:30:42.548125600,0.058125600,0
'2026-08-22 08:30:42.548137100,0.058137100,1
'2026-08-22 08:30:42.548151800,0.058151800,0
'2026-08-22 08:30:42.548151900,0.058151900,1
'2026-08-22 08:30:42.548152000,0.058152000,0
'2026-08-22 08:30:42.548163200,0.058163200,1
'2026-08-22 08:30:42.548178100,0.058178100,0
'2026-08-22 08:30:42.548178500,0.058178500,1
'2026-08-22 08:30:42.548178600,0.058178600,0
'2026-08-22 08:30:42.548189300,0.058189300,1
'2026-08-22 08:30:42.548203800,0.058203800,0
'2026-08-22 08:30:42.548215400,0.058215400,1
'2026-08-22 08:30:42.548230100,0.058230100,0
'2026-08-22 08:30:42.548230300,0.058230300,1
'2026-08-22 08:30:42.548230400,0.058230400,0
'2026-08-22 08:30:42.548230500,0.058230500,1
'2026-08-22 08:30:42.548230600,0.058230600,0
'2026-08-22 08:30:42.548231100,0.058231100,1
'2026-08-22 08:30:42.548231200,0.058231200,0
'2026-08-22 08:30:42.548231700,0.058231700,1
'2026-08-22 08:30:42.548231800,0.058231800,0
'2026-08-22 08:30:42.548241500,0.058241500,1
'2026-08-22 08:30:42.548256300,0.058256300,0
'2026-08-22 08:30:42.548256500,0.058256500,1
'2026-08-22 08:30:42.548256600,0.058256600,0
'2026-08-22 08:30:42.548262700,0.058262700,1
'2026-08-22 08:30:42.548262800,0.058262800,0
'2026-08-22 08:30:42.548267600,0.058267600,1
'2026-08-22 08:30:42.548282600,0.058282600,0
'2026-08-22 08:30:42.548282700,0.058282700,1
'2026-08-22 08:30:42.548282800,0.058282800,0
'2026-08-22 08:30:42.548293700,0.058293700,1
'2026-08-22 08:30:42.548308600,0.058308600,0
'2026-08-22 08:30:42.548308800,0.058308800,1
'2026-08-22 08:30:42.548308900,0.058308900,0
'2026-08-22 08:30:42.548319800,0.058319800,1
'2026-08-22 08:30:42.548334600,0.058334600,0
'2026-08-22 08:30:42.548345900,0.058345900,1
'2026-08-22 08:30:42.548360900,0.058360900,0
'2026-08-22 08:30:42.548372000,0.058372000,1
'2026-08-22 08:30:42.548386800,0.058386800,0
'2026-08-22 08:30:42.548386900,0.058386900,1
'2026-08-22 08:30:42.548387200,0.058387200,0
'2026-08-22 08:30:42.548398100,0.058398100,1
'2026-08-22 08:30:42.548413400,0.058413400,0
'2026-08-22 08:30:42.548416900,0.058416900,1
'2026-08-22 08:30:42.549623000,0.059623000,0
'2026-08-22 08:30:42.549624500,0.059624500,1
'2026-08-22 08:30:42.549639200,0.059639200,0
'2026-08-22 08:30:42.549639300,0.059639300,1
'2026-08-22 08:30:42.549639400,0.059639400,0
'2026-08-22 08:30:42.549650600,0.059650600,1
'2026-08-22 08:30:42.549665300,0.059665300,0
'2026-08-22 08:30:42.549676700,0.059676700,1
'2026-08-22 08:30:42.549691700,0.059691700,0
'2026-08-22 08:30:42.549702800,0.059702800,1
'2026-08-22 08:30:42.549717500,0.059717500,0
'2026-08-22 08:30:42.549717600,0.059717600,1
'2026-08-22 08:30:42.549717700,0.059717700,0
'2026-08-22 08:30:42.549717900,0.059717900,1
'2026-08-22 08:30:42.549718000,0.059718000,0
'2026-08-22 08:30:42.549728900,0.059728900,1
'2026-08-22 08:30:42.549743800,0.059743800,0
'2026-08-22 08:30:42.549744000,0.059744000,1
'2026-08-22 08:30:42.549744100,0.059744100,0
'2026-08-22 08:30:42.549748800,0.059748800,1
'2026-08-22 08:30:42.549748900,0.059748900,0
'2026-08-22 08:30:42.549755100,0.059755100,1
'2026-08-22 08:30:42.549769700,0.059769700,0
'2026-08-22 08:30:42.549769800,0.059769800,1
'2026-08-22 08:30:42.549770000,0.059770000,0
'2026-08-22 08:30:42.549781200,0.059781200,1
'2026-08-22 08:30:42.549795900,0.059795900,0
'2026-08-22 08:30:42.549796100,0.059796100,1
'2026-08-22 08:30:42.549796200,0.059796200,0
'2026-08-22 08:30:42.549807300,0.059807300,1
'2026-08-22 08:30:42.549822000,0.059822000,0
'2026-08-22 08:30:42.549833400,0.059833400,1
'2026-08-22 08:30:42.549847800,0.059847800,0
'2026-08-22 08:30:42.549847900,0.059847900,1
'2026-08-22 08:30:42.549848000,0.059848000,0
'2026-08-22 08:30:42.549848100,0.059848100,1
'2026-08-22 08:30:42.549848400,0.059848400,0
'2026-08-22 08:30:42.549848700,0.059848700,1
'2026-08-22 08:30:42.549848800,0.059848800,0
'2026-08-22 08:30:42.549859500,0.059859500,1
'2026-08-22 08:30:42.549874100,0.059874100,0
'2026-08-22 08:30:42.549885600,0.059885600,1
'2026-08-22 08:30:42.549900400,0.059900400,0
'2026-08-22 08:30:42.549900600,0.059900600,1
'2026-08-22 08:30:42.549900800,0.059900800,0
'2026-08-22 08:30:42.549911700,0.059911700,1
'2026-08-22 08:30:42.549926400,0.059926400,0
'2026-08-22 08:30:42.549937800,0.059937800,1
'2026-08-22 08:30:42.549952700,0.059952700,0
'2026-08-22 08:30:42.549963900,0.059963900,1
'2026-08-22 08:30:42.549978800,0.059978800,0
'2026-08-22 08:30:42.549978900,0.059978900,1
'2026-08-22 08:30:42.549979000,0.059979000,0
'2026-08-22 08:30:42.549979500,0.059979500,1
'2026-08-22 08:30:42.549979600,0.059979600,0
'2026-08-22 08:30:42.549990000,0.059990000,1
'2026-08-22 08:30:42.550004700,0.060004700,0
'2026-08-22 08:30:42.550010400,0.060010400,1
'2026-08-22 08:30:42.550010500,0.060010500,0
'2026-08-22 08:30:42.550016100,0.060016100,1
'2026-08-22 08:30:42.550031100,0.060031100,0
'2026-08-22 08:30:42.550032600,0.060032600,1
'2026-08-22 08:30:42.550448200,0.060448200,0
'2026-08-22 08:30:42.550459700,0.060459700,1
'2026-08-22 08:30:42.550474400,0.060474400,0
'2026-08-22 08:30:42.550485800,0.060485800,1
'2026-08-22 08:30:42.550500600,0.060500600,0
'2026-08-22 08:30:42.550511900,0.060511900,1
'2026-08-22 08:30:42.550526600,0.060526600,0
'2026-08-22 08:30:42.550538000,0.060538000,1
'2026-08-22 08:30:42.550552900,0.060552900,0
'2026-08-22 08:30:42.550564100,0.060564100,1
'2026-08-22 08:30:42.550578900,0.060578900,0
'2026-08-22 08:30:42.550590200,0.060590200,1
'2026-08-22 08:30:42.550605200,0.060605200,0
'2026-08-22 08:30:42.550605300,0.060605300,1
'2026-08-22 08:30:42.550605400,0.060605400,0
'2026-08-22 08:30:42.550605500,0.060605500,1
'2026-08-22 08:30:42.550605600,0.060605600,0
'2026-08-22 08:30:42.550616300,0.060616300,1
'2026-08-22 08:30:42.550631000,0.060631000,0
'2026-08-22 08:30:42.550631800,0.060631800,1
'2026-08-22 08:30:42.550631900,0.060631900,0
'2026-08-22 08:30:42.550642400,0.060642400,1
'2026-08-22 08:30:42.550657100,0.060657100,0
'2026-08-22 08:30:42.550668500,0.060668500,1
'2026-08-22 08:30:42.550683400,0.060683400,0
'2026-08-22 08:30:42.550694600,0.060694600,1
'2026-08-22 08:30:42.550709500,0.060709500,0
'2026-08-22 08:30:42.550712300,0.060712300,1
'2026-08-22 08:30:42.550712400,0.060712400,0
'2026-08-22 08:30:42.550720700,0.060720700,1
'2026-08-22 08:30:42.550735800,0.060735800,0
'2026-08-22 08:30:42.550735900,0.060735900,1
'2026-08-22 08:30:42.550736000,0.060736000,0
'2026-08-22 08:30:42.550744900,0.060744900,1
'2026-08-22 08:30:42.550745000,0.060745000,0
'2026-08-22 08:30:42.550746800,0.060746800,1
'2026-08-22 08:30:42.550761600,0.060761600,0
'2026-08-22 08:30:42.550772900,0.060772900,1
'2026-08-22 08:30:42.550787800,0.060787800,0
'2026-08-22 08:30:42.550792900,0.060792900,1
'2026-08-22 08:30:42.550793000,0.060793000,0
'2026-08-22 08:30:42.550799000,0.060799000,1
'2026-08-22 08:30:42.550814000,0.060814000,0
'2026-08-22 08:30:42.550825100,0.060825100,1
'2026-08-22 08:30:42.550840000,0.060840000,0
'2026-08-22 08:30:42.550840600,0.060840600,1
'2026-08-22 08:30:42.550840700,0.060840700,0
'2026-08-22 08:30:42.550851300,0.060851300,1
'2026-08-22 08:30:42.551283500,0.061283500,0
'2026-08-22 08:30:42.551294800,0.061294800,1
'2026-08-22 08:30:42.551309800,0.061309800,0
'2026-08-22 08:30:42.551320900,0.061320900,1
'2026-08-22 08:30:42.551335700,0.061335700,0
'2026-08-22 08:30:42.551336000,0.061336000,1
'2026-08-22 08:30:42.551336100,0.061336100,0
'2026-08-22 08:30:42.551346500,0.061346500,1
'2026-08-22 08:30:42.551346600,0.061346600,0
'2026-08-22 08:30:42.551347100,0.061347100,1
'2026-08-22 08:30:42.551361800,0.061361800,0
'2026-08-22 08:30:42.551362500,0.061362500,1
'2026-08-22 08:30:42.551362600,0.061362600,0
'2026-08-22 08:30:42.551373200,0.061373200,1
'2026-08-22 08:30:42.551388100,0.061388100,0
'2026-08-22 08:30:42.551388500,0.061388500,1
'2026-08-22 08:30:42.551388600,0.061388600,0
'2026-08-22 08:30:42.551399300,0.061399300,1
'2026-08-22 08:30:42.551414100,0.061414100,0
'2026-08-22 08:30:42.551425400,0.061425400,1
'2026-08-22 08:30:42.551440100,0.061440100,0
'2026-08-22 08:30:42.551451500,0.061451500,1
'2026-08-22 08:30:42.551466400,0.061466400,0
'2026-08-22 08:30:42.551477600,0.061477600,1
'2026-08-22 08:30:42.551492200,0.061492200,0
'2026-08-22 08:30:42.551492500,0.061492500,1
'2026-08-22 08:30:42.551492600,0.061492600,0
'2026-08-22 08:30:42.551503700,0.061503700,1
'2026-08-22 08:30:42.551518600,0.061518600,0
'2026-08-22 08:30:42.551518700,0.061518700,1
'2026-08-22 08:30:42.551518900,0.061518900,0
'2026-08-22 08:30:42.551529800,0.061529800,1
'2026-08-22 08:30:42.551544600,0.061544600,0
'2026-08-22 08:30:42.551555900,0.061555900,1
'2026-08-22 08:30:42.551570800,0.061570800,0
'2026-08-22 08:30:42.551582000,0.061582000,1
'2026-08-22 08:30:42.551597200,0.061597200,0
'2026-08-22 08:30:42.551608000,0.061608000,1
'2026-08-22 08:30:42.551622900,0.061622900,0
'2026-08-22 08:30:42.551634200,0.061634200,1
'2026-08-22 08:30:42.551649200,0.061649200,0
'2026-08-22 08:30:42.551649300,0.061649300,1
'2026-08-22 08:30:42.551649400,0.061649400,0
'2026-08-22 08:30:42.551660300,0.061660300,1
'2026-08-22 08:30:42.551675400,0.061675400,0
'2026-08-22 08:30:42.551680700,0.061680700,1
'2026-08-22 08:30:42.552095200,0.062095200,0
'2026-08-22 08:30:42.552095300,0.062095300,1
'2026-08-22 08:30:42.552095400,0.062095400,0
'2026-08-22 08:30:42.552103900,0.062103900,1
'2026-08-22 08:30:42.552118800,0.062118800,0
'2026-08-22 08:30:42.552130000,0.062130000,1
'2026-08-22 08:30:42.552145100,0.062145100,0
'2026-08-22 08:30:42.552156100,0.062156100,1
'2026-08-22 08:30:42.552170800,0.062170800,0
'2026-08-22 08:30:42.552182200,0.062182200,1
'2026-08-22 08:30:42.552197000,0.062197000,0
'2026-08-22 08:30:42.552197200,0.062197200,1
'2026-08-22 08:30:42.552197300,0.062197300,0
'2026-08-22 08:30:42.552200300,0.062200300,1
'2026-08-22 08:30:42.552200400,0.062200400,0
'2026-08-22 08:30:42.552208300,0.062208300,1
'2026-08-22 08:30:42.552223100,0.062223100,0
'2026-08-22 08:30:42.552223200,0.062223200,1
'2026-08-22 08:30:42.552223300,0.062223300,0
'2026-08-22 08:30:42.552234400,0.062234400,1
'2026-08-22 08:30:42.552249300,0.062249300,0
'2026-08-22 08:30:42.552249500,0.062249500,1
'2026-08-22 08:30:42.552249600,0.062249600,0
'2026-08-22 08:30:42.552250100,0.062250100,1
'2026-08-22 08:30:42.552250200,0.062250200,0
'2026-08-22 08:30:42.552260500,0.062260500,1
'2026-08-22 08:30:42.552275400,0.062275400,0
'2026-08-22 08:30:42.552286600,0.062286600,1
'2026-08-22 08:30:42.552301600,0.062301600,0
'2026-08-22 08:30:42.552312100,0.062312100,1
'2026-08-22 08:30:42.552312200,0.062312200,0
'2026-08-22 08:30:42.552312700,0.062312700,1
'2026-08-22 08:30:42.552327400,0.062327400,0
'2026-08-22 08:30:42.552331300,0.062331300,1
'2026-08-22 08:30:42.552331400,0.062331400,0
'2026-08-22 08:30:42.552338800,0.062338800,1
'2026-08-22 08:30:42.552353700,0.062353700,0
'2026-08-22 08:30:42.552353900,0.062353900,1
'2026-08-22 08:30:42.552354100,0.062354100,0
'2026-08-22 08:30:42.552364900,0.062364900,1
'2026-08-22 08:30:42.552379800,0.062379800,0
'2026-08-22 08:30:42.552382000,0.062382000,1
'2026-08-22 08:30:42.552382100,0.062382100,0
'2026-08-22 08:30:42.552391000,0.062391000,1
'2026-08-22 08:30:42.552405800,0.062405800,0
'2026-08-22 08:30:42.552405900,0.062405900,1
'2026-08-22 08:30:42.552406100,0.062406100,0
'2026-08-22 08:30:42.552406300,0.062406300,1
'2026-08-22 08:30:42.552406400,0.062406400,0
'2026-08-22 08:30:42.552412500,0.062412500,1
'2026-08-22 08:30:42.552412600,0.062412600,0
'2026-08-22 08:30:42.552417100,0.062417100,1
'2026-08-22 08:30:42.552432100,0.062432100,0
'2026-08-22 08:30:42.552443200,0.062443200,1
'2026-08-22 08:30:42.552458100,0.062458100,0
'2026-08-22 08:30:42.552458500,0.062458500,1
'2026-08-22 08:30:42.552458600,0.062458600,0
'2026-08-22 08:30:42.552459100,0.062459100,1
'2026-08-22 08:30:42.552459200,0.062459200,0
'2026-08-22 08:30:42.552469300,0.062469300,1
'2026-08-22 08:30:42.552484500,0.062484500,0
'2026-08-22 08:30:42.552484800,0.062484800,1
'2026-08-22 08:30:42.552484900,0.062484900,0
'2026-08-22 08:30:42.552495400,0.062495400,1
'2026-08-22 08:30:42.552927800,0.062927800,0
'2026-08-22 08:30:42.552928700,0.062928700,1
'2026-08-22 08:30:42.552928800,0.062928800,0
'2026-08-22 08:30:42.552939000,0.062939000,1
'2026-08-22 08:30:42.552953900,0.062953900,0
'2026-08-22 08:30:42.552965100,0.062965100,1
'2026-08-22 08:30:42.552980100,0.062980100,0
'2026-08-22 08:30:42.552991300,0.062991300,1
'2026-08-22 08:30:42.553006100,0.063006100,0
'2026-08-22 08:30:42.553017400,0.063017400,1
'2026-08-22 08:30:42.553032100,0.063032100,0
'2026-08-22 08:30:42.553043500,0.063043500,1
'2026-08-22 08:30:42.553058400,0.063058400,0
'2026-08-22 08:30:42.553069600,0.063069600,1
'2026-08-22 08:30:42.553084300,0.063084300,0
'2026-08-22 08:30:42.553084500,0.063084500,1
'2026-08-22 08:30:42.553084600,0.063084600,0
'2026-08-22 08:30:42.553085100,0.063085100,1
'2026-08-22 08:30:42.553085200,0.063085200,0
'2026-08-22 08:30:42.553095700,0.063095700,1
'2026-08-22 08:30:42.553110500,0.063110500,0
'2026-08-22 08:30:42.553115800,0.063115800,1
'2026-08-22 08:30:42.553115900,0.063115900,0
'2026-08-22 08:30:42.553121800,0.063121800,1
'2026-08-22 08:30:42.553136600,0.063136600,0
'2026-08-22 08:30:42.553140600,0.063140600,1
'2026-08-22 08:30:42.553140700,0.063140700,0
'2026-08-22 08:30:42.553147900,0.063147900,1
'2026-08-22 08:30:42.553162700,0.063162700,0
'2026-08-22 08:30:42.553174000,0.063174000,1
'2026-08-22 08:30:42.553188800,0.063188800,0
'2026-08-22 08:30:42.553188900,0.063188900,1
'2026-08-22 08:30:42.553189200,0.063189200,0
'2026-08-22 08:30:42.553200100,0.063200100,1
'2026-08-22 08:30:42.553215000,0.063215000,0
'2026-08-22 08:30:42.553215300,0.063215300,1
'2026-08-22 08:30:42.553215400,0.063215400,0
'2026-08-22 08:30:42.553215900,0.063215900,1
'2026-08-22 08:30:42.553216000,0.063216000,0
'2026-08-22 08:30:42.553216600,0.063216600,1
'2026-08-22 08:30:42.553216700,0.063216700,0
'2026-08-22 08:30:42.553226200,0.063226200,1
'2026-08-22 08:30:42.553241200,0.063241200,0
'2026-08-22 08:30:42.553252300,0.063252300,1
'2026-08-22 08:30:42.553267400,0.063267400,0
'2026-08-22 08:30:42.553268600,0.063268600,1
'2026-08-22 08:30:42.553268700,0.063268700,0
'2026-08-22 08:30:42.553278400,0.063278400,1
'2026-08-22 08:30:42.553293300,0.063293300,0
'2026-08-22 08:30:42.553297100,0.063297100,1
'2026-08-22 08:30:42.553297200,0.063297200,0
'2026-08-22 08:30:42.553298100,0.063298100,1
'2026-08-22 08:30:42.553298200,0.063298200,0
'2026-08-22 08:30:42.553301900,0.063301900,1
'2026-08-22 08:30:42.553302000,0.063302000,0
'2026-08-22 08:30:42.553304500,0.063304500,1
'2026-08-22 08:30:42.553319400,0.063319400,0
'2026-08-22 08:30:42.553327500,0.063327500,1
'2026-08-22 08:30:42.553327600,0.063327600,0
'2026-08-22 08:30:42.553328700,0.063328700,1
'2026-08-22 08:30:42.553743400,0.063743400,0
'2026-08-22 08:30:42.553743800,0.063743800,1
'2026-08-22 08:30:42.553743900,0.063743900,0
'2026-08-22 08:30:42.553748100,0.063748100,1
'2026-08-22 08:30:42.553762800,0.063762800,0
'2026-08-22 08:30:42.553774200,0.063774200,1
'2026-08-22 08:30:42.553789100,0.063789100,0
'2026-08-22 08:30:42.553789400,0.063789400,1
'2026-08-22 08:30:42.553789500,0.063789500,0
'2026-08-22 08:30:42.553790500,0.063790500,1
'2026-08-22 08:30:42.553790600,0.063790600,0
'2026-08-22 08:30:42.553800300,0.063800300,1
'2026-08-22 08:30:42.553815100,0.063815100,0
'2026-08-22 08:30:42.553818700,0.063818700,1
'2026-08-22 08:30:42.553818800,0.063818800,0
'2026-08-22 08:30:42.553826400,0.063826400,1
'2026-08-22 08:30:42.553841500,0.063841500,0
'2026-08-22 08:30:42.553852500,0.063852500,1
'2026-08-22 08:30:42.553867200,0.063867200,0
'2026-08-22 08:30:42.553878600,0.063878600,1
'2026-08-22 08:30:42.553893600,0.063893600,0
'2026-08-22 08:30:42.553893700,0.063893700,1
'2026-08-22 08:30:42.553894000,0.063894000,0
'2026-08-22 08:30:42.553894300,0.063894300,1
'2026-08-22 08:30:42.553894400,0.063894400,0
'2026-08-22 08:30:42.553903100,0.063903100,1
'2026-08-22 08:30:42.553903200,0.063903200,0
'2026-08-22 08:30:42.553904700,0.063904700,1
'2026-08-22 08:30:42.553919800,0.063919800,0
'2026-08-22 08:30:42.553930800,0.063930800,1
'2026-08-22 08:30:42.553945600,0.063945600,0
'2026-08-22 08:30:42.553956900,0.063956900,1
'2026-08-22 08:30:42.553971900,0.063971900,0
'2026-08-22 08:30:42.553972700,0.063972700,1
'2026-08-22 08:30:42.553972800,0.063972800,0
'2026-08-22 08:30:42.553983100,0.063983100,1
'2026-08-22 08:30:42.553998000,0.063998000,0
'2026-08-22 08:30:42.554009200,0.064009200,1
'2026-08-22 08:30:42.554024000,0.064024000,0
'2026-08-22 08:30:42.554024100,0.064024100,1
'2026-08-22 08:30:42.554024300,0.064024300,0
'2026-08-22 08:30:42.554027600,0.064027600,1
'2026-08-22 08:30:42.554027700,0.064027700,0
'2026-08-22 08:30:42.554030600,0.064030600,1
'2026-08-22 08:30:42.554030700,0.064030700,0
'2026-08-22 08:30:42.554033100,0.064033100,1
'2026-08-22 08:30:42.554033200,0.064033200,0
'2026-08-22 08:30:42.554035300,0.064035300,1
'2026-08-22 08:30:42.554050500,0.064050500,0
'2026-08-22 08:30:42.554051100,0.064051100,1
'2026-08-22 08:30:42.554051200,0.064051200,0
'2026-08-22 08:30:42.554051600,0.064051600,1
'2026-08-22 08:30:42.554051700,0.064051700,0
'2026-08-22 08:30:42.554052700,0.064052700,1
'2026-08-22 08:30:42.554052800,0.064052800,0
'2026-08-22 08:30:42.554053200,0.064053200,1
'2026-08-22 08:30:42.554053300,0.064053300,0
'2026-08-22 08:30:42.554061000,0.064061000,1
'2026-08-22 08:30:42.554061100,0.064061100,0
'2026-08-22 08:30:42.554061400,0.064061400,1
'2026-08-22 08:30:42.554076200,0.064076200,0
'2026-08-22 08:30:42.554083300,0.064083300,1
'2026-08-22 08:30:42.554083400,0.064083400,0
'2026-08-22 08:30:42.554086100,0.064086100,1
'2026-08-22 08:30:42.554086200,0.064086200,0
'2026-08-22 08:30:42.554087500,0.064087500,1
'2026-08-22 08:30:42.554103200,0.064103200,0
'2026-08-22 08:30:42.554103600,0.064103600,1
'2026-08-22 08:30:42.554103700,0.064103700,0
'2026-08-22 08:30:42.554103900,0.064103900,1
'2026-08-22 08:30:42.554104000,0.064104000,0
'2026-08-22 08:30:42.554104100,0.064104100,1
'2026-08-22 08:30:42.554104200,0.064104200,0
'2026-08-22 08:30:42.554105700,0.064105700,1
'2026-08-22 08:30:42.554105800,0.064105800,0
'2026-08-22 08:30:42.554105900,0.064105900,1
'2026-08-22 08:30:42.554106000,0.064106000,0
'2026-08-22 08:30:42.554111200,0.064111200,1
'2026-08-22 08:30:42.554111300,0.064111300,0
'2026-08-22 08:30:42.554113600,0.064113600,1
'2026-08-22 08:30:42.554128400,0.064128400,0
'2026-08-22 08:30:42.554133300,0.064133300,1
'2026-08-22 08:30:42.554133400,0.064133400,0
'2026-08-22 08:30:42.554133500,0.064133500,1
'2026-08-22 08:30:42.554133600,0.064133600,0
'2026-08-22 08:30:42.554134500,0.064134500,1
'2026-08-22 08:30:42.554134600,0.064134600,0
'2026-08-22 08:30:42.554136300,0.064136300,1
'2026-08-22 08:30:42.554136400,0.064136400,0
'2026-08-22 08:30:42.554139700,0.064139700,1
'2026-08-22 08:30:42.554572000,0.064572000,0
'2026-08-22 08:30:42.554574200,0.064574200,1
'2026-08-22 08:30:42.554574300,0.064574300,0
'2026-08-22 08:30:42.554583300,0.064583300,1
'2026-08-22 08:30:42.554597900,0.064597900,0
'2026-08-22 08:30:42.554604900,0.064604900,1
'2026-08-22 08:30:42.554605000,0.064605000,0
'2026-08-22 08:30:42.554609400,0.064609400,1
'2026-08-22 08:30:42.554624300,0.064624300,0
'2026-08-22 08:30:42.554624400,0.064624400,1
'2026-08-22 08:30:42.554624600,0.064624600,0
'2026-08-22 08:30:42.554635500,0.064635500,1
'2026-08-22 08:30:42.554650300,0.064650300,0
'2026-08-22 08:30:42.554655100,0.064655100,1
'2026-08-22 08:30:42.554655200,0.064655200,0
'2026-08-22 08:30:42.554661600,0.064661600,1
'2026-08-22 08:30:42.554676400,0.064676400,0
'2026-08-22 08:30:42.554676500,0.064676500,1
'2026-08-22 08:30:42.554676600,0.064676600,0
'2026-08-22 08:30:42.554685800,0.064685800,1
'2026-08-22 08:30:42.554685900,0.064685900,0
'2026-08-22 08:30:42.554687700,0.064687700,1
'2026-08-22 08:30:42.554702400,0.064702400,0
'2026-08-22 08:30:42.554702500,0.064702500,1
'2026-08-22 08:30:42.554702600,0.064702600,0
'2026-08-22 08:30:42.554702700,0.064702700,1
'2026-08-22 08:30:42.554702900,0.064702900,0
'2026-08-22 08:30:42.554705300,0.064705300,1
'2026-08-22 08:30:42.554705400,0.064705400,0
'2026-08-22 08:30:42.554713600,0.064713600,1
'2026-08-22 08:30:42.554713700,0.064713700,0
'2026-08-22 08:30:42.554713800,0.064713800,1
'2026-08-22 08:30:42.554728600,0.064728600,0
'2026-08-22 08:30:42.554733200,0.064733200,1
'2026-08-22 08:30:42.554733300,0.064733300,0
'2026-08-22 08:30:42.554736100,0.064736100,1
'2026-08-22 08:30:42.554736200,0.064736200,0
'2026-08-22 08:30:42.554739900,0.064739900,1
'2026-08-22 08:30:42.554755100,0.064755100,0
'2026-08-22 08:30:42.554755300,0.064755300,1
'2026-08-22 08:30:42.554755400,0.064755400,0
'2026-08-22 08:30:42.554755500,0.064755500,1
'2026-08-22 08:30:42.554755700,0.064755700,0
'2026-08-22 08:30:42.554755900,0.064755900,1
'2026-08-22 08:30:42.554756000,0.064756000,0
'2026-08-22 08:30:42.554756500,0.064756500,1
'2026-08-22 08:30:42.554756600,0.064756600,0
'2026-08-22 08:30:42.554763800,0.064763800,1
'2026-08-22 08:30:42.554763900,0.064763900,0
'2026-08-22 08:30:42.554766000,0.064766000,1
'2026-08-22 08:30:42.554780800,0.064780800,0
'2026-08-22 08:30:42.554786100,0.064786100,1
'2026-08-22 08:30:42.554786200,0.064786200,0
'2026-08-22 08:30:42.554786300,0.064786300,1
'2026-08-22 08:30:42.554786400,0.064786400,0
'2026-08-22 08:30:42.554792100,0.064792100,1
'2026-08-22 08:30:42.554807100,0.064807100,0
'2026-08-22 08:30:42.554807900,0.064807900,1
'2026-08-22 08:30:42.554808000,0.064808000,0
'2026-08-22 08:30:42.554808500,0.064808500,1
'2026-08-22 08:30:42.554808600,0.064808600,0
'2026-08-22 08:30:42.554816800,0.064816800,1
'2026-08-22 08:30:42.554816900,0.064816900,0
'2026-08-22 08:30:42.554817100,0.064817100,1
'2026-08-22 08:30:42.554817200,0.064817200,0
'2026-08-22 08:30:42.554818200,0.064818200,1
'2026-08-22 08:30:42.554833100,0.064833100,0
'2026-08-22 08:30:42.554833600,0.064833600,1
'2026-08-22 08:30:42.554833700,0.064833700,0
'2026-08-22 08:30:42.554836300,0.064836300,1
'2026-08-22 08:30:42.554836500,0.064836500,0
'2026-08-22 08:30:42.554839100,0.064839100,1
'2026-08-22 08:30:42.554839200,0.064839200,0
'2026-08-22 08:30:42.554839500,0.064839500,1
'2026-08-22 08:30:42.554839600,0.064839600,0
'2026-08-22 08:30:42.554844300,0.064844300,1
'2026-08-22 08:30:42.554859400,0.064859400,0
'2026-08-22 08:30:42.554859600,0.064859600,1
'2026-08-22 08:30:42.554859700,0.064859700,0
'2026-08-22 08:30:42.554859900,0.064859900,1
'2026-08-22 08:30:42.554860000,0.064860000,0
'2026-08-22 08:30:42.554861100,0.064861100,1
'2026-08-22 08:30:42.554861200,0.064861200,0
'2026-08-22 08:30:42.554864200,0.064864200,1
'2026-08-22 08:30:42.554864300,0.064864300,0
'2026-08-22 08:30:42.554867000,0.064867000,1
'2026-08-22 08:30:42.554867100,0.064867100,0
'2026-08-22 08:30:42.554869800,0.064869800,1
'2026-08-22 08:30:42.554869900,0.064869900,0
'2026-08-22 08:30:42.554870400,0.064870400,1
'2026-08-22 08:30:42.554885100,0.064885100,0
'2026-08-22 08:30:42.554885500,0.064885500,1
'2026-08-22 08:30:42.554885700,0.064885700,0
'2026-08-22 08:30:42.554886500,0.064886500,1
'2026-08-22 08:30:42.554886700,0.064886700,0
'2026-08-22 08:30:42.554889300,0.064889300,1
'2026-08-22 08:30:42.554889400,0.064889400,0
'2026-08-22 08:30:42.554892100,0.064892100,1
'2026-08-22 08:30:42.554892200,0.064892200,0
'2026-08-22 08:30:42.554894900,0.064894900,1
'2026-08-22 08:30:42.554895000,0.064895000,0
'2026-08-22 08:30:42.554896500,0.064896500,1
'2026-08-22 08:30:42.554911400,0.064911400,0
'2026-08-22 08:30:42.554911600,0.064911600,1
'2026-08-22 08:30:42.554911800,0.064911800,0
'2026-08-22 08:30:42.554914400,0.064914400,1
'2026-08-22 08:30:42.554914600,0.064914600,0
'2026-08-22 08:30:42.554917200,0.064917200,1
'2026-08-22 08:30:42.554917300,0.064917300,0
'2026-08-22 08:30:42.554920000,0.064920000,1
'2026-08-22 08:30:42.554920200,0.064920200,0
'2026-08-22 08:30:42.554922600,0.064922600,1
'2026-08-22 08:30:42.554937400,0.064937400,0
'2026-08-22 08:30:42.554937500,0.064937500,1
'2026-08-22 08:30:42.554937700,0.064937700,0
'2026-08-22 08:30:42.554939500,0.064939500,1
'2026-08-22 08:30:42.554939600,0.064939600,0
'2026-08-22 08:30:42.554942300,0.064942300,1
'2026-08-22 08:30:42.554942400,0.064942400,0
'2026-08-22 08:30:42.554945100,0.064945100,1
'2026-08-22 08:30:42.554945200,0.064945200,0
'2026-08-22 08:30:42.554947900,0.064947900,1
'2026-08-22 08:30:42.554948000,0.064948000,0
'2026-08-22 08:30:42.554948700,0.064948700,1
'2026-08-22 08:30:42.554963400,0.064963400,0
'2026-08-22 08:30:42.554963500,0.064963500,1
'2026-08-22 08:30:42.554963600,0.064963600,0
'2026-08-22 08:30:42.554963900,0.064963900,1
'2026-08-22 08:30:42.554964000,0.064964000,0
'2026-08-22 08:30:42.554964100,0.064964100,1
'2026-08-22 08:30:42.554964200,0.064964200,0
'2026-08-22 08:30:42.554964400,0.064964400,1
'2026-08-22 08:30:42.554964500,0.064964500,0
'2026-08-22 08:30:42.554964600,0.064964600,1
'2026-08-22 08:30:42.554964800,0.064964800,0
'2026-08-22 08:30:42.554965000,0.064965000,1
'2026-08-22 08:30:42.554965100,0.064965100,0
'2026-08-22 08:30:42.554967400,0.064967400,1
'2026-08-22 08:30:42.554967600,0.064967600,0
'2026-08-22 08:30:42.554974800,0.064974800,1
'2026-08-22 08:30:42.555391700,0.065391700,0
'2026-08-22 08:30:42.555392300,0.065392300,1
'2026-08-22 08:30:42.555407000,0.065407000,0
'2026-08-22 08:30:42.555415400,0.065415400,1
'2026-08-22 08:30:42.555415500,0.065415500,0
'2026-08-22 08:30:42.555418400,0.065418400,1
'2026-08-22 08:30:42.555433300,0.065433300,0
'2026-08-22 08:30:42.555444500,0.065444500,1
'2026-08-22 08:30:42.555459400,0.065459400,0
'2026-08-22 08:30:42.555461000,0.065461000,1
'2026-08-22 08:30:42.555461100,0.065461100,0
'2026-08-22 08:30:42.555461500,0.065461500,1
'2026-08-22 08:30:42.555461600,0.065461600,0
'2026-08-22 08:30:42.555469100,0.065469100,1
'2026-08-22 08:30:42.555469200,0.065469200,0
'2026-08-22 08:30:42.555470700,0.065470700,1
'2026-08-22 08:30:42.555485600,0.065485600,0
'2026-08-22 08:30:42.555486100,0.065486100,1
'2026-08-22 08:30:42.555486200,0.065486200,0
'2026-08-22 08:30:42.555488900,0.065488900,1
'2026-08-22 08:30:42.555489000,0.065489000,0
'2026-08-22 08:30:42.555496800,0.065496800,1
'2026-08-22 08:30:42.555511600,0.065511600,0
'2026-08-22 08:30:42.555511700,0.065511700,1
'2026-08-22 08:30:42.555511900,0.065511900,0
'2026-08-22 08:30:42.555512300,0.065512300,1
'2026-08-22 08:30:42.555512400,0.065512400,0
'2026-08-22 08:30:42.555514100,0.065514100,1
'2026-08-22 08:30:42.555514200,0.065514200,0
'2026-08-22 08:30:42.555522900,0.065522900,1
'2026-08-22 08:30:42.555537700,0.065537700,0
'2026-08-22 08:30:42.555549000,0.065549000,1
'2026-08-22 08:30:42.555563900,0.065563900,0
'2026-08-22 08:30:42.555564300,0.065564300,1
'2026-08-22 08:30:42.555564400,0.065564400,0
'2026-08-22 08:30:42.555566700,0.065566700,1
'2026-08-22 08:30:42.555566800,0.065566800,0
'2026-08-22 08:30:42.555575100,0.065575100,1
'2026-08-22 08:30:42.555589800,0.065589800,0
'2026-08-22 08:30:42.555589900,0.065589900,1
'2026-08-22 08:30:42.555590200,0.065590200,0
'2026-08-22 08:30:42.555600700,0.065600700,1
'2026-08-22 08:30:42.555600800,0.065600800,0
'2026-08-22 08:30:42.555601200,0.065601200,1
'2026-08-22 08:30:42.555616000,0.065616000,0
'2026-08-22 08:30:42.555616100,0.065616100,1
'2026-08-22 08:30:42.555616200,0.065616200,0
'2026-08-22 08:30:42.555616300,0.065616300,1
'2026-08-22 08:30:42.555616400,0.065616400,0
'2026-08-22 08:30:42.555616900,0.065616900,1
'2026-08-22 08:30:42.555617000,0.065617000,0
'2026-08-22 08:30:42.555617200,0.065617200,1
'2026-08-22 08:30:42.555617300,0.065617300,0
'2026-08-22 08:30:42.555622800,0.065622800,1
'2026-08-22 08:30:42.555622900,0.065622900,0
'2026-08-22 08:30:42.555627300,0.065627300,1
'2026-08-22 08:30:42.555642100,0.065642100,0
'2026-08-22 08:30:42.555642200,0.065642200,1
'2026-08-22 08:30:42.555642400,0.065642400,0
'2026-08-22 08:30:42.555647900,0.065647900,1
'2026-08-22 08:30:42.555648000,0.065648000,0
'2026-08-22 08:30:42.555653400,0.065653400,1
'2026-08-22 08:30:42.555668500,0.065668500,0
'2026-08-22 08:30:42.555668900,0.065668900,1
'2026-08-22 08:30:42.555669000,0.065669000,0
'2026-08-22 08:30:42.555670100,0.065670100,1
'2026-08-22 08:30:42.555670300,0.065670300,0
'2026-08-22 08:30:42.555670700,0.065670700,1
'2026-08-22 08:30:42.555670800,0.065670800,0
'2026-08-22 08:30:42.555671300,0.065671300,1
'2026-08-22 08:30:42.555671400,0.065671400,0
'2026-08-22 08:30:42.555673000,0.065673000,1
'2026-08-22 08:30:42.555673100,0.065673100,0
'2026-08-22 08:30:42.555679500,0.065679500,1
'2026-08-22 08:30:42.555694400,0.065694400,0
'2026-08-22 08:30:42.555698100,0.065698100,1
'2026-08-22 08:30:42.555698200,0.065698200,0
'2026-08-22 08:30:42.555705600,0.065705600,1
'2026-08-22 08:30:42.555720700,0.065720700,0
'2026-08-22 08:30:42.555720900,0.065720900,1
'2026-08-22 08:30:42.555721000,0.065721000,0
'2026-08-22 08:30:42.555731700,0.065731700,1
'2026-08-22 08:30:42.555746700,0.065746700,0
'2026-08-22 08:30:42.555751300,0.065751300,1
'2026-08-22 08:30:42.555751400,0.065751400,0
'2026-08-22 08:30:42.555757800,0.065757800,1
'2026-08-22 08:30:42.555772800,0.065772800,0
'2026-08-22 08:30:42.555772900,0.065772900,1
'2026-08-22 08:30:42.555773000,0.065773000,0
'2026-08-22 08:30:42.555773500,0.065773500,1
'2026-08-22 08:30:42.555773600,0.065773600,0
'2026-08-22 08:30:42.555783900,0.065783900,1
'2026-08-22 08:30:42.555798800,0.065798800,0
'2026-08-22 08:30:42.555799800,0.065799800,1
'2026-08-22 08:30:42.555799900,0.065799900,0
'2026-08-22 08:30:42.555800400,0.065800400,1
'2026-08-22 08:30:42.555800500,0.065800500,0
'2026-08-22 08:30:42.555800800,0.065800800,1
'2026-08-22 08:30:42.556216200,0.066216200,0
'2026-08-22 08:30:42.556216300,0.066216300,1
'2026-08-22 08:30:42.556216400,0.066216400,0
'2026-08-22 08:30:42.556227500,0.066227500,1
'2026-08-22 08:30:42.556242400,0.066242400,0
'2026-08-22 08:30:42.556242500,0.066242500,1
'2026-08-22 08:30:42.556242700,0.066242700,0
'2026-08-22 08:30:42.556253600,0.066253600,1
'2026-08-22 08:30:42.556268400,0.066268400,0
'2026-08-22 08:30:42.556273700,0.066273700,1
'2026-08-22 08:30:42.556273800,0.066273800,0
'2026-08-22 08:30:42.556279700,0.066279700,1
'2026-08-22 08:30:42.556294800,0.066294800,0
'2026-08-22 08:30:42.556305800,0.066305800,1
'2026-08-22 08:30:42.556320500,0.066320500,0
'2026-08-22 08:30:42.556320800,0.066320800,1
'2026-08-22 08:30:42.556320900,0.066320900,0
'2026-08-22 08:30:42.556331900,0.066331900,1
'2026-08-22 08:30:42.556347000,0.066347000,0
'2026-08-22 08:30:42.556347100,0.066347100,1
'2026-08-22 08:30:42.556347200,0.066347200,0
'2026-08-22 08:30:42.556358000,0.066358000,1
'2026-08-22 08:30:42.556373000,0.066373000,0
'2026-08-22 08:30:42.556384100,0.066384100,1
'2026-08-22 08:30:42.556398800,0.066398800,0
'2026-08-22 08:30:42.556399100,0.066399100,1
'2026-08-22 08:30:42.556399200,0.066399200,0
'2026-08-22 08:30:42.556399700,0.066399700,1
'2026-08-22 08:30:42.556399800,0.066399800,0
'2026-08-22 08:30:42.556410300,0.066410300,1
'2026-08-22 08:30:42.556425200,0.066425200,0
'2026-08-22 08:30:42.556425400,0.066425400,1
'2026-08-22 08:30:42.556425600,0.066425600,0
'2026-08-22 08:30:42.556436400,0.066436400,1
'2026-08-22 08:30:42.556451200,0.066451200,0
'2026-08-22 08:30:42.556451700,0.066451700,1
'2026-08-22 08:30:42.556451800,0.066451800,0
'2026-08-22 08:30:42.556452800,0.066452800,1
'2026-08-22 08:30:42.556452900,0.066452900,0
'2026-08-22 08:30:42.556453600,0.066453600,1
'2026-08-22 08:30:42.556453700,0.066453700,0
'2026-08-22 08:30:42.556462500,0.066462500,1
'2026-08-22 08:30:42.556477500,0.066477500,0
'2026-08-22 08:30:42.556478900,0.066478900,1
'2026-08-22 08:30:42.556479000,0.066479000,0
'2026-08-22 08:30:42.556485700,0.066485700,1
'2026-08-22 08:30:42.556485800,0.066485800,0
'2026-08-22 08:30:42.556488600,0.066488600,1
'2026-08-22 08:30:42.556503300,0.066503300,0
'2026-08-22 08:30:42.556503400,0.066503400,1
'2026-08-22 08:30:42.556503800,0.066503800,0
'2026-08-22 08:30:42.556512100,0.066512100,1
'2026-08-22 08:30:42.556512200,0.066512200,0
'2026-08-22 08:30:42.556514700,0.066514700,1
'2026-08-22 08:30:42.556529500,0.066529500,0
'2026-08-22 08:30:42.556529700,0.066529700,1
'2026-08-22 08:30:42.556529800,0.066529800,0
'2026-08-22 08:30:42.556529900,0.066529900,1
'2026-08-22 08:30:42.556530000,0.066530000,0
'2026-08-22 08:30:42.556530500,0.066530500,1
'2026-08-22 08:30:42.556530600,0.066530600,0
'2026-08-22 08:30:42.556540800,0.066540800,1
'2026-08-22 08:30:42.556555900,0.066555900,0
'2026-08-22 08:30:42.556559200,0.066559200,1
'2026-08-22 08:30:42.556559300,0.066559300,0
'2026-08-22 08:30:42.556561500,0.066561500,1
'2026-08-22 08:30:42.556561600,0.066561600,0
'2026-08-22 08:30:42.556566900,0.066566900,1
'2026-08-22 08:30:42.556581600,0.066581600,0
'2026-08-22 08:30:42.556583700,0.066583700,1
'2026-08-22 08:30:42.556583800,0.066583800,0
'2026-08-22 08:30:42.556593000,0.066593000,1
'2026-08-22 08:30:42.556608000,0.066608000,0
'2026-08-22 08:30:42.556608200,0.066608200,1
'2026-08-22 08:30:42.556608300,0.066608300,0
'2026-08-22 08:30:42.556619100,0.066619100,1
'2026-08-22 08:30:42.557834200,0.067834200,0
'2026-08-22 08:30:42.557834500,0.067834500,1
'2026-08-22 08:30:42.557834600,0.067834600,0
'2026-08-22 08:30:42.557841600,0.067841600,1
'2026-08-22 08:30:42.557841700,0.067841700,0
'2026-08-22 08:30:42.557845600,0.067845600,1
'2026-08-22 08:30:42.557860500,0.067860500,0
'2026-08-22 08:30:42.557871700,0.067871700,1
'2026-08-22 08:30:42.557886600,0.067886600,0
'2026-08-22 08:30:42.557897800,0.067897800,1
'2026-08-22 08:30:42.557912600,0.067912600,0
'2026-08-22 08:30:42.557923900,0.067923900,1
'2026-08-22 08:30:42.557938700,0.067938700,0
'2026-08-22 08:30:42.557950000,0.067950000,1
'2026-08-22 08:30:42.557964800,0.067964800,0
'2026-08-22 08:30:42.557976100,0.067976100,1
'2026-08-22 08:30:42.557991100,0.067991100,0
'2026-08-22 08:30:42.558002200,0.068002200,1
'2026-08-22 08:30:42.558017000,0.068017000,0
'2026-08-22 08:30:42.558028300,0.068028300,1
'2026-08-22 08:30:42.558043200,0.068043200,0
'2026-08-22 08:30:42.558043500,0.068043500,1
'2026-08-22 08:30:42.558043600,0.068043600,0
'2026-08-22 08:30:42.558054500,0.068054500,1
'2026-08-22 08:30:42.558069300,0.068069300,0
'2026-08-22 08:30:42.558074500,0.068074500,1
'2026-08-22 08:30:42.558074600,0.068074600,0
'2026-08-22 08:30:42.558080600,0.068080600,1
'2026-08-22 08:30:42.558095700,0.068095700,0
'2026-08-22 08:30:42.558106700,0.068106700,1
'2026-08-22 08:30:42.558121600,0.068121600,0
'2026-08-22 08:30:42.558121700,0.068121700,1
'2026-08-22 08:30:42.558121800,0.068121800,0
'2026-08-22 08:30:42.558122900,0.068122900,1
'2026-08-22 08:30:42.558123000,0.068123000,0
'2026-08-22 08:30:42.558132800,0.068132800,1
'2026-08-22 08:30:42.558147600,0.068147600,0
'2026-08-22 08:30:42.558158900,0.068158900,1
'2026-08-22 08:30:42.558173800,0.068173800,0
'2026-08-22 08:30:42.558174300,0.068174300,1
'2026-08-22 08:30:42.558174400,0.068174400,0
'2026-08-22 08:30:42.558185000,0.068185000,1
'2026-08-22 08:30:42.558200000,0.068200000,0
'2026-08-22 08:30:42.558201100,0.068201100,1
'2026-08-22 08:30:42.558201200,0.068201200,0
'2026-08-22 08:30:42.558205400,0.068205400,1
'2026-08-22 08:30:42.558205500,0.068205500,0
'2026-08-22 08:30:42.558211100,0.068211100,1
'2026-08-22 08:30:42.558226000,0.068226000,0
'2026-08-22 08:30:42.558226200,0.068226200,1
'2026-08-22 08:30:42.558226300,0.068226300,0
'2026-08-22 08:30:42.558237200,0.068237200,1
'2026-08-22 08:30:42.559452300,0.069452300,0
'2026-08-22 08:30:42.559452500,0.069452500,1
'2026-08-22 08:30:42.559452600,0.069452600,0
'2026-08-22 08:30:42.559463700,0.069463700,1
'2026-08-22 08:30:42.559478400,0.069478400,0
'2026-08-22 08:30:42.559478700,0.069478700,1
'2026-08-22 08:30:42.559478800,0.069478800,0
'2026-08-22 08:30:42.559489800,0.069489800,1
'2026-08-22 08:30:42.559504500,0.069504500,0
'2026-08-22 08:30:42.559515900,0.069515900,1
'2026-08-22 08:30:42.559530700,0.069530700,0
'2026-08-22 08:30:42.559542000,0.069542000,1
'2026-08-22 08:30:42.559556700,0.069556700,0
'2026-08-22 08:30:42.559568100,0.069568100,1
'2026-08-22 08:30:42.559582900,0.069582900,0
'2026-08-22 08:30:42.559583200,0.069583200,1
'2026-08-22 08:30:42.559583400,0.069583400,0
'2026-08-22 08:30:42.559594200,0.069594200,1
'2026-08-22 08:30:42.559608800,0.069608800,0
'2026-08-22 08:30:42.559608900,0.069608900,1
'2026-08-22 08:30:42.559609000,0.069609000,0
'2026-08-22 08:30:42.559620300,0.069620300,1
'2026-08-22 08:30:42.559635300,0.069635300,0
'2026-08-22 08:30:42.559646400,0.069646400,1
'2026-08-22 08:30:42.559661200,0.069661200,0
'2026-08-22 08:30:42.559661500,0.069661500,1
'2026-08-22 08:30:42.559661600,0.069661600,0
'2026-08-22 08:30:42.559672500,0.069672500,1
'2026-08-22 08:30:42.559687300,0.069687300,0
'2026-08-22 08:30:42.559698700,0.069698700,1
'2026-08-22 08:30:42.559713600,0.069713600,0
'2026-08-22 08:30:42.559713900,0.069713900,1
'2026-08-22 08:30:42.559714000,0.069714000,0
'2026-08-22 08:30:42.559714100,0.069714100,1
'2026-08-22 08:30:42.559714200,0.069714200,0
'2026-08-22 08:30:42.559724700,0.069724700,1
'2026-08-22 08:30:42.559739400,0.069739400,0
'2026-08-22 08:30:42.559750800,0.069750800,1
'2026-08-22 08:30:42.559765700,0.069765700,0
'2026-08-22 08:30:42.559766000,0.069766000,1
'2026-08-22 08:30:42.559766100,0.069766100,0
'2026-08-22 08:30:42.559776900,0.069776900,1
'2026-08-22 08:30:42.559791900,0.069791900,0
'2026-08-22 08:30:42.559792900,0.069792900,1
'2026-08-22 08:30:42.559793000,0.069793000,0
'2026-08-22 08:30:42.559793500,0.069793500,1
'2026-08-22 08:30:42.559793600,0.069793600,0
'2026-08-22 08:30:42.559803000,0.069803000,1
'2026-08-22 08:30:42.559817800,0.069817800,0
'2026-08-22 08:30:42.559817900,0.069817900,1
'2026-08-22 08:30:42.559818100,0.069818100,0
'2026-08-22 08:30:42.559829100,0.069829100,1
'2026-08-22 08:30:42.559844100,0.069844100,0
'2026-08-22 08:30:42.559844200,0.069844200,1
'2026-08-22 08:30:42.559844400,0.069844400,0
'2026-08-22 08:30:42.559844900,0.069844900,1
'2026-08-22 08:30:42.559845000,0.069845000,0
'2026-08-22 08:30:42.559855300,0.069855300,1
'2026-08-22 08:30:42.560270200,0.070270200,0
'2026-08-22 08:30:42.560272700,0.070272700,1
'2026-08-22 08:30:42.560287700,0.070287700,0
'2026-08-22 08:30:42.560298800,0.070298800,1
'2026-08-22 08:30:42.560313500,0.070313500,0
'2026-08-22 08:30:42.560324900,0.070324900,1
'2026-08-22 08:30:42.560339700,0.070339700,0
'2026-08-22 08:30:42.560346400,0.070346400,1
'2026-08-22 08:30:42.560346500,0.070346500,0
'2026-08-22 08:30:42.560351100,0.070351100,1
'2026-08-22 08:30:42.560365800,0.070365800,0
'2026-08-22 08:30:42.560365900,0.070365900,1
'2026-08-22 08:30:42.560366000,0.070366000,0
'2026-08-22 08:30:42.560377200,0.070377200,1
'2026-08-22 08:30:42.560392000,0.070392000,0
'2026-08-22 08:30:42.560396200,0.070396200,1
'2026-08-22 08:30:42.560396300,0.070396300,0
'2026-08-22 08:30:42.560403300,0.070403300,1
'2026-08-22 08:30:42.560418100,0.070418100,0
'2026-08-22 08:30:42.560425700,0.070425700,1
'2026-08-22 08:30:42.560425800,0.070425800,0
'2026-08-22 08:30:42.560429400,0.070429400,1
'2026-08-22 08:30:42.560444200,0.070444200,0
'2026-08-22 08:30:42.560444500,0.070444500,1
'2026-08-22 08:30:42.560444600,0.070444600,0
'2026-08-22 08:30:42.560444700,0.070444700,1
'2026-08-22 08:30:42.560444800,0.070444800,0
'2026-08-22 08:30:42.560447100,0.070447100,1
'2026-08-22 08:30:42.560447200,0.070447200,0
'2026-08-22 08:30:42.560455500,0.070455500,1
'2026-08-22 08:30:42.560470300,0.070470300,0
'2026-08-22 08:30:42.560470400,0.070470400,1
'2026-08-22 08:30:42.560470500,0.070470500,0
'2026-08-22 08:30:42.560481600,0.070481600,1
'2026-08-22 08:30:42.560496400,0.070496400,0
'2026-08-22 08:30:42.560497300,0.070497300,1
'2026-08-22 08:30:42.560497400,0.070497400,0
'2026-08-22 08:30:42.560507700,0.070507700,1
'2026-08-22 08:30:42.560522600,0.070522600,0
'2026-08-22 08:30:42.560533800,0.070533800,1
'2026-08-22 08:30:42.560548800,0.070548800,0
'2026-08-22 08:30:42.560559900,0.070559900,1
'2026-08-22 08:30:42.560574700,0.070574700,0
'2026-08-22 08:30:42.560574900,0.070574900,1
'2026-08-22 08:30:42.560575100,0.070575100,0
'2026-08-22 08:30:42.560577300,0.070577300,1
'2026-08-22 08:30:42.560577400,0.070577400,0
'2026-08-22 08:30:42.560582500,0.070582500,1
'2026-08-22 08:30:42.560582600,0.070582600,0
'2026-08-22 08:30:42.560586000,0.070586000,1
'2026-08-22 08:30:42.560600800,0.070600800,0
'2026-08-22 08:30:42.560612100,0.070612100,1
'2026-08-22 08:30:42.560627000,0.070627000,0
'2026-08-22 08:30:42.560627100,0.070627100,1
'2026-08-22 08:30:42.560627200,0.070627200,0
'2026-08-22 08:30:42.560627500,0.070627500,1
'2026-08-22 08:30:42.560627600,0.070627600,0
'2026-08-22 08:30:42.560628100,0.070628100,1
'2026-08-22 08:30:42.560628200,0.070628200,0
'2026-08-22 08:30:42.560631900,0.070631900,1
'2026-08-22 08:30:42.560632000,0.070632000,0
'2026-08-22 08:30:42.560638200,0.070638200,1
'2026-08-22 08:30:42.560652900,0.070652900,0
'2026-08-22 08:30:42.560653100,0.070653100,1
'2026-08-22 08:30:42.560653300,0.070653300,0
'2026-08-22 08:30:42.560657300,0.070657300,1
'2026-08-22 08:30:42.560657400,0.070657400,0
'2026-08-22 08:30:42.560664300,0.070664300,1
'2026-08-22 08:30:42.560679600,0.070679600,0
'2026-08-22 08:30:42.560679700,0.070679700,1
'2026-08-22 08:30:42.561096600,0.071096600,0
'2026-08-22 08:30:42.561107900,0.071107900,1
'2026-08-22 08:30:42.561122900,0.071122900,0
'2026-08-22 08:30:42.561128900,0.071128900,1
'2026-08-22 08:30:42.561129000,0.071129000,0
'2026-08-22 08:30:42.561134000,0.071134000,1
'2026-08-22 08:30:42.561148800,0.071148800,0
'2026-08-22 08:30:42.561160100,0.071160100,1
'2026-08-22 08:30:42.561174900,0.071174900,0
'2026-08-22 08:30:42.561186200,0.071186200,1
'2026-08-22 08:30:42.561201200,0.071201200,0
'2026-08-22 08:30:42.561201900,0.071201900,1
'2026-08-22 08:30:42.561202000,0.071202000,0
'2026-08-22 08:30:42.561212300,0.071212300,1
'2026-08-22 08:30:42.561227000,0.071227000,0
'2026-08-22 08:30:42.561227300,0.071227300,1
'2026-08-22 08:30:42.561227400,0.071227400,0
'2026-08-22 08:30:42.561227900,0.071227900,1
'2026-08-22 08:30:42.561228000,0.071228000,0
'2026-08-22 08:30:42.561238400,0.071238400,1
'2026-08-22 08:30:42.561253400,0.071253400,0
'2026-08-22 08:30:42.561258300,0.071258300,1
'2026-08-22 08:30:42.561258400,0.071258400,0
'2026-08-22 08:30:42.561264500,0.071264500,1
'2026-08-22 08:30:42.561279400,0.071279400,0
'2026-08-22 08:30:42.561288300,0.071288300,1
'2026-08-22 08:30:42.561288400,0.071288400,0
'2026-08-22 08:30:42.561290600,0.071290600,1
'2026-08-22 08:30:42.561305400,0.071305400,0
'2026-08-22 08:30:42.561316700,0.071316700,1
'2026-08-22 08:30:42.561331600,0.071331600,0
'2026-08-22 08:30:42.561342800,0.071342800,1
'2026-08-22 08:30:42.561357800,0.071357800,0
'2026-08-22 08:30:42.561368900,0.071368900,1
'2026-08-22 08:30:42.561384000,0.071384000,0
'2026-08-22 08:30:42.561395100,0.071395100,1
'2026-08-22 08:30:42.561410300,0.071410300,0
'2026-08-22 08:30:42.561421200,0.071421200,1
'2026-08-22 08:30:42.561436000,0.071436000,0
'2026-08-22 08:30:42.561436400,0.071436400,1
'2026-08-22 08:30:42.561436500,0.071436500,0
'2026-08-22 08:30:42.561437600,0.071437600,1
'2026-08-22 08:30:42.561437700,0.071437700,0
'2026-08-22 08:30:42.561447300,0.071447300,1
'2026-08-22 08:30:42.561462500,0.071462500,0
'2026-08-22 08:30:42.561473400,0.071473400,1
'2026-08-22 08:30:42.561488200,0.071488200,0
'2026-08-22 08:30:42.561488300,0.071488300,1
'2026-08-22 08:30:42.561488500,0.071488500,0
'2026-08-22 08:30:42.561489600,0.071489600,1
'2026-08-22 08:30:42.561489700,0.071489700,0
'2026-08-22 08:30:42.561499500,0.071499500,1
'2026-08-22 08:30:42.562717200,0.072717200,0
'2026-08-22 08:30:42.562725900,0.072725900,1
'2026-08-22 08:30:42.562740800,0.072740800,0
'2026-08-22 08:30:42.562752000,0.072752000,1
'2026-08-22 08:30:42.562766700,0.072766700,0
'2026-08-22 08:30:42.562766900,0.072766900,1
'2026-08-22 08:30:42.562767000,0.072767000,0
'2026-08-22 08:30:42.562778100,0.072778100,1
'2026-08-22 08:30:42.562792800,0.072792800,0
'2026-08-22 08:30:42.562804200,0.072804200,1
'2026-08-22 08:30:42.562819000,0.072819000,0
'2026-08-22 08:30:42.562819600,0.072819600,1
'2026-08-22 08:30:42.562819700,0.072819700,0
'2026-08-22 08:30:42.562830300,0.072830300,1
'2026-08-22 08:30:42.562845400,0.072845400,0
'2026-08-22 08:30:42.562856500,0.072856500,1
'2026-08-22 08:30:42.562871300,0.072871300,0
'2026-08-22 08:30:42.562871400,0.072871400,1
'2026-08-22 08:30:42.562871600,0.072871600,0
'2026-08-22 08:30:42.562882600,0.072882600,1
'2026-08-22 08:30:42.562897600,0.072897600,0
'2026-08-22 08:30:42.562908700,0.072908700,1
'2026-08-22 08:30:42.562923500,0.072923500,0
'2026-08-22 08:30:42.562934800,0.072934800,1
'2026-08-22 08:30:42.562949800,0.072949800,0
'2026-08-22 08:30:42.562950300,0.072950300,1
'2026-08-22 08:30:42.562950400,0.072950400,0
'2026-08-22 08:30:42.562960900,0.072960900,1
'2026-08-22 08:30:42.562975700,0.072975700,0
'2026-08-22 08:30:42.562987000,0.072987000,1
'2026-08-22 08:30:42.563001900,0.073001900,0
'2026-08-22 08:30:42.563013100,0.073013100,1
'2026-08-22 08:30:42.563028200,0.073028200,0
'2026-08-22 08:30:42.563039200,0.073039200,1
'2026-08-22 08:30:42.563054000,0.073054000,0
'2026-08-22 08:30:42.563054300,0.073054300,1
'2026-08-22 08:30:42.563054400,0.073054400,0
'2026-08-22 08:30:42.563061900,0.073061900,1
'2026-08-22 08:30:42.563062000,0.073062000,0
'2026-08-22 08:30:42.563065300,0.073065300,1
'2026-08-22 08:30:42.563080100,0.073080100,0
'2026-08-22 08:30:42.563091400,0.073091400,1
'2026-08-22 08:30:42.563106300,0.073106300,0
'2026-08-22 08:30:42.563109700,0.073109700,1
'2026-08-22 08:30:42.563109900,0.073109900,0
'2026-08-22 08:30:42.563112100,0.073112100,1
'2026-08-22 08:30:42.563112200,0.073112200,0
'2026-08-22 08:30:42.563117500,0.073117500,1
'2026-08-22 08:30:42.563533600,0.073533600,0
'2026-08-22 08:30:42.563533800,0.073533800,1
'2026-08-22 08:30:42.563533900,0.073533900,0
'2026-08-22 08:30:42.563535000,0.073535000,1
'2026-08-22 08:30:42.563549800,0.073549800,0
'2026-08-22 08:30:42.563561100,0.073561100,1
'2026-08-22 08:30:42.563576100,0.073576100,0
'2026-08-22 08:30:42.563587200,0.073587200,1
'2026-08-22 08:30:42.563602200,0.073602200,0
'2026-08-22 08:30:42.563613300,0.073613300,1
'2026-08-22 08:30:42.563628000,0.073628000,0
'2026-08-22 08:30:42.563628100,0.073628100,1
'2026-08-22 08:30:42.563628200,0.073628200,0
'2026-08-22 08:30:42.563628900,0.073628900,1
'2026-08-22 08:30:42.563629000,0.073629000,0
'2026-08-22 08:30:42.563631900,0.073631900,1
'2026-08-22 08:30:42.563632000,0.073632000,0
'2026-08-22 08:30:42.563639400,0.073639400,1
'2026-08-22 08:30:42.563654400,0.073654400,0
'2026-08-22 08:30:42.563661500,0.073661500,1
'2026-08-22 08:30:42.563661600,0.073661600,0
'2026-08-22 08:30:42.563665500,0.073665500,1
'2026-08-22 08:30:42.563680500,0.073680500,0
'2026-08-22 08:30:42.563680900,0.073680900,1
'2026-08-22 08:30:42.563681200,0.073681200,0
'2026-08-22 08:30:42.563691600,0.073691600,1
'2026-08-22 08:30:42.563706400,0.073706400,0
'2026-08-22 08:30:42.563707100,0.073707100,1
'2026-08-22 08:30:42.563707200,0.073707200,0
'2026-08-22 08:30:42.563708900,0.073708900,1
'2026-08-22 08:30:42.563709000,0.073709000,0
'2026-08-22 08:30:42.563711700,0.073711700,1
'2026-08-22 08:30:42.563711900,0.073711900,0
'2026-08-22 08:30:42.563714500,0.073714500,1
'2026-08-22 08:30:42.563714600,0.073714600,0
'2026-08-22 08:30:42.563717300,0.073717300,1
'2026-08-22 08:30:42.563717400,0.073717400,0
'2026-08-22 08:30:42.563717700,0.073717700,1
'2026-08-22 08:30:42.563732600,0.073732600,0
'2026-08-22 08:30:42.563734000,0.073734000,1
'2026-08-22 08:30:42.563734200,0.073734200,0
'2026-08-22 08:30:42.563736800,0.073736800,1
'2026-08-22 08:30:42.563736900,0.073736900,0
'2026-08-22 08:30:42.563742400,0.073742400,1
'2026-08-22 08:30:42.563742500,0.073742500,0
'2026-08-22 08:30:42.563743900,0.073743900,1
'2026-08-22 08:30:42.563758600,0.073758600,0
'2026-08-22 08:30:42.563759100,0.073759100,1
'2026-08-22 08:30:42.563759300,0.073759300,0
'2026-08-22 08:30:42.563763900,0.073763900,1
'2026-08-22 08:30:42.563764000,0.073764000,0
'2026-08-22 08:30:42.563764700,0.073764700,1
'2026-08-22 08:30:42.563764800,0.073764800,0
'2026-08-22 08:30:42.563767500,0.073767500,1
'2026-08-22 08:30:42.563767600,0.073767600,0
'2026-08-22 08:30:42.563770000,0.073770000,1
'2026-08-22 08:30:42.563784800,0.073784800,0
'2026-08-22 08:30:42.563784900,0.073784900,1
'2026-08-22 08:30:42.563785000,0.073785000,0
'2026-08-22 08:30:42.563795400,0.073795400,1
'2026-08-22 08:30:42.563795500,0.073795500,0
'2026-08-22 08:30:42.563796100,0.073796100,1
'2026-08-22 08:30:42.563810700,0.073810700,0
'2026-08-22 08:30:42.563811200,0.073811200,1
'2026-08-22 08:30:42.563811300,0.073811300,0
'2026-08-22 08:30:42.563812100,0.073812100,1
'2026-08-22 08:30:42.563812200,0.073812200,0
'2026-08-22 08:30:42.563812900,0.073812900,1
'2026-08-22 08:30:42.563813000,0.073813000,0
'2026-08-22 08:30:42.563814900,0.073814900,1
'2026-08-22 08:30:42.563815000,0.073815000,0
'2026-08-22 08:30:42.563817700,0.073817700,1
'2026-08-22 08:30:42.563817800,0.073817800,0
'2026-08-22 08:30:42.563822200,0.073822200,1
'2026-08-22 08:30:42.563837100,0.073837100,0
'2026-08-22 08:30:42.563837200,0.073837200,1
'2026-08-22 08:30:42.563837600,0.073837600,0
'2026-08-22 08:30:42.563840000,0.073840000,1
'2026-08-22 08:30:42.563840100,0.073840100,0
'2026-08-22 08:30:42.563842800,0.073842800,1
'2026-08-22 08:30:42.563842900,0.073842900,0
'2026-08-22 08:30:42.563848300,0.073848300,1
'2026-08-22 08:30:42.563863300,0.073863300,0
'2026-08-22 08:30:42.563865100,0.073865100,1
'2026-08-22 08:30:42.563865200,0.073865200,0
'2026-08-22 08:30:42.563865300,0.073865300,1
'2026-08-22 08:30:42.563865400,0.073865400,0
'2026-08-22 08:30:42.563867900,0.073867900,1
'2026-08-22 08:30:42.563868000,0.073868000,0
'2026-08-22 08:30:42.563874400,0.073874400,1
'2026-08-22 08:30:42.563889000,0.073889000,0
'2026-08-22 08:30:42.563889100,0.073889100,1
'2026-08-22 08:30:42.563889200,0.073889200,0
'2026-08-22 08:30:42.563890200,0.073890200,1
'2026-08-22 08:30:42.563890300,0.073890300,0
'2026-08-22 08:30:42.563893000,0.073893000,1
'2026-08-22 08:30:42.563893100,0.073893100,0
'2026-08-22 08:30:42.563895800,0.073895800,1
'2026-08-22 08:30:42.563896000,0.073896000,0
'2026-08-22 08:30:42.563896400,0.073896400,1
'2026-08-22 08:30:42.563896500,0.073896500,0
'2026-08-22 08:30:42.563900500,0.073900500,1
'2026-08-22 08:30:42.563915500,0.073915500,0
'2026-08-22 08:30:42.563915700,0.073915700,1
'2026-08-22 08:30:42.563915800,0.073915800,0
'2026-08-22 08:30:42.563918100,0.073918100,1
'2026-08-22 08:30:42.563918200,0.073918200,0
'2026-08-22 08:30:42.563922800,0.073922800,1
'2026-08-22 08:30:42.563922900,0.073922900,0
'2026-08-22 08:30:42.563923700,0.073923700,1
'2026-08-22 08:30:42.563923800,0.073923800,0
'2026-08-22 08:30:42.563926500,0.073926500,1
'2026-08-22 08:30:42.563941600,0.073941600,0
'2026-08-22 08:30:42.563943100,0.073943100,1
'2026-08-22 08:30:42.564359000,0.074359000,0
'2026-08-22 08:30:42.564369900,0.074369900,1
'2026-08-22 08:30:42.564370000,0.074370000,0
'2026-08-22 08:30:42.564370200,0.074370200,1
'2026-08-22 08:30:42.564384800,0.074384800,0
'2026-08-22 08:30:42.564396300,0.074396300,1
'2026-08-22 08:30:42.564411200,0.074411200,0
'2026-08-22 08:30:42.564417300,0.074417300,1
'2026-08-22 08:30:42.564417400,0.074417400,0
'2026-08-22 08:30:42.564422400,0.074422400,1
'2026-08-22 08:30:42.564437200,0.074437200,0
'2026-08-22 08:30:42.564448500,0.074448500,1
'2026-08-22 08:30:42.564463200,0.074463200,0
'2026-08-22 08:30:42.564467500,0.074467500,1
'2026-08-22 08:30:42.564467600,0.074467600,0
'2026-08-22 08:30:42.564470300,0.074470300,1
'2026-08-22 08:30:42.564470400,0.074470400,0
'2026-08-22 08:30:42.564474600,0.074474600,1
'2026-08-22 08:30:42.564489400,0.074489400,0
'2026-08-22 08:30:42.564489700,0.074489700,1
'2026-08-22 08:30:42.564489800,0.074489800,0
'2026-08-22 08:30:42.564489900,0.074489900,1
'2026-08-22 08:30:42.564490000,0.074490000,0
'2026-08-22 08:30:42.564492600,0.074492600,1
'2026-08-22 08:30:42.564492700,0.074492700,0
'2026-08-22 08:30:42.564498200,0.074498200,1
'2026-08-22 08:30:42.564498300,0.074498300,0
'2026-08-22 08:30:42.564500700,0.074500700,1
'2026-08-22 08:30:42.564515600,0.074515600,0
'2026-08-22 08:30:42.564517700,0.074517700,1
'2026-08-22 08:30:42.564517900,0.074517900,0
'2026-08-22 08:30:42.564526800,0.074526800,1
'2026-08-22 08:30:42.564541500,0.074541500,0
'2026-08-22 08:30:42.564541700,0.074541700,1
'2026-08-22 08:30:42.564541800,0.074541800,0
'2026-08-22 08:30:42.564542900,0.074542900,1
'2026-08-22 08:30:42.564543000,0.074543000,0
'2026-08-22 08:30:42.564545600,0.074545600,1
'2026-08-22 08:30:42.564545700,0.074545700,0
'2026-08-22 08:30:42.564548400,0.074548400,1
'2026-08-22 08:30:42.564548500,0.074548500,0
'2026-08-22 08:30:42.564552900,0.074552900,1
'2026-08-22 08:30:42.564567600,0.074567600,0
'2026-08-22 08:30:42.564567900,0.074567900,1
'2026-08-22 08:30:42.564568200,0.074568200,0
'2026-08-22 08:30:42.564570000,0.074570000,1
'2026-08-22 08:30:42.564570100,0.074570100,0
'2026-08-22 08:30:42.564570700,0.074570700,1
'2026-08-22 08:30:42.564570800,0.074570800,0
'2026-08-22 08:30:42.564576300,0.074576300,1
'2026-08-22 08:30:42.564576400,0.074576400,0
'2026-08-22 08:30:42.564579000,0.074579000,1
'2026-08-22 08:30:42.564593900,0.074593900,0
'2026-08-22 08:30:42.564595800,0.074595800,1
'2026-08-22 08:30:42.564595900,0.074595900,0
'2026-08-22 08:30:42.564598600,0.074598600,1
'2026-08-22 08:30:42.564598700,0.074598700,0
'2026-08-22 08:30:42.564601400,0.074601400,1
'2026-08-22 08:30:42.564601500,0.074601500,0
'2026-08-22 08:30:42.564605100,0.074605100,1
'2026-08-22 08:30:42.564619800,0.074619800,0
'2026-08-22 08:30:42.564619900,0.074619900,1
'2026-08-22 08:30:42.564620200,0.074620200,0
'2026-08-22 08:30:42.564620900,0.074620900,1
'2026-08-22 08:30:42.564621000,0.074621000,0
'2026-08-22 08:30:42.564621500,0.074621500,1
'2026-08-22 08:30:42.564621600,0.074621600,0
'2026-08-22 08:30:42.564623700,0.074623700,1
'2026-08-22 08:30:42.564623800,0.074623800,0
'2026-08-22 08:30:42.564626500,0.074626500,1
'2026-08-22 08:30:42.564626600,0.074626600,0
'2026-08-22 08:30:42.564629300,0.074629300,1
'2026-08-22 08:30:42.564629400,0.074629400,0
'2026-08-22 08:30:42.564631200,0.074631200,1
'2026-08-22 08:30:42.564645900,0.074645900,0
'2026-08-22 08:30:42.564646000,0.074646000,1
'2026-08-22 08:30:42.564646200,0.074646200,0
'2026-08-22 08:30:42.564646800,0.074646800,1
'2026-08-22 08:30:42.564646900,0.074646900,0
'2026-08-22 08:30:42.564648800,0.074648800,1
'2026-08-22 08:30:42.564649000,0.074649000,0
'2026-08-22 08:30:42.564651600,0.074651600,1
'2026-08-22 08:30:42.564651700,0.074651700,0
'2026-08-22 08:30:42.564654400,0.074654400,1
'2026-08-22 08:30:42.564654500,0.074654500,0
'2026-08-22 08:30:42.564657300,0.074657300,1
'2026-08-22 08:30:42.564672200,0.074672200,0
'2026-08-22 08:30:42.564673900,0.074673900,1
'2026-08-22 08:30:42.564674000,0.074674000,0
'2026-08-22 08:30:42.564679500,0.074679500,1
'2026-08-22 08:30:42.564679600,0.074679600,0
'2026-08-22 08:30:42.564683400,0.074683400,1
'2026-08-22 08:30:42.564698300,0.074698300,0
'2026-08-22 08:30:42.564699000,0.074699000,1
'2026-08-22 08:30:42.564699100,0.074699100,0
'2026-08-22 08:30:42.564701800,0.074701800,1
'2026-08-22 08:30:42.564701900,0.074701900,0
'2026-08-22 08:30:42.564704600,0.074704600,1
'2026-08-22 08:30:42.564704800,0.074704800,0
'2026-08-22 08:30:42.564709500,0.074709500,1
'2026-08-22 08:30:42.564724700,0.074724700,0
'2026-08-22 08:30:42.564725100,0.074725100,1
'2026-08-22 08:30:42.564725200,0.074725200,0
'2026-08-22 08:30:42.564726900,0.074726900,1
'2026-08-22 08:30:42.564727000,0.074727000,0
'2026-08-22 08:30:42.564729700,0.074729700,1
'2026-08-22 08:30:42.564729800,0.074729800,0
'2026-08-22 08:30:42.564735600,0.074735600,1
'2026-08-22 08:30:42.564750400,0.074750400,0
'2026-08-22 08:30:42.564752000,0.074752000,1
'2026-08-22 08:30:42.564752100,0.074752100,0
'2026-08-22 08:30:42.564761800,0.074761800,1
'2026-08-22 08:30:42.565194100,0.075194100,0
'2026-08-22 08:30:42.565205400,0.075205400,1
'2026-08-22 08:30:42.565220200,0.075220200,0
'2026-08-22 08:30:42.565220300,0.075220300,1
'2026-08-22 08:30:42.565220400,0.075220400,0
'2026-08-22 08:30:42.565221500,0.075221500,1
'2026-08-22 08:30:42.565221600,0.075221600,0
'2026-08-22 08:30:42.565231500,0.075231500,1
'2026-08-22 08:30:42.565246200,0.075246200,0
'2026-08-22 08:30:42.565257600,0.075257600,1
'2026-08-22 08:30:42.565272400,0.075272400,0
'2026-08-22 08:30:42.565283700,0.075283700,1
'2026-08-22 08:30:42.565298400,0.075298400,0
'2026-08-22 08:30:42.565298500,0.075298500,1
'2026-08-22 08:30:42.565298600,0.075298600,0
'2026-08-22 08:30:42.565309800,0.075309800,1
'2026-08-22 08:30:42.565324900,0.075324900,0
'2026-08-22 08:30:42.565330100,0.075330100,1
'2026-08-22 08:30:42.565330200,0.075330200,0
'2026-08-22 08:30:42.565335900,0.075335900,1
'2026-08-22 08:30:42.565350800,0.075350800,0
'2026-08-22 08:30:42.565350900,0.075350900,1
'2026-08-22 08:30:42.565351000,0.075351000,0
'2026-08-22 08:30:42.565351700,0.075351700,1
'2026-08-22 08:30:42.565351800,0.075351800,0
'2026-08-22 08:30:42.565352200,0.075352200,1
'2026-08-22 08:30:42.565352300,0.075352300,0
'2026-08-22 08:30:42.565362000,0.075362000,1
'2026-08-22 08:30:42.565376900,0.075376900,0
'2026-08-22 08:30:42.565388100,0.075388100,1
'2026-08-22 08:30:42.565403100,0.075403100,0
'2026-08-22 08:30:42.565404800,0.075404800,1
'2026-08-22 08:30:42.565404900,0.075404900,0
'2026-08-22 08:30:42.565414300,0.075414300,1
'2026-08-22 08:30:42.565428900,0.075428900,0
'2026-08-22 08:30:42.565440400,0.075440400,1
'2026-08-22 08:30:42.565455300,0.075455300,0
'2026-08-22 08:30:42.565455500,0.075455500,1
'2026-08-22 08:30:42.565455700,0.075455700,0
'2026-08-22 08:30:42.565466500,0.075466500,1
'2026-08-22 08:30:42.565481300,0.075481300,0
'2026-08-22 08:30:42.565492600,0.075492600,1
'2026-08-22 08:30:42.565507400,0.075507400,0
'2026-08-22 08:30:42.565507500,0.075507500,1
'2026-08-22 08:30:42.565507600,0.075507600,0
'2026-08-22 08:30:42.565507800,0.075507800,1
'2026-08-22 08:30:42.565507900,0.075507900,0
'2026-08-22 08:30:42.565518700,0.075518700,1
'2026-08-22 08:30:42.565533500,0.075533500,0
'2026-08-22 08:30:42.565533700,0.075533700,1
'2026-08-22 08:30:42.565533800,0.075533800,0
'2026-08-22 08:30:42.565544300,0.075544300,1
'2026-08-22 08:30:42.565544400,0.075544400,0
'2026-08-22 08:30:42.565544800,0.075544800,1
'2026-08-22 08:30:42.565559400,0.075559400,0
'2026-08-22 08:30:42.565559500,0.075559500,1
'2026-08-22 08:30:42.565559600,0.075559600,0
'2026-08-22 08:30:42.565563600,0.075563600,1
'2026-08-22 08:30:42.565563700,0.075563700,0
'2026-08-22 08:30:42.565570900,0.075570900,1
'2026-08-22 08:30:42.565585900,0.075585900,0
'2026-08-22 08:30:42.565587300,0.075587300,1
'2026-08-22 08:30:42.565587400,0.075587400,0
'2026-08-22 08:30:42.565591300,0.075591300,1
'2026-08-22 08:30:42.566006000,0.076006000,0
'2026-08-22 08:30:42.566006100,0.076006100,1
'2026-08-22 08:30:42.566006200,0.076006200,0
'2026-08-22 08:30:42.566014500,0.076014500,1
'2026-08-22 08:30:42.566029200,0.076029200,0
'2026-08-22 08:30:42.566040600,0.076040600,1
'2026-08-22 08:30:42.566055400,0.076055400,0
'2026-08-22 08:30:42.566055700,0.076055700,1
'2026-08-22 08:30:42.566055800,0.076055800,0
'2026-08-22 08:30:42.566066700,0.076066700,1
'2026-08-22 08:30:42.566081600,0.076081600,0
'2026-08-22 08:30:42.566092900,0.076092900,1
'2026-08-22 08:30:42.566107600,0.076107600,0
'2026-08-22 08:30:42.566107700,0.076107700,1
'2026-08-22 08:30:42.566107800,0.076107800,0
'2026-08-22 08:30:42.566119000,0.076119000,1
'2026-08-22 08:30:42.566133600,0.076133600,0
'2026-08-22 08:30:42.566134000,0.076134000,1
'2026-08-22 08:30:42.566134100,0.076134100,0
'2026-08-22 08:30:42.566134800,0.076134800,1
'2026-08-22 08:30:42.566134900,0.076134900,0
'2026-08-22 08:30:42.566136900,0.076136900,1
'2026-08-22 08:30:42.566137000,0.076137000,0
'2026-08-22 08:30:42.566145100,0.076145100,1
'2026-08-22 08:30:42.566159800,0.076159800,0
'2026-08-22 08:30:42.566171200,0.076171200,1
'2026-08-22 08:30:42.566186000,0.076186000,0
'2026-08-22 08:30:42.566197300,0.076197300,1
'2026-08-22 08:30:42.566212000,0.076212000,0
'2026-08-22 08:30:42.566212100,0.076212100,1
'2026-08-22 08:30:42.566212300,0.076212300,0
'2026-08-22 08:30:42.566223400,0.076223400,1
'2026-08-22 08:30:42.566238200,0.076238200,0
'2026-08-22 08:30:42.566238500,0.076238500,1
'2026-08-22 08:30:42.566238600,0.076238600,0
'2026-08-22 08:30:42.566249500,0.076249500,1
'2026-08-22 08:30:42.566264400,0.076264400,0
'2026-08-22 08:30:42.566264700,0.076264700,1
'2026-08-22 08:30:42.566264800,0.076264800,0
'2026-08-22 08:30:42.566265900,0.076265900,1
'2026-08-22 08:30:42.566266000,0.076266000,0
'2026-08-22 08:30:42.566275600,0.076275600,1
'2026-08-22 08:30:42.566290200,0.076290200,0
'2026-08-22 08:30:42.566290400,0.076290400,1
'2026-08-22 08:30:42.566290500,0.076290500,0
'2026-08-22 08:30:42.566301700,0.076301700,1
'2026-08-22 08:30:42.566316800,0.076316800,0
'2026-08-22 08:30:42.566327800,0.076327800,1
'2026-08-22 08:30:42.566342600,0.076342600,0
'2026-08-22 08:30:42.566353900,0.076353900,1
'2026-08-22 08:30:42.566369000,0.076369000,0
'2026-08-22 08:30:42.566376300,0.076376300,1
'2026-08-22 08:30:42.566376400,0.076376400,0
'2026-08-22 08:30:42.566380000,0.076380000,1
'2026-08-22 08:30:42.566394800,0.076394800,0
'2026-08-22 08:30:42.566395600,0.076395600,1
'2026-08-22 08:30:42.566395700,0.076395700,0
'2026-08-22 08:30:42.566396700,0.076396700,1
'2026-08-22 08:30:42.566396800,0.076396800,0
'2026-08-22 08:30:42.566406100,0.076406100,1
'2026-08-22 08:30:42.566838600,0.076838600,0
'2026-08-22 08:30:42.566849700,0.076849700,1
'2026-08-22 08:30:42.566864300,0.076864300,0
'2026-08-22 08:30:42.566875800,0.076875800,1
'2026-08-22 08:30:42.566891000,0.076891000,0
'2026-08-22 08:30:42.566892500,0.076892500,1
'2026-08-22 08:30:42.566892600,0.076892600,0
'2026-08-22 08:30:42.566901900,0.076901900,1
'2026-08-22 08:30:42.566916700,0.076916700,0
'2026-08-22 08:30:42.566918900,0.076918900,1
'2026-08-22 08:30:42.566919000,0.076919000,0
'2026-08-22 08:30:42.566928000,0.076928000,1
'2026-08-22 08:30:42.566942800,0.076942800,0
'2026-08-22 08:30:42.566948400,0.076948400,1
'2026-08-22 08:30:42.566948500,0.076948500,0
'2026-08-22 08:30:42.566954100,0.076954100,1
'2026-08-22 08:30:42.566969100,0.076969100,0
'2026-08-22 08:30:42.566969500,0.076969500,1
'2026-08-22 08:30:42.566969600,0.076969600,0
'2026-08-22 08:30:42.566980300,0.076980300,1
'2026-08-22 08:30:42.566995000,0.076995000,0
'2026-08-22 08:30:42.566995200,0.076995200,1
'2026-08-22 08:30:42.566995300,0.076995300,0
'2026-08-22 08:30:42.567006400,0.077006400,1
'2026-08-22 08:30:42.567021200,0.077021200,0
'2026-08-22 08:30:42.567021300,0.077021300,1
'2026-08-22 08:30:42.567021400,0.077021400,0
'2026-08-22 08:30:42.567021500,0.077021500,1
'2026-08-22 08:30:42.567021600,0.077021600,0
'2026-08-22 08:30:42.567032500,0.077032500,1
'2026-08-22 08:30:42.567047400,0.077047400,0
'2026-08-22 08:30:42.567058600,0.077058600,1
'2026-08-22 08:30:42.567073300,0.077073300,0
'2026-08-22 08:30:42.567073500,0.077073500,1
'2026-08-22 08:30:42.567073600,0.077073600,0
'2026-08-22 08:30:42.567084500,0.077084500,1
'2026-08-22 08:30:42.567084600,0.077084600,0
'2026-08-22 08:30:42.567084700,0.077084700,1
'2026-08-22 08:30:42.567099600,0.077099600,0
'2026-08-22 08:30:42.567110800,0.077110800,1
'2026-08-22 08:30:42.567125600,0.077125600,0
'2026-08-22 08:30:42.567126600,0.077126600,1
'2026-08-22 08:30:42.567126700,0.077126700,0
'2026-08-22 08:30:42.567136900,0.077136900,1
'2026-08-22 08:30:42.567151900,0.077151900,0
'2026-08-22 08:30:42.567163000,0.077163000,1
'2026-08-22 08:30:42.567178100,0.077178100,0
'2026-08-22 08:30:42.567189100,0.077189100,1
'2026-08-22 08:30:42.567204200,0.077204200,0
'2026-08-22 08:30:42.567204300,0.077204300,1
'2026-08-22 08:30:42.567204500,0.077204500,0
'2026-08-22 08:30:42.567215200,0.077215200,1
'2026-08-22 08:30:42.567230100,0.077230100,0
'2026-08-22 08:30:42.567239400,0.077239400,1
'2026-08-22 08:30:42.567653600,0.077653600,0
'2026-08-22 08:30:42.567658800,0.077658800,1
'2026-08-22 08:30:42.567673600,0.077673600,0
'2026-08-22 08:30:42.567673900,0.077673900,1
'2026-08-22 08:30:42.567674000,0.077674000,0
'2026-08-22 08:30:42.567684900,0.077684900,1
'2026-08-22 08:30:42.567699800,0.077699800,0
'2026-08-22 08:30:42.567707100,0.077707100,1
'2026-08-22 08:30:42.567707200,0.077707200,0
'2026-08-22 08:30:42.567711000,0.077711000,1
'2026-08-22 08:30:42.567725900,0.077725900,0
'2026-08-22 08:30:42.567737100,0.077737100,1
'2026-08-22 08:30:42.567752000,0.077752000,0
'2026-08-22 08:30:42.567752100,0.077752100,1
'2026-08-22 08:30:42.567752200,0.077752200,0
'2026-08-22 08:30:42.567763200,0.077763200,1
'2026-08-22 08:30:42.567778100,0.077778100,0
'2026-08-22 08:30:42.567778300,0.077778300,1
'2026-08-22 08:30:42.567778400,0.077778400,0
'2026-08-22 08:30:42.567789300,0.077789300,1
'2026-08-22 08:30:42.567804200,0.077804200,0
'2026-08-22 08:30:42.567815400,0.077815400,1
'2026-08-22 08:30:42.567830200,0.077830200,0
'2026-08-22 08:30:42.567830300,0.077830300,1
'2026-08-22 08:30:42.567830400,0.077830400,0
'2026-08-22 08:30:42.567841600,0.077841600,1
'2026-08-22 08:30:42.567856300,0.077856300,0
'2026-08-22 08:30:42.567856600,0.077856600,1
'2026-08-22 08:30:42.567856700,0.077856700,0
'2026-08-22 08:30:42.567858000,0.077858000,1
'2026-08-22 08:30:42.567858100,0.077858100,0
'2026-08-22 08:30:42.567867700,0.077867700,1
'2026-08-22 08:30:42.567882400,0.077882400,0
'2026-08-22 08:30:42.567889300,0.077889300,1
'2026-08-22 08:30:42.567889400,0.077889400,0
'2026-08-22 08:30:42.567893800,0.077893800,1
'2026-08-22 08:30:42.567908800,0.077908800,0
'2026-08-22 08:30:42.567909200,0.077909200,1
'2026-08-22 08:30:42.567909300,0.077909300,0
'2026-08-22 08:30:42.567919900,0.077919900,1
'2026-08-22 08:30:42.567934600,0.077934600,0
'2026-08-22 08:30:42.567934900,0.077934900,1
'2026-08-22 08:30:42.567935000,0.077935000,0
'2026-08-22 08:30:42.567935500,0.077935500,1
'2026-08-22 08:30:42.567935600,0.077935600,0
'2026-08-22 08:30:42.567936400,0.077936400,1
'2026-08-22 08:30:42.567936500,0.077936500,0
'2026-08-22 08:30:42.567946000,0.077946000,1
'2026-08-22 08:30:42.567960700,0.077960700,0
'2026-08-22 08:30:42.567972100,0.077972100,1
'2026-08-22 08:30:42.567987200,0.077987200,0
'2026-08-22 08:30:42.567987500,0.077987500,1
'2026-08-22 08:30:42.567987600,0.077987600,0
'2026-08-22 08:30:42.567989200,0.077989200,1
'2026-08-22 08:30:42.567989300,0.077989300,0
'2026-08-22 08:30:42.567998200,0.077998200,1
'2026-08-22 08:30:42.568012900,0.078012900,0
'2026-08-22 08:30:42.568013100,0.078013100,1
'2026-08-22 08:30:42.568013300,0.078013300,0
'2026-08-22 08:30:42.568017900,0.078017900,1
'2026-08-22 08:30:42.568018000,0.078018000,0
'2026-08-22 08:30:42.568024300,0.078024300,1
'2026-08-22 08:30:42.568039200,0.078039200,0
'2026-08-22 08:30:42.568039300,0.078039300,1
'2026-08-22 08:30:42.568039400,0.078039400,0
'2026-08-22 08:30:42.568039500,0.078039500,1
'2026-08-22 08:30:42.568039600,0.078039600,0
'2026-08-22 08:30:42.568047700,0.078047700,1
'2026-08-22 08:30:42.568047800,0.078047800,0
'2026-08-22 08:30:42.568048200,0.078048200,1
'2026-08-22 08:30:42.568048300,0.078048300,0
'2026-08-22 08:30:42.568048800,0.078048800,1
'2026-08-22 08:30:42.568048900,0.078048900,0
'2026-08-22 08:30:42.568050400,0.078050400,1
'2026-08-22 08:30:42.569269200,0.079269200,0
'2026-08-22 08:30:42.569276800,0.079276800,1
'2026-08-22 08:30:42.569291700,0.079291700,0
'2026-08-22 08:30:42.569302900,0.079302900,1
'2026-08-22 08:30:42.569317600,0.079317600,0
'2026-08-22 08:30:42.569329100,0.079329100,1
'2026-08-22 08:30:42.569344000,0.079344000,0
'2026-08-22 08:30:42.569344100,0.079344100,1
'2026-08-22 08:30:42.569344200,0.079344200,0
'2026-08-22 08:30:42.569344700,0.079344700,1
'2026-08-22 08:30:42.569344800,0.079344800,0
'2026-08-22 08:30:42.569355200,0.079355200,1
'2026-08-22 08:30:42.569369900,0.079369900,0
'2026-08-22 08:30:42.569381300,0.079381300,1
'2026-08-22 08:30:42.569396200,0.079396200,0
'2026-08-22 08:30:42.569407400,0.079407400,1
'2026-08-22 08:30:42.569422400,0.079422400,0
'2026-08-22 08:30:42.569422900,0.079422900,1
'2026-08-22 08:30:42.569423000,0.079423000,0
'2026-08-22 08:30:42.569424100,0.079424100,1
'2026-08-22 08:30:42.569424200,0.079424200,0
'2026-08-22 08:30:42.569431100,0.079431100,1
'2026-08-22 08:30:42.569431200,0.079431200,0
'2026-08-22 08:30:42.569433500,0.079433500,1
'2026-08-22 08:30:42.569448100,0.079448100,0
'2026-08-22 08:30:42.569459600,0.079459600,1
'2026-08-22 08:30:42.569474600,0.079474600,0
'2026-08-22 08:30:42.569485700,0.079485700,1
'2026-08-22 08:30:42.569500600,0.079500600,0
'2026-08-22 08:30:42.569511800,0.079511800,1
'2026-08-22 08:30:42.569526500,0.079526500,0
'2026-08-22 08:30:42.569537900,0.079537900,1
'2026-08-22 08:30:42.569552800,0.079552800,0
'2026-08-22 08:30:42.569552900,0.079552900,1
'2026-08-22 08:30:42.569553200,0.079553200,0
'2026-08-22 08:30:42.569564000,0.079564000,1
'2026-08-22 08:30:42.569578800,0.079578800,0
'2026-08-22 08:30:42.569590100,0.079590100,1
'2026-08-22 08:30:42.569605300,0.079605300,0
'2026-08-22 08:30:42.569605600,0.079605600,1
'2026-08-22 08:30:42.569605700,0.079605700,0
'2026-08-22 08:30:42.569616200,0.079616200,1
'2026-08-22 08:30:42.569630900,0.079630900,0
'2026-08-22 08:30:42.569642300,0.079642300,1
'2026-08-22 08:30:42.569657100,0.079657100,0
'2026-08-22 08:30:42.569657300,0.079657300,1
'2026-08-22 08:30:42.569657400,0.079657400,0
'2026-08-22 08:30:42.569657600,0.079657600,1
'2026-08-22 08:30:42.569657700,0.079657700,0
'2026-08-22 08:30:42.569668400,0.079668400,1
'2026-08-22 08:30:42.570100600,0.080100600,0
'2026-08-22 08:30:42.570100700,0.080100700,1
'2026-08-22 08:30:42.570100800,0.080100800,0
'2026-08-22 08:30:42.570112000,0.080112000,1
'2026-08-22 08:30:42.570126800,0.080126800,0
'2026-08-22 08:30:42.570126900,0.080126900,1
'2026-08-22 08:30:42.570127100,0.080127100,0
'2026-08-22 08:30:42.570138100,0.080138100,1
'2026-08-22 08:30:42.570152800,0.080152800,0
'2026-08-22 08:30:42.570164200,0.080164200,1
'2026-08-22 08:30:42.570179200,0.080179200,0
'2026-08-22 08:30:42.570190300,0.080190300,1
'2026-08-22 08:30:42.570205000,0.080205000,0
'2026-08-22 08:30:42.570205300,0.080205300,1
'2026-08-22 08:30:42.570205400,0.080205400,0
'2026-08-22 08:30:42.570216400,0.080216400,1
'2026-08-22 08:30:42.570231400,0.080231400,0
'2026-08-22 08:30:42.570231500,0.080231500,1
'2026-08-22 08:30:42.570231600,0.080231600,0
'2026-08-22 08:30:42.570242500,0.080242500,1
'2026-08-22 08:30:42.570257400,0.080257400,0
'2026-08-22 08:30:42.570268600,0.080268600,1
'2026-08-22 08:30:42.570283300,0.080283300,0
'2026-08-22 08:30:42.570283500,0.080283500,1
'2026-08-22 08:30:42.570283600,0.080283600,0
'2026-08-22 08:30:42.570294700,0.080294700,1
'2026-08-22 08:30:42.570309600,0.080309600,0
'2026-08-22 08:30:42.570309800,0.080309800,1
'2026-08-22 08:30:42.570309900,0.080309900,0
'2026-08-22 08:30:42.570310000,0.080310000,1
'2026-08-22 08:30:42.570310100,0.080310100,0
'2026-08-22 08:30:42.570318800,0.080318800,1
'2026-08-22 08:30:42.570318900,0.080318900,0
'2026-08-22 08:30:42.570320800,0.080320800,1
'2026-08-22 08:30:42.570335700,0.080335700,0
'2026-08-22 08:30:42.570346900,0.080346900,1
'2026-08-22 08:30:42.570361900,0.080361900,0
'2026-08-22 08:30:42.570362300,0.080362300,1
'2026-08-22 08:30:42.570362400,0.080362400,0
'2026-08-22 08:30:42.570373000,0.080373000,1
'2026-08-22 08:30:42.570387800,0.080387800,0
'2026-08-22 08:30:42.570388000,0.080388000,1
'2026-08-22 08:30:42.570388200,0.080388200,0
'2026-08-22 08:30:42.570399100,0.080399100,1
'2026-08-22 08:30:42.570414000,0.080414000,0
'2026-08-22 08:30:42.570414300,0.080414300,1
'2026-08-22 08:30:42.570414400,0.080414400,0
'2026-08-22 08:30:42.570425200,0.080425200,1
'2026-08-22 08:30:42.570440300,0.080440300,0
'2026-08-22 08:30:42.570451300,0.080451300,1
'2026-08-22 08:30:42.570466100,0.080466100,0
'2026-08-22 08:30:42.570466300,0.080466300,1
'2026-08-22 08:30:42.570466400,0.080466400,0
'2026-08-22 08:30:42.570468700,0.080468700,1
'2026-08-22 08:30:42.570468800,0.080468800,0
'2026-08-22 08:30:42.570470700,0.080470700,1
'2026-08-22 08:30:42.570470800,0.080470800,0
'2026-08-22 08:30:42.570477400,0.080477400,1
'2026-08-22 08:30:42.570492400,0.080492400,0
'2026-08-22 08:30:42.570492500,0.080492500,1
'2026-08-22 08:30:42.570492800,0.080492800,0
'2026-08-22 08:30:42.570502800,0.080502800,1
'2026-08-22 08:30:42.570917400,0.080917400,0
'2026-08-22 08:30:42.570917500,0.080917500,1
'2026-08-22 08:30:42.570917600,0.080917600,0
'2026-08-22 08:30:42.570917700,0.080917700,1
'2026-08-22 08:30:42.570917800,0.080917800,0
'2026-08-22 08:30:42.570921100,0.080921100,1
'2026-08-22 08:30:42.570935800,0.080935800,0
'2026-08-22 08:30:42.570936200,0.080936200,1
'2026-08-22 08:30:42.570936300,0.080936300,0
'2026-08-22 08:30:42.570940300,0.080940300,1
'2026-08-22 08:30:42.570940400,0.080940400,0
'2026-08-22 08:30:42.570947200,0.080947200,1
'2026-08-22 08:30:42.570962000,0.080962000,0
'2026-08-22 08:30:42.570973300,0.080973300,1
'2026-08-22 08:30:42.570988300,0.080988300,0
'2026-08-22 08:30:42.570999400,0.080999400,1
'2026-08-22 08:30:42.571014100,0.081014100,0
'2026-08-22 08:30:42.571018500,0.081018500,1
'2026-08-22 08:30:42.571018600,0.081018600,0
'2026-08-22 08:30:42.571025500,0.081025500,1
'2026-08-22 08:30:42.571040200,0.081040200,0
'2026-08-22 08:30:42.571045400,0.081045400,1
'2026-08-22 08:30:42.571045500,0.081045500,0
'2026-08-22 08:30:42.571051600,0.081051600,1
'2026-08-22 08:30:42.571066100,0.081066100,0
'2026-08-22 08:30:42.571066200,0.081066200,1
'2026-08-22 08:30:42.571066500,0.081066500,0
'2026-08-22 08:30:42.571077700,0.081077700,1
'2026-08-22 08:30:42.571092500,0.081092500,0
'2026-08-22 08:30:42.571092700,0.081092700,1
'2026-08-22 08:30:42.571092800,0.081092800,0
'2026-08-22 08:30:42.571103800,0.081103800,1
'2026-08-22 08:30:42.571118600,0.081118600,0
'2026-08-22 08:30:42.571118900,0.081118900,1
'2026-08-22 08:30:42.571119000,0.081119000,0
'2026-08-22 08:30:42.571129900,0.081129900,1
'2026-08-22 08:30:42.571145000,0.081145000,0
'2026-08-22 08:30:42.571145200,0.081145200,1
'2026-08-22 08:30:42.571145300,0.081145300,0
'2026-08-22 08:30:42.571145800,0.081145800,1
'2026-08-22 08:30:42.571145900,0.081145900,0
'2026-08-22 08:30:42.571156000,0.081156000,1
'2026-08-22 08:30:42.571170800,0.081170800,0
'2026-08-22 08:30:42.571182100,0.081182100,1
'2026-08-22 08:30:42.571197300,0.081197300,0
'2026-08-22 08:30:42.571208200,0.081208200,1
'2026-08-22 08:30:42.571223100,0.081223100,0
'2026-08-22 08:30:42.571223300,0.081223300,1
'2026-08-22 08:30:42.571223400,0.081223400,0
'2026-08-22 08:30:42.571234300,0.081234300,1
'2026-08-22 08:30:42.571249000,0.081249000,0
'2026-08-22 08:30:42.571249100,0.081249100,1
'2026-08-22 08:30:42.571249300,0.081249300,0
'2026-08-22 08:30:42.571260400,0.081260400,1
'2026-08-22 08:30:42.571275200,0.081275200,0
'2026-08-22 08:30:42.571275300,0.081275300,1
'2026-08-22 08:30:42.571275800,0.081275800,0
'2026-08-22 08:30:42.571276000,0.081276000,1
'2026-08-22 08:30:42.571276100,0.081276100,0
'2026-08-22 08:30:42.571276600,0.081276600,1
'2026-08-22 08:30:42.571276800,0.081276800,0
'2026-08-22 08:30:42.571283600,0.081283600,1
'2026-08-22 08:30:42.571283700,0.081283700,0
'2026-08-22 08:30:42.571286500,0.081286500,1
'2026-08-22 08:30:42.571301300,0.081301300,0
'2026-08-22 08:30:42.571307200,0.081307200,1
'2026-08-22 08:30:42.571307300,0.081307300,0
'2026-08-22 08:30:42.571312600,0.081312600,1
'2026-08-22 08:30:42.571744600,0.081744600,0
'2026-08-22 08:30:42.571744700,0.081744700,1
'2026-08-22 08:30:42.571745200,0.081745200,0
'2026-08-22 08:30:42.571750300,0.081750300,1
'2026-08-22 08:30:42.571750400,0.081750400,0
'2026-08-22 08:30:42.571756200,0.081756200,1
'2026-08-22 08:30:42.571771000,0.081771000,0
'2026-08-22 08:30:42.571782300,0.081782300,1
'2026-08-22 08:30:42.571797200,0.081797200,0
'2026-08-22 08:30:42.571797400,0.081797400,1
'2026-08-22 08:30:42.571797500,0.081797500,0
'2026-08-22 08:30:42.571798100,0.081798100,1
'2026-08-22 08:30:42.571798200,0.081798200,0
'2026-08-22 08:30:42.571808500,0.081808500,1
'2026-08-22 08:30:42.571823300,0.081823300,0
'2026-08-22 08:30:42.571823800,0.081823800,1
'2026-08-22 08:30:42.571823900,0.081823900,0
'2026-08-22 08:30:42.571834600,0.081834600,1
'2026-08-22 08:30:42.571849400,0.081849400,0
'2026-08-22 08:30:42.571849500,0.081849500,1
'2026-08-22 08:30:42.571849600,0.081849600,0
'2026-08-22 08:30:42.571855400,0.081855400,1
'2026-08-22 08:30:42.571855500,0.081855500,0
'2026-08-22 08:30:42.571859000,0.081859000,1
'2026-08-22 08:30:42.571859100,0.081859100,0
'2026-08-22 08:30:42.571860700,0.081860700,1
'2026-08-22 08:30:42.571875800,0.081875800,0
'2026-08-22 08:30:42.571875900,0.081875900,1
'2026-08-22 08:30:42.571876000,0.081876000,0
'2026-08-22 08:30:42.571878700,0.081878700,1
'2026-08-22 08:30:42.571878800,0.081878800,0
'2026-08-22 08:30:42.571886800,0.081886800,1
'2026-08-22 08:30:42.571901600,0.081901600,0
'2026-08-22 08:30:42.571912900,0.081912900,1
'2026-08-22 08:30:42.571927900,0.081927900,0
'2026-08-22 08:30:42.571928300,0.081928300,1
'2026-08-22 08:30:42.571928400,0.081928400,0
'2026-08-22 08:30:42.571929000,0.081929000,1
'2026-08-22 08:30:42.571929100,0.081929100,0
'2026-08-22 08:30:42.571929900,0.081929900,1
'2026-08-22 08:30:42.571930000,0.081930000,0
'2026-08-22 08:30:42.571939000,0.081939000,1
'2026-08-22 08:30:42.571953700,0.081953700,0
'2026-08-22 08:30:42.571954100,0.081954100,1
'2026-08-22 08:30:42.571954200,0.081954200,0
'2026-08-22 08:30:42.571965100,0.081965100,1
'2026-08-22 08:30:42.571980000,0.081980000,0
'2026-08-22 08:30:42.571980300,0.081980300,1
'2026-08-22 08:30:42.571980400,0.081980400,0
'2026-08-22 08:30:42.571980900,0.081980900,1
'2026-08-22 08:30:42.571981000,0.081981000,0
'2026-08-22 08:30:42.571991200,0.081991200,1
'2026-08-22 08:30:42.572006100,0.082006100,0
'2026-08-22 08:30:42.572017300,0.082017300,1
'2026-08-22 08:30:42.572032400,0.082032400,0
'2026-08-22 08:30:42.572032900,0.082032900,1
'2026-08-22 08:30:42.572033000,0.082033000,0
'2026-08-22 08:30:42.572043400,0.082043400,1
'2026-08-22 08:30:42.572058300,0.082058300,0
'2026-08-22 08:30:42.572060100,0.082060100,1
'2026-08-22 08:30:42.572060200,0.082060200,0
'2026-08-22 08:30:42.572069500,0.082069500,1
'2026-08-22 08:30:42.572084400,0.082084400,0
'2026-08-22 08:30:42.572084900,0.082084900,1
'2026-08-22 08:30:42.572085000,0.082085000,0
'2026-08-22 08:30:42.572085500,0.082085500,1
'2026-08-22 08:30:42.572085600,0.082085600,0
'2026-08-22 08:30:42.572095600,0.082095600,1
'2026-08-22 08:30:42.572110700,0.082110700,0
'2026-08-22 08:30:42.572121700,0.082121700,1
'2026-08-22 08:30:42.572136800,0.082136800,0
'2026-08-22 08:30:42.572139500,0.082139500,1
'2026-08-22 08:30:42.572139600,0.082139600,0
'2026-08-22 08:30:42.572140300,0.082140300,1
'2026-08-22 08:30:42.572140400,0.082140400,0
'2026-08-22 08:30:42.572147800,0.082147800,1
'2026-08-22 08:30:42.572580200,0.082580200,0
'2026-08-22 08:30:42.572591400,0.082591400,1
'2026-08-22 08:30:42.572606200,0.082606200,0
'2026-08-22 08:30:42.572617500,0.082617500,1
'2026-08-22 08:30:42.572632300,0.082632300,0
'2026-08-22 08:30:42.572632500,0.082632500,1
'2026-08-22 08:30:42.572632700,0.082632700,0
'2026-08-22 08:30:42.572643700,0.082643700,1
'2026-08-22 08:30:42.572658400,0.082658400,0
'2026-08-22 08:30:42.572658900,0.082658900,1
'2026-08-22 08:30:42.572659000,0.082659000,0
'2026-08-22 08:30:42.572669800,0.082669800,1
'2026-08-22 08:30:42.572684700,0.082684700,0
'2026-08-22 08:30:42.572695900,0.082695900,1
'2026-08-22 08:30:42.572711000,0.082711000,0
'2026-08-22 08:30:42.572711300,0.082711300,1
'2026-08-22 08:30:42.572711400,0.082711400,0
'2026-08-22 08:30:42.572722000,0.082722000,1
'2026-08-22 08:30:42.572736900,0.082736900,0
'2026-08-22 08:30:42.572737100,0.082737100,1
'2026-08-22 08:30:42.572737200,0.082737200,0
'2026-08-22 08:30:42.572748100,0.082748100,1
'2026-08-22 08:30:42.572763000,0.082763000,0
'2026-08-22 08:30:42.572769900,0.082769900,1
'2026-08-22 08:30:42.572770000,0.082770000,0
'2026-08-22 08:30:42.572774200,0.082774200,1
'2026-08-22 08:30:42.572789200,0.082789200,0
'2026-08-22 08:30:42.572789700,0.082789700,1
'2026-08-22 08:30:42.572789800,0.082789800,0
'2026-08-22 08:30:42.572800300,0.082800300,1
'2026-08-22 08:30:42.572815100,0.082815100,0
'2026-08-22 08:30:42.572815900,0.082815900,1
'2026-08-22 08:30:42.572816000,0.082816000,0
'2026-08-22 08:30:42.572826400,0.082826400,1
'2026-08-22 08:30:42.572841400,0.082841400,0
'2026-08-22 08:30:42.572841600,0.082841600,1
'2026-08-22 08:30:42.572841700,0.082841700,0
'2026-08-22 08:30:42.572842200,0.082842200,1
'2026-08-22 08:30:42.572842300,0.082842300,0
'2026-08-22 08:30:42.572852500,0.082852500,1
'2026-08-22 08:30:42.572867500,0.082867500,0
'2026-08-22 08:30:42.572870300,0.082870300,1
'2026-08-22 08:30:42.572870400,0.082870400,0
'2026-08-22 08:30:42.572878600,0.082878600,1
'2026-08-22 08:30:42.572893400,0.082893400,0
'2026-08-22 08:30:42.572893500,0.082893500,1
'2026-08-22 08:30:42.572893700,0.082893700,0
'2026-08-22 08:30:42.572894300,0.082894300,1
'2026-08-22 08:30:42.572894400,0.082894400,0
'2026-08-22 08:30:42.572904700,0.082904700,1
'2026-08-22 08:30:42.572919500,0.082919500,0
'2026-08-22 08:30:42.572919900,0.082919900,1
'2026-08-22 08:30:42.572920000,0.082920000,0
'2026-08-22 08:30:42.572924600,0.082924600,1
'2026-08-22 08:30:42.572924700,0.082924700,0
'2026-08-22 08:30:42.572925700,0.082925700,1
'2026-08-22 08:30:42.572925800,0.082925800,0
'2026-08-22 08:30:42.572930800,0.082930800,1
'2026-08-22 08:30:42.572945800,0.082945800,0
'2026-08-22 08:30:42.572956900,0.082956900,1
'2026-08-22 08:30:42.572972200,0.082972200,0
'2026-08-22 08:30:42.572972700,0.082972700,1
'2026-08-22 08:30:42.572972800,0.082972800,0
'2026-08-22 08:30:42.572975000,0.082975000,1
'2026-08-22 08:30:42.573389600,0.083389600,0
'2026-08-22 08:30:42.573390400,0.083390400,1
'2026-08-22 08:30:42.573390700,0.083390700,0
'2026-08-22 08:30:42.573396000,0.083396000,1
'2026-08-22 08:30:42.573396100,0.083396100,0
'2026-08-22 08:30:42.573400600,0.083400600,1
'2026-08-22 08:30:42.573415400,0.083415400,0
'2026-08-22 08:30:42.573415500,0.083415500,1
'2026-08-22 08:30:42.573415800,0.083415800,0
'2026-08-22 08:30:42.573426700,0.083426700,1
'2026-08-22 08:30:42.573441500,0.083441500,0
'2026-08-22 08:30:42.573446200,0.083446200,1
'2026-08-22 08:30:42.573446300,0.083446300,0
'2026-08-22 08:30:42.573449000,0.083449000,1
'2026-08-22 08:30:42.573449100,0.083449100,0
'2026-08-22 08:30:42.573452800,0.083452800,1
'2026-08-22 08:30:42.573467500,0.083467500,0
'2026-08-22 08:30:42.573467600,0.083467600,1
'2026-08-22 08:30:42.573467800,0.083467800,0
'2026-08-22 08:30:42.573468500,0.083468500,1
'2026-08-22 08:30:42.573468600,0.083468600,0
'2026-08-22 08:30:42.573471300,0.083471300,1
'2026-08-22 08:30:42.573471400,0.083471400,0
'2026-08-22 08:30:42.573478900,0.083478900,1
'2026-08-22 08:30:42.573493800,0.083493800,0
'2026-08-22 08:30:42.573496500,0.083496500,1
'2026-08-22 08:30:42.573496600,0.083496600,0
'2026-08-22 08:30:42.573499200,0.083499200,1
'2026-08-22 08:30:42.573499300,0.083499300,0
'2026-08-22 08:30:42.573505000,0.083505000,1
'2026-08-22 08:30:42.573519800,0.083519800,0
'2026-08-22 08:30:42.573519900,0.083519900,1
'2026-08-22 08:30:42.573520000,0.083520000,0
'2026-08-22 08:30:42.573521500,0.083521500,1
'2026-08-22 08:30:42.573521600,0.083521600,0
'2026-08-22 08:30:42.573531100,0.083531100,1
'2026-08-22 08:30:42.573545700,0.083545700,0
'2026-08-22 08:30:42.573545900,0.083545900,1
'2026-08-22 08:30:42.573546100,0.083546100,0
'2026-08-22 08:30:42.573546600,0.083546600,1
'2026-08-22 08:30:42.573546700,0.083546700,0
'2026-08-22 08:30:42.573549400,0.083549400,1
'2026-08-22 08:30:42.573549600,0.083549600,0
'2026-08-22 08:30:42.573555500,0.083555500,1
'2026-08-22 08:30:42.573555600,0.083555600,0
'2026-08-22 08:30:42.573557200,0.083557200,1
'2026-08-22 08:30:42.573572300,0.083572300,0
'2026-08-22 08:30:42.573572800,0.083572800,1
'2026-08-22 08:30:42.573572900,0.083572900,0
'2026-08-22 08:30:42.573582800,0.083582800,1
'2026-08-22 08:30:42.573582900,0.083582900,0
'2026-08-22 08:30:42.573583300,0.083583300,1
'2026-08-22 08:30:42.573598200,0.083598200,0
'2026-08-22 08:30:42.573599100,0.083599100,1
'2026-08-22 08:30:42.573599200,0.083599200,0
'2026-08-22 08:30:42.573599700,0.083599700,1
'2026-08-22 08:30:42.573599800,0.083599800,0
'2026-08-22 08:30:42.573607900,0.083607900,1
'2026-08-22 08:30:42.573608000,0.083608000,0
'2026-08-22 08:30:42.573609400,0.083609400,1
'2026-08-22 08:30:42.573624300,0.083624300,0
'2026-08-22 08:30:42.573624700,0.083624700,1
'2026-08-22 08:30:42.573624900,0.083624900,0
'2026-08-22 08:30:42.573625900,0.083625900,1
'2026-08-22 08:30:42.573626000,0.083626000,0
'2026-08-22 08:30:42.573635500,0.083635500,1
'2026-08-22 08:30:42.573650400,0.083650400,0
'2026-08-22 08:30:42.573650600,0.083650600,1
'2026-08-22 08:30:42.573650700,0.083650700,0
'2026-08-22 08:30:42.573654700,0.083654700,1
'2026-08-22 08:30:42.573654800,0.083654800,0
'2026-08-22 08:30:42.573658200,0.083658200,1
'2026-08-22 08:30:42.573658300,0.083658300,0
'2026-08-22 08:30:42.573661600,0.083661600,1
'2026-08-22 08:30:42.573676300,0.083676300,0
'2026-08-22 08:30:42.573677700,0.083677700,1
'2026-08-22 08:30:42.573677800,0.083677800,0
'2026-08-22 08:30:42.573678500,0.083678500,1
'2026-08-22 08:30:42.573678600,0.083678600,0
'2026-08-22 08:30:42.573680500,0.083680500,1
'2026-08-22 08:30:42.573680600,0.083680600,0
'2026-08-22 08:30:42.573686100,0.083686100,1
'2026-08-22 08:30:42.573686200,0.083686200,0
'2026-08-22 08:30:42.573687700,0.083687700,1
'2026-08-22 08:30:42.573702700,0.083702700,0
'2026-08-22 08:30:42.573702800,0.083702800,1
'2026-08-22 08:30:42.573702900,0.083702900,0
'2026-08-22 08:30:42.573703100,0.083703100,1
'2026-08-22 08:30:42.573703200,0.083703200,0
'2026-08-22 08:30:42.573705600,0.083705600,1
'2026-08-22 08:30:42.573705700,0.083705700,0
'2026-08-22 08:30:42.573711100,0.083711100,1
'2026-08-22 08:30:42.573711200,0.083711200,0
'2026-08-22 08:30:42.573713800,0.083713800,1
'2026-08-22 08:30:42.573728900,0.083728900,0
'2026-08-22 08:30:42.573729900,0.083729900,1
'2026-08-22 08:30:42.573730000,0.083730000,0
'2026-08-22 08:30:42.573733400,0.083733400,1
'2026-08-22 08:30:42.573733600,0.083733600,0
'2026-08-22 08:30:42.573739000,0.083739000,1
'2026-08-22 08:30:42.573739100,0.083739100,0
'2026-08-22 08:30:42.573739900,0.083739900,1
'2026-08-22 08:30:42.573754600,0.083754600,0
'2026-08-22 08:30:42.573755100,0.083755100,1
'2026-08-22 08:30:42.573755200,0.083755200,0
'2026-08-22 08:30:42.573755600,0.083755600,1
'2026-08-22 08:30:42.573755700,0.083755700,0
'2026-08-22 08:30:42.573755800,0.083755800,1
'2026-08-22 08:30:42.573755900,0.083755900,0
'2026-08-22 08:30:42.573756200,0.083756200,1
'2026-08-22 08:30:42.573756300,0.083756300,0
'2026-08-22 08:30:42.573758500,0.083758500,1
'2026-08-22 08:30:42.573758700,0.083758700,0
'2026-08-22 08:30:42.573761300,0.083761300,1
'2026-08-22 08:30:42.573761400,0.083761400,0
'2026-08-22 08:30:42.573764100,0.083764100,1
'2026-08-22 08:30:42.573764200,0.083764200,0
'2026-08-22 08:30:42.573766000,0.083766000,1
'2026-08-22 08:30:42.573781200,0.083781200,0
'2026-08-22 08:30:42.573781300,0.083781300,1
'2026-08-22 08:30:42.573781400,0.083781400,0
'2026-08-22 08:30:42.573783600,0.083783600,1
'2026-08-22 08:30:42.573783800,0.083783800,0
'2026-08-22 08:30:42.573792000,0.083792000,1
'2026-08-22 08:30:42.574224400,0.084224400,0
'2026-08-22 08:30:42.574224500,0.084224500,1
'2026-08-22 08:30:42.574224700,0.084224700,0
'2026-08-22 08:30:42.574225200,0.084225200,1
'2026-08-22 08:30:42.574225300,0.084225300,0
'2026-08-22 08:30:42.574228300,0.084228300,1
'2026-08-22 08:30:42.574228400,0.084228400,0
'2026-08-22 08:30:42.574235700,0.084235700,1
'2026-08-22 08:30:42.574250800,0.084250800,0
'2026-08-22 08:30:42.574261900,0.084261900,1
'2026-08-22 08:30:42.574276700,0.084276700,0
'2026-08-22 08:30:42.574277300,0.084277300,1
'2026-08-22 08:30:42.574277400,0.084277400,0
'2026-08-22 08:30:42.574280100,0.084280100,1
'2026-08-22 08:30:42.574280200,0.084280200,0
'2026-08-22 08:30:42.574288000,0.084288000,1
'2026-08-22 08:30:42.574303000,0.084303000,0
'2026-08-22 08:30:42.574314100,0.084314100,1
'2026-08-22 08:30:42.574328900,0.084328900,0
'2026-08-22 08:30:42.574330300,0.084330300,1
'2026-08-22 08:30:42.574330400,0.084330400,0
'2026-08-22 08:30:42.574333100,0.084333100,1
'2026-08-22 08:30:42.574333300,0.084333300,0
'2026-08-22 08:30:42.574338600,0.084338600,1
'2026-08-22 08:30:42.574338700,0.084338700,0
'2026-08-22 08:30:42.574339000,0.084339000,1
'2026-08-22 08:30:42.574339100,0.084339100,0
'2026-08-22 08:30:42.574340200,0.084340200,1
'2026-08-22 08:30:42.574355200,0.084355200,0
'2026-08-22 08:30:42.574355400,0.084355400,1
'2026-08-22 08:30:42.574355500,0.084355500,0
'2026-08-22 08:30:42.574363700,0.084363700,1
'2026-08-22 08:30:42.574363800,0.084363800,0
'2026-08-22 08:30:42.574366300,0.084366300,1
'2026-08-22 08:30:42.574381200,0.084381200,0
'2026-08-22 08:30:42.574381600,0.084381600,1
'2026-08-22 08:30:42.574381800,0.084381800,0
'2026-08-22 08:30:42.574383300,0.084383300,1
'2026-08-22 08:30:42.574383400,0.084383400,0
'2026-08-22 08:30:42.574391600,0.084391600,1
'2026-08-22 08:30:42.574391700,0.084391700,0
'2026-08-22 08:30:42.574392400,0.084392400,1
'2026-08-22 08:30:42.574407000,0.084407000,0
'2026-08-22 08:30:42.574411100,0.084411100,1
'2026-08-22 08:30:42.574411200,0.084411200,0
'2026-08-22 08:30:42.574413900,0.084413900,1
'2026-08-22 08:30:42.574414000,0.084414000,0
'2026-08-22 08:30:42.574416700,0.084416700,1
'2026-08-22 08:30:42.574416800,0.084416800,0
'2026-08-22 08:30:42.574418500,0.084418500,1
'2026-08-22 08:30:42.574433800,0.084433800,0
'2026-08-22 08:30:42.574441800,0.084441800,1
'2026-08-22 08:30:42.574441900,0.084441900,0
'2026-08-22 08:30:42.574444600,0.084444600,1
'2026-08-22 08:30:42.574459600,0.084459600,0
'2026-08-22 08:30:42.574460500,0.084460500,1
'2026-08-22 08:30:42.574460600,0.084460600,0
'2026-08-22 08:30:42.574461300,0.084461300,1
'2026-08-22 08:30:42.574461500,0.084461500,0
'2026-08-22 08:30:42.574461600,0.084461600,1
'2026-08-22 08:30:42.574461700,0.084461700,0
'2026-08-22 08:30:42.574464100,0.084464100,1
'2026-08-22 08:30:42.574464200,0.084464200,0
'2026-08-22 08:30:42.574466900,0.084466900,1
'2026-08-22 08:30:42.574467000,0.084467000,0
'2026-08-22 08:30:42.574470700,0.084470700,1
'2026-08-22 08:30:42.574485500,0.084485500,0
'2026-08-22 08:30:42.574485600,0.084485600,1
'2026-08-22 08:30:42.574485700,0.084485700,0
'2026-08-22 08:30:42.574486400,0.084486400,1
'2026-08-22 08:30:42.574486500,0.084486500,0
'2026-08-22 08:30:42.574489200,0.084489200,1
'2026-08-22 08:30:42.574489300,0.084489300,0
'2026-08-22 08:30:42.574489700,0.084489700,1
'2026-08-22 08:30:42.574489800,0.084489800,0
'2026-08-22 08:30:42.574492000,0.084492000,1
'2026-08-22 08:30:42.574492200,0.084492200,0
'2026-08-22 08:30:42.574494800,0.084494800,1
'2026-08-22 08:30:42.574494900,0.084494900,0
'2026-08-22 08:30:42.574496800,0.084496800,1
'2026-08-22 08:30:42.574512000,0.084512000,0
'2026-08-22 08:30:42.574514300,0.084514300,1
'2026-08-22 08:30:42.574514400,0.084514400,0
'2026-08-22 08:30:42.574517100,0.084517100,1
'2026-08-22 08:30:42.574517200,0.084517200,0
'2026-08-22 08:30:42.574519900,0.084519900,1
'2026-08-22 08:30:42.574520000,0.084520000,0
'2026-08-22 08:30:42.574522900,0.084522900,1
'2026-08-22 08:30:42.574537700,0.084537700,0
'2026-08-22 08:30:42.574539400,0.084539400,1
'2026-08-22 08:30:42.574539600,0.084539600,0
'2026-08-22 08:30:42.574542200,0.084542200,1
'2026-08-22 08:30:42.574542400,0.084542400,0
'2026-08-22 08:30:42.574549000,0.084549000,1
'2026-08-22 08:30:42.574564200,0.084564200,0
'2026-08-22 08:30:42.574567300,0.084567300,1
'2026-08-22 08:30:42.574567400,0.084567400,0
'2026-08-22 08:30:42.574573100,0.084573100,1
'2026-08-22 08:30:42.574573200,0.084573200,0
'2026-08-22 08:30:42.574575100,0.084575100,1
'2026-08-22 08:30:42.574590200,0.084590200,0
'2026-08-22 08:30:42.574591200,0.084591200,1
'2026-08-22 08:30:42.574591400,0.084591400,0
'2026-08-22 08:30:42.574592400,0.084592400,1
'2026-08-22 08:30:42.574592500,0.084592500,0
'2026-08-22 08:30:42.574601200,0.084601200,1
'2026-08-22 08:30:42.574616100,0.084616100,0
'2026-08-22 08:30:42.574617500,0.084617500,1
'2026-08-22 08:30:42.574617600,0.084617600,0
'2026-08-22 08:30:42.574620400,0.084620400,1
'2026-08-22 08:30:42.574620600,0.084620600,0
'2026-08-22 08:30:42.574621600,0.084621600,1
'2026-08-22 08:30:42.574621700,0.084621700,0
'2026-08-22 08:30:42.574622800,0.084622800,1
'2026-08-22 08:30:42.574622900,0.084622900,0
'2026-08-22 08:30:42.574623100,0.084623100,1
'2026-08-22 08:30:42.575037700,0.085037700,0
'2026-08-22 08:30:42.575044900,0.085044900,1
'2026-08-22 08:30:42.575059500,0.085059500,0
'2026-08-22 08:30:42.575071000,0.085071000,1
'2026-08-22 08:30:42.575086200,0.085086200,0
'2026-08-22 08:30:42.575086400,0.085086400,1
'2026-08-22 08:30:42.575086500,0.085086500,0
'2026-08-22 08:30:42.575097100,0.085097100,1
'2026-08-22 08:30:42.575111800,0.085111800,0
'2026-08-22 08:30:42.575112100,0.085112100,1
'2026-08-22 08:30:42.575112200,0.085112200,0
'2026-08-22 08:30:42.575113300,0.085113300,1
'2026-08-22 08:30:42.575113400,0.085113400,0
'2026-08-22 08:30:42.575113900,0.085113900,1
'2026-08-22 08:30:42.575114000,0.085114000,0
'2026-08-22 08:30:42.575114500,0.085114500,1
'2026-08-22 08:30:42.575114600,0.085114600,0
'2026-08-22 08:30:42.575123200,0.085123200,1
'2026-08-22 08:30:42.575138000,0.085138000,0
'2026-08-22 08:30:42.575139000,0.085139000,1
'2026-08-22 08:30:42.575139100,0.085139100,0
'2026-08-22 08:30:42.575149300,0.085149300,1
'2026-08-22 08:30:42.575164400,0.085164400,0
'2026-08-22 08:30:42.575164500,0.085164500,1
'2026-08-22 08:30:42.575164600,0.085164600,0
'2026-08-22 08:30:42.575164700,0.085164700,1
'2026-08-22 08:30:42.575164800,0.085164800,0
'2026-08-22 08:30:42.575175400,0.085175400,1
'2026-08-22 08:30:42.575190100,0.085190100,0
'2026-08-22 08:30:42.575192100,0.085192100,1
'2026-08-22 08:30:42.575192200,0.085192200,0
'2026-08-22 08:30:42.575201500,0.085201500,1
'2026-08-22 08:30:42.575216800,0.085216800,0
'2026-08-22 08:30:42.575227600,0.085227600,1
'2026-08-22 08:30:42.575242200,0.085242200,0
'2026-08-22 08:30:42.575242300,0.085242300,1
'2026-08-22 08:30:42.575242500,0.085242500,0
'2026-08-22 08:30:42.575242900,0.085242900,1
'2026-08-22 08:30:42.575243000,0.085243000,0
'2026-08-22 08:30:42.575246400,0.085246400,1
'2026-08-22 08:30:42.575246600,0.085246600,0
'2026-08-22 08:30:42.575253700,0.085253700,1
'2026-08-22 08:30:42.575269000,0.085269000,0
'2026-08-22 08:30:42.575269100,0.085269100,1
'2026-08-22 08:30:42.575269300,0.085269300,0
'2026-08-22 08:30:42.575279800,0.085279800,1
'2026-08-22 08:30:42.575294600,0.085294600,0
'2026-08-22 08:30:42.575294900,0.085294900,1
'2026-08-22 08:30:42.575295000,0.085295000,0
'2026-08-22 08:30:42.575295500,0.085295500,1
'2026-08-22 08:30:42.575295600,0.085295600,0
'2026-08-22 08:30:42.575296500,0.085296500,1
'2026-08-22 08:30:42.575296600,0.085296600,0
'2026-08-22 08:30:42.575296700,0.085296700,1
'2026-08-22 08:30:42.575296800,0.085296800,0
'2026-08-22 08:30:42.575305900,0.085305900,1
'2026-08-22 08:30:42.575320800,0.085320800,0
'2026-08-22 08:30:42.575321800,0.085321800,1
'2026-08-22 08:30:42.575321900,0.085321900,0
'2026-08-22 08:30:42.575327000,0.085327000,1
'2026-08-22 08:30:42.575327100,0.085327100,0
'2026-08-22 08:30:42.575332000,0.085332000,1
'2026-08-22 08:30:42.575347300,0.085347300,0
'2026-08-22 08:30:42.575354500,0.085354500,1
'2026-08-22 08:30:42.575354600,0.085354600,0
'2026-08-22 08:30:42.575354700,0.085354700,1
'2026-08-22 08:30:42.575354800,0.085354800,0
'2026-08-22 08:30:42.575358100,0.085358100,1
'2026-08-22 08:30:42.575373300,0.085373300,0
'2026-08-22 08:30:42.575374300,0.085374300,1
'2026-08-22 08:30:42.575374500,0.085374500,0
'2026-08-22 08:30:42.575374900,0.085374900,1
'2026-08-22 08:30:42.575375000,0.085375000,0
'2026-08-22 08:30:42.575375500,0.085375500,1
'2026-08-22 08:30:42.575375600,0.085375600,0
'2026-08-22 08:30:42.575376700,0.085376700,1
'2026-08-22 08:30:42.575376800,0.085376800,0
'2026-08-22 08:30:42.575384200,0.085384200,1
'2026-08-22 08:30:42.575399300,0.085399300,0
'2026-08-22 08:30:42.575399500,0.085399500,1
'2026-08-22 08:30:42.575399600,0.085399600,0
'2026-08-22 08:30:42.575405900,0.085405900,1
'2026-08-22 08:30:42.575406000,0.085406000,0
'2026-08-22 08:30:42.575408200,0.085408200,1
'2026-08-22 08:30:42.575408300,0.085408300,0
'2026-08-22 08:30:42.575410300,0.085410300,1
'2026-08-22 08:30:42.575425400,0.085425400,0
'2026-08-22 08:30:42.575425700,0.085425700,1
'2026-08-22 08:30:42.575425900,0.085425900,0
'2026-08-22 08:30:42.575426200,0.085426200,1
'2026-08-22 08:30:42.575426400,0.085426400,0
'2026-08-22 08:30:42.575436200,0.085436200,1
'2026-08-22 08:30:42.575436300,0.085436300,0
'2026-08-22 08:30:42.575436500,0.085436500,1
'2026-08-22 08:30:42.575869000,0.085869000,0
'2026-08-22 08:30:42.575869400,0.085869400,1
'2026-08-22 08:30:42.575869600,0.085869600,0
'2026-08-22 08:30:42.575880100,0.085880100,1
'2026-08-22 08:30:42.575894800,0.085894800,0
'2026-08-22 08:30:42.575895100,0.085895100,1
'2026-08-22 08:30:42.575895200,0.085895200,0
'2026-08-22 08:30:42.575896900,0.085896900,1
'2026-08-22 08:30:42.575897000,0.085897000,0
'2026-08-22 08:30:42.575906200,0.085906200,1
'2026-08-22 08:30:42.575921000,0.085921000,0
'2026-08-22 08:30:42.575921200,0.085921200,1
'2026-08-22 08:30:42.575921300,0.085921300,0
'2026-08-22 08:30:42.575932300,0.085932300,1
'2026-08-22 08:30:42.575947200,0.085947200,0
'2026-08-22 08:30:42.575947600,0.085947600,1
'2026-08-22 08:30:42.575947700,0.085947700,0
'2026-08-22 08:30:42.575953800,0.085953800,1
'2026-08-22 08:30:42.575953900,0.085953900,0
'2026-08-22 08:30:42.575958400,0.085958400,1
'2026-08-22 08:30:42.575973200,0.085973200,0
'2026-08-22 08:30:42.575984500,0.085984500,1
'2026-08-22 08:30:42.575999800,0.085999800,0
'2026-08-22 08:30:42.575999900,0.085999900,1
'2026-08-22 08:30:42.576000000,0.086000000,0
'2026-08-22 08:30:42.576000200,0.086000200,1
'2026-08-22 08:30:42.576000300,0.086000300,0
'2026-08-22 08:30:42.576010600,0.086010600,1
'2026-08-22 08:30:42.576025400,0.086025400,0
'2026-08-22 08:30:42.576027300,0.086027300,1
'2026-08-22 08:30:42.576027400,0.086027400,0
'2026-08-22 08:30:42.576027600,0.086027600,1
'2026-08-22 08:30:42.576027700,0.086027700,0
'2026-08-22 08:30:42.576036700,0.086036700,1
'2026-08-22 08:30:42.576051700,0.086051700,0
'2026-08-22 08:30:42.576062800,0.086062800,1
'2026-08-22 08:30:42.576077600,0.086077600,0
'2026-08-22 08:30:42.576077900,0.086077900,1
'2026-08-22 08:30:42.576078000,0.086078000,0
'2026-08-22 08:30:42.576078400,0.086078400,1
'2026-08-22 08:30:42.576078600,0.086078600,0
'2026-08-22 08:30:42.576081900,0.086081900,1
'2026-08-22 08:30:42.576082000,0.086082000,0
'2026-08-22 08:30:42.576088900,0.086088900,1
'2026-08-22 08:30:42.576103800,0.086103800,0
'2026-08-22 08:30:42.576104000,0.086104000,1
'2026-08-22 08:30:42.576104100,0.086104100,0
'2026-08-22 08:30:42.576115000,0.086115000,1
'2026-08-22 08:30:42.576130200,0.086130200,0
'2026-08-22 08:30:42.576130300,0.086130300,1
'2026-08-22 08:30:42.576130500,0.086130500,0
'2026-08-22 08:30:42.576141100,0.086141100,1
'2026-08-22 08:30:42.576156000,0.086156000,0
'2026-08-22 08:30:42.576156100,0.086156100,1
'2026-08-22 08:30:42.576156200,0.086156200,0
'2026-08-22 08:30:42.576156700,0.086156700,1
'2026-08-22 08:30:42.576156800,0.086156800,0
'2026-08-22 08:30:42.576167200,0.086167200,1
'2026-08-22 08:30:42.576182300,0.086182300,0
'2026-08-22 08:30:42.576193300,0.086193300,1
'2026-08-22 08:30:42.576208300,0.086208300,0
'2026-08-22 08:30:42.576208700,0.086208700,1
'2026-08-22 08:30:42.576208800,0.086208800,0
'2026-08-22 08:30:42.576219500,0.086219500,1
'2026-08-22 08:30:42.576234600,0.086234600,0
'2026-08-22 08:30:42.576235900,0.086235900,1
'2026-08-22 08:30:42.576236000,0.086236000,0
'2026-08-22 08:30:42.576245600,0.086245600,1
'2026-08-22 08:30:42.576260800,0.086260800,0
'2026-08-22 08:30:42.576261200,0.086261200,1
'2026-08-22 08:30:42.576261400,0.086261400,0
'2026-08-22 08:30:42.576265400,0.086265400,1
'2026-08-22 08:30:42.576265500,0.086265500,0
'2026-08-22 08:30:42.576271300,0.086271300,1
'2026-08-22 08:30:42.576685900,0.086685900,0
'2026-08-22 08:30:42.576689200,0.086689200,1
'2026-08-22 08:30:42.576704000,0.086704000,0
'2026-08-22 08:30:42.576704500,0.086704500,1
'2026-08-22 08:30:42.576704600,0.086704600,0
'2026-08-22 08:30:42.576709800,0.086709800,1
'2026-08-22 08:30:42.576709900,0.086709900,0
'2026-08-22 08:30:42.576715300,0.086715300,1
'2026-08-22 08:30:42.576730000,0.086730000,0
'2026-08-22 08:30:42.576730200,0.086730200,1
'2026-08-22 08:30:42.576730300,0.086730300,0
'2026-08-22 08:30:42.576741400,0.086741400,1
'2026-08-22 08:30:42.576756200,0.086756200,0
'2026-08-22 08:30:42.576756500,0.086756500,1
'2026-08-22 08:30:42.576756600,0.086756600,0
'2026-08-22 08:30:42.576757100,0.086757100,1
'2026-08-22 08:30:42.576757200,0.086757200,0
'2026-08-22 08:30:42.576763300,0.086763300,1
'2026-08-22 08:30:42.576763400,0.086763400,0
'2026-08-22 08:30:42.576767500,0.086767500,1
'2026-08-22 08:30:42.576782400,0.086782400,0
'2026-08-22 08:30:42.576793600,0.086793600,1
'2026-08-22 08:30:42.576808300,0.086808300,0
'2026-08-22 08:30:42.576808400,0.086808400,1
'2026-08-22 08:30:42.576808600,0.086808600,0
'2026-08-22 08:30:42.576809100,0.086809100,1
'2026-08-22 08:30:42.576809200,0.086809200,0
'2026-08-22 08:30:42.576819700,0.086819700,1
'2026-08-22 08:30:42.576834500,0.086834500,0
'2026-08-22 08:30:42.576834600,0.086834600,1
'2026-08-22 08:30:42.576834800,0.086834800,0
'2026-08-22 08:30:42.576845800,0.086845800,1
'2026-08-22 08:30:42.576860800,0.086860800,0
'2026-08-22 08:30:42.576871900,0.086871900,1
'2026-08-22 08:30:42.576886900,0.086886900,0
'2026-08-22 08:30:42.576887300,0.086887300,1
'2026-08-22 08:30:42.576887400,0.086887400,0
'2026-08-22 08:30:42.576898000,0.086898000,1
'2026-08-22 08:30:42.576913100,0.086913100,0
'2026-08-22 08:30:42.576913300,0.086913300,1
'2026-08-22 08:30:42.576913400,0.086913400,0
'2026-08-22 08:30:42.576913500,0.086913500,1
'2026-08-22 08:30:42.576913600,0.086913600,0
'2026-08-22 08:30:42.576924100,0.086924100,1
'2026-08-22 08:30:42.576938900,0.086938900,0
'2026-08-22 08:30:42.576939100,0.086939100,1
'2026-08-22 08:30:42.576939300,0.086939300,0
'2026-08-22 08:30:42.576950300,0.086950300,1
'2026-08-22 08:30:42.576965200,0.086965200,0
'2026-08-22 08:30:42.576965300,0.086965300,1
'2026-08-22 08:30:42.576965600,0.086965600,0
'2026-08-22 08:30:42.576976300,0.086976300,1
'2026-08-22 08:30:42.576991300,0.086991300,0
'2026-08-22 08:30:42.576992600,0.086992600,1
'2026-08-22 08:30:42.576992700,0.086992700,0
'2026-08-22 08:30:42.577002400,0.087002400,1
'2026-08-22 08:30:42.577017300,0.087017300,0
'2026-08-22 08:30:42.577017500,0.087017500,1
'2026-08-22 08:30:42.577017600,0.087017600,0
'2026-08-22 08:30:42.577018100,0.087018100,1
'2026-08-22 08:30:42.577018200,0.087018200,0
'2026-08-22 08:30:42.577028600,0.087028600,1
'2026-08-22 08:30:42.577043500,0.087043500,0
'2026-08-22 08:30:42.577044300,0.087044300,1
'2026-08-22 08:30:42.577044400,0.087044400,0
'2026-08-22 08:30:42.577045900,0.087045900,1
'2026-08-22 08:30:42.577046000,0.087046000,0
'2026-08-22 08:30:42.577054700,0.087054700,1
'2026-08-22 08:30:42.577069600,0.087069600,0
'2026-08-22 08:30:42.577070000,0.087070000,1
'2026-08-22 08:30:42.577070100,0.087070100,0
'2026-08-22 08:30:42.577080800,0.087080800,1
'2026-08-22 08:30:42.577513200,0.087513200,0
'2026-08-22 08:30:42.577524400,0.087524400,1
'2026-08-22 08:30:42.577539300,0.087539300,0
'2026-08-22 08:30:42.577539400,0.087539400,1
'2026-08-22 08:30:42.577539500,0.087539500,0
'2026-08-22 08:30:42.577550500,0.087550500,1
'2026-08-22 08:30:42.577565300,0.087565300,0
'2026-08-22 08:30:42.577565700,0.087565700,1
'2026-08-22 08:30:42.577565800,0.087565800,0
'2026-08-22 08:30:42.577576600,0.087576600,1
'2026-08-22 08:30:42.577591500,0.087591500,0
'2026-08-22 08:30:42.577602700,0.087602700,1
'2026-08-22 08:30:42.577617500,0.087617500,0
'2026-08-22 08:30:42.577617700,0.087617700,1
'2026-08-22 08:30:42.577617800,0.087617800,0
'2026-08-22 08:30:42.577618300,0.087618300,1
'2026-08-22 08:30:42.577618400,0.087618400,0
'2026-08-22 08:30:42.577628800,0.087628800,1
'2026-08-22 08:30:42.577643600,0.087643600,0
'2026-08-22 08:30:42.577645200,0.087645200,1
'2026-08-22 08:30:42.577646200,0.087646200,0
'2026-08-22 08:30:42.577647500,0.087647500,1
'2026-08-22 08:30:42.577648200,0.087648200,0
'2026-08-22 08:30:42.577649700,0.087649700,1
'2026-08-22 08:30:42.577650100,0.087650100,0
'2026-08-22 08:30:42.577654900,0.087654900,1
'2026-08-22 08:30:42.577669800,0.087669800,0
'2026-08-22 08:30:42.577681000,0.087681000,1
'2026-08-22 08:30:42.577696000,0.087696000,0
'2026-08-22 08:30:42.577696500,0.087696500,1
'2026-08-22 08:30:42.577696600,0.087696600,0
'2026-08-22 08:30:42.577697300,0.087697300,1
'2026-08-22 08:30:42.577697400,0.087697400,0
'2026-08-22 08:30:42.577707100,0.087707100,1
'2026-08-22 08:30:42.577722000,0.087722000,0
'2026-08-22 08:30:42.577722100,0.087722100,1
'2026-08-22 08:30:42.577722300,0.087722300,0
'2026-08-22 08:30:42.577728000,0.087728000,1
'2026-08-22 08:30:42.577728100,0.087728100,0
'2026-08-22 08:30:42.577733200,0.087733200,1
'2026-08-22 08:30:42.577748200,0.087748200,0
'2026-08-22 08:30:42.577748500,0.087748500,1
'2026-08-22 08:30:42.577748600,0.087748600,0
'2026-08-22 08:30:42.577751800,0.087751800,1
'2026-08-22 08:30:42.577751900,0.087751900,0
'2026-08-22 08:30:42.577759300,0.087759300,1
'2026-08-22 08:30:42.577774400,0.087774400,0
'2026-08-22 08:30:42.577785500,0.087785500,1
'2026-08-22 08:30:42.577800600,0.087800600,0
'2026-08-22 08:30:42.577800900,0.087800900,1
'2026-08-22 08:30:42.577801000,0.087801000,0
'2026-08-22 08:30:42.577801100,0.087801100,1
'2026-08-22 08:30:42.577801200,0.087801200,0
'2026-08-22 08:30:42.577801600,0.087801600,1
'2026-08-22 08:30:42.577801800,0.087801800,0
'2026-08-22 08:30:42.577802300,0.087802300,1
'2026-08-22 08:30:42.577802400,0.087802400,0
'2026-08-22 08:30:42.577811600,0.087811600,1
'2026-08-22 08:30:42.577826600,0.087826600,0
'2026-08-22 08:30:42.577827400,0.087827400,1
'2026-08-22 08:30:42.577827500,0.087827500,0
'2026-08-22 08:30:42.577837700,0.087837700,1
'2026-08-22 08:30:42.577852600,0.087852600,0
'2026-08-22 08:30:42.577853100,0.087853100,1
'2026-08-22 08:30:42.577853200,0.087853200,0
'2026-08-22 08:30:42.577857700,0.087857700,1
'2026-08-22 08:30:42.577857800,0.087857800,0
'2026-08-22 08:30:42.577863800,0.087863800,1
'2026-08-22 08:30:42.577878600,0.087878600,0
'2026-08-22 08:30:42.577878700,0.087878700,1
'2026-08-22 08:30:42.577878900,0.087878900,0
'2026-08-22 08:30:42.577879300,0.087879300,1
'2026-08-22 08:30:42.577879400,0.087879400,0
'2026-08-22 08:30:42.577880500,0.087880500,1
'2026-08-22 08:30:42.577880600,0.087880600,0
'2026-08-22 08:30:42.577881700,0.087881700,1
'2026-08-22 08:30:42.577881800,0.087881800,0
'2026-08-22 08:30:42.577889900,0.087889900,1
'2026-08-22 08:30:42.577904800,0.087904800,0
'2026-08-22 08:30:42.577905000,0.087905000,1
'2026-08-22 08:30:42.577905100,0.087905100,0
'2026-08-22 08:30:42.577907000,0.087907000,1
'2026-08-22 08:30:42.577907100,0.087907100,0
'2026-08-22 08:30:42.577916000,0.087916000,1
'2026-08-22 08:30:42.578348300,0.088348300,0
'2026-08-22 08:30:42.578359600,0.088359600,1
'2026-08-22 08:30:42.578374500,0.088374500,0
'2026-08-22 08:30:42.578385700,0.088385700,1
'2026-08-22 08:30:42.578400800,0.088400800,0
'2026-08-22 08:30:42.578411800,0.088411800,1
'2026-08-22 08:30:42.578426700,0.088426700,0
'2026-08-22 08:30:42.578432200,0.088432200,1
'2026-08-22 08:30:42.578432300,0.088432300,0
'2026-08-22 08:30:42.578437900,0.088437900,1
'2026-08-22 08:30:42.578453000,0.088453000,0
'2026-08-22 08:30:42.578453200,0.088453200,1
'2026-08-22 08:30:42.578453400,0.088453400,0
'2026-08-22 08:30:42.578464000,0.088464000,1
'2026-08-22 08:30:42.578478800,0.088478800,0
'2026-08-22 08:30:42.578478900,0.088478900,1
'2026-08-22 08:30:42.578479000,0.088479000,0
'2026-08-22 08:30:42.578490200,0.088490200,1
'2026-08-22 08:30:42.578505000,0.088505000,0
'2026-08-22 08:30:42.578505100,0.088505100,1
'2026-08-22 08:30:42.578505200,0.088505200,0
'2026-08-22 08:30:42.578515700,0.088515700,1
'2026-08-22 08:30:42.578515800,0.088515800,0
'2026-08-22 08:30:42.578516300,0.088516300,1
'2026-08-22 08:30:42.578531200,0.088531200,0
'2026-08-22 08:30:42.578531500,0.088531500,1
'2026-08-22 08:30:42.578531600,0.088531600,0
'2026-08-22 08:30:42.578532100,0.088532100,1
'2026-08-22 08:30:42.578532200,0.088532200,0
'2026-08-22 08:30:42.578542400,0.088542400,1
'2026-08-22 08:30:42.578557400,0.088557400,0
'2026-08-22 08:30:42.578568500,0.088568500,1
'2026-08-22 08:30:42.578583600,0.088583600,0
'2026-08-22 08:30:42.578594600,0.088594600,1
'2026-08-22 08:30:42.578609400,0.088609400,0
'2026-08-22 08:30:42.578609600,0.088609600,1
'2026-08-22 08:30:42.578609900,0.088609900,0
'2026-08-22 08:30:42.578610400,0.088610400,1
'2026-08-22 08:30:42.578610500,0.088610500,0
'2026-08-22 08:30:42.578610900,0.088610900,1
'2026-08-22 08:30:42.578611000,0.088611000,0
'2026-08-22 08:30:42.578620700,0.088620700,1
'2026-08-22 08:30:42.578635600,0.088635600,0
'2026-08-22 08:30:42.578639900,0.088639900,1
'2026-08-22 08:30:42.578640000,0.088640000,0
'2026-08-22 08:30:42.578641300,0.088641300,1
'2026-08-22 08:30:42.578641400,0.088641400,0
'2026-08-22 08:30:42.578646800,0.088646800,1
'2026-08-22 08:30:42.578661900,0.088661900,0
'2026-08-22 08:30:42.578662900,0.088662900,1
'2026-08-22 08:30:42.578663000,0.088663000,0
'2026-08-22 08:30:42.578672900,0.088672900,1
'2026-08-22 08:30:42.578687800,0.088687800,0
'2026-08-22 08:30:42.578687900,0.088687900,1
'2026-08-22 08:30:42.578688100,0.088688100,0
'2026-08-22 08:30:42.578693200,0.088693200,1
'2026-08-22 08:30:42.578693300,0.088693300,0
'2026-08-22 08:30:42.578699000,0.088699000,1
'2026-08-22 08:30:42.578714200,0.088714200,0
'2026-08-22 08:30:42.578714300,0.088714300,1
'2026-08-22 08:30:42.578714400,0.088714400,0
'2026-08-22 08:30:42.578714900,0.088714900,1
'2026-08-22 08:30:42.578715000,0.088715000,0
'2026-08-22 08:30:42.578715500,0.088715500,1
'2026-08-22 08:30:42.578715600,0.088715600,0
'2026-08-22 08:30:42.578725100,0.088725100,1
'2026-08-22 08:30:42.578740100,0.088740100,0
'2026-08-22 08:30:42.578741200,0.088741200,1
'2026-08-22 08:30:42.578741300,0.088741300,0
'2026-08-22 08:30:42.578741800,0.088741800,1
'2026-08-22 08:30:42.578741900,0.088741900,0
'2026-08-22 08:30:42.578743600,0.088743600,1
'2026-08-22 08:30:42.579157900,0.089157900,0
'2026-08-22 08:30:42.579158300,0.089158300,1
'2026-08-22 08:30:42.579158400,0.089158400,0
'2026-08-22 08:30:42.579168800,0.089168800,1
'2026-08-22 08:30:42.579183300,0.089183300,0
'2026-08-22 08:30:42.579183400,0.089183400,1
'2026-08-22 08:30:42.579183600,0.089183600,0
'2026-08-22 08:30:42.579194900,0.089194900,1
'2026-08-22 08:30:42.579209400,0.089209400,0
'2026-08-22 08:30:42.579209500,0.089209500,1
'2026-08-22 08:30:42.579209900,0.089209900,0
'2026-08-22 08:30:42.579221000,0.089221000,1
'2026-08-22 08:30:42.579235800,0.089235800,0
'2026-08-22 08:30:42.579235900,0.089235900,1
'2026-08-22 08:30:42.579236000,0.089236000,0
'2026-08-22 08:30:42.579236500,0.089236500,1
'2026-08-22 08:30:42.579236600,0.089236600,0
'2026-08-22 08:30:42.579247100,0.089247100,1
'2026-08-22 08:30:42.579261800,0.089261800,0
'2026-08-22 08:30:42.579269200,0.089269200,1
'2026-08-22 08:30:42.579269300,0.089269300,0
'2026-08-22 08:30:42.579273200,0.089273200,1
'2026-08-22 08:30:42.579288200,0.089288200,0
'2026-08-22 08:30:42.579288400,0.089288400,1
'2026-08-22 08:30:42.579288600,0.089288600,0
'2026-08-22 08:30:42.579297400,0.089297400,1
'2026-08-22 08:30:42.579297500,0.089297500,0
'2026-08-22 08:30:42.579299300,0.089299300,1
'2026-08-22 08:30:42.579314000,0.089314000,0
'2026-08-22 08:30:42.579317100,0.089317100,1
'2026-08-22 08:30:42.579317200,0.089317200,0
'2026-08-22 08:30:42.579325400,0.089325400,1
'2026-08-22 08:30:42.579340500,0.089340500,0
'2026-08-22 08:30:42.579351500,0.089351500,1
'2026-08-22 08:30:42.579366300,0.089366300,0
'2026-08-22 08:30:42.579366500,0.089366500,1
'2026-08-22 08:30:42.579366600,0.089366600,0
'2026-08-22 08:30:42.579366700,0.089366700,1
'2026-08-22 08:30:42.579366800,0.089366800,0
'2026-08-22 08:30:42.579367300,0.089367300,1
'2026-08-22 08:30:42.579367400,0.089367400,0
'2026-08-22 08:30:42.579367900,0.089367900,1
'2026-08-22 08:30:42.579368000,0.089368000,0
'2026-08-22 08:30:42.579369100,0.089369100,1
'2026-08-22 08:30:42.579369200,0.089369200,0
'2026-08-22 08:30:42.579377600,0.089377600,1
'2026-08-22 08:30:42.579392600,0.089392600,0
'2026-08-22 08:30:42.579393000,0.089393000,1
'2026-08-22 08:30:42.579393100,0.089393100,0
'2026-08-22 08:30:42.579403700,0.089403700,1
'2026-08-22 08:30:42.579418800,0.089418800,0
'2026-08-22 08:30:42.579428000,0.089428000,1
'2026-08-22 08:30:42.579428100,0.089428100,0
'2026-08-22 08:30:42.579429800,0.089429800,1
'2026-08-22 08:30:42.579444600,0.089444600,0
'2026-08-22 08:30:42.579455900,0.089455900,1
'2026-08-22 08:30:42.579471200,0.089471200,0
'2026-08-22 08:30:42.579471300,0.089471300,1
'2026-08-22 08:30:42.579471400,0.089471400,0
'2026-08-22 08:30:42.579482000,0.089482000,1
'2026-08-22 08:30:42.579497100,0.089497100,0
'2026-08-22 08:30:42.579498100,0.089498100,1
'2026-08-22 08:30:42.579498200,0.089498200,0
'2026-08-22 08:30:42.579499300,0.089499300,1
'2026-08-22 08:30:42.579499400,0.089499400,0
'2026-08-22 08:30:42.579508100,0.089508100,1
'2026-08-22 08:30:42.579523100,0.089523100,0
'2026-08-22 08:30:42.579523200,0.089523200,1
'2026-08-22 08:30:42.579523400,0.089523400,0
'2026-08-22 08:30:42.579523800,0.089523800,1
'2026-08-22 08:30:42.579523900,0.089523900,0
'2026-08-22 08:30:42.579534300,0.089534300,1
'2026-08-22 08:30:42.579549200,0.089549200,0
'2026-08-22 08:30:42.579549300,0.089549300,1
'2026-08-22 08:30:42.579549400,0.089549400,0
'2026-08-22 08:30:42.579549500,0.089549500,1
'2026-08-22 08:30:42.579549600,0.089549600,0
'2026-08-22 08:30:42.579550100,0.089550100,1
'2026-08-22 08:30:42.579550200,0.089550200,0
'2026-08-22 08:30:42.579550700,0.089550700,1
'2026-08-22 08:30:42.579550800,0.089550800,0
'2026-08-22 08:30:42.579551300,0.089551300,1
'2026-08-22 08:30:42.579551400,0.089551400,0
'2026-08-22 08:30:42.579560400,0.089560400,1
'2026-08-22 08:30:42.580775600,0.090775600,0
'2026-08-22 08:30:42.580775800,0.090775800,1
'2026-08-22 08:30:42.580776000,0.090776000,0
'2026-08-22 08:30:42.580776400,0.090776400,1
'2026-08-22 08:30:42.580776500,0.090776500,0
'2026-08-22 08:30:42.580786900,0.090786900,1
'2026-08-22 08:30:42.580801600,0.090801600,0
'2026-08-22 08:30:42.580813000,0.090813000,1
'2026-08-22 08:30:42.580827800,0.090827800,0
'2026-08-22 08:30:42.580827900,0.090827900,1
'2026-08-22 08:30:42.580828000,0.090828000,0
'2026-08-22 08:30:42.580828300,0.090828300,1
'2026-08-22 08:30:42.580828400,0.090828400,0
'2026-08-22 08:30:42.580837200,0.090837200,1
'2026-08-22 08:30:42.580837300,0.090837300,0
'2026-08-22 08:30:42.580839100,0.090839100,1
'2026-08-22 08:30:42.580854000,0.090854000,0
'2026-08-22 08:30:42.580865200,0.090865200,1
'2026-08-22 08:30:42.580880000,0.090880000,0
'2026-08-22 08:30:42.580880300,0.090880300,1
'2026-08-22 08:30:42.580880400,0.090880400,0
'2026-08-22 08:30:42.580891300,0.090891300,1
'2026-08-22 08:30:42.580906300,0.090906300,0
'2026-08-22 08:30:42.580906600,0.090906600,1
'2026-08-22 08:30:42.580906700,0.090906700,0
'2026-08-22 08:30:42.580907200,0.090907200,1
'2026-08-22 08:30:42.580907300,0.090907300,0
'2026-08-22 08:30:42.580917500,0.090917500,1
'2026-08-22 08:30:42.580932100,0.090932100,0
'2026-08-22 08:30:42.580932300,0.090932300,1
'2026-08-22 08:30:42.580932400,0.090932400,0
'2026-08-22 08:30:42.580943600,0.090943600,1
'2026-08-22 08:30:42.580958300,0.090958300,0
'2026-08-22 08:30:42.580958400,0.090958400,1
'2026-08-22 08:30:42.580958600,0.090958600,0
'2026-08-22 08:30:42.580969700,0.090969700,1
'2026-08-22 08:30:42.580984400,0.090984400,0
'2026-08-22 08:30:42.580995300,0.090995300,1
'2026-08-22 08:30:42.580995400,0.090995400,0
'2026-08-22 08:30:42.580995800,0.090995800,1
'2026-08-22 08:30:42.581010700,0.091010700,0
'2026-08-22 08:30:42.581021900,0.091021900,1
'2026-08-22 08:30:42.581036900,0.091036900,0
'2026-08-22 08:30:42.581037900,0.091037900,1
'2026-08-22 08:30:42.581038000,0.091038000,0
'2026-08-22 08:30:42.581048000,0.091048000,1
'2026-08-22 08:30:42.581062700,0.091062700,0
'2026-08-22 08:30:42.581068900,0.091068900,1
'2026-08-22 08:30:42.581069000,0.091069000,0
'2026-08-22 08:30:42.581074100,0.091074100,1
'2026-08-22 08:30:42.581089000,0.091089000,0
'2026-08-22 08:30:42.581096900,0.091096900,1
'2026-08-22 08:30:42.581097000,0.091097000,0
'2026-08-22 08:30:42.581100200,0.091100200,1
'2026-08-22 08:30:42.581114900,0.091114900,0
'2026-08-22 08:30:42.581115000,0.091115000,1
'2026-08-22 08:30:42.581115200,0.091115200,0
'2026-08-22 08:30:42.581118200,0.091118200,1
'2026-08-22 08:30:42.581118300,0.091118300,0
'2026-08-22 08:30:42.581119100,0.091119100,1
'2026-08-22 08:30:42.581119200,0.091119200,0
'2026-08-22 08:30:42.581126300,0.091126300,1
'2026-08-22 08:30:42.581141000,0.091141000,0
'2026-08-22 08:30:42.581141300,0.091141300,1
'2026-08-22 08:30:42.581141500,0.091141500,0
'2026-08-22 08:30:42.581152400,0.091152400,1
'2026-08-22 08:30:42.581167700,0.091167700,0
'2026-08-22 08:30:42.581168200,0.091168200,1
'2026-08-22 08:30:42.581168300,0.091168300,0
'2026-08-22 08:30:42.581178100,0.091178100,1
'2026-08-22 08:30:42.581178200,0.091178200,0
'2026-08-22 08:30:42.581178500,0.091178500,1
'2026-08-22 08:30:42.581610900,0.091610900,0
'2026-08-22 08:30:42.581622100,0.091622100,1
'2026-08-22 08:30:42.581637200,0.091637200,0
'2026-08-22 08:30:42.581648200,0.091648200,1
'2026-08-22 08:30:42.581663000,0.091663000,0
'2026-08-22 08:30:42.581663100,0.091663100,1
'2026-08-22 08:30:42.581663300,0.091663300,0
'2026-08-22 08:30:42.581663400,0.091663400,1
'2026-08-22 08:30:42.581663500,0.091663500,0
'2026-08-22 08:30:42.581663600,0.091663600,1
'2026-08-22 08:30:42.581663700,0.091663700,0
'2026-08-22 08:30:42.581674300,0.091674300,1
'2026-08-22 08:30:42.581689200,0.091689200,0
'2026-08-22 08:30:42.581689600,0.091689600,1
'2026-08-22 08:30:42.581689700,0.091689700,0
'2026-08-22 08:30:42.581699600,0.091699600,1
'2026-08-22 08:30:42.581699700,0.091699700,0
'2026-08-22 08:30:42.581700500,0.091700500,1
'2026-08-22 08:30:42.581715200,0.091715200,0
'2026-08-22 08:30:42.581715300,0.091715300,1
'2026-08-22 08:30:42.581715400,0.091715400,0
'2026-08-22 08:30:42.581726600,0.091726600,1
'2026-08-22 08:30:42.581741500,0.091741500,0
'2026-08-22 08:30:42.581741600,0.091741600,1
'2026-08-22 08:30:42.581741800,0.091741800,0
'2026-08-22 08:30:42.581752700,0.091752700,1
'2026-08-22 08:30:42.581767600,0.091767600,0
'2026-08-22 08:30:42.581772000,0.091772000,1
'2026-08-22 08:30:42.581772100,0.091772100,0
'2026-08-22 08:30:42.581778800,0.091778800,1
'2026-08-22 08:30:42.581793800,0.091793800,0
'2026-08-22 08:30:42.581804900,0.091804900,1
'2026-08-22 08:30:42.581819700,0.091819700,0
'2026-08-22 08:30:42.581819900,0.091819900,1
'2026-08-22 08:30:42.581820000,0.091820000,0
'2026-08-22 08:30:42.581820500,0.091820500,1
'2026-08-22 08:30:42.581820600,0.091820600,0
'2026-08-22 08:30:42.581831000,0.091831000,1
'2026-08-22 08:30:42.581845800,0.091845800,0
'2026-08-22 08:30:42.581857100,0.091857100,1
'2026-08-22 08:30:42.581872300,0.091872300,0
'2026-08-22 08:30:42.581872500,0.091872500,1
'2026-08-22 08:30:42.581872600,0.091872600,0
'2026-08-22 08:30:42.581873000,0.091873000,1
'2026-08-22 08:30:42.581873200,0.091873200,0
'2026-08-22 08:30:42.581883200,0.091883200,1
'2026-08-22 08:30:42.581898100,0.091898100,0
'2026-08-22 08:30:42.581902000,0.091902000,1
'2026-08-22 08:30:42.581902100,0.091902100,0
'2026-08-22 08:30:42.581903400,0.091903400,1
'2026-08-22 08:30:42.581903500,0.091903500,0
'2026-08-22 08:30:42.581909300,0.091909300,1
'2026-08-22 08:30:42.581924200,0.091924200,0
'2026-08-22 08:30:42.581924500,0.091924500,1
'2026-08-22 08:30:42.581924600,0.091924600,0
'2026-08-22 08:30:42.581925100,0.091925100,1
'2026-08-22 08:30:42.581925200,0.091925200,0
'2026-08-22 08:30:42.581935400,0.091935400,1
'2026-08-22 08:30:42.581950300,0.091950300,0
'2026-08-22 08:30:42.581961500,0.091961500,1
'2026-08-22 08:30:42.581976400,0.091976400,0
'2026-08-22 08:30:42.581976500,0.091976500,1
'2026-08-22 08:30:42.581976600,0.091976600,0
'2026-08-22 08:30:42.581977100,0.091977100,1
'2026-08-22 08:30:42.581977200,0.091977200,0
'2026-08-22 08:30:42.581987600,0.091987600,1
'2026-08-22 08:30:42.582002500,0.092002500,0
'2026-08-22 08:30:42.582002700,0.092002700,1
'2026-08-22 08:30:42.582002800,0.092002800,0
'2026-08-22 08:30:42.582003500,0.092003500,1
'2026-08-22 08:30:42.582003600,0.092003600,0
'2026-08-22 08:30:42.582005700,0.092005700,1
'2026-08-22 08:30:42.582005800,0.092005800,0
'2026-08-22 08:30:42.582007200,0.092007200,1
'2026-08-22 08:30:42.582421700,0.092421700,0
'2026-08-22 08:30:42.582421800,0.092421800,1
'2026-08-22 08:30:42.582422000,0.092422000,0
'2026-08-22 08:30:42.582422200,0.092422200,1
'2026-08-22 08:30:42.582422300,0.092422300,0
'2026-08-22 08:30:42.582431300,0.092431300,1
'2026-08-22 08:30:42.582446200,0.092446200,0
'2026-08-22 08:30:42.582457400,0.092457400,1
'2026-08-22 08:30:42.582472200,0.092472200,0
'2026-08-22 08:30:42.582472300,0.092472300,1
'2026-08-22 08:30:42.582472400,0.092472400,0
'2026-08-22 08:30:42.582483500,0.092483500,1
'2026-08-22 08:30:42.582498300,0.092498300,0
'2026-08-22 08:30:42.582508900,0.092508900,1
'2026-08-22 08:30:42.582509000,0.092509000,0
'2026-08-22 08:30:42.582509600,0.092509600,1
'2026-08-22 08:30:42.582524500,0.092524500,0
'2026-08-22 08:30:42.582535700,0.092535700,1
'2026-08-22 08:30:42.582550400,0.092550400,0
'2026-08-22 08:30:42.582550500,0.092550500,1
'2026-08-22 08:30:42.582550700,0.092550700,0
'2026-08-22 08:30:42.582550800,0.092550800,1
'2026-08-22 08:30:42.582550900,0.092550900,0
'2026-08-22 08:30:42.582561800,0.092561800,1
'2026-08-22 08:30:42.582576600,0.092576600,0
'2026-08-22 08:30:42.582576700,0.092576700,1
'2026-08-22 08:30:42.582576800,0.092576800,0
'2026-08-22 08:30:42.582587900,0.092587900,1
'2026-08-22 08:30:42.582602700,0.092602700,0
'2026-08-22 08:30:42.582603100,0.092603100,1
'2026-08-22 08:30:42.582603200,0.092603200,0
'2026-08-22 08:30:42.582603700,0.092603700,1
'2026-08-22 08:30:42.582603800,0.092603800,0
'2026-08-22 08:30:42.582604300,0.092604300,1
'2026-08-22 08:30:42.582604400,0.092604400,0
'2026-08-22 08:30:42.582606000,0.092606000,1
'2026-08-22 08:30:42.582606100,0.092606100,0
'2026-08-22 08:30:42.582614000,0.092614000,1
'2026-08-22 08:30:42.582629000,0.092629000,0
'2026-08-22 08:30:42.582640100,0.092640100,1
'2026-08-22 08:30:42.582655000,0.092655000,0
'2026-08-22 08:30:42.582655100,0.092655100,1
'2026-08-22 08:30:42.582655200,0.092655200,0
'2026-08-22 08:30:42.582656300,0.092656300,1
'2026-08-22 08:30:42.582656400,0.092656400,0
'2026-08-22 08:30:42.582666200,0.092666200,1
'2026-08-22 08:30:42.582681500,0.092681500,0
'2026-08-22 08:30:42.582682100,0.092682100,1
'2026-08-22 08:30:42.582682200,0.092682200,0
'2026-08-22 08:30:42.582692300,0.092692300,1
'2026-08-22 08:30:42.582707200,0.092707200,0
'2026-08-22 08:30:42.582714700,0.092714700,1
'2026-08-22 08:30:42.582714800,0.092714800,0
'2026-08-22 08:30:42.582718400,0.092718400,1
'2026-08-22 08:30:42.582733500,0.092733500,0
'2026-08-22 08:30:42.582733900,0.092733900,1
'2026-08-22 08:30:42.582734000,0.092734000,0
'2026-08-22 08:30:42.582735100,0.092735100,1
'2026-08-22 08:30:42.582735200,0.092735200,0
'2026-08-22 08:30:42.582744500,0.092744500,1
'2026-08-22 08:30:42.582759400,0.092759400,0
'2026-08-22 08:30:42.582759600,0.092759600,1
'2026-08-22 08:30:42.582759800,0.092759800,0
'2026-08-22 08:30:42.582760200,0.092760200,1
'2026-08-22 08:30:42.582760300,0.092760300,0
'2026-08-22 08:30:42.582770600,0.092770600,1
'2026-08-22 08:30:42.582785400,0.092785400,0
'2026-08-22 08:30:42.582785500,0.092785500,1
'2026-08-22 08:30:42.582785600,0.092785600,0
'2026-08-22 08:30:42.582785900,0.092785900,1
'2026-08-22 08:30:42.582786000,0.092786000,0
'2026-08-22 08:30:42.582795300,0.092795300,1
'2026-08-22 08:30:42.582795400,0.092795400,0
'2026-08-22 08:30:42.582796800,0.092796800,1
'2026-08-22 08:30:42.582811800,0.092811800,0
'2026-08-22 08:30:42.582812000,0.092812000,1
'2026-08-22 08:30:42.582812100,0.092812100,0
'2026-08-22 08:30:42.582815100,0.092815100,1
'2026-08-22 08:30:42.582815200,0.092815200,0
'2026-08-22 08:30:42.582822900,0.092822900,1
'2026-08-22 08:30:42.583255100,0.093255100,0
'2026-08-22 08:30:42.583255400,0.093255400,1
'2026-08-22 08:30:42.583255500,0.093255500,0
'2026-08-22 08:30:42.583255700,0.093255700,1
'2026-08-22 08:30:42.583255800,0.093255800,0
'2026-08-22 08:30:42.583266500,0.093266500,1
'2026-08-22 08:30:42.583281700,0.093281700,0
'2026-08-22 08:30:42.583289200,0.093289200,1
'2026-08-22 08:30:42.583289300,0.093289300,0
'2026-08-22 08:30:42.583292600,0.093292600,1
'2026-08-22 08:30:42.583307300,0.093307300,0
'2026-08-22 08:30:42.583307900,0.093307900,1
'2026-08-22 08:30:42.583308100,0.093308100,0
'2026-08-22 08:30:42.583308700,0.093308700,1
'2026-08-22 08:30:42.583308800,0.093308800,0
'2026-08-22 08:30:42.583311500,0.093311500,1
'2026-08-22 08:30:42.583311600,0.093311600,0
'2026-08-22 08:30:42.583318700,0.093318700,1
'2026-08-22 08:30:42.583333400,0.093333400,0
'2026-08-22 08:30:42.583333500,0.093333500,1
'2026-08-22 08:30:42.583333700,0.093333700,0
'2026-08-22 08:30:42.583333800,0.093333800,1
'2026-08-22 08:30:42.583333900,0.093333900,0
'2026-08-22 08:30:42.583336500,0.093336500,1
'2026-08-22 08:30:42.583336600,0.093336600,0
'2026-08-22 08:30:42.583339500,0.093339500,1
'2026-08-22 08:30:42.583339600,0.093339600,0
'2026-08-22 08:30:42.583344800,0.093344800,1
'2026-08-22 08:30:42.583359600,0.093359600,0
'2026-08-22 08:30:42.583359900,0.093359900,1
'2026-08-22 08:30:42.583360000,0.093360000,0
'2026-08-22 08:30:42.583361700,0.093361700,1
'2026-08-22 08:30:42.583361800,0.093361800,0
'2026-08-22 08:30:42.583369400,0.093369400,1
'2026-08-22 08:30:42.583369500,0.093369500,0
'2026-08-22 08:30:42.583370900,0.093370900,1
'2026-08-22 08:30:42.583385400,0.093385400,0
'2026-08-22 08:30:42.583385500,0.093385500,1
'2026-08-22 08:30:42.583385800,0.093385800,0
'2026-08-22 08:30:42.583386800,0.093386800,1
'2026-08-22 08:30:42.583387000,0.093387000,0
'2026-08-22 08:30:42.583397000,0.093397000,1
'2026-08-22 08:30:42.583412200,0.093412200,0
'2026-08-22 08:30:42.583412500,0.093412500,1
'2026-08-22 08:30:42.583412600,0.093412600,0
'2026-08-22 08:30:42.583414700,0.093414700,1
'2026-08-22 08:30:42.583414800,0.093414800,0
'2026-08-22 08:30:42.583423100,0.093423100,1
'2026-08-22 08:30:42.583438000,0.093438000,0
'2026-08-22 08:30:42.583438200,0.093438200,1
'2026-08-22 08:30:42.583438300,0.093438300,0
'2026-08-22 08:30:42.583439800,0.093439800,1
'2026-08-22 08:30:42.583440000,0.093440000,0
'2026-08-22 08:30:42.583449200,0.093449200,1
'2026-08-22 08:30:42.583464100,0.093464100,0
'2026-08-22 08:30:42.583464400,0.093464400,1
'2026-08-22 08:30:42.583464600,0.093464600,0
'2026-08-22 08:30:42.583464900,0.093464900,1
'2026-08-22 08:30:42.583465000,0.093465000,0
'2026-08-22 08:30:42.583475300,0.093475300,1
'2026-08-22 08:30:42.583490400,0.093490400,0
'2026-08-22 08:30:42.583490700,0.093490700,1
'2026-08-22 08:30:42.583490800,0.093490800,0
'2026-08-22 08:30:42.583501100,0.093501100,1
'2026-08-22 08:30:42.583501300,0.093501300,0
'2026-08-22 08:30:42.583501400,0.093501400,1
'2026-08-22 08:30:42.583516200,0.093516200,0
'2026-08-22 08:30:42.583516400,0.093516400,1
'2026-08-22 08:30:42.583516500,0.093516500,0
'2026-08-22 08:30:42.583523400,0.093523400,1
'2026-08-22 08:30:42.583523600,0.093523600,0
'2026-08-22 08:30:42.583527500,0.093527500,1
'2026-08-22 08:30:42.583542500,0.093542500,0
'2026-08-22 08:30:42.583542700,0.093542700,1
'2026-08-22 08:30:42.583542800,0.093542800,0
'2026-08-22 08:30:42.583543800,0.093543800,1
'2026-08-22 08:30:42.583543900,0.093543900,0
'2026-08-22 08:30:42.583548500,0.093548500,1
'2026-08-22 08:30:42.583548600,0.093548600,0
'2026-08-22 08:30:42.583549300,0.093549300,1
'2026-08-22 08:30:42.583549400,0.093549400,0
'2026-08-22 08:30:42.583551300,0.093551300,1
'2026-08-22 08:30:42.583551400,0.093551400,0
'2026-08-22 08:30:42.583553600,0.093553600,1
'2026-08-22 08:30:42.583568600,0.093568600,0
'2026-08-22 08:30:42.583569000,0.093569000,1
'2026-08-22 08:30:42.583569100,0.093569100,0
'2026-08-22 08:30:42.583571000,0.093571000,1
'2026-08-22 08:30:42.583571100,0.093571100,0
'2026-08-22 08:30:42.583571300,0.093571300,1
'2026-08-22 08:30:42.583571400,0.093571400,0
'2026-08-22 08:30:42.583571900,0.093571900,1
'2026-08-22 08:30:42.583572000,0.093572000,0
'2026-08-22 08:30:42.583573700,0.093573700,1
'2026-08-22 08:30:42.583573800,0.093573800,0
'2026-08-22 08:30:42.583579200,0.093579200,1
'2026-08-22 08:30:42.583579300,0.093579300,0
'2026-08-22 08:30:42.583579700,0.093579700,1
'2026-08-22 08:30:42.583594600,0.093594600,0
'2026-08-22 08:30:42.583598800,0.093598800,1
'2026-08-22 08:30:42.583598900,0.093598900,0
'2026-08-22 08:30:42.583604300,0.093604300,1
'2026-08-22 08:30:42.583604400,0.093604400,0
'2026-08-22 08:30:42.583605800,0.093605800,1
'2026-08-22 08:30:42.583620800,0.093620800,0
'2026-08-22 08:30:42.583621000,0.093621000,1
'2026-08-22 08:30:42.583621300,0.093621300,0
'2026-08-22 08:30:42.583621500,0.093621500,1
'2026-08-22 08:30:42.583621700,0.093621700,0
'2026-08-22 08:30:42.583622100,0.093622100,1
'2026-08-22 08:30:42.583622200,0.093622200,0
'2026-08-22 08:30:42.583623900,0.093623900,1
'2026-08-22 08:30:42.583624100,0.093624100,0
'2026-08-22 08:30:42.583629700,0.093629700,1
'2026-08-22 08:30:42.583629800,0.093629800,0
'2026-08-22 08:30:42.583631900,0.093631900,1
'2026-08-22 08:30:42.583646900,0.093646900,0
'2026-08-22 08:30:42.583647200,0.093647200,1
'2026-08-22 08:30:42.583647400,0.093647400,0
'2026-08-22 08:30:42.583649000,0.093649000,1
'2026-08-22 08:30:42.583649100,0.093649100,0
'2026-08-22 08:30:42.583651700,0.093651700,1
'2026-08-22 08:30:42.583651800,0.093651800,0
'2026-08-22 08:30:42.583651900,0.093651900,1
'2026-08-22 08:30:42.583652000,0.093652000,0
'2026-08-22 08:30:42.583654500,0.093654500,1
'2026-08-22 08:30:42.583654600,0.093654600,0
'2026-08-22 08:30:42.583655400,0.093655400,1
'2026-08-22 08:30:42.584069900,0.094069900,0
'2026-08-22 08:30:42.584070100,0.094070100,1
'2026-08-22 08:30:42.584070200,0.094070200,0
'2026-08-22 08:30:42.584070300,0.094070300,1
'2026-08-22 08:30:42.584070400,0.094070400,0
'2026-08-22 08:30:42.584075500,0.094075500,1
'2026-08-22 08:30:42.584090400,0.094090400,0
'2026-08-22 08:30:42.584090500,0.094090500,1
'2026-08-22 08:30:42.584090600,0.094090600,0
'2026-08-22 08:30:42.584101700,0.094101700,1
'2026-08-22 08:30:42.584116100,0.094116100,0
'2026-08-22 08:30:42.584116200,0.094116200,1
'2026-08-22 08:30:42.584116400,0.094116400,0
'2026-08-22 08:30:42.584117500,0.094117500,1
'2026-08-22 08:30:42.584117600,0.094117600,0
'2026-08-22 08:30:42.584120300,0.094120300,1
'2026-08-22 08:30:42.584120400,0.094120400,0
'2026-08-22 08:30:42.584123100,0.094123100,1
'2026-08-22 08:30:42.584123200,0.094123200,0
'2026-08-22 08:30:42.584127800,0.094127800,1
'2026-08-22 08:30:42.584143200,0.094143200,0
'2026-08-22 08:30:42.584153700,0.094153700,1
'2026-08-22 08:30:42.584153800,0.094153800,0
'2026-08-22 08:30:42.584153900,0.094153900,1
'2026-08-22 08:30:42.584168600,0.094168600,0
'2026-08-22 08:30:42.584170600,0.094170600,1
'2026-08-22 08:30:42.584170700,0.094170700,0
'2026-08-22 08:30:42.584171200,0.094171200,1
'2026-08-22 08:30:42.584171300,0.094171300,0
'2026-08-22 08:30:42.584178800,0.094178800,1
'2026-08-22 08:30:42.584178900,0.094178900,0
'2026-08-22 08:30:42.584180000,0.094180000,1
'2026-08-22 08:30:42.584194900,0.094194900,0
'2026-08-22 08:30:42.584203900,0.094203900,1
'2026-08-22 08:30:42.584204000,0.094204000,0
'2026-08-22 08:30:42.584206100,0.094206100,1
'2026-08-22 08:30:42.584221000,0.094221000,0
'2026-08-22 08:30:42.584223100,0.094223100,1
'2026-08-22 08:30:42.584223200,0.094223200,0
'2026-08-22 08:30:42.584232200,0.094232200,1
'2026-08-22 08:30:42.584247200,0.094247200,0
'2026-08-22 08:30:42.584258300,0.094258300,1
'2026-08-22 08:30:42.584273500,0.094273500,0
'2026-08-22 08:30:42.584273900,0.094273900,1
'2026-08-22 08:30:42.584274000,0.094274000,0
'2026-08-22 08:30:42.584274500,0.094274500,1
'2026-08-22 08:30:42.584274600,0.094274600,0
'2026-08-22 08:30:42.584279600,0.094279600,1
'2026-08-22 08:30:42.584279700,0.094279700,0
'2026-08-22 08:30:42.584282100,0.094282100,1
'2026-08-22 08:30:42.584282200,0.094282200,0
'2026-08-22 08:30:42.584284400,0.094284400,1
'2026-08-22 08:30:42.584299200,0.094299200,0
'2026-08-22 08:30:42.584299600,0.094299600,1
'2026-08-22 08:30:42.584299700,0.094299700,0
'2026-08-22 08:30:42.584303700,0.094303700,1
'2026-08-22 08:30:42.584303800,0.094303800,0
'2026-08-22 08:30:42.584304300,0.094304300,1
'2026-08-22 08:30:42.584304400,0.094304400,0
'2026-08-22 08:30:42.584304900,0.094304900,1
'2026-08-22 08:30:42.584305000,0.094305000,0
'2026-08-22 08:30:42.584310500,0.094310500,1
'2026-08-22 08:30:42.584325400,0.094325400,0
'2026-08-22 08:30:42.584335000,0.094335000,1
'2026-08-22 08:30:42.584335100,0.094335100,0
'2026-08-22 08:30:42.584336600,0.094336600,1
'2026-08-22 08:30:42.584351800,0.094351800,0
'2026-08-22 08:30:42.584354500,0.094354500,1
'2026-08-22 08:30:42.584354600,0.094354600,0
'2026-08-22 08:30:42.584362700,0.094362700,1
'2026-08-22 08:30:42.584377600,0.094377600,0
'2026-08-22 08:30:42.584377900,0.094377900,1
'2026-08-22 08:30:42.584378000,0.094378000,0
'2026-08-22 08:30:42.584383100,0.094383100,1
'2026-08-22 08:30:42.584383200,0.094383200,0
'2026-08-22 08:30:42.584388800,0.094388800,1
'2026-08-22 08:30:42.584403800,0.094403800,0
'2026-08-22 08:30:42.584404100,0.094404100,1
'2026-08-22 08:30:42.584404200,0.094404200,0
'2026-08-22 08:30:42.584404300,0.094404300,1
'2026-08-22 08:30:42.584404400,0.094404400,0
'2026-08-22 08:30:42.584404700,0.094404700,1
'2026-08-22 08:30:42.584404900,0.094404900,0
'2026-08-22 08:30:42.584414900,0.094414900,1
'2026-08-22 08:30:42.584430000,0.094430000,0
'2026-08-22 08:30:42.584432600,0.094432600,1
'2026-08-22 08:30:42.584432700,0.094432700,0
'2026-08-22 08:30:42.584435400,0.094435400,1
'2026-08-22 08:30:42.584435500,0.094435500,0
'2026-08-22 08:30:42.584436900,0.094436900,1
'2026-08-22 08:30:42.584437000,0.094437000,0
'2026-08-22 08:30:42.584441000,0.094441000,1
'2026-08-22 08:30:42.584456300,0.094456300,0
'2026-08-22 08:30:42.584456700,0.094456700,1
'2026-08-22 08:30:42.584456800,0.094456800,0
'2026-08-22 08:30:42.584467100,0.094467100,1
'2026-08-22 08:30:42.584899400,0.094899400,0
'2026-08-22 08:30:42.584910800,0.094910800,1
'2026-08-22 08:30:42.584925500,0.094925500,0
'2026-08-22 08:30:42.584925700,0.094925700,1
'2026-08-22 08:30:42.584925800,0.094925800,0
'2026-08-22 08:30:42.584936900,0.094936900,1
'2026-08-22 08:30:42.584951500,0.094951500,0
'2026-08-22 08:30:42.584963000,0.094963000,1
'2026-08-22 08:30:42.584977800,0.094977800,0
'2026-08-22 08:30:42.584977900,0.094977900,1
'2026-08-22 08:30:42.584978100,0.094978100,0
'2026-08-22 08:30:42.584989100,0.094989100,1
'2026-08-22 08:30:42.585004000,0.095004000,0
'2026-08-22 08:30:42.585015200,0.095015200,1
'2026-08-22 08:30:42.585030300,0.095030300,0
'2026-08-22 08:30:42.585038900,0.095038900,1
'2026-08-22 08:30:42.585039000,0.095039000,0
'2026-08-22 08:30:42.585041300,0.095041300,1
'2026-08-22 08:30:42.585056200,0.095056200,0
'2026-08-22 08:30:42.585067400,0.095067400,1
'2026-08-22 08:30:42.585082000,0.095082000,0
'2026-08-22 08:30:42.585082100,0.095082100,1
'2026-08-22 08:30:42.585082300,0.095082300,0
'2026-08-22 08:30:42.585093500,0.095093500,1
'2026-08-22 08:30:42.585108500,0.095108500,0
'2026-08-22 08:30:42.585108900,0.095108900,1
'2026-08-22 08:30:42.585109100,0.095109100,0
'2026-08-22 08:30:42.585119400,0.095119400,1
'2026-08-22 08:30:42.585119500,0.095119500,0
'2026-08-22 08:30:42.585119600,0.095119600,1
'2026-08-22 08:30:42.585134400,0.095134400,0
'2026-08-22 08:30:42.585134500,0.095134500,1
'2026-08-22 08:30:42.585134600,0.095134600,0
'2026-08-22 08:30:42.585134700,0.095134700,1
'2026-08-22 08:30:42.585134800,0.095134800,0
'2026-08-22 08:30:42.585145700,0.095145700,1
'2026-08-22 08:30:42.585160600,0.095160600,0
'2026-08-22 08:30:42.585161000,0.095161000,1
'2026-08-22 08:30:42.585161100,0.095161100,0
'2026-08-22 08:30:42.585171800,0.095171800,1
'2026-08-22 08:30:42.585186600,0.095186600,0
'2026-08-22 08:30:42.585186700,0.095186700,1
'2026-08-22 08:30:42.585186800,0.095186800,0
'2026-08-22 08:30:42.585197900,0.095197900,1
'2026-08-22 08:30:42.585212800,0.095212800,0
'2026-08-22 08:30:42.585212900,0.095212900,1
'2026-08-22 08:30:42.585213000,0.095213000,0
'2026-08-22 08:30:42.585220300,0.095220300,1
'2026-08-22 08:30:42.585220400,0.095220400,0
'2026-08-22 08:30:42.585220500,0.095220500,1
'2026-08-22 08:30:42.585220600,0.095220600,0
'2026-08-22 08:30:42.585224000,0.095224000,1
'2026-08-22 08:30:42.585238800,0.095238800,0
'2026-08-22 08:30:42.585239100,0.095239100,1
'2026-08-22 08:30:42.585239400,0.095239400,0
'2026-08-22 08:30:42.585250100,0.095250100,1
'2026-08-22 08:30:42.585264800,0.095264800,0
'2026-08-22 08:30:42.585264900,0.095264900,1
'2026-08-22 08:30:42.585265200,0.095265200,0
'2026-08-22 08:30:42.585265500,0.095265500,1
'2026-08-22 08:30:42.585265600,0.095265600,0
'2026-08-22 08:30:42.585270700,0.095270700,1
'2026-08-22 08:30:42.585270800,0.095270800,0
'2026-08-22 08:30:42.585276200,0.095276200,1
'2026-08-22 08:30:42.585291300,0.095291300,0
'2026-08-22 08:30:42.585292300,0.095292300,1
'2026-08-22 08:30:42.585292400,0.095292400,0
'2026-08-22 08:30:42.585302300,0.095302300,1
'2026-08-22 08:30:42.585718200,0.095718200,0
'2026-08-22 08:30:42.585719800,0.095719800,1
'2026-08-22 08:30:42.585734600,0.095734600,0
'2026-08-22 08:30:42.585745900,0.095745900,1
'2026-08-22 08:30:42.585761000,0.095761000,0
'2026-08-22 08:30:42.585761200,0.095761200,1
'2026-08-22 08:30:42.585761300,0.095761300,0
'2026-08-22 08:30:42.585761600,0.095761600,1
'2026-08-22 08:30:42.585761700,0.095761700,0
'2026-08-22 08:30:42.585772000,0.095772000,1
'2026-08-22 08:30:42.585786700,0.095786700,0
'2026-08-22 08:30:42.585786900,0.095786900,1
'2026-08-22 08:30:42.585787000,0.095787000,0
'2026-08-22 08:30:42.585798100,0.095798100,1
'2026-08-22 08:30:42.585813000,0.095813000,0
'2026-08-22 08:30:42.585813100,0.095813100,1
'2026-08-22 08:30:42.585813300,0.095813300,0
'2026-08-22 08:30:42.585824300,0.095824300,1
'2026-08-22 08:30:42.585838700,0.095838700,0
'2026-08-22 08:30:42.585838800,0.095838800,1
'2026-08-22 08:30:42.585839000,0.095839000,0
'2026-08-22 08:30:42.585850400,0.095850400,1
'2026-08-22 08:30:42.585865100,0.095865100,0
'2026-08-22 08:30:42.585865200,0.095865200,1
'2026-08-22 08:30:42.585865400,0.095865400,0
'2026-08-22 08:30:42.585876500,0.095876500,1
'2026-08-22 08:30:42.585891400,0.095891400,0
'2026-08-22 08:30:42.585891500,0.095891500,1
'2026-08-22 08:30:42.585891900,0.095891900,0
'2026-08-22 08:30:42.585895100,0.095895100,1
'2026-08-22 08:30:42.585895200,0.095895200,0
'2026-08-22 08:30:42.585902600,0.095902600,1
'2026-08-22 08:30:42.585917400,0.095917400,0
'2026-08-22 08:30:42.585927700,0.095927700,1
'2026-08-22 08:30:42.585927800,0.095927800,0
'2026-08-22 08:30:42.585928700,0.095928700,1
'2026-08-22 08:30:42.585943800,0.095943800,0
'2026-08-22 08:30:42.585943900,0.095943900,1
'2026-08-22 08:30:42.585944200,0.095944200,0
'2026-08-22 08:30:42.585945200,0.095945200,1
'2026-08-22 08:30:42.585945300,0.095945300,0
'2026-08-22 08:30:42.585954800,0.095954800,1
'2026-08-22 08:30:42.585969600,0.095969600,0
'2026-08-22 08:30:42.585975000,0.095975000,1
'2026-08-22 08:30:42.585975100,0.095975100,0
'2026-08-22 08:30:42.585980900,0.095980900,1
'2026-08-22 08:30:42.585995900,0.095995900,0
'2026-08-22 08:30:42.585996000,0.095996000,1
'2026-08-22 08:30:42.585996100,0.095996100,0
'2026-08-22 08:30:42.586007000,0.096007000,1
'2026-08-22 08:30:42.586022200,0.096022200,0
'2026-08-22 08:30:42.586022300,0.096022300,1
'2026-08-22 08:30:42.586022400,0.096022400,0
'2026-08-22 08:30:42.586022900,0.096022900,1
'2026-08-22 08:30:42.586023000,0.096023000,0
'2026-08-22 08:30:42.586024100,0.096024100,1
'2026-08-22 08:30:42.586024200,0.096024200,0
'2026-08-22 08:30:42.586033100,0.096033100,1
'2026-08-22 08:30:42.586047800,0.096047800,0
'2026-08-22 08:30:42.586048000,0.096048000,1
'2026-08-22 08:30:42.586048100,0.096048100,0
'2026-08-22 08:30:42.586059200,0.096059200,1
'2026-08-22 08:30:42.586074400,0.096074400,0
'2026-08-22 08:30:42.586085300,0.096085300,1
'2026-08-22 08:30:42.586100100,0.096100100,0
'2026-08-22 08:30:42.586100600,0.096100600,1
'2026-08-22 08:30:42.586100700,0.096100700,0
'2026-08-22 08:30:42.586111400,0.096111400,1
'2026-08-22 08:30:42.586544000,0.096544000,0
'2026-08-22 08:30:42.586555000,0.096555000,1
'2026-08-22 08:30:42.586569800,0.096569800,0
'2026-08-22 08:30:42.586581200,0.096581200,1
'2026-08-22 08:30:42.586596000,0.096596000,0
'2026-08-22 08:30:42.586596100,0.096596100,1
'2026-08-22 08:30:42.586596300,0.096596300,0
'2026-08-22 08:30:42.586607300,0.096607300,1
'2026-08-22 08:30:42.586622000,0.096622000,0
'2026-08-22 08:30:42.586633400,0.096633400,1
'2026-08-22 08:30:42.586648300,0.096648300,0
'2026-08-22 08:30:42.586648500,0.096648500,1
'2026-08-22 08:30:42.586648600,0.096648600,0
'2026-08-22 08:30:42.586659500,0.096659500,1
'2026-08-22 08:30:42.586674300,0.096674300,0
'2026-08-22 08:30:42.586678100,0.096678100,1
'2026-08-22 08:30:42.586678200,0.096678200,0
'2026-08-22 08:30:42.586685600,0.096685600,1
'2026-08-22 08:30:42.586700300,0.096700300,0
'2026-08-22 08:30:42.586700400,0.096700400,1
'2026-08-22 08:30:42.586700600,0.096700600,0
'2026-08-22 08:30:42.586711700,0.096711700,1
'2026-08-22 08:30:42.586726500,0.096726500,0
'2026-08-22 08:30:42.586726700,0.096726700,1
'2026-08-22 08:30:42.586726800,0.096726800,0
'2026-08-22 08:30:42.586727300,0.096727300,1
'2026-08-22 08:30:42.586727400,0.096727400,0
'2026-08-22 08:30:42.586728300,0.096728300,1
'2026-08-22 08:30:42.586728400,0.096728400,0
'2026-08-22 08:30:42.586728500,0.096728500,1
'2026-08-22 08:30:42.586728600,0.096728600,0
'2026-08-22 08:30:42.586736100,0.096736100,1
'2026-08-22 08:30:42.586736200,0.096736200,0
'2026-08-22 08:30:42.586737800,0.096737800,1
'2026-08-22 08:30:42.586752500,0.096752500,0
'2026-08-22 08:30:42.586753000,0.096753000,1
'2026-08-22 08:30:42.586753100,0.096753100,0
'2026-08-22 08:30:42.586763900,0.096763900,1
'2026-08-22 08:30:42.586779000,0.096779000,0
'2026-08-22 08:30:42.586790000,0.096790000,1
'2026-08-22 08:30:42.586805100,0.096805100,0
'2026-08-22 08:30:42.586805400,0.096805400,1
'2026-08-22 08:30:42.586805600,0.096805600,0
'2026-08-22 08:30:42.586816100,0.096816100,1
'2026-08-22 08:30:42.586830900,0.096830900,0
'2026-08-22 08:30:42.586842200,0.096842200,1
'2026-08-22 08:30:42.586857400,0.096857400,0
'2026-08-22 08:30:42.586857500,0.096857500,1
'2026-08-22 08:30:42.586857600,0.096857600,0
'2026-08-22 08:30:42.586858700,0.096858700,1
'2026-08-22 08:30:42.586858800,0.096858800,0
'2026-08-22 08:30:42.586859300,0.096859300,1
'2026-08-22 08:30:42.586859400,0.096859400,0
'2026-08-22 08:30:42.586868300,0.096868300,1
'2026-08-22 08:30:42.586883300,0.096883300,0
'2026-08-22 08:30:42.586894400,0.096894400,1
'2026-08-22 08:30:42.586909600,0.096909600,0
'2026-08-22 08:30:42.586910000,0.096910000,1
'2026-08-22 08:30:42.586910100,0.096910100,0
'2026-08-22 08:30:42.586920500,0.096920500,1
'2026-08-22 08:30:42.586935400,0.096935400,0
'2026-08-22 08:30:42.586935700,0.096935700,1
'2026-08-22 08:30:42.586935900,0.096935900,0
'2026-08-22 08:30:42.586944000,0.096944000,1
'2026-08-22 08:30:42.587378800,0.097378800,0
'2026-08-22 08:30:42.587378900,0.097378900,1
'2026-08-22 08:30:42.587379000,0.097379000,0
'2026-08-22 08:30:42.587390200,0.097390200,1
'2026-08-22 08:30:42.587405000,0.097405000,0
'2026-08-22 08:30:42.587405200,0.097405200,1
'2026-08-22 08:30:42.587405300,0.097405300,0
'2026-08-22 08:30:42.587416400,0.097416400,1
'2026-08-22 08:30:42.587431200,0.097431200,0
'2026-08-22 08:30:42.587432000,0.097432000,1
'2026-08-22 08:30:42.587432200,0.097432200,0
'2026-08-22 08:30:42.587442500,0.097442500,1
'2026-08-22 08:30:42.587457000,0.097457000,0
'2026-08-22 08:30:42.587457100,0.097457100,1
'2026-08-22 08:30:42.587457400,0.097457400,0
'2026-08-22 08:30:42.587468600,0.097468600,1
'2026-08-22 08:30:42.587483500,0.097483500,0
'2026-08-22 08:30:42.587494700,0.097494700,1
'2026-08-22 08:30:42.587509600,0.097509600,0
'2026-08-22 08:30:42.587509700,0.097509700,1
'2026-08-22 08:30:42.587509800,0.097509800,0
'2026-08-22 08:30:42.587520800,0.097520800,1
'2026-08-22 08:30:42.587535600,0.097535600,0
'2026-08-22 08:30:42.587536600,0.097536600,1
'2026-08-22 08:30:42.587536700,0.097536700,0
'2026-08-22 08:30:42.587546900,0.097546900,1
'2026-08-22 08:30:42.587561800,0.097561800,0
'2026-08-22 08:30:42.587573000,0.097573000,1
'2026-08-22 08:30:42.587588000,0.097588000,0
'2026-08-22 08:30:42.587591700,0.097591700,1
'2026-08-22 08:30:42.587592500,0.097592500,0
'2026-08-22 08:30:42.587594300,0.097594300,1
'2026-08-22 08:30:42.587594700,0.097594700,0
'2026-08-22 08:30:42.587596100,0.097596100,1
'2026-08-22 08:30:42.587596200,0.097596200,0
'2026-08-22 08:30:42.587596300,0.097596300,1
'2026-08-22 08:30:42.587596700,0.097596700,0
'2026-08-22 08:30:42.587599100,0.097599100,1
'2026-08-22 08:30:42.587614000,0.097614000,0
'2026-08-22 08:30:42.587614100,0.097614100,1
'2026-08-22 08:30:42.587614300,0.097614300,0
'2026-08-22 08:30:42.587625200,0.097625200,1
'2026-08-22 08:30:42.587640200,0.097640200,0
'2026-08-22 08:30:42.587640300,0.097640300,1
'2026-08-22 08:30:42.587640500,0.097640500,0
'2026-08-22 08:30:42.587651300,0.097651300,1
'2026-08-22 08:30:42.587666300,0.097666300,0
'2026-08-22 08:30:42.587666700,0.097666700,1
'2026-08-22 08:30:42.587666800,0.097666800,0
'2026-08-22 08:30:42.587677400,0.097677400,1
'2026-08-22 08:30:42.587692200,0.097692200,0
'2026-08-22 08:30:42.587692400,0.097692400,1
'2026-08-22 08:30:42.587692500,0.097692500,0
'2026-08-22 08:30:42.587693900,0.097693900,1
'2026-08-22 08:30:42.587694000,0.097694000,0
'2026-08-22 08:30:42.587703500,0.097703500,1
'2026-08-22 08:30:42.587718600,0.097718600,0
'2026-08-22 08:30:42.587718700,0.097718700,1
'2026-08-22 08:30:42.587718800,0.097718800,0
'2026-08-22 08:30:42.587729600,0.097729600,1
'2026-08-22 08:30:42.587744700,0.097744700,0
'2026-08-22 08:30:42.587755800,0.097755800,1
'2026-08-22 08:30:42.588190300,0.098190300,0
'2026-08-22 08:30:42.588199400,0.098199400,1
'2026-08-22 08:30:42.588214300,0.098214300,0
'2026-08-22 08:30:42.588225500,0.098225500,1
'2026-08-22 08:30:42.588240200,0.098240200,0
'2026-08-22 08:30:42.588240400,0.098240400,1
'2026-08-22 08:30:42.588240500,0.098240500,0
'2026-08-22 08:30:42.588251600,0.098251600,1
'2026-08-22 08:30:42.588266400,0.098266400,0
'2026-08-22 08:30:42.588277700,0.098277700,1
'2026-08-22 08:30:42.588292600,0.098292600,0
'2026-08-22 08:30:42.588292800,0.098292800,1
'2026-08-22 08:30:42.588292900,0.098292900,0
'2026-08-22 08:30:42.588303500,0.098303500,1
'2026-08-22 08:30:42.588303600,0.098303600,0
'2026-08-22 08:30:42.588303800,0.098303800,1
'2026-08-22 08:30:42.588318500,0.098318500,0
'2026-08-22 08:30:42.588318600,0.098318600,1
'2026-08-22 08:30:42.588318700,0.098318700,0
'2026-08-22 08:30:42.588329900,0.098329900,1
'2026-08-22 08:30:42.588345000,0.098345000,0
'2026-08-22 08:30:42.588356000,0.098356000,1
'2026-08-22 08:30:42.588370800,0.098370800,0
'2026-08-22 08:30:42.588371100,0.098371100,1
'2026-08-22 08:30:42.588371200,0.098371200,0
'2026-08-22 08:30:42.588382100,0.098382100,1
'2026-08-22 08:30:42.588397000,0.098397000,0
'2026-08-22 08:30:42.588408200,0.098408200,1
'2026-08-22 08:30:42.588423200,0.098423200,0
'2026-08-22 08:30:42.588434300,0.098434300,1
'2026-08-22 08:30:42.588449100,0.098449100,0
'2026-08-22 08:30:42.588449200,0.098449200,1
'2026-08-22 08:30:42.588449400,0.098449400,0
'2026-08-22 08:30:42.588460500,0.098460500,1
'2026-08-22 08:30:42.588475400,0.098475400,0
'2026-08-22 08:30:42.588475700,0.098475700,1
'2026-08-22 08:30:42.588475800,0.098475800,0
'2026-08-22 08:30:42.588486600,0.098486600,1
'2026-08-22 08:30:42.588501400,0.098501400,0
'2026-08-22 08:30:42.588505800,0.098505800,1
'2026-08-22 08:30:42.588505900,0.098505900,0
'2026-08-22 08:30:42.588507200,0.098507200,1
'2026-08-22 08:30:42.588507300,0.098507300,0
'2026-08-22 08:30:42.588512700,0.098512700,1
'2026-08-22 08:30:42.588527800,0.098527800,0
'2026-08-22 08:30:42.588528200,0.098528200,1
'2026-08-22 08:30:42.588528300,0.098528300,0
'2026-08-22 08:30:42.588538800,0.098538800,1
'2026-08-22 08:30:42.588553500,0.098553500,0
'2026-08-22 08:30:42.588554500,0.098554500,1
'2026-08-22 08:30:42.588554600,0.098554600,0
'2026-08-22 08:30:42.588564900,0.098564900,1
'2026-08-22 08:30:42.588580000,0.098580000,0
'2026-08-22 08:30:42.588587200,0.098587200,1
'2026-08-22 08:30:42.588587300,0.098587300,0
'2026-08-22 08:30:42.588591000,0.098591000,1
'2026-08-22 08:30:42.589006800,0.099006800,0
'2026-08-22 08:30:42.589008500,0.099008500,1
'2026-08-22 08:30:42.589023200,0.099023200,0
'2026-08-22 08:30:42.589034600,0.099034600,1
'2026-08-22 08:30:42.589049500,0.099049500,0
'2026-08-22 08:30:42.589060700,0.099060700,1
'2026-08-22 08:30:42.589075400,0.099075400,0
'2026-08-22 08:30:42.589075500,0.099075500,1
'2026-08-22 08:30:42.589075600,0.099075600,0
'2026-08-22 08:30:42.589086800,0.099086800,1
'2026-08-22 08:30:42.589102000,0.099102000,0
'2026-08-22 08:30:42.589112900,0.099112900,1
'2026-08-22 08:30:42.589127800,0.099127800,0
'2026-08-22 08:30:42.589128100,0.099128100,1
'2026-08-22 08:30:42.589128200,0.099128200,0
'2026-08-22 08:30:42.589131500,0.099131500,1
'2026-08-22 08:30:42.589131600,0.099131600,0
'2026-08-22 08:30:42.589139000,0.099139000,1
'2026-08-22 08:30:42.589153800,0.099153800,0
'2026-08-22 08:30:42.589165200,0.099165200,1
'2026-08-22 08:30:42.589180700,0.099180700,0
'2026-08-22 08:30:42.589181200,0.099181200,1
'2026-08-22 08:30:42.589181300,0.099181300,0
'2026-08-22 08:30:42.589182300,0.099182300,1
'2026-08-22 08:30:42.589182400,0.099182400,0
'2026-08-22 08:30:42.589191300,0.099191300,1
'2026-08-22 08:30:42.589206200,0.099206200,0
'2026-08-22 08:30:42.589206300,0.099206300,1
'2026-08-22 08:30:42.589206400,0.099206400,0
'2026-08-22 08:30:42.589217400,0.099217400,1
'2026-08-22 08:30:42.589232300,0.099232300,0
'2026-08-22 08:30:42.589243500,0.099243500,1
'2026-08-22 08:30:42.589258200,0.099258200,0
'2026-08-22 08:30:42.589258300,0.099258300,1
'2026-08-22 08:30:42.589258500,0.099258500,0
'2026-08-22 08:30:42.589258700,0.099258700,1
'2026-08-22 08:30:42.589258800,0.099258800,0
'2026-08-22 08:30:42.589258900,0.099258900,1
'2026-08-22 08:30:42.589259000,0.099259000,0
'2026-08-22 08:30:42.589260000,0.099260000,1
'2026-08-22 08:30:42.589260100,0.099260100,0
'2026-08-22 08:30:42.589269600,0.099269600,1
'2026-08-22 08:30:42.589284400,0.099284400,0
'2026-08-22 08:30:42.589284600,0.099284600,1
'2026-08-22 08:30:42.589284700,0.099284700,0
'2026-08-22 08:30:42.589295700,0.099295700,1
'2026-08-22 08:30:42.589310500,0.099310500,0
'2026-08-22 08:30:42.589310600,0.099310600,1
'2026-08-22 08:30:42.589311000,0.099311000,0
'2026-08-22 08:30:42.589311300,0.099311300,1
'2026-08-22 08:30:42.589311600,0.099311600,0
'2026-08-22 08:30:42.589312600,0.099312600,1
'2026-08-22 08:30:42.589312700,0.099312700,0
'2026-08-22 08:30:42.589321800,0.099321800,1
'2026-08-22 08:30:42.589336700,0.099336700,0
'2026-08-22 08:30:42.589341600,0.099341600,1
'2026-08-22 08:30:42.589341700,0.099341700,0
'2026-08-22 08:30:42.589341900,0.099341900,1
'2026-08-22 08:30:42.589342000,0.099342000,0
'2026-08-22 08:30:42.589347900,0.099347900,1
'2026-08-22 08:30:42.589363200,0.099363200,0
'2026-08-22 08:30:42.589374000,0.099374000,1
'2026-08-22 08:30:42.589388800,0.099388800,0
'2026-08-22 08:30:42.589400100,0.099400100,1
'2026-08-22 08:30:42.589415000,0.099415000,0
'2026-08-22 08:30:42.589416200,0.099416200,1
'2026-08-22 08:30:42.589832400,0.099832400,0
'2026-08-22 08:30:42.589843700,0.099843700,1
'2026-08-22 08:30:42.589858400,0.099858400,0
'2026-08-22 08:30:42.589861500,0.099861500,1
'2026-08-22 08:30:42.589861600,0.099861600,0
'2026-08-22 08:30:42.589869900,0.099869900,1
'2026-08-22 08:30:42.589884600,0.099884600,0
'2026-08-22 08:30:42.589884700,0.099884700,1
'2026-08-22 08:30:42.589885000,0.099885000,0
'2026-08-22 08:30:42.589896000,0.099896000,1
'2026-08-22 08:30:42.589910700,0.099910700,0
'2026-08-22 08:30:42.589910800,0.099910800,1
'2026-08-22 08:30:42.589910900,0.099910900,0
'2026-08-22 08:30:42.589922100,0.099922100,1
'2026-08-22 08:30:42.589937000,0.099937000,0
'2026-08-22 08:30:42.589948200,0.099948200,1
'2026-08-22 08:30:42.589963300,0.099963300,0
'2026-08-22 08:30:42.589964300,0.099964300,1
'2026-08-22 08:30:42.589964400,0.099964400,0
'2026-08-22 08:30:42.589974300,0.099974300,1
'2026-08-22 08:30:42.589989000,0.099989000,0
'2026-08-22 08:30:42.590000400,0.100000400,1
'2026-08-22 08:30:42.590015800,0.100015800,0
'2026-08-22 08:30:42.590015900,0.100015900,1
'2026-08-22 08:30:42.590016000,0.100016000,0
'2026-08-22 08:30:42.590026500,0.100026500,1
'2026-08-22 08:30:42.590041200,0.100041200,0
'2026-08-22 08:30:42.590041400,0.100041400,1
'2026-08-22 08:30:42.590041500,0.100041500,0
'2026-08-22 08:30:42.590046100,0.100046100,1
'2026-08-22 08:30:42.590046200,0.100046200,0
'2026-08-22 08:30:42.590052600,0.100052600,1
'2026-08-22 08:30:42.590067400,0.100067400,0
'2026-08-22 08:30:42.590067600,0.100067600,1
'2026-08-22 08:30:42.590067800,0.100067800,0
'2026-08-22 08:30:42.590074100,0.100074100,1
'2026-08-22 08:30:42.590074200,0.100074200,0
'2026-08-22 08:30:42.590075300,0.100075300,1
'2026-08-22 08:30:42.590075400,0.100075400,0
'2026-08-22 08:30:42.590076400,0.100076400,1
'2026-08-22 08:30:42.590076500,0.100076500,0
'2026-08-22 08:30:42.590078700,0.100078700,1
'2026-08-22 08:30:42.590093600,0.100093600,0
'2026-08-22 08:30:42.590094600,0.100094600,1
'2026-08-22 08:30:42.590094700,0.100094700,0
'2026-08-22 08:30:42.590096900,0.100096900,1
'2026-08-22 08:30:42.590097000,0.100097000,0
'2026-08-22 08:30:42.590104800,0.100104800,1
'2026-08-22 08:30:42.590119800,0.100119800,0
'2026-08-22 08:30:42.590130900,0.100130900,1
'2026-08-22 08:30:42.590146200,0.100146200,0
'2026-08-22 08:30:42.590146500,0.100146500,1
'2026-08-22 08:30:42.590146600,0.100146600,0
'2026-08-22 08:30:42.590146700,0.100146700,1
'2026-08-22 08:30:42.590146800,0.100146800,0
'2026-08-22 08:30:42.590157000,0.100157000,1
'2026-08-22 08:30:42.590171800,0.100171800,0
'2026-08-22 08:30:42.590172800,0.100172800,1
'2026-08-22 08:30:42.590172900,0.100172900,0
'2026-08-22 08:30:42.590176300,0.100176300,1
'2026-08-22 08:30:42.590176400,0.100176400,0
'2026-08-22 08:30:42.590176800,0.100176800,1
'2026-08-22 08:30:42.590176900,0.100176900,0
'2026-08-22 08:30:42.590183100,0.100183100,1
'2026-08-22 08:30:42.590198200,0.100198200,0
'2026-08-22 08:30:42.590203700,0.100203700,1
'2026-08-22 08:30:42.590203800,0.100203800,0
'2026-08-22 08:30:42.590209200,0.100209200,1
'2026-08-22 08:30:42.590224300,0.100224300,0
'2026-08-22 08:30:42.590224400,0.100224400,1
'2026-08-22 08:30:42.590224500,0.100224500,0
'2026-08-22 08:30:42.590225400,0.100225400,1
'2026-08-22 08:30:42.590225500,0.100225500,0
'2026-08-22 08:30:42.590226600,0.100226600,1
'2026-08-22 08:30:42.590226700,0.100226700,0
'2026-08-22 08:30:42.590235300,0.100235300,1
'2026-08-22 08:30:42.590667700,0.100667700,0
'2026-08-22 08:30:42.590668500,0.100668500,1
'2026-08-22 08:30:42.590668600,0.100668600,0
'2026-08-22 08:30:42.590668900,0.100668900,1
'2026-08-22 08:30:42.590669000,0.100669000,0
'2026-08-22 08:30:42.590669500,0.100669500,1
'2026-08-22 08:30:42.590669600,0.100669600,0
'2026-08-22 08:30:42.590679000,0.100679000,1
'2026-08-22 08:30:42.590693800,0.100693800,0
'2026-08-22 08:30:42.590705100,0.100705100,1
'2026-08-22 08:30:42.590720200,0.100720200,0
'2026-08-22 08:30:42.590720500,0.100720500,1
'2026-08-22 08:30:42.590720600,0.100720600,0
'2026-08-22 08:30:42.590722300,0.100722300,1
'2026-08-22 08:30:42.590722400,0.100722400,0
'2026-08-22 08:30:42.590731200,0.100731200,1
'2026-08-22 08:30:42.590746000,0.100746000,0
'2026-08-22 08:30:42.590757300,0.100757300,1
'2026-08-22 08:30:42.590772100,0.100772100,0
'2026-08-22 08:30:42.590772500,0.100772500,1
'2026-08-22 08:30:42.590772600,0.100772600,0
'2026-08-22 08:30:42.590783400,0.100783400,1
'2026-08-22 08:30:42.590798300,0.100798300,0
'2026-08-22 08:30:42.590809500,0.100809500,1
'2026-08-22 08:30:42.590824200,0.100824200,0
'2026-08-22 08:30:42.590835600,0.100835600,1
'2026-08-22 08:30:42.590850600,0.100850600,0
'2026-08-22 08:30:42.590850700,0.100850700,1
'2026-08-22 08:30:42.590850900,0.100850900,0
'2026-08-22 08:30:42.590861700,0.100861700,1
'2026-08-22 08:30:42.590876600,0.100876600,0
'2026-08-22 08:30:42.590876700,0.100876700,1
'2026-08-22 08:30:42.590876800,0.100876800,0
'2026-08-22 08:30:42.590879500,0.100879500,1
'2026-08-22 08:30:42.590879600,0.100879600,0
'2026-08-22 08:30:42.590887800,0.100887800,1
'2026-08-22 08:30:42.590902600,0.100902600,0
'2026-08-22 08:30:42.590902800,0.100902800,1
'2026-08-22 08:30:42.590902900,0.100902900,0
'2026-08-22 08:30:42.590912100,0.100912100,1
'2026-08-22 08:30:42.590912200,0.100912200,0
'2026-08-22 08:30:42.590913900,0.100913900,1
'2026-08-22 08:30:42.590928800,0.100928800,0
'2026-08-22 08:30:42.590928900,0.100928900,1
'2026-08-22 08:30:42.590929000,0.100929000,0
'2026-08-22 08:30:42.590929100,0.100929100,1
'2026-08-22 08:30:42.590929200,0.100929200,0
'2026-08-22 08:30:42.590929600,0.100929600,1
'2026-08-22 08:30:42.590929800,0.100929800,0
'2026-08-22 08:30:42.590940000,0.100940000,1
'2026-08-22 08:30:42.590954900,0.100954900,0
'2026-08-22 08:30:42.590966100,0.100966100,1
'2026-08-22 08:30:42.590981200,0.100981200,0
'2026-08-22 08:30:42.590981300,0.100981300,1
'2026-08-22 08:30:42.590981400,0.100981400,0
'2026-08-22 08:30:42.590981600,0.100981600,1
'2026-08-22 08:30:42.590981700,0.100981700,0
'2026-08-22 08:30:42.590985700,0.100985700,1
'2026-08-22 08:30:42.590985800,0.100985800,0
'2026-08-22 08:30:42.590992200,0.100992200,1
'2026-08-22 08:30:42.591007100,0.101007100,0
'2026-08-22 08:30:42.591009100,0.101009100,1
'2026-08-22 08:30:42.591009200,0.101009200,0
'2026-08-22 08:30:42.591009700,0.101009700,1
'2026-08-22 08:30:42.591009800,0.101009800,0
'2026-08-22 08:30:42.591018300,0.101018300,1
'2026-08-22 08:30:42.591033200,0.101033200,0
'2026-08-22 08:30:42.591033700,0.101033700,1
'2026-08-22 08:30:42.591033800,0.101033800,0
'2026-08-22 08:30:42.591034200,0.101034200,1
'2026-08-22 08:30:42.591034300,0.101034300,0
'2026-08-22 08:30:42.591034800,0.101034800,1
'2026-08-22 08:30:42.591034900,0.101034900,0
'2026-08-22 08:30:42.591044400,0.101044400,1
'2026-08-22 08:30:42.591059200,0.101059200,0
'2026-08-22 08:30:42.591059300,0.101059300,1
'2026-08-22 08:30:42.591059400,0.101059400,0
'2026-08-22 08:30:42.591059900,0.101059900,1
'2026-08-22 08:30:42.591060000,0.101060000,0
'2026-08-22 08:30:42.591064400,0.101064400,1
'2026-08-22 08:30:42.591479000,0.101479000,0
'2026-08-22 08:30:42.591488000,0.101488000,1
'2026-08-22 08:30:42.591502900,0.101502900,0
'2026-08-22 08:30:42.591503100,0.101503100,1
'2026-08-22 08:30:42.591503200,0.101503200,0
'2026-08-22 08:30:42.591503700,0.101503700,1
'2026-08-22 08:30:42.591503800,0.101503800,0
'2026-08-22 08:30:42.591514200,0.101514200,1
'2026-08-22 08:30:42.591529000,0.101529000,0
'2026-08-22 08:30:42.591540300,0.101540300,1
'2026-08-22 08:30:42.591555000,0.101555000,0
'2026-08-22 08:30:42.591555100,0.101555100,1
'2026-08-22 08:30:42.591555200,0.101555200,0
'2026-08-22 08:30:42.591566400,0.101566400,1
'2026-08-22 08:30:42.591581200,0.101581200,0
'2026-08-22 08:30:42.591581300,0.101581300,1
'2026-08-22 08:30:42.591581500,0.101581500,0
'2026-08-22 08:30:42.591589900,0.101589900,1
'2026-08-22 08:30:42.591590000,0.101590000,0
'2026-08-22 08:30:42.591592500,0.101592500,1
'2026-08-22 08:30:42.591607100,0.101607100,0
'2026-08-22 08:30:42.591607200,0.101607200,1
'2026-08-22 08:30:42.591607300,0.101607300,0
'2026-08-22 08:30:42.591616400,0.101616400,1
'2026-08-22 08:30:42.591616500,0.101616500,0
'2026-08-22 08:30:42.591618600,0.101618600,1
'2026-08-22 08:30:42.591633600,0.101633600,0
'2026-08-22 08:30:42.591634500,0.101634500,1
'2026-08-22 08:30:42.591634700,0.101634700,0
'2026-08-22 08:30:42.591642900,0.101642900,1
'2026-08-22 08:30:42.591643000,0.101643000,0
'2026-08-22 08:30:42.591644700,0.101644700,1
'2026-08-22 08:30:42.591659600,0.101659600,0
'2026-08-22 08:30:42.591659700,0.101659700,1
'2026-08-22 08:30:42.591659800,0.101659800,0
'2026-08-22 08:30:42.591670800,0.101670800,1
'2026-08-22 08:30:42.591685800,0.101685800,0
'2026-08-22 08:30:42.591685900,0.101685900,1
'2026-08-22 08:30:42.591686100,0.101686100,0
'2026-08-22 08:30:42.591693100,0.101693100,1
'2026-08-22 08:30:42.591693200,0.101693200,0
'2026-08-22 08:30:42.591696900,0.101696900,1
'2026-08-22 08:30:42.591711800,0.101711800,0
'2026-08-22 08:30:42.591712700,0.101712700,1
'2026-08-22 08:30:42.591712800,0.101712800,0
'2026-08-22 08:30:42.591723000,0.101723000,1
'2026-08-22 08:30:42.591738100,0.101738100,0
'2026-08-22 08:30:42.591743500,0.101743500,1
'2026-08-22 08:30:42.591743600,0.101743600,0
'2026-08-22 08:30:42.591746100,0.101746100,1
'2026-08-22 08:30:42.591746200,0.101746200,0
'2026-08-22 08:30:42.591749100,0.101749100,1
'2026-08-22 08:30:42.591763900,0.101763900,0
'2026-08-22 08:30:42.591768900,0.101768900,1
'2026-08-22 08:30:42.591769000,0.101769000,0
'2026-08-22 08:30:42.591775200,0.101775200,1
'2026-08-22 08:30:42.591790200,0.101790200,0
'2026-08-22 08:30:42.591790500,0.101790500,1
'2026-08-22 08:30:42.591790600,0.101790600,0
'2026-08-22 08:30:42.591790700,0.101790700,1
'2026-08-22 08:30:42.591790800,0.101790800,0
'2026-08-22 08:30:42.591793500,0.101793500,1
'2026-08-22 08:30:42.591793600,0.101793600,0
'2026-08-22 08:30:42.591801300,0.101801300,1
'2026-08-22 08:30:42.591816400,0.101816400,0
'2026-08-22 08:30:42.591823800,0.101823800,1
'2026-08-22 08:30:42.591823900,0.101823900,0
'2026-08-22 08:30:42.591827400,0.101827400,1
'2026-08-22 08:30:42.591842300,0.101842300,0
'2026-08-22 08:30:42.591842500,0.101842500,1
'2026-08-22 08:30:42.591842600,0.101842600,0
'2026-08-22 08:30:42.591843700,0.101843700,1
'2026-08-22 08:30:42.591843800,0.101843800,0
'2026-08-22 08:30:42.591843900,0.101843900,1
'2026-08-22 08:30:42.591844000,0.101844000,0
'2026-08-22 08:30:42.591845600,0.101845600,1
'2026-08-22 08:30:42.591845700,0.101845700,0
'2026-08-22 08:30:42.591853500,0.101853500,1
'2026-08-22 08:30:42.591868500,0.101868500,0
'2026-08-22 08:30:42.591868700,0.101868700,1
'2026-08-22 08:30:42.591868900,0.101868900,0
'2026-08-22 08:30:42.591870000,0.101870000,1
'2026-08-22 08:30:42.591870100,0.101870100,0
'2026-08-22 08:30:42.591879700,0.101879700,1
'2026-08-22 08:30:42.592312000,0.102312000,0
'2026-08-22 08:30:42.592312300,0.102312300,1
'2026-08-22 08:30:42.592312400,0.102312400,0
'2026-08-22 08:30:42.592323200,0.102323200,1
'2026-08-22 08:30:42.592338200,0.102338200,0
'2026-08-22 08:30:42.592338500,0.102338500,1
'2026-08-22 08:30:42.592338600,0.102338600,0
'2026-08-22 08:30:42.592346700,0.102346700,1
'2026-08-22 08:30:42.592346800,0.102346800,0
'2026-08-22 08:30:42.592349400,0.102349400,1
'2026-08-22 08:30:42.592364000,0.102364000,0
'2026-08-22 08:30:42.592364200,0.102364200,1
'2026-08-22 08:30:42.592364400,0.102364400,0
'2026-08-22 08:30:42.592368300,0.102368300,1
'2026-08-22 08:30:42.592368400,0.102368400,0
'2026-08-22 08:30:42.592375500,0.102375500,1
'2026-08-22 08:30:42.592390200,0.102390200,0
'2026-08-22 08:30:42.592390500,0.102390500,1
'2026-08-22 08:30:42.592390600,0.102390600,0
'2026-08-22 08:30:42.592398700,0.102398700,1
'2026-08-22 08:30:42.592398800,0.102398800,0
'2026-08-22 08:30:42.592401600,0.102401600,1
'2026-08-22 08:30:42.592416500,0.102416500,0
'2026-08-22 08:30:42.592427700,0.102427700,1
'2026-08-22 08:30:42.592442700,0.102442700,0
'2026-08-22 08:30:42.592453800,0.102453800,1
'2026-08-22 08:30:42.592468900,0.102468900,0
'2026-08-22 08:30:42.592471300,0.102471300,1
'2026-08-22 08:30:42.592471400,0.102471400,0
'2026-08-22 08:30:42.592471600,0.102471600,1
'2026-08-22 08:30:42.592471700,0.102471700,0
'2026-08-22 08:30:42.592474100,0.102474100,1
'2026-08-22 08:30:42.592474200,0.102474200,0
'2026-08-22 08:30:42.592479000,0.102479000,1
'2026-08-22 08:30:42.592479100,0.102479100,0
'2026-08-22 08:30:42.592479900,0.102479900,1
'2026-08-22 08:30:42.592494700,0.102494700,0
'2026-08-22 08:30:42.592506000,0.102506000,1
'2026-08-22 08:30:42.592520900,0.102520900,0
'2026-08-22 08:30:42.592521400,0.102521400,1
'2026-08-22 08:30:42.592521600,0.102521600,0
'2026-08-22 08:30:42.592532100,0.102532100,1
'2026-08-22 08:30:42.592547000,0.102547000,0
'2026-08-22 08:30:42.592547100,0.102547100,1
'2026-08-22 08:30:42.592547300,0.102547300,0
'2026-08-22 08:30:42.592547600,0.102547600,1
'2026-08-22 08:30:42.592547800,0.102547800,0
'2026-08-22 08:30:42.592549400,0.102549400,1
'2026-08-22 08:30:42.592549500,0.102549500,0
'2026-08-22 08:30:42.592554900,0.102554900,1
'2026-08-22 08:30:42.592555000,0.102555000,0
'2026-08-22 08:30:42.592557700,0.102557700,1
'2026-08-22 08:30:42.592557800,0.102557800,0
'2026-08-22 08:30:42.592558200,0.102558200,1
'2026-08-22 08:30:42.592573000,0.102573000,0
'2026-08-22 08:30:42.592573400,0.102573400,1
'2026-08-22 08:30:42.592573500,0.102573500,0
'2026-08-22 08:30:42.592574400,0.102574400,1
'2026-08-22 08:30:42.592574600,0.102574600,0
'2026-08-22 08:30:42.592577200,0.102577200,1
'2026-08-22 08:30:42.592577300,0.102577300,0
'2026-08-22 08:30:42.592577500,0.102577500,1
'2026-08-22 08:30:42.592577600,0.102577600,0
'2026-08-22 08:30:42.592578100,0.102578100,1
'2026-08-22 08:30:42.592578200,0.102578200,0
'2026-08-22 08:30:42.592580000,0.102580000,1
'2026-08-22 08:30:42.592580100,0.102580100,0
'2026-08-22 08:30:42.592582800,0.102582800,1
'2026-08-22 08:30:42.592582900,0.102582900,0
'2026-08-22 08:30:42.592584300,0.102584300,1
'2026-08-22 08:30:42.592599400,0.102599400,0
'2026-08-22 08:30:42.592599500,0.102599500,1
'2026-08-22 08:30:42.592599800,0.102599800,0
'2026-08-22 08:30:42.592602300,0.102602300,1
'2026-08-22 08:30:42.592602400,0.102602400,0
'2026-08-22 08:30:42.592605100,0.102605100,1
'2026-08-22 08:30:42.592605200,0.102605200,0
'2026-08-22 08:30:42.592607900,0.102607900,1
'2026-08-22 08:30:42.592608000,0.102608000,0
'2026-08-22 08:30:42.592610400,0.102610400,1
'2026-08-22 08:30:42.592625100,0.102625100,0
'2026-08-22 08:30:42.592625200,0.102625200,1
'2026-08-22 08:30:42.592625300,0.102625300,0
'2026-08-22 08:30:42.592625400,0.102625400,1
'2026-08-22 08:30:42.592625500,0.102625500,0
'2026-08-22 08:30:42.592625600,0.102625600,1
'2026-08-22 08:30:42.592625700,0.102625700,0
'2026-08-22 08:30:42.592625900,0.102625900,1
'2026-08-22 08:30:42.592626000,0.102626000,0
'2026-08-22 08:30:42.592627400,0.102627400,1
'2026-08-22 08:30:42.592627500,0.102627500,0
'2026-08-22 08:30:42.592627700,0.102627700,1
'2026-08-22 08:30:42.592627800,0.102627800,0
'2026-08-22 08:30:42.592630200,0.102630200,1
'2026-08-22 08:30:42.592630300,0.102630300,0
'2026-08-22 08:30:42.592633000,0.102633000,1
'2026-08-22 08:30:42.592633100,0.102633100,0
'2026-08-22 08:30:42.592636500,0.102636500,1
'2026-08-22 08:30:42.592651100,0.102651100,0
'2026-08-22 08:30:42.592651600,0.102651600,1
'2026-08-22 08:30:42.592651700,0.102651700,0
'2026-08-22 08:30:42.592652500,0.102652500,1
'2026-08-22 08:30:42.592652600,0.102652600,0
'2026-08-22 08:30:42.592655300,0.102655300,1
'2026-08-22 08:30:42.592655400,0.102655400,0
'2026-08-22 08:30:42.592658100,0.102658100,1
'2026-08-22 08:30:42.592658200,0.102658200,0
'2026-08-22 08:30:42.592660900,0.102660900,1
'2026-08-22 08:30:42.592661100,0.102661100,0
'2026-08-22 08:30:42.592662600,0.102662600,1
'2026-08-22 08:30:42.592678000,0.102678000,0
'2026-08-22 08:30:42.592678300,0.102678300,1
'2026-08-22 08:30:42.592678500,0.102678500,0
'2026-08-22 08:30:42.592680200,0.102680200,1
'2026-08-22 08:30:42.592680600,0.102680600,0
'2026-08-22 08:30:42.592683200,0.102683200,1
'2026-08-22 08:30:42.592683300,0.102683300,0
'2026-08-22 08:30:42.592688700,0.102688700,1
'2026-08-22 08:30:42.592703800,0.102703800,0
'2026-08-22 08:30:42.592703900,0.102703900,1
'2026-08-22 08:30:42.592704000,0.102704000,0
'2026-08-22 08:30:42.592705500,0.102705500,1
'2026-08-22 08:30:42.592705600,0.102705600,0
'2026-08-22 08:30:42.592708300,0.102708300,1
'2026-08-22 08:30:42.592708400,0.102708400,0
'2026-08-22 08:30:42.592710600,0.102710600,1
'2026-08-22 08:30:42.592710700,0.102710700,0
'2026-08-22 08:30:42.592711100,0.102711100,1
'2026-08-22 08:30:42.592711400,0.102711400,0
'2026-08-22 08:30:42.592712500,0.102712500,1
'2026-08-22 08:30:42.593127200,0.103127200,0
'2026-08-22 08:30:42.593129400,0.103129400,1
'2026-08-22 08:30:42.593129500,0.103129500,0
'2026-08-22 08:30:42.593132200,0.103132200,1
'2026-08-22 08:30:42.593147200,0.103147200,0
'2026-08-22 08:30:42.593154500,0.103154500,1
'2026-08-22 08:30:42.593154600,0.103154600,0
'2026-08-22 08:30:42.593157300,0.103157300,1
'2026-08-22 08:30:42.593157400,0.103157400,0
'2026-08-22 08:30:42.593158400,0.103158400,1
'2026-08-22 08:30:42.593173300,0.103173300,0
'2026-08-22 08:30:42.593174000,0.103174000,1
'2026-08-22 08:30:42.593174100,0.103174100,0
'2026-08-22 08:30:42.593176800,0.103176800,1
'2026-08-22 08:30:42.593176900,0.103176900,0
'2026-08-22 08:30:42.593179600,0.103179600,1
'2026-08-22 08:30:42.593179700,0.103179700,0
'2026-08-22 08:30:42.593182400,0.103182400,1
'2026-08-22 08:30:42.593182500,0.103182500,0
'2026-08-22 08:30:42.593184500,0.103184500,1
'2026-08-22 08:30:42.593199400,0.103199400,0
'2026-08-22 08:30:42.593199500,0.103199500,1
'2026-08-22 08:30:42.593199600,0.103199600,0
'2026-08-22 08:30:42.593201900,0.103201900,1
'2026-08-22 08:30:42.593202000,0.103202000,0
'2026-08-22 08:30:42.593202700,0.103202700,1
'2026-08-22 08:30:42.593202800,0.103202800,0
'2026-08-22 08:30:42.593204700,0.103204700,1
'2026-08-22 08:30:42.593204800,0.103204800,0
'2026-08-22 08:30:42.593210600,0.103210600,1
'2026-08-22 08:30:42.593225500,0.103225500,0
'2026-08-22 08:30:42.593227000,0.103227000,1
'2026-08-22 08:30:42.593227100,0.103227100,0
'2026-08-22 08:30:42.593236800,0.103236800,1
'2026-08-22 08:30:42.593251500,0.103251500,0
'2026-08-22 08:30:42.593252100,0.103252100,1
'2026-08-22 08:30:42.593252300,0.103252300,0
'2026-08-22 08:30:42.593254900,0.103254900,1
'2026-08-22 08:30:42.593255100,0.103255100,0
'2026-08-22 08:30:42.593256800,0.103256800,1
'2026-08-22 08:30:42.593256900,0.103256900,0
'2026-08-22 08:30:42.593260500,0.103260500,1
'2026-08-22 08:30:42.593260600,0.103260600,0
'2026-08-22 08:30:42.593262900,0.103262900,1
'2026-08-22 08:30:42.593277900,0.103277900,0
'2026-08-22 08:30:42.593280000,0.103280000,1
'2026-08-22 08:30:42.593280300,0.103280300,0
'2026-08-22 08:30:42.593282800,0.103282800,1
'2026-08-22 08:30:42.593282900,0.103282900,0
'2026-08-22 08:30:42.593289000,0.103289000,1
'2026-08-22 08:30:42.593303700,0.103303700,0
'2026-08-22 08:30:42.593305100,0.103305100,1
'2026-08-22 08:30:42.593305300,0.103305300,0
'2026-08-22 08:30:42.593310700,0.103310700,1
'2026-08-22 08:30:42.593310800,0.103310800,0
'2026-08-22 08:30:42.593315100,0.103315100,1
'2026-08-22 08:30:42.593330000,0.103330000,0
'2026-08-22 08:30:42.593330200,0.103330200,1
'2026-08-22 08:30:42.593330500,0.103330500,0
'2026-08-22 08:30:42.593331500,0.103331500,1
'2026-08-22 08:30:42.593331600,0.103331600,0
'2026-08-22 08:30:42.593333000,0.103333000,1
'2026-08-22 08:30:42.593333100,0.103333100,0
'2026-08-22 08:30:42.593333300,0.103333300,1
'2026-08-22 08:30:42.593333400,0.103333400,0
'2026-08-22 08:30:42.593341200,0.103341200,1
'2026-08-22 08:30:42.593356200,0.103356200,0
'2026-08-22 08:30:42.593360900,0.103360900,1
'2026-08-22 08:30:42.593361000,0.103361000,0
'2026-08-22 08:30:42.593363700,0.103363700,1
'2026-08-22 08:30:42.593363800,0.103363800,0
'2026-08-22 08:30:42.593366500,0.103366500,1
'2026-08-22 08:30:42.593366700,0.103366700,0
'2026-08-22 08:30:42.593367300,0.103367300,1
'2026-08-22 08:30:42.593382000,0.103382000,0
'2026-08-22 08:30:42.593382100,0.103382100,1
'2026-08-22 08:30:42.593382200,0.103382200,0
'2026-08-22 08:30:42.593382300,0.103382300,1
'2026-08-22 08:30:42.593382400,0.103382400,0
'2026-08-22 08:30:42.593382900,0.103382900,1
'2026-08-22 08:30:42.593383000,0.103383000,0
'2026-08-22 08:30:42.593383200,0.103383200,1
'2026-08-22 08:30:42.593383300,0.103383300,0
'2026-08-22 08:30:42.593384100,0.103384100,1
'2026-08-22 08:30:42.593384200,0.103384200,0
'2026-08-22 08:30:42.593386000,0.103386000,1
'2026-08-22 08:30:42.593386100,0.103386100,0
'2026-08-22 08:30:42.593388800,0.103388800,1
'2026-08-22 08:30:42.593388900,0.103388900,0
'2026-08-22 08:30:42.593391600,0.103391600,1
'2026-08-22 08:30:42.593391800,0.103391800,0
'2026-08-22 08:30:42.593393400,0.103393400,1
'2026-08-22 08:30:42.593408200,0.103408200,0
'2026-08-22 08:30:42.593408300,0.103408300,1
'2026-08-22 08:30:42.593408400,0.103408400,0
'2026-08-22 08:30:42.593408600,0.103408600,1
'2026-08-22 08:30:42.593408700,0.103408700,0
'2026-08-22 08:30:42.593411100,0.103411100,1
'2026-08-22 08:30:42.593411300,0.103411300,0
'2026-08-22 08:30:42.593413900,0.103413900,1
'2026-08-22 08:30:42.593414000,0.103414000,0
'2026-08-22 08:30:42.593419500,0.103419500,1
'2026-08-22 08:30:42.593434500,0.103434500,0
'2026-08-22 08:30:42.593435500,0.103435500,1
'2026-08-22 08:30:42.593435600,0.103435600,0
'2026-08-22 08:30:42.593436200,0.103436200,1
'2026-08-22 08:30:42.593436300,0.103436300,0
'2026-08-22 08:30:42.593439000,0.103439000,1
'2026-08-22 08:30:42.593439100,0.103439100,0
'2026-08-22 08:30:42.593445600,0.103445600,1
'2026-08-22 08:30:42.593460400,0.103460400,0
'2026-08-22 08:30:42.593460600,0.103460600,1
'2026-08-22 08:30:42.593460700,0.103460700,0
'2026-08-22 08:30:42.593461300,0.103461300,1
'2026-08-22 08:30:42.593461400,0.103461400,0
'2026-08-22 08:30:42.593462400,0.103462400,1
'2026-08-22 08:30:42.593462500,0.103462500,0
'2026-08-22 08:30:42.593464100,0.103464100,1
'2026-08-22 08:30:42.593464200,0.103464200,0
'2026-08-22 08:30:42.593471700,0.103471700,1
'2026-08-22 08:30:42.593487000,0.103487000,0
'2026-08-22 08:30:42.593489200,0.103489200,1
'2026-08-22 08:30:42.593489400,0.103489400,0
'2026-08-22 08:30:42.593492700,0.103492700,1
'2026-08-22 08:30:42.593492800,0.103492800,0
'2026-08-22 08:30:42.593494800,0.103494800,1
'2026-08-22 08:30:42.593494900,0.103494900,0
'2026-08-22 08:30:42.593497800,0.103497800,1
'2026-08-22 08:30:42.593512700,0.103512700,0
'2026-08-22 08:30:42.593512800,0.103512800,1
'2026-08-22 08:30:42.593512900,0.103512900,0
'2026-08-22 08:30:42.593514300,0.103514300,1
'2026-08-22 08:30:42.593514400,0.103514400,0
'2026-08-22 08:30:42.593515500,0.103515500,1
'2026-08-22 08:30:42.593515700,0.103515700,0
'2026-08-22 08:30:42.593522700,0.103522700,1
'2026-08-22 08:30:42.593522800,0.103522800,0
'2026-08-22 08:30:42.593523900,0.103523900,1
'2026-08-22 08:30:42.593956300,0.103956300,0
'2026-08-22 08:30:42.593957700,0.103957700,1
'2026-08-22 08:30:42.593957800,0.103957800,0
'2026-08-22 08:30:42.593967500,0.103967500,1
'2026-08-22 08:30:42.593982400,0.103982400,0
'2026-08-22 08:30:42.593982900,0.103982900,1
'2026-08-22 08:30:42.593983000,0.103983000,0
'2026-08-22 08:30:42.593993600,0.103993600,1
'2026-08-22 08:30:42.594008700,0.104008700,0
'2026-08-22 08:30:42.594009000,0.104009000,1
'2026-08-22 08:30:42.594009200,0.104009200,0
'2026-08-22 08:30:42.594019700,0.104019700,1
'2026-08-22 08:30:42.594034400,0.104034400,0
'2026-08-22 08:30:42.594045900,0.104045900,1
'2026-08-22 08:30:42.594060800,0.104060800,0
'2026-08-22 08:30:42.594060900,0.104060900,1
'2026-08-22 08:30:42.594061000,0.104061000,0
'2026-08-22 08:30:42.594061100,0.104061100,1
'2026-08-22 08:30:42.594061200,0.104061200,0
'2026-08-22 08:30:42.594072000,0.104072000,1
'2026-08-22 08:30:42.594087000,0.104087000,0
'2026-08-22 08:30:42.594098100,0.104098100,1
'2026-08-22 08:30:42.594112800,0.104112800,0
'2026-08-22 08:30:42.594113100,0.104113100,1
'2026-08-22 08:30:42.594113200,0.104113200,0
'2026-08-22 08:30:42.594117500,0.104117500,1
'2026-08-22 08:30:42.594117600,0.104117600,0
'2026-08-22 08:30:42.594124200,0.104124200,1
'2026-08-22 08:30:42.594139500,0.104139500,0
'2026-08-22 08:30:42.594144700,0.104144700,1
'2026-08-22 08:30:42.594144800,0.104144800,0
'2026-08-22 08:30:42.594150300,0.104150300,1
'2026-08-22 08:30:42.594165400,0.104165400,0
'2026-08-22 08:30:42.594166000,0.104166000,1
'2026-08-22 08:30:42.594166100,0.104166100,0
'2026-08-22 08:30:42.594166900,0.104166900,1
'2026-08-22 08:30:42.594167000,0.104167000,0
'2026-08-22 08:30:42.594167500,0.104167500,1
'2026-08-22 08:30:42.594167600,0.104167600,0
'2026-08-22 08:30:42.594176400,0.104176400,1
'2026-08-22 08:30:42.594191300,0.104191300,0
'2026-08-22 08:30:42.594191500,0.104191500,1
'2026-08-22 08:30:42.594191600,0.104191600,0
'2026-08-22 08:30:42.594202500,0.104202500,1
'2026-08-22 08:30:42.594217900,0.104217900,0
'2026-08-22 08:30:42.594218300,0.104218300,1
'2026-08-22 08:30:42.594218400,0.104218400,0
'2026-08-22 08:30:42.594218900,0.104218900,1
'2026-08-22 08:30:42.594219000,0.104219000,0
'2026-08-22 08:30:42.594219900,0.104219900,1
'2026-08-22 08:30:42.594220000,0.104220000,0
'2026-08-22 08:30:42.594222400,0.104222400,1
'2026-08-22 08:30:42.594222500,0.104222500,0
'2026-08-22 08:30:42.594228600,0.104228600,1
'2026-08-22 08:30:42.594243400,0.104243400,0
'2026-08-22 08:30:42.594243500,0.104243500,1
'2026-08-22 08:30:42.594243600,0.104243600,0
'2026-08-22 08:30:42.594244100,0.104244100,1
'2026-08-22 08:30:42.594244200,0.104244200,0
'2026-08-22 08:30:42.594254700,0.104254700,1
'2026-08-22 08:30:42.594269900,0.104269900,0
'2026-08-22 08:30:42.594270000,0.104270000,1
'2026-08-22 08:30:42.594270200,0.104270200,0
'2026-08-22 08:30:42.594270300,0.104270300,1
'2026-08-22 08:30:42.594270400,0.104270400,0
'2026-08-22 08:30:42.594278500,0.104278500,1
'2026-08-22 08:30:42.594278600,0.104278600,0
'2026-08-22 08:30:42.594280800,0.104280800,1
'2026-08-22 08:30:42.594295800,0.104295800,0
'2026-08-22 08:30:42.594296000,0.104296000,1
'2026-08-22 08:30:42.594296100,0.104296100,0
'2026-08-22 08:30:42.594296900,0.104296900,1
'2026-08-22 08:30:42.594297000,0.104297000,0
'2026-08-22 08:30:42.594300400,0.104300400,1
'2026-08-22 08:30:42.594300500,0.104300500,0
'2026-08-22 08:30:42.594306900,0.104306900,1
'2026-08-22 08:30:42.594321800,0.104321800,0
'2026-08-22 08:30:42.594322300,0.104322300,1
'2026-08-22 08:30:42.594322400,0.104322400,0
'2026-08-22 08:30:42.594322900,0.104322900,1
'2026-08-22 08:30:42.594323000,0.104323000,0
'2026-08-22 08:30:42.594323500,0.104323500,1
'2026-08-22 08:30:42.594323600,0.104323600,0
'2026-08-22 08:30:42.594333000,0.104333000,1
'2026-08-22 08:30:42.594347600,0.104347600,0
'2026-08-22 08:30:42.594347700,0.104347700,1
'2026-08-22 08:30:42.594347800,0.104347800,0
'2026-08-22 08:30:42.594348000,0.104348000,1
'2026-08-22 08:30:42.594348100,0.104348100,0
'2026-08-22 08:30:42.594348200,0.104348200,1
'2026-08-22 08:30:42.594348400,0.104348400,0
'2026-08-22 08:30:42.594353300,0.104353300,1
'2026-08-22 08:30:42.594353400,0.104353400,0
'2026-08-22 08:30:42.594359100,0.104359100,1
'2026-08-22 08:30:42.594775300,0.104775300,0
'2026-08-22 08:30:42.594776700,0.104776700,1
'2026-08-22 08:30:42.594791200,0.104791200,0
'2026-08-22 08:30:42.594791300,0.104791300,1
'2026-08-22 08:30:42.594791600,0.104791600,0
'2026-08-22 08:30:42.594802800,0.104802800,1
'2026-08-22 08:30:42.594817400,0.104817400,0
'2026-08-22 08:30:42.594817500,0.104817500,1
'2026-08-22 08:30:42.594817600,0.104817600,0
'2026-08-22 08:30:42.594817700,0.104817700,1
'2026-08-22 08:30:42.594817800,0.104817800,0
'2026-08-22 08:30:42.594818400,0.104818400,1
'2026-08-22 08:30:42.594818500,0.104818500,0
'2026-08-22 08:30:42.594828900,0.104828900,1
'2026-08-22 08:30:42.594843600,0.104843600,0
'2026-08-22 08:30:42.594855000,0.104855000,1
'2026-08-22 08:30:42.594869800,0.104869800,0
'2026-08-22 08:30:42.594871500,0.104871500,1
'2026-08-22 08:30:42.594871600,0.104871600,0
'2026-08-22 08:30:42.594881100,0.104881100,1
'2026-08-22 08:30:42.594896100,0.104896100,0
'2026-08-22 08:30:42.594896600,0.104896600,1
'2026-08-22 08:30:42.594896700,0.104896700,0
'2026-08-22 08:30:42.594907200,0.104907200,1
'2026-08-22 08:30:42.594922200,0.104922200,0
'2026-08-22 08:30:42.594922300,0.104922300,1
'2026-08-22 08:30:42.594922400,0.104922400,0
'2026-08-22 08:30:42.594922900,0.104922900,1
'2026-08-22 08:30:42.594923000,0.104923000,0
'2026-08-22 08:30:42.594933300,0.104933300,1
'2026-08-22 08:30:42.594948200,0.104948200,0
'2026-08-22 08:30:42.594952100,0.104952100,1
'2026-08-22 08:30:42.594952200,0.104952200,0
'2026-08-22 08:30:42.594959400,0.104959400,1
'2026-08-22 08:30:42.594974100,0.104974100,0
'2026-08-22 08:30:42.594974200,0.104974200,1
'2026-08-22 08:30:42.594974400,0.104974400,0
'2026-08-22 08:30:42.594974600,0.104974600,1
'2026-08-22 08:30:42.594974700,0.104974700,0
'2026-08-22 08:30:42.594974900,0.104974900,1
'2026-08-22 08:30:42.594975000,0.104975000,0
'2026-08-22 08:30:42.594976900,0.104976900,1
'2026-08-22 08:30:42.594977000,0.104977000,0
'2026-08-22 08:30:42.594980100,0.104980100,1
'2026-08-22 08:30:42.594980200,0.104980200,0
'2026-08-22 08:30:42.594985500,0.104985500,1
'2026-08-22 08:30:42.595000800,0.105000800,0
'2026-08-22 08:30:42.595001100,0.105001100,1
'2026-08-22 08:30:42.595001200,0.105001200,0
'2026-08-22 08:30:42.595002300,0.105002300,1
'2026-08-22 08:30:42.595002400,0.105002400,0
'2026-08-22 08:30:42.595002900,0.105002900,1
'2026-08-22 08:30:42.595003000,0.105003000,0
'2026-08-22 08:30:42.595011600,0.105011600,1
'2026-08-22 08:30:42.595026400,0.105026400,0
'2026-08-22 08:30:42.595026500,0.105026500,1
'2026-08-22 08:30:42.595026600,0.105026600,0
'2026-08-22 08:30:42.595037700,0.105037700,1
'2026-08-22 08:30:42.595052900,0.105052900,0
'2026-08-22 08:30:42.595053100,0.105053100,1
'2026-08-22 08:30:42.595053300,0.105053300,0
'2026-08-22 08:30:42.595053700,0.105053700,1
'2026-08-22 08:30:42.595053800,0.105053800,0
'2026-08-22 08:30:42.595060700,0.105060700,1
'2026-08-22 08:30:42.595060800,0.105060800,0
'2026-08-22 08:30:42.595063700,0.105063700,1
'2026-08-22 08:30:42.595078600,0.105078600,0
'2026-08-22 08:30:42.595083500,0.105083500,1
'2026-08-22 08:30:42.595083600,0.105083600,0
'2026-08-22 08:30:42.595089900,0.105089900,1
'2026-08-22 08:30:42.595105300,0.105105300,0
'2026-08-22 08:30:42.595106300,0.105106300,1
'2026-08-22 08:30:42.595106400,0.105106400,0
'2026-08-22 08:30:42.595107500,0.105107500,1
'2026-08-22 08:30:42.595107600,0.105107600,0
'2026-08-22 08:30:42.595116000,0.105116000,1
'2026-08-22 08:30:42.595131200,0.105131200,0
'2026-08-22 08:30:42.595133200,0.105133200,1
'2026-08-22 08:30:42.595133300,0.105133300,0
'2026-08-22 08:30:42.595134300,0.105134300,1
'2026-08-22 08:30:42.595134400,0.105134400,0
'2026-08-22 08:30:42.595135500,0.105135500,1
'2026-08-22 08:30:42.595135600,0.105135600,0
'2026-08-22 08:30:42.595142100,0.105142100,1
'2026-08-22 08:30:42.595157300,0.105157300,0
'2026-08-22 08:30:42.595168200,0.105168200,1
'2026-08-22 08:30:42.595183600,0.105183600,0
'2026-08-22 08:30:42.595184000,0.105184000,1
'2026-08-22 08:30:42.595184200,0.105184200,0
'2026-08-22 08:30:42.595184800,0.105184800,1
'2026-08-22 08:30:42.595600500,0.105600500,0
'2026-08-22 08:30:42.595611900,0.105611900,1
'2026-08-22 08:30:42.595626700,0.105626700,0
'2026-08-22 08:30:42.595638000,0.105638000,1
'2026-08-22 08:30:42.595652900,0.105652900,0
'2026-08-22 08:30:42.595653700,0.105653700,1
'2026-08-22 08:30:42.595653800,0.105653800,0
'2026-08-22 08:30:42.595664100,0.105664100,1
'2026-08-22 08:30:42.595678800,0.105678800,0
'2026-08-22 08:30:42.595683100,0.105683100,1
'2026-08-22 08:30:42.595683200,0.105683200,0
'2026-08-22 08:30:42.595684100,0.105684100,1
'2026-08-22 08:30:42.595684200,0.105684200,0
'2026-08-22 08:30:42.595690200,0.105690200,1
'2026-08-22 08:30:42.595705100,0.105705100,0
'2026-08-22 08:30:42.595705300,0.105705300,1
'2026-08-22 08:30:42.595705400,0.105705400,0
'2026-08-22 08:30:42.595705500,0.105705500,1
'2026-08-22 08:30:42.595705600,0.105705600,0
'2026-08-22 08:30:42.595705900,0.105705900,1
'2026-08-22 08:30:42.595706000,0.105706000,0
'2026-08-22 08:30:42.595706500,0.105706500,1
'2026-08-22 08:30:42.595706600,0.105706600,0
'2026-08-22 08:30:42.595716300,0.105716300,1
'2026-08-22 08:30:42.595731000,0.105731000,0
'2026-08-22 08:30:42.595731100,0.105731100,1
'2026-08-22 08:30:42.595731200,0.105731200,0
'2026-08-22 08:30:42.595736300,0.105736300,1
'2026-08-22 08:30:42.595736400,0.105736400,0
'2026-08-22 08:30:42.595742400,0.105742400,1
'2026-08-22 08:30:42.595757300,0.105757300,0
'2026-08-22 08:30:42.595757400,0.105757400,1
'2026-08-22 08:30:42.595757500,0.105757500,0
'2026-08-22 08:30:42.595768500,0.105768500,1
'2026-08-22 08:30:42.595783800,0.105783800,0
'2026-08-22 08:30:42.595785500,0.105785500,1
'2026-08-22 08:30:42.595785600,0.105785600,0
'2026-08-22 08:30:42.595786000,0.105786000,1
'2026-08-22 08:30:42.595786100,0.105786100,0
'2026-08-22 08:30:42.595794600,0.105794600,1
'2026-08-22 08:30:42.595809500,0.105809500,0
'2026-08-22 08:30:42.595820700,0.105820700,1
'2026-08-22 08:30:42.595836000,0.105836000,0
'2026-08-22 08:30:42.595836300,0.105836300,1
'2026-08-22 08:30:42.595836400,0.105836400,0
'2026-08-22 08:30:42.595836800,0.105836800,1
'2026-08-22 08:30:42.595837000,0.105837000,0
'2026-08-22 08:30:42.595837300,0.105837300,1
'2026-08-22 08:30:42.595837400,0.105837400,0
'2026-08-22 08:30:42.595837500,0.105837500,1
'2026-08-22 08:30:42.595837600,0.105837600,0
'2026-08-22 08:30:42.595846800,0.105846800,1
'2026-08-22 08:30:42.595861600,0.105861600,0
'2026-08-22 08:30:42.595872900,0.105872900,1
'2026-08-22 08:30:42.595888100,0.105888100,0
'2026-08-22 08:30:42.595888300,0.105888300,1
'2026-08-22 08:30:42.595888400,0.105888400,0
'2026-08-22 08:30:42.595899000,0.105899000,1
'2026-08-22 08:30:42.595913700,0.105913700,0
'2026-08-22 08:30:42.595913800,0.105913800,1
'2026-08-22 08:30:42.595914200,0.105914200,0
'2026-08-22 08:30:42.595917500,0.105917500,1
'2026-08-22 08:30:42.595917600,0.105917600,0
'2026-08-22 08:30:42.595925100,0.105925100,1
'2026-08-22 08:30:42.595940000,0.105940000,0
'2026-08-22 08:30:42.595951200,0.105951200,1
'2026-08-22 08:30:42.595966400,0.105966400,0
'2026-08-22 08:30:42.595966500,0.105966500,1
'2026-08-22 08:30:42.595966700,0.105966700,0
'2026-08-22 08:30:42.595967800,0.105967800,1
'2026-08-22 08:30:42.595967900,0.105967900,0
'2026-08-22 08:30:42.595975600,0.105975600,1
'2026-08-22 08:30:42.595975700,0.105975700,0
'2026-08-22 08:30:42.595977300,0.105977300,1
'2026-08-22 08:30:42.595992100,0.105992100,0
'2026-08-22 08:30:42.595995200,0.105995200,1
'2026-08-22 08:30:42.595995300,0.105995300,0
'2026-08-22 08:30:42.595997000,0.105997000,1
'2026-08-22 08:30:42.595997100,0.105997100,0
'2026-08-22 08:30:42.595998100,0.105998100,1
'2026-08-22 08:30:42.595998200,0.105998200,0
'2026-08-22 08:30:42.596003400,0.106003400,1
'2026-08-22 08:30:42.596435900,0.106435900,0
'2026-08-22 08:30:42.596436300,0.106436300,1
'2026-08-22 08:30:42.596436400,0.106436400,0
'2026-08-22 08:30:42.596447100,0.106447100,1
'2026-08-22 08:30:42.596461800,0.106461800,0
'2026-08-22 08:30:42.596462000,0.106462000,1
'2026-08-22 08:30:42.596462100,0.106462100,0
'2026-08-22 08:30:42.596470100,0.106470100,1
'2026-08-22 08:30:42.596470200,0.106470200,0
'2026-08-22 08:30:42.596473200,0.106473200,1
'2026-08-22 08:30:42.596488400,0.106488400,0
'2026-08-22 08:30:42.596499300,0.106499300,1
'2026-08-22 08:30:42.596514100,0.106514100,0
'2026-08-22 08:30:42.596514400,0.106514400,1
'2026-08-22 08:30:42.596514500,0.106514500,0
'2026-08-22 08:30:42.596517500,0.106517500,1
'2026-08-22 08:30:42.596517600,0.106517600,0
'2026-08-22 08:30:42.596525400,0.106525400,1
'2026-08-22 08:30:42.596540400,0.106540400,0
'2026-08-22 08:30:42.596547200,0.106547200,1
'2026-08-22 08:30:42.596547400,0.106547400,0
'2026-08-22 08:30:42.596551500,0.106551500,1
'2026-08-22 08:30:42.596566700,0.106566700,0
'2026-08-22 08:30:42.596567100,0.106567100,1
'2026-08-22 08:30:42.596567200,0.106567200,0
'2026-08-22 08:30:42.596568300,0.106568300,1
'2026-08-22 08:30:42.596568400,0.106568400,0
'2026-08-22 08:30:42.596577600,0.106577600,1
'2026-08-22 08:30:42.596592200,0.106592200,0
'2026-08-22 08:30:42.596592300,0.106592300,1
'2026-08-22 08:30:42.596592400,0.106592400,0
'2026-08-22 08:30:42.596592800,0.106592800,1
'2026-08-22 08:30:42.596592900,0.106592900,0
'2026-08-22 08:30:42.596603700,0.106603700,1
'2026-08-22 08:30:42.596618400,0.106618400,0
'2026-08-22 08:30:42.596618500,0.106618500,1
'2026-08-22 08:30:42.596618900,0.106618900,0
'2026-08-22 08:30:42.596619100,0.106619100,1
'2026-08-22 08:30:42.596619200,0.106619200,0
'2026-08-22 08:30:42.596620300,0.106620300,1
'2026-08-22 08:30:42.596620400,0.106620400,0
'2026-08-22 08:30:42.596627200,0.106627200,1
'2026-08-22 08:30:42.596627300,0.106627300,0
'2026-08-22 08:30:42.596627900,0.106627900,1
'2026-08-22 08:30:42.596628000,0.106628000,0
'2026-08-22 08:30:42.596629800,0.106629800,1
'2026-08-22 08:30:42.596644600,0.106644600,0
'2026-08-22 08:30:42.596644700,0.106644700,1
'2026-08-22 08:30:42.596644800,0.106644800,0
'2026-08-22 08:30:42.596655900,0.106655900,1
'2026-08-22 08:30:42.596670800,0.106670800,0
'2026-08-22 08:30:42.596671000,0.106671000,1
'2026-08-22 08:30:42.596671200,0.106671200,0
'2026-08-22 08:30:42.596672200,0.106672200,1
'2026-08-22 08:30:42.596672300,0.106672300,0
'2026-08-22 08:30:42.596682000,0.106682000,1
'2026-08-22 08:30:42.596697000,0.106697000,0
'2026-08-22 08:30:42.596697100,0.106697100,1
'2026-08-22 08:30:42.596697300,0.106697300,0
'2026-08-22 08:30:42.596698200,0.106698200,1
'2026-08-22 08:30:42.596698300,0.106698300,0
'2026-08-22 08:30:42.596708100,0.106708100,1
'2026-08-22 08:30:42.596723200,0.106723200,0
'2026-08-22 08:30:42.596727800,0.106727800,1
'2026-08-22 08:30:42.596727900,0.106727900,0
'2026-08-22 08:30:42.596734200,0.106734200,1
'2026-08-22 08:30:42.596749000,0.106749000,0
'2026-08-22 08:30:42.596749400,0.106749400,1
'2026-08-22 08:30:42.596749500,0.106749500,0
'2026-08-22 08:30:42.596750500,0.106750500,1
'2026-08-22 08:30:42.596750600,0.106750600,0
'2026-08-22 08:30:42.596760300,0.106760300,1
'2026-08-22 08:30:42.596775200,0.106775200,0
'2026-08-22 08:30:42.596786400,0.106786400,1
'2026-08-22 08:30:42.596801500,0.106801500,0
'2026-08-22 08:30:42.596801900,0.106801900,1
'2026-08-22 08:30:42.596802100,0.106802100,0
'2026-08-22 08:30:42.596812500,0.106812500,1
'2026-08-22 08:30:42.596827800,0.106827800,0
'2026-08-22 08:30:42.596828000,0.106828000,1
'2026-08-22 08:30:42.596828100,0.106828100,0
'2026-08-22 08:30:42.596832900,0.106832900,1
'2026-08-22 08:30:42.597247500,0.107247500,0
'2026-08-22 08:30:42.597256100,0.107256100,1
'2026-08-22 08:30:42.597270800,0.107270800,0
'2026-08-22 08:30:42.597270900,0.107270900,1
'2026-08-22 08:30:42.597271200,0.107271200,0
'2026-08-22 08:30:42.597282300,0.107282300,1
'2026-08-22 08:30:42.597297000,0.107297000,0
'2026-08-22 08:30:42.597297300,0.107297300,1
'2026-08-22 08:30:42.597297400,0.107297400,0
'2026-08-22 08:30:42.597308400,0.107308400,1
'2026-08-22 08:30:42.597323200,0.107323200,0
'2026-08-22 08:30:42.597324300,0.107324300,1
'2026-08-22 08:30:42.597324400,0.107324400,0
'2026-08-22 08:30:42.597334500,0.107334500,1
'2026-08-22 08:30:42.597349600,0.107349600,0
'2026-08-22 08:30:42.597349900,0.107349900,1
'2026-08-22 08:30:42.597350100,0.107350100,0
'2026-08-22 08:30:42.597360600,0.107360600,1
'2026-08-22 08:30:42.597375300,0.107375300,0
'2026-08-22 08:30:42.597375700,0.107375700,1
'2026-08-22 08:30:42.597375800,0.107375800,0
'2026-08-22 08:30:42.597380200,0.107380200,1
'2026-08-22 08:30:42.597380300,0.107380300,0
'2026-08-22 08:30:42.597386700,0.107386700,1
'2026-08-22 08:30:42.597401600,0.107401600,0
'2026-08-22 08:30:42.597402000,0.107402000,1
'2026-08-22 08:30:42.597402100,0.107402100,0
'2026-08-22 08:30:42.597412800,0.107412800,1
'2026-08-22 08:30:42.597427900,0.107427900,0
'2026-08-22 08:30:42.597428100,0.107428100,1
'2026-08-22 08:30:42.597428200,0.107428200,0
'2026-08-22 08:30:42.597429700,0.107429700,1
'2026-08-22 08:30:42.597429800,0.107429800,0
'2026-08-22 08:30:42.597438900,0.107438900,1
'2026-08-22 08:30:42.597453700,0.107453700,0
'2026-08-22 08:30:42.597454000,0.107454000,1
'2026-08-22 08:30:42.597454100,0.107454100,0
'2026-08-22 08:30:42.597455100,0.107455100,1
'2026-08-22 08:30:42.597455200,0.107455200,0
'2026-08-22 08:30:42.597457500,0.107457500,1
'2026-08-22 08:30:42.597457600,0.107457600,0
'2026-08-22 08:30:42.597465000,0.107465000,1
'2026-08-22 08:30:42.597480400,0.107480400,0
'2026-08-22 08:30:42.597480900,0.107480900,1
'2026-08-22 08:30:42.597481000,0.107481000,0
'2026-08-22 08:30:42.597491100,0.107491100,1
'2026-08-22 08:30:42.597506100,0.107506100,0
'2026-08-22 08:30:42.597506500,0.107506500,1
'2026-08-22 08:30:42.597506600,0.107506600,0
'2026-08-22 08:30:42.597517200,0.107517200,1
'2026-08-22 08:30:42.597532100,0.107532100,0
'2026-08-22 08:30:42.597532200,0.107532200,1
'2026-08-22 08:30:42.597532400,0.107532400,0
'2026-08-22 08:30:42.597543300,0.107543300,1
'2026-08-22 08:30:42.597558300,0.107558300,0
'2026-08-22 08:30:42.597558500,0.107558500,1
'2026-08-22 08:30:42.597558600,0.107558600,0
'2026-08-22 08:30:42.597569400,0.107569400,1
'2026-08-22 08:30:42.597584400,0.107584400,0
'2026-08-22 08:30:42.597584800,0.107584800,1
'2026-08-22 08:30:42.597584900,0.107584900,0
'2026-08-22 08:30:42.597587100,0.107587100,1
'2026-08-22 08:30:42.597587200,0.107587200,0
'2026-08-22 08:30:42.597592700,0.107592700,1
'2026-08-22 08:30:42.597592800,0.107592800,0
'2026-08-22 08:30:42.597595500,0.107595500,1
'2026-08-22 08:30:42.597610500,0.107610500,0
'2026-08-22 08:30:42.597611100,0.107611100,1
'2026-08-22 08:30:42.597611200,0.107611200,0
'2026-08-22 08:30:42.597618700,0.107618700,1
'2026-08-22 08:30:42.597618800,0.107618800,0
'2026-08-22 08:30:42.597619300,0.107619300,1
'2026-08-22 08:30:42.597619400,0.107619400,0
'2026-08-22 08:30:42.597621600,0.107621600,1
'2026-08-22 08:30:42.597637000,0.107637000,0
'2026-08-22 08:30:42.597637400,0.107637400,1
'2026-08-22 08:30:42.597637500,0.107637500,0
'2026-08-22 08:30:42.597639700,0.107639700,1
'2026-08-22 08:30:42.597640600,0.107640600,0
'2026-08-22 08:30:42.597641900,0.107641900,1
'2026-08-22 08:30:42.597642800,0.107642800,0
'2026-08-22 08:30:42.597644100,0.107644100,1
'2026-08-22 08:30:42.597644600,0.107644600,0
'2026-08-22 08:30:42.597647700,0.107647700,1
'2026-08-22 08:30:42.598080100,0.108080100,0
'2026-08-22 08:30:42.598091400,0.108091400,1
'2026-08-22 08:30:42.598106600,0.108106600,0
'2026-08-22 08:30:42.598107300,0.108107300,1
'2026-08-22 08:30:42.598107400,0.108107400,0
'2026-08-22 08:30:42.598107600,0.108107600,1
'2026-08-22 08:30:42.598107700,0.108107700,0
'2026-08-22 08:30:42.598117500,0.108117500,1
'2026-08-22 08:30:42.598132100,0.108132100,0
'2026-08-22 08:30:42.598132200,0.108132200,1
'2026-08-22 08:30:42.598132300,0.108132300,0
'2026-08-22 08:30:42.598132600,0.108132600,1
'2026-08-22 08:30:42.598132700,0.108132700,0
'2026-08-22 08:30:42.598143600,0.108143600,1
'2026-08-22 08:30:42.598158600,0.108158600,0
'2026-08-22 08:30:42.598169700,0.108169700,1
'2026-08-22 08:30:42.598184600,0.108184600,0
'2026-08-22 08:30:42.598184700,0.108184700,1
'2026-08-22 08:30:42.598184800,0.108184800,0
'2026-08-22 08:30:42.598187100,0.108187100,1
'2026-08-22 08:30:42.598187200,0.108187200,0
'2026-08-22 08:30:42.598195800,0.108195800,1
'2026-08-22 08:30:42.598210900,0.108210900,0
'2026-08-22 08:30:42.598211000,0.108211000,1
'2026-08-22 08:30:42.598211100,0.108211100,0
'2026-08-22 08:30:42.598221900,0.108221900,1
'2026-08-22 08:30:42.598237000,0.108237000,0
'2026-08-22 08:30:42.598237900,0.108237900,1
'2026-08-22 08:30:42.598238000,0.108238000,0
'2026-08-22 08:30:42.598239100,0.108239100,1
'2026-08-22 08:30:42.598239200,0.108239200,0
'2026-08-22 08:30:42.598248000,0.108248000,1
'2026-08-22 08:30:42.598262900,0.108262900,0
'2026-08-22 08:30:42.598263000,0.108263000,1
'2026-08-22 08:30:42.598263100,0.108263100,0
'2026-08-22 08:30:42.598274100,0.108274100,1
'2026-08-22 08:30:42.598289400,0.108289400,0
'2026-08-22 08:30:42.598289800,0.108289800,1
'2026-08-22 08:30:42.598289900,0.108289900,0
'2026-08-22 08:30:42.598300200,0.108300200,1
'2026-08-22 08:30:42.598315100,0.108315100,0
'2026-08-22 08:30:42.598326300,0.108326300,1
'2026-08-22 08:30:42.598341600,0.108341600,0
'2026-08-22 08:30:42.598341900,0.108341900,1
'2026-08-22 08:30:42.598342000,0.108342000,0
'2026-08-22 08:30:42.598348300,0.108348300,1
'2026-08-22 08:30:42.598348400,0.108348400,0
'2026-08-22 08:30:42.598349000,0.108349000,1
'2026-08-22 08:30:42.598349100,0.108349100,0
'2026-08-22 08:30:42.598352400,0.108352400,1
'2026-08-22 08:30:42.598367400,0.108367400,0
'2026-08-22 08:30:42.598368700,0.108368700,1
'2026-08-22 08:30:42.598368800,0.108368800,0
'2026-08-22 08:30:42.598369700,0.108369700,1
'2026-08-22 08:30:42.598369800,0.108369800,0
'2026-08-22 08:30:42.598369900,0.108369900,1
'2026-08-22 08:30:42.598370000,0.108370000,0
'2026-08-22 08:30:42.598371700,0.108371700,1
'2026-08-22 08:30:42.598371800,0.108371800,0
'2026-08-22 08:30:42.598378500,0.108378500,1
'2026-08-22 08:30:42.598393600,0.108393600,0
'2026-08-22 08:30:42.598393800,0.108393800,1
'2026-08-22 08:30:42.598393900,0.108393900,0
'2026-08-22 08:30:42.598402300,0.108402300,1
'2026-08-22 08:30:42.598402400,0.108402400,0
'2026-08-22 08:30:42.598404700,0.108404700,1
'2026-08-22 08:30:42.598419800,0.108419800,0
'2026-08-22 08:30:42.598419900,0.108419900,1
'2026-08-22 08:30:42.598420000,0.108420000,0
'2026-08-22 08:30:42.598420100,0.108420100,1
'2026-08-22 08:30:42.598420200,0.108420200,0
'2026-08-22 08:30:42.598420500,0.108420500,1
'2026-08-22 08:30:42.598420600,0.108420600,0
'2026-08-22 08:30:42.598430800,0.108430800,1
'2026-08-22 08:30:42.598445600,0.108445600,0
'2026-08-22 08:30:42.598445700,0.108445700,1
'2026-08-22 08:30:42.598445900,0.108445900,0
'2026-08-22 08:30:42.598453100,0.108453100,1
'2026-08-22 08:30:42.598453200,0.108453200,0
'2026-08-22 08:30:42.598456900,0.108456900,1
'2026-08-22 08:30:42.598472200,0.108472200,0
'2026-08-22 08:30:42.598481100,0.108481100,1
'2026-08-22 08:30:42.598895800,0.108895800,0
'2026-08-22 08:30:42.598900500,0.108900500,1
'2026-08-22 08:30:42.598915200,0.108915200,0
'2026-08-22 08:30:42.598926600,0.108926600,1
'2026-08-22 08:30:42.598941400,0.108941400,0
'2026-08-22 08:30:42.598941500,0.108941500,1
'2026-08-22 08:30:42.598941600,0.108941600,0
'2026-08-22 08:30:42.598941800,0.108941800,1
'2026-08-22 08:30:42.598941900,0.108941900,0
'2026-08-22 08:30:42.598952700,0.108952700,1
'2026-08-22 08:30:42.598967600,0.108967600,0
'2026-08-22 08:30:42.598978800,0.108978800,1
'2026-08-22 08:30:42.598993900,0.108993900,0
'2026-08-22 08:30:42.598994300,0.108994300,1
'2026-08-22 08:30:42.598994500,0.108994500,0
'2026-08-22 08:30:42.599004900,0.109004900,1
'2026-08-22 08:30:42.599019700,0.109019700,0
'2026-08-22 08:30:42.599020100,0.109020100,1
'2026-08-22 08:30:42.599020200,0.109020200,0
'2026-08-22 08:30:42.599020700,0.109020700,1
'2026-08-22 08:30:42.599020800,0.109020800,0
'2026-08-22 08:30:42.599021900,0.109021900,1
'2026-08-22 08:30:42.599022000,0.109022000,0
'2026-08-22 08:30:42.599024200,0.109024200,1
'2026-08-22 08:30:42.599024300,0.109024300,0
'2026-08-22 08:30:42.599031100,0.109031100,1
'2026-08-22 08:30:42.599046000,0.109046000,0
'2026-08-22 08:30:42.599057200,0.109057200,1
'2026-08-22 08:30:42.599072200,0.109072200,0
'2026-08-22 08:30:42.599072700,0.109072700,1
'2026-08-22 08:30:42.599072800,0.109072800,0
'2026-08-22 08:30:42.599073900,0.109073900,1
'2026-08-22 08:30:42.599074000,0.109074000,0
'2026-08-22 08:30:42.599075600,0.109075600,1
'2026-08-22 08:30:42.599075700,0.109075700,0
'2026-08-22 08:30:42.599083300,0.109083300,1
'2026-08-22 08:30:42.599098200,0.109098200,0
'2026-08-22 08:30:42.599098300,0.109098300,1
'2026-08-22 08:30:42.599098500,0.109098500,0
'2026-08-22 08:30:42.599103500,0.109103500,1
'2026-08-22 08:30:42.599103600,0.109103600,0
'2026-08-22 08:30:42.599109400,0.109109400,1
'2026-08-22 08:30:42.599124200,0.109124200,0
'2026-08-22 08:30:42.599124300,0.109124300,1
'2026-08-22 08:30:42.599124500,0.109124500,0
'2026-08-22 08:30:42.599135500,0.109135500,1
'2026-08-22 08:30:42.599150100,0.109150100,0
'2026-08-22 08:30:42.599150200,0.109150200,1
'2026-08-22 08:30:42.599150700,0.109150700,0
'2026-08-22 08:30:42.599151000,0.109151000,1
'2026-08-22 08:30:42.599151100,0.109151100,0
'2026-08-22 08:30:42.599152800,0.109152800,1
'2026-08-22 08:30:42.599152900,0.109152900,0
'2026-08-22 08:30:42.599161600,0.109161600,1
'2026-08-22 08:30:42.599176400,0.109176400,0
'2026-08-22 08:30:42.599176700,0.109176700,1
'2026-08-22 08:30:42.599176900,0.109176900,0
'2026-08-22 08:30:42.599177300,0.109177300,1
'2026-08-22 08:30:42.599177400,0.109177400,0
'2026-08-22 08:30:42.599182500,0.109182500,1
'2026-08-22 08:30:42.599182600,0.109182600,0
'2026-08-22 08:30:42.599186300,0.109186300,1
'2026-08-22 08:30:42.599186400,0.109186400,0
'2026-08-22 08:30:42.599187700,0.109187700,1
'2026-08-22 08:30:42.599203200,0.109203200,0
'2026-08-22 08:30:42.599203500,0.109203500,1
'2026-08-22 08:30:42.599203700,0.109203700,0
'2026-08-22 08:30:42.599204100,0.109204100,1
'2026-08-22 08:30:42.599204200,0.109204200,0
'2026-08-22 08:30:42.599207000,0.109207000,1
'2026-08-22 08:30:42.599207100,0.109207100,0
'2026-08-22 08:30:42.599213800,0.109213800,1
'2026-08-22 08:30:42.599228700,0.109228700,0
'2026-08-22 08:30:42.599239900,0.109239900,1
'2026-08-22 08:30:42.599255100,0.109255100,0
'2026-08-22 08:30:42.599255300,0.109255300,1
'2026-08-22 08:30:42.599255400,0.109255400,0
'2026-08-22 08:30:42.599255500,0.109255500,1
'2026-08-22 08:30:42.599255600,0.109255600,0
'2026-08-22 08:30:42.599256100,0.109256100,1
'2026-08-22 08:30:42.599256200,0.109256200,0
'2026-08-22 08:30:42.599262500,0.109262500,1
'2026-08-22 08:30:42.599262600,0.109262600,0
'2026-08-22 08:30:42.599266000,0.109266000,1
'2026-08-22 08:30:42.599280500,0.109280500,0
'2026-08-22 08:30:42.599280600,0.109280600,1
'2026-08-22 08:30:42.599281000,0.109281000,0
'2026-08-22 08:30:42.599281100,0.109281100,1
'2026-08-22 08:30:42.599281300,0.109281300,0
'2026-08-22 08:30:42.599284700,0.109284700,1
'2026-08-22 08:30:42.599284800,0.109284800,0
'2026-08-22 08:30:42.599285300,0.109285300,1
'2026-08-22 08:30:42.599285400,0.109285400,0
'2026-08-22 08:30:42.599292100,0.109292100,1
'2026-08-22 08:30:42.599724500,0.109724500,0
'2026-08-22 08:30:42.599726700,0.109726700,1
'2026-08-22 08:30:42.599726800,0.109726800,0
'2026-08-22 08:30:42.599735700,0.109735700,1
'2026-08-22 08:30:42.599750700,0.109750700,0
'2026-08-22 08:30:42.599761800,0.109761800,1
'2026-08-22 08:30:42.599776800,0.109776800,0
'2026-08-22 08:30:42.599776900,0.109776900,1
'2026-08-22 08:30:42.599777000,0.109777000,0
'2026-08-22 08:30:42.599777500,0.109777500,1
'2026-08-22 08:30:42.599777600,0.109777600,0
'2026-08-22 08:30:42.599788000,0.109788000,1
'2026-08-22 08:30:42.599802800,0.109802800,0
'2026-08-22 08:30:42.599807600,0.109807600,1
'2026-08-22 08:30:42.599807700,0.109807700,0
'2026-08-22 08:30:42.599814100,0.109814100,1
'2026-08-22 08:30:42.599829000,0.109829000,0
'2026-08-22 08:30:42.599840200,0.109840200,1
'2026-08-22 08:30:42.599855200,0.109855200,0
'2026-08-22 08:30:42.599856300,0.109856300,1
'2026-08-22 08:30:42.599856400,0.109856400,0
'2026-08-22 08:30:42.599857500,0.109857500,1
'2026-08-22 08:30:42.599857600,0.109857600,0
'2026-08-22 08:30:42.599866300,0.109866300,1
'2026-08-22 08:30:42.599881100,0.109881100,0
'2026-08-22 08:30:42.599892400,0.109892400,1
'2026-08-22 08:30:42.599907100,0.109907100,0
'2026-08-22 08:30:42.599907200,0.109907200,1
'2026-08-22 08:30:42.599907800,0.109907800,0
'2026-08-22 08:30:42.599908300,0.109908300,1
'2026-08-22 08:30:42.599908400,0.109908400,0
'2026-08-22 08:30:42.599908800,0.109908800,1
'2026-08-22 08:30:42.599909000,0.109909000,0
'2026-08-22 08:30:42.599910000,0.109910000,1
'2026-08-22 08:30:42.599910100,0.109910100,0
'2026-08-22 08:30:42.599918500,0.109918500,1
'2026-08-22 08:30:42.599933200,0.109933200,0
'2026-08-22 08:30:42.599933300,0.109933300,1
'2026-08-22 08:30:42.599933500,0.109933500,0
'2026-08-22 08:30:42.599936300,0.109936300,1
'2026-08-22 08:30:42.599936400,0.109936400,0
'2026-08-22 08:30:42.599944600,0.109944600,1
'2026-08-22 08:30:42.599959800,0.109959800,0
'2026-08-22 08:30:42.599961400,0.109961400,1
'2026-08-22 08:30:42.599961500,0.109961500,0
'2026-08-22 08:30:42.599970700,0.109970700,1
'2026-08-22 08:30:42.599985600,0.109985600,0
'2026-08-22 08:30:42.599985900,0.109985900,1
'2026-08-22 08:30:42.599986000,0.109986000,0
'2026-08-22 08:30:42.599986500,0.109986500,1
'2026-08-22 08:30:42.599986600,0.109986600,0
'2026-08-22 08:30:42.599988900,0.109988900,1
'2026-08-22 08:30:42.599989000,0.109989000,0
'2026-08-22 08:30:42.599996800,0.109996800,1
'2026-08-22 08:30:42.600011800,0.110011800,0
'2026-08-22 08:30:42.600022900,0.110022900,1
'2026-08-22 08:30:42.600038000,0.110038000,0
'2026-08-22 08:30:42.600038500,0.110038500,1
'2026-08-22 08:30:42.600038600,0.110038600,0
'2026-08-22 08:30:42.600040300,0.110040300,1
'2026-08-22 08:30:42.600040400,0.110040400,0
'2026-08-22 08:30:42.600040800,0.110040800,1
'2026-08-22 08:30:42.600040900,0.110040900,0
'2026-08-22 08:30:42.600041800,0.110041800,1
'2026-08-22 08:30:42.600041900,0.110041900,0
'2026-08-22 08:30:42.600049000,0.110049000,1
'2026-08-22 08:30:42.600064100,0.110064100,0
'2026-08-22 08:30:42.600064200,0.110064200,1
'2026-08-22 08:30:42.600064300,0.110064300,0
'2026-08-22 08:30:42.600071300,0.110071300,1
'2026-08-22 08:30:42.600071400,0.110071400,0
'2026-08-22 08:30:42.600075100,0.110075100,1
'2026-08-22 08:30:42.600090300,0.110090300,0
'2026-08-22 08:30:42.600090500,0.110090500,1
'2026-08-22 08:30:42.600090600,0.110090600,0
'2026-08-22 08:30:42.600101200,0.110101200,1
'2026-08-22 08:30:42.600116200,0.110116200,0
'2026-08-22 08:30:42.600118500,0.110118500,1
'2026-08-22 08:30:42.600118600,0.110118600,0
'2026-08-22 08:30:42.600120300,0.110120300,1
'2026-08-22 08:30:42.600120400,0.110120400,0
'2026-08-22 08:30:42.600120900,0.110120900,1
'2026-08-22 08:30:42.600121000,0.110121000,0
'2026-08-22 08:30:42.600127300,0.110127300,1
'2026-08-22 08:30:42.600544200,0.110544200,0
'2026-08-22 08:30:42.600544300,0.110544300,1
'2026-08-22 08:30:42.600544500,0.110544500,0
'2026-08-22 08:30:42.600544900,0.110544900,1
'2026-08-22 08:30:42.600559700,0.110559700,0
'2026-08-22 08:30:42.600559900,0.110559900,1
'2026-08-22 08:30:42.600560200,0.110560200,0
'2026-08-22 08:30:42.600560700,0.110560700,1
'2026-08-22 08:30:42.600560900,0.110560900,0
'2026-08-22 08:30:42.600563000,0.110563000,1
'2026-08-22 08:30:42.600563100,0.110563100,0
'2026-08-22 08:30:42.600571000,0.110571000,1
'2026-08-22 08:30:42.600585900,0.110585900,0
'2026-08-22 08:30:42.600597100,0.110597100,1
'2026-08-22 08:30:42.600611800,0.110611800,0
'2026-08-22 08:30:42.600612100,0.110612100,1
'2026-08-22 08:30:42.600612200,0.110612200,0
'2026-08-22 08:30:42.600612700,0.110612700,1
'2026-08-22 08:30:42.600612800,0.110612800,0
'2026-08-22 08:30:42.600623200,0.110623200,1
'2026-08-22 08:30:42.600638100,0.110638100,0
'2026-08-22 08:30:42.600643100,0.110643100,1
'2026-08-22 08:30:42.600643200,0.110643200,0
'2026-08-22 08:30:42.600649300,0.110649300,1
'2026-08-22 08:30:42.600664300,0.110664300,0
'2026-08-22 08:30:42.600664400,0.110664400,1
'2026-08-22 08:30:42.600664500,0.110664500,0
'2026-08-22 08:30:42.600664700,0.110664700,1
'2026-08-22 08:30:42.600664800,0.110664800,0
'2026-08-22 08:30:42.600665700,0.110665700,1
'2026-08-22 08:30:42.600665800,0.110665800,0
'2026-08-22 08:30:42.600675400,0.110675400,1
'2026-08-22 08:30:42.600690200,0.110690200,0
'2026-08-22 08:30:42.600690300,0.110690300,1
'2026-08-22 08:30:42.600690500,0.110690500,0
'2026-08-22 08:30:42.600701500,0.110701500,1
'2026-08-22 08:30:42.600716400,0.110716400,0
'2026-08-22 08:30:42.600727700,0.110727700,1
'2026-08-22 08:30:42.600742600,0.110742600,0
'2026-08-22 08:30:42.600742900,0.110742900,1
'2026-08-22 08:30:42.600743000,0.110743000,0
'2026-08-22 08:30:42.600744000,0.110744000,1
'2026-08-22 08:30:42.600744200,0.110744200,0
'2026-08-22 08:30:42.600744700,0.110744700,1
'2026-08-22 08:30:42.600744800,0.110744800,0
'2026-08-22 08:30:42.600753800,0.110753800,1
'2026-08-22 08:30:42.600768500,0.110768500,0
'2026-08-22 08:30:42.600768600,0.110768600,1
'2026-08-22 08:30:42.600768700,0.110768700,0
'2026-08-22 08:30:42.600779900,0.110779900,1
'2026-08-22 08:30:42.600794800,0.110794800,0
'2026-08-22 08:30:42.600794900,0.110794900,1
'2026-08-22 08:30:42.600795000,0.110795000,0
'2026-08-22 08:30:42.600795100,0.110795100,1
'2026-08-22 08:30:42.600795200,0.110795200,0
'2026-08-22 08:30:42.600795500,0.110795500,1
'2026-08-22 08:30:42.600795600,0.110795600,0
'2026-08-22 08:30:42.600805400,0.110805400,1
'2026-08-22 08:30:42.600805500,0.110805500,0
'2026-08-22 08:30:42.600806000,0.110806000,1
'2026-08-22 08:30:42.600820700,0.110820700,0
'2026-08-22 08:30:42.600821200,0.110821200,1
'2026-08-22 08:30:42.600821300,0.110821300,0
'2026-08-22 08:30:42.600821500,0.110821500,1
'2026-08-22 08:30:42.600821700,0.110821700,0
'2026-08-22 08:30:42.600824100,0.110824100,1
'2026-08-22 08:30:42.600824200,0.110824200,0
'2026-08-22 08:30:42.600832100,0.110832100,1
'2026-08-22 08:30:42.600847000,0.110847000,0
'2026-08-22 08:30:42.600847100,0.110847100,1
'2026-08-22 08:30:42.600847300,0.110847300,0
'2026-08-22 08:30:42.600847400,0.110847400,1
'2026-08-22 08:30:42.600847500,0.110847500,0
'2026-08-22 08:30:42.600858200,0.110858200,1
'2026-08-22 08:30:42.600873200,0.110873200,0
'2026-08-22 08:30:42.600874900,0.110874900,1
'2026-08-22 08:30:42.600875000,0.110875000,0
'2026-08-22 08:30:42.600875400,0.110875400,1
'2026-08-22 08:30:42.600875600,0.110875600,0
'2026-08-22 08:30:42.600875800,0.110875800,1
'2026-08-22 08:30:42.600875900,0.110875900,0
'2026-08-22 08:30:42.600884300,0.110884300,1
'2026-08-22 08:30:42.600898900,0.110898900,0
'2026-08-22 08:30:42.600899000,0.110899000,1
'2026-08-22 08:30:42.600899200,0.110899200,0
'2026-08-22 08:30:42.600901100,0.110901100,1
'2026-08-22 08:30:42.600901200,0.110901200,0
'2026-08-22 08:30:42.600905800,0.110905800,1
'2026-08-22 08:30:42.600906000,0.110906000,0
'2026-08-22 08:30:42.600910400,0.110910400,1
'2026-08-22 08:30:42.600926000,0.110926000,0
'2026-08-22 08:30:42.600926200,0.110926200,1
'2026-08-22 08:30:42.600926300,0.110926300,0
'2026-08-22 08:30:42.600933800,0.110933800,1
'2026-08-22 08:30:42.600933900,0.110933900,0
'2026-08-22 08:30:42.600936500,0.110936500,1
'2026-08-22 08:30:42.600951400,0.110951400,0
'2026-08-22 08:30:42.600953400,0.110953400,1
'2026-08-22 08:30:42.601369100,0.111369100,0
'2026-08-22 08:30:42.601380100,0.111380100,1
'2026-08-22 08:30:42.601395000,0.111395000,0
'2026-08-22 08:30:42.601406200,0.111406200,1
'2026-08-22 08:30:42.601421000,0.111421000,0
'2026-08-22 08:30:42.601432400,0.111432400,1
'2026-08-22 08:30:42.601447400,0.111447400,0
'2026-08-22 08:30:42.601458200,0.111458200,1
'2026-08-22 08:30:42.601458300,0.111458300,0
'2026-08-22 08:30:42.601458500,0.111458500,1
'2026-08-22 08:30:42.601473200,0.111473200,0
'2026-08-22 08:30:42.601473300,0.111473300,1
'2026-08-22 08:30:42.601473400,0.111473400,0
'2026-08-22 08:30:42.601473500,0.111473500,1
'2026-08-22 08:30:42.601473600,0.111473600,0
'2026-08-22 08:30:42.601474100,0.111474100,1
'2026-08-22 08:30:42.601474200,0.111474200,0
'2026-08-22 08:30:42.601477600,0.111477600,1
'2026-08-22 08:30:42.601477700,0.111477700,0
'2026-08-22 08:30:42.601484600,0.111484600,1
'2026-08-22 08:30:42.601499400,0.111499400,0
'2026-08-22 08:30:42.601499900,0.111499900,1
'2026-08-22 08:30:42.601500000,0.111500000,0
'2026-08-22 08:30:42.601500400,0.111500400,1
'2026-08-22 08:30:42.601500500,0.111500500,0
'2026-08-22 08:30:42.601505600,0.111505600,1
'2026-08-22 08:30:42.601505700,0.111505700,0
'2026-08-22 08:30:42.601510700,0.111510700,1
'2026-08-22 08:30:42.601525700,0.111525700,0
'2026-08-22 08:30:42.601526700,0.111526700,1
'2026-08-22 08:30:42.601526800,0.111526800,0
'2026-08-22 08:30:42.601527800,0.111527800,1
'2026-08-22 08:30:42.601528000,0.111528000,0
'2026-08-22 08:30:42.601536800,0.111536800,1
'2026-08-22 08:30:42.601551500,0.111551500,0
'2026-08-22 08:30:42.601558600,0.111558600,1
'2026-08-22 08:30:42.601558700,0.111558700,0
'2026-08-22 08:30:42.601562900,0.111562900,1
'2026-08-22 08:30:42.601577800,0.111577800,0
'2026-08-22 08:30:42.601577900,0.111577900,1
'2026-08-22 08:30:42.601578200,0.111578200,0
'2026-08-22 08:30:42.601589000,0.111589000,1
'2026-08-22 08:30:42.601603900,0.111603900,0
'2026-08-22 08:30:42.601615100,0.111615100,1
'2026-08-22 08:30:42.601629800,0.111629800,0
'2026-08-22 08:30:42.601630000,0.111630000,1
'2026-08-22 08:30:42.601630200,0.111630200,0
'2026-08-22 08:30:42.601635200,0.111635200,1
'2026-08-22 08:30:42.601635300,0.111635300,0
'2026-08-22 08:30:42.601641200,0.111641200,1
'2026-08-22 08:30:42.601656000,0.111656000,0
'2026-08-22 08:30:42.601667300,0.111667300,1
'2026-08-22 08:30:42.601682100,0.111682100,0
'2026-08-22 08:30:42.601693400,0.111693400,1
'2026-08-22 08:30:42.601708500,0.111708500,0
'2026-08-22 08:30:42.601718300,0.111718300,1
'2026-08-22 08:30:42.601718400,0.111718400,0
'2026-08-22 08:30:42.601719500,0.111719500,1
'2026-08-22 08:30:42.601734400,0.111734400,0
'2026-08-22 08:30:42.601734500,0.111734500,1
'2026-08-22 08:30:42.601734800,0.111734800,0
'2026-08-22 08:30:42.601737500,0.111737500,1
'2026-08-22 08:30:42.601737600,0.111737600,0
'2026-08-22 08:30:42.601745600,0.111745600,1
'2026-08-22 08:30:42.601760600,0.111760600,0
'2026-08-22 08:30:42.601771700,0.111771700,1
'2026-08-22 08:30:42.602204000,0.112204000,0
'2026-08-22 08:30:42.602208300,0.112208300,1
'2026-08-22 08:30:42.602208400,0.112208400,0
'2026-08-22 08:30:42.602211100,0.112211100,1
'2026-08-22 08:30:42.602211200,0.112211200,0
'2026-08-22 08:30:42.602215300,0.112215300,1
'2026-08-22 08:30:42.602230200,0.112230200,0
'2026-08-22 08:30:42.602230400,0.112230400,1
'2026-08-22 08:30:42.602230500,0.112230500,0
'2026-08-22 08:30:42.602230600,0.112230600,1
'2026-08-22 08:30:42.602230800,0.112230800,0
'2026-08-22 08:30:42.602241500,0.112241500,1
'2026-08-22 08:30:42.602256300,0.112256300,0
'2026-08-22 08:30:42.602258500,0.112258500,1
'2026-08-22 08:30:42.602258600,0.112258600,0
'2026-08-22 08:30:42.602267600,0.112267600,1
'2026-08-22 08:30:42.602282200,0.112282200,0
'2026-08-22 08:30:42.602282400,0.112282400,1
'2026-08-22 08:30:42.602282500,0.112282500,0
'2026-08-22 08:30:42.602283600,0.112283600,1
'2026-08-22 08:30:42.602283700,0.112283700,0
'2026-08-22 08:30:42.602289100,0.112289100,1
'2026-08-22 08:30:42.602289200,0.112289200,0
'2026-08-22 08:30:42.602291900,0.112291900,1
'2026-08-22 08:30:42.602292000,0.112292000,0
'2026-08-22 08:30:42.602293700,0.112293700,1
'2026-08-22 08:30:42.602308500,0.112308500,0
'2026-08-22 08:30:42.602308700,0.112308700,1
'2026-08-22 08:30:42.602308900,0.112308900,0
'2026-08-22 08:30:42.602311100,0.112311100,1
'2026-08-22 08:30:42.602311200,0.112311200,0
'2026-08-22 08:30:42.602311600,0.112311600,1
'2026-08-22 08:30:42.602311700,0.112311700,0
'2026-08-22 08:30:42.602319800,0.112319800,1
'2026-08-22 08:30:42.602334800,0.112334800,0
'2026-08-22 08:30:42.602342100,0.112342100,1
'2026-08-22 08:30:42.602342200,0.112342200,0
'2026-08-22 08:30:42.602344900,0.112344900,1
'2026-08-22 08:30:42.602345000,0.112345000,0
'2026-08-22 08:30:42.602345900,0.112345900,1
'2026-08-22 08:30:42.602360400,0.112360400,0
'2026-08-22 08:30:42.602360500,0.112360500,1
'2026-08-22 08:30:42.602360900,0.112360900,0
'2026-08-22 08:30:42.602361700,0.112361700,1
'2026-08-22 08:30:42.602361800,0.112361800,0
'2026-08-22 08:30:42.602361900,0.112361900,1
'2026-08-22 08:30:42.602362000,0.112362000,0
'2026-08-22 08:30:42.602370000,0.112370000,1
'2026-08-22 08:30:42.602370100,0.112370100,0
'2026-08-22 08:30:42.602372000,0.112372000,1
'2026-08-22 08:30:42.602387100,0.112387100,0
'2026-08-22 08:30:42.602389500,0.112389500,1
'2026-08-22 08:30:42.602389600,0.112389600,0
'2026-08-22 08:30:42.602392300,0.112392300,1
'2026-08-22 08:30:42.602392400,0.112392400,0
'2026-08-22 08:30:42.602395100,0.112395100,1
'2026-08-22 08:30:42.602395200,0.112395200,0
'2026-08-22 08:30:42.602398100,0.112398100,1
'2026-08-22 08:30:42.602412900,0.112412900,0
'2026-08-22 08:30:42.602414600,0.112414600,1
'2026-08-22 08:30:42.602414700,0.112414700,0
'2026-08-22 08:30:42.602417400,0.112417400,1
'2026-08-22 08:30:42.602417500,0.112417500,0
'2026-08-22 08:30:42.602420200,0.112420200,1
'2026-08-22 08:30:42.602420400,0.112420400,0
'2026-08-22 08:30:42.602424200,0.112424200,1
'2026-08-22 08:30:42.602439200,0.112439200,0
'2026-08-22 08:30:42.602439500,0.112439500,1
'2026-08-22 08:30:42.602439600,0.112439600,0
'2026-08-22 08:30:42.602439700,0.112439700,1
'2026-08-22 08:30:42.602439900,0.112439900,0
'2026-08-22 08:30:42.602440000,0.112440000,1
'2026-08-22 08:30:42.602440100,0.112440100,0
'2026-08-22 08:30:42.602440200,0.112440200,1
'2026-08-22 08:30:42.602440300,0.112440300,0
'2026-08-22 08:30:42.602440800,0.112440800,1
'2026-08-22 08:30:42.602440900,0.112440900,0
'2026-08-22 08:30:42.602442500,0.112442500,1
'2026-08-22 08:30:42.602442600,0.112442600,0
'2026-08-22 08:30:42.602445300,0.112445300,1
'2026-08-22 08:30:42.602445400,0.112445400,0
'2026-08-22 08:30:42.602450300,0.112450300,1
'2026-08-22 08:30:42.602465400,0.112465400,0
'2026-08-22 08:30:42.602467600,0.112467600,1
'2026-08-22 08:30:42.602467700,0.112467700,0
'2026-08-22 08:30:42.602470400,0.112470400,1
'2026-08-22 08:30:42.602470600,0.112470600,0
'2026-08-22 08:30:42.602476400,0.112476400,1
'2026-08-22 08:30:42.602491300,0.112491300,0
'2026-08-22 08:30:42.602492700,0.112492700,1
'2026-08-22 08:30:42.602492800,0.112492800,0
'2026-08-22 08:30:42.602493700,0.112493700,1
'2026-08-22 08:30:42.602493800,0.112493800,0
'2026-08-22 08:30:42.602495500,0.112495500,1
'2026-08-22 08:30:42.602495600,0.112495600,0
'2026-08-22 08:30:42.602498300,0.112498300,1
'2026-08-22 08:30:42.602498400,0.112498400,0
'2026-08-22 08:30:42.602501100,0.112501100,1
'2026-08-22 08:30:42.602501200,0.112501200,0
'2026-08-22 08:30:42.602502500,0.112502500,1
'2026-08-22 08:30:42.602517400,0.112517400,0
'2026-08-22 08:30:42.602517800,0.112517800,1
'2026-08-22 08:30:42.602518100,0.112518100,0
'2026-08-22 08:30:42.602520600,0.112520600,1
'2026-08-22 08:30:42.602520700,0.112520700,0
'2026-08-22 08:30:42.602521100,0.112521100,1
'2026-08-22 08:30:42.602521200,0.112521200,0
'2026-08-22 08:30:42.602521300,0.112521300,1
'2026-08-22 08:30:42.602521400,0.112521400,0
'2026-08-22 08:30:42.602523400,0.112523400,1
'2026-08-22 08:30:42.602523500,0.112523500,0
'2026-08-22 08:30:42.602526200,0.112526200,1
'2026-08-22 08:30:42.602526300,0.112526300,0
'2026-08-22 08:30:42.602528600,0.112528600,1
'2026-08-22 08:30:42.602543600,0.112543600,0
'2026-08-22 08:30:42.602544100,0.112544100,1
'2026-08-22 08:30:42.602544200,0.112544200,0
'2026-08-22 08:30:42.602545700,0.112545700,1
'2026-08-22 08:30:42.602545900,0.112545900,0
'2026-08-22 08:30:42.602554100,0.112554100,1
'2026-08-22 08:30:42.602554200,0.112554200,0
'2026-08-22 08:30:42.602554700,0.112554700,1
'2026-08-22 08:30:42.602569400,0.112569400,0
'2026-08-22 08:30:42.602570300,0.112570300,1
'2026-08-22 08:30:42.602570400,0.112570400,0
'2026-08-22 08:30:42.602570800,0.112570800,1
'2026-08-22 08:30:42.602571000,0.112571000,0
'2026-08-22 08:30:42.602571500,0.112571500,1
'2026-08-22 08:30:42.602571600,0.112571600,0
'2026-08-22 08:30:42.602573600,0.112573600,1
'2026-08-22 08:30:42.602573900,0.112573900,0
'2026-08-22 08:30:42.602580800,0.112580800,1
'2026-08-22 08:30:42.603015600,0.113015600,0
'2026-08-22 08:30:42.603015700,0.113015700,1
'2026-08-22 08:30:42.603016000,0.113016000,0
'2026-08-22 08:30:42.603017000,0.113017000,1
'2026-08-22 08:30:42.603017100,0.113017100,0
'2026-08-22 08:30:42.603024500,0.113024500,1
'2026-08-22 08:30:42.603039100,0.113039100,0
'2026-08-22 08:30:42.603039200,0.113039200,1
'2026-08-22 08:30:42.603039600,0.113039600,0
'2026-08-22 08:30:42.603050600,0.113050600,1
'2026-08-22 08:30:42.603065400,0.113065400,0
'2026-08-22 08:30:42.603065500,0.113065500,1
'2026-08-22 08:30:42.603065600,0.113065600,0
'2026-08-22 08:30:42.603076700,0.113076700,1
'2026-08-22 08:30:42.603091400,0.113091400,0
'2026-08-22 08:30:42.603091500,0.113091500,1
'2026-08-22 08:30:42.603091600,0.113091600,0
'2026-08-22 08:30:42.603091800,0.113091800,1
'2026-08-22 08:30:42.603091900,0.113091900,0
'2026-08-22 08:30:42.603092300,0.113092300,1
'2026-08-22 08:30:42.603092400,0.113092400,0
'2026-08-22 08:30:42.603095100,0.113095100,1
'2026-08-22 08:30:42.603095200,0.113095200,0
'2026-08-22 08:30:42.603102800,0.113102800,1
'2026-08-22 08:30:42.603118000,0.113118000,0
'2026-08-22 08:30:42.603128900,0.113128900,1
'2026-08-22 08:30:42.603143500,0.113143500,0
'2026-08-22 08:30:42.603143600,0.113143600,1
'2026-08-22 08:30:42.603143800,0.113143800,0
'2026-08-22 08:30:42.603145300,0.113145300,1
'2026-08-22 08:30:42.603145400,0.113145400,0
'2026-08-22 08:30:42.603145500,0.113145500,1
'2026-08-22 08:30:42.603145600,0.113145600,0
'2026-08-22 08:30:42.603155000,0.113155000,1
'2026-08-22 08:30:42.603169800,0.113169800,0
'2026-08-22 08:30:42.603170000,0.113170000,1
'2026-08-22 08:30:42.603170100,0.113170100,0
'2026-08-22 08:30:42.603170400,0.113170400,1
'2026-08-22 08:30:42.603170700,0.113170700,0
'2026-08-22 08:30:42.603178800,0.113178800,1
'2026-08-22 08:30:42.603178900,0.113178900,0
'2026-08-22 08:30:42.603181100,0.113181100,1
'2026-08-22 08:30:42.603195900,0.113195900,0
'2026-08-22 08:30:42.603199000,0.113199000,1
'2026-08-22 08:30:42.603199100,0.113199100,0
'2026-08-22 08:30:42.603203900,0.113203900,1
'2026-08-22 08:30:42.603204000,0.113204000,0
'2026-08-22 08:30:42.603207200,0.113207200,1
'2026-08-22 08:30:42.603222000,0.113222000,0
'2026-08-22 08:30:42.603226200,0.113226200,1
'2026-08-22 08:30:42.603226300,0.113226300,0
'2026-08-22 08:30:42.603229000,0.113229000,1
'2026-08-22 08:30:42.603229100,0.113229100,0
'2026-08-22 08:30:42.603233300,0.113233300,1
'2026-08-22 08:30:42.603248400,0.113248400,0
'2026-08-22 08:30:42.603248500,0.113248500,1
'2026-08-22 08:30:42.603248700,0.113248700,0
'2026-08-22 08:30:42.603254100,0.113254100,1
'2026-08-22 08:30:42.603254200,0.113254200,0
'2026-08-22 08:30:42.603259400,0.113259400,1
'2026-08-22 08:30:42.603274300,0.113274300,0
'2026-08-22 08:30:42.603274500,0.113274500,1
'2026-08-22 08:30:42.603274600,0.113274600,0
'2026-08-22 08:30:42.603279200,0.113279200,1
'2026-08-22 08:30:42.603279300,0.113279300,0
'2026-08-22 08:30:42.603284700,0.113284700,1
'2026-08-22 08:30:42.603284800,0.113284800,0
'2026-08-22 08:30:42.603285500,0.113285500,1
'2026-08-22 08:30:42.603300400,0.113300400,0
'2026-08-22 08:30:42.603301000,0.113301000,1
'2026-08-22 08:30:42.603301100,0.113301100,0
'2026-08-22 08:30:42.603302300,0.113302300,1
'2026-08-22 08:30:42.603302400,0.113302400,0
'2026-08-22 08:30:42.603304300,0.113304300,1
'2026-08-22 08:30:42.603304400,0.113304400,0
'2026-08-22 08:30:42.603309800,0.113309800,1
'2026-08-22 08:30:42.603309900,0.113309900,0
'2026-08-22 08:30:42.603311600,0.113311600,1
'2026-08-22 08:30:42.603326900,0.113326900,0
'2026-08-22 08:30:42.603327100,0.113327100,1
'2026-08-22 08:30:42.603327200,0.113327200,0
'2026-08-22 08:30:42.603329300,0.113329300,1
'2026-08-22 08:30:42.603329400,0.113329400,0
'2026-08-22 08:30:42.603329500,0.113329500,1
'2026-08-22 08:30:42.603329600,0.113329600,0
'2026-08-22 08:30:42.603334900,0.113334900,1
'2026-08-22 08:30:42.603335000,0.113335000,0
'2026-08-22 08:30:42.603337700,0.113337700,1
'2026-08-22 08:30:42.603352600,0.113352600,0
'2026-08-22 08:30:42.603352800,0.113352800,1
'2026-08-22 08:30:42.603352900,0.113352900,0
'2026-08-22 08:30:42.603355700,0.113355700,1
'2026-08-22 08:30:42.603355800,0.113355800,0
'2026-08-22 08:30:42.603360000,0.113360000,1
'2026-08-22 08:30:42.603360100,0.113360100,0
'2026-08-22 08:30:42.603362800,0.113362800,1
'2026-08-22 08:30:42.603362900,0.113362900,0
'2026-08-22 08:30:42.603363800,0.113363800,1
'2026-08-22 08:30:42.603379000,0.113379000,0
'2026-08-22 08:30:42.603379100,0.113379100,1
'2026-08-22 08:30:42.603379300,0.113379300,0
'2026-08-22 08:30:42.603379500,0.113379500,1
'2026-08-22 08:30:42.603379700,0.113379700,0
'2026-08-22 08:30:42.603382300,0.113382300,1
'2026-08-22 08:30:42.603382400,0.113382400,0
'2026-08-22 08:30:42.603385100,0.113385100,1
'2026-08-22 08:30:42.603385200,0.113385200,0
'2026-08-22 08:30:42.603387900,0.113387900,1
'2026-08-22 08:30:42.603388000,0.113388000,0
'2026-08-22 08:30:42.603390000,0.113390000,1
'2026-08-22 08:30:42.603405000,0.113405000,0
'2026-08-22 08:30:42.603405300,0.113405300,1
'2026-08-22 08:30:42.603405500,0.113405500,0
'2026-08-22 08:30:42.603407400,0.113407400,1
'2026-08-22 08:30:42.603407700,0.113407700,0
'2026-08-22 08:30:42.603410200,0.113410200,1
'2026-08-22 08:30:42.603410300,0.113410300,0
'2026-08-22 08:30:42.603413000,0.113413000,1
'2026-08-22 08:30:42.603413100,0.113413100,0
'2026-08-22 08:30:42.603415900,0.113415900,1
'2026-08-22 08:30:42.603416000,0.113416000,0
'2026-08-22 08:30:42.603416100,0.113416100,1
'2026-08-22 08:30:42.604631200,0.114631200,0
'2026-08-22 08:30:42.604642700,0.114642700,1
'2026-08-22 08:30:42.604657400,0.114657400,0
'2026-08-22 08:30:42.604657600,0.114657600,1
'2026-08-22 08:30:42.604657700,0.114657700,0
'2026-08-22 08:30:42.604668800,0.114668800,1
'2026-08-22 08:30:42.604683600,0.114683600,0
'2026-08-22 08:30:42.604694900,0.114694900,1
'2026-08-22 08:30:42.604709700,0.114709700,0
'2026-08-22 08:30:42.604721000,0.114721000,1
'2026-08-22 08:30:42.604735800,0.114735800,0
'2026-08-22 08:30:42.604735900,0.114735900,1
'2026-08-22 08:30:42.604736000,0.114736000,0
'2026-08-22 08:30:42.604736200,0.114736200,1
'2026-08-22 08:30:42.604736300,0.114736300,0
'2026-08-22 08:30:42.604747100,0.114747100,1
'2026-08-22 08:30:42.604762000,0.114762000,0
'2026-08-22 08:30:42.604773200,0.114773200,1
'2026-08-22 08:30:42.604788000,0.114788000,0
'2026-08-22 08:30:42.604799300,0.114799300,1
'2026-08-22 08:30:42.604814300,0.114814300,0
'2026-08-22 08:30:42.604814800,0.114814800,1
'2026-08-22 08:30:42.604814900,0.114814900,0
'2026-08-22 08:30:42.604825400,0.114825400,1
'2026-08-22 08:30:42.604840100,0.114840100,0
'2026-08-22 08:30:42.604851500,0.114851500,1
'2026-08-22 08:30:42.604866400,0.114866400,0
'2026-08-22 08:30:42.604866700,0.114866700,1
'2026-08-22 08:30:42.604866800,0.114866800,0
'2026-08-22 08:30:42.604867900,0.114867900,1
'2026-08-22 08:30:42.604868000,0.114868000,0
'2026-08-22 08:30:42.604877700,0.114877700,1
'2026-08-22 08:30:42.604892500,0.114892500,0
'2026-08-22 08:30:42.604903800,0.114903800,1
'2026-08-22 08:30:42.604918500,0.114918500,0
'2026-08-22 08:30:42.604929900,0.114929900,1
'2026-08-22 08:30:42.604945100,0.114945100,0
'2026-08-22 08:30:42.604956000,0.114956000,1
'2026-08-22 08:30:42.604970800,0.114970800,0
'2026-08-22 08:30:42.604982100,0.114982100,1
'2026-08-22 08:30:42.604996800,0.114996800,0
'2026-08-22 08:30:42.604996900,0.114996900,1
'2026-08-22 08:30:42.604997100,0.114997100,0
'2026-08-22 08:30:42.604997500,0.114997500,1
'2026-08-22 08:30:42.604997600,0.114997600,0
'2026-08-22 08:30:42.605008200,0.115008200,1
'2026-08-22 08:30:42.605023000,0.115023000,0
'2026-08-22 08:30:42.605034300,0.115034300,1
'2026-08-22 08:30:42.606249400,0.116249400,0
'2026-08-22 08:30:42.606260900,0.116260900,1
'2026-08-22 08:30:42.606275500,0.116275500,0
'2026-08-22 08:30:42.606287000,0.116287000,1
'2026-08-22 08:30:42.606301800,0.116301800,0
'2026-08-22 08:30:42.606304000,0.116304000,1
'2026-08-22 08:30:42.606304100,0.116304100,0
'2026-08-22 08:30:42.606313100,0.116313100,1
'2026-08-22 08:30:42.606327900,0.116327900,0
'2026-08-22 08:30:42.606339200,0.116339200,1
'2026-08-22 08:30:42.606353900,0.116353900,0
'2026-08-22 08:30:42.606365300,0.116365300,1
'2026-08-22 08:30:42.606380100,0.116380100,0
'2026-08-22 08:30:42.606391400,0.116391400,1
'2026-08-22 08:30:42.606406000,0.116406000,0
'2026-08-22 08:30:42.606406200,0.116406200,1
'2026-08-22 08:30:42.606406300,0.116406300,0
'2026-08-22 08:30:42.606417500,0.116417500,1
'2026-08-22 08:30:42.606432200,0.116432200,0
'2026-08-22 08:30:42.606432300,0.116432300,1
'2026-08-22 08:30:42.606432400,0.116432400,0
'2026-08-22 08:30:42.606432500,0.116432500,1
'2026-08-22 08:30:42.606432600,0.116432600,0
'2026-08-22 08:30:42.606443600,0.116443600,1
'2026-08-22 08:30:42.606458500,0.116458500,0
'2026-08-22 08:30:42.606469700,0.116469700,1
'2026-08-22 08:30:42.606484600,0.116484600,0
'2026-08-22 08:30:42.606495800,0.116495800,1
'2026-08-22 08:30:42.606510600,0.116510600,0
'2026-08-22 08:30:42.606510700,0.116510700,1
'2026-08-22 08:30:42.606510800,0.116510800,0
'2026-08-22 08:30:42.606521900,0.116521900,1
'2026-08-22 08:30:42.606536700,0.116536700,0
'2026-08-22 08:30:42.606548000,0.116548000,1
'2026-08-22 08:30:42.606562900,0.116562900,0
'2026-08-22 08:30:42.606563300,0.116563300,1
'2026-08-22 08:30:42.606563400,0.116563400,0
'2026-08-22 08:30:42.606574100,0.116574100,1
'2026-08-22 08:30:42.606589100,0.116589100,0
'2026-08-22 08:30:42.606600300,0.116600300,1
'2026-08-22 08:30:42.606615000,0.116615000,0
'2026-08-22 08:30:42.606615200,0.116615200,1
'2026-08-22 08:30:42.606615400,0.116615400,0
'2026-08-22 08:30:42.606626400,0.116626400,1
'2026-08-22 08:30:42.606641100,0.116641100,0
'2026-08-22 08:30:42.606641500,0.116641500,1
'2026-08-22 08:30:42.606641600,0.116641600,0
'2026-08-22 08:30:42.606652500,0.116652500,1
'2026-08-22 08:30:42.607867600,0.117867600,0
'2026-08-22 08:30:42.607867700,0.117867700,1
'2026-08-22 08:30:42.607867800,0.117867800,0
'2026-08-22 08:30:42.607867900,0.117867900,1
'2026-08-22 08:30:42.607868000,0.117868000,0
'2026-08-22 08:30:42.607879100,0.117879100,1
'2026-08-22 08:30:42.607893700,0.117893700,0
'2026-08-22 08:30:42.607905200,0.117905200,1
'2026-08-22 08:30:42.607920100,0.117920100,0
'2026-08-22 08:30:42.607931300,0.117931300,1
'2026-08-22 08:30:42.607945800,0.117945800,0
'2026-08-22 08:30:42.607957400,0.117957400,1
'2026-08-22 08:30:42.607972200,0.117972200,0
'2026-08-22 08:30:42.607983500,0.117983500,1
'2026-08-22 08:30:42.607998200,0.117998200,0
'2026-08-22 08:30:42.608009600,0.118009600,1
'2026-08-22 08:30:42.608024400,0.118024400,0
'2026-08-22 08:30:42.608035700,0.118035700,1
'2026-08-22 08:30:42.608050400,0.118050400,0
'2026-08-22 08:30:42.608050600,0.118050600,1
'2026-08-22 08:30:42.608050700,0.118050700,0
'2026-08-22 08:30:42.608061800,0.118061800,1
'2026-08-22 08:30:42.608076500,0.118076500,0
'2026-08-22 08:30:42.608087900,0.118087900,1
'2026-08-22 08:30:42.608102800,0.118102800,0
'2026-08-22 08:30:42.608114000,0.118114000,1
'2026-08-22 08:30:42.608128700,0.118128700,0
'2026-08-22 08:30:42.608128900,0.118128900,1
'2026-08-22 08:30:42.608129000,0.118129000,0
'2026-08-22 08:30:42.608140100,0.118140100,1
'2026-08-22 08:30:42.608155000,0.118155000,0
'2026-08-22 08:30:42.608155100,0.118155100,1
'2026-08-22 08:30:42.608155200,0.118155200,0
'2026-08-22 08:30:42.608166200,0.118166200,1
'2026-08-22 08:30:42.608181000,0.118181000,0
'2026-08-22 08:30:42.608181400,0.118181400,1
'2026-08-22 08:30:42.608181500,0.118181500,0
'2026-08-22 08:30:42.608185500,0.118185500,1
'2026-08-22 08:30:42.608185600,0.118185600,0
'2026-08-22 08:30:42.608192300,0.118192300,1
'2026-08-22 08:30:42.608207200,0.118207200,0
'2026-08-22 08:30:42.608218400,0.118218400,1
'2026-08-22 08:30:42.608233200,0.118233200,0
'2026-08-22 08:30:42.608233400,0.118233400,1
'2026-08-22 08:30:42.608233500,0.118233500,0
'2026-08-22 08:30:42.608233900,0.118233900,1
'2026-08-22 08:30:42.608234000,0.118234000,0
'2026-08-22 08:30:42.608244500,0.118244500,1
'2026-08-22 08:30:42.608259300,0.118259300,0
'2026-08-22 08:30:42.608259500,0.118259500,1
'2026-08-22 08:30:42.608259700,0.118259700,0
'2026-08-22 08:30:42.608270700,0.118270700,1
'2026-08-22 08:30:42.609485600,0.119485600,0
'2026-08-22 08:30:42.609497200,0.119497200,1
'2026-08-22 08:30:42.609511900,0.119511900,0
'2026-08-22 08:30:42.609523300,0.119523300,1
'2026-08-22 08:30:42.609538200,0.119538200,0
'2026-08-22 08:30:42.609549400,0.119549400,1
'2026-08-22 08:30:42.609564000,0.119564000,0
'2026-08-22 08:30:42.609575500,0.119575500,1
'2026-08-22 08:30:42.609590200,0.119590200,0
'2026-08-22 08:30:42.609601600,0.119601600,1
'2026-08-22 08:30:42.609616400,0.119616400,0
'2026-08-22 08:30:42.609627700,0.119627700,1
'2026-08-22 08:30:42.609642700,0.119642700,0
'2026-08-22 08:30:42.609653800,0.119653800,1
'2026-08-22 08:30:42.609668900,0.119668900,0
'2026-08-22 08:30:42.609679900,0.119679900,1
'2026-08-22 08:30:42.609694600,0.119694600,0
'2026-08-22 08:30:42.609706100,0.119706100,1
'2026-08-22 08:30:42.609721000,0.119721000,0
'2026-08-22 08:30:42.609732200,0.119732200,1
'2026-08-22 08:30:42.609746700,0.119746700,0
'2026-08-22 08:30:42.609758300,0.119758300,1
'2026-08-22 08:30:42.609772800,0.119772800,0
'2026-08-22 08:30:42.609772900,0.119772900,1
'2026-08-22 08:30:42.609773100,0.119773100,0
'2026-08-22 08:30:42.609773200,0.119773200,1
'2026-08-22 08:30:42.609773400,0.119773400,0
'2026-08-22 08:30:42.609784400,0.119784400,1
'2026-08-22 08:30:42.609799200,0.119799200,0
'2026-08-22 08:30:42.609803200,0.119803200,1
'2026-08-22 08:30:42.609803300,0.119803300,0
'2026-08-22 08:30:42.609810500,0.119810500,1
'2026-08-22 08:30:42.609825200,0.119825200,0
'2026-08-22 08:30:42.609825300,0.119825300,1
'2026-08-22 08:30:42.609825400,0.119825400,0
'2026-08-22 08:30:42.609836600,0.119836600,1
'2026-08-22 08:30:42.609851400,0.119851400,0
'2026-08-22 08:30:42.609851500,0.119851500,1
'2026-08-22 08:30:42.609851800,0.119851800,0
'2026-08-22 08:30:42.609852100,0.119852100,1
'2026-08-22 08:30:42.609852300,0.119852300,0
'2026-08-22 08:30:42.609862700,0.119862700,1
'2026-08-22 08:30:42.609877400,0.119877400,0
'2026-08-22 08:30:42.609887300,0.119887300,1
'2026-08-22 08:30:42.611103700,0.121103700,0
'2026-08-22 08:30:42.611115400,0.121115400,1
'2026-08-22 08:30:42.611130000,0.121130000,0
'2026-08-22 08:30:42.611130100,0.121130100,1
'2026-08-22 08:30:42.611130200,0.121130200,0
'2026-08-22 08:30:42.611130300,0.121130300,1
'2026-08-22 08:30:42.611130400,0.121130400,0
'2026-08-22 08:30:42.611141500,0.121141500,1
'2026-08-22 08:30:42.611156200,0.121156200,0
'2026-08-22 08:30:42.611167600,0.121167600,1
'2026-08-22 08:30:42.611182300,0.121182300,0
'2026-08-22 08:30:42.611193700,0.121193700,1
'2026-08-22 08:30:42.611208600,0.121208600,0
'2026-08-22 08:30:42.611209800,0.121209800,1
'2026-08-22 08:30:42.611209900,0.121209900,0
'2026-08-22 08:30:42.611219800,0.121219800,1
'2026-08-22 08:30:42.611234500,0.121234500,0
'2026-08-22 08:30:42.611234800,0.121234800,1
'2026-08-22 08:30:42.611234900,0.121234900,0
'2026-08-22 08:30:42.611245900,0.121245900,1
'2026-08-22 08:30:42.611260700,0.121260700,0
'2026-08-22 08:30:42.611265700,0.121265700,1
'2026-08-22 08:30:42.611265800,0.121265800,0
'2026-08-22 08:30:42.611272000,0.121272000,1
'2026-08-22 08:30:42.611287000,0.121287000,0
'2026-08-22 08:30:42.611292600,0.121292600,1
'2026-08-22 08:30:42.611292700,0.121292700,0
'2026-08-22 08:30:42.611298100,0.121298100,1
'2026-08-22 08:30:42.611312900,0.121312900,0
'2026-08-22 08:30:42.611324300,0.121324300,1
'2026-08-22 08:30:42.611339000,0.121339000,0
'2026-08-22 08:30:42.611339300,0.121339300,1
'2026-08-22 08:30:42.611339400,0.121339400,0
'2026-08-22 08:30:42.611339900,0.121339900,1
'2026-08-22 08:30:42.611340000,0.121340000,0
'2026-08-22 08:30:42.611350400,0.121350400,1
'2026-08-22 08:30:42.611365200,0.121365200,0
'2026-08-22 08:30:42.611376500,0.121376500,1
'2026-08-22 08:30:42.611391400,0.121391400,0
'2026-08-22 08:30:42.611402600,0.121402600,1
'2026-08-22 08:30:42.611417300,0.121417300,0
'2026-08-22 08:30:42.611418700,0.121418700,1
'2026-08-22 08:30:42.611418800,0.121418800,0
'2026-08-22 08:30:42.611428700,0.121428700,1
'2026-08-22 08:30:42.611443400,0.121443400,0
'2026-08-22 08:30:42.611454800,0.121454800,1
'2026-08-22 08:30:42.611469700,0.121469700,0
'2026-08-22 08:30:42.611478300,0.121478300,1
'2026-08-22 08:30:42.611478400,0.121478400,0
'2026-08-22 08:30:42.611480900,0.121480900,1
'2026-08-22 08:30:42.611495700,0.121495700,0
'2026-08-22 08:30:42.611500100,0.121500100,1
'2026-08-22 08:30:42.611500200,0.121500200,0
'2026-08-22 08:30:42.611502800,0.121502800,1
'2026-08-22 08:30:42.612722000,0.122722000,0
'2026-08-22 08:30:42.612723100,0.122723100,1
'2026-08-22 08:30:42.612723200,0.122723200,0
'2026-08-22 08:30:42.612725900,0.122725900,1
'2026-08-22 08:30:42.612726000,0.122726000,0
'2026-08-22 08:30:42.612733600,0.122733600,1
'2026-08-22 08:30:42.612748500,0.122748500,0
'2026-08-22 08:30:42.612759700,0.122759700,1
'2026-08-22 08:30:42.612774300,0.122774300,0
'2026-08-22 08:30:42.612774400,0.122774400,1
'2026-08-22 08:30:42.612774500,0.122774500,0
'2026-08-22 08:30:42.612776100,0.122776100,1
'2026-08-22 08:30:42.612776200,0.122776200,0
'2026-08-22 08:30:42.612785800,0.122785800,1
'2026-08-22 08:30:42.612800400,0.122800400,0
'2026-08-22 08:30:42.612801200,0.122801200,1
'2026-08-22 08:30:42.612801400,0.122801400,0
'2026-08-22 08:30:42.612811900,0.122811900,1
'2026-08-22 08:30:42.612826600,0.122826600,0
'2026-08-22 08:30:42.612838000,0.122838000,1
'2026-08-22 08:30:42.612852800,0.122852800,0
'2026-08-22 08:30:42.612864100,0.122864100,1
'2026-08-22 08:30:42.612879000,0.122879000,0
'2026-08-22 08:30:42.612879100,0.122879100,1
'2026-08-22 08:30:42.612879200,0.122879200,0
'2026-08-22 08:30:42.612879300,0.122879300,1
'2026-08-22 08:30:42.612879600,0.122879600,0
'2026-08-22 08:30:42.612890200,0.122890200,1
'2026-08-22 08:30:42.612904900,0.122904900,0
'2026-08-22 08:30:42.612905100,0.122905100,1
'2026-08-22 08:30:42.612905200,0.122905200,0
'2026-08-22 08:30:42.612916300,0.122916300,1
'2026-08-22 08:30:42.612930900,0.122930900,0
'2026-08-22 08:30:42.612940600,0.122940600,1
'2026-08-22 08:30:42.612940700,0.122940700,0
'2026-08-22 08:30:42.612942400,0.122942400,1
'2026-08-22 08:30:42.612957300,0.122957300,0
'2026-08-22 08:30:42.612957400,0.122957400,1
'2026-08-22 08:30:42.612957600,0.122957600,0
'2026-08-22 08:30:42.612960200,0.122960200,1
'2026-08-22 08:30:42.612960300,0.122960300,0
'2026-08-22 08:30:42.612968500,0.122968500,1
'2026-08-22 08:30:42.612983100,0.122983100,0
'2026-08-22 08:30:42.612986300,0.122986300,1
'2026-08-22 08:30:42.612986400,0.122986400,0
'2026-08-22 08:30:42.612988100,0.122988100,1
'2026-08-22 08:30:42.612988200,0.122988200,0
'2026-08-22 08:30:42.612994600,0.122994600,1
'2026-08-22 08:30:42.613009800,0.123009800,0
'2026-08-22 08:30:42.613010400,0.123010400,1
'2026-08-22 08:30:42.613010500,0.123010500,0
'2026-08-22 08:30:42.613011100,0.123011100,1
'2026-08-22 08:30:42.613011200,0.123011200,0
'2026-08-22 08:30:42.613020800,0.123020800,1
'2026-08-22 08:30:42.613035700,0.123035700,0
'2026-08-22 08:30:42.613038300,0.123038300,1
'2026-08-22 08:30:42.613038400,0.123038400,0
'2026-08-22 08:30:42.613046900,0.123046900,1
'2026-08-22 08:30:42.613061800,0.123061800,0
'2026-08-22 08:30:42.613068900,0.123068900,1
'2026-08-22 08:30:42.613069000,0.123069000,0
'2026-08-22 08:30:42.613073000,0.123073000,1
'2026-08-22 08:30:42.613087800,0.123087800,0
'2026-08-22 08:30:42.613088600,0.123088600,1
'2026-08-22 08:30:42.613088700,0.123088700,0
'2026-08-22 08:30:42.613098500,0.123098500,1
'2026-08-22 08:30:42.613098600,0.123098600,0
'2026-08-22 08:30:42.613099100,0.123099100,1
'2026-08-22 08:30:42.613113900,0.123113900,0
'2026-08-22 08:30:42.613121900,0.123121900,1
'2026-08-22 08:30:42.613122000,0.123122000,0
'2026-08-22 08:30:42.613125200,0.123125200,1
'2026-08-22 08:30:42.613540900,0.123540900,0
'2026-08-22 08:30:42.613542700,0.123542700,1
'2026-08-22 08:30:42.613557300,0.123557300,0
'2026-08-22 08:30:42.613568800,0.123568800,1
'2026-08-22 08:30:42.613583500,0.123583500,0
'2026-08-22 08:30:42.613594900,0.123594900,1
'2026-08-22 08:30:42.613609700,0.123609700,0
'2026-08-22 08:30:42.613610000,0.123610000,1
'2026-08-22 08:30:42.613610200,0.123610200,0
'2026-08-22 08:30:42.613621000,0.123621000,1
'2026-08-22 08:30:42.613635900,0.123635900,0
'2026-08-22 08:30:42.613647200,0.123647200,1
'2026-08-22 08:30:42.613661800,0.123661800,0
'2026-08-22 08:30:42.613662100,0.123662100,1
'2026-08-22 08:30:42.613662200,0.123662200,0
'2026-08-22 08:30:42.613662500,0.123662500,1
'2026-08-22 08:30:42.613662600,0.123662600,0
'2026-08-22 08:30:42.613671300,0.123671300,1
'2026-08-22 08:30:42.613671400,0.123671400,0
'2026-08-22 08:30:42.613673300,0.123673300,1
'2026-08-22 08:30:42.613687900,0.123687900,0
'2026-08-22 08:30:42.613688000,0.123688000,1
'2026-08-22 08:30:42.613688200,0.123688200,0
'2026-08-22 08:30:42.613688300,0.123688300,1
'2026-08-22 08:30:42.613688400,0.123688400,0
'2026-08-22 08:30:42.613691300,0.123691300,1
'2026-08-22 08:30:42.613691400,0.123691400,0
'2026-08-22 08:30:42.613699400,0.123699400,1
'2026-08-22 08:30:42.613714400,0.123714400,0
'2026-08-22 08:30:42.613725500,0.123725500,1
'2026-08-22 08:30:42.613740400,0.123740400,0
'2026-08-22 08:30:42.613740900,0.123740900,1
'2026-08-22 08:30:42.613741000,0.123741000,0
'2026-08-22 08:30:42.613742600,0.123742600,1
'2026-08-22 08:30:42.613742700,0.123742700,0
'2026-08-22 08:30:42.613751600,0.123751600,1
'2026-08-22 08:30:42.613766300,0.123766300,0
'2026-08-22 08:30:42.613766600,0.123766600,1
'2026-08-22 08:30:42.613766700,0.123766700,0
'2026-08-22 08:30:42.613775400,0.123775400,1
'2026-08-22 08:30:42.613775500,0.123775500,0
'2026-08-22 08:30:42.613777700,0.123777700,1
'2026-08-22 08:30:42.613792500,0.123792500,0
'2026-08-22 08:30:42.613792700,0.123792700,1
'2026-08-22 08:30:42.613792800,0.123792800,0
'2026-08-22 08:30:42.613792900,0.123792900,1
'2026-08-22 08:30:42.613793000,0.123793000,0
'2026-08-22 08:30:42.613803800,0.123803800,1
'2026-08-22 08:30:42.613818400,0.123818400,0
'2026-08-22 08:30:42.613829900,0.123829900,1
'2026-08-22 08:30:42.613844900,0.123844900,0
'2026-08-22 08:30:42.613855000,0.123855000,1
'2026-08-22 08:30:42.613855100,0.123855100,0
'2026-08-22 08:30:42.613856000,0.123856000,1
'2026-08-22 08:30:42.613871200,0.123871200,0
'2026-08-22 08:30:42.613882100,0.123882100,1
'2026-08-22 08:30:42.613897100,0.123897100,0
'2026-08-22 08:30:42.613907000,0.123907000,1
'2026-08-22 08:30:42.613907100,0.123907100,0
'2026-08-22 08:30:42.613908200,0.123908200,1
'2026-08-22 08:30:42.613923400,0.123923400,0
'2026-08-22 08:30:42.613923500,0.123923500,1
'2026-08-22 08:30:42.613923600,0.123923600,0
'2026-08-22 08:30:42.613923700,0.123923700,1
'2026-08-22 08:30:42.613923800,0.123923800,0
'2026-08-22 08:30:42.613934300,0.123934300,1
'2026-08-22 08:30:42.614366600,0.124366600,0
'2026-08-22 08:30:42.614366900,0.124366900,1
'2026-08-22 08:30:42.614367000,0.124367000,0
'2026-08-22 08:30:42.614378000,0.124378000,1
'2026-08-22 08:30:42.614392700,0.124392700,0
'2026-08-22 08:30:42.614404100,0.124404100,1
'2026-08-22 08:30:42.614419000,0.124419000,0
'2026-08-22 08:30:42.614430200,0.124430200,1
'2026-08-22 08:30:42.614445000,0.124445000,0
'2026-08-22 08:30:42.614445100,0.124445100,1
'2026-08-22 08:30:42.614445200,0.124445200,0
'2026-08-22 08:30:42.614456300,0.124456300,1
'2026-08-22 08:30:42.614471000,0.124471000,0
'2026-08-22 08:30:42.614471100,0.124471100,1
'2026-08-22 08:30:42.614471200,0.124471200,0
'2026-08-22 08:30:42.614482400,0.124482400,1
'2026-08-22 08:30:42.614497200,0.124497200,0
'2026-08-22 08:30:42.614508500,0.124508500,1
'2026-08-22 08:30:42.614523300,0.124523300,0
'2026-08-22 08:30:42.614523400,0.124523400,1
'2026-08-22 08:30:42.614523500,0.124523500,0
'2026-08-22 08:30:42.614534600,0.124534600,1
'2026-08-22 08:30:42.614549400,0.124549400,0
'2026-08-22 08:30:42.614560700,0.124560700,1
'2026-08-22 08:30:42.614575700,0.124575700,0
'2026-08-22 08:30:42.614586800,0.124586800,1
'2026-08-22 08:30:42.614601600,0.124601600,0
'2026-08-22 08:30:42.614601700,0.124601700,1
'2026-08-22 08:30:42.614601800,0.124601800,0
'2026-08-22 08:30:42.614613000,0.124613000,1
'2026-08-22 08:30:42.614628100,0.124628100,0
'2026-08-22 08:30:42.614629100,0.124629100,1
'2026-08-22 08:30:42.614629200,0.124629200,0
'2026-08-22 08:30:42.614639100,0.124639100,1
'2026-08-22 08:30:42.614653800,0.124653800,0
'2026-08-22 08:30:42.614653900,0.124653900,1
'2026-08-22 08:30:42.614654000,0.124654000,0
'2026-08-22 08:30:42.614655800,0.124655800,1
'2026-08-22 08:30:42.614655900,0.124655900,0
'2026-08-22 08:30:42.614665200,0.124665200,1
'2026-08-22 08:30:42.614680200,0.124680200,0
'2026-08-22 08:30:42.614687500,0.124687500,1
'2026-08-22 08:30:42.614687600,0.124687600,0
'2026-08-22 08:30:42.614691300,0.124691300,1
'2026-08-22 08:30:42.614706400,0.124706400,0
'2026-08-22 08:30:42.614709100,0.124709100,1
'2026-08-22 08:30:42.614709200,0.124709200,0
'2026-08-22 08:30:42.614717400,0.124717400,1
'2026-08-22 08:30:42.614732200,0.124732200,0
'2026-08-22 08:30:42.614734900,0.124734900,1
'2026-08-22 08:30:42.614735000,0.124735000,0
'2026-08-22 08:30:42.614735500,0.124735500,1
'2026-08-22 08:30:42.614735600,0.124735600,0
'2026-08-22 08:30:42.614738600,0.124738600,1
'2026-08-22 08:30:42.614738700,0.124738700,0
'2026-08-22 08:30:42.614743500,0.124743500,1
'2026-08-22 08:30:42.614758600,0.124758600,0
'2026-08-22 08:30:42.614758700,0.124758700,1
'2026-08-22 08:30:42.614758900,0.124758900,0
'2026-08-22 08:30:42.614759300,0.124759300,1
'2026-08-22 08:30:42.614759400,0.124759400,0
'2026-08-22 08:30:42.614766900,0.124766900,1
'2026-08-22 08:30:42.690000000,0.200000000,0
