; CSV, generated by atk_libsigrok4 1.0.0 on 2026-08-22 08:21:45
; Channels (1/16)
; ChannelsType: 1
; Sample rate: 10 MHz
; Sample count: 1.907349 M
; Sampling time: 2026-08-22 08:21:40.054
SystemTime, Time(s), meow
'2026-08-22 08:21:40.054000000,0.000000000,1
'2026-08-22 08:21:40.054001900,0.000001900,0
'2026-08-22 08:21:40.054007700,0.000007700,1
'2026-08-22 08:21:40.054021800,0.000021800,0
'2026-08-22 08:21:40.054033700,0.000033700,1
'2026-08-22 08:21:40.054047800,0.000047800,0
'2026-08-22 08:21:40.054059800,0.000059800,1
'2026-08-22 08:21:40.054073900,0.000073900,0
'2026-08-22 08:21:40.054085800,0.000085800,1
'2026-08-22 08:21:40.054100000,0.000100000,0
'2026-08-22 08:21:40.054111800,0.000111800,1
'2026-08-22 08:21:40.054125900,0.000125900,0
'2026-08-22 08:21:40.054137900,0.000137900,1
'2026-08-22 08:21:40.054152000,0.000152000,0
'2026-08-22 08:21:40.054163900,0.000163900,1
'2026-08-22 08:21:40.054178000,0.000178000,0
'2026-08-22 08:21:40.054189900,0.000189900,1
'2026-08-22 08:21:40.054204000,0.000204000,0
'2026-08-22 08:21:40.054216000,0.000216000,1
'2026-08-22 08:21:40.054230200,0.000230200,0
'2026-08-22 08:21:40.054242000,0.000242000,1
'2026-08-22 08:21:40.054256100,0.000256100,0
'2026-08-22 08:21:40.054268000,0.000268000,1
'2026-08-22 08:21:40.054282200,0.000282200,0
'2026-08-22 08:21:40.054294100,0.000294100,1
'2026-08-22 08:21:40.054308200,0.000308200,0
'2026-08-22 08:21:40.054320100,0.000320100,1
'2026-08-22 08:21:40.054334300,0.000334300,0
'2026-08-22 08:21:40.054346100,0.000346100,1
'2026-08-22 08:21:40.054360300,0.000360300,0
'2026-08-22 08:21:40.054372200,0.000372200,1
'2026-08-22 08:21:40.054386300,0.000386300,0
'2026-08-22 08:21:40.054386900,0.000386900,1
'2026-08-22 08:21:40.054387000,0.000387000,0
'2026-08-22 08:21:40.054398200,0.000398200,1
'2026-08-22 08:21:40.054412500,0.000412500,0
'2026-08-22 08:21:40.054424200,0.000424200,1
'2026-08-22 08:21:40.054438400,0.000438400,0
'2026-08-22 08:21:40.054450300,0.000450300,1
'2026-08-22 08:21:40.054464500,0.000464500,0
'2026-08-22 08:21:40.054476300,0.000476300,1
'2026-08-22 08:21:40.054490400,0.000490400,0
'2026-08-22 08:21:40.054502300,0.000502300,1
'2026-08-22 08:21:40.054516500,0.000516500,0
'2026-08-22 08:21:40.054528400,0.000528400,1
'2026-08-22 08:21:40.054542500,0.000542500,0
'2026-08-22 08:21:40.054554400,0.000554400,1
'2026-08-22 08:21:40.054568600,0.000568600,0
'2026-08-22 08:21:40.054580500,0.000580500,1
'2026-08-22 08:21:40.054594700,0.000594700,0
'2026-08-22 08:21:40.054606500,0.000606500,1
'2026-08-22 08:21:40.054620600,0.000620600,0
'2026-08-22 08:21:40.054632500,0.000632500,1
'2026-08-22 08:21:40.054646700,0.000646700,0
'2026-08-22 08:21:40.054658500,0.000658500,1
'2026-08-22 08:21:40.054672700,0.000672700,0
'2026-08-22 08:21:40.054684600,0.000684600,1
'2026-08-22 08:21:40.054698700,0.000698700,0
'2026-08-22 08:21:40.054710600,0.000710600,1
'2026-08-22 08:21:40.054724800,0.000724800,0
'2026-08-22 08:21:40.054736600,0.000736600,1
'2026-08-22 08:21:40.054750800,0.000750800,0
'2026-08-22 08:21:40.054762700,0.000762700,1
'2026-08-22 08:21:40.054777000,0.000777000,0
'2026-08-22 08:21:40.054788700,0.000788700,1
'2026-08-22 08:21:40.054802900,0.000802900,0
'2026-08-22 08:21:40.054814700,0.000814700,1
'2026-08-22 08:21:40.054828900,0.000828900,0
'2026-08-22 08:21:40.054840800,0.000840800,1
'2026-08-22 08:21:40.054854900,0.000854900,0
'2026-08-22 08:21:40.054866800,0.000866800,1
'2026-08-22 08:21:40.054881000,0.000881000,0
'2026-08-22 08:21:40.054892800,0.000892800,1
'2026-08-22 08:21:40.054907200,0.000907200,0
'2026-08-22 08:21:40.054918900,0.000918900,1
'2026-08-22 08:21:40.054933200,0.000933200,0
'2026-08-22 08:21:40.054944900,0.000944900,1
'2026-08-22 08:21:40.054959100,0.000959100,0
'2026-08-22 08:21:40.054970900,0.000970900,1
'2026-08-22 08:21:40.054985100,0.000985100,0
'2026-08-22 08:21:40.054997000,0.000997000,1
'2026-08-22 08:21:40.055011200,0.001011200,0
'2026-08-22 08:21:40.055023000,0.001023000,1
'2026-08-22 08:21:40.055037100,0.001037100,0
'2026-08-22 08:21:40.055037200,0.001037200,1
'2026-08-22 08:21:40.055037300,0.001037300,0
'2026-08-22 08:21:40.055049000,0.001049000,1
'2026-08-22 08:21:40.055063300,0.001063300,0
'2026-08-22 08:21:40.055063500,0.001063500,1
'2026-08-22 08:21:40.055063600,0.001063600,0
'2026-08-22 08:21:40.055075100,0.001075100,1
'2026-08-22 08:21:40.055089300,0.001089300,0
'2026-08-22 08:21:40.055101100,0.001101100,1
'2026-08-22 08:21:40.055115300,0.001115300,0
'2026-08-22 08:21:40.055127100,0.001127100,1
'2026-08-22 08:21:40.055141300,0.001141300,0
'2026-08-22 08:21:40.055153200,0.001153200,1
'2026-08-22 08:21:40.055167400,0.001167400,0
'2026-08-22 08:21:40.055179200,0.001179200,1
'2026-08-22 08:21:40.055193500,0.001193500,0
'2026-08-22 08:21:40.055205200,0.001205200,1
'2026-08-22 08:21:40.055219500,0.001219500,0
'2026-08-22 08:21:40.055231300,0.001231300,1
'2026-08-22 08:21:40.055245500,0.001245500,0
'2026-08-22 08:21:40.055257300,0.001257300,1
'2026-08-22 08:21:40.055271500,0.001271500,0
'2026-08-22 08:21:40.055275800,0.001275800,1
'2026-08-22 08:21:40.055275900,0.001275900,0
'2026-08-22 08:21:40.055283300,0.001283300,1
'2026-08-22 08:21:40.055297600,0.001297600,0
'2026-08-22 08:21:40.055309400,0.001309400,1
'2026-08-22 08:21:40.055323600,0.001323600,0
'2026-08-22 08:21:40.055326900,0.001326900,1
'2026-08-22 08:21:40.055327000,0.001327000,0
'2026-08-22 08:21:40.055335400,0.001335400,1
'2026-08-22 08:21:40.055349600,0.001349600,0
'2026-08-22 08:21:40.055349700,0.001349700,1
'2026-08-22 08:21:40.055349800,0.001349800,0
'2026-08-22 08:21:40.055361500,0.001361500,1
'2026-08-22 08:21:40.055375600,0.001375600,0
'2026-08-22 08:21:40.055387500,0.001387500,1
'2026-08-22 08:21:40.055401700,0.001401700,0
'2026-08-22 08:21:40.055413500,0.001413500,1
'2026-08-22 08:21:40.055427700,0.001427700,0
'2026-08-22 08:21:40.055439600,0.001439600,1
'2026-08-22 08:21:40.055453800,0.001453800,0
'2026-08-22 08:21:40.055465600,0.001465600,1
'2026-08-22 08:21:40.055480000,0.001480000,0
'2026-08-22 08:21:40.055491600,0.001491600,1
'2026-08-22 08:21:40.055505800,0.001505800,0
'2026-08-22 08:21:40.055517700,0.001517700,1
'2026-08-22 08:21:40.055531900,0.001531900,0
'2026-08-22 08:21:40.055543700,0.001543700,1
'2026-08-22 08:21:40.055557900,0.001557900,0
'2026-08-22 08:21:40.055569700,0.001569700,1
'2026-08-22 08:21:40.055583900,0.001583900,0
'2026-08-22 08:21:40.055595800,0.001595800,1
'2026-08-22 08:21:40.055610000,0.001610000,0
'2026-08-22 08:21:40.055621800,0.001621800,1
'2026-08-22 08:21:40.055636000,0.001636000,0
'2026-08-22 08:21:40.055647800,0.001647800,1
'2026-08-22 08:21:40.055662000,0.001662000,0
'2026-08-22 08:21:40.055673900,0.001673900,1
'2026-08-22 08:21:40.055688200,0.001688200,0
'2026-08-22 08:21:40.055699900,0.001699900,1
'2026-08-22 08:21:40.055714000,0.001714000,0
'2026-08-22 08:21:40.055725900,0.001725900,1
'2026-08-22 08:21:40.055740100,0.001740100,0
'2026-08-22 08:21:40.055752000,0.001752000,1
'2026-08-22 08:21:40.055766300,0.001766300,0
'2026-08-22 08:21:40.055778000,0.001778000,1
'2026-08-22 08:21:40.055792100,0.001792100,0
'2026-08-22 08:21:40.055804000,0.001804000,1
'2026-08-22 08:21:40.055818400,0.001818400,0
'2026-08-22 08:21:40.055824200,0.001824200,1
'2026-08-22 08:21:40.055824300,0.001824300,0
'2026-08-22 08:21:40.055830100,0.001830100,1
'2026-08-22 08:21:40.055844200,0.001844200,0
'2026-08-22 08:21:40.055856100,0.001856100,1
'2026-08-22 08:21:40.055870400,0.001870400,0
'2026-08-22 08:21:40.055882100,0.001882100,1
'2026-08-22 08:21:40.055896200,0.001896200,0
'2026-08-22 08:21:40.055908200,0.001908200,1
'2026-08-22 08:21:40.055922300,0.001922300,0
'2026-08-22 08:21:40.055934200,0.001934200,1
'2026-08-22 08:21:40.055948500,0.001948500,0
'2026-08-22 08:21:40.055960200,0.001960200,1
'2026-08-22 08:21:40.055974400,0.001974400,0
'2026-08-22 08:21:40.055986300,0.001986300,1
'2026-08-22 08:21:40.056000500,0.002000500,0
'2026-08-22 08:21:40.056012300,0.002012300,1
'2026-08-22 08:21:40.056026500,0.002026500,0
'2026-08-22 08:21:40.056026600,0.002026600,1
'2026-08-22 08:21:40.056026700,0.002026700,0
'2026-08-22 08:21:40.056038300,0.002038300,1
'2026-08-22 08:21:40.056052500,0.002052500,0
'2026-08-22 08:21:40.056064400,0.002064400,1
'2026-08-22 08:21:40.056078500,0.002078500,0
'2026-08-22 08:21:40.056090400,0.002090400,1
'2026-08-22 08:21:40.056104600,0.002104600,0
'2026-08-22 08:21:40.056116400,0.002116400,1
'2026-08-22 08:21:40.056130700,0.002130700,0
'2026-08-22 08:21:40.056142500,0.002142500,1
'2026-08-22 08:21:40.056156600,0.002156600,0
'2026-08-22 08:21:40.056168500,0.002168500,1
'2026-08-22 08:21:40.056182700,0.002182700,0
'2026-08-22 08:21:40.056194500,0.002194500,1
'2026-08-22 08:21:40.056208700,0.002208700,0
'2026-08-22 08:21:40.056220600,0.002220600,1
'2026-08-22 08:21:40.056234800,0.002234800,0
'2026-08-22 08:21:40.056246600,0.002246600,1
'2026-08-22 08:21:40.056260900,0.002260900,0
'2026-08-22 08:21:40.056272600,0.002272600,1
'2026-08-22 08:21:40.056286800,0.002286800,0
'2026-08-22 08:21:40.056298700,0.002298700,1
'2026-08-22 08:21:40.056313000,0.002313000,0
'2026-08-22 08:21:40.056324700,0.002324700,1
'2026-08-22 08:21:40.056338900,0.002338900,0
'2026-08-22 08:21:40.056350700,0.002350700,1
'2026-08-22 08:21:40.056365000,0.002365000,0
'2026-08-22 08:21:40.056376800,0.002376800,1
'2026-08-22 08:21:40.056391000,0.002391000,0
'2026-08-22 08:21:40.056402800,0.002402800,1
'2026-08-22 08:21:40.056417000,0.002417000,0
'2026-08-22 08:21:40.056420800,0.002420800,1
'2026-08-22 08:21:40.056420900,0.002420900,0
'2026-08-22 08:21:40.056425200,0.002425200,1
'2026-08-22 08:21:40.056425300,0.002425300,0
'2026-08-22 08:21:40.056428800,0.002428800,1
'2026-08-22 08:21:40.056443400,0.002443400,0
'2026-08-22 08:21:40.056454900,0.002454900,1
'2026-08-22 08:21:40.056469100,0.002469100,0
'2026-08-22 08:21:40.056480900,0.002480900,1
'2026-08-22 08:21:40.056495200,0.002495200,0
'2026-08-22 08:21:40.056507000,0.002507000,1
'2026-08-22 08:21:40.056521200,0.002521200,0
'2026-08-22 08:21:40.056533000,0.002533000,1
'2026-08-22 08:21:40.056547200,0.002547200,0
'2026-08-22 08:21:40.056559000,0.002559000,1
'2026-08-22 08:21:40.056573500,0.002573500,0
'2026-08-22 08:21:40.056585100,0.002585100,1
'2026-08-22 08:21:40.056599400,0.002599400,0
'2026-08-22 08:21:40.056611100,0.002611100,1
'2026-08-22 08:21:40.056625500,0.002625500,0
'2026-08-22 08:21:40.056631900,0.002631900,1
'2026-08-22 08:21:40.056632000,0.002632000,0
'2026-08-22 08:21:40.056637100,0.002637100,1
'2026-08-22 08:21:40.056651400,0.002651400,0
'2026-08-22 08:21:40.056663200,0.002663200,1
'2026-08-22 08:21:40.056677400,0.002677400,0
'2026-08-22 08:21:40.056689200,0.002689200,1
'2026-08-22 08:21:40.056703500,0.002703500,0
'2026-08-22 08:21:40.056715200,0.002715200,1
'2026-08-22 08:21:40.056729500,0.002729500,0
'2026-08-22 08:21:40.056741300,0.002741300,1
'2026-08-22 08:21:40.056755400,0.002755400,0
'2026-08-22 08:21:40.056767300,0.002767300,1
'2026-08-22 08:21:40.056781600,0.002781600,0
'2026-08-22 08:21:40.056793300,0.002793300,1
'2026-08-22 08:21:40.056807600,0.002807600,0
'2026-08-22 08:21:40.056819400,0.002819400,1
'2026-08-22 08:21:40.056833600,0.002833600,0
'2026-08-22 08:21:40.056845400,0.002845400,1
'2026-08-22 08:21:40.056859500,0.002859500,0
'2026-08-22 08:21:40.056859600,0.002859600,1
'2026-08-22 08:21:40.056859700,0.002859700,0
'2026-08-22 08:21:40.056871400,0.002871400,1
'2026-08-22 08:21:40.056885600,0.002885600,0
'2026-08-22 08:21:40.056897500,0.002897500,1
'2026-08-22 08:21:40.056911700,0.002911700,0
'2026-08-22 08:21:40.056923500,0.002923500,1
'2026-08-22 08:21:40.056937700,0.002937700,0
'2026-08-22 08:21:40.056949500,0.002949500,1
'2026-08-22 08:21:40.056963800,0.002963800,0
'2026-08-22 08:21:40.056975600,0.002975600,1
'2026-08-22 08:21:40.056989800,0.002989800,0
'2026-08-22 08:21:40.057001600,0.003001600,1
'2026-08-22 08:21:40.057015800,0.003015800,0
'2026-08-22 08:21:40.057027600,0.003027600,1
'2026-08-22 08:21:40.057041900,0.003041900,0
'2026-08-22 08:21:40.057053700,0.003053700,1
'2026-08-22 08:21:40.057068000,0.003068000,0
'2026-08-22 08:21:40.057079700,0.003079700,1
'2026-08-22 08:21:40.057093900,0.003093900,0
'2026-08-22 08:21:40.057105700,0.003105700,1
'2026-08-22 08:21:40.057120000,0.003120000,0
'2026-08-22 08:21:40.057131800,0.003131800,1
'2026-08-22 08:21:40.057146000,0.003146000,0
'2026-08-22 08:21:40.057157800,0.003157800,1
'2026-08-22 08:21:40.057172000,0.003172000,0
'2026-08-22 08:21:40.057183800,0.003183800,1
'2026-08-22 08:21:40.057198400,0.003198400,0
'2026-08-22 08:21:40.057209900,0.003209900,1
'2026-08-22 08:21:40.057224100,0.003224100,0
'2026-08-22 08:21:40.057235900,0.003235900,1
'2026-08-22 08:21:40.057250200,0.003250200,0
'2026-08-22 08:21:40.057259300,0.003259300,1
'2026-08-22 08:21:40.058893000,0.004893000,0
'2026-08-22 08:21:40.058901800,0.004901800,1
'2026-08-22 08:21:40.058916100,0.004916100,0
'2026-08-22 08:21:40.058927800,0.004927800,1
'2026-08-22 08:21:40.058941900,0.004941900,0
'2026-08-22 08:21:40.058953900,0.004953900,1
'2026-08-22 08:21:40.058968100,0.004968100,0
'2026-08-22 08:21:40.058974300,0.004974300,1
'2026-08-22 08:21:40.058974400,0.004974400,0
'2026-08-22 08:21:40.058979900,0.004979900,1
'2026-08-22 08:21:40.058994100,0.004994100,0
'2026-08-22 08:21:40.059005900,0.005005900,1
'2026-08-22 08:21:40.059020100,0.005020100,0
'2026-08-22 08:21:40.059032000,0.005032000,1
'2026-08-22 08:21:40.059046300,0.005046300,0
'2026-08-22 08:21:40.059058000,0.005058000,1
'2026-08-22 08:21:40.059072200,0.005072200,0
'2026-08-22 08:21:40.059084100,0.005084100,1
'2026-08-22 08:21:40.059098300,0.005098300,0
'2026-08-22 08:21:40.059110100,0.005110100,1
'2026-08-22 08:21:40.059124300,0.005124300,0
'2026-08-22 08:21:40.059136100,0.005136100,1
'2026-08-22 08:21:40.059150300,0.005150300,0
'2026-08-22 08:21:40.059162200,0.005162200,1
'2026-08-22 08:21:40.059176500,0.005176500,0
'2026-08-22 08:21:40.059178100,0.005178100,1
'2026-08-22 08:21:40.059178200,0.005178200,0
'2026-08-22 08:21:40.059188200,0.005188200,1
'2026-08-22 08:21:40.059202400,0.005202400,0
'2026-08-22 08:21:40.059214200,0.005214200,1
'2026-08-22 08:21:40.059228500,0.005228500,0
'2026-08-22 08:21:40.059240300,0.005240300,1
'2026-08-22 08:21:40.059254500,0.005254500,0
'2026-08-22 08:21:40.059266300,0.005266300,1
'2026-08-22 08:21:40.059280600,0.005280600,0
'2026-08-22 08:21:40.059292400,0.005292400,1
'2026-08-22 08:21:40.059723000,0.005723000,0
'2026-08-22 08:21:40.059734800,0.005734800,1
'2026-08-22 08:21:40.059749000,0.005749000,0
'2026-08-22 08:21:40.059760900,0.005760900,1
'2026-08-22 08:21:40.059775000,0.005775000,0
'2026-08-22 08:21:40.059775100,0.005775100,1
'2026-08-22 08:21:40.059775200,0.005775200,0
'2026-08-22 08:21:40.059786900,0.005786900,1
'2026-08-22 08:21:40.059801000,0.005801000,0
'2026-08-22 08:21:40.059812900,0.005812900,1
'2026-08-22 08:21:40.059827200,0.005827200,0
'2026-08-22 08:21:40.059839000,0.005839000,1
'2026-08-22 08:21:40.059853200,0.005853200,0
'2026-08-22 08:21:40.059865000,0.005865000,1
'2026-08-22 08:21:40.059879300,0.005879300,0
'2026-08-22 08:21:40.059891100,0.005891100,1
'2026-08-22 08:21:40.059905200,0.005905200,0
'2026-08-22 08:21:40.059917100,0.005917100,1
'2026-08-22 08:21:40.059931300,0.005931300,0
'2026-08-22 08:21:40.059943100,0.005943100,1
'2026-08-22 08:21:40.059957400,0.005957400,0
'2026-08-22 08:21:40.059967200,0.005967200,1
'2026-08-22 08:21:40.059967300,0.005967300,0
'2026-08-22 08:21:40.059969200,0.005969200,1
'2026-08-22 08:21:40.059983400,0.005983400,0
'2026-08-22 08:21:40.059995200,0.005995200,1
'2026-08-22 08:21:40.060009400,0.006009400,0
'2026-08-22 08:21:40.060021200,0.006021200,1
'2026-08-22 08:21:40.060035500,0.006035500,0
'2026-08-22 08:21:40.060047300,0.006047300,1
'2026-08-22 08:21:40.060061500,0.006061500,0
'2026-08-22 08:21:40.060073300,0.006073300,1
'2026-08-22 08:21:40.060087400,0.006087400,0
'2026-08-22 08:21:40.060087500,0.006087500,1
'2026-08-22 08:21:40.060087600,0.006087600,0
'2026-08-22 08:21:40.060099400,0.006099400,1
'2026-08-22 08:21:40.060113600,0.006113600,0
'2026-08-22 08:21:40.060123900,0.006123900,1
'2026-08-22 08:21:40.060556000,0.006556000,0
'2026-08-22 08:21:40.060556100,0.006556100,1
'2026-08-22 08:21:40.060556200,0.006556200,0
'2026-08-22 08:21:40.060567900,0.006567900,1
'2026-08-22 08:21:40.060582000,0.006582000,0
'2026-08-22 08:21:40.060593900,0.006593900,1
'2026-08-22 08:21:40.060608200,0.006608200,0
'2026-08-22 08:21:40.060620000,0.006620000,1
'2026-08-22 08:21:40.060634100,0.006634100,0
'2026-08-22 08:21:40.060646000,0.006646000,1
'2026-08-22 08:21:40.060660200,0.006660200,0
'2026-08-22 08:21:40.060672000,0.006672000,1
'2026-08-22 08:21:40.060686300,0.006686300,0
'2026-08-22 08:21:40.060686500,0.006686500,1
'2026-08-22 08:21:40.060686600,0.006686600,0
'2026-08-22 08:21:40.060698100,0.006698100,1
'2026-08-22 08:21:40.060712300,0.006712300,0
'2026-08-22 08:21:40.060724100,0.006724100,1
'2026-08-22 08:21:40.060738600,0.006738600,0
'2026-08-22 08:21:40.060750200,0.006750200,1
'2026-08-22 08:21:40.060764400,0.006764400,0
'2026-08-22 08:21:40.060776200,0.006776200,1
'2026-08-22 08:21:40.060790400,0.006790400,0
'2026-08-22 08:21:40.060802200,0.006802200,1
'2026-08-22 08:21:40.060816400,0.006816400,0
'2026-08-22 08:21:40.060828300,0.006828300,1
'2026-08-22 08:21:40.060842500,0.006842500,0
'2026-08-22 08:21:40.060854300,0.006854300,1
'2026-08-22 08:21:40.060868500,0.006868500,0
'2026-08-22 08:21:40.060880300,0.006880300,1
'2026-08-22 08:21:40.060894600,0.006894600,0
'2026-08-22 08:21:40.060906400,0.006906400,1
'2026-08-22 08:21:40.060920700,0.006920700,0
'2026-08-22 08:21:40.060932400,0.006932400,1
'2026-08-22 08:21:40.060946600,0.006946600,0
'2026-08-22 08:21:40.060953100,0.006953100,1
'2026-08-22 08:21:40.062169900,0.008169900,0
'2026-08-22 08:21:40.062181800,0.008181800,1
'2026-08-22 08:21:40.062196000,0.008196000,0
'2026-08-22 08:21:40.062207800,0.008207800,1
'2026-08-22 08:21:40.062222000,0.008222000,0
'2026-08-22 08:21:40.062233900,0.008233900,1
'2026-08-22 08:21:40.062248000,0.008248000,0
'2026-08-22 08:21:40.062259900,0.008259900,1
'2026-08-22 08:21:40.062274100,0.008274100,0
'2026-08-22 08:21:40.062285900,0.008285900,1
'2026-08-22 08:21:40.062300100,0.008300100,0
'2026-08-22 08:21:40.062312000,0.008312000,1
'2026-08-22 08:21:40.062326200,0.008326200,0
'2026-08-22 08:21:40.062338000,0.008338000,1
'2026-08-22 08:21:40.062352200,0.008352200,0
'2026-08-22 08:21:40.062364100,0.008364100,1
'2026-08-22 08:21:40.062378300,0.008378300,0
'2026-08-22 08:21:40.062389900,0.008389900,1
'2026-08-22 08:21:40.062390000,0.008390000,0
'2026-08-22 08:21:40.062390100,0.008390100,1
'2026-08-22 08:21:40.062404300,0.008404300,0
'2026-08-22 08:21:40.062416100,0.008416100,1
'2026-08-22 08:21:40.062430400,0.008430400,0
'2026-08-22 08:21:40.062442200,0.008442200,1
'2026-08-22 08:21:40.062456500,0.008456500,0
'2026-08-22 08:21:40.062468200,0.008468200,1
'2026-08-22 08:21:40.062482400,0.008482400,0
'2026-08-22 08:21:40.062494200,0.008494200,1
'2026-08-22 08:21:40.062508600,0.008508600,0
'2026-08-22 08:21:40.062520300,0.008520300,1
'2026-08-22 08:21:40.062534400,0.008534400,0
'2026-08-22 08:21:40.062546300,0.008546300,1
'2026-08-22 08:21:40.062560500,0.008560500,0
'2026-08-22 08:21:40.062564700,0.008564700,1
'2026-08-22 08:21:40.062984900,0.008984900,0
'2026-08-22 08:21:40.062988800,0.008988800,1
'2026-08-22 08:21:40.063003100,0.009003100,0
'2026-08-22 08:21:40.063014800,0.009014800,1
'2026-08-22 08:21:40.063028900,0.009028900,0
'2026-08-22 08:21:40.063040800,0.009040800,1
'2026-08-22 08:21:40.063055200,0.009055200,0
'2026-08-22 08:21:40.063066900,0.009066900,1
'2026-08-22 08:21:40.063081000,0.009081000,0
'2026-08-22 08:21:40.063092900,0.009092900,1
'2026-08-22 08:21:40.063107200,0.009107200,0
'2026-08-22 08:21:40.063118900,0.009118900,1
'2026-08-22 08:21:40.063133100,0.009133100,0
'2026-08-22 08:21:40.063145000,0.009145000,1
'2026-08-22 08:21:40.063159200,0.009159200,0
'2026-08-22 08:21:40.063171000,0.009171000,1
'2026-08-22 08:21:40.063185200,0.009185200,0
'2026-08-22 08:21:40.063188700,0.009188700,1
'2026-08-22 08:21:40.063188800,0.009188800,0
'2026-08-22 08:21:40.063197000,0.009197000,1
'2026-08-22 08:21:40.063211300,0.009211300,0
'2026-08-22 08:21:40.063223100,0.009223100,1
'2026-08-22 08:21:40.063237200,0.009237200,0
'2026-08-22 08:21:40.063249100,0.009249100,1
'2026-08-22 08:21:40.063263400,0.009263400,0
'2026-08-22 08:21:40.063275200,0.009275200,1
'2026-08-22 08:21:40.063289400,0.009289400,0
'2026-08-22 08:21:40.063301200,0.009301200,1
'2026-08-22 08:21:40.063315400,0.009315400,0
'2026-08-22 08:21:40.063327200,0.009327200,1
'2026-08-22 08:21:40.063341400,0.009341400,0
'2026-08-22 08:21:40.063353300,0.009353300,1
'2026-08-22 08:21:40.063367600,0.009367600,0
'2026-08-22 08:21:40.063379300,0.009379300,1
'2026-08-22 08:21:40.063393600,0.009393600,0
'2026-08-22 08:21:40.063393900,0.009393900,1
'2026-08-22 08:21:40.064596500,0.010596500,0
'2026-08-22 08:21:40.064602600,0.010602600,1
'2026-08-22 08:21:40.064616700,0.010616700,0
'2026-08-22 08:21:40.064628600,0.010628600,1
'2026-08-22 08:21:40.064642800,0.010642800,0
'2026-08-22 08:21:40.064654600,0.010654600,1
'2026-08-22 08:21:40.064669000,0.010669000,0
'2026-08-22 08:21:40.064680700,0.010680700,1
'2026-08-22 08:21:40.064694900,0.010694900,0
'2026-08-22 08:21:40.064706700,0.010706700,1
'2026-08-22 08:21:40.064720900,0.010720900,0
'2026-08-22 08:21:40.064732800,0.010732800,1
'2026-08-22 08:21:40.064746800,0.010746800,0
'2026-08-22 08:21:40.064758800,0.010758800,1
'2026-08-22 08:21:40.064773000,0.010773000,0
'2026-08-22 08:21:40.064784800,0.010784800,1
'2026-08-22 08:21:40.064799100,0.010799100,0
'2026-08-22 08:21:40.064810900,0.010810900,1
'2026-08-22 08:21:40.064825000,0.010825000,0
'2026-08-22 08:21:40.064836900,0.010836900,1
'2026-08-22 08:21:40.064851200,0.010851200,0
'2026-08-22 08:21:40.064863000,0.010863000,1
'2026-08-22 08:21:40.064877100,0.010877100,0
'2026-08-22 08:21:40.064889000,0.010889000,1
'2026-08-22 08:21:40.064903200,0.010903200,0
'2026-08-22 08:21:40.064915000,0.010915000,1
'2026-08-22 08:21:40.064929100,0.010929100,0
'2026-08-22 08:21:40.064941100,0.010941100,1
'2026-08-22 08:21:40.064955300,0.010955300,0
'2026-08-22 08:21:40.064967100,0.010967100,1
'2026-08-22 08:21:40.064981400,0.010981400,0
'2026-08-22 08:21:40.064993100,0.010993100,1
'2026-08-22 08:21:40.065426000,0.011426000,0
'2026-08-22 08:21:40.065427000,0.011427000,1
'2026-08-22 08:21:40.065427100,0.011427100,0
'2026-08-22 08:21:40.065435600,0.011435600,1
'2026-08-22 08:21:40.065449900,0.011449900,0
'2026-08-22 08:21:40.065461600,0.011461600,1
'2026-08-22 08:21:40.065475800,0.011475800,0
'2026-08-22 08:21:40.065487600,0.011487600,1
'2026-08-22 08:21:40.065501900,0.011501900,0
'2026-08-22 08:21:40.065513700,0.011513700,1
'2026-08-22 08:21:40.065527800,0.011527800,0
'2026-08-22 08:21:40.065539700,0.011539700,1
'2026-08-22 08:21:40.065554000,0.011554000,0
'2026-08-22 08:21:40.065565800,0.011565800,1
'2026-08-22 08:21:40.065580000,0.011580000,0
'2026-08-22 08:21:40.065591800,0.011591800,1
'2026-08-22 08:21:40.065606000,0.011606000,0
'2026-08-22 08:21:40.065617800,0.011617800,1
'2026-08-22 08:21:40.065632100,0.011632100,0
'2026-08-22 08:21:40.065632700,0.011632700,1
'2026-08-22 08:21:40.065632800,0.011632800,0
'2026-08-22 08:21:40.065643900,0.011643900,1
'2026-08-22 08:21:40.065658000,0.011658000,0
'2026-08-22 08:21:40.065669900,0.011669900,1
'2026-08-22 08:21:40.065684100,0.011684100,0
'2026-08-22 08:21:40.065695900,0.011695900,1
'2026-08-22 08:21:40.065710100,0.011710100,0
'2026-08-22 08:21:40.065712700,0.011712700,1
'2026-08-22 08:21:40.065712800,0.011712800,0
'2026-08-22 08:21:40.065722000,0.011722000,1
'2026-08-22 08:21:40.065736200,0.011736200,0
'2026-08-22 08:21:40.065748000,0.011748000,1
'2026-08-22 08:21:40.065762100,0.011762100,0
'2026-08-22 08:21:40.065774000,0.011774000,1
'2026-08-22 08:21:40.065788200,0.011788200,0
'2026-08-22 08:21:40.065800100,0.011800100,1
'2026-08-22 08:21:40.065814300,0.011814300,0
'2026-08-22 08:21:40.065826100,0.011826100,1
'2026-08-22 08:21:40.066256700,0.012256700,0
'2026-08-22 08:21:40.066268600,0.012268600,1
'2026-08-22 08:21:40.066282700,0.012282700,0
'2026-08-22 08:21:40.066294600,0.012294600,1
'2026-08-22 08:21:40.066308800,0.012308800,0
'2026-08-22 08:21:40.066320600,0.012320600,1
'2026-08-22 08:21:40.066334800,0.012334800,0
'2026-08-22 08:21:40.066346700,0.012346700,1
'2026-08-22 08:21:40.066361000,0.012361000,0
'2026-08-22 08:21:40.066372700,0.012372700,1
'2026-08-22 08:21:40.066386900,0.012386900,0
'2026-08-22 08:21:40.066398700,0.012398700,1
'2026-08-22 08:21:40.066413000,0.012413000,0
'2026-08-22 08:21:40.066424800,0.012424800,1
'2026-08-22 08:21:40.066439000,0.012439000,0
'2026-08-22 08:21:40.066450800,0.012450800,1
'2026-08-22 08:21:40.066465100,0.012465100,0
'2026-08-22 08:21:40.066476900,0.012476900,1
'2026-08-22 08:21:40.066491000,0.012491000,0
'2026-08-22 08:21:40.066491100,0.012491100,1
'2026-08-22 08:21:40.066491400,0.012491400,0
'2026-08-22 08:21:40.066493300,0.012493300,1
'2026-08-22 08:21:40.066493400,0.012493400,0
'2026-08-22 08:21:40.066502900,0.012502900,1
'2026-08-22 08:21:40.066517100,0.012517100,0
'2026-08-22 08:21:40.066528900,0.012528900,1
'2026-08-22 08:21:40.066543100,0.012543100,0
'2026-08-22 08:21:40.066543200,0.012543200,1
'2026-08-22 08:21:40.066543300,0.012543300,0
'2026-08-22 08:21:40.066555000,0.012555000,1
'2026-08-22 08:21:40.066569200,0.012569200,0
'2026-08-22 08:21:40.066581000,0.012581000,1
'2026-08-22 08:21:40.066595200,0.012595200,0
'2026-08-22 08:21:40.066607000,0.012607000,1
'2026-08-22 08:21:40.066621400,0.012621400,0
'2026-08-22 08:21:40.066621500,0.012621500,1
'2026-08-22 08:21:40.066621600,0.012621600,0
'2026-08-22 08:21:40.066633100,0.012633100,1
'2026-08-22 08:21:40.066647400,0.012647400,0
'2026-08-22 08:21:40.066656800,0.012656800,1
'2026-08-22 08:21:40.067069400,0.013069400,0
'2026-08-22 08:21:40.067075500,0.013075500,1
'2026-08-22 08:21:40.067089700,0.013089700,0
'2026-08-22 08:21:40.067101500,0.013101500,1
'2026-08-22 08:21:40.067115700,0.013115700,0
'2026-08-22 08:21:40.067127600,0.013127600,1
'2026-08-22 08:21:40.067141700,0.013141700,0
'2026-08-22 08:21:40.067153600,0.013153600,1
'2026-08-22 08:21:40.067167800,0.013167800,0
'2026-08-22 08:21:40.067179700,0.013179700,1
'2026-08-22 08:21:40.067194000,0.013194000,0
'2026-08-22 08:21:40.067205700,0.013205700,1
'2026-08-22 08:21:40.067219800,0.013219800,0
'2026-08-22 08:21:40.067231700,0.013231700,1
'2026-08-22 08:21:40.067246000,0.013246000,0
'2026-08-22 08:21:40.067257800,0.013257800,1
'2026-08-22 08:21:40.067272000,0.013272000,0
'2026-08-22 08:21:40.067283800,0.013283800,1
'2026-08-22 08:21:40.067298000,0.013298000,0
'2026-08-22 08:21:40.067309800,0.013309800,1
'2026-08-22 08:21:40.067324100,0.013324100,0
'2026-08-22 08:21:40.067335900,0.013335900,1
'2026-08-22 08:21:40.067350000,0.013350000,0
'2026-08-22 08:21:40.067361900,0.013361900,1
'2026-08-22 08:21:40.067376100,0.013376100,0
'2026-08-22 08:21:40.067376200,0.013376200,1
'2026-08-22 08:21:40.067376300,0.013376300,0
'2026-08-22 08:21:40.067387900,0.013387900,1
'2026-08-22 08:21:40.067402200,0.013402200,0
'2026-08-22 08:21:40.067414000,0.013414000,1
'2026-08-22 08:21:40.067428300,0.013428300,0
'2026-08-22 08:21:40.067440000,0.013440000,1
'2026-08-22 08:21:40.067454300,0.013454300,0
'2026-08-22 08:21:40.067466000,0.013466000,1
'2026-08-22 08:21:40.068688100,0.014688100,0
'2026-08-22 08:21:40.068689200,0.014689200,1
'2026-08-22 08:21:40.068703500,0.014703500,0
'2026-08-22 08:21:40.068715300,0.014715300,1
'2026-08-22 08:21:40.068729400,0.014729400,0
'2026-08-22 08:21:40.068740900,0.014740900,1
'2026-08-22 08:21:40.068741000,0.014741000,0
'2026-08-22 08:21:40.068741300,0.014741300,1
'2026-08-22 08:21:40.068755500,0.014755500,0
'2026-08-22 08:21:40.068767300,0.014767300,1
'2026-08-22 08:21:40.068781500,0.014781500,0
'2026-08-22 08:21:40.068793400,0.014793400,1
'2026-08-22 08:21:40.068807600,0.014807600,0
'2026-08-22 08:21:40.068819400,0.014819400,1
'2026-08-22 08:21:40.068833800,0.014833800,0
'2026-08-22 08:21:40.068845500,0.014845500,1
'2026-08-22 08:21:40.068859600,0.014859600,0
'2026-08-22 08:21:40.068871500,0.014871500,1
'2026-08-22 08:21:40.068885800,0.014885800,0
'2026-08-22 08:21:40.068897500,0.014897500,1
'2026-08-22 08:21:40.068911700,0.014911700,0
'2026-08-22 08:21:40.068923600,0.014923600,1
'2026-08-22 08:21:40.068937800,0.014937800,0
'2026-08-22 08:21:40.068949600,0.014949600,1
'2026-08-22 08:21:40.068963800,0.014963800,0
'2026-08-22 08:21:40.068975600,0.014975600,1
'2026-08-22 08:21:40.068989800,0.014989800,0
'2026-08-22 08:21:40.069001700,0.015001700,1
'2026-08-22 08:21:40.069016000,0.015016000,0
'2026-08-22 08:21:40.069027700,0.015027700,1
'2026-08-22 08:21:40.069041900,0.015041900,0
'2026-08-22 08:21:40.069053700,0.015053700,1
'2026-08-22 08:21:40.069068000,0.015068000,0
'2026-08-22 08:21:40.069079800,0.015079800,1
'2026-08-22 08:21:40.069094000,0.015094000,0
'2026-08-22 08:21:40.069097000,0.015097000,1
'2026-08-22 08:21:40.070317200,0.016317200,0
'2026-08-22 08:21:40.070329100,0.016329100,1
'2026-08-22 08:21:40.070343200,0.016343200,0
'2026-08-22 08:21:40.070355100,0.016355100,1
'2026-08-22 08:21:40.070369200,0.016369200,0
'2026-08-22 08:21:40.070381100,0.016381100,1
'2026-08-22 08:21:40.070395400,0.016395400,0
'2026-08-22 08:21:40.070401900,0.016401900,1
'2026-08-22 08:21:40.070402000,0.016402000,0
'2026-08-22 08:21:40.070407200,0.016407200,1
'2026-08-22 08:21:40.070421400,0.016421400,0
'2026-08-22 08:21:40.070433200,0.016433200,1
'2026-08-22 08:21:40.070447400,0.016447400,0
'2026-08-22 08:21:40.070459200,0.016459200,1
'2026-08-22 08:21:40.070473500,0.016473500,0
'2026-08-22 08:21:40.070485300,0.016485300,1
'2026-08-22 08:21:40.070499400,0.016499400,0
'2026-08-22 08:21:40.070511300,0.016511300,1
'2026-08-22 08:21:40.070525600,0.016525600,0
'2026-08-22 08:21:40.070537300,0.016537300,1
'2026-08-22 08:21:40.070551500,0.016551500,0
'2026-08-22 08:21:40.070563400,0.016563400,1
'2026-08-22 08:21:40.070577700,0.016577700,0
'2026-08-22 08:21:40.070589400,0.016589400,1
'2026-08-22 08:21:40.070603700,0.016603700,0
'2026-08-22 08:21:40.070615400,0.016615400,1
'2026-08-22 08:21:40.070629600,0.016629600,0
'2026-08-22 08:21:40.070641500,0.016641500,1
'2026-08-22 08:21:40.070655800,0.016655800,0
'2026-08-22 08:21:40.070667500,0.016667500,1
'2026-08-22 08:21:40.070681600,0.016681600,0
'2026-08-22 08:21:40.070693500,0.016693500,1
'2026-08-22 08:21:40.070707800,0.016707800,0
'2026-08-22 08:21:40.070708500,0.016708500,1
'2026-08-22 08:21:40.071129200,0.017129200,0
'2026-08-22 08:21:40.071136000,0.017136000,1
'2026-08-22 08:21:40.071150200,0.017150200,0
'2026-08-22 08:21:40.071162000,0.017162000,1
'2026-08-22 08:21:40.071176200,0.017176200,0
'2026-08-22 08:21:40.071188100,0.017188100,1
'2026-08-22 08:21:40.071202200,0.017202200,0
'2026-08-22 08:21:40.071214100,0.017214100,1
'2026-08-22 08:21:40.071228400,0.017228400,0
'2026-08-22 08:21:40.071240100,0.017240100,1
'2026-08-22 08:21:40.071254300,0.017254300,0
'2026-08-22 08:21:40.071266200,0.017266200,1
'2026-08-22 08:21:40.071280400,0.017280400,0
'2026-08-22 08:21:40.071292200,0.017292200,1
'2026-08-22 08:21:40.071306400,0.017306400,0
'2026-08-22 08:21:40.071318300,0.017318300,1
'2026-08-22 08:21:40.071332500,0.017332500,0
'2026-08-22 08:21:40.071344300,0.017344300,1
'2026-08-22 08:21:40.071358600,0.017358600,0
'2026-08-22 08:21:40.071370300,0.017370300,1
'2026-08-22 08:21:40.071384500,0.017384500,0
'2026-08-22 08:21:40.071396400,0.017396400,1
'2026-08-22 08:21:40.071410600,0.017410600,0
'2026-08-22 08:21:40.071422400,0.017422400,1
'2026-08-22 08:21:40.071436600,0.017436600,0
'2026-08-22 08:21:40.071448400,0.017448400,1
'2026-08-22 08:21:40.071462700,0.017462700,0
'2026-08-22 08:21:40.071474500,0.017474500,1
'2026-08-22 08:21:40.071488800,0.017488800,0
'2026-08-22 08:21:40.071495800,0.017495800,1
'2026-08-22 08:21:40.071495900,0.017495900,0
'2026-08-22 08:21:40.071500500,0.017500500,1
'2026-08-22 08:21:40.071514700,0.017514700,0
'2026-08-22 08:21:40.071526500,0.017526500,1
'2026-08-22 08:21:40.071957100,0.017957100,0
'2026-08-22 08:21:40.071969000,0.017969000,1
'2026-08-22 08:21:40.071983200,0.017983200,0
'2026-08-22 08:21:40.071995000,0.017995000,1
'2026-08-22 08:21:40.072009200,0.018009200,0
'2026-08-22 08:21:40.072021100,0.018021100,1
'2026-08-22 08:21:40.072035300,0.018035300,0
'2026-08-22 08:21:40.072047100,0.018047100,1
'2026-08-22 08:21:40.072061500,0.018061500,0
'2026-08-22 08:21:40.072065300,0.018065300,1
'2026-08-22 08:21:40.072065400,0.018065400,0
'2026-08-22 08:21:40.072073100,0.018073100,1
'2026-08-22 08:21:40.072087400,0.018087400,0
'2026-08-22 08:21:40.072099200,0.018099200,1
'2026-08-22 08:21:40.072113400,0.018113400,0
'2026-08-22 08:21:40.072125200,0.018125200,1
'2026-08-22 08:21:40.072139400,0.018139400,0
'2026-08-22 08:21:40.072151300,0.018151300,1
'2026-08-22 08:21:40.072165500,0.018165500,0
'2026-08-22 08:21:40.072177300,0.018177300,1
'2026-08-22 08:21:40.072191400,0.018191400,0
'2026-08-22 08:21:40.072203300,0.018203300,1
'2026-08-22 08:21:40.072217500,0.018217500,0
'2026-08-22 08:21:40.072229400,0.018229400,1
'2026-08-22 08:21:40.072243600,0.018243600,0
'2026-08-22 08:21:40.072255400,0.018255400,1
'2026-08-22 08:21:40.072269500,0.018269500,0
'2026-08-22 08:21:40.072281400,0.018281400,1
'2026-08-22 08:21:40.072295600,0.018295600,0
'2026-08-22 08:21:40.072301400,0.018301400,1
'2026-08-22 08:21:40.072301500,0.018301500,0
'2026-08-22 08:21:40.072307500,0.018307500,1
'2026-08-22 08:21:40.072321600,0.018321600,0
'2026-08-22 08:21:40.072333500,0.018333500,1
'2026-08-22 08:21:40.072347700,0.018347700,0
'2026-08-22 08:21:40.072359500,0.018359500,1
'2026-08-22 08:21:40.072772500,0.018772500,0
'2026-08-22 08:21:40.072775900,0.018775900,1
'2026-08-22 08:21:40.072790100,0.018790100,0
'2026-08-22 08:21:40.072802000,0.018802000,1
'2026-08-22 08:21:40.072816200,0.018816200,0
'2026-08-22 08:21:40.072828000,0.018828000,1
'2026-08-22 08:21:40.072842200,0.018842200,0
'2026-08-22 08:21:40.072842300,0.018842300,1
'2026-08-22 08:21:40.072842400,0.018842400,0
'2026-08-22 08:21:40.072854100,0.018854100,1
'2026-08-22 08:21:40.072868300,0.018868300,0
'2026-08-22 08:21:40.072880100,0.018880100,1
'2026-08-22 08:21:40.072894400,0.018894400,0
'2026-08-22 08:21:40.072906100,0.018906100,1
'2026-08-22 08:21:40.072920300,0.018920300,0
'2026-08-22 08:21:40.072932200,0.018932200,1
'2026-08-22 08:21:40.072946400,0.018946400,0
'2026-08-22 08:21:40.072958200,0.018958200,1
'2026-08-22 08:21:40.072972400,0.018972400,0
'2026-08-22 08:21:40.072984300,0.018984300,1
'2026-08-22 08:21:40.072998400,0.018998400,0
'2026-08-22 08:21:40.073010300,0.019010300,1
'2026-08-22 08:21:40.073024600,0.019024600,0
'2026-08-22 08:21:40.073028600,0.019028600,1
'2026-08-22 08:21:40.073028700,0.019028700,0
'2026-08-22 08:21:40.073036300,0.019036300,1
'2026-08-22 08:21:40.073050500,0.019050500,0
'2026-08-22 08:21:40.073062400,0.019062400,1
'2026-08-22 08:21:40.073076600,0.019076600,0
'2026-08-22 08:21:40.073088400,0.019088400,1
'2026-08-22 08:21:40.073102600,0.019102600,0
'2026-08-22 08:21:40.073114500,0.019114500,1
'2026-08-22 08:21:40.073128700,0.019128700,0
'2026-08-22 08:21:40.073140500,0.019140500,1
'2026-08-22 08:21:40.073154800,0.019154800,0
'2026-08-22 08:21:40.073166500,0.019166500,1
'2026-08-22 08:21:40.073180800,0.019180800,0
'2026-08-22 08:21:40.073180900,0.019180900,1
'2026-08-22 08:21:40.073181000,0.019181000,0
'2026-08-22 08:21:40.073181500,0.019181500,1
'2026-08-22 08:21:40.074404000,0.020404000,0
'2026-08-22 08:21:40.074415800,0.020415800,1
'2026-08-22 08:21:40.074430000,0.020430000,0
'2026-08-22 08:21:40.074441900,0.020441900,1
'2026-08-22 08:21:40.074456000,0.020456000,0
'2026-08-22 08:21:40.074467900,0.020467900,1
'2026-08-22 08:21:40.074482200,0.020482200,0
'2026-08-22 08:21:40.074493900,0.020493900,1
'2026-08-22 08:21:40.074508200,0.020508200,0
'2026-08-22 08:21:40.074520000,0.020520000,1
'2026-08-22 08:21:40.074534200,0.020534200,0
'2026-08-22 08:21:40.074546000,0.020546000,1
'2026-08-22 08:21:40.074560400,0.020560400,0
'2026-08-22 08:21:40.074572000,0.020572000,1
'2026-08-22 08:21:40.074586200,0.020586200,0
'2026-08-22 08:21:40.074598100,0.020598100,1
'2026-08-22 08:21:40.074612400,0.020612400,0
'2026-08-22 08:21:40.074624100,0.020624100,1
'2026-08-22 08:21:40.074638300,0.020638300,0
'2026-08-22 08:21:40.074650200,0.020650200,1
'2026-08-22 08:21:40.074664400,0.020664400,0
'2026-08-22 08:21:40.074676200,0.020676200,1
'2026-08-22 08:21:40.074690400,0.020690400,0
'2026-08-22 08:21:40.074702200,0.020702200,1
'2026-08-22 08:21:40.074716500,0.020716500,0
'2026-08-22 08:21:40.074728300,0.020728300,1
'2026-08-22 08:21:40.074742600,0.020742600,0
'2026-08-22 08:21:40.074754300,0.020754300,1
'2026-08-22 08:21:40.074768500,0.020768500,0
'2026-08-22 08:21:40.074780300,0.020780300,1
'2026-08-22 08:21:40.074794600,0.020794600,0
'2026-08-22 08:21:40.074800300,0.020800300,1
'2026-08-22 08:21:40.076017800,0.022017800,0
'2026-08-22 08:21:40.076029700,0.022029700,1
'2026-08-22 08:21:40.076043800,0.022043800,0
'2026-08-22 08:21:40.076055700,0.022055700,1
'2026-08-22 08:21:40.076069800,0.022069800,0
'2026-08-22 08:21:40.076081800,0.022081800,1
'2026-08-22 08:21:40.076096000,0.022096000,0
'2026-08-22 08:21:40.076107800,0.022107800,1
'2026-08-22 08:21:40.076121900,0.022121900,0
'2026-08-22 08:21:40.076133800,0.022133800,1
'2026-08-22 08:21:40.076148000,0.022148000,0
'2026-08-22 08:21:40.076159900,0.022159900,1
'2026-08-22 08:21:40.076174200,0.022174200,0
'2026-08-22 08:21:40.076185900,0.022185900,1
'2026-08-22 08:21:40.076200000,0.022200000,0
'2026-08-22 08:21:40.076212000,0.022212000,1
'2026-08-22 08:21:40.076226300,0.022226300,0
'2026-08-22 08:21:40.076238000,0.022238000,1
'2026-08-22 08:21:40.076252100,0.022252100,0
'2026-08-22 08:21:40.076264000,0.022264000,1
'2026-08-22 08:21:40.076278300,0.022278300,0
'2026-08-22 08:21:40.076290100,0.022290100,1
'2026-08-22 08:21:40.076304200,0.022304200,0
'2026-08-22 08:21:40.076316100,0.022316100,1
'2026-08-22 08:21:40.076330300,0.022330300,0
'2026-08-22 08:21:40.076342100,0.022342100,1
'2026-08-22 08:21:40.076356400,0.022356400,0
'2026-08-22 08:21:40.076368200,0.022368200,1
'2026-08-22 08:21:40.076382300,0.022382300,0
'2026-08-22 08:21:40.076394200,0.022394200,1
'2026-08-22 08:21:40.076408500,0.022408500,0
'2026-08-22 08:21:40.076419500,0.022419500,1
'2026-08-22 08:21:40.076832600,0.022832600,0
'2026-08-22 08:21:40.076833100,0.022833100,1
'2026-08-22 08:21:40.076833200,0.022833200,0
'2026-08-22 08:21:40.076836700,0.022836700,1
'2026-08-22 08:21:40.076850800,0.022850800,0
'2026-08-22 08:21:40.076862700,0.022862700,1
'2026-08-22 08:21:40.076877000,0.022877000,0
'2026-08-22 08:21:40.076888800,0.022888800,1
'2026-08-22 08:21:40.076902900,0.022902900,0
'2026-08-22 08:21:40.076914800,0.022914800,1
'2026-08-22 08:21:40.076929000,0.022929000,0
'2026-08-22 08:21:40.076940800,0.022940800,1
'2026-08-22 08:21:40.076954900,0.022954900,0
'2026-08-22 08:21:40.076966900,0.022966900,1
'2026-08-22 08:21:40.076981100,0.022981100,0
'2026-08-22 08:21:40.076992900,0.022992900,1
'2026-08-22 08:21:40.077007100,0.023007100,0
'2026-08-22 08:21:40.077019000,0.023019000,1
'2026-08-22 08:21:40.077033200,0.023033200,0
'2026-08-22 08:21:40.077045000,0.023045000,1
'2026-08-22 08:21:40.077059300,0.023059300,0
'2026-08-22 08:21:40.077071000,0.023071000,1
'2026-08-22 08:21:40.077085200,0.023085200,0
'2026-08-22 08:21:40.077097100,0.023097100,1
'2026-08-22 08:21:40.077111300,0.023111300,0
'2026-08-22 08:21:40.077123100,0.023123100,1
'2026-08-22 08:21:40.077137200,0.023137200,0
'2026-08-22 08:21:40.077149100,0.023149100,1
'2026-08-22 08:21:40.077163400,0.023163400,0
'2026-08-22 08:21:40.077175200,0.023175200,1
'2026-08-22 08:21:40.077189300,0.023189300,0
'2026-08-22 08:21:40.077201200,0.023201200,1
'2026-08-22 08:21:40.077215400,0.023215400,0
'2026-08-22 08:21:40.077227300,0.023227300,1
'2026-08-22 08:21:40.077657800,0.023657800,0
'2026-08-22 08:21:40.077669700,0.023669700,1
'2026-08-22 08:21:40.077683900,0.023683900,0
'2026-08-22 08:21:40.077695800,0.023695800,1
'2026-08-22 08:21:40.077710000,0.023710000,0
'2026-08-22 08:21:40.077721800,0.023721800,1
'2026-08-22 08:21:40.077735900,0.023735900,0
'2026-08-22 08:21:40.077747800,0.023747800,1
'2026-08-22 08:21:40.077762100,0.023762100,0
'2026-08-22 08:21:40.077773900,0.023773900,1
'2026-08-22 08:21:40.077788000,0.023788000,0
'2026-08-22 08:21:40.077799900,0.023799900,1
'2026-08-22 08:21:40.077814100,0.023814100,0
'2026-08-22 08:21:40.077826000,0.023826000,1
'2026-08-22 08:21:40.077840200,0.023840200,0
'2026-08-22 08:21:40.077852000,0.023852000,1
'2026-08-22 08:21:40.077866200,0.023866200,0
'2026-08-22 08:21:40.077878000,0.023878000,1
'2026-08-22 08:21:40.077892300,0.023892300,0
'2026-08-22 08:21:40.077904100,0.023904100,1
'2026-08-22 08:21:40.077918300,0.023918300,0
'2026-08-22 08:21:40.077930100,0.023930100,1
'2026-08-22 08:21:40.077944400,0.023944400,0
'2026-08-22 08:21:40.077956100,0.023956100,1
'2026-08-22 08:21:40.077970300,0.023970300,0
'2026-08-22 08:21:40.077982200,0.023982200,1
'2026-08-22 08:21:40.077996400,0.023996400,0
'2026-08-22 08:21:40.078008200,0.024008200,1
'2026-08-22 08:21:40.078022400,0.024022400,0
'2026-08-22 08:21:40.078034300,0.024034300,1
'2026-08-22 08:21:40.078048400,0.024048400,0
'2026-08-22 08:21:40.078060300,0.024060300,1
'2026-08-22 08:21:40.078476400,0.024476400,0
'2026-08-22 08:21:40.078476700,0.024476700,1
'2026-08-22 08:21:40.078491000,0.024491000,0
'2026-08-22 08:21:40.078502800,0.024502800,1
'2026-08-22 08:21:40.078517000,0.024517000,0
'2026-08-22 08:21:40.078528800,0.024528800,1
'2026-08-22 08:21:40.078543000,0.024543000,0
'2026-08-22 08:21:40.078543100,0.024543100,1
'2026-08-22 08:21:40.078543200,0.024543200,0
'2026-08-22 08:21:40.078554800,0.024554800,1
'2026-08-22 08:21:40.078569100,0.024569100,0
'2026-08-22 08:21:40.078580900,0.024580900,1
'2026-08-22 08:21:40.078595100,0.024595100,0
'2026-08-22 08:21:40.078606900,0.024606900,1
'2026-08-22 08:21:40.078621200,0.024621200,0
'2026-08-22 08:21:40.078633000,0.024633000,1
'2026-08-22 08:21:40.078647200,0.024647200,0
'2026-08-22 08:21:40.078659000,0.024659000,1
'2026-08-22 08:21:40.078673200,0.024673200,0
'2026-08-22 08:21:40.078685000,0.024685000,1
'2026-08-22 08:21:40.078699200,0.024699200,0
'2026-08-22 08:21:40.078711100,0.024711100,1
'2026-08-22 08:21:40.078725300,0.024725300,0
'2026-08-22 08:21:40.078737100,0.024737100,1
'2026-08-22 08:21:40.078751300,0.024751300,0
'2026-08-22 08:21:40.078763200,0.024763200,1
'2026-08-22 08:21:40.078777500,0.024777500,0
'2026-08-22 08:21:40.078789200,0.024789200,1
'2026-08-22 08:21:40.078803400,0.024803400,0
'2026-08-22 08:21:40.078815200,0.024815200,1
'2026-08-22 08:21:40.078829500,0.024829500,0
'2026-08-22 08:21:40.078841300,0.024841300,1
'2026-08-22 08:21:40.078855500,0.024855500,0
'2026-08-22 08:21:40.078867300,0.024867300,1
'2026-08-22 08:21:40.078881600,0.024881600,0
'2026-08-22 08:21:40.078885300,0.024885300,1
'2026-08-22 08:21:40.079306000,0.025306000,0
'2026-08-22 08:21:40.079309800,0.025309800,1
'2026-08-22 08:21:40.079324000,0.025324000,0
'2026-08-22 08:21:40.079335800,0.025335800,1
'2026-08-22 08:21:40.079350100,0.025350100,0
'2026-08-22 08:21:40.079361900,0.025361900,1
'2026-08-22 08:21:40.079376200,0.025376200,0
'2026-08-22 08:21:40.079387900,0.025387900,1
'2026-08-22 08:21:40.079402200,0.025402200,0
'2026-08-22 08:21:40.079413900,0.025413900,1
'2026-08-22 08:21:40.079428100,0.025428100,0
'2026-08-22 08:21:40.079432500,0.025432500,1
'2026-08-22 08:21:40.079432600,0.025432600,0
'2026-08-22 08:21:40.079440000,0.025440000,1
'2026-08-22 08:21:40.079454200,0.025454200,0
'2026-08-22 08:21:40.079466000,0.025466000,1
'2026-08-22 08:21:40.079480200,0.025480200,0
'2026-08-22 08:21:40.079492000,0.025492000,1
'2026-08-22 08:21:40.079506400,0.025506400,0
'2026-08-22 08:21:40.079518100,0.025518100,1
'2026-08-22 08:21:40.079532200,0.025532200,0
'2026-08-22 08:21:40.079544100,0.025544100,1
'2026-08-22 08:21:40.079558300,0.025558300,0
'2026-08-22 08:21:40.079570200,0.025570200,1
'2026-08-22 08:21:40.079584400,0.025584400,0
'2026-08-22 08:21:40.079596200,0.025596200,1
'2026-08-22 08:21:40.079610400,0.025610400,0
'2026-08-22 08:21:40.079622200,0.025622200,1
'2026-08-22 08:21:40.079636600,0.025636600,0
'2026-08-22 08:21:40.079648300,0.025648300,1
'2026-08-22 08:21:40.079662400,0.025662400,0
'2026-08-22 08:21:40.079664300,0.025664300,1
'2026-08-22 08:21:40.079664400,0.025664400,0
'2026-08-22 08:21:40.079674300,0.025674300,1
'2026-08-22 08:21:40.079688500,0.025688500,0
'2026-08-22 08:21:40.079700300,0.025700300,1
'2026-08-22 08:21:40.079714600,0.025714600,0
'2026-08-22 08:21:40.079714900,0.025714900,1
'2026-08-22 08:21:40.080131000,0.026131000,0
'2026-08-22 08:21:40.080142800,0.026142800,1
'2026-08-22 08:21:40.080157000,0.026157000,0
'2026-08-22 08:21:40.080168900,0.026168900,1
'2026-08-22 08:21:40.080183200,0.026183200,0
'2026-08-22 08:21:40.080194900,0.026194900,1
'2026-08-22 08:21:40.080209100,0.026209100,0
'2026-08-22 08:21:40.080220900,0.026220900,1
'2026-08-22 08:21:40.080235200,0.026235200,0
'2026-08-22 08:21:40.080247000,0.026247000,1
'2026-08-22 08:21:40.080261100,0.026261100,0
'2026-08-22 08:21:40.080273000,0.026273000,1
'2026-08-22 08:21:40.080287400,0.026287400,0
'2026-08-22 08:21:40.080299100,0.026299100,1
'2026-08-22 08:21:40.080313300,0.026313300,0
'2026-08-22 08:21:40.080325100,0.026325100,1
'2026-08-22 08:21:40.080339300,0.026339300,0
'2026-08-22 08:21:40.080351100,0.026351100,1
'2026-08-22 08:21:40.080365400,0.026365400,0
'2026-08-22 08:21:40.080377200,0.026377200,1
'2026-08-22 08:21:40.080391500,0.026391500,0
'2026-08-22 08:21:40.080391700,0.026391700,1
'2026-08-22 08:21:40.080391800,0.026391800,0
'2026-08-22 08:21:40.080403200,0.026403200,1
'2026-08-22 08:21:40.080417500,0.026417500,0
'2026-08-22 08:21:40.080429300,0.026429300,1
'2026-08-22 08:21:40.080443400,0.026443400,0
'2026-08-22 08:21:40.080443600,0.026443600,1
'2026-08-22 08:21:40.080443700,0.026443700,0
'2026-08-22 08:21:40.080455300,0.026455300,1
'2026-08-22 08:21:40.080469500,0.026469500,0
'2026-08-22 08:21:40.080481300,0.026481300,1
'2026-08-22 08:21:40.080495600,0.026495600,0
'2026-08-22 08:21:40.080507400,0.026507400,1
'2026-08-22 08:21:40.080521600,0.026521600,0
'2026-08-22 08:21:40.080533400,0.026533400,1
'2026-08-22 08:21:40.080964000,0.026964000,0
'2026-08-22 08:21:40.080975900,0.026975900,1
'2026-08-22 08:21:40.080990100,0.026990100,0
'2026-08-22 08:21:40.081001900,0.027001900,1
'2026-08-22 08:21:40.081016100,0.027016100,0
'2026-08-22 08:21:40.081028000,0.027028000,1
'2026-08-22 08:21:40.081042200,0.027042200,0
'2026-08-22 08:21:40.081054000,0.027054000,1
'2026-08-22 08:21:40.081068300,0.027068300,0
'2026-08-22 08:21:40.081080000,0.027080000,1
'2026-08-22 08:21:40.081094200,0.027094200,0
'2026-08-22 08:21:40.081106100,0.027106100,1
'2026-08-22 08:21:40.081120300,0.027120300,0
'2026-08-22 08:21:40.081132100,0.027132100,1
'2026-08-22 08:21:40.081146300,0.027146300,0
'2026-08-22 08:21:40.081146500,0.027146500,1
'2026-08-22 08:21:40.081146600,0.027146600,0
'2026-08-22 08:21:40.081158100,0.027158100,1
'2026-08-22 08:21:40.081172400,0.027172400,0
'2026-08-22 08:21:40.081184200,0.027184200,1
'2026-08-22 08:21:40.081198400,0.027198400,0
'2026-08-22 08:21:40.081203100,0.027203100,1
'2026-08-22 08:21:40.081203200,0.027203200,0
'2026-08-22 08:21:40.081210200,0.027210200,1
'2026-08-22 08:21:40.081224400,0.027224400,0
'2026-08-22 08:21:40.081236300,0.027236300,1
'2026-08-22 08:21:40.081250500,0.027250500,0
'2026-08-22 08:21:40.081262300,0.027262300,1
'2026-08-22 08:21:40.081276800,0.027276800,0
'2026-08-22 08:21:40.081288300,0.027288300,1
'2026-08-22 08:21:40.081302500,0.027302500,0
'2026-08-22 08:21:40.081314400,0.027314400,1
'2026-08-22 08:21:40.081328800,0.027328800,0
'2026-08-22 08:21:40.081340400,0.027340400,1
'2026-08-22 08:21:40.081354600,0.027354600,0
'2026-08-22 08:21:40.081358800,0.027358800,1
'2026-08-22 08:21:40.081772000,0.027772000,0
'2026-08-22 08:21:40.081782800,0.027782800,1
'2026-08-22 08:21:40.081797100,0.027797100,0
'2026-08-22 08:21:40.081808900,0.027808900,1
'2026-08-22 08:21:40.081823100,0.027823100,0
'2026-08-22 08:21:40.081834900,0.027834900,1
'2026-08-22 08:21:40.081849200,0.027849200,0
'2026-08-22 08:21:40.081849300,0.027849300,1
'2026-08-22 08:21:40.081849400,0.027849400,0
'2026-08-22 08:21:40.081852900,0.027852900,1
'2026-08-22 08:21:40.081853000,0.027853000,0
'2026-08-22 08:21:40.081861000,0.027861000,1
'2026-08-22 08:21:40.081875200,0.027875200,0
'2026-08-22 08:21:40.081887000,0.027887000,1
'2026-08-22 08:21:40.081901400,0.027901400,0
'2026-08-22 08:21:40.081913000,0.027913000,1
'2026-08-22 08:21:40.081927200,0.027927200,0
'2026-08-22 08:21:40.081939100,0.027939100,1
'2026-08-22 08:21:40.081953400,0.027953400,0
'2026-08-22 08:21:40.081965100,0.027965100,1
'2026-08-22 08:21:40.081979400,0.027979400,0
'2026-08-22 08:21:40.081991100,0.027991100,1
'2026-08-22 08:21:40.082005300,0.028005300,0
'2026-08-22 08:21:40.082017200,0.028017200,1
'2026-08-22 08:21:40.082031500,0.028031500,0
'2026-08-22 08:21:40.082043200,0.028043200,1
'2026-08-22 08:21:40.082057400,0.028057400,0
'2026-08-22 08:21:40.082069300,0.028069300,1
'2026-08-22 08:21:40.082083400,0.028083400,0
'2026-08-22 08:21:40.082095300,0.028095300,1
'2026-08-22 08:21:40.082109600,0.028109600,0
'2026-08-22 08:21:40.082121300,0.028121300,1
'2026-08-22 08:21:40.082135600,0.028135600,0
'2026-08-22 08:21:40.082147400,0.028147400,1
'2026-08-22 08:21:40.082161600,0.028161600,0
'2026-08-22 08:21:40.082173400,0.028173400,1
'2026-08-22 08:21:40.082604100,0.028604100,0
'2026-08-22 08:21:40.082615900,0.028615900,1
'2026-08-22 08:21:40.082630000,0.028630000,0
'2026-08-22 08:21:40.082641900,0.028641900,1
'2026-08-22 08:21:40.082656100,0.028656100,0
'2026-08-22 08:21:40.082667900,0.028667900,1
'2026-08-22 08:21:40.082682200,0.028682200,0
'2026-08-22 08:21:40.082694000,0.028694000,1
'2026-08-22 08:21:40.082708100,0.028708100,0
'2026-08-22 08:21:40.082720000,0.028720000,1
'2026-08-22 08:21:40.082734200,0.028734200,0
'2026-08-22 08:21:40.082746100,0.028746100,1
'2026-08-22 08:21:40.082760200,0.028760200,0
'2026-08-22 08:21:40.082764700,0.028764700,1
'2026-08-22 08:21:40.082764800,0.028764800,0
'2026-08-22 08:21:40.082772100,0.028772100,1
'2026-08-22 08:21:40.082786200,0.028786200,0
'2026-08-22 08:21:40.082798100,0.028798100,1
'2026-08-22 08:21:40.082812300,0.028812300,0
'2026-08-22 08:21:40.082824200,0.028824200,1
'2026-08-22 08:21:40.082838500,0.028838500,0
'2026-08-22 08:21:40.082839500,0.028839500,1
'2026-08-22 08:21:40.082839600,0.028839600,0
'2026-08-22 08:21:40.082850200,0.028850200,1
'2026-08-22 08:21:40.082864600,0.028864600,0
'2026-08-22 08:21:40.082876200,0.028876200,1
'2026-08-22 08:21:40.082890400,0.028890400,0
'2026-08-22 08:21:40.082902300,0.028902300,1
'2026-08-22 08:21:40.082916500,0.028916500,0
'2026-08-22 08:21:40.082928300,0.028928300,1
'2026-08-22 08:21:40.082942500,0.028942500,0
'2026-08-22 08:21:40.082954300,0.028954300,1
'2026-08-22 08:21:40.082968600,0.028968600,0
'2026-08-22 08:21:40.082980400,0.028980400,1
'2026-08-22 08:21:40.082994600,0.028994600,0
'2026-08-22 08:21:40.083006400,0.029006400,1
'2026-08-22 08:21:40.083437100,0.029437100,0
'2026-08-22 08:21:40.083448800,0.029448800,1
'2026-08-22 08:21:40.083463000,0.029463000,0
'2026-08-22 08:21:40.083474900,0.029474900,1
'2026-08-22 08:21:40.083489200,0.029489200,0
'2026-08-22 08:21:40.083500500,0.029500500,1
'2026-08-22 08:21:40.083500600,0.029500600,0
'2026-08-22 08:21:40.083500900,0.029500900,1
'2026-08-22 08:21:40.083515200,0.029515200,0
'2026-08-22 08:21:40.083526900,0.029526900,1
'2026-08-22 08:21:40.083541000,0.029541000,0
'2026-08-22 08:21:40.083541100,0.029541100,1
'2026-08-22 08:21:40.083541200,0.029541200,0
'2026-08-22 08:21:40.083553000,0.029553000,1
'2026-08-22 08:21:40.083567100,0.029567100,0
'2026-08-22 08:21:40.083579000,0.029579000,1
'2026-08-22 08:21:40.083593200,0.029593200,0
'2026-08-22 08:21:40.083605100,0.029605100,1
'2026-08-22 08:21:40.083619400,0.029619400,0
'2026-08-22 08:21:40.083630000,0.029630000,1
'2026-08-22 08:21:40.083630100,0.029630100,0
'2026-08-22 08:21:40.083631100,0.029631100,1
'2026-08-22 08:21:40.083645400,0.029645400,0
'2026-08-22 08:21:40.083657100,0.029657100,1
'2026-08-22 08:21:40.083671400,0.029671400,0
'2026-08-22 08:21:40.083683200,0.029683200,1
'2026-08-22 08:21:40.083697400,0.029697400,0
'2026-08-22 08:21:40.083709200,0.029709200,1
'2026-08-22 08:21:40.083723500,0.029723500,0
'2026-08-22 08:21:40.083735200,0.029735200,1
'2026-08-22 08:21:40.083749600,0.029749600,0
'2026-08-22 08:21:40.083761300,0.029761300,1
'2026-08-22 08:21:40.083775500,0.029775500,0
'2026-08-22 08:21:40.083787300,0.029787300,1
'2026-08-22 08:21:40.083801600,0.029801600,0
'2026-08-22 08:21:40.083813400,0.029813400,1
'2026-08-22 08:21:40.083827600,0.029827600,0
'2026-08-22 08:21:40.083830700,0.029830700,1
'2026-08-22 08:21:40.083830800,0.029830800,0
'2026-08-22 08:21:40.083832100,0.029832100,1
'2026-08-22 08:21:40.084245200,0.030245200,0
'2026-08-22 08:21:40.084255800,0.030255800,1
'2026-08-22 08:21:40.084270100,0.030270100,0
'2026-08-22 08:21:40.084281900,0.030281900,1
'2026-08-22 08:21:40.084296000,0.030296000,0
'2026-08-22 08:21:40.084307900,0.030307900,1
'2026-08-22 08:21:40.084322200,0.030322200,0
'2026-08-22 08:21:40.084334000,0.030334000,1
'2026-08-22 08:21:40.084348100,0.030348100,0
'2026-08-22 08:21:40.084360000,0.030360000,1
'2026-08-22 08:21:40.084374200,0.030374200,0
'2026-08-22 08:21:40.084376100,0.030376100,1
'2026-08-22 08:21:40.084376200,0.030376200,0
'2026-08-22 08:21:40.084386000,0.030386000,1
'2026-08-22 08:21:40.084400200,0.030400200,0
'2026-08-22 08:21:40.084412100,0.030412100,1
'2026-08-22 08:21:40.084426300,0.030426300,0
'2026-08-22 08:21:40.084438100,0.030438100,1
'2026-08-22 08:21:40.084452400,0.030452400,0
'2026-08-22 08:21:40.084464100,0.030464100,1
'2026-08-22 08:21:40.084478400,0.030478400,0
'2026-08-22 08:21:40.084490200,0.030490200,1
'2026-08-22 08:21:40.084504500,0.030504500,0
'2026-08-22 08:21:40.084516200,0.030516200,1
'2026-08-22 08:21:40.084530400,0.030530400,0
'2026-08-22 08:21:40.084542300,0.030542300,1
'2026-08-22 08:21:40.084556500,0.030556500,0
'2026-08-22 08:21:40.084568300,0.030568300,1
'2026-08-22 08:21:40.084582700,0.030582700,0
'2026-08-22 08:21:40.084594300,0.030594300,1
'2026-08-22 08:21:40.084608600,0.030608600,0
'2026-08-22 08:21:40.084618200,0.030618200,1
'2026-08-22 08:21:40.084618300,0.030618300,0
'2026-08-22 08:21:40.084620400,0.030620400,1
'2026-08-22 08:21:40.084634700,0.030634700,0
'2026-08-22 08:21:40.084646400,0.030646400,1
'2026-08-22 08:21:40.085077000,0.031077000,0
'2026-08-22 08:21:40.085088900,0.031088900,1
'2026-08-22 08:21:40.085103200,0.031103200,0
'2026-08-22 08:21:40.085114900,0.031114900,1
'2026-08-22 08:21:40.085129100,0.031129100,0
'2026-08-22 08:21:40.085140900,0.031140900,1
'2026-08-22 08:21:40.085155200,0.031155200,0
'2026-08-22 08:21:40.085167000,0.031167000,1
'2026-08-22 08:21:40.085181200,0.031181200,0
'2026-08-22 08:21:40.085181300,0.031181300,1
'2026-08-22 08:21:40.085181400,0.031181400,0
'2026-08-22 08:21:40.085193000,0.031193000,1
'2026-08-22 08:21:40.085207300,0.031207300,0
'2026-08-22 08:21:40.085208200,0.031208200,1
'2026-08-22 08:21:40.085208300,0.031208300,0
'2026-08-22 08:21:40.085219100,0.031219100,1
'2026-08-22 08:21:40.085233300,0.031233300,0
'2026-08-22 08:21:40.085245100,0.031245100,1
'2026-08-22 08:21:40.085259500,0.031259500,0
'2026-08-22 08:21:40.085271100,0.031271100,1
'2026-08-22 08:21:40.085285400,0.031285400,0
'2026-08-22 08:21:40.085297200,0.031297200,1
'2026-08-22 08:21:40.085311300,0.031311300,0
'2026-08-22 08:21:40.085311400,0.031311400,1
'2026-08-22 08:21:40.085311500,0.031311500,0
'2026-08-22 08:21:40.085323200,0.031323200,1
'2026-08-22 08:21:40.085337500,0.031337500,0
'2026-08-22 08:21:40.085349300,0.031349300,1
'2026-08-22 08:21:40.085363500,0.031363500,0
'2026-08-22 08:21:40.085363700,0.031363700,1
'2026-08-22 08:21:40.085363800,0.031363800,0
'2026-08-22 08:21:40.085375300,0.031375300,1
'2026-08-22 08:21:40.085389500,0.031389500,0
'2026-08-22 08:21:40.085401300,0.031401300,1
'2026-08-22 08:21:40.085415500,0.031415500,0
'2026-08-22 08:21:40.085427400,0.031427400,1
'2026-08-22 08:21:40.085441600,0.031441600,0
'2026-08-22 08:21:40.085441700,0.031441700,1
'2026-08-22 08:21:40.085441800,0.031441800,0
'2026-08-22 08:21:40.085448200,0.031448200,1
'2026-08-22 08:21:40.085448300,0.031448300,0
'2026-08-22 08:21:40.085453400,0.031453400,1
'2026-08-22 08:21:40.085467600,0.031467600,0
'2026-08-22 08:21:40.085476000,0.031476000,1
'2026-08-22 08:21:40.085910200,0.031910200,0
'2026-08-22 08:21:40.085921900,0.031921900,1
'2026-08-22 08:21:40.085936000,0.031936000,0
'2026-08-22 08:21:40.085947900,0.031947900,1
'2026-08-22 08:21:40.085962200,0.031962200,0
'2026-08-22 08:21:40.085974000,0.031974000,1
'2026-08-22 08:21:40.085988200,0.031988200,0
'2026-08-22 08:21:40.086000000,0.032000000,1
'2026-08-22 08:21:40.086014300,0.032014300,0
'2026-08-22 08:21:40.086026000,0.032026000,1
'2026-08-22 08:21:40.086040100,0.032040100,0
'2026-08-22 08:21:40.086052100,0.032052100,1
'2026-08-22 08:21:40.086066300,0.032066300,0
'2026-08-22 08:21:40.086078100,0.032078100,1
'2026-08-22 08:21:40.086092300,0.032092300,0
'2026-08-22 08:21:40.086104100,0.032104100,1
'2026-08-22 08:21:40.086118400,0.032118400,0
'2026-08-22 08:21:40.086130200,0.032130200,1
'2026-08-22 08:21:40.086144500,0.032144500,0
'2026-08-22 08:21:40.086156200,0.032156200,1
'2026-08-22 08:21:40.086170500,0.032170500,0
'2026-08-22 08:21:40.086182200,0.032182200,1
'2026-08-22 08:21:40.086196600,0.032196600,0
'2026-08-22 08:21:40.086208300,0.032208300,1
'2026-08-22 08:21:40.086222500,0.032222500,0
'2026-08-22 08:21:40.086234300,0.032234300,1
'2026-08-22 08:21:40.086248600,0.032248600,0
'2026-08-22 08:21:40.086260400,0.032260400,1
'2026-08-22 08:21:40.086274800,0.032274800,0
'2026-08-22 08:21:40.086286400,0.032286400,1
'2026-08-22 08:21:40.086718300,0.032718300,0
'2026-08-22 08:21:40.086728900,0.032728900,1
'2026-08-22 08:21:40.086743000,0.032743000,0
'2026-08-22 08:21:40.086754900,0.032754900,1
'2026-08-22 08:21:40.086769200,0.032769200,0
'2026-08-22 08:21:40.086780900,0.032780900,1
'2026-08-22 08:21:40.086795200,0.032795200,0
'2026-08-22 08:21:40.086807000,0.032807000,1
'2026-08-22 08:21:40.086821200,0.032821200,0
'2026-08-22 08:21:40.086833000,0.032833000,1
'2026-08-22 08:21:40.086847400,0.032847400,0
'2026-08-22 08:21:40.086859100,0.032859100,1
'2026-08-22 08:21:40.086873200,0.032873200,0
'2026-08-22 08:21:40.086885100,0.032885100,1
'2026-08-22 08:21:40.086899400,0.032899400,0
'2026-08-22 08:21:40.086911100,0.032911100,1
'2026-08-22 08:21:40.086925400,0.032925400,0
'2026-08-22 08:21:40.086937200,0.032937200,1
'2026-08-22 08:21:40.086951500,0.032951500,0
'2026-08-22 08:21:40.086963200,0.032963200,1
'2026-08-22 08:21:40.086977400,0.032977400,0
'2026-08-22 08:21:40.086989300,0.032989300,1
'2026-08-22 08:21:40.087003400,0.033003400,0
'2026-08-22 08:21:40.087015300,0.033015300,1
'2026-08-22 08:21:40.087029700,0.033029700,0
'2026-08-22 08:21:40.087041300,0.033041300,1
'2026-08-22 08:21:40.087055600,0.033055600,0
'2026-08-22 08:21:40.087067400,0.033067400,1
'2026-08-22 08:21:40.087081700,0.033081700,0
'2026-08-22 08:21:40.087093400,0.033093400,1
'2026-08-22 08:21:40.087107600,0.033107600,0
'2026-08-22 08:21:40.087119500,0.033119500,1
'2026-08-22 08:21:40.088337400,0.034337400,0
'2026-08-22 08:21:40.088342800,0.034342800,1
'2026-08-22 08:21:40.088357000,0.034357000,0
'2026-08-22 08:21:40.088368800,0.034368800,1
'2026-08-22 08:21:40.088383000,0.034383000,0
'2026-08-22 08:21:40.088394900,0.034394900,1
'2026-08-22 08:21:40.088409100,0.034409100,0
'2026-08-22 08:21:40.088420900,0.034420900,1
'2026-08-22 08:21:40.088435200,0.034435200,0
'2026-08-22 08:21:40.088447000,0.034447000,1
'2026-08-22 08:21:40.088461200,0.034461200,0
'2026-08-22 08:21:40.088473000,0.034473000,1
'2026-08-22 08:21:40.088487200,0.034487200,0
'2026-08-22 08:21:40.088499000,0.034499000,1
'2026-08-22 08:21:40.088513200,0.034513200,0
'2026-08-22 08:21:40.088525100,0.034525100,1
'2026-08-22 08:21:40.088539200,0.034539200,0
'2026-08-22 08:21:40.088551100,0.034551100,1
'2026-08-22 08:21:40.088565400,0.034565400,0
'2026-08-22 08:21:40.088577100,0.034577100,1
'2026-08-22 08:21:40.088591500,0.034591500,0
'2026-08-22 08:21:40.088603200,0.034603200,1
'2026-08-22 08:21:40.088617400,0.034617400,0
'2026-08-22 08:21:40.088629200,0.034629200,1
'2026-08-22 08:21:40.088643500,0.034643500,0
'2026-08-22 08:21:40.088655300,0.034655300,1
'2026-08-22 08:21:40.088669600,0.034669600,0
'2026-08-22 08:21:40.088681300,0.034681300,1
'2026-08-22 08:21:40.088695600,0.034695600,0
'2026-08-22 08:21:40.088707300,0.034707300,1
'2026-08-22 08:21:40.088721500,0.034721500,0
'2026-08-22 08:21:40.088733400,0.034733400,1
'2026-08-22 08:21:40.089163900,0.035163900,0
'2026-08-22 08:21:40.089175800,0.035175800,1
'2026-08-22 08:21:40.089190000,0.035190000,0
'2026-08-22 08:21:40.089201900,0.035201900,1
'2026-08-22 08:21:40.089216100,0.035216100,0
'2026-08-22 08:21:40.089227900,0.035227900,1
'2026-08-22 08:21:40.089242100,0.035242100,0
'2026-08-22 08:21:40.089242300,0.035242300,1
'2026-08-22 08:21:40.089242400,0.035242400,0
'2026-08-22 08:21:40.089253900,0.035253900,1
'2026-08-22 08:21:40.089268200,0.035268200,0
'2026-08-22 08:21:40.089280000,0.035280000,1
'2026-08-22 08:21:40.089294200,0.035294200,0
'2026-08-22 08:21:40.089306000,0.035306000,1
'2026-08-22 08:21:40.089320200,0.035320200,0
'2026-08-22 08:21:40.089332100,0.035332100,1
'2026-08-22 08:21:40.089346400,0.035346400,0
'2026-08-22 08:21:40.089358100,0.035358100,1
'2026-08-22 08:21:40.089372400,0.035372400,0
'2026-08-22 08:21:40.089384100,0.035384100,1
'2026-08-22 08:21:40.089398400,0.035398400,0
'2026-08-22 08:21:40.089410200,0.035410200,1
'2026-08-22 08:21:40.089424600,0.035424600,0
'2026-08-22 08:21:40.089436200,0.035436200,1
'2026-08-22 08:21:40.089450400,0.035450400,0
'2026-08-22 08:21:40.089462300,0.035462300,1
'2026-08-22 08:21:40.089476400,0.035476400,0
'2026-08-22 08:21:40.089488300,0.035488300,1
'2026-08-22 08:21:40.089502500,0.035502500,0
'2026-08-22 08:21:40.089514300,0.035514300,1
'2026-08-22 08:21:40.089528600,0.035528600,0
'2026-08-22 08:21:40.089540400,0.035540400,1
'2026-08-22 08:21:40.089554600,0.035554600,0
'2026-08-22 08:21:40.089566400,0.035566400,1
'2026-08-22 08:21:40.089981300,0.035981300,0
'2026-08-22 08:21:40.089982800,0.035982800,1
'2026-08-22 08:21:40.089997200,0.035997200,0
'2026-08-22 08:21:40.090008900,0.036008900,1
'2026-08-22 08:21:40.090023000,0.036023000,0
'2026-08-22 08:21:40.090023100,0.036023100,1
'2026-08-22 08:21:40.090023200,0.036023200,0
'2026-08-22 08:21:40.090034900,0.036034900,1
'2026-08-22 08:21:40.090049200,0.036049200,0
'2026-08-22 08:21:40.090060900,0.036060900,1
'2026-08-22 08:21:40.090075200,0.036075200,0
'2026-08-22 08:21:40.090087000,0.036087000,1
'2026-08-22 08:21:40.090101200,0.036101200,0
'2026-08-22 08:21:40.090113000,0.036113000,1
'2026-08-22 08:21:40.090127300,0.036127300,0
'2026-08-22 08:21:40.090127600,0.036127600,1
'2026-08-22 08:21:40.090127700,0.036127700,0
'2026-08-22 08:21:40.090139000,0.036139000,1
'2026-08-22 08:21:40.090153200,0.036153200,0
'2026-08-22 08:21:40.090165100,0.036165100,1
'2026-08-22 08:21:40.090179400,0.036179400,0
'2026-08-22 08:21:40.090191100,0.036191100,1
'2026-08-22 08:21:40.090205400,0.036205400,0
'2026-08-22 08:21:40.090217200,0.036217200,1
'2026-08-22 08:21:40.090231400,0.036231400,0
'2026-08-22 08:21:40.090243200,0.036243200,1
'2026-08-22 08:21:40.090257500,0.036257500,0
'2026-08-22 08:21:40.090269200,0.036269200,1
'2026-08-22 08:21:40.090283400,0.036283400,0
'2026-08-22 08:21:40.090295300,0.036295300,1
'2026-08-22 08:21:40.090309600,0.036309600,0
'2026-08-22 08:21:40.090321300,0.036321300,1
'2026-08-22 08:21:40.090335500,0.036335500,0
'2026-08-22 08:21:40.090347300,0.036347300,1
'2026-08-22 08:21:40.090361600,0.036361600,0
'2026-08-22 08:21:40.090373400,0.036373400,1
'2026-08-22 08:21:40.090387700,0.036387700,0
'2026-08-22 08:21:40.090390200,0.036390200,1
'2026-08-22 08:21:40.090804000,0.036804000,0
'2026-08-22 08:21:40.090815800,0.036815800,1
'2026-08-22 08:21:40.090830000,0.036830000,0
'2026-08-22 08:21:40.090841800,0.036841800,1
'2026-08-22 08:21:40.090856200,0.036856200,0
'2026-08-22 08:21:40.090867900,0.036867900,1
'2026-08-22 08:21:40.090882100,0.036882100,0
'2026-08-22 08:21:40.090893900,0.036893900,1
'2026-08-22 08:21:40.090908200,0.036908200,0
'2026-08-22 08:21:40.090920000,0.036920000,1
'2026-08-22 08:21:40.090934200,0.036934200,0
'2026-08-22 08:21:40.090934300,0.036934300,1
'2026-08-22 08:21:40.090934400,0.036934400,0
'2026-08-22 08:21:40.090946000,0.036946000,1
'2026-08-22 08:21:40.090960200,0.036960200,0
'2026-08-22 08:21:40.090963800,0.036963800,1
'2026-08-22 08:21:40.090963900,0.036963900,0
'2026-08-22 08:21:40.090972000,0.036972000,1
'2026-08-22 08:21:40.090986400,0.036986400,0
'2026-08-22 08:21:40.090998100,0.036998100,1
'2026-08-22 08:21:40.091012200,0.037012200,0
'2026-08-22 08:21:40.091024100,0.037024100,1
'2026-08-22 08:21:40.091038300,0.037038300,0
'2026-08-22 08:21:40.091050100,0.037050100,1
'2026-08-22 08:21:40.091064600,0.037064600,0
'2026-08-22 08:21:40.091076200,0.037076200,1
'2026-08-22 08:21:40.091090400,0.037090400,0
'2026-08-22 08:21:40.091102200,0.037102200,1
'2026-08-22 08:21:40.091116600,0.037116600,0
'2026-08-22 08:21:40.091128200,0.037128200,1
'2026-08-22 08:21:40.091142400,0.037142400,0
'2026-08-22 08:21:40.091154300,0.037154300,1
'2026-08-22 08:21:40.091168500,0.037168500,0
'2026-08-22 08:21:40.091180300,0.037180300,1
'2026-08-22 08:21:40.091194600,0.037194600,0
'2026-08-22 08:21:40.091206300,0.037206300,1
'2026-08-22 08:21:40.091637000,0.037637000,0
'2026-08-22 08:21:40.091648800,0.037648800,1
'2026-08-22 08:21:40.091663000,0.037663000,0
'2026-08-22 08:21:40.091674900,0.037674900,1
'2026-08-22 08:21:40.091689100,0.037689100,0
'2026-08-22 08:21:40.091700900,0.037700900,1
'2026-08-22 08:21:40.091715100,0.037715100,0
'2026-08-22 08:21:40.091726900,0.037726900,1
'2026-08-22 08:21:40.091741200,0.037741200,0
'2026-08-22 08:21:40.091753000,0.037753000,1
'2026-08-22 08:21:40.091767100,0.037767100,0
'2026-08-22 08:21:40.091779000,0.037779000,1
'2026-08-22 08:21:40.091793200,0.037793200,0
'2026-08-22 08:21:40.091805000,0.037805000,1
'2026-08-22 08:21:40.091819400,0.037819400,0
'2026-08-22 08:21:40.091831100,0.037831100,1
'2026-08-22 08:21:40.091845300,0.037845300,0
'2026-08-22 08:21:40.091850600,0.037850600,1
'2026-08-22 08:21:40.091850700,0.037850700,0
'2026-08-22 08:21:40.091857100,0.037857100,1
'2026-08-22 08:21:40.091871400,0.037871400,0
'2026-08-22 08:21:40.091883200,0.037883200,1
'2026-08-22 08:21:40.091897400,0.037897400,0
'2026-08-22 08:21:40.091909200,0.037909200,1
'2026-08-22 08:21:40.091923400,0.037923400,0
'2026-08-22 08:21:40.091935200,0.037935200,1
'2026-08-22 08:21:40.091949400,0.037949400,0
'2026-08-22 08:21:40.091961300,0.037961300,1
'2026-08-22 08:21:40.091975500,0.037975500,0
'2026-08-22 08:21:40.091987300,0.037987300,1
'2026-08-22 08:21:40.092001600,0.038001600,0
'2026-08-22 08:21:40.092013300,0.038013300,1
'2026-08-22 08:21:40.092027600,0.038027600,0
'2026-08-22 08:21:40.092034000,0.038034000,1
'2026-08-22 08:21:40.092454700,0.038454700,0
'2026-08-22 08:21:40.092455800,0.038455800,1
'2026-08-22 08:21:40.092470200,0.038470200,0
'2026-08-22 08:21:40.092481900,0.038481900,1
'2026-08-22 08:21:40.092496000,0.038496000,0
'2026-08-22 08:21:40.092507900,0.038507900,1
'2026-08-22 08:21:40.092522200,0.038522200,0
'2026-08-22 08:21:40.092529300,0.038529300,1
'2026-08-22 08:21:40.092529400,0.038529400,0
'2026-08-22 08:21:40.092533900,0.038533900,1
'2026-08-22 08:21:40.092548100,0.038548100,0
'2026-08-22 08:21:40.092560000,0.038560000,1
'2026-08-22 08:21:40.092574200,0.038574200,0
'2026-08-22 08:21:40.092586000,0.038586000,1
'2026-08-22 08:21:40.092600200,0.038600200,0
'2026-08-22 08:21:40.092612100,0.038612100,1
'2026-08-22 08:21:40.092626300,0.038626300,0
'2026-08-22 08:21:40.092638100,0.038638100,1
'2026-08-22 08:21:40.092652400,0.038652400,0
'2026-08-22 08:21:40.092664100,0.038664100,1
'2026-08-22 08:21:40.092678400,0.038678400,0
'2026-08-22 08:21:40.092690200,0.038690200,1
'2026-08-22 08:21:40.092704400,0.038704400,0
'2026-08-22 08:21:40.092716200,0.038716200,1
'2026-08-22 08:21:40.092730400,0.038730400,0
'2026-08-22 08:21:40.092742300,0.038742300,1
'2026-08-22 08:21:40.092756500,0.038756500,0
'2026-08-22 08:21:40.092768300,0.038768300,1
'2026-08-22 08:21:40.092782700,0.038782700,0
'2026-08-22 08:21:40.092794300,0.038794300,1
'2026-08-22 08:21:40.092808500,0.038808500,0
'2026-08-22 08:21:40.092811700,0.038811700,1
'2026-08-22 08:21:40.092811800,0.038811800,0
'2026-08-22 08:21:40.092815300,0.038815300,1
'2026-08-22 08:21:40.092815400,0.038815400,0
'2026-08-22 08:21:40.092820400,0.038820400,1
'2026-08-22 08:21:40.092834700,0.038834700,0
'2026-08-22 08:21:40.092846400,0.038846400,1
'2026-08-22 08:21:40.092860600,0.038860600,0
'2026-08-22 08:21:40.092863700,0.038863700,1
'2026-08-22 08:21:40.093277100,0.039277100,0
'2026-08-22 08:21:40.093288900,0.039288900,1
'2026-08-22 08:21:40.093303000,0.039303000,0
'2026-08-22 08:21:40.093303400,0.039303400,1
'2026-08-22 08:21:40.093303500,0.039303500,0
'2026-08-22 08:21:40.093314900,0.039314900,1
'2026-08-22 08:21:40.093329200,0.039329200,0
'2026-08-22 08:21:40.093341000,0.039341000,1
'2026-08-22 08:21:40.093355100,0.039355100,0
'2026-08-22 08:21:40.093367000,0.039367000,1
'2026-08-22 08:21:40.093381200,0.039381200,0
'2026-08-22 08:21:40.093390000,0.039390000,1
'2026-08-22 08:21:40.093390100,0.039390100,0
'2026-08-22 08:21:40.093393100,0.039393100,1
'2026-08-22 08:21:40.093407300,0.039407300,0
'2026-08-22 08:21:40.093419100,0.039419100,1
'2026-08-22 08:21:40.093433300,0.039433300,0
'2026-08-22 08:21:40.093433500,0.039433500,1
'2026-08-22 08:21:40.093433600,0.039433600,0
'2026-08-22 08:21:40.093445100,0.039445100,1
'2026-08-22 08:21:40.093459400,0.039459400,0
'2026-08-22 08:21:40.093471200,0.039471200,1
'2026-08-22 08:21:40.093485500,0.039485500,0
'2026-08-22 08:21:40.093497200,0.039497200,1
'2026-08-22 08:21:40.093511500,0.039511500,0
'2026-08-22 08:21:40.093523300,0.039523300,1
'2026-08-22 08:21:40.093537700,0.039537700,0
'2026-08-22 08:21:40.093549300,0.039549300,1
'2026-08-22 08:21:40.093563400,0.039563400,0
'2026-08-22 08:21:40.093563600,0.039563600,1
'2026-08-22 08:21:40.093563800,0.039563800,0
'2026-08-22 08:21:40.093575300,0.039575300,1
'2026-08-22 08:21:40.093589500,0.039589500,0
'2026-08-22 08:21:40.093601400,0.039601400,1
'2026-08-22 08:21:40.093615600,0.039615600,0
'2026-08-22 08:21:40.093627400,0.039627400,1
'2026-08-22 08:21:40.093641600,0.039641600,0
'2026-08-22 08:21:40.093653400,0.039653400,1
'2026-08-22 08:21:40.093667800,0.039667800,0
'2026-08-22 08:21:40.093679500,0.039679500,1
'2026-08-22 08:21:40.094110100,0.040110100,0
'2026-08-22 08:21:40.094122000,0.040122000,1
'2026-08-22 08:21:40.094136200,0.040136200,0
'2026-08-22 08:21:40.094148000,0.040148000,1
'2026-08-22 08:21:40.094162500,0.040162500,0
'2026-08-22 08:21:40.094172300,0.040172300,1
'2026-08-22 08:21:40.094172400,0.040172400,0
'2026-08-22 08:21:40.094174100,0.040174100,1
'2026-08-22 08:21:40.094188200,0.040188200,0
'2026-08-22 08:21:40.094200100,0.040200100,1
'2026-08-22 08:21:40.094214400,0.040214400,0
'2026-08-22 08:21:40.094226100,0.040226100,1
'2026-08-22 08:21:40.094240300,0.040240300,0
'2026-08-22 08:21:40.094252200,0.040252200,1
'2026-08-22 08:21:40.094266400,0.040266400,0
'2026-08-22 08:21:40.094278200,0.040278200,1
'2026-08-22 08:21:40.094292400,0.040292400,0
'2026-08-22 08:21:40.094292500,0.040292500,1
'2026-08-22 08:21:40.094292600,0.040292600,0
'2026-08-22 08:21:40.094304300,0.040304300,1
'2026-08-22 08:21:40.094318400,0.040318400,0
'2026-08-22 08:21:40.094330300,0.040330300,1
'2026-08-22 08:21:40.094344500,0.040344500,0
'2026-08-22 08:21:40.094348100,0.040348100,1
'2026-08-22 08:21:40.094348200,0.040348200,0
'2026-08-22 08:21:40.094356300,0.040356300,1
'2026-08-22 08:21:40.094370500,0.040370500,0
'2026-08-22 08:21:40.094382400,0.040382400,1
'2026-08-22 08:21:40.094396600,0.040396600,0
'2026-08-22 08:21:40.094408400,0.040408400,1
'2026-08-22 08:21:40.094422600,0.040422600,0
'2026-08-22 08:21:40.094434500,0.040434500,1
'2026-08-22 08:21:40.094448600,0.040448600,0
'2026-08-22 08:21:40.094460500,0.040460500,1
'2026-08-22 08:21:40.094474800,0.040474800,0
'2026-08-22 08:21:40.094486500,0.040486500,1
'2026-08-22 08:21:40.094500800,0.040500800,0
'2026-08-22 08:21:40.094501100,0.040501100,1
'2026-08-22 08:21:40.094501200,0.040501200,0
'2026-08-22 08:21:40.094507200,0.040507200,1
'2026-08-22 08:21:40.095724100,0.041724100,0
'2026-08-22 08:21:40.095736000,0.041736000,1
'2026-08-22 08:21:40.095750300,0.041750300,0
'2026-08-22 08:21:40.095762000,0.041762000,1
'2026-08-22 08:21:40.095776200,0.041776200,0
'2026-08-22 08:21:40.095788100,0.041788100,1
'2026-08-22 08:21:40.095802300,0.041802300,0
'2026-08-22 08:21:40.095814100,0.041814100,1
'2026-08-22 08:21:40.095828300,0.041828300,0
'2026-08-22 08:21:40.095840200,0.041840200,1
'2026-08-22 08:21:40.095854400,0.041854400,0
'2026-08-22 08:21:40.095866200,0.041866200,1
'2026-08-22 08:21:40.095880500,0.041880500,0
'2026-08-22 08:21:40.095892200,0.041892200,1
'2026-08-22 08:21:40.095906400,0.041906400,0
'2026-08-22 08:21:40.095918300,0.041918300,1
'2026-08-22 08:21:40.095932600,0.041932600,0
'2026-08-22 08:21:40.095944300,0.041944300,1
'2026-08-22 08:21:40.095958500,0.041958500,0
'2026-08-22 08:21:40.095970400,0.041970400,1
'2026-08-22 08:21:40.095984600,0.041984600,0
'2026-08-22 08:21:40.095996300,0.041996300,1
'2026-08-22 08:21:40.096010600,0.042010600,0
'2026-08-22 08:21:40.096022400,0.042022400,1
'2026-08-22 08:21:40.096036600,0.042036600,0
'2026-08-22 08:21:40.096048500,0.042048500,1
'2026-08-22 08:21:40.096062700,0.042062700,0
'2026-08-22 08:21:40.096074500,0.042074500,1
'2026-08-22 08:21:40.096088600,0.042088600,0
'2026-08-22 08:21:40.096100600,0.042100600,1
'2026-08-22 08:21:40.096114700,0.042114700,0
'2026-08-22 08:21:40.096126600,0.042126600,1
'2026-08-22 08:21:40.096539600,0.042539600,0
'2026-08-22 08:21:40.096543100,0.042543100,1
'2026-08-22 08:21:40.096557200,0.042557200,0
'2026-08-22 08:21:40.096569100,0.042569100,1
'2026-08-22 08:21:40.096583200,0.042583200,0
'2026-08-22 08:21:40.096595100,0.042595100,1
'2026-08-22 08:21:40.096609400,0.042609400,0
'2026-08-22 08:21:40.096621200,0.042621200,1
'2026-08-22 08:21:40.096635400,0.042635400,0
'2026-08-22 08:21:40.096647200,0.042647200,1
'2026-08-22 08:21:40.096661600,0.042661600,0
'2026-08-22 08:21:40.096673300,0.042673300,1
'2026-08-22 08:21:40.096687400,0.042687400,0
'2026-08-22 08:21:40.096699300,0.042699300,1
'2026-08-22 08:21:40.096713600,0.042713600,0
'2026-08-22 08:21:40.096725300,0.042725300,1
'2026-08-22 08:21:40.096739500,0.042739500,0
'2026-08-22 08:21:40.096751400,0.042751400,1
'2026-08-22 08:21:40.096765700,0.042765700,0
'2026-08-22 08:21:40.096775800,0.042775800,1
'2026-08-22 08:21:40.096775900,0.042775900,0
'2026-08-22 08:21:40.096777400,0.042777400,1
'2026-08-22 08:21:40.096791600,0.042791600,0
'2026-08-22 08:21:40.096803500,0.042803500,1
'2026-08-22 08:21:40.096817700,0.042817700,0
'2026-08-22 08:21:40.096829500,0.042829500,1
'2026-08-22 08:21:40.096843500,0.042843500,0
'2026-08-22 08:21:40.096855500,0.042855500,1
'2026-08-22 08:21:40.096869800,0.042869800,0
'2026-08-22 08:21:40.096881600,0.042881600,1
'2026-08-22 08:21:40.096895900,0.042895900,0
'2026-08-22 08:21:40.096907600,0.042907600,1
'2026-08-22 08:21:40.096921800,0.042921800,0
'2026-08-22 08:21:40.096933700,0.042933700,1
'2026-08-22 08:21:40.096947900,0.042947900,0
'2026-08-22 08:21:40.096948600,0.042948600,1
'2026-08-22 08:21:40.097364300,0.043364300,0
'2026-08-22 08:21:40.097376200,0.043376200,1
'2026-08-22 08:21:40.097390400,0.043390400,0
'2026-08-22 08:21:40.097402200,0.043402200,1
'2026-08-22 08:21:40.097416400,0.043416400,0
'2026-08-22 08:21:40.097428200,0.043428200,1
'2026-08-22 08:21:40.097442600,0.043442600,0
'2026-08-22 08:21:40.097454300,0.043454300,1
'2026-08-22 08:21:40.097468500,0.043468500,0
'2026-08-22 08:21:40.097480300,0.043480300,1
'2026-08-22 08:21:40.097494500,0.043494500,0
'2026-08-22 08:21:40.097506400,0.043506400,1
'2026-08-22 08:21:40.097520500,0.043520500,0
'2026-08-22 08:21:40.097532400,0.043532400,1
'2026-08-22 08:21:40.097546700,0.043546700,0
'2026-08-22 08:21:40.097558400,0.043558400,1
'2026-08-22 08:21:40.097572700,0.043572700,0
'2026-08-22 08:21:40.097584500,0.043584500,1
'2026-08-22 08:21:40.097598700,0.043598700,0
'2026-08-22 08:21:40.097610500,0.043610500,1
'2026-08-22 08:21:40.097624600,0.043624600,0
'2026-08-22 08:21:40.097636500,0.043636500,1
'2026-08-22 08:21:40.097650700,0.043650700,0
'2026-08-22 08:21:40.097662600,0.043662600,1
'2026-08-22 08:21:40.097676900,0.043676900,0
'2026-08-22 08:21:40.097688600,0.043688600,1
'2026-08-22 08:21:40.097702800,0.043702800,0
'2026-08-22 08:21:40.097714700,0.043714700,1
'2026-08-22 08:21:40.097729000,0.043729000,0
'2026-08-22 08:21:40.097740700,0.043740700,1
'2026-08-22 08:21:40.097754900,0.043754900,0
'2026-08-22 08:21:40.097766700,0.043766700,1
'2026-08-22 08:21:40.098197400,0.044197400,0
'2026-08-22 08:21:40.098209200,0.044209200,1
'2026-08-22 08:21:40.098223400,0.044223400,0
'2026-08-22 08:21:40.098223500,0.044223500,1
'2026-08-22 08:21:40.098223600,0.044223600,0
'2026-08-22 08:21:40.098235300,0.044235300,1
'2026-08-22 08:21:40.098249400,0.044249400,0
'2026-08-22 08:21:40.098261300,0.044261300,1
'2026-08-22 08:21:40.098275600,0.044275600,0
'2026-08-22 08:21:40.098287300,0.044287300,1
'2026-08-22 08:21:40.098301500,0.044301500,0
'2026-08-22 08:21:40.098313400,0.044313400,1
'2026-08-22 08:21:40.098327600,0.044327600,0
'2026-08-22 08:21:40.098339400,0.044339400,1
'2026-08-22 08:21:40.098353700,0.044353700,0
'2026-08-22 08:21:40.098365500,0.044365500,1
'2026-08-22 08:21:40.098379700,0.044379700,0
'2026-08-22 08:21:40.098391500,0.044391500,1
'2026-08-22 08:21:40.098405900,0.044405900,0
'2026-08-22 08:21:40.098417600,0.044417600,1
'2026-08-22 08:21:40.098431800,0.044431800,0
'2026-08-22 08:21:40.098443600,0.044443600,1
'2026-08-22 08:21:40.098457700,0.044457700,0
'2026-08-22 08:21:40.098469600,0.044469600,1
'2026-08-22 08:21:40.098483900,0.044483900,0
'2026-08-22 08:21:40.098495700,0.044495700,1
'2026-08-22 08:21:40.098509900,0.044509900,0
'2026-08-22 08:21:40.098521700,0.044521700,1
'2026-08-22 08:21:40.098536000,0.044536000,0
'2026-08-22 08:21:40.098547700,0.044547700,1
'2026-08-22 08:21:40.098561900,0.044561900,0
'2026-08-22 08:21:40.098573800,0.044573800,1
'2026-08-22 08:21:40.098588200,0.044588200,0
'2026-08-22 08:21:40.098592600,0.044592600,1
'2026-08-22 08:21:40.099013300,0.045013300,0
'2026-08-22 08:21:40.099016300,0.045016300,1
'2026-08-22 08:21:40.099030500,0.045030500,0
'2026-08-22 08:21:40.099042300,0.045042300,1
'2026-08-22 08:21:40.099056600,0.045056600,0
'2026-08-22 08:21:40.099068300,0.045068300,1
'2026-08-22 08:21:40.099082600,0.045082600,0
'2026-08-22 08:21:40.099094400,0.045094400,1
'2026-08-22 08:21:40.099108600,0.045108600,0
'2026-08-22 08:21:40.099120400,0.045120400,1
'2026-08-22 08:21:40.099134600,0.045134600,0
'2026-08-22 08:21:40.099146500,0.045146500,1
'2026-08-22 08:21:40.099160600,0.045160600,0
'2026-08-22 08:21:40.099172500,0.045172500,1
'2026-08-22 08:21:40.099186800,0.045186800,0
'2026-08-22 08:21:40.099198500,0.045198500,1
'2026-08-22 08:21:40.099212900,0.045212900,0
'2026-08-22 08:21:40.099224600,0.045224600,1
'2026-08-22 08:21:40.099238800,0.045238800,0
'2026-08-22 08:21:40.099250600,0.045250600,1
'2026-08-22 08:21:40.099265000,0.045265000,0
'2026-08-22 08:21:40.099276700,0.045276700,1
'2026-08-22 08:21:40.099290800,0.045290800,0
'2026-08-22 08:21:40.099302700,0.045302700,1
'2026-08-22 08:21:40.099317000,0.045317000,0
'2026-08-22 08:21:40.099328700,0.045328700,1
'2026-08-22 08:21:40.099343000,0.045343000,0
'2026-08-22 08:21:40.099354800,0.045354800,1
'2026-08-22 08:21:40.099369000,0.045369000,0
'2026-08-22 08:21:40.099380800,0.045380800,1
'2026-08-22 08:21:40.099395000,0.045395000,0
'2026-08-22 08:21:40.099406900,0.045406900,1
'2026-08-22 08:21:40.099421200,0.045421200,0
'2026-08-22 08:21:40.099422200,0.045422200,1
'2026-08-22 08:21:40.099837500,0.045837500,0
'2026-08-22 08:21:40.099849300,0.045849300,1
'2026-08-22 08:21:40.099863600,0.045863600,0
'2026-08-22 08:21:40.099875400,0.045875400,1
'2026-08-22 08:21:40.099889500,0.045889500,0
'2026-08-22 08:21:40.099901400,0.045901400,1
'2026-08-22 08:21:40.099915600,0.045915600,0
'2026-08-22 08:21:40.099927500,0.045927500,1
'2026-08-22 08:21:40.099941700,0.045941700,0
'2026-08-22 08:21:40.099953500,0.045953500,1
'2026-08-22 08:21:40.099967800,0.045967800,0
'2026-08-22 08:21:40.099979600,0.045979600,1
'2026-08-22 08:21:40.099993900,0.045993900,0
'2026-08-22 08:21:40.100005600,0.046005600,1
'2026-08-22 08:21:40.100019800,0.046019800,0
'2026-08-22 08:21:40.100031600,0.046031600,1
'2026-08-22 08:21:40.100045900,0.046045900,0
'2026-08-22 08:21:40.100046400,0.046046400,1
'2026-08-22 08:21:40.100046500,0.046046500,0
'2026-08-22 08:21:40.100057700,0.046057700,1
'2026-08-22 08:21:40.100071800,0.046071800,0
'2026-08-22 08:21:40.100076700,0.046076700,1
'2026-08-22 08:21:40.100076800,0.046076800,0
'2026-08-22 08:21:40.100083700,0.046083700,1
'2026-08-22 08:21:40.100097900,0.046097900,0
'2026-08-22 08:21:40.100109800,0.046109800,1
'2026-08-22 08:21:40.100124100,0.046124100,0
'2026-08-22 08:21:40.100135800,0.046135800,1
'2026-08-22 08:21:40.100150100,0.046150100,0
'2026-08-22 08:21:40.100161800,0.046161800,1
'2026-08-22 08:21:40.100176100,0.046176100,0
'2026-08-22 08:21:40.100187900,0.046187900,1
'2026-08-22 08:21:40.100202100,0.046202100,0
'2026-08-22 08:21:40.100213900,0.046213900,1
'2026-08-22 08:21:40.100228200,0.046228200,0
'2026-08-22 08:21:40.100237800,0.046237800,1
'2026-08-22 08:21:40.100237900,0.046237900,0
'2026-08-22 08:21:40.100239900,0.046239900,1
'2026-08-22 08:21:40.101453800,0.047453800,0
'2026-08-22 08:21:40.101463400,0.047463400,1
'2026-08-22 08:21:40.101477600,0.047477600,0
'2026-08-22 08:21:40.101489400,0.047489400,1
'2026-08-22 08:21:40.101503600,0.047503600,0
'2026-08-22 08:21:40.101503700,0.047503700,1
'2026-08-22 08:21:40.101503800,0.047503800,0
'2026-08-22 08:21:40.101515400,0.047515400,1
'2026-08-22 08:21:40.101529600,0.047529600,0
'2026-08-22 08:21:40.101541500,0.047541500,1
'2026-08-22 08:21:40.101555800,0.047555800,0
'2026-08-22 08:21:40.101555900,0.047555900,1
'2026-08-22 08:21:40.101556000,0.047556000,0
'2026-08-22 08:21:40.101567500,0.047567500,1
'2026-08-22 08:21:40.101581700,0.047581700,0
'2026-08-22 08:21:40.101593600,0.047593600,1
'2026-08-22 08:21:40.101607800,0.047607800,0
'2026-08-22 08:21:40.101619600,0.047619600,1
'2026-08-22 08:21:40.101633900,0.047633900,0
'2026-08-22 08:21:40.101645600,0.047645600,1
'2026-08-22 08:21:40.101659800,0.047659800,0
'2026-08-22 08:21:40.101671700,0.047671700,1
'2026-08-22 08:21:40.101686000,0.047686000,0
'2026-08-22 08:21:40.101697700,0.047697700,1
'2026-08-22 08:21:40.101712000,0.047712000,0
'2026-08-22 08:21:40.101723800,0.047723800,1
'2026-08-22 08:21:40.101738000,0.047738000,0
'2026-08-22 08:21:40.101747700,0.047747700,1
'2026-08-22 08:21:40.101747800,0.047747800,0
'2026-08-22 08:21:40.101749800,0.047749800,1
'2026-08-22 08:21:40.101764000,0.047764000,0
'2026-08-22 08:21:40.101775800,0.047775800,1
'2026-08-22 08:21:40.101790100,0.047790100,0
'2026-08-22 08:21:40.101801900,0.047801900,1
'2026-08-22 08:21:40.101816300,0.047816300,0
'2026-08-22 08:21:40.101827900,0.047827900,1
'2026-08-22 08:21:40.101842000,0.047842000,0
'2026-08-22 08:21:40.101854000,0.047854000,1
'2026-08-22 08:21:40.103072800,0.049072800,0
'2026-08-22 08:21:40.103077400,0.049077400,1
'2026-08-22 08:21:40.103091600,0.049091600,0
'2026-08-22 08:21:40.103103400,0.049103400,1
'2026-08-22 08:21:40.103117600,0.049117600,0
'2026-08-22 08:21:40.103129400,0.049129400,1
'2026-08-22 08:21:40.103143600,0.049143600,0
'2026-08-22 08:21:40.103155500,0.049155500,1
'2026-08-22 08:21:40.103169600,0.049169600,0
'2026-08-22 08:21:40.103181500,0.049181500,1
'2026-08-22 08:21:40.103195900,0.049195900,0
'2026-08-22 08:21:40.103207600,0.049207600,1
'2026-08-22 08:21:40.103221900,0.049221900,0
'2026-08-22 08:21:40.103233600,0.049233600,1
'2026-08-22 08:21:40.103247800,0.049247800,0
'2026-08-22 08:21:40.103259700,0.049259700,1
'2026-08-22 08:21:40.103273900,0.049273900,0
'2026-08-22 08:21:40.103275900,0.049275900,1
'2026-08-22 08:21:40.103276000,0.049276000,0
'2026-08-22 08:21:40.103285700,0.049285700,1
'2026-08-22 08:21:40.103299900,0.049299900,0
'2026-08-22 08:21:40.103311700,0.049311700,1
'2026-08-22 08:21:40.103326000,0.049326000,0
'2026-08-22 08:21:40.103337800,0.049337800,1
'2026-08-22 08:21:40.103352000,0.049352000,0
'2026-08-22 08:21:40.103363800,0.049363800,1
'2026-08-22 08:21:40.103378000,0.049378000,0
'2026-08-22 08:21:40.103389900,0.049389900,1
'2026-08-22 08:21:40.103404200,0.049404200,0
'2026-08-22 08:21:40.103415900,0.049415900,1
'2026-08-22 08:21:40.103430200,0.049430200,0
'2026-08-22 08:21:40.103441900,0.049441900,1
'2026-08-22 08:21:40.103456100,0.049456100,0
'2026-08-22 08:21:40.103468000,0.049468000,1
'2026-08-22 08:21:40.104684300,0.050684300,0
'2026-08-22 08:21:40.104691400,0.050691400,1
'2026-08-22 08:21:40.104705600,0.050705600,0
'2026-08-22 08:21:40.104717500,0.050717500,1
'2026-08-22 08:21:40.104731700,0.050731700,0
'2026-08-22 08:21:40.104743500,0.050743500,1
'2026-08-22 08:21:40.104757700,0.050757700,0
'2026-08-22 08:21:40.104769600,0.050769600,1
'2026-08-22 08:21:40.104783800,0.050783800,0
'2026-08-22 08:21:40.104795600,0.050795600,1
'2026-08-22 08:21:40.104809900,0.050809900,0
'2026-08-22 08:21:40.104821600,0.050821600,1
'2026-08-22 08:21:40.104835900,0.050835900,0
'2026-08-22 08:21:40.104847700,0.050847700,1
'2026-08-22 08:21:40.104861900,0.050861900,0
'2026-08-22 08:21:40.104873700,0.050873700,1
'2026-08-22 08:21:40.104887900,0.050887900,0
'2026-08-22 08:21:40.104899800,0.050899800,1
'2026-08-22 08:21:40.104914100,0.050914100,0
'2026-08-22 08:21:40.104925800,0.050925800,1
'2026-08-22 08:21:40.104940000,0.050940000,0
'2026-08-22 08:21:40.104951800,0.050951800,1
'2026-08-22 08:21:40.104966100,0.050966100,0
'2026-08-22 08:21:40.104977900,0.050977900,1
'2026-08-22 08:21:40.104992000,0.050992000,0
'2026-08-22 08:21:40.104992100,0.050992100,1
'2026-08-22 08:21:40.104992200,0.050992200,0
'2026-08-22 08:21:40.105003900,0.051003900,1
'2026-08-22 08:21:40.105018000,0.051018000,0
'2026-08-22 08:21:40.105030000,0.051030000,1
'2026-08-22 08:21:40.105044200,0.051044200,0
'2026-08-22 08:21:40.105056000,0.051056000,1
'2026-08-22 08:21:40.105070200,0.051070200,0
'2026-08-22 08:21:40.105082000,0.051082000,1
'2026-08-22 08:21:40.106303200,0.052303200,0
'2026-08-22 08:21:40.106305500,0.052305500,1
'2026-08-22 08:21:40.106319800,0.052319800,0
'2026-08-22 08:21:40.106331500,0.052331500,1
'2026-08-22 08:21:40.106345700,0.052345700,0
'2026-08-22 08:21:40.106357600,0.052357600,1
'2026-08-22 08:21:40.106371800,0.052371800,0
'2026-08-22 08:21:40.106383600,0.052383600,1
'2026-08-22 08:21:40.106397800,0.052397800,0
'2026-08-22 08:21:40.106409700,0.052409700,1
'2026-08-22 08:21:40.106423900,0.052423900,0
'2026-08-22 08:21:40.106435700,0.052435700,1
'2026-08-22 08:21:40.106450100,0.052450100,0
'2026-08-22 08:21:40.106461800,0.052461800,1
'2026-08-22 08:21:40.106475900,0.052475900,0
'2026-08-22 08:21:40.106487800,0.052487800,1
'2026-08-22 08:21:40.106502100,0.052502100,0
'2026-08-22 08:21:40.106513800,0.052513800,1
'2026-08-22 08:21:40.106528000,0.052528000,0
'2026-08-22 08:21:40.106539900,0.052539900,1
'2026-08-22 08:21:40.106554100,0.052554100,0
'2026-08-22 08:21:40.106565900,0.052565900,1
'2026-08-22 08:21:40.106580100,0.052580100,0
'2026-08-22 08:21:40.106592000,0.052592000,1
'2026-08-22 08:21:40.106606100,0.052606100,0
'2026-08-22 08:21:40.106618000,0.052618000,1
'2026-08-22 08:21:40.106632300,0.052632300,0
'2026-08-22 08:21:40.106644000,0.052644000,1
'2026-08-22 08:21:40.106658300,0.052658300,0
'2026-08-22 08:21:40.106670100,0.052670100,1
'2026-08-22 08:21:40.106684300,0.052684300,0
'2026-08-22 08:21:40.106696100,0.052696100,1
'2026-08-22 08:21:40.106710300,0.052710300,0
'2026-08-22 08:21:40.106712200,0.052712200,1
'2026-08-22 08:21:40.107933700,0.053933700,0
'2026-08-22 08:21:40.107945600,0.053945600,1
'2026-08-22 08:21:40.107959800,0.053959800,0
'2026-08-22 08:21:40.107971600,0.053971600,1
'2026-08-22 08:21:40.107985900,0.053985900,0
'2026-08-22 08:21:40.107997700,0.053997700,1
'2026-08-22 08:21:40.108011900,0.054011900,0
'2026-08-22 08:21:40.108023700,0.054023700,1
'2026-08-22 08:21:40.108038000,0.054038000,0
'2026-08-22 08:21:40.108049800,0.054049800,1
'2026-08-22 08:21:40.108064000,0.054064000,0
'2026-08-22 08:21:40.108075800,0.054075800,1
'2026-08-22 08:21:40.108090000,0.054090000,0
'2026-08-22 08:21:40.108090100,0.054090100,1
'2026-08-22 08:21:40.108090200,0.054090200,0
'2026-08-22 08:21:40.108101800,0.054101800,1
'2026-08-22 08:21:40.108116000,0.054116000,0
'2026-08-22 08:21:40.108116100,0.054116100,1
'2026-08-22 08:21:40.108116200,0.054116200,0
'2026-08-22 08:21:40.108127900,0.054127900,1
'2026-08-22 08:21:40.108142000,0.054142000,0
'2026-08-22 08:21:40.108153900,0.054153900,1
'2026-08-22 08:21:40.108168200,0.054168200,0
'2026-08-22 08:21:40.108180000,0.054180000,1
'2026-08-22 08:21:40.108194200,0.054194200,0
'2026-08-22 08:21:40.108206000,0.054206000,1
'2026-08-22 08:21:40.108220200,0.054220200,0
'2026-08-22 08:21:40.108232100,0.054232100,1
'2026-08-22 08:21:40.108246300,0.054246300,0
'2026-08-22 08:21:40.108258100,0.054258100,1
'2026-08-22 08:21:40.108272400,0.054272400,0
'2026-08-22 08:21:40.108284100,0.054284100,1
'2026-08-22 08:21:40.108298500,0.054298500,0
'2026-08-22 08:21:40.108310200,0.054310200,1
'2026-08-22 08:21:40.108324300,0.054324300,0
'2026-08-22 08:21:40.108331300,0.054331300,1
'2026-08-22 08:21:40.109547900,0.055547900,0
'2026-08-22 08:21:40.109559700,0.055559700,1
'2026-08-22 08:21:40.109573800,0.055573800,0
'2026-08-22 08:21:40.109585700,0.055585700,1
'2026-08-22 08:21:40.109600000,0.055600000,0
'2026-08-22 08:21:40.109611700,0.055611700,1
'2026-08-22 08:21:40.109625900,0.055625900,0
'2026-08-22 08:21:40.109637800,0.055637800,1
'2026-08-22 08:21:40.109652000,0.055652000,0
'2026-08-22 08:21:40.109663800,0.055663800,1
'2026-08-22 08:21:40.109678100,0.055678100,0
'2026-08-22 08:21:40.109689900,0.055689900,1
'2026-08-22 08:21:40.109704100,0.055704100,0
'2026-08-22 08:21:40.109715900,0.055715900,1
'2026-08-22 08:21:40.109730200,0.055730200,0
'2026-08-22 08:21:40.109742000,0.055742000,1
'2026-08-22 08:21:40.109756100,0.055756100,0
'2026-08-22 08:21:40.109768000,0.055768000,1
'2026-08-22 08:21:40.109782200,0.055782200,0
'2026-08-22 08:21:40.109794000,0.055794000,1
'2026-08-22 08:21:40.109808200,0.055808200,0
'2026-08-22 08:21:40.109820100,0.055820100,1
'2026-08-22 08:21:40.109834200,0.055834200,0
'2026-08-22 08:21:40.109846100,0.055846100,1
'2026-08-22 08:21:40.109860300,0.055860300,0
'2026-08-22 08:21:40.109872100,0.055872100,1
'2026-08-22 08:21:40.109886400,0.055886400,0
'2026-08-22 08:21:40.109898200,0.055898200,1
'2026-08-22 08:21:40.109912400,0.055912400,0
'2026-08-22 08:21:40.109924200,0.055924200,1
'2026-08-22 08:21:40.109938400,0.055938400,0
'2026-08-22 08:21:40.109943000,0.055943000,1
'2026-08-22 08:21:40.110363700,0.056363700,0
'2026-08-22 08:21:40.110366700,0.056366700,1
'2026-08-22 08:21:40.110380900,0.056380900,0
'2026-08-22 08:21:40.110392800,0.056392800,1
'2026-08-22 08:21:40.110407100,0.056407100,0
'2026-08-22 08:21:40.110418800,0.056418800,1
'2026-08-22 08:21:40.110433000,0.056433000,0
'2026-08-22 08:21:40.110444800,0.056444800,1
'2026-08-22 08:21:40.110459000,0.056459000,0
'2026-08-22 08:21:40.110470900,0.056470900,1
'2026-08-22 08:21:40.110485100,0.056485100,0
'2026-08-22 08:21:40.110496900,0.056496900,1
'2026-08-22 08:21:40.110511200,0.056511200,0
'2026-08-22 08:21:40.110513300,0.056513300,1
'2026-08-22 08:21:40.110513400,0.056513400,0
'2026-08-22 08:21:40.110523000,0.056523000,1
'2026-08-22 08:21:40.110537200,0.056537200,0
'2026-08-22 08:21:40.110549000,0.056549000,1
'2026-08-22 08:21:40.110563200,0.056563200,0
'2026-08-22 08:21:40.110575000,0.056575000,1
'2026-08-22 08:21:40.110589200,0.056589200,0
'2026-08-22 08:21:40.110589300,0.056589300,1
'2026-08-22 08:21:40.110589400,0.056589400,0
'2026-08-22 08:21:40.110601100,0.056601100,1
'2026-08-22 08:21:40.110615300,0.056615300,0
'2026-08-22 08:21:40.110627100,0.056627100,1
'2026-08-22 08:21:40.110641400,0.056641400,0
'2026-08-22 08:21:40.110653200,0.056653200,1
'2026-08-22 08:21:40.110667500,0.056667500,0
'2026-08-22 08:21:40.110679200,0.056679200,1
'2026-08-22 08:21:40.110693400,0.056693400,0
'2026-08-22 08:21:40.110705200,0.056705200,1
'2026-08-22 08:21:40.110719500,0.056719500,0
'2026-08-22 08:21:40.110731300,0.056731300,1
'2026-08-22 08:21:40.110745500,0.056745500,0
'2026-08-22 08:21:40.110757300,0.056757300,1
'2026-08-22 08:21:40.111188000,0.057188000,0
'2026-08-22 08:21:40.111199300,0.057199300,1
'2026-08-22 08:21:40.111199400,0.057199400,0
'2026-08-22 08:21:40.111199800,0.057199800,1
'2026-08-22 08:21:40.111214000,0.057214000,0
'2026-08-22 08:21:40.111225900,0.057225900,1
'2026-08-22 08:21:40.111240000,0.057240000,0
'2026-08-22 08:21:40.111240100,0.057240100,1
'2026-08-22 08:21:40.111240200,0.057240200,0
'2026-08-22 08:21:40.111251900,0.057251900,1
'2026-08-22 08:21:40.111266100,0.057266100,0
'2026-08-22 08:21:40.111277900,0.057277900,1
'2026-08-22 08:21:40.111292100,0.057292100,0
'2026-08-22 08:21:40.111304000,0.057304000,1
'2026-08-22 08:21:40.111318200,0.057318200,0
'2026-08-22 08:21:40.111330000,0.057330000,1
'2026-08-22 08:21:40.111344300,0.057344300,0
'2026-08-22 08:21:40.111356100,0.057356100,1
'2026-08-22 08:21:40.111370400,0.057370400,0
'2026-08-22 08:21:40.111370500,0.057370500,1
'2026-08-22 08:21:40.111370600,0.057370600,0
'2026-08-22 08:21:40.111382100,0.057382100,1
'2026-08-22 08:21:40.111396400,0.057396400,0
'2026-08-22 08:21:40.111408100,0.057408100,1
'2026-08-22 08:21:40.111422300,0.057422300,0
'2026-08-22 08:21:40.111422500,0.057422500,1
'2026-08-22 08:21:40.111422600,0.057422600,0
'2026-08-22 08:21:40.111434200,0.057434200,1
'2026-08-22 08:21:40.111448400,0.057448400,0
'2026-08-22 08:21:40.111460200,0.057460200,1
'2026-08-22 08:21:40.111474400,0.057474400,0
'2026-08-22 08:21:40.111481900,0.057481900,1
'2026-08-22 08:21:40.111482000,0.057482000,0
'2026-08-22 08:21:40.111486300,0.057486300,1
'2026-08-22 08:21:40.111500600,0.057500600,0
'2026-08-22 08:21:40.111500800,0.057500800,1
'2026-08-22 08:21:40.111500900,0.057500900,0
'2026-08-22 08:21:40.111512300,0.057512300,1
'2026-08-22 08:21:40.111526500,0.057526500,0
'2026-08-22 08:21:40.111538300,0.057538300,1
'2026-08-22 08:21:40.111552700,0.057552700,0
'2026-08-22 08:21:40.111564400,0.057564400,1
'2026-08-22 08:21:40.111578600,0.057578600,0
'2026-08-22 08:21:40.111590400,0.057590400,1
'2026-08-22 08:21:40.112021200,0.058021200,0
'2026-08-22 08:21:40.112032900,0.058032900,1
'2026-08-22 08:21:40.112047100,0.058047100,0
'2026-08-22 08:21:40.112047300,0.058047300,1
'2026-08-22 08:21:40.112047400,0.058047400,0
'2026-08-22 08:21:40.112059000,0.058059000,1
'2026-08-22 08:21:40.112073200,0.058073200,0
'2026-08-22 08:21:40.112073300,0.058073300,1
'2026-08-22 08:21:40.112073400,0.058073400,0
'2026-08-22 08:21:40.112085000,0.058085000,1
'2026-08-22 08:21:40.112099200,0.058099200,0
'2026-08-22 08:21:40.112106600,0.058106600,1
'2026-08-22 08:21:40.112106700,0.058106700,0
'2026-08-22 08:21:40.112111100,0.058111100,1
'2026-08-22 08:21:40.112125400,0.058125400,0
'2026-08-22 08:21:40.112137100,0.058137100,1
'2026-08-22 08:21:40.112151300,0.058151300,0
'2026-08-22 08:21:40.112151600,0.058151600,1
'2026-08-22 08:21:40.112151700,0.058151700,0
'2026-08-22 08:21:40.112163200,0.058163200,1
'2026-08-22 08:21:40.112177400,0.058177400,0
'2026-08-22 08:21:40.112189200,0.058189200,1
'2026-08-22 08:21:40.112203400,0.058203400,0
'2026-08-22 08:21:40.112215200,0.058215200,1
'2026-08-22 08:21:40.112229400,0.058229400,0
'2026-08-22 08:21:40.112241300,0.058241300,1
'2026-08-22 08:21:40.112255600,0.058255600,0
'2026-08-22 08:21:40.112267300,0.058267300,1
'2026-08-22 08:21:40.112281500,0.058281500,0
'2026-08-22 08:21:40.112293400,0.058293400,1
'2026-08-22 08:21:40.112307700,0.058307700,0
'2026-08-22 08:21:40.112319400,0.058319400,1
'2026-08-22 08:21:40.112333600,0.058333600,0
'2026-08-22 08:21:40.112345400,0.058345400,1
'2026-08-22 08:21:40.112359600,0.058359600,0
'2026-08-22 08:21:40.112371500,0.058371500,1
'2026-08-22 08:21:40.112385700,0.058385700,0
'2026-08-22 08:21:40.112397500,0.058397500,1
'2026-08-22 08:21:40.112411700,0.058411700,0
'2026-08-22 08:21:40.112416300,0.058416300,1
'2026-08-22 08:21:40.113635100,0.059635100,0
'2026-08-22 08:21:40.113647000,0.059647000,1
'2026-08-22 08:21:40.113661200,0.059661200,0
'2026-08-22 08:21:40.113673000,0.059673000,1
'2026-08-22 08:21:40.113687200,0.059687200,0
'2026-08-22 08:21:40.113699100,0.059699100,1
'2026-08-22 08:21:40.113713300,0.059713300,0
'2026-08-22 08:21:40.113725100,0.059725100,1
'2026-08-22 08:21:40.113739300,0.059739300,0
'2026-08-22 08:21:40.113751100,0.059751100,1
'2026-08-22 08:21:40.113765400,0.059765400,0
'2026-08-22 08:21:40.113777200,0.059777200,1
'2026-08-22 08:21:40.113791400,0.059791400,0
'2026-08-22 08:21:40.113803200,0.059803200,1
'2026-08-22 08:21:40.113817400,0.059817400,0
'2026-08-22 08:21:40.113829300,0.059829300,1
'2026-08-22 08:21:40.113843600,0.059843600,0
'2026-08-22 08:21:40.113855300,0.059855300,1
'2026-08-22 08:21:40.113869500,0.059869500,0
'2026-08-22 08:21:40.113881300,0.059881300,1
'2026-08-22 08:21:40.113895600,0.059895600,0
'2026-08-22 08:21:40.113907400,0.059907400,1
'2026-08-22 08:21:40.113921500,0.059921500,0
'2026-08-22 08:21:40.113933400,0.059933400,1
'2026-08-22 08:21:40.113947700,0.059947700,0
'2026-08-22 08:21:40.113959500,0.059959500,1
'2026-08-22 08:21:40.113973800,0.059973800,0
'2026-08-22 08:21:40.113985500,0.059985500,1
'2026-08-22 08:21:40.113999700,0.059999700,0
'2026-08-22 08:21:40.114011500,0.060011500,1
'2026-08-22 08:21:40.114025800,0.060025800,0
'2026-08-22 08:21:40.114035700,0.060035700,1
'2026-08-22 08:21:40.114448800,0.060448800,0
'2026-08-22 08:21:40.114454000,0.060454000,1
'2026-08-22 08:21:40.114468200,0.060468200,0
'2026-08-22 08:21:40.114480100,0.060480100,1
'2026-08-22 08:21:40.114494300,0.060494300,0
'2026-08-22 08:21:40.114506100,0.060506100,1
'2026-08-22 08:21:40.114520300,0.060520300,0
'2026-08-22 08:21:40.114532200,0.060532200,1
'2026-08-22 08:21:40.114546400,0.060546400,0
'2026-08-22 08:21:40.114558200,0.060558200,1
'2026-08-22 08:21:40.114572400,0.060572400,0
'2026-08-22 08:21:40.114584200,0.060584200,1
'2026-08-22 08:21:40.114598500,0.060598500,0
'2026-08-22 08:21:40.114610300,0.060610300,1
'2026-08-22 08:21:40.114624400,0.060624400,0
'2026-08-22 08:21:40.114636300,0.060636300,1
'2026-08-22 08:21:40.114650700,0.060650700,0
'2026-08-22 08:21:40.114662400,0.060662400,1
'2026-08-22 08:21:40.114676500,0.060676500,0
'2026-08-22 08:21:40.114688400,0.060688400,1
'2026-08-22 08:21:40.114702700,0.060702700,0
'2026-08-22 08:21:40.114714400,0.060714400,1
'2026-08-22 08:21:40.114728600,0.060728600,0
'2026-08-22 08:21:40.114730300,0.060730300,1
'2026-08-22 08:21:40.114730400,0.060730400,0
'2026-08-22 08:21:40.114740500,0.060740500,1
'2026-08-22 08:21:40.114754600,0.060754600,0
'2026-08-22 08:21:40.114766500,0.060766500,1
'2026-08-22 08:21:40.114780900,0.060780900,0
'2026-08-22 08:21:40.114792600,0.060792600,1
'2026-08-22 08:21:40.114806900,0.060806900,0
'2026-08-22 08:21:40.114818600,0.060818600,1
'2026-08-22 08:21:40.114832800,0.060832800,0
'2026-08-22 08:21:40.114844600,0.060844600,1
'2026-08-22 08:21:40.115275400,0.061275400,0
'2026-08-22 08:21:40.115287100,0.061287100,1
'2026-08-22 08:21:40.115301300,0.061301300,0
'2026-08-22 08:21:40.115313200,0.061313200,1
'2026-08-22 08:21:40.115327400,0.061327400,0
'2026-08-22 08:21:40.115339200,0.061339200,1
'2026-08-22 08:21:40.115353400,0.061353400,0
'2026-08-22 08:21:40.115365300,0.061365300,1
'2026-08-22 08:21:40.115379500,0.061379500,0
'2026-08-22 08:21:40.115391300,0.061391300,1
'2026-08-22 08:21:40.115405600,0.061405600,0
'2026-08-22 08:21:40.115417400,0.061417400,1
'2026-08-22 08:21:40.115431500,0.061431500,0
'2026-08-22 08:21:40.115443400,0.061443400,1
'2026-08-22 08:21:40.115457600,0.061457600,0
'2026-08-22 08:21:40.115469400,0.061469400,1
'2026-08-22 08:21:40.115483600,0.061483600,0
'2026-08-22 08:21:40.115486300,0.061486300,1
'2026-08-22 08:21:40.115486400,0.061486400,0
'2026-08-22 08:21:40.115495500,0.061495500,1
'2026-08-22 08:21:40.115509700,0.061509700,0
'2026-08-22 08:21:40.115521500,0.061521500,1
'2026-08-22 08:21:40.115535700,0.061535700,0
'2026-08-22 08:21:40.115547600,0.061547600,1
'2026-08-22 08:21:40.115561800,0.061561800,0
'2026-08-22 08:21:40.115573300,0.061573300,1
'2026-08-22 08:21:40.115573400,0.061573400,0
'2026-08-22 08:21:40.115573600,0.061573600,1
'2026-08-22 08:21:40.115587800,0.061587800,0
'2026-08-22 08:21:40.115599600,0.061599600,1
'2026-08-22 08:21:40.115613900,0.061613900,0
'2026-08-22 08:21:40.115625700,0.061625700,1
'2026-08-22 08:21:40.115640000,0.061640000,0
'2026-08-22 08:21:40.115651700,0.061651700,1
'2026-08-22 08:21:40.115666100,0.061666100,0
'2026-08-22 08:21:40.115677800,0.061677800,1
'2026-08-22 08:21:40.116092600,0.062092600,0
'2026-08-22 08:21:40.116092700,0.062092700,1
'2026-08-22 08:21:40.116092800,0.062092800,0
'2026-08-22 08:21:40.116094200,0.062094200,1
'2026-08-22 08:21:40.116108600,0.062108600,0
'2026-08-22 08:21:40.116120300,0.062120300,1
'2026-08-22 08:21:40.116134400,0.062134400,0
'2026-08-22 08:21:40.116146300,0.062146300,1
'2026-08-22 08:21:40.116160600,0.062160600,0
'2026-08-22 08:21:40.116172300,0.062172300,1
'2026-08-22 08:21:40.116186600,0.062186600,0
'2026-08-22 08:21:40.116198400,0.062198400,1
'2026-08-22 08:21:40.116212600,0.062212600,0
'2026-08-22 08:21:40.116224400,0.062224400,1
'2026-08-22 08:21:40.116238800,0.062238800,0
'2026-08-22 08:21:40.116250500,0.062250500,1
'2026-08-22 08:21:40.116264700,0.062264700,0
'2026-08-22 08:21:40.116276500,0.062276500,1
'2026-08-22 08:21:40.116290800,0.062290800,0
'2026-08-22 08:21:40.116302600,0.062302600,1
'2026-08-22 08:21:40.116316800,0.062316800,0
'2026-08-22 08:21:40.116325900,0.062325900,1
'2026-08-22 08:21:40.116326000,0.062326000,0
'2026-08-22 08:21:40.116328600,0.062328600,1
'2026-08-22 08:21:40.116342900,0.062342900,0
'2026-08-22 08:21:40.116354600,0.062354600,1
'2026-08-22 08:21:40.116369000,0.062369000,0
'2026-08-22 08:21:40.116380700,0.062380700,1
'2026-08-22 08:21:40.116395000,0.062395000,0
'2026-08-22 08:21:40.116406700,0.062406700,1
'2026-08-22 08:21:40.116421200,0.062421200,0
'2026-08-22 08:21:40.116432800,0.062432800,1
'2026-08-22 08:21:40.116447000,0.062447000,0
'2026-08-22 08:21:40.116458800,0.062458800,1
'2026-08-22 08:21:40.116473000,0.062473000,0
'2026-08-22 08:21:40.116473100,0.062473100,1
'2026-08-22 08:21:40.116473200,0.062473200,0
'2026-08-22 08:21:40.116484800,0.062484800,1
'2026-08-22 08:21:40.116499100,0.062499100,0
'2026-08-22 08:21:40.116501700,0.062501700,1
'2026-08-22 08:21:40.116919800,0.062919800,0
'2026-08-22 08:21:40.116927400,0.062927400,1
'2026-08-22 08:21:40.116941600,0.062941600,0
'2026-08-22 08:21:40.116941700,0.062941700,1
'2026-08-22 08:21:40.116941800,0.062941800,0
'2026-08-22 08:21:40.116953400,0.062953400,1
'2026-08-22 08:21:40.116967600,0.062967600,0
'2026-08-22 08:21:40.116979400,0.062979400,1
'2026-08-22 08:21:40.116993600,0.062993600,0
'2026-08-22 08:21:40.117005500,0.063005500,1
'2026-08-22 08:21:40.117019700,0.063019700,0
'2026-08-22 08:21:40.117031500,0.063031500,1
'2026-08-22 08:21:40.117045800,0.063045800,0
'2026-08-22 08:21:40.117057600,0.063057600,1
'2026-08-22 08:21:40.117071800,0.063071800,0
'2026-08-22 08:21:40.117083600,0.063083600,1
'2026-08-22 08:21:40.117097900,0.063097900,0
'2026-08-22 08:21:40.117109700,0.063109700,1
'2026-08-22 08:21:40.117123900,0.063123900,0
'2026-08-22 08:21:40.117135700,0.063135700,1
'2026-08-22 08:21:40.117149900,0.063149900,0
'2026-08-22 08:21:40.117161700,0.063161700,1
'2026-08-22 08:21:40.117175900,0.063175900,0
'2026-08-22 08:21:40.117187800,0.063187800,1
'2026-08-22 08:21:40.117202100,0.063202100,0
'2026-08-22 08:21:40.117213800,0.063213800,1
'2026-08-22 08:21:40.117228000,0.063228000,0
'2026-08-22 08:21:40.117239900,0.063239900,1
'2026-08-22 08:21:40.117254100,0.063254100,0
'2026-08-22 08:21:40.117265900,0.063265900,1
'2026-08-22 08:21:40.117280100,0.063280100,0
'2026-08-22 08:21:40.117291900,0.063291900,1
'2026-08-22 08:21:40.117306100,0.063306100,0
'2026-08-22 08:21:40.117306300,0.063306300,1
'2026-08-22 08:21:40.117306400,0.063306400,0
'2026-08-22 08:21:40.117318000,0.063318000,1
'2026-08-22 08:21:40.117748700,0.063748700,0
'2026-08-22 08:21:40.117760500,0.063760500,1
'2026-08-22 08:21:40.117774600,0.063774600,0
'2026-08-22 08:21:40.117786500,0.063786500,1
'2026-08-22 08:21:40.117800800,0.063800800,0
'2026-08-22 08:21:40.117812600,0.063812600,1
'2026-08-22 08:21:40.117826800,0.063826800,0
'2026-08-22 08:21:40.117838600,0.063838600,1
'2026-08-22 08:21:40.117852800,0.063852800,0
'2026-08-22 08:21:40.117864700,0.063864700,1
'2026-08-22 08:21:40.117878900,0.063878900,0
'2026-08-22 08:21:40.117890700,0.063890700,1
'2026-08-22 08:21:40.117905000,0.063905000,0
'2026-08-22 08:21:40.117916700,0.063916700,1
'2026-08-22 08:21:40.117931000,0.063931000,0
'2026-08-22 08:21:40.117942800,0.063942800,1
'2026-08-22 08:21:40.117956900,0.063956900,0
'2026-08-22 08:21:40.117968800,0.063968800,1
'2026-08-22 08:21:40.117983100,0.063983100,0
'2026-08-22 08:21:40.117994900,0.063994900,1
'2026-08-22 08:21:40.118009100,0.064009100,0
'2026-08-22 08:21:40.118020900,0.064020900,1
'2026-08-22 08:21:40.118035100,0.064035100,0
'2026-08-22 08:21:40.118046900,0.064046900,1
'2026-08-22 08:21:40.118061100,0.064061100,0
'2026-08-22 08:21:40.118073000,0.064073000,1
'2026-08-22 08:21:40.118087200,0.064087200,0
'2026-08-22 08:21:40.118099000,0.064099000,1
'2026-08-22 08:21:40.118113300,0.064113300,0
'2026-08-22 08:21:40.118125100,0.064125100,1
'2026-08-22 08:21:40.118139300,0.064139300,0
'2026-08-22 08:21:40.118150700,0.064150700,1
'2026-08-22 08:21:40.118563900,0.064563900,0
'2026-08-22 08:21:40.118567600,0.064567600,1
'2026-08-22 08:21:40.118581900,0.064581900,0
'2026-08-22 08:21:40.118593600,0.064593600,1
'2026-08-22 08:21:40.118607800,0.064607800,0
'2026-08-22 08:21:40.118608000,0.064608000,1
'2026-08-22 08:21:40.118608100,0.064608100,0
'2026-08-22 08:21:40.118619600,0.064619600,1
'2026-08-22 08:21:40.118633900,0.064633900,0
'2026-08-22 08:21:40.118645700,0.064645700,1
'2026-08-22 08:21:40.118659800,0.064659800,0
'2026-08-22 08:21:40.118671700,0.064671700,1
'2026-08-22 08:21:40.118686000,0.064686000,0
'2026-08-22 08:21:40.118697800,0.064697800,1
'2026-08-22 08:21:40.118712200,0.064712200,0
'2026-08-22 08:21:40.118723800,0.064723800,1
'2026-08-22 08:21:40.118738000,0.064738000,0
'2026-08-22 08:21:40.118749800,0.064749800,1
'2026-08-22 08:21:40.118764100,0.064764100,0
'2026-08-22 08:21:40.118775900,0.064775900,1
'2026-08-22 08:21:40.118790100,0.064790100,0
'2026-08-22 08:21:40.118801900,0.064801900,1
'2026-08-22 08:21:40.118816200,0.064816200,0
'2026-08-22 08:21:40.118828000,0.064828000,1
'2026-08-22 08:21:40.118842400,0.064842400,0
'2026-08-22 08:21:40.118854000,0.064854000,1
'2026-08-22 08:21:40.118868200,0.064868200,0
'2026-08-22 08:21:40.118880000,0.064880000,1
'2026-08-22 08:21:40.118894400,0.064894400,0
'2026-08-22 08:21:40.118906100,0.064906100,1
'2026-08-22 08:21:40.118920300,0.064920300,0
'2026-08-22 08:21:40.118932100,0.064932100,1
'2026-08-22 08:21:40.118946400,0.064946400,0
'2026-08-22 08:21:40.118958200,0.064958200,1
'2026-08-22 08:21:40.118972600,0.064972600,0
'2026-08-22 08:21:40.118972700,0.064972700,1
'2026-08-22 08:21:40.119393400,0.065393400,0
'2026-08-22 08:21:40.119400600,0.065400600,1
'2026-08-22 08:21:40.119414900,0.065414900,0
'2026-08-22 08:21:40.119426700,0.065426700,1
'2026-08-22 08:21:40.119441000,0.065441000,0
'2026-08-22 08:21:40.119452700,0.065452700,1
'2026-08-22 08:21:40.119467000,0.065467000,0
'2026-08-22 08:21:40.119478800,0.065478800,1
'2026-08-22 08:21:40.119493000,0.065493000,0
'2026-08-22 08:21:40.119504800,0.065504800,1
'2026-08-22 08:21:40.119519100,0.065519100,0
'2026-08-22 08:21:40.119530800,0.065530800,1
'2026-08-22 08:21:40.119545100,0.065545100,0
'2026-08-22 08:21:40.119556900,0.065556900,1
'2026-08-22 08:21:40.119571200,0.065571200,0
'2026-08-22 08:21:40.119582900,0.065582900,1
'2026-08-22 08:21:40.119597200,0.065597200,0
'2026-08-22 08:21:40.119609000,0.065609000,1
'2026-08-22 08:21:40.119623100,0.065623100,0
'2026-08-22 08:21:40.119623200,0.065623200,1
'2026-08-22 08:21:40.119623300,0.065623300,0
'2026-08-22 08:21:40.119635000,0.065635000,1
'2026-08-22 08:21:40.119649300,0.065649300,0
'2026-08-22 08:21:40.119661000,0.065661000,1
'2026-08-22 08:21:40.119675200,0.065675200,0
'2026-08-22 08:21:40.119687100,0.065687100,1
'2026-08-22 08:21:40.119701400,0.065701400,0
'2026-08-22 08:21:40.119713100,0.065713100,1
'2026-08-22 08:21:40.119727400,0.065727400,0
'2026-08-22 08:21:40.119739200,0.065739200,1
'2026-08-22 08:21:40.119753400,0.065753400,0
'2026-08-22 08:21:40.119765200,0.065765200,1
'2026-08-22 08:21:40.119779400,0.065779400,0
'2026-08-22 08:21:40.119791200,0.065791200,1
'2026-08-22 08:21:40.120222000,0.066222000,0
'2026-08-22 08:21:40.120222200,0.066222200,1
'2026-08-22 08:21:40.120222300,0.066222300,0
'2026-08-22 08:21:40.120233700,0.066233700,1
'2026-08-22 08:21:40.120247800,0.066247800,0
'2026-08-22 08:21:40.120259800,0.066259800,1
'2026-08-22 08:21:40.120274000,0.066274000,0
'2026-08-22 08:21:40.120285800,0.066285800,1
'2026-08-22 08:21:40.120300100,0.066300100,0
'2026-08-22 08:21:40.120311800,0.066311800,1
'2026-08-22 08:21:40.120326000,0.066326000,0
'2026-08-22 08:21:40.120337900,0.066337900,1
'2026-08-22 08:21:40.120352200,0.066352200,0
'2026-08-22 08:21:40.120363900,0.066363900,1
'2026-08-22 08:21:40.120378100,0.066378100,0
'2026-08-22 08:21:40.120390000,0.066390000,1
'2026-08-22 08:21:40.120404200,0.066404200,0
'2026-08-22 08:21:40.120416000,0.066416000,1
'2026-08-22 08:21:40.120430200,0.066430200,0
'2026-08-22 08:21:40.120430300,0.066430300,1
'2026-08-22 08:21:40.120430400,0.066430400,0
'2026-08-22 08:21:40.120442100,0.066442100,1
'2026-08-22 08:21:40.120456200,0.066456200,0
'2026-08-22 08:21:40.120456300,0.066456300,1
'2026-08-22 08:21:40.120456400,0.066456400,0
'2026-08-22 08:21:40.120468100,0.066468100,1
'2026-08-22 08:21:40.120482400,0.066482400,0
'2026-08-22 08:21:40.120494100,0.066494100,1
'2026-08-22 08:21:40.120508300,0.066508300,0
'2026-08-22 08:21:40.120520200,0.066520200,1
'2026-08-22 08:21:40.120534600,0.066534600,0
'2026-08-22 08:21:40.120546200,0.066546200,1
'2026-08-22 08:21:40.120560400,0.066560400,0
'2026-08-22 08:21:40.120572300,0.066572300,1
'2026-08-22 08:21:40.120586500,0.066586500,0
'2026-08-22 08:21:40.120598300,0.066598300,1
'2026-08-22 08:21:40.120612700,0.066612700,0
'2026-08-22 08:21:40.120624000,0.066624000,1
'2026-08-22 08:21:40.121835900,0.067835900,0
'2026-08-22 08:21:40.121847800,0.067847800,1
'2026-08-22 08:21:40.121862000,0.067862000,0
'2026-08-22 08:21:40.121873800,0.067873800,1
'2026-08-22 08:21:40.121888000,0.067888000,0
'2026-08-22 08:21:40.121899900,0.067899900,1
'2026-08-22 08:21:40.121914000,0.067914000,0
'2026-08-22 08:21:40.121925900,0.067925900,1
'2026-08-22 08:21:40.121940200,0.067940200,0
'2026-08-22 08:21:40.121951900,0.067951900,1
'2026-08-22 08:21:40.121966100,0.067966100,0
'2026-08-22 08:21:40.121967000,0.067967000,1
'2026-08-22 08:21:40.121967100,0.067967100,0
'2026-08-22 08:21:40.121978000,0.067978000,1
'2026-08-22 08:21:40.121992300,0.067992300,0
'2026-08-22 08:21:40.122004000,0.068004000,1
'2026-08-22 08:21:40.122018200,0.068018200,0
'2026-08-22 08:21:40.122030100,0.068030100,1
'2026-08-22 08:21:40.122044300,0.068044300,0
'2026-08-22 08:21:40.122056100,0.068056100,1
'2026-08-22 08:21:40.122070200,0.068070200,0
'2026-08-22 08:21:40.122082100,0.068082100,1
'2026-08-22 08:21:40.122096400,0.068096400,0
'2026-08-22 08:21:40.122108200,0.068108200,1
'2026-08-22 08:21:40.122122500,0.068122500,0
'2026-08-22 08:21:40.122134200,0.068134200,1
'2026-08-22 08:21:40.122148400,0.068148400,0
'2026-08-22 08:21:40.122160300,0.068160300,1
'2026-08-22 08:21:40.122174600,0.068174600,0
'2026-08-22 08:21:40.122186300,0.068186300,1
'2026-08-22 08:21:40.122200500,0.068200500,0
'2026-08-22 08:21:40.122212300,0.068212300,1
'2026-08-22 08:21:40.122226600,0.068226600,0
'2026-08-22 08:21:40.122238400,0.068238400,1
'2026-08-22 08:21:40.123450000,0.069450000,0
'2026-08-22 08:21:40.123450900,0.069450900,1
'2026-08-22 08:21:40.123451000,0.069451000,0
'2026-08-22 08:21:40.123461800,0.069461800,1
'2026-08-22 08:21:40.123475800,0.069475800,0
'2026-08-22 08:21:40.123475900,0.069475900,1
'2026-08-22 08:21:40.123476000,0.069476000,0
'2026-08-22 08:21:40.123487800,0.069487800,1
'2026-08-22 08:21:40.123502000,0.069502000,0
'2026-08-22 08:21:40.123513900,0.069513900,1
'2026-08-22 08:21:40.123528100,0.069528100,0
'2026-08-22 08:21:40.123539900,0.069539900,1
'2026-08-22 08:21:40.123554200,0.069554200,0
'2026-08-22 08:21:40.123566000,0.069566000,1
'2026-08-22 08:21:40.123580200,0.069580200,0
'2026-08-22 08:21:40.123592000,0.069592000,1
'2026-08-22 08:21:40.123606300,0.069606300,0
'2026-08-22 08:21:40.123618000,0.069618000,1
'2026-08-22 08:21:40.123632200,0.069632200,0
'2026-08-22 08:21:40.123632400,0.069632400,1
'2026-08-22 08:21:40.123632500,0.069632500,0
'2026-08-22 08:21:40.123644100,0.069644100,1
'2026-08-22 08:21:40.123658300,0.069658300,0
'2026-08-22 08:21:40.123670100,0.069670100,1
'2026-08-22 08:21:40.123684500,0.069684500,0
'2026-08-22 08:21:40.123696200,0.069696200,1
'2026-08-22 08:21:40.123710300,0.069710300,0
'2026-08-22 08:21:40.123722200,0.069722200,1
'2026-08-22 08:21:40.123736500,0.069736500,0
'2026-08-22 08:21:40.123748200,0.069748200,1
'2026-08-22 08:21:40.123762400,0.069762400,0
'2026-08-22 08:21:40.123774300,0.069774300,1
'2026-08-22 08:21:40.123788500,0.069788500,0
'2026-08-22 08:21:40.123800300,0.069800300,1
'2026-08-22 08:21:40.123814500,0.069814500,0
'2026-08-22 08:21:40.123826400,0.069826400,1
'2026-08-22 08:21:40.123840600,0.069840600,0
'2026-08-22 08:21:40.123852400,0.069852400,1
'2026-08-22 08:21:40.124283100,0.070283100,0
'2026-08-22 08:21:40.124294900,0.070294900,1
'2026-08-22 08:21:40.124309200,0.070309200,0
'2026-08-22 08:21:40.124321000,0.070321000,1
'2026-08-22 08:21:40.124335300,0.070335300,0
'2026-08-22 08:21:40.124347000,0.070347000,1
'2026-08-22 08:21:40.124361200,0.070361200,0
'2026-08-22 08:21:40.124373100,0.070373100,1
'2026-08-22 08:21:40.124387400,0.070387400,0
'2026-08-22 08:21:40.124399100,0.070399100,1
'2026-08-22 08:21:40.124413200,0.070413200,0
'2026-08-22 08:21:40.124425100,0.070425100,1
'2026-08-22 08:21:40.124439400,0.070439400,0
'2026-08-22 08:21:40.124451200,0.070451200,1
'2026-08-22 08:21:40.124465400,0.070465400,0
'2026-08-22 08:21:40.124477200,0.070477200,1
'2026-08-22 08:21:40.124491400,0.070491400,0
'2026-08-22 08:21:40.124503300,0.070503300,1
'2026-08-22 08:21:40.124517500,0.070517500,0
'2026-08-22 08:21:40.124529300,0.070529300,1
'2026-08-22 08:21:40.124543400,0.070543400,0
'2026-08-22 08:21:40.124543500,0.070543500,1
'2026-08-22 08:21:40.124543600,0.070543600,0
'2026-08-22 08:21:40.124555300,0.070555300,1
'2026-08-22 08:21:40.124569600,0.070569600,0
'2026-08-22 08:21:40.124581400,0.070581400,1
'2026-08-22 08:21:40.124595700,0.070595700,0
'2026-08-22 08:21:40.124600000,0.070600000,1
'2026-08-22 08:21:40.124600100,0.070600100,0
'2026-08-22 08:21:40.124607400,0.070607400,1
'2026-08-22 08:21:40.124621600,0.070621600,0
'2026-08-22 08:21:40.124633500,0.070633500,1
'2026-08-22 08:21:40.124647800,0.070647800,0
'2026-08-22 08:21:40.124659500,0.070659500,1
'2026-08-22 08:21:40.124673700,0.070673700,0
'2026-08-22 08:21:40.124676700,0.070676700,1
'2026-08-22 08:21:40.125097000,0.071097000,0
'2026-08-22 08:21:40.125102000,0.071102000,1
'2026-08-22 08:21:40.125116200,0.071116200,0
'2026-08-22 08:21:40.125128000,0.071128000,1
'2026-08-22 08:21:40.125142300,0.071142300,0
'2026-08-22 08:21:40.125154100,0.071154100,1
'2026-08-22 08:21:40.125168400,0.071168400,0
'2026-08-22 08:21:40.125180100,0.071180100,1
'2026-08-22 08:21:40.125194400,0.071194400,0
'2026-08-22 08:21:40.125206200,0.071206200,1
'2026-08-22 08:21:40.125220400,0.071220400,0
'2026-08-22 08:21:40.125220500,0.071220500,1
'2026-08-22 08:21:40.125220600,0.071220600,0
'2026-08-22 08:21:40.125232200,0.071232200,1
'2026-08-22 08:21:40.125246500,0.071246500,0
'2026-08-22 08:21:40.125258300,0.071258300,1
'2026-08-22 08:21:40.125272500,0.071272500,0
'2026-08-22 08:21:40.125284300,0.071284300,1
'2026-08-22 08:21:40.125298500,0.071298500,0
'2026-08-22 08:21:40.125310300,0.071310300,1
'2026-08-22 08:21:40.125324600,0.071324600,0
'2026-08-22 08:21:40.125336400,0.071336400,1
'2026-08-22 08:21:40.125350600,0.071350600,0
'2026-08-22 08:21:40.125362400,0.071362400,1
'2026-08-22 08:21:40.125376600,0.071376600,0
'2026-08-22 08:21:40.125380900,0.071380900,1
'2026-08-22 08:21:40.125381000,0.071381000,0
'2026-08-22 08:21:40.125388400,0.071388400,1
'2026-08-22 08:21:40.125402800,0.071402800,0
'2026-08-22 08:21:40.125414500,0.071414500,1
'2026-08-22 08:21:40.125428700,0.071428700,0
'2026-08-22 08:21:40.125440500,0.071440500,1
'2026-08-22 08:21:40.125454800,0.071454800,0
'2026-08-22 08:21:40.125466600,0.071466600,1
'2026-08-22 08:21:40.125480800,0.071480800,0
'2026-08-22 08:21:40.125492600,0.071492600,1
'2026-08-22 08:21:40.126730400,0.072730400,0
'2026-08-22 08:21:40.126742100,0.072742100,1
'2026-08-22 08:21:40.126756300,0.072756300,0
'2026-08-22 08:21:40.126768200,0.072768200,1
'2026-08-22 08:21:40.126782300,0.072782300,0
'2026-08-22 08:21:40.126782500,0.072782500,1
'2026-08-22 08:21:40.126782600,0.072782600,0
'2026-08-22 08:21:40.126794200,0.072794200,1
'2026-08-22 08:21:40.126808400,0.072808400,0
'2026-08-22 08:21:40.126820300,0.072820300,1
'2026-08-22 08:21:40.126834400,0.072834400,0
'2026-08-22 08:21:40.126846300,0.072846300,1
'2026-08-22 08:21:40.126860500,0.072860500,0
'2026-08-22 08:21:40.126872400,0.072872400,1
'2026-08-22 08:21:40.126886600,0.072886600,0
'2026-08-22 08:21:40.126898400,0.072898400,1
'2026-08-22 08:21:40.126912600,0.072912600,0
'2026-08-22 08:21:40.126924400,0.072924400,1
'2026-08-22 08:21:40.126938700,0.072938700,0
'2026-08-22 08:21:40.126950500,0.072950500,1
'2026-08-22 08:21:40.126964600,0.072964600,0
'2026-08-22 08:21:40.126976500,0.072976500,1
'2026-08-22 08:21:40.126990800,0.072990800,0
'2026-08-22 08:21:40.126991100,0.072991100,1
'2026-08-22 08:21:40.126991200,0.072991200,0
'2026-08-22 08:21:40.127002600,0.073002600,1
'2026-08-22 08:21:40.127016700,0.073016700,0
'2026-08-22 08:21:40.127028600,0.073028600,1
'2026-08-22 08:21:40.127042800,0.073042800,0
'2026-08-22 08:21:40.127054600,0.073054600,1
'2026-08-22 08:21:40.127068900,0.073068900,0
'2026-08-22 08:21:40.127080700,0.073080700,1
'2026-08-22 08:21:40.127094900,0.073094900,0
'2026-08-22 08:21:40.127106700,0.073106700,1
'2026-08-22 08:21:40.127538600,0.073538600,0
'2026-08-22 08:21:40.127549300,0.073549300,1
'2026-08-22 08:21:40.127563400,0.073563400,0
'2026-08-22 08:21:40.127575300,0.073575300,1
'2026-08-22 08:21:40.127589600,0.073589600,0
'2026-08-22 08:21:40.127601300,0.073601300,1
'2026-08-22 08:21:40.127615600,0.073615600,0
'2026-08-22 08:21:40.127627400,0.073627400,1
'2026-08-22 08:21:40.127641600,0.073641600,0
'2026-08-22 08:21:40.127653400,0.073653400,1
'2026-08-22 08:21:40.127667600,0.073667600,0
'2026-08-22 08:21:40.127679500,0.073679500,1
'2026-08-22 08:21:40.127693700,0.073693700,0
'2026-08-22 08:21:40.127705500,0.073705500,1
'2026-08-22 08:21:40.127719700,0.073719700,0
'2026-08-22 08:21:40.127731500,0.073731500,1
'2026-08-22 08:21:40.127745800,0.073745800,0
'2026-08-22 08:21:40.127757600,0.073757600,1
'2026-08-22 08:21:40.127771800,0.073771800,0
'2026-08-22 08:21:40.127771900,0.073771900,1
'2026-08-22 08:21:40.127772000,0.073772000,0
'2026-08-22 08:21:40.127783600,0.073783600,1
'2026-08-22 08:21:40.127797900,0.073797900,0
'2026-08-22 08:21:40.127809700,0.073809700,1
'2026-08-22 08:21:40.127824000,0.073824000,0
'2026-08-22 08:21:40.127835700,0.073835700,1
'2026-08-22 08:21:40.127849900,0.073849900,0
'2026-08-22 08:21:40.127861800,0.073861800,1
'2026-08-22 08:21:40.127876000,0.073876000,0
'2026-08-22 08:21:40.127887800,0.073887800,1
'2026-08-22 08:21:40.127902000,0.073902000,0
'2026-08-22 08:21:40.127913800,0.073913800,1
'2026-08-22 08:21:40.127928100,0.073928100,0
'2026-08-22 08:21:40.127939900,0.073939900,1
'2026-08-22 08:21:40.128370500,0.074370500,0
'2026-08-22 08:21:40.128382400,0.074382400,1
'2026-08-22 08:21:40.128396600,0.074396600,0
'2026-08-22 08:21:40.128396700,0.074396700,1
'2026-08-22 08:21:40.128396800,0.074396800,0
'2026-08-22 08:21:40.128408400,0.074408400,1
'2026-08-22 08:21:40.128422700,0.074422700,0
'2026-08-22 08:21:40.128434500,0.074434500,1
'2026-08-22 08:21:40.128448800,0.074448800,0
'2026-08-22 08:21:40.128460500,0.074460500,1
'2026-08-22 08:21:40.128474900,0.074474900,0
'2026-08-22 08:21:40.128486600,0.074486600,1
'2026-08-22 08:21:40.128500800,0.074500800,0
'2026-08-22 08:21:40.128512600,0.074512600,1
'2026-08-22 08:21:40.128526800,0.074526800,0
'2026-08-22 08:21:40.128538600,0.074538600,1
'2026-08-22 08:21:40.128552900,0.074552900,0
'2026-08-22 08:21:40.128564700,0.074564700,1
'2026-08-22 08:21:40.128579100,0.074579100,0
'2026-08-22 08:21:40.128590700,0.074590700,1
'2026-08-22 08:21:40.128604900,0.074604900,0
'2026-08-22 08:21:40.128611100,0.074611100,1
'2026-08-22 08:21:40.128611200,0.074611200,0
'2026-08-22 08:21:40.128616800,0.074616800,1
'2026-08-22 08:21:40.128631000,0.074631000,0
'2026-08-22 08:21:40.128642800,0.074642800,1
'2026-08-22 08:21:40.128657000,0.074657000,0
'2026-08-22 08:21:40.128668800,0.074668800,1
'2026-08-22 08:21:40.128683100,0.074683100,0
'2026-08-22 08:21:40.128689000,0.074689000,1
'2026-08-22 08:21:40.128689100,0.074689100,0
'2026-08-22 08:21:40.128694900,0.074694900,1
'2026-08-22 08:21:40.128709200,0.074709200,0
'2026-08-22 08:21:40.128720900,0.074720900,1
'2026-08-22 08:21:40.128735200,0.074735200,0
'2026-08-22 08:21:40.128747000,0.074747000,1
'2026-08-22 08:21:40.128761300,0.074761300,0
'2026-08-22 08:21:40.128769600,0.074769600,1
'2026-08-22 08:21:40.129182600,0.075182600,0
'2026-08-22 08:21:40.129189500,0.075189500,1
'2026-08-22 08:21:40.129203700,0.075203700,0
'2026-08-22 08:21:40.129215500,0.075215500,1
'2026-08-22 08:21:40.129229800,0.075229800,0
'2026-08-22 08:21:40.129241600,0.075241600,1
'2026-08-22 08:21:40.129255900,0.075255900,0
'2026-08-22 08:21:40.129267600,0.075267600,1
'2026-08-22 08:21:40.129281800,0.075281800,0
'2026-08-22 08:21:40.129293600,0.075293600,1
'2026-08-22 08:21:40.129307800,0.075307800,0
'2026-08-22 08:21:40.129319700,0.075319700,1
'2026-08-22 08:21:40.129334100,0.075334100,0
'2026-08-22 08:21:40.129345700,0.075345700,1
'2026-08-22 08:21:40.129359900,0.075359900,0
'2026-08-22 08:21:40.129371800,0.075371800,1
'2026-08-22 08:21:40.129386100,0.075386100,0
'2026-08-22 08:21:40.129397800,0.075397800,1
'2026-08-22 08:21:40.129412000,0.075412000,0
'2026-08-22 08:21:40.129423800,0.075423800,1
'2026-08-22 08:21:40.129438100,0.075438100,0
'2026-08-22 08:21:40.129440300,0.075440300,1
'2026-08-22 08:21:40.129440400,0.075440400,0
'2026-08-22 08:21:40.129449900,0.075449900,1
'2026-08-22 08:21:40.129464100,0.075464100,0
'2026-08-22 08:21:40.129464200,0.075464200,1
'2026-08-22 08:21:40.129464300,0.075464300,0
'2026-08-22 08:21:40.129475900,0.075475900,1
'2026-08-22 08:21:40.129490100,0.075490100,0
'2026-08-22 08:21:40.129502000,0.075502000,1
'2026-08-22 08:21:40.129516300,0.075516300,0
'2026-08-22 08:21:40.129528000,0.075528000,1
'2026-08-22 08:21:40.129542200,0.075542200,0
'2026-08-22 08:21:40.129554000,0.075554000,1
'2026-08-22 08:21:40.129568300,0.075568300,0
'2026-08-22 08:21:40.129580100,0.075580100,1
'2026-08-22 08:21:40.130010700,0.076010700,0
'2026-08-22 08:21:40.130010800,0.076010800,1
'2026-08-22 08:21:40.130010900,0.076010900,0
'2026-08-22 08:21:40.130022600,0.076022600,1
'2026-08-22 08:21:40.130036900,0.076036900,0
'2026-08-22 08:21:40.130048600,0.076048600,1
'2026-08-22 08:21:40.130062800,0.076062800,0
'2026-08-22 08:21:40.130074700,0.076074700,1
'2026-08-22 08:21:40.130089000,0.076089000,0
'2026-08-22 08:21:40.130098800,0.076098800,1
'2026-08-22 08:21:40.130098900,0.076098900,0
'2026-08-22 08:21:40.130100700,0.076100700,1
'2026-08-22 08:21:40.130114900,0.076114900,0
'2026-08-22 08:21:40.130126800,0.076126800,1
'2026-08-22 08:21:40.130141100,0.076141100,0
'2026-08-22 08:21:40.130152800,0.076152800,1
'2026-08-22 08:21:40.130166900,0.076166900,0
'2026-08-22 08:21:40.130178800,0.076178800,1
'2026-08-22 08:21:40.130193000,0.076193000,0
'2026-08-22 08:21:40.130204900,0.076204900,1
'2026-08-22 08:21:40.130219200,0.076219200,0
'2026-08-22 08:21:40.130230900,0.076230900,1
'2026-08-22 08:21:40.130245100,0.076245100,0
'2026-08-22 08:21:40.130257000,0.076257000,1
'2026-08-22 08:21:40.130271400,0.076271400,0
'2026-08-22 08:21:40.130283000,0.076283000,1
'2026-08-22 08:21:40.130297200,0.076297200,0
'2026-08-22 08:21:40.130309000,0.076309000,1
'2026-08-22 08:21:40.130323300,0.076323300,0
'2026-08-22 08:21:40.130335100,0.076335100,1
'2026-08-22 08:21:40.130349300,0.076349300,0
'2026-08-22 08:21:40.130361100,0.076361100,1
'2026-08-22 08:21:40.130375300,0.076375300,0
'2026-08-22 08:21:40.130383700,0.076383700,1
'2026-08-22 08:21:40.130383800,0.076383800,0
'2026-08-22 08:21:40.130387200,0.076387200,1
'2026-08-22 08:21:40.130401500,0.076401500,0
'2026-08-22 08:21:40.130413200,0.076413200,1
'2026-08-22 08:21:40.130843900,0.076843900,0
'2026-08-22 08:21:40.130855700,0.076855700,1
'2026-08-22 08:21:40.130870000,0.076870000,0
'2026-08-22 08:21:40.130881800,0.076881800,1
'2026-08-22 08:21:40.130896100,0.076896100,0
'2026-08-22 08:21:40.130907800,0.076907800,1
'2026-08-22 08:21:40.130922000,0.076922000,0
'2026-08-22 08:21:40.130933800,0.076933800,1
'2026-08-22 08:21:40.130948000,0.076948000,0
'2026-08-22 08:21:40.130959900,0.076959900,1
'2026-08-22 08:21:40.130974000,0.076974000,0
'2026-08-22 08:21:40.130985900,0.076985900,1
'2026-08-22 08:21:40.131000200,0.077000200,0
'2026-08-22 08:21:40.131012000,0.077012000,1
'2026-08-22 08:21:40.131026200,0.077026200,0
'2026-08-22 08:21:40.131038000,0.077038000,1
'2026-08-22 08:21:40.131052300,0.077052300,0
'2026-08-22 08:21:40.131064000,0.077064000,1
'2026-08-22 08:21:40.131078200,0.077078200,0
'2026-08-22 08:21:40.131083100,0.077083100,1
'2026-08-22 08:21:40.131083200,0.077083200,0
'2026-08-22 08:21:40.131090100,0.077090100,1
'2026-08-22 08:21:40.131104400,0.077104400,0
'2026-08-22 08:21:40.131116100,0.077116100,1
'2026-08-22 08:21:40.131130400,0.077130400,0
'2026-08-22 08:21:40.131142200,0.077142200,1
'2026-08-22 08:21:40.131156600,0.077156600,0
'2026-08-22 08:21:40.131168200,0.077168200,1
'2026-08-22 08:21:40.131182500,0.077182500,0
'2026-08-22 08:21:40.131194200,0.077194200,1
'2026-08-22 08:21:40.131208600,0.077208600,0
'2026-08-22 08:21:40.131220300,0.077220300,1
'2026-08-22 08:21:40.131234600,0.077234600,0
'2026-08-22 08:21:40.131235600,0.077235600,1
'2026-08-22 08:21:40.131655900,0.077655900,0
'2026-08-22 08:21:40.131657900,0.077657900,1
'2026-08-22 08:21:40.131658000,0.077658000,0
'2026-08-22 08:21:40.131662800,0.077662800,1
'2026-08-22 08:21:40.131677000,0.077677000,0
'2026-08-22 08:21:40.131688800,0.077688800,1
'2026-08-22 08:21:40.131703000,0.077703000,0
'2026-08-22 08:21:40.131714900,0.077714900,1
'2026-08-22 08:21:40.131729200,0.077729200,0
'2026-08-22 08:21:40.131740900,0.077740900,1
'2026-08-22 08:21:40.131755100,0.077755100,0
'2026-08-22 08:21:40.131766900,0.077766900,1
'2026-08-22 08:21:40.131781200,0.077781200,0
'2026-08-22 08:21:40.131785700,0.077785700,1
'2026-08-22 08:21:40.131785800,0.077785800,0
'2026-08-22 08:21:40.131793000,0.077793000,1
'2026-08-22 08:21:40.131807300,0.077807300,0
'2026-08-22 08:21:40.131819000,0.077819000,1
'2026-08-22 08:21:40.131833300,0.077833300,0
'2026-08-22 08:21:40.131845100,0.077845100,1
'2026-08-22 08:21:40.131859500,0.077859500,0
'2026-08-22 08:21:40.131871100,0.077871100,1
'2026-08-22 08:21:40.131885300,0.077885300,0
'2026-08-22 08:21:40.131897200,0.077897200,1
'2026-08-22 08:21:40.131911500,0.077911500,0
'2026-08-22 08:21:40.131923200,0.077923200,1
'2026-08-22 08:21:40.131937400,0.077937400,0
'2026-08-22 08:21:40.131949200,0.077949200,1
'2026-08-22 08:21:40.131963500,0.077963500,0
'2026-08-22 08:21:40.131975300,0.077975300,1
'2026-08-22 08:21:40.131989400,0.077989400,0
'2026-08-22 08:21:40.131989600,0.077989600,1
'2026-08-22 08:21:40.131989700,0.077989700,0
'2026-08-22 08:21:40.132001300,0.078001300,1
'2026-08-22 08:21:40.132015500,0.078015500,0
'2026-08-22 08:21:40.132027300,0.078027300,1
'2026-08-22 08:21:40.132041700,0.078041700,0
'2026-08-22 08:21:40.132047600,0.078047600,1
'2026-08-22 08:21:40.132047700,0.078047700,0
'2026-08-22 08:21:40.132053400,0.078053400,1
'2026-08-22 08:21:40.133275300,0.079275300,0
'2026-08-22 08:21:40.133276900,0.079276900,1
'2026-08-22 08:21:40.133291100,0.079291100,0
'2026-08-22 08:21:40.133302900,0.079302900,1
'2026-08-22 08:21:40.133317200,0.079317200,0
'2026-08-22 08:21:40.133329000,0.079329000,1
'2026-08-22 08:21:40.133343200,0.079343200,0
'2026-08-22 08:21:40.133351500,0.079351500,1
'2026-08-22 08:21:40.133351600,0.079351600,0
'2026-08-22 08:21:40.133355000,0.079355000,1
'2026-08-22 08:21:40.133369300,0.079369300,0
'2026-08-22 08:21:40.133381000,0.079381000,1
'2026-08-22 08:21:40.133395200,0.079395200,0
'2026-08-22 08:21:40.133407100,0.079407100,1
'2026-08-22 08:21:40.133421300,0.079421300,0
'2026-08-22 08:21:40.133433100,0.079433100,1
'2026-08-22 08:21:40.133447300,0.079447300,0
'2026-08-22 08:21:40.133459200,0.079459200,1
'2026-08-22 08:21:40.133473400,0.079473400,0
'2026-08-22 08:21:40.133485200,0.079485200,1
'2026-08-22 08:21:40.133499400,0.079499400,0
'2026-08-22 08:21:40.133511200,0.079511200,1
'2026-08-22 08:21:40.133525400,0.079525400,0
'2026-08-22 08:21:40.133528800,0.079528800,1
'2026-08-22 08:21:40.133528900,0.079528900,0
'2026-08-22 08:21:40.133537300,0.079537300,1
'2026-08-22 08:21:40.133551600,0.079551600,0
'2026-08-22 08:21:40.133563300,0.079563300,1
'2026-08-22 08:21:40.133577600,0.079577600,0
'2026-08-22 08:21:40.133589400,0.079589400,1
'2026-08-22 08:21:40.133603700,0.079603700,0
'2026-08-22 08:21:40.133615400,0.079615400,1
'2026-08-22 08:21:40.133629800,0.079629800,0
'2026-08-22 08:21:40.133641500,0.079641500,1
'2026-08-22 08:21:40.133655700,0.079655700,0
'2026-08-22 08:21:40.133667500,0.079667500,1
'2026-08-22 08:21:40.134098200,0.080098200,0
'2026-08-22 08:21:40.134110000,0.080110000,1
'2026-08-22 08:21:40.134124300,0.080124300,0
'2026-08-22 08:21:40.134134700,0.080134700,1
'2026-08-22 08:21:40.134134800,0.080134800,0
'2026-08-22 08:21:40.134136100,0.080136100,1
'2026-08-22 08:21:40.134150300,0.080150300,0
'2026-08-22 08:21:40.134162100,0.080162100,1
'2026-08-22 08:21:40.134176300,0.080176300,0
'2026-08-22 08:21:40.134188200,0.080188200,1
'2026-08-22 08:21:40.134202500,0.080202500,0
'2026-08-22 08:21:40.134214200,0.080214200,1
'2026-08-22 08:21:40.134228400,0.080228400,0
'2026-08-22 08:21:40.134240200,0.080240200,1
'2026-08-22 08:21:40.134254500,0.080254500,0
'2026-08-22 08:21:40.134255700,0.080255700,1
'2026-08-22 08:21:40.134255800,0.080255800,0
'2026-08-22 08:21:40.134266300,0.080266300,1
'2026-08-22 08:21:40.134280500,0.080280500,0
'2026-08-22 08:21:40.134292300,0.080292300,1
'2026-08-22 08:21:40.134306600,0.080306600,0
'2026-08-22 08:21:40.134318400,0.080318400,1
'2026-08-22 08:21:40.134332500,0.080332500,0
'2026-08-22 08:21:40.134332800,0.080332800,1
'2026-08-22 08:21:40.134332900,0.080332900,0
'2026-08-22 08:21:40.134344400,0.080344400,1
'2026-08-22 08:21:40.134358500,0.080358500,0
'2026-08-22 08:21:40.134370500,0.080370500,1
'2026-08-22 08:21:40.134384800,0.080384800,0
'2026-08-22 08:21:40.134396500,0.080396500,1
'2026-08-22 08:21:40.134410700,0.080410700,0
'2026-08-22 08:21:40.134422500,0.080422500,1
'2026-08-22 08:21:40.134436900,0.080436900,0
'2026-08-22 08:21:40.134448600,0.080448600,1
'2026-08-22 08:21:40.134462800,0.080462800,0
'2026-08-22 08:21:40.134474600,0.080474600,1
'2026-08-22 08:21:40.134488900,0.080488900,0
'2026-08-22 08:21:40.134500700,0.080500700,1
'2026-08-22 08:21:40.134931400,0.080931400,0
'2026-08-22 08:21:40.134943200,0.080943200,1
'2026-08-22 08:21:40.134957400,0.080957400,0
'2026-08-22 08:21:40.134969200,0.080969200,1
'2026-08-22 08:21:40.134983400,0.080983400,0
'2026-08-22 08:21:40.134995200,0.080995200,1
'2026-08-22 08:21:40.135009700,0.081009700,0
'2026-08-22 08:21:40.135021300,0.081021300,1
'2026-08-22 08:21:40.135035500,0.081035500,0
'2026-08-22 08:21:40.135038200,0.081038200,1
'2026-08-22 08:21:40.135038300,0.081038300,0
'2026-08-22 08:21:40.135047300,0.081047300,1
'2026-08-22 08:21:40.135061600,0.081061600,0
'2026-08-22 08:21:40.135073400,0.081073400,1
'2026-08-22 08:21:40.135087600,0.081087600,0
'2026-08-22 08:21:40.135099400,0.081099400,1
'2026-08-22 08:21:40.135113500,0.081113500,0
'2026-08-22 08:21:40.135125500,0.081125500,1
'2026-08-22 08:21:40.135139700,0.081139700,0
'2026-08-22 08:21:40.135139900,0.081139900,1
'2026-08-22 08:21:40.135140000,0.081140000,0
'2026-08-22 08:21:40.135151500,0.081151500,1
'2026-08-22 08:21:40.135165700,0.081165700,0
'2026-08-22 08:21:40.135177500,0.081177500,1
'2026-08-22 08:21:40.135191800,0.081191800,0
'2026-08-22 08:21:40.135191900,0.081191900,1
'2026-08-22 08:21:40.135192000,0.081192000,0
'2026-08-22 08:21:40.135203600,0.081203600,1
'2026-08-22 08:21:40.135217800,0.081217800,0
'2026-08-22 08:21:40.135229600,0.081229600,1
'2026-08-22 08:21:40.135243900,0.081243900,0
'2026-08-22 08:21:40.135255700,0.081255700,1
'2026-08-22 08:21:40.135269900,0.081269900,0
'2026-08-22 08:21:40.135281700,0.081281700,1
'2026-08-22 08:21:40.135296000,0.081296000,0
'2026-08-22 08:21:40.135307700,0.081307700,1
'2026-08-22 08:21:40.135321900,0.081321900,0
'2026-08-22 08:21:40.135328400,0.081328400,1
'2026-08-22 08:21:40.135741400,0.081741400,0
'2026-08-22 08:21:40.135750200,0.081750200,1
'2026-08-22 08:21:40.135764600,0.081764600,0
'2026-08-22 08:21:40.135776300,0.081776300,1
'2026-08-22 08:21:40.135790400,0.081790400,0
'2026-08-22 08:21:40.135802300,0.081802300,1
'2026-08-22 08:21:40.135816600,0.081816600,0
'2026-08-22 08:21:40.135828400,0.081828400,1
'2026-08-22 08:21:40.135842500,0.081842500,0
'2026-08-22 08:21:40.135854400,0.081854400,1
'2026-08-22 08:21:40.135868600,0.081868600,0
'2026-08-22 08:21:40.135880400,0.081880400,1
'2026-08-22 08:21:40.135894600,0.081894600,0
'2026-08-22 08:21:40.135906500,0.081906500,1
'2026-08-22 08:21:40.135920700,0.081920700,0
'2026-08-22 08:21:40.135932500,0.081932500,1
'2026-08-22 08:21:40.135946800,0.081946800,0
'2026-08-22 08:21:40.135958600,0.081958600,1
'2026-08-22 08:21:40.135972800,0.081972800,0
'2026-08-22 08:21:40.135984600,0.081984600,1
'2026-08-22 08:21:40.135998800,0.081998800,0
'2026-08-22 08:21:40.136010600,0.082010600,1
'2026-08-22 08:21:40.136024900,0.082024900,0
'2026-08-22 08:21:40.136036700,0.082036700,1
'2026-08-22 08:21:40.136050900,0.082050900,0
'2026-08-22 08:21:40.136062700,0.082062700,1
'2026-08-22 08:21:40.136077000,0.082077000,0
'2026-08-22 08:21:40.136088800,0.082088800,1
'2026-08-22 08:21:40.136103000,0.082103000,0
'2026-08-22 08:21:40.136114800,0.082114800,1
'2026-08-22 08:21:40.136129100,0.082129100,0
'2026-08-22 08:21:40.136140800,0.082140800,1
'2026-08-22 08:21:40.136571500,0.082571500,0
'2026-08-22 08:21:40.136583300,0.082583300,1
'2026-08-22 08:21:40.136597600,0.082597600,0
'2026-08-22 08:21:40.136609400,0.082609400,1
'2026-08-22 08:21:40.136623500,0.082623500,0
'2026-08-22 08:21:40.136635400,0.082635400,1
'2026-08-22 08:21:40.136649700,0.082649700,0
'2026-08-22 08:21:40.136661500,0.082661500,1
'2026-08-22 08:21:40.136675700,0.082675700,0
'2026-08-22 08:21:40.136675900,0.082675900,1
'2026-08-22 08:21:40.136676000,0.082676000,0
'2026-08-22 08:21:40.136687500,0.082687500,1
'2026-08-22 08:21:40.136701800,0.082701800,0
'2026-08-22 08:21:40.136713500,0.082713500,1
'2026-08-22 08:21:40.136728000,0.082728000,0
'2026-08-22 08:21:40.136739600,0.082739600,1
'2026-08-22 08:21:40.136753700,0.082753700,0
'2026-08-22 08:21:40.136765600,0.082765600,1
'2026-08-22 08:21:40.136780000,0.082780000,0
'2026-08-22 08:21:40.136791700,0.082791700,1
'2026-08-22 08:21:40.136805900,0.082805900,0
'2026-08-22 08:21:40.136817700,0.082817700,1
'2026-08-22 08:21:40.136832000,0.082832000,0
'2026-08-22 08:21:40.136843700,0.082843700,1
'2026-08-22 08:21:40.136858000,0.082858000,0
'2026-08-22 08:21:40.136869800,0.082869800,1
'2026-08-22 08:21:40.136883900,0.082883900,0
'2026-08-22 08:21:40.136895800,0.082895800,1
'2026-08-22 08:21:40.136910100,0.082910100,0
'2026-08-22 08:21:40.136910200,0.082910200,1
'2026-08-22 08:21:40.136910400,0.082910400,0
'2026-08-22 08:21:40.136921900,0.082921900,1
'2026-08-22 08:21:40.136936100,0.082936100,0
'2026-08-22 08:21:40.136947900,0.082947900,1
'2026-08-22 08:21:40.136962100,0.082962100,0
'2026-08-22 08:21:40.136972400,0.082972400,1
'2026-08-22 08:21:40.137404600,0.083404600,0
'2026-08-22 08:21:40.137416400,0.083416400,1
'2026-08-22 08:21:40.137430800,0.083430800,0
'2026-08-22 08:21:40.137442400,0.083442400,1
'2026-08-22 08:21:40.137456600,0.083456600,0
'2026-08-22 08:21:40.137468500,0.083468500,1
'2026-08-22 08:21:40.137482800,0.083482800,0
'2026-08-22 08:21:40.137494500,0.083494500,1
'2026-08-22 08:21:40.137508700,0.083508700,0
'2026-08-22 08:21:40.137520600,0.083520600,1
'2026-08-22 08:21:40.137534800,0.083534800,0
'2026-08-22 08:21:40.137546600,0.083546600,1
'2026-08-22 08:21:40.137560800,0.083560800,0
'2026-08-22 08:21:40.137572600,0.083572600,1
'2026-08-22 08:21:40.137586800,0.083586800,0
'2026-08-22 08:21:40.137598700,0.083598700,1
'2026-08-22 08:21:40.137613000,0.083613000,0
'2026-08-22 08:21:40.137624700,0.083624700,1
'2026-08-22 08:21:40.137638900,0.083638900,0
'2026-08-22 08:21:40.137650800,0.083650800,1
'2026-08-22 08:21:40.137665000,0.083665000,0
'2026-08-22 08:21:40.137676800,0.083676800,1
'2026-08-22 08:21:40.137691000,0.083691000,0
'2026-08-22 08:21:40.137702800,0.083702800,1
'2026-08-22 08:21:40.137717000,0.083717000,0
'2026-08-22 08:21:40.137728900,0.083728900,1
'2026-08-22 08:21:40.137743300,0.083743300,0
'2026-08-22 08:21:40.137754900,0.083754900,1
'2026-08-22 08:21:40.137769200,0.083769200,0
'2026-08-22 08:21:40.137781000,0.083781000,1
'2026-08-22 08:21:40.137795100,0.083795100,0
'2026-08-22 08:21:40.137802000,0.083802000,1
'2026-08-22 08:21:40.138215100,0.084215100,0
'2026-08-22 08:21:40.138223400,0.084223400,1
'2026-08-22 08:21:40.138237600,0.084237600,0
'2026-08-22 08:21:40.138249500,0.084249500,1
'2026-08-22 08:21:40.138263800,0.084263800,0
'2026-08-22 08:21:40.138275500,0.084275500,1
'2026-08-22 08:21:40.138289800,0.084289800,0
'2026-08-22 08:21:40.138301600,0.084301600,1
'2026-08-22 08:21:40.138315800,0.084315800,0
'2026-08-22 08:21:40.138327600,0.084327600,1
'2026-08-22 08:21:40.138341800,0.084341800,0
'2026-08-22 08:21:40.138353700,0.084353700,1
'2026-08-22 08:21:40.138367900,0.084367900,0
'2026-08-22 08:21:40.138379700,0.084379700,1
'2026-08-22 08:21:40.138394000,0.084394000,0
'2026-08-22 08:21:40.138405700,0.084405700,1
'2026-08-22 08:21:40.138419900,0.084419900,0
'2026-08-22 08:21:40.138431800,0.084431800,1
'2026-08-22 08:21:40.138446100,0.084446100,0
'2026-08-22 08:21:40.138457800,0.084457800,1
'2026-08-22 08:21:40.138472000,0.084472000,0
'2026-08-22 08:21:40.138483900,0.084483900,1
'2026-08-22 08:21:40.138498100,0.084498100,0
'2026-08-22 08:21:40.138509900,0.084509900,1
'2026-08-22 08:21:40.138524200,0.084524200,0
'2026-08-22 08:21:40.138535900,0.084535900,1
'2026-08-22 08:21:40.138550200,0.084550200,0
'2026-08-22 08:21:40.138550300,0.084550300,1
'2026-08-22 08:21:40.138550500,0.084550500,0
'2026-08-22 08:21:40.138562000,0.084562000,1
'2026-08-22 08:21:40.138576300,0.084576300,0
'2026-08-22 08:21:40.138588000,0.084588000,1
'2026-08-22 08:21:40.138602300,0.084602300,0
'2026-08-22 08:21:40.138614000,0.084614000,1
'2026-08-22 08:21:40.139044700,0.085044700,0
'2026-08-22 08:21:40.139056500,0.085056500,1
'2026-08-22 08:21:40.139070800,0.085070800,0
'2026-08-22 08:21:40.139070900,0.085070900,1
'2026-08-22 08:21:40.139071000,0.085071000,0
'2026-08-22 08:21:40.139082600,0.085082600,1
'2026-08-22 08:21:40.139096700,0.085096700,0
'2026-08-22 08:21:40.139108600,0.085108600,1
'2026-08-22 08:21:40.139122900,0.085122900,0
'2026-08-22 08:21:40.139134700,0.085134700,1
'2026-08-22 08:21:40.139149000,0.085149000,0
'2026-08-22 08:21:40.139160700,0.085160700,1
'2026-08-22 08:21:40.139175000,0.085175000,0
'2026-08-22 08:21:40.139186800,0.085186800,1
'2026-08-22 08:21:40.139201200,0.085201200,0
'2026-08-22 08:21:40.139212800,0.085212800,1
'2026-08-22 08:21:40.139227000,0.085227000,0
'2026-08-22 08:21:40.139238800,0.085238800,1
'2026-08-22 08:21:40.139253200,0.085253200,0
'2026-08-22 08:21:40.139264900,0.085264900,1
'2026-08-22 08:21:40.139279000,0.085279000,0
'2026-08-22 08:21:40.139284700,0.085284700,1
'2026-08-22 08:21:40.139284800,0.085284800,0
'2026-08-22 08:21:40.139290900,0.085290900,1
'2026-08-22 08:21:40.139305200,0.085305200,0
'2026-08-22 08:21:40.139317000,0.085317000,1
'2026-08-22 08:21:40.139331200,0.085331200,0
'2026-08-22 08:21:40.139343000,0.085343000,1
'2026-08-22 08:21:40.139357200,0.085357200,0
'2026-08-22 08:21:40.139369000,0.085369000,1
'2026-08-22 08:21:40.139383400,0.085383400,0
'2026-08-22 08:21:40.139383600,0.085383600,1
'2026-08-22 08:21:40.139383700,0.085383700,0
'2026-08-22 08:21:40.139395100,0.085395100,1
'2026-08-22 08:21:40.139409300,0.085409300,0
'2026-08-22 08:21:40.139421100,0.085421100,1
'2026-08-22 08:21:40.139435400,0.085435400,0
'2026-08-22 08:21:40.139446000,0.085446000,1
'2026-08-22 08:21:40.139859100,0.085859100,0
'2026-08-22 08:21:40.139863600,0.085863600,1
'2026-08-22 08:21:40.139877900,0.085877900,0
'2026-08-22 08:21:40.139889700,0.085889700,1
'2026-08-22 08:21:40.139903900,0.085903900,0
'2026-08-22 08:21:40.139915700,0.085915700,1
'2026-08-22 08:21:40.139929900,0.085929900,0
'2026-08-22 08:21:40.139941700,0.085941700,1
'2026-08-22 08:21:40.139956000,0.085956000,0
'2026-08-22 08:21:40.139967800,0.085967800,1
'2026-08-22 08:21:40.139982000,0.085982000,0
'2026-08-22 08:21:40.139993800,0.085993800,1
'2026-08-22 08:21:40.140008100,0.086008100,0
'2026-08-22 08:21:40.140019900,0.086019900,1
'2026-08-22 08:21:40.140034100,0.086034100,0
'2026-08-22 08:21:40.140045900,0.086045900,1
'2026-08-22 08:21:40.140060100,0.086060100,0
'2026-08-22 08:21:40.140071900,0.086071900,1
'2026-08-22 08:21:40.140086200,0.086086200,0
'2026-08-22 08:21:40.140098000,0.086098000,1
'2026-08-22 08:21:40.140112300,0.086112300,0
'2026-08-22 08:21:40.140124000,0.086124000,1
'2026-08-22 08:21:40.140138400,0.086138400,0
'2026-08-22 08:21:40.140150100,0.086150100,1
'2026-08-22 08:21:40.140164300,0.086164300,0
'2026-08-22 08:21:40.140176100,0.086176100,1
'2026-08-22 08:21:40.140190300,0.086190300,0
'2026-08-22 08:21:40.140202100,0.086202100,1
'2026-08-22 08:21:40.140216600,0.086216600,0
'2026-08-22 08:21:40.140228200,0.086228200,1
'2026-08-22 08:21:40.140242300,0.086242300,0
'2026-08-22 08:21:40.140254200,0.086254200,1
'2026-08-22 08:21:40.140684900,0.086684900,0
'2026-08-22 08:21:40.140696700,0.086696700,1
'2026-08-22 08:21:40.140711200,0.086711200,0
'2026-08-22 08:21:40.140722800,0.086722800,1
'2026-08-22 08:21:40.140737000,0.086737000,0
'2026-08-22 08:21:40.140748800,0.086748800,1
'2026-08-22 08:21:40.140763200,0.086763200,0
'2026-08-22 08:21:40.140774900,0.086774900,1
'2026-08-22 08:21:40.140789100,0.086789100,0
'2026-08-22 08:21:40.140800900,0.086800900,1
'2026-08-22 08:21:40.140815200,0.086815200,0
'2026-08-22 08:21:40.140827000,0.086827000,1
'2026-08-22 08:21:40.140841400,0.086841400,0
'2026-08-22 08:21:40.140853000,0.086853000,1
'2026-08-22 08:21:40.140867200,0.086867200,0
'2026-08-22 08:21:40.140879000,0.086879000,1
'2026-08-22 08:21:40.140893400,0.086893400,0
'2026-08-22 08:21:40.140905100,0.086905100,1
'2026-08-22 08:21:40.140919300,0.086919300,0
'2026-08-22 08:21:40.140931100,0.086931100,1
'2026-08-22 08:21:40.140945500,0.086945500,0
'2026-08-22 08:21:40.140957200,0.086957200,1
'2026-08-22 08:21:40.140971400,0.086971400,0
'2026-08-22 08:21:40.140971500,0.086971500,1
'2026-08-22 08:21:40.140971600,0.086971600,0
'2026-08-22 08:21:40.140983200,0.086983200,1
'2026-08-22 08:21:40.140997500,0.086997500,0
'2026-08-22 08:21:40.141009200,0.087009200,1
'2026-08-22 08:21:40.141023600,0.087023600,0
'2026-08-22 08:21:40.141035300,0.087035300,1
'2026-08-22 08:21:40.141049400,0.087049400,0
'2026-08-22 08:21:40.141061300,0.087061300,1
'2026-08-22 08:21:40.141075600,0.087075600,0
'2026-08-22 08:21:40.141087400,0.087087400,1
'2026-08-22 08:21:40.141518000,0.087518000,0
'2026-08-22 08:21:40.141529900,0.087529900,1
'2026-08-22 08:21:40.141544100,0.087544100,0
'2026-08-22 08:21:40.141555900,0.087555900,1
'2026-08-22 08:21:40.141570100,0.087570100,0
'2026-08-22 08:21:40.141582000,0.087582000,1
'2026-08-22 08:21:40.141596200,0.087596200,0
'2026-08-22 08:21:40.141601600,0.087601600,1
'2026-08-22 08:21:40.141601700,0.087601700,0
'2026-08-22 08:21:40.141608000,0.087608000,1
'2026-08-22 08:21:40.141622200,0.087622200,0
'2026-08-22 08:21:40.141622300,0.087622300,1
'2026-08-22 08:21:40.141622400,0.087622400,0
'2026-08-22 08:21:40.141634100,0.087634100,1
'2026-08-22 08:21:40.141648400,0.087648400,0
'2026-08-22 08:21:40.141660100,0.087660100,1
'2026-08-22 08:21:40.141674400,0.087674400,0
'2026-08-22 08:21:40.141686200,0.087686200,1
'2026-08-22 08:21:40.141700400,0.087700400,0
'2026-08-22 08:21:40.141712200,0.087712200,1
'2026-08-22 08:21:40.141726400,0.087726400,0
'2026-08-22 08:21:40.141738200,0.087738200,1
'2026-08-22 08:21:40.141752700,0.087752700,0
'2026-08-22 08:21:40.141764300,0.087764300,1
'2026-08-22 08:21:40.141778500,0.087778500,0
'2026-08-22 08:21:40.141790300,0.087790300,1
'2026-08-22 08:21:40.141804600,0.087804600,0
'2026-08-22 08:21:40.141816400,0.087816400,1
'2026-08-22 08:21:40.141830700,0.087830700,0
'2026-08-22 08:21:40.141842400,0.087842400,1
'2026-08-22 08:21:40.141856700,0.087856700,0
'2026-08-22 08:21:40.141857800,0.087857800,1
'2026-08-22 08:21:40.141857900,0.087857900,0
'2026-08-22 08:21:40.141868400,0.087868400,1
'2026-08-22 08:21:40.141882600,0.087882600,0
'2026-08-22 08:21:40.141894500,0.087894500,1
'2026-08-22 08:21:40.141908800,0.087908800,0
'2026-08-22 08:21:40.141919800,0.087919800,1
'2026-08-22 08:21:40.142332900,0.088332900,0
'2026-08-22 08:21:40.142337000,0.088337000,1
'2026-08-22 08:21:40.142351300,0.088351300,0
'2026-08-22 08:21:40.142351400,0.088351400,1
'2026-08-22 08:21:40.142351500,0.088351500,0
'2026-08-22 08:21:40.142363100,0.088363100,1
'2026-08-22 08:21:40.142377300,0.088377300,0
'2026-08-22 08:21:40.142382400,0.088382400,1
'2026-08-22 08:21:40.142382500,0.088382500,0
'2026-08-22 08:21:40.142389100,0.088389100,1
'2026-08-22 08:21:40.142403600,0.088403600,0
'2026-08-22 08:21:40.142415200,0.088415200,1
'2026-08-22 08:21:40.142429400,0.088429400,0
'2026-08-22 08:21:40.142441200,0.088441200,1
'2026-08-22 08:21:40.142455500,0.088455500,0
'2026-08-22 08:21:40.142467200,0.088467200,1
'2026-08-22 08:21:40.142481600,0.088481600,0
'2026-08-22 08:21:40.142481700,0.088481700,1
'2026-08-22 08:21:40.142481800,0.088481800,0
'2026-08-22 08:21:40.142493300,0.088493300,1
'2026-08-22 08:21:40.142507600,0.088507600,0
'2026-08-22 08:21:40.142519300,0.088519300,1
'2026-08-22 08:21:40.142533600,0.088533600,0
'2026-08-22 08:21:40.142545400,0.088545400,1
'2026-08-22 08:21:40.142559600,0.088559600,0
'2026-08-22 08:21:40.142562000,0.088562000,1
'2026-08-22 08:21:40.142562100,0.088562100,0
'2026-08-22 08:21:40.142562500,0.088562500,1
'2026-08-22 08:21:40.142562600,0.088562600,0
'2026-08-22 08:21:40.142571400,0.088571400,1
'2026-08-22 08:21:40.142585600,0.088585600,0
'2026-08-22 08:21:40.142597500,0.088597500,1
'2026-08-22 08:21:40.142611800,0.088611800,0
'2026-08-22 08:21:40.142623500,0.088623500,1
'2026-08-22 08:21:40.142637800,0.088637800,0
'2026-08-22 08:21:40.142649500,0.088649500,1
'2026-08-22 08:21:40.142663800,0.088663800,0
'2026-08-22 08:21:40.142675600,0.088675600,1
'2026-08-22 08:21:40.142689800,0.088689800,0
'2026-08-22 08:21:40.142701600,0.088701600,1
'2026-08-22 08:21:40.142715800,0.088715800,0
'2026-08-22 08:21:40.142716000,0.088716000,1
'2026-08-22 08:21:40.142716100,0.088716100,0
'2026-08-22 08:21:40.142727700,0.088727700,1
'2026-08-22 08:21:40.143158400,0.089158400,0
'2026-08-22 08:21:40.143166400,0.089166400,1
'2026-08-22 08:21:40.143166500,0.089166500,0
'2026-08-22 08:21:40.143170200,0.089170200,1
'2026-08-22 08:21:40.143184400,0.089184400,0
'2026-08-22 08:21:40.143184500,0.089184500,1
'2026-08-22 08:21:40.143184600,0.089184600,0
'2026-08-22 08:21:40.143196200,0.089196200,1
'2026-08-22 08:21:40.143210400,0.089210400,0
'2026-08-22 08:21:40.143222300,0.089222300,1
'2026-08-22 08:21:40.143236600,0.089236600,0
'2026-08-22 08:21:40.143248300,0.089248300,1
'2026-08-22 08:21:40.143262600,0.089262600,0
'2026-08-22 08:21:40.143274400,0.089274400,1
'2026-08-22 08:21:40.143288700,0.089288700,0
'2026-08-22 08:21:40.143300400,0.089300400,1
'2026-08-22 08:21:40.143314700,0.089314700,0
'2026-08-22 08:21:40.143326400,0.089326400,1
'2026-08-22 08:21:40.143340700,0.089340700,0
'2026-08-22 08:21:40.143352500,0.089352500,1
'2026-08-22 08:21:40.143366700,0.089366700,0
'2026-08-22 08:21:40.143378500,0.089378500,1
'2026-08-22 08:21:40.143392800,0.089392800,0
'2026-08-22 08:21:40.143404600,0.089404600,1
'2026-08-22 08:21:40.143418900,0.089418900,0
'2026-08-22 08:21:40.143426900,0.089426900,1
'2026-08-22 08:21:40.143427000,0.089427000,0
'2026-08-22 08:21:40.143429600,0.089429600,1
'2026-08-22 08:21:40.143429700,0.089429700,0
'2026-08-22 08:21:40.143430600,0.089430600,1
'2026-08-22 08:21:40.143444900,0.089444900,0
'2026-08-22 08:21:40.143456700,0.089456700,1
'2026-08-22 08:21:40.143470800,0.089470800,0
'2026-08-22 08:21:40.143482700,0.089482700,1
'2026-08-22 08:21:40.143497000,0.089497000,0
'2026-08-22 08:21:40.143508700,0.089508700,1
'2026-08-22 08:21:40.143523000,0.089523000,0
'2026-08-22 08:21:40.143534800,0.089534800,1
'2026-08-22 08:21:40.143549300,0.089549300,0
'2026-08-22 08:21:40.143560800,0.089560800,1
'2026-08-22 08:21:40.143976900,0.089976900,0
'2026-08-22 08:21:40.143977300,0.089977300,1
'2026-08-22 08:21:40.143991600,0.089991600,0
'2026-08-22 08:21:40.144003300,0.090003300,1
'2026-08-22 08:21:40.144017700,0.090017700,0
'2026-08-22 08:21:40.144029400,0.090029400,1
'2026-08-22 08:21:40.144043600,0.090043600,0
'2026-08-22 08:21:40.144055400,0.090055400,1
'2026-08-22 08:21:40.144069700,0.090069700,0
'2026-08-22 08:21:40.144081500,0.090081500,1
'2026-08-22 08:21:40.144095800,0.090095800,0
'2026-08-22 08:21:40.144098400,0.090098400,1
'2026-08-22 08:21:40.144098500,0.090098500,0
'2026-08-22 08:21:40.144107500,0.090107500,1
'2026-08-22 08:21:40.144121700,0.090121700,0
'2026-08-22 08:21:40.144133600,0.090133600,1
'2026-08-22 08:21:40.144147800,0.090147800,0
'2026-08-22 08:21:40.144159600,0.090159600,1
'2026-08-22 08:21:40.144173800,0.090173800,0
'2026-08-22 08:21:40.144185600,0.090185600,1
'2026-08-22 08:21:40.144199800,0.090199800,0
'2026-08-22 08:21:40.144211700,0.090211700,1
'2026-08-22 08:21:40.144226100,0.090226100,0
'2026-08-22 08:21:40.144237700,0.090237700,1
'2026-08-22 08:21:40.144252000,0.090252000,0
'2026-08-22 08:21:40.144259800,0.090259800,1
'2026-08-22 08:21:40.144259900,0.090259900,0
'2026-08-22 08:21:40.144263800,0.090263800,1
'2026-08-22 08:21:40.144278000,0.090278000,0
'2026-08-22 08:21:40.144289800,0.090289800,1
'2026-08-22 08:21:40.144304000,0.090304000,0
'2026-08-22 08:21:40.144315800,0.090315800,1
'2026-08-22 08:21:40.144330100,0.090330100,0
'2026-08-22 08:21:40.144341900,0.090341900,1
'2026-08-22 08:21:40.144356300,0.090356300,0
'2026-08-22 08:21:40.144367100,0.090367100,1
'2026-08-22 08:21:40.144367200,0.090367200,0
'2026-08-22 08:21:40.144367900,0.090367900,1
'2026-08-22 08:21:40.144382200,0.090382200,0
'2026-08-22 08:21:40.144385900,0.090385900,1
'2026-08-22 08:21:40.144806700,0.090806700,0
'2026-08-22 08:21:40.144810400,0.090810400,1
'2026-08-22 08:21:40.144824800,0.090824800,0
'2026-08-22 08:21:40.144836500,0.090836500,1
'2026-08-22 08:21:40.144850600,0.090850600,0
'2026-08-22 08:21:40.144850700,0.090850700,1
'2026-08-22 08:21:40.144850800,0.090850800,0
'2026-08-22 08:21:40.144862500,0.090862500,1
'2026-08-22 08:21:40.144876800,0.090876800,0
'2026-08-22 08:21:40.144888600,0.090888600,1
'2026-08-22 08:21:40.144902800,0.090902800,0
'2026-08-22 08:21:40.144902900,0.090902900,1
'2026-08-22 08:21:40.144903000,0.090903000,0
'2026-08-22 08:21:40.144914600,0.090914600,1
'2026-08-22 08:21:40.144928800,0.090928800,0
'2026-08-22 08:21:40.144940700,0.090940700,1
'2026-08-22 08:21:40.144955000,0.090955000,0
'2026-08-22 08:21:40.144957200,0.090957200,1
'2026-08-22 08:21:40.144957300,0.090957300,0
'2026-08-22 08:21:40.144966700,0.090966700,1
'2026-08-22 08:21:40.144980900,0.090980900,0
'2026-08-22 08:21:40.144992700,0.090992700,1
'2026-08-22 08:21:40.145007000,0.091007000,0
'2026-08-22 08:21:40.145018800,0.091018800,1
'2026-08-22 08:21:40.145033100,0.091033100,0
'2026-08-22 08:21:40.145044800,0.091044800,1
'2026-08-22 08:21:40.145059100,0.091059100,0
'2026-08-22 08:21:40.145070900,0.091070900,1
'2026-08-22 08:21:40.145085200,0.091085200,0
'2026-08-22 08:21:40.145089100,0.091089100,1
'2026-08-22 08:21:40.145089200,0.091089200,0
'2026-08-22 08:21:40.145096900,0.091096900,1
'2026-08-22 08:21:40.145111100,0.091111100,0
'2026-08-22 08:21:40.145122900,0.091122900,1
'2026-08-22 08:21:40.145137300,0.091137300,0
'2026-08-22 08:21:40.145138400,0.091138400,1
'2026-08-22 08:21:40.145138500,0.091138500,0
'2026-08-22 08:21:40.145149000,0.091149000,1
'2026-08-22 08:21:40.145163200,0.091163200,0
'2026-08-22 08:21:40.145175000,0.091175000,1
'2026-08-22 08:21:40.145189300,0.091189300,0
'2026-08-22 08:21:40.145201100,0.091201100,1
'2026-08-22 08:21:40.145631900,0.091631900,0
'2026-08-22 08:21:40.145632000,0.091632000,1
'2026-08-22 08:21:40.145632100,0.091632100,0
'2026-08-22 08:21:40.145643600,0.091643600,1
'2026-08-22 08:21:40.145657800,0.091657800,0
'2026-08-22 08:21:40.145669600,0.091669600,1
'2026-08-22 08:21:40.145683900,0.091683900,0
'2026-08-22 08:21:40.145695700,0.091695700,1
'2026-08-22 08:21:40.145709900,0.091709900,0
'2026-08-22 08:21:40.145710000,0.091710000,1
'2026-08-22 08:21:40.145710100,0.091710100,0
'2026-08-22 08:21:40.145721700,0.091721700,1
'2026-08-22 08:21:40.145735900,0.091735900,0
'2026-08-22 08:21:40.145747700,0.091747700,1
'2026-08-22 08:21:40.145762100,0.091762100,0
'2026-08-22 08:21:40.145773800,0.091773800,1
'2026-08-22 08:21:40.145788000,0.091788000,0
'2026-08-22 08:21:40.145793300,0.091793300,1
'2026-08-22 08:21:40.145793400,0.091793400,0
'2026-08-22 08:21:40.145799800,0.091799800,1
'2026-08-22 08:21:40.145814100,0.091814100,0
'2026-08-22 08:21:40.145825900,0.091825900,1
'2026-08-22 08:21:40.145840100,0.091840100,0
'2026-08-22 08:21:40.145851900,0.091851900,1
'2026-08-22 08:21:40.145866100,0.091866100,0
'2026-08-22 08:21:40.145877900,0.091877900,1
'2026-08-22 08:21:40.145892300,0.091892300,0
'2026-08-22 08:21:40.145904000,0.091904000,1
'2026-08-22 08:21:40.145918200,0.091918200,0
'2026-08-22 08:21:40.145930000,0.091930000,1
'2026-08-22 08:21:40.145944300,0.091944300,0
'2026-08-22 08:21:40.145956100,0.091956100,1
'2026-08-22 08:21:40.145970500,0.091970500,0
'2026-08-22 08:21:40.145982100,0.091982100,1
'2026-08-22 08:21:40.145996300,0.091996300,0
'2026-08-22 08:21:40.146008100,0.092008100,1
'2026-08-22 08:21:40.146022700,0.092022700,0
'2026-08-22 08:21:40.146034200,0.092034200,1
'2026-08-22 08:21:40.146464800,0.092464800,0
'2026-08-22 08:21:40.146476700,0.092476700,1
'2026-08-22 08:21:40.146491000,0.092491000,0
'2026-08-22 08:21:40.146502700,0.092502700,1
'2026-08-22 08:21:40.146516900,0.092516900,0
'2026-08-22 08:21:40.146528800,0.092528800,1
'2026-08-22 08:21:40.146543000,0.092543000,0
'2026-08-22 08:21:40.146554800,0.092554800,1
'2026-08-22 08:21:40.146569100,0.092569100,0
'2026-08-22 08:21:40.146580800,0.092580800,1
'2026-08-22 08:21:40.146595100,0.092595100,0
'2026-08-22 08:21:40.146606900,0.092606900,1
'2026-08-22 08:21:40.146621100,0.092621100,0
'2026-08-22 08:21:40.146632900,0.092632900,1
'2026-08-22 08:21:40.146647200,0.092647200,0
'2026-08-22 08:21:40.146647300,0.092647300,1
'2026-08-22 08:21:40.146647400,0.092647400,0
'2026-08-22 08:21:40.146659000,0.092659000,1
'2026-08-22 08:21:40.146673200,0.092673200,0
'2026-08-22 08:21:40.146685000,0.092685000,1
'2026-08-22 08:21:40.146699200,0.092699200,0
'2026-08-22 08:21:40.146711100,0.092711100,1
'2026-08-22 08:21:40.146725300,0.092725300,0
'2026-08-22 08:21:40.146737100,0.092737100,1
'2026-08-22 08:21:40.146751400,0.092751400,0
'2026-08-22 08:21:40.146763100,0.092763100,1
'2026-08-22 08:21:40.146777300,0.092777300,0
'2026-08-22 08:21:40.146789200,0.092789200,1
'2026-08-22 08:21:40.146803500,0.092803500,0
'2026-08-22 08:21:40.146815200,0.092815200,1
'2026-08-22 08:21:40.146829300,0.092829300,0
'2026-08-22 08:21:40.146841200,0.092841200,1
'2026-08-22 08:21:40.146855500,0.092855500,0
'2026-08-22 08:21:40.146859600,0.092859600,1
'2026-08-22 08:21:40.147272700,0.093272700,0
'2026-08-22 08:21:40.147283800,0.093283800,1
'2026-08-22 08:21:40.147298000,0.093298000,0
'2026-08-22 08:21:40.147309800,0.093309800,1
'2026-08-22 08:21:40.147324000,0.093324000,0
'2026-08-22 08:21:40.147335800,0.093335800,1
'2026-08-22 08:21:40.147350200,0.093350200,0
'2026-08-22 08:21:40.147361900,0.093361900,1
'2026-08-22 08:21:40.147376100,0.093376100,0
'2026-08-22 08:21:40.147387900,0.093387900,1
'2026-08-22 08:21:40.147402100,0.093402100,0
'2026-08-22 08:21:40.147414000,0.093414000,1
'2026-08-22 08:21:40.147428400,0.093428400,0
'2026-08-22 08:21:40.147440000,0.093440000,1
'2026-08-22 08:21:40.147454200,0.093454200,0
'2026-08-22 08:21:40.147466100,0.093466100,1
'2026-08-22 08:21:40.147480400,0.093480400,0
'2026-08-22 08:21:40.147492100,0.093492100,1
'2026-08-22 08:21:40.147506300,0.093506300,0
'2026-08-22 08:21:40.147518100,0.093518100,1
'2026-08-22 08:21:40.147532400,0.093532400,0
'2026-08-22 08:21:40.147544200,0.093544200,1
'2026-08-22 08:21:40.147558600,0.093558600,0
'2026-08-22 08:21:40.147570200,0.093570200,1
'2026-08-22 08:21:40.147584400,0.093584400,0
'2026-08-22 08:21:40.147596300,0.093596300,1
'2026-08-22 08:21:40.147610700,0.093610700,0
'2026-08-22 08:21:40.147622300,0.093622300,1
'2026-08-22 08:21:40.147636600,0.093636600,0
'2026-08-22 08:21:40.147648300,0.093648300,1
'2026-08-22 08:21:40.147662600,0.093662600,0
'2026-08-22 08:21:40.147670100,0.093670100,1
'2026-08-22 08:21:40.147670200,0.093670200,0
'2026-08-22 08:21:40.147674400,0.093674400,1
'2026-08-22 08:21:40.148105000,0.094105000,0
'2026-08-22 08:21:40.148116900,0.094116900,1
'2026-08-22 08:21:40.148131100,0.094131100,0
'2026-08-22 08:21:40.148142900,0.094142900,1
'2026-08-22 08:21:40.148157100,0.094157100,0
'2026-08-22 08:21:40.148169000,0.094169000,1
'2026-08-22 08:21:40.148183400,0.094183400,0
'2026-08-22 08:21:40.148195000,0.094195000,1
'2026-08-22 08:21:40.148209200,0.094209200,0
'2026-08-22 08:21:40.148221100,0.094221100,1
'2026-08-22 08:21:40.148235400,0.094235400,0
'2026-08-22 08:21:40.148247100,0.094247100,1
'2026-08-22 08:21:40.148261300,0.094261300,0
'2026-08-22 08:21:40.148273100,0.094273100,1
'2026-08-22 08:21:40.148287400,0.094287400,0
'2026-08-22 08:21:40.148299200,0.094299200,1
'2026-08-22 08:21:40.148313400,0.094313400,0
'2026-08-22 08:21:40.148325200,0.094325200,1
'2026-08-22 08:21:40.148339400,0.094339400,0
'2026-08-22 08:21:40.148351300,0.094351300,1
'2026-08-22 08:21:40.148365600,0.094365600,0
'2026-08-22 08:21:40.148377300,0.094377300,1
'2026-08-22 08:21:40.148391600,0.094391600,0
'2026-08-22 08:21:40.148403300,0.094403300,1
'2026-08-22 08:21:40.148417700,0.094417700,0
'2026-08-22 08:21:40.148429400,0.094429400,1
'2026-08-22 08:21:40.148443600,0.094443600,0
'2026-08-22 08:21:40.148446200,0.094446200,1
'2026-08-22 08:21:40.148446300,0.094446300,0
'2026-08-22 08:21:40.148455400,0.094455400,1
'2026-08-22 08:21:40.148469800,0.094469800,0
'2026-08-22 08:21:40.148481500,0.094481500,1
'2026-08-22 08:21:40.148495900,0.094495900,0
'2026-08-22 08:21:40.148503700,0.094503700,1
'2026-08-22 08:21:40.148938200,0.094938200,0
'2026-08-22 08:21:40.148950000,0.094950000,1
'2026-08-22 08:21:40.148964300,0.094964300,0
'2026-08-22 08:21:40.148976100,0.094976100,1
'2026-08-22 08:21:40.148990200,0.094990200,0
'2026-08-22 08:21:40.149002100,0.095002100,1
'2026-08-22 08:21:40.149016400,0.095016400,0
'2026-08-22 08:21:40.149028100,0.095028100,1
'2026-08-22 08:21:40.149042300,0.095042300,0
'2026-08-22 08:21:40.149054200,0.095054200,1
'2026-08-22 08:21:40.149068400,0.095068400,0
'2026-08-22 08:21:40.149080200,0.095080200,1
'2026-08-22 08:21:40.149094600,0.095094600,0
'2026-08-22 08:21:40.149106300,0.095106300,1
'2026-08-22 08:21:40.149120600,0.095120600,0
'2026-08-22 08:21:40.149132300,0.095132300,1
'2026-08-22 08:21:40.149146600,0.095146600,0
'2026-08-22 08:21:40.149158300,0.095158300,1
'2026-08-22 08:21:40.149172600,0.095172600,0
'2026-08-22 08:21:40.149184400,0.095184400,1
'2026-08-22 08:21:40.149198700,0.095198700,0
'2026-08-22 08:21:40.149210400,0.095210400,1
'2026-08-22 08:21:40.149224600,0.095224600,0
'2026-08-22 08:21:40.149236500,0.095236500,1
'2026-08-22 08:21:40.149250700,0.095250700,0
'2026-08-22 08:21:40.149262500,0.095262500,1
'2026-08-22 08:21:40.149276900,0.095276900,0
'2026-08-22 08:21:40.149288600,0.095288600,1
'2026-08-22 08:21:40.149303100,0.095303100,0
'2026-08-22 08:21:40.149314600,0.095314600,1
'2026-08-22 08:21:40.149328900,0.095328900,0
'2026-08-22 08:21:40.149333400,0.095333400,1
'2026-08-22 08:21:40.149746600,0.095746600,0
'2026-08-22 08:21:40.149757100,0.095757100,1
'2026-08-22 08:21:40.149771400,0.095771400,0
'2026-08-22 08:21:40.149771500,0.095771500,1
'2026-08-22 08:21:40.149771600,0.095771600,0
'2026-08-22 08:21:40.149783200,0.095783200,1
'2026-08-22 08:21:40.149797400,0.095797400,0
'2026-08-22 08:21:40.149809200,0.095809200,1
'2026-08-22 08:21:40.149823400,0.095823400,0
'2026-08-22 08:21:40.149823500,0.095823500,1
'2026-08-22 08:21:40.149823600,0.095823600,0
'2026-08-22 08:21:40.149835300,0.095835300,1
'2026-08-22 08:21:40.149849400,0.095849400,0
'2026-08-22 08:21:40.149861300,0.095861300,1
'2026-08-22 08:21:40.149875700,0.095875700,0
'2026-08-22 08:21:40.149887300,0.095887300,1
'2026-08-22 08:21:40.149901600,0.095901600,0
'2026-08-22 08:21:40.149913400,0.095913400,1
'2026-08-22 08:21:40.149927700,0.095927700,0
'2026-08-22 08:21:40.149939400,0.095939400,1
'2026-08-22 08:21:40.149953600,0.095953600,0
'2026-08-22 08:21:40.149965500,0.095965500,1
'2026-08-22 08:21:40.149979700,0.095979700,0
'2026-08-22 08:21:40.149991500,0.095991500,1
'2026-08-22 08:21:40.150006000,0.096006000,0
'2026-08-22 08:21:40.150007600,0.096007600,1
'2026-08-22 08:21:40.150007700,0.096007700,0
'2026-08-22 08:21:40.150017500,0.096017500,1
'2026-08-22 08:21:40.150031800,0.096031800,0
'2026-08-22 08:21:40.150043600,0.096043600,1
'2026-08-22 08:21:40.150058000,0.096058000,0
'2026-08-22 08:21:40.150069600,0.096069600,1
'2026-08-22 08:21:40.150083800,0.096083800,0
'2026-08-22 08:21:40.150095700,0.096095700,1
'2026-08-22 08:21:40.150110000,0.096110000,0
'2026-08-22 08:21:40.150121700,0.096121700,1
'2026-08-22 08:21:40.150136000,0.096136000,0
'2026-08-22 08:21:40.150136200,0.096136200,1
'2026-08-22 08:21:40.150136300,0.096136300,0
'2026-08-22 08:21:40.150147700,0.096147700,1
'2026-08-22 08:21:40.150578600,0.096578600,0
'2026-08-22 08:21:40.150590300,0.096590300,1
'2026-08-22 08:21:40.150604400,0.096604400,0
'2026-08-22 08:21:40.150616300,0.096616300,1
'2026-08-22 08:21:40.150630700,0.096630700,0
'2026-08-22 08:21:40.150642400,0.096642400,1
'2026-08-22 08:21:40.150656600,0.096656600,0
'2026-08-22 08:21:40.150668400,0.096668400,1
'2026-08-22 08:21:40.150682600,0.096682600,0
'2026-08-22 08:21:40.150694400,0.096694400,1
'2026-08-22 08:21:40.150708700,0.096708700,0
'2026-08-22 08:21:40.150720500,0.096720500,1
'2026-08-22 08:21:40.150734600,0.096734600,0
'2026-08-22 08:21:40.150746500,0.096746500,1
'2026-08-22 08:21:40.150760800,0.096760800,0
'2026-08-22 08:21:40.150772600,0.096772600,1
'2026-08-22 08:21:40.150786900,0.096786900,0
'2026-08-22 08:21:40.150798600,0.096798600,1
'2026-08-22 08:21:40.150812800,0.096812800,0
'2026-08-22 08:21:40.150824700,0.096824700,1
'2026-08-22 08:21:40.150838900,0.096838900,0
'2026-08-22 08:21:40.150849300,0.096849300,1
'2026-08-22 08:21:40.150849400,0.096849400,0
'2026-08-22 08:21:40.150849900,0.096849900,1
'2026-08-22 08:21:40.150850000,0.096850000,0
'2026-08-22 08:21:40.150850700,0.096850700,1
'2026-08-22 08:21:40.150864900,0.096864900,0
'2026-08-22 08:21:40.150876700,0.096876700,1
'2026-08-22 08:21:40.150891100,0.096891100,0
'2026-08-22 08:21:40.150902800,0.096902800,1
'2026-08-22 08:21:40.150917100,0.096917100,0
'2026-08-22 08:21:40.150928800,0.096928800,1
'2026-08-22 08:21:40.150942900,0.096942900,0
'2026-08-22 08:21:40.150943000,0.096943000,1
'2026-08-22 08:21:40.150943100,0.096943100,0
'2026-08-22 08:21:40.150954900,0.096954900,1
'2026-08-22 08:21:40.150969100,0.096969100,0
'2026-08-22 08:21:40.150977500,0.096977500,1
'2026-08-22 08:21:40.151390600,0.097390600,0
'2026-08-22 08:21:40.151397400,0.097397400,1
'2026-08-22 08:21:40.151411600,0.097411600,0
'2026-08-22 08:21:40.151423400,0.097423400,1
'2026-08-22 08:21:40.151437700,0.097437700,0
'2026-08-22 08:21:40.151449500,0.097449500,1
'2026-08-22 08:21:40.151463700,0.097463700,0
'2026-08-22 08:21:40.151463800,0.097463800,1
'2026-08-22 08:21:40.151463900,0.097463900,0
'2026-08-22 08:21:40.151475500,0.097475500,1
'2026-08-22 08:21:40.151489800,0.097489800,0
'2026-08-22 08:21:40.151501600,0.097501600,1
'2026-08-22 08:21:40.151516000,0.097516000,0
'2026-08-22 08:21:40.151527600,0.097527600,1
'2026-08-22 08:21:40.151541800,0.097541800,0
'2026-08-22 08:21:40.151553600,0.097553600,1
'2026-08-22 08:21:40.151567900,0.097567900,0
'2026-08-22 08:21:40.151573700,0.097573700,1
'2026-08-22 08:21:40.151573800,0.097573800,0
'2026-08-22 08:21:40.151579700,0.097579700,1
'2026-08-22 08:21:40.151593900,0.097593900,0
'2026-08-22 08:21:40.151605700,0.097605700,1
'2026-08-22 08:21:40.151620000,0.097620000,0
'2026-08-22 08:21:40.151631800,0.097631800,1
'2026-08-22 08:21:40.151646000,0.097646000,0
'2026-08-22 08:21:40.151646100,0.097646100,1
'2026-08-22 08:21:40.151646200,0.097646200,0
'2026-08-22 08:21:40.151657800,0.097657800,1
'2026-08-22 08:21:40.151672000,0.097672000,0
'2026-08-22 08:21:40.151683800,0.097683800,1
'2026-08-22 08:21:40.151698300,0.097698300,0
'2026-08-22 08:21:40.151709900,0.097709900,1
'2026-08-22 08:21:40.151724200,0.097724200,0
'2026-08-22 08:21:40.151735900,0.097735900,1
'2026-08-22 08:21:40.151750200,0.097750200,0
'2026-08-22 08:21:40.151762000,0.097762000,1
'2026-08-22 08:21:40.151776200,0.097776200,0
'2026-08-22 08:21:40.151788000,0.097788000,1
'2026-08-22 08:21:40.152220500,0.098220500,0
'2026-08-22 08:21:40.152230500,0.098230500,1
'2026-08-22 08:21:40.152244700,0.098244700,0
'2026-08-22 08:21:40.152256600,0.098256600,1
'2026-08-22 08:21:40.152270900,0.098270900,0
'2026-08-22 08:21:40.152282600,0.098282600,1
'2026-08-22 08:21:40.152296800,0.098296800,0
'2026-08-22 08:21:40.152308700,0.098308700,1
'2026-08-22 08:21:40.152322900,0.098322900,0
'2026-08-22 08:21:40.152334700,0.098334700,1
'2026-08-22 08:21:40.152349000,0.098349000,0
'2026-08-22 08:21:40.152351800,0.098351800,1
'2026-08-22 08:21:40.152351900,0.098351900,0
'2026-08-22 08:21:40.152360700,0.098360700,1
'2026-08-22 08:21:40.152375000,0.098375000,0
'2026-08-22 08:21:40.152386800,0.098386800,1
'2026-08-22 08:21:40.152401000,0.098401000,0
'2026-08-22 08:21:40.152412800,0.098412800,1
'2026-08-22 08:21:40.152427200,0.098427200,0
'2026-08-22 08:21:40.152438900,0.098438900,1
'2026-08-22 08:21:40.152453200,0.098453200,0
'2026-08-22 08:21:40.152464900,0.098464900,1
'2026-08-22 08:21:40.152479200,0.098479200,0
'2026-08-22 08:21:40.152491000,0.098491000,1
'2026-08-22 08:21:40.152505200,0.098505200,0
'2026-08-22 08:21:40.152517000,0.098517000,1
'2026-08-22 08:21:40.152531200,0.098531200,0
'2026-08-22 08:21:40.152543000,0.098543000,1
'2026-08-22 08:21:40.152557200,0.098557200,0
'2026-08-22 08:21:40.152557300,0.098557300,1
'2026-08-22 08:21:40.152557400,0.098557400,0
'2026-08-22 08:21:40.152562000,0.098562000,1
'2026-08-22 08:21:40.152562100,0.098562100,0
'2026-08-22 08:21:40.152569100,0.098569100,1
'2026-08-22 08:21:40.152583400,0.098583400,0
'2026-08-22 08:21:40.152583700,0.098583700,1
'2026-08-22 08:21:40.152583800,0.098583800,0
'2026-08-22 08:21:40.152585800,0.098585800,1
'2026-08-22 08:21:40.152585900,0.098585900,0
'2026-08-22 08:21:40.152595100,0.098595100,1
'2026-08-22 08:21:40.152609300,0.098609300,0
'2026-08-22 08:21:40.152621200,0.098621200,1
'2026-08-22 08:21:40.153051900,0.099051900,0
'2026-08-22 08:21:40.153063700,0.099063700,1
'2026-08-22 08:21:40.153077900,0.099077900,0
'2026-08-22 08:21:40.153089700,0.099089700,1
'2026-08-22 08:21:40.153104200,0.099104200,0
'2026-08-22 08:21:40.153113600,0.099113600,1
'2026-08-22 08:21:40.153113700,0.099113700,0
'2026-08-22 08:21:40.153115800,0.099115800,1
'2026-08-22 08:21:40.153130000,0.099130000,0
'2026-08-22 08:21:40.153141800,0.099141800,1
'2026-08-22 08:21:40.153156300,0.099156300,0
'2026-08-22 08:21:40.153164300,0.099164300,1
'2026-08-22 08:21:40.153164400,0.099164400,0
'2026-08-22 08:21:40.153167900,0.099167900,1
'2026-08-22 08:21:40.153182200,0.099182200,0
'2026-08-22 08:21:40.153193900,0.099193900,1
'2026-08-22 08:21:40.153208200,0.099208200,0
'2026-08-22 08:21:40.153220000,0.099220000,1
'2026-08-22 08:21:40.153234400,0.099234400,0
'2026-08-22 08:21:40.153246000,0.099246000,1
'2026-08-22 08:21:40.153260200,0.099260200,0
'2026-08-22 08:21:40.153272000,0.099272000,1
'2026-08-22 08:21:40.153286200,0.099286200,0
'2026-08-22 08:21:40.153286300,0.099286300,1
'2026-08-22 08:21:40.153286400,0.099286400,0
'2026-08-22 08:21:40.153298100,0.099298100,1
'2026-08-22 08:21:40.153312400,0.099312400,0
'2026-08-22 08:21:40.153318500,0.099318500,1
'2026-08-22 08:21:40.153318600,0.099318600,0
'2026-08-22 08:21:40.153324100,0.099324100,1
'2026-08-22 08:21:40.153338400,0.099338400,0
'2026-08-22 08:21:40.153350200,0.099350200,1
'2026-08-22 08:21:40.153364700,0.099364700,0
'2026-08-22 08:21:40.153365000,0.099365000,1
'2026-08-22 08:21:40.153365100,0.099365100,0
'2026-08-22 08:21:40.153376200,0.099376200,1
'2026-08-22 08:21:40.153390400,0.099390400,0
'2026-08-22 08:21:40.153402200,0.099402200,1
'2026-08-22 08:21:40.153416600,0.099416600,0
'2026-08-22 08:21:40.153428300,0.099428300,1
'2026-08-22 08:21:40.153442600,0.099442600,0
'2026-08-22 08:21:40.153451300,0.099451300,1
'2026-08-22 08:21:40.153864400,0.099864400,0
'2026-08-22 08:21:40.153870800,0.099870800,1
'2026-08-22 08:21:40.153885000,0.099885000,0
'2026-08-22 08:21:40.153896800,0.099896800,1
'2026-08-22 08:21:40.153911100,0.099911100,0
'2026-08-22 08:21:40.153922900,0.099922900,1
'2026-08-22 08:21:40.153937100,0.099937100,0
'2026-08-22 08:21:40.153940500,0.099940500,1
'2026-08-22 08:21:40.153940600,0.099940600,0
'2026-08-22 08:21:40.153948900,0.099948900,1
'2026-08-22 08:21:40.153963300,0.099963300,0
'2026-08-22 08:21:40.153975000,0.099975000,1
'2026-08-22 08:21:40.153989200,0.099989200,0
'2026-08-22 08:21:40.154001000,0.100001000,1
'2026-08-22 08:21:40.154015200,0.100015200,0
'2026-08-22 08:21:40.154027100,0.100027100,1
'2026-08-22 08:21:40.154041300,0.100041300,0
'2026-08-22 08:21:40.154053100,0.100053100,1
'2026-08-22 08:21:40.154067300,0.100067300,0
'2026-08-22 08:21:40.154079100,0.100079100,1
'2026-08-22 08:21:40.154093400,0.100093400,0
'2026-08-22 08:21:40.154105200,0.100105200,1
'2026-08-22 08:21:40.154119500,0.100119500,0
'2026-08-22 08:21:40.154131200,0.100131200,1
'2026-08-22 08:21:40.154145400,0.100145400,0
'2026-08-22 08:21:40.154157300,0.100157300,1
'2026-08-22 08:21:40.154171500,0.100171500,0
'2026-08-22 08:21:40.154183300,0.100183300,1
'2026-08-22 08:21:40.154197600,0.100197600,0
'2026-08-22 08:21:40.154209300,0.100209300,1
'2026-08-22 08:21:40.154223700,0.100223700,0
'2026-08-22 08:21:40.154224900,0.100224900,1
'2026-08-22 08:21:40.154225000,0.100225000,0
'2026-08-22 08:21:40.154235400,0.100235400,1
'2026-08-22 08:21:40.154249700,0.100249700,0
'2026-08-22 08:21:40.154261400,0.100261400,1
'2026-08-22 08:21:40.154692100,0.100692100,0
'2026-08-22 08:21:40.154692200,0.100692200,1
'2026-08-22 08:21:40.154692300,0.100692300,0
'2026-08-22 08:21:40.154704000,0.100704000,1
'2026-08-22 08:21:40.154718200,0.100718200,0
'2026-08-22 08:21:40.154730000,0.100730000,1
'2026-08-22 08:21:40.154744200,0.100744200,0
'2026-08-22 08:21:40.154756100,0.100756100,1
'2026-08-22 08:21:40.154770300,0.100770300,0
'2026-08-22 08:21:40.154770500,0.100770500,1
'2026-08-22 08:21:40.154770600,0.100770600,0
'2026-08-22 08:21:40.154782100,0.100782100,1
'2026-08-22 08:21:40.154796400,0.100796400,0
'2026-08-22 08:21:40.154808200,0.100808200,1
'2026-08-22 08:21:40.154822400,0.100822400,0
'2026-08-22 08:21:40.154834200,0.100834200,1
'2026-08-22 08:21:40.154848500,0.100848500,0
'2026-08-22 08:21:40.154860200,0.100860200,1
'2026-08-22 08:21:40.154874500,0.100874500,0
'2026-08-22 08:21:40.154886300,0.100886300,1
'2026-08-22 08:21:40.154900600,0.100900600,0
'2026-08-22 08:21:40.154912300,0.100912300,1
'2026-08-22 08:21:40.154926500,0.100926500,0
'2026-08-22 08:21:40.154926700,0.100926700,1
'2026-08-22 08:21:40.154926800,0.100926800,0
'2026-08-22 08:21:40.154938400,0.100938400,1
'2026-08-22 08:21:40.154952600,0.100952600,0
'2026-08-22 08:21:40.154964400,0.100964400,1
'2026-08-22 08:21:40.154978800,0.100978800,0
'2026-08-22 08:21:40.154990500,0.100990500,1
'2026-08-22 08:21:40.155004600,0.101004600,0
'2026-08-22 08:21:40.155016500,0.101016500,1
'2026-08-22 08:21:40.155030700,0.101030700,0
'2026-08-22 08:21:40.155042500,0.101042500,1
'2026-08-22 08:21:40.155056800,0.101056800,0
'2026-08-22 08:21:40.155068600,0.101068600,1
'2026-08-22 08:21:40.155082800,0.101082800,0
'2026-08-22 08:21:40.155094600,0.101094600,1
'2026-08-22 08:21:40.155508600,0.101508600,0
'2026-08-22 08:21:40.155511100,0.101511100,1
'2026-08-22 08:21:40.155525300,0.101525300,0
'2026-08-22 08:21:40.155537200,0.101537200,1
'2026-08-22 08:21:40.155551500,0.101551500,0
'2026-08-22 08:21:40.155563200,0.101563200,1
'2026-08-22 08:21:40.155577600,0.101577600,0
'2026-08-22 08:21:40.155589300,0.101589300,1
'2026-08-22 08:21:40.155603500,0.101603500,0
'2026-08-22 08:21:40.155615300,0.101615300,1
'2026-08-22 08:21:40.155629600,0.101629600,0
'2026-08-22 08:21:40.155641400,0.101641400,1
'2026-08-22 08:21:40.155655500,0.101655500,0
'2026-08-22 08:21:40.155667400,0.101667400,1
'2026-08-22 08:21:40.155681800,0.101681800,0
'2026-08-22 08:21:40.155689300,0.101689300,1
'2026-08-22 08:21:40.155689400,0.101689400,0
'2026-08-22 08:21:40.155693400,0.101693400,1
'2026-08-22 08:21:40.155707600,0.101707600,0
'2026-08-22 08:21:40.155719500,0.101719500,1
'2026-08-22 08:21:40.155733800,0.101733800,0
'2026-08-22 08:21:40.155745500,0.101745500,1
'2026-08-22 08:21:40.155759800,0.101759800,0
'2026-08-22 08:21:40.155759900,0.101759900,1
'2026-08-22 08:21:40.155760000,0.101760000,0
'2026-08-22 08:21:40.155771600,0.101771600,1
'2026-08-22 08:21:40.155785800,0.101785800,0
'2026-08-22 08:21:40.155797600,0.101797600,1
'2026-08-22 08:21:40.155812000,0.101812000,0
'2026-08-22 08:21:40.155823700,0.101823700,1
'2026-08-22 08:21:40.155837900,0.101837900,0
'2026-08-22 08:21:40.155849700,0.101849700,1
'2026-08-22 08:21:40.155864000,0.101864000,0
'2026-08-22 08:21:40.155875700,0.101875700,1
'2026-08-22 08:21:40.155890100,0.101890100,0
'2026-08-22 08:21:40.155901800,0.101901800,1
'2026-08-22 08:21:40.155916000,0.101916000,0
'2026-08-22 08:21:40.155917500,0.101917500,1
'2026-08-22 08:21:40.156338200,0.102338200,0
'2026-08-22 08:21:40.156344300,0.102344300,1
'2026-08-22 08:21:40.156358400,0.102358400,0
'2026-08-22 08:21:40.156370400,0.102370400,1
'2026-08-22 08:21:40.156384600,0.102384600,0
'2026-08-22 08:21:40.156396400,0.102396400,1
'2026-08-22 08:21:40.156410800,0.102410800,0
'2026-08-22 08:21:40.156422500,0.102422500,1
'2026-08-22 08:21:40.156436800,0.102436800,0
'2026-08-22 08:21:40.156448500,0.102448500,1
'2026-08-22 08:21:40.156462800,0.102462800,0
'2026-08-22 08:21:40.156474600,0.102474600,1
'2026-08-22 08:21:40.156488700,0.102488700,0
'2026-08-22 08:21:40.156500600,0.102500600,1
'2026-08-22 08:21:40.156514800,0.102514800,0
'2026-08-22 08:21:40.156526700,0.102526700,1
'2026-08-22 08:21:40.156540900,0.102540900,0
'2026-08-22 08:21:40.156552700,0.102552700,1
'2026-08-22 08:21:40.156566900,0.102566900,0
'2026-08-22 08:21:40.156578700,0.102578700,1
'2026-08-22 08:21:40.156593000,0.102593000,0
'2026-08-22 08:21:40.156604800,0.102604800,1
'2026-08-22 08:21:40.156619000,0.102619000,0
'2026-08-22 08:21:40.156630800,0.102630800,1
'2026-08-22 08:21:40.156645100,0.102645100,0
'2026-08-22 08:21:40.156656900,0.102656900,1
'2026-08-22 08:21:40.156671100,0.102671100,0
'2026-08-22 08:21:40.156682100,0.102682100,1
'2026-08-22 08:21:40.156682200,0.102682200,0
'2026-08-22 08:21:40.156682900,0.102682900,1
'2026-08-22 08:21:40.156697100,0.102697100,0
'2026-08-22 08:21:40.156709000,0.102709000,1
'2026-08-22 08:21:40.156723300,0.102723300,0
'2026-08-22 08:21:40.156735000,0.102735000,1
'2026-08-22 08:21:40.157165800,0.103165800,0
'2026-08-22 08:21:40.157177600,0.103177600,1
'2026-08-22 08:21:40.157191800,0.103191800,0
'2026-08-22 08:21:40.157203600,0.103203600,1
'2026-08-22 08:21:40.157217900,0.103217900,0
'2026-08-22 08:21:40.157229600,0.103229600,1
'2026-08-22 08:21:40.157243800,0.103243800,0
'2026-08-22 08:21:40.157255700,0.103255700,1
'2026-08-22 08:21:40.157270000,0.103270000,0
'2026-08-22 08:21:40.157281700,0.103281700,1
'2026-08-22 08:21:40.157296000,0.103296000,0
'2026-08-22 08:21:40.157307800,0.103307800,1
'2026-08-22 08:21:40.157322100,0.103322100,0
'2026-08-22 08:21:40.157333800,0.103333800,1
'2026-08-22 08:21:40.157348000,0.103348000,0
'2026-08-22 08:21:40.157359900,0.103359900,1
'2026-08-22 08:21:40.157374100,0.103374100,0
'2026-08-22 08:21:40.157385900,0.103385900,1
'2026-08-22 08:21:40.157400100,0.103400100,0
'2026-08-22 08:21:40.157412000,0.103412000,1
'2026-08-22 08:21:40.157426200,0.103426200,0
'2026-08-22 08:21:40.157438000,0.103438000,1
'2026-08-22 08:21:40.157452200,0.103452200,0
'2026-08-22 08:21:40.157464000,0.103464000,1
'2026-08-22 08:21:40.157478300,0.103478300,0
'2026-08-22 08:21:40.157490100,0.103490100,1
'2026-08-22 08:21:40.157504400,0.103504400,0
'2026-08-22 08:21:40.157516100,0.103516100,1
'2026-08-22 08:21:40.157530400,0.103530400,0
'2026-08-22 08:21:40.157542200,0.103542200,1
'2026-08-22 08:21:40.157556400,0.103556400,0
'2026-08-22 08:21:40.157568200,0.103568200,1
'2026-08-22 08:21:40.157982400,0.103982400,0
'2026-08-22 08:21:40.157984700,0.103984700,1
'2026-08-22 08:21:40.157998900,0.103998900,0
'2026-08-22 08:21:40.158010800,0.104010800,1
'2026-08-22 08:21:40.158025000,0.104025000,0
'2026-08-22 08:21:40.158036800,0.104036800,1
'2026-08-22 08:21:40.158050800,0.104050800,0
'2026-08-22 08:21:40.158051300,0.104051300,1
'2026-08-22 08:21:40.158051400,0.104051400,0
'2026-08-22 08:21:40.158051700,0.104051700,1
'2026-08-22 08:21:40.158052000,0.104052000,0
'2026-08-22 08:21:40.158054100,0.104054100,1
'2026-08-22 08:21:40.158054200,0.104054200,0
'2026-08-22 08:21:40.158062800,0.104062800,1
'2026-08-22 08:21:40.158077100,0.104077100,0
'2026-08-22 08:21:40.158088900,0.104088900,1
'2026-08-22 08:21:40.158103300,0.104103300,0
'2026-08-22 08:21:40.158114900,0.104114900,1
'2026-08-22 08:21:40.158129100,0.104129100,0
'2026-08-22 08:21:40.158141000,0.104141000,1
'2026-08-22 08:21:40.158155200,0.104155200,0
'2026-08-22 08:21:40.158167000,0.104167000,1
'2026-08-22 08:21:40.158181200,0.104181200,0
'2026-08-22 08:21:40.158193100,0.104193100,1
'2026-08-22 08:21:40.158207300,0.104207300,0
'2026-08-22 08:21:40.158219100,0.104219100,1
'2026-08-22 08:21:40.158233300,0.104233300,0
'2026-08-22 08:21:40.158233500,0.104233500,1
'2026-08-22 08:21:40.158233600,0.104233600,0
'2026-08-22 08:21:40.158245200,0.104245200,1
'2026-08-22 08:21:40.158259400,0.104259400,0
'2026-08-22 08:21:40.158271200,0.104271200,1
'2026-08-22 08:21:40.158285600,0.104285600,0
'2026-08-22 08:21:40.158297200,0.104297200,1
'2026-08-22 08:21:40.158311500,0.104311500,0
'2026-08-22 08:21:40.158323300,0.104323300,1
'2026-08-22 08:21:40.158337600,0.104337600,0
'2026-08-22 08:21:40.158349300,0.104349300,1
'2026-08-22 08:21:40.158363600,0.104363600,0
'2026-08-22 08:21:40.158375400,0.104375400,1
'2026-08-22 08:21:40.158389600,0.104389600,0
'2026-08-22 08:21:40.158391500,0.104391500,1
'2026-08-22 08:21:40.158806200,0.104806200,0
'2026-08-22 08:21:40.158817900,0.104817900,1
'2026-08-22 08:21:40.158832100,0.104832100,0
'2026-08-22 08:21:40.158844000,0.104844000,1
'2026-08-22 08:21:40.158858200,0.104858200,0
'2026-08-22 08:21:40.158870000,0.104870000,1
'2026-08-22 08:21:40.158884400,0.104884400,0
'2026-08-22 08:21:40.158896000,0.104896000,1
'2026-08-22 08:21:40.158910200,0.104910200,0
'2026-08-22 08:21:40.158922100,0.104922100,1
'2026-08-22 08:21:40.158936600,0.104936600,0
'2026-08-22 08:21:40.158948100,0.104948100,1
'2026-08-22 08:21:40.158962300,0.104962300,0
'2026-08-22 08:21:40.158974200,0.104974200,1
'2026-08-22 08:21:40.158988500,0.104988500,0
'2026-08-22 08:21:40.159000200,0.105000200,1
'2026-08-22 08:21:40.159014400,0.105014400,0
'2026-08-22 08:21:40.159026300,0.105026300,1
'2026-08-22 08:21:40.159040500,0.105040500,0
'2026-08-22 08:21:40.159052300,0.105052300,1
'2026-08-22 08:21:40.159066500,0.105066500,0
'2026-08-22 08:21:40.159066600,0.105066600,1
'2026-08-22 08:21:40.159066700,0.105066700,0
'2026-08-22 08:21:40.159078300,0.105078300,1
'2026-08-22 08:21:40.159092600,0.105092600,0
'2026-08-22 08:21:40.159104400,0.105104400,1
'2026-08-22 08:21:40.159118700,0.105118700,0
'2026-08-22 08:21:40.159130400,0.105130400,1
'2026-08-22 08:21:40.159144700,0.105144700,0
'2026-08-22 08:21:40.159156500,0.105156500,1
'2026-08-22 08:21:40.159170800,0.105170800,0
'2026-08-22 08:21:40.159182500,0.105182500,1
'2026-08-22 08:21:40.159196800,0.105196800,0
'2026-08-22 08:21:40.159208500,0.105208500,1
'2026-08-22 08:21:40.159639400,0.105639400,0
'2026-08-22 08:21:40.159651100,0.105651100,1
'2026-08-22 08:21:40.159665200,0.105665200,0
'2026-08-22 08:21:40.159677100,0.105677100,1
'2026-08-22 08:21:40.159691300,0.105691300,0
'2026-08-22 08:21:40.159703100,0.105703100,1
'2026-08-22 08:21:40.159717300,0.105717300,0
'2026-08-22 08:21:40.159729200,0.105729200,1
'2026-08-22 08:21:40.159743500,0.105743500,0
'2026-08-22 08:21:40.159755200,0.105755200,1
'2026-08-22 08:21:40.159769600,0.105769600,0
'2026-08-22 08:21:40.159778800,0.105778800,1
'2026-08-22 08:21:40.159778900,0.105778900,0
'2026-08-22 08:21:40.159781300,0.105781300,1
'2026-08-22 08:21:40.159795500,0.105795500,0
'2026-08-22 08:21:40.159807300,0.105807300,1
'2026-08-22 08:21:40.159821600,0.105821600,0
'2026-08-22 08:21:40.159833400,0.105833400,1
'2026-08-22 08:21:40.159847600,0.105847600,0
'2026-08-22 08:21:40.159859400,0.105859400,1
'2026-08-22 08:21:40.159873700,0.105873700,0
'2026-08-22 08:21:40.159885500,0.105885500,1
'2026-08-22 08:21:40.159899800,0.105899800,0
'2026-08-22 08:21:40.159911500,0.105911500,1
'2026-08-22 08:21:40.159925700,0.105925700,0
'2026-08-22 08:21:40.159937500,0.105937500,1
'2026-08-22 08:21:40.159951800,0.105951800,0
'2026-08-22 08:21:40.159963600,0.105963600,1
'2026-08-22 08:21:40.159977800,0.105977800,0
'2026-08-22 08:21:40.159977900,0.105977900,1
'2026-08-22 08:21:40.159978000,0.105978000,0
'2026-08-22 08:21:40.159989600,0.105989600,1
'2026-08-22 08:21:40.160003900,0.106003900,0
'2026-08-22 08:21:40.160015700,0.106015700,1
'2026-08-22 08:21:40.160029800,0.106029800,0
'2026-08-22 08:21:40.160029900,0.106029900,1
'2026-08-22 08:21:40.160030000,0.106030000,0
'2026-08-22 08:21:40.160035600,0.106035600,1
'2026-08-22 08:21:40.160456400,0.106456400,0
'2026-08-22 08:21:40.160458200,0.106458200,1
'2026-08-22 08:21:40.160472400,0.106472400,0
'2026-08-22 08:21:40.160484200,0.106484200,1
'2026-08-22 08:21:40.160498600,0.106498600,0
'2026-08-22 08:21:40.160510300,0.106510300,1
'2026-08-22 08:21:40.160524600,0.106524600,0
'2026-08-22 08:21:40.160536300,0.106536300,1
'2026-08-22 08:21:40.160550600,0.106550600,0
'2026-08-22 08:21:40.160562400,0.106562400,1
'2026-08-22 08:21:40.160576800,0.106576800,0
'2026-08-22 08:21:40.160588400,0.106588400,1
'2026-08-22 08:21:40.160602600,0.106602600,0
'2026-08-22 08:21:40.160614500,0.106614500,1
'2026-08-22 08:21:40.160628800,0.106628800,0
'2026-08-22 08:21:40.160638500,0.106638500,1
'2026-08-22 08:21:40.160638600,0.106638600,0
'2026-08-22 08:21:40.160640500,0.106640500,1
'2026-08-22 08:21:40.160654700,0.106654700,0
'2026-08-22 08:21:40.160666600,0.106666600,1
'2026-08-22 08:21:40.160680800,0.106680800,0
'2026-08-22 08:21:40.160692600,0.106692600,1
'2026-08-22 08:21:40.160707000,0.106707000,0
'2026-08-22 08:21:40.160718600,0.106718600,1
'2026-08-22 08:21:40.160732800,0.106732800,0
'2026-08-22 08:21:40.160744700,0.106744700,1
'2026-08-22 08:21:40.160759100,0.106759100,0
'2026-08-22 08:21:40.160770700,0.106770700,1
'2026-08-22 08:21:40.160785000,0.106785000,0
'2026-08-22 08:21:40.160796800,0.106796800,1
'2026-08-22 08:21:40.160811100,0.106811100,0
'2026-08-22 08:21:40.160819100,0.106819100,1
'2026-08-22 08:21:40.160819200,0.106819200,0
'2026-08-22 08:21:40.160822800,0.106822800,1
'2026-08-22 08:21:40.160837100,0.106837100,0
'2026-08-22 08:21:40.160839800,0.106839800,1
'2026-08-22 08:21:40.160839900,0.106839900,0
'2026-08-22 08:21:40.160848900,0.106848900,1
'2026-08-22 08:21:40.160863100,0.106863100,0
'2026-08-22 08:21:40.160865300,0.106865300,1
'2026-08-22 08:21:40.161279700,0.107279700,0
'2026-08-22 08:21:40.161291400,0.107291400,1
'2026-08-22 08:21:40.161305600,0.107305600,0
'2026-08-22 08:21:40.161317400,0.107317400,1
'2026-08-22 08:21:40.161331700,0.107331700,0
'2026-08-22 08:21:40.161343500,0.107343500,1
'2026-08-22 08:21:40.161357700,0.107357700,0
'2026-08-22 08:21:40.161369500,0.107369500,1
'2026-08-22 08:21:40.161383800,0.107383800,0
'2026-08-22 08:21:40.161395600,0.107395600,1
'2026-08-22 08:21:40.161409700,0.107409700,0
'2026-08-22 08:21:40.161421600,0.107421600,1
'2026-08-22 08:21:40.161435800,0.107435800,0
'2026-08-22 08:21:40.161447700,0.107447700,1
'2026-08-22 08:21:40.161462100,0.107462100,0
'2026-08-22 08:21:40.161473700,0.107473700,1
'2026-08-22 08:21:40.161487900,0.107487900,0
'2026-08-22 08:21:40.161499700,0.107499700,1
'2026-08-22 08:21:40.161514200,0.107514200,0
'2026-08-22 08:21:40.161525800,0.107525800,1
'2026-08-22 08:21:40.161540000,0.107540000,0
'2026-08-22 08:21:40.161551800,0.107551800,1
'2026-08-22 08:21:40.161566100,0.107566100,0
'2026-08-22 08:21:40.161577900,0.107577900,1
'2026-08-22 08:21:40.161592100,0.107592100,0
'2026-08-22 08:21:40.161603900,0.107603900,1
'2026-08-22 08:21:40.161618200,0.107618200,0
'2026-08-22 08:21:40.161629900,0.107629900,1
'2026-08-22 08:21:40.161644200,0.107644200,0
'2026-08-22 08:21:40.161644300,0.107644300,1
'2026-08-22 08:21:40.161644400,0.107644400,0
'2026-08-22 08:21:40.161656000,0.107656000,1
'2026-08-22 08:21:40.161670200,0.107670200,0
'2026-08-22 08:21:40.161682000,0.107682000,1
'2026-08-22 08:21:40.162112700,0.108112700,0
'2026-08-22 08:21:40.162124600,0.108124600,1
'2026-08-22 08:21:40.162138900,0.108138900,0
'2026-08-22 08:21:40.162150600,0.108150600,1
'2026-08-22 08:21:40.162164800,0.108164800,0
'2026-08-22 08:21:40.162176600,0.108176600,1
'2026-08-22 08:21:40.162190800,0.108190800,0
'2026-08-22 08:21:40.162196500,0.108196500,1
'2026-08-22 08:21:40.162196600,0.108196600,0
'2026-08-22 08:21:40.162202700,0.108202700,1
'2026-08-22 08:21:40.162217000,0.108217000,0
'2026-08-22 08:21:40.162217700,0.108217700,1
'2026-08-22 08:21:40.162217800,0.108217800,0
'2026-08-22 08:21:40.162228700,0.108228700,1
'2026-08-22 08:21:40.162243000,0.108243000,0
'2026-08-22 08:21:40.162254800,0.108254800,1
'2026-08-22 08:21:40.162269000,0.108269000,0
'2026-08-22 08:21:40.162269100,0.108269100,1
'2026-08-22 08:21:40.162269200,0.108269200,0
'2026-08-22 08:21:40.162280800,0.108280800,1
'2026-08-22 08:21:40.162295000,0.108295000,0
'2026-08-22 08:21:40.162306900,0.108306900,1
'2026-08-22 08:21:40.162321200,0.108321200,0
'2026-08-22 08:21:40.162332900,0.108332900,1
'2026-08-22 08:21:40.162347100,0.108347100,0
'2026-08-22 08:21:40.162358900,0.108358900,1
'2026-08-22 08:21:40.162373200,0.108373200,0
'2026-08-22 08:21:40.162385000,0.108385000,1
'2026-08-22 08:21:40.162399100,0.108399100,0
'2026-08-22 08:21:40.162411000,0.108411000,1
'2026-08-22 08:21:40.162425300,0.108425300,0
'2026-08-22 08:21:40.162437000,0.108437000,1
'2026-08-22 08:21:40.162451300,0.108451300,0
'2026-08-22 08:21:40.162463100,0.108463100,1
'2026-08-22 08:21:40.162477400,0.108477400,0
'2026-08-22 08:21:40.162489100,0.108489100,1
'2026-08-22 08:21:40.162503300,0.108503300,0
'2026-08-22 08:21:40.162503500,0.108503500,1
'2026-08-22 08:21:40.162503600,0.108503600,0
'2026-08-22 08:21:40.162508500,0.108508500,1
'2026-08-22 08:21:40.162508600,0.108508600,0
'2026-08-22 08:21:40.162509400,0.108509400,1
'2026-08-22 08:21:40.162922600,0.108922600,0
'2026-08-22 08:21:40.162931700,0.108931700,1
'2026-08-22 08:21:40.162945900,0.108945900,0
'2026-08-22 08:21:40.162957700,0.108957700,1
'2026-08-22 08:21:40.162972100,0.108972100,0
'2026-08-22 08:21:40.162983700,0.108983700,1
'2026-08-22 08:21:40.162997900,0.108997900,0
'2026-08-22 08:21:40.163009800,0.109009800,1
'2026-08-22 08:21:40.163024100,0.109024100,0
'2026-08-22 08:21:40.163031600,0.109031600,1
'2026-08-22 08:21:40.163031700,0.109031700,0
'2026-08-22 08:21:40.163035800,0.109035800,1
'2026-08-22 08:21:40.163050100,0.109050100,0
'2026-08-22 08:21:40.163061900,0.109061900,1
'2026-08-22 08:21:40.163076200,0.109076200,0
'2026-08-22 08:21:40.163087900,0.109087900,1
'2026-08-22 08:21:40.163102300,0.109102300,0
'2026-08-22 08:21:40.163113900,0.109113900,1
'2026-08-22 08:21:40.163128200,0.109128200,0
'2026-08-22 08:21:40.163140000,0.109140000,1
'2026-08-22 08:21:40.163154400,0.109154400,0
'2026-08-22 08:21:40.163166000,0.109166000,1
'2026-08-22 08:21:40.163180400,0.109180400,0
'2026-08-22 08:21:40.163192100,0.109192100,1
'2026-08-22 08:21:40.163206400,0.109206400,0
'2026-08-22 08:21:40.163218100,0.109218100,1
'2026-08-22 08:21:40.163232400,0.109232400,0
'2026-08-22 08:21:40.163232500,0.109232500,1
'2026-08-22 08:21:40.163232600,0.109232600,0
'2026-08-22 08:21:40.163242600,0.109242600,1
'2026-08-22 08:21:40.163242700,0.109242700,0
'2026-08-22 08:21:40.163244100,0.109244100,1
'2026-08-22 08:21:40.163258500,0.109258500,0
'2026-08-22 08:21:40.163270200,0.109270200,1
'2026-08-22 08:21:40.163284400,0.109284400,0
'2026-08-22 08:21:40.163296200,0.109296200,1
'2026-08-22 08:21:40.163310500,0.109310500,0
'2026-08-22 08:21:40.163322300,0.109322300,1
'2026-08-22 08:21:40.163752900,0.109752900,0
'2026-08-22 08:21:40.163764800,0.109764800,1
'2026-08-22 08:21:40.163779000,0.109779000,0
'2026-08-22 08:21:40.163790900,0.109790900,1
'2026-08-22 08:21:40.163805000,0.109805000,0
'2026-08-22 08:21:40.163816900,0.109816900,1
'2026-08-22 08:21:40.163831200,0.109831200,0
'2026-08-22 08:21:40.163842900,0.109842900,1
'2026-08-22 08:21:40.163857300,0.109857300,0
'2026-08-22 08:21:40.163869000,0.109869000,1
'2026-08-22 08:21:40.163883200,0.109883200,0
'2026-08-22 08:21:40.163895000,0.109895000,1
'2026-08-22 08:21:40.163909300,0.109909300,0
'2026-08-22 08:21:40.163921100,0.109921100,1
'2026-08-22 08:21:40.163935200,0.109935200,0
'2026-08-22 08:21:40.163935300,0.109935300,1
'2026-08-22 08:21:40.163935400,0.109935400,0
'2026-08-22 08:21:40.163947100,0.109947100,1
'2026-08-22 08:21:40.163961300,0.109961300,0
'2026-08-22 08:21:40.163967600,0.109967600,1
'2026-08-22 08:21:40.163967700,0.109967700,0
'2026-08-22 08:21:40.163973100,0.109973100,1
'2026-08-22 08:21:40.163987500,0.109987500,0
'2026-08-22 08:21:40.163999200,0.109999200,1
'2026-08-22 08:21:40.164013400,0.110013400,0
'2026-08-22 08:21:40.164017600,0.110017600,1
'2026-08-22 08:21:40.164017700,0.110017700,0
'2026-08-22 08:21:40.164025200,0.110025200,1
'2026-08-22 08:21:40.164039600,0.110039600,0
'2026-08-22 08:21:40.164051300,0.110051300,1
'2026-08-22 08:21:40.164065500,0.110065500,0
'2026-08-22 08:21:40.164066700,0.110066700,1
'2026-08-22 08:21:40.164066800,0.110066800,0
'2026-08-22 08:21:40.164077300,0.110077300,1
'2026-08-22 08:21:40.164091600,0.110091600,0
'2026-08-22 08:21:40.164103300,0.110103300,1
'2026-08-22 08:21:40.164117500,0.110117500,0
'2026-08-22 08:21:40.164117600,0.110117600,1
'2026-08-22 08:21:40.164117700,0.110117700,0
'2026-08-22 08:21:40.164129400,0.110129400,1
'2026-08-22 08:21:40.164143600,0.110143600,0
'2026-08-22 08:21:40.164153500,0.110153500,1
'2026-08-22 08:21:40.164586100,0.110586100,0
'2026-08-22 08:21:40.164597900,0.110597900,1
'2026-08-22 08:21:40.164612200,0.110612200,0
'2026-08-22 08:21:40.164624000,0.110624000,1
'2026-08-22 08:21:40.164638300,0.110638300,0
'2026-08-22 08:21:40.164650000,0.110650000,1
'2026-08-22 08:21:40.164664300,0.110664300,0
'2026-08-22 08:21:40.164676100,0.110676100,1
'2026-08-22 08:21:40.164690300,0.110690300,0
'2026-08-22 08:21:40.164702100,0.110702100,1
'2026-08-22 08:21:40.164716400,0.110716400,0
'2026-08-22 08:21:40.164728200,0.110728200,1
'2026-08-22 08:21:40.164742400,0.110742400,0
'2026-08-22 08:21:40.164754200,0.110754200,1
'2026-08-22 08:21:40.164768400,0.110768400,0
'2026-08-22 08:21:40.164780300,0.110780300,1
'2026-08-22 08:21:40.164794600,0.110794600,0
'2026-08-22 08:21:40.164806300,0.110806300,1
'2026-08-22 08:21:40.164820600,0.110820600,0
'2026-08-22 08:21:40.164832300,0.110832300,1
'2026-08-22 08:21:40.164846600,0.110846600,0
'2026-08-22 08:21:40.164858400,0.110858400,1
'2026-08-22 08:21:40.164872700,0.110872700,0
'2026-08-22 08:21:40.164884400,0.110884400,1
'2026-08-22 08:21:40.164898600,0.110898600,0
'2026-08-22 08:21:40.164910500,0.110910500,1
'2026-08-22 08:21:40.164924800,0.110924800,0
'2026-08-22 08:21:40.164936500,0.110936500,1
'2026-08-22 08:21:40.164950700,0.110950700,0
'2026-08-22 08:21:40.164962600,0.110962600,1
'2026-08-22 08:21:40.164976800,0.110976800,0
'2026-08-22 08:21:40.164983200,0.110983200,1
'2026-08-22 08:21:40.165396400,0.111396400,0
'2026-08-22 08:21:40.165396500,0.111396500,1
'2026-08-22 08:21:40.165396600,0.111396600,0
'2026-08-22 08:21:40.165405100,0.111405100,1
'2026-08-22 08:21:40.165419400,0.111419400,0
'2026-08-22 08:21:40.165431200,0.111431200,1
'2026-08-22 08:21:40.165445400,0.111445400,0
'2026-08-22 08:21:40.165457200,0.111457200,1
'2026-08-22 08:21:40.165471500,0.111471500,0
'2026-08-22 08:21:40.165483300,0.111483300,1
'2026-08-22 08:21:40.165497400,0.111497400,0
'2026-08-22 08:21:40.165509300,0.111509300,1
'2026-08-22 08:21:40.165523600,0.111523600,0
'2026-08-22 08:21:40.165535300,0.111535300,1
'2026-08-22 08:21:40.165549700,0.111549700,0
'2026-08-22 08:21:40.165561400,0.111561400,1
'2026-08-22 08:21:40.165575600,0.111575600,0
'2026-08-22 08:21:40.165587400,0.111587400,1
'2026-08-22 08:21:40.165601600,0.111601600,0
'2026-08-22 08:21:40.165613500,0.111613500,1
'2026-08-22 08:21:40.165627700,0.111627700,0
'2026-08-22 08:21:40.165639500,0.111639500,1
'2026-08-22 08:21:40.165653700,0.111653700,0
'2026-08-22 08:21:40.165665600,0.111665600,1
'2026-08-22 08:21:40.165679900,0.111679900,0
'2026-08-22 08:21:40.165691600,0.111691600,1
'2026-08-22 08:21:40.165705900,0.111705900,0
'2026-08-22 08:21:40.165706100,0.111706100,1
'2026-08-22 08:21:40.165706200,0.111706200,0
'2026-08-22 08:21:40.165717600,0.111717600,1
'2026-08-22 08:21:40.165731900,0.111731900,0
'2026-08-22 08:21:40.165743700,0.111743700,1
'2026-08-22 08:21:40.165758200,0.111758200,0
'2026-08-22 08:21:40.165765700,0.111765700,1
'2026-08-22 08:21:40.165765800,0.111765800,0
'2026-08-22 08:21:40.165769700,0.111769700,1
'2026-08-22 08:21:40.165784000,0.111784000,0
'2026-08-22 08:21:40.165790300,0.111790300,1
'2026-08-22 08:21:40.165790400,0.111790400,0
'2026-08-22 08:21:40.165795800,0.111795800,1
'2026-08-22 08:21:40.166226500,0.112226500,0
'2026-08-22 08:21:40.166238300,0.112238300,1
'2026-08-22 08:21:40.166252600,0.112252600,0
'2026-08-22 08:21:40.166264300,0.112264300,1
'2026-08-22 08:21:40.166278700,0.112278700,0
'2026-08-22 08:21:40.166279800,0.112279800,1
'2026-08-22 08:21:40.166279900,0.112279900,0
'2026-08-22 08:21:40.166290400,0.112290400,1
'2026-08-22 08:21:40.166304600,0.112304600,0
'2026-08-22 08:21:40.166316400,0.112316400,1
'2026-08-22 08:21:40.166330800,0.112330800,0
'2026-08-22 08:21:40.166331700,0.112331700,1
'2026-08-22 08:21:40.166331800,0.112331800,0
'2026-08-22 08:21:40.166342500,0.112342500,1
'2026-08-22 08:21:40.166356600,0.112356600,0
'2026-08-22 08:21:40.166368500,0.112368500,1
'2026-08-22 08:21:40.166382800,0.112382800,0
'2026-08-22 08:21:40.166394600,0.112394600,1
'2026-08-22 08:21:40.166409000,0.112409000,0
'2026-08-22 08:21:40.166420600,0.112420600,1
'2026-08-22 08:21:40.166434800,0.112434800,0
'2026-08-22 08:21:40.166446600,0.112446600,1
'2026-08-22 08:21:40.166461000,0.112461000,0
'2026-08-22 08:21:40.166472700,0.112472700,1
'2026-08-22 08:21:40.166486800,0.112486800,0
'2026-08-22 08:21:40.166498700,0.112498700,1
'2026-08-22 08:21:40.166513000,0.112513000,0
'2026-08-22 08:21:40.166524800,0.112524800,1
'2026-08-22 08:21:40.166539200,0.112539200,0
'2026-08-22 08:21:40.166550800,0.112550800,1
'2026-08-22 08:21:40.166565000,0.112565000,0
'2026-08-22 08:21:40.166576800,0.112576800,1
'2026-08-22 08:21:40.166591200,0.112591200,0
'2026-08-22 08:21:40.166592300,0.112592300,1
'2026-08-22 08:21:40.166592400,0.112592400,0
'2026-08-22 08:21:40.166602900,0.112602900,1
'2026-08-22 08:21:40.166617000,0.112617000,0
'2026-08-22 08:21:40.166627000,0.112627000,1
'2026-08-22 08:21:40.167840700,0.113840700,0
'2026-08-22 08:21:40.167852500,0.113852500,1
'2026-08-22 08:21:40.167866600,0.113866600,0
'2026-08-22 08:21:40.167875500,0.113875500,1
'2026-08-22 08:21:40.167875600,0.113875600,0
'2026-08-22 08:21:40.167878500,0.113878500,1
'2026-08-22 08:21:40.167892700,0.113892700,0
'2026-08-22 08:21:40.167904600,0.113904600,1
'2026-08-22 08:21:40.167919000,0.113919000,0
'2026-08-22 08:21:40.167930600,0.113930600,1
'2026-08-22 08:21:40.167944800,0.113944800,0
'2026-08-22 08:21:40.167956700,0.113956700,1
'2026-08-22 08:21:40.167971000,0.113971000,0
'2026-08-22 08:21:40.167982700,0.113982700,1
'2026-08-22 08:21:40.167996900,0.113996900,0
'2026-08-22 08:21:40.168008700,0.114008700,1
'2026-08-22 08:21:40.168023000,0.114023000,0
'2026-08-22 08:21:40.168034800,0.114034800,1
'2026-08-22 08:21:40.168049100,0.114049100,0
'2026-08-22 08:21:40.168060800,0.114060800,1
'2026-08-22 08:21:40.168075100,0.114075100,0
'2026-08-22 08:21:40.168086900,0.114086900,1
'2026-08-22 08:21:40.168101500,0.114101500,0
'2026-08-22 08:21:40.168102900,0.114102900,1
'2026-08-22 08:21:40.168103000,0.114103000,0
'2026-08-22 08:21:40.168112900,0.114112900,1
'2026-08-22 08:21:40.168127000,0.114127000,0
'2026-08-22 08:21:40.168139000,0.114139000,1
'2026-08-22 08:21:40.168153300,0.114153300,0
'2026-08-22 08:21:40.168165000,0.114165000,1
'2026-08-22 08:21:40.168179200,0.114179200,0
'2026-08-22 08:21:40.168191000,0.114191000,1
'2026-08-22 08:21:40.168205300,0.114205300,0
'2026-08-22 08:21:40.168217100,0.114217100,1
'2026-08-22 08:21:40.168231400,0.114231400,0
'2026-08-22 08:21:40.168243100,0.114243100,1
'2026-08-22 08:21:40.169456400,0.115456400,0
'2026-08-22 08:21:40.169466600,0.115466600,1
'2026-08-22 08:21:40.169480800,0.115480800,0
'2026-08-22 08:21:40.169492700,0.115492700,1
'2026-08-22 08:21:40.169506900,0.115506900,0
'2026-08-22 08:21:40.169518700,0.115518700,1
'2026-08-22 08:21:40.169532900,0.115532900,0
'2026-08-22 08:21:40.169544800,0.115544800,1
'2026-08-22 08:21:40.169559000,0.115559000,0
'2026-08-22 08:21:40.169559300,0.115559300,1
'2026-08-22 08:21:40.169559400,0.115559400,0
'2026-08-22 08:21:40.169570800,0.115570800,1
'2026-08-22 08:21:40.169585000,0.115585000,0
'2026-08-22 08:21:40.169596800,0.115596800,1
'2026-08-22 08:21:40.169611100,0.115611100,0
'2026-08-22 08:21:40.169611300,0.115611300,1
'2026-08-22 08:21:40.169611400,0.115611400,0
'2026-08-22 08:21:40.169622900,0.115622900,1
'2026-08-22 08:21:40.169637100,0.115637100,0
'2026-08-22 08:21:40.169648900,0.115648900,1
'2026-08-22 08:21:40.169663100,0.115663100,0
'2026-08-22 08:21:40.169675000,0.115675000,1
'2026-08-22 08:21:40.169689200,0.115689200,0
'2026-08-22 08:21:40.169701000,0.115701000,1
'2026-08-22 08:21:40.169715200,0.115715200,0
'2026-08-22 08:21:40.169715300,0.115715300,1
'2026-08-22 08:21:40.169715400,0.115715400,0
'2026-08-22 08:21:40.169727100,0.115727100,1
'2026-08-22 08:21:40.169741400,0.115741400,0
'2026-08-22 08:21:40.169753100,0.115753100,1
'2026-08-22 08:21:40.169767400,0.115767400,0
'2026-08-22 08:21:40.169779100,0.115779100,1
'2026-08-22 08:21:40.169793300,0.115793300,0
'2026-08-22 08:21:40.169793700,0.115793700,1
'2026-08-22 08:21:40.169793800,0.115793800,0
'2026-08-22 08:21:40.169805200,0.115805200,1
'2026-08-22 08:21:40.169819500,0.115819500,0
'2026-08-22 08:21:40.169831200,0.115831200,1
'2026-08-22 08:21:40.169845500,0.115845500,0
'2026-08-22 08:21:40.169857300,0.115857300,1
'2026-08-22 08:21:40.171069000,0.117069000,0
'2026-08-22 08:21:40.171080800,0.117080800,1
'2026-08-22 08:21:40.171095000,0.117095000,0
'2026-08-22 08:21:40.171106900,0.117106900,1
'2026-08-22 08:21:40.171121200,0.117121200,0
'2026-08-22 08:21:40.171132900,0.117132900,1
'2026-08-22 08:21:40.171147100,0.117147100,0
'2026-08-22 08:21:40.171147200,0.117147200,1
'2026-08-22 08:21:40.171147300,0.117147300,0
'2026-08-22 08:21:40.171159000,0.117159000,1
'2026-08-22 08:21:40.171173200,0.117173200,0
'2026-08-22 08:21:40.171185000,0.117185000,1
'2026-08-22 08:21:40.171199300,0.117199300,0
'2026-08-22 08:21:40.171211000,0.117211000,1
'2026-08-22 08:21:40.171225200,0.117225200,0
'2026-08-22 08:21:40.171237100,0.117237100,1
'2026-08-22 08:21:40.171251400,0.117251400,0
'2026-08-22 08:21:40.171263100,0.117263100,1
'2026-08-22 08:21:40.171277300,0.117277300,0
'2026-08-22 08:21:40.171289200,0.117289200,1
'2026-08-22 08:21:40.171303400,0.117303400,0
'2026-08-22 08:21:40.171315200,0.117315200,1
'2026-08-22 08:21:40.171329500,0.117329500,0
'2026-08-22 08:21:40.171341300,0.117341300,1
'2026-08-22 08:21:40.171355500,0.117355500,0
'2026-08-22 08:21:40.171367300,0.117367300,1
'2026-08-22 08:21:40.171381600,0.117381600,0
'2026-08-22 08:21:40.171393400,0.117393400,1
'2026-08-22 08:21:40.171407500,0.117407500,0
'2026-08-22 08:21:40.171412700,0.117412700,1
'2026-08-22 08:21:40.171412800,0.117412800,0
'2026-08-22 08:21:40.171419400,0.117419400,1
'2026-08-22 08:21:40.171433700,0.117433700,0
'2026-08-22 08:21:40.171445400,0.117445400,1
'2026-08-22 08:21:40.171459800,0.117459800,0
'2026-08-22 08:21:40.171471500,0.117471500,1
'2026-08-22 08:21:40.172687200,0.118687200,0
'2026-08-22 08:21:40.172687300,0.118687300,1
'2026-08-22 08:21:40.172687400,0.118687400,0
'2026-08-22 08:21:40.172695000,0.118695000,1
'2026-08-22 08:21:40.172709200,0.118709200,0
'2026-08-22 08:21:40.172721000,0.118721000,1
'2026-08-22 08:21:40.172735100,0.118735100,0
'2026-08-22 08:21:40.172747100,0.118747100,1
'2026-08-22 08:21:40.172761300,0.118761300,0
'2026-08-22 08:21:40.172773100,0.118773100,1
'2026-08-22 08:21:40.172787400,0.118787400,0
'2026-08-22 08:21:40.172790400,0.118790400,1
'2026-08-22 08:21:40.172790500,0.118790500,0
'2026-08-22 08:21:40.172799100,0.118799100,1
'2026-08-22 08:21:40.172813400,0.118813400,0
'2026-08-22 08:21:40.172825200,0.118825200,1
'2026-08-22 08:21:40.172839500,0.118839500,0
'2026-08-22 08:21:40.172851200,0.118851200,1
'2026-08-22 08:21:40.172865400,0.118865400,0
'2026-08-22 08:21:40.172877300,0.118877300,1
'2026-08-22 08:21:40.172891500,0.118891500,0
'2026-08-22 08:21:40.172903300,0.118903300,1
'2026-08-22 08:21:40.172917500,0.118917500,0
'2026-08-22 08:21:40.172929400,0.118929400,1
'2026-08-22 08:21:40.172943500,0.118943500,0
'2026-08-22 08:21:40.172955400,0.118955400,1
'2026-08-22 08:21:40.172969700,0.118969700,0
'2026-08-22 08:21:40.172981400,0.118981400,1
'2026-08-22 08:21:40.172995600,0.118995600,0
'2026-08-22 08:21:40.172996600,0.118996600,1
'2026-08-22 08:21:40.172996700,0.118996700,0
'2026-08-22 08:21:40.173007500,0.119007500,1
'2026-08-22 08:21:40.173021700,0.119021700,0
'2026-08-22 08:21:40.173033500,0.119033500,1
'2026-08-22 08:21:40.173047700,0.119047700,0
'2026-08-22 08:21:40.173059600,0.119059600,1
'2026-08-22 08:21:40.173073900,0.119073900,0
'2026-08-22 08:21:40.173083000,0.119083000,1
'2026-08-22 08:21:40.173083100,0.119083100,0
'2026-08-22 08:21:40.173085600,0.119085600,1
'2026-08-22 08:21:40.173516400,0.119516400,0
'2026-08-22 08:21:40.173528200,0.119528200,1
'2026-08-22 08:21:40.173542400,0.119542400,0
'2026-08-22 08:21:40.173554200,0.119554200,1
'2026-08-22 08:21:40.173568500,0.119568500,0
'2026-08-22 08:21:40.173580300,0.119580300,1
'2026-08-22 08:21:40.173594600,0.119594600,0
'2026-08-22 08:21:40.173606300,0.119606300,1
'2026-08-22 08:21:40.173620500,0.119620500,0
'2026-08-22 08:21:40.173632400,0.119632400,1
'2026-08-22 08:21:40.173646600,0.119646600,0
'2026-08-22 08:21:40.173658400,0.119658400,1
'2026-08-22 08:21:40.173672600,0.119672600,0
'2026-08-22 08:21:40.173684500,0.119684500,1
'2026-08-22 08:21:40.173698600,0.119698600,0
'2026-08-22 08:21:40.173710500,0.119710500,1
'2026-08-22 08:21:40.173724800,0.119724800,0
'2026-08-22 08:21:40.173736600,0.119736600,1
'2026-08-22 08:21:40.173750800,0.119750800,0
'2026-08-22 08:21:40.173762600,0.119762600,1
'2026-08-22 08:21:40.173776800,0.119776800,0
'2026-08-22 08:21:40.173788600,0.119788600,1
'2026-08-22 08:21:40.173802800,0.119802800,0
'2026-08-22 08:21:40.173814700,0.119814700,1
'2026-08-22 08:21:40.173828800,0.119828800,0
'2026-08-22 08:21:40.173840700,0.119840700,1
'2026-08-22 08:21:40.173855200,0.119855200,0
'2026-08-22 08:21:40.173866800,0.119866800,1
'2026-08-22 08:21:40.173880800,0.119880800,0
'2026-08-22 08:21:40.173892800,0.119892800,1
'2026-08-22 08:21:40.173907100,0.119907100,0
'2026-08-22 08:21:40.173918500,0.119918500,1
'2026-08-22 08:21:40.174331200,0.120331200,0
'2026-08-22 08:21:40.174335400,0.120335400,1
'2026-08-22 08:21:40.174349600,0.120349600,0
'2026-08-22 08:21:40.174361400,0.120361400,1
'2026-08-22 08:21:40.174375600,0.120375600,0
'2026-08-22 08:21:40.174387500,0.120387500,1
'2026-08-22 08:21:40.174401700,0.120401700,0
'2026-08-22 08:21:40.174413500,0.120413500,1
'2026-08-22 08:21:40.174427700,0.120427700,0
'2026-08-22 08:21:40.174439500,0.120439500,1
'2026-08-22 08:21:40.174453800,0.120453800,0
'2026-08-22 08:21:40.174465600,0.120465600,1
'2026-08-22 08:21:40.174479800,0.120479800,0
'2026-08-22 08:21:40.174491600,0.120491600,1
'2026-08-22 08:21:40.174505800,0.120505800,0
'2026-08-22 08:21:40.174517700,0.120517700,1
'2026-08-22 08:21:40.174531900,0.120531900,0
'2026-08-22 08:21:40.174543700,0.120543700,1
'2026-08-22 08:21:40.174558000,0.120558000,0
'2026-08-22 08:21:40.174569800,0.120569800,1
'2026-08-22 08:21:40.174584000,0.120584000,0
'2026-08-22 08:21:40.174595800,0.120595800,1
'2026-08-22 08:21:40.174610000,0.120610000,0
'2026-08-22 08:21:40.174621900,0.120621900,1
'2026-08-22 08:21:40.174636200,0.120636200,0
'2026-08-22 08:21:40.174636300,0.120636300,1
'2026-08-22 08:21:40.174636400,0.120636400,0
'2026-08-22 08:21:40.174647900,0.120647900,1
'2026-08-22 08:21:40.174662200,0.120662200,0
'2026-08-22 08:21:40.174673900,0.120673900,1
'2026-08-22 08:21:40.174688100,0.120688100,0
'2026-08-22 08:21:40.174700000,0.120700000,1
'2026-08-22 08:21:40.174714200,0.120714200,0
'2026-08-22 08:21:40.174726000,0.120726000,1
'2026-08-22 08:21:40.175963700,0.121963700,0
'2026-08-22 08:21:40.175975600,0.121975600,1
'2026-08-22 08:21:40.175989800,0.121989800,0
'2026-08-22 08:21:40.176001700,0.122001700,1
'2026-08-22 08:21:40.176015800,0.122015800,0
'2026-08-22 08:21:40.176027700,0.122027700,1
'2026-08-22 08:21:40.176041900,0.122041900,0
'2026-08-22 08:21:40.176053700,0.122053700,1
'2026-08-22 08:21:40.176067900,0.122067900,0
'2026-08-22 08:21:40.176079800,0.122079800,1
'2026-08-22 08:21:40.176094100,0.122094100,0
'2026-08-22 08:21:40.176105800,0.122105800,1
'2026-08-22 08:21:40.176120000,0.122120000,0
'2026-08-22 08:21:40.176131900,0.122131900,1
'2026-08-22 08:21:40.176146100,0.122146100,0
'2026-08-22 08:21:40.176157900,0.122157900,1
'2026-08-22 08:21:40.176172000,0.122172000,0
'2026-08-22 08:21:40.176184000,0.122184000,1
'2026-08-22 08:21:40.176198200,0.122198200,0
'2026-08-22 08:21:40.176210000,0.122210000,1
'2026-08-22 08:21:40.176224100,0.122224100,0
'2026-08-22 08:21:40.176236000,0.122236000,1
'2026-08-22 08:21:40.176250200,0.122250200,0
'2026-08-22 08:21:40.176262100,0.122262100,1
'2026-08-22 08:21:40.176276300,0.122276300,0
'2026-08-22 08:21:40.176288100,0.122288100,1
'2026-08-22 08:21:40.176302300,0.122302300,0
'2026-08-22 08:21:40.176314200,0.122314200,1
'2026-08-22 08:21:40.176328400,0.122328400,0
'2026-08-22 08:21:40.176340200,0.122340200,1
'2026-08-22 08:21:40.176354300,0.122354300,0
'2026-08-22 08:21:40.176354500,0.122354500,1
'2026-08-22 08:21:40.176354600,0.122354600,0
'2026-08-22 08:21:40.176359700,0.122359700,1
'2026-08-22 08:21:40.176772900,0.122772900,0
'2026-08-22 08:21:40.176782700,0.122782700,1
'2026-08-22 08:21:40.176797000,0.122797000,0
'2026-08-22 08:21:40.176808800,0.122808800,1
'2026-08-22 08:21:40.176823000,0.122823000,0
'2026-08-22 08:21:40.176834800,0.122834800,1
'2026-08-22 08:21:40.176849100,0.122849100,0
'2026-08-22 08:21:40.176860900,0.122860900,1
'2026-08-22 08:21:40.176875100,0.122875100,0
'2026-08-22 08:21:40.176886900,0.122886900,1
'2026-08-22 08:21:40.176901200,0.122901200,0
'2026-08-22 08:21:40.176912900,0.122912900,1
'2026-08-22 08:21:40.176927200,0.122927200,0
'2026-08-22 08:21:40.176939000,0.122939000,1
'2026-08-22 08:21:40.176953400,0.122953400,0
'2026-08-22 08:21:40.176965000,0.122965000,1
'2026-08-22 08:21:40.176979200,0.122979200,0
'2026-08-22 08:21:40.176991100,0.122991100,1
'2026-08-22 08:21:40.177005200,0.123005200,0
'2026-08-22 08:21:40.177005300,0.123005300,1
'2026-08-22 08:21:40.177005400,0.123005400,0
'2026-08-22 08:21:40.177017100,0.123017100,1
'2026-08-22 08:21:40.177031400,0.123031400,0
'2026-08-22 08:21:40.177043200,0.123043200,1
'2026-08-22 08:21:40.177057400,0.123057400,0
'2026-08-22 08:21:40.177069200,0.123069200,1
'2026-08-22 08:21:40.177083400,0.123083400,0
'2026-08-22 08:21:40.177095200,0.123095200,1
'2026-08-22 08:21:40.177109500,0.123109500,0
'2026-08-22 08:21:40.177121300,0.123121300,1
'2026-08-22 08:21:40.177135400,0.123135400,0
'2026-08-22 08:21:40.177147300,0.123147300,1
'2026-08-22 08:21:40.177161600,0.123161600,0
'2026-08-22 08:21:40.177173400,0.123173400,1
'2026-08-22 08:21:40.254000000,0.200000000,0
