; CSV, generated by atk_libsigrok4 1.0.0 on 2026-08-22 08:39:05
; Channels (1/16)
; ChannelsType: 1
; Sample rate: 10 MHz
; Sample count: 1.907349 M
; Sampling time: 2026-08-22 08:39:00.124
SystemTime, Time(s), meow
'2026-08-22 08:39:00.124000000,0.000000000,1
'2026-08-22 08:39:00.124002000,0.000002000,0
'2026-08-22 08:39:00.124007700,0.000007700,1
'2026-08-22 08:39:00.124021900,0.000021900,0
'2026-08-22 08:39:00.124033700,0.000033700,1
'2026-08-22 08:39:00.124048000,0.000048000,0
'2026-08-22 08:39:00.124059700,0.000059700,1
'2026-08-22 08:39:00.124074000,0.000074000,0
'2026-08-22 08:39:00.124085800,0.000085800,1
'2026-08-22 08:39:00.124100100,0.000100100,0
'2026-08-22 08:39:00.124111800,0.000111800,1
'2026-08-22 08:39:00.124126000,0.000126000,0
'2026-08-22 08:39:00.124137800,0.000137800,1
'2026-08-22 08:39:00.124152100,0.000152100,0
'2026-08-22 08:39:00.124163900,0.000163900,1
'2026-08-22 08:39:00.124178200,0.000178200,0
'2026-08-22 08:39:00.124189900,0.000189900,1
'2026-08-22 08:39:00.124204200,0.000204200,0
'2026-08-22 08:39:00.124215900,0.000215900,1
'2026-08-22 08:39:00.124230400,0.000230400,0
'2026-08-22 08:39:00.124237700,0.000237700,1
'2026-08-22 08:39:00.124237800,0.000237800,0
'2026-08-22 08:39:00.124242000,0.000242000,1
'2026-08-22 08:39:00.124256300,0.000256300,0
'2026-08-22 08:39:00.124268000,0.000268000,1
'2026-08-22 08:39:00.124282300,0.000282300,0
'2026-08-22 08:39:00.124294000,0.000294000,1
'2026-08-22 08:39:00.124308400,0.000308400,0
'2026-08-22 08:39:00.124320100,0.000320100,1
'2026-08-22 08:39:00.124334400,0.000334400,0
'2026-08-22 08:39:00.124334500,0.000334500,1
'2026-08-22 08:39:00.124334600,0.000334600,0
'2026-08-22 08:39:00.124340300,0.000340300,1
'2026-08-22 08:39:00.124340400,0.000340400,0
'2026-08-22 08:39:00.124346100,0.000346100,1
'2026-08-22 08:39:00.124360400,0.000360400,0
'2026-08-22 08:39:00.124365300,0.000365300,1
'2026-08-22 08:39:00.124365400,0.000365400,0
'2026-08-22 08:39:00.124372100,0.000372100,1
'2026-08-22 08:39:00.124386600,0.000386600,0
'2026-08-22 08:39:00.124398200,0.000398200,1
'2026-08-22 08:39:00.124412400,0.000412400,0
'2026-08-22 08:39:00.124412500,0.000412500,1
'2026-08-22 08:39:00.124412700,0.000412700,0
'2026-08-22 08:39:00.124424200,0.000424200,1
'2026-08-22 08:39:00.124438500,0.000438500,0
'2026-08-22 08:39:00.124450200,0.000450200,1
'2026-08-22 08:39:00.124464800,0.000464800,0
'2026-08-22 08:39:00.124465200,0.000465200,1
'2026-08-22 08:39:00.124465400,0.000465400,0
'2026-08-22 08:39:00.124476300,0.000476300,1
'2026-08-22 08:39:00.124490500,0.000490500,0
'2026-08-22 08:39:00.124490700,0.000490700,1
'2026-08-22 08:39:00.124490800,0.000490800,0
'2026-08-22 08:39:00.124502300,0.000502300,1
'2026-08-22 08:39:00.124516800,0.000516800,0
'2026-08-22 08:39:00.124517100,0.000517100,1
'2026-08-22 08:39:00.124517200,0.000517200,0
'2026-08-22 08:39:00.124528300,0.000528300,1
'2026-08-22 08:39:00.124542600,0.000542600,0
'2026-08-22 08:39:00.124542800,0.000542800,1
'2026-08-22 08:39:00.124542900,0.000542900,0
'2026-08-22 08:39:00.124545700,0.000545700,1
'2026-08-22 08:39:00.124545800,0.000545800,0
'2026-08-22 08:39:00.124546900,0.000546900,1
'2026-08-22 08:39:00.124547000,0.000547000,0
'2026-08-22 08:39:00.124554300,0.000554300,1
'2026-08-22 08:39:00.124568600,0.000568600,0
'2026-08-22 08:39:00.124575500,0.000575500,1
'2026-08-22 08:39:00.124575600,0.000575600,0
'2026-08-22 08:39:00.124577800,0.000577800,1
'2026-08-22 08:39:00.124577900,0.000577900,0
'2026-08-22 08:39:00.124580400,0.000580400,1
'2026-08-22 08:39:00.124594800,0.000594800,0
'2026-08-22 08:39:00.124594900,0.000594900,1
'2026-08-22 08:39:00.124595000,0.000595000,0
'2026-08-22 08:39:00.124595300,0.000595300,1
'2026-08-22 08:39:00.124595400,0.000595400,0
'2026-08-22 08:39:00.124604200,0.000604200,1
'2026-08-22 08:39:00.124604300,0.000604300,0
'2026-08-22 08:39:00.124606400,0.000606400,1
'2026-08-22 08:39:00.124620800,0.000620800,0
'2026-08-22 08:39:00.124621100,0.000621100,1
'2026-08-22 08:39:00.124621200,0.000621200,0
'2026-08-22 08:39:00.124625700,0.000625700,1
'2026-08-22 08:39:00.124625800,0.000625800,0
'2026-08-22 08:39:00.124632400,0.000632400,1
'2026-08-22 08:39:00.124647000,0.000647000,0
'2026-08-22 08:39:00.124658500,0.000658500,1
'2026-08-22 08:39:00.124672800,0.000672800,0
'2026-08-22 08:39:00.124672900,0.000672900,1
'2026-08-22 08:39:00.124673100,0.000673100,0
'2026-08-22 08:39:00.124674600,0.000674600,1
'2026-08-22 08:39:00.124674700,0.000674700,0
'2026-08-22 08:39:00.124684100,0.000684100,1
'2026-08-22 08:39:00.124684200,0.000684200,0
'2026-08-22 08:39:00.124684500,0.000684500,1
'2026-08-22 08:39:00.124699000,0.000699000,0
'2026-08-22 08:39:00.124709800,0.000709800,1
'2026-08-22 08:39:00.124709900,0.000709900,0
'2026-08-22 08:39:00.124710500,0.000710500,1
'2026-08-22 08:39:00.124725200,0.000725200,0
'2026-08-22 08:39:00.124725600,0.000725600,1
'2026-08-22 08:39:00.124725700,0.000725700,0
'2026-08-22 08:39:00.124726100,0.000726100,1
'2026-08-22 08:39:00.124726200,0.000726200,0
'2026-08-22 08:39:00.124727400,0.000727400,1
'2026-08-22 08:39:00.124727500,0.000727500,0
'2026-08-22 08:39:00.124736600,0.000736600,1
'2026-08-22 08:39:00.124751000,0.000751000,0
'2026-08-22 08:39:00.124751300,0.000751300,1
'2026-08-22 08:39:00.124751400,0.000751400,0
'2026-08-22 08:39:00.124762600,0.000762600,1
'2026-08-22 08:39:00.124777100,0.000777100,0
'2026-08-22 08:39:00.124784500,0.000784500,1
'2026-08-22 08:39:00.124784600,0.000784600,0
'2026-08-22 08:39:00.124788600,0.000788600,1
'2026-08-22 08:39:00.124803000,0.000803000,0
'2026-08-22 08:39:00.124803200,0.000803200,1
'2026-08-22 08:39:00.124803300,0.000803300,0
'2026-08-22 08:39:00.124813700,0.000813700,1
'2026-08-22 08:39:00.124813800,0.000813800,0
'2026-08-22 08:39:00.124814700,0.000814700,1
'2026-08-22 08:39:00.124829200,0.000829200,0
'2026-08-22 08:39:00.124834700,0.000834700,1
'2026-08-22 08:39:00.124834900,0.000834900,0
'2026-08-22 08:39:00.124836100,0.000836100,1
'2026-08-22 08:39:00.124836200,0.000836200,0
'2026-08-22 08:39:00.124840700,0.000840700,1
'2026-08-22 08:39:00.124855300,0.000855300,0
'2026-08-22 08:39:00.124855700,0.000855700,1
'2026-08-22 08:39:00.124855800,0.000855800,0
'2026-08-22 08:39:00.124856300,0.000856300,1
'2026-08-22 08:39:00.124856400,0.000856400,0
'2026-08-22 08:39:00.124865200,0.000865200,1
'2026-08-22 08:39:00.124865300,0.000865300,0
'2026-08-22 08:39:00.124865600,0.000865600,1
'2026-08-22 08:39:00.124865700,0.000865700,0
'2026-08-22 08:39:00.124866700,0.000866700,1
'2026-08-22 08:39:00.124881100,0.000881100,0
'2026-08-22 08:39:00.124886300,0.000886300,1
'2026-08-22 08:39:00.124886400,0.000886400,0
'2026-08-22 08:39:00.124887800,0.000887800,1
'2026-08-22 08:39:00.124887900,0.000887900,0
'2026-08-22 08:39:00.124890300,0.000890300,1
'2026-08-22 08:39:00.124890400,0.000890400,0
'2026-08-22 08:39:00.124892800,0.000892800,1
'2026-08-22 08:39:00.124907300,0.000907300,0
'2026-08-22 08:39:00.124907500,0.000907500,1
'2026-08-22 08:39:00.124907600,0.000907600,0
'2026-08-22 08:39:00.124907700,0.000907700,1
'2026-08-22 08:39:00.124907800,0.000907800,0
'2026-08-22 08:39:00.124915300,0.000915300,1
'2026-08-22 08:39:00.124915400,0.000915400,0
'2026-08-22 08:39:00.124916400,0.000916400,1
'2026-08-22 08:39:00.124916500,0.000916500,0
'2026-08-22 08:39:00.124917500,0.000917500,1
'2026-08-22 08:39:00.124917600,0.000917600,0
'2026-08-22 08:39:00.124918800,0.000918800,1
'2026-08-22 08:39:00.124933200,0.000933200,0
'2026-08-22 08:39:00.124935700,0.000935700,1
'2026-08-22 08:39:00.124935800,0.000935800,0
'2026-08-22 08:39:00.124936300,0.000936300,1
'2026-08-22 08:39:00.124936400,0.000936400,0
'2026-08-22 08:39:00.124944800,0.000944800,1
'2026-08-22 08:39:00.124959400,0.000959400,0
'2026-08-22 08:39:00.124970800,0.000970800,1
'2026-08-22 08:39:00.124985400,0.000985400,0
'2026-08-22 08:39:00.124986100,0.000986100,1
'2026-08-22 08:39:00.124986200,0.000986200,0
'2026-08-22 08:39:00.124986600,0.000986600,1
'2026-08-22 08:39:00.124986700,0.000986700,0
'2026-08-22 08:39:00.124996900,0.000996900,1
'2026-08-22 08:39:00.125011200,0.001011200,0
'2026-08-22 08:39:00.125013300,0.001013300,1
'2026-08-22 08:39:00.125013400,0.001013400,0
'2026-08-22 08:39:00.125022900,0.001022900,1
'2026-08-22 08:39:00.125037500,0.001037500,0
'2026-08-22 08:39:00.125037900,0.001037900,1
'2026-08-22 08:39:00.125038000,0.001038000,0
'2026-08-22 08:39:00.125048900,0.001048900,1
'2026-08-22 08:39:00.125063300,0.001063300,0
'2026-08-22 08:39:00.125066500,0.001066500,1
'2026-08-22 08:39:00.125066600,0.001066600,0
'2026-08-22 08:39:00.125075000,0.001075000,1
'2026-08-22 08:39:00.125089400,0.001089400,0
'2026-08-22 08:39:00.125089800,0.001089800,1
'2026-08-22 08:39:00.125089900,0.001089900,0
'2026-08-22 08:39:00.125097400,0.001097400,1
'2026-08-22 08:39:00.125097500,0.001097500,0
'2026-08-22 08:39:00.125098000,0.001098000,1
'2026-08-22 08:39:00.125098100,0.001098100,0
'2026-08-22 08:39:00.125101000,0.001101000,1
'2026-08-22 08:39:00.125115600,0.001115600,0
'2026-08-22 08:39:00.125116100,0.001116100,1
'2026-08-22 08:39:00.125116200,0.001116200,0
'2026-08-22 08:39:00.125117300,0.001117300,1
'2026-08-22 08:39:00.125117400,0.001117400,0
'2026-08-22 08:39:00.125118500,0.001118500,1
'2026-08-22 08:39:00.125118600,0.001118600,0
'2026-08-22 08:39:00.125127000,0.001127000,1
'2026-08-22 08:39:00.125141600,0.001141600,0
'2026-08-22 08:39:00.125150600,0.001150600,1
'2026-08-22 08:39:00.125150700,0.001150700,0
'2026-08-22 08:39:00.125153100,0.001153100,1
'2026-08-22 08:39:00.125167600,0.001167600,0
'2026-08-22 08:39:00.125179100,0.001179100,1
'2026-08-22 08:39:00.125193800,0.001193800,0
'2026-08-22 08:39:00.125193900,0.001193900,1
'2026-08-22 08:39:00.125194000,0.001194000,0
'2026-08-22 08:39:00.125194900,0.001194900,1
'2026-08-22 08:39:00.125195000,0.001195000,0
'2026-08-22 08:39:00.125196100,0.001196100,1
'2026-08-22 08:39:00.125196200,0.001196200,0
'2026-08-22 08:39:00.125196700,0.001196700,1
'2026-08-22 08:39:00.125196800,0.001196800,0
'2026-08-22 08:39:00.125197300,0.001197300,1
'2026-08-22 08:39:00.125197400,0.001197400,0
'2026-08-22 08:39:00.125197900,0.001197900,1
'2026-08-22 08:39:00.125198000,0.001198000,0
'2026-08-22 08:39:00.125204900,0.001204900,1
'2026-08-22 08:39:00.125205000,0.001205000,0
'2026-08-22 08:39:00.125205100,0.001205100,1
'2026-08-22 08:39:00.125219600,0.001219600,0
'2026-08-22 08:39:00.125219700,0.001219700,1
'2026-08-22 08:39:00.125219800,0.001219800,0
'2026-08-22 08:39:00.125220000,0.001220000,1
'2026-08-22 08:39:00.125220200,0.001220200,0
'2026-08-22 08:39:00.125221200,0.001221200,1
'2026-08-22 08:39:00.125221300,0.001221300,0
'2026-08-22 08:39:00.125227600,0.001227600,1
'2026-08-22 08:39:00.125227800,0.001227800,0
'2026-08-22 08:39:00.125228200,0.001228200,1
'2026-08-22 08:39:00.125228300,0.001228300,0
'2026-08-22 08:39:00.125231200,0.001231200,1
'2026-08-22 08:39:00.125246000,0.001246000,0
'2026-08-22 08:39:00.125246300,0.001246300,1
'2026-08-22 08:39:00.125246400,0.001246400,0
'2026-08-22 08:39:00.125246900,0.001246900,1
'2026-08-22 08:39:00.125247000,0.001247000,0
'2026-08-22 08:39:00.125247500,0.001247500,1
'2026-08-22 08:39:00.125247600,0.001247600,0
'2026-08-22 08:39:00.125248100,0.001248100,1
'2026-08-22 08:39:00.125248200,0.001248200,0
'2026-08-22 08:39:00.125249300,0.001249300,1
'2026-08-22 08:39:00.125249400,0.001249400,0
'2026-08-22 08:39:00.125253300,0.001253300,1
'2026-08-22 08:39:00.125253400,0.001253400,0
'2026-08-22 08:39:00.125257200,0.001257200,1
'2026-08-22 08:39:00.125271600,0.001271600,0
'2026-08-22 08:39:00.125271700,0.001271700,1
'2026-08-22 08:39:00.125271800,0.001271800,0
'2026-08-22 08:39:00.125272000,0.001272000,1
'2026-08-22 08:39:00.125272100,0.001272100,0
'2026-08-22 08:39:00.125276100,0.001276100,1
'2026-08-22 08:39:00.125276200,0.001276200,0
'2026-08-22 08:39:00.125277300,0.001277300,1
'2026-08-22 08:39:00.125277400,0.001277400,0
'2026-08-22 08:39:00.125278500,0.001278500,1
'2026-08-22 08:39:00.125278600,0.001278600,0
'2026-08-22 08:39:00.125283200,0.001283200,1
'2026-08-22 08:39:00.125298000,0.001298000,0
'2026-08-22 08:39:00.125298300,0.001298300,1
'2026-08-22 08:39:00.125298400,0.001298400,0
'2026-08-22 08:39:00.125298900,0.001298900,1
'2026-08-22 08:39:00.125299000,0.001299000,0
'2026-08-22 08:39:00.125299500,0.001299500,1
'2026-08-22 08:39:00.125299600,0.001299600,0
'2026-08-22 08:39:00.125300600,0.001300600,1
'2026-08-22 08:39:00.125300700,0.001300700,0
'2026-08-22 08:39:00.125308200,0.001308200,1
'2026-08-22 08:39:00.125308300,0.001308300,0
'2026-08-22 08:39:00.125309300,0.001309300,1
'2026-08-22 08:39:00.125323700,0.001323700,0
'2026-08-22 08:39:00.125335300,0.001335300,1
'2026-08-22 08:39:00.125349800,0.001349800,0
'2026-08-22 08:39:00.125350700,0.001350700,1
'2026-08-22 08:39:00.125350900,0.001350900,0
'2026-08-22 08:39:00.125355600,0.001355600,1
'2026-08-22 08:39:00.125355700,0.001355700,0
'2026-08-22 08:39:00.125358300,0.001358300,1
'2026-08-22 08:39:00.125358500,0.001358500,0
'2026-08-22 08:39:00.125361300,0.001361300,1
'2026-08-22 08:39:00.125375800,0.001375800,0
'2026-08-22 08:39:00.125375900,0.001375900,1
'2026-08-22 08:39:00.125376000,0.001376000,0
'2026-08-22 08:39:00.125377700,0.001377700,1
'2026-08-22 08:39:00.125377800,0.001377800,0
'2026-08-22 08:39:00.125378900,0.001378900,1
'2026-08-22 08:39:00.125379000,0.001379000,0
'2026-08-22 08:39:00.125381200,0.001381200,1
'2026-08-22 08:39:00.125381300,0.001381300,0
'2026-08-22 08:39:00.125387400,0.001387400,1
'2026-08-22 08:39:00.125402000,0.001402000,0
'2026-08-22 08:39:00.125412100,0.001412100,1
'2026-08-22 08:39:00.125412200,0.001412200,0
'2026-08-22 08:39:00.125413400,0.001413400,1
'2026-08-22 08:39:00.125428200,0.001428200,0
'2026-08-22 08:39:00.125428500,0.001428500,1
'2026-08-22 08:39:00.125428600,0.001428600,0
'2026-08-22 08:39:00.125431400,0.001431400,1
'2026-08-22 08:39:00.125431500,0.001431500,0
'2026-08-22 08:39:00.125432500,0.001432500,1
'2026-08-22 08:39:00.125432600,0.001432600,0
'2026-08-22 08:39:00.125439000,0.001439000,1
'2026-08-22 08:39:00.125439100,0.001439100,0
'2026-08-22 08:39:00.125439400,0.001439400,1
'2026-08-22 08:39:00.125453900,0.001453900,0
'2026-08-22 08:39:00.125454100,0.001454100,1
'2026-08-22 08:39:00.125454300,0.001454300,0
'2026-08-22 08:39:00.125456500,0.001456500,1
'2026-08-22 08:39:00.125456600,0.001456600,0
'2026-08-22 08:39:00.125460600,0.001460600,1
'2026-08-22 08:39:00.125460700,0.001460700,0
'2026-08-22 08:39:00.125461700,0.001461700,1
'2026-08-22 08:39:00.125461800,0.001461800,0
'2026-08-22 08:39:00.125462300,0.001462300,1
'2026-08-22 08:39:00.125462400,0.001462400,0
'2026-08-22 08:39:00.125465500,0.001465500,1
'2026-08-22 08:39:00.125480000,0.001480000,0
'2026-08-22 08:39:00.125481500,0.001481500,1
'2026-08-22 08:39:00.125481600,0.001481600,0
'2026-08-22 08:39:00.125483100,0.001483100,1
'2026-08-22 08:39:00.125483200,0.001483200,0
'2026-08-22 08:39:00.125487300,0.001487300,1
'2026-08-22 08:39:00.125487400,0.001487400,0
'2026-08-22 08:39:00.125489200,0.001489200,1
'2026-08-22 08:39:00.125489400,0.001489400,0
'2026-08-22 08:39:00.125491500,0.001491500,1
'2026-08-22 08:39:00.125505800,0.001505800,0
'2026-08-22 08:39:00.125505900,0.001505900,1
'2026-08-22 08:39:00.125506000,0.001506000,0
'2026-08-22 08:39:00.125506100,0.001506100,1
'2026-08-22 08:39:00.125506200,0.001506200,0
'2026-08-22 08:39:00.125506700,0.001506700,1
'2026-08-22 08:39:00.125506800,0.001506800,0
'2026-08-22 08:39:00.125511400,0.001511400,1
'2026-08-22 08:39:00.125511500,0.001511500,0
'2026-08-22 08:39:00.125512600,0.001512600,1
'2026-08-22 08:39:00.125512700,0.001512700,0
'2026-08-22 08:39:00.125517500,0.001517500,1
'2026-08-22 08:39:00.125532000,0.001532000,0
'2026-08-22 08:39:00.125535900,0.001535900,1
'2026-08-22 08:39:00.125536000,0.001536000,0
'2026-08-22 08:39:00.125539300,0.001539300,1
'2026-08-22 08:39:00.125539400,0.001539400,0
'2026-08-22 08:39:00.125541100,0.001541100,1
'2026-08-22 08:39:00.125541200,0.001541200,0
'2026-08-22 08:39:00.125541900,0.001541900,1
'2026-08-22 08:39:00.125542000,0.001542000,0
'2026-08-22 08:39:00.125543100,0.001543100,1
'2026-08-22 08:39:00.125543200,0.001543200,0
'2026-08-22 08:39:00.125543600,0.001543600,1
'2026-08-22 08:39:00.125558200,0.001558200,0
'2026-08-22 08:39:00.125558300,0.001558300,1
'2026-08-22 08:39:00.125558400,0.001558400,0
'2026-08-22 08:39:00.125560400,0.001560400,1
'2026-08-22 08:39:00.125560500,0.001560500,0
'2026-08-22 08:39:00.125561500,0.001561500,1
'2026-08-22 08:39:00.125561600,0.001561600,0
'2026-08-22 08:39:00.125562700,0.001562700,1
'2026-08-22 08:39:00.125562800,0.001562800,0
'2026-08-22 08:39:00.125563900,0.001563900,1
'2026-08-22 08:39:00.125564000,0.001564000,0
'2026-08-22 08:39:00.125564300,0.001564300,1
'2026-08-22 08:39:00.125564400,0.001564400,0
'2026-08-22 08:39:00.125569600,0.001569600,1
'2026-08-22 08:39:00.125584100,0.001584100,0
'2026-08-22 08:39:00.125584300,0.001584300,1
'2026-08-22 08:39:00.125584500,0.001584500,0
'2026-08-22 08:39:00.125586100,0.001586100,1
'2026-08-22 08:39:00.125586200,0.001586200,0
'2026-08-22 08:39:00.125589200,0.001589200,1
'2026-08-22 08:39:00.125589400,0.001589400,0
'2026-08-22 08:39:00.125592500,0.001592500,1
'2026-08-22 08:39:00.125592600,0.001592600,0
'2026-08-22 08:39:00.125595600,0.001595600,1
'2026-08-22 08:39:00.125610200,0.001610200,0
'2026-08-22 08:39:00.125611200,0.001611200,1
'2026-08-22 08:39:00.125611300,0.001611300,0
'2026-08-22 08:39:00.125611800,0.001611800,1
'2026-08-22 08:39:00.125611900,0.001611900,0
'2026-08-22 08:39:00.125614100,0.001614100,1
'2026-08-22 08:39:00.125614200,0.001614200,0
'2026-08-22 08:39:00.125614300,0.001614300,1
'2026-08-22 08:39:00.125614400,0.001614400,0
'2026-08-22 08:39:00.125617600,0.001617600,1
'2026-08-22 08:39:00.125617700,0.001617700,0
'2026-08-22 08:39:00.125621700,0.001621700,1
'2026-08-22 08:39:00.125636200,0.001636200,0
'2026-08-22 08:39:00.125639200,0.001639200,1
'2026-08-22 08:39:00.125639400,0.001639400,0
'2026-08-22 08:39:00.125641100,0.001641100,1
'2026-08-22 08:39:00.125641200,0.001641200,0
'2026-08-22 08:39:00.125641600,0.001641600,1
'2026-08-22 08:39:00.125641700,0.001641700,0
'2026-08-22 08:39:00.125642700,0.001642700,1
'2026-08-22 08:39:00.125642900,0.001642900,0
'2026-08-22 08:39:00.125644300,0.001644300,1
'2026-08-22 08:39:00.125644600,0.001644600,0
'2026-08-22 08:39:00.125644700,0.001644700,1
'2026-08-22 08:39:00.125644800,0.001644800,0
'2026-08-22 08:39:00.125645100,0.001645100,1
'2026-08-22 08:39:00.125645200,0.001645200,0
'2026-08-22 08:39:00.125646300,0.001646300,1
'2026-08-22 08:39:00.125646400,0.001646400,0
'2026-08-22 08:39:00.125647700,0.001647700,1
'2026-08-22 08:39:00.125662200,0.001662200,0
'2026-08-22 08:39:00.125662500,0.001662500,1
'2026-08-22 08:39:00.125662800,0.001662800,0
'2026-08-22 08:39:00.125663200,0.001663200,1
'2026-08-22 08:39:00.125663300,0.001663300,0
'2026-08-22 08:39:00.125663800,0.001663800,1
'2026-08-22 08:39:00.125663900,0.001663900,0
'2026-08-22 08:39:00.125664200,0.001664200,1
'2026-08-22 08:39:00.125664400,0.001664400,0
'2026-08-22 08:39:00.125665500,0.001665500,1
'2026-08-22 08:39:00.125665600,0.001665600,0
'2026-08-22 08:39:00.125669200,0.001669200,1
'2026-08-22 08:39:00.125669300,0.001669300,0
'2026-08-22 08:39:00.125669600,0.001669600,1
'2026-08-22 08:39:00.125669700,0.001669700,0
'2026-08-22 08:39:00.125672500,0.001672500,1
'2026-08-22 08:39:00.125672600,0.001672600,0
'2026-08-22 08:39:00.125673100,0.001673100,1
'2026-08-22 08:39:00.125673200,0.001673200,0
'2026-08-22 08:39:00.125673500,0.001673500,1
'2026-08-22 08:39:00.125673600,0.001673600,0
'2026-08-22 08:39:00.125673700,0.001673700,1
'2026-08-22 08:39:00.125688400,0.001688400,0
'2026-08-22 08:39:00.125689300,0.001689300,1
'2026-08-22 08:39:00.125689400,0.001689400,0
'2026-08-22 08:39:00.125690000,0.001690000,1
'2026-08-22 08:39:00.125690200,0.001690200,0
'2026-08-22 08:39:00.125699800,0.001699800,1
'2026-08-22 08:39:00.125714400,0.001714400,0
'2026-08-22 08:39:00.125714500,0.001714500,1
'2026-08-22 08:39:00.125714600,0.001714600,0
'2026-08-22 08:39:00.125715000,0.001715000,1
'2026-08-22 08:39:00.125715100,0.001715100,0
'2026-08-22 08:39:00.125715700,0.001715700,1
'2026-08-22 08:39:00.125715800,0.001715800,0
'2026-08-22 08:39:00.125718100,0.001718100,1
'2026-08-22 08:39:00.125718200,0.001718200,0
'2026-08-22 08:39:00.125725800,0.001725800,1
'2026-08-22 08:39:00.125740400,0.001740400,0
'2026-08-22 08:39:00.125741500,0.001741500,1
'2026-08-22 08:39:00.125741600,0.001741600,0
'2026-08-22 08:39:00.125742600,0.001742600,1
'2026-08-22 08:39:00.125742700,0.001742700,0
'2026-08-22 08:39:00.125751900,0.001751900,1
'2026-08-22 08:39:00.125766300,0.001766300,0
'2026-08-22 08:39:00.125769900,0.001769900,1
'2026-08-22 08:39:00.125770000,0.001770000,0
'2026-08-22 08:39:00.125771200,0.001771200,1
'2026-08-22 08:39:00.125771300,0.001771300,0
'2026-08-22 08:39:00.125772400,0.001772400,1
'2026-08-22 08:39:00.125772500,0.001772500,0
'2026-08-22 08:39:00.125773200,0.001773200,1
'2026-08-22 08:39:00.125773300,0.001773300,0
'2026-08-22 08:39:00.125777900,0.001777900,1
'2026-08-22 08:39:00.125792600,0.001792600,0
'2026-08-22 08:39:00.125792700,0.001792700,1
'2026-08-22 08:39:00.125793000,0.001793000,0
'2026-08-22 08:39:00.125794000,0.001794000,1
'2026-08-22 08:39:00.125794100,0.001794100,0
'2026-08-22 08:39:00.125795200,0.001795200,1
'2026-08-22 08:39:00.125795300,0.001795300,0
'2026-08-22 08:39:00.125795700,0.001795700,1
'2026-08-22 08:39:00.125795800,0.001795800,0
'2026-08-22 08:39:00.125796300,0.001796300,1
'2026-08-22 08:39:00.125796400,0.001796400,0
'2026-08-22 08:39:00.125803900,0.001803900,1
'2026-08-22 08:39:00.125818400,0.001818400,0
'2026-08-22 08:39:00.125818500,0.001818500,1
'2026-08-22 08:39:00.125818600,0.001818600,0
'2026-08-22 08:39:00.125819100,0.001819100,1
'2026-08-22 08:39:00.125819200,0.001819200,0
'2026-08-22 08:39:00.125823200,0.001823200,1
'2026-08-22 08:39:00.125823300,0.001823300,0
'2026-08-22 08:39:00.125824300,0.001824300,1
'2026-08-22 08:39:00.125824500,0.001824500,0
'2026-08-22 08:39:00.125825500,0.001825500,1
'2026-08-22 08:39:00.125825600,0.001825600,0
'2026-08-22 08:39:00.125826700,0.001826700,1
'2026-08-22 08:39:00.125826800,0.001826800,0
'2026-08-22 08:39:00.125830000,0.001830000,1
'2026-08-22 08:39:00.125844900,0.001844900,0
'2026-08-22 08:39:00.125845900,0.001845900,1
'2026-08-22 08:39:00.125846100,0.001846100,0
'2026-08-22 08:39:00.125847000,0.001847000,1
'2026-08-22 08:39:00.125847200,0.001847200,0
'2026-08-22 08:39:00.125848300,0.001848300,1
'2026-08-22 08:39:00.125848400,0.001848400,0
'2026-08-22 08:39:00.125853500,0.001853500,1
'2026-08-22 08:39:00.125853600,0.001853600,0
'2026-08-22 08:39:00.125856000,0.001856000,1
'2026-08-22 08:39:00.125870400,0.001870400,0
'2026-08-22 08:39:00.125870500,0.001870500,1
'2026-08-22 08:39:00.125870600,0.001870600,0
'2026-08-22 08:39:00.125871000,0.001871000,1
'2026-08-22 08:39:00.125871100,0.001871100,0
'2026-08-22 08:39:00.125872200,0.001872200,1
'2026-08-22 08:39:00.125872300,0.001872300,0
'2026-08-22 08:39:00.125877500,0.001877500,1
'2026-08-22 08:39:00.125877600,0.001877600,0
'2026-08-22 08:39:00.125881800,0.001881800,1
'2026-08-22 08:39:00.125881900,0.001881900,0
'2026-08-22 08:39:00.125882000,0.001882000,1
'2026-08-22 08:39:00.125896700,0.001896700,0
'2026-08-22 08:39:00.125899600,0.001899600,1
'2026-08-22 08:39:00.125899700,0.001899700,0
'2026-08-22 08:39:00.125908100,0.001908100,1
'2026-08-22 08:39:00.125922600,0.001922600,0
'2026-08-22 08:39:00.125924800,0.001924800,1
'2026-08-22 08:39:00.125924900,0.001924900,0
'2026-08-22 08:39:00.125926500,0.001926500,1
'2026-08-22 08:39:00.125926600,0.001926600,0
'2026-08-22 08:39:00.125927700,0.001927700,1
'2026-08-22 08:39:00.125927800,0.001927800,0
'2026-08-22 08:39:00.125934100,0.001934100,1
'2026-08-22 08:39:00.125948800,0.001948800,0
'2026-08-22 08:39:00.125949300,0.001949300,1
'2026-08-22 08:39:00.125949400,0.001949400,0
'2026-08-22 08:39:00.125953400,0.001953400,1
'2026-08-22 08:39:00.125953500,0.001953500,0
'2026-08-22 08:39:00.125955700,0.001955700,1
'2026-08-22 08:39:00.125955800,0.001955800,0
'2026-08-22 08:39:00.125957500,0.001957500,1
'2026-08-22 08:39:00.125957600,0.001957600,0
'2026-08-22 08:39:00.125960100,0.001960100,1
'2026-08-22 08:39:00.125974600,0.001974600,0
'2026-08-22 08:39:00.125974700,0.001974700,1
'2026-08-22 08:39:00.125974800,0.001974800,0
'2026-08-22 08:39:00.125976100,0.001976100,1
'2026-08-22 08:39:00.125976200,0.001976200,0
'2026-08-22 08:39:00.125978500,0.001978500,1
'2026-08-22 08:39:00.125978600,0.001978600,0
'2026-08-22 08:39:00.125979100,0.001979100,1
'2026-08-22 08:39:00.125979200,0.001979200,0
'2026-08-22 08:39:00.125979700,0.001979700,1
'2026-08-22 08:39:00.125979800,0.001979800,0
'2026-08-22 08:39:00.125981400,0.001981400,1
'2026-08-22 08:39:00.125981500,0.001981500,0
'2026-08-22 08:39:00.125986100,0.001986100,1
'2026-08-22 08:39:00.126000800,0.002000800,0
'2026-08-22 08:39:00.126003000,0.002003000,1
'2026-08-22 08:39:00.126003100,0.002003100,0
'2026-08-22 08:39:00.126004700,0.002004700,1
'2026-08-22 08:39:00.126004800,0.002004800,0
'2026-08-22 08:39:00.126005900,0.002005900,1
'2026-08-22 08:39:00.126006000,0.002006000,0
'2026-08-22 08:39:00.126007100,0.002007100,1
'2026-08-22 08:39:00.126007200,0.002007200,0
'2026-08-22 08:39:00.126011700,0.002011700,1
'2026-08-22 08:39:00.126011800,0.002011800,0
'2026-08-22 08:39:00.126012200,0.002012200,1
'2026-08-22 08:39:00.126027000,0.002027000,0
'2026-08-22 08:39:00.126028700,0.002028700,1
'2026-08-22 08:39:00.126028800,0.002028800,0
'2026-08-22 08:39:00.126032800,0.002032800,1
'2026-08-22 08:39:00.126032900,0.002032900,0
'2026-08-22 08:39:00.126034500,0.002034500,1
'2026-08-22 08:39:00.126034600,0.002034600,0
'2026-08-22 08:39:00.126035700,0.002035700,1
'2026-08-22 08:39:00.126035800,0.002035800,0
'2026-08-22 08:39:00.126038200,0.002038200,1
'2026-08-22 08:39:00.126052900,0.002052900,0
'2026-08-22 08:39:00.126053200,0.002053200,1
'2026-08-22 08:39:00.126053300,0.002053300,0
'2026-08-22 08:39:00.126056300,0.002056300,1
'2026-08-22 08:39:00.126056400,0.002056400,0
'2026-08-22 08:39:00.126056600,0.002056600,1
'2026-08-22 08:39:00.126056700,0.002056700,0
'2026-08-22 08:39:00.126057300,0.002057300,1
'2026-08-22 08:39:00.126057400,0.002057400,0
'2026-08-22 08:39:00.126057900,0.002057900,1
'2026-08-22 08:39:00.126058000,0.002058000,0
'2026-08-22 08:39:00.126062000,0.002062000,1
'2026-08-22 08:39:00.126062100,0.002062100,0
'2026-08-22 08:39:00.126063100,0.002063100,1
'2026-08-22 08:39:00.126063200,0.002063200,0
'2026-08-22 08:39:00.126064300,0.002064300,1
'2026-08-22 08:39:00.126078700,0.002078700,0
'2026-08-22 08:39:00.126078900,0.002078900,1
'2026-08-22 08:39:00.126079100,0.002079100,0
'2026-08-22 08:39:00.126088100,0.002088100,1
'2026-08-22 08:39:00.126088200,0.002088200,0
'2026-08-22 08:39:00.126090300,0.002090300,1
'2026-08-22 08:39:00.126104800,0.002104800,0
'2026-08-22 08:39:00.126105200,0.002105200,1
'2026-08-22 08:39:00.126105300,0.002105300,0
'2026-08-22 08:39:00.126106400,0.002106400,1
'2026-08-22 08:39:00.126106500,0.002106500,0
'2026-08-22 08:39:00.126107500,0.002107500,1
'2026-08-22 08:39:00.126107600,0.002107600,0
'2026-08-22 08:39:00.126110500,0.002110500,1
'2026-08-22 08:39:00.126110600,0.002110600,0
'2026-08-22 08:39:00.126111100,0.002111100,1
'2026-08-22 08:39:00.126111200,0.002111200,0
'2026-08-22 08:39:00.126114000,0.002114000,1
'2026-08-22 08:39:00.126114100,0.002114100,0
'2026-08-22 08:39:00.126115100,0.002115100,1
'2026-08-22 08:39:00.126115300,0.002115300,0
'2026-08-22 08:39:00.126116300,0.002116300,1
'2026-08-22 08:39:00.126131000,0.002131000,0
'2026-08-22 08:39:00.126132500,0.002132500,1
'2026-08-22 08:39:00.126132600,0.002132600,0
'2026-08-22 08:39:00.126132700,0.002132700,1
'2026-08-22 08:39:00.126132800,0.002132800,0
'2026-08-22 08:39:00.126134500,0.002134500,1
'2026-08-22 08:39:00.126134600,0.002134600,0
'2026-08-22 08:39:00.126136700,0.002136700,1
'2026-08-22 08:39:00.126136800,0.002136800,0
'2026-08-22 08:39:00.126137900,0.002137900,1
'2026-08-22 08:39:00.126138000,0.002138000,0
'2026-08-22 08:39:00.126142400,0.002142400,1
'2026-08-22 08:39:00.126157400,0.002157400,0
'2026-08-22 08:39:00.126157600,0.002157600,1
'2026-08-22 08:39:00.126157700,0.002157700,0
'2026-08-22 08:39:00.126158300,0.002158300,1
'2026-08-22 08:39:00.126158400,0.002158400,0
'2026-08-22 08:39:00.126159500,0.002159500,1
'2026-08-22 08:39:00.126159600,0.002159600,0
'2026-08-22 08:39:00.126160700,0.002160700,1
'2026-08-22 08:39:00.126160800,0.002160800,0
'2026-08-22 08:39:00.126163000,0.002163000,1
'2026-08-22 08:39:00.126163100,0.002163100,0
'2026-08-22 08:39:00.126164200,0.002164200,1
'2026-08-22 08:39:00.126164400,0.002164400,0
'2026-08-22 08:39:00.126164800,0.002164800,1
'2026-08-22 08:39:00.126164900,0.002164900,0
'2026-08-22 08:39:00.126168300,0.002168300,1
'2026-08-22 08:39:00.126182800,0.002182800,0
'2026-08-22 08:39:00.126182900,0.002182900,1
'2026-08-22 08:39:00.126183000,0.002183000,0
'2026-08-22 08:39:00.126183500,0.002183500,1
'2026-08-22 08:39:00.126183600,0.002183600,0
'2026-08-22 08:39:00.126184000,0.002184000,1
'2026-08-22 08:39:00.126184100,0.002184100,0
'2026-08-22 08:39:00.126184600,0.002184600,1
'2026-08-22 08:39:00.126184700,0.002184700,0
'2026-08-22 08:39:00.126185800,0.002185800,1
'2026-08-22 08:39:00.126185900,0.002185900,0
'2026-08-22 08:39:00.126189200,0.002189200,1
'2026-08-22 08:39:00.126189400,0.002189400,0
'2026-08-22 08:39:00.126192900,0.002192900,1
'2026-08-22 08:39:00.126193000,0.002193000,0
'2026-08-22 08:39:00.126194400,0.002194400,1
'2026-08-22 08:39:00.126208900,0.002208900,0
'2026-08-22 08:39:00.126209100,0.002209100,1
'2026-08-22 08:39:00.126209200,0.002209200,0
'2026-08-22 08:39:00.126209300,0.002209300,1
'2026-08-22 08:39:00.126209400,0.002209400,0
'2026-08-22 08:39:00.126209700,0.002209700,1
'2026-08-22 08:39:00.126209800,0.002209800,0
'2026-08-22 08:39:00.126210900,0.002210900,1
'2026-08-22 08:39:00.126211000,0.002211000,0
'2026-08-22 08:39:00.126213000,0.002213000,1
'2026-08-22 08:39:00.126213100,0.002213100,0
'2026-08-22 08:39:00.126214300,0.002214300,1
'2026-08-22 08:39:00.126214400,0.002214400,0
'2026-08-22 08:39:00.126215000,0.002215000,1
'2026-08-22 08:39:00.126215100,0.002215100,0
'2026-08-22 08:39:00.126216100,0.002216100,1
'2026-08-22 08:39:00.126216200,0.002216200,0
'2026-08-22 08:39:00.126216700,0.002216700,1
'2026-08-22 08:39:00.126216800,0.002216800,0
'2026-08-22 08:39:00.126217300,0.002217300,1
'2026-08-22 08:39:00.126217400,0.002217400,0
'2026-08-22 08:39:00.126218500,0.002218500,1
'2026-08-22 08:39:00.126218600,0.002218600,0
'2026-08-22 08:39:00.126220500,0.002220500,1
'2026-08-22 08:39:00.126235100,0.002235100,0
'2026-08-22 08:39:00.126235300,0.002235300,1
'2026-08-22 08:39:00.126235500,0.002235500,0
'2026-08-22 08:39:00.126237700,0.002237700,1
'2026-08-22 08:39:00.126237800,0.002237800,0
'2026-08-22 08:39:00.126238900,0.002238900,1
'2026-08-22 08:39:00.126239000,0.002239000,0
'2026-08-22 08:39:00.126240100,0.002240100,1
'2026-08-22 08:39:00.126240200,0.002240200,0
'2026-08-22 08:39:00.126243000,0.002243000,1
'2026-08-22 08:39:00.126243100,0.002243100,0
'2026-08-22 08:39:00.126245600,0.002245600,1
'2026-08-22 08:39:00.126245700,0.002245700,0
'2026-08-22 08:39:00.126246500,0.002246500,1
'2026-08-22 08:39:00.126261200,0.002261200,0
'2026-08-22 08:39:00.126261700,0.002261700,1
'2026-08-22 08:39:00.126261800,0.002261800,0
'2026-08-22 08:39:00.126264300,0.002264300,1
'2026-08-22 08:39:00.126264400,0.002264400,0
'2026-08-22 08:39:00.126264700,0.002264700,1
'2026-08-22 08:39:00.126264800,0.002264800,0
'2026-08-22 08:39:00.126266900,0.002266900,1
'2026-08-22 08:39:00.126267000,0.002267000,0
'2026-08-22 08:39:00.126271600,0.002271600,1
'2026-08-22 08:39:00.126271700,0.002271700,0
'2026-08-22 08:39:00.126272600,0.002272600,1
'2026-08-22 08:39:00.126287100,0.002287100,0
'2026-08-22 08:39:00.126287700,0.002287700,1
'2026-08-22 08:39:00.126287800,0.002287800,0
'2026-08-22 08:39:00.126294300,0.002294300,1
'2026-08-22 08:39:00.126294400,0.002294400,0
'2026-08-22 08:39:00.126295300,0.002295300,1
'2026-08-22 08:39:00.126295400,0.002295400,0
'2026-08-22 08:39:00.126297300,0.002297300,1
'2026-08-22 08:39:00.126297400,0.002297400,0
'2026-08-22 08:39:00.126298600,0.002298600,1
'2026-08-22 08:39:00.126313200,0.002313200,0
'2026-08-22 08:39:00.126313300,0.002313300,1
'2026-08-22 08:39:00.126313400,0.002313400,0
'2026-08-22 08:39:00.126313600,0.002313600,1
'2026-08-22 08:39:00.126313800,0.002313800,0
'2026-08-22 08:39:00.126314200,0.002314200,1
'2026-08-22 08:39:00.126314400,0.002314400,0
'2026-08-22 08:39:00.126314700,0.002314700,1
'2026-08-22 08:39:00.126314900,0.002314900,0
'2026-08-22 08:39:00.126315600,0.002315600,1
'2026-08-22 08:39:00.126315700,0.002315700,0
'2026-08-22 08:39:00.126317100,0.002317100,1
'2026-08-22 08:39:00.126317300,0.002317300,0
'2026-08-22 08:39:00.126318300,0.002318300,1
'2026-08-22 08:39:00.126318400,0.002318400,0
'2026-08-22 08:39:00.126318900,0.002318900,1
'2026-08-22 08:39:00.126319000,0.002319000,0
'2026-08-22 08:39:00.126320900,0.002320900,1
'2026-08-22 08:39:00.126321000,0.002321000,0
'2026-08-22 08:39:00.126322400,0.002322400,1
'2026-08-22 08:39:00.126322500,0.002322500,0
'2026-08-22 08:39:00.126323700,0.002323700,1
'2026-08-22 08:39:00.126323800,0.002323800,0
'2026-08-22 08:39:00.126324600,0.002324600,1
'2026-08-22 08:39:00.126339500,0.002339500,0
'2026-08-22 08:39:00.126339900,0.002339900,1
'2026-08-22 08:39:00.126340000,0.002340000,0
'2026-08-22 08:39:00.126341700,0.002341700,1
'2026-08-22 08:39:00.126341800,0.002341800,0
'2026-08-22 08:39:00.126345200,0.002345200,1
'2026-08-22 08:39:00.126345300,0.002345300,0
'2026-08-22 08:39:00.126346300,0.002346300,1
'2026-08-22 08:39:00.126346400,0.002346400,0
'2026-08-22 08:39:00.126347500,0.002347500,1
'2026-08-22 08:39:00.126347600,0.002347600,0
'2026-08-22 08:39:00.126348700,0.002348700,1
'2026-08-22 08:39:00.126348800,0.002348800,0
'2026-08-22 08:39:00.126350700,0.002350700,1
'2026-08-22 08:39:00.126365200,0.002365200,0
'2026-08-22 08:39:00.126365300,0.002365300,1
'2026-08-22 08:39:00.126365400,0.002365400,0
'2026-08-22 08:39:00.126365500,0.002365500,1
'2026-08-22 08:39:00.126365600,0.002365600,0
'2026-08-22 08:39:00.126366800,0.002366800,1
'2026-08-22 08:39:00.126367000,0.002367000,0
'2026-08-22 08:39:00.126367900,0.002367900,1
'2026-08-22 08:39:00.126368100,0.002368100,0
'2026-08-22 08:39:00.126369100,0.002369100,1
'2026-08-22 08:39:00.126369200,0.002369200,0
'2026-08-22 08:39:00.126374100,0.002374100,1
'2026-08-22 08:39:00.126374200,0.002374200,0
'2026-08-22 08:39:00.126376700,0.002376700,1
'2026-08-22 08:39:00.126391400,0.002391400,0
'2026-08-22 08:39:00.126397700,0.002397700,1
'2026-08-22 08:39:00.126397800,0.002397800,0
'2026-08-22 08:39:00.126398900,0.002398900,1
'2026-08-22 08:39:00.126399000,0.002399000,0
'2026-08-22 08:39:00.126402700,0.002402700,1
'2026-08-22 08:39:00.126417200,0.002417200,0
'2026-08-22 08:39:00.126417300,0.002417300,1
'2026-08-22 08:39:00.126417400,0.002417400,0
'2026-08-22 08:39:00.126417500,0.002417500,1
'2026-08-22 08:39:00.126417600,0.002417600,0
'2026-08-22 08:39:00.126417900,0.002417900,1
'2026-08-22 08:39:00.126418000,0.002418000,0
'2026-08-22 08:39:00.126418100,0.002418100,1
'2026-08-22 08:39:00.126418200,0.002418200,0
'2026-08-22 08:39:00.126418300,0.002418300,1
'2026-08-22 08:39:00.126418400,0.002418400,0
'2026-08-22 08:39:00.126418500,0.002418500,1
'2026-08-22 08:39:00.126418600,0.002418600,0
'2026-08-22 08:39:00.126418700,0.002418700,1
'2026-08-22 08:39:00.126418800,0.002418800,0
'2026-08-22 08:39:00.126419900,0.002419900,1
'2026-08-22 08:39:00.126420000,0.002420000,0
'2026-08-22 08:39:00.126420500,0.002420500,1
'2026-08-22 08:39:00.126420600,0.002420600,0
'2026-08-22 08:39:00.126421100,0.002421100,1
'2026-08-22 08:39:00.126421200,0.002421200,0
'2026-08-22 08:39:00.126421700,0.002421700,1
'2026-08-22 08:39:00.126421800,0.002421800,0
'2026-08-22 08:39:00.126424000,0.002424000,1
'2026-08-22 08:39:00.126424100,0.002424100,0
'2026-08-22 08:39:00.126428800,0.002428800,1
'2026-08-22 08:39:00.126443500,0.002443500,0
'2026-08-22 08:39:00.126443700,0.002443700,1
'2026-08-22 08:39:00.126443900,0.002443900,0
'2026-08-22 08:39:00.126445500,0.002445500,1
'2026-08-22 08:39:00.126445600,0.002445600,0
'2026-08-22 08:39:00.126446200,0.002446200,1
'2026-08-22 08:39:00.126446300,0.002446300,0
'2026-08-22 08:39:00.126446800,0.002446800,1
'2026-08-22 08:39:00.126446900,0.002446900,0
'2026-08-22 08:39:00.126448500,0.002448500,1
'2026-08-22 08:39:00.126448600,0.002448600,0
'2026-08-22 08:39:00.126449100,0.002449100,1
'2026-08-22 08:39:00.126449300,0.002449300,0
'2026-08-22 08:39:00.126454800,0.002454800,1
'2026-08-22 08:39:00.126469400,0.002469400,0
'2026-08-22 08:39:00.126469500,0.002469500,1
'2026-08-22 08:39:00.126469700,0.002469700,0
'2026-08-22 08:39:00.126470700,0.002470700,1
'2026-08-22 08:39:00.126470800,0.002470800,0
'2026-08-22 08:39:00.126471900,0.002471900,1
'2026-08-22 08:39:00.126472000,0.002472000,0
'2026-08-22 08:39:00.126477100,0.002477100,1
'2026-08-22 08:39:00.126477200,0.002477200,0
'2026-08-22 08:39:00.126478300,0.002478300,1
'2026-08-22 08:39:00.126478400,0.002478400,0
'2026-08-22 08:39:00.126479500,0.002479500,1
'2026-08-22 08:39:00.126479800,0.002479800,0
'2026-08-22 08:39:00.126480000,0.002480000,1
'2026-08-22 08:39:00.126480200,0.002480200,0
'2026-08-22 08:39:00.126480800,0.002480800,1
'2026-08-22 08:39:00.126495700,0.002495700,0
'2026-08-22 08:39:00.126495800,0.002495800,1
'2026-08-22 08:39:00.126495900,0.002495900,0
'2026-08-22 08:39:00.126496400,0.002496400,1
'2026-08-22 08:39:00.126496500,0.002496500,0
'2026-08-22 08:39:00.126497600,0.002497600,1
'2026-08-22 08:39:00.126497800,0.002497800,0
'2026-08-22 08:39:00.126498200,0.002498200,1
'2026-08-22 08:39:00.126498300,0.002498300,0
'2026-08-22 08:39:00.126498700,0.002498700,1
'2026-08-22 08:39:00.126498900,0.002498900,0
'2026-08-22 08:39:00.126499900,0.002499900,1
'2026-08-22 08:39:00.126500000,0.002500000,0
'2026-08-22 08:39:00.126500500,0.002500500,1
'2026-08-22 08:39:00.126500600,0.002500600,0
'2026-08-22 08:39:00.126504900,0.002504900,1
'2026-08-22 08:39:00.126505000,0.002505000,0
'2026-08-22 08:39:00.126506300,0.002506300,1
'2026-08-22 08:39:00.126506400,0.002506400,0
'2026-08-22 08:39:00.126506900,0.002506900,1
'2026-08-22 08:39:00.126521700,0.002521700,0
'2026-08-22 08:39:00.126522700,0.002522700,1
'2026-08-22 08:39:00.126522800,0.002522800,0
'2026-08-22 08:39:00.126523900,0.002523900,1
'2026-08-22 08:39:00.126524000,0.002524000,0
'2026-08-22 08:39:00.126524500,0.002524500,1
'2026-08-22 08:39:00.126524600,0.002524600,0
'2026-08-22 08:39:00.126525600,0.002525600,1
'2026-08-22 08:39:00.126525700,0.002525700,0
'2026-08-22 08:39:00.126527900,0.002527900,1
'2026-08-22 08:39:00.126528100,0.002528100,0
'2026-08-22 08:39:00.126529100,0.002529100,1
'2026-08-22 08:39:00.126529200,0.002529200,0
'2026-08-22 08:39:00.126532900,0.002532900,1
'2026-08-22 08:39:00.126547400,0.002547400,0
'2026-08-22 08:39:00.126553700,0.002553700,1
'2026-08-22 08:39:00.126553800,0.002553800,0
'2026-08-22 08:39:00.126559000,0.002559000,1
'2026-08-22 08:39:00.126573300,0.002573300,0
'2026-08-22 08:39:00.126585000,0.002585000,1
'2026-08-22 08:39:00.126599800,0.002599800,0
'2026-08-22 08:39:00.126600900,0.002600900,1
'2026-08-22 08:39:00.126601000,0.002601000,0
'2026-08-22 08:39:00.126602700,0.002602700,1
'2026-08-22 08:39:00.126602800,0.002602800,0
'2026-08-22 08:39:00.126605000,0.002605000,1
'2026-08-22 08:39:00.126605100,0.002605100,0
'2026-08-22 08:39:00.126605500,0.002605500,1
'2026-08-22 08:39:00.126605600,0.002605600,0
'2026-08-22 08:39:00.126606200,0.002606200,1
'2026-08-22 08:39:00.126606300,0.002606300,0
'2026-08-22 08:39:00.126607300,0.002607300,1
'2026-08-22 08:39:00.126607500,0.002607500,0
'2026-08-22 08:39:00.126611000,0.002611000,1
'2026-08-22 08:39:00.126625600,0.002625600,0
'2026-08-22 08:39:00.126625700,0.002625700,1
'2026-08-22 08:39:00.126625800,0.002625800,0
'2026-08-22 08:39:00.126625900,0.002625900,1
'2026-08-22 08:39:00.126626100,0.002626100,0
'2026-08-22 08:39:00.126626600,0.002626600,1
'2026-08-22 08:39:00.126626700,0.002626700,0
'2026-08-22 08:39:00.126626900,0.002626900,1
'2026-08-22 08:39:00.126627000,0.002627000,0
'2026-08-22 08:39:00.126627100,0.002627100,1
'2026-08-22 08:39:00.126627300,0.002627300,0
'2026-08-22 08:39:00.126627800,0.002627800,1
'2026-08-22 08:39:00.126627900,0.002627900,0
'2026-08-22 08:39:00.126628300,0.002628300,1
'2026-08-22 08:39:00.126628400,0.002628400,0
'2026-08-22 08:39:00.126628900,0.002628900,1
'2026-08-22 08:39:00.126629000,0.002629000,0
'2026-08-22 08:39:00.126631800,0.002631800,1
'2026-08-22 08:39:00.126631900,0.002631900,0
'2026-08-22 08:39:00.126635600,0.002635600,1
'2026-08-22 08:39:00.126635700,0.002635700,0
'2026-08-22 08:39:00.126637100,0.002637100,1
'2026-08-22 08:39:00.126651600,0.002651600,0
'2026-08-22 08:39:00.126651700,0.002651700,1
'2026-08-22 08:39:00.126651800,0.002651800,0
'2026-08-22 08:39:00.126653400,0.002653400,1
'2026-08-22 08:39:00.126653600,0.002653600,0
'2026-08-22 08:39:00.126654600,0.002654600,1
'2026-08-22 08:39:00.126654700,0.002654700,0
'2026-08-22 08:39:00.126655800,0.002655800,1
'2026-08-22 08:39:00.126655900,0.002655900,0
'2026-08-22 08:39:00.126656400,0.002656400,1
'2026-08-22 08:39:00.126656500,0.002656500,0
'2026-08-22 08:39:00.126657500,0.002657500,1
'2026-08-22 08:39:00.126657600,0.002657600,0
'2026-08-22 08:39:00.126658700,0.002658700,1
'2026-08-22 08:39:00.126658800,0.002658800,0
'2026-08-22 08:39:00.126659900,0.002659900,1
'2026-08-22 08:39:00.126660000,0.002660000,0
'2026-08-22 08:39:00.126663100,0.002663100,1
'2026-08-22 08:39:00.126677700,0.002677700,0
'2026-08-22 08:39:00.126677900,0.002677900,1
'2026-08-22 08:39:00.126678100,0.002678100,0
'2026-08-22 08:39:00.126678600,0.002678600,1
'2026-08-22 08:39:00.126678700,0.002678700,0
'2026-08-22 08:39:00.126679100,0.002679100,1
'2026-08-22 08:39:00.126679300,0.002679300,0
'2026-08-22 08:39:00.126679700,0.002679700,1
'2026-08-22 08:39:00.126679800,0.002679800,0
'2026-08-22 08:39:00.126681500,0.002681500,1
'2026-08-22 08:39:00.126681600,0.002681600,0
'2026-08-22 08:39:00.126685000,0.002685000,1
'2026-08-22 08:39:00.126685100,0.002685100,0
'2026-08-22 08:39:00.126685500,0.002685500,1
'2026-08-22 08:39:00.126685600,0.002685600,0
'2026-08-22 08:39:00.126687300,0.002687300,1
'2026-08-22 08:39:00.126687400,0.002687400,0
'2026-08-22 08:39:00.126687500,0.002687500,1
'2026-08-22 08:39:00.126687600,0.002687600,0
'2026-08-22 08:39:00.126687900,0.002687900,1
'2026-08-22 08:39:00.126688000,0.002688000,0
'2026-08-22 08:39:00.126689100,0.002689100,1
'2026-08-22 08:39:00.126703700,0.002703700,0
'2026-08-22 08:39:00.126706000,0.002706000,1
'2026-08-22 08:39:00.126706100,0.002706100,0
'2026-08-22 08:39:00.126707200,0.002707200,1
'2026-08-22 08:39:00.126707300,0.002707300,0
'2026-08-22 08:39:00.126707800,0.002707800,1
'2026-08-22 08:39:00.126708000,0.002708000,0
'2026-08-22 08:39:00.126708300,0.002708300,1
'2026-08-22 08:39:00.126708400,0.002708400,0
'2026-08-22 08:39:00.126708900,0.002708900,1
'2026-08-22 08:39:00.126709000,0.002709000,0
'2026-08-22 08:39:00.126710100,0.002710100,1
'2026-08-22 08:39:00.126710200,0.002710200,0
'2026-08-22 08:39:00.126713600,0.002713600,1
'2026-08-22 08:39:00.126713700,0.002713700,0
'2026-08-22 08:39:00.126714200,0.002714200,1
'2026-08-22 08:39:00.126714300,0.002714300,0
'2026-08-22 08:39:00.126715200,0.002715200,1
'2026-08-22 08:39:00.126730100,0.002730100,0
'2026-08-22 08:39:00.126730500,0.002730500,1
'2026-08-22 08:39:00.126730600,0.002730600,0
'2026-08-22 08:39:00.126731100,0.002731100,1
'2026-08-22 08:39:00.126731300,0.002731300,0
'2026-08-22 08:39:00.126736300,0.002736300,1
'2026-08-22 08:39:00.126736400,0.002736400,0
'2026-08-22 08:39:00.126737500,0.002737500,1
'2026-08-22 08:39:00.126737600,0.002737600,0
'2026-08-22 08:39:00.126738100,0.002738100,1
'2026-08-22 08:39:00.126738200,0.002738200,0
'2026-08-22 08:39:00.126738700,0.002738700,1
'2026-08-22 08:39:00.126738800,0.002738800,0
'2026-08-22 08:39:00.126739200,0.002739200,1
'2026-08-22 08:39:00.126739400,0.002739400,0
'2026-08-22 08:39:00.126739700,0.002739700,1
'2026-08-22 08:39:00.126739800,0.002739800,0
'2026-08-22 08:39:00.126739900,0.002739900,1
'2026-08-22 08:39:00.126740100,0.002740100,0
'2026-08-22 08:39:00.126740400,0.002740400,1
'2026-08-22 08:39:00.126740600,0.002740600,0
'2026-08-22 08:39:00.126740900,0.002740900,1
'2026-08-22 08:39:00.126741100,0.002741100,0
'2026-08-22 08:39:00.126741200,0.002741200,1
'2026-08-22 08:39:00.126755700,0.002755700,0
'2026-08-22 08:39:00.126756300,0.002756300,1
'2026-08-22 08:39:00.126756400,0.002756400,0
'2026-08-22 08:39:00.126756800,0.002756800,1
'2026-08-22 08:39:00.126757000,0.002757000,0
'2026-08-22 08:39:00.126757900,0.002757900,1
'2026-08-22 08:39:00.126758000,0.002758000,0
'2026-08-22 08:39:00.126759100,0.002759100,1
'2026-08-22 08:39:00.126759200,0.002759200,0
'2026-08-22 08:39:00.126759700,0.002759700,1
'2026-08-22 08:39:00.126759800,0.002759800,0
'2026-08-22 08:39:00.126760200,0.002760200,1
'2026-08-22 08:39:00.126760400,0.002760400,0
'2026-08-22 08:39:00.126760900,0.002760900,1
'2026-08-22 08:39:00.126761000,0.002761000,0
'2026-08-22 08:39:00.126761400,0.002761400,1
'2026-08-22 08:39:00.126761600,0.002761600,0
'2026-08-22 08:39:00.126763200,0.002763200,1
'2026-08-22 08:39:00.126763300,0.002763300,0
'2026-08-22 08:39:00.126763700,0.002763700,1
'2026-08-22 08:39:00.126763900,0.002763900,0
'2026-08-22 08:39:00.126764200,0.002764200,1
'2026-08-22 08:39:00.126764400,0.002764400,0
'2026-08-22 08:39:00.126767200,0.002767200,1
'2026-08-22 08:39:00.126782000,0.002782000,0
'2026-08-22 08:39:00.126784200,0.002784200,1
'2026-08-22 08:39:00.126784300,0.002784300,0
'2026-08-22 08:39:00.126787100,0.002787100,1
'2026-08-22 08:39:00.126787200,0.002787200,0
'2026-08-22 08:39:00.126789200,0.002789200,1
'2026-08-22 08:39:00.126789400,0.002789400,0
'2026-08-22 08:39:00.126789500,0.002789500,1
'2026-08-22 08:39:00.126789600,0.002789600,0
'2026-08-22 08:39:00.126789700,0.002789700,1
'2026-08-22 08:39:00.126789800,0.002789800,0
'2026-08-22 08:39:00.126793300,0.002793300,1
'2026-08-22 08:39:00.126808200,0.002808200,0
'2026-08-22 08:39:00.126809300,0.002809300,1
'2026-08-22 08:39:00.126809400,0.002809400,0
'2026-08-22 08:39:00.126809900,0.002809900,1
'2026-08-22 08:39:00.126810000,0.002810000,0
'2026-08-22 08:39:00.126810300,0.002810300,1
'2026-08-22 08:39:00.126810400,0.002810400,0
'2026-08-22 08:39:00.126810500,0.002810500,1
'2026-08-22 08:39:00.126810600,0.002810600,0
'2026-08-22 08:39:00.126814300,0.002814300,1
'2026-08-22 08:39:00.126814400,0.002814400,0
'2026-08-22 08:39:00.126816100,0.002816100,1
'2026-08-22 08:39:00.126816200,0.002816200,0
'2026-08-22 08:39:00.126817500,0.002817500,1
'2026-08-22 08:39:00.126817600,0.002817600,0
'2026-08-22 08:39:00.126819300,0.002819300,1
'2026-08-22 08:39:00.126834000,0.002834000,0
'2026-08-22 08:39:00.126834100,0.002834100,1
'2026-08-22 08:39:00.126834200,0.002834200,0
'2026-08-22 08:39:00.126835600,0.002835600,1
'2026-08-22 08:39:00.126835700,0.002835700,0
'2026-08-22 08:39:00.126836700,0.002836700,1
'2026-08-22 08:39:00.126836800,0.002836800,0
'2026-08-22 08:39:00.126837900,0.002837900,1
'2026-08-22 08:39:00.126838000,0.002838000,0
'2026-08-22 08:39:00.126839100,0.002839100,1
'2026-08-22 08:39:00.126839300,0.002839300,0
'2026-08-22 08:39:00.126839700,0.002839700,1
'2026-08-22 08:39:00.126839800,0.002839800,0
'2026-08-22 08:39:00.126840200,0.002840200,1
'2026-08-22 08:39:00.126840400,0.002840400,0
'2026-08-22 08:39:00.126840800,0.002840800,1
'2026-08-22 08:39:00.126840900,0.002840900,0
'2026-08-22 08:39:00.126845300,0.002845300,1
'2026-08-22 08:39:00.126860100,0.002860100,0
'2026-08-22 08:39:00.126860300,0.002860300,1
'2026-08-22 08:39:00.126860400,0.002860400,0
'2026-08-22 08:39:00.126860700,0.002860700,1
'2026-08-22 08:39:00.126860800,0.002860800,0
'2026-08-22 08:39:00.126862900,0.002862900,1
'2026-08-22 08:39:00.126863000,0.002863000,0
'2026-08-22 08:39:00.126863600,0.002863600,1
'2026-08-22 08:39:00.126863700,0.002863700,0
'2026-08-22 08:39:00.126864200,0.002864200,1
'2026-08-22 08:39:00.126864300,0.002864300,0
'2026-08-22 08:39:00.126867100,0.002867100,1
'2026-08-22 08:39:00.126867200,0.002867200,0
'2026-08-22 08:39:00.126868800,0.002868800,1
'2026-08-22 08:39:00.126868900,0.002868900,0
'2026-08-22 08:39:00.126869400,0.002869400,1
'2026-08-22 08:39:00.126869500,0.002869500,0
'2026-08-22 08:39:00.126871400,0.002871400,1
'2026-08-22 08:39:00.126885900,0.002885900,0
'2026-08-22 08:39:00.126886300,0.002886300,1
'2026-08-22 08:39:00.126886400,0.002886400,0
'2026-08-22 08:39:00.126886900,0.002886900,1
'2026-08-22 08:39:00.126887000,0.002887000,0
'2026-08-22 08:39:00.126887100,0.002887100,1
'2026-08-22 08:39:00.126887300,0.002887300,0
'2026-08-22 08:39:00.126889200,0.002889200,1
'2026-08-22 08:39:00.126889400,0.002889400,0
'2026-08-22 08:39:00.126894500,0.002894500,1
'2026-08-22 08:39:00.126894600,0.002894600,0
'2026-08-22 08:39:00.126894900,0.002894900,1
'2026-08-22 08:39:00.126895000,0.002895000,0
'2026-08-22 08:39:00.126897000,0.002897000,1
'2026-08-22 08:39:00.126897100,0.002897100,0
'2026-08-22 08:39:00.126897400,0.002897400,1
'2026-08-22 08:39:00.126912100,0.002912100,0
'2026-08-22 08:39:00.126913200,0.002913200,1
'2026-08-22 08:39:00.126913300,0.002913300,0
'2026-08-22 08:39:00.126914200,0.002914200,1
'2026-08-22 08:39:00.126914400,0.002914400,0
'2026-08-22 08:39:00.126916700,0.002916700,1
'2026-08-22 08:39:00.126916800,0.002916800,0
'2026-08-22 08:39:00.126917300,0.002917300,1
'2026-08-22 08:39:00.126917400,0.002917400,0
'2026-08-22 08:39:00.126919600,0.002919600,1
'2026-08-22 08:39:00.126919700,0.002919700,0
'2026-08-22 08:39:00.126923100,0.002923100,1
'2026-08-22 08:39:00.126923200,0.002923200,0
'2026-08-22 08:39:00.126923500,0.002923500,1
'2026-08-22 08:39:00.126938000,0.002938000,0
'2026-08-22 08:39:00.126938100,0.002938100,1
'2026-08-22 08:39:00.126938200,0.002938200,0
'2026-08-22 08:39:00.126938300,0.002938300,1
'2026-08-22 08:39:00.126938400,0.002938400,0
'2026-08-22 08:39:00.126938900,0.002938900,1
'2026-08-22 08:39:00.126939000,0.002939000,0
'2026-08-22 08:39:00.126939200,0.002939200,1
'2026-08-22 08:39:00.126939400,0.002939400,0
'2026-08-22 08:39:00.126939700,0.002939700,1
'2026-08-22 08:39:00.126939800,0.002939800,0
'2026-08-22 08:39:00.126940700,0.002940700,1
'2026-08-22 08:39:00.126940800,0.002940800,0
'2026-08-22 08:39:00.126941200,0.002941200,1
'2026-08-22 08:39:00.126941300,0.002941300,0
'2026-08-22 08:39:00.126945000,0.002945000,1
'2026-08-22 08:39:00.126945100,0.002945100,0
'2026-08-22 08:39:00.126947600,0.002947600,1
'2026-08-22 08:39:00.126947800,0.002947800,0
'2026-08-22 08:39:00.126949500,0.002949500,1
'2026-08-22 08:39:00.126964100,0.002964100,0
'2026-08-22 08:39:00.126964200,0.002964200,1
'2026-08-22 08:39:00.126964300,0.002964300,0
'2026-08-22 08:39:00.126966900,0.002966900,1
'2026-08-22 08:39:00.126967000,0.002967000,0
'2026-08-22 08:39:00.126968100,0.002968100,1
'2026-08-22 08:39:00.126968200,0.002968200,0
'2026-08-22 08:39:00.126968300,0.002968300,1
'2026-08-22 08:39:00.126968400,0.002968400,0
'2026-08-22 08:39:00.126969200,0.002969200,1
'2026-08-22 08:39:00.126969400,0.002969400,0
'2026-08-22 08:39:00.126972700,0.002972700,1
'2026-08-22 08:39:00.126972800,0.002972800,0
'2026-08-22 08:39:00.126975500,0.002975500,1
'2026-08-22 08:39:00.126990500,0.002990500,0
'2026-08-22 08:39:00.126992600,0.002992600,1
'2026-08-22 08:39:00.126992700,0.002992700,0
'2026-08-22 08:39:00.126993700,0.002993700,1
'2026-08-22 08:39:00.126993800,0.002993800,0
'2026-08-22 08:39:00.126996700,0.002996700,1
'2026-08-22 08:39:00.126996800,0.002996800,0
'2026-08-22 08:39:00.126997500,0.002997500,1
'2026-08-22 08:39:00.126997600,0.002997600,0
'2026-08-22 08:39:00.127000200,0.003000200,1
'2026-08-22 08:39:00.127000300,0.003000300,0
'2026-08-22 08:39:00.127001300,0.003001300,1
'2026-08-22 08:39:00.127001400,0.003001400,0
'2026-08-22 08:39:00.127001600,0.003001600,1
'2026-08-22 08:39:00.127016200,0.003016200,0
'2026-08-22 08:39:00.127016500,0.003016500,1
'2026-08-22 08:39:00.127016600,0.003016600,0
'2026-08-22 08:39:00.127017700,0.003017700,1
'2026-08-22 08:39:00.127017800,0.003017800,0
'2026-08-22 08:39:00.127019700,0.003019700,1
'2026-08-22 08:39:00.127019800,0.003019800,0
'2026-08-22 08:39:00.127022300,0.003022300,1
'2026-08-22 08:39:00.127022400,0.003022400,0
'2026-08-22 08:39:00.127024700,0.003024700,1
'2026-08-22 08:39:00.127024800,0.003024800,0
'2026-08-22 08:39:00.127025300,0.003025300,1
'2026-08-22 08:39:00.127025400,0.003025400,0
'2026-08-22 08:39:00.127026400,0.003026400,1
'2026-08-22 08:39:00.127026500,0.003026500,0
'2026-08-22 08:39:00.127026800,0.003026800,1
'2026-08-22 08:39:00.127026900,0.003026900,0
'2026-08-22 08:39:00.127027600,0.003027600,1
'2026-08-22 08:39:00.127042000,0.003042000,0
'2026-08-22 08:39:00.127042100,0.003042100,1
'2026-08-22 08:39:00.127042300,0.003042300,0
'2026-08-22 08:39:00.127045100,0.003045100,1
'2026-08-22 08:39:00.127045200,0.003045200,0
'2026-08-22 08:39:00.127046300,0.003046300,1
'2026-08-22 08:39:00.127046400,0.003046400,0
'2026-08-22 08:39:00.127047200,0.003047200,1
'2026-08-22 08:39:00.127047400,0.003047400,0
'2026-08-22 08:39:00.127047500,0.003047500,1
'2026-08-22 08:39:00.127047600,0.003047600,0
'2026-08-22 08:39:00.127048300,0.003048300,1
'2026-08-22 08:39:00.127048400,0.003048400,0
'2026-08-22 08:39:00.127048600,0.003048600,1
'2026-08-22 08:39:00.127048700,0.003048700,0
'2026-08-22 08:39:00.127053600,0.003053600,1
'2026-08-22 08:39:00.127068600,0.003068600,0
'2026-08-22 08:39:00.127069000,0.003069000,1
'2026-08-22 08:39:00.127069200,0.003069200,0
'2026-08-22 08:39:00.127069300,0.003069300,1
'2026-08-22 08:39:00.127069400,0.003069400,0
'2026-08-22 08:39:00.127069600,0.003069600,1
'2026-08-22 08:39:00.127069800,0.003069800,0
'2026-08-22 08:39:00.127070700,0.003070700,1
'2026-08-22 08:39:00.127070800,0.003070800,0
'2026-08-22 08:39:00.127071400,0.003071400,1
'2026-08-22 08:39:00.127071500,0.003071500,0
'2026-08-22 08:39:00.127072200,0.003072200,1
'2026-08-22 08:39:00.127072400,0.003072400,0
'2026-08-22 08:39:00.127073900,0.003073900,1
'2026-08-22 08:39:00.127074000,0.003074000,0
'2026-08-22 08:39:00.127077200,0.003077200,1
'2026-08-22 08:39:00.127077300,0.003077300,0
'2026-08-22 08:39:00.127078400,0.003078400,1
'2026-08-22 08:39:00.127078500,0.003078500,0
'2026-08-22 08:39:00.127078900,0.003078900,1
'2026-08-22 08:39:00.127079100,0.003079100,0
'2026-08-22 08:39:00.127079500,0.003079500,1
'2026-08-22 08:39:00.127094500,0.003094500,0
'2026-08-22 08:39:00.127096500,0.003096500,1
'2026-08-22 08:39:00.127096600,0.003096600,0
'2026-08-22 08:39:00.127097200,0.003097200,1
'2026-08-22 08:39:00.127097400,0.003097400,0
'2026-08-22 08:39:00.127097700,0.003097700,1
'2026-08-22 08:39:00.127097800,0.003097800,0
'2026-08-22 08:39:00.127098100,0.003098100,1
'2026-08-22 08:39:00.127098200,0.003098200,0
'2026-08-22 08:39:00.127098700,0.003098700,1
'2026-08-22 08:39:00.127098900,0.003098900,0
'2026-08-22 08:39:00.127099300,0.003099300,1
'2026-08-22 08:39:00.127099500,0.003099500,0
'2026-08-22 08:39:00.127101700,0.003101700,1
'2026-08-22 08:39:00.127101800,0.003101800,0
'2026-08-22 08:39:00.127105700,0.003105700,1
'2026-08-22 08:39:00.127120500,0.003120500,0
'2026-08-22 08:39:00.127120900,0.003120900,1
'2026-08-22 08:39:00.127121100,0.003121100,0
'2026-08-22 08:39:00.127121600,0.003121600,1
'2026-08-22 08:39:00.127121700,0.003121700,0
'2026-08-22 08:39:00.127122200,0.003122200,1
'2026-08-22 08:39:00.127122300,0.003122300,0
'2026-08-22 08:39:00.127122700,0.003122700,1
'2026-08-22 08:39:00.127122800,0.003122800,0
'2026-08-22 08:39:00.127128000,0.003128000,1
'2026-08-22 08:39:00.127128200,0.003128200,0
'2026-08-22 08:39:00.127128500,0.003128500,1
'2026-08-22 08:39:00.127128700,0.003128700,0
'2026-08-22 08:39:00.127129200,0.003129200,1
'2026-08-22 08:39:00.127129300,0.003129300,0
'2026-08-22 08:39:00.127130300,0.003130300,1
'2026-08-22 08:39:00.127130500,0.003130500,0
'2026-08-22 08:39:00.127130900,0.003130900,1
'2026-08-22 08:39:00.127131000,0.003131000,0
'2026-08-22 08:39:00.127131300,0.003131300,1
'2026-08-22 08:39:00.127131400,0.003131400,0
'2026-08-22 08:39:00.127131500,0.003131500,1
'2026-08-22 08:39:00.127131600,0.003131600,0
'2026-08-22 08:39:00.127131700,0.003131700,1
'2026-08-22 08:39:00.127146300,0.003146300,0
'2026-08-22 08:39:00.127146700,0.003146700,1
'2026-08-22 08:39:00.127146800,0.003146800,0
'2026-08-22 08:39:00.127147200,0.003147200,1
'2026-08-22 08:39:00.127147500,0.003147500,0
'2026-08-22 08:39:00.127147800,0.003147800,1
'2026-08-22 08:39:00.127148000,0.003148000,0
'2026-08-22 08:39:00.127148300,0.003148300,1
'2026-08-22 08:39:00.127148600,0.003148600,0
'2026-08-22 08:39:00.127148900,0.003148900,1
'2026-08-22 08:39:00.127149000,0.003149000,0
'2026-08-22 08:39:00.127150000,0.003150000,1
'2026-08-22 08:39:00.127150100,0.003150100,0
'2026-08-22 08:39:00.127150700,0.003150700,1
'2026-08-22 08:39:00.127151000,0.003151000,0
'2026-08-22 08:39:00.127151900,0.003151900,1
'2026-08-22 08:39:00.127152100,0.003152100,0
'2026-08-22 08:39:00.127155500,0.003155500,1
'2026-08-22 08:39:00.127155600,0.003155600,0
'2026-08-22 08:39:00.127157800,0.003157800,1
'2026-08-22 08:39:00.127172400,0.003172400,0
'2026-08-22 08:39:00.127174700,0.003174700,1
'2026-08-22 08:39:00.127174800,0.003174800,0
'2026-08-22 08:39:00.127175900,0.003175900,1
'2026-08-22 08:39:00.127176000,0.003176000,0
'2026-08-22 08:39:00.127177100,0.003177100,1
'2026-08-22 08:39:00.127177200,0.003177200,0
'2026-08-22 08:39:00.127178200,0.003178200,1
'2026-08-22 08:39:00.127178300,0.003178300,0
'2026-08-22 08:39:00.127178600,0.003178600,1
'2026-08-22 08:39:00.127178700,0.003178700,0
'2026-08-22 08:39:00.127178800,0.003178800,1
'2026-08-22 08:39:00.127178900,0.003178900,0
'2026-08-22 08:39:00.127179500,0.003179500,1
'2026-08-22 08:39:00.127179600,0.003179600,0
'2026-08-22 08:39:00.127180600,0.003180600,1
'2026-08-22 08:39:00.127180700,0.003180700,0
'2026-08-22 08:39:00.127181100,0.003181100,1
'2026-08-22 08:39:00.127181300,0.003181300,0
'2026-08-22 08:39:00.127182300,0.003182300,1
'2026-08-22 08:39:00.127182400,0.003182400,0
'2026-08-22 08:39:00.127183500,0.003183500,1
'2026-08-22 08:39:00.127183600,0.003183600,0
'2026-08-22 08:39:00.127183800,0.003183800,1
'2026-08-22 08:39:00.127198600,0.003198600,0
'2026-08-22 08:39:00.127198700,0.003198700,1
'2026-08-22 08:39:00.127198800,0.003198800,0
'2026-08-22 08:39:00.127199800,0.003199800,1
'2026-08-22 08:39:00.127200000,0.003200000,0
'2026-08-22 08:39:00.127201000,0.003201000,1
'2026-08-22 08:39:00.127201100,0.003201100,0
'2026-08-22 08:39:00.127201500,0.003201500,1
'2026-08-22 08:39:00.127201700,0.003201700,0
'2026-08-22 08:39:00.127203900,0.003203900,1
'2026-08-22 08:39:00.127204000,0.003204000,0
'2026-08-22 08:39:00.127205100,0.003205100,1
'2026-08-22 08:39:00.127205200,0.003205200,0
'2026-08-22 08:39:00.127208700,0.003208700,1
'2026-08-22 08:39:00.127208800,0.003208800,0
'2026-08-22 08:39:00.127209800,0.003209800,1
'2026-08-22 08:39:00.127224500,0.003224500,0
'2026-08-22 08:39:00.127224700,0.003224700,1
'2026-08-22 08:39:00.127224800,0.003224800,0
'2026-08-22 08:39:00.127225100,0.003225100,1
'2026-08-22 08:39:00.127225200,0.003225200,0
'2026-08-22 08:39:00.127226700,0.003226700,1
'2026-08-22 08:39:00.127226800,0.003226800,0
'2026-08-22 08:39:00.127227300,0.003227300,1
'2026-08-22 08:39:00.127227400,0.003227400,0
'2026-08-22 08:39:00.127227900,0.003227900,1
'2026-08-22 08:39:00.127228000,0.003228000,0
'2026-08-22 08:39:00.127228400,0.003228400,1
'2026-08-22 08:39:00.127228600,0.003228600,0
'2026-08-22 08:39:00.127229600,0.003229600,1
'2026-08-22 08:39:00.127229700,0.003229700,0
'2026-08-22 08:39:00.127230700,0.003230700,1
'2026-08-22 08:39:00.127230900,0.003230900,0
'2026-08-22 08:39:00.127231400,0.003231400,1
'2026-08-22 08:39:00.127231500,0.003231500,0
'2026-08-22 08:39:00.127231900,0.003231900,1
'2026-08-22 08:39:00.127232000,0.003232000,0
'2026-08-22 08:39:00.127232300,0.003232300,1
'2026-08-22 08:39:00.127232400,0.003232400,0
'2026-08-22 08:39:00.127232800,0.003232800,1
'2026-08-22 08:39:00.127232900,0.003232900,0
'2026-08-22 08:39:00.127234900,0.003234900,1
'2026-08-22 08:39:00.127235000,0.003235000,0
'2026-08-22 08:39:00.127235900,0.003235900,1
'2026-08-22 08:39:00.127250800,0.003250800,0
'2026-08-22 08:39:00.127250900,0.003250900,1
'2026-08-22 08:39:00.127251000,0.003251000,0
'2026-08-22 08:39:00.127251100,0.003251100,1
'2026-08-22 08:39:00.127251300,0.003251300,0
'2026-08-22 08:39:00.127251800,0.003251800,1
'2026-08-22 08:39:00.127251900,0.003251900,0
'2026-08-22 08:39:00.127252300,0.003252300,1
'2026-08-22 08:39:00.127252500,0.003252500,0
'2026-08-22 08:39:00.127253500,0.003253500,1
'2026-08-22 08:39:00.127253600,0.003253600,0
'2026-08-22 08:39:00.127255600,0.003255600,1
'2026-08-22 08:39:00.127255700,0.003255700,0
'2026-08-22 08:39:00.127257700,0.003257700,1
'2026-08-22 08:39:00.127257800,0.003257800,0
'2026-08-22 08:39:00.127259200,0.003259200,1
'2026-08-22 08:39:00.128892800,0.004892800,0
'2026-08-22 08:39:00.128901400,0.004901400,1
'2026-08-22 08:39:00.128915800,0.004915800,0
'2026-08-22 08:39:00.128927400,0.004927400,1
'2026-08-22 08:39:00.128941800,0.004941800,0
'2026-08-22 08:39:00.128953500,0.004953500,1
'2026-08-22 08:39:00.128967800,0.004967800,0
'2026-08-22 08:39:00.128968100,0.004968100,1
'2026-08-22 08:39:00.128968200,0.004968200,0
'2026-08-22 08:39:00.128979500,0.004979500,1
'2026-08-22 08:39:00.128993800,0.004993800,0
'2026-08-22 08:39:00.129005500,0.005005500,1
'2026-08-22 08:39:00.129019900,0.005019900,0
'2026-08-22 08:39:00.129031600,0.005031600,1
'2026-08-22 08:39:00.129045900,0.005045900,0
'2026-08-22 08:39:00.129049700,0.005049700,1
'2026-08-22 08:39:00.129049800,0.005049800,0
'2026-08-22 08:39:00.129057600,0.005057600,1
'2026-08-22 08:39:00.129072100,0.005072100,0
'2026-08-22 08:39:00.129072200,0.005072200,1
'2026-08-22 08:39:00.129072300,0.005072300,0
'2026-08-22 08:39:00.129083600,0.005083600,1
'2026-08-22 08:39:00.129098000,0.005098000,0
'2026-08-22 08:39:00.129098700,0.005098700,1
'2026-08-22 08:39:00.129098800,0.005098800,0
'2026-08-22 08:39:00.129109700,0.005109700,1
'2026-08-22 08:39:00.129124000,0.005124000,0
'2026-08-22 08:39:00.129126300,0.005126300,1
'2026-08-22 08:39:00.129126400,0.005126400,0
'2026-08-22 08:39:00.129135700,0.005135700,1
'2026-08-22 08:39:00.129150100,0.005150100,0
'2026-08-22 08:39:00.129150200,0.005150200,1
'2026-08-22 08:39:00.129150300,0.005150300,0
'2026-08-22 08:39:00.129152700,0.005152700,1
'2026-08-22 08:39:00.129152800,0.005152800,0
'2026-08-22 08:39:00.129161700,0.005161700,1
'2026-08-22 08:39:00.129176200,0.005176200,0
'2026-08-22 08:39:00.129187800,0.005187800,1
'2026-08-22 08:39:00.129202300,0.005202300,0
'2026-08-22 08:39:00.129213800,0.005213800,1
'2026-08-22 08:39:00.129228200,0.005228200,0
'2026-08-22 08:39:00.129239800,0.005239800,1
'2026-08-22 08:39:00.129254200,0.005254200,0
'2026-08-22 08:39:00.129254300,0.005254300,1
'2026-08-22 08:39:00.129254400,0.005254400,0
'2026-08-22 08:39:00.129254700,0.005254700,1
'2026-08-22 08:39:00.129254800,0.005254800,0
'2026-08-22 08:39:00.129265900,0.005265900,1
'2026-08-22 08:39:00.129280200,0.005280200,0
'2026-08-22 08:39:00.129285000,0.005285000,1
'2026-08-22 08:39:00.129285100,0.005285100,0
'2026-08-22 08:39:00.129291900,0.005291900,1
'2026-08-22 08:39:00.129722500,0.005722500,0
'2026-08-22 08:39:00.129734300,0.005734300,1
'2026-08-22 08:39:00.129748500,0.005748500,0
'2026-08-22 08:39:00.129760300,0.005760300,1
'2026-08-22 08:39:00.129774700,0.005774700,0
'2026-08-22 08:39:00.129786400,0.005786400,1
'2026-08-22 08:39:00.129800600,0.005800600,0
'2026-08-22 08:39:00.129812400,0.005812400,1
'2026-08-22 08:39:00.129826900,0.005826900,0
'2026-08-22 08:39:00.129838400,0.005838400,1
'2026-08-22 08:39:00.129852700,0.005852700,0
'2026-08-22 08:39:00.129864500,0.005864500,1
'2026-08-22 08:39:00.129878900,0.005878900,0
'2026-08-22 08:39:00.129884600,0.005884600,1
'2026-08-22 08:39:00.129884700,0.005884700,0
'2026-08-22 08:39:00.129890500,0.005890500,1
'2026-08-22 08:39:00.129905100,0.005905100,0
'2026-08-22 08:39:00.129910000,0.005910000,1
'2026-08-22 08:39:00.129910100,0.005910100,0
'2026-08-22 08:39:00.129916500,0.005916500,1
'2026-08-22 08:39:00.129930800,0.005930800,0
'2026-08-22 08:39:00.129942600,0.005942600,1
'2026-08-22 08:39:00.129957100,0.005957100,0
'2026-08-22 08:39:00.129968600,0.005968600,1
'2026-08-22 08:39:00.129983100,0.005983100,0
'2026-08-22 08:39:00.129983300,0.005983300,1
'2026-08-22 08:39:00.129983400,0.005983400,0
'2026-08-22 08:39:00.129989700,0.005989700,1
'2026-08-22 08:39:00.129989800,0.005989800,0
'2026-08-22 08:39:00.129994600,0.005994600,1
'2026-08-22 08:39:00.130008900,0.006008900,0
'2026-08-22 08:39:00.130013500,0.006013500,1
'2026-08-22 08:39:00.130013600,0.006013600,0
'2026-08-22 08:39:00.130020700,0.006020700,1
'2026-08-22 08:39:00.130035000,0.006035000,0
'2026-08-22 08:39:00.130035100,0.006035100,1
'2026-08-22 08:39:00.130035300,0.006035300,0
'2026-08-22 08:39:00.130046700,0.006046700,1
'2026-08-22 08:39:00.130061000,0.006061000,0
'2026-08-22 08:39:00.130063900,0.006063900,1
'2026-08-22 08:39:00.130064000,0.006064000,0
'2026-08-22 08:39:00.130072700,0.006072700,1
'2026-08-22 08:39:00.130087400,0.006087400,0
'2026-08-22 08:39:00.130097200,0.006097200,1
'2026-08-22 08:39:00.130097300,0.006097300,0
'2026-08-22 08:39:00.130098800,0.006098800,1
'2026-08-22 08:39:00.130113200,0.006113200,0
'2026-08-22 08:39:00.130122200,0.006122200,1
'2026-08-22 08:39:00.130122300,0.006122300,0
'2026-08-22 08:39:00.130124800,0.006124800,1
'2026-08-22 08:39:00.130555400,0.006555400,0
'2026-08-22 08:39:00.130567200,0.006567200,1
'2026-08-22 08:39:00.130581400,0.006581400,0
'2026-08-22 08:39:00.130593200,0.006593200,1
'2026-08-22 08:39:00.130607500,0.006607500,0
'2026-08-22 08:39:00.130619200,0.006619200,1
'2026-08-22 08:39:00.130633600,0.006633600,0
'2026-08-22 08:39:00.130645300,0.006645300,1
'2026-08-22 08:39:00.130659600,0.006659600,0
'2026-08-22 08:39:00.130671300,0.006671300,1
'2026-08-22 08:39:00.130685600,0.006685600,0
'2026-08-22 08:39:00.130697400,0.006697400,1
'2026-08-22 08:39:00.130711800,0.006711800,0
'2026-08-22 08:39:00.130723400,0.006723400,1
'2026-08-22 08:39:00.130737800,0.006737800,0
'2026-08-22 08:39:00.130749400,0.006749400,1
'2026-08-22 08:39:00.130763800,0.006763800,0
'2026-08-22 08:39:00.130764200,0.006764200,1
'2026-08-22 08:39:00.130764300,0.006764300,0
'2026-08-22 08:39:00.130775500,0.006775500,1
'2026-08-22 08:39:00.130789800,0.006789800,0
'2026-08-22 08:39:00.130801500,0.006801500,1
'2026-08-22 08:39:00.130815800,0.006815800,0
'2026-08-22 08:39:00.130815900,0.006815900,1
'2026-08-22 08:39:00.130816000,0.006816000,0
'2026-08-22 08:39:00.130827500,0.006827500,1
'2026-08-22 08:39:00.130842000,0.006842000,0
'2026-08-22 08:39:00.130853600,0.006853600,1
'2026-08-22 08:39:00.130868000,0.006868000,0
'2026-08-22 08:39:00.130868200,0.006868200,1
'2026-08-22 08:39:00.130868300,0.006868300,0
'2026-08-22 08:39:00.130879600,0.006879600,1
'2026-08-22 08:39:00.130894000,0.006894000,0
'2026-08-22 08:39:00.130905600,0.006905600,1
'2026-08-22 08:39:00.130920200,0.006920200,0
'2026-08-22 08:39:00.130921300,0.006921300,1
'2026-08-22 08:39:00.130921400,0.006921400,0
'2026-08-22 08:39:00.130931700,0.006931700,1
'2026-08-22 08:39:00.130946000,0.006946000,0
'2026-08-22 08:39:00.130952400,0.006952400,1
'2026-08-22 08:39:00.132169100,0.008169100,0
'2026-08-22 08:39:00.132180800,0.008180800,1
'2026-08-22 08:39:00.132195100,0.008195100,0
'2026-08-22 08:39:00.132206900,0.008206900,1
'2026-08-22 08:39:00.132221200,0.008221200,0
'2026-08-22 08:39:00.132232900,0.008232900,1
'2026-08-22 08:39:00.132247300,0.008247300,0
'2026-08-22 08:39:00.132259000,0.008259000,1
'2026-08-22 08:39:00.132273300,0.008273300,0
'2026-08-22 08:39:00.132273400,0.008273400,1
'2026-08-22 08:39:00.132273500,0.008273500,0
'2026-08-22 08:39:00.132285000,0.008285000,1
'2026-08-22 08:39:00.132299300,0.008299300,0
'2026-08-22 08:39:00.132311000,0.008311000,1
'2026-08-22 08:39:00.132325400,0.008325400,0
'2026-08-22 08:39:00.132337100,0.008337100,1
'2026-08-22 08:39:00.132351400,0.008351400,0
'2026-08-22 08:39:00.132363100,0.008363100,1
'2026-08-22 08:39:00.132377400,0.008377400,0
'2026-08-22 08:39:00.132389100,0.008389100,1
'2026-08-22 08:39:00.132403500,0.008403500,0
'2026-08-22 08:39:00.132415200,0.008415200,1
'2026-08-22 08:39:00.132429500,0.008429500,0
'2026-08-22 08:39:00.132441200,0.008441200,1
'2026-08-22 08:39:00.132455600,0.008455600,0
'2026-08-22 08:39:00.132467200,0.008467200,1
'2026-08-22 08:39:00.132481500,0.008481500,0
'2026-08-22 08:39:00.132493300,0.008493300,1
'2026-08-22 08:39:00.132507800,0.008507800,0
'2026-08-22 08:39:00.132519300,0.008519300,1
'2026-08-22 08:39:00.132533800,0.008533800,0
'2026-08-22 08:39:00.132545300,0.008545300,1
'2026-08-22 08:39:00.132559800,0.008559800,0
'2026-08-22 08:39:00.132560500,0.008560500,1
'2026-08-22 08:39:00.132560600,0.008560600,0
'2026-08-22 08:39:00.132569300,0.008569300,1
'2026-08-22 08:39:00.132569400,0.008569400,0
'2026-08-22 08:39:00.132571400,0.008571400,1
'2026-08-22 08:39:00.132984000,0.008984000,0
'2026-08-22 08:39:00.132987700,0.008987700,1
'2026-08-22 08:39:00.133002100,0.009002100,0
'2026-08-22 08:39:00.133013800,0.009013800,1
'2026-08-22 08:39:00.133028100,0.009028100,0
'2026-08-22 08:39:00.133028900,0.009028900,1
'2026-08-22 08:39:00.133029000,0.009029000,0
'2026-08-22 08:39:00.133039800,0.009039800,1
'2026-08-22 08:39:00.133054200,0.009054200,0
'2026-08-22 08:39:00.133065900,0.009065900,1
'2026-08-22 08:39:00.133080300,0.009080300,0
'2026-08-22 08:39:00.133091900,0.009091900,1
'2026-08-22 08:39:00.133106200,0.009106200,0
'2026-08-22 08:39:00.133117900,0.009117900,1
'2026-08-22 08:39:00.133132200,0.009132200,0
'2026-08-22 08:39:00.133144000,0.009144000,1
'2026-08-22 08:39:00.133158400,0.009158400,0
'2026-08-22 08:39:00.133170000,0.009170000,1
'2026-08-22 08:39:00.133184400,0.009184400,0
'2026-08-22 08:39:00.133196000,0.009196000,1
'2026-08-22 08:39:00.133210400,0.009210400,0
'2026-08-22 08:39:00.133210900,0.009210900,1
'2026-08-22 08:39:00.133211000,0.009211000,0
'2026-08-22 08:39:00.133222100,0.009222100,1
'2026-08-22 08:39:00.133236400,0.009236400,0
'2026-08-22 08:39:00.133248100,0.009248100,1
'2026-08-22 08:39:00.133262500,0.009262500,0
'2026-08-22 08:39:00.133274100,0.009274100,1
'2026-08-22 08:39:00.133288600,0.009288600,0
'2026-08-22 08:39:00.133300200,0.009300200,1
'2026-08-22 08:39:00.133314500,0.009314500,0
'2026-08-22 08:39:00.133326200,0.009326200,1
'2026-08-22 08:39:00.133340700,0.009340700,0
'2026-08-22 08:39:00.133341000,0.009341000,1
'2026-08-22 08:39:00.133341100,0.009341100,0
'2026-08-22 08:39:00.133352200,0.009352200,1
'2026-08-22 08:39:00.133366600,0.009366600,0
'2026-08-22 08:39:00.133378300,0.009378300,1
'2026-08-22 08:39:00.134615700,0.010615700,0
'2026-08-22 08:39:00.134627500,0.010627500,1
'2026-08-22 08:39:00.134641800,0.010641800,0
'2026-08-22 08:39:00.134653600,0.010653600,1
'2026-08-22 08:39:00.134667800,0.010667800,0
'2026-08-22 08:39:00.134679600,0.010679600,1
'2026-08-22 08:39:00.134693800,0.010693800,0
'2026-08-22 08:39:00.134705600,0.010705600,1
'2026-08-22 08:39:00.134720000,0.010720000,0
'2026-08-22 08:39:00.134731700,0.010731700,1
'2026-08-22 08:39:00.134745900,0.010745900,0
'2026-08-22 08:39:00.134757700,0.010757700,1
'2026-08-22 08:39:00.134772000,0.010772000,0
'2026-08-22 08:39:00.134772100,0.010772100,1
'2026-08-22 08:39:00.134772200,0.010772200,0
'2026-08-22 08:39:00.134783700,0.010783700,1
'2026-08-22 08:39:00.134798000,0.010798000,0
'2026-08-22 08:39:00.134809800,0.010809800,1
'2026-08-22 08:39:00.134824200,0.010824200,0
'2026-08-22 08:39:00.134835800,0.010835800,1
'2026-08-22 08:39:00.134850200,0.010850200,0
'2026-08-22 08:39:00.134861900,0.010861900,1
'2026-08-22 08:39:00.134876200,0.010876200,0
'2026-08-22 08:39:00.134887900,0.010887900,1
'2026-08-22 08:39:00.134902300,0.010902300,0
'2026-08-22 08:39:00.134913900,0.010913900,1
'2026-08-22 08:39:00.134928400,0.010928400,0
'2026-08-22 08:39:00.134940000,0.010940000,1
'2026-08-22 08:39:00.134954300,0.010954300,0
'2026-08-22 08:39:00.134966000,0.010966000,1
'2026-08-22 08:39:00.134980500,0.010980500,0
'2026-08-22 08:39:00.134981100,0.010981100,1
'2026-08-22 08:39:00.134981200,0.010981200,0
'2026-08-22 08:39:00.134992000,0.010992000,1
'2026-08-22 08:39:00.135006400,0.011006400,0
'2026-08-22 08:39:00.135012000,0.011012000,1
'2026-08-22 08:39:00.135425100,0.011425100,0
'2026-08-22 08:39:00.135434500,0.011434500,1
'2026-08-22 08:39:00.135448700,0.011448700,0
'2026-08-22 08:39:00.135460500,0.011460500,1
'2026-08-22 08:39:00.135474900,0.011474900,0
'2026-08-22 08:39:00.135486500,0.011486500,1
'2026-08-22 08:39:00.135500800,0.011500800,0
'2026-08-22 08:39:00.135512600,0.011512600,1
'2026-08-22 08:39:00.135527000,0.011527000,0
'2026-08-22 08:39:00.135527100,0.011527100,1
'2026-08-22 08:39:00.135527200,0.011527200,0
'2026-08-22 08:39:00.135538600,0.011538600,1
'2026-08-22 08:39:00.135552800,0.011552800,0
'2026-08-22 08:39:00.135564700,0.011564700,1
'2026-08-22 08:39:00.135579000,0.011579000,0
'2026-08-22 08:39:00.135590700,0.011590700,1
'2026-08-22 08:39:00.135605100,0.011605100,0
'2026-08-22 08:39:00.135616700,0.011616700,1
'2026-08-22 08:39:00.135631000,0.011631000,0
'2026-08-22 08:39:00.135631200,0.011631200,1
'2026-08-22 08:39:00.135631300,0.011631300,0
'2026-08-22 08:39:00.135642800,0.011642800,1
'2026-08-22 08:39:00.135657200,0.011657200,0
'2026-08-22 08:39:00.135668800,0.011668800,1
'2026-08-22 08:39:00.135683100,0.011683100,0
'2026-08-22 08:39:00.135694800,0.011694800,1
'2026-08-22 08:39:00.135709200,0.011709200,0
'2026-08-22 08:39:00.135709500,0.011709500,1
'2026-08-22 08:39:00.135709600,0.011709600,0
'2026-08-22 08:39:00.135709800,0.011709800,1
'2026-08-22 08:39:00.135709900,0.011709900,0
'2026-08-22 08:39:00.135720900,0.011720900,1
'2026-08-22 08:39:00.135735300,0.011735300,0
'2026-08-22 08:39:00.135739300,0.011739300,1
'2026-08-22 08:39:00.135739400,0.011739400,0
'2026-08-22 08:39:00.135746900,0.011746900,1
'2026-08-22 08:39:00.135761200,0.011761200,0
'2026-08-22 08:39:00.135772900,0.011772900,1
'2026-08-22 08:39:00.135787400,0.011787400,0
'2026-08-22 08:39:00.135798300,0.011798300,1
'2026-08-22 08:39:00.135798400,0.011798400,0
'2026-08-22 08:39:00.135799000,0.011799000,1
'2026-08-22 08:39:00.135813300,0.011813300,0
'2026-08-22 08:39:00.135825000,0.011825000,1
'2026-08-22 08:39:00.136255700,0.012255700,0
'2026-08-22 08:39:00.136267400,0.012267400,1
'2026-08-22 08:39:00.136281800,0.012281800,0
'2026-08-22 08:39:00.136293500,0.012293500,1
'2026-08-22 08:39:00.136307800,0.012307800,0
'2026-08-22 08:39:00.136319500,0.012319500,1
'2026-08-22 08:39:00.136333800,0.012333800,0
'2026-08-22 08:39:00.136345600,0.012345600,1
'2026-08-22 08:39:00.136360100,0.012360100,0
'2026-08-22 08:39:00.136371600,0.012371600,1
'2026-08-22 08:39:00.136386000,0.012386000,0
'2026-08-22 08:39:00.136397600,0.012397600,1
'2026-08-22 08:39:00.136412000,0.012412000,0
'2026-08-22 08:39:00.136423700,0.012423700,1
'2026-08-22 08:39:00.136438000,0.012438000,0
'2026-08-22 08:39:00.136440600,0.012440600,1
'2026-08-22 08:39:00.136440700,0.012440700,0
'2026-08-22 08:39:00.136449700,0.012449700,1
'2026-08-22 08:39:00.136464100,0.012464100,0
'2026-08-22 08:39:00.136475800,0.012475800,1
'2026-08-22 08:39:00.136490300,0.012490300,0
'2026-08-22 08:39:00.136499600,0.012499600,1
'2026-08-22 08:39:00.136499700,0.012499700,0
'2026-08-22 08:39:00.136501800,0.012501800,1
'2026-08-22 08:39:00.136516100,0.012516100,0
'2026-08-22 08:39:00.136527800,0.012527800,1
'2026-08-22 08:39:00.136542200,0.012542200,0
'2026-08-22 08:39:00.136553900,0.012553900,1
'2026-08-22 08:39:00.136568500,0.012568500,0
'2026-08-22 08:39:00.136569500,0.012569500,1
'2026-08-22 08:39:00.136569600,0.012569600,0
'2026-08-22 08:39:00.136579900,0.012579900,1
'2026-08-22 08:39:00.136594400,0.012594400,0
'2026-08-22 08:39:00.136605900,0.012605900,1
'2026-08-22 08:39:00.136620400,0.012620400,0
'2026-08-22 08:39:00.136620900,0.012620900,1
'2026-08-22 08:39:00.136621000,0.012621000,0
'2026-08-22 08:39:00.136632000,0.012632000,1
'2026-08-22 08:39:00.136646300,0.012646300,0
'2026-08-22 08:39:00.136646600,0.012646600,1
'2026-08-22 08:39:00.136646700,0.012646700,0
'2026-08-22 08:39:00.136651300,0.012651300,1
'2026-08-22 08:39:00.136651400,0.012651400,0
'2026-08-22 08:39:00.136655700,0.012655700,1
'2026-08-22 08:39:00.137068500,0.013068500,0
'2026-08-22 08:39:00.137074400,0.013074400,1
'2026-08-22 08:39:00.137088700,0.013088700,0
'2026-08-22 08:39:00.137100400,0.013100400,1
'2026-08-22 08:39:00.137114700,0.013114700,0
'2026-08-22 08:39:00.137126500,0.013126500,1
'2026-08-22 08:39:00.137140800,0.013140800,0
'2026-08-22 08:39:00.137152500,0.013152500,1
'2026-08-22 08:39:00.137166800,0.013166800,0
'2026-08-22 08:39:00.137178500,0.013178500,1
'2026-08-22 08:39:00.137192900,0.013192900,0
'2026-08-22 08:39:00.137204600,0.013204600,1
'2026-08-22 08:39:00.137219100,0.013219100,0
'2026-08-22 08:39:00.137230600,0.013230600,1
'2026-08-22 08:39:00.137245000,0.013245000,0
'2026-08-22 08:39:00.137245200,0.013245200,1
'2026-08-22 08:39:00.137245300,0.013245300,0
'2026-08-22 08:39:00.137256600,0.013256600,1
'2026-08-22 08:39:00.137271100,0.013271100,0
'2026-08-22 08:39:00.137282700,0.013282700,1
'2026-08-22 08:39:00.137297300,0.013297300,0
'2026-08-22 08:39:00.137297700,0.013297700,1
'2026-08-22 08:39:00.137297800,0.013297800,0
'2026-08-22 08:39:00.137308700,0.013308700,1
'2026-08-22 08:39:00.137323100,0.013323100,0
'2026-08-22 08:39:00.137334800,0.013334800,1
'2026-08-22 08:39:00.137349400,0.013349400,0
'2026-08-22 08:39:00.137360800,0.013360800,1
'2026-08-22 08:39:00.137375100,0.013375100,0
'2026-08-22 08:39:00.137375200,0.013375200,1
'2026-08-22 08:39:00.137375300,0.013375300,0
'2026-08-22 08:39:00.137375700,0.013375700,1
'2026-08-22 08:39:00.137375800,0.013375800,0
'2026-08-22 08:39:00.137386800,0.013386800,1
'2026-08-22 08:39:00.137401200,0.013401200,0
'2026-08-22 08:39:00.137401300,0.013401300,1
'2026-08-22 08:39:00.137401400,0.013401400,0
'2026-08-22 08:39:00.137412900,0.013412900,1
'2026-08-22 08:39:00.137427200,0.013427200,0
'2026-08-22 08:39:00.137427300,0.013427300,1
'2026-08-22 08:39:00.137427400,0.013427400,0
'2026-08-22 08:39:00.137427900,0.013427900,1
'2026-08-22 08:39:00.137428000,0.013428000,0
'2026-08-22 08:39:00.137435500,0.013435500,1
'2026-08-22 08:39:00.137435600,0.013435600,0
'2026-08-22 08:39:00.137436700,0.013436700,1
'2026-08-22 08:39:00.137436800,0.013436800,0
'2026-08-22 08:39:00.137438900,0.013438900,1
'2026-08-22 08:39:00.137453300,0.013453300,0
'2026-08-22 08:39:00.137454600,0.013454600,1
'2026-08-22 08:39:00.137454700,0.013454700,0
'2026-08-22 08:39:00.137458300,0.013458300,1
'2026-08-22 08:39:00.137458400,0.013458400,0
'2026-08-22 08:39:00.137464900,0.013464900,1
'2026-08-22 08:39:00.138687200,0.014687200,0
'2026-08-22 08:39:00.138688200,0.014688200,1
'2026-08-22 08:39:00.138702400,0.014702400,0
'2026-08-22 08:39:00.138714200,0.014714200,1
'2026-08-22 08:39:00.138728500,0.014728500,0
'2026-08-22 08:39:00.138740200,0.014740200,1
'2026-08-22 08:39:00.138754500,0.014754500,0
'2026-08-22 08:39:00.138754700,0.014754700,1
'2026-08-22 08:39:00.138754800,0.014754800,0
'2026-08-22 08:39:00.138766300,0.014766300,1
'2026-08-22 08:39:00.138780600,0.014780600,0
'2026-08-22 08:39:00.138792300,0.014792300,1
'2026-08-22 08:39:00.138806600,0.014806600,0
'2026-08-22 08:39:00.138806700,0.014806700,1
'2026-08-22 08:39:00.138806800,0.014806800,0
'2026-08-22 08:39:00.138818300,0.014818300,1
'2026-08-22 08:39:00.138832700,0.014832700,0
'2026-08-22 08:39:00.138844400,0.014844400,1
'2026-08-22 08:39:00.138858800,0.014858800,0
'2026-08-22 08:39:00.138870400,0.014870400,1
'2026-08-22 08:39:00.138884700,0.014884700,0
'2026-08-22 08:39:00.138885500,0.014885500,1
'2026-08-22 08:39:00.138885600,0.014885600,0
'2026-08-22 08:39:00.138896400,0.014896400,1
'2026-08-22 08:39:00.138910800,0.014910800,0
'2026-08-22 08:39:00.138922500,0.014922500,1
'2026-08-22 08:39:00.138937000,0.014937000,0
'2026-08-22 08:39:00.138942700,0.014942700,1
'2026-08-22 08:39:00.138942800,0.014942800,0
'2026-08-22 08:39:00.138948500,0.014948500,1
'2026-08-22 08:39:00.138963000,0.014963000,0
'2026-08-22 08:39:00.138963100,0.014963100,1
'2026-08-22 08:39:00.138963200,0.014963200,0
'2026-08-22 08:39:00.138974600,0.014974600,1
'2026-08-22 08:39:00.138988900,0.014988900,0
'2026-08-22 08:39:00.139000600,0.015000600,1
'2026-08-22 08:39:00.139015000,0.015015000,0
'2026-08-22 08:39:00.139026600,0.015026600,1
'2026-08-22 08:39:00.139041000,0.015041000,0
'2026-08-22 08:39:00.139052700,0.015052700,1
'2026-08-22 08:39:00.139067200,0.015067200,0
'2026-08-22 08:39:00.139072300,0.015072300,1
'2026-08-22 08:39:00.139072400,0.015072400,0
'2026-08-22 08:39:00.139078700,0.015078700,1
'2026-08-22 08:39:00.139093100,0.015093100,0
'2026-08-22 08:39:00.139093300,0.015093300,1
'2026-08-22 08:39:00.139093400,0.015093400,0
'2026-08-22 08:39:00.139095900,0.015095900,1
'2026-08-22 08:39:00.140316200,0.016316200,0
'2026-08-22 08:39:00.140328000,0.016328000,1
'2026-08-22 08:39:00.140342400,0.016342400,0
'2026-08-22 08:39:00.140354000,0.016354000,1
'2026-08-22 08:39:00.140368400,0.016368400,0
'2026-08-22 08:39:00.140380100,0.016380100,1
'2026-08-22 08:39:00.140394300,0.016394300,0
'2026-08-22 08:39:00.140406100,0.016406100,1
'2026-08-22 08:39:00.140420400,0.016420400,0
'2026-08-22 08:39:00.140432100,0.016432100,1
'2026-08-22 08:39:00.140446400,0.016446400,0
'2026-08-22 08:39:00.140458200,0.016458200,1
'2026-08-22 08:39:00.140472600,0.016472600,0
'2026-08-22 08:39:00.140484200,0.016484200,1
'2026-08-22 08:39:00.140498600,0.016498600,0
'2026-08-22 08:39:00.140510200,0.016510200,1
'2026-08-22 08:39:00.140524600,0.016524600,0
'2026-08-22 08:39:00.140524700,0.016524700,1
'2026-08-22 08:39:00.140524900,0.016524900,0
'2026-08-22 08:39:00.140536300,0.016536300,1
'2026-08-22 08:39:00.140550800,0.016550800,0
'2026-08-22 08:39:00.140562300,0.016562300,1
'2026-08-22 08:39:00.140576800,0.016576800,0
'2026-08-22 08:39:00.140588400,0.016588400,1
'2026-08-22 08:39:00.140602800,0.016602800,0
'2026-08-22 08:39:00.140614400,0.016614400,1
'2026-08-22 08:39:00.140628800,0.016628800,0
'2026-08-22 08:39:00.140637900,0.016637900,1
'2026-08-22 08:39:00.140638000,0.016638000,0
'2026-08-22 08:39:00.140640400,0.016640400,1
'2026-08-22 08:39:00.140654900,0.016654900,0
'2026-08-22 08:39:00.140664800,0.016664800,1
'2026-08-22 08:39:00.140664900,0.016664900,0
'2026-08-22 08:39:00.140666500,0.016666500,1
'2026-08-22 08:39:00.140680800,0.016680800,0
'2026-08-22 08:39:00.140692500,0.016692500,1
'2026-08-22 08:39:00.140706900,0.016706900,0
'2026-08-22 08:39:00.140715100,0.016715100,1
'2026-08-22 08:39:00.141128200,0.017128200,0
'2026-08-22 08:39:00.141134900,0.017134900,1
'2026-08-22 08:39:00.141149200,0.017149200,0
'2026-08-22 08:39:00.141161000,0.017161000,1
'2026-08-22 08:39:00.141175400,0.017175400,0
'2026-08-22 08:39:00.141187000,0.017187000,1
'2026-08-22 08:39:00.141201200,0.017201200,0
'2026-08-22 08:39:00.141213000,0.017213000,1
'2026-08-22 08:39:00.141227400,0.017227400,0
'2026-08-22 08:39:00.141239100,0.017239100,1
'2026-08-22 08:39:00.141253400,0.017253400,0
'2026-08-22 08:39:00.141253500,0.017253500,1
'2026-08-22 08:39:00.141253600,0.017253600,0
'2026-08-22 08:39:00.141255900,0.017255900,1
'2026-08-22 08:39:00.141256000,0.017256000,0
'2026-08-22 08:39:00.141265100,0.017265100,1
'2026-08-22 08:39:00.141279400,0.017279400,0
'2026-08-22 08:39:00.141291100,0.017291100,1
'2026-08-22 08:39:00.141305600,0.017305600,0
'2026-08-22 08:39:00.141317200,0.017317200,1
'2026-08-22 08:39:00.141331500,0.017331500,0
'2026-08-22 08:39:00.141343200,0.017343200,1
'2026-08-22 08:39:00.141357600,0.017357600,0
'2026-08-22 08:39:00.141369200,0.017369200,1
'2026-08-22 08:39:00.141383700,0.017383700,0
'2026-08-22 08:39:00.141384300,0.017384300,1
'2026-08-22 08:39:00.141384400,0.017384400,0
'2026-08-22 08:39:00.141386600,0.017386600,1
'2026-08-22 08:39:00.141386700,0.017386700,0
'2026-08-22 08:39:00.141394100,0.017394100,1
'2026-08-22 08:39:00.141394200,0.017394200,0
'2026-08-22 08:39:00.141395300,0.017395300,1
'2026-08-22 08:39:00.141409700,0.017409700,0
'2026-08-22 08:39:00.141415800,0.017415800,1
'2026-08-22 08:39:00.141415900,0.017415900,0
'2026-08-22 08:39:00.141417600,0.017417600,1
'2026-08-22 08:39:00.141417700,0.017417700,0
'2026-08-22 08:39:00.141421300,0.017421300,1
'2026-08-22 08:39:00.141435800,0.017435800,0
'2026-08-22 08:39:00.141436200,0.017436200,1
'2026-08-22 08:39:00.141436300,0.017436300,0
'2026-08-22 08:39:00.141447300,0.017447300,1
'2026-08-22 08:39:00.141461700,0.017461700,0
'2026-08-22 08:39:00.141461900,0.017461900,1
'2026-08-22 08:39:00.141462000,0.017462000,0
'2026-08-22 08:39:00.141470700,0.017470700,1
'2026-08-22 08:39:00.141470800,0.017470800,0
'2026-08-22 08:39:00.141473400,0.017473400,1
'2026-08-22 08:39:00.141487800,0.017487800,0
'2026-08-22 08:39:00.141488300,0.017488300,1
'2026-08-22 08:39:00.141488400,0.017488400,0
'2026-08-22 08:39:00.141494100,0.017494100,1
'2026-08-22 08:39:00.141494200,0.017494200,0
'2026-08-22 08:39:00.141499400,0.017499400,1
'2026-08-22 08:39:00.141513800,0.017513800,0
'2026-08-22 08:39:00.141513900,0.017513900,1
'2026-08-22 08:39:00.141514000,0.017514000,0
'2026-08-22 08:39:00.141514200,0.017514200,1
'2026-08-22 08:39:00.141514300,0.017514300,0
'2026-08-22 08:39:00.141525400,0.017525400,1
'2026-08-22 08:39:00.141956200,0.017956200,0
'2026-08-22 08:39:00.141958800,0.017958800,1
'2026-08-22 08:39:00.141958900,0.017958900,0
'2026-08-22 08:39:00.141967900,0.017967900,1
'2026-08-22 08:39:00.141982200,0.017982200,0
'2026-08-22 08:39:00.141993900,0.017993900,1
'2026-08-22 08:39:00.142008200,0.018008200,0
'2026-08-22 08:39:00.142020000,0.018020000,1
'2026-08-22 08:39:00.142034200,0.018034200,0
'2026-08-22 08:39:00.142046000,0.018046000,1
'2026-08-22 08:39:00.142060400,0.018060400,0
'2026-08-22 08:39:00.142072000,0.018072000,1
'2026-08-22 08:39:00.142086400,0.018086400,0
'2026-08-22 08:39:00.142098100,0.018098100,1
'2026-08-22 08:39:00.142112400,0.018112400,0
'2026-08-22 08:39:00.142124100,0.018124100,1
'2026-08-22 08:39:00.142138400,0.018138400,0
'2026-08-22 08:39:00.142138500,0.018138500,1
'2026-08-22 08:39:00.142138600,0.018138600,0
'2026-08-22 08:39:00.142139100,0.018139100,1
'2026-08-22 08:39:00.142139200,0.018139200,0
'2026-08-22 08:39:00.142150100,0.018150100,1
'2026-08-22 08:39:00.142164500,0.018164500,0
'2026-08-22 08:39:00.142176200,0.018176200,1
'2026-08-22 08:39:00.142190600,0.018190600,0
'2026-08-22 08:39:00.142190700,0.018190700,1
'2026-08-22 08:39:00.142190800,0.018190800,0
'2026-08-22 08:39:00.142202200,0.018202200,1
'2026-08-22 08:39:00.142216700,0.018216700,0
'2026-08-22 08:39:00.142228300,0.018228300,1
'2026-08-22 08:39:00.142242700,0.018242700,0
'2026-08-22 08:39:00.142254300,0.018254300,1
'2026-08-22 08:39:00.142268800,0.018268800,0
'2026-08-22 08:39:00.142269300,0.018269300,1
'2026-08-22 08:39:00.142269400,0.018269400,0
'2026-08-22 08:39:00.142272200,0.018272200,1
'2026-08-22 08:39:00.142272300,0.018272300,0
'2026-08-22 08:39:00.142280300,0.018280300,1
'2026-08-22 08:39:00.142294800,0.018294800,0
'2026-08-22 08:39:00.142296800,0.018296800,1
'2026-08-22 08:39:00.142296900,0.018296900,0
'2026-08-22 08:39:00.142297300,0.018297300,1
'2026-08-22 08:39:00.142297400,0.018297400,0
'2026-08-22 08:39:00.142306400,0.018306400,1
'2026-08-22 08:39:00.142320800,0.018320800,0
'2026-08-22 08:39:00.142324700,0.018324700,1
'2026-08-22 08:39:00.142324800,0.018324800,0
'2026-08-22 08:39:00.142332400,0.018332400,1
'2026-08-22 08:39:00.142347000,0.018347000,0
'2026-08-22 08:39:00.142347200,0.018347200,1
'2026-08-22 08:39:00.142347300,0.018347300,0
'2026-08-22 08:39:00.142358400,0.018358400,1
'2026-08-22 08:39:00.142789200,0.018789200,0
'2026-08-22 08:39:00.142800900,0.018800900,1
'2026-08-22 08:39:00.142815300,0.018815300,0
'2026-08-22 08:39:00.142826900,0.018826900,1
'2026-08-22 08:39:00.142841500,0.018841500,0
'2026-08-22 08:39:00.142851100,0.018851100,1
'2026-08-22 08:39:00.142851200,0.018851200,0
'2026-08-22 08:39:00.142852900,0.018852900,1
'2026-08-22 08:39:00.142867300,0.018867300,0
'2026-08-22 08:39:00.142879000,0.018879000,1
'2026-08-22 08:39:00.142893400,0.018893400,0
'2026-08-22 08:39:00.142905000,0.018905000,1
'2026-08-22 08:39:00.142919400,0.018919400,0
'2026-08-22 08:39:00.142926700,0.018926700,1
'2026-08-22 08:39:00.142926800,0.018926800,0
'2026-08-22 08:39:00.142931100,0.018931100,1
'2026-08-22 08:39:00.142945500,0.018945500,0
'2026-08-22 08:39:00.142957100,0.018957100,1
'2026-08-22 08:39:00.142971400,0.018971400,0
'2026-08-22 08:39:00.142971600,0.018971600,1
'2026-08-22 08:39:00.142971700,0.018971700,0
'2026-08-22 08:39:00.142983100,0.018983100,1
'2026-08-22 08:39:00.142997500,0.018997500,0
'2026-08-22 08:39:00.143009200,0.019009200,1
'2026-08-22 08:39:00.143023600,0.019023600,0
'2026-08-22 08:39:00.143035200,0.019035200,1
'2026-08-22 08:39:00.143049500,0.019049500,0
'2026-08-22 08:39:00.143061200,0.019061200,1
'2026-08-22 08:39:00.143075700,0.019075700,0
'2026-08-22 08:39:00.143087300,0.019087300,1
'2026-08-22 08:39:00.143101900,0.019101900,0
'2026-08-22 08:39:00.143113300,0.019113300,1
'2026-08-22 08:39:00.143127800,0.019127800,0
'2026-08-22 08:39:00.143127900,0.019127900,1
'2026-08-22 08:39:00.143128000,0.019128000,0
'2026-08-22 08:39:00.143133300,0.019133300,1
'2026-08-22 08:39:00.143133400,0.019133400,0
'2026-08-22 08:39:00.143139300,0.019139300,1
'2026-08-22 08:39:00.143153800,0.019153800,0
'2026-08-22 08:39:00.143153900,0.019153900,1
'2026-08-22 08:39:00.143154000,0.019154000,0
'2026-08-22 08:39:00.143154400,0.019154400,1
'2026-08-22 08:39:00.143154500,0.019154500,0
'2026-08-22 08:39:00.143165400,0.019165400,1
'2026-08-22 08:39:00.143179800,0.019179800,0
'2026-08-22 08:39:00.143180000,0.019180000,1
'2026-08-22 08:39:00.143180100,0.019180100,0
'2026-08-22 08:39:00.143180400,0.019180400,1
'2026-08-22 08:39:00.143180600,0.019180600,0
'2026-08-22 08:39:00.143182900,0.019182900,1
'2026-08-22 08:39:00.143183000,0.019183000,0
'2026-08-22 08:39:00.143183900,0.019183900,1
'2026-08-22 08:39:00.143184000,0.019184000,0
'2026-08-22 08:39:00.143188000,0.019188000,1
'2026-08-22 08:39:00.144403000,0.020403000,0
'2026-08-22 08:39:00.144414700,0.020414700,1
'2026-08-22 08:39:00.144429000,0.020429000,0
'2026-08-22 08:39:00.144440700,0.020440700,1
'2026-08-22 08:39:00.144455100,0.020455100,0
'2026-08-22 08:39:00.144466800,0.020466800,1
'2026-08-22 08:39:00.144481000,0.020481000,0
'2026-08-22 08:39:00.144481100,0.020481100,1
'2026-08-22 08:39:00.144481300,0.020481300,0
'2026-08-22 08:39:00.144481500,0.020481500,1
'2026-08-22 08:39:00.144481600,0.020481600,0
'2026-08-22 08:39:00.144492800,0.020492800,1
'2026-08-22 08:39:00.144507200,0.020507200,0
'2026-08-22 08:39:00.144518900,0.020518900,1
'2026-08-22 08:39:00.144533400,0.020533400,0
'2026-08-22 08:39:00.144535500,0.020535500,1
'2026-08-22 08:39:00.144535600,0.020535600,0
'2026-08-22 08:39:00.144543700,0.020543700,1
'2026-08-22 08:39:00.144543800,0.020543800,0
'2026-08-22 08:39:00.144544900,0.020544900,1
'2026-08-22 08:39:00.144559200,0.020559200,0
'2026-08-22 08:39:00.144571000,0.020571000,1
'2026-08-22 08:39:00.144585300,0.020585300,0
'2026-08-22 08:39:00.144597000,0.020597000,1
'2026-08-22 08:39:00.144611500,0.020611500,0
'2026-08-22 08:39:00.144623000,0.020623000,1
'2026-08-22 08:39:00.144637400,0.020637400,0
'2026-08-22 08:39:00.144649100,0.020649100,1
'2026-08-22 08:39:00.144663500,0.020663500,0
'2026-08-22 08:39:00.144663900,0.020663900,1
'2026-08-22 08:39:00.144664000,0.020664000,0
'2026-08-22 08:39:00.144665100,0.020665100,1
'2026-08-22 08:39:00.144665200,0.020665200,0
'2026-08-22 08:39:00.144675100,0.020675100,1
'2026-08-22 08:39:00.144689500,0.020689500,0
'2026-08-22 08:39:00.144701100,0.020701100,1
'2026-08-22 08:39:00.144715800,0.020715800,0
'2026-08-22 08:39:00.144715900,0.020715900,1
'2026-08-22 08:39:00.144716000,0.020716000,0
'2026-08-22 08:39:00.144718000,0.020718000,1
'2026-08-22 08:39:00.144718100,0.020718100,0
'2026-08-22 08:39:00.144722300,0.020722300,1
'2026-08-22 08:39:00.144722400,0.020722400,0
'2026-08-22 08:39:00.144727200,0.020727200,1
'2026-08-22 08:39:00.144741600,0.020741600,0
'2026-08-22 08:39:00.144753200,0.020753200,1
'2026-08-22 08:39:00.144767600,0.020767600,0
'2026-08-22 08:39:00.144767700,0.020767700,1
'2026-08-22 08:39:00.144767800,0.020767800,0
'2026-08-22 08:39:00.144779300,0.020779300,1
'2026-08-22 08:39:00.144793800,0.020793800,0
'2026-08-22 08:39:00.144796400,0.020796400,1
'2026-08-22 08:39:00.144796500,0.020796500,0
'2026-08-22 08:39:00.144799200,0.020799200,1
'2026-08-22 08:39:00.146016900,0.022016900,0
'2026-08-22 08:39:00.146028600,0.022028600,1
'2026-08-22 08:39:00.146043200,0.022043200,0
'2026-08-22 08:39:00.146054700,0.022054700,1
'2026-08-22 08:39:00.146069000,0.022069000,0
'2026-08-22 08:39:00.146069400,0.022069400,1
'2026-08-22 08:39:00.146069500,0.022069500,0
'2026-08-22 08:39:00.146080700,0.022080700,1
'2026-08-22 08:39:00.146095000,0.022095000,0
'2026-08-22 08:39:00.146106800,0.022106800,1
'2026-08-22 08:39:00.146121100,0.022121100,0
'2026-08-22 08:39:00.146132800,0.022132800,1
'2026-08-22 08:39:00.146147300,0.022147300,0
'2026-08-22 08:39:00.146158800,0.022158800,1
'2026-08-22 08:39:00.146173100,0.022173100,0
'2026-08-22 08:39:00.146173400,0.022173400,1
'2026-08-22 08:39:00.146173500,0.022173500,0
'2026-08-22 08:39:00.146181900,0.022181900,1
'2026-08-22 08:39:00.146182000,0.022182000,0
'2026-08-22 08:39:00.146184900,0.022184900,1
'2026-08-22 08:39:00.146199200,0.022199200,0
'2026-08-22 08:39:00.146202000,0.022202000,1
'2026-08-22 08:39:00.146202100,0.022202100,0
'2026-08-22 08:39:00.146210900,0.022210900,1
'2026-08-22 08:39:00.146225400,0.022225400,0
'2026-08-22 08:39:00.146237000,0.022237000,1
'2026-08-22 08:39:00.146251300,0.022251300,0
'2026-08-22 08:39:00.146263000,0.022263000,1
'2026-08-22 08:39:00.146277400,0.022277400,0
'2026-08-22 08:39:00.146289000,0.022289000,1
'2026-08-22 08:39:00.146303300,0.022303300,0
'2026-08-22 08:39:00.146315100,0.022315100,1
'2026-08-22 08:39:00.146329400,0.022329400,0
'2026-08-22 08:39:00.146341100,0.022341100,1
'2026-08-22 08:39:00.146355700,0.022355700,0
'2026-08-22 08:39:00.146367100,0.022367100,1
'2026-08-22 08:39:00.146381400,0.022381400,0
'2026-08-22 08:39:00.146393200,0.022393200,1
'2026-08-22 08:39:00.146407600,0.022407600,0
'2026-08-22 08:39:00.146415100,0.022415100,1
'2026-08-22 08:39:00.146415200,0.022415200,0
'2026-08-22 08:39:00.146418500,0.022418500,1
'2026-08-22 08:39:00.146831600,0.022831600,0
'2026-08-22 08:39:00.146835600,0.022835600,1
'2026-08-22 08:39:00.146850100,0.022850100,0
'2026-08-22 08:39:00.146861600,0.022861600,1
'2026-08-22 08:39:00.146876000,0.022876000,0
'2026-08-22 08:39:00.146887700,0.022887700,1
'2026-08-22 08:39:00.146902100,0.022902100,0
'2026-08-22 08:39:00.146913700,0.022913700,1
'2026-08-22 08:39:00.146928000,0.022928000,0
'2026-08-22 08:39:00.146939800,0.022939800,1
'2026-08-22 08:39:00.146954100,0.022954100,0
'2026-08-22 08:39:00.146965800,0.022965800,1
'2026-08-22 08:39:00.146980200,0.022980200,0
'2026-08-22 08:39:00.146980300,0.022980300,1
'2026-08-22 08:39:00.146980400,0.022980400,0
'2026-08-22 08:39:00.146991800,0.022991800,1
'2026-08-22 08:39:00.147006200,0.023006200,0
'2026-08-22 08:39:00.147006500,0.023006500,1
'2026-08-22 08:39:00.147006600,0.023006600,0
'2026-08-22 08:39:00.147017900,0.023017900,1
'2026-08-22 08:39:00.147032300,0.023032300,0
'2026-08-22 08:39:00.147032700,0.023032700,1
'2026-08-22 08:39:00.147032800,0.023032800,0
'2026-08-22 08:39:00.147043900,0.023043900,1
'2026-08-22 08:39:00.147058200,0.023058200,0
'2026-08-22 08:39:00.147058500,0.023058500,1
'2026-08-22 08:39:00.147058600,0.023058600,0
'2026-08-22 08:39:00.147069900,0.023069900,1
'2026-08-22 08:39:00.147084400,0.023084400,0
'2026-08-22 08:39:00.147085500,0.023085500,1
'2026-08-22 08:39:00.147085600,0.023085600,0
'2026-08-22 08:39:00.147096000,0.023096000,1
'2026-08-22 08:39:00.147110600,0.023110600,0
'2026-08-22 08:39:00.147122000,0.023122000,1
'2026-08-22 08:39:00.147136400,0.023136400,0
'2026-08-22 08:39:00.147137400,0.023137400,1
'2026-08-22 08:39:00.147137500,0.023137500,0
'2026-08-22 08:39:00.147141400,0.023141400,1
'2026-08-22 08:39:00.147141500,0.023141500,0
'2026-08-22 08:39:00.147146500,0.023146500,1
'2026-08-22 08:39:00.147146600,0.023146600,0
'2026-08-22 08:39:00.147148000,0.023148000,1
'2026-08-22 08:39:00.147162600,0.023162600,0
'2026-08-22 08:39:00.147174100,0.023174100,1
'2026-08-22 08:39:00.147188400,0.023188400,0
'2026-08-22 08:39:00.147188500,0.023188500,1
'2026-08-22 08:39:00.147188600,0.023188600,0
'2026-08-22 08:39:00.147197700,0.023197700,1
'2026-08-22 08:39:00.147197800,0.023197800,0
'2026-08-22 08:39:00.147198100,0.023198100,1
'2026-08-22 08:39:00.147198200,0.023198200,0
'2026-08-22 08:39:00.147200100,0.023200100,1
'2026-08-22 08:39:00.147214600,0.023214600,0
'2026-08-22 08:39:00.147215600,0.023215600,1
'2026-08-22 08:39:00.147215700,0.023215700,0
'2026-08-22 08:39:00.147226100,0.023226100,1
'2026-08-22 08:39:00.147661300,0.023661300,0
'2026-08-22 08:39:00.147668600,0.023668600,1
'2026-08-22 08:39:00.147682900,0.023682900,0
'2026-08-22 08:39:00.147694600,0.023694600,1
'2026-08-22 08:39:00.147708900,0.023708900,0
'2026-08-22 08:39:00.147720700,0.023720700,1
'2026-08-22 08:39:00.147735000,0.023735000,0
'2026-08-22 08:39:00.147746700,0.023746700,1
'2026-08-22 08:39:00.147761200,0.023761200,0
'2026-08-22 08:39:00.147768700,0.023768700,1
'2026-08-22 08:39:00.147768800,0.023768800,0
'2026-08-22 08:39:00.147772700,0.023772700,1
'2026-08-22 08:39:00.147787000,0.023787000,0
'2026-08-22 08:39:00.147798800,0.023798800,1
'2026-08-22 08:39:00.147813200,0.023813200,0
'2026-08-22 08:39:00.147824800,0.023824800,1
'2026-08-22 08:39:00.147839200,0.023839200,0
'2026-08-22 08:39:00.147850800,0.023850800,1
'2026-08-22 08:39:00.147865300,0.023865300,0
'2026-08-22 08:39:00.147876900,0.023876900,1
'2026-08-22 08:39:00.147891300,0.023891300,0
'2026-08-22 08:39:00.147902900,0.023902900,1
'2026-08-22 08:39:00.147917300,0.023917300,0
'2026-08-22 08:39:00.147921600,0.023921600,1
'2026-08-22 08:39:00.147921700,0.023921700,0
'2026-08-22 08:39:00.147922400,0.023922400,1
'2026-08-22 08:39:00.147922600,0.023922600,0
'2026-08-22 08:39:00.147929000,0.023929000,1
'2026-08-22 08:39:00.147943400,0.023943400,0
'2026-08-22 08:39:00.147943700,0.023943700,1
'2026-08-22 08:39:00.147943800,0.023943800,0
'2026-08-22 08:39:00.147955000,0.023955000,1
'2026-08-22 08:39:00.147969300,0.023969300,0
'2026-08-22 08:39:00.147969400,0.023969400,1
'2026-08-22 08:39:00.147969500,0.023969500,0
'2026-08-22 08:39:00.147981000,0.023981000,1
'2026-08-22 08:39:00.147995400,0.023995400,0
'2026-08-22 08:39:00.147995600,0.023995600,1
'2026-08-22 08:39:00.147995700,0.023995700,0
'2026-08-22 08:39:00.148007100,0.024007100,1
'2026-08-22 08:39:00.148021500,0.024021500,0
'2026-08-22 08:39:00.148022400,0.024022400,1
'2026-08-22 08:39:00.148022500,0.024022500,0
'2026-08-22 08:39:00.148022800,0.024022800,1
'2026-08-22 08:39:00.148022900,0.024022900,0
'2026-08-22 08:39:00.148023100,0.024023100,1
'2026-08-22 08:39:00.148023200,0.024023200,0
'2026-08-22 08:39:00.148033100,0.024033100,1
'2026-08-22 08:39:00.148047500,0.024047500,0
'2026-08-22 08:39:00.148047600,0.024047600,1
'2026-08-22 08:39:00.148047700,0.024047700,0
'2026-08-22 08:39:00.148052300,0.024052300,1
'2026-08-22 08:39:00.148052400,0.024052400,0
'2026-08-22 08:39:00.148059100,0.024059100,1
'2026-08-22 08:39:00.148489800,0.024489800,0
'2026-08-22 08:39:00.148501600,0.024501600,1
'2026-08-22 08:39:00.148515900,0.024515900,0
'2026-08-22 08:39:00.148527600,0.024527600,1
'2026-08-22 08:39:00.148541900,0.024541900,0
'2026-08-22 08:39:00.148553600,0.024553600,1
'2026-08-22 08:39:00.148568000,0.024568000,0
'2026-08-22 08:39:00.148579700,0.024579700,1
'2026-08-22 08:39:00.148594000,0.024594000,0
'2026-08-22 08:39:00.148605700,0.024605700,1
'2026-08-22 08:39:00.148620000,0.024620000,0
'2026-08-22 08:39:00.148631800,0.024631800,1
'2026-08-22 08:39:00.148646100,0.024646100,0
'2026-08-22 08:39:00.148657800,0.024657800,1
'2026-08-22 08:39:00.148672200,0.024672200,0
'2026-08-22 08:39:00.148672300,0.024672300,1
'2026-08-22 08:39:00.148672400,0.024672400,0
'2026-08-22 08:39:00.148683800,0.024683800,1
'2026-08-22 08:39:00.148698400,0.024698400,0
'2026-08-22 08:39:00.148703000,0.024703000,1
'2026-08-22 08:39:00.148703100,0.024703100,0
'2026-08-22 08:39:00.148709100,0.024709100,1
'2026-08-22 08:39:00.148709200,0.024709200,0
'2026-08-22 08:39:00.148709900,0.024709900,1
'2026-08-22 08:39:00.148724400,0.024724400,0
'2026-08-22 08:39:00.148726700,0.024726700,1
'2026-08-22 08:39:00.148726800,0.024726800,0
'2026-08-22 08:39:00.148735900,0.024735900,1
'2026-08-22 08:39:00.148750200,0.024750200,0
'2026-08-22 08:39:00.148761900,0.024761900,1
'2026-08-22 08:39:00.148776300,0.024776300,0
'2026-08-22 08:39:00.148782600,0.024782600,1
'2026-08-22 08:39:00.148782700,0.024782700,0
'2026-08-22 08:39:00.148788000,0.024788000,1
'2026-08-22 08:39:00.148802300,0.024802300,0
'2026-08-22 08:39:00.148802500,0.024802500,1
'2026-08-22 08:39:00.148802600,0.024802600,0
'2026-08-22 08:39:00.148814000,0.024814000,1
'2026-08-22 08:39:00.148828500,0.024828500,0
'2026-08-22 08:39:00.148828700,0.024828700,1
'2026-08-22 08:39:00.148828800,0.024828800,0
'2026-08-22 08:39:00.148836500,0.024836500,1
'2026-08-22 08:39:00.148836600,0.024836600,0
'2026-08-22 08:39:00.148840000,0.024840000,1
'2026-08-22 08:39:00.148854500,0.024854500,0
'2026-08-22 08:39:00.148856600,0.024856600,1
'2026-08-22 08:39:00.148856700,0.024856700,0
'2026-08-22 08:39:00.148859000,0.024859000,1
'2026-08-22 08:39:00.148859200,0.024859200,0
'2026-08-22 08:39:00.148859700,0.024859700,1
'2026-08-22 08:39:00.148859800,0.024859800,0
'2026-08-22 08:39:00.148866100,0.024866100,1
'2026-08-22 08:39:00.148880500,0.024880500,0
'2026-08-22 08:39:00.148880600,0.024880600,1
'2026-08-22 08:39:00.148880800,0.024880800,0
'2026-08-22 08:39:00.148882500,0.024882500,1
'2026-08-22 08:39:00.148882600,0.024882600,0
'2026-08-22 08:39:00.148891800,0.024891800,1
'2026-08-22 08:39:00.149304900,0.025304900,0
'2026-08-22 08:39:00.149308500,0.025308500,1
'2026-08-22 08:39:00.149322800,0.025322800,0
'2026-08-22 08:39:00.149334600,0.025334600,1
'2026-08-22 08:39:00.149348900,0.025348900,0
'2026-08-22 08:39:00.149360600,0.025360600,1
'2026-08-22 08:39:00.149374900,0.025374900,0
'2026-08-22 08:39:00.149386700,0.025386700,1
'2026-08-22 08:39:00.149401000,0.025401000,0
'2026-08-22 08:39:00.149401300,0.025401300,1
'2026-08-22 08:39:00.149401400,0.025401400,0
'2026-08-22 08:39:00.149412700,0.025412700,1
'2026-08-22 08:39:00.149427100,0.025427100,0
'2026-08-22 08:39:00.149438700,0.025438700,1
'2026-08-22 08:39:00.149453100,0.025453100,0
'2026-08-22 08:39:00.149464800,0.025464800,1
'2026-08-22 08:39:00.149479100,0.025479100,0
'2026-08-22 08:39:00.149490800,0.025490800,1
'2026-08-22 08:39:00.149505400,0.025505400,0
'2026-08-22 08:39:00.149516900,0.025516900,1
'2026-08-22 08:39:00.149531200,0.025531200,0
'2026-08-22 08:39:00.149542900,0.025542900,1
'2026-08-22 08:39:00.149557300,0.025557300,0
'2026-08-22 08:39:00.149568900,0.025568900,1
'2026-08-22 08:39:00.149583600,0.025583600,0
'2026-08-22 08:39:00.149595000,0.025595000,1
'2026-08-22 08:39:00.149609400,0.025609400,0
'2026-08-22 08:39:00.149610300,0.025610300,1
'2026-08-22 08:39:00.149610400,0.025610400,0
'2026-08-22 08:39:00.149621000,0.025621000,1
'2026-08-22 08:39:00.149635600,0.025635600,0
'2026-08-22 08:39:00.149647000,0.025647000,1
'2026-08-22 08:39:00.149661400,0.025661400,0
'2026-08-22 08:39:00.149661500,0.025661500,1
'2026-08-22 08:39:00.149661600,0.025661600,0
'2026-08-22 08:39:00.149661700,0.025661700,1
'2026-08-22 08:39:00.149661800,0.025661800,0
'2026-08-22 08:39:00.149662900,0.025662900,1
'2026-08-22 08:39:00.149663000,0.025663000,0
'2026-08-22 08:39:00.149673100,0.025673100,1
'2026-08-22 08:39:00.149687500,0.025687500,0
'2026-08-22 08:39:00.149690900,0.025690900,1
'2026-08-22 08:39:00.149691000,0.025691000,0
'2026-08-22 08:39:00.149699100,0.025699100,1
'2026-08-22 08:39:00.149713600,0.025713600,0
'2026-08-22 08:39:00.149713700,0.025713700,1
'2026-08-22 08:39:00.150129900,0.026129900,0
'2026-08-22 08:39:00.150141200,0.026141200,1
'2026-08-22 08:39:00.150141300,0.026141300,0
'2026-08-22 08:39:00.150141600,0.026141600,1
'2026-08-22 08:39:00.150155700,0.026155700,0
'2026-08-22 08:39:00.150167600,0.026167600,1
'2026-08-22 08:39:00.150181900,0.026181900,0
'2026-08-22 08:39:00.150193600,0.026193600,1
'2026-08-22 08:39:00.150208100,0.026208100,0
'2026-08-22 08:39:00.150219700,0.026219700,1
'2026-08-22 08:39:00.150234300,0.026234300,0
'2026-08-22 08:39:00.150234900,0.026234900,1
'2026-08-22 08:39:00.150235000,0.026235000,0
'2026-08-22 08:39:00.150245700,0.026245700,1
'2026-08-22 08:39:00.150260100,0.026260100,0
'2026-08-22 08:39:00.150271800,0.026271800,1
'2026-08-22 08:39:00.150286300,0.026286300,0
'2026-08-22 08:39:00.150294300,0.026294300,1
'2026-08-22 08:39:00.150294400,0.026294400,0
'2026-08-22 08:39:00.150297800,0.026297800,1
'2026-08-22 08:39:00.150312000,0.026312000,0
'2026-08-22 08:39:00.150323800,0.026323800,1
'2026-08-22 08:39:00.150338300,0.026338300,0
'2026-08-22 08:39:00.150349900,0.026349900,1
'2026-08-22 08:39:00.150364500,0.026364500,0
'2026-08-22 08:39:00.150367400,0.026367400,1
'2026-08-22 08:39:00.150367500,0.026367500,0
'2026-08-22 08:39:00.150375900,0.026375900,1
'2026-08-22 08:39:00.150390300,0.026390300,0
'2026-08-22 08:39:00.150401900,0.026401900,1
'2026-08-22 08:39:00.150416500,0.026416500,0
'2026-08-22 08:39:00.150428000,0.026428000,1
'2026-08-22 08:39:00.150442400,0.026442400,0
'2026-08-22 08:39:00.150454000,0.026454000,1
'2026-08-22 08:39:00.150468400,0.026468400,0
'2026-08-22 08:39:00.150476900,0.026476900,1
'2026-08-22 08:39:00.150477000,0.026477000,0
'2026-08-22 08:39:00.150480100,0.026480100,1
'2026-08-22 08:39:00.150494600,0.026494600,0
'2026-08-22 08:39:00.150495000,0.026495000,1
'2026-08-22 08:39:00.150495200,0.026495200,0
'2026-08-22 08:39:00.150495300,0.026495300,1
'2026-08-22 08:39:00.150495400,0.026495400,0
'2026-08-22 08:39:00.150496800,0.026496800,1
'2026-08-22 08:39:00.150496900,0.026496900,0
'2026-08-22 08:39:00.150506100,0.026506100,1
'2026-08-22 08:39:00.150520400,0.026520400,0
'2026-08-22 08:39:00.150532100,0.026532100,1
'2026-08-22 08:39:00.150962800,0.026962800,0
'2026-08-22 08:39:00.150974600,0.026974600,1
'2026-08-22 08:39:00.150988900,0.026988900,0
'2026-08-22 08:39:00.151000600,0.027000600,1
'2026-08-22 08:39:00.151015000,0.027015000,0
'2026-08-22 08:39:00.151026700,0.027026700,1
'2026-08-22 08:39:00.151041000,0.027041000,0
'2026-08-22 08:39:00.151052700,0.027052700,1
'2026-08-22 08:39:00.151067100,0.027067100,0
'2026-08-22 08:39:00.151078700,0.027078700,1
'2026-08-22 08:39:00.151093000,0.027093000,0
'2026-08-22 08:39:00.151093100,0.027093100,1
'2026-08-22 08:39:00.151093200,0.027093200,0
'2026-08-22 08:39:00.151104800,0.027104800,1
'2026-08-22 08:39:00.151119100,0.027119100,0
'2026-08-22 08:39:00.151130800,0.027130800,1
'2026-08-22 08:39:00.151145200,0.027145200,0
'2026-08-22 08:39:00.151156900,0.027156900,1
'2026-08-22 08:39:00.151171400,0.027171400,0
'2026-08-22 08:39:00.151182900,0.027182900,1
'2026-08-22 08:39:00.151197400,0.027197400,0
'2026-08-22 08:39:00.151199900,0.027199900,1
'2026-08-22 08:39:00.151200000,0.027200000,0
'2026-08-22 08:39:00.151208900,0.027208900,1
'2026-08-22 08:39:00.151223300,0.027223300,0
'2026-08-22 08:39:00.151235000,0.027235000,1
'2026-08-22 08:39:00.151249600,0.027249600,0
'2026-08-22 08:39:00.151261000,0.027261000,1
'2026-08-22 08:39:00.151275400,0.027275400,0
'2026-08-22 08:39:00.151287000,0.027287000,1
'2026-08-22 08:39:00.151301600,0.027301600,0
'2026-08-22 08:39:00.151313100,0.027313100,1
'2026-08-22 08:39:00.151327500,0.027327500,0
'2026-08-22 08:39:00.151327700,0.027327700,1
'2026-08-22 08:39:00.151327800,0.027327800,0
'2026-08-22 08:39:00.151328300,0.027328300,1
'2026-08-22 08:39:00.151328400,0.027328400,0
'2026-08-22 08:39:00.151339100,0.027339100,1
'2026-08-22 08:39:00.151353500,0.027353500,0
'2026-08-22 08:39:00.151359900,0.027359900,1
'2026-08-22 08:39:00.151360000,0.027360000,0
'2026-08-22 08:39:00.151365100,0.027365100,1
'2026-08-22 08:39:00.151778200,0.027778200,0
'2026-08-22 08:39:00.151781600,0.027781600,1
'2026-08-22 08:39:00.151795900,0.027795900,0
'2026-08-22 08:39:00.151807600,0.027807600,1
'2026-08-22 08:39:00.151821900,0.027821900,0
'2026-08-22 08:39:00.151833600,0.027833600,1
'2026-08-22 08:39:00.151848000,0.027848000,0
'2026-08-22 08:39:00.151848200,0.027848200,1
'2026-08-22 08:39:00.151848300,0.027848300,0
'2026-08-22 08:39:00.151859700,0.027859700,1
'2026-08-22 08:39:00.151874000,0.027874000,0
'2026-08-22 08:39:00.151874100,0.027874100,1
'2026-08-22 08:39:00.151874200,0.027874200,0
'2026-08-22 08:39:00.151874500,0.027874500,1
'2026-08-22 08:39:00.151874700,0.027874700,0
'2026-08-22 08:39:00.151885700,0.027885700,1
'2026-08-22 08:39:00.151900000,0.027900000,0
'2026-08-22 08:39:00.151901000,0.027901000,1
'2026-08-22 08:39:00.151901100,0.027901100,0
'2026-08-22 08:39:00.151911800,0.027911800,1
'2026-08-22 08:39:00.151926200,0.027926200,0
'2026-08-22 08:39:00.151937800,0.027937800,1
'2026-08-22 08:39:00.151952100,0.027952100,0
'2026-08-22 08:39:00.151963800,0.027963800,1
'2026-08-22 08:39:00.151978200,0.027978200,0
'2026-08-22 08:39:00.151989900,0.027989900,1
'2026-08-22 08:39:00.152004000,0.028004000,0
'2026-08-22 08:39:00.152004100,0.028004100,1
'2026-08-22 08:39:00.152004200,0.028004200,0
'2026-08-22 08:39:00.152004300,0.028004300,1
'2026-08-22 08:39:00.152004400,0.028004400,0
'2026-08-22 08:39:00.152015900,0.028015900,1
'2026-08-22 08:39:00.152030700,0.028030700,0
'2026-08-22 08:39:00.152041900,0.028041900,1
'2026-08-22 08:39:00.152056400,0.028056400,0
'2026-08-22 08:39:00.152068000,0.028068000,1
'2026-08-22 08:39:00.152082400,0.028082400,0
'2026-08-22 08:39:00.152082500,0.028082500,1
'2026-08-22 08:39:00.152082600,0.028082600,0
'2026-08-22 08:39:00.152094000,0.028094000,1
'2026-08-22 08:39:00.152108400,0.028108400,0
'2026-08-22 08:39:00.152120000,0.028120000,1
'2026-08-22 08:39:00.152134700,0.028134700,0
'2026-08-22 08:39:00.152146100,0.028146100,1
'2026-08-22 08:39:00.152160400,0.028160400,0
'2026-08-22 08:39:00.152172100,0.028172100,1
'2026-08-22 08:39:00.152186600,0.028186600,0
'2026-08-22 08:39:00.152187100,0.028187100,1
'2026-08-22 08:39:00.152602800,0.028602800,0
'2026-08-22 08:39:00.152614600,0.028614600,1
'2026-08-22 08:39:00.152628800,0.028628800,0
'2026-08-22 08:39:00.152628900,0.028628900,1
'2026-08-22 08:39:00.152629000,0.028629000,0
'2026-08-22 08:39:00.152640600,0.028640600,1
'2026-08-22 08:39:00.152654900,0.028654900,0
'2026-08-22 08:39:00.152666700,0.028666700,1
'2026-08-22 08:39:00.152681000,0.028681000,0
'2026-08-22 08:39:00.152683200,0.028683200,1
'2026-08-22 08:39:00.152683300,0.028683300,0
'2026-08-22 08:39:00.152683800,0.028683800,1
'2026-08-22 08:39:00.152684000,0.028684000,0
'2026-08-22 08:39:00.152686100,0.028686100,1
'2026-08-22 08:39:00.152686200,0.028686200,0
'2026-08-22 08:39:00.152687900,0.028687900,1
'2026-08-22 08:39:00.152688000,0.028688000,0
'2026-08-22 08:39:00.152692700,0.028692700,1
'2026-08-22 08:39:00.152707200,0.028707200,0
'2026-08-22 08:39:00.152718700,0.028718700,1
'2026-08-22 08:39:00.152733100,0.028733100,0
'2026-08-22 08:39:00.152744800,0.028744800,1
'2026-08-22 08:39:00.152759200,0.028759200,0
'2026-08-22 08:39:00.152759600,0.028759600,1
'2026-08-22 08:39:00.152759700,0.028759700,0
'2026-08-22 08:39:00.152770800,0.028770800,1
'2026-08-22 08:39:00.152785100,0.028785100,0
'2026-08-22 08:39:00.152796900,0.028796900,1
'2026-08-22 08:39:00.152811300,0.028811300,0
'2026-08-22 08:39:00.152811500,0.028811500,1
'2026-08-22 08:39:00.152811700,0.028811700,0
'2026-08-22 08:39:00.152822900,0.028822900,1
'2026-08-22 08:39:00.152837400,0.028837400,0
'2026-08-22 08:39:00.152848900,0.028848900,1
'2026-08-22 08:39:00.152863300,0.028863300,0
'2026-08-22 08:39:00.152875000,0.028875000,1
'2026-08-22 08:39:00.152889400,0.028889400,0
'2026-08-22 08:39:00.152901000,0.028901000,1
'2026-08-22 08:39:00.152915400,0.028915400,0
'2026-08-22 08:39:00.152921900,0.028921900,1
'2026-08-22 08:39:00.152922000,0.028922000,0
'2026-08-22 08:39:00.152922300,0.028922300,1
'2026-08-22 08:39:00.152922400,0.028922400,0
'2026-08-22 08:39:00.152922800,0.028922800,1
'2026-08-22 08:39:00.152922900,0.028922900,0
'2026-08-22 08:39:00.152927000,0.028927000,1
'2026-08-22 08:39:00.152941500,0.028941500,0
'2026-08-22 08:39:00.152953100,0.028953100,1
'2026-08-22 08:39:00.152967600,0.028967600,0
'2026-08-22 08:39:00.152968100,0.028968100,1
'2026-08-22 08:39:00.152968200,0.028968200,0
'2026-08-22 08:39:00.152978700,0.028978700,1
'2026-08-22 08:39:00.152978800,0.028978800,0
'2026-08-22 08:39:00.152979100,0.028979100,1
'2026-08-22 08:39:00.152993600,0.028993600,0
'2026-08-22 08:39:00.152998500,0.028998500,1
'2026-08-22 08:39:00.152998600,0.028998600,0
'2026-08-22 08:39:00.153005200,0.029005200,1
'2026-08-22 08:39:00.153435900,0.029435900,0
'2026-08-22 08:39:00.153447600,0.029447600,1
'2026-08-22 08:39:00.153461900,0.029461900,0
'2026-08-22 08:39:00.153462100,0.029462100,1
'2026-08-22 08:39:00.153462200,0.029462200,0
'2026-08-22 08:39:00.153473700,0.029473700,1
'2026-08-22 08:39:00.153488000,0.029488000,0
'2026-08-22 08:39:00.153499700,0.029499700,1
'2026-08-22 08:39:00.153514100,0.029514100,0
'2026-08-22 08:39:00.153525700,0.029525700,1
'2026-08-22 08:39:00.153540000,0.029540000,0
'2026-08-22 08:39:00.153551800,0.029551800,1
'2026-08-22 08:39:00.153566100,0.029566100,0
'2026-08-22 08:39:00.153577000,0.029577000,1
'2026-08-22 08:39:00.153577100,0.029577100,0
'2026-08-22 08:39:00.153577800,0.029577800,1
'2026-08-22 08:39:00.153592100,0.029592100,0
'2026-08-22 08:39:00.153592200,0.029592200,1
'2026-08-22 08:39:00.153592400,0.029592400,0
'2026-08-22 08:39:00.153603900,0.029603900,1
'2026-08-22 08:39:00.153618200,0.029618200,0
'2026-08-22 08:39:00.153618400,0.029618400,1
'2026-08-22 08:39:00.153618500,0.029618500,0
'2026-08-22 08:39:00.153629900,0.029629900,1
'2026-08-22 08:39:00.153644500,0.029644500,0
'2026-08-22 08:39:00.153655900,0.029655900,1
'2026-08-22 08:39:00.153670300,0.029670300,0
'2026-08-22 08:39:00.153670500,0.029670500,1
'2026-08-22 08:39:00.153670600,0.029670600,0
'2026-08-22 08:39:00.153673400,0.029673400,1
'2026-08-22 08:39:00.153673500,0.029673500,0
'2026-08-22 08:39:00.153682000,0.029682000,1
'2026-08-22 08:39:00.153696300,0.029696300,0
'2026-08-22 08:39:00.153708000,0.029708000,1
'2026-08-22 08:39:00.153722500,0.029722500,0
'2026-08-22 08:39:00.153722700,0.029722700,1
'2026-08-22 08:39:00.153722800,0.029722800,0
'2026-08-22 08:39:00.153732800,0.029732800,1
'2026-08-22 08:39:00.153732900,0.029732900,0
'2026-08-22 08:39:00.153733500,0.029733500,1
'2026-08-22 08:39:00.153733600,0.029733600,0
'2026-08-22 08:39:00.153734100,0.029734100,1
'2026-08-22 08:39:00.153748400,0.029748400,0
'2026-08-22 08:39:00.153760100,0.029760100,1
'2026-08-22 08:39:00.153774600,0.029774600,0
'2026-08-22 08:39:00.153786100,0.029786100,1
'2026-08-22 08:39:00.153800600,0.029800600,0
'2026-08-22 08:39:00.153802400,0.029802400,1
'2026-08-22 08:39:00.153802500,0.029802500,0
'2026-08-22 08:39:00.153805100,0.029805100,1
'2026-08-22 08:39:00.153805200,0.029805200,0
'2026-08-22 08:39:00.153808800,0.029808800,1
'2026-08-22 08:39:00.153808900,0.029808900,0
'2026-08-22 08:39:00.153812200,0.029812200,1
'2026-08-22 08:39:00.153826500,0.029826500,0
'2026-08-22 08:39:00.153830900,0.029830900,1
'2026-08-22 08:39:00.154251700,0.030251700,0
'2026-08-22 08:39:00.154254700,0.030254700,1
'2026-08-22 08:39:00.154269000,0.030269000,0
'2026-08-22 08:39:00.154280700,0.030280700,1
'2026-08-22 08:39:00.154295200,0.030295200,0
'2026-08-22 08:39:00.154306700,0.030306700,1
'2026-08-22 08:39:00.154321000,0.030321000,0
'2026-08-22 08:39:00.154332800,0.030332800,1
'2026-08-22 08:39:00.154347400,0.030347400,0
'2026-08-22 08:39:00.154347700,0.030347700,1
'2026-08-22 08:39:00.154347800,0.030347800,0
'2026-08-22 08:39:00.154358800,0.030358800,1
'2026-08-22 08:39:00.154373100,0.030373100,0
'2026-08-22 08:39:00.154384900,0.030384900,1
'2026-08-22 08:39:00.154399300,0.030399300,0
'2026-08-22 08:39:00.154410900,0.030410900,1
'2026-08-22 08:39:00.154425500,0.030425500,0
'2026-08-22 08:39:00.154436900,0.030436900,1
'2026-08-22 08:39:00.154451300,0.030451300,0
'2026-08-22 08:39:00.154463000,0.030463000,1
'2026-08-22 08:39:00.154477500,0.030477500,0
'2026-08-22 08:39:00.154478700,0.030478700,1
'2026-08-22 08:39:00.154478800,0.030478800,0
'2026-08-22 08:39:00.154489000,0.030489000,1
'2026-08-22 08:39:00.154503400,0.030503400,0
'2026-08-22 08:39:00.154503500,0.030503500,1
'2026-08-22 08:39:00.154503600,0.030503600,0
'2026-08-22 08:39:00.154515000,0.030515000,1
'2026-08-22 08:39:00.154529500,0.030529500,0
'2026-08-22 08:39:00.154529800,0.030529800,1
'2026-08-22 08:39:00.154529900,0.030529900,0
'2026-08-22 08:39:00.154541100,0.030541100,1
'2026-08-22 08:39:00.154555400,0.030555400,0
'2026-08-22 08:39:00.154555500,0.030555500,1
'2026-08-22 08:39:00.154555600,0.030555600,0
'2026-08-22 08:39:00.154557900,0.030557900,1
'2026-08-22 08:39:00.154558000,0.030558000,0
'2026-08-22 08:39:00.154567100,0.030567100,1
'2026-08-22 08:39:00.154581700,0.030581700,0
'2026-08-22 08:39:00.154593200,0.030593200,1
'2026-08-22 08:39:00.154607700,0.030607700,0
'2026-08-22 08:39:00.154608600,0.030608600,1
'2026-08-22 08:39:00.154608700,0.030608700,0
'2026-08-22 08:39:00.154619200,0.030619200,1
'2026-08-22 08:39:00.154633500,0.030633500,0
'2026-08-22 08:39:00.154633800,0.030633800,1
'2026-08-22 08:39:00.154633900,0.030633900,0
'2026-08-22 08:39:00.154638200,0.030638200,1
'2026-08-22 08:39:00.154638300,0.030638300,0
'2026-08-22 08:39:00.154645200,0.030645200,1
'2026-08-22 08:39:00.155076000,0.031076000,0
'2026-08-22 08:39:00.155087700,0.031087700,1
'2026-08-22 08:39:00.155102000,0.031102000,0
'2026-08-22 08:39:00.155113800,0.031113800,1
'2026-08-22 08:39:00.155128100,0.031128100,0
'2026-08-22 08:39:00.155139800,0.031139800,1
'2026-08-22 08:39:00.155154200,0.031154200,0
'2026-08-22 08:39:00.155165900,0.031165900,1
'2026-08-22 08:39:00.155180300,0.031180300,0
'2026-08-22 08:39:00.155183700,0.031183700,1
'2026-08-22 08:39:00.155183800,0.031183800,0
'2026-08-22 08:39:00.155191900,0.031191900,1
'2026-08-22 08:39:00.155206200,0.031206200,0
'2026-08-22 08:39:00.155210200,0.031210200,1
'2026-08-22 08:39:00.155210300,0.031210300,0
'2026-08-22 08:39:00.155217900,0.031217900,1
'2026-08-22 08:39:00.155232500,0.031232500,0
'2026-08-22 08:39:00.155233600,0.031233600,1
'2026-08-22 08:39:00.155233700,0.031233700,0
'2026-08-22 08:39:00.155235300,0.031235300,1
'2026-08-22 08:39:00.155235400,0.031235400,0
'2026-08-22 08:39:00.155244000,0.031244000,1
'2026-08-22 08:39:00.155258200,0.031258200,0
'2026-08-22 08:39:00.155263300,0.031263300,1
'2026-08-22 08:39:00.155263400,0.031263400,0
'2026-08-22 08:39:00.155263900,0.031263900,1
'2026-08-22 08:39:00.155264000,0.031264000,0
'2026-08-22 08:39:00.155270000,0.031270000,1
'2026-08-22 08:39:00.155284500,0.031284500,0
'2026-08-22 08:39:00.155296100,0.031296100,1
'2026-08-22 08:39:00.155310700,0.031310700,0
'2026-08-22 08:39:00.155322100,0.031322100,1
'2026-08-22 08:39:00.155336500,0.031336500,0
'2026-08-22 08:39:00.155339200,0.031339200,1
'2026-08-22 08:39:00.155339300,0.031339300,0
'2026-08-22 08:39:00.155348100,0.031348100,1
'2026-08-22 08:39:00.155362700,0.031362700,0
'2026-08-22 08:39:00.155362800,0.031362800,1
'2026-08-22 08:39:00.155362900,0.031362900,0
'2026-08-22 08:39:00.155364200,0.031364200,1
'2026-08-22 08:39:00.155364400,0.031364400,0
'2026-08-22 08:39:00.155374200,0.031374200,1
'2026-08-22 08:39:00.155388500,0.031388500,0
'2026-08-22 08:39:00.155389200,0.031389200,1
'2026-08-22 08:39:00.155389300,0.031389300,0
'2026-08-22 08:39:00.155394100,0.031394100,1
'2026-08-22 08:39:00.155394200,0.031394200,0
'2026-08-22 08:39:00.155396500,0.031396500,1
'2026-08-22 08:39:00.155396600,0.031396600,0
'2026-08-22 08:39:00.155400200,0.031400200,1
'2026-08-22 08:39:00.155414800,0.031414800,0
'2026-08-22 08:39:00.155416300,0.031416300,1
'2026-08-22 08:39:00.155416400,0.031416400,0
'2026-08-22 08:39:00.155426200,0.031426200,1
'2026-08-22 08:39:00.155440600,0.031440600,0
'2026-08-22 08:39:00.155440800,0.031440800,1
'2026-08-22 08:39:00.155441100,0.031441100,0
'2026-08-22 08:39:00.155452300,0.031452300,1
'2026-08-22 08:39:00.155466800,0.031466800,0
'2026-08-22 08:39:00.155478300,0.031478300,1
'2026-08-22 08:39:00.155909200,0.031909200,0
'2026-08-22 08:39:00.155920800,0.031920800,1
'2026-08-22 08:39:00.155935200,0.031935200,0
'2026-08-22 08:39:00.155946900,0.031946900,1
'2026-08-22 08:39:00.155961200,0.031961200,0
'2026-08-22 08:39:00.155972900,0.031972900,1
'2026-08-22 08:39:00.155987400,0.031987400,0
'2026-08-22 08:39:00.155999000,0.031999000,1
'2026-08-22 08:39:00.156013400,0.032013400,0
'2026-08-22 08:39:00.156017000,0.032017000,1
'2026-08-22 08:39:00.156017100,0.032017100,0
'2026-08-22 08:39:00.156025000,0.032025000,1
'2026-08-22 08:39:00.156039500,0.032039500,0
'2026-08-22 08:39:00.156051100,0.032051100,1
'2026-08-22 08:39:00.156065700,0.032065700,0
'2026-08-22 08:39:00.156077100,0.032077100,1
'2026-08-22 08:39:00.156091500,0.032091500,0
'2026-08-22 08:39:00.156103200,0.032103200,1
'2026-08-22 08:39:00.156117800,0.032117800,0
'2026-08-22 08:39:00.156129200,0.032129200,1
'2026-08-22 08:39:00.156143600,0.032143600,0
'2026-08-22 08:39:00.156143900,0.032143900,1
'2026-08-22 08:39:00.156144000,0.032144000,0
'2026-08-22 08:39:00.156146200,0.032146200,1
'2026-08-22 08:39:00.156146300,0.032146300,0
'2026-08-22 08:39:00.156152600,0.032152600,1
'2026-08-22 08:39:00.156152700,0.032152700,0
'2026-08-22 08:39:00.156155200,0.032155200,1
'2026-08-22 08:39:00.156169700,0.032169700,0
'2026-08-22 08:39:00.156181300,0.032181300,1
'2026-08-22 08:39:00.156195600,0.032195600,0
'2026-08-22 08:39:00.156195800,0.032195800,1
'2026-08-22 08:39:00.156195900,0.032195900,0
'2026-08-22 08:39:00.156207300,0.032207300,1
'2026-08-22 08:39:00.156221800,0.032221800,0
'2026-08-22 08:39:00.156233400,0.032233400,1
'2026-08-22 08:39:00.156248000,0.032248000,0
'2026-08-22 08:39:00.156248100,0.032248100,1
'2026-08-22 08:39:00.156248200,0.032248200,0
'2026-08-22 08:39:00.156256100,0.032256100,1
'2026-08-22 08:39:00.156256200,0.032256200,0
'2026-08-22 08:39:00.156259400,0.032259400,1
'2026-08-22 08:39:00.156273900,0.032273900,0
'2026-08-22 08:39:00.156274100,0.032274100,1
'2026-08-22 08:39:00.156274200,0.032274200,0
'2026-08-22 08:39:00.156277600,0.032277600,1
'2026-08-22 08:39:00.156277700,0.032277700,0
'2026-08-22 08:39:00.156285500,0.032285500,1
'2026-08-22 08:39:00.156300000,0.032300000,0
'2026-08-22 08:39:00.156303200,0.032303200,1
'2026-08-22 08:39:00.156303300,0.032303300,0
'2026-08-22 08:39:00.156304600,0.032304600,1
'2026-08-22 08:39:00.156717400,0.032717400,0
'2026-08-22 08:39:00.156728000,0.032728000,1
'2026-08-22 08:39:00.156742500,0.032742500,0
'2026-08-22 08:39:00.156754100,0.032754100,1
'2026-08-22 08:39:00.156768300,0.032768300,0
'2026-08-22 08:39:00.156780100,0.032780100,1
'2026-08-22 08:39:00.156794500,0.032794500,0
'2026-08-22 08:39:00.156806200,0.032806200,1
'2026-08-22 08:39:00.156820500,0.032820500,0
'2026-08-22 08:39:00.156820600,0.032820600,1
'2026-08-22 08:39:00.156820700,0.032820700,0
'2026-08-22 08:39:00.156821200,0.032821200,1
'2026-08-22 08:39:00.156821300,0.032821300,0
'2026-08-22 08:39:00.156832200,0.032832200,1
'2026-08-22 08:39:00.156846600,0.032846600,0
'2026-08-22 08:39:00.156858200,0.032858200,1
'2026-08-22 08:39:00.156872600,0.032872600,0
'2026-08-22 08:39:00.156884300,0.032884300,1
'2026-08-22 08:39:00.156898600,0.032898600,0
'2026-08-22 08:39:00.156899500,0.032899500,1
'2026-08-22 08:39:00.156899600,0.032899600,0
'2026-08-22 08:39:00.156900600,0.032900600,1
'2026-08-22 08:39:00.156900700,0.032900700,0
'2026-08-22 08:39:00.156910300,0.032910300,1
'2026-08-22 08:39:00.156924800,0.032924800,0
'2026-08-22 08:39:00.156936400,0.032936400,1
'2026-08-22 08:39:00.156951000,0.032951000,0
'2026-08-22 08:39:00.156962400,0.032962400,1
'2026-08-22 08:39:00.156976800,0.032976800,0
'2026-08-22 08:39:00.156976900,0.032976900,1
'2026-08-22 08:39:00.156977000,0.032977000,0
'2026-08-22 08:39:00.156988500,0.032988500,1
'2026-08-22 08:39:00.157003000,0.033003000,0
'2026-08-22 08:39:00.157014500,0.033014500,1
'2026-08-22 08:39:00.157029000,0.033029000,0
'2026-08-22 08:39:00.157029100,0.033029100,1
'2026-08-22 08:39:00.157029200,0.033029200,0
'2026-08-22 08:39:00.157031400,0.033031400,1
'2026-08-22 08:39:00.157031500,0.033031500,0
'2026-08-22 08:39:00.157040600,0.033040600,1
'2026-08-22 08:39:00.157055400,0.033055400,0
'2026-08-22 08:39:00.157059700,0.033059700,1
'2026-08-22 08:39:00.157059800,0.033059800,0
'2026-08-22 08:39:00.157066600,0.033066600,1
'2026-08-22 08:39:00.157081100,0.033081100,0
'2026-08-22 08:39:00.157092600,0.033092600,1
'2026-08-22 08:39:00.157107000,0.033107000,0
'2026-08-22 08:39:00.157107300,0.033107300,1
'2026-08-22 08:39:00.157107400,0.033107400,0
'2026-08-22 08:39:00.157115500,0.033115500,1
'2026-08-22 08:39:00.157115600,0.033115600,0
'2026-08-22 08:39:00.157118700,0.033118700,1
'2026-08-22 08:39:00.158337100,0.034337100,0
'2026-08-22 08:39:00.158338500,0.034338500,1
'2026-08-22 08:39:00.158338600,0.034338600,0
'2026-08-22 08:39:00.158342400,0.034342400,1
'2026-08-22 08:39:00.158356700,0.034356700,0
'2026-08-22 08:39:00.158368400,0.034368400,1
'2026-08-22 08:39:00.158382900,0.034382900,0
'2026-08-22 08:39:00.158387400,0.034387400,1
'2026-08-22 08:39:00.158387500,0.034387500,0
'2026-08-22 08:39:00.158394500,0.034394500,1
'2026-08-22 08:39:00.158408800,0.034408800,0
'2026-08-22 08:39:00.158420500,0.034420500,1
'2026-08-22 08:39:00.158434900,0.034434900,0
'2026-08-22 08:39:00.158441800,0.034441800,1
'2026-08-22 08:39:00.158441900,0.034441900,0
'2026-08-22 08:39:00.158446600,0.034446600,1
'2026-08-22 08:39:00.158460900,0.034460900,0
'2026-08-22 08:39:00.158461100,0.034461100,1
'2026-08-22 08:39:00.158461200,0.034461200,0
'2026-08-22 08:39:00.158472600,0.034472600,1
'2026-08-22 08:39:00.158487000,0.034487000,0
'2026-08-22 08:39:00.158498700,0.034498700,1
'2026-08-22 08:39:00.158513300,0.034513300,0
'2026-08-22 08:39:00.158524700,0.034524700,1
'2026-08-22 08:39:00.158539000,0.034539000,0
'2026-08-22 08:39:00.158539300,0.034539300,1
'2026-08-22 08:39:00.158539400,0.034539400,0
'2026-08-22 08:39:00.158542200,0.034542200,1
'2026-08-22 08:39:00.158542300,0.034542300,0
'2026-08-22 08:39:00.158550800,0.034550800,1
'2026-08-22 08:39:00.158565200,0.034565200,0
'2026-08-22 08:39:00.158576800,0.034576800,1
'2026-08-22 08:39:00.158591400,0.034591400,0
'2026-08-22 08:39:00.158602900,0.034602900,1
'2026-08-22 08:39:00.158617200,0.034617200,0
'2026-08-22 08:39:00.158628900,0.034628900,1
'2026-08-22 08:39:00.158643400,0.034643400,0
'2026-08-22 08:39:00.158655000,0.034655000,1
'2026-08-22 08:39:00.158669300,0.034669300,0
'2026-08-22 08:39:00.158669500,0.034669500,1
'2026-08-22 08:39:00.158669600,0.034669600,0
'2026-08-22 08:39:00.158676100,0.034676100,1
'2026-08-22 08:39:00.158676200,0.034676200,0
'2026-08-22 08:39:00.158681000,0.034681000,1
'2026-08-22 08:39:00.158695400,0.034695400,0
'2026-08-22 08:39:00.158707100,0.034707100,1
'2026-08-22 08:39:00.158721600,0.034721600,0
'2026-08-22 08:39:00.158733100,0.034733100,1
'2026-08-22 08:39:00.159164000,0.035164000,0
'2026-08-22 08:39:00.159164400,0.035164400,1
'2026-08-22 08:39:00.159164500,0.035164500,0
'2026-08-22 08:39:00.159175800,0.035175800,1
'2026-08-22 08:39:00.159190200,0.035190200,0
'2026-08-22 08:39:00.159201800,0.035201800,1
'2026-08-22 08:39:00.159216200,0.035216200,0
'2026-08-22 08:39:00.159222800,0.035222800,1
'2026-08-22 08:39:00.159222900,0.035222900,0
'2026-08-22 08:39:00.159227900,0.035227900,1
'2026-08-22 08:39:00.159242200,0.035242200,0
'2026-08-22 08:39:00.159253900,0.035253900,1
'2026-08-22 08:39:00.159268400,0.035268400,0
'2026-08-22 08:39:00.159275600,0.035275600,1
'2026-08-22 08:39:00.159275700,0.035275700,0
'2026-08-22 08:39:00.159280000,0.035280000,1
'2026-08-22 08:39:00.159294400,0.035294400,0
'2026-08-22 08:39:00.159294600,0.035294600,1
'2026-08-22 08:39:00.159294700,0.035294700,0
'2026-08-22 08:39:00.159306000,0.035306000,1
'2026-08-22 08:39:00.159320500,0.035320500,0
'2026-08-22 08:39:00.159328400,0.035328400,1
'2026-08-22 08:39:00.159328500,0.035328500,0
'2026-08-22 08:39:00.159332100,0.035332100,1
'2026-08-22 08:39:00.159346400,0.035346400,0
'2026-08-22 08:39:00.159346500,0.035346500,1
'2026-08-22 08:39:00.159346600,0.035346600,0
'2026-08-22 08:39:00.159358100,0.035358100,1
'2026-08-22 08:39:00.159372600,0.035372600,0
'2026-08-22 08:39:00.159372700,0.035372700,1
'2026-08-22 08:39:00.159372800,0.035372800,0
'2026-08-22 08:39:00.159384200,0.035384200,1
'2026-08-22 08:39:00.159398700,0.035398700,0
'2026-08-22 08:39:00.159398800,0.035398800,1
'2026-08-22 08:39:00.159398900,0.035398900,0
'2026-08-22 08:39:00.159410200,0.035410200,1
'2026-08-22 08:39:00.159424800,0.035424800,0
'2026-08-22 08:39:00.159436300,0.035436300,1
'2026-08-22 08:39:00.159450700,0.035450700,0
'2026-08-22 08:39:00.159462300,0.035462300,1
'2026-08-22 08:39:00.159476900,0.035476900,0
'2026-08-22 08:39:00.159486100,0.035486100,1
'2026-08-22 08:39:00.159486200,0.035486200,0
'2026-08-22 08:39:00.159488400,0.035488400,1
'2026-08-22 08:39:00.159502800,0.035502800,0
'2026-08-22 08:39:00.159502900,0.035502900,1
'2026-08-22 08:39:00.159503000,0.035503000,0
'2026-08-22 08:39:00.159514400,0.035514400,1
'2026-08-22 08:39:00.159528700,0.035528700,0
'2026-08-22 08:39:00.159528800,0.035528800,1
'2026-08-22 08:39:00.159528900,0.035528900,0
'2026-08-22 08:39:00.159529300,0.035529300,1
'2026-08-22 08:39:00.159529400,0.035529400,0
'2026-08-22 08:39:00.159535700,0.035535700,1
'2026-08-22 08:39:00.159535800,0.035535800,0
'2026-08-22 08:39:00.159536300,0.035536300,1
'2026-08-22 08:39:00.159536400,0.035536400,0
'2026-08-22 08:39:00.159540500,0.035540500,1
'2026-08-22 08:39:00.159555000,0.035555000,0
'2026-08-22 08:39:00.159557300,0.035557300,1
'2026-08-22 08:39:00.159557400,0.035557400,0
'2026-08-22 08:39:00.159566500,0.035566500,1
'2026-08-22 08:39:00.159981600,0.035981600,0
'2026-08-22 08:39:00.159983100,0.035983100,1
'2026-08-22 08:39:00.159997500,0.035997500,0
'2026-08-22 08:39:00.159997600,0.035997600,1
'2026-08-22 08:39:00.159997700,0.035997700,0
'2026-08-22 08:39:00.160009100,0.036009100,1
'2026-08-22 08:39:00.160023400,0.036023400,0
'2026-08-22 08:39:00.160035200,0.036035200,1
'2026-08-22 08:39:00.160049600,0.036049600,0
'2026-08-22 08:39:00.160061200,0.036061200,1
'2026-08-22 08:39:00.160075600,0.036075600,0
'2026-08-22 08:39:00.160075700,0.036075700,1
'2026-08-22 08:39:00.160075800,0.036075800,0
'2026-08-22 08:39:00.160079200,0.036079200,1
'2026-08-22 08:39:00.160079300,0.036079300,0
'2026-08-22 08:39:00.160087300,0.036087300,1
'2026-08-22 08:39:00.160101700,0.036101700,0
'2026-08-22 08:39:00.160113300,0.036113300,1
'2026-08-22 08:39:00.160127800,0.036127800,0
'2026-08-22 08:39:00.160129100,0.036129100,1
'2026-08-22 08:39:00.160129200,0.036129200,0
'2026-08-22 08:39:00.160138200,0.036138200,1
'2026-08-22 08:39:00.160138300,0.036138300,0
'2026-08-22 08:39:00.160139400,0.036139400,1
'2026-08-22 08:39:00.160153600,0.036153600,0
'2026-08-22 08:39:00.160165400,0.036165400,1
'2026-08-22 08:39:00.160179900,0.036179900,0
'2026-08-22 08:39:00.160191500,0.036191500,1
'2026-08-22 08:39:00.160205800,0.036205800,0
'2026-08-22 08:39:00.160217500,0.036217500,1
'2026-08-22 08:39:00.160231900,0.036231900,0
'2026-08-22 08:39:00.160240900,0.036240900,1
'2026-08-22 08:39:00.160241000,0.036241000,0
'2026-08-22 08:39:00.160243600,0.036243600,1
'2026-08-22 08:39:00.160258000,0.036258000,0
'2026-08-22 08:39:00.160269600,0.036269600,1
'2026-08-22 08:39:00.160284200,0.036284200,0
'2026-08-22 08:39:00.160289900,0.036289900,1
'2026-08-22 08:39:00.160290000,0.036290000,0
'2026-08-22 08:39:00.160295700,0.036295700,1
'2026-08-22 08:39:00.160310100,0.036310100,0
'2026-08-22 08:39:00.160310400,0.036310400,1
'2026-08-22 08:39:00.160310500,0.036310500,0
'2026-08-22 08:39:00.160317500,0.036317500,1
'2026-08-22 08:39:00.160317600,0.036317600,0
'2026-08-22 08:39:00.160321700,0.036321700,1
'2026-08-22 08:39:00.160336200,0.036336200,0
'2026-08-22 08:39:00.160336600,0.036336600,1
'2026-08-22 08:39:00.160336800,0.036336800,0
'2026-08-22 08:39:00.160337700,0.036337700,1
'2026-08-22 08:39:00.160337800,0.036337800,0
'2026-08-22 08:39:00.160340700,0.036340700,1
'2026-08-22 08:39:00.160340800,0.036340800,0
'2026-08-22 08:39:00.160347700,0.036347700,1
'2026-08-22 08:39:00.160362200,0.036362200,0
'2026-08-22 08:39:00.160362300,0.036362300,1
'2026-08-22 08:39:00.160362400,0.036362400,0
'2026-08-22 08:39:00.160373800,0.036373800,1
'2026-08-22 08:39:00.160388400,0.036388400,0
'2026-08-22 08:39:00.160389800,0.036389800,1
'2026-08-22 08:39:00.160389900,0.036389900,0
'2026-08-22 08:39:00.160390700,0.036390700,1
'2026-08-22 08:39:00.160804700,0.036804700,0
'2026-08-22 08:39:00.160811800,0.036811800,1
'2026-08-22 08:39:00.160811900,0.036811900,0
'2026-08-22 08:39:00.160816400,0.036816400,1
'2026-08-22 08:39:00.160830800,0.036830800,0
'2026-08-22 08:39:00.160842500,0.036842500,1
'2026-08-22 08:39:00.160856900,0.036856900,0
'2026-08-22 08:39:00.160868500,0.036868500,1
'2026-08-22 08:39:00.160883200,0.036883200,0
'2026-08-22 08:39:00.160894600,0.036894600,1
'2026-08-22 08:39:00.160908900,0.036908900,0
'2026-08-22 08:39:00.160920600,0.036920600,1
'2026-08-22 08:39:00.160935100,0.036935100,0
'2026-08-22 08:39:00.160946700,0.036946700,1
'2026-08-22 08:39:00.160961100,0.036961100,0
'2026-08-22 08:39:00.160962200,0.036962200,1
'2026-08-22 08:39:00.160962300,0.036962300,0
'2026-08-22 08:39:00.160972700,0.036972700,1
'2026-08-22 08:39:00.160987100,0.036987100,0
'2026-08-22 08:39:00.160994000,0.036994000,1
'2026-08-22 08:39:00.160994100,0.036994100,0
'2026-08-22 08:39:00.160998800,0.036998800,1
'2026-08-22 08:39:00.161013400,0.037013400,0
'2026-08-22 08:39:00.161024800,0.037024800,1
'2026-08-22 08:39:00.161039200,0.037039200,0
'2026-08-22 08:39:00.161039500,0.037039500,1
'2026-08-22 08:39:00.161039600,0.037039600,0
'2026-08-22 08:39:00.161050900,0.037050900,1
'2026-08-22 08:39:00.161065400,0.037065400,0
'2026-08-22 08:39:00.161070400,0.037070400,1
'2026-08-22 08:39:00.161070500,0.037070500,0
'2026-08-22 08:39:00.161072700,0.037072700,1
'2026-08-22 08:39:00.161072800,0.037072800,0
'2026-08-22 08:39:00.161076900,0.037076900,1
'2026-08-22 08:39:00.161091600,0.037091600,0
'2026-08-22 08:39:00.161093800,0.037093800,1
'2026-08-22 08:39:00.161093900,0.037093900,0
'2026-08-22 08:39:00.161103000,0.037103000,1
'2026-08-22 08:39:00.161117300,0.037117300,0
'2026-08-22 08:39:00.161124200,0.037124200,1
'2026-08-22 08:39:00.161124300,0.037124300,0
'2026-08-22 08:39:00.161129000,0.037129000,1
'2026-08-22 08:39:00.161143600,0.037143600,0
'2026-08-22 08:39:00.161144000,0.037144000,1
'2026-08-22 08:39:00.161144100,0.037144100,0
'2026-08-22 08:39:00.161144600,0.037144600,1
'2026-08-22 08:39:00.161144700,0.037144700,0
'2026-08-22 08:39:00.161153400,0.037153400,1
'2026-08-22 08:39:00.161153500,0.037153500,0
'2026-08-22 08:39:00.161155000,0.037155000,1
'2026-08-22 08:39:00.161169400,0.037169400,0
'2026-08-22 08:39:00.161169700,0.037169700,1
'2026-08-22 08:39:00.161169800,0.037169800,0
'2026-08-22 08:39:00.161172000,0.037172000,1
'2026-08-22 08:39:00.161172100,0.037172100,0
'2026-08-22 08:39:00.161172700,0.037172700,1
'2026-08-22 08:39:00.161172800,0.037172800,0
'2026-08-22 08:39:00.161173800,0.037173800,1
'2026-08-22 08:39:00.161173900,0.037173900,0
'2026-08-22 08:39:00.161175000,0.037175000,1
'2026-08-22 08:39:00.161175100,0.037175100,0
'2026-08-22 08:39:00.161179800,0.037179800,1
'2026-08-22 08:39:00.161179900,0.037179900,0
'2026-08-22 08:39:00.161181100,0.037181100,1
'2026-08-22 08:39:00.161195700,0.037195700,0
'2026-08-22 08:39:00.161196000,0.037196000,1
'2026-08-22 08:39:00.161196100,0.037196100,0
'2026-08-22 08:39:00.161207100,0.037207100,1
'2026-08-22 08:39:00.161638100,0.037638100,0
'2026-08-22 08:39:00.161646100,0.037646100,1
'2026-08-22 08:39:00.161646200,0.037646200,0
'2026-08-22 08:39:00.161649700,0.037649700,1
'2026-08-22 08:39:00.161664100,0.037664100,0
'2026-08-22 08:39:00.161664300,0.037664300,1
'2026-08-22 08:39:00.161664400,0.037664400,0
'2026-08-22 08:39:00.161675800,0.037675800,1
'2026-08-22 08:39:00.161690200,0.037690200,0
'2026-08-22 08:39:00.161701800,0.037701800,1
'2026-08-22 08:39:00.161716300,0.037716300,0
'2026-08-22 08:39:00.161727900,0.037727900,1
'2026-08-22 08:39:00.161742200,0.037742200,0
'2026-08-22 08:39:00.161753900,0.037753900,1
'2026-08-22 08:39:00.161768400,0.037768400,0
'2026-08-22 08:39:00.161779100,0.037779100,1
'2026-08-22 08:39:00.161779200,0.037779200,0
'2026-08-22 08:39:00.161780000,0.037780000,1
'2026-08-22 08:39:00.161794300,0.037794300,0
'2026-08-22 08:39:00.161796700,0.037796700,1
'2026-08-22 08:39:00.161796800,0.037796800,0
'2026-08-22 08:39:00.161797300,0.037797300,1
'2026-08-22 08:39:00.161797400,0.037797400,0
'2026-08-22 08:39:00.161806000,0.037806000,1
'2026-08-22 08:39:00.161820400,0.037820400,0
'2026-08-22 08:39:00.161820500,0.037820500,1
'2026-08-22 08:39:00.161820600,0.037820600,0
'2026-08-22 08:39:00.161820700,0.037820700,1
'2026-08-22 08:39:00.161820800,0.037820800,0
'2026-08-22 08:39:00.161832100,0.037832100,1
'2026-08-22 08:39:00.161846600,0.037846600,0
'2026-08-22 08:39:00.161858100,0.037858100,1
'2026-08-22 08:39:00.161872800,0.037872800,0
'2026-08-22 08:39:00.161874900,0.037874900,1
'2026-08-22 08:39:00.161875000,0.037875000,0
'2026-08-22 08:39:00.161875900,0.037875900,1
'2026-08-22 08:39:00.161876000,0.037876000,0
'2026-08-22 08:39:00.161884200,0.037884200,1
'2026-08-22 08:39:00.161898600,0.037898600,0
'2026-08-22 08:39:00.161898900,0.037898900,1
'2026-08-22 08:39:00.161899000,0.037899000,0
'2026-08-22 08:39:00.161910200,0.037910200,1
'2026-08-22 08:39:00.161924700,0.037924700,0
'2026-08-22 08:39:00.161936200,0.037936200,1
'2026-08-22 08:39:00.161950900,0.037950900,0
'2026-08-22 08:39:00.161960700,0.037960700,1
'2026-08-22 08:39:00.161960800,0.037960800,0
'2026-08-22 08:39:00.161962300,0.037962300,1
'2026-08-22 08:39:00.161977000,0.037977000,0
'2026-08-22 08:39:00.161977700,0.037977700,1
'2026-08-22 08:39:00.161977800,0.037977800,0
'2026-08-22 08:39:00.161984600,0.037984600,1
'2026-08-22 08:39:00.161984700,0.037984700,0
'2026-08-22 08:39:00.161988300,0.037988300,1
'2026-08-22 08:39:00.162002900,0.038002900,0
'2026-08-22 08:39:00.162005700,0.038005700,1
'2026-08-22 08:39:00.162005800,0.038005800,0
'2026-08-22 08:39:00.162007500,0.038007500,1
'2026-08-22 08:39:00.162007600,0.038007600,0
'2026-08-22 08:39:00.162013300,0.038013300,1
'2026-08-22 08:39:00.162013400,0.038013400,0
'2026-08-22 08:39:00.162014400,0.038014400,1
'2026-08-22 08:39:00.162028800,0.038028800,0
'2026-08-22 08:39:00.162029100,0.038029100,1
'2026-08-22 08:39:00.162029200,0.038029200,0
'2026-08-22 08:39:00.162029700,0.038029700,1
'2026-08-22 08:39:00.162029800,0.038029800,0
'2026-08-22 08:39:00.162040400,0.038040400,1
'2026-08-22 08:39:00.162456000,0.038456000,0
'2026-08-22 08:39:00.162457000,0.038457000,1
'2026-08-22 08:39:00.162471400,0.038471400,0
'2026-08-22 08:39:00.162483000,0.038483000,1
'2026-08-22 08:39:00.162497200,0.038497200,0
'2026-08-22 08:39:00.162497300,0.038497300,1
'2026-08-22 08:39:00.162497400,0.038497400,0
'2026-08-22 08:39:00.162509000,0.038509000,1
'2026-08-22 08:39:00.162523400,0.038523400,0
'2026-08-22 08:39:00.162535100,0.038535100,1
'2026-08-22 08:39:00.162549400,0.038549400,0
'2026-08-22 08:39:00.162560700,0.038560700,1
'2026-08-22 08:39:00.162560800,0.038560800,0
'2026-08-22 08:39:00.162561100,0.038561100,1
'2026-08-22 08:39:00.162575600,0.038575600,0
'2026-08-22 08:39:00.162587200,0.038587200,1
'2026-08-22 08:39:00.162601700,0.038601700,0
'2026-08-22 08:39:00.162613200,0.038613200,1
'2026-08-22 08:39:00.162627700,0.038627700,0
'2026-08-22 08:39:00.162639300,0.038639300,1
'2026-08-22 08:39:00.162653800,0.038653800,0
'2026-08-22 08:39:00.162665300,0.038665300,1
'2026-08-22 08:39:00.162679700,0.038679700,0
'2026-08-22 08:39:00.162691400,0.038691400,1
'2026-08-22 08:39:00.162705800,0.038705800,0
'2026-08-22 08:39:00.162706300,0.038706300,1
'2026-08-22 08:39:00.162706400,0.038706400,0
'2026-08-22 08:39:00.162717400,0.038717400,1
'2026-08-22 08:39:00.162731600,0.038731600,0
'2026-08-22 08:39:00.162732400,0.038732400,1
'2026-08-22 08:39:00.162732800,0.038732800,0
'2026-08-22 08:39:00.162734900,0.038734900,1
'2026-08-22 08:39:00.162735000,0.038735000,0
'2026-08-22 08:39:00.162738400,0.038738400,1
'2026-08-22 08:39:00.162738500,0.038738500,0
'2026-08-22 08:39:00.162740300,0.038740300,1
'2026-08-22 08:39:00.162740400,0.038740400,0
'2026-08-22 08:39:00.162743500,0.038743500,1
'2026-08-22 08:39:00.162757900,0.038757900,0
'2026-08-22 08:39:00.162769500,0.038769500,1
'2026-08-22 08:39:00.162783900,0.038783900,0
'2026-08-22 08:39:00.162795500,0.038795500,1
'2026-08-22 08:39:00.162810000,0.038810000,0
'2026-08-22 08:39:00.162810200,0.038810200,1
'2026-08-22 08:39:00.162810300,0.038810300,0
'2026-08-22 08:39:00.162817300,0.038817300,1
'2026-08-22 08:39:00.162817400,0.038817400,0
'2026-08-22 08:39:00.162821600,0.038821600,1
'2026-08-22 08:39:00.162836100,0.038836100,0
'2026-08-22 08:39:00.162837100,0.038837100,1
'2026-08-22 08:39:00.162837200,0.038837200,0
'2026-08-22 08:39:00.162837600,0.038837600,1
'2026-08-22 08:39:00.162837700,0.038837700,0
'2026-08-22 08:39:00.162847600,0.038847600,1
'2026-08-22 08:39:00.162862400,0.038862400,0
'2026-08-22 08:39:00.162864500,0.038864500,1
'2026-08-22 08:39:00.162864600,0.038864600,0
'2026-08-22 08:39:00.162864900,0.038864900,1
'2026-08-22 08:39:00.163278600,0.039278600,0
'2026-08-22 08:39:00.163290200,0.039290200,1
'2026-08-22 08:39:00.163304600,0.039304600,0
'2026-08-22 08:39:00.163307700,0.039307700,1
'2026-08-22 08:39:00.163307800,0.039307800,0
'2026-08-22 08:39:00.163316300,0.039316300,1
'2026-08-22 08:39:00.163330600,0.039330600,0
'2026-08-22 08:39:00.163342300,0.039342300,1
'2026-08-22 08:39:00.163356800,0.039356800,0
'2026-08-22 08:39:00.163368400,0.039368400,1
'2026-08-22 08:39:00.163382800,0.039382800,0
'2026-08-22 08:39:00.163388200,0.039388200,1
'2026-08-22 08:39:00.163388300,0.039388300,0
'2026-08-22 08:39:00.163394400,0.039394400,1
'2026-08-22 08:39:00.163408800,0.039408800,0
'2026-08-22 08:39:00.163420500,0.039420500,1
'2026-08-22 08:39:00.163435000,0.039435000,0
'2026-08-22 08:39:00.163446500,0.039446500,1
'2026-08-22 08:39:00.163460800,0.039460800,0
'2026-08-22 08:39:00.163461700,0.039461700,1
'2026-08-22 08:39:00.163461800,0.039461800,0
'2026-08-22 08:39:00.163466500,0.039466500,1
'2026-08-22 08:39:00.163466600,0.039466600,0
'2026-08-22 08:39:00.163472600,0.039472600,1
'2026-08-22 08:39:00.163487100,0.039487100,0
'2026-08-22 08:39:00.163498600,0.039498600,1
'2026-08-22 08:39:00.163513100,0.039513100,0
'2026-08-22 08:39:00.163513200,0.039513200,1
'2026-08-22 08:39:00.163513400,0.039513400,0
'2026-08-22 08:39:00.163524700,0.039524700,1
'2026-08-22 08:39:00.163539100,0.039539100,0
'2026-08-22 08:39:00.163539400,0.039539400,1
'2026-08-22 08:39:00.163539500,0.039539500,0
'2026-08-22 08:39:00.163550700,0.039550700,1
'2026-08-22 08:39:00.163565300,0.039565300,0
'2026-08-22 08:39:00.163565700,0.039565700,1
'2026-08-22 08:39:00.163565800,0.039565800,0
'2026-08-22 08:39:00.163568600,0.039568600,1
'2026-08-22 08:39:00.163568700,0.039568700,0
'2026-08-22 08:39:00.163569500,0.039569500,1
'2026-08-22 08:39:00.163569600,0.039569600,0
'2026-08-22 08:39:00.163576700,0.039576700,1
'2026-08-22 08:39:00.163591200,0.039591200,0
'2026-08-22 08:39:00.163592800,0.039592800,1
'2026-08-22 08:39:00.163592900,0.039592900,0
'2026-08-22 08:39:00.163602800,0.039602800,1
'2026-08-22 08:39:00.163617400,0.039617400,0
'2026-08-22 08:39:00.163617600,0.039617600,1
'2026-08-22 08:39:00.163617800,0.039617800,0
'2026-08-22 08:39:00.163618700,0.039618700,1
'2026-08-22 08:39:00.163618800,0.039618800,0
'2026-08-22 08:39:00.163620000,0.039620000,1
'2026-08-22 08:39:00.163620100,0.039620100,0
'2026-08-22 08:39:00.163620600,0.039620600,1
'2026-08-22 08:39:00.163620700,0.039620700,0
'2026-08-22 08:39:00.163628800,0.039628800,1
'2026-08-22 08:39:00.163643400,0.039643400,0
'2026-08-22 08:39:00.163645100,0.039645100,1
'2026-08-22 08:39:00.163645200,0.039645200,0
'2026-08-22 08:39:00.163646800,0.039646800,1
'2026-08-22 08:39:00.163646900,0.039646900,0
'2026-08-22 08:39:00.163648000,0.039648000,1
'2026-08-22 08:39:00.163648100,0.039648100,0
'2026-08-22 08:39:00.163649200,0.039649200,1
'2026-08-22 08:39:00.163649300,0.039649300,0
'2026-08-22 08:39:00.163650300,0.039650300,1
'2026-08-22 08:39:00.163650400,0.039650400,0
'2026-08-22 08:39:00.163654900,0.039654900,1
'2026-08-22 08:39:00.163669300,0.039669300,0
'2026-08-22 08:39:00.163669600,0.039669600,1
'2026-08-22 08:39:00.163669700,0.039669700,0
'2026-08-22 08:39:00.163673700,0.039673700,1
'2026-08-22 08:39:00.163673800,0.039673800,0
'2026-08-22 08:39:00.163679500,0.039679500,1
'2026-08-22 08:39:00.163679600,0.039679600,0
'2026-08-22 08:39:00.163680900,0.039680900,1
'2026-08-22 08:39:00.164111900,0.040111900,0
'2026-08-22 08:39:00.164123500,0.040123500,1
'2026-08-22 08:39:00.164137800,0.040137800,0
'2026-08-22 08:39:00.164137900,0.040137900,1
'2026-08-22 08:39:00.164138000,0.040138000,0
'2026-08-22 08:39:00.164149600,0.040149600,1
'2026-08-22 08:39:00.164163900,0.040163900,0
'2026-08-22 08:39:00.164175600,0.040175600,1
'2026-08-22 08:39:00.164190000,0.040190000,0
'2026-08-22 08:39:00.164190100,0.040190100,1
'2026-08-22 08:39:00.164190200,0.040190200,0
'2026-08-22 08:39:00.164201700,0.040201700,1
'2026-08-22 08:39:00.164216000,0.040216000,0
'2026-08-22 08:39:00.164216200,0.040216200,1
'2026-08-22 08:39:00.164216300,0.040216300,0
'2026-08-22 08:39:00.164227700,0.040227700,1
'2026-08-22 08:39:00.164242100,0.040242100,0
'2026-08-22 08:39:00.164242300,0.040242300,1
'2026-08-22 08:39:00.164242500,0.040242500,0
'2026-08-22 08:39:00.164253800,0.040253800,1
'2026-08-22 08:39:00.164268200,0.040268200,0
'2026-08-22 08:39:00.164271100,0.040271100,1
'2026-08-22 08:39:00.164271200,0.040271200,0
'2026-08-22 08:39:00.164279800,0.040279800,1
'2026-08-22 08:39:00.164294300,0.040294300,0
'2026-08-22 08:39:00.164294400,0.040294400,1
'2026-08-22 08:39:00.164294500,0.040294500,0
'2026-08-22 08:39:00.164305900,0.040305900,1
'2026-08-22 08:39:00.164320300,0.040320300,0
'2026-08-22 08:39:00.164331900,0.040331900,1
'2026-08-22 08:39:00.164346300,0.040346300,0
'2026-08-22 08:39:00.164346400,0.040346400,1
'2026-08-22 08:39:00.164346500,0.040346500,0
'2026-08-22 08:39:00.164349900,0.040349900,1
'2026-08-22 08:39:00.164350000,0.040350000,0
'2026-08-22 08:39:00.164350500,0.040350500,1
'2026-08-22 08:39:00.164350600,0.040350600,0
'2026-08-22 08:39:00.164353800,0.040353800,1
'2026-08-22 08:39:00.164353900,0.040353900,0
'2026-08-22 08:39:00.164357900,0.040357900,1
'2026-08-22 08:39:00.164372400,0.040372400,0
'2026-08-22 08:39:00.164372600,0.040372600,1
'2026-08-22 08:39:00.164372800,0.040372800,0
'2026-08-22 08:39:00.164384000,0.040384000,1
'2026-08-22 08:39:00.164398500,0.040398500,0
'2026-08-22 08:39:00.164399500,0.040399500,1
'2026-08-22 08:39:00.164399600,0.040399600,0
'2026-08-22 08:39:00.164403500,0.040403500,1
'2026-08-22 08:39:00.164403600,0.040403600,0
'2026-08-22 08:39:00.164410000,0.040410000,1
'2026-08-22 08:39:00.164424400,0.040424400,0
'2026-08-22 08:39:00.164436100,0.040436100,1
'2026-08-22 08:39:00.164450700,0.040450700,0
'2026-08-22 08:39:00.164452600,0.040452600,1
'2026-08-22 08:39:00.164452700,0.040452700,0
'2026-08-22 08:39:00.164461900,0.040461900,1
'2026-08-22 08:39:00.164462000,0.040462000,0
'2026-08-22 08:39:00.164462100,0.040462100,1
'2026-08-22 08:39:00.164476700,0.040476700,0
'2026-08-22 08:39:00.164484100,0.040484100,1
'2026-08-22 08:39:00.164484200,0.040484200,0
'2026-08-22 08:39:00.164488200,0.040488200,1
'2026-08-22 08:39:00.164503000,0.040503000,0
'2026-08-22 08:39:00.164503300,0.040503300,1
'2026-08-22 08:39:00.164503500,0.040503500,0
'2026-08-22 08:39:00.164504000,0.040504000,1
'2026-08-22 08:39:00.164504100,0.040504100,0
'2026-08-22 08:39:00.164508900,0.040508900,1
'2026-08-22 08:39:00.165726100,0.041726100,0
'2026-08-22 08:39:00.165737900,0.041737900,1
'2026-08-22 08:39:00.165752300,0.041752300,0
'2026-08-22 08:39:00.165764000,0.041764000,1
'2026-08-22 08:39:00.165778400,0.041778400,0
'2026-08-22 08:39:00.165790000,0.041790000,1
'2026-08-22 08:39:00.165804300,0.041804300,0
'2026-08-22 08:39:00.165816100,0.041816100,1
'2026-08-22 08:39:00.165830500,0.041830500,0
'2026-08-22 08:39:00.165842100,0.041842100,1
'2026-08-22 08:39:00.165856400,0.041856400,0
'2026-08-22 08:39:00.165868200,0.041868200,1
'2026-08-22 08:39:00.165882600,0.041882600,0
'2026-08-22 08:39:00.165894200,0.041894200,1
'2026-08-22 08:39:00.165908800,0.041908800,0
'2026-08-22 08:39:00.165909200,0.041909200,1
'2026-08-22 08:39:00.165909300,0.041909300,0
'2026-08-22 08:39:00.165912300,0.041912300,1
'2026-08-22 08:39:00.165912400,0.041912400,0
'2026-08-22 08:39:00.165920300,0.041920300,1
'2026-08-22 08:39:00.165934600,0.041934600,0
'2026-08-22 08:39:00.165938400,0.041938400,1
'2026-08-22 08:39:00.165938500,0.041938500,0
'2026-08-22 08:39:00.165946300,0.041946300,1
'2026-08-22 08:39:00.165960800,0.041960800,0
'2026-08-22 08:39:00.165968100,0.041968100,1
'2026-08-22 08:39:00.165968200,0.041968200,0
'2026-08-22 08:39:00.165972300,0.041972300,1
'2026-08-22 08:39:00.165986800,0.041986800,0
'2026-08-22 08:39:00.165998400,0.041998400,1
'2026-08-22 08:39:00.166012900,0.042012900,0
'2026-08-22 08:39:00.166013200,0.042013200,1
'2026-08-22 08:39:00.166013300,0.042013300,0
'2026-08-22 08:39:00.166024400,0.042024400,1
'2026-08-22 08:39:00.166039000,0.042039000,0
'2026-08-22 08:39:00.166050500,0.042050500,1
'2026-08-22 08:39:00.166064900,0.042064900,0
'2026-08-22 08:39:00.166065000,0.042065000,1
'2026-08-22 08:39:00.166065200,0.042065200,0
'2026-08-22 08:39:00.166072700,0.042072700,1
'2026-08-22 08:39:00.166072800,0.042072800,0
'2026-08-22 08:39:00.166076500,0.042076500,1
'2026-08-22 08:39:00.166091000,0.042091000,0
'2026-08-22 08:39:00.166092600,0.042092600,1
'2026-08-22 08:39:00.166092700,0.042092700,0
'2026-08-22 08:39:00.166102600,0.042102600,1
'2026-08-22 08:39:00.166117000,0.042117000,0
'2026-08-22 08:39:00.166117100,0.042117100,1
'2026-08-22 08:39:00.166117200,0.042117200,0
'2026-08-22 08:39:00.166122700,0.042122700,1
'2026-08-22 08:39:00.166122800,0.042122800,0
'2026-08-22 08:39:00.166128600,0.042128600,1
'2026-08-22 08:39:00.166541800,0.042541800,0
'2026-08-22 08:39:00.166543300,0.042543300,1
'2026-08-22 08:39:00.166543400,0.042543400,0
'2026-08-22 08:39:00.166545200,0.042545200,1
'2026-08-22 08:39:00.166559400,0.042559400,0
'2026-08-22 08:39:00.166571200,0.042571200,1
'2026-08-22 08:39:00.166585600,0.042585600,0
'2026-08-22 08:39:00.166585700,0.042585700,1
'2026-08-22 08:39:00.166585800,0.042585800,0
'2026-08-22 08:39:00.166597300,0.042597300,1
'2026-08-22 08:39:00.166611700,0.042611700,0
'2026-08-22 08:39:00.166623300,0.042623300,1
'2026-08-22 08:39:00.166637700,0.042637700,0
'2026-08-22 08:39:00.166637900,0.042637900,1
'2026-08-22 08:39:00.166638000,0.042638000,0
'2026-08-22 08:39:00.166649400,0.042649400,1
'2026-08-22 08:39:00.166663800,0.042663800,0
'2026-08-22 08:39:00.166664000,0.042664000,1
'2026-08-22 08:39:00.166664100,0.042664100,0
'2026-08-22 08:39:00.166675400,0.042675400,1
'2026-08-22 08:39:00.166689900,0.042689900,0
'2026-08-22 08:39:00.166701500,0.042701500,1
'2026-08-22 08:39:00.166715800,0.042715800,0
'2026-08-22 08:39:00.166727500,0.042727500,1
'2026-08-22 08:39:00.166741900,0.042741900,0
'2026-08-22 08:39:00.166753500,0.042753500,1
'2026-08-22 08:39:00.166768200,0.042768200,0
'2026-08-22 08:39:00.166776700,0.042776700,1
'2026-08-22 08:39:00.166776800,0.042776800,0
'2026-08-22 08:39:00.166779600,0.042779600,1
'2026-08-22 08:39:00.166794000,0.042794000,0
'2026-08-22 08:39:00.166794300,0.042794300,1
'2026-08-22 08:39:00.166794400,0.042794400,0
'2026-08-22 08:39:00.166805600,0.042805600,1
'2026-08-22 08:39:00.166820100,0.042820100,0
'2026-08-22 08:39:00.166822300,0.042822300,1
'2026-08-22 08:39:00.166822400,0.042822400,0
'2026-08-22 08:39:00.166831700,0.042831700,1
'2026-08-22 08:39:00.166846200,0.042846200,0
'2026-08-22 08:39:00.166857700,0.042857700,1
'2026-08-22 08:39:00.166872200,0.042872200,0
'2026-08-22 08:39:00.166883800,0.042883800,1
'2026-08-22 08:39:00.166898300,0.042898300,0
'2026-08-22 08:39:00.166903500,0.042903500,1
'2026-08-22 08:39:00.166903600,0.042903600,0
'2026-08-22 08:39:00.166909800,0.042909800,1
'2026-08-22 08:39:00.166924400,0.042924400,0
'2026-08-22 08:39:00.166924500,0.042924500,1
'2026-08-22 08:39:00.166924600,0.042924600,0
'2026-08-22 08:39:00.166935900,0.042935900,1
'2026-08-22 08:39:00.166950400,0.042950400,0
'2026-08-22 08:39:00.166950800,0.042950800,1
'2026-08-22 08:39:00.167366800,0.043366800,0
'2026-08-22 08:39:00.167378500,0.043378500,1
'2026-08-22 08:39:00.167392700,0.043392700,0
'2026-08-22 08:39:00.167404500,0.043404500,1
'2026-08-22 08:39:00.167418900,0.043418900,0
'2026-08-22 08:39:00.167419100,0.043419100,1
'2026-08-22 08:39:00.167419200,0.043419200,0
'2026-08-22 08:39:00.167419900,0.043419900,1
'2026-08-22 08:39:00.167420000,0.043420000,0
'2026-08-22 08:39:00.167430600,0.043430600,1
'2026-08-22 08:39:00.167445000,0.043445000,0
'2026-08-22 08:39:00.167451600,0.043451600,1
'2026-08-22 08:39:00.167451700,0.043451700,0
'2026-08-22 08:39:00.167456600,0.043456600,1
'2026-08-22 08:39:00.167471200,0.043471200,0
'2026-08-22 08:39:00.167482600,0.043482600,1
'2026-08-22 08:39:00.167497000,0.043497000,0
'2026-08-22 08:39:00.167497300,0.043497300,1
'2026-08-22 08:39:00.167497400,0.043497400,0
'2026-08-22 08:39:00.167498500,0.043498500,1
'2026-08-22 08:39:00.167498600,0.043498600,0
'2026-08-22 08:39:00.167504400,0.043504400,1
'2026-08-22 08:39:00.167504500,0.043504500,0
'2026-08-22 08:39:00.167508700,0.043508700,1
'2026-08-22 08:39:00.167523100,0.043523100,0
'2026-08-22 08:39:00.167527700,0.043527700,1
'2026-08-22 08:39:00.167527800,0.043527800,0
'2026-08-22 08:39:00.167534700,0.043534700,1
'2026-08-22 08:39:00.167549200,0.043549200,0
'2026-08-22 08:39:00.167549300,0.043549300,1
'2026-08-22 08:39:00.167549400,0.043549400,0
'2026-08-22 08:39:00.167560800,0.043560800,1
'2026-08-22 08:39:00.167575200,0.043575200,0
'2026-08-22 08:39:00.167586800,0.043586800,1
'2026-08-22 08:39:00.167601400,0.043601400,0
'2026-08-22 08:39:00.167612900,0.043612900,1
'2026-08-22 08:39:00.167627300,0.043627300,0
'2026-08-22 08:39:00.167638900,0.043638900,1
'2026-08-22 08:39:00.167653300,0.043653300,0
'2026-08-22 08:39:00.167665000,0.043665000,1
'2026-08-22 08:39:00.167679400,0.043679400,0
'2026-08-22 08:39:00.167679600,0.043679600,1
'2026-08-22 08:39:00.167679700,0.043679700,0
'2026-08-22 08:39:00.167680100,0.043680100,1
'2026-08-22 08:39:00.167680200,0.043680200,0
'2026-08-22 08:39:00.167689500,0.043689500,1
'2026-08-22 08:39:00.167689600,0.043689600,0
'2026-08-22 08:39:00.167691000,0.043691000,1
'2026-08-22 08:39:00.167705400,0.043705400,0
'2026-08-22 08:39:00.167706300,0.043706300,1
'2026-08-22 08:39:00.167706400,0.043706400,0
'2026-08-22 08:39:00.167717100,0.043717100,1
'2026-08-22 08:39:00.167731700,0.043731700,0
'2026-08-22 08:39:00.167732100,0.043732100,1
'2026-08-22 08:39:00.167732200,0.043732200,0
'2026-08-22 08:39:00.167741300,0.043741300,1
'2026-08-22 08:39:00.167741400,0.043741400,0
'2026-08-22 08:39:00.167741500,0.043741500,1
'2026-08-22 08:39:00.167741600,0.043741600,0
'2026-08-22 08:39:00.167743100,0.043743100,1
'2026-08-22 08:39:00.167757500,0.043757500,0
'2026-08-22 08:39:00.167759900,0.043759900,1
'2026-08-22 08:39:00.167760000,0.043760000,0
'2026-08-22 08:39:00.167760700,0.043760700,1
'2026-08-22 08:39:00.167760800,0.043760800,0
'2026-08-22 08:39:00.167769100,0.043769100,1
'2026-08-22 08:39:00.168200000,0.044200000,0
'2026-08-22 08:39:00.168211800,0.044211800,1
'2026-08-22 08:39:00.168226100,0.044226100,0
'2026-08-22 08:39:00.168237800,0.044237800,1
'2026-08-22 08:39:00.168252100,0.044252100,0
'2026-08-22 08:39:00.168263200,0.044263200,1
'2026-08-22 08:39:00.168263300,0.044263300,0
'2026-08-22 08:39:00.168263800,0.044263800,1
'2026-08-22 08:39:00.168278200,0.044278200,0
'2026-08-22 08:39:00.168289900,0.044289900,1
'2026-08-22 08:39:00.168304300,0.044304300,0
'2026-08-22 08:39:00.168315900,0.044315900,1
'2026-08-22 08:39:00.168330200,0.044330200,0
'2026-08-22 08:39:00.168342000,0.044342000,1
'2026-08-22 08:39:00.168356400,0.044356400,0
'2026-08-22 08:39:00.168368000,0.044368000,1
'2026-08-22 08:39:00.168382500,0.044382500,0
'2026-08-22 08:39:00.168384300,0.044384300,1
'2026-08-22 08:39:00.168384400,0.044384400,0
'2026-08-22 08:39:00.168394100,0.044394100,1
'2026-08-22 08:39:00.168408500,0.044408500,0
'2026-08-22 08:39:00.168413400,0.044413400,1
'2026-08-22 08:39:00.168413500,0.044413500,0
'2026-08-22 08:39:00.168420100,0.044420100,1
'2026-08-22 08:39:00.168434600,0.044434600,0
'2026-08-22 08:39:00.168446200,0.044446200,1
'2026-08-22 08:39:00.168460600,0.044460600,0
'2026-08-22 08:39:00.168472200,0.044472200,1
'2026-08-22 08:39:00.168486600,0.044486600,0
'2026-08-22 08:39:00.168498300,0.044498300,1
'2026-08-22 08:39:00.168512800,0.044512800,0
'2026-08-22 08:39:00.168513200,0.044513200,1
'2026-08-22 08:39:00.168513300,0.044513300,0
'2026-08-22 08:39:00.168515500,0.044515500,1
'2026-08-22 08:39:00.168515600,0.044515600,0
'2026-08-22 08:39:00.168524300,0.044524300,1
'2026-08-22 08:39:00.168538700,0.044538700,0
'2026-08-22 08:39:00.168538900,0.044538900,1
'2026-08-22 08:39:00.168539000,0.044539000,0
'2026-08-22 08:39:00.168550400,0.044550400,1
'2026-08-22 08:39:00.168564800,0.044564800,0
'2026-08-22 08:39:00.168565700,0.044565700,1
'2026-08-22 08:39:00.168565800,0.044565800,0
'2026-08-22 08:39:00.168572700,0.044572700,1
'2026-08-22 08:39:00.168572800,0.044572800,0
'2026-08-22 08:39:00.168574200,0.044574200,1
'2026-08-22 08:39:00.168574300,0.044574300,0
'2026-08-22 08:39:00.168576400,0.044576400,1
'2026-08-22 08:39:00.168590700,0.044590700,0
'2026-08-22 08:39:00.168590800,0.044590800,1
'2026-08-22 08:39:00.168590900,0.044590900,0
'2026-08-22 08:39:00.168591900,0.044591900,1
'2026-08-22 08:39:00.168592000,0.044592000,0
'2026-08-22 08:39:00.168593700,0.044593700,1
'2026-08-22 08:39:00.168593800,0.044593800,0
'2026-08-22 08:39:00.168594300,0.044594300,1
'2026-08-22 08:39:00.168594400,0.044594400,0
'2026-08-22 08:39:00.168595200,0.044595200,1
'2026-08-22 08:39:00.169016000,0.045016000,0
'2026-08-22 08:39:00.169018300,0.045018300,1
'2026-08-22 08:39:00.169018400,0.045018400,0
'2026-08-22 08:39:00.169019000,0.045019000,1
'2026-08-22 08:39:00.169033200,0.045033200,0
'2026-08-22 08:39:00.169045000,0.045045000,1
'2026-08-22 08:39:00.169059400,0.045059400,0
'2026-08-22 08:39:00.169071100,0.045071100,1
'2026-08-22 08:39:00.169085400,0.045085400,0
'2026-08-22 08:39:00.169097100,0.045097100,1
'2026-08-22 08:39:00.169111600,0.045111600,0
'2026-08-22 08:39:00.169123200,0.045123200,1
'2026-08-22 08:39:00.169137500,0.045137500,0
'2026-08-22 08:39:00.169149200,0.045149200,1
'2026-08-22 08:39:00.169163700,0.045163700,0
'2026-08-22 08:39:00.169164100,0.045164100,1
'2026-08-22 08:39:00.169164200,0.045164200,0
'2026-08-22 08:39:00.169175300,0.045175300,1
'2026-08-22 08:39:00.169189600,0.045189600,0
'2026-08-22 08:39:00.169201300,0.045201300,1
'2026-08-22 08:39:00.169215700,0.045215700,0
'2026-08-22 08:39:00.169227300,0.045227300,1
'2026-08-22 08:39:00.169241900,0.045241900,0
'2026-08-22 08:39:00.169253400,0.045253400,1
'2026-08-22 08:39:00.169267700,0.045267700,0
'2026-08-22 08:39:00.169272700,0.045272700,1
'2026-08-22 08:39:00.169272800,0.045272800,0
'2026-08-22 08:39:00.169279400,0.045279400,1
'2026-08-22 08:39:00.169293800,0.045293800,0
'2026-08-22 08:39:00.169305500,0.045305500,1
'2026-08-22 08:39:00.169320100,0.045320100,0
'2026-08-22 08:39:00.169322300,0.045322300,1
'2026-08-22 08:39:00.169322400,0.045322400,0
'2026-08-22 08:39:00.169331500,0.045331500,1
'2026-08-22 08:39:00.169345900,0.045345900,0
'2026-08-22 08:39:00.169346300,0.045346300,1
'2026-08-22 08:39:00.169346400,0.045346400,0
'2026-08-22 08:39:00.169357600,0.045357600,1
'2026-08-22 08:39:00.169372100,0.045372100,0
'2026-08-22 08:39:00.169372300,0.045372300,1
'2026-08-22 08:39:00.169372400,0.045372400,0
'2026-08-22 08:39:00.169372700,0.045372700,1
'2026-08-22 08:39:00.169372800,0.045372800,0
'2026-08-22 08:39:00.169377100,0.045377100,1
'2026-08-22 08:39:00.169377200,0.045377200,0
'2026-08-22 08:39:00.169379500,0.045379500,1
'2026-08-22 08:39:00.169379600,0.045379600,0
'2026-08-22 08:39:00.169380200,0.045380200,1
'2026-08-22 08:39:00.169380300,0.045380300,0
'2026-08-22 08:39:00.169383600,0.045383600,1
'2026-08-22 08:39:00.169398100,0.045398100,0
'2026-08-22 08:39:00.169409700,0.045409700,1
'2026-08-22 08:39:00.169424300,0.045424300,0
'2026-08-22 08:39:00.169424500,0.045424500,1
'2026-08-22 08:39:00.169424600,0.045424600,0
'2026-08-22 08:39:00.169425000,0.045425000,1
'2026-08-22 08:39:00.169840500,0.045840500,0
'2026-08-22 08:39:00.169852300,0.045852300,1
'2026-08-22 08:39:00.169866600,0.045866600,0
'2026-08-22 08:39:00.169878300,0.045878300,1
'2026-08-22 08:39:00.169892700,0.045892700,0
'2026-08-22 08:39:00.169904300,0.045904300,1
'2026-08-22 08:39:00.169918600,0.045918600,0
'2026-08-22 08:39:00.169930400,0.045930400,1
'2026-08-22 08:39:00.169944800,0.045944800,0
'2026-08-22 08:39:00.169947700,0.045947700,1
'2026-08-22 08:39:00.169947800,0.045947800,0
'2026-08-22 08:39:00.169956400,0.045956400,1
'2026-08-22 08:39:00.169970800,0.045970800,0
'2026-08-22 08:39:00.169982500,0.045982500,1
'2026-08-22 08:39:00.169996900,0.045996900,0
'2026-08-22 08:39:00.169997200,0.045997200,1
'2026-08-22 08:39:00.169997300,0.045997300,0
'2026-08-22 08:39:00.170008500,0.046008500,1
'2026-08-22 08:39:00.170023100,0.046023100,0
'2026-08-22 08:39:00.170034600,0.046034600,1
'2026-08-22 08:39:00.170048900,0.046048900,0
'2026-08-22 08:39:00.170060600,0.046060600,1
'2026-08-22 08:39:00.170075100,0.046075100,0
'2026-08-22 08:39:00.170083800,0.046083800,1
'2026-08-22 08:39:00.170083900,0.046083900,0
'2026-08-22 08:39:00.170086700,0.046086700,1
'2026-08-22 08:39:00.170101000,0.046101000,0
'2026-08-22 08:39:00.170101300,0.046101300,1
'2026-08-22 08:39:00.170101400,0.046101400,0
'2026-08-22 08:39:00.170104300,0.046104300,1
'2026-08-22 08:39:00.170104400,0.046104400,0
'2026-08-22 08:39:00.170112700,0.046112700,1
'2026-08-22 08:39:00.170127200,0.046127200,0
'2026-08-22 08:39:00.170129700,0.046129700,1
'2026-08-22 08:39:00.170129800,0.046129800,0
'2026-08-22 08:39:00.170138800,0.046138800,1
'2026-08-22 08:39:00.170153000,0.046153000,0
'2026-08-22 08:39:00.170153100,0.046153100,1
'2026-08-22 08:39:00.170153300,0.046153300,0
'2026-08-22 08:39:00.170164800,0.046164800,1
'2026-08-22 08:39:00.170179200,0.046179200,0
'2026-08-22 08:39:00.170179500,0.046179500,1
'2026-08-22 08:39:00.170179600,0.046179600,0
'2026-08-22 08:39:00.170189000,0.046189000,1
'2026-08-22 08:39:00.170189100,0.046189100,0
'2026-08-22 08:39:00.170190800,0.046190800,1
'2026-08-22 08:39:00.170205400,0.046205400,0
'2026-08-22 08:39:00.170216900,0.046216900,1
'2026-08-22 08:39:00.170231200,0.046231200,0
'2026-08-22 08:39:00.170231300,0.046231300,1
'2026-08-22 08:39:00.170231400,0.046231400,0
'2026-08-22 08:39:00.170236100,0.046236100,1
'2026-08-22 08:39:00.170236200,0.046236200,0
'2026-08-22 08:39:00.170242900,0.046242900,1
'2026-08-22 08:39:00.171457100,0.047457100,0
'2026-08-22 08:39:00.171466600,0.047466600,1
'2026-08-22 08:39:00.171480900,0.047480900,0
'2026-08-22 08:39:00.171492600,0.047492600,1
'2026-08-22 08:39:00.171506900,0.047506900,0
'2026-08-22 08:39:00.171518700,0.047518700,1
'2026-08-22 08:39:00.171533000,0.047533000,0
'2026-08-22 08:39:00.171544700,0.047544700,1
'2026-08-22 08:39:00.171559200,0.047559200,0
'2026-08-22 08:39:00.171570800,0.047570800,1
'2026-08-22 08:39:00.171585100,0.047585100,0
'2026-08-22 08:39:00.171596800,0.047596800,1
'2026-08-22 08:39:00.171611200,0.047611200,0
'2026-08-22 08:39:00.171614600,0.047614600,1
'2026-08-22 08:39:00.171614700,0.047614700,0
'2026-08-22 08:39:00.171622700,0.047622700,1
'2026-08-22 08:39:00.171622800,0.047622800,0
'2026-08-22 08:39:00.171622900,0.047622900,1
'2026-08-22 08:39:00.171637100,0.047637100,0
'2026-08-22 08:39:00.171648900,0.047648900,1
'2026-08-22 08:39:00.171663300,0.047663300,0
'2026-08-22 08:39:00.171675000,0.047675000,1
'2026-08-22 08:39:00.171689400,0.047689400,0
'2026-08-22 08:39:00.171701000,0.047701000,1
'2026-08-22 08:39:00.171715300,0.047715300,0
'2026-08-22 08:39:00.171727100,0.047727100,1
'2026-08-22 08:39:00.171741500,0.047741500,0
'2026-08-22 08:39:00.171753100,0.047753100,1
'2026-08-22 08:39:00.171767400,0.047767400,0
'2026-08-22 08:39:00.171767500,0.047767500,1
'2026-08-22 08:39:00.171767600,0.047767600,0
'2026-08-22 08:39:00.171779200,0.047779200,1
'2026-08-22 08:39:00.171793600,0.047793600,0
'2026-08-22 08:39:00.171805200,0.047805200,1
'2026-08-22 08:39:00.171819600,0.047819600,0
'2026-08-22 08:39:00.171820100,0.047820100,1
'2026-08-22 08:39:00.171820200,0.047820200,0
'2026-08-22 08:39:00.171822300,0.047822300,1
'2026-08-22 08:39:00.171822400,0.047822400,0
'2026-08-22 08:39:00.171824600,0.047824600,1
'2026-08-22 08:39:00.171824700,0.047824700,0
'2026-08-22 08:39:00.171831300,0.047831300,1
'2026-08-22 08:39:00.171845800,0.047845800,0
'2026-08-22 08:39:00.171852700,0.047852700,1
'2026-08-22 08:39:00.171852800,0.047852800,0
'2026-08-22 08:39:00.171857300,0.047857300,1
'2026-08-22 08:39:00.173069300,0.049069300,0
'2026-08-22 08:39:00.173081000,0.049081000,1
'2026-08-22 08:39:00.173095300,0.049095300,0
'2026-08-22 08:39:00.173107100,0.049107100,1
'2026-08-22 08:39:00.173121400,0.049121400,0
'2026-08-22 08:39:00.173133100,0.049133100,1
'2026-08-22 08:39:00.173147400,0.049147400,0
'2026-08-22 08:39:00.173158400,0.049158400,1
'2026-08-22 08:39:00.173158500,0.049158500,0
'2026-08-22 08:39:00.173159200,0.049159200,1
'2026-08-22 08:39:00.173173400,0.049173400,0
'2026-08-22 08:39:00.173185200,0.049185200,1
'2026-08-22 08:39:00.173199600,0.049199600,0
'2026-08-22 08:39:00.173211200,0.049211200,1
'2026-08-22 08:39:00.173225600,0.049225600,0
'2026-08-22 08:39:00.173237300,0.049237300,1
'2026-08-22 08:39:00.173251700,0.049251700,0
'2026-08-22 08:39:00.173263300,0.049263300,1
'2026-08-22 08:39:00.173277700,0.049277700,0
'2026-08-22 08:39:00.173289400,0.049289400,1
'2026-08-22 08:39:00.173303900,0.049303900,0
'2026-08-22 08:39:00.173315400,0.049315400,1
'2026-08-22 08:39:00.173329800,0.049329800,0
'2026-08-22 08:39:00.173330100,0.049330100,1
'2026-08-22 08:39:00.173330200,0.049330200,0
'2026-08-22 08:39:00.173341500,0.049341500,1
'2026-08-22 08:39:00.173355900,0.049355900,0
'2026-08-22 08:39:00.173367500,0.049367500,1
'2026-08-22 08:39:00.173382100,0.049382100,0
'2026-08-22 08:39:00.173393600,0.049393600,1
'2026-08-22 08:39:00.173408000,0.049408000,0
'2026-08-22 08:39:00.173412400,0.049412400,1
'2026-08-22 08:39:00.173412500,0.049412500,0
'2026-08-22 08:39:00.173419600,0.049419600,1
'2026-08-22 08:39:00.173434100,0.049434100,0
'2026-08-22 08:39:00.173445700,0.049445700,1
'2026-08-22 08:39:00.173460000,0.049460000,0
'2026-08-22 08:39:00.173463200,0.049463200,1
'2026-08-22 08:39:00.173463300,0.049463300,0
'2026-08-22 08:39:00.173471700,0.049471700,1
'2026-08-22 08:39:00.174688200,0.050688200,0
'2026-08-22 08:39:00.174695400,0.050695400,1
'2026-08-22 08:39:00.174709800,0.050709800,0
'2026-08-22 08:39:00.174721500,0.050721500,1
'2026-08-22 08:39:00.174735700,0.050735700,0
'2026-08-22 08:39:00.174745900,0.050745900,1
'2026-08-22 08:39:00.174746000,0.050746000,0
'2026-08-22 08:39:00.174747500,0.050747500,1
'2026-08-22 08:39:00.174761800,0.050761800,0
'2026-08-22 08:39:00.174773600,0.050773600,1
'2026-08-22 08:39:00.174787800,0.050787800,0
'2026-08-22 08:39:00.174799600,0.050799600,1
'2026-08-22 08:39:00.174813800,0.050813800,0
'2026-08-22 08:39:00.174825700,0.050825700,1
'2026-08-22 08:39:00.174840000,0.050840000,0
'2026-08-22 08:39:00.174851700,0.050851700,1
'2026-08-22 08:39:00.174866000,0.050866000,0
'2026-08-22 08:39:00.174877800,0.050877800,1
'2026-08-22 08:39:00.174892100,0.050892100,0
'2026-08-22 08:39:00.174903800,0.050903800,1
'2026-08-22 08:39:00.174918200,0.050918200,0
'2026-08-22 08:39:00.174929900,0.050929900,1
'2026-08-22 08:39:00.174944200,0.050944200,0
'2026-08-22 08:39:00.174947300,0.050947300,1
'2026-08-22 08:39:00.174947400,0.050947400,0
'2026-08-22 08:39:00.174954000,0.050954000,1
'2026-08-22 08:39:00.174954100,0.050954100,0
'2026-08-22 08:39:00.174955900,0.050955900,1
'2026-08-22 08:39:00.174970200,0.050970200,0
'2026-08-22 08:39:00.174981900,0.050981900,1
'2026-08-22 08:39:00.174996200,0.050996200,0
'2026-08-22 08:39:00.175008000,0.051008000,1
'2026-08-22 08:39:00.175022400,0.051022400,0
'2026-08-22 08:39:00.175034000,0.051034000,1
'2026-08-22 08:39:00.175048500,0.051048500,0
'2026-08-22 08:39:00.175050800,0.051050800,1
'2026-08-22 08:39:00.175050900,0.051050900,0
'2026-08-22 08:39:00.175060100,0.051060100,1
'2026-08-22 08:39:00.175074400,0.051074400,0
'2026-08-22 08:39:00.175074500,0.051074500,1
'2026-08-22 08:39:00.175074600,0.051074600,0
'2026-08-22 08:39:00.175086100,0.051086100,1
'2026-08-22 08:39:00.176307700,0.052307700,0
'2026-08-22 08:39:00.176309900,0.052309900,1
'2026-08-22 08:39:00.176324100,0.052324100,0
'2026-08-22 08:39:00.176335900,0.052335900,1
'2026-08-22 08:39:00.176350200,0.052350200,0
'2026-08-22 08:39:00.176362000,0.052362000,1
'2026-08-22 08:39:00.176376300,0.052376300,0
'2026-08-22 08:39:00.176388000,0.052388000,1
'2026-08-22 08:39:00.176402200,0.052402200,0
'2026-08-22 08:39:00.176414100,0.052414100,1
'2026-08-22 08:39:00.176428500,0.052428500,0
'2026-08-22 08:39:00.176440100,0.052440100,1
'2026-08-22 08:39:00.176454400,0.052454400,0
'2026-08-22 08:39:00.176466200,0.052466200,1
'2026-08-22 08:39:00.176480500,0.052480500,0
'2026-08-22 08:39:00.176492200,0.052492200,1
'2026-08-22 08:39:00.176506600,0.052506600,0
'2026-08-22 08:39:00.176518300,0.052518300,1
'2026-08-22 08:39:00.176532600,0.052532600,0
'2026-08-22 08:39:00.176544300,0.052544300,1
'2026-08-22 08:39:00.176558700,0.052558700,0
'2026-08-22 08:39:00.176570400,0.052570400,1
'2026-08-22 08:39:00.176584800,0.052584800,0
'2026-08-22 08:39:00.176596400,0.052596400,1
'2026-08-22 08:39:00.176610800,0.052610800,0
'2026-08-22 08:39:00.176622400,0.052622400,1
'2026-08-22 08:39:00.176636800,0.052636800,0
'2026-08-22 08:39:00.176648500,0.052648500,1
'2026-08-22 08:39:00.176662800,0.052662800,0
'2026-08-22 08:39:00.176664700,0.052664700,1
'2026-08-22 08:39:00.176664800,0.052664800,0
'2026-08-22 08:39:00.176674500,0.052674500,1
'2026-08-22 08:39:00.176689000,0.052689000,0
'2026-08-22 08:39:00.176689100,0.052689100,1
'2026-08-22 08:39:00.176689200,0.052689200,0
'2026-08-22 08:39:00.176689300,0.052689300,1
'2026-08-22 08:39:00.176689400,0.052689400,0
'2026-08-22 08:39:00.176689700,0.052689700,1
'2026-08-22 08:39:00.176689800,0.052689800,0
'2026-08-22 08:39:00.176699200,0.052699200,1
'2026-08-22 08:39:00.176699300,0.052699300,0
'2026-08-22 08:39:00.176700600,0.052700600,1
'2026-08-22 08:39:00.176715100,0.052715100,0
'2026-08-22 08:39:00.176715500,0.052715500,1
'2026-08-22 08:39:00.176715600,0.052715600,0
'2026-08-22 08:39:00.176716700,0.052716700,1
'2026-08-22 08:39:00.177919400,0.053919400,0
'2026-08-22 08:39:00.177924300,0.053924300,1
'2026-08-22 08:39:00.177938600,0.053938600,0
'2026-08-22 08:39:00.177950400,0.053950400,1
'2026-08-22 08:39:00.177964600,0.053964600,0
'2026-08-22 08:39:00.177976400,0.053976400,1
'2026-08-22 08:39:00.177990700,0.053990700,0
'2026-08-22 08:39:00.178002500,0.054002500,1
'2026-08-22 08:39:00.178016900,0.054016900,0
'2026-08-22 08:39:00.178028500,0.054028500,1
'2026-08-22 08:39:00.178042800,0.054042800,0
'2026-08-22 08:39:00.178054600,0.054054600,1
'2026-08-22 08:39:00.178068900,0.054068900,0
'2026-08-22 08:39:00.178080600,0.054080600,1
'2026-08-22 08:39:00.178095000,0.054095000,0
'2026-08-22 08:39:00.178106700,0.054106700,1
'2026-08-22 08:39:00.178121000,0.054121000,0
'2026-08-22 08:39:00.178132700,0.054132700,1
'2026-08-22 08:39:00.178147100,0.054147100,0
'2026-08-22 08:39:00.178156200,0.054156200,1
'2026-08-22 08:39:00.178156300,0.054156300,0
'2026-08-22 08:39:00.178158800,0.054158800,1
'2026-08-22 08:39:00.178173000,0.054173000,0
'2026-08-22 08:39:00.178176700,0.054176700,1
'2026-08-22 08:39:00.178176800,0.054176800,0
'2026-08-22 08:39:00.178184800,0.054184800,1
'2026-08-22 08:39:00.178199200,0.054199200,0
'2026-08-22 08:39:00.178204200,0.054204200,1
'2026-08-22 08:39:00.178204300,0.054204300,0
'2026-08-22 08:39:00.178210900,0.054210900,1
'2026-08-22 08:39:00.178225400,0.054225400,0
'2026-08-22 08:39:00.178227400,0.054227400,1
'2026-08-22 08:39:00.178227500,0.054227500,0
'2026-08-22 08:39:00.178236900,0.054236900,1
'2026-08-22 08:39:00.178251200,0.054251200,0
'2026-08-22 08:39:00.178256100,0.054256100,1
'2026-08-22 08:39:00.178256200,0.054256200,0
'2026-08-22 08:39:00.178262900,0.054262900,1
'2026-08-22 08:39:00.178277400,0.054277400,0
'2026-08-22 08:39:00.178286500,0.054286500,1
'2026-08-22 08:39:00.178286600,0.054286600,0
'2026-08-22 08:39:00.178288700,0.054288700,1
'2026-08-22 08:39:00.178288800,0.054288800,0
'2026-08-22 08:39:00.178289000,0.054289000,1
'2026-08-22 08:39:00.178303200,0.054303200,0
'2026-08-22 08:39:00.178303300,0.054303300,1
'2026-08-22 08:39:00.178303400,0.054303400,0
'2026-08-22 08:39:00.178315000,0.054315000,1
'2026-08-22 08:39:00.179553000,0.055553000,0
'2026-08-22 08:39:00.179564800,0.055564800,1
'2026-08-22 08:39:00.179579200,0.055579200,0
'2026-08-22 08:39:00.179590900,0.055590900,1
'2026-08-22 08:39:00.179605200,0.055605200,0
'2026-08-22 08:39:00.179616900,0.055616900,1
'2026-08-22 08:39:00.179631200,0.055631200,0
'2026-08-22 08:39:00.179643000,0.055643000,1
'2026-08-22 08:39:00.179657400,0.055657400,0
'2026-08-22 08:39:00.179669000,0.055669000,1
'2026-08-22 08:39:00.179683200,0.055683200,0
'2026-08-22 08:39:00.179695100,0.055695100,1
'2026-08-22 08:39:00.179709500,0.055709500,0
'2026-08-22 08:39:00.179721100,0.055721100,1
'2026-08-22 08:39:00.179735400,0.055735400,0
'2026-08-22 08:39:00.179739700,0.055739700,1
'2026-08-22 08:39:00.179739800,0.055739800,0
'2026-08-22 08:39:00.179746700,0.055746700,1
'2026-08-22 08:39:00.179746800,0.055746800,0
'2026-08-22 08:39:00.179747200,0.055747200,1
'2026-08-22 08:39:00.179761500,0.055761500,0
'2026-08-22 08:39:00.179761600,0.055761600,1
'2026-08-22 08:39:00.179761700,0.055761700,0
'2026-08-22 08:39:00.179773200,0.055773200,1
'2026-08-22 08:39:00.179787600,0.055787600,0
'2026-08-22 08:39:00.179799300,0.055799300,1
'2026-08-22 08:39:00.179813600,0.055813600,0
'2026-08-22 08:39:00.179814500,0.055814500,1
'2026-08-22 08:39:00.179814600,0.055814600,0
'2026-08-22 08:39:00.179825300,0.055825300,1
'2026-08-22 08:39:00.179839700,0.055839700,0
'2026-08-22 08:39:00.179851400,0.055851400,1
'2026-08-22 08:39:00.179865800,0.055865800,0
'2026-08-22 08:39:00.179865900,0.055865900,1
'2026-08-22 08:39:00.179866000,0.055866000,0
'2026-08-22 08:39:00.179871700,0.055871700,1
'2026-08-22 08:39:00.179871800,0.055871800,0
'2026-08-22 08:39:00.179877400,0.055877400,1
'2026-08-22 08:39:00.179891800,0.055891800,0
'2026-08-22 08:39:00.179903500,0.055903500,1
'2026-08-22 08:39:00.179917900,0.055917900,0
'2026-08-22 08:39:00.179929500,0.055929500,1
'2026-08-22 08:39:00.179943800,0.055943800,0
'2026-08-22 08:39:00.179948200,0.055948200,1
'2026-08-22 08:39:00.180361500,0.056361500,0
'2026-08-22 08:39:00.180361600,0.056361600,1
'2026-08-22 08:39:00.180361700,0.056361700,0
'2026-08-22 08:39:00.180372100,0.056372100,1
'2026-08-22 08:39:00.180386400,0.056386400,0
'2026-08-22 08:39:00.180398200,0.056398200,1
'2026-08-22 08:39:00.180412500,0.056412500,0
'2026-08-22 08:39:00.180424200,0.056424200,1
'2026-08-22 08:39:00.180438500,0.056438500,0
'2026-08-22 08:39:00.180438600,0.056438600,1
'2026-08-22 08:39:00.180438800,0.056438800,0
'2026-08-22 08:39:00.180450300,0.056450300,1
'2026-08-22 08:39:00.180464500,0.056464500,0
'2026-08-22 08:39:00.180470100,0.056470100,1
'2026-08-22 08:39:00.180470200,0.056470200,0
'2026-08-22 08:39:00.180476300,0.056476300,1
'2026-08-22 08:39:00.180490700,0.056490700,0
'2026-08-22 08:39:00.180502300,0.056502300,1
'2026-08-22 08:39:00.180516900,0.056516900,0
'2026-08-22 08:39:00.180522700,0.056522700,1
'2026-08-22 08:39:00.180522800,0.056522800,0
'2026-08-22 08:39:00.180524900,0.056524900,1
'2026-08-22 08:39:00.180525000,0.056525000,0
'2026-08-22 08:39:00.180528400,0.056528400,1
'2026-08-22 08:39:00.180542700,0.056542700,0
'2026-08-22 08:39:00.180547700,0.056547700,1
'2026-08-22 08:39:00.180547800,0.056547800,0
'2026-08-22 08:39:00.180554400,0.056554400,1
'2026-08-22 08:39:00.180568900,0.056568900,0
'2026-08-22 08:39:00.180580500,0.056580500,1
'2026-08-22 08:39:00.180594800,0.056594800,0
'2026-08-22 08:39:00.180597700,0.056597700,1
'2026-08-22 08:39:00.180597800,0.056597800,0
'2026-08-22 08:39:00.180606500,0.056606500,1
'2026-08-22 08:39:00.180621000,0.056621000,0
'2026-08-22 08:39:00.180632600,0.056632600,1
'2026-08-22 08:39:00.180647100,0.056647100,0
'2026-08-22 08:39:00.180650500,0.056650500,1
'2026-08-22 08:39:00.180650600,0.056650600,0
'2026-08-22 08:39:00.180658600,0.056658600,1
'2026-08-22 08:39:00.180673100,0.056673100,0
'2026-08-22 08:39:00.180673300,0.056673300,1
'2026-08-22 08:39:00.180673400,0.056673400,0
'2026-08-22 08:39:00.180684700,0.056684700,1
'2026-08-22 08:39:00.180699200,0.056699200,0
'2026-08-22 08:39:00.180699500,0.056699500,1
'2026-08-22 08:39:00.180699600,0.056699600,0
'2026-08-22 08:39:00.180700500,0.056700500,1
'2026-08-22 08:39:00.180700600,0.056700600,0
'2026-08-22 08:39:00.180710700,0.056710700,1
'2026-08-22 08:39:00.180725100,0.056725100,0
'2026-08-22 08:39:00.180725200,0.056725200,1
'2026-08-22 08:39:00.180725300,0.056725300,0
'2026-08-22 08:39:00.180736800,0.056736800,1
'2026-08-22 08:39:00.180751200,0.056751200,0
'2026-08-22 08:39:00.180751500,0.056751500,1
'2026-08-22 08:39:00.180751600,0.056751600,0
'2026-08-22 08:39:00.180762800,0.056762800,1
'2026-08-22 08:39:00.181193700,0.057193700,0
'2026-08-22 08:39:00.181205400,0.057205400,1
'2026-08-22 08:39:00.181219700,0.057219700,0
'2026-08-22 08:39:00.181222700,0.057222700,1
'2026-08-22 08:39:00.181222800,0.057222800,0
'2026-08-22 08:39:00.181231500,0.057231500,1
'2026-08-22 08:39:00.181245800,0.057245800,0
'2026-08-22 08:39:00.181245900,0.057245900,1
'2026-08-22 08:39:00.181246100,0.057246100,0
'2026-08-22 08:39:00.181247700,0.057247700,1
'2026-08-22 08:39:00.181247800,0.057247800,0
'2026-08-22 08:39:00.181257500,0.057257500,1
'2026-08-22 08:39:00.181271800,0.057271800,0
'2026-08-22 08:39:00.181272300,0.057272300,1
'2026-08-22 08:39:00.181272400,0.057272400,0
'2026-08-22 08:39:00.181283600,0.057283600,1
'2026-08-22 08:39:00.181297800,0.057297800,0
'2026-08-22 08:39:00.181297900,0.057297900,1
'2026-08-22 08:39:00.181298000,0.057298000,0
'2026-08-22 08:39:00.181299500,0.057299500,1
'2026-08-22 08:39:00.181299600,0.057299600,0
'2026-08-22 08:39:00.181309600,0.057309600,1
'2026-08-22 08:39:00.181323900,0.057323900,0
'2026-08-22 08:39:00.181335700,0.057335700,1
'2026-08-22 08:39:00.181350100,0.057350100,0
'2026-08-22 08:39:00.181354900,0.057354900,1
'2026-08-22 08:39:00.181355000,0.057355000,0
'2026-08-22 08:39:00.181361700,0.057361700,1
'2026-08-22 08:39:00.181376300,0.057376300,0
'2026-08-22 08:39:00.181387800,0.057387800,1
'2026-08-22 08:39:00.181402100,0.057402100,0
'2026-08-22 08:39:00.181413800,0.057413800,1
'2026-08-22 08:39:00.181428300,0.057428300,0
'2026-08-22 08:39:00.181439800,0.057439800,1
'2026-08-22 08:39:00.181454400,0.057454400,0
'2026-08-22 08:39:00.181465900,0.057465900,1
'2026-08-22 08:39:00.181480300,0.057480300,0
'2026-08-22 08:39:00.181491900,0.057491900,1
'2026-08-22 08:39:00.181506500,0.057506500,0
'2026-08-22 08:39:00.181506900,0.057506900,1
'2026-08-22 08:39:00.181507000,0.057507000,0
'2026-08-22 08:39:00.181507300,0.057507300,1
'2026-08-22 08:39:00.181507400,0.057507400,0
'2026-08-22 08:39:00.181513300,0.057513300,1
'2026-08-22 08:39:00.181513400,0.057513400,0
'2026-08-22 08:39:00.181516900,0.057516900,1
'2026-08-22 08:39:00.181517000,0.057517000,0
'2026-08-22 08:39:00.181518000,0.057518000,1
'2026-08-22 08:39:00.181532400,0.057532400,0
'2026-08-22 08:39:00.181544000,0.057544000,1
'2026-08-22 08:39:00.181558700,0.057558700,0
'2026-08-22 08:39:00.181558900,0.057558900,1
'2026-08-22 08:39:00.181559000,0.057559000,0
'2026-08-22 08:39:00.181566500,0.057566500,1
'2026-08-22 08:39:00.181566600,0.057566600,0
'2026-08-22 08:39:00.181570100,0.057570100,1
'2026-08-22 08:39:00.181584600,0.057584600,0
'2026-08-22 08:39:00.181588100,0.057588100,1
'2026-08-22 08:39:00.181588200,0.057588200,0
'2026-08-22 08:39:00.181590400,0.057590400,1
'2026-08-22 08:39:00.181590500,0.057590500,0
'2026-08-22 08:39:00.181592700,0.057592700,1
'2026-08-22 08:39:00.182027100,0.058027100,0
'2026-08-22 08:39:00.182038800,0.058038800,1
'2026-08-22 08:39:00.182053100,0.058053100,0
'2026-08-22 08:39:00.182064800,0.058064800,1
'2026-08-22 08:39:00.182079200,0.058079200,0
'2026-08-22 08:39:00.182090900,0.058090900,1
'2026-08-22 08:39:00.182105300,0.058105300,0
'2026-08-22 08:39:00.182116900,0.058116900,1
'2026-08-22 08:39:00.182131200,0.058131200,0
'2026-08-22 08:39:00.182143000,0.058143000,1
'2026-08-22 08:39:00.182157300,0.058157300,0
'2026-08-22 08:39:00.182169000,0.058169000,1
'2026-08-22 08:39:00.182183400,0.058183400,0
'2026-08-22 08:39:00.182195100,0.058195100,1
'2026-08-22 08:39:00.182209400,0.058209400,0
'2026-08-22 08:39:00.182221100,0.058221100,1
'2026-08-22 08:39:00.182235600,0.058235600,0
'2026-08-22 08:39:00.182244100,0.058244100,1
'2026-08-22 08:39:00.182244200,0.058244200,0
'2026-08-22 08:39:00.182247100,0.058247100,1
'2026-08-22 08:39:00.182261500,0.058261500,0
'2026-08-22 08:39:00.182261700,0.058261700,1
'2026-08-22 08:39:00.182261800,0.058261800,0
'2026-08-22 08:39:00.182272700,0.058272700,1
'2026-08-22 08:39:00.182272800,0.058272800,0
'2026-08-22 08:39:00.182273200,0.058273200,1
'2026-08-22 08:39:00.182287600,0.058287600,0
'2026-08-22 08:39:00.182299200,0.058299200,1
'2026-08-22 08:39:00.182313700,0.058313700,0
'2026-08-22 08:39:00.182325300,0.058325300,1
'2026-08-22 08:39:00.182339800,0.058339800,0
'2026-08-22 08:39:00.182339900,0.058339900,1
'2026-08-22 08:39:00.182340000,0.058340000,0
'2026-08-22 08:39:00.182351300,0.058351300,1
'2026-08-22 08:39:00.182365800,0.058365800,0
'2026-08-22 08:39:00.182367300,0.058367300,1
'2026-08-22 08:39:00.182367400,0.058367400,0
'2026-08-22 08:39:00.182377400,0.058377400,1
'2026-08-22 08:39:00.182392000,0.058392000,0
'2026-08-22 08:39:00.182394200,0.058394200,1
'2026-08-22 08:39:00.182394300,0.058394300,0
'2026-08-22 08:39:00.182397700,0.058397700,1
'2026-08-22 08:39:00.182397800,0.058397800,0
'2026-08-22 08:39:00.182403400,0.058403400,1
'2026-08-22 08:39:00.183625400,0.059625400,0
'2026-08-22 08:39:00.183627200,0.059627200,1
'2026-08-22 08:39:00.183641500,0.059641500,0
'2026-08-22 08:39:00.183647700,0.059647700,1
'2026-08-22 08:39:00.183647800,0.059647800,0
'2026-08-22 08:39:00.183653200,0.059653200,1
'2026-08-22 08:39:00.183667600,0.059667600,0
'2026-08-22 08:39:00.183679300,0.059679300,1
'2026-08-22 08:39:00.183693500,0.059693500,0
'2026-08-22 08:39:00.183695500,0.059695500,1
'2026-08-22 08:39:00.183695600,0.059695600,0
'2026-08-22 08:39:00.183705300,0.059705300,1
'2026-08-22 08:39:00.183719700,0.059719700,0
'2026-08-22 08:39:00.183731400,0.059731400,1
'2026-08-22 08:39:00.183745800,0.059745800,0
'2026-08-22 08:39:00.183757400,0.059757400,1
'2026-08-22 08:39:00.183771700,0.059771700,0
'2026-08-22 08:39:00.183772700,0.059772700,1
'2026-08-22 08:39:00.183772800,0.059772800,0
'2026-08-22 08:39:00.183777800,0.059777800,1
'2026-08-22 08:39:00.183777900,0.059777900,0
'2026-08-22 08:39:00.183783500,0.059783500,1
'2026-08-22 08:39:00.183797800,0.059797800,0
'2026-08-22 08:39:00.183809500,0.059809500,1
'2026-08-22 08:39:00.183824000,0.059824000,0
'2026-08-22 08:39:00.183833200,0.059833200,1
'2026-08-22 08:39:00.183833300,0.059833300,0
'2026-08-22 08:39:00.183835600,0.059835600,1
'2026-08-22 08:39:00.183850000,0.059850000,0
'2026-08-22 08:39:00.183859500,0.059859500,1
'2026-08-22 08:39:00.183859600,0.059859600,0
'2026-08-22 08:39:00.183861600,0.059861600,1
'2026-08-22 08:39:00.183876100,0.059876100,0
'2026-08-22 08:39:00.183887700,0.059887700,1
'2026-08-22 08:39:00.183902000,0.059902000,0
'2026-08-22 08:39:00.183913700,0.059913700,1
'2026-08-22 08:39:00.183928200,0.059928200,0
'2026-08-22 08:39:00.183928300,0.059928300,1
'2026-08-22 08:39:00.183928500,0.059928500,0
'2026-08-22 08:39:00.183930500,0.059930500,1
'2026-08-22 08:39:00.183930600,0.059930600,0
'2026-08-22 08:39:00.183939700,0.059939700,1
'2026-08-22 08:39:00.183954200,0.059954200,0
'2026-08-22 08:39:00.183965800,0.059965800,1
'2026-08-22 08:39:00.183980500,0.059980500,0
'2026-08-22 08:39:00.183991800,0.059991800,1
'2026-08-22 08:39:00.184006400,0.060006400,0
'2026-08-22 08:39:00.184006600,0.060006600,1
'2026-08-22 08:39:00.184006700,0.060006700,0
'2026-08-22 08:39:00.184009000,0.060009000,1
'2026-08-22 08:39:00.184009100,0.060009100,0
'2026-08-22 08:39:00.184017900,0.060017900,1
'2026-08-22 08:39:00.184032200,0.060032200,0
'2026-08-22 08:39:00.184032300,0.060032300,1
'2026-08-22 08:39:00.184032400,0.060032400,0
'2026-08-22 08:39:00.184034400,0.060034400,1
'2026-08-22 08:39:00.184448800,0.060448800,0
'2026-08-22 08:39:00.184460500,0.060460500,1
'2026-08-22 08:39:00.184474900,0.060474900,0
'2026-08-22 08:39:00.184486600,0.060486600,1
'2026-08-22 08:39:00.184501100,0.060501100,0
'2026-08-22 08:39:00.184512600,0.060512600,1
'2026-08-22 08:39:00.184527000,0.060527000,0
'2026-08-22 08:39:00.184533100,0.060533100,1
'2026-08-22 08:39:00.184533200,0.060533200,0
'2026-08-22 08:39:00.184534000,0.060534000,1
'2026-08-22 08:39:00.184534100,0.060534100,0
'2026-08-22 08:39:00.184538700,0.060538700,1
'2026-08-22 08:39:00.184553100,0.060553100,0
'2026-08-22 08:39:00.184564700,0.060564700,1
'2026-08-22 08:39:00.184579000,0.060579000,0
'2026-08-22 08:39:00.184579300,0.060579300,1
'2026-08-22 08:39:00.184579400,0.060579400,0
'2026-08-22 08:39:00.184581100,0.060581100,1
'2026-08-22 08:39:00.184581200,0.060581200,0
'2026-08-22 08:39:00.184590800,0.060590800,1
'2026-08-22 08:39:00.184605200,0.060605200,0
'2026-08-22 08:39:00.184616800,0.060616800,1
'2026-08-22 08:39:00.184631100,0.060631100,0
'2026-08-22 08:39:00.184631300,0.060631300,1
'2026-08-22 08:39:00.184631400,0.060631400,0
'2026-08-22 08:39:00.184636700,0.060636700,1
'2026-08-22 08:39:00.184636800,0.060636800,0
'2026-08-22 08:39:00.184642900,0.060642900,1
'2026-08-22 08:39:00.184657200,0.060657200,0
'2026-08-22 08:39:00.184663400,0.060663400,1
'2026-08-22 08:39:00.184663500,0.060663500,0
'2026-08-22 08:39:00.184668900,0.060668900,1
'2026-08-22 08:39:00.184683500,0.060683500,0
'2026-08-22 08:39:00.184683800,0.060683800,1
'2026-08-22 08:39:00.184683900,0.060683900,0
'2026-08-22 08:39:00.184695000,0.060695000,1
'2026-08-22 08:39:00.184709300,0.060709300,0
'2026-08-22 08:39:00.184709500,0.060709500,1
'2026-08-22 08:39:00.184709600,0.060709600,0
'2026-08-22 08:39:00.184714200,0.060714200,1
'2026-08-22 08:39:00.184714300,0.060714300,0
'2026-08-22 08:39:00.184721000,0.060721000,1
'2026-08-22 08:39:00.184735500,0.060735500,0
'2026-08-22 08:39:00.184735800,0.060735800,1
'2026-08-22 08:39:00.184735900,0.060735900,0
'2026-08-22 08:39:00.184747000,0.060747000,1
'2026-08-22 08:39:00.184761600,0.060761600,0
'2026-08-22 08:39:00.184763200,0.060763200,1
'2026-08-22 08:39:00.184763400,0.060763400,0
'2026-08-22 08:39:00.184766100,0.060766100,1
'2026-08-22 08:39:00.184766200,0.060766200,0
'2026-08-22 08:39:00.184773100,0.060773100,1
'2026-08-22 08:39:00.184787500,0.060787500,0
'2026-08-22 08:39:00.184797700,0.060797700,1
'2026-08-22 08:39:00.184797800,0.060797800,0
'2026-08-22 08:39:00.184799100,0.060799100,1
'2026-08-22 08:39:00.184813700,0.060813700,0
'2026-08-22 08:39:00.184814000,0.060814000,1
'2026-08-22 08:39:00.184814100,0.060814100,0
'2026-08-22 08:39:00.184822700,0.060822700,1
'2026-08-22 08:39:00.184822800,0.060822800,0
'2026-08-22 08:39:00.184823900,0.060823900,1
'2026-08-22 08:39:00.184824000,0.060824000,0
'2026-08-22 08:39:00.184825200,0.060825200,1
'2026-08-22 08:39:00.184839800,0.060839800,0
'2026-08-22 08:39:00.184839900,0.060839900,1
'2026-08-22 08:39:00.184840000,0.060840000,0
'2026-08-22 08:39:00.184840300,0.060840300,1
'2026-08-22 08:39:00.184840400,0.060840400,0
'2026-08-22 08:39:00.184847300,0.060847300,1
'2026-08-22 08:39:00.184847400,0.060847400,0
'2026-08-22 08:39:00.184847700,0.060847700,1
'2026-08-22 08:39:00.184847800,0.060847800,0
'2026-08-22 08:39:00.184851200,0.060851200,1
'2026-08-22 08:39:00.185282000,0.061282000,0
'2026-08-22 08:39:00.185293800,0.061293800,1
'2026-08-22 08:39:00.185308200,0.061308200,0
'2026-08-22 08:39:00.185319900,0.061319900,1
'2026-08-22 08:39:00.185334400,0.061334400,0
'2026-08-22 08:39:00.185339700,0.061339700,1
'2026-08-22 08:39:00.185339800,0.061339800,0
'2026-08-22 08:39:00.185345900,0.061345900,1
'2026-08-22 08:39:00.185360400,0.061360400,0
'2026-08-22 08:39:00.185360500,0.061360500,1
'2026-08-22 08:39:00.185360600,0.061360600,0
'2026-08-22 08:39:00.185372000,0.061372000,1
'2026-08-22 08:39:00.185386600,0.061386600,0
'2026-08-22 08:39:00.185389700,0.061389700,1
'2026-08-22 08:39:00.185389800,0.061389800,0
'2026-08-22 08:39:00.185398100,0.061398100,1
'2026-08-22 08:39:00.185412300,0.061412300,0
'2026-08-22 08:39:00.185414300,0.061414300,1
'2026-08-22 08:39:00.185414400,0.061414400,0
'2026-08-22 08:39:00.185424100,0.061424100,1
'2026-08-22 08:39:00.185438500,0.061438500,0
'2026-08-22 08:39:00.185439300,0.061439300,1
'2026-08-22 08:39:00.185439400,0.061439400,0
'2026-08-22 08:39:00.185439700,0.061439700,1
'2026-08-22 08:39:00.185439800,0.061439800,0
'2026-08-22 08:39:00.185450200,0.061450200,1
'2026-08-22 08:39:00.185464600,0.061464600,0
'2026-08-22 08:39:00.185464700,0.061464700,1
'2026-08-22 08:39:00.185464800,0.061464800,0
'2026-08-22 08:39:00.185465100,0.061465100,1
'2026-08-22 08:39:00.185465200,0.061465200,0
'2026-08-22 08:39:00.185476200,0.061476200,1
'2026-08-22 08:39:00.185490600,0.061490600,0
'2026-08-22 08:39:00.185490700,0.061490700,1
'2026-08-22 08:39:00.185490800,0.061490800,0
'2026-08-22 08:39:00.185502300,0.061502300,1
'2026-08-22 08:39:00.185516800,0.061516800,0
'2026-08-22 08:39:00.185520500,0.061520500,1
'2026-08-22 08:39:00.185520600,0.061520600,0
'2026-08-22 08:39:00.185528300,0.061528300,1
'2026-08-22 08:39:00.185542800,0.061542800,0
'2026-08-22 08:39:00.185554300,0.061554300,1
'2026-08-22 08:39:00.185568900,0.061568900,0
'2026-08-22 08:39:00.185569000,0.061569000,1
'2026-08-22 08:39:00.185569100,0.061569100,0
'2026-08-22 08:39:00.185577500,0.061577500,1
'2026-08-22 08:39:00.185577600,0.061577600,0
'2026-08-22 08:39:00.185580400,0.061580400,1
'2026-08-22 08:39:00.185594900,0.061594900,0
'2026-08-22 08:39:00.185595300,0.061595300,1
'2026-08-22 08:39:00.185595400,0.061595400,0
'2026-08-22 08:39:00.185597600,0.061597600,1
'2026-08-22 08:39:00.185597700,0.061597700,0
'2026-08-22 08:39:00.185606400,0.061606400,1
'2026-08-22 08:39:00.185620900,0.061620900,0
'2026-08-22 08:39:00.185621100,0.061621100,1
'2026-08-22 08:39:00.185621200,0.061621200,0
'2026-08-22 08:39:00.185629100,0.061629100,1
'2026-08-22 08:39:00.185629200,0.061629200,0
'2026-08-22 08:39:00.185630300,0.061630300,1
'2026-08-22 08:39:00.185630400,0.061630400,0
'2026-08-22 08:39:00.185632500,0.061632500,1
'2026-08-22 08:39:00.185647100,0.061647100,0
'2026-08-22 08:39:00.185647200,0.061647200,1
'2026-08-22 08:39:00.185647300,0.061647300,0
'2026-08-22 08:39:00.185649000,0.061649000,1
'2026-08-22 08:39:00.185649100,0.061649100,0
'2026-08-22 08:39:00.185650100,0.061650100,1
'2026-08-22 08:39:00.185650200,0.061650200,0
'2026-08-22 08:39:00.185658500,0.061658500,1
'2026-08-22 08:39:00.185673000,0.061673000,0
'2026-08-22 08:39:00.185678100,0.061678100,1
'2026-08-22 08:39:00.185678200,0.061678200,0
'2026-08-22 08:39:00.185678700,0.061678700,1
'2026-08-22 08:39:00.185678800,0.061678800,0
'2026-08-22 08:39:00.185678900,0.061678900,1
'2026-08-22 08:39:00.186099800,0.062099800,0
'2026-08-22 08:39:00.186101200,0.062101200,1
'2026-08-22 08:39:00.186115600,0.062115600,0
'2026-08-22 08:39:00.186117700,0.062117700,1
'2026-08-22 08:39:00.186117800,0.062117800,0
'2026-08-22 08:39:00.186127200,0.062127200,1
'2026-08-22 08:39:00.186141800,0.062141800,0
'2026-08-22 08:39:00.186142700,0.062142700,1
'2026-08-22 08:39:00.186142800,0.062142800,0
'2026-08-22 08:39:00.186153300,0.062153300,1
'2026-08-22 08:39:00.186167600,0.062167600,0
'2026-08-22 08:39:00.186167700,0.062167700,1
'2026-08-22 08:39:00.186167800,0.062167800,0
'2026-08-22 08:39:00.186179300,0.062179300,1
'2026-08-22 08:39:00.186193800,0.062193800,0
'2026-08-22 08:39:00.186205400,0.062205400,1
'2026-08-22 08:39:00.186219900,0.062219900,0
'2026-08-22 08:39:00.186222300,0.062222300,1
'2026-08-22 08:39:00.186222400,0.062222400,0
'2026-08-22 08:39:00.186231400,0.062231400,1
'2026-08-22 08:39:00.186246000,0.062246000,0
'2026-08-22 08:39:00.186247700,0.062247700,1
'2026-08-22 08:39:00.186247900,0.062247900,0
'2026-08-22 08:39:00.186257500,0.062257500,1
'2026-08-22 08:39:00.186272000,0.062272000,0
'2026-08-22 08:39:00.186283500,0.062283500,1
'2026-08-22 08:39:00.186297900,0.062297900,0
'2026-08-22 08:39:00.186298000,0.062298000,1
'2026-08-22 08:39:00.186298100,0.062298100,0
'2026-08-22 08:39:00.186309600,0.062309600,1
'2026-08-22 08:39:00.186324100,0.062324100,0
'2026-08-22 08:39:00.186324300,0.062324300,1
'2026-08-22 08:39:00.186324400,0.062324400,0
'2026-08-22 08:39:00.186335600,0.062335600,1
'2026-08-22 08:39:00.186350100,0.062350100,0
'2026-08-22 08:39:00.186351300,0.062351300,1
'2026-08-22 08:39:00.186351400,0.062351400,0
'2026-08-22 08:39:00.186352300,0.062352300,1
'2026-08-22 08:39:00.186352400,0.062352400,0
'2026-08-22 08:39:00.186361700,0.062361700,1
'2026-08-22 08:39:00.186376200,0.062376200,0
'2026-08-22 08:39:00.186376300,0.062376300,1
'2026-08-22 08:39:00.186376400,0.062376400,0
'2026-08-22 08:39:00.186383900,0.062383900,1
'2026-08-22 08:39:00.186384000,0.062384000,0
'2026-08-22 08:39:00.186387700,0.062387700,1
'2026-08-22 08:39:00.186402200,0.062402200,0
'2026-08-22 08:39:00.186402500,0.062402500,1
'2026-08-22 08:39:00.186402600,0.062402600,0
'2026-08-22 08:39:00.186413800,0.062413800,1
'2026-08-22 08:39:00.186428300,0.062428300,0
'2026-08-22 08:39:00.186428800,0.062428800,1
'2026-08-22 08:39:00.186428900,0.062428900,0
'2026-08-22 08:39:00.186431700,0.062431700,1
'2026-08-22 08:39:00.186431800,0.062431800,0
'2026-08-22 08:39:00.186439800,0.062439800,1
'2026-08-22 08:39:00.186454200,0.062454200,0
'2026-08-22 08:39:00.186455200,0.062455200,1
'2026-08-22 08:39:00.186455300,0.062455300,0
'2026-08-22 08:39:00.186465900,0.062465900,1
'2026-08-22 08:39:00.186480400,0.062480400,0
'2026-08-22 08:39:00.186481900,0.062481900,1
'2026-08-22 08:39:00.186482000,0.062482000,0
'2026-08-22 08:39:00.186484700,0.062484700,1
'2026-08-22 08:39:00.186484800,0.062484800,0
'2026-08-22 08:39:00.186491900,0.062491900,1
'2026-08-22 08:39:00.186506700,0.062506700,0
'2026-08-22 08:39:00.186507700,0.062507700,1
'2026-08-22 08:39:00.186507800,0.062507800,0
'2026-08-22 08:39:00.186508800,0.062508800,1
'2026-08-22 08:39:00.186922900,0.062922900,0
'2026-08-22 08:39:00.186934600,0.062934600,1
'2026-08-22 08:39:00.186948800,0.062948800,0
'2026-08-22 08:39:00.186960600,0.062960600,1
'2026-08-22 08:39:00.186975000,0.062975000,0
'2026-08-22 08:39:00.186986700,0.062986700,1
'2026-08-22 08:39:00.187001100,0.063001100,0
'2026-08-22 08:39:00.187012700,0.063012700,1
'2026-08-22 08:39:00.187027100,0.063027100,0
'2026-08-22 08:39:00.187038800,0.063038800,1
'2026-08-22 08:39:00.187053100,0.063053100,0
'2026-08-22 08:39:00.187064800,0.063064800,1
'2026-08-22 08:39:00.187079300,0.063079300,0
'2026-08-22 08:39:00.187084600,0.063084600,1
'2026-08-22 08:39:00.187084700,0.063084700,0
'2026-08-22 08:39:00.187090800,0.063090800,1
'2026-08-22 08:39:00.187105200,0.063105200,0
'2026-08-22 08:39:00.187116900,0.063116900,1
'2026-08-22 08:39:00.187131300,0.063131300,0
'2026-08-22 08:39:00.187142900,0.063142900,1
'2026-08-22 08:39:00.187157600,0.063157600,0
'2026-08-22 08:39:00.187169000,0.063169000,1
'2026-08-22 08:39:00.187183400,0.063183400,0
'2026-08-22 08:39:00.187190200,0.063190200,1
'2026-08-22 08:39:00.187190300,0.063190300,0
'2026-08-22 08:39:00.187195000,0.063195000,1
'2026-08-22 08:39:00.187209600,0.063209600,0
'2026-08-22 08:39:00.187210000,0.063210000,1
'2026-08-22 08:39:00.187210100,0.063210100,0
'2026-08-22 08:39:00.187211100,0.063211100,1
'2026-08-22 08:39:00.187211200,0.063211200,0
'2026-08-22 08:39:00.187221100,0.063221100,1
'2026-08-22 08:39:00.187235800,0.063235800,0
'2026-08-22 08:39:00.187236100,0.063236100,1
'2026-08-22 08:39:00.187236200,0.063236200,0
'2026-08-22 08:39:00.187247100,0.063247100,1
'2026-08-22 08:39:00.187261500,0.063261500,0
'2026-08-22 08:39:00.187272700,0.063272700,1
'2026-08-22 08:39:00.187272800,0.063272800,0
'2026-08-22 08:39:00.187273200,0.063273200,1
'2026-08-22 08:39:00.187287700,0.063287700,0
'2026-08-22 08:39:00.187287900,0.063287900,1
'2026-08-22 08:39:00.187288000,0.063288000,0
'2026-08-22 08:39:00.187297700,0.063297700,1
'2026-08-22 08:39:00.187297800,0.063297800,0
'2026-08-22 08:39:00.187298400,0.063298400,1
'2026-08-22 08:39:00.187298500,0.063298500,0
'2026-08-22 08:39:00.187299200,0.063299200,1
'2026-08-22 08:39:00.187313700,0.063313700,0
'2026-08-22 08:39:00.187320900,0.063320900,1
'2026-08-22 08:39:00.187321000,0.063321000,0
'2026-08-22 08:39:00.187322700,0.063322700,1
'2026-08-22 08:39:00.187322800,0.063322800,0
'2026-08-22 08:39:00.187325300,0.063325300,1
'2026-08-22 08:39:00.187756200,0.063756200,0
'2026-08-22 08:39:00.187767900,0.063767900,1
'2026-08-22 08:39:00.187782300,0.063782300,0
'2026-08-22 08:39:00.187794000,0.063794000,1
'2026-08-22 08:39:00.187808500,0.063808500,0
'2026-08-22 08:39:00.187810300,0.063810300,1
'2026-08-22 08:39:00.187810400,0.063810400,0
'2026-08-22 08:39:00.187820000,0.063820000,1
'2026-08-22 08:39:00.187834300,0.063834300,0
'2026-08-22 08:39:00.187846100,0.063846100,1
'2026-08-22 08:39:00.187860400,0.063860400,0
'2026-08-22 08:39:00.187860500,0.063860500,1
'2026-08-22 08:39:00.187860600,0.063860600,0
'2026-08-22 08:39:00.187860900,0.063860900,1
'2026-08-22 08:39:00.187861000,0.063861000,0
'2026-08-22 08:39:00.187872100,0.063872100,1
'2026-08-22 08:39:00.187886400,0.063886400,0
'2026-08-22 08:39:00.187898200,0.063898200,1
'2026-08-22 08:39:00.187912600,0.063912600,0
'2026-08-22 08:39:00.187912700,0.063912700,1
'2026-08-22 08:39:00.187912800,0.063912800,0
'2026-08-22 08:39:00.187922300,0.063922300,1
'2026-08-22 08:39:00.187922400,0.063922400,0
'2026-08-22 08:39:00.187922700,0.063922700,1
'2026-08-22 08:39:00.187922800,0.063922800,0
'2026-08-22 08:39:00.187924200,0.063924200,1
'2026-08-22 08:39:00.187938700,0.063938700,0
'2026-08-22 08:39:00.187939800,0.063939800,1
'2026-08-22 08:39:00.187939900,0.063939900,0
'2026-08-22 08:39:00.187950200,0.063950200,1
'2026-08-22 08:39:00.187964600,0.063964600,0
'2026-08-22 08:39:00.187976300,0.063976300,1
'2026-08-22 08:39:00.187990600,0.063990600,0
'2026-08-22 08:39:00.187990700,0.063990700,1
'2026-08-22 08:39:00.187990800,0.063990800,0
'2026-08-22 08:39:00.187991100,0.063991100,1
'2026-08-22 08:39:00.187991200,0.063991200,0
'2026-08-22 08:39:00.187992300,0.063992300,1
'2026-08-22 08:39:00.187992400,0.063992400,0
'2026-08-22 08:39:00.188002300,0.064002300,1
'2026-08-22 08:39:00.188016900,0.064016900,0
'2026-08-22 08:39:00.188022000,0.064022000,1
'2026-08-22 08:39:00.188022100,0.064022100,0
'2026-08-22 08:39:00.188028400,0.064028400,1
'2026-08-22 08:39:00.188043000,0.064043000,0
'2026-08-22 08:39:00.188047700,0.064047700,1
'2026-08-22 08:39:00.188047800,0.064047800,0
'2026-08-22 08:39:00.188054400,0.064054400,1
'2026-08-22 08:39:00.188068900,0.064068900,0
'2026-08-22 08:39:00.188070500,0.064070500,1
'2026-08-22 08:39:00.188070600,0.064070600,0
'2026-08-22 08:39:00.188072300,0.064072300,1
'2026-08-22 08:39:00.188072400,0.064072400,0
'2026-08-22 08:39:00.188072700,0.064072700,1
'2026-08-22 08:39:00.188072800,0.064072800,0
'2026-08-22 08:39:00.188080500,0.064080500,1
'2026-08-22 08:39:00.188094900,0.064094900,0
'2026-08-22 08:39:00.188106500,0.064106500,1
'2026-08-22 08:39:00.188120900,0.064120900,0
'2026-08-22 08:39:00.188121200,0.064121200,1
'2026-08-22 08:39:00.188121400,0.064121400,0
'2026-08-22 08:39:00.188122700,0.064122700,1
'2026-08-22 08:39:00.188122800,0.064122800,0
'2026-08-22 08:39:00.188130800,0.064130800,1
'2026-08-22 08:39:00.188130900,0.064130900,0
'2026-08-22 08:39:00.188132600,0.064132600,1
'2026-08-22 08:39:00.188147000,0.064147000,0
'2026-08-22 08:39:00.188153300,0.064153300,1
'2026-08-22 08:39:00.188566500,0.064566500,0
'2026-08-22 08:39:00.188566600,0.064566600,1
'2026-08-22 08:39:00.188566700,0.064566700,0
'2026-08-22 08:39:00.188575200,0.064575200,1
'2026-08-22 08:39:00.188589500,0.064589500,0
'2026-08-22 08:39:00.188601300,0.064601300,1
'2026-08-22 08:39:00.188615700,0.064615700,0
'2026-08-22 08:39:00.188627300,0.064627300,1
'2026-08-22 08:39:00.188641700,0.064641700,0
'2026-08-22 08:39:00.188647700,0.064647700,1
'2026-08-22 08:39:00.188647800,0.064647800,0
'2026-08-22 08:39:00.188653400,0.064653400,1
'2026-08-22 08:39:00.188667800,0.064667800,0
'2026-08-22 08:39:00.188672700,0.064672700,1
'2026-08-22 08:39:00.188672800,0.064672800,0
'2026-08-22 08:39:00.188679400,0.064679400,1
'2026-08-22 08:39:00.188693900,0.064693900,0
'2026-08-22 08:39:00.188705500,0.064705500,1
'2026-08-22 08:39:00.188719800,0.064719800,0
'2026-08-22 08:39:00.188731500,0.064731500,1
'2026-08-22 08:39:00.188746000,0.064746000,0
'2026-08-22 08:39:00.188757600,0.064757600,1
'2026-08-22 08:39:00.188772200,0.064772200,0
'2026-08-22 08:39:00.188772700,0.064772700,1
'2026-08-22 08:39:00.188772800,0.064772800,0
'2026-08-22 08:39:00.188783600,0.064783600,1
'2026-08-22 08:39:00.188798100,0.064798100,0
'2026-08-22 08:39:00.188809700,0.064809700,1
'2026-08-22 08:39:00.188824200,0.064824200,0
'2026-08-22 08:39:00.188835700,0.064835700,1
'2026-08-22 08:39:00.188850200,0.064850200,0
'2026-08-22 08:39:00.188861800,0.064861800,1
'2026-08-22 08:39:00.188876400,0.064876400,0
'2026-08-22 08:39:00.188876500,0.064876500,1
'2026-08-22 08:39:00.188876700,0.064876700,0
'2026-08-22 08:39:00.188884700,0.064884700,1
'2026-08-22 08:39:00.188884800,0.064884800,0
'2026-08-22 08:39:00.188887800,0.064887800,1
'2026-08-22 08:39:00.188902300,0.064902300,0
'2026-08-22 08:39:00.188904800,0.064904800,1
'2026-08-22 08:39:00.188904900,0.064904900,0
'2026-08-22 08:39:00.188913900,0.064913900,1
'2026-08-22 08:39:00.188928400,0.064928400,0
'2026-08-22 08:39:00.188928500,0.064928500,1
'2026-08-22 08:39:00.188928600,0.064928600,0
'2026-08-22 08:39:00.188934900,0.064934900,1
'2026-08-22 08:39:00.188935000,0.064935000,0
'2026-08-22 08:39:00.188939900,0.064939900,1
'2026-08-22 08:39:00.188954400,0.064954400,0
'2026-08-22 08:39:00.188955900,0.064955900,1
'2026-08-22 08:39:00.188956000,0.064956000,0
'2026-08-22 08:39:00.188965100,0.064965100,1
'2026-08-22 08:39:00.188965200,0.064965200,0
'2026-08-22 08:39:00.188965900,0.064965900,1
'2026-08-22 08:39:00.189396800,0.065396800,0
'2026-08-22 08:39:00.189408600,0.065408600,1
'2026-08-22 08:39:00.189423100,0.065423100,0
'2026-08-22 08:39:00.189434600,0.065434600,1
'2026-08-22 08:39:00.189449000,0.065449000,0
'2026-08-22 08:39:00.189460700,0.065460700,1
'2026-08-22 08:39:00.189475000,0.065475000,0
'2026-08-22 08:39:00.189486700,0.065486700,1
'2026-08-22 08:39:00.189501000,0.065501000,0
'2026-08-22 08:39:00.189501100,0.065501100,1
'2026-08-22 08:39:00.189501200,0.065501200,0
'2026-08-22 08:39:00.189512800,0.065512800,1
'2026-08-22 08:39:00.189527200,0.065527200,0
'2026-08-22 08:39:00.189538800,0.065538800,1
'2026-08-22 08:39:00.189553200,0.065553200,0
'2026-08-22 08:39:00.189564700,0.065564700,1
'2026-08-22 08:39:00.189564800,0.065564800,0
'2026-08-22 08:39:00.189564900,0.065564900,1
'2026-08-22 08:39:00.189579400,0.065579400,0
'2026-08-22 08:39:00.189590900,0.065590900,1
'2026-08-22 08:39:00.189605200,0.065605200,0
'2026-08-22 08:39:00.189617000,0.065617000,1
'2026-08-22 08:39:00.189631500,0.065631500,0
'2026-08-22 08:39:00.189643000,0.065643000,1
'2026-08-22 08:39:00.189657300,0.065657300,0
'2026-08-22 08:39:00.189659200,0.065659200,1
'2026-08-22 08:39:00.189659300,0.065659300,0
'2026-08-22 08:39:00.189669100,0.065669100,1
'2026-08-22 08:39:00.189683500,0.065683500,0
'2026-08-22 08:39:00.189683900,0.065683900,1
'2026-08-22 08:39:00.189684000,0.065684000,0
'2026-08-22 08:39:00.189688400,0.065688400,1
'2026-08-22 08:39:00.189688500,0.065688500,0
'2026-08-22 08:39:00.189689700,0.065689700,1
'2026-08-22 08:39:00.189689800,0.065689800,0
'2026-08-22 08:39:00.189695100,0.065695100,1
'2026-08-22 08:39:00.189709700,0.065709700,0
'2026-08-22 08:39:00.189714700,0.065714700,1
'2026-08-22 08:39:00.189714800,0.065714800,0
'2026-08-22 08:39:00.189721100,0.065721100,1
'2026-08-22 08:39:00.189735600,0.065735600,0
'2026-08-22 08:39:00.189739300,0.065739300,1
'2026-08-22 08:39:00.189739400,0.065739400,0
'2026-08-22 08:39:00.189739700,0.065739700,1
'2026-08-22 08:39:00.189739800,0.065739800,0
'2026-08-22 08:39:00.189747200,0.065747200,1
'2026-08-22 08:39:00.189761700,0.065761700,0
'2026-08-22 08:39:00.189763300,0.065763300,1
'2026-08-22 08:39:00.189763400,0.065763400,0
'2026-08-22 08:39:00.189773200,0.065773200,1
'2026-08-22 08:39:00.189787600,0.065787600,0
'2026-08-22 08:39:00.189789700,0.065789700,1
'2026-08-22 08:39:00.189789800,0.065789800,0
'2026-08-22 08:39:00.189797800,0.065797800,1
'2026-08-22 08:39:00.190230100,0.066230100,0
'2026-08-22 08:39:00.190241900,0.066241900,1
'2026-08-22 08:39:00.190256200,0.066256200,0
'2026-08-22 08:39:00.190268000,0.066268000,1
'2026-08-22 08:39:00.190282400,0.066282400,0
'2026-08-22 08:39:00.190294000,0.066294000,1
'2026-08-22 08:39:00.190308300,0.066308300,0
'2026-08-22 08:39:00.190320100,0.066320100,1
'2026-08-22 08:39:00.190334500,0.066334500,0
'2026-08-22 08:39:00.190346100,0.066346100,1
'2026-08-22 08:39:00.190360600,0.066360600,0
'2026-08-22 08:39:00.190372200,0.066372200,1
'2026-08-22 08:39:00.190386600,0.066386600,0
'2026-08-22 08:39:00.190389800,0.066389800,1
'2026-08-22 08:39:00.190389900,0.066389900,0
'2026-08-22 08:39:00.190398200,0.066398200,1
'2026-08-22 08:39:00.190412600,0.066412600,0
'2026-08-22 08:39:00.190422700,0.066422700,1
'2026-08-22 08:39:00.190422800,0.066422800,0
'2026-08-22 08:39:00.190424300,0.066424300,1
'2026-08-22 08:39:00.190438600,0.066438600,0
'2026-08-22 08:39:00.190438700,0.066438700,1
'2026-08-22 08:39:00.190438800,0.066438800,0
'2026-08-22 08:39:00.190450300,0.066450300,1
'2026-08-22 08:39:00.190464800,0.066464800,0
'2026-08-22 08:39:00.190476400,0.066476400,1
'2026-08-22 08:39:00.190490600,0.066490600,0
'2026-08-22 08:39:00.190490700,0.066490700,1
'2026-08-22 08:39:00.190490800,0.066490800,0
'2026-08-22 08:39:00.190502400,0.066502400,1
'2026-08-22 08:39:00.190517000,0.066517000,0
'2026-08-22 08:39:00.190522700,0.066522700,1
'2026-08-22 08:39:00.190522800,0.066522800,0
'2026-08-22 08:39:00.190528500,0.066528500,1
'2026-08-22 08:39:00.190542900,0.066542900,0
'2026-08-22 08:39:00.190547700,0.066547700,1
'2026-08-22 08:39:00.190547800,0.066547800,0
'2026-08-22 08:39:00.190553800,0.066553800,1
'2026-08-22 08:39:00.190553900,0.066553900,0
'2026-08-22 08:39:00.190554500,0.066554500,1
'2026-08-22 08:39:00.190568800,0.066568800,0
'2026-08-22 08:39:00.190568900,0.066568900,1
'2026-08-22 08:39:00.190569100,0.066569100,0
'2026-08-22 08:39:00.190580600,0.066580600,1
'2026-08-22 08:39:00.190595000,0.066595000,0
'2026-08-22 08:39:00.190606600,0.066606600,1
'2026-08-22 08:39:00.190621000,0.066621000,0
'2026-08-22 08:39:00.190621500,0.066621500,1
'2026-08-22 08:39:00.190621600,0.066621600,0
'2026-08-22 08:39:00.190626700,0.066626700,1
'2026-08-22 08:39:00.190626800,0.066626800,0
'2026-08-22 08:39:00.190627300,0.066627300,1
'2026-08-22 08:39:00.191844600,0.067844600,0
'2026-08-22 08:39:00.191856500,0.067856500,1
'2026-08-22 08:39:00.191870800,0.067870800,0
'2026-08-22 08:39:00.191882500,0.067882500,1
'2026-08-22 08:39:00.191896800,0.067896800,0
'2026-08-22 08:39:00.191908600,0.067908600,1
'2026-08-22 08:39:00.191922800,0.067922800,0
'2026-08-22 08:39:00.191934600,0.067934600,1
'2026-08-22 08:39:00.191948900,0.067948900,0
'2026-08-22 08:39:00.191960700,0.067960700,1
'2026-08-22 08:39:00.191975100,0.067975100,0
'2026-08-22 08:39:00.191986700,0.067986700,1
'2026-08-22 08:39:00.192001000,0.068001000,0
'2026-08-22 08:39:00.192012800,0.068012800,1
'2026-08-22 08:39:00.192027100,0.068027100,0
'2026-08-22 08:39:00.192038800,0.068038800,1
'2026-08-22 08:39:00.192053300,0.068053300,0
'2026-08-22 08:39:00.192064900,0.068064900,1
'2026-08-22 08:39:00.192079200,0.068079200,0
'2026-08-22 08:39:00.192090900,0.068090900,1
'2026-08-22 08:39:00.192105400,0.068105400,0
'2026-08-22 08:39:00.192117000,0.068117000,1
'2026-08-22 08:39:00.192131300,0.068131300,0
'2026-08-22 08:39:00.192131500,0.068131500,1
'2026-08-22 08:39:00.192131600,0.068131600,0
'2026-08-22 08:39:00.192140800,0.068140800,1
'2026-08-22 08:39:00.192140900,0.068140900,0
'2026-08-22 08:39:00.192143000,0.068143000,1
'2026-08-22 08:39:00.192157400,0.068157400,0
'2026-08-22 08:39:00.192169100,0.068169100,1
'2026-08-22 08:39:00.192183500,0.068183500,0
'2026-08-22 08:39:00.192195100,0.068195100,1
'2026-08-22 08:39:00.192209400,0.068209400,0
'2026-08-22 08:39:00.192221200,0.068221200,1
'2026-08-22 08:39:00.192235600,0.068235600,0
'2026-08-22 08:39:00.192239200,0.068239200,1
'2026-08-22 08:39:00.193459300,0.069459300,0
'2026-08-22 08:39:00.193471000,0.069471000,1
'2026-08-22 08:39:00.193485200,0.069485200,0
'2026-08-22 08:39:00.193497100,0.069497100,1
'2026-08-22 08:39:00.193511400,0.069511400,0
'2026-08-22 08:39:00.193523100,0.069523100,1
'2026-08-22 08:39:00.193537500,0.069537500,0
'2026-08-22 08:39:00.193549200,0.069549200,1
'2026-08-22 08:39:00.193563500,0.069563500,0
'2026-08-22 08:39:00.193575200,0.069575200,1
'2026-08-22 08:39:00.193589600,0.069589600,0
'2026-08-22 08:39:00.193601300,0.069601300,1
'2026-08-22 08:39:00.193615500,0.069615500,0
'2026-08-22 08:39:00.193622700,0.069622700,1
'2026-08-22 08:39:00.193622800,0.069622800,0
'2026-08-22 08:39:00.193627300,0.069627300,1
'2026-08-22 08:39:00.193641600,0.069641600,0
'2026-08-22 08:39:00.193653400,0.069653400,1
'2026-08-22 08:39:00.193667800,0.069667800,0
'2026-08-22 08:39:00.193679400,0.069679400,1
'2026-08-22 08:39:00.193693700,0.069693700,0
'2026-08-22 08:39:00.193705500,0.069705500,1
'2026-08-22 08:39:00.193720000,0.069720000,0
'2026-08-22 08:39:00.193731500,0.069731500,1
'2026-08-22 08:39:00.193745800,0.069745800,0
'2026-08-22 08:39:00.193757600,0.069757600,1
'2026-08-22 08:39:00.193772000,0.069772000,0
'2026-08-22 08:39:00.193772100,0.069772100,1
'2026-08-22 08:39:00.193772400,0.069772400,0
'2026-08-22 08:39:00.193772700,0.069772700,1
'2026-08-22 08:39:00.193772800,0.069772800,0
'2026-08-22 08:39:00.193779800,0.069779800,1
'2026-08-22 08:39:00.193779900,0.069779900,0
'2026-08-22 08:39:00.193783600,0.069783600,1
'2026-08-22 08:39:00.193798000,0.069798000,0
'2026-08-22 08:39:00.193803100,0.069803100,1
'2026-08-22 08:39:00.193803200,0.069803200,0
'2026-08-22 08:39:00.193809700,0.069809700,1
'2026-08-22 08:39:00.193824200,0.069824200,0
'2026-08-22 08:39:00.193835700,0.069835700,1
'2026-08-22 08:39:00.193850000,0.069850000,0
'2026-08-22 08:39:00.193856400,0.069856400,1
'2026-08-22 08:39:00.193856500,0.069856500,0
'2026-08-22 08:39:00.193859100,0.069859100,1
'2026-08-22 08:39:00.194272400,0.070272400,0
'2026-08-22 08:39:00.194278300,0.070278300,1
'2026-08-22 08:39:00.194292700,0.070292700,0
'2026-08-22 08:39:00.194304400,0.070304400,1
'2026-08-22 08:39:00.194318800,0.070318800,0
'2026-08-22 08:39:00.194330400,0.070330400,1
'2026-08-22 08:39:00.194344800,0.070344800,0
'2026-08-22 08:39:00.194344900,0.070344900,1
'2026-08-22 08:39:00.194345100,0.070345100,0
'2026-08-22 08:39:00.194350200,0.070350200,1
'2026-08-22 08:39:00.194350300,0.070350300,0
'2026-08-22 08:39:00.194356500,0.070356500,1
'2026-08-22 08:39:00.194370900,0.070370900,0
'2026-08-22 08:39:00.194382600,0.070382600,1
'2026-08-22 08:39:00.194397000,0.070397000,0
'2026-08-22 08:39:00.194408600,0.070408600,1
'2026-08-22 08:39:00.194422900,0.070422900,0
'2026-08-22 08:39:00.194423200,0.070423200,1
'2026-08-22 08:39:00.194423300,0.070423300,0
'2026-08-22 08:39:00.194434700,0.070434700,1
'2026-08-22 08:39:00.194449000,0.070449000,0
'2026-08-22 08:39:00.194460700,0.070460700,1
'2026-08-22 08:39:00.194475100,0.070475100,0
'2026-08-22 08:39:00.194475200,0.070475200,1
'2026-08-22 08:39:00.194475300,0.070475300,0
'2026-08-22 08:39:00.194486800,0.070486800,1
'2026-08-22 08:39:00.194501000,0.070501000,0
'2026-08-22 08:39:00.194509100,0.070509100,1
'2026-08-22 08:39:00.194509200,0.070509200,0
'2026-08-22 08:39:00.194512800,0.070512800,1
'2026-08-22 08:39:00.194527400,0.070527400,0
'2026-08-22 08:39:00.194532400,0.070532400,1
'2026-08-22 08:39:00.194532500,0.070532500,0
'2026-08-22 08:39:00.194538900,0.070538900,1
'2026-08-22 08:39:00.194553200,0.070553200,0
'2026-08-22 08:39:00.194564900,0.070564900,1
'2026-08-22 08:39:00.194579200,0.070579200,0
'2026-08-22 08:39:00.194590900,0.070590900,1
'2026-08-22 08:39:00.194605600,0.070605600,0
'2026-08-22 08:39:00.194605700,0.070605700,1
'2026-08-22 08:39:00.194605800,0.070605800,0
'2026-08-22 08:39:00.194605900,0.070605900,1
'2026-08-22 08:39:00.194606100,0.070606100,0
'2026-08-22 08:39:00.194607100,0.070607100,1
'2026-08-22 08:39:00.194607200,0.070607200,0
'2026-08-22 08:39:00.194614700,0.070614700,1
'2026-08-22 08:39:00.194614800,0.070614800,0
'2026-08-22 08:39:00.194617000,0.070617000,1
'2026-08-22 08:39:00.194631300,0.070631300,0
'2026-08-22 08:39:00.194632300,0.070632300,1
'2026-08-22 08:39:00.194632400,0.070632400,0
'2026-08-22 08:39:00.194643000,0.070643000,1
'2026-08-22 08:39:00.194657600,0.070657600,0
'2026-08-22 08:39:00.194657800,0.070657800,1
'2026-08-22 08:39:00.194658000,0.070658000,0
'2026-08-22 08:39:00.194669100,0.070669100,1
'2026-08-22 08:39:00.195100200,0.071100200,0
'2026-08-22 08:39:00.195100500,0.071100500,1
'2026-08-22 08:39:00.195100600,0.071100600,0
'2026-08-22 08:39:00.195111700,0.071111700,1
'2026-08-22 08:39:00.195126000,0.071126000,0
'2026-08-22 08:39:00.195137800,0.071137800,1
'2026-08-22 08:39:00.195152200,0.071152200,0
'2026-08-22 08:39:00.195163800,0.071163800,1
'2026-08-22 08:39:00.195178200,0.071178200,0
'2026-08-22 08:39:00.195189900,0.071189900,1
'2026-08-22 08:39:00.195204200,0.071204200,0
'2026-08-22 08:39:00.195215900,0.071215900,1
'2026-08-22 08:39:00.195230400,0.071230400,0
'2026-08-22 08:39:00.195235300,0.071235300,1
'2026-08-22 08:39:00.195235400,0.071235400,0
'2026-08-22 08:39:00.195242000,0.071242000,1
'2026-08-22 08:39:00.195256500,0.071256500,0
'2026-08-22 08:39:00.195268000,0.071268000,1
'2026-08-22 08:39:00.195282400,0.071282400,0
'2026-08-22 08:39:00.195294100,0.071294100,1
'2026-08-22 08:39:00.195308500,0.071308500,0
'2026-08-22 08:39:00.195311900,0.071311900,1
'2026-08-22 08:39:00.195312000,0.071312000,0
'2026-08-22 08:39:00.195320100,0.071320100,1
'2026-08-22 08:39:00.195334700,0.071334700,0
'2026-08-22 08:39:00.195346200,0.071346200,1
'2026-08-22 08:39:00.195360600,0.071360600,0
'2026-08-22 08:39:00.195360900,0.071360900,1
'2026-08-22 08:39:00.195361000,0.071361000,0
'2026-08-22 08:39:00.195361500,0.071361500,1
'2026-08-22 08:39:00.195361600,0.071361600,0
'2026-08-22 08:39:00.195372200,0.071372200,1
'2026-08-22 08:39:00.195386700,0.071386700,0
'2026-08-22 08:39:00.195392400,0.071392400,1
'2026-08-22 08:39:00.195392500,0.071392500,0
'2026-08-22 08:39:00.195398300,0.071398300,1
'2026-08-22 08:39:00.195412700,0.071412700,0
'2026-08-22 08:39:00.195412900,0.071412900,1
'2026-08-22 08:39:00.195413000,0.071413000,0
'2026-08-22 08:39:00.195424300,0.071424300,1
'2026-08-22 08:39:00.195438800,0.071438800,0
'2026-08-22 08:39:00.195439100,0.071439100,1
'2026-08-22 08:39:00.195439200,0.071439200,0
'2026-08-22 08:39:00.195444700,0.071444700,1
'2026-08-22 08:39:00.195444800,0.071444800,0
'2026-08-22 08:39:00.195447300,0.071447300,1
'2026-08-22 08:39:00.195447400,0.071447400,0
'2026-08-22 08:39:00.195450300,0.071450300,1
'2026-08-22 08:39:00.195464900,0.071464900,0
'2026-08-22 08:39:00.195476400,0.071476400,1
'2026-08-22 08:39:00.195490800,0.071490800,0
'2026-08-22 08:39:00.195491700,0.071491700,1
'2026-08-22 08:39:00.195491800,0.071491800,0
'2026-08-22 08:39:00.195499300,0.071499300,1
'2026-08-22 08:39:00.195499400,0.071499400,0
'2026-08-22 08:39:00.195502400,0.071502400,1
'2026-08-22 08:39:00.196714400,0.072714400,0
'2026-08-22 08:39:00.196726200,0.072726200,1
'2026-08-22 08:39:00.196740700,0.072740700,0
'2026-08-22 08:39:00.196752300,0.072752300,1
'2026-08-22 08:39:00.196766600,0.072766600,0
'2026-08-22 08:39:00.196768500,0.072768500,1
'2026-08-22 08:39:00.196768600,0.072768600,0
'2026-08-22 08:39:00.196778300,0.072778300,1
'2026-08-22 08:39:00.196792600,0.072792600,0
'2026-08-22 08:39:00.196804400,0.072804400,1
'2026-08-22 08:39:00.196818900,0.072818900,0
'2026-08-22 08:39:00.196830400,0.072830400,1
'2026-08-22 08:39:00.196844700,0.072844700,0
'2026-08-22 08:39:00.196845100,0.072845100,1
'2026-08-22 08:39:00.196845200,0.072845200,0
'2026-08-22 08:39:00.196856500,0.072856500,1
'2026-08-22 08:39:00.196870900,0.072870900,0
'2026-08-22 08:39:00.196877200,0.072877200,1
'2026-08-22 08:39:00.196877300,0.072877300,0
'2026-08-22 08:39:00.196879500,0.072879500,1
'2026-08-22 08:39:00.196879600,0.072879600,0
'2026-08-22 08:39:00.196882500,0.072882500,1
'2026-08-22 08:39:00.196897000,0.072897000,0
'2026-08-22 08:39:00.196898000,0.072898000,1
'2026-08-22 08:39:00.196898100,0.072898100,0
'2026-08-22 08:39:00.196908600,0.072908600,1
'2026-08-22 08:39:00.196922900,0.072922900,0
'2026-08-22 08:39:00.196934600,0.072934600,1
'2026-08-22 08:39:00.196949100,0.072949100,0
'2026-08-22 08:39:00.196960700,0.072960700,1
'2026-08-22 08:39:00.196975000,0.072975000,0
'2026-08-22 08:39:00.196986700,0.072986700,1
'2026-08-22 08:39:00.197001300,0.073001300,0
'2026-08-22 08:39:00.197009200,0.073009200,1
'2026-08-22 08:39:00.197009300,0.073009300,0
'2026-08-22 08:39:00.197012800,0.073012800,1
'2026-08-22 08:39:00.197027200,0.073027200,0
'2026-08-22 08:39:00.197027300,0.073027300,1
'2026-08-22 08:39:00.197027400,0.073027400,0
'2026-08-22 08:39:00.197028700,0.073028700,1
'2026-08-22 08:39:00.197028800,0.073028800,0
'2026-08-22 08:39:00.197032500,0.073032500,1
'2026-08-22 08:39:00.197032600,0.073032600,0
'2026-08-22 08:39:00.197038800,0.073038800,1
'2026-08-22 08:39:00.197053200,0.073053200,0
'2026-08-22 08:39:00.197064900,0.073064900,1
'2026-08-22 08:39:00.197079400,0.073079400,0
'2026-08-22 08:39:00.197090900,0.073090900,1
'2026-08-22 08:39:00.197105400,0.073105400,0
'2026-08-22 08:39:00.197110700,0.073110700,1
'2026-08-22 08:39:00.197110800,0.073110800,0
'2026-08-22 08:39:00.197117000,0.073117000,1
'2026-08-22 08:39:00.197547900,0.073547900,0
'2026-08-22 08:39:00.197559600,0.073559600,1
'2026-08-22 08:39:00.197574000,0.073574000,0
'2026-08-22 08:39:00.197585700,0.073585700,1
'2026-08-22 08:39:00.197600100,0.073600100,0
'2026-08-22 08:39:00.197611700,0.073611700,1
'2026-08-22 08:39:00.197626000,0.073626000,0
'2026-08-22 08:39:00.197637800,0.073637800,1
'2026-08-22 08:39:00.197652400,0.073652400,0
'2026-08-22 08:39:00.197663800,0.073663800,1
'2026-08-22 08:39:00.197678300,0.073678300,0
'2026-08-22 08:39:00.197689900,0.073689900,1
'2026-08-22 08:39:00.197704200,0.073704200,0
'2026-08-22 08:39:00.197704300,0.073704300,1
'2026-08-22 08:39:00.197704400,0.073704400,0
'2026-08-22 08:39:00.197715900,0.073715900,1
'2026-08-22 08:39:00.197730400,0.073730400,0
'2026-08-22 08:39:00.197730700,0.073730700,1
'2026-08-22 08:39:00.197730900,0.073730900,0
'2026-08-22 08:39:00.197731700,0.073731700,1
'2026-08-22 08:39:00.197731800,0.073731800,0
'2026-08-22 08:39:00.197742000,0.073742000,1
'2026-08-22 08:39:00.197756300,0.073756300,0
'2026-08-22 08:39:00.197762300,0.073762300,1
'2026-08-22 08:39:00.197762400,0.073762400,0
'2026-08-22 08:39:00.197768000,0.073768000,1
'2026-08-22 08:39:00.197782400,0.073782400,0
'2026-08-22 08:39:00.197782800,0.073782800,1
'2026-08-22 08:39:00.197782900,0.073782900,0
'2026-08-22 08:39:00.197794100,0.073794100,1
'2026-08-22 08:39:00.197808500,0.073808500,0
'2026-08-22 08:39:00.197812900,0.073812900,1
'2026-08-22 08:39:00.197813000,0.073813000,0
'2026-08-22 08:39:00.197820100,0.073820100,1
'2026-08-22 08:39:00.197834700,0.073834700,0
'2026-08-22 08:39:00.197846200,0.073846200,1
'2026-08-22 08:39:00.197860600,0.073860600,0
'2026-08-22 08:39:00.197872200,0.073872200,1
'2026-08-22 08:39:00.197886800,0.073886800,0
'2026-08-22 08:39:00.197898300,0.073898300,1
'2026-08-22 08:39:00.197912800,0.073912800,0
'2026-08-22 08:39:00.197912900,0.073912900,1
'2026-08-22 08:39:00.197913000,0.073913000,0
'2026-08-22 08:39:00.197913500,0.073913500,1
'2026-08-22 08:39:00.197913600,0.073913600,0
'2026-08-22 08:39:00.197922300,0.073922300,1
'2026-08-22 08:39:00.197922400,0.073922400,0
'2026-08-22 08:39:00.197924300,0.073924300,1
'2026-08-22 08:39:00.197938700,0.073938700,0
'2026-08-22 08:39:00.197942100,0.073942100,1
'2026-08-22 08:39:00.197942200,0.073942200,0
'2026-08-22 08:39:00.197943600,0.073943600,1
'2026-08-22 08:39:00.197943700,0.073943700,0
'2026-08-22 08:39:00.197945400,0.073945400,1
'2026-08-22 08:39:00.198358700,0.074358700,0
'2026-08-22 08:39:00.198366900,0.074366900,1
'2026-08-22 08:39:00.198381200,0.074381200,0
'2026-08-22 08:39:00.198393000,0.074393000,1
'2026-08-22 08:39:00.198407500,0.074407500,0
'2026-08-22 08:39:00.198407700,0.074407700,1
'2026-08-22 08:39:00.198407800,0.074407800,0
'2026-08-22 08:39:00.198419000,0.074419000,1
'2026-08-22 08:39:00.198433300,0.074433300,0
'2026-08-22 08:39:00.198445100,0.074445100,1
'2026-08-22 08:39:00.198459500,0.074459500,0
'2026-08-22 08:39:00.198471100,0.074471100,1
'2026-08-22 08:39:00.198485400,0.074485400,0
'2026-08-22 08:39:00.198485500,0.074485500,1
'2026-08-22 08:39:00.198485600,0.074485600,0
'2026-08-22 08:39:00.198497200,0.074497200,1
'2026-08-22 08:39:00.198511600,0.074511600,0
'2026-08-22 08:39:00.198511800,0.074511800,1
'2026-08-22 08:39:00.198511900,0.074511900,0
'2026-08-22 08:39:00.198521100,0.074521100,1
'2026-08-22 08:39:00.198521200,0.074521200,0
'2026-08-22 08:39:00.198523200,0.074523200,1
'2026-08-22 08:39:00.198537600,0.074537600,0
'2026-08-22 08:39:00.198538100,0.074538100,1
'2026-08-22 08:39:00.198538200,0.074538200,0
'2026-08-22 08:39:00.198541800,0.074541800,1
'2026-08-22 08:39:00.198541900,0.074541900,0
'2026-08-22 08:39:00.198549300,0.074549300,1
'2026-08-22 08:39:00.198563800,0.074563800,0
'2026-08-22 08:39:00.198575300,0.074575300,1
'2026-08-22 08:39:00.198589800,0.074589800,0
'2026-08-22 08:39:00.198601400,0.074601400,1
'2026-08-22 08:39:00.198615900,0.074615900,0
'2026-08-22 08:39:00.198618300,0.074618300,1
'2026-08-22 08:39:00.198618400,0.074618400,0
'2026-08-22 08:39:00.198627400,0.074627400,1
'2026-08-22 08:39:00.198641800,0.074641800,0
'2026-08-22 08:39:00.198642000,0.074642000,1
'2026-08-22 08:39:00.198642100,0.074642100,0
'2026-08-22 08:39:00.198648900,0.074648900,1
'2026-08-22 08:39:00.198649000,0.074649000,0
'2026-08-22 08:39:00.198653500,0.074653500,1
'2026-08-22 08:39:00.198667800,0.074667800,0
'2026-08-22 08:39:00.198671700,0.074671700,1
'2026-08-22 08:39:00.198671800,0.074671800,0
'2026-08-22 08:39:00.198672300,0.074672300,1
'2026-08-22 08:39:00.198672400,0.074672400,0
'2026-08-22 08:39:00.198679500,0.074679500,1
'2026-08-22 08:39:00.198694000,0.074694000,0
'2026-08-22 08:39:00.198700300,0.074700300,1
'2026-08-22 08:39:00.198700400,0.074700400,0
'2026-08-22 08:39:00.198705600,0.074705600,1
'2026-08-22 08:39:00.198719900,0.074719900,0
'2026-08-22 08:39:00.198721900,0.074721900,1
'2026-08-22 08:39:00.198722000,0.074722000,0
'2026-08-22 08:39:00.198725000,0.074725000,1
'2026-08-22 08:39:00.198725100,0.074725100,0
'2026-08-22 08:39:00.198730700,0.074730700,1
'2026-08-22 08:39:00.198730800,0.074730800,0
'2026-08-22 08:39:00.198731600,0.074731600,1
'2026-08-22 08:39:00.198746000,0.074746000,0
'2026-08-22 08:39:00.198757600,0.074757600,1
'2026-08-22 08:39:00.199188600,0.075188600,0
'2026-08-22 08:39:00.199200200,0.075200200,1
'2026-08-22 08:39:00.199214500,0.075214500,0
'2026-08-22 08:39:00.199214700,0.075214700,1
'2026-08-22 08:39:00.199214800,0.075214800,0
'2026-08-22 08:39:00.199226300,0.075226300,1
'2026-08-22 08:39:00.199240600,0.075240600,0
'2026-08-22 08:39:00.199241600,0.075241600,1
'2026-08-22 08:39:00.199241700,0.075241700,0
'2026-08-22 08:39:00.199252300,0.075252300,1
'2026-08-22 08:39:00.199266800,0.075266800,0
'2026-08-22 08:39:00.199278400,0.075278400,1
'2026-08-22 08:39:00.199292800,0.075292800,0
'2026-08-22 08:39:00.199293000,0.075293000,1
'2026-08-22 08:39:00.199293100,0.075293100,0
'2026-08-22 08:39:00.199304400,0.075304400,1
'2026-08-22 08:39:00.199318800,0.075318800,0
'2026-08-22 08:39:00.199319200,0.075319200,1
'2026-08-22 08:39:00.199319300,0.075319300,0
'2026-08-22 08:39:00.199330500,0.075330500,1
'2026-08-22 08:39:00.199345100,0.075345100,0
'2026-08-22 08:39:00.199347300,0.075347300,1
'2026-08-22 08:39:00.199347400,0.075347400,0
'2026-08-22 08:39:00.199356500,0.075356500,1
'2026-08-22 08:39:00.199371000,0.075371000,0
'2026-08-22 08:39:00.199382600,0.075382600,1
'2026-08-22 08:39:00.199397000,0.075397000,0
'2026-08-22 08:39:00.199401500,0.075401500,1
'2026-08-22 08:39:00.199401600,0.075401600,0
'2026-08-22 08:39:00.199408600,0.075408600,1
'2026-08-22 08:39:00.199423000,0.075423000,0
'2026-08-22 08:39:00.199423100,0.075423100,1
'2026-08-22 08:39:00.199423300,0.075423300,0
'2026-08-22 08:39:00.199433100,0.075433100,1
'2026-08-22 08:39:00.199433200,0.075433200,0
'2026-08-22 08:39:00.199434700,0.075434700,1
'2026-08-22 08:39:00.199449100,0.075449100,0
'2026-08-22 08:39:00.199453500,0.075453500,1
'2026-08-22 08:39:00.199453600,0.075453600,0
'2026-08-22 08:39:00.199460700,0.075460700,1
'2026-08-22 08:39:00.199475300,0.075475300,0
'2026-08-22 08:39:00.199481100,0.075481100,1
'2026-08-22 08:39:00.199481200,0.075481200,0
'2026-08-22 08:39:00.199486800,0.075486800,1
'2026-08-22 08:39:00.199501400,0.075501400,0
'2026-08-22 08:39:00.199504400,0.075504400,1
'2026-08-22 08:39:00.199504500,0.075504500,0
'2026-08-22 08:39:00.199512800,0.075512800,1
'2026-08-22 08:39:00.199527300,0.075527300,0
'2026-08-22 08:39:00.199532400,0.075532400,1
'2026-08-22 08:39:00.199532500,0.075532500,0
'2026-08-22 08:39:00.199533600,0.075533600,1
'2026-08-22 08:39:00.199533700,0.075533700,0
'2026-08-22 08:39:00.199535300,0.075535300,1
'2026-08-22 08:39:00.199535400,0.075535400,0
'2026-08-22 08:39:00.199536600,0.075536600,1
'2026-08-22 08:39:00.199536700,0.075536700,0
'2026-08-22 08:39:00.199538900,0.075538900,1
'2026-08-22 08:39:00.199553500,0.075553500,0
'2026-08-22 08:39:00.199553900,0.075553900,1
'2026-08-22 08:39:00.199554100,0.075554100,0
'2026-08-22 08:39:00.199554900,0.075554900,1
'2026-08-22 08:39:00.199555100,0.075555100,0
'2026-08-22 08:39:00.199562700,0.075562700,1
'2026-08-22 08:39:00.199562800,0.075562800,0
'2026-08-22 08:39:00.199563300,0.075563300,1
'2026-08-22 08:39:00.199563400,0.075563400,0
'2026-08-22 08:39:00.199563900,0.075563900,1
'2026-08-22 08:39:00.199564000,0.075564000,0
'2026-08-22 08:39:00.199564900,0.075564900,1
'2026-08-22 08:39:00.199579400,0.075579400,0
'2026-08-22 08:39:00.199582000,0.075582000,1
'2026-08-22 08:39:00.199582100,0.075582100,0
'2026-08-22 08:39:00.199583700,0.075583700,1
'2026-08-22 08:39:00.199583800,0.075583800,0
'2026-08-22 08:39:00.199584300,0.075584300,1
'2026-08-22 08:39:00.199584400,0.075584400,0
'2026-08-22 08:39:00.199585500,0.075585500,1
'2026-08-22 08:39:00.199585700,0.075585700,0
'2026-08-22 08:39:00.199586800,0.075586800,1
'2026-08-22 08:39:00.199586900,0.075586900,0
'2026-08-22 08:39:00.199591000,0.075591000,1
'2026-08-22 08:39:00.200021800,0.076021800,0
'2026-08-22 08:39:00.200033600,0.076033600,1
'2026-08-22 08:39:00.200048000,0.076048000,0
'2026-08-22 08:39:00.200059700,0.076059700,1
'2026-08-22 08:39:00.200074200,0.076074200,0
'2026-08-22 08:39:00.200085700,0.076085700,1
'2026-08-22 08:39:00.200100100,0.076100100,0
'2026-08-22 08:39:00.200103900,0.076103900,1
'2026-08-22 08:39:00.200104000,0.076104000,0
'2026-08-22 08:39:00.200111800,0.076111800,1
'2026-08-22 08:39:00.200126300,0.076126300,0
'2026-08-22 08:39:00.200127200,0.076127200,1
'2026-08-22 08:39:00.200127300,0.076127300,0
'2026-08-22 08:39:00.200137800,0.076137800,1
'2026-08-22 08:39:00.200152200,0.076152200,0
'2026-08-22 08:39:00.200157000,0.076157000,1
'2026-08-22 08:39:00.200157100,0.076157100,0
'2026-08-22 08:39:00.200163900,0.076163900,1
'2026-08-22 08:39:00.200178200,0.076178200,0
'2026-08-22 08:39:00.200189900,0.076189900,1
'2026-08-22 08:39:00.200204400,0.076204400,0
'2026-08-22 08:39:00.200215900,0.076215900,1
'2026-08-22 08:39:00.200230300,0.076230300,0
'2026-08-22 08:39:00.200230500,0.076230500,1
'2026-08-22 08:39:00.200230600,0.076230600,0
'2026-08-22 08:39:00.200242000,0.076242000,1
'2026-08-22 08:39:00.200256500,0.076256500,0
'2026-08-22 08:39:00.200268000,0.076268000,1
'2026-08-22 08:39:00.200282600,0.076282600,0
'2026-08-22 08:39:00.200286000,0.076286000,1
'2026-08-22 08:39:00.200286100,0.076286100,0
'2026-08-22 08:39:00.200286600,0.076286600,1
'2026-08-22 08:39:00.200286700,0.076286700,0
'2026-08-22 08:39:00.200291800,0.076291800,1
'2026-08-22 08:39:00.200291900,0.076291900,0
'2026-08-22 08:39:00.200294100,0.076294100,1
'2026-08-22 08:39:00.200308600,0.076308600,0
'2026-08-22 08:39:00.200317500,0.076317500,1
'2026-08-22 08:39:00.200317600,0.076317600,0
'2026-08-22 08:39:00.200320100,0.076320100,1
'2026-08-22 08:39:00.200334600,0.076334600,0
'2026-08-22 08:39:00.200337500,0.076337500,1
'2026-08-22 08:39:00.200337600,0.076337600,0
'2026-08-22 08:39:00.200339100,0.076339100,1
'2026-08-22 08:39:00.200339200,0.076339200,0
'2026-08-22 08:39:00.200342000,0.076342000,1
'2026-08-22 08:39:00.200342100,0.076342100,0
'2026-08-22 08:39:00.200346200,0.076346200,1
'2026-08-22 08:39:00.200360600,0.076360600,0
'2026-08-22 08:39:00.200360700,0.076360700,1
'2026-08-22 08:39:00.200360900,0.076360900,0
'2026-08-22 08:39:00.200368400,0.076368400,1
'2026-08-22 08:39:00.200368500,0.076368500,0
'2026-08-22 08:39:00.200372200,0.076372200,1
'2026-08-22 08:39:00.200386800,0.076386800,0
'2026-08-22 08:39:00.200386900,0.076386900,1
'2026-08-22 08:39:00.200387100,0.076387100,0
'2026-08-22 08:39:00.200388200,0.076388200,1
'2026-08-22 08:39:00.200388400,0.076388400,0
'2026-08-22 08:39:00.200389300,0.076389300,1
'2026-08-22 08:39:00.200389400,0.076389400,0
'2026-08-22 08:39:00.200398300,0.076398300,1
'2026-08-22 08:39:00.200412800,0.076412800,0
'2026-08-22 08:39:00.200414500,0.076414500,1
'2026-08-22 08:39:00.200414600,0.076414600,0
'2026-08-22 08:39:00.200418500,0.076418500,1
'2026-08-22 08:39:00.200418600,0.076418600,0
'2026-08-22 08:39:00.200419400,0.076419400,1
'2026-08-22 08:39:00.201636400,0.077636400,0
'2026-08-22 08:39:00.201648100,0.077648100,1
'2026-08-22 08:39:00.201662400,0.077662400,0
'2026-08-22 08:39:00.201674100,0.077674100,1
'2026-08-22 08:39:00.201688400,0.077688400,0
'2026-08-22 08:39:00.201700200,0.077700200,1
'2026-08-22 08:39:00.201714600,0.077714600,0
'2026-08-22 08:39:00.201726200,0.077726200,1
'2026-08-22 08:39:00.201740600,0.077740600,0
'2026-08-22 08:39:00.201752300,0.077752300,1
'2026-08-22 08:39:00.201766800,0.077766800,0
'2026-08-22 08:39:00.201778300,0.077778300,1
'2026-08-22 08:39:00.201792600,0.077792600,0
'2026-08-22 08:39:00.201792700,0.077792700,1
'2026-08-22 08:39:00.201792900,0.077792900,0
'2026-08-22 08:39:00.201804400,0.077804400,1
'2026-08-22 08:39:00.201818700,0.077818700,0
'2026-08-22 08:39:00.201830400,0.077830400,1
'2026-08-22 08:39:00.201844800,0.077844800,0
'2026-08-22 08:39:00.201856400,0.077856400,1
'2026-08-22 08:39:00.201870800,0.077870800,0
'2026-08-22 08:39:00.201874500,0.077874500,1
'2026-08-22 08:39:00.201874600,0.077874600,0
'2026-08-22 08:39:00.201882500,0.077882500,1
'2026-08-22 08:39:00.201896900,0.077896900,0
'2026-08-22 08:39:00.201908500,0.077908500,1
'2026-08-22 08:39:00.201923000,0.077923000,0
'2026-08-22 08:39:00.201934600,0.077934600,1
'2026-08-22 08:39:00.201949000,0.077949000,0
'2026-08-22 08:39:00.201951100,0.077951100,1
'2026-08-22 08:39:00.201951200,0.077951200,0
'2026-08-22 08:39:00.201960600,0.077960600,1
'2026-08-22 08:39:00.201975400,0.077975400,0
'2026-08-22 08:39:00.201986700,0.077986700,1
'2026-08-22 08:39:00.202001000,0.078001000,0
'2026-08-22 08:39:00.202012700,0.078012700,1
'2026-08-22 08:39:00.202027200,0.078027200,0
'2026-08-22 08:39:00.202031100,0.078031100,1
'2026-08-22 08:39:00.203250900,0.079250900,0
'2026-08-22 08:39:00.203262600,0.079262600,1
'2026-08-22 08:39:00.203276800,0.079276800,0
'2026-08-22 08:39:00.203288600,0.079288600,1
'2026-08-22 08:39:00.203303000,0.079303000,0
'2026-08-22 08:39:00.203314700,0.079314700,1
'2026-08-22 08:39:00.203329000,0.079329000,0
'2026-08-22 08:39:00.203340700,0.079340700,1
'2026-08-22 08:39:00.203355000,0.079355000,0
'2026-08-22 08:39:00.203366800,0.079366800,1
'2026-08-22 08:39:00.203381100,0.079381100,0
'2026-08-22 08:39:00.203392800,0.079392800,1
'2026-08-22 08:39:00.203407300,0.079407300,0
'2026-08-22 08:39:00.203418900,0.079418900,1
'2026-08-22 08:39:00.203433200,0.079433200,0
'2026-08-22 08:39:00.203433300,0.079433300,1
'2026-08-22 08:39:00.203433400,0.079433400,0
'2026-08-22 08:39:00.203433500,0.079433500,1
'2026-08-22 08:39:00.203433600,0.079433600,0
'2026-08-22 08:39:00.203433900,0.079433900,1
'2026-08-22 08:39:00.203434000,0.079434000,0
'2026-08-22 08:39:00.203444900,0.079444900,1
'2026-08-22 08:39:00.203459300,0.079459300,0
'2026-08-22 08:39:00.203470900,0.079470900,1
'2026-08-22 08:39:00.203485300,0.079485300,0
'2026-08-22 08:39:00.203497000,0.079497000,1
'2026-08-22 08:39:00.203511400,0.079511400,0
'2026-08-22 08:39:00.203523000,0.079523000,1
'2026-08-22 08:39:00.203537500,0.079537500,0
'2026-08-22 08:39:00.203538000,0.079538000,1
'2026-08-22 08:39:00.203538100,0.079538100,0
'2026-08-22 08:39:00.203549100,0.079549100,1
'2026-08-22 08:39:00.203563400,0.079563400,0
'2026-08-22 08:39:00.203575100,0.079575100,1
'2026-08-22 08:39:00.203589500,0.079589500,0
'2026-08-22 08:39:00.203589900,0.079589900,1
'2026-08-22 08:39:00.203590000,0.079590000,0
'2026-08-22 08:39:00.203601200,0.079601200,1
'2026-08-22 08:39:00.203615700,0.079615700,0
'2026-08-22 08:39:00.203627200,0.079627200,1
'2026-08-22 08:39:00.203641800,0.079641800,0
'2026-08-22 08:39:00.203651000,0.079651000,1
'2026-08-22 08:39:00.204064200,0.080064200,0
'2026-08-22 08:39:00.204069800,0.080069800,1
'2026-08-22 08:39:00.204084200,0.080084200,0
'2026-08-22 08:39:00.204095900,0.080095900,1
'2026-08-22 08:39:00.204110300,0.080110300,0
'2026-08-22 08:39:00.204121900,0.080121900,1
'2026-08-22 08:39:00.204136200,0.080136200,0
'2026-08-22 08:39:00.204148000,0.080148000,1
'2026-08-22 08:39:00.204162300,0.080162300,0
'2026-08-22 08:39:00.204174000,0.080174000,1
'2026-08-22 08:39:00.204188600,0.080188600,0
'2026-08-22 08:39:00.204189300,0.080189300,1
'2026-08-22 08:39:00.204189400,0.080189400,0
'2026-08-22 08:39:00.204198700,0.080198700,1
'2026-08-22 08:39:00.204198800,0.080198800,0
'2026-08-22 08:39:00.204200100,0.080200100,1
'2026-08-22 08:39:00.204214400,0.080214400,0
'2026-08-22 08:39:00.204226100,0.080226100,1
'2026-08-22 08:39:00.204240600,0.080240600,0
'2026-08-22 08:39:00.204252200,0.080252200,1
'2026-08-22 08:39:00.204266400,0.080266400,0
'2026-08-22 08:39:00.204278200,0.080278200,1
'2026-08-22 08:39:00.204292600,0.080292600,0
'2026-08-22 08:39:00.204299100,0.080299100,1
'2026-08-22 08:39:00.204299200,0.080299200,0
'2026-08-22 08:39:00.204304300,0.080304300,1
'2026-08-22 08:39:00.204318800,0.080318800,0
'2026-08-22 08:39:00.204330300,0.080330300,1
'2026-08-22 08:39:00.204344600,0.080344600,0
'2026-08-22 08:39:00.204347300,0.080347300,1
'2026-08-22 08:39:00.204347400,0.080347400,0
'2026-08-22 08:39:00.204356400,0.080356400,1
'2026-08-22 08:39:00.204370800,0.080370800,0
'2026-08-22 08:39:00.204382400,0.080382400,1
'2026-08-22 08:39:00.204396700,0.080396700,0
'2026-08-22 08:39:00.204396800,0.080396800,1
'2026-08-22 08:39:00.204397000,0.080397000,0
'2026-08-22 08:39:00.204408300,0.080408300,1
'2026-08-22 08:39:00.204422800,0.080422800,0
'2026-08-22 08:39:00.204429000,0.080429000,1
'2026-08-22 08:39:00.204429100,0.080429100,0
'2026-08-22 08:39:00.204434500,0.080434500,1
'2026-08-22 08:39:00.204449100,0.080449100,0
'2026-08-22 08:39:00.204449300,0.080449300,1
'2026-08-22 08:39:00.204449500,0.080449500,0
'2026-08-22 08:39:00.204450600,0.080450600,1
'2026-08-22 08:39:00.204450700,0.080450700,0
'2026-08-22 08:39:00.204451800,0.080451800,1
'2026-08-22 08:39:00.204451900,0.080451900,0
'2026-08-22 08:39:00.204454100,0.080454100,1
'2026-08-22 08:39:00.204454200,0.080454200,0
'2026-08-22 08:39:00.204458500,0.080458500,1
'2026-08-22 08:39:00.204458600,0.080458600,0
'2026-08-22 08:39:00.204460500,0.080460500,1
'2026-08-22 08:39:00.204894000,0.080894000,0
'2026-08-22 08:39:00.204903100,0.080903100,1
'2026-08-22 08:39:00.204917400,0.080917400,0
'2026-08-22 08:39:00.204929200,0.080929200,1
'2026-08-22 08:39:00.204943600,0.080943600,0
'2026-08-22 08:39:00.204955300,0.080955300,1
'2026-08-22 08:39:00.204969600,0.080969600,0
'2026-08-22 08:39:00.204981300,0.080981300,1
'2026-08-22 08:39:00.204995700,0.080995700,0
'2026-08-22 08:39:00.204997800,0.080997800,1
'2026-08-22 08:39:00.204997900,0.080997900,0
'2026-08-22 08:39:00.205007400,0.081007400,1
'2026-08-22 08:39:00.205021900,0.081021900,0
'2026-08-22 08:39:00.205033400,0.081033400,1
'2026-08-22 08:39:00.205047800,0.081047800,0
'2026-08-22 08:39:00.205059500,0.081059500,1
'2026-08-22 08:39:00.205074000,0.081074000,0
'2026-08-22 08:39:00.205074100,0.081074100,1
'2026-08-22 08:39:00.205074400,0.081074400,0
'2026-08-22 08:39:00.205085500,0.081085500,1
'2026-08-22 08:39:00.205099800,0.081099800,0
'2026-08-22 08:39:00.205099900,0.081099900,1
'2026-08-22 08:39:00.205100000,0.081100000,0
'2026-08-22 08:39:00.205111500,0.081111500,1
'2026-08-22 08:39:00.205126300,0.081126300,0
'2026-08-22 08:39:00.205131500,0.081131500,1
'2026-08-22 08:39:00.205131600,0.081131600,0
'2026-08-22 08:39:00.205137600,0.081137600,1
'2026-08-22 08:39:00.205152000,0.081152000,0
'2026-08-22 08:39:00.205153700,0.081153700,1
'2026-08-22 08:39:00.205153800,0.081153800,0
'2026-08-22 08:39:00.205163600,0.081163600,1
'2026-08-22 08:39:00.205178200,0.081178200,0
'2026-08-22 08:39:00.205189700,0.081189700,1
'2026-08-22 08:39:00.205204200,0.081204200,0
'2026-08-22 08:39:00.205204400,0.081204400,1
'2026-08-22 08:39:00.205204600,0.081204600,0
'2026-08-22 08:39:00.205214400,0.081214400,1
'2026-08-22 08:39:00.205214500,0.081214500,0
'2026-08-22 08:39:00.205214900,0.081214900,1
'2026-08-22 08:39:00.205215000,0.081215000,0
'2026-08-22 08:39:00.205215200,0.081215200,1
'2026-08-22 08:39:00.205215300,0.081215300,0
'2026-08-22 08:39:00.205215700,0.081215700,1
'2026-08-22 08:39:00.205230200,0.081230200,0
'2026-08-22 08:39:00.205233100,0.081233100,1
'2026-08-22 08:39:00.205233200,0.081233200,0
'2026-08-22 08:39:00.205241800,0.081241800,1
'2026-08-22 08:39:00.205256300,0.081256300,0
'2026-08-22 08:39:00.205256400,0.081256400,1
'2026-08-22 08:39:00.205256500,0.081256500,0
'2026-08-22 08:39:00.205264900,0.081264900,1
'2026-08-22 08:39:00.205265000,0.081265000,0
'2026-08-22 08:39:00.205267800,0.081267800,1
'2026-08-22 08:39:00.205282400,0.081282400,0
'2026-08-22 08:39:00.205283300,0.081283300,1
'2026-08-22 08:39:00.205283400,0.081283400,0
'2026-08-22 08:39:00.205284400,0.081284400,1
'2026-08-22 08:39:00.205284500,0.081284500,0
'2026-08-22 08:39:00.205285600,0.081285600,1
'2026-08-22 08:39:00.205285700,0.081285700,0
'2026-08-22 08:39:00.205286700,0.081286700,1
'2026-08-22 08:39:00.205286800,0.081286800,0
'2026-08-22 08:39:00.205293900,0.081293900,1
'2026-08-22 08:39:00.205724800,0.081724800,0
'2026-08-22 08:39:00.205736500,0.081736500,1
'2026-08-22 08:39:00.205750800,0.081750800,0
'2026-08-22 08:39:00.205750900,0.081750900,1
'2026-08-22 08:39:00.205751000,0.081751000,0
'2026-08-22 08:39:00.205762500,0.081762500,1
'2026-08-22 08:39:00.205777000,0.081777000,0
'2026-08-22 08:39:00.205777100,0.081777100,1
'2026-08-22 08:39:00.205777200,0.081777200,0
'2026-08-22 08:39:00.205788600,0.081788600,1
'2026-08-22 08:39:00.205803000,0.081803000,0
'2026-08-22 08:39:00.205814600,0.081814600,1
'2026-08-22 08:39:00.205829200,0.081829200,0
'2026-08-22 08:39:00.205840700,0.081840700,1
'2026-08-22 08:39:00.205855000,0.081855000,0
'2026-08-22 08:39:00.205860000,0.081860000,1
'2026-08-22 08:39:00.205860100,0.081860100,0
'2026-08-22 08:39:00.205866700,0.081866700,1
'2026-08-22 08:39:00.205881200,0.081881200,0
'2026-08-22 08:39:00.205892800,0.081892800,1
'2026-08-22 08:39:00.205907200,0.081907200,0
'2026-08-22 08:39:00.205907300,0.081907300,1
'2026-08-22 08:39:00.205907400,0.081907400,0
'2026-08-22 08:39:00.205918800,0.081918800,1
'2026-08-22 08:39:00.205933200,0.081933200,0
'2026-08-22 08:39:00.205944900,0.081944900,1
'2026-08-22 08:39:00.205959400,0.081959400,0
'2026-08-22 08:39:00.205966600,0.081966600,1
'2026-08-22 08:39:00.205966700,0.081966700,0
'2026-08-22 08:39:00.205970900,0.081970900,1
'2026-08-22 08:39:00.205985400,0.081985400,0
'2026-08-22 08:39:00.205997000,0.081997000,1
'2026-08-22 08:39:00.206011500,0.082011500,0
'2026-08-22 08:39:00.206013700,0.082013700,1
'2026-08-22 08:39:00.206013800,0.082013800,0
'2026-08-22 08:39:00.206023000,0.082023000,1
'2026-08-22 08:39:00.206037800,0.082037800,0
'2026-08-22 08:39:00.206038700,0.082038700,1
'2026-08-22 08:39:00.206038800,0.082038800,0
'2026-08-22 08:39:00.206049100,0.082049100,1
'2026-08-22 08:39:00.206063500,0.082063500,0
'2026-08-22 08:39:00.206064300,0.082064300,1
'2026-08-22 08:39:00.206064400,0.082064400,0
'2026-08-22 08:39:00.206067900,0.082067900,1
'2026-08-22 08:39:00.206068000,0.082068000,0
'2026-08-22 08:39:00.206075100,0.082075100,1
'2026-08-22 08:39:00.206089800,0.082089800,0
'2026-08-22 08:39:00.206090000,0.082090000,1
'2026-08-22 08:39:00.206090200,0.082090200,0
'2026-08-22 08:39:00.206093000,0.082093000,1
'2026-08-22 08:39:00.206093100,0.082093100,0
'2026-08-22 08:39:00.206097600,0.082097600,1
'2026-08-22 08:39:00.206097700,0.082097700,0
'2026-08-22 08:39:00.206101200,0.082101200,1
'2026-08-22 08:39:00.206115600,0.082115600,0
'2026-08-22 08:39:00.206115700,0.082115700,1
'2026-08-22 08:39:00.206115800,0.082115800,0
'2026-08-22 08:39:00.206122300,0.082122300,1
'2026-08-22 08:39:00.206122400,0.082122400,0
'2026-08-22 08:39:00.206125300,0.082125300,1
'2026-08-22 08:39:00.206538600,0.082538600,0
'2026-08-22 08:39:00.206538700,0.082538700,1
'2026-08-22 08:39:00.206538800,0.082538800,0
'2026-08-22 08:39:00.206543800,0.082543800,1
'2026-08-22 08:39:00.206558300,0.082558300,0
'2026-08-22 08:39:00.206569800,0.082569800,1
'2026-08-22 08:39:00.206584200,0.082584200,0
'2026-08-22 08:39:00.206595900,0.082595900,1
'2026-08-22 08:39:00.206610300,0.082610300,0
'2026-08-22 08:39:00.206621900,0.082621900,1
'2026-08-22 08:39:00.206636500,0.082636500,0
'2026-08-22 08:39:00.206648000,0.082648000,1
'2026-08-22 08:39:00.206662400,0.082662400,0
'2026-08-22 08:39:00.206662700,0.082662700,1
'2026-08-22 08:39:00.206662800,0.082662800,0
'2026-08-22 08:39:00.206674000,0.082674000,1
'2026-08-22 08:39:00.206688500,0.082688500,0
'2026-08-22 08:39:00.206700100,0.082700100,1
'2026-08-22 08:39:00.206714500,0.082714500,0
'2026-08-22 08:39:00.206726100,0.082726100,1
'2026-08-22 08:39:00.206740600,0.082740600,0
'2026-08-22 08:39:00.206741500,0.082741500,1
'2026-08-22 08:39:00.206741600,0.082741600,0
'2026-08-22 08:39:00.206752200,0.082752200,1
'2026-08-22 08:39:00.206766700,0.082766700,0
'2026-08-22 08:39:00.206778200,0.082778200,1
'2026-08-22 08:39:00.206792600,0.082792600,0
'2026-08-22 08:39:00.206792700,0.082792700,1
'2026-08-22 08:39:00.206792900,0.082792900,0
'2026-08-22 08:39:00.206803400,0.082803400,1
'2026-08-22 08:39:00.206803500,0.082803500,0
'2026-08-22 08:39:00.206804300,0.082804300,1
'2026-08-22 08:39:00.206818800,0.082818800,0
'2026-08-22 08:39:00.206824400,0.082824400,1
'2026-08-22 08:39:00.206824500,0.082824500,0
'2026-08-22 08:39:00.206830300,0.082830300,1
'2026-08-22 08:39:00.206844900,0.082844900,0
'2026-08-22 08:39:00.206845100,0.082845100,1
'2026-08-22 08:39:00.206845200,0.082845200,0
'2026-08-22 08:39:00.206847100,0.082847100,1
'2026-08-22 08:39:00.206847200,0.082847200,0
'2026-08-22 08:39:00.206848300,0.082848300,1
'2026-08-22 08:39:00.206848400,0.082848400,0
'2026-08-22 08:39:00.206856400,0.082856400,1
'2026-08-22 08:39:00.206870800,0.082870800,0
'2026-08-22 08:39:00.206871100,0.082871100,1
'2026-08-22 08:39:00.206871200,0.082871200,0
'2026-08-22 08:39:00.206882400,0.082882400,1
'2026-08-22 08:39:00.206897000,0.082897000,0
'2026-08-22 08:39:00.206897400,0.082897400,1
'2026-08-22 08:39:00.206897500,0.082897500,0
'2026-08-22 08:39:00.206908500,0.082908500,1
'2026-08-22 08:39:00.206922900,0.082922900,0
'2026-08-22 08:39:00.206924100,0.082924100,1
'2026-08-22 08:39:00.206924200,0.082924200,0
'2026-08-22 08:39:00.206926500,0.082926500,1
'2026-08-22 08:39:00.206926600,0.082926600,0
'2026-08-22 08:39:00.206927900,0.082927900,1
'2026-08-22 08:39:00.206928000,0.082928000,0
'2026-08-22 08:39:00.206934500,0.082934500,1
'2026-08-22 08:39:00.207365700,0.083365700,0
'2026-08-22 08:39:00.207377200,0.083377200,1
'2026-08-22 08:39:00.207391500,0.083391500,0
'2026-08-22 08:39:00.207403200,0.083403200,1
'2026-08-22 08:39:00.207417700,0.083417700,0
'2026-08-22 08:39:00.207429300,0.083429300,1
'2026-08-22 08:39:00.207443600,0.083443600,0
'2026-08-22 08:39:00.207455300,0.083455300,1
'2026-08-22 08:39:00.207469700,0.083469700,0
'2026-08-22 08:39:00.207481400,0.083481400,1
'2026-08-22 08:39:00.207495700,0.083495700,0
'2026-08-22 08:39:00.207495800,0.083495800,1
'2026-08-22 08:39:00.207496000,0.083496000,0
'2026-08-22 08:39:00.207497800,0.083497800,1
'2026-08-22 08:39:00.207497900,0.083497900,0
'2026-08-22 08:39:00.207507400,0.083507400,1
'2026-08-22 08:39:00.207521700,0.083521700,0
'2026-08-22 08:39:00.207533500,0.083533500,1
'2026-08-22 08:39:00.207547900,0.083547900,0
'2026-08-22 08:39:00.207548000,0.083548000,1
'2026-08-22 08:39:00.207548100,0.083548100,0
'2026-08-22 08:39:00.207559500,0.083559500,1
'2026-08-22 08:39:00.207574100,0.083574100,0
'2026-08-22 08:39:00.207585600,0.083585600,1
'2026-08-22 08:39:00.207600000,0.083600000,0
'2026-08-22 08:39:00.207600300,0.083600300,1
'2026-08-22 08:39:00.207600400,0.083600400,0
'2026-08-22 08:39:00.207603900,0.083603900,1
'2026-08-22 08:39:00.207604000,0.083604000,0
'2026-08-22 08:39:00.207611600,0.083611600,1
'2026-08-22 08:39:00.207626200,0.083626200,0
'2026-08-22 08:39:00.207626400,0.083626400,1
'2026-08-22 08:39:00.207626600,0.083626600,0
'2026-08-22 08:39:00.207627100,0.083627100,1
'2026-08-22 08:39:00.207627200,0.083627200,0
'2026-08-22 08:39:00.207633500,0.083633500,1
'2026-08-22 08:39:00.207633600,0.083633600,0
'2026-08-22 08:39:00.207637600,0.083637600,1
'2026-08-22 08:39:00.207652200,0.083652200,0
'2026-08-22 08:39:00.207656500,0.083656500,1
'2026-08-22 08:39:00.207656600,0.083656600,0
'2026-08-22 08:39:00.207657500,0.083657500,1
'2026-08-22 08:39:00.207657600,0.083657600,0
'2026-08-22 08:39:00.207663700,0.083663700,1
'2026-08-22 08:39:00.207678200,0.083678200,0
'2026-08-22 08:39:00.207678300,0.083678300,1
'2026-08-22 08:39:00.207678400,0.083678400,0
'2026-08-22 08:39:00.207678500,0.083678500,1
'2026-08-22 08:39:00.207678600,0.083678600,0
'2026-08-22 08:39:00.207679700,0.083679700,1
'2026-08-22 08:39:00.207679800,0.083679800,0
'2026-08-22 08:39:00.207689700,0.083689700,1
'2026-08-22 08:39:00.207704300,0.083704300,0
'2026-08-22 08:39:00.207715800,0.083715800,1
'2026-08-22 08:39:00.207730300,0.083730300,0
'2026-08-22 08:39:00.207730400,0.083730400,1
'2026-08-22 08:39:00.207730600,0.083730600,0
'2026-08-22 08:39:00.207739300,0.083739300,1
'2026-08-22 08:39:00.207739400,0.083739400,0
'2026-08-22 08:39:00.207741800,0.083741800,1
'2026-08-22 08:39:00.207756300,0.083756300,0
'2026-08-22 08:39:00.207764300,0.083764300,1
'2026-08-22 08:39:00.207764400,0.083764400,0
'2026-08-22 08:39:00.207767900,0.083767900,1
'2026-08-22 08:39:00.208183200,0.084183200,0
'2026-08-22 08:39:00.208184500,0.084184500,1
'2026-08-22 08:39:00.208198800,0.084198800,0
'2026-08-22 08:39:00.208210500,0.084210500,1
'2026-08-22 08:39:00.208224800,0.084224800,0
'2026-08-22 08:39:00.208236600,0.084236600,1
'2026-08-22 08:39:00.208250900,0.084250900,0
'2026-08-22 08:39:00.208262600,0.084262600,1
'2026-08-22 08:39:00.208277100,0.084277100,0
'2026-08-22 08:39:00.208288700,0.084288700,1
'2026-08-22 08:39:00.208303100,0.084303100,0
'2026-08-22 08:39:00.208303200,0.084303200,1
'2026-08-22 08:39:00.208303300,0.084303300,0
'2026-08-22 08:39:00.208314700,0.084314700,1
'2026-08-22 08:39:00.208329100,0.084329100,0
'2026-08-22 08:39:00.208330100,0.084330100,1
'2026-08-22 08:39:00.208330200,0.084330200,0
'2026-08-22 08:39:00.208340800,0.084340800,1
'2026-08-22 08:39:00.208355300,0.084355300,0
'2026-08-22 08:39:00.208366800,0.084366800,1
'2026-08-22 08:39:00.208381200,0.084381200,0
'2026-08-22 08:39:00.208392900,0.084392900,1
'2026-08-22 08:39:00.208407300,0.084407300,0
'2026-08-22 08:39:00.208410000,0.084410000,1
'2026-08-22 08:39:00.208410100,0.084410100,0
'2026-08-22 08:39:00.208417600,0.084417600,1
'2026-08-22 08:39:00.208417700,0.084417700,0
'2026-08-22 08:39:00.208418900,0.084418900,1
'2026-08-22 08:39:00.208433500,0.084433500,0
'2026-08-22 08:39:00.208445000,0.084445000,1
'2026-08-22 08:39:00.208459400,0.084459400,0
'2026-08-22 08:39:00.208459700,0.084459700,1
'2026-08-22 08:39:00.208459800,0.084459800,0
'2026-08-22 08:39:00.208471000,0.084471000,1
'2026-08-22 08:39:00.208485500,0.084485500,0
'2026-08-22 08:39:00.208497100,0.084497100,1
'2026-08-22 08:39:00.208511600,0.084511600,0
'2026-08-22 08:39:00.208513300,0.084513300,1
'2026-08-22 08:39:00.208513400,0.084513400,0
'2026-08-22 08:39:00.208523100,0.084523100,1
'2026-08-22 08:39:00.208537500,0.084537500,0
'2026-08-22 08:39:00.208543100,0.084543100,1
'2026-08-22 08:39:00.208543200,0.084543200,0
'2026-08-22 08:39:00.208547300,0.084547300,1
'2026-08-22 08:39:00.208547400,0.084547400,0
'2026-08-22 08:39:00.208549200,0.084549200,1
'2026-08-22 08:39:00.208564000,0.084564000,0
'2026-08-22 08:39:00.208572300,0.084572300,1
'2026-08-22 08:39:00.208572400,0.084572400,0
'2026-08-22 08:39:00.208575200,0.084575200,1
'2026-08-22 08:39:00.208589600,0.084589600,0
'2026-08-22 08:39:00.208592100,0.084592100,1
'2026-08-22 08:39:00.209006300,0.085006300,0
'2026-08-22 08:39:00.209017900,0.085017900,1
'2026-08-22 08:39:00.209032200,0.085032200,0
'2026-08-22 08:39:00.209043900,0.085043900,1
'2026-08-22 08:39:00.209058400,0.085058400,0
'2026-08-22 08:39:00.209070000,0.085070000,1
'2026-08-22 08:39:00.209084300,0.085084300,0
'2026-08-22 08:39:00.209096000,0.085096000,1
'2026-08-22 08:39:00.209110400,0.085110400,0
'2026-08-22 08:39:00.209122100,0.085122100,1
'2026-08-22 08:39:00.209136600,0.085136600,0
'2026-08-22 08:39:00.209138200,0.085138200,1
'2026-08-22 08:39:00.209138300,0.085138300,0
'2026-08-22 08:39:00.209148100,0.085148100,1
'2026-08-22 08:39:00.209162500,0.085162500,0
'2026-08-22 08:39:00.209162700,0.085162700,1
'2026-08-22 08:39:00.209162800,0.085162800,0
'2026-08-22 08:39:00.209174200,0.085174200,1
'2026-08-22 08:39:00.209188600,0.085188600,0
'2026-08-22 08:39:00.209200200,0.085200200,1
'2026-08-22 08:39:00.209214800,0.085214800,0
'2026-08-22 08:39:00.209222300,0.085222300,1
'2026-08-22 08:39:00.209222400,0.085222400,0
'2026-08-22 08:39:00.209224500,0.085224500,1
'2026-08-22 08:39:00.209224600,0.085224600,0
'2026-08-22 08:39:00.209226300,0.085226300,1
'2026-08-22 08:39:00.209240600,0.085240600,0
'2026-08-22 08:39:00.209247300,0.085247300,1
'2026-08-22 08:39:00.209247400,0.085247400,0
'2026-08-22 08:39:00.209252300,0.085252300,1
'2026-08-22 08:39:00.209266800,0.085266800,0
'2026-08-22 08:39:00.209274800,0.085274800,1
'2026-08-22 08:39:00.209274900,0.085274900,0
'2026-08-22 08:39:00.209278400,0.085278400,1
'2026-08-22 08:39:00.209292800,0.085292800,0
'2026-08-22 08:39:00.209292900,0.085292900,1
'2026-08-22 08:39:00.209293000,0.085293000,0
'2026-08-22 08:39:00.209295300,0.085295300,1
'2026-08-22 08:39:00.209295400,0.085295400,0
'2026-08-22 08:39:00.209304400,0.085304400,1
'2026-08-22 08:39:00.209318900,0.085318900,0
'2026-08-22 08:39:00.209319200,0.085319200,1
'2026-08-22 08:39:00.209319300,0.085319300,0
'2026-08-22 08:39:00.209330500,0.085330500,1
'2026-08-22 08:39:00.209345100,0.085345100,0
'2026-08-22 08:39:00.209347200,0.085347200,1
'2026-08-22 08:39:00.209347400,0.085347400,0
'2026-08-22 08:39:00.209355000,0.085355000,1
'2026-08-22 08:39:00.209355100,0.085355100,0
'2026-08-22 08:39:00.209356500,0.085356500,1
'2026-08-22 08:39:00.209371000,0.085371000,0
'2026-08-22 08:39:00.209372300,0.085372300,1
'2026-08-22 08:39:00.209372400,0.085372400,0
'2026-08-22 08:39:00.209373500,0.085373500,1
'2026-08-22 08:39:00.209373600,0.085373600,0
'2026-08-22 08:39:00.209376600,0.085376600,1
'2026-08-22 08:39:00.209376700,0.085376700,0
'2026-08-22 08:39:00.209382600,0.085382600,1
'2026-08-22 08:39:00.209397100,0.085397100,0
'2026-08-22 08:39:00.209397300,0.085397300,1
'2026-08-22 08:39:00.209397500,0.085397500,0
'2026-08-22 08:39:00.209406700,0.085406700,1
'2026-08-22 08:39:00.209406800,0.085406800,0
'2026-08-22 08:39:00.209407300,0.085407300,1
'2026-08-22 08:39:00.209407400,0.085407400,0
'2026-08-22 08:39:00.209408600,0.085408600,1
'2026-08-22 08:39:00.209839400,0.085839400,0
'2026-08-22 08:39:00.209851300,0.085851300,1
'2026-08-22 08:39:00.209865600,0.085865600,0
'2026-08-22 08:39:00.209877300,0.085877300,1
'2026-08-22 08:39:00.209891600,0.085891600,0
'2026-08-22 08:39:00.209891700,0.085891700,1
'2026-08-22 08:39:00.209891800,0.085891800,0
'2026-08-22 08:39:00.209894500,0.085894500,1
'2026-08-22 08:39:00.209894600,0.085894600,0
'2026-08-22 08:39:00.209903400,0.085903400,1
'2026-08-22 08:39:00.209917700,0.085917700,0
'2026-08-22 08:39:00.209929400,0.085929400,1
'2026-08-22 08:39:00.209943900,0.085943900,0
'2026-08-22 08:39:00.209950100,0.085950100,1
'2026-08-22 08:39:00.209950200,0.085950200,0
'2026-08-22 08:39:00.209955500,0.085955500,1
'2026-08-22 08:39:00.209969900,0.085969900,0
'2026-08-22 08:39:00.209981500,0.085981500,1
'2026-08-22 08:39:00.209996000,0.085996000,0
'2026-08-22 08:39:00.210007600,0.086007600,1
'2026-08-22 08:39:00.210022200,0.086022200,0
'2026-08-22 08:39:00.210022800,0.086022800,1
'2026-08-22 08:39:00.210022900,0.086022900,0
'2026-08-22 08:39:00.210033600,0.086033600,1
'2026-08-22 08:39:00.210048000,0.086048000,0
'2026-08-22 08:39:00.210048200,0.086048200,1
'2026-08-22 08:39:00.210048400,0.086048400,0
'2026-08-22 08:39:00.210059700,0.086059700,1
'2026-08-22 08:39:00.210074100,0.086074100,0
'2026-08-22 08:39:00.210085700,0.086085700,1
'2026-08-22 08:39:00.210100300,0.086100300,0
'2026-08-22 08:39:00.210111800,0.086111800,1
'2026-08-22 08:39:00.210126200,0.086126200,0
'2026-08-22 08:39:00.210131200,0.086131200,1
'2026-08-22 08:39:00.210131300,0.086131300,0
'2026-08-22 08:39:00.210132900,0.086132900,1
'2026-08-22 08:39:00.210133000,0.086133000,0
'2026-08-22 08:39:00.210137800,0.086137800,1
'2026-08-22 08:39:00.210152400,0.086152400,0
'2026-08-22 08:39:00.210152700,0.086152700,1
'2026-08-22 08:39:00.210152900,0.086152900,0
'2026-08-22 08:39:00.210153300,0.086153300,1
'2026-08-22 08:39:00.210153400,0.086153400,0
'2026-08-22 08:39:00.210163900,0.086163900,1
'2026-08-22 08:39:00.210178300,0.086178300,0
'2026-08-22 08:39:00.210184300,0.086184300,1
'2026-08-22 08:39:00.210184400,0.086184400,0
'2026-08-22 08:39:00.210189900,0.086189900,1
'2026-08-22 08:39:00.210204500,0.086204500,0
'2026-08-22 08:39:00.210204700,0.086204700,1
'2026-08-22 08:39:00.210204800,0.086204800,0
'2026-08-22 08:39:00.210216000,0.086216000,1
'2026-08-22 08:39:00.210230500,0.086230500,0
'2026-08-22 08:39:00.210238000,0.086238000,1
'2026-08-22 08:39:00.210238100,0.086238100,0
'2026-08-22 08:39:00.210242000,0.086242000,1
'2026-08-22 08:39:00.210657500,0.086657500,0
'2026-08-22 08:39:00.210658600,0.086658600,1
'2026-08-22 08:39:00.210673000,0.086673000,0
'2026-08-22 08:39:00.210684600,0.086684600,1
'2026-08-22 08:39:00.210699000,0.086699000,0
'2026-08-22 08:39:00.210710700,0.086710700,1
'2026-08-22 08:39:00.210725000,0.086725000,0
'2026-08-22 08:39:00.210725100,0.086725100,1
'2026-08-22 08:39:00.210725200,0.086725200,0
'2026-08-22 08:39:00.210736700,0.086736700,1
'2026-08-22 08:39:00.210751200,0.086751200,0
'2026-08-22 08:39:00.210753500,0.086753500,1
'2026-08-22 08:39:00.210753600,0.086753600,0
'2026-08-22 08:39:00.210762800,0.086762800,1
'2026-08-22 08:39:00.210777100,0.086777100,0
'2026-08-22 08:39:00.210788800,0.086788800,1
'2026-08-22 08:39:00.210803300,0.086803300,0
'2026-08-22 08:39:00.210814900,0.086814900,1
'2026-08-22 08:39:00.210829400,0.086829400,0
'2026-08-22 08:39:00.210840900,0.086840900,1
'2026-08-22 08:39:00.210855600,0.086855600,0
'2026-08-22 08:39:00.210855700,0.086855700,1
'2026-08-22 08:39:00.210855800,0.086855800,0
'2026-08-22 08:39:00.210867000,0.086867000,1
'2026-08-22 08:39:00.210881400,0.086881400,0
'2026-08-22 08:39:00.210893000,0.086893000,1
'2026-08-22 08:39:00.210907400,0.086907400,0
'2026-08-22 08:39:00.210909300,0.086909300,1
'2026-08-22 08:39:00.210909400,0.086909400,0
'2026-08-22 08:39:00.210918100,0.086918100,1
'2026-08-22 08:39:00.210918200,0.086918200,0
'2026-08-22 08:39:00.210919100,0.086919100,1
'2026-08-22 08:39:00.210933500,0.086933500,0
'2026-08-22 08:39:00.210933900,0.086933900,1
'2026-08-22 08:39:00.210934000,0.086934000,0
'2026-08-22 08:39:00.210935100,0.086935100,1
'2026-08-22 08:39:00.210935200,0.086935200,0
'2026-08-22 08:39:00.210935700,0.086935700,1
'2026-08-22 08:39:00.210935800,0.086935800,0
'2026-08-22 08:39:00.210945100,0.086945100,1
'2026-08-22 08:39:00.210959500,0.086959500,0
'2026-08-22 08:39:00.210971200,0.086971200,1
'2026-08-22 08:39:00.210985600,0.086985600,0
'2026-08-22 08:39:00.210985800,0.086985800,1
'2026-08-22 08:39:00.210986000,0.086986000,0
'2026-08-22 08:39:00.210986400,0.086986400,1
'2026-08-22 08:39:00.210986500,0.086986500,0
'2026-08-22 08:39:00.210997200,0.086997200,1
'2026-08-22 08:39:00.211011600,0.087011600,0
'2026-08-22 08:39:00.211013200,0.087013200,1
'2026-08-22 08:39:00.211013400,0.087013400,0
'2026-08-22 08:39:00.211023300,0.087023300,1
'2026-08-22 08:39:00.211037700,0.087037700,0
'2026-08-22 08:39:00.211037800,0.087037800,1
'2026-08-22 08:39:00.211037900,0.087037900,0
'2026-08-22 08:39:00.211041300,0.087041300,1
'2026-08-22 08:39:00.211041400,0.087041400,0
'2026-08-22 08:39:00.211044200,0.087044200,1
'2026-08-22 08:39:00.211044300,0.087044300,0
'2026-08-22 08:39:00.211049300,0.087049300,1
'2026-08-22 08:39:00.211063800,0.087063800,0
'2026-08-22 08:39:00.211063900,0.087063900,1
'2026-08-22 08:39:00.211064000,0.087064000,0
'2026-08-22 08:39:00.211065800,0.087065800,1
'2026-08-22 08:39:00.211065900,0.087065900,0
'2026-08-22 08:39:00.211066600,0.087066600,1
'2026-08-22 08:39:00.211480200,0.087480200,0
'2026-08-22 08:39:00.211492000,0.087492000,1
'2026-08-22 08:39:00.211506300,0.087506300,0
'2026-08-22 08:39:00.211518000,0.087518000,1
'2026-08-22 08:39:00.211532400,0.087532400,0
'2026-08-22 08:39:00.211544100,0.087544100,1
'2026-08-22 08:39:00.211558400,0.087558400,0
'2026-08-22 08:39:00.211558600,0.087558600,1
'2026-08-22 08:39:00.211558700,0.087558700,0
'2026-08-22 08:39:00.211570100,0.087570100,1
'2026-08-22 08:39:00.211584500,0.087584500,0
'2026-08-22 08:39:00.211596200,0.087596200,1
'2026-08-22 08:39:00.211610700,0.087610700,0
'2026-08-22 08:39:00.211622200,0.087622200,1
'2026-08-22 08:39:00.211636700,0.087636700,0
'2026-08-22 08:39:00.211638200,0.087638200,1
'2026-08-22 08:39:00.211638300,0.087638300,0
'2026-08-22 08:39:00.211648300,0.087648300,1
'2026-08-22 08:39:00.211662600,0.087662600,0
'2026-08-22 08:39:00.211674300,0.087674300,1
'2026-08-22 08:39:00.211688900,0.087688900,0
'2026-08-22 08:39:00.211697300,0.087697300,1
'2026-08-22 08:39:00.211697400,0.087697400,0
'2026-08-22 08:39:00.211700400,0.087700400,1
'2026-08-22 08:39:00.211714700,0.087714700,0
'2026-08-22 08:39:00.211726400,0.087726400,1
'2026-08-22 08:39:00.211740900,0.087740900,0
'2026-08-22 08:39:00.211752500,0.087752500,1
'2026-08-22 08:39:00.211766900,0.087766900,0
'2026-08-22 08:39:00.211767000,0.087767000,1
'2026-08-22 08:39:00.211767100,0.087767100,0
'2026-08-22 08:39:00.211767300,0.087767300,1
'2026-08-22 08:39:00.211767400,0.087767400,0
'2026-08-22 08:39:00.211772300,0.087772300,1
'2026-08-22 08:39:00.211772400,0.087772400,0
'2026-08-22 08:39:00.211778500,0.087778500,1
'2026-08-22 08:39:00.211793000,0.087793000,0
'2026-08-22 08:39:00.211797300,0.087797300,1
'2026-08-22 08:39:00.211797400,0.087797400,0
'2026-08-22 08:39:00.211801500,0.087801500,1
'2026-08-22 08:39:00.211801600,0.087801600,0
'2026-08-22 08:39:00.211804600,0.087804600,1
'2026-08-22 08:39:00.211819100,0.087819100,0
'2026-08-22 08:39:00.211819600,0.087819600,1
'2026-08-22 08:39:00.211819700,0.087819700,0
'2026-08-22 08:39:00.211825500,0.087825500,1
'2026-08-22 08:39:00.211825600,0.087825600,0
'2026-08-22 08:39:00.211830600,0.087830600,1
'2026-08-22 08:39:00.211845100,0.087845100,0
'2026-08-22 08:39:00.211846500,0.087846500,1
'2026-08-22 08:39:00.211846600,0.087846600,0
'2026-08-22 08:39:00.211848800,0.087848800,1
'2026-08-22 08:39:00.211848900,0.087848900,0
'2026-08-22 08:39:00.211856700,0.087856700,1
'2026-08-22 08:39:00.211871200,0.087871200,0
'2026-08-22 08:39:00.211882700,0.087882700,1
'2026-08-22 08:39:00.212313700,0.088313700,0
'2026-08-22 08:39:00.212325300,0.088325300,1
'2026-08-22 08:39:00.212339700,0.088339700,0
'2026-08-22 08:39:00.212351400,0.088351400,1
'2026-08-22 08:39:00.212365700,0.088365700,0
'2026-08-22 08:39:00.212377400,0.088377400,1
'2026-08-22 08:39:00.212392000,0.088392000,0
'2026-08-22 08:39:00.212403500,0.088403500,1
'2026-08-22 08:39:00.212417800,0.088417800,0
'2026-08-22 08:39:00.212418100,0.088418100,1
'2026-08-22 08:39:00.212418200,0.088418200,0
'2026-08-22 08:39:00.212429500,0.088429500,1
'2026-08-22 08:39:00.212444000,0.088444000,0
'2026-08-22 08:39:00.212455600,0.088455600,1
'2026-08-22 08:39:00.212470000,0.088470000,0
'2026-08-22 08:39:00.212470400,0.088470400,1
'2026-08-22 08:39:00.212470500,0.088470500,0
'2026-08-22 08:39:00.212481600,0.088481600,1
'2026-08-22 08:39:00.212496000,0.088496000,0
'2026-08-22 08:39:00.212496300,0.088496300,1
'2026-08-22 08:39:00.212496400,0.088496400,0
'2026-08-22 08:39:00.212507700,0.088507700,1
'2026-08-22 08:39:00.212522200,0.088522200,0
'2026-08-22 08:39:00.212522300,0.088522300,1
'2026-08-22 08:39:00.212522400,0.088522400,0
'2026-08-22 08:39:00.212533700,0.088533700,1
'2026-08-22 08:39:00.212548000,0.088548000,0
'2026-08-22 08:39:00.212548300,0.088548300,1
'2026-08-22 08:39:00.212548400,0.088548400,0
'2026-08-22 08:39:00.212559800,0.088559800,1
'2026-08-22 08:39:00.212574200,0.088574200,0
'2026-08-22 08:39:00.212585800,0.088585800,1
'2026-08-22 08:39:00.212600400,0.088600400,0
'2026-08-22 08:39:00.212602400,0.088602400,1
'2026-08-22 08:39:00.212602500,0.088602500,0
'2026-08-22 08:39:00.212611900,0.088611900,1
'2026-08-22 08:39:00.212626400,0.088626400,0
'2026-08-22 08:39:00.212627700,0.088627700,1
'2026-08-22 08:39:00.212627800,0.088627800,0
'2026-08-22 08:39:00.212628200,0.088628200,1
'2026-08-22 08:39:00.212628400,0.088628400,0
'2026-08-22 08:39:00.212629900,0.088629900,1
'2026-08-22 08:39:00.212630200,0.088630200,0
'2026-08-22 08:39:00.212632100,0.088632100,1
'2026-08-22 08:39:00.212632200,0.088632200,0
'2026-08-22 08:39:00.212632300,0.088632300,1
'2026-08-22 08:39:00.212632500,0.088632500,0
'2026-08-22 08:39:00.212637900,0.088637900,1
'2026-08-22 08:39:00.212652400,0.088652400,0
'2026-08-22 08:39:00.212652800,0.088652800,1
'2026-08-22 08:39:00.212652900,0.088652900,0
'2026-08-22 08:39:00.212655200,0.088655200,1
'2026-08-22 08:39:00.212655300,0.088655300,0
'2026-08-22 08:39:00.212664000,0.088664000,1
'2026-08-22 08:39:00.212678600,0.088678600,0
'2026-08-22 08:39:00.212679000,0.088679000,1
'2026-08-22 08:39:00.212679100,0.088679100,0
'2026-08-22 08:39:00.212690000,0.088690000,1
'2026-08-22 08:39:00.212704400,0.088704400,0
'2026-08-22 08:39:00.212704700,0.088704700,1
'2026-08-22 08:39:00.212704800,0.088704800,0
'2026-08-22 08:39:00.212705300,0.088705300,1
'2026-08-22 08:39:00.212705400,0.088705400,0
'2026-08-22 08:39:00.212711100,0.088711100,1
'2026-08-22 08:39:00.213124300,0.089124300,0
'2026-08-22 08:39:00.213132600,0.089132600,1
'2026-08-22 08:39:00.213147000,0.089147000,0
'2026-08-22 08:39:00.213147300,0.089147300,1
'2026-08-22 08:39:00.213147400,0.089147400,0
'2026-08-22 08:39:00.213158700,0.089158700,1
'2026-08-22 08:39:00.213173100,0.089173100,0
'2026-08-22 08:39:00.213184700,0.089184700,1
'2026-08-22 08:39:00.213199200,0.089199200,0
'2026-08-22 08:39:00.213199300,0.089199300,1
'2026-08-22 08:39:00.213199400,0.089199400,0
'2026-08-22 08:39:00.213210800,0.089210800,1
'2026-08-22 08:39:00.213225200,0.089225200,0
'2026-08-22 08:39:00.213225600,0.089225600,1
'2026-08-22 08:39:00.213225700,0.089225700,0
'2026-08-22 08:39:00.213236800,0.089236800,1
'2026-08-22 08:39:00.213251400,0.089251400,0
'2026-08-22 08:39:00.213262900,0.089262900,1
'2026-08-22 08:39:00.213277300,0.089277300,0
'2026-08-22 08:39:00.213288900,0.089288900,1
'2026-08-22 08:39:00.213303400,0.089303400,0
'2026-08-22 08:39:00.213315000,0.089315000,1
'2026-08-22 08:39:00.213329400,0.089329400,0
'2026-08-22 08:39:00.213341000,0.089341000,1
'2026-08-22 08:39:00.213355500,0.089355500,0
'2026-08-22 08:39:00.213358100,0.089358100,1
'2026-08-22 08:39:00.213358200,0.089358200,0
'2026-08-22 08:39:00.213367100,0.089367100,1
'2026-08-22 08:39:00.213381600,0.089381600,0
'2026-08-22 08:39:00.213390200,0.089390200,1
'2026-08-22 08:39:00.213390300,0.089390300,0
'2026-08-22 08:39:00.213393100,0.089393100,1
'2026-08-22 08:39:00.213407900,0.089407900,0
'2026-08-22 08:39:00.213408300,0.089408300,1
'2026-08-22 08:39:00.213408400,0.089408400,0
'2026-08-22 08:39:00.213419200,0.089419200,1
'2026-08-22 08:39:00.213433900,0.089433900,0
'2026-08-22 08:39:00.213439900,0.089439900,1
'2026-08-22 08:39:00.213440000,0.089440000,0
'2026-08-22 08:39:00.213445200,0.089445200,1
'2026-08-22 08:39:00.213459800,0.089459800,0
'2026-08-22 08:39:00.213459900,0.089459900,1
'2026-08-22 08:39:00.213460000,0.089460000,0
'2026-08-22 08:39:00.213460300,0.089460300,1
'2026-08-22 08:39:00.213460400,0.089460400,0
'2026-08-22 08:39:00.213471300,0.089471300,1
'2026-08-22 08:39:00.213485600,0.089485600,0
'2026-08-22 08:39:00.213486500,0.089486500,1
'2026-08-22 08:39:00.213486600,0.089486600,0
'2026-08-22 08:39:00.213491800,0.089491800,1
'2026-08-22 08:39:00.213491900,0.089491900,0
'2026-08-22 08:39:00.213494100,0.089494100,1
'2026-08-22 08:39:00.213494200,0.089494200,0
'2026-08-22 08:39:00.213497300,0.089497300,1
'2026-08-22 08:39:00.213512000,0.089512000,0
'2026-08-22 08:39:00.213512200,0.089512200,1
'2026-08-22 08:39:00.213512400,0.089512400,0
'2026-08-22 08:39:00.213513300,0.089513300,1
'2026-08-22 08:39:00.213513500,0.089513500,0
'2026-08-22 08:39:00.213523400,0.089523400,1
'2026-08-22 08:39:00.213954400,0.089954400,0
'2026-08-22 08:39:00.213966000,0.089966000,1
'2026-08-22 08:39:00.213980200,0.089980200,0
'2026-08-22 08:39:00.213980300,0.089980300,1
'2026-08-22 08:39:00.213980400,0.089980400,0
'2026-08-22 08:39:00.213980500,0.089980500,1
'2026-08-22 08:39:00.213980600,0.089980600,0
'2026-08-22 08:39:00.213992100,0.089992100,1
'2026-08-22 08:39:00.214006400,0.090006400,0
'2026-08-22 08:39:00.214018100,0.090018100,1
'2026-08-22 08:39:00.214032600,0.090032600,0
'2026-08-22 08:39:00.214044200,0.090044200,1
'2026-08-22 08:39:00.214058500,0.090058500,0
'2026-08-22 08:39:00.214070200,0.090070200,1
'2026-08-22 08:39:00.214084700,0.090084700,0
'2026-08-22 08:39:00.214096300,0.090096300,1
'2026-08-22 08:39:00.214110800,0.090110800,0
'2026-08-22 08:39:00.214111300,0.090111300,1
'2026-08-22 08:39:00.214111400,0.090111400,0
'2026-08-22 08:39:00.214112400,0.090112400,1
'2026-08-22 08:39:00.214112500,0.090112500,0
'2026-08-22 08:39:00.214121100,0.090121100,1
'2026-08-22 08:39:00.214121200,0.090121200,0
'2026-08-22 08:39:00.214122300,0.090122300,1
'2026-08-22 08:39:00.214136700,0.090136700,0
'2026-08-22 08:39:00.214142800,0.090142800,1
'2026-08-22 08:39:00.214142900,0.090142900,0
'2026-08-22 08:39:00.214148400,0.090148400,1
'2026-08-22 08:39:00.214163000,0.090163000,0
'2026-08-22 08:39:00.214174400,0.090174400,1
'2026-08-22 08:39:00.214189000,0.090189000,0
'2026-08-22 08:39:00.214191100,0.090191100,1
'2026-08-22 08:39:00.214191300,0.090191300,0
'2026-08-22 08:39:00.214192300,0.090192300,1
'2026-08-22 08:39:00.214192400,0.090192400,0
'2026-08-22 08:39:00.214200500,0.090200500,1
'2026-08-22 08:39:00.214215000,0.090215000,0
'2026-08-22 08:39:00.214215100,0.090215100,1
'2026-08-22 08:39:00.214215200,0.090215200,0
'2026-08-22 08:39:00.214223900,0.090223900,1
'2026-08-22 08:39:00.214224000,0.090224000,0
'2026-08-22 08:39:00.214226500,0.090226500,1
'2026-08-22 08:39:00.214240900,0.090240900,0
'2026-08-22 08:39:00.214242500,0.090242500,1
'2026-08-22 08:39:00.214242600,0.090242600,0
'2026-08-22 08:39:00.214243700,0.090243700,1
'2026-08-22 08:39:00.214243800,0.090243800,0
'2026-08-22 08:39:00.214252600,0.090252600,1
'2026-08-22 08:39:00.214267100,0.090267100,0
'2026-08-22 08:39:00.214272200,0.090272200,1
'2026-08-22 08:39:00.214272300,0.090272300,0
'2026-08-22 08:39:00.214278600,0.090278600,1
'2026-08-22 08:39:00.214293100,0.090293100,0
'2026-08-22 08:39:00.214293300,0.090293300,1
'2026-08-22 08:39:00.214293400,0.090293400,0
'2026-08-22 08:39:00.214300900,0.090300900,1
'2026-08-22 08:39:00.214301000,0.090301000,0
'2026-08-22 08:39:00.214304700,0.090304700,1
'2026-08-22 08:39:00.214319100,0.090319100,0
'2026-08-22 08:39:00.214323700,0.090323700,1
'2026-08-22 08:39:00.214323800,0.090323800,0
'2026-08-22 08:39:00.214330700,0.090330700,1
'2026-08-22 08:39:00.214345200,0.090345200,0
'2026-08-22 08:39:00.214345300,0.090345300,1
'2026-08-22 08:39:00.214345500,0.090345500,0
'2026-08-22 08:39:00.214351100,0.090351100,1
'2026-08-22 08:39:00.214351200,0.090351200,0
'2026-08-22 08:39:00.214351400,0.090351400,1
'2026-08-22 08:39:00.214351500,0.090351500,0
'2026-08-22 08:39:00.214352300,0.090352300,1
'2026-08-22 08:39:00.214352400,0.090352400,0
'2026-08-22 08:39:00.214354700,0.090354700,1
'2026-08-22 08:39:00.214354800,0.090354800,0
'2026-08-22 08:39:00.214356800,0.090356800,1
'2026-08-22 08:39:00.214787600,0.090787600,0
'2026-08-22 08:39:00.214793100,0.090793100,1
'2026-08-22 08:39:00.214793200,0.090793200,0
'2026-08-22 08:39:00.214799400,0.090799400,1
'2026-08-22 08:39:00.214813800,0.090813800,0
'2026-08-22 08:39:00.214814700,0.090814700,1
'2026-08-22 08:39:00.214814800,0.090814800,0
'2026-08-22 08:39:00.214825500,0.090825500,1
'2026-08-22 08:39:00.214839800,0.090839800,0
'2026-08-22 08:39:00.214851500,0.090851500,1
'2026-08-22 08:39:00.214866000,0.090866000,0
'2026-08-22 08:39:00.214866100,0.090866100,1
'2026-08-22 08:39:00.214866200,0.090866200,0
'2026-08-22 08:39:00.214873700,0.090873700,1
'2026-08-22 08:39:00.214873800,0.090873800,0
'2026-08-22 08:39:00.214877600,0.090877600,1
'2026-08-22 08:39:00.214892000,0.090892000,0
'2026-08-22 08:39:00.214903600,0.090903600,1
'2026-08-22 08:39:00.214918200,0.090918200,0
'2026-08-22 08:39:00.214929700,0.090929700,1
'2026-08-22 08:39:00.214944000,0.090944000,0
'2026-08-22 08:39:00.214955700,0.090955700,1
'2026-08-22 08:39:00.214970200,0.090970200,0
'2026-08-22 08:39:00.214981800,0.090981800,1
'2026-08-22 08:39:00.214996200,0.090996200,0
'2026-08-22 08:39:00.214996300,0.090996300,1
'2026-08-22 08:39:00.214996400,0.090996400,0
'2026-08-22 08:39:00.214996900,0.090996900,1
'2026-08-22 08:39:00.214997000,0.090997000,0
'2026-08-22 08:39:00.214997400,0.090997400,1
'2026-08-22 08:39:00.214997500,0.090997500,0
'2026-08-22 08:39:00.215006200,0.091006200,1
'2026-08-22 08:39:00.215006300,0.091006300,0
'2026-08-22 08:39:00.215007800,0.091007800,1
'2026-08-22 08:39:00.215022200,0.091022200,0
'2026-08-22 08:39:00.215028300,0.091028300,1
'2026-08-22 08:39:00.215028400,0.091028400,0
'2026-08-22 08:39:00.215033900,0.091033900,1
'2026-08-22 08:39:00.215048300,0.091048300,0
'2026-08-22 08:39:00.215048400,0.091048400,1
'2026-08-22 08:39:00.215048500,0.091048500,0
'2026-08-22 08:39:00.215054000,0.091054000,1
'2026-08-22 08:39:00.215054100,0.091054100,0
'2026-08-22 08:39:00.215055800,0.091055800,1
'2026-08-22 08:39:00.215055900,0.091055900,0
'2026-08-22 08:39:00.215056400,0.091056400,1
'2026-08-22 08:39:00.215056500,0.091056500,0
'2026-08-22 08:39:00.215059900,0.091059900,1
'2026-08-22 08:39:00.215074400,0.091074400,0
'2026-08-22 08:39:00.215074500,0.091074500,1
'2026-08-22 08:39:00.215074600,0.091074600,0
'2026-08-22 08:39:00.215080300,0.091080300,1
'2026-08-22 08:39:00.215080400,0.091080400,0
'2026-08-22 08:39:00.215086000,0.091086000,1
'2026-08-22 08:39:00.215100500,0.091100500,0
'2026-08-22 08:39:00.215101200,0.091101200,1
'2026-08-22 08:39:00.215101300,0.091101300,0
'2026-08-22 08:39:00.215112000,0.091112000,1
'2026-08-22 08:39:00.215126600,0.091126600,0
'2026-08-22 08:39:00.215127000,0.091127000,1
'2026-08-22 08:39:00.215127100,0.091127100,0
'2026-08-22 08:39:00.215127700,0.091127700,1
'2026-08-22 08:39:00.215127800,0.091127800,0
'2026-08-22 08:39:00.215138000,0.091138000,1
'2026-08-22 08:39:00.215152500,0.091152500,0
'2026-08-22 08:39:00.215156300,0.091156300,1
'2026-08-22 08:39:00.215156400,0.091156400,0
'2026-08-22 08:39:00.215157500,0.091157500,1
'2026-08-22 08:39:00.215157600,0.091157600,0
'2026-08-22 08:39:00.215164100,0.091164100,1
'2026-08-22 08:39:00.215178600,0.091178600,0
'2026-08-22 08:39:00.215179000,0.091179000,1
'2026-08-22 08:39:00.215179100,0.091179100,0
'2026-08-22 08:39:00.215185600,0.091185600,1
'2026-08-22 08:39:00.215598900,0.091598900,0
'2026-08-22 08:39:00.215606800,0.091606800,1
'2026-08-22 08:39:00.215621100,0.091621100,0
'2026-08-22 08:39:00.215632800,0.091632800,1
'2026-08-22 08:39:00.215647200,0.091647200,0
'2026-08-22 08:39:00.215658900,0.091658900,1
'2026-08-22 08:39:00.215673200,0.091673200,0
'2026-08-22 08:39:00.215684900,0.091684900,1
'2026-08-22 08:39:00.215699300,0.091699300,0
'2026-08-22 08:39:00.215711000,0.091711000,1
'2026-08-22 08:39:00.215725500,0.091725500,0
'2026-08-22 08:39:00.215737000,0.091737000,1
'2026-08-22 08:39:00.215751800,0.091751800,0
'2026-08-22 08:39:00.215757700,0.091757700,1
'2026-08-22 08:39:00.215757800,0.091757800,0
'2026-08-22 08:39:00.215763100,0.091763100,1
'2026-08-22 08:39:00.215777500,0.091777500,0
'2026-08-22 08:39:00.215789100,0.091789100,1
'2026-08-22 08:39:00.215803700,0.091803700,0
'2026-08-22 08:39:00.215815200,0.091815200,1
'2026-08-22 08:39:00.215829600,0.091829600,0
'2026-08-22 08:39:00.215841200,0.091841200,1
'2026-08-22 08:39:00.215855700,0.091855700,0
'2026-08-22 08:39:00.215864300,0.091864300,1
'2026-08-22 08:39:00.215864400,0.091864400,0
'2026-08-22 08:39:00.215867300,0.091867300,1
'2026-08-22 08:39:00.215881900,0.091881900,0
'2026-08-22 08:39:00.215883000,0.091883000,1
'2026-08-22 08:39:00.215883100,0.091883100,0
'2026-08-22 08:39:00.215893300,0.091893300,1
'2026-08-22 08:39:00.215907800,0.091907800,0
'2026-08-22 08:39:00.215913000,0.091913000,1
'2026-08-22 08:39:00.215913100,0.091913100,0
'2026-08-22 08:39:00.215913300,0.091913300,1
'2026-08-22 08:39:00.215913400,0.091913400,0
'2026-08-22 08:39:00.215919400,0.091919400,1
'2026-08-22 08:39:00.215933900,0.091933900,0
'2026-08-22 08:39:00.215945400,0.091945400,1
'2026-08-22 08:39:00.215959800,0.091959800,0
'2026-08-22 08:39:00.215960000,0.091960000,1
'2026-08-22 08:39:00.215960200,0.091960200,0
'2026-08-22 08:39:00.215967100,0.091967100,1
'2026-08-22 08:39:00.215967200,0.091967200,0
'2026-08-22 08:39:00.215971500,0.091971500,1
'2026-08-22 08:39:00.215986100,0.091986100,0
'2026-08-22 08:39:00.215986900,0.091986900,1
'2026-08-22 08:39:00.215987000,0.091987000,0
'2026-08-22 08:39:00.215997500,0.091997500,1
'2026-08-22 08:39:00.216428500,0.092428500,0
'2026-08-22 08:39:00.216440200,0.092440200,1
'2026-08-22 08:39:00.216454700,0.092454700,0
'2026-08-22 08:39:00.216466200,0.092466200,1
'2026-08-22 08:39:00.216480600,0.092480600,0
'2026-08-22 08:39:00.216492300,0.092492300,1
'2026-08-22 08:39:00.216506800,0.092506800,0
'2026-08-22 08:39:00.216507700,0.092507700,1
'2026-08-22 08:39:00.216507800,0.092507800,0
'2026-08-22 08:39:00.216518300,0.092518300,1
'2026-08-22 08:39:00.216532600,0.092532600,0
'2026-08-22 08:39:00.216544400,0.092544400,1
'2026-08-22 08:39:00.216558900,0.092558900,0
'2026-08-22 08:39:00.216570400,0.092570400,1
'2026-08-22 08:39:00.216585000,0.092585000,0
'2026-08-22 08:39:00.216595100,0.092595100,1
'2026-08-22 08:39:00.216595200,0.092595200,0
'2026-08-22 08:39:00.216596500,0.092596500,1
'2026-08-22 08:39:00.216610800,0.092610800,0
'2026-08-22 08:39:00.216622500,0.092622500,1
'2026-08-22 08:39:00.216636900,0.092636900,0
'2026-08-22 08:39:00.216637000,0.092637000,1
'2026-08-22 08:39:00.216637200,0.092637200,0
'2026-08-22 08:39:00.216638400,0.092638400,1
'2026-08-22 08:39:00.216638500,0.092638500,0
'2026-08-22 08:39:00.216648600,0.092648600,1
'2026-08-22 08:39:00.216663100,0.092663100,0
'2026-08-22 08:39:00.216665900,0.092665900,1
'2026-08-22 08:39:00.216666000,0.092666000,0
'2026-08-22 08:39:00.216674600,0.092674600,1
'2026-08-22 08:39:00.216689300,0.092689300,0
'2026-08-22 08:39:00.216696100,0.092696100,1
'2026-08-22 08:39:00.216696200,0.092696200,0
'2026-08-22 08:39:00.216700700,0.092700700,1
'2026-08-22 08:39:00.216715200,0.092715200,0
'2026-08-22 08:39:00.216716800,0.092716800,1
'2026-08-22 08:39:00.216716900,0.092716900,0
'2026-08-22 08:39:00.216717300,0.092717300,1
'2026-08-22 08:39:00.216717400,0.092717400,0
'2026-08-22 08:39:00.216722500,0.092722500,1
'2026-08-22 08:39:00.216722600,0.092722600,0
'2026-08-22 08:39:00.216726700,0.092726700,1
'2026-08-22 08:39:00.216741300,0.092741300,0
'2026-08-22 08:39:00.216742300,0.092742300,1
'2026-08-22 08:39:00.216742400,0.092742400,0
'2026-08-22 08:39:00.216742900,0.092742900,1
'2026-08-22 08:39:00.216743000,0.092743000,0
'2026-08-22 08:39:00.216745900,0.092745900,1
'2026-08-22 08:39:00.216746000,0.092746000,0
'2026-08-22 08:39:00.216747600,0.092747600,1
'2026-08-22 08:39:00.216747700,0.092747700,0
'2026-08-22 08:39:00.216749400,0.092749400,1
'2026-08-22 08:39:00.216749500,0.092749500,0
'2026-08-22 08:39:00.216752800,0.092752800,1
'2026-08-22 08:39:00.216767300,0.092767300,0
'2026-08-22 08:39:00.216778800,0.092778800,1
'2026-08-22 08:39:00.216793300,0.092793300,0
'2026-08-22 08:39:00.216793700,0.092793700,1
'2026-08-22 08:39:00.216793800,0.092793800,0
'2026-08-22 08:39:00.216793900,0.092793900,1
'2026-08-22 08:39:00.216794000,0.092794000,0
'2026-08-22 08:39:00.216796700,0.092796700,1
'2026-08-22 08:39:00.216796800,0.092796800,0
'2026-08-22 08:39:00.216797200,0.092797200,1
'2026-08-22 08:39:00.216797300,0.092797300,0
'2026-08-22 08:39:00.216804900,0.092804900,1
'2026-08-22 08:39:00.216820000,0.092820000,0
'2026-08-22 08:39:00.216827500,0.092827500,1
'2026-08-22 08:39:00.216827600,0.092827600,0
'2026-08-22 08:39:00.216828700,0.092828700,1
'2026-08-22 08:39:00.216828800,0.092828800,0
'2026-08-22 08:39:00.216829800,0.092829800,1
'2026-08-22 08:39:00.216830000,0.092830000,0
'2026-08-22 08:39:00.216830200,0.092830200,1
'2026-08-22 08:39:00.217243500,0.093243500,0
'2026-08-22 08:39:00.217247500,0.093247500,1
'2026-08-22 08:39:00.217261800,0.093261800,0
'2026-08-22 08:39:00.217263300,0.093263300,1
'2026-08-22 08:39:00.217263400,0.093263400,0
'2026-08-22 08:39:00.217273600,0.093273600,1
'2026-08-22 08:39:00.217288000,0.093288000,0
'2026-08-22 08:39:00.217299600,0.093299600,1
'2026-08-22 08:39:00.217314000,0.093314000,0
'2026-08-22 08:39:00.217325700,0.093325700,1
'2026-08-22 08:39:00.217340200,0.093340200,0
'2026-08-22 08:39:00.217340300,0.093340300,1
'2026-08-22 08:39:00.217340400,0.093340400,0
'2026-08-22 08:39:00.217351700,0.093351700,1
'2026-08-22 08:39:00.217366100,0.093366100,0
'2026-08-22 08:39:00.217369500,0.093369500,1
'2026-08-22 08:39:00.217369600,0.093369600,0
'2026-08-22 08:39:00.217377800,0.093377800,1
'2026-08-22 08:39:00.217392400,0.093392400,0
'2026-08-22 08:39:00.217403800,0.093403800,1
'2026-08-22 08:39:00.217418300,0.093418300,0
'2026-08-22 08:39:00.217421100,0.093421100,1
'2026-08-22 08:39:00.217421200,0.093421200,0
'2026-08-22 08:39:00.217429900,0.093429900,1
'2026-08-22 08:39:00.217444400,0.093444400,0
'2026-08-22 08:39:00.217449700,0.093449700,1
'2026-08-22 08:39:00.217449800,0.093449800,0
'2026-08-22 08:39:00.217455900,0.093455900,1
'2026-08-22 08:39:00.217470400,0.093470400,0
'2026-08-22 08:39:00.217470500,0.093470500,1
'2026-08-22 08:39:00.217470600,0.093470600,0
'2026-08-22 08:39:00.217472300,0.093472300,1
'2026-08-22 08:39:00.217472400,0.093472400,0
'2026-08-22 08:39:00.217482000,0.093482000,1
'2026-08-22 08:39:00.217496500,0.093496500,0
'2026-08-22 08:39:00.217508000,0.093508000,1
'2026-08-22 08:39:00.217522600,0.093522600,0
'2026-08-22 08:39:00.217530100,0.093530100,1
'2026-08-22 08:39:00.217530200,0.093530200,0
'2026-08-22 08:39:00.217534100,0.093534100,1
'2026-08-22 08:39:00.217548600,0.093548600,0
'2026-08-22 08:39:00.217548800,0.093548800,1
'2026-08-22 08:39:00.217548900,0.093548900,0
'2026-08-22 08:39:00.217549400,0.093549400,1
'2026-08-22 08:39:00.217549500,0.093549500,0
'2026-08-22 08:39:00.217560100,0.093560100,1
'2026-08-22 08:39:00.217574600,0.093574600,0
'2026-08-22 08:39:00.217586200,0.093586200,1
'2026-08-22 08:39:00.217600900,0.093600900,0
'2026-08-22 08:39:00.217603100,0.093603100,1
'2026-08-22 08:39:00.217603200,0.093603200,0
'2026-08-22 08:39:00.217605500,0.093605500,1
'2026-08-22 08:39:00.217605600,0.093605600,0
'2026-08-22 08:39:00.217612200,0.093612200,1
'2026-08-22 08:39:00.217626600,0.093626600,0
'2026-08-22 08:39:00.217632300,0.093632300,1
'2026-08-22 08:39:00.217632400,0.093632400,0
'2026-08-22 08:39:00.217638300,0.093638300,1
'2026-08-22 08:39:00.218073600,0.094073600,0
'2026-08-22 08:39:00.218081000,0.094081000,1
'2026-08-22 08:39:00.218095400,0.094095400,0
'2026-08-22 08:39:00.218107000,0.094107000,1
'2026-08-22 08:39:00.218121400,0.094121400,0
'2026-08-22 08:39:00.218133100,0.094133100,1
'2026-08-22 08:39:00.218147500,0.094147500,0
'2026-08-22 08:39:00.218159100,0.094159100,1
'2026-08-22 08:39:00.218173600,0.094173600,0
'2026-08-22 08:39:00.218173700,0.094173700,1
'2026-08-22 08:39:00.218173800,0.094173800,0
'2026-08-22 08:39:00.218185200,0.094185200,1
'2026-08-22 08:39:00.218199700,0.094199700,0
'2026-08-22 08:39:00.218211200,0.094211200,1
'2026-08-22 08:39:00.218225700,0.094225700,0
'2026-08-22 08:39:00.218225800,0.094225800,1
'2026-08-22 08:39:00.218225900,0.094225900,0
'2026-08-22 08:39:00.218237300,0.094237300,1
'2026-08-22 08:39:00.218251700,0.094251700,0
'2026-08-22 08:39:00.218255600,0.094255600,1
'2026-08-22 08:39:00.218255700,0.094255700,0
'2026-08-22 08:39:00.218263300,0.094263300,1
'2026-08-22 08:39:00.218278000,0.094278000,0
'2026-08-22 08:39:00.218278300,0.094278300,1
'2026-08-22 08:39:00.218278400,0.094278400,0
'2026-08-22 08:39:00.218283600,0.094283600,1
'2026-08-22 08:39:00.218283700,0.094283700,0
'2026-08-22 08:39:00.218289400,0.094289400,1
'2026-08-22 08:39:00.218303800,0.094303800,0
'2026-08-22 08:39:00.218304000,0.094304000,1
'2026-08-22 08:39:00.218304100,0.094304100,0
'2026-08-22 08:39:00.218306300,0.094306300,1
'2026-08-22 08:39:00.218306400,0.094306400,0
'2026-08-22 08:39:00.218315400,0.094315400,1
'2026-08-22 08:39:00.218329800,0.094329800,0
'2026-08-22 08:39:00.218330700,0.094330700,1
'2026-08-22 08:39:00.218330800,0.094330800,0
'2026-08-22 08:39:00.218339500,0.094339500,1
'2026-08-22 08:39:00.218339600,0.094339600,0
'2026-08-22 08:39:00.218341500,0.094341500,1
'2026-08-22 08:39:00.218356100,0.094356100,0
'2026-08-22 08:39:00.218357100,0.094357100,1
'2026-08-22 08:39:00.218357200,0.094357200,0
'2026-08-22 08:39:00.218365900,0.094365900,1
'2026-08-22 08:39:00.218366000,0.094366000,0
'2026-08-22 08:39:00.218367500,0.094367500,1
'2026-08-22 08:39:00.218382000,0.094382000,0
'2026-08-22 08:39:00.218382200,0.094382200,1
'2026-08-22 08:39:00.218382400,0.094382400,0
'2026-08-22 08:39:00.218384900,0.094384900,1
'2026-08-22 08:39:00.218385000,0.094385000,0
'2026-08-22 08:39:00.218386300,0.094386300,1
'2026-08-22 08:39:00.218386400,0.094386400,0
'2026-08-22 08:39:00.218388700,0.094388700,1
'2026-08-22 08:39:00.218388800,0.094388800,0
'2026-08-22 08:39:00.218393600,0.094393600,1
'2026-08-22 08:39:00.218408000,0.094408000,0
'2026-08-22 08:39:00.218419600,0.094419600,1
'2026-08-22 08:39:00.218434000,0.094434000,0
'2026-08-22 08:39:00.218434200,0.094434200,1
'2026-08-22 08:39:00.218434300,0.094434300,0
'2026-08-22 08:39:00.218435000,0.094435000,1
'2026-08-22 08:39:00.218435100,0.094435100,0
'2026-08-22 08:39:00.218436800,0.094436800,1
'2026-08-22 08:39:00.218436900,0.094436900,0
'2026-08-22 08:39:00.218439900,0.094439900,1
'2026-08-22 08:39:00.218440000,0.094440000,0
'2026-08-22 08:39:00.218445100,0.094445100,1
'2026-08-22 08:39:00.218445200,0.094445200,0
'2026-08-22 08:39:00.218445700,0.094445700,1
'2026-08-22 08:39:00.218460200,0.094460200,0
'2026-08-22 08:39:00.218466300,0.094466300,1
'2026-08-22 08:39:00.218466400,0.094466400,0
'2026-08-22 08:39:00.218471700,0.094471700,1
'2026-08-22 08:39:00.218902600,0.094902600,0
'2026-08-22 08:39:00.218906700,0.094906700,1
'2026-08-22 08:39:00.218906800,0.094906800,0
'2026-08-22 08:39:00.218914400,0.094914400,1
'2026-08-22 08:39:00.218928800,0.094928800,0
'2026-08-22 08:39:00.218929100,0.094929100,1
'2026-08-22 08:39:00.218929200,0.094929200,0
'2026-08-22 08:39:00.218940400,0.094940400,1
'2026-08-22 08:39:00.218954900,0.094954900,0
'2026-08-22 08:39:00.218966500,0.094966500,1
'2026-08-22 08:39:00.218980800,0.094980800,0
'2026-08-22 08:39:00.218989100,0.094989100,1
'2026-08-22 08:39:00.218989200,0.094989200,0
'2026-08-22 08:39:00.218992500,0.094992500,1
'2026-08-22 08:39:00.219007000,0.095007000,0
'2026-08-22 08:39:00.219018600,0.095018600,1
'2026-08-22 08:39:00.219032800,0.095032800,0
'2026-08-22 08:39:00.219039300,0.095039300,1
'2026-08-22 08:39:00.219039400,0.095039400,0
'2026-08-22 08:39:00.219044600,0.095044600,1
'2026-08-22 08:39:00.219059200,0.095059200,0
'2026-08-22 08:39:00.219059300,0.095059300,1
'2026-08-22 08:39:00.219059400,0.095059400,0
'2026-08-22 08:39:00.219060000,0.095060000,1
'2026-08-22 08:39:00.219060100,0.095060100,0
'2026-08-22 08:39:00.219070700,0.095070700,1
'2026-08-22 08:39:00.219085200,0.095085200,0
'2026-08-22 08:39:00.219096700,0.095096700,1
'2026-08-22 08:39:00.219111400,0.095111400,0
'2026-08-22 08:39:00.219122800,0.095122800,1
'2026-08-22 08:39:00.219137200,0.095137200,0
'2026-08-22 08:39:00.219148800,0.095148800,1
'2026-08-22 08:39:00.219163300,0.095163300,0
'2026-08-22 08:39:00.219174900,0.095174900,1
'2026-08-22 08:39:00.219189400,0.095189400,0
'2026-08-22 08:39:00.219189500,0.095189500,1
'2026-08-22 08:39:00.219189600,0.095189600,0
'2026-08-22 08:39:00.219198700,0.095198700,1
'2026-08-22 08:39:00.219198800,0.095198800,0
'2026-08-22 08:39:00.219200900,0.095200900,1
'2026-08-22 08:39:00.219215300,0.095215300,0
'2026-08-22 08:39:00.219215700,0.095215700,1
'2026-08-22 08:39:00.219215800,0.095215800,0
'2026-08-22 08:39:00.219218800,0.095218800,1
'2026-08-22 08:39:00.219218900,0.095218900,0
'2026-08-22 08:39:00.219227000,0.095227000,1
'2026-08-22 08:39:00.219241600,0.095241600,0
'2026-08-22 08:39:00.219242000,0.095242000,1
'2026-08-22 08:39:00.219242100,0.095242100,0
'2026-08-22 08:39:00.219242700,0.095242700,1
'2026-08-22 08:39:00.219242800,0.095242800,0
'2026-08-22 08:39:00.219244300,0.095244300,1
'2026-08-22 08:39:00.219244400,0.095244400,0
'2026-08-22 08:39:00.219253000,0.095253000,1
'2026-08-22 08:39:00.219267500,0.095267500,0
'2026-08-22 08:39:00.219272400,0.095272400,1
'2026-08-22 08:39:00.219272500,0.095272500,0
'2026-08-22 08:39:00.219279100,0.095279100,1
'2026-08-22 08:39:00.219293800,0.095293800,0
'2026-08-22 08:39:00.219301100,0.095301100,1
'2026-08-22 08:39:00.219301200,0.095301200,0
'2026-08-22 08:39:00.219304800,0.095304800,1
'2026-08-22 08:39:00.219718000,0.095718000,0
'2026-08-22 08:39:00.219721700,0.095721700,1
'2026-08-22 08:39:00.219736200,0.095736200,0
'2026-08-22 08:39:00.219747800,0.095747800,1
'2026-08-22 08:39:00.219762200,0.095762200,0
'2026-08-22 08:39:00.219773800,0.095773800,1
'2026-08-22 08:39:00.219788200,0.095788200,0
'2026-08-22 08:39:00.219799900,0.095799900,1
'2026-08-22 08:39:00.219814300,0.095814300,0
'2026-08-22 08:39:00.219814700,0.095814700,1
'2026-08-22 08:39:00.219814800,0.095814800,0
'2026-08-22 08:39:00.219822300,0.095822300,1
'2026-08-22 08:39:00.219822400,0.095822400,0
'2026-08-22 08:39:00.219825900,0.095825900,1
'2026-08-22 08:39:00.219840500,0.095840500,0
'2026-08-22 08:39:00.219843900,0.095843900,1
'2026-08-22 08:39:00.219844000,0.095844000,0
'2026-08-22 08:39:00.219852000,0.095852000,1
'2026-08-22 08:39:00.219866400,0.095866400,0
'2026-08-22 08:39:00.219876100,0.095876100,1
'2026-08-22 08:39:00.219876200,0.095876200,0
'2026-08-22 08:39:00.219878000,0.095878000,1
'2026-08-22 08:39:00.219892600,0.095892600,0
'2026-08-22 08:39:00.219904100,0.095904100,1
'2026-08-22 08:39:00.219918400,0.095918400,0
'2026-08-22 08:39:00.219924500,0.095924500,1
'2026-08-22 08:39:00.219924600,0.095924600,0
'2026-08-22 08:39:00.219930100,0.095930100,1
'2026-08-22 08:39:00.219944600,0.095944600,0
'2026-08-22 08:39:00.219944900,0.095944900,1
'2026-08-22 08:39:00.219945100,0.095945100,0
'2026-08-22 08:39:00.219945500,0.095945500,1
'2026-08-22 08:39:00.219945600,0.095945600,0
'2026-08-22 08:39:00.219956200,0.095956200,1
'2026-08-22 08:39:00.219970800,0.095970800,0
'2026-08-22 08:39:00.219980500,0.095980500,1
'2026-08-22 08:39:00.219980600,0.095980600,0
'2026-08-22 08:39:00.219982200,0.095982200,1
'2026-08-22 08:39:00.219996800,0.095996800,0
'2026-08-22 08:39:00.219996900,0.095996900,1
'2026-08-22 08:39:00.219997000,0.095997000,0
'2026-08-22 08:39:00.220008300,0.096008300,1
'2026-08-22 08:39:00.220022800,0.096022800,0
'2026-08-22 08:39:00.220024400,0.096024400,1
'2026-08-22 08:39:00.220024500,0.096024500,0
'2026-08-22 08:39:00.220024800,0.096024800,1
'2026-08-22 08:39:00.220024900,0.096024900,0
'2026-08-22 08:39:00.220025500,0.096025500,1
'2026-08-22 08:39:00.220025600,0.096025600,0
'2026-08-22 08:39:00.220026600,0.096026600,1
'2026-08-22 08:39:00.220026800,0.096026800,0
'2026-08-22 08:39:00.220034300,0.096034300,1
'2026-08-22 08:39:00.220048600,0.096048600,0
'2026-08-22 08:39:00.220048700,0.096048700,1
'2026-08-22 08:39:00.220048900,0.096048900,0
'2026-08-22 08:39:00.220055300,0.096055300,1
'2026-08-22 08:39:00.220055400,0.096055400,0
'2026-08-22 08:39:00.220060400,0.096060400,1
'2026-08-22 08:39:00.220075000,0.096075000,0
'2026-08-22 08:39:00.220075100,0.096075100,1
'2026-08-22 08:39:00.220075200,0.096075200,0
'2026-08-22 08:39:00.220075700,0.096075700,1
'2026-08-22 08:39:00.220075800,0.096075800,0
'2026-08-22 08:39:00.220085700,0.096085700,1
'2026-08-22 08:39:00.220085800,0.096085800,0
'2026-08-22 08:39:00.220086400,0.096086400,1
'2026-08-22 08:39:00.220100900,0.096100900,0
'2026-08-22 08:39:00.220106600,0.096106600,1
'2026-08-22 08:39:00.220106800,0.096106800,0
'2026-08-22 08:39:00.220107600,0.096107600,1
'2026-08-22 08:39:00.220107700,0.096107700,0
'2026-08-22 08:39:00.220112500,0.096112500,1
'2026-08-22 08:39:00.220543300,0.096543300,0
'2026-08-22 08:39:00.220555200,0.096555200,1
'2026-08-22 08:39:00.220569600,0.096569600,0
'2026-08-22 08:39:00.220581200,0.096581200,1
'2026-08-22 08:39:00.220595600,0.096595600,0
'2026-08-22 08:39:00.220597300,0.096597300,1
'2026-08-22 08:39:00.220597400,0.096597400,0
'2026-08-22 08:39:00.220607300,0.096607300,1
'2026-08-22 08:39:00.220621700,0.096621700,0
'2026-08-22 08:39:00.220628800,0.096628800,1
'2026-08-22 08:39:00.220628900,0.096628900,0
'2026-08-22 08:39:00.220633300,0.096633300,1
'2026-08-22 08:39:00.220648000,0.096648000,0
'2026-08-22 08:39:00.220654500,0.096654500,1
'2026-08-22 08:39:00.220654600,0.096654600,0
'2026-08-22 08:39:00.220659400,0.096659400,1
'2026-08-22 08:39:00.220673800,0.096673800,0
'2026-08-22 08:39:00.220685400,0.096685400,1
'2026-08-22 08:39:00.220699800,0.096699800,0
'2026-08-22 08:39:00.220699900,0.096699900,1
'2026-08-22 08:39:00.220700000,0.096700000,0
'2026-08-22 08:39:00.220711500,0.096711500,1
'2026-08-22 08:39:00.220725800,0.096725800,0
'2026-08-22 08:39:00.220725900,0.096725900,1
'2026-08-22 08:39:00.220726000,0.096726000,0
'2026-08-22 08:39:00.220727900,0.096727900,1
'2026-08-22 08:39:00.220728000,0.096728000,0
'2026-08-22 08:39:00.220728900,0.096728900,1
'2026-08-22 08:39:00.220729000,0.096729000,0
'2026-08-22 08:39:00.220737500,0.096737500,1
'2026-08-22 08:39:00.220752000,0.096752000,0
'2026-08-22 08:39:00.220752700,0.096752700,1
'2026-08-22 08:39:00.220752800,0.096752800,0
'2026-08-22 08:39:00.220763600,0.096763600,1
'2026-08-22 08:39:00.220778000,0.096778000,0
'2026-08-22 08:39:00.220778100,0.096778100,1
'2026-08-22 08:39:00.220778200,0.096778200,0
'2026-08-22 08:39:00.220778700,0.096778700,1
'2026-08-22 08:39:00.220778800,0.096778800,0
'2026-08-22 08:39:00.220789200,0.096789200,1
'2026-08-22 08:39:00.220789300,0.096789300,0
'2026-08-22 08:39:00.220789600,0.096789600,1
'2026-08-22 08:39:00.220804000,0.096804000,0
'2026-08-22 08:39:00.220805500,0.096805500,1
'2026-08-22 08:39:00.220805600,0.096805600,0
'2026-08-22 08:39:00.220815700,0.096815700,1
'2026-08-22 08:39:00.220830000,0.096830000,0
'2026-08-22 08:39:00.220830100,0.096830100,1
'2026-08-22 08:39:00.220830200,0.096830200,0
'2026-08-22 08:39:00.220841700,0.096841700,1
'2026-08-22 08:39:00.220856500,0.096856500,0
'2026-08-22 08:39:00.220857500,0.096857500,1
'2026-08-22 08:39:00.220857600,0.096857600,0
'2026-08-22 08:39:00.220867700,0.096867700,1
'2026-08-22 08:39:00.220882300,0.096882300,0
'2026-08-22 08:39:00.220887300,0.096887300,1
'2026-08-22 08:39:00.220887400,0.096887400,0
'2026-08-22 08:39:00.220887900,0.096887900,1
'2026-08-22 08:39:00.220888000,0.096888000,0
'2026-08-22 08:39:00.220890200,0.096890200,1
'2026-08-22 08:39:00.220890300,0.096890300,0
'2026-08-22 08:39:00.220893800,0.096893800,1
'2026-08-22 08:39:00.220908500,0.096908500,0
'2026-08-22 08:39:00.220908800,0.096908800,1
'2026-08-22 08:39:00.220909000,0.096909000,0
'2026-08-22 08:39:00.220917600,0.096917600,1
'2026-08-22 08:39:00.220917700,0.096917700,0
'2026-08-22 08:39:00.220919800,0.096919800,1
'2026-08-22 08:39:00.220934200,0.096934200,0
'2026-08-22 08:39:00.220945900,0.096945900,1
'2026-08-22 08:39:00.221376900,0.097376900,0
'2026-08-22 08:39:00.221388600,0.097388600,1
'2026-08-22 08:39:00.221403000,0.097403000,0
'2026-08-22 08:39:00.221414600,0.097414600,1
'2026-08-22 08:39:00.221429000,0.097429000,0
'2026-08-22 08:39:00.221440700,0.097440700,1
'2026-08-22 08:39:00.221455100,0.097455100,0
'2026-08-22 08:39:00.221466700,0.097466700,1
'2026-08-22 08:39:00.221481300,0.097481300,0
'2026-08-22 08:39:00.221492800,0.097492800,1
'2026-08-22 08:39:00.221507200,0.097507200,0
'2026-08-22 08:39:00.221508100,0.097508100,1
'2026-08-22 08:39:00.221508200,0.097508200,0
'2026-08-22 08:39:00.221509200,0.097509200,1
'2026-08-22 08:39:00.221509300,0.097509300,0
'2026-08-22 08:39:00.221509700,0.097509700,1
'2026-08-22 08:39:00.221509800,0.097509800,0
'2026-08-22 08:39:00.221518500,0.097518500,1
'2026-08-22 08:39:00.221518600,0.097518600,0
'2026-08-22 08:39:00.221518800,0.097518800,1
'2026-08-22 08:39:00.221533300,0.097533300,0
'2026-08-22 08:39:00.221544900,0.097544900,1
'2026-08-22 08:39:00.221559600,0.097559600,0
'2026-08-22 08:39:00.221570900,0.097570900,1
'2026-08-22 08:39:00.221585300,0.097585300,0
'2026-08-22 08:39:00.221597000,0.097597000,1
'2026-08-22 08:39:00.221611500,0.097611500,0
'2026-08-22 08:39:00.221611900,0.097611900,1
'2026-08-22 08:39:00.221612000,0.097612000,0
'2026-08-22 08:39:00.221623000,0.097623000,1
'2026-08-22 08:39:00.221637400,0.097637400,0
'2026-08-22 08:39:00.221637600,0.097637600,1
'2026-08-22 08:39:00.221637700,0.097637700,0
'2026-08-22 08:39:00.221638800,0.097638800,1
'2026-08-22 08:39:00.221638900,0.097638900,0
'2026-08-22 08:39:00.221641700,0.097641700,1
'2026-08-22 08:39:00.221641800,0.097641800,0
'2026-08-22 08:39:00.221642200,0.097642200,1
'2026-08-22 08:39:00.221642300,0.097642300,0
'2026-08-22 08:39:00.221649100,0.097649100,1
'2026-08-22 08:39:00.221663700,0.097663700,0
'2026-08-22 08:39:00.221670300,0.097670300,1
'2026-08-22 08:39:00.221670400,0.097670400,0
'2026-08-22 08:39:00.221675100,0.097675100,1
'2026-08-22 08:39:00.221689700,0.097689700,0
'2026-08-22 08:39:00.221700700,0.097700700,1
'2026-08-22 08:39:00.221700800,0.097700800,0
'2026-08-22 08:39:00.221701200,0.097701200,1
'2026-08-22 08:39:00.221715700,0.097715700,0
'2026-08-22 08:39:00.221715900,0.097715900,1
'2026-08-22 08:39:00.221716000,0.097716000,0
'2026-08-22 08:39:00.221718300,0.097718300,1
'2026-08-22 08:39:00.221718400,0.097718400,0
'2026-08-22 08:39:00.221722300,0.097722300,1
'2026-08-22 08:39:00.221722400,0.097722400,0
'2026-08-22 08:39:00.221727200,0.097727200,1
'2026-08-22 08:39:00.221741700,0.097741700,0
'2026-08-22 08:39:00.221742100,0.097742100,1
'2026-08-22 08:39:00.221742200,0.097742200,0
'2026-08-22 08:39:00.221743900,0.097743900,1
'2026-08-22 08:39:00.221744000,0.097744000,0
'2026-08-22 08:39:00.221744500,0.097744500,1
'2026-08-22 08:39:00.221744600,0.097744600,0
'2026-08-22 08:39:00.221753300,0.097753300,1
'2026-08-22 08:39:00.221767700,0.097767700,0
'2026-08-22 08:39:00.221767800,0.097767800,1
'2026-08-22 08:39:00.221768000,0.097768000,0
'2026-08-22 08:39:00.221771700,0.097771700,1
'2026-08-22 08:39:00.222185000,0.098185000,0
'2026-08-22 08:39:00.222195900,0.098195900,1
'2026-08-22 08:39:00.222210300,0.098210300,0
'2026-08-22 08:39:00.222222000,0.098222000,1
'2026-08-22 08:39:00.222236400,0.098236400,0
'2026-08-22 08:39:00.222248000,0.098248000,1
'2026-08-22 08:39:00.222262500,0.098262500,0
'2026-08-22 08:39:00.222274100,0.098274100,1
'2026-08-22 08:39:00.222288500,0.098288500,0
'2026-08-22 08:39:00.222288700,0.098288700,1
'2026-08-22 08:39:00.222288800,0.098288800,0
'2026-08-22 08:39:00.222300100,0.098300100,1
'2026-08-22 08:39:00.222314600,0.098314600,0
'2026-08-22 08:39:00.222326200,0.098326200,1
'2026-08-22 08:39:00.222340600,0.098340600,0
'2026-08-22 08:39:00.222340700,0.098340700,1
'2026-08-22 08:39:00.222340900,0.098340900,0
'2026-08-22 08:39:00.222341400,0.098341400,1
'2026-08-22 08:39:00.222341500,0.098341500,0
'2026-08-22 08:39:00.222352200,0.098352200,1
'2026-08-22 08:39:00.222366700,0.098366700,0
'2026-08-22 08:39:00.222372300,0.098372300,1
'2026-08-22 08:39:00.222372400,0.098372400,0
'2026-08-22 08:39:00.222378300,0.098378300,1
'2026-08-22 08:39:00.222392700,0.098392700,0
'2026-08-22 08:39:00.222404300,0.098404300,1
'2026-08-22 08:39:00.222418800,0.098418800,0
'2026-08-22 08:39:00.222418900,0.098418900,1
'2026-08-22 08:39:00.222419000,0.098419000,0
'2026-08-22 08:39:00.222419100,0.098419100,1
'2026-08-22 08:39:00.222419200,0.098419200,0
'2026-08-22 08:39:00.222426100,0.098426100,1
'2026-08-22 08:39:00.222426200,0.098426200,0
'2026-08-22 08:39:00.222430400,0.098430400,1
'2026-08-22 08:39:00.222444900,0.098444900,0
'2026-08-22 08:39:00.222447300,0.098447300,1
'2026-08-22 08:39:00.222447400,0.098447400,0
'2026-08-22 08:39:00.222448900,0.098448900,1
'2026-08-22 08:39:00.222449000,0.098449000,0
'2026-08-22 08:39:00.222453300,0.098453300,1
'2026-08-22 08:39:00.222453400,0.098453400,0
'2026-08-22 08:39:00.222456400,0.098456400,1
'2026-08-22 08:39:00.222471100,0.098471100,0
'2026-08-22 08:39:00.222472300,0.098472300,1
'2026-08-22 08:39:00.222472400,0.098472400,0
'2026-08-22 08:39:00.222482500,0.098482500,1
'2026-08-22 08:39:00.222497000,0.098497000,0
'2026-08-22 08:39:00.222497300,0.098497300,1
'2026-08-22 08:39:00.222497400,0.098497400,0
'2026-08-22 08:39:00.222507200,0.098507200,1
'2026-08-22 08:39:00.222507300,0.098507300,0
'2026-08-22 08:39:00.222508500,0.098508500,1
'2026-08-22 08:39:00.222522900,0.098522900,0
'2026-08-22 08:39:00.222523000,0.098523000,1
'2026-08-22 08:39:00.222523100,0.098523100,0
'2026-08-22 08:39:00.222525900,0.098525900,1
'2026-08-22 08:39:00.222526000,0.098526000,0
'2026-08-22 08:39:00.222529900,0.098529900,1
'2026-08-22 08:39:00.222530000,0.098530000,0
'2026-08-22 08:39:00.222534600,0.098534600,1
'2026-08-22 08:39:00.222549200,0.098549200,0
'2026-08-22 08:39:00.222549300,0.098549300,1
'2026-08-22 08:39:00.222549400,0.098549400,0
'2026-08-22 08:39:00.222552200,0.098552200,1
'2026-08-22 08:39:00.222552300,0.098552300,0
'2026-08-22 08:39:00.222556300,0.098556300,1
'2026-08-22 08:39:00.222556400,0.098556400,0
'2026-08-22 08:39:00.222560600,0.098560600,1
'2026-08-22 08:39:00.222575200,0.098575200,0
'2026-08-22 08:39:00.222577900,0.098577900,1
'2026-08-22 08:39:00.222578000,0.098578000,0
'2026-08-22 08:39:00.222579700,0.098579700,1
'2026-08-22 08:39:00.222579800,0.098579800,0
'2026-08-22 08:39:00.222586700,0.098586700,1
'2026-08-22 08:39:00.223017700,0.099017700,0
'2026-08-22 08:39:00.223029300,0.099029300,1
'2026-08-22 08:39:00.223043800,0.099043800,0
'2026-08-22 08:39:00.223047300,0.099047300,1
'2026-08-22 08:39:00.223047400,0.099047400,0
'2026-08-22 08:39:00.223055400,0.099055400,1
'2026-08-22 08:39:00.223069800,0.099069800,0
'2026-08-22 08:39:00.223072300,0.099072300,1
'2026-08-22 08:39:00.223072400,0.099072400,0
'2026-08-22 08:39:00.223081400,0.099081400,1
'2026-08-22 08:39:00.223095800,0.099095800,0
'2026-08-22 08:39:00.223102100,0.099102100,1
'2026-08-22 08:39:00.223102200,0.099102200,0
'2026-08-22 08:39:00.223102900,0.099102900,1
'2026-08-22 08:39:00.223103000,0.099103000,0
'2026-08-22 08:39:00.223107500,0.099107500,1
'2026-08-22 08:39:00.223122200,0.099122200,0
'2026-08-22 08:39:00.223123100,0.099123100,1
'2026-08-22 08:39:00.223123200,0.099123200,0
'2026-08-22 08:39:00.223133600,0.099133600,1
'2026-08-22 08:39:00.223148000,0.099148000,0
'2026-08-22 08:39:00.223156500,0.099156500,1
'2026-08-22 08:39:00.223156600,0.099156600,0
'2026-08-22 08:39:00.223159600,0.099159600,1
'2026-08-22 08:39:00.223174100,0.099174100,0
'2026-08-22 08:39:00.223181500,0.099181500,1
'2026-08-22 08:39:00.223181700,0.099181700,0
'2026-08-22 08:39:00.223185700,0.099185700,1
'2026-08-22 08:39:00.223200300,0.099200300,0
'2026-08-22 08:39:00.223211700,0.099211700,1
'2026-08-22 08:39:00.223226100,0.099226100,0
'2026-08-22 08:39:00.223237800,0.099237800,1
'2026-08-22 08:39:00.223252400,0.099252400,0
'2026-08-22 08:39:00.223252800,0.099252800,1
'2026-08-22 08:39:00.223252900,0.099252900,0
'2026-08-22 08:39:00.223253900,0.099253900,1
'2026-08-22 08:39:00.223254000,0.099254000,0
'2026-08-22 08:39:00.223263200,0.099263200,1
'2026-08-22 08:39:00.223263400,0.099263400,0
'2026-08-22 08:39:00.223263800,0.099263800,1
'2026-08-22 08:39:00.223278200,0.099278200,0
'2026-08-22 08:39:00.223278500,0.099278500,1
'2026-08-22 08:39:00.223278600,0.099278600,0
'2026-08-22 08:39:00.223289900,0.099289900,1
'2026-08-22 08:39:00.223304300,0.099304300,0
'2026-08-22 08:39:00.223315900,0.099315900,1
'2026-08-22 08:39:00.223330600,0.099330600,0
'2026-08-22 08:39:00.223332200,0.099332200,1
'2026-08-22 08:39:00.223332300,0.099332300,0
'2026-08-22 08:39:00.223339800,0.099339800,1
'2026-08-22 08:39:00.223339900,0.099339900,0
'2026-08-22 08:39:00.223341900,0.099341900,1
'2026-08-22 08:39:00.223356400,0.099356400,0
'2026-08-22 08:39:00.223359100,0.099359100,1
'2026-08-22 08:39:00.223359200,0.099359200,0
'2026-08-22 08:39:00.223364300,0.099364300,1
'2026-08-22 08:39:00.223364400,0.099364400,0
'2026-08-22 08:39:00.223368000,0.099368000,1
'2026-08-22 08:39:00.223382600,0.099382600,0
'2026-08-22 08:39:00.223388200,0.099388200,1
'2026-08-22 08:39:00.223388400,0.099388400,0
'2026-08-22 08:39:00.223391800,0.099391800,1
'2026-08-22 08:39:00.223391900,0.099391900,0
'2026-08-22 08:39:00.223394000,0.099394000,1
'2026-08-22 08:39:00.223408800,0.099408800,0
'2026-08-22 08:39:00.223409300,0.099409300,1
'2026-08-22 08:39:00.223409400,0.099409400,0
'2026-08-22 08:39:00.223409900,0.099409900,1
'2026-08-22 08:39:00.223410000,0.099410000,0
'2026-08-22 08:39:00.223411600,0.099411600,1
'2026-08-22 08:39:00.223411700,0.099411700,0
'2026-08-22 08:39:00.223420100,0.099420100,1
'2026-08-22 08:39:00.223851000,0.099851000,0
'2026-08-22 08:39:00.223862700,0.099862700,1
'2026-08-22 08:39:00.223877200,0.099877200,0
'2026-08-22 08:39:00.223884500,0.099884500,1
'2026-08-22 08:39:00.223884600,0.099884600,0
'2026-08-22 08:39:00.223888800,0.099888800,1
'2026-08-22 08:39:00.223903300,0.099903300,0
'2026-08-22 08:39:00.223914900,0.099914900,1
'2026-08-22 08:39:00.223929300,0.099929300,0
'2026-08-22 08:39:00.223940900,0.099940900,1
'2026-08-22 08:39:00.223955600,0.099955600,0
'2026-08-22 08:39:00.223966800,0.099966800,1
'2026-08-22 08:39:00.223966900,0.099966900,0
'2026-08-22 08:39:00.223967000,0.099967000,1
'2026-08-22 08:39:00.223981200,0.099981200,0
'2026-08-22 08:39:00.223981300,0.099981300,1
'2026-08-22 08:39:00.223981400,0.099981400,0
'2026-08-22 08:39:00.223984400,0.099984400,1
'2026-08-22 08:39:00.223984500,0.099984500,0
'2026-08-22 08:39:00.223993000,0.099993000,1
'2026-08-22 08:39:00.224007600,0.100007600,0
'2026-08-22 08:39:00.224019100,0.100019100,1
'2026-08-22 08:39:00.224033600,0.100033600,0
'2026-08-22 08:39:00.224033900,0.100033900,1
'2026-08-22 08:39:00.224034000,0.100034000,0
'2026-08-22 08:39:00.224045100,0.100045100,1
'2026-08-22 08:39:00.224059500,0.100059500,0
'2026-08-22 08:39:00.224064300,0.100064300,1
'2026-08-22 08:39:00.224064400,0.100064400,0
'2026-08-22 08:39:00.224071200,0.100071200,1
'2026-08-22 08:39:00.224085800,0.100085800,0
'2026-08-22 08:39:00.224086500,0.100086500,1
'2026-08-22 08:39:00.224086600,0.100086600,0
'2026-08-22 08:39:00.224094600,0.100094600,1
'2026-08-22 08:39:00.224094700,0.100094700,0
'2026-08-22 08:39:00.224096500,0.100096500,1
'2026-08-22 08:39:00.224096600,0.100096600,0
'2026-08-22 08:39:00.224097200,0.100097200,1
'2026-08-22 08:39:00.224111700,0.100111700,0
'2026-08-22 08:39:00.224115100,0.100115100,1
'2026-08-22 08:39:00.224115200,0.100115200,0
'2026-08-22 08:39:00.224115600,0.100115600,1
'2026-08-22 08:39:00.224115800,0.100115800,0
'2026-08-22 08:39:00.224116300,0.100116300,1
'2026-08-22 08:39:00.224116400,0.100116400,0
'2026-08-22 08:39:00.224123300,0.100123300,1
'2026-08-22 08:39:00.224137800,0.100137800,0
'2026-08-22 08:39:00.224138400,0.100138400,1
'2026-08-22 08:39:00.224138500,0.100138500,0
'2026-08-22 08:39:00.224144300,0.100144300,1
'2026-08-22 08:39:00.224144400,0.100144400,0
'2026-08-22 08:39:00.224145500,0.100145500,1
'2026-08-22 08:39:00.224145600,0.100145600,0
'2026-08-22 08:39:00.224146100,0.100146100,1
'2026-08-22 08:39:00.224146200,0.100146200,0
'2026-08-22 08:39:00.224146600,0.100146600,1
'2026-08-22 08:39:00.224146700,0.100146700,0
'2026-08-22 08:39:00.224147300,0.100147300,1
'2026-08-22 08:39:00.224147400,0.100147400,0
'2026-08-22 08:39:00.224149300,0.100149300,1
'2026-08-22 08:39:00.224163800,0.100163800,0
'2026-08-22 08:39:00.224163900,0.100163900,1
'2026-08-22 08:39:00.224164000,0.100164000,0
'2026-08-22 08:39:00.224164100,0.100164100,1
'2026-08-22 08:39:00.224164300,0.100164300,0
'2026-08-22 08:39:00.224164700,0.100164700,1
'2026-08-22 08:39:00.224164800,0.100164800,0
'2026-08-22 08:39:00.224165300,0.100165300,1
'2026-08-22 08:39:00.224165400,0.100165400,0
'2026-08-22 08:39:00.224166500,0.100166500,1
'2026-08-22 08:39:00.224166600,0.100166600,0
'2026-08-22 08:39:00.224167600,0.100167600,1
'2026-08-22 08:39:00.224167700,0.100167700,0
'2026-08-22 08:39:00.224172300,0.100172300,1
'2026-08-22 08:39:00.224172400,0.100172400,0
'2026-08-22 08:39:00.224174100,0.100174100,1
'2026-08-22 08:39:00.224174200,0.100174200,0
'2026-08-22 08:39:00.224175200,0.100175200,1
'2026-08-22 08:39:00.224189800,0.100189800,0
'2026-08-22 08:39:00.224189900,0.100189900,1
'2026-08-22 08:39:00.224190000,0.100190000,0
'2026-08-22 08:39:00.224196800,0.100196800,1
'2026-08-22 08:39:00.224196900,0.100196900,0
'2026-08-22 08:39:00.224197300,0.100197300,1
'2026-08-22 08:39:00.224197400,0.100197400,0
'2026-08-22 08:39:00.224199200,0.100199200,1
'2026-08-22 08:39:00.224199300,0.100199300,0
'2026-08-22 08:39:00.224201400,0.100201400,1
'2026-08-22 08:39:00.224216000,0.100216000,0
'2026-08-22 08:39:00.224216700,0.100216700,1
'2026-08-22 08:39:00.224216800,0.100216800,0
'2026-08-22 08:39:00.224217900,0.100217900,1
'2026-08-22 08:39:00.224218000,0.100218000,0
'2026-08-22 08:39:00.224219900,0.100219900,1
'2026-08-22 08:39:00.224220000,0.100220000,0
'2026-08-22 08:39:00.224222300,0.100222300,1
'2026-08-22 08:39:00.224222400,0.100222400,0
'2026-08-22 08:39:00.224227500,0.100227500,1
'2026-08-22 08:39:00.224241900,0.100241900,0
'2026-08-22 08:39:00.224245300,0.100245300,1
'2026-08-22 08:39:00.224245400,0.100245400,0
'2026-08-22 08:39:00.224245900,0.100245900,1
'2026-08-22 08:39:00.224246000,0.100246000,0
'2026-08-22 08:39:00.224246200,0.100246200,1
'2026-08-22 08:39:00.224659600,0.100659600,0
'2026-08-22 08:39:00.224670100,0.100670100,1
'2026-08-22 08:39:00.224684600,0.100684600,0
'2026-08-22 08:39:00.224696200,0.100696200,1
'2026-08-22 08:39:00.224710500,0.100710500,0
'2026-08-22 08:39:00.224710600,0.100710600,1
'2026-08-22 08:39:00.224710800,0.100710800,0
'2026-08-22 08:39:00.224722200,0.100722200,1
'2026-08-22 08:39:00.224736500,0.100736500,0
'2026-08-22 08:39:00.224748300,0.100748300,1
'2026-08-22 08:39:00.224762800,0.100762800,0
'2026-08-22 08:39:00.224774300,0.100774300,1
'2026-08-22 08:39:00.224788700,0.100788700,0
'2026-08-22 08:39:00.224789500,0.100789500,1
'2026-08-22 08:39:00.224789600,0.100789600,0
'2026-08-22 08:39:00.224791300,0.100791300,1
'2026-08-22 08:39:00.224791400,0.100791400,0
'2026-08-22 08:39:00.224800400,0.100800400,1
'2026-08-22 08:39:00.224814800,0.100814800,0
'2026-08-22 08:39:00.224815100,0.100815100,1
'2026-08-22 08:39:00.224815200,0.100815200,0
'2026-08-22 08:39:00.224822300,0.100822300,1
'2026-08-22 08:39:00.224822400,0.100822400,0
'2026-08-22 08:39:00.224826400,0.100826400,1
'2026-08-22 08:39:00.224841100,0.100841100,0
'2026-08-22 08:39:00.224843300,0.100843300,1
'2026-08-22 08:39:00.224843400,0.100843400,0
'2026-08-22 08:39:00.224850900,0.100850900,1
'2026-08-22 08:39:00.224851000,0.100851000,0
'2026-08-22 08:39:00.224852500,0.100852500,1
'2026-08-22 08:39:00.224867000,0.100867000,0
'2026-08-22 08:39:00.224867200,0.100867200,1
'2026-08-22 08:39:00.224867300,0.100867300,0
'2026-08-22 08:39:00.224871900,0.100871900,1
'2026-08-22 08:39:00.224872000,0.100872000,0
'2026-08-22 08:39:00.224872300,0.100872300,1
'2026-08-22 08:39:00.224872400,0.100872400,0
'2026-08-22 08:39:00.224878500,0.100878500,1
'2026-08-22 08:39:00.224893100,0.100893100,0
'2026-08-22 08:39:00.224902300,0.100902300,1
'2026-08-22 08:39:00.224902400,0.100902400,0
'2026-08-22 08:39:00.224904600,0.100904600,1
'2026-08-22 08:39:00.224919000,0.100919000,0
'2026-08-22 08:39:00.224919200,0.100919200,1
'2026-08-22 08:39:00.224919300,0.100919300,0
'2026-08-22 08:39:00.224921500,0.100921500,1
'2026-08-22 08:39:00.224921600,0.100921600,0
'2026-08-22 08:39:00.224922200,0.100922200,1
'2026-08-22 08:39:00.224922300,0.100922300,0
'2026-08-22 08:39:00.224923200,0.100923200,1
'2026-08-22 08:39:00.224923400,0.100923400,0
'2026-08-22 08:39:00.224924300,0.100924300,1
'2026-08-22 08:39:00.224924400,0.100924400,0
'2026-08-22 08:39:00.224930600,0.100930600,1
'2026-08-22 08:39:00.224945200,0.100945200,0
'2026-08-22 08:39:00.224947200,0.100947200,1
'2026-08-22 08:39:00.224947400,0.100947400,0
'2026-08-22 08:39:00.224956700,0.100956700,1
'2026-08-22 08:39:00.224971300,0.100971300,0
'2026-08-22 08:39:00.224971800,0.100971800,1
'2026-08-22 08:39:00.224971900,0.100971900,0
'2026-08-22 08:39:00.224972900,0.100972900,1
'2026-08-22 08:39:00.224973000,0.100973000,0
'2026-08-22 08:39:00.224975900,0.100975900,1
'2026-08-22 08:39:00.224976000,0.100976000,0
'2026-08-22 08:39:00.224982700,0.100982700,1
'2026-08-22 08:39:00.224997000,0.100997000,0
'2026-08-22 08:39:00.225008800,0.101008800,1
'2026-08-22 08:39:00.225023300,0.101023300,0
'2026-08-22 08:39:00.225023700,0.101023700,1
'2026-08-22 08:39:00.225023800,0.101023800,0
'2026-08-22 08:39:00.225031900,0.101031900,1
'2026-08-22 08:39:00.225032000,0.101032000,0
'2026-08-22 08:39:00.225034800,0.101034800,1
'2026-08-22 08:39:00.225049500,0.101049500,0
'2026-08-22 08:39:00.225051600,0.101051600,1
'2026-08-22 08:39:00.225051700,0.101051700,0
'2026-08-22 08:39:00.225052500,0.101052500,1
'2026-08-22 08:39:00.225052600,0.101052600,0
'2026-08-22 08:39:00.225052900,0.101052900,1
'2026-08-22 08:39:00.225053000,0.101053000,0
'2026-08-22 08:39:00.225060900,0.101060900,1
'2026-08-22 08:39:00.225491800,0.101491800,0
'2026-08-22 08:39:00.225491900,0.101491900,1
'2026-08-22 08:39:00.225492000,0.101492000,0
'2026-08-22 08:39:00.225497300,0.101497300,1
'2026-08-22 08:39:00.225497400,0.101497400,0
'2026-08-22 08:39:00.225503500,0.101503500,1
'2026-08-22 08:39:00.225518000,0.101518000,0
'2026-08-22 08:39:00.225528800,0.101528800,1
'2026-08-22 08:39:00.225528900,0.101528900,0
'2026-08-22 08:39:00.225529600,0.101529600,1
'2026-08-22 08:39:00.225544000,0.101544000,0
'2026-08-22 08:39:00.225546400,0.101546400,1
'2026-08-22 08:39:00.225546500,0.101546500,0
'2026-08-22 08:39:00.225555600,0.101555600,1
'2026-08-22 08:39:00.225569900,0.101569900,0
'2026-08-22 08:39:00.225581700,0.101581700,1
'2026-08-22 08:39:00.225596200,0.101596200,0
'2026-08-22 08:39:00.225597100,0.101597100,1
'2026-08-22 08:39:00.225597200,0.101597200,0
'2026-08-22 08:39:00.225597300,0.101597300,1
'2026-08-22 08:39:00.225597400,0.101597400,0
'2026-08-22 08:39:00.225607700,0.101607700,1
'2026-08-22 08:39:00.225622200,0.101622200,0
'2026-08-22 08:39:00.225622300,0.101622300,1
'2026-08-22 08:39:00.225622400,0.101622400,0
'2026-08-22 08:39:00.225633800,0.101633800,1
'2026-08-22 08:39:00.225648300,0.101648300,0
'2026-08-22 08:39:00.225648500,0.101648500,1
'2026-08-22 08:39:00.225648600,0.101648600,0
'2026-08-22 08:39:00.225659800,0.101659800,1
'2026-08-22 08:39:00.225674300,0.101674300,0
'2026-08-22 08:39:00.225685900,0.101685900,1
'2026-08-22 08:39:00.225700300,0.101700300,0
'2026-08-22 08:39:00.225705100,0.101705100,1
'2026-08-22 08:39:00.225705200,0.101705200,0
'2026-08-22 08:39:00.225711900,0.101711900,1
'2026-08-22 08:39:00.225726500,0.101726500,0
'2026-08-22 08:39:00.225726800,0.101726800,1
'2026-08-22 08:39:00.225726900,0.101726900,0
'2026-08-22 08:39:00.225728500,0.101728500,1
'2026-08-22 08:39:00.225728600,0.101728600,0
'2026-08-22 08:39:00.225729100,0.101729100,1
'2026-08-22 08:39:00.225729200,0.101729200,0
'2026-08-22 08:39:00.225738000,0.101738000,1
'2026-08-22 08:39:00.225752500,0.101752500,0
'2026-08-22 08:39:00.225753600,0.101753600,1
'2026-08-22 08:39:00.225753700,0.101753700,0
'2026-08-22 08:39:00.225757100,0.101757100,1
'2026-08-22 08:39:00.225757200,0.101757200,0
'2026-08-22 08:39:00.225764000,0.101764000,1
'2026-08-22 08:39:00.225778600,0.101778600,0
'2026-08-22 08:39:00.225778700,0.101778700,1
'2026-08-22 08:39:00.225778800,0.101778800,0
'2026-08-22 08:39:00.225784400,0.101784400,1
'2026-08-22 08:39:00.225784600,0.101784600,0
'2026-08-22 08:39:00.225785700,0.101785700,1
'2026-08-22 08:39:00.225785800,0.101785800,0
'2026-08-22 08:39:00.225788100,0.101788100,1
'2026-08-22 08:39:00.225788200,0.101788200,0
'2026-08-22 08:39:00.225790100,0.101790100,1
'2026-08-22 08:39:00.225804500,0.101804500,0
'2026-08-22 08:39:00.225805000,0.101805000,1
'2026-08-22 08:39:00.225805100,0.101805100,0
'2026-08-22 08:39:00.225813100,0.101813100,1
'2026-08-22 08:39:00.225813200,0.101813200,0
'2026-08-22 08:39:00.225814500,0.101814500,1
'2026-08-22 08:39:00.225814600,0.101814600,0
'2026-08-22 08:39:00.225816100,0.101816100,1
'2026-08-22 08:39:00.225830600,0.101830600,0
'2026-08-22 08:39:00.225830700,0.101830700,1
'2026-08-22 08:39:00.225830800,0.101830800,0
'2026-08-22 08:39:00.225842200,0.101842200,1
'2026-08-22 08:39:00.225856800,0.101856800,0
'2026-08-22 08:39:00.225856900,0.101856900,1
'2026-08-22 08:39:00.225857100,0.101857100,0
'2026-08-22 08:39:00.225858100,0.101858100,1
'2026-08-22 08:39:00.225858200,0.101858200,0
'2026-08-22 08:39:00.225865700,0.101865700,1
'2026-08-22 08:39:00.225865800,0.101865800,0
'2026-08-22 08:39:00.225867500,0.101867500,1
'2026-08-22 08:39:00.225867600,0.101867600,0
'2026-08-22 08:39:00.225868200,0.101868200,1
'2026-08-22 08:39:00.225882800,0.101882800,0
'2026-08-22 08:39:00.225884400,0.101884400,1
'2026-08-22 08:39:00.225884500,0.101884500,0
'2026-08-22 08:39:00.225886700,0.101886700,1
'2026-08-22 08:39:00.225886800,0.101886800,0
'2026-08-22 08:39:00.225890900,0.101890900,1
'2026-08-22 08:39:00.226304300,0.102304300,0
'2026-08-22 08:39:00.226310900,0.102310900,1
'2026-08-22 08:39:00.226325200,0.102325200,0
'2026-08-22 08:39:00.226337000,0.102337000,1
'2026-08-22 08:39:00.226351500,0.102351500,0
'2026-08-22 08:39:00.226353800,0.102353800,1
'2026-08-22 08:39:00.226353900,0.102353900,0
'2026-08-22 08:39:00.226363000,0.102363000,1
'2026-08-22 08:39:00.226377400,0.102377400,0
'2026-08-22 08:39:00.226389100,0.102389100,1
'2026-08-22 08:39:00.226403500,0.102403500,0
'2026-08-22 08:39:00.226415100,0.102415100,1
'2026-08-22 08:39:00.226429500,0.102429500,0
'2026-08-22 08:39:00.226441200,0.102441200,1
'2026-08-22 08:39:00.226455600,0.102455600,0
'2026-08-22 08:39:00.226467200,0.102467200,1
'2026-08-22 08:39:00.226481800,0.102481800,0
'2026-08-22 08:39:00.226489100,0.102489100,1
'2026-08-22 08:39:00.226489200,0.102489200,0
'2026-08-22 08:39:00.226493300,0.102493300,1
'2026-08-22 08:39:00.226507700,0.102507700,0
'2026-08-22 08:39:00.226507900,0.102507900,1
'2026-08-22 08:39:00.226508100,0.102508100,0
'2026-08-22 08:39:00.226519300,0.102519300,1
'2026-08-22 08:39:00.226533800,0.102533800,0
'2026-08-22 08:39:00.226539400,0.102539400,1
'2026-08-22 08:39:00.226539500,0.102539500,0
'2026-08-22 08:39:00.226543200,0.102543200,1
'2026-08-22 08:39:00.226543300,0.102543300,0
'2026-08-22 08:39:00.226545400,0.102545400,1
'2026-08-22 08:39:00.226560000,0.102560000,0
'2026-08-22 08:39:00.226567000,0.102567000,1
'2026-08-22 08:39:00.226567100,0.102567100,0
'2026-08-22 08:39:00.226571400,0.102571400,1
'2026-08-22 08:39:00.226585900,0.102585900,0
'2026-08-22 08:39:00.226588500,0.102588500,1
'2026-08-22 08:39:00.226588600,0.102588600,0
'2026-08-22 08:39:00.226597500,0.102597500,1
'2026-08-22 08:39:00.226612000,0.102612000,0
'2026-08-22 08:39:00.226612400,0.102612400,1
'2026-08-22 08:39:00.226612500,0.102612500,0
'2026-08-22 08:39:00.226619400,0.102619400,1
'2026-08-22 08:39:00.226619500,0.102619500,0
'2026-08-22 08:39:00.226622300,0.102622300,1
'2026-08-22 08:39:00.226622400,0.102622400,0
'2026-08-22 08:39:00.226623500,0.102623500,1
'2026-08-22 08:39:00.226637900,0.102637900,0
'2026-08-22 08:39:00.226638100,0.102638100,1
'2026-08-22 08:39:00.226638200,0.102638200,0
'2026-08-22 08:39:00.226639900,0.102639900,1
'2026-08-22 08:39:00.226640100,0.102640100,0
'2026-08-22 08:39:00.226642200,0.102642200,1
'2026-08-22 08:39:00.226642300,0.102642300,0
'2026-08-22 08:39:00.226643900,0.102643900,1
'2026-08-22 08:39:00.226644000,0.102644000,0
'2026-08-22 08:39:00.226644500,0.102644500,1
'2026-08-22 08:39:00.226644600,0.102644600,0
'2026-08-22 08:39:00.226649600,0.102649600,1
'2026-08-22 08:39:00.226664100,0.102664100,0
'2026-08-22 08:39:00.226664400,0.102664400,1
'2026-08-22 08:39:00.226664500,0.102664500,0
'2026-08-22 08:39:00.226664900,0.102664900,1
'2026-08-22 08:39:00.226665000,0.102665000,0
'2026-08-22 08:39:00.226665500,0.102665500,1
'2026-08-22 08:39:00.226665600,0.102665600,0
'2026-08-22 08:39:00.226670200,0.102670200,1
'2026-08-22 08:39:00.226670300,0.102670300,0
'2026-08-22 08:39:00.226675600,0.102675600,1
'2026-08-22 08:39:00.226690300,0.102690300,0
'2026-08-22 08:39:00.226693000,0.102693000,1
'2026-08-22 08:39:00.226693100,0.102693100,0
'2026-08-22 08:39:00.226699400,0.102699400,1
'2026-08-22 08:39:00.226699500,0.102699500,0
'2026-08-22 08:39:00.226701700,0.102701700,1
'2026-08-22 08:39:00.227134300,0.103134300,0
'2026-08-22 08:39:00.227144400,0.103144400,1
'2026-08-22 08:39:00.227158700,0.103158700,0
'2026-08-22 08:39:00.227170400,0.103170400,1
'2026-08-22 08:39:00.227184800,0.103184800,0
'2026-08-22 08:39:00.227185000,0.103185000,1
'2026-08-22 08:39:00.227185100,0.103185100,0
'2026-08-22 08:39:00.227196500,0.103196500,1
'2026-08-22 08:39:00.227211000,0.103211000,0
'2026-08-22 08:39:00.227213100,0.103213100,1
'2026-08-22 08:39:00.227213200,0.103213200,0
'2026-08-22 08:39:00.227222500,0.103222500,1
'2026-08-22 08:39:00.227237100,0.103237100,0
'2026-08-22 08:39:00.227248600,0.103248600,1
'2026-08-22 08:39:00.227262900,0.103262900,0
'2026-08-22 08:39:00.227263300,0.103263300,1
'2026-08-22 08:39:00.227263400,0.103263400,0
'2026-08-22 08:39:00.227274600,0.103274600,1
'2026-08-22 08:39:00.227289000,0.103289000,0
'2026-08-22 08:39:00.227295300,0.103295300,1
'2026-08-22 08:39:00.227295400,0.103295400,0
'2026-08-22 08:39:00.227300700,0.103300700,1
'2026-08-22 08:39:00.227315300,0.103315300,0
'2026-08-22 08:39:00.227316900,0.103316900,1
'2026-08-22 08:39:00.227317000,0.103317000,0
'2026-08-22 08:39:00.227326700,0.103326700,1
'2026-08-22 08:39:00.227341200,0.103341200,0
'2026-08-22 08:39:00.227347300,0.103347300,1
'2026-08-22 08:39:00.227347400,0.103347400,0
'2026-08-22 08:39:00.227350000,0.103350000,1
'2026-08-22 08:39:00.227350100,0.103350100,0
'2026-08-22 08:39:00.227352800,0.103352800,1
'2026-08-22 08:39:00.227367300,0.103367300,0
'2026-08-22 08:39:00.227367700,0.103367700,1
'2026-08-22 08:39:00.227367800,0.103367800,0
'2026-08-22 08:39:00.227368900,0.103368900,1
'2026-08-22 08:39:00.227369000,0.103369000,0
'2026-08-22 08:39:00.227372300,0.103372300,1
'2026-08-22 08:39:00.227372400,0.103372400,0
'2026-08-22 08:39:00.227378800,0.103378800,1
'2026-08-22 08:39:00.227393200,0.103393200,0
'2026-08-22 08:39:00.227393400,0.103393400,1
'2026-08-22 08:39:00.227393500,0.103393500,0
'2026-08-22 08:39:00.227404900,0.103404900,1
'2026-08-22 08:39:00.227419300,0.103419300,0
'2026-08-22 08:39:00.227419500,0.103419500,1
'2026-08-22 08:39:00.227419600,0.103419600,0
'2026-08-22 08:39:00.227430900,0.103430900,1
'2026-08-22 08:39:00.227445500,0.103445500,0
'2026-08-22 08:39:00.227445600,0.103445600,1
'2026-08-22 08:39:00.227445700,0.103445700,0
'2026-08-22 08:39:00.227445900,0.103445900,1
'2026-08-22 08:39:00.227446000,0.103446000,0
'2026-08-22 08:39:00.227455900,0.103455900,1
'2026-08-22 08:39:00.227456000,0.103456000,0
'2026-08-22 08:39:00.227457000,0.103457000,1
'2026-08-22 08:39:00.227471400,0.103471400,0
'2026-08-22 08:39:00.227471600,0.103471600,1
'2026-08-22 08:39:00.227471700,0.103471700,0
'2026-08-22 08:39:00.227472300,0.103472300,1
'2026-08-22 08:39:00.227472400,0.103472400,0
'2026-08-22 08:39:00.227475100,0.103475100,1
'2026-08-22 08:39:00.227475200,0.103475200,0
'2026-08-22 08:39:00.227482700,0.103482700,1
'2026-08-22 08:39:00.227482800,0.103482800,0
'2026-08-22 08:39:00.227483000,0.103483000,1
'2026-08-22 08:39:00.227497400,0.103497400,0
'2026-08-22 08:39:00.227497800,0.103497800,1
'2026-08-22 08:39:00.227497900,0.103497900,0
'2026-08-22 08:39:00.227498500,0.103498500,1
'2026-08-22 08:39:00.227498600,0.103498600,0
'2026-08-22 08:39:00.227509100,0.103509100,1
'2026-08-22 08:39:00.227523400,0.103523400,0
'2026-08-22 08:39:00.227523500,0.103523500,1
'2026-08-22 08:39:00.227523700,0.103523700,0
'2026-08-22 08:39:00.227524800,0.103524800,1
'2026-08-22 08:39:00.227524900,0.103524900,0
'2026-08-22 08:39:00.227530000,0.103530000,1
'2026-08-22 08:39:00.227530100,0.103530100,0
'2026-08-22 08:39:00.227532300,0.103532300,1
'2026-08-22 08:39:00.227532400,0.103532400,0
'2026-08-22 08:39:00.227535100,0.103535100,1
'2026-08-22 08:39:00.227966200,0.103966200,0
'2026-08-22 08:39:00.227977800,0.103977800,1
'2026-08-22 08:39:00.227992100,0.103992100,0
'2026-08-22 08:39:00.227992300,0.103992300,1
'2026-08-22 08:39:00.227992400,0.103992400,0
'2026-08-22 08:39:00.228003900,0.104003900,1
'2026-08-22 08:39:00.228018200,0.104018200,0
'2026-08-22 08:39:00.228029900,0.104029900,1
'2026-08-22 08:39:00.228044200,0.104044200,0
'2026-08-22 08:39:00.228044300,0.104044300,1
'2026-08-22 08:39:00.228044400,0.104044400,0
'2026-08-22 08:39:00.228056000,0.104056000,1
'2026-08-22 08:39:00.228070500,0.104070500,0
'2026-08-22 08:39:00.228070600,0.104070600,1
'2026-08-22 08:39:00.228070700,0.104070700,0
'2026-08-22 08:39:00.228073500,0.104073500,1
'2026-08-22 08:39:00.228073600,0.104073600,0
'2026-08-22 08:39:00.228082000,0.104082000,1
'2026-08-22 08:39:00.228096500,0.104096500,0
'2026-08-22 08:39:00.228108100,0.104108100,1
'2026-08-22 08:39:00.228122400,0.104122400,0
'2026-08-22 08:39:00.228122500,0.104122500,1
'2026-08-22 08:39:00.228122600,0.104122600,0
'2026-08-22 08:39:00.228134100,0.104134100,1
'2026-08-22 08:39:00.228148600,0.104148600,0
'2026-08-22 08:39:00.228150500,0.104150500,1
'2026-08-22 08:39:00.228150600,0.104150600,0
'2026-08-22 08:39:00.228151100,0.104151100,1
'2026-08-22 08:39:00.228151200,0.104151200,0
'2026-08-22 08:39:00.228160200,0.104160200,1
'2026-08-22 08:39:00.228174600,0.104174600,0
'2026-08-22 08:39:00.228186200,0.104186200,1
'2026-08-22 08:39:00.228200800,0.104200800,0
'2026-08-22 08:39:00.228201300,0.104201300,1
'2026-08-22 08:39:00.228201400,0.104201400,0
'2026-08-22 08:39:00.228212300,0.104212300,1
'2026-08-22 08:39:00.228226700,0.104226700,0
'2026-08-22 08:39:00.228226900,0.104226900,1
'2026-08-22 08:39:00.228227100,0.104227100,0
'2026-08-22 08:39:00.228227700,0.104227700,1
'2026-08-22 08:39:00.228227800,0.104227800,0
'2026-08-22 08:39:00.228236500,0.104236500,1
'2026-08-22 08:39:00.228236600,0.104236600,0
'2026-08-22 08:39:00.228238300,0.104238300,1
'2026-08-22 08:39:00.228252800,0.104252800,0
'2026-08-22 08:39:00.228252900,0.104252900,1
'2026-08-22 08:39:00.228253000,0.104253000,0
'2026-08-22 08:39:00.228257300,0.104257300,1
'2026-08-22 08:39:00.228257400,0.104257400,0
'2026-08-22 08:39:00.228264400,0.104264400,1
'2026-08-22 08:39:00.228278800,0.104278800,0
'2026-08-22 08:39:00.228278900,0.104278900,1
'2026-08-22 08:39:00.228279100,0.104279100,0
'2026-08-22 08:39:00.228288900,0.104288900,1
'2026-08-22 08:39:00.228289000,0.104289000,0
'2026-08-22 08:39:00.228290000,0.104290000,1
'2026-08-22 08:39:00.228290100,0.104290100,0
'2026-08-22 08:39:00.228290400,0.104290400,1
'2026-08-22 08:39:00.228304800,0.104304800,0
'2026-08-22 08:39:00.228310500,0.104310500,1
'2026-08-22 08:39:00.228310600,0.104310600,0
'2026-08-22 08:39:00.228316500,0.104316500,1
'2026-08-22 08:39:00.228331000,0.104331000,0
'2026-08-22 08:39:00.228332100,0.104332100,1
'2026-08-22 08:39:00.228332200,0.104332200,0
'2026-08-22 08:39:00.228342500,0.104342500,1
'2026-08-22 08:39:00.228357000,0.104357000,0
'2026-08-22 08:39:00.228360700,0.104360700,1
'2026-08-22 08:39:00.228360800,0.104360800,0
'2026-08-22 08:39:00.228362500,0.104362500,1
'2026-08-22 08:39:00.228362600,0.104362600,0
'2026-08-22 08:39:00.228365500,0.104365500,1
'2026-08-22 08:39:00.228778800,0.104778800,0
'2026-08-22 08:39:00.228785200,0.104785200,1
'2026-08-22 08:39:00.228799500,0.104799500,0
'2026-08-22 08:39:00.228799700,0.104799700,1
'2026-08-22 08:39:00.228799800,0.104799800,0
'2026-08-22 08:39:00.228811200,0.104811200,1
'2026-08-22 08:39:00.228825600,0.104825600,0
'2026-08-22 08:39:00.228837300,0.104837300,1
'2026-08-22 08:39:00.228851600,0.104851600,0
'2026-08-22 08:39:00.228851700,0.104851700,1
'2026-08-22 08:39:00.228851800,0.104851800,0
'2026-08-22 08:39:00.228863400,0.104863400,1
'2026-08-22 08:39:00.228877700,0.104877700,0
'2026-08-22 08:39:00.228889400,0.104889400,1
'2026-08-22 08:39:00.228903800,0.104903800,0
'2026-08-22 08:39:00.228911800,0.104911800,1
'2026-08-22 08:39:00.228911900,0.104911900,0
'2026-08-22 08:39:00.228915500,0.104915500,1
'2026-08-22 08:39:00.228929800,0.104929800,0
'2026-08-22 08:39:00.228929900,0.104929900,1
'2026-08-22 08:39:00.228930000,0.104930000,0
'2026-08-22 08:39:00.228941500,0.104941500,1
'2026-08-22 08:39:00.228955900,0.104955900,0
'2026-08-22 08:39:00.228956100,0.104956100,1
'2026-08-22 08:39:00.228956200,0.104956200,0
'2026-08-22 08:39:00.228967600,0.104967600,1
'2026-08-22 08:39:00.228982000,0.104982000,0
'2026-08-22 08:39:00.228982700,0.104982700,1
'2026-08-22 08:39:00.228982800,0.104982800,0
'2026-08-22 08:39:00.228984100,0.104984100,1
'2026-08-22 08:39:00.228984200,0.104984200,0
'2026-08-22 08:39:00.228989600,0.104989600,1
'2026-08-22 08:39:00.228989700,0.104989700,0
'2026-08-22 08:39:00.228993600,0.104993600,1
'2026-08-22 08:39:00.229008000,0.105008000,0
'2026-08-22 08:39:00.229013300,0.105013300,1
'2026-08-22 08:39:00.229013400,0.105013400,0
'2026-08-22 08:39:00.229019700,0.105019700,1
'2026-08-22 08:39:00.229034100,0.105034100,0
'2026-08-22 08:39:00.229034200,0.105034200,1
'2026-08-22 08:39:00.229034400,0.105034400,0
'2026-08-22 08:39:00.229034900,0.105034900,1
'2026-08-22 08:39:00.229035000,0.105035000,0
'2026-08-22 08:39:00.229044300,0.105044300,1
'2026-08-22 08:39:00.229044400,0.105044400,0
'2026-08-22 08:39:00.229045700,0.105045700,1
'2026-08-22 08:39:00.229060200,0.105060200,0
'2026-08-22 08:39:00.229071700,0.105071700,1
'2026-08-22 08:39:00.229086200,0.105086200,0
'2026-08-22 08:39:00.229092300,0.105092300,1
'2026-08-22 08:39:00.229092400,0.105092400,0
'2026-08-22 08:39:00.229097800,0.105097800,1
'2026-08-22 08:39:00.229112200,0.105112200,0
'2026-08-22 08:39:00.229112500,0.105112500,1
'2026-08-22 08:39:00.229112600,0.105112600,0
'2026-08-22 08:39:00.229113100,0.105113100,1
'2026-08-22 08:39:00.229113200,0.105113200,0
'2026-08-22 08:39:00.229115400,0.105115400,1
'2026-08-22 08:39:00.229115500,0.105115500,0
'2026-08-22 08:39:00.229115700,0.105115700,1
'2026-08-22 08:39:00.229115800,0.105115800,0
'2026-08-22 08:39:00.229123100,0.105123100,1
'2026-08-22 08:39:00.229123200,0.105123200,0
'2026-08-22 08:39:00.229123800,0.105123800,1
'2026-08-22 08:39:00.229138500,0.105138500,0
'2026-08-22 08:39:00.229142100,0.105142100,1
'2026-08-22 08:39:00.229142200,0.105142200,0
'2026-08-22 08:39:00.229142300,0.105142300,1
'2026-08-22 08:39:00.229142400,0.105142400,0
'2026-08-22 08:39:00.229144000,0.105144000,1
'2026-08-22 08:39:00.229144100,0.105144100,0
'2026-08-22 08:39:00.229149900,0.105149900,1
'2026-08-22 08:39:00.229164400,0.105164400,0
'2026-08-22 08:39:00.229164500,0.105164500,1
'2026-08-22 08:39:00.229164600,0.105164600,0
'2026-08-22 08:39:00.229165000,0.105165000,1
'2026-08-22 08:39:00.229165100,0.105165100,0
'2026-08-22 08:39:00.229167300,0.105167300,1
'2026-08-22 08:39:00.229167400,0.105167400,0
'2026-08-22 08:39:00.229175900,0.105175900,1
'2026-08-22 08:39:00.229607200,0.105607200,0
'2026-08-22 08:39:00.229618600,0.105618600,1
'2026-08-22 08:39:00.229632900,0.105632900,0
'2026-08-22 08:39:00.229644700,0.105644700,1
'2026-08-22 08:39:00.229659000,0.105659000,0
'2026-08-22 08:39:00.229670700,0.105670700,1
'2026-08-22 08:39:00.229685200,0.105685200,0
'2026-08-22 08:39:00.229696800,0.105696800,1
'2026-08-22 08:39:00.229711000,0.105711000,0
'2026-08-22 08:39:00.229722800,0.105722800,1
'2026-08-22 08:39:00.229737300,0.105737300,0
'2026-08-22 08:39:00.229748900,0.105748900,1
'2026-08-22 08:39:00.229763200,0.105763200,0
'2026-08-22 08:39:00.229763300,0.105763300,1
'2026-08-22 08:39:00.229763400,0.105763400,0
'2026-08-22 08:39:00.229774900,0.105774900,1
'2026-08-22 08:39:00.229789400,0.105789400,0
'2026-08-22 08:39:00.229801000,0.105801000,1
'2026-08-22 08:39:00.229815400,0.105815400,0
'2026-08-22 08:39:00.229815800,0.105815800,1
'2026-08-22 08:39:00.229815900,0.105815900,0
'2026-08-22 08:39:00.229827000,0.105827000,1
'2026-08-22 08:39:00.229841600,0.105841600,0
'2026-08-22 08:39:00.229853100,0.105853100,1
'2026-08-22 08:39:00.229867500,0.105867500,0
'2026-08-22 08:39:00.229867800,0.105867800,1
'2026-08-22 08:39:00.229868000,0.105868000,0
'2026-08-22 08:39:00.229879100,0.105879100,1
'2026-08-22 08:39:00.229893500,0.105893500,0
'2026-08-22 08:39:00.229898700,0.105898700,1
'2026-08-22 08:39:00.229898800,0.105898800,0
'2026-08-22 08:39:00.229903900,0.105903900,1
'2026-08-22 08:39:00.229904000,0.105904000,0
'2026-08-22 08:39:00.229905200,0.105905200,1
'2026-08-22 08:39:00.229919800,0.105919800,0
'2026-08-22 08:39:00.229920300,0.105920300,1
'2026-08-22 08:39:00.229920400,0.105920400,0
'2026-08-22 08:39:00.229921500,0.105921500,1
'2026-08-22 08:39:00.229921600,0.105921600,0
'2026-08-22 08:39:00.229931200,0.105931200,1
'2026-08-22 08:39:00.229945600,0.105945600,0
'2026-08-22 08:39:00.229949500,0.105949500,1
'2026-08-22 08:39:00.229949600,0.105949600,0
'2026-08-22 08:39:00.229957300,0.105957300,1
'2026-08-22 08:39:00.229971800,0.105971800,0
'2026-08-22 08:39:00.229972300,0.105972300,1
'2026-08-22 08:39:00.229972400,0.105972400,0
'2026-08-22 08:39:00.229983300,0.105983300,1
'2026-08-22 08:39:00.229998000,0.105998000,0
'2026-08-22 08:39:00.229998500,0.105998500,1
'2026-08-22 08:39:00.229998700,0.105998700,0
'2026-08-22 08:39:00.230009400,0.106009400,1
'2026-08-22 08:39:00.230423400,0.106423400,0
'2026-08-22 08:39:00.230426000,0.106426000,1
'2026-08-22 08:39:00.230440400,0.106440400,0
'2026-08-22 08:39:00.230440700,0.106440700,1
'2026-08-22 08:39:00.230440800,0.106440800,0
'2026-08-22 08:39:00.230452100,0.106452100,1
'2026-08-22 08:39:00.230466400,0.106466400,0
'2026-08-22 08:39:00.230478100,0.106478100,1
'2026-08-22 08:39:00.230492500,0.106492500,0
'2026-08-22 08:39:00.230504200,0.106504200,1
'2026-08-22 08:39:00.230518500,0.106518500,0
'2026-08-22 08:39:00.230530200,0.106530200,1
'2026-08-22 08:39:00.230544500,0.106544500,0
'2026-08-22 08:39:00.230556300,0.106556300,1
'2026-08-22 08:39:00.230570700,0.106570700,0
'2026-08-22 08:39:00.230582300,0.106582300,1
'2026-08-22 08:39:00.230596800,0.106596800,0
'2026-08-22 08:39:00.230603100,0.106603100,1
'2026-08-22 08:39:00.230603200,0.106603200,0
'2026-08-22 08:39:00.230608400,0.106608400,1
'2026-08-22 08:39:00.230622700,0.106622700,0
'2026-08-22 08:39:00.230634400,0.106634400,1
'2026-08-22 08:39:00.230648800,0.106648800,0
'2026-08-22 08:39:00.230660500,0.106660500,1
'2026-08-22 08:39:00.230675000,0.106675000,0
'2026-08-22 08:39:00.230681300,0.106681300,1
'2026-08-22 08:39:00.230681400,0.106681400,0
'2026-08-22 08:39:00.230686500,0.106686500,1
'2026-08-22 08:39:00.230701200,0.106701200,0
'2026-08-22 08:39:00.230712600,0.106712600,1
'2026-08-22 08:39:00.230727000,0.106727000,0
'2026-08-22 08:39:00.230733800,0.106733800,1
'2026-08-22 08:39:00.230733900,0.106733900,0
'2026-08-22 08:39:00.230738600,0.106738600,1
'2026-08-22 08:39:00.230753200,0.106753200,0
'2026-08-22 08:39:00.230753300,0.106753300,1
'2026-08-22 08:39:00.230753400,0.106753400,0
'2026-08-22 08:39:00.230753600,0.106753600,1
'2026-08-22 08:39:00.230753700,0.106753700,0
'2026-08-22 08:39:00.230764100,0.106764100,1
'2026-08-22 08:39:00.230764200,0.106764200,0
'2026-08-22 08:39:00.230764700,0.106764700,1
'2026-08-22 08:39:00.230779000,0.106779000,0
'2026-08-22 08:39:00.230781700,0.106781700,1
'2026-08-22 08:39:00.230781800,0.106781800,0
'2026-08-22 08:39:00.230787400,0.106787400,1
'2026-08-22 08:39:00.230787500,0.106787500,0
'2026-08-22 08:39:00.230790700,0.106790700,1
'2026-08-22 08:39:00.230805300,0.106805300,0
'2026-08-22 08:39:00.230811900,0.106811900,1
'2026-08-22 08:39:00.230812000,0.106812000,0
'2026-08-22 08:39:00.230816800,0.106816800,1
'2026-08-22 08:39:00.230831400,0.106831400,0
'2026-08-22 08:39:00.230832500,0.106832500,1
'2026-08-22 08:39:00.231247700,0.107247700,0
'2026-08-22 08:39:00.231259500,0.107259500,1
'2026-08-22 08:39:00.231273800,0.107273800,0
'2026-08-22 08:39:00.231285500,0.107285500,1
'2026-08-22 08:39:00.231300000,0.107300000,0
'2026-08-22 08:39:00.231311600,0.107311600,1
'2026-08-22 08:39:00.231326000,0.107326000,0
'2026-08-22 08:39:00.231337600,0.107337600,1
'2026-08-22 08:39:00.231352000,0.107352000,0
'2026-08-22 08:39:00.231363700,0.107363700,1
'2026-08-22 08:39:00.231378200,0.107378200,0
'2026-08-22 08:39:00.231389700,0.107389700,1
'2026-08-22 08:39:00.231404200,0.107404200,0
'2026-08-22 08:39:00.231404400,0.107404400,1
'2026-08-22 08:39:00.231404500,0.107404500,0
'2026-08-22 08:39:00.231404900,0.107404900,1
'2026-08-22 08:39:00.231405000,0.107405000,0
'2026-08-22 08:39:00.231411400,0.107411400,1
'2026-08-22 08:39:00.231411500,0.107411500,0
'2026-08-22 08:39:00.231415800,0.107415800,1
'2026-08-22 08:39:00.231430200,0.107430200,0
'2026-08-22 08:39:00.231434700,0.107434700,1
'2026-08-22 08:39:00.231434800,0.107434800,0
'2026-08-22 08:39:00.231441800,0.107441800,1
'2026-08-22 08:39:00.231456400,0.107456400,0
'2026-08-22 08:39:00.231457500,0.107457500,1
'2026-08-22 08:39:00.231457600,0.107457600,0
'2026-08-22 08:39:00.231467900,0.107467900,1
'2026-08-22 08:39:00.231482200,0.107482200,0
'2026-08-22 08:39:00.231493900,0.107493900,1
'2026-08-22 08:39:00.231508400,0.107508400,0
'2026-08-22 08:39:00.231520000,0.107520000,1
'2026-08-22 08:39:00.231534600,0.107534600,0
'2026-08-22 08:39:00.231546100,0.107546100,1
'2026-08-22 08:39:00.231560400,0.107560400,0
'2026-08-22 08:39:00.231572100,0.107572100,1
'2026-08-22 08:39:00.231586600,0.107586600,0
'2026-08-22 08:39:00.231587700,0.107587700,1
'2026-08-22 08:39:00.231587800,0.107587800,0
'2026-08-22 08:39:00.231598100,0.107598100,1
'2026-08-22 08:39:00.231612600,0.107612600,0
'2026-08-22 08:39:00.231616900,0.107616900,1
'2026-08-22 08:39:00.231617000,0.107617000,0
'2026-08-22 08:39:00.231620100,0.107620100,1
'2026-08-22 08:39:00.231620200,0.107620200,0
'2026-08-22 08:39:00.231624200,0.107624200,1
'2026-08-22 08:39:00.231638700,0.107638700,0
'2026-08-22 08:39:00.231639000,0.107639000,1
'2026-08-22 08:39:00.231639100,0.107639100,0
'2026-08-22 08:39:00.231646100,0.107646100,1
'2026-08-22 08:39:00.231646200,0.107646200,0
'2026-08-22 08:39:00.231650300,0.107650300,1
'2026-08-22 08:39:00.232081100,0.108081100,0
'2026-08-22 08:39:00.232092900,0.108092900,1
'2026-08-22 08:39:00.232107400,0.108107400,0
'2026-08-22 08:39:00.232119000,0.108119000,1
'2026-08-22 08:39:00.232133200,0.108133200,0
'2026-08-22 08:39:00.232133300,0.108133300,1
'2026-08-22 08:39:00.232133400,0.108133400,0
'2026-08-22 08:39:00.232145000,0.108145000,1
'2026-08-22 08:39:00.232159400,0.108159400,0
'2026-08-22 08:39:00.232171100,0.108171100,1
'2026-08-22 08:39:00.232185400,0.108185400,0
'2026-08-22 08:39:00.232197100,0.108197100,1
'2026-08-22 08:39:00.232211500,0.108211500,0
'2026-08-22 08:39:00.232223200,0.108223200,1
'2026-08-22 08:39:00.232237500,0.108237500,0
'2026-08-22 08:39:00.232238300,0.108238300,1
'2026-08-22 08:39:00.232238400,0.108238400,0
'2026-08-22 08:39:00.232249200,0.108249200,1
'2026-08-22 08:39:00.232263600,0.108263600,0
'2026-08-22 08:39:00.232275300,0.108275300,1
'2026-08-22 08:39:00.232289800,0.108289800,0
'2026-08-22 08:39:00.232297300,0.108297300,1
'2026-08-22 08:39:00.232297400,0.108297400,0
'2026-08-22 08:39:00.232301300,0.108301300,1
'2026-08-22 08:39:00.232315800,0.108315800,0
'2026-08-22 08:39:00.232315900,0.108315900,1
'2026-08-22 08:39:00.232316000,0.108316000,0
'2026-08-22 08:39:00.232322400,0.108322400,1
'2026-08-22 08:39:00.232322500,0.108322500,0
'2026-08-22 08:39:00.232327400,0.108327400,1
'2026-08-22 08:39:00.232341800,0.108341800,0
'2026-08-22 08:39:00.232347400,0.108347400,1
'2026-08-22 08:39:00.232347500,0.108347500,0
'2026-08-22 08:39:00.232353400,0.108353400,1
'2026-08-22 08:39:00.232367800,0.108367800,0
'2026-08-22 08:39:00.232367900,0.108367900,1
'2026-08-22 08:39:00.232368000,0.108368000,0
'2026-08-22 08:39:00.232370800,0.108370800,1
'2026-08-22 08:39:00.232370900,0.108370900,0
'2026-08-22 08:39:00.232373900,0.108373900,1
'2026-08-22 08:39:00.232374000,0.108374000,0
'2026-08-22 08:39:00.232379500,0.108379500,1
'2026-08-22 08:39:00.232393900,0.108393900,0
'2026-08-22 08:39:00.232394100,0.108394100,1
'2026-08-22 08:39:00.232394200,0.108394200,0
'2026-08-22 08:39:00.232405500,0.108405500,1
'2026-08-22 08:39:00.232420000,0.108420000,0
'2026-08-22 08:39:00.232420300,0.108420300,1
'2026-08-22 08:39:00.232420400,0.108420400,0
'2026-08-22 08:39:00.232431600,0.108431600,1
'2026-08-22 08:39:00.232446100,0.108446100,0
'2026-08-22 08:39:00.232447800,0.108447800,1
'2026-08-22 08:39:00.232447900,0.108447900,0
'2026-08-22 08:39:00.232457600,0.108457600,1
'2026-08-22 08:39:00.232472200,0.108472200,0
'2026-08-22 08:39:00.232472300,0.108472300,1
'2026-08-22 08:39:00.232472500,0.108472500,0
'2026-08-22 08:39:00.232483700,0.108483700,1
'2026-08-22 08:39:00.232898100,0.108898100,0
'2026-08-22 08:39:00.232898200,0.108898200,1
'2026-08-22 08:39:00.232898300,0.108898300,0
'2026-08-22 08:39:00.232900300,0.108900300,1
'2026-08-22 08:39:00.232914600,0.108914600,0
'2026-08-22 08:39:00.232926400,0.108926400,1
'2026-08-22 08:39:00.232940700,0.108940700,0
'2026-08-22 08:39:00.232952400,0.108952400,1
'2026-08-22 08:39:00.232966800,0.108966800,0
'2026-08-22 08:39:00.232978500,0.108978500,1
'2026-08-22 08:39:00.232992800,0.108992800,0
'2026-08-22 08:39:00.233004500,0.109004500,1
'2026-08-22 08:39:00.233019100,0.109019100,0
'2026-08-22 08:39:00.233030600,0.109030600,1
'2026-08-22 08:39:00.233045000,0.109045000,0
'2026-08-22 08:39:00.233052600,0.109052600,1
'2026-08-22 08:39:00.233052700,0.109052700,0
'2026-08-22 08:39:00.233056600,0.109056600,1
'2026-08-22 08:39:00.233071100,0.109071100,0
'2026-08-22 08:39:00.233082700,0.109082700,1
'2026-08-22 08:39:00.233097000,0.109097000,0
'2026-08-22 08:39:00.233097100,0.109097100,1
'2026-08-22 08:39:00.233097400,0.109097400,0
'2026-08-22 08:39:00.233108700,0.109108700,1
'2026-08-22 08:39:00.233123200,0.109123200,0
'2026-08-22 08:39:00.233134800,0.109134800,1
'2026-08-22 08:39:00.233149200,0.109149200,0
'2026-08-22 08:39:00.233160800,0.109160800,1
'2026-08-22 08:39:00.233175200,0.109175200,0
'2026-08-22 08:39:00.233177100,0.109177100,1
'2026-08-22 08:39:00.233177200,0.109177200,0
'2026-08-22 08:39:00.233183900,0.109183900,1
'2026-08-22 08:39:00.233184000,0.109184000,0
'2026-08-22 08:39:00.233186900,0.109186900,1
'2026-08-22 08:39:00.233201300,0.109201300,0
'2026-08-22 08:39:00.233201400,0.109201400,1
'2026-08-22 08:39:00.233201600,0.109201600,0
'2026-08-22 08:39:00.233208700,0.109208700,1
'2026-08-22 08:39:00.233208800,0.109208800,0
'2026-08-22 08:39:00.233212900,0.109212900,1
'2026-08-22 08:39:00.233227600,0.109227600,0
'2026-08-22 08:39:00.233228500,0.109228500,1
'2026-08-22 08:39:00.233228600,0.109228600,0
'2026-08-22 08:39:00.233237800,0.109237800,1
'2026-08-22 08:39:00.233237900,0.109237900,0
'2026-08-22 08:39:00.233238900,0.109238900,1
'2026-08-22 08:39:00.233253300,0.109253300,0
'2026-08-22 08:39:00.233265000,0.109265000,1
'2026-08-22 08:39:00.233279400,0.109279400,0
'2026-08-22 08:39:00.233291000,0.109291000,1
'2026-08-22 08:39:00.233305600,0.109305600,0
'2026-08-22 08:39:00.233307100,0.109307100,1
'2026-08-22 08:39:00.233721900,0.109721900,0
'2026-08-22 08:39:00.233733700,0.109733700,1
'2026-08-22 08:39:00.233748200,0.109748200,0
'2026-08-22 08:39:00.233759800,0.109759800,1
'2026-08-22 08:39:00.233774100,0.109774100,0
'2026-08-22 08:39:00.233785800,0.109785800,1
'2026-08-22 08:39:00.233800200,0.109800200,0
'2026-08-22 08:39:00.233811900,0.109811900,1
'2026-08-22 08:39:00.233826300,0.109826300,0
'2026-08-22 08:39:00.233837900,0.109837900,1
'2026-08-22 08:39:00.233852200,0.109852200,0
'2026-08-22 08:39:00.233864000,0.109864000,1
'2026-08-22 08:39:00.233878300,0.109878300,0
'2026-08-22 08:39:00.233881100,0.109881100,1
'2026-08-22 08:39:00.233881200,0.109881200,0
'2026-08-22 08:39:00.233890000,0.109890000,1
'2026-08-22 08:39:00.233904600,0.109904600,0
'2026-08-22 08:39:00.233905000,0.109905000,1
'2026-08-22 08:39:00.233905100,0.109905100,0
'2026-08-22 08:39:00.233916100,0.109916100,1
'2026-08-22 08:39:00.233930500,0.109930500,0
'2026-08-22 08:39:00.233930700,0.109930700,1
'2026-08-22 08:39:00.233930800,0.109930800,0
'2026-08-22 08:39:00.233942100,0.109942100,1
'2026-08-22 08:39:00.233956600,0.109956600,0
'2026-08-22 08:39:00.233968200,0.109968200,1
'2026-08-22 08:39:00.233982700,0.109982700,0
'2026-08-22 08:39:00.233994200,0.109994200,1
'2026-08-22 08:39:00.234008800,0.110008800,0
'2026-08-22 08:39:00.234009000,0.110009000,1
'2026-08-22 08:39:00.234009100,0.110009100,0
'2026-08-22 08:39:00.234020300,0.110020300,1
'2026-08-22 08:39:00.234034700,0.110034700,0
'2026-08-22 08:39:00.234038000,0.110038000,1
'2026-08-22 08:39:00.234038100,0.110038100,0
'2026-08-22 08:39:00.234046300,0.110046300,1
'2026-08-22 08:39:00.234061000,0.110061000,0
'2026-08-22 08:39:00.234063700,0.110063700,1
'2026-08-22 08:39:00.234063800,0.110063800,0
'2026-08-22 08:39:00.234072300,0.110072300,1
'2026-08-22 08:39:00.234086700,0.110086700,0
'2026-08-22 08:39:00.234098400,0.110098400,1
'2026-08-22 08:39:00.234113000,0.110113000,0
'2026-08-22 08:39:00.234113100,0.110113100,1
'2026-08-22 08:39:00.234113200,0.110113200,0
'2026-08-22 08:39:00.234113300,0.110113300,1
'2026-08-22 08:39:00.234113400,0.110113400,0
'2026-08-22 08:39:00.234120600,0.110120600,1
'2026-08-22 08:39:00.234120700,0.110120700,0
'2026-08-22 08:39:00.234122400,0.110122400,1
'2026-08-22 08:39:00.234122500,0.110122500,0
'2026-08-22 08:39:00.234124500,0.110124500,1
'2026-08-22 08:39:00.234555400,0.110555400,0
'2026-08-22 08:39:00.234559800,0.110559800,1
'2026-08-22 08:39:00.234559900,0.110559900,0
'2026-08-22 08:39:00.234560900,0.110560900,1
'2026-08-22 08:39:00.234561000,0.110561000,0
'2026-08-22 08:39:00.234567200,0.110567200,1
'2026-08-22 08:39:00.234581600,0.110581600,0
'2026-08-22 08:39:00.234593200,0.110593200,1
'2026-08-22 08:39:00.234607600,0.110607600,0
'2026-08-22 08:39:00.234619300,0.110619300,1
'2026-08-22 08:39:00.234633700,0.110633700,0
'2026-08-22 08:39:00.234633900,0.110633900,1
'2026-08-22 08:39:00.234634000,0.110634000,0
'2026-08-22 08:39:00.234645300,0.110645300,1
'2026-08-22 08:39:00.234659700,0.110659700,0
'2026-08-22 08:39:00.234671400,0.110671400,1
'2026-08-22 08:39:00.234685900,0.110685900,0
'2026-08-22 08:39:00.234697400,0.110697400,1
'2026-08-22 08:39:00.234711800,0.110711800,0
'2026-08-22 08:39:00.234715700,0.110715700,1
'2026-08-22 08:39:00.234715800,0.110715800,0
'2026-08-22 08:39:00.234716700,0.110716700,1
'2026-08-22 08:39:00.234716800,0.110716800,0
'2026-08-22 08:39:00.234723500,0.110723500,1
'2026-08-22 08:39:00.234737900,0.110737900,0
'2026-08-22 08:39:00.234742500,0.110742500,1
'2026-08-22 08:39:00.234742600,0.110742600,0
'2026-08-22 08:39:00.234749500,0.110749500,1
'2026-08-22 08:39:00.234764000,0.110764000,0
'2026-08-22 08:39:00.234775600,0.110775600,1
'2026-08-22 08:39:00.234790000,0.110790000,0
'2026-08-22 08:39:00.234797300,0.110797300,1
'2026-08-22 08:39:00.234797400,0.110797400,0
'2026-08-22 08:39:00.234798400,0.110798400,1
'2026-08-22 08:39:00.234798500,0.110798500,0
'2026-08-22 08:39:00.234801600,0.110801600,1
'2026-08-22 08:39:00.234816000,0.110816000,0
'2026-08-22 08:39:00.234816100,0.110816100,1
'2026-08-22 08:39:00.234816200,0.110816200,0
'2026-08-22 08:39:00.234816500,0.110816500,1
'2026-08-22 08:39:00.234816600,0.110816600,0
'2026-08-22 08:39:00.234822300,0.110822300,1
'2026-08-22 08:39:00.234822400,0.110822400,0
'2026-08-22 08:39:00.234827700,0.110827700,1
'2026-08-22 08:39:00.234842300,0.110842300,0
'2026-08-22 08:39:00.234843900,0.110843900,1
'2026-08-22 08:39:00.234844000,0.110844000,0
'2026-08-22 08:39:00.234844500,0.110844500,1
'2026-08-22 08:39:00.234844600,0.110844600,0
'2026-08-22 08:39:00.234845100,0.110845100,1
'2026-08-22 08:39:00.234845200,0.110845200,0
'2026-08-22 08:39:00.234845500,0.110845500,1
'2026-08-22 08:39:00.234845600,0.110845600,0
'2026-08-22 08:39:00.234847400,0.110847400,1
'2026-08-22 08:39:00.234847500,0.110847500,0
'2026-08-22 08:39:00.234848000,0.110848000,1
'2026-08-22 08:39:00.234848100,0.110848100,0
'2026-08-22 08:39:00.234853700,0.110853700,1
'2026-08-22 08:39:00.234868200,0.110868200,0
'2026-08-22 08:39:00.234879800,0.110879800,1
'2026-08-22 08:39:00.234894300,0.110894300,0
'2026-08-22 08:39:00.234895200,0.110895200,1
'2026-08-22 08:39:00.234895400,0.110895400,0
'2026-08-22 08:39:00.234897300,0.110897300,1
'2026-08-22 08:39:00.234897400,0.110897400,0
'2026-08-22 08:39:00.234905800,0.110905800,1
'2026-08-22 08:39:00.234920200,0.110920200,0
'2026-08-22 08:39:00.234920300,0.110920300,1
'2026-08-22 08:39:00.234920400,0.110920400,0
'2026-08-22 08:39:00.234931900,0.110931900,1
'2026-08-22 08:39:00.234946300,0.110946300,0
'2026-08-22 08:39:00.234946600,0.110946600,1
'2026-08-22 08:39:00.234946700,0.110946700,0
'2026-08-22 08:39:00.234951800,0.110951800,1
'2026-08-22 08:39:00.235365100,0.111365100,0
'2026-08-22 08:39:00.235374500,0.111374500,1
'2026-08-22 08:39:00.235389000,0.111389000,0
'2026-08-22 08:39:00.235400600,0.111400600,1
'2026-08-22 08:39:00.235415000,0.111415000,0
'2026-08-22 08:39:00.235426600,0.111426600,1
'2026-08-22 08:39:00.235441000,0.111441000,0
'2026-08-22 08:39:00.235447300,0.111447300,1
'2026-08-22 08:39:00.235447400,0.111447400,0
'2026-08-22 08:39:00.235452700,0.111452700,1
'2026-08-22 08:39:00.235467300,0.111467300,0
'2026-08-22 08:39:00.235478800,0.111478800,1
'2026-08-22 08:39:00.235493000,0.111493000,0
'2026-08-22 08:39:00.235497300,0.111497300,1
'2026-08-22 08:39:00.235497500,0.111497500,0
'2026-08-22 08:39:00.235504800,0.111504800,1
'2026-08-22 08:39:00.235519400,0.111519400,0
'2026-08-22 08:39:00.235520300,0.111520300,1
'2026-08-22 08:39:00.235520400,0.111520400,0
'2026-08-22 08:39:00.235521500,0.111521500,1
'2026-08-22 08:39:00.235521600,0.111521600,0
'2026-08-22 08:39:00.235530900,0.111530900,1
'2026-08-22 08:39:00.235545200,0.111545200,0
'2026-08-22 08:39:00.235556900,0.111556900,1
'2026-08-22 08:39:00.235571400,0.111571400,0
'2026-08-22 08:39:00.235572300,0.111572300,1
'2026-08-22 08:39:00.235572400,0.111572400,0
'2026-08-22 08:39:00.235577500,0.111577500,1
'2026-08-22 08:39:00.235577600,0.111577600,0
'2026-08-22 08:39:00.235580400,0.111580400,1
'2026-08-22 08:39:00.235580500,0.111580500,0
'2026-08-22 08:39:00.235583000,0.111583000,1
'2026-08-22 08:39:00.235597500,0.111597500,0
'2026-08-22 08:39:00.235609000,0.111609000,1
'2026-08-22 08:39:00.235623400,0.111623400,0
'2026-08-22 08:39:00.235627700,0.111627700,1
'2026-08-22 08:39:00.235627800,0.111627800,0
'2026-08-22 08:39:00.235635100,0.111635100,1
'2026-08-22 08:39:00.235649600,0.111649600,0
'2026-08-22 08:39:00.235649900,0.111649900,1
'2026-08-22 08:39:00.235650000,0.111650000,0
'2026-08-22 08:39:00.235661100,0.111661100,1
'2026-08-22 08:39:00.235675500,0.111675500,0
'2026-08-22 08:39:00.235687200,0.111687200,1
'2026-08-22 08:39:00.235701600,0.111701600,0
'2026-08-22 08:39:00.235706300,0.111706300,1
'2026-08-22 08:39:00.235706400,0.111706400,0
'2026-08-22 08:39:00.235713200,0.111713200,1
'2026-08-22 08:39:00.235727900,0.111727900,0
'2026-08-22 08:39:00.235732200,0.111732200,1
'2026-08-22 08:39:00.235732300,0.111732300,0
'2026-08-22 08:39:00.235738600,0.111738600,1
'2026-08-22 08:39:00.235738700,0.111738700,0
'2026-08-22 08:39:00.235738900,0.111738900,1
'2026-08-22 08:39:00.235739000,0.111739000,0
'2026-08-22 08:39:00.235739300,0.111739300,1
'2026-08-22 08:39:00.235753900,0.111753900,0
'2026-08-22 08:39:00.235757300,0.111757300,1
'2026-08-22 08:39:00.235757400,0.111757400,0
'2026-08-22 08:39:00.235758500,0.111758500,1
'2026-08-22 08:39:00.235758600,0.111758600,0
'2026-08-22 08:39:00.235759100,0.111759100,1
'2026-08-22 08:39:00.235759200,0.111759200,0
'2026-08-22 08:39:00.235765300,0.111765300,1
'2026-08-22 08:39:00.236196400,0.112196400,0
'2026-08-22 08:39:00.236208000,0.112208000,1
'2026-08-22 08:39:00.236222400,0.112222400,0
'2026-08-22 08:39:00.236234000,0.112234000,1
'2026-08-22 08:39:00.236248400,0.112248400,0
'2026-08-22 08:39:00.236260100,0.112260100,1
'2026-08-22 08:39:00.236274400,0.112274400,0
'2026-08-22 08:39:00.236286100,0.112286100,1
'2026-08-22 08:39:00.236300400,0.112300400,0
'2026-08-22 08:39:00.236300500,0.112300500,1
'2026-08-22 08:39:00.236300700,0.112300700,0
'2026-08-22 08:39:00.236312200,0.112312200,1
'2026-08-22 08:39:00.236326700,0.112326700,0
'2026-08-22 08:39:00.236326900,0.112326900,1
'2026-08-22 08:39:00.236327000,0.112327000,0
'2026-08-22 08:39:00.236332700,0.112332700,1
'2026-08-22 08:39:00.236332800,0.112332800,0
'2026-08-22 08:39:00.236338200,0.112338200,1
'2026-08-22 08:39:00.236352700,0.112352700,0
'2026-08-22 08:39:00.236364300,0.112364300,1
'2026-08-22 08:39:00.236378800,0.112378800,0
'2026-08-22 08:39:00.236383000,0.112383000,1
'2026-08-22 08:39:00.236383100,0.112383100,0
'2026-08-22 08:39:00.236390300,0.112390300,1
'2026-08-22 08:39:00.236404900,0.112404900,0
'2026-08-22 08:39:00.236409700,0.112409700,1
'2026-08-22 08:39:00.236409800,0.112409800,0
'2026-08-22 08:39:00.236416400,0.112416400,1
'2026-08-22 08:39:00.236430900,0.112430900,0
'2026-08-22 08:39:00.236434300,0.112434300,1
'2026-08-22 08:39:00.236434400,0.112434400,0
'2026-08-22 08:39:00.236442300,0.112442300,1
'2026-08-22 08:39:00.236457100,0.112457100,0
'2026-08-22 08:39:00.236463500,0.112463500,1
'2026-08-22 08:39:00.236463600,0.112463600,0
'2026-08-22 08:39:00.236468500,0.112468500,1
'2026-08-22 08:39:00.236483000,0.112483000,0
'2026-08-22 08:39:00.236494500,0.112494500,1
'2026-08-22 08:39:00.236509100,0.112509100,0
'2026-08-22 08:39:00.236510100,0.112510100,1
'2026-08-22 08:39:00.236510200,0.112510200,0
'2026-08-22 08:39:00.236518900,0.112518900,1
'2026-08-22 08:39:00.236519000,0.112519000,0
'2026-08-22 08:39:00.236520600,0.112520600,1
'2026-08-22 08:39:00.236535000,0.112535000,0
'2026-08-22 08:39:00.236535300,0.112535300,1
'2026-08-22 08:39:00.236535400,0.112535400,0
'2026-08-22 08:39:00.236546600,0.112546600,1
'2026-08-22 08:39:00.236561100,0.112561100,0
'2026-08-22 08:39:00.236568500,0.112568500,1
'2026-08-22 08:39:00.236568600,0.112568600,0
'2026-08-22 08:39:00.236572700,0.112572700,1
'2026-08-22 08:39:00.236587300,0.112587300,0
'2026-08-22 08:39:00.236594400,0.112594400,1
'2026-08-22 08:39:00.236594500,0.112594500,0
'2026-08-22 08:39:00.236596500,0.112596500,1
'2026-08-22 08:39:00.237029800,0.113029800,0
'2026-08-22 08:39:00.237041400,0.113041400,1
'2026-08-22 08:39:00.237055800,0.113055800,0
'2026-08-22 08:39:00.237055900,0.113055900,1
'2026-08-22 08:39:00.237056000,0.113056000,0
'2026-08-22 08:39:00.237056500,0.113056500,1
'2026-08-22 08:39:00.237056600,0.113056600,0
'2026-08-22 08:39:00.237067500,0.113067500,1
'2026-08-22 08:39:00.237081800,0.113081800,0
'2026-08-22 08:39:00.237093500,0.113093500,1
'2026-08-22 08:39:00.237108000,0.113108000,0
'2026-08-22 08:39:00.237119600,0.113119600,1
'2026-08-22 08:39:00.237133900,0.113133900,0
'2026-08-22 08:39:00.237145600,0.113145600,1
'2026-08-22 08:39:00.237160000,0.113160000,0
'2026-08-22 08:39:00.237171700,0.113171700,1
'2026-08-22 08:39:00.237186100,0.113186100,0
'2026-08-22 08:39:00.237187600,0.113187600,1
'2026-08-22 08:39:00.237187700,0.113187700,0
'2026-08-22 08:39:00.237197300,0.113197300,1
'2026-08-22 08:39:00.237197400,0.113197400,0
'2026-08-22 08:39:00.237197800,0.113197800,1
'2026-08-22 08:39:00.237212100,0.113212100,0
'2026-08-22 08:39:00.237212300,0.113212300,1
'2026-08-22 08:39:00.237212400,0.113212400,0
'2026-08-22 08:39:00.237223800,0.113223800,1
'2026-08-22 08:39:00.237238200,0.113238200,0
'2026-08-22 08:39:00.237247300,0.113247300,1
'2026-08-22 08:39:00.237247400,0.113247400,0
'2026-08-22 08:39:00.237249900,0.113249900,1
'2026-08-22 08:39:00.237264400,0.113264400,0
'2026-08-22 08:39:00.237267800,0.113267800,1
'2026-08-22 08:39:00.237267900,0.113267900,0
'2026-08-22 08:39:00.237275900,0.113275900,1
'2026-08-22 08:39:00.237290600,0.113290600,0
'2026-08-22 08:39:00.237299300,0.113299300,1
'2026-08-22 08:39:00.237299400,0.113299400,0
'2026-08-22 08:39:00.237302000,0.113302000,1
'2026-08-22 08:39:00.237316400,0.113316400,0
'2026-08-22 08:39:00.237319700,0.113319700,1
'2026-08-22 08:39:00.237319800,0.113319800,0
'2026-08-22 08:39:00.237328000,0.113328000,1
'2026-08-22 08:39:00.237342400,0.113342400,0
'2026-08-22 08:39:00.237342500,0.113342500,1
'2026-08-22 08:39:00.237342600,0.113342600,0
'2026-08-22 08:39:00.237349100,0.113349100,1
'2026-08-22 08:39:00.237349200,0.113349200,0
'2026-08-22 08:39:00.237353000,0.113353000,1
'2026-08-22 08:39:00.237353100,0.113353100,0
'2026-08-22 08:39:00.237354100,0.113354100,1
'2026-08-22 08:39:00.237368400,0.113368400,0
'2026-08-22 08:39:00.237368700,0.113368700,1
'2026-08-22 08:39:00.237368800,0.113368800,0
'2026-08-22 08:39:00.237370500,0.113370500,1
'2026-08-22 08:39:00.237370600,0.113370600,0
'2026-08-22 08:39:00.237371100,0.113371100,1
'2026-08-22 08:39:00.237371200,0.113371200,0
'2026-08-22 08:39:00.237371400,0.113371400,1
'2026-08-22 08:39:00.237371600,0.113371600,0
'2026-08-22 08:39:00.237372300,0.113372300,1
'2026-08-22 08:39:00.237372400,0.113372400,0
'2026-08-22 08:39:00.237379900,0.113379900,1
'2026-08-22 08:39:00.237380000,0.113380000,0
'2026-08-22 08:39:00.237380100,0.113380100,1
'2026-08-22 08:39:00.237394500,0.113394500,0
'2026-08-22 08:39:00.237396200,0.113396200,1
'2026-08-22 08:39:00.237396300,0.113396300,0
'2026-08-22 08:39:00.237397300,0.113397300,1
'2026-08-22 08:39:00.237397400,0.113397400,0
'2026-08-22 08:39:00.237398500,0.113398500,1
'2026-08-22 08:39:00.237398600,0.113398600,0
'2026-08-22 08:39:00.237399700,0.113399700,1
'2026-08-22 08:39:00.237399800,0.113399800,0
'2026-08-22 08:39:00.237400200,0.113400200,1
'2026-08-22 08:39:00.237400300,0.113400300,0
'2026-08-22 08:39:00.237406100,0.113406100,1
'2026-08-22 08:39:00.237420800,0.113420800,0
'2026-08-22 08:39:00.237421300,0.113421300,1
'2026-08-22 08:39:00.237421400,0.113421400,0
'2026-08-22 08:39:00.237422300,0.113422300,1
'2026-08-22 08:39:00.237422400,0.113422400,0
'2026-08-22 08:39:00.237422600,0.113422600,1
'2026-08-22 08:39:00.237422700,0.113422700,0
'2026-08-22 08:39:00.237426100,0.113426100,1
'2026-08-22 08:39:00.238629000,0.114629000,0
'2026-08-22 08:39:00.238630100,0.114630100,1
'2026-08-22 08:39:00.238644300,0.114644300,0
'2026-08-22 08:39:00.238656100,0.114656100,1
'2026-08-22 08:39:00.238670400,0.114670400,0
'2026-08-22 08:39:00.238682200,0.114682200,1
'2026-08-22 08:39:00.238696500,0.114696500,0
'2026-08-22 08:39:00.238708200,0.114708200,1
'2026-08-22 08:39:00.238722500,0.114722500,0
'2026-08-22 08:39:00.238722800,0.114722800,1
'2026-08-22 08:39:00.238722900,0.114722900,0
'2026-08-22 08:39:00.238734300,0.114734300,1
'2026-08-22 08:39:00.238748700,0.114748700,0
'2026-08-22 08:39:00.238760300,0.114760300,1
'2026-08-22 08:39:00.238774600,0.114774600,0
'2026-08-22 08:39:00.238774700,0.114774700,1
'2026-08-22 08:39:00.238774900,0.114774900,0
'2026-08-22 08:39:00.238786400,0.114786400,1
'2026-08-22 08:39:00.238800800,0.114800800,0
'2026-08-22 08:39:00.238812400,0.114812400,1
'2026-08-22 08:39:00.238826900,0.114826900,0
'2026-08-22 08:39:00.238838500,0.114838500,1
'2026-08-22 08:39:00.238852900,0.114852900,0
'2026-08-22 08:39:00.238853100,0.114853100,1
'2026-08-22 08:39:00.238853200,0.114853200,0
'2026-08-22 08:39:00.238859700,0.114859700,1
'2026-08-22 08:39:00.238859800,0.114859800,0
'2026-08-22 08:39:00.238864600,0.114864600,1
'2026-08-22 08:39:00.238879000,0.114879000,0
'2026-08-22 08:39:00.238890600,0.114890600,1
'2026-08-22 08:39:00.238905100,0.114905100,0
'2026-08-22 08:39:00.238916700,0.114916700,1
'2026-08-22 08:39:00.238931000,0.114931000,0
'2026-08-22 08:39:00.238942700,0.114942700,1
'2026-08-22 08:39:00.238957200,0.114957200,0
'2026-08-22 08:39:00.238968600,0.114968600,1
'2026-08-22 08:39:00.238968700,0.114968700,0
'2026-08-22 08:39:00.238968800,0.114968800,1
'2026-08-22 08:39:00.238983300,0.114983300,0
'2026-08-22 08:39:00.238994800,0.114994800,1
'2026-08-22 08:39:00.239009400,0.115009400,0
'2026-08-22 08:39:00.239009500,0.115009500,1
'2026-08-22 08:39:00.239009600,0.115009600,0
'2026-08-22 08:39:00.239011700,0.115011700,1
'2026-08-22 08:39:00.239011800,0.115011800,0
'2026-08-22 08:39:00.239018600,0.115018600,1
'2026-08-22 08:39:00.239018700,0.115018700,0
'2026-08-22 08:39:00.239020900,0.115020900,1
'2026-08-22 08:39:00.239035300,0.115035300,0
'2026-08-22 08:39:00.239036200,0.115036200,1
'2026-08-22 08:39:00.239036300,0.115036300,0
'2026-08-22 08:39:00.239038100,0.115038100,1
'2026-08-22 08:39:00.240259200,0.116259200,0
'2026-08-22 08:39:00.240270800,0.116270800,1
'2026-08-22 08:39:00.240285200,0.116285200,0
'2026-08-22 08:39:00.240296900,0.116296900,1
'2026-08-22 08:39:00.240311200,0.116311200,0
'2026-08-22 08:39:00.240322900,0.116322900,1
'2026-08-22 08:39:00.240337400,0.116337400,0
'2026-08-22 08:39:00.240349000,0.116349000,1
'2026-08-22 08:39:00.240363400,0.116363400,0
'2026-08-22 08:39:00.240375000,0.116375000,1
'2026-08-22 08:39:00.240389400,0.116389400,0
'2026-08-22 08:39:00.240401100,0.116401100,1
'2026-08-22 08:39:00.240415400,0.116415400,0
'2026-08-22 08:39:00.240415600,0.116415600,1
'2026-08-22 08:39:00.240415700,0.116415700,0
'2026-08-22 08:39:00.240427100,0.116427100,1
'2026-08-22 08:39:00.240441500,0.116441500,0
'2026-08-22 08:39:00.240453200,0.116453200,1
'2026-08-22 08:39:00.240467600,0.116467600,0
'2026-08-22 08:39:00.240479200,0.116479200,1
'2026-08-22 08:39:00.240493600,0.116493600,0
'2026-08-22 08:39:00.240497300,0.116497300,1
'2026-08-22 08:39:00.240497400,0.116497400,0
'2026-08-22 08:39:00.240505300,0.116505300,1
'2026-08-22 08:39:00.240519600,0.116519600,0
'2026-08-22 08:39:00.240531300,0.116531300,1
'2026-08-22 08:39:00.240545800,0.116545800,0
'2026-08-22 08:39:00.240557400,0.116557400,1
'2026-08-22 08:39:00.240571800,0.116571800,0
'2026-08-22 08:39:00.240572000,0.116572000,1
'2026-08-22 08:39:00.240572100,0.116572100,0
'2026-08-22 08:39:00.240580700,0.116580700,1
'2026-08-22 08:39:00.240580800,0.116580800,0
'2026-08-22 08:39:00.240583400,0.116583400,1
'2026-08-22 08:39:00.240598000,0.116598000,0
'2026-08-22 08:39:00.240598200,0.116598200,1
'2026-08-22 08:39:00.240598300,0.116598300,0
'2026-08-22 08:39:00.240609500,0.116609500,1
'2026-08-22 08:39:00.240624000,0.116624000,0
'2026-08-22 08:39:00.240627400,0.116627400,1
'2026-08-22 08:39:00.240627500,0.116627500,0
'2026-08-22 08:39:00.240635500,0.116635500,1
'2026-08-22 08:39:00.240650000,0.116650000,0
'2026-08-22 08:39:00.240650200,0.116650200,1
'2026-08-22 08:39:00.240650300,0.116650300,0
'2026-08-22 08:39:00.240657800,0.116657800,1
'2026-08-22 08:39:00.241873800,0.117873800,0
'2026-08-22 08:39:00.241885500,0.117885500,1
'2026-08-22 08:39:00.241899700,0.117899700,0
'2026-08-22 08:39:00.241911500,0.117911500,1
'2026-08-22 08:39:00.241925900,0.117925900,0
'2026-08-22 08:39:00.241937600,0.117937600,1
'2026-08-22 08:39:00.241952000,0.117952000,0
'2026-08-22 08:39:00.241963600,0.117963600,1
'2026-08-22 08:39:00.241977900,0.117977900,0
'2026-08-22 08:39:00.241989700,0.117989700,1
'2026-08-22 08:39:00.242004000,0.118004000,0
'2026-08-22 08:39:00.242004200,0.118004200,1
'2026-08-22 08:39:00.242004300,0.118004300,0
'2026-08-22 08:39:00.242015700,0.118015700,1
'2026-08-22 08:39:00.242030300,0.118030300,0
'2026-08-22 08:39:00.242041800,0.118041800,1
'2026-08-22 08:39:00.242056200,0.118056200,0
'2026-08-22 08:39:00.242056300,0.118056300,1
'2026-08-22 08:39:00.242056400,0.118056400,0
'2026-08-22 08:39:00.242067800,0.118067800,1
'2026-08-22 08:39:00.242082300,0.118082300,0
'2026-08-22 08:39:00.242093900,0.118093900,1
'2026-08-22 08:39:00.242108200,0.118108200,0
'2026-08-22 08:39:00.242114300,0.118114300,1
'2026-08-22 08:39:00.242114400,0.118114400,0
'2026-08-22 08:39:00.242119900,0.118119900,1
'2026-08-22 08:39:00.242134300,0.118134300,0
'2026-08-22 08:39:00.242134700,0.118134700,1
'2026-08-22 08:39:00.242134800,0.118134800,0
'2026-08-22 08:39:00.242146000,0.118146000,1
'2026-08-22 08:39:00.242160500,0.118160500,0
'2026-08-22 08:39:00.242172000,0.118172000,1
'2026-08-22 08:39:00.242186500,0.118186500,0
'2026-08-22 08:39:00.242186600,0.118186600,1
'2026-08-22 08:39:00.242186800,0.118186800,0
'2026-08-22 08:39:00.242198100,0.118198100,1
'2026-08-22 08:39:00.242212600,0.118212600,0
'2026-08-22 08:39:00.242219900,0.118219900,1
'2026-08-22 08:39:00.242220000,0.118220000,0
'2026-08-22 08:39:00.242224100,0.118224100,1
'2026-08-22 08:39:00.242238700,0.118238700,0
'2026-08-22 08:39:00.242250200,0.118250200,1
'2026-08-22 08:39:00.242264700,0.118264700,0
'2026-08-22 08:39:00.242276200,0.118276200,1
'2026-08-22 08:39:00.243488400,0.119488400,0
'2026-08-22 08:39:00.243500200,0.119500200,1
'2026-08-22 08:39:00.243514500,0.119514500,0
'2026-08-22 08:39:00.243526200,0.119526200,1
'2026-08-22 08:39:00.243540500,0.119540500,0
'2026-08-22 08:39:00.243540600,0.119540600,1
'2026-08-22 08:39:00.243540700,0.119540700,0
'2026-08-22 08:39:00.243552300,0.119552300,1
'2026-08-22 08:39:00.243566600,0.119566600,0
'2026-08-22 08:39:00.243578300,0.119578300,1
'2026-08-22 08:39:00.243592800,0.119592800,0
'2026-08-22 08:39:00.243604400,0.119604400,1
'2026-08-22 08:39:00.243618700,0.119618700,0
'2026-08-22 08:39:00.243618800,0.119618800,1
'2026-08-22 08:39:00.243618900,0.119618900,0
'2026-08-22 08:39:00.243630400,0.119630400,1
'2026-08-22 08:39:00.243644900,0.119644900,0
'2026-08-22 08:39:00.243653700,0.119653700,1
'2026-08-22 08:39:00.243653800,0.119653800,0
'2026-08-22 08:39:00.243656500,0.119656500,1
'2026-08-22 08:39:00.243670900,0.119670900,0
'2026-08-22 08:39:00.243671400,0.119671400,1
'2026-08-22 08:39:00.243671500,0.119671500,0
'2026-08-22 08:39:00.243674300,0.119674300,1
'2026-08-22 08:39:00.243674400,0.119674400,0
'2026-08-22 08:39:00.243682500,0.119682500,1
'2026-08-22 08:39:00.243696800,0.119696800,0
'2026-08-22 08:39:00.243708600,0.119708600,1
'2026-08-22 08:39:00.243723100,0.119723100,0
'2026-08-22 08:39:00.243734600,0.119734600,1
'2026-08-22 08:39:00.243749100,0.119749100,0
'2026-08-22 08:39:00.243760700,0.119760700,1
'2026-08-22 08:39:00.243774900,0.119774900,0
'2026-08-22 08:39:00.243786700,0.119786700,1
'2026-08-22 08:39:00.243801100,0.119801100,0
'2026-08-22 08:39:00.243812800,0.119812800,1
'2026-08-22 08:39:00.243827400,0.119827400,0
'2026-08-22 08:39:00.243830100,0.119830100,1
'2026-08-22 08:39:00.243830200,0.119830200,0
'2026-08-22 08:39:00.243838800,0.119838800,1
'2026-08-22 08:39:00.243853500,0.119853500,0
'2026-08-22 08:39:00.243864900,0.119864900,1
'2026-08-22 08:39:00.243879200,0.119879200,0
'2026-08-22 08:39:00.243889800,0.119889800,1
'2026-08-22 08:39:00.244302800,0.120302800,0
'2026-08-22 08:39:00.244307600,0.120307600,1
'2026-08-22 08:39:00.244322000,0.120322000,0
'2026-08-22 08:39:00.244333600,0.120333600,1
'2026-08-22 08:39:00.244348000,0.120348000,0
'2026-08-22 08:39:00.244359700,0.120359700,1
'2026-08-22 08:39:00.244373900,0.120373900,0
'2026-08-22 08:39:00.244385700,0.120385700,1
'2026-08-22 08:39:00.244400100,0.120400100,0
'2026-08-22 08:39:00.244411800,0.120411800,1
'2026-08-22 08:39:00.244426300,0.120426300,0
'2026-08-22 08:39:00.244437800,0.120437800,1
'2026-08-22 08:39:00.244452300,0.120452300,0
'2026-08-22 08:39:00.244463900,0.120463900,1
'2026-08-22 08:39:00.244478300,0.120478300,0
'2026-08-22 08:39:00.244479200,0.120479200,1
'2026-08-22 08:39:00.244479300,0.120479300,0
'2026-08-22 08:39:00.244489900,0.120489900,1
'2026-08-22 08:39:00.244504500,0.120504500,0
'2026-08-22 08:39:00.244516000,0.120516000,1
'2026-08-22 08:39:00.244530400,0.120530400,0
'2026-08-22 08:39:00.244542000,0.120542000,1
'2026-08-22 08:39:00.244556600,0.120556600,0
'2026-08-22 08:39:00.244556900,0.120556900,1
'2026-08-22 08:39:00.244557000,0.120557000,0
'2026-08-22 08:39:00.244564500,0.120564500,1
'2026-08-22 08:39:00.244564600,0.120564600,0
'2026-08-22 08:39:00.244568100,0.120568100,1
'2026-08-22 08:39:00.244582400,0.120582400,0
'2026-08-22 08:39:00.244582600,0.120582600,1
'2026-08-22 08:39:00.244582700,0.120582700,0
'2026-08-22 08:39:00.244587800,0.120587800,1
'2026-08-22 08:39:00.244587900,0.120587900,0
'2026-08-22 08:39:00.244594100,0.120594100,1
'2026-08-22 08:39:00.244608600,0.120608600,0
'2026-08-22 08:39:00.244608900,0.120608900,1
'2026-08-22 08:39:00.244609000,0.120609000,0
'2026-08-22 08:39:00.244613500,0.120613500,1
'2026-08-22 08:39:00.244613600,0.120613600,0
'2026-08-22 08:39:00.244620200,0.120620200,1
'2026-08-22 08:39:00.244634700,0.120634700,0
'2026-08-22 08:39:00.244635100,0.120635100,1
'2026-08-22 08:39:00.244635200,0.120635200,0
'2026-08-22 08:39:00.244646200,0.120646200,1
'2026-08-22 08:39:00.244660700,0.120660700,0
'2026-08-22 08:39:00.244660800,0.120660800,1
'2026-08-22 08:39:00.244660900,0.120660900,0
'2026-08-22 08:39:00.244664900,0.120664900,1
'2026-08-22 08:39:00.244665000,0.120665000,0
'2026-08-22 08:39:00.244667300,0.120667300,1
'2026-08-22 08:39:00.244667400,0.120667400,0
'2026-08-22 08:39:00.244672300,0.120672300,1
'2026-08-22 08:39:00.244686800,0.120686800,0
'2026-08-22 08:39:00.244687100,0.120687100,1
'2026-08-22 08:39:00.244687200,0.120687200,0
'2026-08-22 08:39:00.244688200,0.120688200,1
'2026-08-22 08:39:00.244688300,0.120688300,0
'2026-08-22 08:39:00.244691300,0.120691300,1
'2026-08-22 08:39:00.244691400,0.120691400,0
'2026-08-22 08:39:00.244698300,0.120698300,1
'2026-08-22 08:39:00.245936500,0.121936500,0
'2026-08-22 08:39:00.245948300,0.121948300,1
'2026-08-22 08:39:00.245962600,0.121962600,0
'2026-08-22 08:39:00.245974300,0.121974300,1
'2026-08-22 08:39:00.245988700,0.121988700,0
'2026-08-22 08:39:00.246000400,0.122000400,1
'2026-08-22 08:39:00.246014700,0.122014700,0
'2026-08-22 08:39:00.246026400,0.122026400,1
'2026-08-22 08:39:00.246040800,0.122040800,0
'2026-08-22 08:39:00.246052500,0.122052500,1
'2026-08-22 08:39:00.246066800,0.122066800,0
'2026-08-22 08:39:00.246078500,0.122078500,1
'2026-08-22 08:39:00.246092900,0.122092900,0
'2026-08-22 08:39:00.246104600,0.122104600,1
'2026-08-22 08:39:00.246119200,0.122119200,0
'2026-08-22 08:39:00.246130600,0.122130600,1
'2026-08-22 08:39:00.246145000,0.122145000,0
'2026-08-22 08:39:00.246156700,0.122156700,1
'2026-08-22 08:39:00.246171200,0.122171200,0
'2026-08-22 08:39:00.246182800,0.122182800,1
'2026-08-22 08:39:00.246197200,0.122197200,0
'2026-08-22 08:39:00.246197500,0.122197500,1
'2026-08-22 08:39:00.246197600,0.122197600,0
'2026-08-22 08:39:00.246207800,0.122207800,1
'2026-08-22 08:39:00.246207900,0.122207900,0
'2026-08-22 08:39:00.246208800,0.122208800,1
'2026-08-22 08:39:00.246223200,0.122223200,0
'2026-08-22 08:39:00.246234900,0.122234900,1
'2026-08-22 08:39:00.246249500,0.122249500,0
'2026-08-22 08:39:00.246256500,0.122256500,1
'2026-08-22 08:39:00.246256600,0.122256600,0
'2026-08-22 08:39:00.246260900,0.122260900,1
'2026-08-22 08:39:00.246275200,0.122275200,0
'2026-08-22 08:39:00.246275500,0.122275500,1
'2026-08-22 08:39:00.246275600,0.122275600,0
'2026-08-22 08:39:00.246276100,0.122276100,1
'2026-08-22 08:39:00.246276200,0.122276200,0
'2026-08-22 08:39:00.246287000,0.122287000,1
'2026-08-22 08:39:00.246301400,0.122301400,0
'2026-08-22 08:39:00.246313000,0.122313000,1
'2026-08-22 08:39:00.246327600,0.122327600,0
'2026-08-22 08:39:00.246331400,0.122331400,1
'2026-08-22 08:39:00.247551200,0.123551200,0
'2026-08-22 08:39:00.247563000,0.123563000,1
'2026-08-22 08:39:00.247577300,0.123577300,0
'2026-08-22 08:39:00.247577600,0.123577600,1
'2026-08-22 08:39:00.247577800,0.123577800,0
'2026-08-22 08:39:00.247589000,0.123589000,1
'2026-08-22 08:39:00.247603300,0.123603300,0
'2026-08-22 08:39:00.247615100,0.123615100,1
'2026-08-22 08:39:00.247629300,0.123629300,0
'2026-08-22 08:39:00.247641100,0.123641100,1
'2026-08-22 08:39:00.247655500,0.123655500,0
'2026-08-22 08:39:00.247667200,0.123667200,1
'2026-08-22 08:39:00.247681400,0.123681400,0
'2026-08-22 08:39:00.247693200,0.123693200,1
'2026-08-22 08:39:00.247707500,0.123707500,0
'2026-08-22 08:39:00.247719300,0.123719300,1
'2026-08-22 08:39:00.247733700,0.123733700,0
'2026-08-22 08:39:00.247743500,0.123743500,1
'2026-08-22 08:39:00.247743600,0.123743600,0
'2026-08-22 08:39:00.247745300,0.123745300,1
'2026-08-22 08:39:00.247759600,0.123759600,0
'2026-08-22 08:39:00.247759700,0.123759700,1
'2026-08-22 08:39:00.247759800,0.123759800,0
'2026-08-22 08:39:00.247771400,0.123771400,1
'2026-08-22 08:39:00.247785800,0.123785800,0
'2026-08-22 08:39:00.247797300,0.123797300,1
'2026-08-22 08:39:00.247811900,0.123811900,0
'2026-08-22 08:39:00.247823500,0.123823500,1
'2026-08-22 08:39:00.247837900,0.123837900,0
'2026-08-22 08:39:00.247838100,0.123838100,1
'2026-08-22 08:39:00.247838200,0.123838200,0
'2026-08-22 08:39:00.247849500,0.123849500,1
'2026-08-22 08:39:00.247864000,0.123864000,0
'2026-08-22 08:39:00.247864300,0.123864300,1
'2026-08-22 08:39:00.247864400,0.123864400,0
'2026-08-22 08:39:00.247875400,0.123875400,1
'2026-08-22 08:39:00.247875500,0.123875500,0
'2026-08-22 08:39:00.247875600,0.123875600,1
'2026-08-22 08:39:00.247890100,0.123890100,0
'2026-08-22 08:39:00.247901600,0.123901600,1
'2026-08-22 08:39:00.247916100,0.123916100,0
'2026-08-22 08:39:00.247916300,0.123916300,1
'2026-08-22 08:39:00.247916400,0.123916400,0
'2026-08-22 08:39:00.247927700,0.123927700,1
'2026-08-22 08:39:00.247942100,0.123942100,0
'2026-08-22 08:39:00.247951500,0.123951500,1
'2026-08-22 08:39:00.248364800,0.124364800,0
'2026-08-22 08:39:00.248370400,0.124370400,1
'2026-08-22 08:39:00.248384800,0.124384800,0
'2026-08-22 08:39:00.248396500,0.124396500,1
'2026-08-22 08:39:00.248410800,0.124410800,0
'2026-08-22 08:39:00.248422500,0.124422500,1
'2026-08-22 08:39:00.248436800,0.124436800,0
'2026-08-22 08:39:00.248448600,0.124448600,1
'2026-08-22 08:39:00.248462900,0.124462900,0
'2026-08-22 08:39:00.248474600,0.124474600,1
'2026-08-22 08:39:00.248489000,0.124489000,0
'2026-08-22 08:39:00.248500700,0.124500700,1
'2026-08-22 08:39:00.248515200,0.124515200,0
'2026-08-22 08:39:00.248526700,0.124526700,1
'2026-08-22 08:39:00.248541000,0.124541000,0
'2026-08-22 08:39:00.248552800,0.124552800,1
'2026-08-22 08:39:00.248567200,0.124567200,0
'2026-08-22 08:39:00.248572300,0.124572300,1
'2026-08-22 08:39:00.248572400,0.124572400,0
'2026-08-22 08:39:00.248578800,0.124578800,1
'2026-08-22 08:39:00.248593400,0.124593400,0
'2026-08-22 08:39:00.248604900,0.124604900,1
'2026-08-22 08:39:00.248619200,0.124619200,0
'2026-08-22 08:39:00.248620800,0.124620800,1
'2026-08-22 08:39:00.248620900,0.124620900,0
'2026-08-22 08:39:00.248631000,0.124631000,1
'2026-08-22 08:39:00.248645500,0.124645500,0
'2026-08-22 08:39:00.248649900,0.124649900,1
'2026-08-22 08:39:00.248650000,0.124650000,0
'2026-08-22 08:39:00.248657000,0.124657000,1
'2026-08-22 08:39:00.248671300,0.124671300,0
'2026-08-22 08:39:00.248671500,0.124671500,1
'2026-08-22 08:39:00.248671600,0.124671600,0
'2026-08-22 08:39:00.248672100,0.124672100,1
'2026-08-22 08:39:00.248672200,0.124672200,0
'2026-08-22 08:39:00.248683100,0.124683100,1
'2026-08-22 08:39:00.248697600,0.124697600,0
'2026-08-22 08:39:00.248697800,0.124697800,1
'2026-08-22 08:39:00.248697900,0.124697900,0
'2026-08-22 08:39:00.248709100,0.124709100,1
'2026-08-22 08:39:00.248723600,0.124723600,0
'2026-08-22 08:39:00.248735200,0.124735200,1
'2026-08-22 08:39:00.248749600,0.124749600,0
'2026-08-22 08:39:00.248761200,0.124761200,1
'2026-08-22 08:39:00.324000000,0.200000000,0
