; CSV, generated by atk_libsigrok4 1.0.0 on 2026-08-22 08:23:36
; Channels (1/16)
; ChannelsType: 1
; Sample rate: 10 MHz
; Sample count: 1.907349 M
; Sampling time: 2026-08-22 08:23:32.866
SystemTime, Time(s), meow
'2026-08-22 08:23:32.866000000,0.000000000,1
'2026-08-22 08:23:32.866001600,0.000001600,0
'2026-08-22 08:23:32.866007200,0.000007200,1
'2026-08-22 08:23:32.866021600,0.000021600,0
'2026-08-22 08:23:32.866033300,0.000033300,1
'2026-08-22 08:23:32.866047800,0.000047800,0
'2026-08-22 08:23:32.866059400,0.000059400,1
'2026-08-22 08:23:32.866073600,0.000073600,0
'2026-08-22 08:23:32.866085400,0.000085400,1
'2026-08-22 08:23:32.866099900,0.000099900,0
'2026-08-22 08:23:32.866100200,0.000100200,1
'2026-08-22 08:23:32.866100300,0.000100300,0
'2026-08-22 08:23:32.866100900,0.000100900,1
'2026-08-22 08:23:32.866101000,0.000101000,0
'2026-08-22 08:23:32.866101500,0.000101500,1
'2026-08-22 08:23:32.866101600,0.000101600,0
'2026-08-22 08:23:32.866102600,0.000102600,1
'2026-08-22 08:23:32.866102700,0.000102700,0
'2026-08-22 08:23:32.866108500,0.000108500,1
'2026-08-22 08:23:32.866108600,0.000108600,0
'2026-08-22 08:23:32.866111500,0.000111500,1
'2026-08-22 08:23:32.866125800,0.000125800,0
'2026-08-22 08:23:32.866130100,0.000130100,1
'2026-08-22 08:23:32.866130200,0.000130200,0
'2026-08-22 08:23:32.866130700,0.000130700,1
'2026-08-22 08:23:32.866130900,0.000130900,0
'2026-08-22 08:23:32.866131900,0.000131900,1
'2026-08-22 08:23:32.866132000,0.000132000,0
'2026-08-22 08:23:32.866132400,0.000132400,1
'2026-08-22 08:23:32.866132500,0.000132500,0
'2026-08-22 08:23:32.866137600,0.000137600,1
'2026-08-22 08:23:32.866152200,0.000152200,0
'2026-08-22 08:23:32.866152300,0.000152300,1
'2026-08-22 08:23:32.866152400,0.000152400,0
'2026-08-22 08:23:32.866152700,0.000152700,1
'2026-08-22 08:23:32.866153000,0.000153000,0
'2026-08-22 08:23:32.866153900,0.000153900,1
'2026-08-22 08:23:32.866154100,0.000154100,0
'2026-08-22 08:23:32.866154600,0.000154600,1
'2026-08-22 08:23:32.866154700,0.000154700,0
'2026-08-22 08:23:32.866159300,0.000159300,1
'2026-08-22 08:23:32.866159400,0.000159400,0
'2026-08-22 08:23:32.866161000,0.000161000,1
'2026-08-22 08:23:32.866161100,0.000161100,0
'2026-08-22 08:23:32.866161600,0.000161600,1
'2026-08-22 08:23:32.866161800,0.000161800,0
'2026-08-22 08:23:32.866162200,0.000162200,1
'2026-08-22 08:23:32.866162300,0.000162300,0
'2026-08-22 08:23:32.866163300,0.000163300,1
'2026-08-22 08:23:32.866163500,0.000163500,0
'2026-08-22 08:23:32.866163700,0.000163700,1
'2026-08-22 08:23:32.866178600,0.000178600,0
'2026-08-22 08:23:32.866178700,0.000178700,1
'2026-08-22 08:23:32.866178800,0.000178800,0
'2026-08-22 08:23:32.866179100,0.000179100,1
'2026-08-22 08:23:32.866179200,0.000179200,0
'2026-08-22 08:23:32.866179700,0.000179700,1
'2026-08-22 08:23:32.866179800,0.000179800,0
'2026-08-22 08:23:32.866180300,0.000180300,1
'2026-08-22 08:23:32.866180400,0.000180400,0
'2026-08-22 08:23:32.866180900,0.000180900,1
'2026-08-22 08:23:32.866181000,0.000181000,0
'2026-08-22 08:23:32.866181500,0.000181500,1
'2026-08-22 08:23:32.866181600,0.000181600,0
'2026-08-22 08:23:32.866182600,0.000182600,1
'2026-08-22 08:23:32.866182700,0.000182700,0
'2026-08-22 08:23:32.866183600,0.000183600,1
'2026-08-22 08:23:32.866183900,0.000183900,0
'2026-08-22 08:23:32.866184400,0.000184400,1
'2026-08-22 08:23:32.866184500,0.000184500,0
'2026-08-22 08:23:32.866184900,0.000184900,1
'2026-08-22 08:23:32.866185100,0.000185100,0
'2026-08-22 08:23:32.866185300,0.000185300,1
'2026-08-22 08:23:32.866185400,0.000185400,0
'2026-08-22 08:23:32.866185500,0.000185500,1
'2026-08-22 08:23:32.866185700,0.000185700,0
'2026-08-22 08:23:32.866187900,0.000187900,1
'2026-08-22 08:23:32.866188000,0.000188000,0
'2026-08-22 08:23:32.866189100,0.000189100,1
'2026-08-22 08:23:32.866189200,0.000189200,0
'2026-08-22 08:23:32.866189700,0.000189700,1
'2026-08-22 08:23:32.866204500,0.000204500,0
'2026-08-22 08:23:32.866204700,0.000204700,1
'2026-08-22 08:23:32.866204900,0.000204900,0
'2026-08-22 08:23:32.866205400,0.000205400,1
'2026-08-22 08:23:32.866205600,0.000205600,0
'2026-08-22 08:23:32.866208300,0.000208300,1
'2026-08-22 08:23:32.866208400,0.000208400,0
'2026-08-22 08:23:32.866210300,0.000210300,1
'2026-08-22 08:23:32.866210400,0.000210400,0
'2026-08-22 08:23:32.866210600,0.000210600,1
'2026-08-22 08:23:32.866211000,0.000211000,0
'2026-08-22 08:23:32.866211200,0.000211200,1
'2026-08-22 08:23:32.866211300,0.000211300,0
'2026-08-22 08:23:32.866211800,0.000211800,1
'2026-08-22 08:23:32.866212100,0.000212100,0
'2026-08-22 08:23:32.866212400,0.000212400,1
'2026-08-22 08:23:32.866212500,0.000212500,0
'2026-08-22 08:23:32.866213000,0.000213000,1
'2026-08-22 08:23:32.866213100,0.000213100,0
'2026-08-22 08:23:32.866213600,0.000213600,1
'2026-08-22 08:23:32.866213700,0.000213700,0
'2026-08-22 08:23:32.866213800,0.000213800,1
'2026-08-22 08:23:32.866214000,0.000214000,0
'2026-08-22 08:23:32.866214100,0.000214100,1
'2026-08-22 08:23:32.866214300,0.000214300,0
'2026-08-22 08:23:32.866214700,0.000214700,1
'2026-08-22 08:23:32.866214800,0.000214800,0
'2026-08-22 08:23:32.866215300,0.000215300,1
'2026-08-22 08:23:32.866215400,0.000215400,0
'2026-08-22 08:23:32.866215800,0.000215800,1
'2026-08-22 08:23:32.866230800,0.000230800,0
'2026-08-22 08:23:32.866230900,0.000230900,1
'2026-08-22 08:23:32.866231200,0.000231200,0
'2026-08-22 08:23:32.866231400,0.000231400,1
'2026-08-22 08:23:32.866232300,0.000232300,0
'2026-08-22 08:23:32.866232400,0.000232400,1
'2026-08-22 08:23:32.866232600,0.000232600,0
'2026-08-22 08:23:32.866233300,0.000233300,1
'2026-08-22 08:23:32.866233500,0.000233500,0
'2026-08-22 08:23:32.866233800,0.000233800,1
'2026-08-22 08:23:32.866234200,0.000234200,0
'2026-08-22 08:23:32.866234500,0.000234500,1
'2026-08-22 08:23:32.866234700,0.000234700,0
'2026-08-22 08:23:32.866234900,0.000234900,1
'2026-08-22 08:23:32.866235300,0.000235300,0
'2026-08-22 08:23:32.866235700,0.000235700,1
'2026-08-22 08:23:32.866235900,0.000235900,0
'2026-08-22 08:23:32.866236300,0.000236300,1
'2026-08-22 08:23:32.866236400,0.000236400,0
'2026-08-22 08:23:32.866236900,0.000236900,1
'2026-08-22 08:23:32.866237000,0.000237000,0
'2026-08-22 08:23:32.866237400,0.000237400,1
'2026-08-22 08:23:32.866237600,0.000237600,0
'2026-08-22 08:23:32.866237700,0.000237700,1
'2026-08-22 08:23:32.866237800,0.000237800,0
'2026-08-22 08:23:32.866238000,0.000238000,1
'2026-08-22 08:23:32.866238200,0.000238200,0
'2026-08-22 08:23:32.866238500,0.000238500,1
'2026-08-22 08:23:32.866238800,0.000238800,0
'2026-08-22 08:23:32.866239000,0.000239000,1
'2026-08-22 08:23:32.866239100,0.000239100,0
'2026-08-22 08:23:32.866239200,0.000239200,1
'2026-08-22 08:23:32.866239400,0.000239400,0
'2026-08-22 08:23:32.866239500,0.000239500,1
'2026-08-22 08:23:32.866239700,0.000239700,0
'2026-08-22 08:23:32.866240100,0.000240100,1
'2026-08-22 08:23:32.866240200,0.000240200,0
'2026-08-22 08:23:32.866241500,0.000241500,1
'2026-08-22 08:23:32.866241800,0.000241800,0
'2026-08-22 08:23:32.866241900,0.000241900,1
'2026-08-22 08:23:32.866256900,0.000256900,0
'2026-08-22 08:23:32.866257100,0.000257100,1
'2026-08-22 08:23:32.866257500,0.000257500,0
'2026-08-22 08:23:32.866257900,0.000257900,1
'2026-08-22 08:23:32.866258200,0.000258200,0
'2026-08-22 08:23:32.866258300,0.000258300,1
'2026-08-22 08:23:32.866258600,0.000258600,0
'2026-08-22 08:23:32.866259000,0.000259000,1
'2026-08-22 08:23:32.866259400,0.000259400,0
'2026-08-22 08:23:32.866259700,0.000259700,1
'2026-08-22 08:23:32.866259800,0.000259800,0
'2026-08-22 08:23:32.866260300,0.000260300,1
'2026-08-22 08:23:32.866260400,0.000260400,0
'2026-08-22 08:23:32.866260600,0.000260600,1
'2026-08-22 08:23:32.866261000,0.000261000,0
'2026-08-22 08:23:32.866261100,0.000261100,1
'2026-08-22 08:23:32.866261200,0.000261200,0
'2026-08-22 08:23:32.866261400,0.000261400,1
'2026-08-22 08:23:32.866261800,0.000261800,0
'2026-08-22 08:23:32.866261900,0.000261900,1
'2026-08-22 08:23:32.866263000,0.000263000,0
'2026-08-22 08:23:32.866263100,0.000263100,1
'2026-08-22 08:23:32.866263500,0.000263500,0
'2026-08-22 08:23:32.866263700,0.000263700,1
'2026-08-22 08:23:32.866263900,0.000263900,0
'2026-08-22 08:23:32.866264100,0.000264100,1
'2026-08-22 08:23:32.866264200,0.000264200,0
'2026-08-22 08:23:32.866264300,0.000264300,1
'2026-08-22 08:23:32.866264500,0.000264500,0
'2026-08-22 08:23:32.866264600,0.000264600,1
'2026-08-22 08:23:32.866265000,0.000265000,0
'2026-08-22 08:23:32.866265100,0.000265100,1
'2026-08-22 08:23:32.866265200,0.000265200,0
'2026-08-22 08:23:32.866265500,0.000265500,1
'2026-08-22 08:23:32.866265700,0.000265700,0
'2026-08-22 08:23:32.866266100,0.000266100,1
'2026-08-22 08:23:32.866266200,0.000266200,0
'2026-08-22 08:23:32.866267300,0.000267300,1
'2026-08-22 08:23:32.866267400,0.000267400,0
'2026-08-22 08:23:32.866267500,0.000267500,1
'2026-08-22 08:23:32.866267700,0.000267700,0
'2026-08-22 08:23:32.866267800,0.000267800,1
'2026-08-22 08:23:32.866282700,0.000282700,0
'2026-08-22 08:23:32.866282900,0.000282900,1
'2026-08-22 08:23:32.866283800,0.000283800,0
'2026-08-22 08:23:32.866283900,0.000283900,1
'2026-08-22 08:23:32.866284000,0.000284000,0
'2026-08-22 08:23:32.866284100,0.000284100,1
'2026-08-22 08:23:32.866284300,0.000284300,0
'2026-08-22 08:23:32.866284400,0.000284400,1
'2026-08-22 08:23:32.866285000,0.000285000,0
'2026-08-22 08:23:32.866285100,0.000285100,1
'2026-08-22 08:23:32.866285200,0.000285200,0
'2026-08-22 08:23:32.866285300,0.000285300,1
'2026-08-22 08:23:32.866285900,0.000285900,0
'2026-08-22 08:23:32.866286000,0.000286000,1
'2026-08-22 08:23:32.866286100,0.000286100,0
'2026-08-22 08:23:32.866286500,0.000286500,1
'2026-08-22 08:23:32.866286600,0.000286600,0
'2026-08-22 08:23:32.866287300,0.000287300,1
'2026-08-22 08:23:32.866287500,0.000287500,0
'2026-08-22 08:23:32.866287700,0.000287700,1
'2026-08-22 08:23:32.866287800,0.000287800,0
'2026-08-22 08:23:32.866288300,0.000288300,1
'2026-08-22 08:23:32.866288500,0.000288500,0
'2026-08-22 08:23:32.866288800,0.000288800,1
'2026-08-22 08:23:32.866289000,0.000289000,0
'2026-08-22 08:23:32.866290000,0.000290000,1
'2026-08-22 08:23:32.866290200,0.000290200,0
'2026-08-22 08:23:32.866290500,0.000290500,1
'2026-08-22 08:23:32.866291400,0.000291400,0
'2026-08-22 08:23:32.866291700,0.000291700,1
'2026-08-22 08:23:32.866292200,0.000292200,0
'2026-08-22 08:23:32.866292300,0.000292300,1
'2026-08-22 08:23:32.866292600,0.000292600,0
'2026-08-22 08:23:32.866292800,0.000292800,1
'2026-08-22 08:23:32.866309200,0.000309200,0
'2026-08-22 08:23:32.866309900,0.000309900,1
'2026-08-22 08:23:32.866310000,0.000310000,0
'2026-08-22 08:23:32.866310400,0.000310400,1
'2026-08-22 08:23:32.866310600,0.000310600,0
'2026-08-22 08:23:32.866310700,0.000310700,1
'2026-08-22 08:23:32.866310800,0.000310800,0
'2026-08-22 08:23:32.866310900,0.000310900,1
'2026-08-22 08:23:32.866311200,0.000311200,0
'2026-08-22 08:23:32.866311300,0.000311300,1
'2026-08-22 08:23:32.866311800,0.000311800,0
'2026-08-22 08:23:32.866311900,0.000311900,1
'2026-08-22 08:23:32.866312900,0.000312900,0
'2026-08-22 08:23:32.866313300,0.000313300,1
'2026-08-22 08:23:32.866314200,0.000314200,0
'2026-08-22 08:23:32.866314300,0.000314300,1
'2026-08-22 08:23:32.866314400,0.000314400,0
'2026-08-22 08:23:32.866314500,0.000314500,1
'2026-08-22 08:23:32.866314800,0.000314800,0
'2026-08-22 08:23:32.866314900,0.000314900,1
'2026-08-22 08:23:32.866315300,0.000315300,0
'2026-08-22 08:23:32.866315600,0.000315600,1
'2026-08-22 08:23:32.866316400,0.000316400,0
'2026-08-22 08:23:32.866316500,0.000316500,1
'2026-08-22 08:23:32.866316600,0.000316600,0
'2026-08-22 08:23:32.866316700,0.000316700,1
'2026-08-22 08:23:32.866316800,0.000316800,0
'2026-08-22 08:23:32.866316900,0.000316900,1
'2026-08-22 08:23:32.866317200,0.000317200,0
'2026-08-22 08:23:32.866317500,0.000317500,1
'2026-08-22 08:23:32.866317600,0.000317600,0
'2026-08-22 08:23:32.866317900,0.000317900,1
'2026-08-22 08:23:32.866318200,0.000318200,0
'2026-08-22 08:23:32.866318600,0.000318600,1
'2026-08-22 08:23:32.866318800,0.000318800,0
'2026-08-22 08:23:32.866318900,0.000318900,1
'2026-08-22 08:23:32.866319000,0.000319000,0
'2026-08-22 08:23:32.866319100,0.000319100,1
'2026-08-22 08:23:32.866319500,0.000319500,0
'2026-08-22 08:23:32.866319700,0.000319700,1
'2026-08-22 08:23:32.866320000,0.000320000,0
'2026-08-22 08:23:32.866320100,0.000320100,1
'2026-08-22 08:23:32.866335900,0.000335900,0
'2026-08-22 08:23:32.866336100,0.000336100,1
'2026-08-22 08:23:32.866336200,0.000336200,0
'2026-08-22 08:23:32.866336300,0.000336300,1
'2026-08-22 08:23:32.866336400,0.000336400,0
'2026-08-22 08:23:32.866336500,0.000336500,1
'2026-08-22 08:23:32.866337000,0.000337000,0
'2026-08-22 08:23:32.866337200,0.000337200,1
'2026-08-22 08:23:32.866337600,0.000337600,0
'2026-08-22 08:23:32.866337700,0.000337700,1
'2026-08-22 08:23:32.866338000,0.000338000,0
'2026-08-22 08:23:32.866338500,0.000338500,1
'2026-08-22 08:23:32.866338800,0.000338800,0
'2026-08-22 08:23:32.866338900,0.000338900,1
'2026-08-22 08:23:32.866339300,0.000339300,0
'2026-08-22 08:23:32.866339400,0.000339400,1
'2026-08-22 08:23:32.866340400,0.000340400,0
'2026-08-22 08:23:32.866340500,0.000340500,1
'2026-08-22 08:23:32.866340900,0.000340900,0
'2026-08-22 08:23:32.866341300,0.000341300,1
'2026-08-22 08:23:32.866342300,0.000342300,0
'2026-08-22 08:23:32.866342500,0.000342500,1
'2026-08-22 08:23:32.866343500,0.000343500,0
'2026-08-22 08:23:32.866343700,0.000343700,1
'2026-08-22 08:23:32.866344600,0.000344600,0
'2026-08-22 08:23:32.866344700,0.000344700,1
'2026-08-22 08:23:32.866345600,0.000345600,0
'2026-08-22 08:23:32.866345700,0.000345700,1
'2026-08-22 08:23:32.866345800,0.000345800,0
'2026-08-22 08:23:32.866346100,0.000346100,1
'2026-08-22 08:23:32.866361000,0.000361000,0
'2026-08-22 08:23:32.866361100,0.000361100,1
'2026-08-22 08:23:32.866363800,0.000363800,0
'2026-08-22 08:23:32.866363900,0.000363900,1
'2026-08-22 08:23:32.866365000,0.000365000,0
'2026-08-22 08:23:32.866365100,0.000365100,1
'2026-08-22 08:23:32.866366200,0.000366200,0
'2026-08-22 08:23:32.866366300,0.000366300,1
'2026-08-22 08:23:32.866366400,0.000366400,0
'2026-08-22 08:23:32.866366500,0.000366500,1
'2026-08-22 08:23:32.866366800,0.000366800,0
'2026-08-22 08:23:32.866366900,0.000366900,1
'2026-08-22 08:23:32.866367200,0.000367200,0
'2026-08-22 08:23:32.866367300,0.000367300,1
'2026-08-22 08:23:32.866367400,0.000367400,0
'2026-08-22 08:23:32.866367600,0.000367600,1
'2026-08-22 08:23:32.866368500,0.000368500,0
'2026-08-22 08:23:32.866368800,0.000368800,1
'2026-08-22 08:23:32.866369000,0.000369000,0
'2026-08-22 08:23:32.866369200,0.000369200,1
'2026-08-22 08:23:32.866370000,0.000370000,0
'2026-08-22 08:23:32.866370100,0.000370100,1
'2026-08-22 08:23:32.866370500,0.000370500,0
'2026-08-22 08:23:32.866370600,0.000370600,1
'2026-08-22 08:23:32.866370900,0.000370900,0
'2026-08-22 08:23:32.866371100,0.000371100,1
'2026-08-22 08:23:32.866371300,0.000371300,0
'2026-08-22 08:23:32.866371500,0.000371500,1
'2026-08-22 08:23:32.866371600,0.000371600,0
'2026-08-22 08:23:32.866371700,0.000371700,1
'2026-08-22 08:23:32.866387800,0.000387800,0
'2026-08-22 08:23:32.866388100,0.000388100,1
'2026-08-22 08:23:32.866388400,0.000388400,0
'2026-08-22 08:23:32.866388500,0.000388500,1
'2026-08-22 08:23:32.866388900,0.000388900,0
'2026-08-22 08:23:32.866389100,0.000389100,1
'2026-08-22 08:23:32.866389500,0.000389500,0
'2026-08-22 08:23:32.866389600,0.000389600,1
'2026-08-22 08:23:32.866390000,0.000390000,0
'2026-08-22 08:23:32.866390300,0.000390300,1
'2026-08-22 08:23:32.866391200,0.000391200,0
'2026-08-22 08:23:32.866391300,0.000391300,1
'2026-08-22 08:23:32.866391400,0.000391400,0
'2026-08-22 08:23:32.866391500,0.000391500,1
'2026-08-22 08:23:32.866393600,0.000393600,0
'2026-08-22 08:23:32.866393700,0.000393700,1
'2026-08-22 08:23:32.866395400,0.000395400,0
'2026-08-22 08:23:32.866395600,0.000395600,1
'2026-08-22 08:23:32.866396000,0.000396000,0
'2026-08-22 08:23:32.866396100,0.000396100,1
'2026-08-22 08:23:32.866396400,0.000396400,0
'2026-08-22 08:23:32.866396900,0.000396900,1
'2026-08-22 08:23:32.866397100,0.000397100,0
'2026-08-22 08:23:32.866397400,0.000397400,1
'2026-08-22 08:23:32.866397600,0.000397600,0
'2026-08-22 08:23:32.866398000,0.000398000,1
'2026-08-22 08:23:32.866417600,0.000417600,0
'2026-08-22 08:23:32.866417800,0.000417800,1
'2026-08-22 08:23:32.866418200,0.000418200,0
'2026-08-22 08:23:32.866418300,0.000418300,1
'2026-08-22 08:23:32.866418600,0.000418600,0
'2026-08-22 08:23:32.866418900,0.000418900,1
'2026-08-22 08:23:32.866419400,0.000419400,0
'2026-08-22 08:23:32.866419500,0.000419500,1
'2026-08-22 08:23:32.866419700,0.000419700,0
'2026-08-22 08:23:32.866419900,0.000419900,1
'2026-08-22 08:23:32.866420000,0.000420000,0
'2026-08-22 08:23:32.866420200,0.000420200,1
'2026-08-22 08:23:32.866420900,0.000420900,0
'2026-08-22 08:23:32.866421100,0.000421100,1
'2026-08-22 08:23:32.866421200,0.000421200,0
'2026-08-22 08:23:32.866421300,0.000421300,1
'2026-08-22 08:23:32.866422200,0.000422200,0
'2026-08-22 08:23:32.866422300,0.000422300,1
'2026-08-22 08:23:32.866424200,0.000424200,0
'2026-08-22 08:23:32.866424300,0.000424300,1
'2026-08-22 08:23:32.866440200,0.000440200,0
'2026-08-22 08:23:32.866440500,0.000440500,1
'2026-08-22 08:23:32.866440800,0.000440800,0
'2026-08-22 08:23:32.866440900,0.000440900,1
'2026-08-22 08:23:32.866442200,0.000442200,0
'2026-08-22 08:23:32.866442300,0.000442300,1
'2026-08-22 08:23:32.866444500,0.000444500,0
'2026-08-22 08:23:32.866444600,0.000444600,1
'2026-08-22 08:23:32.866446600,0.000446600,0
'2026-08-22 08:23:32.866446700,0.000446700,1
'2026-08-22 08:23:32.866446800,0.000446800,0
'2026-08-22 08:23:32.866446900,0.000446900,1
'2026-08-22 08:23:32.866447200,0.000447200,0
'2026-08-22 08:23:32.866447400,0.000447400,1
'2026-08-22 08:23:32.866447700,0.000447700,0
'2026-08-22 08:23:32.866448200,0.000448200,1
'2026-08-22 08:23:32.866448300,0.000448300,0
'2026-08-22 08:23:32.866448500,0.000448500,1
'2026-08-22 08:23:32.866448600,0.000448600,0
'2026-08-22 08:23:32.866448800,0.000448800,1
'2026-08-22 08:23:32.866448900,0.000448900,0
'2026-08-22 08:23:32.866449300,0.000449300,1
'2026-08-22 08:23:32.866449700,0.000449700,0
'2026-08-22 08:23:32.866449900,0.000449900,1
'2026-08-22 08:23:32.866450200,0.000450200,0
'2026-08-22 08:23:32.866450400,0.000450400,1
'2026-08-22 08:23:32.866466600,0.000466600,0
'2026-08-22 08:23:32.866466800,0.000466800,1
'2026-08-22 08:23:32.866467000,0.000467000,0
'2026-08-22 08:23:32.866467100,0.000467100,1
'2026-08-22 08:23:32.866467200,0.000467200,0
'2026-08-22 08:23:32.866467300,0.000467300,1
'2026-08-22 08:23:32.866467400,0.000467400,0
'2026-08-22 08:23:32.866467500,0.000467500,1
'2026-08-22 08:23:32.866467800,0.000467800,0
'2026-08-22 08:23:32.866468000,0.000468000,1
'2026-08-22 08:23:32.866468200,0.000468200,0
'2026-08-22 08:23:32.866468300,0.000468300,1
'2026-08-22 08:23:32.866468400,0.000468400,0
'2026-08-22 08:23:32.866468500,0.000468500,1
'2026-08-22 08:23:32.866468600,0.000468600,0
'2026-08-22 08:23:32.866468700,0.000468700,1
'2026-08-22 08:23:32.866468900,0.000468900,0
'2026-08-22 08:23:32.866469100,0.000469100,1
'2026-08-22 08:23:32.866470600,0.000470600,0
'2026-08-22 08:23:32.866470700,0.000470700,1
'2026-08-22 08:23:32.866471400,0.000471400,0
'2026-08-22 08:23:32.866471500,0.000471500,1
'2026-08-22 08:23:32.866474100,0.000474100,0
'2026-08-22 08:23:32.866474200,0.000474200,1
'2026-08-22 08:23:32.866491700,0.000491700,0
'2026-08-22 08:23:32.866491800,0.000491800,1
'2026-08-22 08:23:32.866494000,0.000494000,0
'2026-08-22 08:23:32.866494100,0.000494100,1
'2026-08-22 08:23:32.866496400,0.000496400,0
'2026-08-22 08:23:32.866496500,0.000496500,1
'2026-08-22 08:23:32.866497600,0.000497600,0
'2026-08-22 08:23:32.866497700,0.000497700,1
'2026-08-22 08:23:32.866498200,0.000498200,0
'2026-08-22 08:23:32.866498300,0.000498300,1
'2026-08-22 08:23:32.866498600,0.000498600,0
'2026-08-22 08:23:32.866498900,0.000498900,1
'2026-08-22 08:23:32.866499100,0.000499100,0
'2026-08-22 08:23:32.866499300,0.000499300,1
'2026-08-22 08:23:32.866499800,0.000499800,0
'2026-08-22 08:23:32.866500100,0.000500100,1
'2026-08-22 08:23:32.866501000,0.000501000,0
'2026-08-22 08:23:32.866501300,0.000501300,1
'2026-08-22 08:23:32.866501400,0.000501400,0
'2026-08-22 08:23:32.866501900,0.000501900,1
'2026-08-22 08:23:32.866502000,0.000502000,0
'2026-08-22 08:23:32.866502100,0.000502100,1
'2026-08-22 08:23:32.866502400,0.000502400,0
'2026-08-22 08:23:32.866502500,0.000502500,1
'2026-08-22 08:23:32.866518600,0.000518600,0
'2026-08-22 08:23:32.866518700,0.000518700,1
'2026-08-22 08:23:32.866519600,0.000519600,0
'2026-08-22 08:23:32.866519900,0.000519900,1
'2026-08-22 08:23:32.866520800,0.000520800,0
'2026-08-22 08:23:32.866521000,0.000521000,1
'2026-08-22 08:23:32.866521300,0.000521300,0
'2026-08-22 08:23:32.866521500,0.000521500,1
'2026-08-22 08:23:32.866521900,0.000521900,0
'2026-08-22 08:23:32.866522100,0.000522100,1
'2026-08-22 08:23:32.866524300,0.000524300,0
'2026-08-22 08:23:32.866524400,0.000524400,1
'2026-08-22 08:23:32.866525600,0.000525600,0
'2026-08-22 08:23:32.866525700,0.000525700,1
'2026-08-22 08:23:32.866527300,0.000527300,0
'2026-08-22 08:23:32.866527500,0.000527500,1
'2026-08-22 08:23:32.866528400,0.000528400,0
'2026-08-22 08:23:32.866528500,0.000528500,1
'2026-08-22 08:23:32.866545000,0.000545000,0
'2026-08-22 08:23:32.866545100,0.000545100,1
'2026-08-22 08:23:32.866545900,0.000545900,0
'2026-08-22 08:23:32.866546000,0.000546000,1
'2026-08-22 08:23:32.866549500,0.000549500,0
'2026-08-22 08:23:32.866549700,0.000549700,1
'2026-08-22 08:23:32.866549900,0.000549900,0
'2026-08-22 08:23:32.866550100,0.000550100,1
'2026-08-22 08:23:32.866551800,0.000551800,0
'2026-08-22 08:23:32.866551900,0.000551900,1
'2026-08-22 08:23:32.866552300,0.000552300,0
'2026-08-22 08:23:32.866552400,0.000552400,1
'2026-08-22 08:23:32.866553800,0.000553800,0
'2026-08-22 08:23:32.866553900,0.000553900,1
'2026-08-22 08:23:32.866570100,0.000570100,0
'2026-08-22 08:23:32.866570200,0.000570200,1
'2026-08-22 08:23:32.866571000,0.000571000,0
'2026-08-22 08:23:32.866571100,0.000571100,1
'2026-08-22 08:23:32.866571400,0.000571400,0
'2026-08-22 08:23:32.866571600,0.000571600,1
'2026-08-22 08:23:32.866571800,0.000571800,0
'2026-08-22 08:23:32.866571900,0.000571900,1
'2026-08-22 08:23:32.866572800,0.000572800,0
'2026-08-22 08:23:32.866572900,0.000572900,1
'2026-08-22 08:23:32.866573000,0.000573000,0
'2026-08-22 08:23:32.866573100,0.000573100,1
'2026-08-22 08:23:32.866578600,0.000578600,0
'2026-08-22 08:23:32.866578700,0.000578700,1
'2026-08-22 08:23:32.866579400,0.000579400,0
'2026-08-22 08:23:32.866579500,0.000579500,1
'2026-08-22 08:23:32.866579600,0.000579600,0
'2026-08-22 08:23:32.866579700,0.000579700,1
'2026-08-22 08:23:32.866580400,0.000580400,0
'2026-08-22 08:23:32.866580600,0.000580600,1
'2026-08-22 08:23:32.866596000,0.000596000,0
'2026-08-22 08:23:32.866596100,0.000596100,1
'2026-08-22 08:23:32.866599100,0.000599100,0
'2026-08-22 08:23:32.866599300,0.000599300,1
'2026-08-22 08:23:32.866599600,0.000599600,0
'2026-08-22 08:23:32.866599700,0.000599700,1
'2026-08-22 08:23:32.866601900,0.000601900,0
'2026-08-22 08:23:32.866602100,0.000602100,1
'2026-08-22 08:23:32.866602200,0.000602200,0
'2026-08-22 08:23:32.866602300,0.000602300,1
'2026-08-22 08:23:32.866602600,0.000602600,0
'2026-08-22 08:23:32.866602700,0.000602700,1
'2026-08-22 08:23:32.866603200,0.000603200,0
'2026-08-22 08:23:32.866603300,0.000603300,1
'2026-08-22 08:23:32.866606100,0.000606100,0
'2026-08-22 08:23:32.866606200,0.000606200,1
'2026-08-22 08:23:32.866621900,0.000621900,0
'2026-08-22 08:23:32.866622000,0.000622000,1
'2026-08-22 08:23:32.866623000,0.000623000,0
'2026-08-22 08:23:32.866623100,0.000623100,1
'2026-08-22 08:23:32.866626200,0.000626200,0
'2026-08-22 08:23:32.866626300,0.000626300,1
'2026-08-22 08:23:32.866629000,0.000629000,0
'2026-08-22 08:23:32.866629100,0.000629100,1
'2026-08-22 08:23:32.866629400,0.000629400,0
'2026-08-22 08:23:32.866629700,0.000629700,1
'2026-08-22 08:23:32.866630600,0.000630600,0
'2026-08-22 08:23:32.866630700,0.000630700,1
'2026-08-22 08:23:32.866632200,0.000632200,0
'2026-08-22 08:23:32.866632300,0.000632300,1
'2026-08-22 08:23:32.866632400,0.000632400,0
'2026-08-22 08:23:32.866632500,0.000632500,1
'2026-08-22 08:23:32.866653200,0.000653200,0
'2026-08-22 08:23:32.866653300,0.000653300,1
'2026-08-22 08:23:32.866658800,0.000658800,0
'2026-08-22 08:23:32.866658900,0.000658900,1
'2026-08-22 08:23:32.866680200,0.000680200,0
'2026-08-22 08:23:32.866680300,0.000680300,1
'2026-08-22 08:23:32.866681400,0.000681400,0
'2026-08-22 08:23:32.866681600,0.000681600,1
'2026-08-22 08:23:32.866682400,0.000682400,0
'2026-08-22 08:23:32.866682700,0.000682700,1
'2026-08-22 08:23:32.866683000,0.000683000,0
'2026-08-22 08:23:32.866683100,0.000683100,1
'2026-08-22 08:23:32.866683700,0.000683700,0
'2026-08-22 08:23:32.866683800,0.000683800,1
'2026-08-22 08:23:32.866702400,0.000702400,0
'2026-08-22 08:23:32.866702500,0.000702500,1
'2026-08-22 08:23:32.866704000,0.000704000,0
'2026-08-22 08:23:32.866704100,0.000704100,1
'2026-08-22 08:23:32.866709200,0.000709200,0
'2026-08-22 08:23:32.866709300,0.000709300,1
'2026-08-22 08:23:32.866709500,0.000709500,0
'2026-08-22 08:23:32.866709600,0.000709600,1
'2026-08-22 08:23:32.866710000,0.000710000,0
'2026-08-22 08:23:32.866710100,0.000710100,1
'2026-08-22 08:23:32.866710500,0.000710500,0
'2026-08-22 08:23:32.866710700,0.000710700,1
'2026-08-22 08:23:32.866729500,0.000729500,0
'2026-08-22 08:23:32.866729600,0.000729600,1
'2026-08-22 08:23:32.866730200,0.000730200,0
'2026-08-22 08:23:32.866730300,0.000730300,1
'2026-08-22 08:23:32.866732600,0.000732600,0
'2026-08-22 08:23:32.866732700,0.000732700,1
'2026-08-22 08:23:32.866736800,0.000736800,0
'2026-08-22 08:23:32.866736900,0.000736900,1
'2026-08-22 08:23:32.866753200,0.000753200,0
'2026-08-22 08:23:32.866753300,0.000753300,1
'2026-08-22 08:23:32.866757200,0.000757200,0
'2026-08-22 08:23:32.866757300,0.000757300,1
'2026-08-22 08:23:32.866758300,0.000758300,0
'2026-08-22 08:23:32.866758400,0.000758400,1
'2026-08-22 08:23:32.866760000,0.000760000,0
'2026-08-22 08:23:32.866760100,0.000760100,1
'2026-08-22 08:23:32.866760600,0.000760600,0
'2026-08-22 08:23:32.866760900,0.000760900,1
'2026-08-22 08:23:32.866779400,0.000779400,0
'2026-08-22 08:23:32.866779500,0.000779500,1
'2026-08-22 08:23:32.866781000,0.000781000,0
'2026-08-22 08:23:32.866781100,0.000781100,1
'2026-08-22 08:23:32.866782800,0.000782800,0
'2026-08-22 08:23:32.866782900,0.000782900,1
'2026-08-22 08:23:32.866787000,0.000787000,0
'2026-08-22 08:23:32.866787100,0.000787100,1
'2026-08-22 08:23:32.866809200,0.000809200,0
'2026-08-22 08:23:32.866809300,0.000809300,1
'2026-08-22 08:23:32.866810200,0.000810200,0
'2026-08-22 08:23:32.866810300,0.000810300,1
'2026-08-22 08:23:32.866812800,0.000812800,0
'2026-08-22 08:23:32.866812900,0.000812900,1
'2026-08-22 08:23:32.866813000,0.000813000,0
'2026-08-22 08:23:32.866813100,0.000813100,1
'2026-08-22 08:23:32.866813600,0.000813600,0
'2026-08-22 08:23:32.866813700,0.000813700,1
'2026-08-22 08:23:32.866831200,0.000831200,0
'2026-08-22 08:23:32.866831300,0.000831300,1
'2026-08-22 08:23:32.866832400,0.000832400,0
'2026-08-22 08:23:32.866832500,0.000832500,1
'2026-08-22 08:23:32.866833000,0.000833000,0
'2026-08-22 08:23:32.866833100,0.000833100,1
'2026-08-22 08:23:32.866840000,0.000840000,0
'2026-08-22 08:23:32.866840200,0.000840200,1
'2026-08-22 08:23:32.866859500,0.000859500,0
'2026-08-22 08:23:32.866859600,0.000859600,1
'2026-08-22 08:23:32.866860000,0.000860000,0
'2026-08-22 08:23:32.866860100,0.000860100,1
'2026-08-22 08:23:32.866860600,0.000860600,0
'2026-08-22 08:23:32.866860800,0.000860800,1
'2026-08-22 08:23:32.866860900,0.000860900,0
'2026-08-22 08:23:32.866861000,0.000861000,1
'2026-08-22 08:23:32.866862500,0.000862500,0
'2026-08-22 08:23:32.866862600,0.000862600,1
'2026-08-22 08:23:32.866863400,0.000863400,0
'2026-08-22 08:23:32.866863500,0.000863500,1
'2026-08-22 08:23:32.866863800,0.000863800,0
'2026-08-22 08:23:32.866863900,0.000863900,1
'2026-08-22 08:23:32.866864000,0.000864000,0
'2026-08-22 08:23:32.866864100,0.000864100,1
'2026-08-22 08:23:32.866866300,0.000866300,0
'2026-08-22 08:23:32.866866500,0.000866500,1
'2026-08-22 08:23:32.866867400,0.000867400,0
'2026-08-22 08:23:32.866867500,0.000867500,1
'2026-08-22 08:23:32.866889200,0.000889200,0
'2026-08-22 08:23:32.866889300,0.000889300,1
'2026-08-22 08:23:32.866890200,0.000890200,0
'2026-08-22 08:23:32.866890300,0.000890300,1
'2026-08-22 08:23:32.866890400,0.000890400,0
'2026-08-22 08:23:32.866890500,0.000890500,1
'2026-08-22 08:23:32.866890800,0.000890800,0
'2026-08-22 08:23:32.866890900,0.000890900,1
'2026-08-22 08:23:32.866891400,0.000891400,0
'2026-08-22 08:23:32.866891500,0.000891500,1
'2026-08-22 08:23:32.866891600,0.000891600,0
'2026-08-22 08:23:32.866891700,0.000891700,1
'2026-08-22 08:23:32.866892400,0.000892400,0
'2026-08-22 08:23:32.866892500,0.000892500,1
'2026-08-22 08:23:32.866892800,0.000892800,0
'2026-08-22 08:23:32.866892900,0.000892900,1
'2026-08-22 08:23:32.866893000,0.000893000,0
'2026-08-22 08:23:32.866893300,0.000893300,1
'2026-08-22 08:23:32.866893400,0.000893400,0
'2026-08-22 08:23:32.866893500,0.000893500,1
'2026-08-22 08:23:32.866911400,0.000911400,0
'2026-08-22 08:23:32.866911500,0.000911500,1
'2026-08-22 08:23:32.866911900,0.000911900,0
'2026-08-22 08:23:32.866912000,0.000912000,1
'2026-08-22 08:23:32.866913500,0.000913500,0
'2026-08-22 08:23:32.866913600,0.000913600,1
'2026-08-22 08:23:32.866917000,0.000917000,0
'2026-08-22 08:23:32.866917100,0.000917100,1
'2026-08-22 08:23:32.866917800,0.000917800,0
'2026-08-22 08:23:32.866917900,0.000917900,1
'2026-08-22 08:23:32.866939800,0.000939800,0
'2026-08-22 08:23:32.866939900,0.000939900,1
'2026-08-22 08:23:32.866940500,0.000940500,0
'2026-08-22 08:23:32.866940600,0.000940600,1
'2026-08-22 08:23:32.866942200,0.000942200,0
'2026-08-22 08:23:32.866942300,0.000942300,1
'2026-08-22 08:23:32.866942400,0.000942400,0
'2026-08-22 08:23:32.866942500,0.000942500,1
'2026-08-22 08:23:32.866944500,0.000944500,0
'2026-08-22 08:23:32.866944600,0.000944600,1
'2026-08-22 08:23:32.866962600,0.000962600,0
'2026-08-22 08:23:32.866962900,0.000962900,1
'2026-08-22 08:23:32.866963200,0.000963200,0
'2026-08-22 08:23:32.866963300,0.000963300,1
'2026-08-22 08:23:32.866964600,0.000964600,0
'2026-08-22 08:23:32.866964700,0.000964700,1
'2026-08-22 08:23:32.866965100,0.000965100,0
'2026-08-22 08:23:32.866965300,0.000965300,1
'2026-08-22 08:23:32.866971000,0.000971000,0
'2026-08-22 08:23:32.866971100,0.000971100,1
'2026-08-22 08:23:32.866988300,0.000988300,0
'2026-08-22 08:23:32.866988400,0.000988400,1
'2026-08-22 08:23:32.866993100,0.000993100,0
'2026-08-22 08:23:32.866993300,0.000993300,1
'2026-08-22 08:23:32.866993800,0.000993800,0
'2026-08-22 08:23:32.866993900,0.000993900,1
'2026-08-22 08:23:32.866994300,0.000994300,0
'2026-08-22 08:23:32.866994400,0.000994400,1
'2026-08-22 08:23:32.867013400,0.001013400,0
'2026-08-22 08:23:32.867013500,0.001013500,1
'2026-08-22 08:23:32.867014600,0.001014600,0
'2026-08-22 08:23:32.867014700,0.001014700,1
'2026-08-22 08:23:32.867022300,0.001022300,0
'2026-08-22 08:23:32.867022500,0.001022500,1
'2026-08-22 08:23:32.867023300,0.001023300,0
'2026-08-22 08:23:32.867023400,0.001023400,1
'2026-08-22 08:23:32.867042000,0.001042000,0
'2026-08-22 08:23:32.867042100,0.001042100,1
'2026-08-22 08:23:32.867042800,0.001042800,0
'2026-08-22 08:23:32.867043000,0.001043000,1
'2026-08-22 08:23:32.867065000,0.001065000,0
'2026-08-22 08:23:32.867065100,0.001065100,1
'2026-08-22 08:23:32.867071400,0.001071400,0
'2026-08-22 08:23:32.867071500,0.001071500,1
'2026-08-22 08:23:32.867072500,0.001072500,0
'2026-08-22 08:23:32.867072700,0.001072700,1
'2026-08-22 08:23:32.867073000,0.001073000,0
'2026-08-22 08:23:32.867073100,0.001073100,1
'2026-08-22 08:23:32.867093000,0.001093000,0
'2026-08-22 08:23:32.867093100,0.001093100,1
'2026-08-22 08:23:32.867094200,0.001094200,0
'2026-08-22 08:23:32.867094300,0.001094300,1
'2026-08-22 08:23:32.867099800,0.001099800,0
'2026-08-22 08:23:32.867099900,0.001099900,1
'2026-08-22 08:23:32.867100500,0.001100500,0
'2026-08-22 08:23:32.867100600,0.001100600,1
'2026-08-22 08:23:32.867102200,0.001102200,0
'2026-08-22 08:23:32.867102300,0.001102300,1
'2026-08-22 08:23:32.867120400,0.001120400,0
'2026-08-22 08:23:32.867120600,0.001120600,1
'2026-08-22 08:23:32.867122800,0.001122800,0
'2026-08-22 08:23:32.867122900,0.001122900,1
'2026-08-22 08:23:32.867123300,0.001123300,0
'2026-08-22 08:23:32.867123400,0.001123400,1
'2026-08-22 08:23:32.867123800,0.001123800,0
'2026-08-22 08:23:32.867123900,0.001123900,1
'2026-08-22 08:23:32.867124500,0.001124500,0
'2026-08-22 08:23:32.867124600,0.001124600,1
'2026-08-22 08:23:32.867125600,0.001125600,0
'2026-08-22 08:23:32.867125900,0.001125900,1
'2026-08-22 08:23:32.867126400,0.001126400,0
'2026-08-22 08:23:32.867126500,0.001126500,1
'2026-08-22 08:23:32.867127300,0.001127300,0
'2026-08-22 08:23:32.867127400,0.001127400,1
'2026-08-22 08:23:32.867143200,0.001143200,0
'2026-08-22 08:23:32.867143400,0.001143400,1
'2026-08-22 08:23:32.867152000,0.001152000,0
'2026-08-22 08:23:32.867152100,0.001152100,1
'2026-08-22 08:23:32.867152800,0.001152800,0
'2026-08-22 08:23:32.867152900,0.001152900,1
'2026-08-22 08:23:32.867153000,0.001153000,0
'2026-08-22 08:23:32.867153300,0.001153300,1
'2026-08-22 08:23:32.867172300,0.001172300,0
'2026-08-22 08:23:32.867172500,0.001172500,1
'2026-08-22 08:23:32.867172800,0.001172800,0
'2026-08-22 08:23:32.867172900,0.001172900,1
'2026-08-22 08:23:32.867173400,0.001173400,0
'2026-08-22 08:23:32.867173500,0.001173500,1
'2026-08-22 08:23:32.867173600,0.001173600,0
'2026-08-22 08:23:32.867173700,0.001173700,1
'2026-08-22 08:23:32.867174000,0.001174000,0
'2026-08-22 08:23:32.867174200,0.001174200,1
'2026-08-22 08:23:32.867174600,0.001174600,0
'2026-08-22 08:23:32.867174900,0.001174900,1
'2026-08-22 08:23:32.867203200,0.001203200,0
'2026-08-22 08:23:32.867203300,0.001203300,1
'2026-08-22 08:23:32.867203400,0.001203400,0
'2026-08-22 08:23:32.867203500,0.001203500,1
'2026-08-22 08:23:32.867203800,0.001203800,0
'2026-08-22 08:23:32.867203900,0.001203900,1
'2026-08-22 08:23:32.867204400,0.001204400,0
'2026-08-22 08:23:32.867204500,0.001204500,1
'2026-08-22 08:23:32.867205600,0.001205600,0
'2026-08-22 08:23:32.867205700,0.001205700,1
'2026-08-22 08:23:32.867223400,0.001223400,0
'2026-08-22 08:23:32.867223500,0.001223500,1
'2026-08-22 08:23:32.867223800,0.001223800,0
'2026-08-22 08:23:32.867224100,0.001224100,1
'2026-08-22 08:23:32.867224300,0.001224300,0
'2026-08-22 08:23:32.867224600,0.001224600,1
'2026-08-22 08:23:32.867224800,0.001224800,0
'2026-08-22 08:23:32.867224900,0.001224900,1
'2026-08-22 08:23:32.867225000,0.001225000,0
'2026-08-22 08:23:32.867225100,0.001225100,1
'2026-08-22 08:23:32.867227100,0.001227100,0
'2026-08-22 08:23:32.867227200,0.001227200,1
'2026-08-22 08:23:32.867254200,0.001254200,0
'2026-08-22 08:23:32.867254300,0.001254300,1
'2026-08-22 08:23:32.867254600,0.001254600,0
'2026-08-22 08:23:32.867254900,0.001254900,1
'2026-08-22 08:23:32.867255700,0.001255700,0
'2026-08-22 08:23:32.867255800,0.001255800,1
'2026-08-22 08:23:32.867256600,0.001256600,0
'2026-08-22 08:23:32.867256700,0.001256700,1
'2026-08-22 08:23:32.867274600,0.001274600,0
'2026-08-22 08:23:32.867274700,0.001274700,1
'2026-08-22 08:23:32.867277400,0.001277400,0
'2026-08-22 08:23:32.867277500,0.001277500,1
'2026-08-22 08:23:32.867277700,0.001277700,0
'2026-08-22 08:23:32.867277800,0.001277800,1
'2026-08-22 08:23:32.867281100,0.001281100,0
'2026-08-22 08:23:32.867281200,0.001281200,1
'2026-08-22 08:23:32.867283400,0.001283400,0
'2026-08-22 08:23:32.867283500,0.001283500,1
'2026-08-22 08:23:32.867284100,0.001284100,0
'2026-08-22 08:23:32.867284200,0.001284200,1
'2026-08-22 08:23:32.867284600,0.001284600,0
'2026-08-22 08:23:32.867284800,0.001284800,1
'2026-08-22 08:23:32.867302200,0.001302200,0
'2026-08-22 08:23:32.867302300,0.001302300,1
'2026-08-22 08:23:32.867303200,0.001303200,0
'2026-08-22 08:23:32.867303300,0.001303300,1
'2026-08-22 08:23:32.867303700,0.001303700,0
'2026-08-22 08:23:32.867303900,0.001303900,1
'2026-08-22 08:23:32.867304600,0.001304600,0
'2026-08-22 08:23:32.867304700,0.001304700,1
'2026-08-22 08:23:32.867305400,0.001305400,0
'2026-08-22 08:23:32.867305700,0.001305700,1
'2026-08-22 08:23:32.867308300,0.001308300,0
'2026-08-22 08:23:32.867308400,0.001308400,1
'2026-08-22 08:23:32.867310200,0.001310200,0
'2026-08-22 08:23:32.867310300,0.001310300,1
'2026-08-22 08:23:32.867325900,0.001325900,0
'2026-08-22 08:23:32.867326100,0.001326100,1
'2026-08-22 08:23:32.867326900,0.001326900,0
'2026-08-22 08:23:32.867327000,0.001327000,1
'2026-08-22 08:23:32.867327200,0.001327200,0
'2026-08-22 08:23:32.867327300,0.001327300,1
'2026-08-22 08:23:32.867333400,0.001333400,0
'2026-08-22 08:23:32.867333500,0.001333500,1
'2026-08-22 08:23:32.867335800,0.001335800,0
'2026-08-22 08:23:32.867336100,0.001336100,1
'2026-08-22 08:23:32.867336300,0.001336300,0
'2026-08-22 08:23:32.867336400,0.001336400,1
'2026-08-22 08:23:32.867336900,0.001336900,0
'2026-08-22 08:23:32.867337000,0.001337000,1
'2026-08-22 08:23:32.867355800,0.001355800,0
'2026-08-22 08:23:32.867355900,0.001355900,1
'2026-08-22 08:23:32.867359600,0.001359600,0
'2026-08-22 08:23:32.867359700,0.001359700,1
'2026-08-22 08:23:32.867383400,0.001383400,0
'2026-08-22 08:23:32.867383500,0.001383500,1
'2026-08-22 08:23:32.867384800,0.001384800,0
'2026-08-22 08:23:32.867384900,0.001384900,1
'2026-08-22 08:23:32.867385100,0.001385100,0
'2026-08-22 08:23:32.867385200,0.001385200,1
'2026-08-22 08:23:32.867386200,0.001386200,0
'2026-08-22 08:23:32.867386400,0.001386400,1
'2026-08-22 08:23:32.867386700,0.001386700,0
'2026-08-22 08:23:32.867387000,0.001387000,1
'2026-08-22 08:23:32.867387200,0.001387200,0
'2026-08-22 08:23:32.867387300,0.001387300,1
'2026-08-22 08:23:32.867431100,0.001431100,0
'2026-08-22 08:23:32.867431200,0.001431200,1
'2026-08-22 08:23:32.867433000,0.001433000,0
'2026-08-22 08:23:32.867433100,0.001433100,1
'2026-08-22 08:23:32.867436300,0.001436300,0
'2026-08-22 08:23:32.867436400,0.001436400,1
'2026-08-22 08:23:32.867436700,0.001436700,0
'2026-08-22 08:23:32.867436800,0.001436800,1
'2026-08-22 08:23:32.867436900,0.001436900,0
'2026-08-22 08:23:32.867437000,0.001437000,1
'2026-08-22 08:23:32.867441000,0.001441000,0
'2026-08-22 08:23:32.867441100,0.001441100,1
'2026-08-22 08:23:32.867457400,0.001457400,0
'2026-08-22 08:23:32.867457500,0.001457500,1
'2026-08-22 08:23:32.867458000,0.001458000,0
'2026-08-22 08:23:32.867458100,0.001458100,1
'2026-08-22 08:23:32.867458200,0.001458200,0
'2026-08-22 08:23:32.867458300,0.001458300,1
'2026-08-22 08:23:32.867461600,0.001461600,0
'2026-08-22 08:23:32.867461700,0.001461700,1
'2026-08-22 08:23:32.867464400,0.001464400,0
'2026-08-22 08:23:32.867464500,0.001464500,1
'2026-08-22 08:23:32.867465600,0.001465600,0
'2026-08-22 08:23:32.867465700,0.001465700,1
'2026-08-22 08:23:32.867466100,0.001466100,0
'2026-08-22 08:23:32.867466200,0.001466200,1
'2026-08-22 08:23:32.867466600,0.001466600,0
'2026-08-22 08:23:32.867466800,0.001466800,1
'2026-08-22 08:23:32.867467100,0.001467100,0
'2026-08-22 08:23:32.867467300,0.001467300,1
'2026-08-22 08:23:32.867486000,0.001486000,0
'2026-08-22 08:23:32.867486100,0.001486100,1
'2026-08-22 08:23:32.867487200,0.001487200,0
'2026-08-22 08:23:32.867487300,0.001487300,1
'2026-08-22 08:23:32.867487600,0.001487600,0
'2026-08-22 08:23:32.867487700,0.001487700,1
'2026-08-22 08:23:32.867488200,0.001488200,0
'2026-08-22 08:23:32.867488500,0.001488500,1
'2026-08-22 08:23:32.867488800,0.001488800,0
'2026-08-22 08:23:32.867488900,0.001488900,1
'2026-08-22 08:23:32.867489400,0.001489400,0
'2026-08-22 08:23:32.867489500,0.001489500,1
'2026-08-22 08:23:32.867514600,0.001514600,0
'2026-08-22 08:23:32.867514700,0.001514700,1
'2026-08-22 08:23:32.867515600,0.001515600,0
'2026-08-22 08:23:32.867515700,0.001515700,1
'2026-08-22 08:23:32.867517600,0.001517600,0
'2026-08-22 08:23:32.867517700,0.001517700,1
'2026-08-22 08:23:32.867518000,0.001518000,0
'2026-08-22 08:23:32.867518100,0.001518100,1
'2026-08-22 08:23:32.867518600,0.001518600,0
'2026-08-22 08:23:32.867518700,0.001518700,1
'2026-08-22 08:23:32.867519000,0.001519000,0
'2026-08-22 08:23:32.867519100,0.001519100,1
'2026-08-22 08:23:32.867519200,0.001519200,0
'2026-08-22 08:23:32.867519400,0.001519400,1
'2026-08-22 08:23:32.867535400,0.001535400,0
'2026-08-22 08:23:32.867535500,0.001535500,1
'2026-08-22 08:23:32.867537800,0.001537800,0
'2026-08-22 08:23:32.867537900,0.001537900,1
'2026-08-22 08:23:32.867538400,0.001538400,0
'2026-08-22 08:23:32.867538500,0.001538500,1
'2026-08-22 08:23:32.867538900,0.001538900,0
'2026-08-22 08:23:32.867539000,0.001539000,1
'2026-08-22 08:23:32.867539700,0.001539700,0
'2026-08-22 08:23:32.867539800,0.001539800,1
'2026-08-22 08:23:32.867545400,0.001545400,0
'2026-08-22 08:23:32.867545500,0.001545500,1
'2026-08-22 08:23:32.867561700,0.001561700,0
'2026-08-22 08:23:32.867561800,0.001561800,1
'2026-08-22 08:23:32.867564600,0.001564600,0
'2026-08-22 08:23:32.867564700,0.001564700,1
'2026-08-22 08:23:32.867589200,0.001589200,0
'2026-08-22 08:23:32.867589300,0.001589300,1
'2026-08-22 08:23:32.867594600,0.001594600,0
'2026-08-22 08:23:32.867594700,0.001594700,1
'2026-08-22 08:23:32.867595600,0.001595600,0
'2026-08-22 08:23:32.867595700,0.001595700,1
'2026-08-22 08:23:32.867596800,0.001596800,0
'2026-08-22 08:23:32.867597100,0.001597100,1
'2026-08-22 08:23:32.867613200,0.001613200,0
'2026-08-22 08:23:32.867613300,0.001613300,1
'2026-08-22 08:23:32.867613700,0.001613700,0
'2026-08-22 08:23:32.867613800,0.001613800,1
'2026-08-22 08:23:32.867614600,0.001614600,0
'2026-08-22 08:23:32.867614700,0.001614700,1
'2026-08-22 08:23:32.867616100,0.001616100,0
'2026-08-22 08:23:32.867616200,0.001616200,1
'2026-08-22 08:23:32.867616600,0.001616600,0
'2026-08-22 08:23:32.867616700,0.001616700,1
'2026-08-22 08:23:32.867623000,0.001623000,0
'2026-08-22 08:23:32.867623100,0.001623100,1
'2026-08-22 08:23:32.867623300,0.001623300,0
'2026-08-22 08:23:32.867623400,0.001623400,1
'2026-08-22 08:23:32.867641400,0.001641400,0
'2026-08-22 08:23:32.867641500,0.001641500,1
'2026-08-22 08:23:32.867648700,0.001648700,0
'2026-08-22 08:23:32.867648800,0.001648800,1
'2026-08-22 08:23:32.867666200,0.001666200,0
'2026-08-22 08:23:32.867666300,0.001666300,1
'2026-08-22 08:23:32.867668800,0.001668800,0
'2026-08-22 08:23:32.867668900,0.001668900,1
'2026-08-22 08:23:32.867669100,0.001669100,0
'2026-08-22 08:23:32.867669300,0.001669300,1
'2026-08-22 08:23:32.867669800,0.001669800,0
'2026-08-22 08:23:32.867669900,0.001669900,1
'2026-08-22 08:23:32.867693400,0.001693400,0
'2026-08-22 08:23:32.867693500,0.001693500,1
'2026-08-22 08:23:32.867695600,0.001695600,0
'2026-08-22 08:23:32.867695700,0.001695700,1
'2026-08-22 08:23:32.867696000,0.001696000,0
'2026-08-22 08:23:32.867696100,0.001696100,1
'2026-08-22 08:23:32.867697300,0.001697300,0
'2026-08-22 08:23:32.867697500,0.001697500,1
'2026-08-22 08:23:32.867697800,0.001697800,0
'2026-08-22 08:23:32.867697900,0.001697900,1
'2026-08-22 08:23:32.867698400,0.001698400,0
'2026-08-22 08:23:32.867698500,0.001698500,1
'2026-08-22 08:23:32.867700000,0.001700000,0
'2026-08-22 08:23:32.867700100,0.001700100,1
'2026-08-22 08:23:32.867700500,0.001700500,0
'2026-08-22 08:23:32.867700600,0.001700600,1
'2026-08-22 08:23:32.867717200,0.001717200,0
'2026-08-22 08:23:32.867717300,0.001717300,1
'2026-08-22 08:23:32.867717800,0.001717800,0
'2026-08-22 08:23:32.867717900,0.001717900,1
'2026-08-22 08:23:32.867723800,0.001723800,0
'2026-08-22 08:23:32.867723900,0.001723900,1
'2026-08-22 08:23:32.867724200,0.001724200,0
'2026-08-22 08:23:32.867724400,0.001724400,1
'2026-08-22 08:23:32.867726400,0.001726400,0
'2026-08-22 08:23:32.867726500,0.001726500,1
'2026-08-22 08:23:32.867727600,0.001727600,0
'2026-08-22 08:23:32.867727700,0.001727700,1
'2026-08-22 08:23:32.867745000,0.001745000,0
'2026-08-22 08:23:32.867745100,0.001745100,1
'2026-08-22 08:23:32.867746000,0.001746000,0
'2026-08-22 08:23:32.867746100,0.001746100,1
'2026-08-22 08:23:32.867747600,0.001747600,0
'2026-08-22 08:23:32.867747700,0.001747700,1
'2026-08-22 08:23:32.867748200,0.001748200,0
'2026-08-22 08:23:32.867748300,0.001748300,1
'2026-08-22 08:23:32.867748800,0.001748800,0
'2026-08-22 08:23:32.867748900,0.001748900,1
'2026-08-22 08:23:32.867749400,0.001749400,0
'2026-08-22 08:23:32.867749500,0.001749500,1
'2026-08-22 08:23:32.867750400,0.001750400,0
'2026-08-22 08:23:32.867750500,0.001750500,1
'2026-08-22 08:23:32.867773800,0.001773800,0
'2026-08-22 08:23:32.867773900,0.001773900,1
'2026-08-22 08:23:32.867775800,0.001775800,0
'2026-08-22 08:23:32.867775900,0.001775900,1
'2026-08-22 08:23:32.867776600,0.001776600,0
'2026-08-22 08:23:32.867776700,0.001776700,1
'2026-08-22 08:23:32.867777000,0.001777000,0
'2026-08-22 08:23:32.867777100,0.001777100,1
'2026-08-22 08:23:32.867777800,0.001777800,0
'2026-08-22 08:23:32.867778100,0.001778100,1
'2026-08-22 08:23:32.867779300,0.001779300,0
'2026-08-22 08:23:32.867779400,0.001779400,1
'2026-08-22 08:23:32.867795500,0.001795500,0
'2026-08-22 08:23:32.867795600,0.001795600,1
'2026-08-22 08:23:32.867796600,0.001796600,0
'2026-08-22 08:23:32.867796700,0.001796700,1
'2026-08-22 08:23:32.867797800,0.001797800,0
'2026-08-22 08:23:32.867797900,0.001797900,1
'2026-08-22 08:23:32.867800000,0.001800000,0
'2026-08-22 08:23:32.867800100,0.001800100,1
'2026-08-22 08:23:32.867801800,0.001801800,0
'2026-08-22 08:23:32.867801900,0.001801900,1
'2026-08-22 08:23:32.867802000,0.001802000,0
'2026-08-22 08:23:32.867802100,0.001802100,1
'2026-08-22 08:23:32.867805200,0.001805200,0
'2026-08-22 08:23:32.867805300,0.001805300,1
'2026-08-22 08:23:32.867823800,0.001823800,0
'2026-08-22 08:23:32.867823900,0.001823900,1
'2026-08-22 08:23:32.867826900,0.001826900,0
'2026-08-22 08:23:32.867827000,0.001827000,1
'2026-08-22 08:23:32.867827100,0.001827100,0
'2026-08-22 08:23:32.867827200,0.001827200,1
'2026-08-22 08:23:32.867827600,0.001827600,0
'2026-08-22 08:23:32.867827700,0.001827700,1
'2026-08-22 08:23:32.867828200,0.001828200,0
'2026-08-22 08:23:32.867828300,0.001828300,1
'2026-08-22 08:23:32.867828600,0.001828600,0
'2026-08-22 08:23:32.867828700,0.001828700,1
'2026-08-22 08:23:32.867831100,0.001831100,0
'2026-08-22 08:23:32.867831200,0.001831200,1
'2026-08-22 08:23:32.867851100,0.001851100,0
'2026-08-22 08:23:32.867851200,0.001851200,1
'2026-08-22 08:23:32.867853400,0.001853400,0
'2026-08-22 08:23:32.867853500,0.001853500,1
'2026-08-22 08:23:32.867856200,0.001856200,0
'2026-08-22 08:23:32.867856300,0.001856300,1
'2026-08-22 08:23:32.867877800,0.001877800,0
'2026-08-22 08:23:32.867877900,0.001877900,1
'2026-08-22 08:23:32.867884200,0.001884200,0
'2026-08-22 08:23:32.867884400,0.001884400,1
'2026-08-22 08:23:32.867902000,0.001902000,0
'2026-08-22 08:23:32.867902100,0.001902100,1
'2026-08-22 08:23:32.867904200,0.001904200,0
'2026-08-22 08:23:32.867904300,0.001904300,1
'2026-08-22 08:23:32.867905400,0.001905400,0
'2026-08-22 08:23:32.867905500,0.001905500,1
'2026-08-22 08:23:32.867933800,0.001933800,0
'2026-08-22 08:23:32.867933900,0.001933900,1
'2026-08-22 08:23:32.867935000,0.001935000,0
'2026-08-22 08:23:32.867935100,0.001935100,1
'2026-08-22 08:23:32.867935200,0.001935200,0
'2026-08-22 08:23:32.867935300,0.001935300,1
'2026-08-22 08:23:32.867936200,0.001936200,0
'2026-08-22 08:23:32.867936300,0.001936300,1
'2026-08-22 08:23:32.867953700,0.001953700,0
'2026-08-22 08:23:32.867954000,0.001954000,1
'2026-08-22 08:23:32.867955000,0.001955000,0
'2026-08-22 08:23:32.867955100,0.001955100,1
'2026-08-22 08:23:32.867961900,0.001961900,0
'2026-08-22 08:23:32.867962000,0.001962000,1
'2026-08-22 08:23:32.867962400,0.001962400,0
'2026-08-22 08:23:32.867962500,0.001962500,1
'2026-08-22 08:23:32.867982100,0.001982100,0
'2026-08-22 08:23:32.867982200,0.001982200,1
'2026-08-22 08:23:32.867984100,0.001984100,0
'2026-08-22 08:23:32.867984300,0.001984300,1
'2026-08-22 08:23:32.867985200,0.001985200,0
'2026-08-22 08:23:32.867985400,0.001985400,1
'2026-08-22 08:23:32.867985800,0.001985800,0
'2026-08-22 08:23:32.867985900,0.001985900,1
'2026-08-22 08:23:32.867986400,0.001986400,0
'2026-08-22 08:23:32.867986600,0.001986600,1
'2026-08-22 08:23:32.867986800,0.001986800,0
'2026-08-22 08:23:32.867986900,0.001986900,1
'2026-08-22 08:23:32.867987700,0.001987700,0
'2026-08-22 08:23:32.867987800,0.001987800,1
'2026-08-22 08:23:32.867988600,0.001988600,0
'2026-08-22 08:23:32.867988700,0.001988700,1
'2026-08-22 08:23:32.868004300,0.002004300,0
'2026-08-22 08:23:32.868004400,0.002004400,1
'2026-08-22 08:23:32.868009200,0.002009200,0
'2026-08-22 08:23:32.868009300,0.002009300,1
'2026-08-22 08:23:32.868011500,0.002011500,0
'2026-08-22 08:23:32.868011600,0.002011600,1
'2026-08-22 08:23:32.868012300,0.002012300,0
'2026-08-22 08:23:32.868012400,0.002012400,1
'2026-08-22 08:23:32.868030100,0.002030100,0
'2026-08-22 08:23:32.868030200,0.002030200,1
'2026-08-22 08:23:32.868033800,0.002033800,0
'2026-08-22 08:23:32.868033900,0.002033900,1
'2026-08-22 08:23:32.868038800,0.002038800,0
'2026-08-22 08:23:32.868038900,0.002038900,1
'2026-08-22 08:23:32.868039100,0.002039100,0
'2026-08-22 08:23:32.868039200,0.002039200,1
'2026-08-22 08:23:32.868039300,0.002039300,0
'2026-08-22 08:23:32.868039400,0.002039400,1
'2026-08-22 08:23:32.868039600,0.002039600,0
'2026-08-22 08:23:32.868039700,0.002039700,1
'2026-08-22 08:23:32.868058800,0.002058800,0
'2026-08-22 08:23:32.868058900,0.002058900,1
'2026-08-22 08:23:32.868064500,0.002064500,0
'2026-08-22 08:23:32.868064600,0.002064600,1
'2026-08-22 08:23:32.868084100,0.002084100,0
'2026-08-22 08:23:32.868084200,0.002084200,1
'2026-08-22 08:23:32.868086200,0.002086200,0
'2026-08-22 08:23:32.868086300,0.002086300,1
'2026-08-22 08:23:32.868089800,0.002089800,0
'2026-08-22 08:23:32.868089900,0.002089900,1
'2026-08-22 08:23:32.868113000,0.002113000,0
'2026-08-22 08:23:32.868113100,0.002113100,1
'2026-08-22 08:23:32.868113600,0.002113600,0
'2026-08-22 08:23:32.868113700,0.002113700,1
'2026-08-22 08:23:32.868118200,0.002118200,0
'2026-08-22 08:23:32.868118300,0.002118300,1
'2026-08-22 08:23:32.868118400,0.002118400,0
'2026-08-22 08:23:32.868118500,0.002118500,1
'2026-08-22 08:23:32.868134600,0.002134600,0
'2026-08-22 08:23:32.868134700,0.002134700,1
'2026-08-22 08:23:32.868137400,0.002137400,0
'2026-08-22 08:23:32.868137500,0.002137500,1
'2026-08-22 08:23:32.868140900,0.002140900,0
'2026-08-22 08:23:32.868141000,0.002141000,1
'2026-08-22 08:23:32.868141100,0.002141100,0
'2026-08-22 08:23:32.868141200,0.002141200,1
'2026-08-22 08:23:32.868141600,0.002141600,0
'2026-08-22 08:23:32.868141700,0.002141700,1
'2026-08-22 08:23:32.868145200,0.002145200,0
'2026-08-22 08:23:32.868145300,0.002145300,1
'2026-08-22 08:23:32.868163000,0.002163000,0
'2026-08-22 08:23:32.868163100,0.002163100,1
'2026-08-22 08:23:32.868164400,0.002164400,0
'2026-08-22 08:23:32.868164500,0.002164500,1
'2026-08-22 08:23:32.868168400,0.002168400,0
'2026-08-22 08:23:32.868168500,0.002168500,1
'2026-08-22 08:23:32.868168900,0.002168900,0
'2026-08-22 08:23:32.868169100,0.002169100,1
'2026-08-22 08:23:32.868169200,0.002169200,0
'2026-08-22 08:23:32.868169300,0.002169300,1
'2026-08-22 08:23:32.868169700,0.002169700,0
'2026-08-22 08:23:32.868169800,0.002169800,1
'2026-08-22 08:23:32.868170600,0.002170600,0
'2026-08-22 08:23:32.868170700,0.002170700,1
'2026-08-22 08:23:32.868171200,0.002171200,0
'2026-08-22 08:23:32.868171300,0.002171300,1
'2026-08-22 08:23:32.868188300,0.002188300,0
'2026-08-22 08:23:32.868188400,0.002188400,1
'2026-08-22 08:23:32.868193500,0.002193500,0
'2026-08-22 08:23:32.868193700,0.002193700,1
'2026-08-22 08:23:32.868219300,0.002219300,0
'2026-08-22 08:23:32.868219400,0.002219400,1
'2026-08-22 08:23:32.868222100,0.002222100,0
'2026-08-22 08:23:32.868222200,0.002222200,1
'2026-08-22 08:23:32.868222800,0.002222800,0
'2026-08-22 08:23:32.868222900,0.002222900,1
'2026-08-22 08:23:32.868223400,0.002223400,0
'2026-08-22 08:23:32.868223500,0.002223500,1
'2026-08-22 08:23:32.868239800,0.002239800,0
'2026-08-22 08:23:32.868239900,0.002239900,1
'2026-08-22 08:23:32.868245600,0.002245600,0
'2026-08-22 08:23:32.868245800,0.002245800,1
'2026-08-22 08:23:32.868268800,0.002268800,0
'2026-08-22 08:23:32.868269000,0.002269000,1
'2026-08-22 08:23:32.868269400,0.002269400,0
'2026-08-22 08:23:32.868269500,0.002269500,1
'2026-08-22 08:23:32.868270200,0.002270200,0
'2026-08-22 08:23:32.868270300,0.002270300,1
'2026-08-22 08:23:32.868270600,0.002270600,0
'2026-08-22 08:23:32.868270700,0.002270700,1
'2026-08-22 08:23:32.868272600,0.002272600,0
'2026-08-22 08:23:32.868272700,0.002272700,1
'2026-08-22 08:23:32.868273000,0.002273000,0
'2026-08-22 08:23:32.868273100,0.002273100,1
'2026-08-22 08:23:32.868291700,0.002291700,0
'2026-08-22 08:23:32.868291800,0.002291800,1
'2026-08-22 08:23:32.868295600,0.002295600,0
'2026-08-22 08:23:32.868295700,0.002295700,1
'2026-08-22 08:23:32.868299200,0.002299200,0
'2026-08-22 08:23:32.868299600,0.002299600,1
'2026-08-22 08:23:32.868300400,0.002300400,0
'2026-08-22 08:23:32.868300500,0.002300500,1
'2026-08-22 08:23:32.868322000,0.002322000,0
'2026-08-22 08:23:32.868322200,0.002322200,1
'2026-08-22 08:23:32.868344700,0.002344700,0
'2026-08-22 08:23:32.868344900,0.002344900,1
'2026-08-22 08:23:32.868345600,0.002345600,0
'2026-08-22 08:23:32.868345700,0.002345700,1
'2026-08-22 08:23:32.868347200,0.002347200,0
'2026-08-22 08:23:32.868347400,0.002347400,1
'2026-08-22 08:23:32.868348400,0.002348400,0
'2026-08-22 08:23:32.868348600,0.002348600,1
'2026-08-22 08:23:32.868349400,0.002349400,0
'2026-08-22 08:23:32.868349500,0.002349500,1
'2026-08-22 08:23:32.868349600,0.002349600,0
'2026-08-22 08:23:32.868349700,0.002349700,1
'2026-08-22 08:23:32.868352900,0.002352900,0
'2026-08-22 08:23:32.868353000,0.002353000,1
'2026-08-22 08:23:32.868353400,0.002353400,0
'2026-08-22 08:23:32.868353500,0.002353500,1
'2026-08-22 08:23:32.868370600,0.002370600,0
'2026-08-22 08:23:32.868370700,0.002370700,1
'2026-08-22 08:23:32.868379100,0.002379100,0
'2026-08-22 08:23:32.868379200,0.002379200,1
'2026-08-22 08:23:32.868395600,0.002395600,0
'2026-08-22 08:23:32.868395700,0.002395700,1
'2026-08-22 08:23:32.868399200,0.002399200,0
'2026-08-22 08:23:32.868399300,0.002399300,1
'2026-08-22 08:23:32.868402100,0.002402100,0
'2026-08-22 08:23:32.868402200,0.002402200,1
'2026-08-22 08:23:32.868403400,0.002403400,0
'2026-08-22 08:23:32.868403500,0.002403500,1
'2026-08-22 08:23:32.868424300,0.002424300,0
'2026-08-22 08:23:32.868424400,0.002424400,1
'2026-08-22 08:23:32.868426700,0.002426700,0
'2026-08-22 08:23:32.868426800,0.002426800,1
'2026-08-22 08:23:32.868427000,0.002427000,0
'2026-08-22 08:23:32.868427200,0.002427200,1
'2026-08-22 08:23:32.868455400,0.002455400,0
'2026-08-22 08:23:32.868455500,0.002455500,1
'2026-08-22 08:23:32.868455800,0.002455800,0
'2026-08-22 08:23:32.868455900,0.002455900,1
'2026-08-22 08:23:32.868475400,0.002475400,0
'2026-08-22 08:23:32.868475500,0.002475500,1
'2026-08-22 08:23:32.868476100,0.002476100,0
'2026-08-22 08:23:32.868476300,0.002476300,1
'2026-08-22 08:23:32.868479800,0.002479800,0
'2026-08-22 08:23:32.868479900,0.002479900,1
'2026-08-22 08:23:32.868483900,0.002483900,0
'2026-08-22 08:23:32.868484000,0.002484000,1
'2026-08-22 08:23:32.868498800,0.002498800,0
'2026-08-22 08:23:32.868498900,0.002498900,1
'2026-08-22 08:23:32.868502500,0.002502500,0
'2026-08-22 08:23:32.868502600,0.002502600,1
'2026-08-22 08:23:32.868503300,0.002503300,0
'2026-08-22 08:23:32.868503400,0.002503400,1
'2026-08-22 08:23:32.868503600,0.002503600,0
'2026-08-22 08:23:32.868503700,0.002503700,1
'2026-08-22 08:23:32.868505600,0.002505600,0
'2026-08-22 08:23:32.868505700,0.002505700,1
'2026-08-22 08:23:32.868510000,0.002510000,0
'2026-08-22 08:23:32.868510100,0.002510100,1
'2026-08-22 08:23:32.868525800,0.002525800,0
'2026-08-22 08:23:32.868525900,0.002525900,1
'2026-08-22 08:23:32.868527100,0.002527100,0
'2026-08-22 08:23:32.868527200,0.002527200,1
'2026-08-22 08:23:32.868529800,0.002529800,0
'2026-08-22 08:23:32.868529900,0.002529900,1
'2026-08-22 08:23:32.868530700,0.002530700,0
'2026-08-22 08:23:32.868530800,0.002530800,1
'2026-08-22 08:23:32.868532800,0.002532800,0
'2026-08-22 08:23:32.868532900,0.002532900,1
'2026-08-22 08:23:32.868533000,0.002533000,0
'2026-08-22 08:23:32.868533100,0.002533100,1
'2026-08-22 08:23:32.868533400,0.002533400,0
'2026-08-22 08:23:32.868533500,0.002533500,1
'2026-08-22 08:23:32.868535200,0.002535200,0
'2026-08-22 08:23:32.868535300,0.002535300,1
'2026-08-22 08:23:32.868535800,0.002535800,0
'2026-08-22 08:23:32.868535900,0.002535900,1
'2026-08-22 08:23:32.868552100,0.002552100,0
'2026-08-22 08:23:32.868552200,0.002552200,1
'2026-08-22 08:23:32.868557400,0.002557400,0
'2026-08-22 08:23:32.868557500,0.002557500,1
'2026-08-22 08:23:32.868558000,0.002558000,0
'2026-08-22 08:23:32.868558100,0.002558100,1
'2026-08-22 08:23:32.868560400,0.002560400,0
'2026-08-22 08:23:32.868560500,0.002560500,1
'2026-08-22 08:23:32.868583000,0.002583000,0
'2026-08-22 08:23:32.868583100,0.002583100,1
'2026-08-22 08:23:32.868612100,0.002612100,0
'2026-08-22 08:23:32.868612200,0.002612200,1
'2026-08-22 08:23:32.868613900,0.002613900,0
'2026-08-22 08:23:32.868614300,0.002614300,1
'2026-08-22 08:23:32.868634400,0.002634400,0
'2026-08-22 08:23:32.868634500,0.002634500,1
'2026-08-22 08:23:32.868634900,0.002634900,0
'2026-08-22 08:23:32.868635100,0.002635100,1
'2026-08-22 08:23:32.868636500,0.002636500,0
'2026-08-22 08:23:32.868636600,0.002636600,1
'2026-08-22 08:23:32.868638000,0.002638000,0
'2026-08-22 08:23:32.868638100,0.002638100,1
'2026-08-22 08:23:32.868656600,0.002656600,0
'2026-08-22 08:23:32.868656700,0.002656700,1
'2026-08-22 08:23:32.868665800,0.002665800,0
'2026-08-22 08:23:32.868665900,0.002665900,1
'2026-08-22 08:23:32.868686000,0.002686000,0
'2026-08-22 08:23:32.868686100,0.002686100,1
'2026-08-22 08:23:32.868686800,0.002686800,0
'2026-08-22 08:23:32.868686900,0.002686900,1
'2026-08-22 08:23:32.868687000,0.002687000,0
'2026-08-22 08:23:32.868687100,0.002687100,1
'2026-08-22 08:23:32.868688000,0.002688000,0
'2026-08-22 08:23:32.868688200,0.002688200,1
'2026-08-22 08:23:32.868688300,0.002688300,0
'2026-08-22 08:23:32.868688400,0.002688400,1
'2026-08-22 08:23:32.868689900,0.002689900,0
'2026-08-22 08:23:32.868690000,0.002690000,1
'2026-08-22 08:23:32.868692200,0.002692200,0
'2026-08-22 08:23:32.868692300,0.002692300,1
'2026-08-22 08:23:32.868709800,0.002709800,0
'2026-08-22 08:23:32.868709900,0.002709900,1
'2026-08-22 08:23:32.868713400,0.002713400,0
'2026-08-22 08:23:32.868713500,0.002713500,1
'2026-08-22 08:23:32.868714400,0.002714400,0
'2026-08-22 08:23:32.868714500,0.002714500,1
'2026-08-22 08:23:32.868716200,0.002716200,0
'2026-08-22 08:23:32.868716300,0.002716300,1
'2026-08-22 08:23:32.868740000,0.002740000,0
'2026-08-22 08:23:32.868740100,0.002740100,1
'2026-08-22 08:23:32.868763000,0.002763000,0
'2026-08-22 08:23:32.868763100,0.002763100,1
'2026-08-22 08:23:32.868764000,0.002764000,0
'2026-08-22 08:23:32.868764100,0.002764100,1
'2026-08-22 08:23:32.868770600,0.002770600,0
'2026-08-22 08:23:32.868770700,0.002770700,1
'2026-08-22 08:23:32.868787400,0.002787400,0
'2026-08-22 08:23:32.868787500,0.002787500,1
'2026-08-22 08:23:32.868791000,0.002791000,0
'2026-08-22 08:23:32.868791100,0.002791100,1
'2026-08-22 08:23:32.868792200,0.002792200,0
'2026-08-22 08:23:32.868792300,0.002792300,1
'2026-08-22 08:23:32.868793300,0.002793300,0
'2026-08-22 08:23:32.868793400,0.002793400,1
'2026-08-22 08:23:32.868794300,0.002794300,0
'2026-08-22 08:23:32.868794400,0.002794400,1
'2026-08-22 08:23:32.868795600,0.002795600,0
'2026-08-22 08:23:32.868795700,0.002795700,1
'2026-08-22 08:23:32.868795800,0.002795800,0
'2026-08-22 08:23:32.868795900,0.002795900,1
'2026-08-22 08:23:32.868816000,0.002816000,0
'2026-08-22 08:23:32.868816100,0.002816100,1
'2026-08-22 08:23:32.868817200,0.002817200,0
'2026-08-22 08:23:32.868817300,0.002817300,1
'2026-08-22 08:23:32.868817400,0.002817400,0
'2026-08-22 08:23:32.868817500,0.002817500,1
'2026-08-22 08:23:32.868818300,0.002818300,0
'2026-08-22 08:23:32.868818500,0.002818500,1
'2026-08-22 08:23:32.868819400,0.002819400,0
'2026-08-22 08:23:32.868819500,0.002819500,1
'2026-08-22 08:23:32.868820600,0.002820600,0
'2026-08-22 08:23:32.868820700,0.002820700,1
'2026-08-22 08:23:32.868821100,0.002821100,0
'2026-08-22 08:23:32.868821300,0.002821300,1
'2026-08-22 08:23:32.868845800,0.002845800,0
'2026-08-22 08:23:32.868845900,0.002845900,1
'2026-08-22 08:23:32.868846400,0.002846400,0
'2026-08-22 08:23:32.868846500,0.002846500,1
'2026-08-22 08:23:32.868867500,0.002867500,0
'2026-08-22 08:23:32.868867600,0.002867600,1
'2026-08-22 08:23:32.868875000,0.002875000,0
'2026-08-22 08:23:32.868875100,0.002875100,1
'2026-08-22 08:23:32.868894400,0.002894400,0
'2026-08-22 08:23:32.868894500,0.002894500,1
'2026-08-22 08:23:32.868897800,0.002897800,0
'2026-08-22 08:23:32.868898000,0.002898000,1
'2026-08-22 08:23:32.868898200,0.002898200,0
'2026-08-22 08:23:32.868898300,0.002898300,1
'2026-08-22 08:23:32.868899400,0.002899400,0
'2026-08-22 08:23:32.868899500,0.002899500,1
'2026-08-22 08:23:32.868917600,0.002917600,0
'2026-08-22 08:23:32.868917700,0.002917700,1
'2026-08-22 08:23:32.868918000,0.002918000,0
'2026-08-22 08:23:32.868918100,0.002918100,1
'2026-08-22 08:23:32.868920400,0.002920400,0
'2026-08-22 08:23:32.868920500,0.002920500,1
'2026-08-22 08:23:32.868922800,0.002922800,0
'2026-08-22 08:23:32.868922900,0.002922900,1
'2026-08-22 08:23:32.868925200,0.002925200,0
'2026-08-22 08:23:32.868925300,0.002925300,1
'2026-08-22 08:23:32.868945600,0.002945600,0
'2026-08-22 08:23:32.868945700,0.002945700,1
'2026-08-22 08:23:32.868946700,0.002946700,0
'2026-08-22 08:23:32.868946800,0.002946800,1
'2026-08-22 08:23:32.868948000,0.002948000,0
'2026-08-22 08:23:32.868948100,0.002948100,1
'2026-08-22 08:23:32.868949700,0.002949700,0
'2026-08-22 08:23:32.868949800,0.002949800,1
'2026-08-22 08:23:32.868953000,0.002953000,0
'2026-08-22 08:23:32.868953100,0.002953100,1
'2026-08-22 08:23:32.868968600,0.002968600,0
'2026-08-22 08:23:32.868968700,0.002968700,1
'2026-08-22 08:23:32.868969600,0.002969600,0
'2026-08-22 08:23:32.868969700,0.002969700,1
'2026-08-22 08:23:32.868970600,0.002970600,0
'2026-08-22 08:23:32.868970700,0.002970700,1
'2026-08-22 08:23:32.868976300,0.002976300,0
'2026-08-22 08:23:32.868976400,0.002976400,1
'2026-08-22 08:23:32.868978400,0.002978400,0
'2026-08-22 08:23:32.868978500,0.002978500,1
'2026-08-22 08:23:32.868997000,0.002997000,0
'2026-08-22 08:23:32.868997100,0.002997100,1
'2026-08-22 08:23:32.869001800,0.003001800,0
'2026-08-22 08:23:32.869001900,0.003001900,1
'2026-08-22 08:23:32.869002600,0.003002600,0
'2026-08-22 08:23:32.869002700,0.003002700,1
'2026-08-22 08:23:32.869002800,0.003002800,0
'2026-08-22 08:23:32.869002900,0.003002900,1
'2026-08-22 08:23:32.869003000,0.003003000,0
'2026-08-22 08:23:32.869003100,0.003003100,1
'2026-08-22 08:23:32.869003500,0.003003500,0
'2026-08-22 08:23:32.869003600,0.003003600,1
'2026-08-22 08:23:32.869026200,0.003026200,0
'2026-08-22 08:23:32.869026300,0.003026300,1
'2026-08-22 08:23:32.869026600,0.003026600,0
'2026-08-22 08:23:32.869026800,0.003026800,1
'2026-08-22 08:23:32.869030300,0.003030300,0
'2026-08-22 08:23:32.869030400,0.003030400,1
'2026-08-22 08:23:32.869046700,0.003046700,0
'2026-08-22 08:23:32.869046800,0.003046800,1
'2026-08-22 08:23:32.869047200,0.003047200,0
'2026-08-22 08:23:32.869047300,0.003047300,1
'2026-08-22 08:23:32.869049100,0.003049100,0
'2026-08-22 08:23:32.869049200,0.003049200,1
'2026-08-22 08:23:32.869052900,0.003052900,0
'2026-08-22 08:23:32.869053300,0.003053300,1
'2026-08-22 08:23:32.869054200,0.003054200,0
'2026-08-22 08:23:32.869054400,0.003054400,1
'2026-08-22 08:23:32.869054800,0.003054800,0
'2026-08-22 08:23:32.869054900,0.003054900,1
'2026-08-22 08:23:32.869055400,0.003055400,0
'2026-08-22 08:23:32.869055500,0.003055500,1
'2026-08-22 08:23:32.869056600,0.003056600,0
'2026-08-22 08:23:32.869056700,0.003056700,1
'2026-08-22 08:23:32.869057300,0.003057300,0
'2026-08-22 08:23:32.869057400,0.003057400,1
'2026-08-22 08:23:32.869057900,0.003057900,0
'2026-08-22 08:23:32.869058000,0.003058000,1
'2026-08-22 08:23:32.869077000,0.003077000,0
'2026-08-22 08:23:32.869077100,0.003077100,1
'2026-08-22 08:23:32.869083500,0.003083500,0
'2026-08-22 08:23:32.869083700,0.003083700,1
'2026-08-22 08:23:32.869103100,0.003103100,0
'2026-08-22 08:23:32.869103200,0.003103200,1
'2026-08-22 08:23:32.869105600,0.003105600,0
'2026-08-22 08:23:32.869105700,0.003105700,1
'2026-08-22 08:23:32.869106600,0.003106600,0
'2026-08-22 08:23:32.869106700,0.003106700,1
'2026-08-22 08:23:32.869107700,0.003107700,0
'2026-08-22 08:23:32.869107800,0.003107800,1
'2026-08-22 08:23:32.869135800,0.003135800,0
'2026-08-22 08:23:32.869135900,0.003135900,1
'2026-08-22 08:23:32.869156400,0.003156400,0
'2026-08-22 08:23:32.869156500,0.003156500,1
'2026-08-22 08:23:32.869159400,0.003159400,0
'2026-08-22 08:23:32.869159500,0.003159500,1
'2026-08-22 08:23:32.869160400,0.003160400,0
'2026-08-22 08:23:32.869160500,0.003160500,1
'2026-08-22 08:23:32.869185600,0.003185600,0
'2026-08-22 08:23:32.869185700,0.003185700,1
'2026-08-22 08:23:32.869208800,0.003208800,0
'2026-08-22 08:23:32.869208900,0.003208900,1
'2026-08-22 08:23:32.869211200,0.003211200,0
'2026-08-22 08:23:32.869211300,0.003211300,1
'2026-08-22 08:23:32.869213000,0.003213000,0
'2026-08-22 08:23:32.869213100,0.003213100,1
'2026-08-22 08:23:32.869233000,0.003233000,0
'2026-08-22 08:23:32.869233100,0.003233100,1
'2026-08-22 08:23:32.869235700,0.003235700,0
'2026-08-22 08:23:32.869235800,0.003235800,1
'2026-08-22 08:23:32.869237100,0.003237100,0
'2026-08-22 08:23:32.869237200,0.003237200,1
'2026-08-22 08:23:32.869237600,0.003237600,0
'2026-08-22 08:23:32.869237700,0.003237700,1
'2026-08-22 08:23:32.869238200,0.003238200,0
'2026-08-22 08:23:32.869238300,0.003238300,1
'2026-08-22 08:23:32.869238600,0.003238600,0
'2026-08-22 08:23:32.869238700,0.003238700,1
'2026-08-22 08:23:32.870896800,0.004896800,0
'2026-08-22 08:23:32.870908500,0.004908500,1
'2026-08-22 08:23:32.870922700,0.004922700,0
'2026-08-22 08:23:32.870934600,0.004934600,1
'2026-08-22 08:23:32.870948800,0.004948800,0
'2026-08-22 08:23:32.870960700,0.004960700,1
'2026-08-22 08:23:32.870975000,0.004975000,0
'2026-08-22 08:23:32.870986800,0.004986800,1
'2026-08-22 08:23:32.871001000,0.005001000,0
'2026-08-22 08:23:32.871001200,0.005001200,1
'2026-08-22 08:23:32.871001300,0.005001300,0
'2026-08-22 08:23:32.871012900,0.005012900,1
'2026-08-22 08:23:32.871027200,0.005027200,0
'2026-08-22 08:23:32.871028100,0.005028100,1
'2026-08-22 08:23:32.871028200,0.005028200,0
'2026-08-22 08:23:32.871038900,0.005038900,1
'2026-08-22 08:23:32.871053200,0.005053200,0
'2026-08-22 08:23:32.871065000,0.005065000,1
'2026-08-22 08:23:32.871079300,0.005079300,0
'2026-08-22 08:23:32.871091100,0.005091100,1
'2026-08-22 08:23:32.871105400,0.005105400,0
'2026-08-22 08:23:32.871105700,0.005105700,1
'2026-08-22 08:23:32.871105800,0.005105800,0
'2026-08-22 08:23:32.871109200,0.005109200,1
'2026-08-22 08:23:32.871109300,0.005109300,0
'2026-08-22 08:23:32.871112500,0.005112500,1
'2026-08-22 08:23:32.871112600,0.005112600,0
'2026-08-22 08:23:32.871117200,0.005117200,1
'2026-08-22 08:23:32.871131600,0.005131600,0
'2026-08-22 08:23:32.871131700,0.005131700,1
'2026-08-22 08:23:32.871131800,0.005131800,0
'2026-08-22 08:23:32.871138900,0.005138900,1
'2026-08-22 08:23:32.871139000,0.005139000,0
'2026-08-22 08:23:32.871143200,0.005143200,1
'2026-08-22 08:23:32.871157800,0.005157800,0
'2026-08-22 08:23:32.871158100,0.005158100,1
'2026-08-22 08:23:32.871158200,0.005158200,0
'2026-08-22 08:23:32.871160500,0.005160500,1
'2026-08-22 08:23:32.871160600,0.005160600,0
'2026-08-22 08:23:32.871165300,0.005165300,1
'2026-08-22 08:23:32.871165400,0.005165400,0
'2026-08-22 08:23:32.871169200,0.005169200,1
'2026-08-22 08:23:32.871183800,0.005183800,0
'2026-08-22 08:23:32.871183900,0.005183900,1
'2026-08-22 08:23:32.871184000,0.005184000,0
'2026-08-22 08:23:32.871184500,0.005184500,1
'2026-08-22 08:23:32.871184600,0.005184600,0
'2026-08-22 08:23:32.871192100,0.005192100,1
'2026-08-22 08:23:32.871192200,0.005192200,0
'2026-08-22 08:23:32.871193200,0.005193200,1
'2026-08-22 08:23:32.871193300,0.005193300,0
'2026-08-22 08:23:32.871195400,0.005195400,1
'2026-08-22 08:23:32.871209800,0.005209800,0
'2026-08-22 08:23:32.871213100,0.005213100,1
'2026-08-22 08:23:32.871213200,0.005213200,0
'2026-08-22 08:23:32.871214300,0.005214300,1
'2026-08-22 08:23:32.871214400,0.005214400,0
'2026-08-22 08:23:32.871214900,0.005214900,1
'2026-08-22 08:23:32.871215000,0.005215000,0
'2026-08-22 08:23:32.871221400,0.005221400,1
'2026-08-22 08:23:32.871236100,0.005236100,0
'2026-08-22 08:23:32.871237100,0.005237100,1
'2026-08-22 08:23:32.871237200,0.005237200,0
'2026-08-22 08:23:32.871238800,0.005238800,1
'2026-08-22 08:23:32.871238900,0.005238900,0
'2026-08-22 08:23:32.871239900,0.005239900,1
'2026-08-22 08:23:32.871240000,0.005240000,0
'2026-08-22 08:23:32.871242900,0.005242900,1
'2026-08-22 08:23:32.871243000,0.005243000,0
'2026-08-22 08:23:32.871243500,0.005243500,1
'2026-08-22 08:23:32.871243600,0.005243600,0
'2026-08-22 08:23:32.871245000,0.005245000,1
'2026-08-22 08:23:32.871245100,0.005245100,0
'2026-08-22 08:23:32.871247500,0.005247500,1
'2026-08-22 08:23:32.871262000,0.005262000,0
'2026-08-22 08:23:32.871262100,0.005262100,1
'2026-08-22 08:23:32.871262200,0.005262200,0
'2026-08-22 08:23:32.871262700,0.005262700,1
'2026-08-22 08:23:32.871262800,0.005262800,0
'2026-08-22 08:23:32.871265100,0.005265100,1
'2026-08-22 08:23:32.871265200,0.005265200,0
'2026-08-22 08:23:32.871269700,0.005269700,1
'2026-08-22 08:23:32.871269800,0.005269800,0
'2026-08-22 08:23:32.871270300,0.005270300,1
'2026-08-22 08:23:32.871270400,0.005270400,0
'2026-08-22 08:23:32.871272700,0.005272700,1
'2026-08-22 08:23:32.871272800,0.005272800,0
'2026-08-22 08:23:32.871273600,0.005273600,1
'2026-08-22 08:23:32.871288100,0.005288100,0
'2026-08-22 08:23:32.871290200,0.005290200,1
'2026-08-22 08:23:32.871290300,0.005290300,0
'2026-08-22 08:23:32.871291300,0.005291300,1
'2026-08-22 08:23:32.871291400,0.005291400,0
'2026-08-22 08:23:32.871292500,0.005292500,1
'2026-08-22 08:23:32.871292600,0.005292600,0
'2026-08-22 08:23:32.871293100,0.005293100,1
'2026-08-22 08:23:32.871293200,0.005293200,0
'2026-08-22 08:23:32.871295500,0.005295500,1
'2026-08-22 08:23:32.871295600,0.005295600,0
'2026-08-22 08:23:32.871297800,0.005297800,1
'2026-08-22 08:23:32.871297900,0.005297900,0
'2026-08-22 08:23:32.871298900,0.005298900,1
'2026-08-22 08:23:32.871299000,0.005299000,0
'2026-08-22 08:23:32.871299500,0.005299500,1
'2026-08-22 08:23:32.871299600,0.005299600,0
'2026-08-22 08:23:32.871299700,0.005299700,1
'2026-08-22 08:23:32.871715300,0.005715300,0
'2026-08-22 08:23:32.871716600,0.005716600,1
'2026-08-22 08:23:32.871730900,0.005730900,0
'2026-08-22 08:23:32.871742700,0.005742700,1
'2026-08-22 08:23:32.871757000,0.005757000,0
'2026-08-22 08:23:32.871768800,0.005768800,1
'2026-08-22 08:23:32.871783100,0.005783100,0
'2026-08-22 08:23:32.871794900,0.005794900,1
'2026-08-22 08:23:32.871809300,0.005809300,0
'2026-08-22 08:23:32.871820900,0.005820900,1
'2026-08-22 08:23:32.871835200,0.005835200,0
'2026-08-22 08:23:32.871835500,0.005835500,1
'2026-08-22 08:23:32.871835600,0.005835600,0
'2026-08-22 08:23:32.871837900,0.005837900,1
'2026-08-22 08:23:32.871838000,0.005838000,0
'2026-08-22 08:23:32.871845900,0.005845900,1
'2026-08-22 08:23:32.871846000,0.005846000,0
'2026-08-22 08:23:32.871847000,0.005847000,1
'2026-08-22 08:23:32.871861400,0.005861400,0
'2026-08-22 08:23:32.871867500,0.005867500,1
'2026-08-22 08:23:32.871867600,0.005867600,0
'2026-08-22 08:23:32.871873100,0.005873100,1
'2026-08-22 08:23:32.871887600,0.005887600,0
'2026-08-22 08:23:32.871899200,0.005899200,1
'2026-08-22 08:23:32.871913500,0.005913500,0
'2026-08-22 08:23:32.871914900,0.005914900,1
'2026-08-22 08:23:32.871915000,0.005915000,0
'2026-08-22 08:23:32.871917300,0.005917300,1
'2026-08-22 08:23:32.871917400,0.005917400,0
'2026-08-22 08:23:32.871925200,0.005925200,1
'2026-08-22 08:23:32.871939600,0.005939600,0
'2026-08-22 08:23:32.871945500,0.005945500,1
'2026-08-22 08:23:32.871945600,0.005945600,0
'2026-08-22 08:23:32.871948200,0.005948200,1
'2026-08-22 08:23:32.871948300,0.005948300,0
'2026-08-22 08:23:32.871949900,0.005949900,1
'2026-08-22 08:23:32.871950000,0.005950000,0
'2026-08-22 08:23:32.871951300,0.005951300,1
'2026-08-22 08:23:32.871965800,0.005965800,0
'2026-08-22 08:23:32.871968600,0.005968600,1
'2026-08-22 08:23:32.871968700,0.005968700,0
'2026-08-22 08:23:32.871972100,0.005972100,1
'2026-08-22 08:23:32.871972200,0.005972200,0
'2026-08-22 08:23:32.871977400,0.005977400,1
'2026-08-22 08:23:32.871991700,0.005991700,0
'2026-08-22 08:23:32.871999000,0.005999000,1
'2026-08-22 08:23:32.871999100,0.005999100,0
'2026-08-22 08:23:32.871999500,0.005999500,1
'2026-08-22 08:23:32.871999600,0.005999600,0
'2026-08-22 08:23:32.872003500,0.006003500,1
'2026-08-22 08:23:32.872018000,0.006018000,0
'2026-08-22 08:23:32.872018100,0.006018100,1
'2026-08-22 08:23:32.872018400,0.006018400,0
'2026-08-22 08:23:32.872027500,0.006027500,1
'2026-08-22 08:23:32.872027700,0.006027700,0
'2026-08-22 08:23:32.872029500,0.006029500,1
'2026-08-22 08:23:32.872044200,0.006044200,0
'2026-08-22 08:23:32.872044500,0.006044500,1
'2026-08-22 08:23:32.872044600,0.006044600,0
'2026-08-22 08:23:32.872045100,0.006045100,1
'2026-08-22 08:23:32.872045200,0.006045200,0
'2026-08-22 08:23:32.872045900,0.006045900,1
'2026-08-22 08:23:32.872046000,0.006046000,0
'2026-08-22 08:23:32.872046900,0.006046900,1
'2026-08-22 08:23:32.872047000,0.006047000,0
'2026-08-22 08:23:32.872047400,0.006047400,1
'2026-08-22 08:23:32.872047600,0.006047600,0
'2026-08-22 08:23:32.872049800,0.006049800,1
'2026-08-22 08:23:32.872049900,0.006049900,0
'2026-08-22 08:23:32.872055600,0.006055600,1
'2026-08-22 08:23:32.872070000,0.006070000,0
'2026-08-22 08:23:32.872075900,0.006075900,1
'2026-08-22 08:23:32.872076200,0.006076200,0
'2026-08-22 08:23:32.872076300,0.006076300,1
'2026-08-22 08:23:32.872076400,0.006076400,0
'2026-08-22 08:23:32.872076700,0.006076700,1
'2026-08-22 08:23:32.872076800,0.006076800,0
'2026-08-22 08:23:32.872077800,0.006077800,1
'2026-08-22 08:23:32.872077900,0.006077900,0
'2026-08-22 08:23:32.872079000,0.006079000,1
'2026-08-22 08:23:32.872079200,0.006079200,0
'2026-08-22 08:23:32.872081700,0.006081700,1
'2026-08-22 08:23:32.872096300,0.006096300,0
'2026-08-22 08:23:32.872096500,0.006096500,1
'2026-08-22 08:23:32.872096600,0.006096600,0
'2026-08-22 08:23:32.872097100,0.006097100,1
'2026-08-22 08:23:32.872097200,0.006097200,0
'2026-08-22 08:23:32.872097700,0.006097700,1
'2026-08-22 08:23:32.872097800,0.006097800,0
'2026-08-22 08:23:32.872097900,0.006097900,1
'2026-08-22 08:23:32.872098000,0.006098000,0
'2026-08-22 08:23:32.872098900,0.006098900,1
'2026-08-22 08:23:32.872099000,0.006099000,0
'2026-08-22 08:23:32.872099400,0.006099400,1
'2026-08-22 08:23:32.872099800,0.006099800,0
'2026-08-22 08:23:32.872102900,0.006102900,1
'2026-08-22 08:23:32.872103000,0.006103000,0
'2026-08-22 08:23:32.872105300,0.006105300,1
'2026-08-22 08:23:32.872105400,0.006105400,0
'2026-08-22 08:23:32.872106500,0.006106500,1
'2026-08-22 08:23:32.872106600,0.006106600,0
'2026-08-22 08:23:32.872107100,0.006107100,1
'2026-08-22 08:23:32.872107200,0.006107200,0
'2026-08-22 08:23:32.872107300,0.006107300,1
'2026-08-22 08:23:32.872107400,0.006107400,0
'2026-08-22 08:23:32.872107600,0.006107600,1
'2026-08-22 08:23:32.872107700,0.006107700,0
'2026-08-22 08:23:32.872107800,0.006107800,1
'2026-08-22 08:23:32.872122400,0.006122400,0
'2026-08-22 08:23:32.872124600,0.006124600,1
'2026-08-22 08:23:32.872545500,0.006545500,0
'2026-08-22 08:23:32.872550800,0.006550800,1
'2026-08-22 08:23:32.872565100,0.006565100,0
'2026-08-22 08:23:32.872576900,0.006576900,1
'2026-08-22 08:23:32.872591200,0.006591200,0
'2026-08-22 08:23:32.872602900,0.006602900,1
'2026-08-22 08:23:32.872617200,0.006617200,0
'2026-08-22 08:23:32.872620500,0.006620500,1
'2026-08-22 08:23:32.872620600,0.006620600,0
'2026-08-22 08:23:32.872629000,0.006629000,1
'2026-08-22 08:23:32.872643400,0.006643400,0
'2026-08-22 08:23:32.872655100,0.006655100,1
'2026-08-22 08:23:32.872669300,0.006669300,0
'2026-08-22 08:23:32.872671300,0.006671300,1
'2026-08-22 08:23:32.872671400,0.006671400,0
'2026-08-22 08:23:32.872673300,0.006673300,1
'2026-08-22 08:23:32.872673400,0.006673400,0
'2026-08-22 08:23:32.872681200,0.006681200,1
'2026-08-22 08:23:32.872695400,0.006695400,0
'2026-08-22 08:23:32.872707200,0.006707200,1
'2026-08-22 08:23:32.872721600,0.006721600,0
'2026-08-22 08:23:32.872721700,0.006721700,1
'2026-08-22 08:23:32.872721800,0.006721800,0
'2026-08-22 08:23:32.872731400,0.006731400,1
'2026-08-22 08:23:32.872731500,0.006731500,0
'2026-08-22 08:23:32.872733300,0.006733300,1
'2026-08-22 08:23:32.872747600,0.006747600,0
'2026-08-22 08:23:32.872747800,0.006747800,1
'2026-08-22 08:23:32.872747900,0.006747900,0
'2026-08-22 08:23:32.872749000,0.006749000,1
'2026-08-22 08:23:32.872749100,0.006749100,0
'2026-08-22 08:23:32.872749500,0.006749500,1
'2026-08-22 08:23:32.872749600,0.006749600,0
'2026-08-22 08:23:32.872752100,0.006752100,1
'2026-08-22 08:23:32.872752200,0.006752200,0
'2026-08-22 08:23:32.872759400,0.006759400,1
'2026-08-22 08:23:32.872773700,0.006773700,0
'2026-08-22 08:23:32.872775200,0.006775200,1
'2026-08-22 08:23:32.872775300,0.006775300,0
'2026-08-22 08:23:32.872780500,0.006780500,1
'2026-08-22 08:23:32.872780600,0.006780600,0
'2026-08-22 08:23:32.872781600,0.006781600,1
'2026-08-22 08:23:32.872781700,0.006781700,0
'2026-08-22 08:23:32.872783400,0.006783400,1
'2026-08-22 08:23:32.872783500,0.006783500,0
'2026-08-22 08:23:32.872785500,0.006785500,1
'2026-08-22 08:23:32.872800000,0.006800000,0
'2026-08-22 08:23:32.872801500,0.006801500,1
'2026-08-22 08:23:32.872801600,0.006801600,0
'2026-08-22 08:23:32.872802100,0.006802100,1
'2026-08-22 08:23:32.872802200,0.006802200,0
'2026-08-22 08:23:32.872811500,0.006811500,1
'2026-08-22 08:23:32.872825800,0.006825800,0
'2026-08-22 08:23:32.872826000,0.006826000,1
'2026-08-22 08:23:32.872826100,0.006826100,0
'2026-08-22 08:23:32.872828700,0.006828700,1
'2026-08-22 08:23:32.872828800,0.006828800,0
'2026-08-22 08:23:32.872837600,0.006837600,1
'2026-08-22 08:23:32.872852200,0.006852200,0
'2026-08-22 08:23:32.872852300,0.006852300,1
'2026-08-22 08:23:32.872852400,0.006852400,0
'2026-08-22 08:23:32.872861500,0.006861500,1
'2026-08-22 08:23:32.872861600,0.006861600,0
'2026-08-22 08:23:32.872863700,0.006863700,1
'2026-08-22 08:23:32.872878200,0.006878200,0
'2026-08-22 08:23:32.872880900,0.006880900,1
'2026-08-22 08:23:32.872881000,0.006881000,0
'2026-08-22 08:23:32.872881500,0.006881500,1
'2026-08-22 08:23:32.872881600,0.006881600,0
'2026-08-22 08:23:32.872881900,0.006881900,1
'2026-08-22 08:23:32.872882000,0.006882000,0
'2026-08-22 08:23:32.872882500,0.006882500,1
'2026-08-22 08:23:32.872882600,0.006882600,0
'2026-08-22 08:23:32.872882700,0.006882700,1
'2026-08-22 08:23:32.872882800,0.006882800,0
'2026-08-22 08:23:32.872884600,0.006884600,1
'2026-08-22 08:23:32.872884700,0.006884700,0
'2026-08-22 08:23:32.872889700,0.006889700,1
'2026-08-22 08:23:32.872904400,0.006904400,0
'2026-08-22 08:23:32.872905400,0.006905400,1
'2026-08-22 08:23:32.872905500,0.006905500,0
'2026-08-22 08:23:32.872909500,0.006909500,1
'2026-08-22 08:23:32.872909600,0.006909600,0
'2026-08-22 08:23:32.872910700,0.006910700,1
'2026-08-22 08:23:32.872910800,0.006910800,0
'2026-08-22 08:23:32.872911300,0.006911300,1
'2026-08-22 08:23:32.872911400,0.006911400,0
'2026-08-22 08:23:32.872911800,0.006911800,1
'2026-08-22 08:23:32.872912000,0.006912000,0
'2026-08-22 08:23:32.872913000,0.006913000,1
'2026-08-22 08:23:32.872913100,0.006913100,0
'2026-08-22 08:23:32.872913600,0.006913600,1
'2026-08-22 08:23:32.872913700,0.006913700,0
'2026-08-22 08:23:32.872914200,0.006914200,1
'2026-08-22 08:23:32.872914300,0.006914300,0
'2026-08-22 08:23:32.872915800,0.006915800,1
'2026-08-22 08:23:32.872930300,0.006930300,0
'2026-08-22 08:23:32.872930400,0.006930400,1
'2026-08-22 08:23:32.872930600,0.006930600,0
'2026-08-22 08:23:32.872931100,0.006931100,1
'2026-08-22 08:23:32.872931200,0.006931200,0
'2026-08-22 08:23:32.872931700,0.006931700,1
'2026-08-22 08:23:32.872931800,0.006931800,0
'2026-08-22 08:23:32.872932300,0.006932300,1
'2026-08-22 08:23:32.872932400,0.006932400,0
'2026-08-22 08:23:32.872933400,0.006933400,1
'2026-08-22 08:23:32.872933600,0.006933600,0
'2026-08-22 08:23:32.872934600,0.006934600,1
'2026-08-22 08:23:32.872934700,0.006934700,0
'2026-08-22 08:23:32.872938600,0.006938600,1
'2026-08-22 08:23:32.872938800,0.006938800,0
'2026-08-22 08:23:32.872939300,0.006939300,1
'2026-08-22 08:23:32.872939400,0.006939400,0
'2026-08-22 08:23:32.872939900,0.006939900,1
'2026-08-22 08:23:32.872940000,0.006940000,0
'2026-08-22 08:23:32.872941000,0.006941000,1
'2026-08-22 08:23:32.872941200,0.006941200,0
'2026-08-22 08:23:32.872941600,0.006941600,1
'2026-08-22 08:23:32.872941700,0.006941700,0
'2026-08-22 08:23:32.872941900,0.006941900,1
'2026-08-22 08:23:32.874159300,0.008159300,0
'2026-08-22 08:23:32.874159400,0.008159400,1
'2026-08-22 08:23:32.874159500,0.008159500,0
'2026-08-22 08:23:32.874166800,0.008166800,1
'2026-08-22 08:23:32.874181000,0.008181000,0
'2026-08-22 08:23:32.874192900,0.008192900,1
'2026-08-22 08:23:32.874207100,0.008207100,0
'2026-08-22 08:23:32.874218900,0.008218900,1
'2026-08-22 08:23:32.874233100,0.008233100,0
'2026-08-22 08:23:32.874245000,0.008245000,1
'2026-08-22 08:23:32.874259300,0.008259300,0
'2026-08-22 08:23:32.874267900,0.008267900,1
'2026-08-22 08:23:32.874268000,0.008268000,0
'2026-08-22 08:23:32.874271100,0.008271100,1
'2026-08-22 08:23:32.874285500,0.008285500,0
'2026-08-22 08:23:32.874295300,0.008295300,1
'2026-08-22 08:23:32.874295400,0.008295400,0
'2026-08-22 08:23:32.874297100,0.008297100,1
'2026-08-22 08:23:32.874311500,0.008311500,0
'2026-08-22 08:23:32.874314100,0.008314100,1
'2026-08-22 08:23:32.874314200,0.008314200,0
'2026-08-22 08:23:32.874323200,0.008323200,1
'2026-08-22 08:23:32.874337600,0.008337600,0
'2026-08-22 08:23:32.874349300,0.008349300,1
'2026-08-22 08:23:32.874363800,0.008363800,0
'2026-08-22 08:23:32.874375400,0.008375400,1
'2026-08-22 08:23:32.874389800,0.008389800,0
'2026-08-22 08:23:32.874401400,0.008401400,1
'2026-08-22 08:23:32.874415900,0.008415900,0
'2026-08-22 08:23:32.874416300,0.008416300,1
'2026-08-22 08:23:32.874416400,0.008416400,0
'2026-08-22 08:23:32.874427500,0.008427500,1
'2026-08-22 08:23:32.874442000,0.008442000,0
'2026-08-22 08:23:32.874442500,0.008442500,1
'2026-08-22 08:23:32.874442600,0.008442600,0
'2026-08-22 08:23:32.874453600,0.008453600,1
'2026-08-22 08:23:32.874468000,0.008468000,0
'2026-08-22 08:23:32.874468300,0.008468300,1
'2026-08-22 08:23:32.874468400,0.008468400,0
'2026-08-22 08:23:32.874479700,0.008479700,1
'2026-08-22 08:23:32.874494100,0.008494100,0
'2026-08-22 08:23:32.874494500,0.008494500,1
'2026-08-22 08:23:32.874494700,0.008494700,0
'2026-08-22 08:23:32.874505700,0.008505700,1
'2026-08-22 08:23:32.874520000,0.008520000,0
'2026-08-22 08:23:32.874520500,0.008520500,1
'2026-08-22 08:23:32.874520600,0.008520600,0
'2026-08-22 08:23:32.874523200,0.008523200,1
'2026-08-22 08:23:32.874523300,0.008523300,0
'2026-08-22 08:23:32.874526100,0.008526100,1
'2026-08-22 08:23:32.874526200,0.008526200,0
'2026-08-22 08:23:32.874531800,0.008531800,1
'2026-08-22 08:23:32.874546400,0.008546400,0
'2026-08-22 08:23:32.874552100,0.008552100,1
'2026-08-22 08:23:32.874552200,0.008552200,0
'2026-08-22 08:23:32.874553600,0.008553600,1
'2026-08-22 08:23:32.874553700,0.008553700,0
'2026-08-22 08:23:32.874555900,0.008555900,1
'2026-08-22 08:23:32.874556000,0.008556000,0
'2026-08-22 08:23:32.874557900,0.008557900,1
'2026-08-22 08:23:32.874989100,0.008989100,0
'2026-08-22 08:23:32.874992100,0.008992100,1
'2026-08-22 08:23:32.874992200,0.008992200,0
'2026-08-22 08:23:32.875000900,0.009000900,1
'2026-08-22 08:23:32.875015200,0.009015200,0
'2026-08-22 08:23:32.875027000,0.009027000,1
'2026-08-22 08:23:32.875041400,0.009041400,0
'2026-08-22 08:23:32.875053100,0.009053100,1
'2026-08-22 08:23:32.875067400,0.009067400,0
'2026-08-22 08:23:32.875068700,0.009068700,1
'2026-08-22 08:23:32.875068800,0.009068800,0
'2026-08-22 08:23:32.875079100,0.009079100,1
'2026-08-22 08:23:32.875093400,0.009093400,0
'2026-08-22 08:23:32.875093700,0.009093700,1
'2026-08-22 08:23:32.875093800,0.009093800,0
'2026-08-22 08:23:32.875105200,0.009105200,1
'2026-08-22 08:23:32.875119600,0.009119600,0
'2026-08-22 08:23:32.875131300,0.009131300,1
'2026-08-22 08:23:32.875145600,0.009145600,0
'2026-08-22 08:23:32.875145700,0.009145700,1
'2026-08-22 08:23:32.875145900,0.009145900,0
'2026-08-22 08:23:32.875157400,0.009157400,1
'2026-08-22 08:23:32.875171700,0.009171700,0
'2026-08-22 08:23:32.875183400,0.009183400,1
'2026-08-22 08:23:32.875197900,0.009197900,0
'2026-08-22 08:23:32.875200700,0.009200700,1
'2026-08-22 08:23:32.875200800,0.009200800,0
'2026-08-22 08:23:32.875201300,0.009201300,1
'2026-08-22 08:23:32.875201400,0.009201400,0
'2026-08-22 08:23:32.875209500,0.009209500,1
'2026-08-22 08:23:32.875223800,0.009223800,0
'2026-08-22 08:23:32.875224100,0.009224100,1
'2026-08-22 08:23:32.875224200,0.009224200,0
'2026-08-22 08:23:32.875224500,0.009224500,1
'2026-08-22 08:23:32.875224800,0.009224800,0
'2026-08-22 08:23:32.875225300,0.009225300,1
'2026-08-22 08:23:32.875225400,0.009225400,0
'2026-08-22 08:23:32.875235600,0.009235600,1
'2026-08-22 08:23:32.875249900,0.009249900,0
'2026-08-22 08:23:32.875253900,0.009253900,1
'2026-08-22 08:23:32.875254000,0.009254000,0
'2026-08-22 08:23:32.875255800,0.009255800,1
'2026-08-22 08:23:32.875255900,0.009255900,0
'2026-08-22 08:23:32.875256200,0.009256200,1
'2026-08-22 08:23:32.875256400,0.009256400,0
'2026-08-22 08:23:32.875261600,0.009261600,1
'2026-08-22 08:23:32.875276200,0.009276200,0
'2026-08-22 08:23:32.875276600,0.009276600,1
'2026-08-22 08:23:32.875276800,0.009276800,0
'2026-08-22 08:23:32.875277800,0.009277800,1
'2026-08-22 08:23:32.875277900,0.009277900,0
'2026-08-22 08:23:32.875285400,0.009285400,1
'2026-08-22 08:23:32.875285500,0.009285500,0
'2026-08-22 08:23:32.875286100,0.009286100,1
'2026-08-22 08:23:32.875286200,0.009286200,0
'2026-08-22 08:23:32.875287100,0.009287100,1
'2026-08-22 08:23:32.875287200,0.009287200,0
'2026-08-22 08:23:32.875287700,0.009287700,1
'2026-08-22 08:23:32.875302100,0.009302100,0
'2026-08-22 08:23:32.875302300,0.009302300,1
'2026-08-22 08:23:32.875302400,0.009302400,0
'2026-08-22 08:23:32.875304700,0.009304700,1
'2026-08-22 08:23:32.875304800,0.009304800,0
'2026-08-22 08:23:32.875305800,0.009305800,1
'2026-08-22 08:23:32.875306000,0.009306000,0
'2026-08-22 08:23:32.875307600,0.009307600,1
'2026-08-22 08:23:32.875307700,0.009307700,0
'2026-08-22 08:23:32.875309300,0.009309300,1
'2026-08-22 08:23:32.875309400,0.009309400,0
'2026-08-22 08:23:32.875309900,0.009309900,1
'2026-08-22 08:23:32.875310000,0.009310000,0
'2026-08-22 08:23:32.875313800,0.009313800,1
'2026-08-22 08:23:32.875328200,0.009328200,0
'2026-08-22 08:23:32.875331500,0.009331500,1
'2026-08-22 08:23:32.875331600,0.009331600,0
'2026-08-22 08:23:32.875335100,0.009335100,1
'2026-08-22 08:23:32.875335200,0.009335200,0
'2026-08-22 08:23:32.875335600,0.009335600,1
'2026-08-22 08:23:32.875335700,0.009335700,0
'2026-08-22 08:23:32.875339900,0.009339900,1
'2026-08-22 08:23:32.875354200,0.009354200,0
'2026-08-22 08:23:32.875354300,0.009354300,1
'2026-08-22 08:23:32.875354400,0.009354400,0
'2026-08-22 08:23:32.875354900,0.009354900,1
'2026-08-22 08:23:32.875355000,0.009355000,0
'2026-08-22 08:23:32.875355500,0.009355500,1
'2026-08-22 08:23:32.875355600,0.009355600,0
'2026-08-22 08:23:32.875356500,0.009356500,1
'2026-08-22 08:23:32.875356600,0.009356600,0
'2026-08-22 08:23:32.875361300,0.009361300,1
'2026-08-22 08:23:32.875361400,0.009361400,0
'2026-08-22 08:23:32.875362500,0.009362500,1
'2026-08-22 08:23:32.875362600,0.009362600,0
'2026-08-22 08:23:32.875363100,0.009363100,1
'2026-08-22 08:23:32.875363200,0.009363200,0
'2026-08-22 08:23:32.875365300,0.009365300,1
'2026-08-22 08:23:32.875365500,0.009365500,0
'2026-08-22 08:23:32.875365900,0.009365900,1
'2026-08-22 08:23:32.875380200,0.009380200,0
'2026-08-22 08:23:32.875384100,0.009384100,1
'2026-08-22 08:23:32.875384200,0.009384200,0
'2026-08-22 08:23:32.875385300,0.009385300,1
'2026-08-22 08:23:32.875385400,0.009385400,0
'2026-08-22 08:23:32.875385900,0.009385900,1
'2026-08-22 08:23:32.875386000,0.009386000,0
'2026-08-22 08:23:32.875386100,0.009386100,1
'2026-08-22 08:23:32.875386200,0.009386200,0
'2026-08-22 08:23:32.875386400,0.009386400,1
'2026-08-22 08:23:32.875386600,0.009386600,0
'2026-08-22 08:23:32.875389400,0.009389400,1
'2026-08-22 08:23:32.875389500,0.009389500,0
'2026-08-22 08:23:32.875390000,0.009390000,1
'2026-08-22 08:23:32.875390100,0.009390100,0
'2026-08-22 08:23:32.875391300,0.009391300,1
'2026-08-22 08:23:32.876605000,0.010605000,0
'2026-08-22 08:23:32.876616900,0.010616900,1
'2026-08-22 08:23:32.876631300,0.010631300,0
'2026-08-22 08:23:32.876643000,0.010643000,1
'2026-08-22 08:23:32.876657200,0.010657200,0
'2026-08-22 08:23:32.876669100,0.010669100,1
'2026-08-22 08:23:32.876683400,0.010683400,0
'2026-08-22 08:23:32.876695200,0.010695200,1
'2026-08-22 08:23:32.876709500,0.010709500,0
'2026-08-22 08:23:32.876721200,0.010721200,1
'2026-08-22 08:23:32.876735600,0.010735600,0
'2026-08-22 08:23:32.876735700,0.010735700,1
'2026-08-22 08:23:32.876735800,0.010735800,0
'2026-08-22 08:23:32.876745500,0.010745500,1
'2026-08-22 08:23:32.876745600,0.010745600,0
'2026-08-22 08:23:32.876747300,0.010747300,1
'2026-08-22 08:23:32.876761600,0.010761600,0
'2026-08-22 08:23:32.876773400,0.010773400,1
'2026-08-22 08:23:32.876787800,0.010787800,0
'2026-08-22 08:23:32.876799500,0.010799500,1
'2026-08-22 08:23:32.876813800,0.010813800,0
'2026-08-22 08:23:32.876813900,0.010813900,1
'2026-08-22 08:23:32.876814000,0.010814000,0
'2026-08-22 08:23:32.876817000,0.010817000,1
'2026-08-22 08:23:32.876817100,0.010817100,0
'2026-08-22 08:23:32.876825500,0.010825500,1
'2026-08-22 08:23:32.876839800,0.010839800,0
'2026-08-22 08:23:32.876845500,0.010845500,1
'2026-08-22 08:23:32.876845600,0.010845600,0
'2026-08-22 08:23:32.876851600,0.010851600,1
'2026-08-22 08:23:32.876866100,0.010866100,0
'2026-08-22 08:23:32.876866500,0.010866500,1
'2026-08-22 08:23:32.876866600,0.010866600,0
'2026-08-22 08:23:32.876877700,0.010877700,1
'2026-08-22 08:23:32.876892000,0.010892000,0
'2026-08-22 08:23:32.876895200,0.010895200,1
'2026-08-22 08:23:32.876895300,0.010895300,0
'2026-08-22 08:23:32.876903800,0.010903800,1
'2026-08-22 08:23:32.876918200,0.010918200,0
'2026-08-22 08:23:32.876920500,0.010920500,1
'2026-08-22 08:23:32.876920600,0.010920600,0
'2026-08-22 08:23:32.876929800,0.010929800,1
'2026-08-22 08:23:32.876944300,0.010944300,0
'2026-08-22 08:23:32.876945400,0.010945400,1
'2026-08-22 08:23:32.876945600,0.010945600,0
'2026-08-22 08:23:32.876946000,0.010946000,1
'2026-08-22 08:23:32.876946100,0.010946100,0
'2026-08-22 08:23:32.876955900,0.010955900,1
'2026-08-22 08:23:32.876970200,0.010970200,0
'2026-08-22 08:23:32.876970500,0.010970500,1
'2026-08-22 08:23:32.876970600,0.010970600,0
'2026-08-22 08:23:32.876975800,0.010975800,1
'2026-08-22 08:23:32.876975900,0.010975900,0
'2026-08-22 08:23:32.876978100,0.010978100,1
'2026-08-22 08:23:32.876978200,0.010978200,0
'2026-08-22 08:23:32.876982000,0.010982000,1
'2026-08-22 08:23:32.876996400,0.010996400,0
'2026-08-22 08:23:32.876996800,0.010996800,1
'2026-08-22 08:23:32.876996900,0.010996900,0
'2026-08-22 08:23:32.876999100,0.010999100,1
'2026-08-22 08:23:32.876999200,0.010999200,0
'2026-08-22 08:23:32.877003200,0.011003200,1
'2026-08-22 08:23:32.877003300,0.011003300,0
'2026-08-22 08:23:32.877005000,0.011005000,1
'2026-08-22 08:23:32.877439200,0.011439200,0
'2026-08-22 08:23:32.877451100,0.011451100,1
'2026-08-22 08:23:32.877465400,0.011465400,0
'2026-08-22 08:23:32.877477200,0.011477200,1
'2026-08-22 08:23:32.877491500,0.011491500,0
'2026-08-22 08:23:32.877503200,0.011503200,1
'2026-08-22 08:23:32.877517500,0.011517500,0
'2026-08-22 08:23:32.877529300,0.011529300,1
'2026-08-22 08:23:32.877543700,0.011543700,0
'2026-08-22 08:23:32.877544100,0.011544100,1
'2026-08-22 08:23:32.877544200,0.011544200,0
'2026-08-22 08:23:32.877544600,0.011544600,1
'2026-08-22 08:23:32.877544700,0.011544700,0
'2026-08-22 08:23:32.877555400,0.011555400,1
'2026-08-22 08:23:32.877569700,0.011569700,0
'2026-08-22 08:23:32.877581500,0.011581500,1
'2026-08-22 08:23:32.877595700,0.011595700,0
'2026-08-22 08:23:32.877597900,0.011597900,1
'2026-08-22 08:23:32.877598000,0.011598000,0
'2026-08-22 08:23:32.877606400,0.011606400,1
'2026-08-22 08:23:32.877606500,0.011606500,0
'2026-08-22 08:23:32.877607500,0.011607500,1
'2026-08-22 08:23:32.877622000,0.011622000,0
'2026-08-22 08:23:32.877633600,0.011633600,1
'2026-08-22 08:23:32.877647900,0.011647900,0
'2026-08-22 08:23:32.877648100,0.011648100,1
'2026-08-22 08:23:32.877648200,0.011648200,0
'2026-08-22 08:23:32.877651100,0.011651100,1
'2026-08-22 08:23:32.877651200,0.011651200,0
'2026-08-22 08:23:32.877659700,0.011659700,1
'2026-08-22 08:23:32.877674200,0.011674200,0
'2026-08-22 08:23:32.877680200,0.011680200,1
'2026-08-22 08:23:32.877680300,0.011680300,0
'2026-08-22 08:23:32.877680900,0.011680900,1
'2026-08-22 08:23:32.877681000,0.011681000,0
'2026-08-22 08:23:32.877682500,0.011682500,1
'2026-08-22 08:23:32.877682600,0.011682600,0
'2026-08-22 08:23:32.877685800,0.011685800,1
'2026-08-22 08:23:32.877700200,0.011700200,0
'2026-08-22 08:23:32.877700700,0.011700700,1
'2026-08-22 08:23:32.877700800,0.011700800,0
'2026-08-22 08:23:32.877700900,0.011700900,1
'2026-08-22 08:23:32.877701000,0.011701000,0
'2026-08-22 08:23:32.877701300,0.011701300,1
'2026-08-22 08:23:32.877701400,0.011701400,0
'2026-08-22 08:23:32.877701900,0.011701900,1
'2026-08-22 08:23:32.877702000,0.011702000,0
'2026-08-22 08:23:32.877711800,0.011711800,1
'2026-08-22 08:23:32.877726100,0.011726100,0
'2026-08-22 08:23:32.877728900,0.011728900,1
'2026-08-22 08:23:32.877729000,0.011729000,0
'2026-08-22 08:23:32.877731100,0.011731100,1
'2026-08-22 08:23:32.877731200,0.011731200,0
'2026-08-22 08:23:32.877737900,0.011737900,1
'2026-08-22 08:23:32.877752400,0.011752400,0
'2026-08-22 08:23:32.877759100,0.011759100,1
'2026-08-22 08:23:32.877759200,0.011759200,0
'2026-08-22 08:23:32.877759900,0.011759900,1
'2026-08-22 08:23:32.877760000,0.011760000,0
'2026-08-22 08:23:32.877761500,0.011761500,1
'2026-08-22 08:23:32.877761600,0.011761600,0
'2026-08-22 08:23:32.877764000,0.011764000,1
'2026-08-22 08:23:32.877778200,0.011778200,0
'2026-08-22 08:23:32.877778300,0.011778300,1
'2026-08-22 08:23:32.877778600,0.011778600,0
'2026-08-22 08:23:32.877778900,0.011778900,1
'2026-08-22 08:23:32.877779100,0.011779100,0
'2026-08-22 08:23:32.877779600,0.011779600,1
'2026-08-22 08:23:32.877779700,0.011779700,0
'2026-08-22 08:23:32.877781200,0.011781200,1
'2026-08-22 08:23:32.877781300,0.011781300,0
'2026-08-22 08:23:32.877782300,0.011782300,1
'2026-08-22 08:23:32.877782400,0.011782400,0
'2026-08-22 08:23:32.877788900,0.011788900,1
'2026-08-22 08:23:32.877789000,0.011789000,0
'2026-08-22 08:23:32.877790000,0.011790000,1
'2026-08-22 08:23:32.877804500,0.011804500,0
'2026-08-22 08:23:32.877810000,0.011810000,1
'2026-08-22 08:23:32.877810200,0.011810200,0
'2026-08-22 08:23:32.877810500,0.011810500,1
'2026-08-22 08:23:32.877810600,0.011810600,0
'2026-08-22 08:23:32.877811700,0.011811700,1
'2026-08-22 08:23:32.877811800,0.011811800,0
'2026-08-22 08:23:32.877812900,0.011812900,1
'2026-08-22 08:23:32.877813000,0.011813000,0
'2026-08-22 08:23:32.877816100,0.011816100,1
'2026-08-22 08:23:32.878249300,0.012249300,0
'2026-08-22 08:23:32.878259200,0.012259200,1
'2026-08-22 08:23:32.878273300,0.012273300,0
'2026-08-22 08:23:32.878285200,0.012285200,1
'2026-08-22 08:23:32.878299600,0.012299600,0
'2026-08-22 08:23:32.878311300,0.012311300,1
'2026-08-22 08:23:32.878325800,0.012325800,0
'2026-08-22 08:23:32.878337400,0.012337400,1
'2026-08-22 08:23:32.878351700,0.012351700,0
'2026-08-22 08:23:32.878356500,0.012356500,1
'2026-08-22 08:23:32.878356600,0.012356600,0
'2026-08-22 08:23:32.878361900,0.012361900,1
'2026-08-22 08:23:32.878362000,0.012362000,0
'2026-08-22 08:23:32.878363500,0.012363500,1
'2026-08-22 08:23:32.878377800,0.012377800,0
'2026-08-22 08:23:32.878389500,0.012389500,1
'2026-08-22 08:23:32.878403800,0.012403800,0
'2026-08-22 08:23:32.878404100,0.012404100,1
'2026-08-22 08:23:32.878404200,0.012404200,0
'2026-08-22 08:23:32.878405200,0.012405200,1
'2026-08-22 08:23:32.878405300,0.012405300,0
'2026-08-22 08:23:32.878415600,0.012415600,1
'2026-08-22 08:23:32.878429900,0.012429900,0
'2026-08-22 08:23:32.878438900,0.012438900,1
'2026-08-22 08:23:32.878439000,0.012439000,0
'2026-08-22 08:23:32.878441700,0.012441700,1
'2026-08-22 08:23:32.878456200,0.012456200,0
'2026-08-22 08:23:32.878467700,0.012467700,1
'2026-08-22 08:23:32.878482200,0.012482200,0
'2026-08-22 08:23:32.878482300,0.012482300,1
'2026-08-22 08:23:32.878482400,0.012482400,0
'2026-08-22 08:23:32.878483500,0.012483500,1
'2026-08-22 08:23:32.878483600,0.012483600,0
'2026-08-22 08:23:32.878484700,0.012484700,1
'2026-08-22 08:23:32.878484800,0.012484800,0
'2026-08-22 08:23:32.878493800,0.012493800,1
'2026-08-22 08:23:32.878508300,0.012508300,0
'2026-08-22 08:23:32.878508700,0.012508700,1
'2026-08-22 08:23:32.878508800,0.012508800,0
'2026-08-22 08:23:32.878511600,0.012511600,1
'2026-08-22 08:23:32.878511700,0.012511700,0
'2026-08-22 08:23:32.878519900,0.012519900,1
'2026-08-22 08:23:32.878534600,0.012534600,0
'2026-08-22 08:23:32.878534900,0.012534900,1
'2026-08-22 08:23:32.878535000,0.012535000,0
'2026-08-22 08:23:32.878537300,0.012537300,1
'2026-08-22 08:23:32.878537400,0.012537400,0
'2026-08-22 08:23:32.878537900,0.012537900,1
'2026-08-22 08:23:32.878538000,0.012538000,0
'2026-08-22 08:23:32.878538400,0.012538400,1
'2026-08-22 08:23:32.878538500,0.012538500,0
'2026-08-22 08:23:32.878541900,0.012541900,1
'2026-08-22 08:23:32.878542000,0.012542000,0
'2026-08-22 08:23:32.878542400,0.012542400,1
'2026-08-22 08:23:32.878542500,0.012542500,0
'2026-08-22 08:23:32.878545500,0.012545500,1
'2026-08-22 08:23:32.878545600,0.012545600,0
'2026-08-22 08:23:32.878546000,0.012546000,1
'2026-08-22 08:23:32.878560400,0.012560400,0
'2026-08-22 08:23:32.878560500,0.012560500,1
'2026-08-22 08:23:32.878560700,0.012560700,0
'2026-08-22 08:23:32.878565300,0.012565300,1
'2026-08-22 08:23:32.878565400,0.012565400,0
'2026-08-22 08:23:32.878565700,0.012565700,1
'2026-08-22 08:23:32.878565800,0.012565800,0
'2026-08-22 08:23:32.878570500,0.012570500,1
'2026-08-22 08:23:32.878570600,0.012570600,0
'2026-08-22 08:23:32.878572000,0.012572000,1
'2026-08-22 08:23:32.878586500,0.012586500,0
'2026-08-22 08:23:32.878588100,0.012588100,1
'2026-08-22 08:23:32.878588200,0.012588200,0
'2026-08-22 08:23:32.878593300,0.012593300,1
'2026-08-22 08:23:32.878593400,0.012593400,0
'2026-08-22 08:23:32.878597300,0.012597300,1
'2026-08-22 08:23:32.878597400,0.012597400,0
'2026-08-22 08:23:32.878598100,0.012598100,1
'2026-08-22 08:23:32.878612700,0.012612700,0
'2026-08-22 08:23:32.878612900,0.012612900,1
'2026-08-22 08:23:32.878613100,0.012613100,0
'2026-08-22 08:23:32.878613300,0.012613300,1
'2026-08-22 08:23:32.878613400,0.012613400,0
'2026-08-22 08:23:32.878613800,0.012613800,1
'2026-08-22 08:23:32.878613900,0.012613900,0
'2026-08-22 08:23:32.878615000,0.012615000,1
'2026-08-22 08:23:32.878615100,0.012615100,0
'2026-08-22 08:23:32.878618500,0.012618500,1
'2026-08-22 08:23:32.878618600,0.012618600,0
'2026-08-22 08:23:32.878619000,0.012619000,1
'2026-08-22 08:23:32.878619100,0.012619100,0
'2026-08-22 08:23:32.878621900,0.012621900,1
'2026-08-22 08:23:32.878622100,0.012622100,0
'2026-08-22 08:23:32.878622500,0.012622500,1
'2026-08-22 08:23:32.878622600,0.012622600,0
'2026-08-22 08:23:32.878623100,0.012623100,1
'2026-08-22 08:23:32.878623200,0.012623200,0
'2026-08-22 08:23:32.878624200,0.012624200,1
'2026-08-22 08:23:32.878638600,0.012638600,0
'2026-08-22 08:23:32.878638900,0.012638900,1
'2026-08-22 08:23:32.878639000,0.012639000,0
'2026-08-22 08:23:32.878639500,0.012639500,1
'2026-08-22 08:23:32.878639600,0.012639600,0
'2026-08-22 08:23:32.878642400,0.012642400,1
'2026-08-22 08:23:32.878642600,0.012642600,0
'2026-08-22 08:23:32.878643500,0.012643500,1
'2026-08-22 08:23:32.878643600,0.012643600,0
'2026-08-22 08:23:32.878644700,0.012644700,1
'2026-08-22 08:23:32.878644800,0.012644800,0
'2026-08-22 08:23:32.878645900,0.012645900,1
'2026-08-22 08:23:32.878646000,0.012646000,0
'2026-08-22 08:23:32.878650200,0.012650200,1
'2026-08-22 08:23:32.879081400,0.013081400,0
'2026-08-22 08:23:32.879081500,0.013081500,1
'2026-08-22 08:23:32.879081600,0.013081600,0
'2026-08-22 08:23:32.879093300,0.013093300,1
'2026-08-22 08:23:32.879107500,0.013107500,0
'2026-08-22 08:23:32.879107800,0.013107800,1
'2026-08-22 08:23:32.879107900,0.013107900,0
'2026-08-22 08:23:32.879115800,0.013115800,1
'2026-08-22 08:23:32.879115900,0.013115900,0
'2026-08-22 08:23:32.879119300,0.013119300,1
'2026-08-22 08:23:32.879133700,0.013133700,0
'2026-08-22 08:23:32.879145400,0.013145400,1
'2026-08-22 08:23:32.879159700,0.013159700,0
'2026-08-22 08:23:32.879159800,0.013159800,1
'2026-08-22 08:23:32.879159900,0.013159900,0
'2026-08-22 08:23:32.879171500,0.013171500,1
'2026-08-22 08:23:32.879185700,0.013185700,0
'2026-08-22 08:23:32.879185800,0.013185800,1
'2026-08-22 08:23:32.879185900,0.013185900,0
'2026-08-22 08:23:32.879186100,0.013186100,1
'2026-08-22 08:23:32.879186200,0.013186200,0
'2026-08-22 08:23:32.879192400,0.013192400,1
'2026-08-22 08:23:32.879192500,0.013192500,0
'2026-08-22 08:23:32.879195500,0.013195500,1
'2026-08-22 08:23:32.879195600,0.013195600,0
'2026-08-22 08:23:32.879197500,0.013197500,1
'2026-08-22 08:23:32.879211900,0.013211900,0
'2026-08-22 08:23:32.879223600,0.013223600,1
'2026-08-22 08:23:32.879237800,0.013237800,0
'2026-08-22 08:23:32.879242700,0.013242700,1
'2026-08-22 08:23:32.879242800,0.013242800,0
'2026-08-22 08:23:32.879245100,0.013245100,1
'2026-08-22 08:23:32.879245200,0.013245200,0
'2026-08-22 08:23:32.879249700,0.013249700,1
'2026-08-22 08:23:32.879264100,0.013264100,0
'2026-08-22 08:23:32.879264400,0.013264400,1
'2026-08-22 08:23:32.879264500,0.013264500,0
'2026-08-22 08:23:32.879275800,0.013275800,1
'2026-08-22 08:23:32.879290000,0.013290000,0
'2026-08-22 08:23:32.879295300,0.013295300,1
'2026-08-22 08:23:32.879295400,0.013295400,0
'2026-08-22 08:23:32.879297800,0.013297800,1
'2026-08-22 08:23:32.879297900,0.013297900,0
'2026-08-22 08:23:32.879301800,0.013301800,1
'2026-08-22 08:23:32.879316200,0.013316200,0
'2026-08-22 08:23:32.879317500,0.013317500,1
'2026-08-22 08:23:32.879317600,0.013317600,0
'2026-08-22 08:23:32.879318700,0.013318700,1
'2026-08-22 08:23:32.879318800,0.013318800,0
'2026-08-22 08:23:32.879325100,0.013325100,1
'2026-08-22 08:23:32.879325200,0.013325200,0
'2026-08-22 08:23:32.879327900,0.013327900,1
'2026-08-22 08:23:32.879342400,0.013342400,0
'2026-08-22 08:23:32.879342600,0.013342600,1
'2026-08-22 08:23:32.879342700,0.013342700,0
'2026-08-22 08:23:32.879345000,0.013345000,1
'2026-08-22 08:23:32.879345100,0.013345100,0
'2026-08-22 08:23:32.879345500,0.013345500,1
'2026-08-22 08:23:32.879345600,0.013345600,0
'2026-08-22 08:23:32.879349100,0.013349100,1
'2026-08-22 08:23:32.879349200,0.013349200,0
'2026-08-22 08:23:32.879354000,0.013354000,1
'2026-08-22 08:23:32.879368500,0.013368500,0
'2026-08-22 08:23:32.879369000,0.013369000,1
'2026-08-22 08:23:32.879369100,0.013369100,0
'2026-08-22 08:23:32.879371900,0.013371900,1
'2026-08-22 08:23:32.879372000,0.013372000,0
'2026-08-22 08:23:32.879372700,0.013372700,1
'2026-08-22 08:23:32.879372800,0.013372800,0
'2026-08-22 08:23:32.879373000,0.013373000,1
'2026-08-22 08:23:32.879373100,0.013373100,0
'2026-08-22 08:23:32.879374500,0.013374500,1
'2026-08-22 08:23:32.879374600,0.013374600,0
'2026-08-22 08:23:32.879378900,0.013378900,1
'2026-08-22 08:23:32.879379000,0.013379000,0
'2026-08-22 08:23:32.879379300,0.013379300,1
'2026-08-22 08:23:32.879379500,0.013379500,0
'2026-08-22 08:23:32.879380000,0.013380000,1
'2026-08-22 08:23:32.879394400,0.013394400,0
'2026-08-22 08:23:32.879394500,0.013394500,1
'2026-08-22 08:23:32.879394800,0.013394800,0
'2026-08-22 08:23:32.879395100,0.013395100,1
'2026-08-22 08:23:32.879395300,0.013395300,0
'2026-08-22 08:23:32.879395500,0.013395500,1
'2026-08-22 08:23:32.879395600,0.013395600,0
'2026-08-22 08:23:32.879395800,0.013395800,1
'2026-08-22 08:23:32.879395900,0.013395900,0
'2026-08-22 08:23:32.879397600,0.013397600,1
'2026-08-22 08:23:32.879397700,0.013397700,0
'2026-08-22 08:23:32.879398700,0.013398700,1
'2026-08-22 08:23:32.879398800,0.013398800,0
'2026-08-22 08:23:32.879399900,0.013399900,1
'2026-08-22 08:23:32.879400000,0.013400000,0
'2026-08-22 08:23:32.879401100,0.013401100,1
'2026-08-22 08:23:32.879401200,0.013401200,0
'2026-08-22 08:23:32.879405700,0.013405700,1
'2026-08-22 08:23:32.879405800,0.013405800,0
'2026-08-22 08:23:32.879406100,0.013406100,1
'2026-08-22 08:23:32.879420600,0.013420600,0
'2026-08-22 08:23:32.879420900,0.013420900,1
'2026-08-22 08:23:32.879421000,0.013421000,0
'2026-08-22 08:23:32.879421500,0.013421500,1
'2026-08-22 08:23:32.879421600,0.013421600,0
'2026-08-22 08:23:32.879422100,0.013422100,1
'2026-08-22 08:23:32.879422200,0.013422200,0
'2026-08-22 08:23:32.879422700,0.013422700,1
'2026-08-22 08:23:32.879422800,0.013422800,0
'2026-08-22 08:23:32.879423900,0.013423900,1
'2026-08-22 08:23:32.879424000,0.013424000,0
'2026-08-22 08:23:32.879425000,0.013425000,1
'2026-08-22 08:23:32.879425100,0.013425100,0
'2026-08-22 08:23:32.879430300,0.013430300,1
'2026-08-22 08:23:32.879430400,0.013430400,0
'2026-08-22 08:23:32.879431400,0.013431400,1
'2026-08-22 08:23:32.879431600,0.013431600,0
'2026-08-22 08:23:32.879432200,0.013432200,1
'2026-08-22 08:23:32.879446500,0.013446500,0
'2026-08-22 08:23:32.879446600,0.013446600,1
'2026-08-22 08:23:32.879446800,0.013446800,0
'2026-08-22 08:23:32.879449900,0.013449900,1
'2026-08-22 08:23:32.879450000,0.013450000,0
'2026-08-22 08:23:32.879454200,0.013454200,1
'2026-08-22 08:23:32.879454300,0.013454300,0
'2026-08-22 08:23:32.879455400,0.013455400,1
'2026-08-22 08:23:32.879455500,0.013455500,0
'2026-08-22 08:23:32.879457400,0.013457400,1
'2026-08-22 08:23:32.879457500,0.013457500,0
'2026-08-22 08:23:32.879458200,0.013458200,1
'2026-08-22 08:23:32.879472800,0.013472800,0
'2026-08-22 08:23:32.879472900,0.013472900,1
'2026-08-22 08:23:32.879473000,0.013473000,0
'2026-08-22 08:23:32.879474700,0.013474700,1
'2026-08-22 08:23:32.879474800,0.013474800,0
'2026-08-22 08:23:32.879475300,0.013475300,1
'2026-08-22 08:23:32.879475400,0.013475400,0
'2026-08-22 08:23:32.879479300,0.013479300,1
'2026-08-22 08:23:32.879479500,0.013479500,0
'2026-08-22 08:23:32.879479900,0.013479900,1
'2026-08-22 08:23:32.879480000,0.013480000,0
'2026-08-22 08:23:32.879481300,0.013481300,1
'2026-08-22 08:23:32.880697300,0.014697300,0
'2026-08-22 08:23:32.880709200,0.014709200,1
'2026-08-22 08:23:32.880723400,0.014723400,0
'2026-08-22 08:23:32.880735300,0.014735300,1
'2026-08-22 08:23:32.880749600,0.014749600,0
'2026-08-22 08:23:32.880760700,0.014760700,1
'2026-08-22 08:23:32.880760800,0.014760800,0
'2026-08-22 08:23:32.880761300,0.014761300,1
'2026-08-22 08:23:32.880775600,0.014775600,0
'2026-08-22 08:23:32.880787400,0.014787400,1
'2026-08-22 08:23:32.880801800,0.014801800,0
'2026-08-22 08:23:32.880802000,0.014802000,1
'2026-08-22 08:23:32.880802100,0.014802100,0
'2026-08-22 08:23:32.880813500,0.014813500,1
'2026-08-22 08:23:32.880827800,0.014827800,0
'2026-08-22 08:23:32.880839600,0.014839600,1
'2026-08-22 08:23:32.880853800,0.014853800,0
'2026-08-22 08:23:32.880861000,0.014861000,1
'2026-08-22 08:23:32.880861100,0.014861100,0
'2026-08-22 08:23:32.880865600,0.014865600,1
'2026-08-22 08:23:32.880880000,0.014880000,0
'2026-08-22 08:23:32.880891700,0.014891700,1
'2026-08-22 08:23:32.880906000,0.014906000,0
'2026-08-22 08:23:32.880907800,0.014907800,1
'2026-08-22 08:23:32.880908000,0.014908000,0
'2026-08-22 08:23:32.880916900,0.014916900,1
'2026-08-22 08:23:32.880917000,0.014917000,0
'2026-08-22 08:23:32.880917800,0.014917800,1
'2026-08-22 08:23:32.880932100,0.014932100,0
'2026-08-22 08:23:32.880937000,0.014937000,1
'2026-08-22 08:23:32.880937100,0.014937100,0
'2026-08-22 08:23:32.880943900,0.014943900,1
'2026-08-22 08:23:32.880958300,0.014958300,0
'2026-08-22 08:23:32.880969900,0.014969900,1
'2026-08-22 08:23:32.880984500,0.014984500,0
'2026-08-22 08:23:32.880987300,0.014987300,1
'2026-08-22 08:23:32.880987400,0.014987400,0
'2026-08-22 08:23:32.880988300,0.014988300,1
'2026-08-22 08:23:32.880988400,0.014988400,0
'2026-08-22 08:23:32.880992500,0.014992500,1
'2026-08-22 08:23:32.880992600,0.014992600,0
'2026-08-22 08:23:32.880996000,0.014996000,1
'2026-08-22 08:23:32.881010400,0.015010400,0
'2026-08-22 08:23:32.881010700,0.015010700,1
'2026-08-22 08:23:32.881010800,0.015010800,0
'2026-08-22 08:23:32.881015300,0.015015300,1
'2026-08-22 08:23:32.881015400,0.015015400,0
'2026-08-22 08:23:32.881017300,0.015017300,1
'2026-08-22 08:23:32.881017400,0.015017400,0
'2026-08-22 08:23:32.881022100,0.015022100,1
'2026-08-22 08:23:32.881036500,0.015036500,0
'2026-08-22 08:23:32.881046300,0.015046300,1
'2026-08-22 08:23:32.881046400,0.015046400,0
'2026-08-22 08:23:32.881048100,0.015048100,1
'2026-08-22 08:23:32.881062500,0.015062500,0
'2026-08-22 08:23:32.881066700,0.015066700,1
'2026-08-22 08:23:32.881066800,0.015066800,0
'2026-08-22 08:23:32.881067900,0.015067900,1
'2026-08-22 08:23:32.881068000,0.015068000,0
'2026-08-22 08:23:32.881068500,0.015068500,1
'2026-08-22 08:23:32.881068800,0.015068800,0
'2026-08-22 08:23:32.881069100,0.015069100,1
'2026-08-22 08:23:32.881069200,0.015069200,0
'2026-08-22 08:23:32.881069600,0.015069600,1
'2026-08-22 08:23:32.881069700,0.015069700,0
'2026-08-22 08:23:32.881074200,0.015074200,1
'2026-08-22 08:23:32.881088600,0.015088600,0
'2026-08-22 08:23:32.881088700,0.015088700,1
'2026-08-22 08:23:32.881088900,0.015088900,0
'2026-08-22 08:23:32.881089500,0.015089500,1
'2026-08-22 08:23:32.881089600,0.015089600,0
'2026-08-22 08:23:32.881090700,0.015090700,1
'2026-08-22 08:23:32.881090800,0.015090800,0
'2026-08-22 08:23:32.881094500,0.015094500,1
'2026-08-22 08:23:32.882313200,0.016313200,0
'2026-08-22 08:23:32.882325100,0.016325100,1
'2026-08-22 08:23:32.882339400,0.016339400,0
'2026-08-22 08:23:32.882351200,0.016351200,1
'2026-08-22 08:23:32.882365400,0.016365400,0
'2026-08-22 08:23:32.882377300,0.016377300,1
'2026-08-22 08:23:32.882391500,0.016391500,0
'2026-08-22 08:23:32.882398200,0.016398200,1
'2026-08-22 08:23:32.882398300,0.016398300,0
'2026-08-22 08:23:32.882403400,0.016403400,1
'2026-08-22 08:23:32.882417700,0.016417700,0
'2026-08-22 08:23:32.882429400,0.016429400,1
'2026-08-22 08:23:32.882443700,0.016443700,0
'2026-08-22 08:23:32.882455500,0.016455500,1
'2026-08-22 08:23:32.882469800,0.016469800,0
'2026-08-22 08:23:32.882481600,0.016481600,1
'2026-08-22 08:23:32.882495900,0.016495900,0
'2026-08-22 08:23:32.882497800,0.016497800,1
'2026-08-22 08:23:32.882497900,0.016497900,0
'2026-08-22 08:23:32.882501000,0.016501000,1
'2026-08-22 08:23:32.882501100,0.016501100,0
'2026-08-22 08:23:32.882501200,0.016501200,1
'2026-08-22 08:23:32.882501300,0.016501300,0
'2026-08-22 08:23:32.882506900,0.016506900,1
'2026-08-22 08:23:32.882507000,0.016507000,0
'2026-08-22 08:23:32.882507700,0.016507700,1
'2026-08-22 08:23:32.882522000,0.016522000,0
'2026-08-22 08:23:32.882528400,0.016528400,1
'2026-08-22 08:23:32.882528600,0.016528600,0
'2026-08-22 08:23:32.882533700,0.016533700,1
'2026-08-22 08:23:32.882548000,0.016548000,0
'2026-08-22 08:23:32.882548300,0.016548300,1
'2026-08-22 08:23:32.882548400,0.016548400,0
'2026-08-22 08:23:32.882559700,0.016559700,1
'2026-08-22 08:23:32.882574200,0.016574200,0
'2026-08-22 08:23:32.882574500,0.016574500,1
'2026-08-22 08:23:32.882574600,0.016574600,0
'2026-08-22 08:23:32.882579200,0.016579200,1
'2026-08-22 08:23:32.882579300,0.016579300,0
'2026-08-22 08:23:32.882585900,0.016585900,1
'2026-08-22 08:23:32.882600200,0.016600200,0
'2026-08-22 08:23:32.882611900,0.016611900,1
'2026-08-22 08:23:32.882626300,0.016626300,0
'2026-08-22 08:23:32.882626500,0.016626500,1
'2026-08-22 08:23:32.882626600,0.016626600,0
'2026-08-22 08:23:32.882627500,0.016627500,1
'2026-08-22 08:23:32.882627600,0.016627600,0
'2026-08-22 08:23:32.882627700,0.016627700,1
'2026-08-22 08:23:32.882627800,0.016627800,0
'2026-08-22 08:23:32.882635200,0.016635200,1
'2026-08-22 08:23:32.882635300,0.016635300,0
'2026-08-22 08:23:32.882636300,0.016636300,1
'2026-08-22 08:23:32.882636400,0.016636400,0
'2026-08-22 08:23:32.882638000,0.016638000,1
'2026-08-22 08:23:32.882652500,0.016652500,0
'2026-08-22 08:23:32.882659200,0.016659200,1
'2026-08-22 08:23:32.882659400,0.016659400,0
'2026-08-22 08:23:32.882664100,0.016664100,1
'2026-08-22 08:23:32.882678600,0.016678600,0
'2026-08-22 08:23:32.882679000,0.016679000,1
'2026-08-22 08:23:32.882679200,0.016679200,0
'2026-08-22 08:23:32.882688900,0.016688900,1
'2026-08-22 08:23:32.882689000,0.016689000,0
'2026-08-22 08:23:32.882690100,0.016690100,1
'2026-08-22 08:23:32.882704400,0.016704400,0
'2026-08-22 08:23:32.882706500,0.016706500,1
'2026-08-22 08:23:32.882706600,0.016706600,0
'2026-08-22 08:23:32.882708200,0.016708200,1
'2026-08-22 08:23:32.882708400,0.016708400,0
'2026-08-22 08:23:32.882709400,0.016709400,1
'2026-08-22 08:23:32.882709500,0.016709500,0
'2026-08-22 08:23:32.882715900,0.016715900,1
'2026-08-22 08:23:32.883129600,0.017129600,0
'2026-08-22 08:23:32.883133200,0.017133200,1
'2026-08-22 08:23:32.883147500,0.017147500,0
'2026-08-22 08:23:32.883159300,0.017159300,1
'2026-08-22 08:23:32.883173600,0.017173600,0
'2026-08-22 08:23:32.883185300,0.017185300,1
'2026-08-22 08:23:32.883199600,0.017199600,0
'2026-08-22 08:23:32.883211400,0.017211400,1
'2026-08-22 08:23:32.883225800,0.017225800,0
'2026-08-22 08:23:32.883237500,0.017237500,1
'2026-08-22 08:23:32.883252000,0.017252000,0
'2026-08-22 08:23:32.883263600,0.017263600,1
'2026-08-22 08:23:32.883278000,0.017278000,0
'2026-08-22 08:23:32.883278300,0.017278300,1
'2026-08-22 08:23:32.883278400,0.017278400,0
'2026-08-22 08:23:32.883289600,0.017289600,1
'2026-08-22 08:23:32.883304100,0.017304100,0
'2026-08-22 08:23:32.883315700,0.017315700,1
'2026-08-22 08:23:32.883330000,0.017330000,0
'2026-08-22 08:23:32.883330300,0.017330300,1
'2026-08-22 08:23:32.883330400,0.017330400,0
'2026-08-22 08:23:32.883330900,0.017330900,1
'2026-08-22 08:23:32.883331000,0.017331000,0
'2026-08-22 08:23:32.883331400,0.017331400,1
'2026-08-22 08:23:32.883331500,0.017331500,0
'2026-08-22 08:23:32.883341800,0.017341800,1
'2026-08-22 08:23:32.883356100,0.017356100,0
'2026-08-22 08:23:32.883366500,0.017366500,1
'2026-08-22 08:23:32.883366600,0.017366600,0
'2026-08-22 08:23:32.883367900,0.017367900,1
'2026-08-22 08:23:32.883382300,0.017382300,0
'2026-08-22 08:23:32.883383400,0.017383400,1
'2026-08-22 08:23:32.883383500,0.017383500,0
'2026-08-22 08:23:32.883392200,0.017392200,1
'2026-08-22 08:23:32.883392300,0.017392300,0
'2026-08-22 08:23:32.883393900,0.017393900,1
'2026-08-22 08:23:32.883408200,0.017408200,0
'2026-08-22 08:23:32.883408500,0.017408500,1
'2026-08-22 08:23:32.883408600,0.017408600,0
'2026-08-22 08:23:32.883411500,0.017411500,1
'2026-08-22 08:23:32.883411600,0.017411600,0
'2026-08-22 08:23:32.883411900,0.017411900,1
'2026-08-22 08:23:32.883412000,0.017412000,0
'2026-08-22 08:23:32.883420000,0.017420000,1
'2026-08-22 08:23:32.883434400,0.017434400,0
'2026-08-22 08:23:32.883434800,0.017434800,1
'2026-08-22 08:23:32.883434900,0.017434900,0
'2026-08-22 08:23:32.883442400,0.017442400,1
'2026-08-22 08:23:32.883442600,0.017442600,0
'2026-08-22 08:23:32.883442900,0.017442900,1
'2026-08-22 08:23:32.883443100,0.017443100,0
'2026-08-22 08:23:32.883443500,0.017443500,1
'2026-08-22 08:23:32.883443600,0.017443600,0
'2026-08-22 08:23:32.883446100,0.017446100,1
'2026-08-22 08:23:32.883460600,0.017460600,0
'2026-08-22 08:23:32.883461600,0.017461600,1
'2026-08-22 08:23:32.883461800,0.017461800,0
'2026-08-22 08:23:32.883462200,0.017462200,1
'2026-08-22 08:23:32.883462300,0.017462300,0
'2026-08-22 08:23:32.883462700,0.017462700,1
'2026-08-22 08:23:32.883462800,0.017462800,0
'2026-08-22 08:23:32.883465700,0.017465700,1
'2026-08-22 08:23:32.883465800,0.017465800,0
'2026-08-22 08:23:32.883471600,0.017471600,1
'2026-08-22 08:23:32.883471700,0.017471700,0
'2026-08-22 08:23:32.883472100,0.017472100,1
'2026-08-22 08:23:32.883486500,0.017486500,0
'2026-08-22 08:23:32.883486700,0.017486700,1
'2026-08-22 08:23:32.883486800,0.017486800,0
'2026-08-22 08:23:32.883491500,0.017491500,1
'2026-08-22 08:23:32.883491600,0.017491600,0
'2026-08-22 08:23:32.883492000,0.017492000,1
'2026-08-22 08:23:32.883492100,0.017492100,0
'2026-08-22 08:23:32.883493200,0.017493200,1
'2026-08-22 08:23:32.883493300,0.017493300,0
'2026-08-22 08:23:32.883498200,0.017498200,1
'2026-08-22 08:23:32.883512900,0.017512900,0
'2026-08-22 08:23:32.883513000,0.017513000,1
'2026-08-22 08:23:32.883513100,0.017513100,0
'2026-08-22 08:23:32.883514100,0.017514100,1
'2026-08-22 08:23:32.883514200,0.017514200,0
'2026-08-22 08:23:32.883514800,0.017514800,1
'2026-08-22 08:23:32.883514900,0.017514900,0
'2026-08-22 08:23:32.883517700,0.017517700,1
'2026-08-22 08:23:32.883517800,0.017517800,0
'2026-08-22 08:23:32.883521800,0.017521800,1
'2026-08-22 08:23:32.883521900,0.017521900,0
'2026-08-22 08:23:32.883522400,0.017522400,1
'2026-08-22 08:23:32.883522500,0.017522500,0
'2026-08-22 08:23:32.883522900,0.017522900,1
'2026-08-22 08:23:32.883523100,0.017523100,0
'2026-08-22 08:23:32.883523500,0.017523500,1
'2026-08-22 08:23:32.883523600,0.017523600,0
'2026-08-22 08:23:32.883524300,0.017524300,1
'2026-08-22 08:23:32.883955500,0.017955500,0
'2026-08-22 08:23:32.883967300,0.017967300,1
'2026-08-22 08:23:32.883981600,0.017981600,0
'2026-08-22 08:23:32.883993400,0.017993400,1
'2026-08-22 08:23:32.884007800,0.018007800,0
'2026-08-22 08:23:32.884019500,0.018019500,1
'2026-08-22 08:23:32.884033900,0.018033900,0
'2026-08-22 08:23:32.884045500,0.018045500,1
'2026-08-22 08:23:32.884059900,0.018059900,0
'2026-08-22 08:23:32.884071600,0.018071600,1
'2026-08-22 08:23:32.884086000,0.018086000,0
'2026-08-22 08:23:32.884086700,0.018086700,1
'2026-08-22 08:23:32.884086800,0.018086800,0
'2026-08-22 08:23:32.884087600,0.018087600,1
'2026-08-22 08:23:32.884087700,0.018087700,0
'2026-08-22 08:23:32.884097700,0.018097700,1
'2026-08-22 08:23:32.884112000,0.018112000,0
'2026-08-22 08:23:32.884117100,0.018117100,1
'2026-08-22 08:23:32.884117200,0.018117200,0
'2026-08-22 08:23:32.884118200,0.018118200,1
'2026-08-22 08:23:32.884118300,0.018118300,0
'2026-08-22 08:23:32.884123800,0.018123800,1
'2026-08-22 08:23:32.884138200,0.018138200,0
'2026-08-22 08:23:32.884140400,0.018140400,1
'2026-08-22 08:23:32.884140500,0.018140500,0
'2026-08-22 08:23:32.884145100,0.018145100,1
'2026-08-22 08:23:32.884145200,0.018145200,0
'2026-08-22 08:23:32.884149300,0.018149300,1
'2026-08-22 08:23:32.884149400,0.018149400,0
'2026-08-22 08:23:32.884149800,0.018149800,1
'2026-08-22 08:23:32.884164200,0.018164200,0
'2026-08-22 08:23:32.884164300,0.018164300,1
'2026-08-22 08:23:32.884164400,0.018164400,0
'2026-08-22 08:23:32.884164500,0.018164500,1
'2026-08-22 08:23:32.884164600,0.018164600,0
'2026-08-22 08:23:32.884175900,0.018175900,1
'2026-08-22 08:23:32.884190300,0.018190300,0
'2026-08-22 08:23:32.884190600,0.018190600,1
'2026-08-22 08:23:32.884190700,0.018190700,0
'2026-08-22 08:23:32.884193000,0.018193000,1
'2026-08-22 08:23:32.884193100,0.018193100,0
'2026-08-22 08:23:32.884195100,0.018195100,1
'2026-08-22 08:23:32.884195200,0.018195200,0
'2026-08-22 08:23:32.884195900,0.018195900,1
'2026-08-22 08:23:32.884196000,0.018196000,0
'2026-08-22 08:23:32.884202000,0.018202000,1
'2026-08-22 08:23:32.884216400,0.018216400,0
'2026-08-22 08:23:32.884217500,0.018217500,1
'2026-08-22 08:23:32.884217600,0.018217600,0
'2026-08-22 08:23:32.884222700,0.018222700,1
'2026-08-22 08:23:32.884222800,0.018222800,0
'2026-08-22 08:23:32.884225100,0.018225100,1
'2026-08-22 08:23:32.884225200,0.018225200,0
'2026-08-22 08:23:32.884225300,0.018225300,1
'2026-08-22 08:23:32.884225400,0.018225400,0
'2026-08-22 08:23:32.884225700,0.018225700,1
'2026-08-22 08:23:32.884225800,0.018225800,0
'2026-08-22 08:23:32.884228000,0.018228000,1
'2026-08-22 08:23:32.884242600,0.018242600,0
'2026-08-22 08:23:32.884249000,0.018249000,1
'2026-08-22 08:23:32.884249100,0.018249100,0
'2026-08-22 08:23:32.884254100,0.018254100,1
'2026-08-22 08:23:32.884268600,0.018268600,0
'2026-08-22 08:23:32.884268900,0.018268900,1
'2026-08-22 08:23:32.884269000,0.018269000,0
'2026-08-22 08:23:32.884271800,0.018271800,1
'2026-08-22 08:23:32.884271900,0.018271900,0
'2026-08-22 08:23:32.884275300,0.018275300,1
'2026-08-22 08:23:32.884275400,0.018275400,0
'2026-08-22 08:23:32.884275900,0.018275900,1
'2026-08-22 08:23:32.884276000,0.018276000,0
'2026-08-22 08:23:32.884278100,0.018278100,1
'2026-08-22 08:23:32.884278200,0.018278200,0
'2026-08-22 08:23:32.884280200,0.018280200,1
'2026-08-22 08:23:32.884294800,0.018294800,0
'2026-08-22 08:23:32.884295100,0.018295100,1
'2026-08-22 08:23:32.884295400,0.018295400,0
'2026-08-22 08:23:32.884295500,0.018295500,1
'2026-08-22 08:23:32.884295600,0.018295600,0
'2026-08-22 08:23:32.884295700,0.018295700,1
'2026-08-22 08:23:32.884295800,0.018295800,0
'2026-08-22 08:23:32.884296400,0.018296400,1
'2026-08-22 08:23:32.884296500,0.018296500,0
'2026-08-22 08:23:32.884298700,0.018298700,1
'2026-08-22 08:23:32.884298800,0.018298800,0
'2026-08-22 08:23:32.884305100,0.018305100,1
'2026-08-22 08:23:32.884305200,0.018305200,0
'2026-08-22 08:23:32.884306300,0.018306300,1
'2026-08-22 08:23:32.884320600,0.018320600,0
'2026-08-22 08:23:32.884320900,0.018320900,1
'2026-08-22 08:23:32.884321000,0.018321000,0
'2026-08-22 08:23:32.884321500,0.018321500,1
'2026-08-22 08:23:32.884321600,0.018321600,0
'2026-08-22 08:23:32.884322700,0.018322700,1
'2026-08-22 08:23:32.884322800,0.018322800,0
'2026-08-22 08:23:32.884323800,0.018323800,1
'2026-08-22 08:23:32.884323900,0.018323900,0
'2026-08-22 08:23:32.884325600,0.018325600,1
'2026-08-22 08:23:32.884325700,0.018325700,0
'2026-08-22 08:23:32.884329100,0.018329100,1
'2026-08-22 08:23:32.884329200,0.018329200,0
'2026-08-22 08:23:32.884332300,0.018332300,1
'2026-08-22 08:23:32.884346800,0.018346800,0
'2026-08-22 08:23:32.884348900,0.018348900,1
'2026-08-22 08:23:32.884349000,0.018349000,0
'2026-08-22 08:23:32.884350100,0.018350100,1
'2026-08-22 08:23:32.884350200,0.018350200,0
'2026-08-22 08:23:32.884353500,0.018353500,1
'2026-08-22 08:23:32.884353600,0.018353600,0
'2026-08-22 08:23:32.884354800,0.018354800,1
'2026-08-22 08:23:32.884354900,0.018354900,0
'2026-08-22 08:23:32.884355900,0.018355900,1
'2026-08-22 08:23:32.884356000,0.018356000,0
'2026-08-22 08:23:32.884356400,0.018356400,1
'2026-08-22 08:23:32.884356500,0.018356500,0
'2026-08-22 08:23:32.884358400,0.018358400,1
'2026-08-22 08:23:32.884775100,0.018775100,0
'2026-08-22 08:23:32.884775400,0.018775400,1
'2026-08-22 08:23:32.884789600,0.018789600,0
'2026-08-22 08:23:32.884789900,0.018789900,1
'2026-08-22 08:23:32.884790000,0.018790000,0
'2026-08-22 08:23:32.884801500,0.018801500,1
'2026-08-22 08:23:32.884815800,0.018815800,0
'2026-08-22 08:23:32.884827500,0.018827500,1
'2026-08-22 08:23:32.884841700,0.018841700,0
'2026-08-22 08:23:32.884853600,0.018853600,1
'2026-08-22 08:23:32.884868000,0.018868000,0
'2026-08-22 08:23:32.884871100,0.018871100,1
'2026-08-22 08:23:32.884871200,0.018871200,0
'2026-08-22 08:23:32.884879700,0.018879700,1
'2026-08-22 08:23:32.884894200,0.018894200,0
'2026-08-22 08:23:32.884904900,0.018904900,1
'2026-08-22 08:23:32.884905000,0.018905000,0
'2026-08-22 08:23:32.884905800,0.018905800,1
'2026-08-22 08:23:32.884920200,0.018920200,0
'2026-08-22 08:23:32.884931800,0.018931800,1
'2026-08-22 08:23:32.884946100,0.018946100,0
'2026-08-22 08:23:32.884947100,0.018947100,1
'2026-08-22 08:23:32.884947200,0.018947200,0
'2026-08-22 08:23:32.884957900,0.018957900,1
'2026-08-22 08:23:32.884972400,0.018972400,0
'2026-08-22 08:23:32.884972800,0.018972800,1
'2026-08-22 08:23:32.884972900,0.018972900,0
'2026-08-22 08:23:32.884984000,0.018984000,1
'2026-08-22 08:23:32.884998300,0.018998300,0
'2026-08-22 08:23:32.884998500,0.018998500,1
'2026-08-22 08:23:32.884998600,0.018998600,0
'2026-08-22 08:23:32.884999600,0.018999600,1
'2026-08-22 08:23:32.884999800,0.018999800,0
'2026-08-22 08:23:32.885002200,0.019002200,1
'2026-08-22 08:23:32.885002300,0.019002300,0
'2026-08-22 08:23:32.885003900,0.019003900,1
'2026-08-22 08:23:32.885004000,0.019004000,0
'2026-08-22 08:23:32.885007300,0.019007300,1
'2026-08-22 08:23:32.885007400,0.019007400,0
'2026-08-22 08:23:32.885010000,0.019010000,1
'2026-08-22 08:23:32.885024400,0.019024400,0
'2026-08-22 08:23:32.885024500,0.019024500,1
'2026-08-22 08:23:32.885024600,0.019024600,0
'2026-08-22 08:23:32.885024700,0.019024700,1
'2026-08-22 08:23:32.885024900,0.019024900,0
'2026-08-22 08:23:32.885027100,0.019027100,1
'2026-08-22 08:23:32.885027200,0.019027200,0
'2026-08-22 08:23:32.885029500,0.019029500,1
'2026-08-22 08:23:32.885029600,0.019029600,0
'2026-08-22 08:23:32.885031700,0.019031700,1
'2026-08-22 08:23:32.885031800,0.019031800,0
'2026-08-22 08:23:32.885034100,0.019034100,1
'2026-08-22 08:23:32.885034200,0.019034200,0
'2026-08-22 08:23:32.885034800,0.019034800,1
'2026-08-22 08:23:32.885034900,0.019034900,0
'2026-08-22 08:23:32.885036100,0.019036100,1
'2026-08-22 08:23:32.885050600,0.019050600,0
'2026-08-22 08:23:32.885050700,0.019050700,1
'2026-08-22 08:23:32.885050800,0.019050800,0
'2026-08-22 08:23:32.885051000,0.019051000,1
'2026-08-22 08:23:32.885051200,0.019051200,0
'2026-08-22 08:23:32.885055100,0.019055100,1
'2026-08-22 08:23:32.885055200,0.019055200,0
'2026-08-22 08:23:32.885062200,0.019062200,1
'2026-08-22 08:23:32.885076500,0.019076500,0
'2026-08-22 08:23:32.885076800,0.019076800,1
'2026-08-22 08:23:32.885076900,0.019076900,0
'2026-08-22 08:23:32.885083800,0.019083800,1
'2026-08-22 08:23:32.885083900,0.019083900,0
'2026-08-22 08:23:32.885084900,0.019084900,1
'2026-08-22 08:23:32.885085000,0.019085000,0
'2026-08-22 08:23:32.885086100,0.019086100,1
'2026-08-22 08:23:32.885086200,0.019086200,0
'2026-08-22 08:23:32.885088200,0.019088200,1
'2026-08-22 08:23:32.885102600,0.019102600,0
'2026-08-22 08:23:32.885103300,0.019103300,1
'2026-08-22 08:23:32.885103400,0.019103400,0
'2026-08-22 08:23:32.885103600,0.019103600,1
'2026-08-22 08:23:32.885103800,0.019103800,0
'2026-08-22 08:23:32.885104100,0.019104100,1
'2026-08-22 08:23:32.885104400,0.019104400,0
'2026-08-22 08:23:32.885104500,0.019104500,1
'2026-08-22 08:23:32.885104700,0.019104700,0
'2026-08-22 08:23:32.885104800,0.019104800,1
'2026-08-22 08:23:32.885104900,0.019104900,0
'2026-08-22 08:23:32.885105700,0.019105700,1
'2026-08-22 08:23:32.885105800,0.019105800,0
'2026-08-22 08:23:32.885106000,0.019106000,1
'2026-08-22 08:23:32.885106100,0.019106100,0
'2026-08-22 08:23:32.885108300,0.019108300,1
'2026-08-22 08:23:32.885108400,0.019108400,0
'2026-08-22 08:23:32.885114300,0.019114300,1
'2026-08-22 08:23:32.885128900,0.019128900,0
'2026-08-22 08:23:32.885129300,0.019129300,1
'2026-08-22 08:23:32.885129400,0.019129400,0
'2026-08-22 08:23:32.885131400,0.019131400,1
'2026-08-22 08:23:32.885131500,0.019131500,0
'2026-08-22 08:23:32.885131700,0.019131700,1
'2026-08-22 08:23:32.885131800,0.019131800,0
'2026-08-22 08:23:32.885132300,0.019132300,1
'2026-08-22 08:23:32.885132400,0.019132400,0
'2026-08-22 08:23:32.885134500,0.019134500,1
'2026-08-22 08:23:32.885134600,0.019134600,0
'2026-08-22 08:23:32.885135800,0.019135800,1
'2026-08-22 08:23:32.885135900,0.019135900,0
'2026-08-22 08:23:32.885136900,0.019136900,1
'2026-08-22 08:23:32.885137100,0.019137100,0
'2026-08-22 08:23:32.885137500,0.019137500,1
'2026-08-22 08:23:32.885137600,0.019137600,0
'2026-08-22 08:23:32.885138700,0.019138700,1
'2026-08-22 08:23:32.885138800,0.019138800,0
'2026-08-22 08:23:32.885139300,0.019139300,1
'2026-08-22 08:23:32.885139400,0.019139400,0
'2026-08-22 08:23:32.885139900,0.019139900,1
'2026-08-22 08:23:32.885140000,0.019140000,0
'2026-08-22 08:23:32.885140400,0.019140400,1
'2026-08-22 08:23:32.885154900,0.019154900,0
'2026-08-22 08:23:32.885155100,0.019155100,1
'2026-08-22 08:23:32.885155200,0.019155200,0
'2026-08-22 08:23:32.885155400,0.019155400,1
'2026-08-22 08:23:32.885155500,0.019155500,0
'2026-08-22 08:23:32.885156800,0.019156800,1
'2026-08-22 08:23:32.885156900,0.019156900,0
'2026-08-22 08:23:32.885159100,0.019159100,1
'2026-08-22 08:23:32.885159200,0.019159200,0
'2026-08-22 08:23:32.885159700,0.019159700,1
'2026-08-22 08:23:32.885159800,0.019159800,0
'2026-08-22 08:23:32.885160100,0.019160100,1
'2026-08-22 08:23:32.885160200,0.019160200,0
'2026-08-22 08:23:32.885160900,0.019160900,1
'2026-08-22 08:23:32.885161000,0.019161000,0
'2026-08-22 08:23:32.885162700,0.019162700,1
'2026-08-22 08:23:32.885162800,0.019162800,0
'2026-08-22 08:23:32.885165000,0.019165000,1
'2026-08-22 08:23:32.885165100,0.019165100,0
'2026-08-22 08:23:32.885166500,0.019166500,1
'2026-08-22 08:23:32.885181000,0.019181000,0
'2026-08-22 08:23:32.885181300,0.019181300,1
'2026-08-22 08:23:32.885181500,0.019181500,0
'2026-08-22 08:23:32.885181700,0.019181700,1
'2026-08-22 08:23:32.885181800,0.019181800,0
'2026-08-22 08:23:32.885181900,0.019181900,1
'2026-08-22 08:23:32.885182100,0.019182100,0
'2026-08-22 08:23:32.885182500,0.019182500,1
'2026-08-22 08:23:32.885182600,0.019182600,0
'2026-08-22 08:23:32.885183700,0.019183700,1
'2026-08-22 08:23:32.885183800,0.019183800,0
'2026-08-22 08:23:32.885184500,0.019184500,1
'2026-08-22 08:23:32.886405500,0.020405500,0
'2026-08-22 08:23:32.886405700,0.020405700,1
'2026-08-22 08:23:32.886405800,0.020405800,0
'2026-08-22 08:23:32.886417400,0.020417400,1
'2026-08-22 08:23:32.886431700,0.020431700,0
'2026-08-22 08:23:32.886443500,0.020443500,1
'2026-08-22 08:23:32.886457800,0.020457800,0
'2026-08-22 08:23:32.886469600,0.020469600,1
'2026-08-22 08:23:32.886484000,0.020484000,0
'2026-08-22 08:23:32.886495700,0.020495700,1
'2026-08-22 08:23:32.886510000,0.020510000,0
'2026-08-22 08:23:32.886521700,0.020521700,1
'2026-08-22 08:23:32.886536100,0.020536100,0
'2026-08-22 08:23:32.886538900,0.020538900,1
'2026-08-22 08:23:32.886539000,0.020539000,0
'2026-08-22 08:23:32.886547800,0.020547800,1
'2026-08-22 08:23:32.886562100,0.020562100,0
'2026-08-22 08:23:32.886573900,0.020573900,1
'2026-08-22 08:23:32.886588200,0.020588200,0
'2026-08-22 08:23:32.886592000,0.020592000,1
'2026-08-22 08:23:32.886592100,0.020592100,0
'2026-08-22 08:23:32.886599900,0.020599900,1
'2026-08-22 08:23:32.886614500,0.020614500,0
'2026-08-22 08:23:32.886620100,0.020620100,1
'2026-08-22 08:23:32.886620200,0.020620200,0
'2026-08-22 08:23:32.886621200,0.020621200,1
'2026-08-22 08:23:32.886621300,0.020621300,0
'2026-08-22 08:23:32.886626000,0.020626000,1
'2026-08-22 08:23:32.886640400,0.020640400,0
'2026-08-22 08:23:32.886640500,0.020640500,1
'2026-08-22 08:23:32.886640600,0.020640600,0
'2026-08-22 08:23:32.886640700,0.020640700,1
'2026-08-22 08:23:32.886640800,0.020640800,0
'2026-08-22 08:23:32.886641100,0.020641100,1
'2026-08-22 08:23:32.886641200,0.020641200,0
'2026-08-22 08:23:32.886652100,0.020652100,1
'2026-08-22 08:23:32.886666400,0.020666400,0
'2026-08-22 08:23:32.886671500,0.020671500,1
'2026-08-22 08:23:32.886671600,0.020671600,0
'2026-08-22 08:23:32.886672000,0.020672000,1
'2026-08-22 08:23:32.886672100,0.020672100,0
'2026-08-22 08:23:32.886672600,0.020672600,1
'2026-08-22 08:23:32.886672700,0.020672700,0
'2026-08-22 08:23:32.886673800,0.020673800,1
'2026-08-22 08:23:32.886673900,0.020673900,0
'2026-08-22 08:23:32.886678200,0.020678200,1
'2026-08-22 08:23:32.886692700,0.020692700,0
'2026-08-22 08:23:32.886693100,0.020693100,1
'2026-08-22 08:23:32.886693200,0.020693200,0
'2026-08-22 08:23:32.886693300,0.020693300,1
'2026-08-22 08:23:32.886693400,0.020693400,0
'2026-08-22 08:23:32.886704200,0.020704200,1
'2026-08-22 08:23:32.886718600,0.020718600,0
'2026-08-22 08:23:32.886718700,0.020718700,1
'2026-08-22 08:23:32.886718900,0.020718900,0
'2026-08-22 08:23:32.886723500,0.020723500,1
'2026-08-22 08:23:32.886723600,0.020723600,0
'2026-08-22 08:23:32.886723900,0.020723900,1
'2026-08-22 08:23:32.886724200,0.020724200,0
'2026-08-22 08:23:32.886725200,0.020725200,1
'2026-08-22 08:23:32.886725300,0.020725300,0
'2026-08-22 08:23:32.886730300,0.020730300,1
'2026-08-22 08:23:32.886744900,0.020744900,0
'2026-08-22 08:23:32.886745000,0.020745000,1
'2026-08-22 08:23:32.886745200,0.020745200,0
'2026-08-22 08:23:32.886745900,0.020745900,1
'2026-08-22 08:23:32.886746000,0.020746000,0
'2026-08-22 08:23:32.886748000,0.020748000,1
'2026-08-22 08:23:32.886748100,0.020748100,0
'2026-08-22 08:23:32.886749700,0.020749700,1
'2026-08-22 08:23:32.886749800,0.020749800,0
'2026-08-22 08:23:32.886752600,0.020752600,1
'2026-08-22 08:23:32.886752800,0.020752800,0
'2026-08-22 08:23:32.886756400,0.020756400,1
'2026-08-22 08:23:32.886770800,0.020770800,0
'2026-08-22 08:23:32.886771300,0.020771300,1
'2026-08-22 08:23:32.886771400,0.020771400,0
'2026-08-22 08:23:32.886774800,0.020774800,1
'2026-08-22 08:23:32.886775000,0.020775000,0
'2026-08-22 08:23:32.886775400,0.020775400,1
'2026-08-22 08:23:32.886775500,0.020775500,0
'2026-08-22 08:23:32.886775600,0.020775600,1
'2026-08-22 08:23:32.886775800,0.020775800,0
'2026-08-22 08:23:32.886777700,0.020777700,1
'2026-08-22 08:23:32.886777800,0.020777800,0
'2026-08-22 08:23:32.886782400,0.020782400,1
'2026-08-22 08:23:32.886796800,0.020796800,0
'2026-08-22 08:23:32.886797600,0.020797600,1
'2026-08-22 08:23:32.886797700,0.020797700,0
'2026-08-22 08:23:32.886797800,0.020797800,1
'2026-08-22 08:23:32.888021600,0.022021600,0
'2026-08-22 08:23:32.888033400,0.022033400,1
'2026-08-22 08:23:32.888047700,0.022047700,0
'2026-08-22 08:23:32.888059500,0.022059500,1
'2026-08-22 08:23:32.888073700,0.022073700,0
'2026-08-22 08:23:32.888085600,0.022085600,1
'2026-08-22 08:23:32.888099800,0.022099800,0
'2026-08-22 08:23:32.888100100,0.022100100,1
'2026-08-22 08:23:32.888100200,0.022100200,0
'2026-08-22 08:23:32.888102500,0.022102500,1
'2026-08-22 08:23:32.888102600,0.022102600,0
'2026-08-22 08:23:32.888111300,0.022111300,1
'2026-08-22 08:23:32.888111400,0.022111400,0
'2026-08-22 08:23:32.888111600,0.022111600,1
'2026-08-22 08:23:32.888125900,0.022125900,0
'2026-08-22 08:23:32.888137700,0.022137700,1
'2026-08-22 08:23:32.888152100,0.022152100,0
'2026-08-22 08:23:32.888163800,0.022163800,1
'2026-08-22 08:23:32.888178000,0.022178000,0
'2026-08-22 08:23:32.888189900,0.022189900,1
'2026-08-22 08:23:32.888204300,0.022204300,0
'2026-08-22 08:23:32.888215900,0.022215900,1
'2026-08-22 08:23:32.888230200,0.022230200,0
'2026-08-22 08:23:32.888241100,0.022241100,1
'2026-08-22 08:23:32.888241200,0.022241200,0
'2026-08-22 08:23:32.888242000,0.022242000,1
'2026-08-22 08:23:32.888256400,0.022256400,0
'2026-08-22 08:23:32.888268100,0.022268100,1
'2026-08-22 08:23:32.888282600,0.022282600,0
'2026-08-22 08:23:32.888283000,0.022283000,1
'2026-08-22 08:23:32.888283200,0.022283200,0
'2026-08-22 08:23:32.888294200,0.022294200,1
'2026-08-22 08:23:32.888308400,0.022308400,0
'2026-08-22 08:23:32.888311500,0.022311500,1
'2026-08-22 08:23:32.888311700,0.022311700,0
'2026-08-22 08:23:32.888312500,0.022312500,1
'2026-08-22 08:23:32.888312600,0.022312600,0
'2026-08-22 08:23:32.888313400,0.022313400,1
'2026-08-22 08:23:32.888313500,0.022313500,0
'2026-08-22 08:23:32.888315700,0.022315700,1
'2026-08-22 08:23:32.888315800,0.022315800,0
'2026-08-22 08:23:32.888320200,0.022320200,1
'2026-08-22 08:23:32.888334600,0.022334600,0
'2026-08-22 08:23:32.888334900,0.022334900,1
'2026-08-22 08:23:32.888335000,0.022335000,0
'2026-08-22 08:23:32.888341700,0.022341700,1
'2026-08-22 08:23:32.888341800,0.022341800,0
'2026-08-22 08:23:32.888342600,0.022342600,1
'2026-08-22 08:23:32.888342700,0.022342700,0
'2026-08-22 08:23:32.888343000,0.022343000,1
'2026-08-22 08:23:32.888343100,0.022343100,0
'2026-08-22 08:23:32.888344900,0.022344900,1
'2026-08-22 08:23:32.888345000,0.022345000,0
'2026-08-22 08:23:32.888346300,0.022346300,1
'2026-08-22 08:23:32.888360800,0.022360800,0
'2026-08-22 08:23:32.888362500,0.022362500,1
'2026-08-22 08:23:32.888362600,0.022362600,0
'2026-08-22 08:23:32.888363700,0.022363700,1
'2026-08-22 08:23:32.888363800,0.022363800,0
'2026-08-22 08:23:32.888364800,0.022364800,1
'2026-08-22 08:23:32.888364900,0.022364900,0
'2026-08-22 08:23:32.888367700,0.022367700,1
'2026-08-22 08:23:32.888367800,0.022367800,0
'2026-08-22 08:23:32.888371300,0.022371300,1
'2026-08-22 08:23:32.888371400,0.022371400,0
'2026-08-22 08:23:32.888372400,0.022372400,1
'2026-08-22 08:23:32.888386700,0.022386700,0
'2026-08-22 08:23:32.888389700,0.022389700,1
'2026-08-22 08:23:32.888389800,0.022389800,0
'2026-08-22 08:23:32.888391800,0.022391800,1
'2026-08-22 08:23:32.888391900,0.022391900,0
'2026-08-22 08:23:32.888392900,0.022392900,1
'2026-08-22 08:23:32.888393000,0.022393000,0
'2026-08-22 08:23:32.888394100,0.022394100,1
'2026-08-22 08:23:32.888394200,0.022394200,0
'2026-08-22 08:23:32.888398400,0.022398400,1
'2026-08-22 08:23:32.888412900,0.022412900,0
'2026-08-22 08:23:32.888413300,0.022413300,1
'2026-08-22 08:23:32.888413400,0.022413400,0
'2026-08-22 08:23:32.888414500,0.022414500,1
'2026-08-22 08:23:32.888414600,0.022414600,0
'2026-08-22 08:23:32.888415100,0.022415100,1
'2026-08-22 08:23:32.888415200,0.022415200,0
'2026-08-22 08:23:32.888418900,0.022418900,1
'2026-08-22 08:23:32.888419000,0.022419000,0
'2026-08-22 08:23:32.888419200,0.022419200,1
'2026-08-22 08:23:32.888832700,0.022832700,0
'2026-08-22 08:23:32.888841500,0.022841500,1
'2026-08-22 08:23:32.888855800,0.022855800,0
'2026-08-22 08:23:32.888867500,0.022867500,1
'2026-08-22 08:23:32.888881700,0.022881700,0
'2026-08-22 08:23:32.888883800,0.022883800,1
'2026-08-22 08:23:32.888883900,0.022883900,0
'2026-08-22 08:23:32.888893600,0.022893600,1
'2026-08-22 08:23:32.888907900,0.022907900,0
'2026-08-22 08:23:32.888910900,0.022910900,1
'2026-08-22 08:23:32.888911000,0.022911000,0
'2026-08-22 08:23:32.888919700,0.022919700,1
'2026-08-22 08:23:32.888934100,0.022934100,0
'2026-08-22 08:23:32.888945800,0.022945800,1
'2026-08-22 08:23:32.888960100,0.022960100,0
'2026-08-22 08:23:32.888967900,0.022967900,1
'2026-08-22 08:23:32.888968000,0.022968000,0
'2026-08-22 08:23:32.888971800,0.022971800,1
'2026-08-22 08:23:32.888986200,0.022986200,0
'2026-08-22 08:23:32.888997900,0.022997900,1
'2026-08-22 08:23:32.889012200,0.023012200,0
'2026-08-22 08:23:32.889012300,0.023012300,1
'2026-08-22 08:23:32.889012400,0.023012400,0
'2026-08-22 08:23:32.889015800,0.023015800,1
'2026-08-22 08:23:32.889015900,0.023015900,0
'2026-08-22 08:23:32.889020500,0.023020500,1
'2026-08-22 08:23:32.889020600,0.023020600,0
'2026-08-22 08:23:32.889024000,0.023024000,1
'2026-08-22 08:23:32.889038300,0.023038300,0
'2026-08-22 08:23:32.889050100,0.023050100,1
'2026-08-22 08:23:32.889064800,0.023064800,0
'2026-08-22 08:23:32.889066100,0.023066100,1
'2026-08-22 08:23:32.889066200,0.023066200,0
'2026-08-22 08:23:32.889067600,0.023067600,1
'2026-08-22 08:23:32.889067700,0.023067700,0
'2026-08-22 08:23:32.889076100,0.023076100,1
'2026-08-22 08:23:32.889090400,0.023090400,0
'2026-08-22 08:23:32.889102200,0.023102200,1
'2026-08-22 08:23:32.889116400,0.023116400,0
'2026-08-22 08:23:32.889116500,0.023116500,1
'2026-08-22 08:23:32.889116600,0.023116600,0
'2026-08-22 08:23:32.889125100,0.023125100,1
'2026-08-22 08:23:32.889125200,0.023125200,0
'2026-08-22 08:23:32.889125700,0.023125700,1
'2026-08-22 08:23:32.889125800,0.023125800,0
'2026-08-22 08:23:32.889128300,0.023128300,1
'2026-08-22 08:23:32.889142800,0.023142800,0
'2026-08-22 08:23:32.889145000,0.023145000,1
'2026-08-22 08:23:32.889145100,0.023145100,0
'2026-08-22 08:23:32.889145500,0.023145500,1
'2026-08-22 08:23:32.889145600,0.023145600,0
'2026-08-22 08:23:32.889148500,0.023148500,1
'2026-08-22 08:23:32.889148600,0.023148600,0
'2026-08-22 08:23:32.889153700,0.023153700,1
'2026-08-22 08:23:32.889153800,0.023153800,0
'2026-08-22 08:23:32.889154300,0.023154300,1
'2026-08-22 08:23:32.889169000,0.023169000,0
'2026-08-22 08:23:32.889174700,0.023174700,1
'2026-08-22 08:23:32.889174800,0.023174800,0
'2026-08-22 08:23:32.889176500,0.023176500,1
'2026-08-22 08:23:32.889176600,0.023176600,0
'2026-08-22 08:23:32.889178800,0.023178800,1
'2026-08-22 08:23:32.889178900,0.023178900,0
'2026-08-22 08:23:32.889180400,0.023180400,1
'2026-08-22 08:23:32.889194900,0.023194900,0
'2026-08-22 08:23:32.889195000,0.023195000,1
'2026-08-22 08:23:32.889195200,0.023195200,0
'2026-08-22 08:23:32.889196100,0.023196100,1
'2026-08-22 08:23:32.889196200,0.023196200,0
'2026-08-22 08:23:32.889196900,0.023196900,1
'2026-08-22 08:23:32.889197000,0.023197000,0
'2026-08-22 08:23:32.889197500,0.023197500,1
'2026-08-22 08:23:32.889197700,0.023197700,0
'2026-08-22 08:23:32.889199300,0.023199300,1
'2026-08-22 08:23:32.889199400,0.023199400,0
'2026-08-22 08:23:32.889205700,0.023205700,1
'2026-08-22 08:23:32.889205800,0.023205800,0
'2026-08-22 08:23:32.889206300,0.023206300,1
'2026-08-22 08:23:32.889206400,0.023206400,0
'2026-08-22 08:23:32.889206500,0.023206500,1
'2026-08-22 08:23:32.889220800,0.023220800,0
'2026-08-22 08:23:32.889220900,0.023220900,1
'2026-08-22 08:23:32.889221100,0.023221100,0
'2026-08-22 08:23:32.889224500,0.023224500,1
'2026-08-22 08:23:32.889224600,0.023224600,0
'2026-08-22 08:23:32.889225300,0.023225300,1
'2026-08-22 08:23:32.889225400,0.023225400,0
'2026-08-22 08:23:32.889225600,0.023225600,1
'2026-08-22 08:23:32.889225700,0.023225700,0
'2026-08-22 08:23:32.889228500,0.023228500,1
'2026-08-22 08:23:32.889228600,0.023228600,0
'2026-08-22 08:23:32.889232600,0.023232600,1
'2026-08-22 08:23:32.889663800,0.023663800,0
'2026-08-22 08:23:32.889675600,0.023675600,1
'2026-08-22 08:23:32.889689800,0.023689800,0
'2026-08-22 08:23:32.889691000,0.023691000,1
'2026-08-22 08:23:32.889691100,0.023691100,0
'2026-08-22 08:23:32.889692300,0.023692300,1
'2026-08-22 08:23:32.889692400,0.023692400,0
'2026-08-22 08:23:32.889701700,0.023701700,1
'2026-08-22 08:23:32.889715900,0.023715900,0
'2026-08-22 08:23:32.889727700,0.023727700,1
'2026-08-22 08:23:32.889742100,0.023742100,0
'2026-08-22 08:23:32.889753800,0.023753800,1
'2026-08-22 08:23:32.889768000,0.023768000,0
'2026-08-22 08:23:32.889775700,0.023775700,1
'2026-08-22 08:23:32.889775800,0.023775800,0
'2026-08-22 08:23:32.889778500,0.023778500,1
'2026-08-22 08:23:32.889778600,0.023778600,0
'2026-08-22 08:23:32.889779900,0.023779900,1
'2026-08-22 08:23:32.889794200,0.023794200,0
'2026-08-22 08:23:32.889794500,0.023794500,1
'2026-08-22 08:23:32.889794600,0.023794600,0
'2026-08-22 08:23:32.889805900,0.023805900,1
'2026-08-22 08:23:32.889820300,0.023820300,0
'2026-08-22 08:23:32.889820700,0.023820700,1
'2026-08-22 08:23:32.889820800,0.023820800,0
'2026-08-22 08:23:32.889821900,0.023821900,1
'2026-08-22 08:23:32.889822000,0.023822000,0
'2026-08-22 08:23:32.889825900,0.023825900,1
'2026-08-22 08:23:32.889826000,0.023826000,0
'2026-08-22 08:23:32.889832000,0.023832000,1
'2026-08-22 08:23:32.889846600,0.023846600,0
'2026-08-22 08:23:32.889847000,0.023847000,1
'2026-08-22 08:23:32.889847100,0.023847100,0
'2026-08-22 08:23:32.889858100,0.023858100,1
'2026-08-22 08:23:32.889872500,0.023872500,0
'2026-08-22 08:23:32.889872700,0.023872700,1
'2026-08-22 08:23:32.889872800,0.023872800,0
'2026-08-22 08:23:32.889873300,0.023873300,1
'2026-08-22 08:23:32.889873400,0.023873400,0
'2026-08-22 08:23:32.889882100,0.023882100,1
'2026-08-22 08:23:32.889882200,0.023882200,0
'2026-08-22 08:23:32.889884200,0.023884200,1
'2026-08-22 08:23:32.889898600,0.023898600,0
'2026-08-22 08:23:32.889902500,0.023902500,1
'2026-08-22 08:23:32.889902600,0.023902600,0
'2026-08-22 08:23:32.889904300,0.023904300,1
'2026-08-22 08:23:32.889904400,0.023904400,0
'2026-08-22 08:23:32.889905100,0.023905100,1
'2026-08-22 08:23:32.889905200,0.023905200,0
'2026-08-22 08:23:32.889910200,0.023910200,1
'2026-08-22 08:23:32.889924800,0.023924800,0
'2026-08-22 08:23:32.889931100,0.023931100,1
'2026-08-22 08:23:32.889931200,0.023931200,0
'2026-08-22 08:23:32.889936300,0.023936300,1
'2026-08-22 08:23:32.889950700,0.023950700,0
'2026-08-22 08:23:32.889951700,0.023951700,1
'2026-08-22 08:23:32.889951800,0.023951800,0
'2026-08-22 08:23:32.889952200,0.023952200,1
'2026-08-22 08:23:32.889952300,0.023952300,0
'2026-08-22 08:23:32.889952700,0.023952700,1
'2026-08-22 08:23:32.889952900,0.023952900,0
'2026-08-22 08:23:32.889953300,0.023953300,1
'2026-08-22 08:23:32.889953400,0.023953400,0
'2026-08-22 08:23:32.889953900,0.023953900,1
'2026-08-22 08:23:32.889954000,0.023954000,0
'2026-08-22 08:23:32.889955000,0.023955000,1
'2026-08-22 08:23:32.889955300,0.023955300,0
'2026-08-22 08:23:32.889955700,0.023955700,1
'2026-08-22 08:23:32.889955800,0.023955800,0
'2026-08-22 08:23:32.889962400,0.023962400,1
'2026-08-22 08:23:32.889976900,0.023976900,0
'2026-08-22 08:23:32.889982000,0.023982000,1
'2026-08-22 08:23:32.889982100,0.023982100,0
'2026-08-22 08:23:32.889985500,0.023985500,1
'2026-08-22 08:23:32.889985600,0.023985600,0
'2026-08-22 08:23:32.889988400,0.023988400,1
'2026-08-22 08:23:32.890002800,0.024002800,0
'2026-08-22 08:23:32.890003000,0.024003000,1
'2026-08-22 08:23:32.890003100,0.024003100,0
'2026-08-22 08:23:32.890003600,0.024003600,1
'2026-08-22 08:23:32.890003700,0.024003700,0
'2026-08-22 08:23:32.890005900,0.024005900,1
'2026-08-22 08:23:32.890006000,0.024006000,0
'2026-08-22 08:23:32.890008300,0.024008300,1
'2026-08-22 08:23:32.890008400,0.024008400,0
'2026-08-22 08:23:32.890013800,0.024013800,1
'2026-08-22 08:23:32.890013900,0.024013900,0
'2026-08-22 08:23:32.890014500,0.024014500,1
'2026-08-22 08:23:32.890029000,0.024029000,0
'2026-08-22 08:23:32.890029900,0.024029900,1
'2026-08-22 08:23:32.890030000,0.024030000,0
'2026-08-22 08:23:32.890031100,0.024031100,1
'2026-08-22 08:23:32.890031200,0.024031200,0
'2026-08-22 08:23:32.890031600,0.024031600,1
'2026-08-22 08:23:32.890031800,0.024031800,0
'2026-08-22 08:23:32.890034500,0.024034500,1
'2026-08-22 08:23:32.890034600,0.024034600,0
'2026-08-22 08:23:32.890035100,0.024035100,1
'2026-08-22 08:23:32.890035200,0.024035200,0
'2026-08-22 08:23:32.890038000,0.024038000,1
'2026-08-22 08:23:32.890038100,0.024038100,0
'2026-08-22 08:23:32.890040600,0.024040600,1
'2026-08-22 08:23:32.890055400,0.024055400,0
'2026-08-22 08:23:32.890055600,0.024055600,1
'2026-08-22 08:23:32.890055700,0.024055700,0
'2026-08-22 08:23:32.890057300,0.024057300,1
'2026-08-22 08:23:32.890057400,0.024057400,0
'2026-08-22 08:23:32.890059700,0.024059700,1
'2026-08-22 08:23:32.890059800,0.024059800,0
'2026-08-22 08:23:32.890062600,0.024062600,1
'2026-08-22 08:23:32.890062700,0.024062700,0
'2026-08-22 08:23:32.890065200,0.024065200,1
'2026-08-22 08:23:32.890478600,0.024478600,0
'2026-08-22 08:23:32.890483700,0.024483700,1
'2026-08-22 08:23:32.890497900,0.024497900,0
'2026-08-22 08:23:32.890509700,0.024509700,1
'2026-08-22 08:23:32.890524100,0.024524100,0
'2026-08-22 08:23:32.890535800,0.024535800,1
'2026-08-22 08:23:32.890550000,0.024550000,0
'2026-08-22 08:23:32.890561900,0.024561900,1
'2026-08-22 08:23:32.890576400,0.024576400,0
'2026-08-22 08:23:32.890576600,0.024576600,1
'2026-08-22 08:23:32.890576700,0.024576700,0
'2026-08-22 08:23:32.890587900,0.024587900,1
'2026-08-22 08:23:32.890602000,0.024602000,0
'2026-08-22 08:23:32.890602100,0.024602100,1
'2026-08-22 08:23:32.890602200,0.024602200,0
'2026-08-22 08:23:32.890602300,0.024602300,1
'2026-08-22 08:23:32.890602400,0.024602400,0
'2026-08-22 08:23:32.890614000,0.024614000,1
'2026-08-22 08:23:32.890628400,0.024628400,0
'2026-08-22 08:23:32.890629200,0.024629200,1
'2026-08-22 08:23:32.890629300,0.024629300,0
'2026-08-22 08:23:32.890638000,0.024638000,1
'2026-08-22 08:23:32.890638100,0.024638100,0
'2026-08-22 08:23:32.890640100,0.024640100,1
'2026-08-22 08:23:32.890654400,0.024654400,0
'2026-08-22 08:23:32.890657400,0.024657400,1
'2026-08-22 08:23:32.890657500,0.024657500,0
'2026-08-22 08:23:32.890666200,0.024666200,1
'2026-08-22 08:23:32.890680500,0.024680500,0
'2026-08-22 08:23:32.890680600,0.024680600,1
'2026-08-22 08:23:32.890680700,0.024680700,0
'2026-08-22 08:23:32.890692200,0.024692200,1
'2026-08-22 08:23:32.890706600,0.024706600,0
'2026-08-22 08:23:32.890706800,0.024706800,1
'2026-08-22 08:23:32.890707000,0.024707000,0
'2026-08-22 08:23:32.890707500,0.024707500,1
'2026-08-22 08:23:32.890707600,0.024707600,0
'2026-08-22 08:23:32.890710200,0.024710200,1
'2026-08-22 08:23:32.890710300,0.024710300,0
'2026-08-22 08:23:32.890718300,0.024718300,1
'2026-08-22 08:23:32.890732700,0.024732700,0
'2026-08-22 08:23:32.890735300,0.024735300,1
'2026-08-22 08:23:32.890735400,0.024735400,0
'2026-08-22 08:23:32.890735700,0.024735700,1
'2026-08-22 08:23:32.890735800,0.024735800,0
'2026-08-22 08:23:32.890744400,0.024744400,1
'2026-08-22 08:23:32.890758800,0.024758800,0
'2026-08-22 08:23:32.890758900,0.024758900,1
'2026-08-22 08:23:32.890759000,0.024759000,0
'2026-08-22 08:23:32.890770500,0.024770500,1
'2026-08-22 08:23:32.890785000,0.024785000,0
'2026-08-22 08:23:32.890788100,0.024788100,1
'2026-08-22 08:23:32.890788200,0.024788200,0
'2026-08-22 08:23:32.890789200,0.024789200,1
'2026-08-22 08:23:32.890789300,0.024789300,0
'2026-08-22 08:23:32.890795700,0.024795700,1
'2026-08-22 08:23:32.890795800,0.024795800,0
'2026-08-22 08:23:32.890796500,0.024796500,1
'2026-08-22 08:23:32.890811100,0.024811100,0
'2026-08-22 08:23:32.890815500,0.024815500,1
'2026-08-22 08:23:32.890815600,0.024815600,0
'2026-08-22 08:23:32.890816100,0.024816100,1
'2026-08-22 08:23:32.890816200,0.024816200,0
'2026-08-22 08:23:32.890817900,0.024817900,1
'2026-08-22 08:23:32.890818000,0.024818000,0
'2026-08-22 08:23:32.890822600,0.024822600,1
'2026-08-22 08:23:32.890837400,0.024837400,0
'2026-08-22 08:23:32.890837700,0.024837700,1
'2026-08-22 08:23:32.890837800,0.024837800,0
'2026-08-22 08:23:32.890838300,0.024838300,1
'2026-08-22 08:23:32.890838400,0.024838400,0
'2026-08-22 08:23:32.890845900,0.024845900,1
'2026-08-22 08:23:32.890846000,0.024846000,0
'2026-08-22 08:23:32.890848300,0.024848300,1
'2026-08-22 08:23:32.890848400,0.024848400,0
'2026-08-22 08:23:32.890848700,0.024848700,1
'2026-08-22 08:23:32.890863000,0.024863000,0
'2026-08-22 08:23:32.890865200,0.024865200,1
'2026-08-22 08:23:32.890865300,0.024865300,0
'2026-08-22 08:23:32.890865800,0.024865800,1
'2026-08-22 08:23:32.890865900,0.024865900,0
'2026-08-22 08:23:32.890866300,0.024866300,1
'2026-08-22 08:23:32.890866400,0.024866400,0
'2026-08-22 08:23:32.890866900,0.024866900,1
'2026-08-22 08:23:32.890867100,0.024867100,0
'2026-08-22 08:23:32.890868100,0.024868100,1
'2026-08-22 08:23:32.890868200,0.024868200,0
'2026-08-22 08:23:32.890868700,0.024868700,1
'2026-08-22 08:23:32.890868800,0.024868800,0
'2026-08-22 08:23:32.890869900,0.024869900,1
'2026-08-22 08:23:32.890870000,0.024870000,0
'2026-08-22 08:23:32.890873900,0.024873900,1
'2026-08-22 08:23:32.890874000,0.024874000,0
'2026-08-22 08:23:32.890874700,0.024874700,1
'2026-08-22 08:23:32.891305900,0.025305900,0
'2026-08-22 08:23:32.891306100,0.025306100,1
'2026-08-22 08:23:32.891306200,0.025306200,0
'2026-08-22 08:23:32.891317800,0.025317800,1
'2026-08-22 08:23:32.891332100,0.025332100,0
'2026-08-22 08:23:32.891343900,0.025343900,1
'2026-08-22 08:23:32.891358200,0.025358200,0
'2026-08-22 08:23:32.891369900,0.025369900,1
'2026-08-22 08:23:32.891384400,0.025384400,0
'2026-08-22 08:23:32.891396000,0.025396000,1
'2026-08-22 08:23:32.891410400,0.025410400,0
'2026-08-22 08:23:32.891422100,0.025422100,1
'2026-08-22 08:23:32.891436400,0.025436400,0
'2026-08-22 08:23:32.891448200,0.025448200,1
'2026-08-22 08:23:32.891462600,0.025462600,0
'2026-08-22 08:23:32.891466100,0.025466100,1
'2026-08-22 08:23:32.891466200,0.025466200,0
'2026-08-22 08:23:32.891474200,0.025474200,1
'2026-08-22 08:23:32.891488600,0.025488600,0
'2026-08-22 08:23:32.891488900,0.025488900,1
'2026-08-22 08:23:32.891489000,0.025489000,0
'2026-08-22 08:23:32.891490100,0.025490100,1
'2026-08-22 08:23:32.891490200,0.025490200,0
'2026-08-22 08:23:32.891492500,0.025492500,1
'2026-08-22 08:23:32.891492600,0.025492600,0
'2026-08-22 08:23:32.891500300,0.025500300,1
'2026-08-22 08:23:32.891514800,0.025514800,0
'2026-08-22 08:23:32.891517000,0.025517000,1
'2026-08-22 08:23:32.891517100,0.025517100,0
'2026-08-22 08:23:32.891526400,0.025526400,1
'2026-08-22 08:23:32.891541000,0.025541000,0
'2026-08-22 08:23:32.891545500,0.025545500,1
'2026-08-22 08:23:32.891545600,0.025545600,0
'2026-08-22 08:23:32.891548500,0.025548500,1
'2026-08-22 08:23:32.891548600,0.025548600,0
'2026-08-22 08:23:32.891550500,0.025550500,1
'2026-08-22 08:23:32.891550600,0.025550600,0
'2026-08-22 08:23:32.891550900,0.025550900,1
'2026-08-22 08:23:32.891551000,0.025551000,0
'2026-08-22 08:23:32.891552500,0.025552500,1
'2026-08-22 08:23:32.891566800,0.025566800,0
'2026-08-22 08:23:32.891567200,0.025567200,1
'2026-08-22 08:23:32.891567300,0.025567300,0
'2026-08-22 08:23:32.891567800,0.025567800,1
'2026-08-22 08:23:32.891567900,0.025567900,0
'2026-08-22 08:23:32.891571300,0.025571300,1
'2026-08-22 08:23:32.891571400,0.025571400,0
'2026-08-22 08:23:32.891578500,0.025578500,1
'2026-08-22 08:23:32.891592800,0.025592800,0
'2026-08-22 08:23:32.891592900,0.025592900,1
'2026-08-22 08:23:32.891593000,0.025593000,0
'2026-08-22 08:23:32.891593500,0.025593500,1
'2026-08-22 08:23:32.891593600,0.025593600,0
'2026-08-22 08:23:32.891604600,0.025604600,1
'2026-08-22 08:23:32.891619000,0.025619000,0
'2026-08-22 08:23:32.891619200,0.025619200,1
'2026-08-22 08:23:32.891619300,0.025619300,0
'2026-08-22 08:23:32.891620800,0.025620800,1
'2026-08-22 08:23:32.891620900,0.025620900,0
'2026-08-22 08:23:32.891622100,0.025622100,1
'2026-08-22 08:23:32.891622200,0.025622200,0
'2026-08-22 08:23:32.891628000,0.025628000,1
'2026-08-22 08:23:32.891628100,0.025628100,0
'2026-08-22 08:23:32.891629200,0.025629200,1
'2026-08-22 08:23:32.891629300,0.025629300,0
'2026-08-22 08:23:32.891630700,0.025630700,1
'2026-08-22 08:23:32.891645300,0.025645300,0
'2026-08-22 08:23:32.891650800,0.025650800,1
'2026-08-22 08:23:32.891650900,0.025650900,0
'2026-08-22 08:23:32.891652500,0.025652500,1
'2026-08-22 08:23:32.891652600,0.025652600,0
'2026-08-22 08:23:32.891654000,0.025654000,1
'2026-08-22 08:23:32.891654100,0.025654100,0
'2026-08-22 08:23:32.891654800,0.025654800,1
'2026-08-22 08:23:32.891655000,0.025655000,0
'2026-08-22 08:23:32.891656700,0.025656700,1
'2026-08-22 08:23:32.891671300,0.025671300,0
'2026-08-22 08:23:32.891673000,0.025673000,1
'2026-08-22 08:23:32.891673100,0.025673100,0
'2026-08-22 08:23:32.891673500,0.025673500,1
'2026-08-22 08:23:32.891673600,0.025673600,0
'2026-08-22 08:23:32.891674100,0.025674100,1
'2026-08-22 08:23:32.891674200,0.025674200,0
'2026-08-22 08:23:32.891675300,0.025675300,1
'2026-08-22 08:23:32.891675400,0.025675400,0
'2026-08-22 08:23:32.891681700,0.025681700,1
'2026-08-22 08:23:32.891681800,0.025681800,0
'2026-08-22 08:23:32.891682300,0.025682300,1
'2026-08-22 08:23:32.891682400,0.025682400,0
'2026-08-22 08:23:32.891682500,0.025682500,1
'2026-08-22 08:23:32.891682600,0.025682600,0
'2026-08-22 08:23:32.891682800,0.025682800,1
'2026-08-22 08:23:32.891697200,0.025697200,0
'2026-08-22 08:23:32.891697500,0.025697500,1
'2026-08-22 08:23:32.891697600,0.025697600,0
'2026-08-22 08:23:32.891698000,0.025698000,1
'2026-08-22 08:23:32.891698100,0.025698100,0
'2026-08-22 08:23:32.891698700,0.025698700,1
'2026-08-22 08:23:32.891698800,0.025698800,0
'2026-08-22 08:23:32.891702100,0.025702100,1
'2026-08-22 08:23:32.891702300,0.025702300,0
'2026-08-22 08:23:32.891703300,0.025703300,1
'2026-08-22 08:23:32.891703400,0.025703400,0
'2026-08-22 08:23:32.891703900,0.025703900,1
'2026-08-22 08:23:32.891704000,0.025704000,0
'2026-08-22 08:23:32.891704500,0.025704500,1
'2026-08-22 08:23:32.891704600,0.025704600,0
'2026-08-22 08:23:32.891705100,0.025705100,1
'2026-08-22 08:23:32.891705200,0.025705200,0
'2026-08-22 08:23:32.891705700,0.025705700,1
'2026-08-22 08:23:32.891705800,0.025705800,0
'2026-08-22 08:23:32.891706300,0.025706300,1
'2026-08-22 08:23:32.891706400,0.025706400,0
'2026-08-22 08:23:32.891708900,0.025708900,1
'2026-08-22 08:23:32.892124800,0.026124800,0
'2026-08-22 08:23:32.892125900,0.026125900,1
'2026-08-22 08:23:32.892140100,0.026140100,0
'2026-08-22 08:23:32.892151900,0.026151900,1
'2026-08-22 08:23:32.892166200,0.026166200,0
'2026-08-22 08:23:32.892178000,0.026178000,1
'2026-08-22 08:23:32.892192200,0.026192200,0
'2026-08-22 08:23:32.892204100,0.026204100,1
'2026-08-22 08:23:32.892218300,0.026218300,0
'2026-08-22 08:23:32.892230200,0.026230200,1
'2026-08-22 08:23:32.892244600,0.026244600,0
'2026-08-22 08:23:32.892245500,0.026245500,1
'2026-08-22 08:23:32.892245600,0.026245600,0
'2026-08-22 08:23:32.892256200,0.026256200,1
'2026-08-22 08:23:32.892270600,0.026270600,0
'2026-08-22 08:23:32.892276500,0.026276500,1
'2026-08-22 08:23:32.892276600,0.026276600,0
'2026-08-22 08:23:32.892278700,0.026278700,1
'2026-08-22 08:23:32.892278800,0.026278800,0
'2026-08-22 08:23:32.892282300,0.026282300,1
'2026-08-22 08:23:32.892296700,0.026296700,0
'2026-08-22 08:23:32.892296900,0.026296900,1
'2026-08-22 08:23:32.892297000,0.026297000,0
'2026-08-22 08:23:32.892308400,0.026308400,1
'2026-08-22 08:23:32.892322800,0.026322800,0
'2026-08-22 08:23:32.892325000,0.026325000,1
'2026-08-22 08:23:32.892325100,0.026325100,0
'2026-08-22 08:23:32.892334500,0.026334500,1
'2026-08-22 08:23:32.892348800,0.026348800,0
'2026-08-22 08:23:32.892348900,0.026348900,1
'2026-08-22 08:23:32.892349200,0.026349200,0
'2026-08-22 08:23:32.892357600,0.026357600,1
'2026-08-22 08:23:32.892357700,0.026357700,0
'2026-08-22 08:23:32.892360500,0.026360500,1
'2026-08-22 08:23:32.892374900,0.026374900,0
'2026-08-22 08:23:32.892375200,0.026375200,1
'2026-08-22 08:23:32.892375400,0.026375400,0
'2026-08-22 08:23:32.892375800,0.026375800,1
'2026-08-22 08:23:32.892375900,0.026375900,0
'2026-08-22 08:23:32.892381700,0.026381700,1
'2026-08-22 08:23:32.892381800,0.026381800,0
'2026-08-22 08:23:32.892386100,0.026386100,1
'2026-08-22 08:23:32.892386200,0.026386200,0
'2026-08-22 08:23:32.892386600,0.026386600,1
'2026-08-22 08:23:32.892401100,0.026401100,0
'2026-08-22 08:23:32.892402100,0.026402100,1
'2026-08-22 08:23:32.892402200,0.026402200,0
'2026-08-22 08:23:32.892405100,0.026405100,1
'2026-08-22 08:23:32.892405200,0.026405200,0
'2026-08-22 08:23:32.892405700,0.026405700,1
'2026-08-22 08:23:32.892405800,0.026405800,0
'2026-08-22 08:23:32.892406800,0.026406800,1
'2026-08-22 08:23:32.892406900,0.026406900,0
'2026-08-22 08:23:32.892412700,0.026412700,1
'2026-08-22 08:23:32.892427000,0.026427000,0
'2026-08-22 08:23:32.892427100,0.026427100,1
'2026-08-22 08:23:32.892427500,0.026427500,0
'2026-08-22 08:23:32.892427800,0.026427800,1
'2026-08-22 08:23:32.892427900,0.026427900,0
'2026-08-22 08:23:32.892431900,0.026431900,1
'2026-08-22 08:23:32.892432000,0.026432000,0
'2026-08-22 08:23:32.892433100,0.026433100,1
'2026-08-22 08:23:32.892433200,0.026433200,0
'2026-08-22 08:23:32.892435400,0.026435400,1
'2026-08-22 08:23:32.892435600,0.026435600,0
'2026-08-22 08:23:32.892436000,0.026436000,1
'2026-08-22 08:23:32.892436100,0.026436100,0
'2026-08-22 08:23:32.892438700,0.026438700,1
'2026-08-22 08:23:32.892453100,0.026453100,0
'2026-08-22 08:23:32.892454700,0.026454700,1
'2026-08-22 08:23:32.892454800,0.026454800,0
'2026-08-22 08:23:32.892455700,0.026455700,1
'2026-08-22 08:23:32.892455800,0.026455800,0
'2026-08-22 08:23:32.892455900,0.026455900,1
'2026-08-22 08:23:32.892456000,0.026456000,0
'2026-08-22 08:23:32.892456500,0.026456500,1
'2026-08-22 08:23:32.892456600,0.026456600,0
'2026-08-22 08:23:32.892456900,0.026456900,1
'2026-08-22 08:23:32.892457100,0.026457100,0
'2026-08-22 08:23:32.892458200,0.026458200,1
'2026-08-22 08:23:32.892458300,0.026458300,0
'2026-08-22 08:23:32.892459400,0.026459400,1
'2026-08-22 08:23:32.892459500,0.026459500,0
'2026-08-22 08:23:32.892459900,0.026459900,1
'2026-08-22 08:23:32.892460000,0.026460000,0
'2026-08-22 08:23:32.892464800,0.026464800,1
'2026-08-22 08:23:32.892479500,0.026479500,0
'2026-08-22 08:23:32.892481000,0.026481000,1
'2026-08-22 08:23:32.892481100,0.026481100,0
'2026-08-22 08:23:32.892485100,0.026485100,1
'2026-08-22 08:23:32.892485200,0.026485200,0
'2026-08-22 08:23:32.892486200,0.026486200,1
'2026-08-22 08:23:32.892486400,0.026486400,0
'2026-08-22 08:23:32.892488600,0.026488600,1
'2026-08-22 08:23:32.892488700,0.026488700,0
'2026-08-22 08:23:32.892489400,0.026489400,1
'2026-08-22 08:23:32.892489500,0.026489500,0
'2026-08-22 08:23:32.892489700,0.026489700,1
'2026-08-22 08:23:32.892489800,0.026489800,0
'2026-08-22 08:23:32.892490900,0.026490900,1
'2026-08-22 08:23:32.892505600,0.026505600,0
'2026-08-22 08:23:32.892505900,0.026505900,1
'2026-08-22 08:23:32.892506000,0.026506000,0
'2026-08-22 08:23:32.892506700,0.026506700,1
'2026-08-22 08:23:32.892506800,0.026506800,0
'2026-08-22 08:23:32.892507900,0.026507900,1
'2026-08-22 08:23:32.892508000,0.026508000,0
'2026-08-22 08:23:32.892510200,0.026510200,1
'2026-08-22 08:23:32.892510300,0.026510300,0
'2026-08-22 08:23:32.892513100,0.026513100,1
'2026-08-22 08:23:32.892513200,0.026513200,0
'2026-08-22 08:23:32.892515000,0.026515000,1
'2026-08-22 08:23:32.892515100,0.026515100,0
'2026-08-22 08:23:32.892515400,0.026515400,1
'2026-08-22 08:23:32.892515600,0.026515600,0
'2026-08-22 08:23:32.892517000,0.026517000,1
'2026-08-22 08:23:32.892531400,0.026531400,0
'2026-08-22 08:23:32.892531800,0.026531800,1
'2026-08-22 08:23:32.892531900,0.026531900,0
'2026-08-22 08:23:32.892532300,0.026532300,1
'2026-08-22 08:23:32.892532400,0.026532400,0
'2026-08-22 08:23:32.892533600,0.026533600,1
'2026-08-22 08:23:32.892533700,0.026533700,0
'2026-08-22 08:23:32.892534200,0.026534200,1
'2026-08-22 08:23:32.892955500,0.026955500,0
'2026-08-22 08:23:32.892960000,0.026960000,1
'2026-08-22 08:23:32.892974200,0.026974200,0
'2026-08-22 08:23:32.892986100,0.026986100,1
'2026-08-22 08:23:32.893000200,0.027000200,0
'2026-08-22 08:23:32.893000300,0.027000300,1
'2026-08-22 08:23:32.893000500,0.027000500,0
'2026-08-22 08:23:32.893012200,0.027012200,1
'2026-08-22 08:23:32.893026500,0.027026500,0
'2026-08-22 08:23:32.893027200,0.027027200,1
'2026-08-22 08:23:32.893027300,0.027027300,0
'2026-08-22 08:23:32.893038200,0.027038200,1
'2026-08-22 08:23:32.893052600,0.027052600,0
'2026-08-22 08:23:32.893064300,0.027064300,1
'2026-08-22 08:23:32.893078600,0.027078600,0
'2026-08-22 08:23:32.893078700,0.027078700,1
'2026-08-22 08:23:32.893078800,0.027078800,0
'2026-08-22 08:23:32.893090400,0.027090400,1
'2026-08-22 08:23:32.893104700,0.027104700,0
'2026-08-22 08:23:32.893111400,0.027111400,1
'2026-08-22 08:23:32.893111500,0.027111500,0
'2026-08-22 08:23:32.893116400,0.027116400,1
'2026-08-22 08:23:32.893130800,0.027130800,0
'2026-08-22 08:23:32.893131300,0.027131300,1
'2026-08-22 08:23:32.893131400,0.027131400,0
'2026-08-22 08:23:32.893142300,0.027142300,1
'2026-08-22 08:23:32.893156900,0.027156900,0
'2026-08-22 08:23:32.893157000,0.027157000,1
'2026-08-22 08:23:32.893157100,0.027157100,0
'2026-08-22 08:23:32.893158400,0.027158400,1
'2026-08-22 08:23:32.893158500,0.027158500,0
'2026-08-22 08:23:32.893162300,0.027162300,1
'2026-08-22 08:23:32.893162400,0.027162400,0
'2026-08-22 08:23:32.893168600,0.027168600,1
'2026-08-22 08:23:32.893183000,0.027183000,0
'2026-08-22 08:23:32.893183200,0.027183200,1
'2026-08-22 08:23:32.893183400,0.027183400,0
'2026-08-22 08:23:32.893193200,0.027193200,1
'2026-08-22 08:23:32.893193300,0.027193300,0
'2026-08-22 08:23:32.893194700,0.027194700,1
'2026-08-22 08:23:32.893209100,0.027209100,0
'2026-08-22 08:23:32.893213400,0.027213400,1
'2026-08-22 08:23:32.893213500,0.027213500,0
'2026-08-22 08:23:32.893220700,0.027220700,1
'2026-08-22 08:23:32.893235200,0.027235200,0
'2026-08-22 08:23:32.893239300,0.027239300,1
'2026-08-22 08:23:32.893239400,0.027239400,0
'2026-08-22 08:23:32.893240500,0.027240500,1
'2026-08-22 08:23:32.893240600,0.027240600,0
'2026-08-22 08:23:32.893246800,0.027246800,1
'2026-08-22 08:23:32.893261300,0.027261300,0
'2026-08-22 08:23:32.893261500,0.027261500,1
'2026-08-22 08:23:32.893261700,0.027261700,0
'2026-08-22 08:23:32.893265000,0.027265000,1
'2026-08-22 08:23:32.893265100,0.027265100,0
'2026-08-22 08:23:32.893269200,0.027269200,1
'2026-08-22 08:23:32.893269300,0.027269300,0
'2026-08-22 08:23:32.893269700,0.027269700,1
'2026-08-22 08:23:32.893269800,0.027269800,0
'2026-08-22 08:23:32.893270500,0.027270500,1
'2026-08-22 08:23:32.893270600,0.027270600,0
'2026-08-22 08:23:32.893270900,0.027270900,1
'2026-08-22 08:23:32.893271000,0.027271000,0
'2026-08-22 08:23:32.893271500,0.027271500,1
'2026-08-22 08:23:32.893271600,0.027271600,0
'2026-08-22 08:23:32.893272900,0.027272900,1
'2026-08-22 08:23:32.893287400,0.027287400,0
'2026-08-22 08:23:32.893287800,0.027287800,1
'2026-08-22 08:23:32.893288000,0.027288000,0
'2026-08-22 08:23:32.893288500,0.027288500,1
'2026-08-22 08:23:32.893288600,0.027288600,0
'2026-08-22 08:23:32.893290700,0.027290700,1
'2026-08-22 08:23:32.893290900,0.027290900,0
'2026-08-22 08:23:32.893291900,0.027291900,1
'2026-08-22 08:23:32.893292000,0.027292000,0
'2026-08-22 08:23:32.893294300,0.027294300,1
'2026-08-22 08:23:32.893294400,0.027294400,0
'2026-08-22 08:23:32.893298900,0.027298900,1
'2026-08-22 08:23:32.893313400,0.027313400,0
'2026-08-22 08:23:32.893313500,0.027313500,1
'2026-08-22 08:23:32.893313700,0.027313700,0
'2026-08-22 08:23:32.893318800,0.027318800,1
'2026-08-22 08:23:32.893318900,0.027318900,0
'2026-08-22 08:23:32.893319200,0.027319200,1
'2026-08-22 08:23:32.893319300,0.027319300,0
'2026-08-22 08:23:32.893320500,0.027320500,1
'2026-08-22 08:23:32.893320600,0.027320600,0
'2026-08-22 08:23:32.893321100,0.027321100,1
'2026-08-22 08:23:32.893321200,0.027321200,0
'2026-08-22 08:23:32.893322100,0.027322100,1
'2026-08-22 08:23:32.893322200,0.027322200,0
'2026-08-22 08:23:32.893322300,0.027322300,1
'2026-08-22 08:23:32.893322400,0.027322400,0
'2026-08-22 08:23:32.893323500,0.027323500,1
'2026-08-22 08:23:32.893323600,0.027323600,0
'2026-08-22 08:23:32.893325000,0.027325000,1
'2026-08-22 08:23:32.893339400,0.027339400,0
'2026-08-22 08:23:32.893339800,0.027339800,1
'2026-08-22 08:23:32.893339900,0.027339900,0
'2026-08-22 08:23:32.893340400,0.027340400,1
'2026-08-22 08:23:32.893340500,0.027340500,0
'2026-08-22 08:23:32.893340900,0.027340900,1
'2026-08-22 08:23:32.893341100,0.027341100,0
'2026-08-22 08:23:32.893341300,0.027341300,1
'2026-08-22 08:23:32.893341400,0.027341400,0
'2026-08-22 08:23:32.893342100,0.027342100,1
'2026-08-22 08:23:32.893342200,0.027342200,0
'2026-08-22 08:23:32.893342700,0.027342700,1
'2026-08-22 08:23:32.893342800,0.027342800,0
'2026-08-22 08:23:32.893343300,0.027343300,1
'2026-08-22 08:23:32.893343400,0.027343400,0
'2026-08-22 08:23:32.893349700,0.027349700,1
'2026-08-22 08:23:32.893349800,0.027349800,0
'2026-08-22 08:23:32.893350300,0.027350300,1
'2026-08-22 08:23:32.893350400,0.027350400,0
'2026-08-22 08:23:32.893351100,0.027351100,1
'2026-08-22 08:23:32.893782300,0.027782300,0
'2026-08-22 08:23:32.893794100,0.027794100,1
'2026-08-22 08:23:32.893808400,0.027808400,0
'2026-08-22 08:23:32.893820200,0.027820200,1
'2026-08-22 08:23:32.893834500,0.027834500,0
'2026-08-22 08:23:32.893846300,0.027846300,1
'2026-08-22 08:23:32.893860500,0.027860500,0
'2026-08-22 08:23:32.893861200,0.027861200,1
'2026-08-22 08:23:32.893861300,0.027861300,0
'2026-08-22 08:23:32.893872400,0.027872400,1
'2026-08-22 08:23:32.893886600,0.027886600,0
'2026-08-22 08:23:32.893886700,0.027886700,1
'2026-08-22 08:23:32.893886800,0.027886800,0
'2026-08-22 08:23:32.893898400,0.027898400,1
'2026-08-22 08:23:32.893912800,0.027912800,0
'2026-08-22 08:23:32.893924500,0.027924500,1
'2026-08-22 08:23:32.893938900,0.027938900,0
'2026-08-22 08:23:32.893939000,0.027939000,1
'2026-08-22 08:23:32.893939100,0.027939100,0
'2026-08-22 08:23:32.893941500,0.027941500,1
'2026-08-22 08:23:32.893941600,0.027941600,0
'2026-08-22 08:23:32.893945500,0.027945500,1
'2026-08-22 08:23:32.893945600,0.027945600,0
'2026-08-22 08:23:32.893950600,0.027950600,1
'2026-08-22 08:23:32.893965000,0.027965000,0
'2026-08-22 08:23:32.893976700,0.027976700,1
'2026-08-22 08:23:32.893991100,0.027991100,0
'2026-08-22 08:23:32.893993300,0.027993300,1
'2026-08-22 08:23:32.893993400,0.027993400,0
'2026-08-22 08:23:32.893995100,0.027995100,1
'2026-08-22 08:23:32.893995200,0.027995200,0
'2026-08-22 08:23:32.894002700,0.028002700,1
'2026-08-22 08:23:32.894017100,0.028017100,0
'2026-08-22 08:23:32.894017200,0.028017200,1
'2026-08-22 08:23:32.894017300,0.028017300,0
'2026-08-22 08:23:32.894023700,0.028023700,1
'2026-08-22 08:23:32.894023800,0.028023800,0
'2026-08-22 08:23:32.894028800,0.028028800,1
'2026-08-22 08:23:32.894043200,0.028043200,0
'2026-08-22 08:23:32.894049800,0.028049800,1
'2026-08-22 08:23:32.894049900,0.028049900,0
'2026-08-22 08:23:32.894054900,0.028054900,1
'2026-08-22 08:23:32.894069300,0.028069300,0
'2026-08-22 08:23:32.894073600,0.028073600,1
'2026-08-22 08:23:32.894073700,0.028073700,0
'2026-08-22 08:23:32.894073900,0.028073900,1
'2026-08-22 08:23:32.894074000,0.028074000,0
'2026-08-22 08:23:32.894075000,0.028075000,1
'2026-08-22 08:23:32.894075200,0.028075200,0
'2026-08-22 08:23:32.894081000,0.028081000,1
'2026-08-22 08:23:32.894095400,0.028095400,0
'2026-08-22 08:23:32.894095500,0.028095500,1
'2026-08-22 08:23:32.894095600,0.028095600,0
'2026-08-22 08:23:32.894102500,0.028102500,1
'2026-08-22 08:23:32.894102600,0.028102600,0
'2026-08-22 08:23:32.894103100,0.028103100,1
'2026-08-22 08:23:32.894103200,0.028103200,0
'2026-08-22 08:23:32.894106200,0.028106200,1
'2026-08-22 08:23:32.894106300,0.028106300,0
'2026-08-22 08:23:32.894107000,0.028107000,1
'2026-08-22 08:23:32.894121400,0.028121400,0
'2026-08-22 08:23:32.894122300,0.028122300,1
'2026-08-22 08:23:32.894122500,0.028122500,0
'2026-08-22 08:23:32.894124700,0.028124700,1
'2026-08-22 08:23:32.894124800,0.028124800,0
'2026-08-22 08:23:32.894125300,0.028125300,1
'2026-08-22 08:23:32.894125400,0.028125400,0
'2026-08-22 08:23:32.894132900,0.028132900,1
'2026-08-22 08:23:32.894133000,0.028133000,0
'2026-08-22 08:23:32.894133100,0.028133100,1
'2026-08-22 08:23:32.894147600,0.028147600,0
'2026-08-22 08:23:32.894151600,0.028151600,1
'2026-08-22 08:23:32.894151700,0.028151700,0
'2026-08-22 08:23:32.894152100,0.028152100,1
'2026-08-22 08:23:32.894152200,0.028152200,0
'2026-08-22 08:23:32.894152700,0.028152700,1
'2026-08-22 08:23:32.894152800,0.028152800,0
'2026-08-22 08:23:32.894153300,0.028153300,1
'2026-08-22 08:23:32.894153400,0.028153400,0
'2026-08-22 08:23:32.894153900,0.028153900,1
'2026-08-22 08:23:32.894154000,0.028154000,0
'2026-08-22 08:23:32.894154500,0.028154500,1
'2026-08-22 08:23:32.894154600,0.028154600,0
'2026-08-22 08:23:32.894155100,0.028155100,1
'2026-08-22 08:23:32.894155300,0.028155300,0
'2026-08-22 08:23:32.894155600,0.028155600,1
'2026-08-22 08:23:32.894155700,0.028155700,0
'2026-08-22 08:23:32.894156400,0.028156400,1
'2026-08-22 08:23:32.894156500,0.028156500,0
'2026-08-22 08:23:32.894156800,0.028156800,1
'2026-08-22 08:23:32.894156900,0.028156900,0
'2026-08-22 08:23:32.894159200,0.028159200,1
'2026-08-22 08:23:32.894173900,0.028173900,0
'2026-08-22 08:23:32.894174300,0.028174300,1
'2026-08-22 08:23:32.894174400,0.028174400,0
'2026-08-22 08:23:32.894174700,0.028174700,1
'2026-08-22 08:23:32.894174800,0.028174800,0
'2026-08-22 08:23:32.894174900,0.028174900,1
'2026-08-22 08:23:32.894175000,0.028175000,0
'2026-08-22 08:23:32.894175500,0.028175500,1
'2026-08-22 08:23:32.894175700,0.028175700,0
'2026-08-22 08:23:32.894175900,0.028175900,1
'2026-08-22 08:23:32.894176000,0.028176000,0
'2026-08-22 08:23:32.894176100,0.028176100,1
'2026-08-22 08:23:32.894176200,0.028176200,0
'2026-08-22 08:23:32.894180300,0.028180300,1
'2026-08-22 08:23:32.894601500,0.028601500,0
'2026-08-22 08:23:32.894602200,0.028602200,1
'2026-08-22 08:23:32.894616600,0.028616600,0
'2026-08-22 08:23:32.894620500,0.028620500,1
'2026-08-22 08:23:32.894620600,0.028620600,0
'2026-08-22 08:23:32.894628300,0.028628300,1
'2026-08-22 08:23:32.894642600,0.028642600,0
'2026-08-22 08:23:32.894654400,0.028654400,1
'2026-08-22 08:23:32.894668700,0.028668700,0
'2026-08-22 08:23:32.894680500,0.028680500,1
'2026-08-22 08:23:32.894694800,0.028694800,0
'2026-08-22 08:23:32.894706500,0.028706500,1
'2026-08-22 08:23:32.894720800,0.028720800,0
'2026-08-22 08:23:32.894732600,0.028732600,1
'2026-08-22 08:23:32.894746900,0.028746900,0
'2026-08-22 08:23:32.894747300,0.028747300,1
'2026-08-22 08:23:32.894747400,0.028747400,0
'2026-08-22 08:23:32.894758700,0.028758700,1
'2026-08-22 08:23:32.894773200,0.028773200,0
'2026-08-22 08:23:32.894777500,0.028777500,1
'2026-08-22 08:23:32.894777600,0.028777600,0
'2026-08-22 08:23:32.894784800,0.028784800,1
'2026-08-22 08:23:32.894799200,0.028799200,0
'2026-08-22 08:23:32.894799300,0.028799300,1
'2026-08-22 08:23:32.894799400,0.028799400,0
'2026-08-22 08:23:32.894803900,0.028803900,1
'2026-08-22 08:23:32.894804000,0.028804000,0
'2026-08-22 08:23:32.894810800,0.028810800,1
'2026-08-22 08:23:32.894825200,0.028825200,0
'2026-08-22 08:23:32.894825500,0.028825500,1
'2026-08-22 08:23:32.894825600,0.028825600,0
'2026-08-22 08:23:32.894835500,0.028835500,1
'2026-08-22 08:23:32.894835600,0.028835600,0
'2026-08-22 08:23:32.894836900,0.028836900,1
'2026-08-22 08:23:32.894851400,0.028851400,0
'2026-08-22 08:23:32.894863000,0.028863000,1
'2026-08-22 08:23:32.894877600,0.028877600,0
'2026-08-22 08:23:32.894878100,0.028878100,1
'2026-08-22 08:23:32.894878200,0.028878200,0
'2026-08-22 08:23:32.894878700,0.028878700,1
'2026-08-22 08:23:32.894878800,0.028878800,0
'2026-08-22 08:23:32.894881600,0.028881600,1
'2026-08-22 08:23:32.894881700,0.028881700,0
'2026-08-22 08:23:32.894883900,0.028883900,1
'2026-08-22 08:23:32.894884000,0.028884000,0
'2026-08-22 08:23:32.894885700,0.028885700,1
'2026-08-22 08:23:32.894885800,0.028885800,0
'2026-08-22 08:23:32.894889100,0.028889100,1
'2026-08-22 08:23:32.894903500,0.028903500,0
'2026-08-22 08:23:32.894903800,0.028903800,1
'2026-08-22 08:23:32.894903900,0.028903900,0
'2026-08-22 08:23:32.894904400,0.028904400,1
'2026-08-22 08:23:32.894904500,0.028904500,0
'2026-08-22 08:23:32.894904900,0.028904900,1
'2026-08-22 08:23:32.894905000,0.028905000,0
'2026-08-22 08:23:32.894905500,0.028905500,1
'2026-08-22 08:23:32.894905600,0.028905600,0
'2026-08-22 08:23:32.894914300,0.028914300,1
'2026-08-22 08:23:32.894914400,0.028914400,0
'2026-08-22 08:23:32.894915100,0.028915100,1
'2026-08-22 08:23:32.894929600,0.028929600,0
'2026-08-22 08:23:32.894929700,0.028929700,1
'2026-08-22 08:23:32.894929800,0.028929800,0
'2026-08-22 08:23:32.894930000,0.028930000,1
'2026-08-22 08:23:32.894930100,0.028930100,0
'2026-08-22 08:23:32.894931800,0.028931800,1
'2026-08-22 08:23:32.894932000,0.028932000,0
'2026-08-22 08:23:32.894932100,0.028932100,1
'2026-08-22 08:23:32.894932200,0.028932200,0
'2026-08-22 08:23:32.894935300,0.028935300,1
'2026-08-22 08:23:32.894935400,0.028935400,0
'2026-08-22 08:23:32.894941200,0.028941200,1
'2026-08-22 08:23:32.894955400,0.028955400,0
'2026-08-22 08:23:32.894955500,0.028955500,1
'2026-08-22 08:23:32.894955800,0.028955800,0
'2026-08-22 08:23:32.894961100,0.028961100,1
'2026-08-22 08:23:32.894961200,0.028961200,0
'2026-08-22 08:23:32.894961600,0.028961600,1
'2026-08-22 08:23:32.894961700,0.028961700,0
'2026-08-22 08:23:32.894962200,0.028962200,1
'2026-08-22 08:23:32.894962300,0.028962300,0
'2026-08-22 08:23:32.894962700,0.028962700,1
'2026-08-22 08:23:32.894962800,0.028962800,0
'2026-08-22 08:23:32.894965100,0.028965100,1
'2026-08-22 08:23:32.894965200,0.028965200,0
'2026-08-22 08:23:32.894967300,0.028967300,1
'2026-08-22 08:23:32.894981600,0.028981600,0
'2026-08-22 08:23:32.894982100,0.028982100,1
'2026-08-22 08:23:32.894982200,0.028982200,0
'2026-08-22 08:23:32.894983800,0.028983800,1
'2026-08-22 08:23:32.894983900,0.028983900,0
'2026-08-22 08:23:32.894984900,0.028984900,1
'2026-08-22 08:23:32.894985000,0.028985000,0
'2026-08-22 08:23:32.894985500,0.028985500,1
'2026-08-22 08:23:32.894985600,0.028985600,0
'2026-08-22 08:23:32.894985900,0.028985900,1
'2026-08-22 08:23:32.894986000,0.028986000,0
'2026-08-22 08:23:32.894987900,0.028987900,1
'2026-08-22 08:23:32.894988000,0.028988000,0
'2026-08-22 08:23:32.894991300,0.028991300,1
'2026-08-22 08:23:32.894991400,0.028991400,0
'2026-08-22 08:23:32.894992500,0.028992500,1
'2026-08-22 08:23:32.894992600,0.028992600,0
'2026-08-22 08:23:32.894993300,0.028993300,1
'2026-08-22 08:23:32.895008000,0.029008000,0
'2026-08-22 08:23:32.895008300,0.029008300,1
'2026-08-22 08:23:32.895008500,0.029008500,0
'2026-08-22 08:23:32.895009500,0.029009500,1
'2026-08-22 08:23:32.895009600,0.029009600,0
'2026-08-22 08:23:32.895010600,0.029010600,1
'2026-08-22 08:23:32.895010700,0.029010700,0
'2026-08-22 08:23:32.895011000,0.029011000,1
'2026-08-22 08:23:32.895424600,0.029424600,0
'2026-08-22 08:23:32.895436400,0.029436400,1
'2026-08-22 08:23:32.895450600,0.029450600,0
'2026-08-22 08:23:32.895450800,0.029450800,1
'2026-08-22 08:23:32.895450900,0.029450900,0
'2026-08-22 08:23:32.895462500,0.029462500,1
'2026-08-22 08:23:32.895476800,0.029476800,0
'2026-08-22 08:23:32.895477100,0.029477100,1
'2026-08-22 08:23:32.895477200,0.029477200,0
'2026-08-22 08:23:32.895488600,0.029488600,1
'2026-08-22 08:23:32.895503000,0.029503000,0
'2026-08-22 08:23:32.895514600,0.029514600,1
'2026-08-22 08:23:32.895529000,0.029529000,0
'2026-08-22 08:23:32.895531100,0.029531100,1
'2026-08-22 08:23:32.895531200,0.029531200,0
'2026-08-22 08:23:32.895540700,0.029540700,1
'2026-08-22 08:23:32.895555000,0.029555000,0
'2026-08-22 08:23:32.895563500,0.029563500,1
'2026-08-22 08:23:32.895563600,0.029563600,0
'2026-08-22 08:23:32.895566800,0.029566800,1
'2026-08-22 08:23:32.895581200,0.029581200,0
'2026-08-22 08:23:32.895592100,0.029592100,1
'2026-08-22 08:23:32.895592200,0.029592200,0
'2026-08-22 08:23:32.895592900,0.029592900,1
'2026-08-22 08:23:32.895607500,0.029607500,0
'2026-08-22 08:23:32.895618900,0.029618900,1
'2026-08-22 08:23:32.895633400,0.029633400,0
'2026-08-22 08:23:32.895633600,0.029633600,1
'2026-08-22 08:23:32.895633700,0.029633700,0
'2026-08-22 08:23:32.895636500,0.029636500,1
'2026-08-22 08:23:32.895636600,0.029636600,0
'2026-08-22 08:23:32.895645000,0.029645000,1
'2026-08-22 08:23:32.895659400,0.029659400,0
'2026-08-22 08:23:32.895661300,0.029661300,1
'2026-08-22 08:23:32.895661400,0.029661400,0
'2026-08-22 08:23:32.895666800,0.029666800,1
'2026-08-22 08:23:32.895666900,0.029666900,0
'2026-08-22 08:23:32.895671100,0.029671100,1
'2026-08-22 08:23:32.895685600,0.029685600,0
'2026-08-22 08:23:32.895686700,0.029686700,1
'2026-08-22 08:23:32.895686800,0.029686800,0
'2026-08-22 08:23:32.895689100,0.029689100,1
'2026-08-22 08:23:32.895689200,0.029689200,0
'2026-08-22 08:23:32.895693100,0.029693100,1
'2026-08-22 08:23:32.895693200,0.029693200,0
'2026-08-22 08:23:32.895694300,0.029694300,1
'2026-08-22 08:23:32.895694400,0.029694400,0
'2026-08-22 08:23:32.895694900,0.029694900,1
'2026-08-22 08:23:32.895695000,0.029695000,0
'2026-08-22 08:23:32.895695100,0.029695100,1
'2026-08-22 08:23:32.895695200,0.029695200,0
'2026-08-22 08:23:32.895695500,0.029695500,1
'2026-08-22 08:23:32.895695600,0.029695600,0
'2026-08-22 08:23:32.895696600,0.029696600,1
'2026-08-22 08:23:32.895696800,0.029696800,0
'2026-08-22 08:23:32.895697200,0.029697200,1
'2026-08-22 08:23:32.895711600,0.029711600,0
'2026-08-22 08:23:32.895711800,0.029711800,1
'2026-08-22 08:23:32.895711900,0.029711900,0
'2026-08-22 08:23:32.895712300,0.029712300,1
'2026-08-22 08:23:32.895712600,0.029712600,0
'2026-08-22 08:23:32.895713000,0.029713000,1
'2026-08-22 08:23:32.895713200,0.029713200,0
'2026-08-22 08:23:32.895713500,0.029713500,1
'2026-08-22 08:23:32.895713700,0.029713700,0
'2026-08-22 08:23:32.895714100,0.029714100,1
'2026-08-22 08:23:32.895714200,0.029714200,0
'2026-08-22 08:23:32.895714700,0.029714700,1
'2026-08-22 08:23:32.895714800,0.029714800,0
'2026-08-22 08:23:32.895714900,0.029714900,1
'2026-08-22 08:23:32.895715000,0.029715000,0
'2026-08-22 08:23:32.895715300,0.029715300,1
'2026-08-22 08:23:32.895715400,0.029715400,0
'2026-08-22 08:23:32.895715500,0.029715500,1
'2026-08-22 08:23:32.895715600,0.029715600,0
'2026-08-22 08:23:32.895715900,0.029715900,1
'2026-08-22 08:23:32.895716000,0.029716000,0
'2026-08-22 08:23:32.895716400,0.029716400,1
'2026-08-22 08:23:32.895716500,0.029716500,0
'2026-08-22 08:23:32.895722300,0.029722300,1
'2026-08-22 08:23:32.895722400,0.029722400,0
'2026-08-22 08:23:32.895722900,0.029722900,1
'2026-08-22 08:23:32.895723000,0.029723000,0
'2026-08-22 08:23:32.895723200,0.029723200,1
'2026-08-22 08:23:32.895737700,0.029737700,0
'2026-08-22 08:23:32.895738100,0.029738100,1
'2026-08-22 08:23:32.895738200,0.029738200,0
'2026-08-22 08:23:32.895738300,0.029738300,1
'2026-08-22 08:23:32.895738400,0.029738400,0
'2026-08-22 08:23:32.895742100,0.029742100,1
'2026-08-22 08:23:32.895742200,0.029742200,0
'2026-08-22 08:23:32.895743800,0.029743800,1
'2026-08-22 08:23:32.895744000,0.029744000,0
'2026-08-22 08:23:32.895744500,0.029744500,1
'2026-08-22 08:23:32.895744600,0.029744600,0
'2026-08-22 08:23:32.895744900,0.029744900,1
'2026-08-22 08:23:32.895745000,0.029745000,0
'2026-08-22 08:23:32.895745700,0.029745700,1
'2026-08-22 08:23:32.895745900,0.029745900,0
'2026-08-22 08:23:32.895749300,0.029749300,1
'2026-08-22 08:23:32.895764500,0.029764500,0
'2026-08-22 08:23:32.895764900,0.029764900,1
'2026-08-22 08:23:32.895765100,0.029765100,0
'2026-08-22 08:23:32.895765300,0.029765300,1
'2026-08-22 08:23:32.895765400,0.029765400,0
'2026-08-22 08:23:32.895765500,0.029765500,1
'2026-08-22 08:23:32.895765600,0.029765600,0
'2026-08-22 08:23:32.895766100,0.029766100,1
'2026-08-22 08:23:32.895766200,0.029766200,0
'2026-08-22 08:23:32.895766600,0.029766600,1
'2026-08-22 08:23:32.895766800,0.029766800,0
'2026-08-22 08:23:32.895773100,0.029773100,1
'2026-08-22 08:23:32.895773200,0.029773200,0
'2026-08-22 08:23:32.895773700,0.029773700,1
'2026-08-22 08:23:32.895773800,0.029773800,0
'2026-08-22 08:23:32.895774300,0.029774300,1
'2026-08-22 08:23:32.895774400,0.029774400,0
'2026-08-22 08:23:32.895774900,0.029774900,1
'2026-08-22 08:23:32.895775000,0.029775000,0
'2026-08-22 08:23:32.895775400,0.029775400,1
'2026-08-22 08:23:32.895789800,0.029789800,0
'2026-08-22 08:23:32.895791700,0.029791700,1
'2026-08-22 08:23:32.895791900,0.029791900,0
'2026-08-22 08:23:32.895792400,0.029792400,1
'2026-08-22 08:23:32.895792500,0.029792500,0
'2026-08-22 08:23:32.895793600,0.029793600,1
'2026-08-22 08:23:32.895793700,0.029793700,0
'2026-08-22 08:23:32.895794100,0.029794100,1
'2026-08-22 08:23:32.895794200,0.029794200,0
'2026-08-22 08:23:32.895794300,0.029794300,1
'2026-08-22 08:23:32.895794400,0.029794400,0
'2026-08-22 08:23:32.895795300,0.029795300,1
'2026-08-22 08:23:32.895795400,0.029795400,0
'2026-08-22 08:23:32.895795900,0.029795900,1
'2026-08-22 08:23:32.895796000,0.029796000,0
'2026-08-22 08:23:32.895796500,0.029796500,1
'2026-08-22 08:23:32.895796600,0.029796600,0
'2026-08-22 08:23:32.895796900,0.029796900,1
'2026-08-22 08:23:32.895797000,0.029797000,0
'2026-08-22 08:23:32.895797100,0.029797100,1
'2026-08-22 08:23:32.895797200,0.029797200,0
'2026-08-22 08:23:32.895799400,0.029799400,1
'2026-08-22 08:23:32.895799500,0.029799500,0
'2026-08-22 08:23:32.895801500,0.029801500,1
'2026-08-22 08:23:32.895816100,0.029816100,0
'2026-08-22 08:23:32.895816300,0.029816300,1
'2026-08-22 08:23:32.895816400,0.029816400,0
'2026-08-22 08:23:32.895817100,0.029817100,1
'2026-08-22 08:23:32.895817200,0.029817200,0
'2026-08-22 08:23:32.895817300,0.029817300,1
'2026-08-22 08:23:32.895817400,0.029817400,0
'2026-08-22 08:23:32.895817500,0.029817500,1
'2026-08-22 08:23:32.895817600,0.029817600,0
'2026-08-22 08:23:32.895818100,0.029818100,1
'2026-08-22 08:23:32.895818200,0.029818200,0
'2026-08-22 08:23:32.895822100,0.029822100,1
'2026-08-22 08:23:32.895822200,0.029822200,0
'2026-08-22 08:23:32.895823100,0.029823100,1
'2026-08-22 08:23:32.895823200,0.029823200,0
'2026-08-22 08:23:32.895823300,0.029823300,1
'2026-08-22 08:23:32.895823400,0.029823400,0
'2026-08-22 08:23:32.895823900,0.029823900,1
'2026-08-22 08:23:32.895824000,0.029824000,0
'2026-08-22 08:23:32.895825700,0.029825700,1
'2026-08-22 08:23:32.895825800,0.029825800,0
'2026-08-22 08:23:32.895826200,0.029826200,1
'2026-08-22 08:23:32.895826400,0.029826400,0
'2026-08-22 08:23:32.895826800,0.029826800,1
'2026-08-22 08:23:32.895826900,0.029826900,0
'2026-08-22 08:23:32.895827300,0.029827300,1
'2026-08-22 08:23:32.896258800,0.030258800,0
'2026-08-22 08:23:32.896258900,0.030258900,1
'2026-08-22 08:23:32.896259000,0.030259000,0
'2026-08-22 08:23:32.896270600,0.030270600,1
'2026-08-22 08:23:32.896284900,0.030284900,0
'2026-08-22 08:23:32.896286700,0.030286700,1
'2026-08-22 08:23:32.896286800,0.030286800,0
'2026-08-22 08:23:32.896296700,0.030296700,1
'2026-08-22 08:23:32.896311000,0.030311000,0
'2026-08-22 08:23:32.896322800,0.030322800,1
'2026-08-22 08:23:32.896337000,0.030337000,0
'2026-08-22 08:23:32.896337100,0.030337100,1
'2026-08-22 08:23:32.896337400,0.030337400,0
'2026-08-22 08:23:32.896348800,0.030348800,1
'2026-08-22 08:23:32.896363200,0.030363200,0
'2026-08-22 08:23:32.896374900,0.030374900,1
'2026-08-22 08:23:32.896389300,0.030389300,0
'2026-08-22 08:23:32.896390300,0.030390300,1
'2026-08-22 08:23:32.896390400,0.030390400,0
'2026-08-22 08:23:32.896397900,0.030397900,1
'2026-08-22 08:23:32.896398000,0.030398000,0
'2026-08-22 08:23:32.896398500,0.030398500,1
'2026-08-22 08:23:32.896398600,0.030398600,0
'2026-08-22 08:23:32.896399000,0.030399000,1
'2026-08-22 08:23:32.896399100,0.030399100,0
'2026-08-22 08:23:32.896401000,0.030401000,1
'2026-08-22 08:23:32.896415300,0.030415300,0
'2026-08-22 08:23:32.896418300,0.030418300,1
'2026-08-22 08:23:32.896418400,0.030418400,0
'2026-08-22 08:23:32.896420100,0.030420100,1
'2026-08-22 08:23:32.896420200,0.030420200,0
'2026-08-22 08:23:32.896420600,0.030420600,1
'2026-08-22 08:23:32.896420800,0.030420800,0
'2026-08-22 08:23:32.896427100,0.030427100,1
'2026-08-22 08:23:32.896441400,0.030441400,0
'2026-08-22 08:23:32.896443000,0.030443000,1
'2026-08-22 08:23:32.896443100,0.030443100,0
'2026-08-22 08:23:32.896443500,0.030443500,1
'2026-08-22 08:23:32.896443600,0.030443600,0
'2026-08-22 08:23:32.896444600,0.030444600,1
'2026-08-22 08:23:32.896444700,0.030444700,0
'2026-08-22 08:23:32.896447500,0.030447500,1
'2026-08-22 08:23:32.896447600,0.030447600,0
'2026-08-22 08:23:32.896448700,0.030448700,1
'2026-08-22 08:23:32.896448800,0.030448800,0
'2026-08-22 08:23:32.896449900,0.030449900,1
'2026-08-22 08:23:32.896450000,0.030450000,0
'2026-08-22 08:23:32.896453100,0.030453100,1
'2026-08-22 08:23:32.896467600,0.030467600,0
'2026-08-22 08:23:32.896471500,0.030471500,1
'2026-08-22 08:23:32.896471600,0.030471600,0
'2026-08-22 08:23:32.896473800,0.030473800,1
'2026-08-22 08:23:32.896473900,0.030473900,0
'2026-08-22 08:23:32.896478200,0.030478200,1
'2026-08-22 08:23:32.896478300,0.030478300,0
'2026-08-22 08:23:32.896479200,0.030479200,1
'2026-08-22 08:23:32.896493600,0.030493600,0
'2026-08-22 08:23:32.896493700,0.030493700,1
'2026-08-22 08:23:32.896493800,0.030493800,0
'2026-08-22 08:23:32.896494300,0.030494300,1
'2026-08-22 08:23:32.896494400,0.030494400,0
'2026-08-22 08:23:32.896496600,0.030496600,1
'2026-08-22 08:23:32.896496700,0.030496700,0
'2026-08-22 08:23:32.896498900,0.030498900,1
'2026-08-22 08:23:32.896499000,0.030499000,0
'2026-08-22 08:23:32.896505300,0.030505300,1
'2026-08-22 08:23:32.896519700,0.030519700,0
'2026-08-22 08:23:32.896525300,0.030525300,1
'2026-08-22 08:23:32.896525400,0.030525400,0
'2026-08-22 08:23:32.896528100,0.030528100,1
'2026-08-22 08:23:32.896528200,0.030528200,0
'2026-08-22 08:23:32.896529300,0.030529300,1
'2026-08-22 08:23:32.896529400,0.030529400,0
'2026-08-22 08:23:32.896529900,0.030529900,1
'2026-08-22 08:23:32.896530000,0.030530000,0
'2026-08-22 08:23:32.896530100,0.030530100,1
'2026-08-22 08:23:32.896530200,0.030530200,0
'2026-08-22 08:23:32.896531300,0.030531300,1
'2026-08-22 08:23:32.896545800,0.030545800,0
'2026-08-22 08:23:32.896548000,0.030548000,1
'2026-08-22 08:23:32.896548100,0.030548100,0
'2026-08-22 08:23:32.896549100,0.030549100,1
'2026-08-22 08:23:32.896549300,0.030549300,0
'2026-08-22 08:23:32.896549700,0.030549700,1
'2026-08-22 08:23:32.896549800,0.030549800,0
'2026-08-22 08:23:32.896550300,0.030550300,1
'2026-08-22 08:23:32.896550400,0.030550400,0
'2026-08-22 08:23:32.896557400,0.030557400,1
'2026-08-22 08:23:32.896572000,0.030572000,0
'2026-08-22 08:23:32.896572500,0.030572500,1
'2026-08-22 08:23:32.896572600,0.030572600,0
'2026-08-22 08:23:32.896573700,0.030573700,1
'2026-08-22 08:23:32.896573800,0.030573800,0
'2026-08-22 08:23:32.896577800,0.030577800,1
'2026-08-22 08:23:32.896577900,0.030577900,0
'2026-08-22 08:23:32.896578900,0.030578900,1
'2026-08-22 08:23:32.896579100,0.030579100,0
'2026-08-22 08:23:32.896580100,0.030580100,1
'2026-08-22 08:23:32.896580200,0.030580200,0
'2026-08-22 08:23:32.896580700,0.030580700,1
'2026-08-22 08:23:32.896580800,0.030580800,0
'2026-08-22 08:23:32.896581300,0.030581300,1
'2026-08-22 08:23:32.896581400,0.030581400,0
'2026-08-22 08:23:32.896583500,0.030583500,1
'2026-08-22 08:23:32.896598400,0.030598400,0
'2026-08-22 08:23:32.896598700,0.030598700,1
'2026-08-22 08:23:32.896598800,0.030598800,0
'2026-08-22 08:23:32.896599000,0.030599000,1
'2026-08-22 08:23:32.896599100,0.030599100,0
'2026-08-22 08:23:32.896600500,0.030600500,1
'2026-08-22 08:23:32.896600700,0.030600700,0
'2026-08-22 08:23:32.896601100,0.030601100,1
'2026-08-22 08:23:32.896601200,0.030601200,0
'2026-08-22 08:23:32.896601700,0.030601700,1
'2026-08-22 08:23:32.896601800,0.030601800,0
'2026-08-22 08:23:32.896602900,0.030602900,1
'2026-08-22 08:23:32.896603000,0.030603000,0
'2026-08-22 08:23:32.896603500,0.030603500,1
'2026-08-22 08:23:32.896603600,0.030603600,0
'2026-08-22 08:23:32.896608100,0.030608100,1
'2026-08-22 08:23:32.896608200,0.030608200,0
'2026-08-22 08:23:32.896608700,0.030608700,1
'2026-08-22 08:23:32.896608800,0.030608800,0
'2026-08-22 08:23:32.896609300,0.030609300,1
'2026-08-22 08:23:32.896609400,0.030609400,0
'2026-08-22 08:23:32.896609600,0.030609600,1
'2026-08-22 08:23:32.896624000,0.030624000,0
'2026-08-22 08:23:32.896629100,0.030629100,1
'2026-08-22 08:23:32.896629300,0.030629300,0
'2026-08-22 08:23:32.896629700,0.030629700,1
'2026-08-22 08:23:32.896629800,0.030629800,0
'2026-08-22 08:23:32.896630300,0.030630300,1
'2026-08-22 08:23:32.896630400,0.030630400,0
'2026-08-22 08:23:32.896630900,0.030630900,1
'2026-08-22 08:23:32.896631000,0.030631000,0
'2026-08-22 08:23:32.896631500,0.030631500,1
'2026-08-22 08:23:32.896631600,0.030631600,0
'2026-08-22 08:23:32.896631900,0.030631900,1
'2026-08-22 08:23:32.896632000,0.030632000,0
'2026-08-22 08:23:32.896633800,0.030633800,1
'2026-08-22 08:23:32.896633900,0.030633900,0
'2026-08-22 08:23:32.896635600,0.030635600,1
'2026-08-22 08:23:32.896650300,0.030650300,0
'2026-08-22 08:23:32.896650800,0.030650800,1
'2026-08-22 08:23:32.896650900,0.030650900,0
'2026-08-22 08:23:32.896651300,0.030651300,1
'2026-08-22 08:23:32.896651500,0.030651500,0
'2026-08-22 08:23:32.896651900,0.030651900,1
'2026-08-22 08:23:32.896652000,0.030652000,0
'2026-08-22 08:23:32.896652500,0.030652500,1
'2026-08-22 08:23:32.896652600,0.030652600,0
'2026-08-22 08:23:32.896657100,0.030657100,1
'2026-08-22 08:23:32.897070800,0.031070800,0
'2026-08-22 08:23:32.897074300,0.031074300,1
'2026-08-22 08:23:32.897074400,0.031074400,0
'2026-08-22 08:23:32.897078700,0.031078700,1
'2026-08-22 08:23:32.897093100,0.031093100,0
'2026-08-22 08:23:32.897104800,0.031104800,1
'2026-08-22 08:23:32.897118900,0.031118900,0
'2026-08-22 08:23:32.897130900,0.031130900,1
'2026-08-22 08:23:32.897145300,0.031145300,0
'2026-08-22 08:23:32.897156900,0.031156900,1
'2026-08-22 08:23:32.897171300,0.031171300,0
'2026-08-22 08:23:32.897183000,0.031183000,1
'2026-08-22 08:23:32.897197500,0.031197500,0
'2026-08-22 08:23:32.897202700,0.031202700,1
'2026-08-22 08:23:32.897202800,0.031202800,0
'2026-08-22 08:23:32.897209100,0.031209100,1
'2026-08-22 08:23:32.897223400,0.031223400,0
'2026-08-22 08:23:32.897223700,0.031223700,1
'2026-08-22 08:23:32.897223800,0.031223800,0
'2026-08-22 08:23:32.897224900,0.031224900,1
'2026-08-22 08:23:32.897225000,0.031225000,0
'2026-08-22 08:23:32.897235200,0.031235200,1
'2026-08-22 08:23:32.897249400,0.031249400,0
'2026-08-22 08:23:32.897249500,0.031249500,1
'2026-08-22 08:23:32.897249600,0.031249600,0
'2026-08-22 08:23:32.897255200,0.031255200,1
'2026-08-22 08:23:32.897255300,0.031255300,0
'2026-08-22 08:23:32.897256400,0.031256400,1
'2026-08-22 08:23:32.897256500,0.031256500,0
'2026-08-22 08:23:32.897258700,0.031258700,1
'2026-08-22 08:23:32.897258800,0.031258800,0
'2026-08-22 08:23:32.897261200,0.031261200,1
'2026-08-22 08:23:32.897275800,0.031275800,0
'2026-08-22 08:23:32.897276300,0.031276300,1
'2026-08-22 08:23:32.897276400,0.031276400,0
'2026-08-22 08:23:32.897276900,0.031276900,1
'2026-08-22 08:23:32.897277000,0.031277000,0
'2026-08-22 08:23:32.897286800,0.031286800,1
'2026-08-22 08:23:32.897286900,0.031286900,0
'2026-08-22 08:23:32.897287300,0.031287300,1
'2026-08-22 08:23:32.897301600,0.031301600,0
'2026-08-22 08:23:32.897302600,0.031302600,1
'2026-08-22 08:23:32.897302700,0.031302700,0
'2026-08-22 08:23:32.897304900,0.031304900,1
'2026-08-22 08:23:32.897305000,0.031305000,0
'2026-08-22 08:23:32.897309600,0.031309600,1
'2026-08-22 08:23:32.897309700,0.031309700,0
'2026-08-22 08:23:32.897312500,0.031312500,1
'2026-08-22 08:23:32.897312600,0.031312600,0
'2026-08-22 08:23:32.897313400,0.031313400,1
'2026-08-22 08:23:32.897328000,0.031328000,0
'2026-08-22 08:23:32.897328600,0.031328600,1
'2026-08-22 08:23:32.897328700,0.031328700,0
'2026-08-22 08:23:32.897333600,0.031333600,1
'2026-08-22 08:23:32.897333700,0.031333700,0
'2026-08-22 08:23:32.897334700,0.031334700,1
'2026-08-22 08:23:32.897334800,0.031334800,0
'2026-08-22 08:23:32.897335800,0.031335800,1
'2026-08-22 08:23:32.897335900,0.031335900,0
'2026-08-22 08:23:32.897339400,0.031339400,1
'2026-08-22 08:23:32.897353800,0.031353800,0
'2026-08-22 08:23:32.897354000,0.031354000,1
'2026-08-22 08:23:32.897354100,0.031354100,0
'2026-08-22 08:23:32.897354500,0.031354500,1
'2026-08-22 08:23:32.897354700,0.031354700,0
'2026-08-22 08:23:32.897355700,0.031355700,1
'2026-08-22 08:23:32.897355800,0.031355800,0
'2026-08-22 08:23:32.897356300,0.031356300,1
'2026-08-22 08:23:32.897356400,0.031356400,0
'2026-08-22 08:23:32.897356900,0.031356900,1
'2026-08-22 08:23:32.897357000,0.031357000,0
'2026-08-22 08:23:32.897358100,0.031358100,1
'2026-08-22 08:23:32.897358200,0.031358200,0
'2026-08-22 08:23:32.897365500,0.031365500,1
'2026-08-22 08:23:32.897379900,0.031379900,0
'2026-08-22 08:23:32.897380800,0.031380800,1
'2026-08-22 08:23:32.897380900,0.031380900,0
'2026-08-22 08:23:32.897383200,0.031383200,1
'2026-08-22 08:23:32.897383300,0.031383300,0
'2026-08-22 08:23:32.897384300,0.031384300,1
'2026-08-22 08:23:32.897384400,0.031384400,0
'2026-08-22 08:23:32.897384900,0.031384900,1
'2026-08-22 08:23:32.897385000,0.031385000,0
'2026-08-22 08:23:32.897386100,0.031386100,1
'2026-08-22 08:23:32.897386200,0.031386200,0
'2026-08-22 08:23:32.897386700,0.031386700,1
'2026-08-22 08:23:32.897386800,0.031386800,0
'2026-08-22 08:23:32.897387300,0.031387300,1
'2026-08-22 08:23:32.897387400,0.031387400,0
'2026-08-22 08:23:32.897389600,0.031389600,1
'2026-08-22 08:23:32.897389700,0.031389700,0
'2026-08-22 08:23:32.897391600,0.031391600,1
'2026-08-22 08:23:32.897406000,0.031406000,0
'2026-08-22 08:23:32.897407100,0.031407100,1
'2026-08-22 08:23:32.897407200,0.031407200,0
'2026-08-22 08:23:32.897407700,0.031407700,1
'2026-08-22 08:23:32.897407800,0.031407800,0
'2026-08-22 08:23:32.897408300,0.031408300,1
'2026-08-22 08:23:32.897408400,0.031408400,0
'2026-08-22 08:23:32.897410600,0.031410600,1
'2026-08-22 08:23:32.897410700,0.031410700,0
'2026-08-22 08:23:32.897412900,0.031412900,1
'2026-08-22 08:23:32.897413000,0.031413000,0
'2026-08-22 08:23:32.897413500,0.031413500,1
'2026-08-22 08:23:32.897413600,0.031413600,0
'2026-08-22 08:23:32.897415900,0.031415900,1
'2026-08-22 08:23:32.897416000,0.031416000,0
'2026-08-22 08:23:32.897416500,0.031416500,1
'2026-08-22 08:23:32.897416600,0.031416600,0
'2026-08-22 08:23:32.897417100,0.031417100,1
'2026-08-22 08:23:32.897417200,0.031417200,0
'2026-08-22 08:23:32.897417700,0.031417700,1
'2026-08-22 08:23:32.897432100,0.031432100,0
'2026-08-22 08:23:32.897432200,0.031432200,1
'2026-08-22 08:23:32.897432300,0.031432300,0
'2026-08-22 08:23:32.897435200,0.031435200,1
'2026-08-22 08:23:32.897435300,0.031435300,0
'2026-08-22 08:23:32.897435700,0.031435700,1
'2026-08-22 08:23:32.897435800,0.031435800,0
'2026-08-22 08:23:32.897436900,0.031436900,1
'2026-08-22 08:23:32.897437000,0.031437000,0
'2026-08-22 08:23:32.897440900,0.031440900,1
'2026-08-22 08:23:32.897441100,0.031441100,0
'2026-08-22 08:23:32.897443700,0.031443700,1
'2026-08-22 08:23:32.897458600,0.031458600,0
'2026-08-22 08:23:32.897459100,0.031459100,1
'2026-08-22 08:23:32.897459300,0.031459300,0
'2026-08-22 08:23:32.897463200,0.031463200,1
'2026-08-22 08:23:32.897463300,0.031463300,0
'2026-08-22 08:23:32.897464700,0.031464700,1
'2026-08-22 08:23:32.897464900,0.031464900,0
'2026-08-22 08:23:32.897466000,0.031466000,1
'2026-08-22 08:23:32.897466200,0.031466200,0
'2026-08-22 08:23:32.897466700,0.031466700,1
'2026-08-22 08:23:32.897467000,0.031467000,0
'2026-08-22 08:23:32.897467300,0.031467300,1
'2026-08-22 08:23:32.897467400,0.031467400,0
'2026-08-22 08:23:32.897469000,0.031469000,1
'2026-08-22 08:23:32.897469100,0.031469100,0
'2026-08-22 08:23:32.897469800,0.031469800,1
'2026-08-22 08:23:32.897901000,0.031901000,0
'2026-08-22 08:23:32.897902500,0.031902500,1
'2026-08-22 08:23:32.897902600,0.031902600,0
'2026-08-22 08:23:32.897912900,0.031912900,1
'2026-08-22 08:23:32.897927100,0.031927100,0
'2026-08-22 08:23:32.897938900,0.031938900,1
'2026-08-22 08:23:32.897953300,0.031953300,0
'2026-08-22 08:23:32.897958400,0.031958400,1
'2026-08-22 08:23:32.897958500,0.031958500,0
'2026-08-22 08:23:32.897965000,0.031965000,1
'2026-08-22 08:23:32.897979400,0.031979400,0
'2026-08-22 08:23:32.897979500,0.031979500,1
'2026-08-22 08:23:32.897979600,0.031979600,0
'2026-08-22 08:23:32.897990500,0.031990500,1
'2026-08-22 08:23:32.897990600,0.031990600,0
'2026-08-22 08:23:32.897991100,0.031991100,1
'2026-08-22 08:23:32.898005300,0.032005300,0
'2026-08-22 08:23:32.898017200,0.032017200,1
'2026-08-22 08:23:32.898031600,0.032031600,0
'2026-08-22 08:23:32.898041900,0.032041900,1
'2026-08-22 08:23:32.898042000,0.032042000,0
'2026-08-22 08:23:32.898043200,0.032043200,1
'2026-08-22 08:23:32.898057800,0.032057800,0
'2026-08-22 08:23:32.898062900,0.032062900,1
'2026-08-22 08:23:32.898063000,0.032063000,0
'2026-08-22 08:23:32.898069300,0.032069300,1
'2026-08-22 08:23:32.898083600,0.032083600,0
'2026-08-22 08:23:32.898095400,0.032095400,1
'2026-08-22 08:23:32.898109800,0.032109800,0
'2026-08-22 08:23:32.898111500,0.032111500,1
'2026-08-22 08:23:32.898111600,0.032111600,0
'2026-08-22 08:23:32.898117300,0.032117300,1
'2026-08-22 08:23:32.898117400,0.032117400,0
'2026-08-22 08:23:32.898121500,0.032121500,1
'2026-08-22 08:23:32.898135800,0.032135800,0
'2026-08-22 08:23:32.898138900,0.032138900,1
'2026-08-22 08:23:32.898139000,0.032139000,0
'2026-08-22 08:23:32.898140100,0.032140100,1
'2026-08-22 08:23:32.898140200,0.032140200,0
'2026-08-22 08:23:32.898140600,0.032140600,1
'2026-08-22 08:23:32.898140800,0.032140800,0
'2026-08-22 08:23:32.898141800,0.032141800,1
'2026-08-22 08:23:32.898141900,0.032141900,0
'2026-08-22 08:23:32.898147500,0.032147500,1
'2026-08-22 08:23:32.898162000,0.032162000,0
'2026-08-22 08:23:32.898164400,0.032164400,1
'2026-08-22 08:23:32.898164500,0.032164500,0
'2026-08-22 08:23:32.898170100,0.032170100,1
'2026-08-22 08:23:32.898170200,0.032170200,0
'2026-08-22 08:23:32.898171600,0.032171600,1
'2026-08-22 08:23:32.898171700,0.032171700,0
'2026-08-22 08:23:32.898172400,0.032172400,1
'2026-08-22 08:23:32.898172500,0.032172500,0
'2026-08-22 08:23:32.898172700,0.032172700,1
'2026-08-22 08:23:32.898172800,0.032172800,0
'2026-08-22 08:23:32.898173200,0.032173200,1
'2026-08-22 08:23:32.898173300,0.032173300,0
'2026-08-22 08:23:32.898173600,0.032173600,1
'2026-08-22 08:23:32.898188000,0.032188000,0
'2026-08-22 08:23:32.898188100,0.032188100,1
'2026-08-22 08:23:32.898188200,0.032188200,0
'2026-08-22 08:23:32.898188500,0.032188500,1
'2026-08-22 08:23:32.898188600,0.032188600,0
'2026-08-22 08:23:32.898190800,0.032190800,1
'2026-08-22 08:23:32.898191100,0.032191100,0
'2026-08-22 08:23:32.898192000,0.032192000,1
'2026-08-22 08:23:32.898192100,0.032192100,0
'2026-08-22 08:23:32.898193900,0.032193900,1
'2026-08-22 08:23:32.898194000,0.032194000,0
'2026-08-22 08:23:32.898194300,0.032194300,1
'2026-08-22 08:23:32.898194400,0.032194400,0
'2026-08-22 08:23:32.898195500,0.032195500,1
'2026-08-22 08:23:32.898195600,0.032195600,0
'2026-08-22 08:23:32.898199300,0.032199300,1
'2026-08-22 08:23:32.898199400,0.032199400,0
'2026-08-22 08:23:32.898199600,0.032199600,1
'2026-08-22 08:23:32.898214000,0.032214000,0
'2026-08-22 08:23:32.898214200,0.032214200,1
'2026-08-22 08:23:32.898214300,0.032214300,0
'2026-08-22 08:23:32.898218300,0.032218300,1
'2026-08-22 08:23:32.898218400,0.032218400,0
'2026-08-22 08:23:32.898219100,0.032219100,1
'2026-08-22 08:23:32.898219200,0.032219200,0
'2026-08-22 08:23:32.898221200,0.032221200,1
'2026-08-22 08:23:32.898221300,0.032221300,0
'2026-08-22 08:23:32.898222300,0.032222300,1
'2026-08-22 08:23:32.898222500,0.032222500,0
'2026-08-22 08:23:32.898223400,0.032223400,1
'2026-08-22 08:23:32.898223600,0.032223600,0
'2026-08-22 08:23:32.898225800,0.032225800,1
'2026-08-22 08:23:32.898240200,0.032240200,0
'2026-08-22 08:23:32.898240400,0.032240400,1
'2026-08-22 08:23:32.898240600,0.032240600,0
'2026-08-22 08:23:32.898241600,0.032241600,1
'2026-08-22 08:23:32.898241700,0.032241700,0
'2026-08-22 08:23:32.898244100,0.032244100,1
'2026-08-22 08:23:32.898244200,0.032244200,0
'2026-08-22 08:23:32.898245100,0.032245100,1
'2026-08-22 08:23:32.898245200,0.032245200,0
'2026-08-22 08:23:32.898249700,0.032249700,1
'2026-08-22 08:23:32.898249900,0.032249900,0
'2026-08-22 08:23:32.898250900,0.032250900,1
'2026-08-22 08:23:32.898251000,0.032251000,0
'2026-08-22 08:23:32.898251500,0.032251500,1
'2026-08-22 08:23:32.898251600,0.032251600,0
'2026-08-22 08:23:32.898251800,0.032251800,1
'2026-08-22 08:23:32.898266300,0.032266300,0
'2026-08-22 08:23:32.898268300,0.032268300,1
'2026-08-22 08:23:32.898268400,0.032268400,0
'2026-08-22 08:23:32.898269700,0.032269700,1
'2026-08-22 08:23:32.898269800,0.032269800,0
'2026-08-22 08:23:32.898270500,0.032270500,1
'2026-08-22 08:23:32.898270600,0.032270600,0
'2026-08-22 08:23:32.898270800,0.032270800,1
'2026-08-22 08:23:32.898270900,0.032270900,0
'2026-08-22 08:23:32.898271500,0.032271500,1
'2026-08-22 08:23:32.898271600,0.032271600,0
'2026-08-22 08:23:32.898272000,0.032272000,1
'2026-08-22 08:23:32.898272100,0.032272100,0
'2026-08-22 08:23:32.898272500,0.032272500,1
'2026-08-22 08:23:32.898272700,0.032272700,0
'2026-08-22 08:23:32.898272800,0.032272800,1
'2026-08-22 08:23:32.898273000,0.032273000,0
'2026-08-22 08:23:32.898274900,0.032274900,1
'2026-08-22 08:23:32.898275000,0.032275000,0
'2026-08-22 08:23:32.898276100,0.032276100,1
'2026-08-22 08:23:32.898276200,0.032276200,0
'2026-08-22 08:23:32.898277900,0.032277900,1
'2026-08-22 08:23:32.898292600,0.032292600,0
'2026-08-22 08:23:32.898293000,0.032293000,1
'2026-08-22 08:23:32.898293100,0.032293100,0
'2026-08-22 08:23:32.898293600,0.032293600,1
'2026-08-22 08:23:32.898293700,0.032293700,0
'2026-08-22 08:23:32.898294700,0.032294700,1
'2026-08-22 08:23:32.898294800,0.032294800,0
'2026-08-22 08:23:32.898295400,0.032295400,1
'2026-08-22 08:23:32.898295500,0.032295500,0
'2026-08-22 08:23:32.898301200,0.032301200,1
'2026-08-22 08:23:32.898301300,0.032301300,0
'2026-08-22 08:23:32.898301800,0.032301800,1
'2026-08-22 08:23:32.898301900,0.032301900,0
'2026-08-22 08:23:32.898302300,0.032302300,1
'2026-08-22 08:23:32.898302500,0.032302500,0
'2026-08-22 08:23:32.898302900,0.032302900,1
'2026-08-22 08:23:32.898303000,0.032303000,0
'2026-08-22 08:23:32.898303200,0.032303200,1
'2026-08-22 08:23:32.898716600,0.032716600,0
'2026-08-22 08:23:32.898721000,0.032721000,1
'2026-08-22 08:23:32.898735300,0.032735300,0
'2026-08-22 08:23:32.898747000,0.032747000,1
'2026-08-22 08:23:32.898761200,0.032761200,0
'2026-08-22 08:23:32.898761500,0.032761500,1
'2026-08-22 08:23:32.898761600,0.032761600,0
'2026-08-22 08:23:32.898773100,0.032773100,1
'2026-08-22 08:23:32.898787400,0.032787400,0
'2026-08-22 08:23:32.898799200,0.032799200,1
'2026-08-22 08:23:32.898813600,0.032813600,0
'2026-08-22 08:23:32.898825200,0.032825200,1
'2026-08-22 08:23:32.898839500,0.032839500,0
'2026-08-22 08:23:32.898839700,0.032839700,1
'2026-08-22 08:23:32.898839800,0.032839800,0
'2026-08-22 08:23:32.898839900,0.032839900,1
'2026-08-22 08:23:32.898840000,0.032840000,0
'2026-08-22 08:23:32.898841400,0.032841400,1
'2026-08-22 08:23:32.898841500,0.032841500,0
'2026-08-22 08:23:32.898843300,0.032843300,1
'2026-08-22 08:23:32.898843400,0.032843400,0
'2026-08-22 08:23:32.898851300,0.032851300,1
'2026-08-22 08:23:32.898865800,0.032865800,0
'2026-08-22 08:23:32.898870700,0.032870700,1
'2026-08-22 08:23:32.898870800,0.032870800,0
'2026-08-22 08:23:32.898877400,0.032877400,1
'2026-08-22 08:23:32.898891800,0.032891800,0
'2026-08-22 08:23:32.898892900,0.032892900,1
'2026-08-22 08:23:32.898893000,0.032893000,0
'2026-08-22 08:23:32.898894700,0.032894700,1
'2026-08-22 08:23:32.898894800,0.032894800,0
'2026-08-22 08:23:32.898898100,0.032898100,1
'2026-08-22 08:23:32.898898200,0.032898200,0
'2026-08-22 08:23:32.898901600,0.032901600,1
'2026-08-22 08:23:32.898901700,0.032901700,0
'2026-08-22 08:23:32.898903500,0.032903500,1
'2026-08-22 08:23:32.898918100,0.032918100,0
'2026-08-22 08:23:32.898925300,0.032925300,1
'2026-08-22 08:23:32.898925400,0.032925400,0
'2026-08-22 08:23:32.898929500,0.032929500,1
'2026-08-22 08:23:32.898944000,0.032944000,0
'2026-08-22 08:23:32.898944300,0.032944300,1
'2026-08-22 08:23:32.898944400,0.032944400,0
'2026-08-22 08:23:32.898945300,0.032945300,1
'2026-08-22 08:23:32.898945500,0.032945500,0
'2026-08-22 08:23:32.898954200,0.032954200,1
'2026-08-22 08:23:32.898954300,0.032954300,0
'2026-08-22 08:23:32.898955600,0.032955600,1
'2026-08-22 08:23:32.898970100,0.032970100,0
'2026-08-22 08:23:32.898970600,0.032970600,1
'2026-08-22 08:23:32.898970700,0.032970700,0
'2026-08-22 08:23:32.898973500,0.032973500,1
'2026-08-22 08:23:32.898973600,0.032973600,0
'2026-08-22 08:23:32.898974700,0.032974700,1
'2026-08-22 08:23:32.898974800,0.032974800,0
'2026-08-22 08:23:32.898977000,0.032977000,1
'2026-08-22 08:23:32.898977100,0.032977100,0
'2026-08-22 08:23:32.898978100,0.032978100,1
'2026-08-22 08:23:32.898978200,0.032978200,0
'2026-08-22 08:23:32.898981700,0.032981700,1
'2026-08-22 08:23:32.898996400,0.032996400,0
'2026-08-22 08:23:32.899002100,0.033002100,1
'2026-08-22 08:23:32.899002200,0.033002200,0
'2026-08-22 08:23:32.899005000,0.033005000,1
'2026-08-22 08:23:32.899005100,0.033005100,0
'2026-08-22 08:23:32.899005700,0.033005700,1
'2026-08-22 08:23:32.899005800,0.033005800,0
'2026-08-22 08:23:32.899006200,0.033006200,1
'2026-08-22 08:23:32.899006300,0.033006300,0
'2026-08-22 08:23:32.899007800,0.033007800,1
'2026-08-22 08:23:32.899022200,0.033022200,0
'2026-08-22 08:23:32.899022500,0.033022500,1
'2026-08-22 08:23:32.899022600,0.033022600,0
'2026-08-22 08:23:32.899024100,0.033024100,1
'2026-08-22 08:23:32.899024200,0.033024200,0
'2026-08-22 08:23:32.899024300,0.033024300,1
'2026-08-22 08:23:32.899024500,0.033024500,0
'2026-08-22 08:23:32.899024900,0.033024900,1
'2026-08-22 08:23:32.899025000,0.033025000,0
'2026-08-22 08:23:32.899025100,0.033025100,1
'2026-08-22 08:23:32.899025200,0.033025200,0
'2026-08-22 08:23:32.899025400,0.033025400,1
'2026-08-22 08:23:32.899025600,0.033025600,0
'2026-08-22 08:23:32.899029000,0.033029000,1
'2026-08-22 08:23:32.899029100,0.033029100,0
'2026-08-22 08:23:32.899032500,0.033032500,1
'2026-08-22 08:23:32.899032600,0.033032600,0
'2026-08-22 08:23:32.899033800,0.033033800,1
'2026-08-22 08:23:32.899048600,0.033048600,0
'2026-08-22 08:23:32.899048900,0.033048900,1
'2026-08-22 08:23:32.899049000,0.033049000,0
'2026-08-22 08:23:32.899050500,0.033050500,1
'2026-08-22 08:23:32.899050700,0.033050700,0
'2026-08-22 08:23:32.899052900,0.033052900,1
'2026-08-22 08:23:32.899053000,0.033053000,0
'2026-08-22 08:23:32.899054100,0.033054100,1
'2026-08-22 08:23:32.899054200,0.033054200,0
'2026-08-22 08:23:32.899054700,0.033054700,1
'2026-08-22 08:23:32.899054800,0.033054800,0
'2026-08-22 08:23:32.899055300,0.033055300,1
'2026-08-22 08:23:32.899055400,0.033055400,0
'2026-08-22 08:23:32.899055700,0.033055700,1
'2026-08-22 08:23:32.899055900,0.033055900,0
'2026-08-22 08:23:32.899056100,0.033056100,1
'2026-08-22 08:23:32.899056200,0.033056200,0
'2026-08-22 08:23:32.899058200,0.033058200,1
'2026-08-22 08:23:32.899058300,0.033058300,0
'2026-08-22 08:23:32.899059900,0.033059900,1
'2026-08-22 08:23:32.899074800,0.033074800,0
'2026-08-22 08:23:32.899075100,0.033075100,1
'2026-08-22 08:23:32.899075200,0.033075200,0
'2026-08-22 08:23:32.899075700,0.033075700,1
'2026-08-22 08:23:32.899075800,0.033075800,0
'2026-08-22 08:23:32.899076300,0.033076300,1
'2026-08-22 08:23:32.899076400,0.033076400,0
'2026-08-22 08:23:32.899076900,0.033076900,1
'2026-08-22 08:23:32.899077000,0.033077000,0
'2026-08-22 08:23:32.899077500,0.033077500,1
'2026-08-22 08:23:32.899077600,0.033077600,0
'2026-08-22 08:23:32.899078100,0.033078100,1
'2026-08-22 08:23:32.899078200,0.033078200,0
'2026-08-22 08:23:32.899078700,0.033078700,1
'2026-08-22 08:23:32.899078800,0.033078800,0
'2026-08-22 08:23:32.899079200,0.033079200,1
'2026-08-22 08:23:32.899079300,0.033079300,0
'2026-08-22 08:23:32.899085600,0.033085600,1
'2026-08-22 08:23:32.899085700,0.033085700,0
'2026-08-22 08:23:32.899086000,0.033086000,1
'2026-08-22 08:23:32.899100600,0.033100600,0
'2026-08-22 08:23:32.899101700,0.033101700,1
'2026-08-22 08:23:32.899101800,0.033101800,0
'2026-08-22 08:23:32.899102000,0.033102000,1
'2026-08-22 08:23:32.899102100,0.033102100,0
'2026-08-22 08:23:32.899102600,0.033102600,1
'2026-08-22 08:23:32.899102700,0.033102700,0
'2026-08-22 08:23:32.899102900,0.033102900,1
'2026-08-22 08:23:32.899103000,0.033103000,0
'2026-08-22 08:23:32.899103400,0.033103400,1
'2026-08-22 08:23:32.899103500,0.033103500,0
'2026-08-22 08:23:32.899106700,0.033106700,1
'2026-08-22 08:23:32.899106800,0.033106800,0
'2026-08-22 08:23:32.899107300,0.033107300,1
'2026-08-22 08:23:32.899107400,0.033107400,0
'2026-08-22 08:23:32.899108500,0.033108500,1
'2026-08-22 08:23:32.899108600,0.033108600,0
'2026-08-22 08:23:32.899109600,0.033109600,1
'2026-08-22 08:23:32.899109700,0.033109700,0
'2026-08-22 08:23:32.899112000,0.033112000,1
'2026-08-22 08:23:32.900351200,0.034351200,0
'2026-08-22 08:23:32.900363100,0.034363100,1
'2026-08-22 08:23:32.900377400,0.034377400,0
'2026-08-22 08:23:32.900389200,0.034389200,1
'2026-08-22 08:23:32.900403500,0.034403500,0
'2026-08-22 08:23:32.900409800,0.034409800,1
'2026-08-22 08:23:32.900409900,0.034409900,0
'2026-08-22 08:23:32.900415300,0.034415300,1
'2026-08-22 08:23:32.900429600,0.034429600,0
'2026-08-22 08:23:32.900429700,0.034429700,1
'2026-08-22 08:23:32.900429800,0.034429800,0
'2026-08-22 08:23:32.900441400,0.034441400,1
'2026-08-22 08:23:32.900455500,0.034455500,0
'2026-08-22 08:23:32.900467400,0.034467400,1
'2026-08-22 08:23:32.900481800,0.034481800,0
'2026-08-22 08:23:32.900493500,0.034493500,1
'2026-08-22 08:23:32.900508000,0.034508000,0
'2026-08-22 08:23:32.900514800,0.034514800,1
'2026-08-22 08:23:32.900514900,0.034514900,0
'2026-08-22 08:23:32.900519600,0.034519600,1
'2026-08-22 08:23:32.900533900,0.034533900,0
'2026-08-22 08:23:32.900538400,0.034538400,1
'2026-08-22 08:23:32.900538500,0.034538500,0
'2026-08-22 08:23:32.900545300,0.034545300,1
'2026-08-22 08:23:32.900545400,0.034545400,0
'2026-08-22 08:23:32.900545700,0.034545700,1
'2026-08-22 08:23:32.900560000,0.034560000,0
'2026-08-22 08:23:32.900571700,0.034571700,1
'2026-08-22 08:23:32.900586100,0.034586100,0
'2026-08-22 08:23:32.900597300,0.034597300,1
'2026-08-22 08:23:32.900597400,0.034597400,0
'2026-08-22 08:23:32.900597800,0.034597800,1
'2026-08-22 08:23:32.900612100,0.034612100,0
'2026-08-22 08:23:32.900613600,0.034613600,1
'2026-08-22 08:23:32.900613700,0.034613700,0
'2026-08-22 08:23:32.900614700,0.034614700,1
'2026-08-22 08:23:32.900614900,0.034614900,0
'2026-08-22 08:23:32.900617700,0.034617700,1
'2026-08-22 08:23:32.900617800,0.034617800,0
'2026-08-22 08:23:32.900623900,0.034623900,1
'2026-08-22 08:23:32.900638400,0.034638400,0
'2026-08-22 08:23:32.900642900,0.034642900,1
'2026-08-22 08:23:32.900643000,0.034643000,0
'2026-08-22 08:23:32.900644100,0.034644100,1
'2026-08-22 08:23:32.900644200,0.034644200,0
'2026-08-22 08:23:32.900645200,0.034645200,1
'2026-08-22 08:23:32.900645300,0.034645300,0
'2026-08-22 08:23:32.900648700,0.034648700,1
'2026-08-22 08:23:32.900648800,0.034648800,0
'2026-08-22 08:23:32.900650000,0.034650000,1
'2026-08-22 08:23:32.900664400,0.034664400,0
'2026-08-22 08:23:32.900664500,0.034664500,1
'2026-08-22 08:23:32.900664600,0.034664600,0
'2026-08-22 08:23:32.900665700,0.034665700,1
'2026-08-22 08:23:32.900665800,0.034665800,0
'2026-08-22 08:23:32.900668600,0.034668600,1
'2026-08-22 08:23:32.900668700,0.034668700,0
'2026-08-22 08:23:32.900670600,0.034670600,1
'2026-08-22 08:23:32.900670700,0.034670700,0
'2026-08-22 08:23:32.900673900,0.034673900,1
'2026-08-22 08:23:32.900674000,0.034674000,0
'2026-08-22 08:23:32.900676000,0.034676000,1
'2026-08-22 08:23:32.900690400,0.034690400,0
'2026-08-22 08:23:32.900691400,0.034691400,1
'2026-08-22 08:23:32.900691500,0.034691500,0
'2026-08-22 08:23:32.900695500,0.034695500,1
'2026-08-22 08:23:32.900695600,0.034695600,0
'2026-08-22 08:23:32.900699500,0.034699500,1
'2026-08-22 08:23:32.900699600,0.034699600,0
'2026-08-22 08:23:32.900700100,0.034700100,1
'2026-08-22 08:23:32.900700200,0.034700200,0
'2026-08-22 08:23:32.900702100,0.034702100,1
'2026-08-22 08:23:32.900716800,0.034716800,0
'2026-08-22 08:23:32.900717100,0.034717100,1
'2026-08-22 08:23:32.900717200,0.034717200,0
'2026-08-22 08:23:32.900725300,0.034725300,1
'2026-08-22 08:23:32.900725400,0.034725400,0
'2026-08-22 08:23:32.900728200,0.034728200,1
'2026-08-22 08:23:32.901161100,0.035161100,0
'2026-08-22 08:23:32.901162400,0.035162400,1
'2026-08-22 08:23:32.901162500,0.035162500,0
'2026-08-22 08:23:32.901171200,0.035171200,1
'2026-08-22 08:23:32.901185600,0.035185600,0
'2026-08-22 08:23:32.901197300,0.035197300,1
'2026-08-22 08:23:32.901211500,0.035211500,0
'2026-08-22 08:23:32.901223400,0.035223400,1
'2026-08-22 08:23:32.901237800,0.035237800,0
'2026-08-22 08:23:32.901249500,0.035249500,1
'2026-08-22 08:23:32.901263900,0.035263900,0
'2026-08-22 08:23:32.901275500,0.035275500,1
'2026-08-22 08:23:32.901289800,0.035289800,0
'2026-08-22 08:23:32.901290000,0.035290000,1
'2026-08-22 08:23:32.901290100,0.035290100,0
'2026-08-22 08:23:32.901300000,0.035300000,1
'2026-08-22 08:23:32.901300100,0.035300100,0
'2026-08-22 08:23:32.901301600,0.035301600,1
'2026-08-22 08:23:32.901316000,0.035316000,0
'2026-08-22 08:23:32.901316300,0.035316300,1
'2026-08-22 08:23:32.901316400,0.035316400,0
'2026-08-22 08:23:32.901317500,0.035317500,1
'2026-08-22 08:23:32.901317600,0.035317600,0
'2026-08-22 08:23:32.901322200,0.035322200,1
'2026-08-22 08:23:32.901322300,0.035322300,0
'2026-08-22 08:23:32.901327700,0.035327700,1
'2026-08-22 08:23:32.901342100,0.035342100,0
'2026-08-22 08:23:32.901353800,0.035353800,1
'2026-08-22 08:23:32.901368400,0.035368400,0
'2026-08-22 08:23:32.901373000,0.035373000,1
'2026-08-22 08:23:32.901373100,0.035373100,0
'2026-08-22 08:23:32.901379800,0.035379800,1
'2026-08-22 08:23:32.901394200,0.035394200,0
'2026-08-22 08:23:32.901394500,0.035394500,1
'2026-08-22 08:23:32.901394600,0.035394600,0
'2026-08-22 08:23:32.901396300,0.035396300,1
'2026-08-22 08:23:32.901396400,0.035396400,0
'2026-08-22 08:23:32.901398100,0.035398100,1
'2026-08-22 08:23:32.901398200,0.035398200,0
'2026-08-22 08:23:32.901399400,0.035399400,1
'2026-08-22 08:23:32.901399500,0.035399500,0
'2026-08-22 08:23:32.901405900,0.035405900,1
'2026-08-22 08:23:32.901420100,0.035420100,0
'2026-08-22 08:23:32.901420200,0.035420200,1
'2026-08-22 08:23:32.901420500,0.035420500,0
'2026-08-22 08:23:32.901420900,0.035420900,1
'2026-08-22 08:23:32.901421000,0.035421000,0
'2026-08-22 08:23:32.901421400,0.035421400,1
'2026-08-22 08:23:32.901421500,0.035421500,0
'2026-08-22 08:23:32.901423800,0.035423800,1
'2026-08-22 08:23:32.901423900,0.035423900,0
'2026-08-22 08:23:32.901427300,0.035427300,1
'2026-08-22 08:23:32.901427400,0.035427400,0
'2026-08-22 08:23:32.901428500,0.035428500,1
'2026-08-22 08:23:32.901428600,0.035428600,0
'2026-08-22 08:23:32.901428900,0.035428900,1
'2026-08-22 08:23:32.901429100,0.035429100,0
'2026-08-22 08:23:32.901432000,0.035432000,1
'2026-08-22 08:23:32.901446400,0.035446400,0
'2026-08-22 08:23:32.901446500,0.035446500,1
'2026-08-22 08:23:32.901446700,0.035446700,0
'2026-08-22 08:23:32.901447100,0.035447100,1
'2026-08-22 08:23:32.901447200,0.035447200,0
'2026-08-22 08:23:32.901449500,0.035449500,1
'2026-08-22 08:23:32.901449700,0.035449700,0
'2026-08-22 08:23:32.901450100,0.035450100,1
'2026-08-22 08:23:32.901450200,0.035450200,0
'2026-08-22 08:23:32.901458100,0.035458100,1
'2026-08-22 08:23:32.901472400,0.035472400,0
'2026-08-22 08:23:32.901478100,0.035478100,1
'2026-08-22 08:23:32.901478200,0.035478200,0
'2026-08-22 08:23:32.901478700,0.035478700,1
'2026-08-22 08:23:32.901478800,0.035478800,0
'2026-08-22 08:23:32.901479300,0.035479300,1
'2026-08-22 08:23:32.901479400,0.035479400,0
'2026-08-22 08:23:32.901480500,0.035480500,1
'2026-08-22 08:23:32.901480600,0.035480600,0
'2026-08-22 08:23:32.901481000,0.035481000,1
'2026-08-22 08:23:32.901481100,0.035481100,0
'2026-08-22 08:23:32.901482700,0.035482700,1
'2026-08-22 08:23:32.901482800,0.035482800,0
'2026-08-22 08:23:32.901484100,0.035484100,1
'2026-08-22 08:23:32.901498800,0.035498800,0
'2026-08-22 08:23:32.901499100,0.035499100,1
'2026-08-22 08:23:32.901499200,0.035499200,0
'2026-08-22 08:23:32.901499700,0.035499700,1
'2026-08-22 08:23:32.901499800,0.035499800,0
'2026-08-22 08:23:32.901500900,0.035500900,1
'2026-08-22 08:23:32.901501000,0.035501000,0
'2026-08-22 08:23:32.901501500,0.035501500,1
'2026-08-22 08:23:32.901501600,0.035501600,0
'2026-08-22 08:23:32.901502100,0.035502100,1
'2026-08-22 08:23:32.901502200,0.035502200,0
'2026-08-22 08:23:32.901507300,0.035507300,1
'2026-08-22 08:23:32.901507400,0.035507400,0
'2026-08-22 08:23:32.901508000,0.035508000,1
'2026-08-22 08:23:32.901508100,0.035508100,0
'2026-08-22 08:23:32.901509100,0.035509100,1
'2026-08-22 08:23:32.901509200,0.035509200,0
'2026-08-22 08:23:32.901509600,0.035509600,1
'2026-08-22 08:23:32.901509800,0.035509800,0
'2026-08-22 08:23:32.901510200,0.035510200,1
'2026-08-22 08:23:32.901524600,0.035524600,0
'2026-08-22 08:23:32.901524700,0.035524700,1
'2026-08-22 08:23:32.901524900,0.035524900,0
'2026-08-22 08:23:32.901526000,0.035526000,1
'2026-08-22 08:23:32.901526100,0.035526100,0
'2026-08-22 08:23:32.901526400,0.035526400,1
'2026-08-22 08:23:32.901526500,0.035526500,0
'2026-08-22 08:23:32.901527200,0.035527200,1
'2026-08-22 08:23:32.901527300,0.035527300,0
'2026-08-22 08:23:32.901527700,0.035527700,1
'2026-08-22 08:23:32.901527800,0.035527800,0
'2026-08-22 08:23:32.901528300,0.035528300,1
'2026-08-22 08:23:32.901528400,0.035528400,0
'2026-08-22 08:23:32.901528900,0.035528900,1
'2026-08-22 08:23:32.901529000,0.035529000,0
'2026-08-22 08:23:32.901531200,0.035531200,1
'2026-08-22 08:23:32.901531400,0.035531400,0
'2026-08-22 08:23:32.901532400,0.035532400,1
'2026-08-22 08:23:32.901532500,0.035532500,0
'2026-08-22 08:23:32.901533600,0.035533600,1
'2026-08-22 08:23:32.901533700,0.035533700,0
'2026-08-22 08:23:32.901536300,0.035536300,1
'2026-08-22 08:23:32.901551200,0.035551200,0
'2026-08-22 08:23:32.901551700,0.035551700,1
'2026-08-22 08:23:32.901552000,0.035552000,0
'2026-08-22 08:23:32.901552100,0.035552100,1
'2026-08-22 08:23:32.901552200,0.035552200,0
'2026-08-22 08:23:32.901552300,0.035552300,1
'2026-08-22 08:23:32.901552400,0.035552400,0
'2026-08-22 08:23:32.901552900,0.035552900,1
'2026-08-22 08:23:32.901553000,0.035553000,0
'2026-08-22 08:23:32.901554100,0.035554100,1
'2026-08-22 08:23:32.901554200,0.035554200,0
'2026-08-22 08:23:32.901554600,0.035554600,1
'2026-08-22 08:23:32.901554700,0.035554700,0
'2026-08-22 08:23:32.901559600,0.035559600,1
'2026-08-22 08:23:32.901559700,0.035559700,0
'2026-08-22 08:23:32.901559900,0.035559900,1
'2026-08-22 08:23:32.901560000,0.035560000,0
'2026-08-22 08:23:32.901560400,0.035560400,1
'2026-08-22 08:23:32.901560700,0.035560700,0
'2026-08-22 08:23:32.901560900,0.035560900,1
'2026-08-22 08:23:32.901561100,0.035561100,0
'2026-08-22 08:23:32.901562100,0.035562100,1
'2026-08-22 08:23:32.901562200,0.035562200,0
'2026-08-22 08:23:32.901562300,0.035562300,1
'2026-08-22 08:23:32.901993600,0.035993600,0
'2026-08-22 08:23:32.902005400,0.036005400,1
'2026-08-22 08:23:32.902019700,0.036019700,0
'2026-08-22 08:23:32.902020100,0.036020100,1
'2026-08-22 08:23:32.902020300,0.036020300,0
'2026-08-22 08:23:32.902031500,0.036031500,1
'2026-08-22 08:23:32.902046000,0.036046000,0
'2026-08-22 08:23:32.902049300,0.036049300,1
'2026-08-22 08:23:32.902049400,0.036049400,0
'2026-08-22 08:23:32.902057600,0.036057600,1
'2026-08-22 08:23:32.902072000,0.036072000,0
'2026-08-22 08:23:32.902072100,0.036072100,1
'2026-08-22 08:23:32.902072200,0.036072200,0
'2026-08-22 08:23:32.902080000,0.036080000,1
'2026-08-22 08:23:32.902080100,0.036080100,0
'2026-08-22 08:23:32.902083600,0.036083600,1
'2026-08-22 08:23:32.902098000,0.036098000,0
'2026-08-22 08:23:32.902109700,0.036109700,1
'2026-08-22 08:23:32.902124200,0.036124200,0
'2026-08-22 08:23:32.902124700,0.036124700,1
'2026-08-22 08:23:32.902124800,0.036124800,0
'2026-08-22 08:23:32.902127600,0.036127600,1
'2026-08-22 08:23:32.902127700,0.036127700,0
'2026-08-22 08:23:32.902131100,0.036131100,1
'2026-08-22 08:23:32.902131200,0.036131200,0
'2026-08-22 08:23:32.902132300,0.036132300,1
'2026-08-22 08:23:32.902132400,0.036132400,0
'2026-08-22 08:23:32.902135800,0.036135800,1
'2026-08-22 08:23:32.902150100,0.036150100,0
'2026-08-22 08:23:32.902151000,0.036151000,1
'2026-08-22 08:23:32.902151100,0.036151100,0
'2026-08-22 08:23:32.902151600,0.036151600,1
'2026-08-22 08:23:32.902151700,0.036151700,0
'2026-08-22 08:23:32.902155100,0.036155100,1
'2026-08-22 08:23:32.902155200,0.036155200,0
'2026-08-22 08:23:32.902161900,0.036161900,1
'2026-08-22 08:23:32.902176300,0.036176300,0
'2026-08-22 08:23:32.902179600,0.036179600,1
'2026-08-22 08:23:32.902179700,0.036179700,0
'2026-08-22 08:23:32.902181300,0.036181300,1
'2026-08-22 08:23:32.902181400,0.036181400,0
'2026-08-22 08:23:32.902184300,0.036184300,1
'2026-08-22 08:23:32.902184400,0.036184400,0
'2026-08-22 08:23:32.902187900,0.036187900,1
'2026-08-22 08:23:32.902202200,0.036202200,0
'2026-08-22 08:23:32.902202300,0.036202300,1
'2026-08-22 08:23:32.902202500,0.036202500,0
'2026-08-22 08:23:32.902202900,0.036202900,1
'2026-08-22 08:23:32.902203100,0.036203100,0
'2026-08-22 08:23:32.902204700,0.036204700,1
'2026-08-22 08:23:32.902204800,0.036204800,0
'2026-08-22 08:23:32.902205300,0.036205300,1
'2026-08-22 08:23:32.902205400,0.036205400,0
'2026-08-22 08:23:32.902212300,0.036212300,1
'2026-08-22 08:23:32.902212400,0.036212400,0
'2026-08-22 08:23:32.902214000,0.036214000,1
'2026-08-22 08:23:32.902228400,0.036228400,0
'2026-08-22 08:23:32.902228700,0.036228700,1
'2026-08-22 08:23:32.902228800,0.036228800,0
'2026-08-22 08:23:32.902235100,0.036235100,1
'2026-08-22 08:23:32.902235200,0.036235200,0
'2026-08-22 08:23:32.902235700,0.036235700,1
'2026-08-22 08:23:32.902235800,0.036235800,0
'2026-08-22 08:23:32.902236300,0.036236300,1
'2026-08-22 08:23:32.902236400,0.036236400,0
'2026-08-22 08:23:32.902240100,0.036240100,1
'2026-08-22 08:23:32.902254800,0.036254800,0
'2026-08-22 08:23:32.902254900,0.036254900,1
'2026-08-22 08:23:32.902255000,0.036255000,0
'2026-08-22 08:23:32.902255500,0.036255500,1
'2026-08-22 08:23:32.902255700,0.036255700,0
'2026-08-22 08:23:32.902259600,0.036259600,1
'2026-08-22 08:23:32.902259700,0.036259700,0
'2026-08-22 08:23:32.902263200,0.036263200,1
'2026-08-22 08:23:32.902263300,0.036263300,0
'2026-08-22 08:23:32.902266100,0.036266100,1
'2026-08-22 08:23:32.902280800,0.036280800,0
'2026-08-22 08:23:32.902281200,0.036281200,1
'2026-08-22 08:23:32.902281400,0.036281400,0
'2026-08-22 08:23:32.902283600,0.036283600,1
'2026-08-22 08:23:32.902283800,0.036283800,0
'2026-08-22 08:23:32.902290000,0.036290000,1
'2026-08-22 08:23:32.902290100,0.036290100,0
'2026-08-22 08:23:32.902292200,0.036292200,1
'2026-08-22 08:23:32.902306600,0.036306600,0
'2026-08-22 08:23:32.902306700,0.036306700,1
'2026-08-22 08:23:32.902306800,0.036306800,0
'2026-08-22 08:23:32.902309300,0.036309300,1
'2026-08-22 08:23:32.902309400,0.036309400,0
'2026-08-22 08:23:32.902311100,0.036311100,1
'2026-08-22 08:23:32.902311200,0.036311200,0
'2026-08-22 08:23:32.902312200,0.036312200,1
'2026-08-22 08:23:32.902312400,0.036312400,0
'2026-08-22 08:23:32.902312900,0.036312900,1
'2026-08-22 08:23:32.902313000,0.036313000,0
'2026-08-22 08:23:32.902318300,0.036318300,1
'2026-08-22 08:23:32.902332800,0.036332800,0
'2026-08-22 08:23:32.902332900,0.036332900,1
'2026-08-22 08:23:32.902333000,0.036333000,0
'2026-08-22 08:23:32.902333100,0.036333100,1
'2026-08-22 08:23:32.902333400,0.036333400,0
'2026-08-22 08:23:32.902334500,0.036334500,1
'2026-08-22 08:23:32.902334600,0.036334600,0
'2026-08-22 08:23:32.902335000,0.036335000,1
'2026-08-22 08:23:32.902335700,0.036335700,0
'2026-08-22 08:23:32.902339700,0.036339700,1
'2026-08-22 08:23:32.902339800,0.036339800,0
'2026-08-22 08:23:32.902340900,0.036340900,1
'2026-08-22 08:23:32.902341000,0.036341000,0
'2026-08-22 08:23:32.902342000,0.036342000,1
'2026-08-22 08:23:32.902342100,0.036342100,0
'2026-08-22 08:23:32.902342900,0.036342900,1
'2026-08-22 08:23:32.902343000,0.036343000,0
'2026-08-22 08:23:32.902343200,0.036343200,1
'2026-08-22 08:23:32.902343300,0.036343300,0
'2026-08-22 08:23:32.902344400,0.036344400,1
'2026-08-22 08:23:32.902358800,0.036358800,0
'2026-08-22 08:23:32.902358900,0.036358900,1
'2026-08-22 08:23:32.902359100,0.036359100,0
'2026-08-22 08:23:32.902361300,0.036361300,1
'2026-08-22 08:23:32.902361400,0.036361400,0
'2026-08-22 08:23:32.902362400,0.036362400,1
'2026-08-22 08:23:32.902362500,0.036362500,0
'2026-08-22 08:23:32.902363100,0.036363100,1
'2026-08-22 08:23:32.902363200,0.036363200,0
'2026-08-22 08:23:32.902363600,0.036363600,1
'2026-08-22 08:23:32.902363800,0.036363800,0
'2026-08-22 08:23:32.902364100,0.036364100,1
'2026-08-22 08:23:32.902364400,0.036364400,0
'2026-08-22 08:23:32.902364700,0.036364700,1
'2026-08-22 08:23:32.902364900,0.036364900,0
'2026-08-22 08:23:32.902365900,0.036365900,1
'2026-08-22 08:23:32.902366100,0.036366100,0
'2026-08-22 08:23:32.902370500,0.036370500,1
'2026-08-22 08:23:32.902385000,0.036385000,0
'2026-08-22 08:23:32.902385100,0.036385100,1
'2026-08-22 08:23:32.902385300,0.036385300,0
'2026-08-22 08:23:32.902386000,0.036386000,1
'2026-08-22 08:23:32.902386200,0.036386200,0
'2026-08-22 08:23:32.902386900,0.036386900,1
'2026-08-22 08:23:32.902387100,0.036387100,0
'2026-08-22 08:23:32.902387500,0.036387500,1
'2026-08-22 08:23:32.902387600,0.036387600,0
'2026-08-22 08:23:32.902392800,0.036392800,1
'2026-08-22 08:23:32.902393000,0.036393000,0
'2026-08-22 08:23:32.902393400,0.036393400,1
'2026-08-22 08:23:32.902807100,0.036807100,0
'2026-08-22 08:23:32.902813500,0.036813500,1
'2026-08-22 08:23:32.902827800,0.036827800,0
'2026-08-22 08:23:32.902827900,0.036827900,1
'2026-08-22 08:23:32.902828100,0.036828100,0
'2026-08-22 08:23:32.902830900,0.036830900,1
'2026-08-22 08:23:32.902831000,0.036831000,0
'2026-08-22 08:23:32.902832100,0.036832100,1
'2026-08-22 08:23:32.902832200,0.036832200,0
'2026-08-22 08:23:32.902839600,0.036839600,1
'2026-08-22 08:23:32.902853900,0.036853900,0
'2026-08-22 08:23:32.902865700,0.036865700,1
'2026-08-22 08:23:32.902880200,0.036880200,0
'2026-08-22 08:23:32.902885300,0.036885300,1
'2026-08-22 08:23:32.902885400,0.036885400,0
'2026-08-22 08:23:32.902891800,0.036891800,1
'2026-08-22 08:23:32.902906400,0.036906400,0
'2026-08-22 08:23:32.902907500,0.036907500,1
'2026-08-22 08:23:32.902907600,0.036907600,0
'2026-08-22 08:23:32.902917400,0.036917400,1
'2026-08-22 08:23:32.902917500,0.036917500,0
'2026-08-22 08:23:32.902917800,0.036917800,1
'2026-08-22 08:23:32.902932200,0.036932200,0
'2026-08-22 08:23:32.902936100,0.036936100,1
'2026-08-22 08:23:32.902936200,0.036936200,0
'2026-08-22 08:23:32.902936700,0.036936700,1
'2026-08-22 08:23:32.902936800,0.036936800,0
'2026-08-22 08:23:32.902937700,0.036937700,1
'2026-08-22 08:23:32.902937800,0.036937800,0
'2026-08-22 08:23:32.902943900,0.036943900,1
'2026-08-22 08:23:32.902958400,0.036958400,0
'2026-08-22 08:23:32.902958900,0.036958900,1
'2026-08-22 08:23:32.902959000,0.036959000,0
'2026-08-22 08:23:32.902959500,0.036959500,1
'2026-08-22 08:23:32.902959600,0.036959600,0
'2026-08-22 08:23:32.902970000,0.036970000,1
'2026-08-22 08:23:32.902984300,0.036984300,0
'2026-08-22 08:23:32.902988100,0.036988100,1
'2026-08-22 08:23:32.902988200,0.036988200,0
'2026-08-22 08:23:32.902988700,0.036988700,1
'2026-08-22 08:23:32.902988800,0.036988800,0
'2026-08-22 08:23:32.902996100,0.036996100,1
'2026-08-22 08:23:32.903010500,0.037010500,0
'2026-08-22 08:23:32.903010900,0.037010900,1
'2026-08-22 08:23:32.903011000,0.037011000,0
'2026-08-22 08:23:32.903016100,0.037016100,1
'2026-08-22 08:23:32.903016300,0.037016300,0
'2026-08-22 08:23:32.903017300,0.037017300,1
'2026-08-22 08:23:32.903017400,0.037017400,0
'2026-08-22 08:23:32.903018500,0.037018500,1
'2026-08-22 08:23:32.903018600,0.037018600,0
'2026-08-22 08:23:32.903022100,0.037022100,1
'2026-08-22 08:23:32.903036800,0.037036800,0
'2026-08-22 08:23:32.903037200,0.037037200,1
'2026-08-22 08:23:32.903037300,0.037037300,0
'2026-08-22 08:23:32.903037700,0.037037700,1
'2026-08-22 08:23:32.903037800,0.037037800,0
'2026-08-22 08:23:32.903038900,0.037038900,1
'2026-08-22 08:23:32.903039000,0.037039000,0
'2026-08-22 08:23:32.903047100,0.037047100,1
'2026-08-22 08:23:32.903047200,0.037047200,0
'2026-08-22 08:23:32.903047700,0.037047700,1
'2026-08-22 08:23:32.903047800,0.037047800,0
'2026-08-22 08:23:32.903048200,0.037048200,1
'2026-08-22 08:23:32.903062600,0.037062600,0
'2026-08-22 08:23:32.903062900,0.037062900,1
'2026-08-22 08:23:32.903063000,0.037063000,0
'2026-08-22 08:23:32.903066300,0.037066300,1
'2026-08-22 08:23:32.903066400,0.037066400,0
'2026-08-22 08:23:32.903066900,0.037066900,1
'2026-08-22 08:23:32.903067100,0.037067100,0
'2026-08-22 08:23:32.903067500,0.037067500,1
'2026-08-22 08:23:32.903067600,0.037067600,0
'2026-08-22 08:23:32.903068700,0.037068700,1
'2026-08-22 08:23:32.903068800,0.037068800,0
'2026-08-22 08:23:32.903069300,0.037069300,1
'2026-08-22 08:23:32.903069400,0.037069400,0
'2026-08-22 08:23:32.903074300,0.037074300,1
'2026-08-22 08:23:32.903089000,0.037089000,0
'2026-08-22 08:23:32.903089100,0.037089100,1
'2026-08-22 08:23:32.903089200,0.037089200,0
'2026-08-22 08:23:32.903099100,0.037099100,1
'2026-08-22 08:23:32.903099200,0.037099200,0
'2026-08-22 08:23:32.903099700,0.037099700,1
'2026-08-22 08:23:32.903099800,0.037099800,0
'2026-08-22 08:23:32.903100300,0.037100300,1
'2026-08-22 08:23:32.903114600,0.037114600,0
'2026-08-22 08:23:32.903114700,0.037114700,1
'2026-08-22 08:23:32.903114800,0.037114800,0
'2026-08-22 08:23:32.903118300,0.037118300,1
'2026-08-22 08:23:32.903118500,0.037118500,0
'2026-08-22 08:23:32.903118900,0.037118900,1
'2026-08-22 08:23:32.903119100,0.037119100,0
'2026-08-22 08:23:32.903119500,0.037119500,1
'2026-08-22 08:23:32.903119600,0.037119600,0
'2026-08-22 08:23:32.903120100,0.037120100,1
'2026-08-22 08:23:32.903120200,0.037120200,0
'2026-08-22 08:23:32.903120700,0.037120700,1
'2026-08-22 08:23:32.903120800,0.037120800,0
'2026-08-22 08:23:32.903121300,0.037121300,1
'2026-08-22 08:23:32.903121400,0.037121400,0
'2026-08-22 08:23:32.903125900,0.037125900,1
'2026-08-22 08:23:32.903126000,0.037126000,0
'2026-08-22 08:23:32.903126100,0.037126100,1
'2026-08-22 08:23:32.903126200,0.037126200,0
'2026-08-22 08:23:32.903126400,0.037126400,1
'2026-08-22 08:23:32.903141300,0.037141300,0
'2026-08-22 08:23:32.903141500,0.037141500,1
'2026-08-22 08:23:32.903141600,0.037141600,0
'2026-08-22 08:23:32.903141700,0.037141700,1
'2026-08-22 08:23:32.903141800,0.037141800,0
'2026-08-22 08:23:32.903147600,0.037147600,1
'2026-08-22 08:23:32.903147700,0.037147700,0
'2026-08-22 08:23:32.903148100,0.037148100,1
'2026-08-22 08:23:32.903148200,0.037148200,0
'2026-08-22 08:23:32.903148700,0.037148700,1
'2026-08-22 08:23:32.903148800,0.037148800,0
'2026-08-22 08:23:32.903149200,0.037149200,1
'2026-08-22 08:23:32.903149400,0.037149400,0
'2026-08-22 08:23:32.903149900,0.037149900,1
'2026-08-22 08:23:32.903150000,0.037150000,0
'2026-08-22 08:23:32.903151700,0.037151700,1
'2026-08-22 08:23:32.903151800,0.037151800,0
'2026-08-22 08:23:32.903152500,0.037152500,1
'2026-08-22 08:23:32.903167100,0.037167100,0
'2026-08-22 08:23:32.903168000,0.037168000,1
'2026-08-22 08:23:32.903168100,0.037168100,0
'2026-08-22 08:23:32.903168800,0.037168800,1
'2026-08-22 08:23:32.903168900,0.037168900,0
'2026-08-22 08:23:32.903169200,0.037169200,1
'2026-08-22 08:23:32.903169400,0.037169400,0
'2026-08-22 08:23:32.903169800,0.037169800,1
'2026-08-22 08:23:32.903169900,0.037169900,0
'2026-08-22 08:23:32.903170300,0.037170300,1
'2026-08-22 08:23:32.903170500,0.037170500,0
'2026-08-22 08:23:32.903172100,0.037172100,1
'2026-08-22 08:23:32.903172200,0.037172200,0
'2026-08-22 08:23:32.903172500,0.037172500,1
'2026-08-22 08:23:32.903172600,0.037172600,0
'2026-08-22 08:23:32.903172700,0.037172700,1
'2026-08-22 08:23:32.903172800,0.037172800,0
'2026-08-22 08:23:32.903173300,0.037173300,1
'2026-08-22 08:23:32.903173400,0.037173400,0
'2026-08-22 08:23:32.903175600,0.037175600,1
'2026-08-22 08:23:32.903175800,0.037175800,0
'2026-08-22 08:23:32.903177900,0.037177900,1
'2026-08-22 08:23:32.903178100,0.037178100,0
'2026-08-22 08:23:32.903178600,0.037178600,1
'2026-08-22 08:23:32.903193200,0.037193200,0
'2026-08-22 08:23:32.903195500,0.037195500,1
'2026-08-22 08:23:32.903195600,0.037195600,0
'2026-08-22 08:23:32.903196700,0.037196700,1
'2026-08-22 08:23:32.903196800,0.037196800,0
'2026-08-22 08:23:32.903197800,0.037197800,1
'2026-08-22 08:23:32.903197900,0.037197900,0
'2026-08-22 08:23:32.903198400,0.037198400,1
'2026-08-22 08:23:32.903198500,0.037198500,0
'2026-08-22 08:23:32.903198600,0.037198600,1
'2026-08-22 08:23:32.903198800,0.037198800,0
'2026-08-22 08:23:32.903198900,0.037198900,1
'2026-08-22 08:23:32.903199100,0.037199100,0
'2026-08-22 08:23:32.903199600,0.037199600,1
'2026-08-22 08:23:32.903199800,0.037199800,0
'2026-08-22 08:23:32.903200100,0.037200100,1
'2026-08-22 08:23:32.903200400,0.037200400,0
'2026-08-22 08:23:32.903200700,0.037200700,1
'2026-08-22 08:23:32.903200800,0.037200800,0
'2026-08-22 08:23:32.903201900,0.037201900,1
'2026-08-22 08:23:32.903202100,0.037202100,0
'2026-08-22 08:23:32.903203100,0.037203100,1
'2026-08-22 08:23:32.903203200,0.037203200,0
'2026-08-22 08:23:32.903203400,0.037203400,1
'2026-08-22 08:23:32.903203500,0.037203500,0
'2026-08-22 08:23:32.903204700,0.037204700,1
'2026-08-22 08:23:32.903635800,0.037635800,0
'2026-08-22 08:23:32.903647700,0.037647700,1
'2026-08-22 08:23:32.903662300,0.037662300,0
'2026-08-22 08:23:32.903673800,0.037673800,1
'2026-08-22 08:23:32.903688200,0.037688200,0
'2026-08-22 08:23:32.903699900,0.037699900,1
'2026-08-22 08:23:32.903714300,0.037714300,0
'2026-08-22 08:23:32.903714400,0.037714400,1
'2026-08-22 08:23:32.903714500,0.037714500,0
'2026-08-22 08:23:32.903714700,0.037714700,1
'2026-08-22 08:23:32.903714800,0.037714800,0
'2026-08-22 08:23:32.903723500,0.037723500,1
'2026-08-22 08:23:32.903723600,0.037723600,0
'2026-08-22 08:23:32.903726000,0.037726000,1
'2026-08-22 08:23:32.903740200,0.037740200,0
'2026-08-22 08:23:32.903740400,0.037740400,1
'2026-08-22 08:23:32.903740600,0.037740600,0
'2026-08-22 08:23:32.903740800,0.037740800,1
'2026-08-22 08:23:32.903740900,0.037740900,0
'2026-08-22 08:23:32.903743900,0.037743900,1
'2026-08-22 08:23:32.903744000,0.037744000,0
'2026-08-22 08:23:32.903752000,0.037752000,1
'2026-08-22 08:23:32.903766400,0.037766400,0
'2026-08-22 08:23:32.903778100,0.037778100,1
'2026-08-22 08:23:32.903792600,0.037792600,0
'2026-08-22 08:23:32.903804200,0.037804200,1
'2026-08-22 08:23:32.903818800,0.037818800,0
'2026-08-22 08:23:32.903819300,0.037819300,1
'2026-08-22 08:23:32.903819400,0.037819400,0
'2026-08-22 08:23:32.903819900,0.037819900,1
'2026-08-22 08:23:32.903820000,0.037820000,0
'2026-08-22 08:23:32.903830300,0.037830300,1
'2026-08-22 08:23:32.903844600,0.037844600,0
'2026-08-22 08:23:32.903847300,0.037847300,1
'2026-08-22 08:23:32.903847400,0.037847400,0
'2026-08-22 08:23:32.903849100,0.037849100,1
'2026-08-22 08:23:32.903849200,0.037849200,0
'2026-08-22 08:23:32.903849300,0.037849300,1
'2026-08-22 08:23:32.903849400,0.037849400,0
'2026-08-22 08:23:32.903854900,0.037854900,1
'2026-08-22 08:23:32.903855000,0.037855000,0
'2026-08-22 08:23:32.903856200,0.037856200,1
'2026-08-22 08:23:32.903870800,0.037870800,0
'2026-08-22 08:23:32.903871200,0.037871200,1
'2026-08-22 08:23:32.903871400,0.037871400,0
'2026-08-22 08:23:32.903871500,0.037871500,1
'2026-08-22 08:23:32.903871600,0.037871600,0
'2026-08-22 08:23:32.903871900,0.037871900,1
'2026-08-22 08:23:32.903872000,0.037872000,0
'2026-08-22 08:23:32.903874800,0.037874800,1
'2026-08-22 08:23:32.903875000,0.037875000,0
'2026-08-22 08:23:32.903881200,0.037881200,1
'2026-08-22 08:23:32.903881300,0.037881300,0
'2026-08-22 08:23:32.903882400,0.037882400,1
'2026-08-22 08:23:32.903896800,0.037896800,0
'2026-08-22 08:23:32.903897600,0.037897600,1
'2026-08-22 08:23:32.903897700,0.037897700,0
'2026-08-22 08:23:32.903899900,0.037899900,1
'2026-08-22 08:23:32.903900000,0.037900000,0
'2026-08-22 08:23:32.903901100,0.037901100,1
'2026-08-22 08:23:32.903901200,0.037901200,0
'2026-08-22 08:23:32.903901700,0.037901700,1
'2026-08-22 08:23:32.903901800,0.037901800,0
'2026-08-22 08:23:32.903902300,0.037902300,1
'2026-08-22 08:23:32.903902400,0.037902400,0
'2026-08-22 08:23:32.903908500,0.037908500,1
'2026-08-22 08:23:32.903923000,0.037923000,0
'2026-08-22 08:23:32.903923300,0.037923300,1
'2026-08-22 08:23:32.903923400,0.037923400,0
'2026-08-22 08:23:32.903923900,0.037923900,1
'2026-08-22 08:23:32.903924000,0.037924000,0
'2026-08-22 08:23:32.903924300,0.037924300,1
'2026-08-22 08:23:32.903924600,0.037924600,0
'2026-08-22 08:23:32.903925000,0.037925000,1
'2026-08-22 08:23:32.903925200,0.037925200,0
'2026-08-22 08:23:32.903925300,0.037925300,1
'2026-08-22 08:23:32.903925400,0.037925400,0
'2026-08-22 08:23:32.903930300,0.037930300,1
'2026-08-22 08:23:32.903930400,0.037930400,0
'2026-08-22 08:23:32.903930900,0.037930900,1
'2026-08-22 08:23:32.903931000,0.037931000,0
'2026-08-22 08:23:32.903932100,0.037932100,1
'2026-08-22 08:23:32.903932200,0.037932200,0
'2026-08-22 08:23:32.903932700,0.037932700,1
'2026-08-22 08:23:32.903932800,0.037932800,0
'2026-08-22 08:23:32.903933100,0.037933100,1
'2026-08-22 08:23:32.903933300,0.037933300,0
'2026-08-22 08:23:32.903934500,0.037934500,1
'2026-08-22 08:23:32.903949100,0.037949100,0
'2026-08-22 08:23:32.903950300,0.037950300,1
'2026-08-22 08:23:32.903950400,0.037950400,0
'2026-08-22 08:23:32.903951300,0.037951300,1
'2026-08-22 08:23:32.903951400,0.037951400,0
'2026-08-22 08:23:32.903952500,0.037952500,1
'2026-08-22 08:23:32.903952600,0.037952600,0
'2026-08-22 08:23:32.903953100,0.037953100,1
'2026-08-22 08:23:32.903953200,0.037953200,0
'2026-08-22 08:23:32.903953700,0.037953700,1
'2026-08-22 08:23:32.903953800,0.037953800,0
'2026-08-22 08:23:32.903954300,0.037954300,1
'2026-08-22 08:23:32.903954400,0.037954400,0
'2026-08-22 08:23:32.903956100,0.037956100,1
'2026-08-22 08:23:32.903956200,0.037956200,0
'2026-08-22 08:23:32.903960600,0.037960600,1
'2026-08-22 08:23:32.903975200,0.037975200,0
'2026-08-22 08:23:32.903975300,0.037975300,1
'2026-08-22 08:23:32.903975400,0.037975400,0
'2026-08-22 08:23:32.903975900,0.037975900,1
'2026-08-22 08:23:32.903976000,0.037976000,0
'2026-08-22 08:23:32.903978800,0.037978800,1
'2026-08-22 08:23:32.903978900,0.037978900,0
'2026-08-22 08:23:32.903979400,0.037979400,1
'2026-08-22 08:23:32.903979500,0.037979500,0
'2026-08-22 08:23:32.903979900,0.037979900,1
'2026-08-22 08:23:32.903980000,0.037980000,0
'2026-08-22 08:23:32.903981100,0.037981100,1
'2026-08-22 08:23:32.903981200,0.037981200,0
'2026-08-22 08:23:32.903982200,0.037982200,1
'2026-08-22 08:23:32.903982400,0.037982400,0
'2026-08-22 08:23:32.903982900,0.037982900,1
'2026-08-22 08:23:32.903983000,0.037983000,0
'2026-08-22 08:23:32.903983400,0.037983400,1
'2026-08-22 08:23:32.903983600,0.037983600,0
'2026-08-22 08:23:32.903984600,0.037984600,1
'2026-08-22 08:23:32.903984700,0.037984700,0
'2026-08-22 08:23:32.903985800,0.037985800,1
'2026-08-22 08:23:32.903985900,0.037985900,0
'2026-08-22 08:23:32.903986700,0.037986700,1
'2026-08-22 08:23:32.904001200,0.038001200,0
'2026-08-22 08:23:32.904001600,0.038001600,1
'2026-08-22 08:23:32.904001700,0.038001700,0
'2026-08-22 08:23:32.904002100,0.038002100,1
'2026-08-22 08:23:32.904002400,0.038002400,0
'2026-08-22 08:23:32.904003300,0.038003300,1
'2026-08-22 08:23:32.904003400,0.038003400,0
'2026-08-22 08:23:32.904003900,0.038003900,1
'2026-08-22 08:23:32.904004000,0.038004000,0
'2026-08-22 08:23:32.904004500,0.038004500,1
'2026-08-22 08:23:32.904004600,0.038004600,0
'2026-08-22 08:23:32.904005100,0.038005100,1
'2026-08-22 08:23:32.904005200,0.038005200,0
'2026-08-22 08:23:32.904005700,0.038005700,1
'2026-08-22 08:23:32.904005800,0.038005800,0
'2026-08-22 08:23:32.904006300,0.038006300,1
'2026-08-22 08:23:32.904006400,0.038006400,0
'2026-08-22 08:23:32.904008000,0.038008000,1
'2026-08-22 08:23:32.904008200,0.038008200,0
'2026-08-22 08:23:32.904009700,0.038009700,1
'2026-08-22 08:23:32.904009800,0.038009800,0
'2026-08-22 08:23:32.904010000,0.038010000,1
'2026-08-22 08:23:32.904010100,0.038010100,0
'2026-08-22 08:23:32.904010300,0.038010300,1
'2026-08-22 08:23:32.904010400,0.038010400,0
'2026-08-22 08:23:32.904010900,0.038010900,1
'2026-08-22 08:23:32.904011000,0.038011000,0
'2026-08-22 08:23:32.904012000,0.038012000,1
'2026-08-22 08:23:32.904012200,0.038012200,0
'2026-08-22 08:23:32.904012800,0.038012800,1
'2026-08-22 08:23:32.904027500,0.038027500,0
'2026-08-22 08:23:32.904027800,0.038027800,1
'2026-08-22 08:23:32.904028000,0.038028000,0
'2026-08-22 08:23:32.904028900,0.038028900,1
'2026-08-22 08:23:32.904029000,0.038029000,0
'2026-08-22 08:23:32.904029600,0.038029600,1
'2026-08-22 08:23:32.904029700,0.038029700,0
'2026-08-22 08:23:32.904030800,0.038030800,1
'2026-08-22 08:23:32.904030900,0.038030900,0
'2026-08-22 08:23:32.904031400,0.038031400,1
'2026-08-22 08:23:32.904031500,0.038031500,0
'2026-08-22 08:23:32.904031900,0.038031900,1
'2026-08-22 08:23:32.904032100,0.038032100,0
'2026-08-22 08:23:32.904032500,0.038032500,1
'2026-08-22 08:23:32.904032700,0.038032700,0
'2026-08-22 08:23:32.904033100,0.038033100,1
'2026-08-22 08:23:32.904033200,0.038033200,0
'2026-08-22 08:23:32.904033800,0.038033800,1
'2026-08-22 08:23:32.904033900,0.038033900,0
'2026-08-22 08:23:32.904034900,0.038034900,1
'2026-08-22 08:23:32.904035000,0.038035000,0
'2026-08-22 08:23:32.904035100,0.038035100,1
'2026-08-22 08:23:32.904035200,0.038035200,0
'2026-08-22 08:23:32.904036000,0.038036000,1
'2026-08-22 08:23:32.904036200,0.038036200,0
'2026-08-22 08:23:32.904037200,0.038037200,1
'2026-08-22 08:23:32.904037300,0.038037300,0
'2026-08-22 08:23:32.904038400,0.038038400,1
'2026-08-22 08:23:32.904038500,0.038038500,0
'2026-08-22 08:23:32.904038600,0.038038600,1
'2026-08-22 08:23:32.904038700,0.038038700,0
'2026-08-22 08:23:32.904038800,0.038038800,1
'2026-08-22 08:23:32.904453300,0.038453300,0
'2026-08-22 08:23:32.904455800,0.038455800,1
'2026-08-22 08:23:32.904470100,0.038470100,0
'2026-08-22 08:23:32.904481900,0.038481900,1
'2026-08-22 08:23:32.904496300,0.038496300,0
'2026-08-22 08:23:32.904496400,0.038496400,1
'2026-08-22 08:23:32.904496500,0.038496500,0
'2026-08-22 08:23:32.904499500,0.038499500,1
'2026-08-22 08:23:32.904499600,0.038499600,0
'2026-08-22 08:23:32.904508000,0.038508000,1
'2026-08-22 08:23:32.904522300,0.038522300,0
'2026-08-22 08:23:32.904522500,0.038522500,1
'2026-08-22 08:23:32.904522600,0.038522600,0
'2026-08-22 08:23:32.904532100,0.038532100,1
'2026-08-22 08:23:32.904532200,0.038532200,0
'2026-08-22 08:23:32.904534100,0.038534100,1
'2026-08-22 08:23:32.904548300,0.038548300,0
'2026-08-22 08:23:32.904560200,0.038560200,1
'2026-08-22 08:23:32.904574600,0.038574600,0
'2026-08-22 08:23:32.904575600,0.038575600,1
'2026-08-22 08:23:32.904575700,0.038575700,0
'2026-08-22 08:23:32.904585400,0.038585400,1
'2026-08-22 08:23:32.904585600,0.038585600,0
'2026-08-22 08:23:32.904586200,0.038586200,1
'2026-08-22 08:23:32.904600600,0.038600600,0
'2026-08-22 08:23:32.904600700,0.038600700,1
'2026-08-22 08:23:32.904600900,0.038600900,0
'2026-08-22 08:23:32.904601300,0.038601300,1
'2026-08-22 08:23:32.904601400,0.038601400,0
'2026-08-22 08:23:32.904603100,0.038603100,1
'2026-08-22 08:23:32.904603200,0.038603200,0
'2026-08-22 08:23:32.904607100,0.038607100,1
'2026-08-22 08:23:32.904607200,0.038607200,0
'2026-08-22 08:23:32.904608900,0.038608900,1
'2026-08-22 08:23:32.904609000,0.038609000,0
'2026-08-22 08:23:32.904612300,0.038612300,1
'2026-08-22 08:23:32.904626700,0.038626700,0
'2026-08-22 08:23:32.904636200,0.038636200,1
'2026-08-22 08:23:32.904636300,0.038636300,0
'2026-08-22 08:23:32.904638400,0.038638400,1
'2026-08-22 08:23:32.904652900,0.038652900,0
'2026-08-22 08:23:32.904653300,0.038653300,1
'2026-08-22 08:23:32.904653400,0.038653400,0
'2026-08-22 08:23:32.904653900,0.038653900,1
'2026-08-22 08:23:32.904654000,0.038654000,0
'2026-08-22 08:23:32.904654500,0.038654500,1
'2026-08-22 08:23:32.904654600,0.038654600,0
'2026-08-22 08:23:32.904659100,0.038659100,1
'2026-08-22 08:23:32.904659200,0.038659200,0
'2026-08-22 08:23:32.904664400,0.038664400,1
'2026-08-22 08:23:32.904678900,0.038678900,0
'2026-08-22 08:23:32.904683100,0.038683100,1
'2026-08-22 08:23:32.904683200,0.038683200,0
'2026-08-22 08:23:32.904685400,0.038685400,1
'2026-08-22 08:23:32.904685500,0.038685500,0
'2026-08-22 08:23:32.904687700,0.038687700,1
'2026-08-22 08:23:32.904687800,0.038687800,0
'2026-08-22 08:23:32.904688900,0.038688900,1
'2026-08-22 08:23:32.904689000,0.038689000,0
'2026-08-22 08:23:32.904690500,0.038690500,1
'2026-08-22 08:23:32.904705000,0.038705000,0
'2026-08-22 08:23:32.904705300,0.038705300,1
'2026-08-22 08:23:32.904705400,0.038705400,0
'2026-08-22 08:23:32.904705800,0.038705800,1
'2026-08-22 08:23:32.904706000,0.038706000,0
'2026-08-22 08:23:32.904708200,0.038708200,1
'2026-08-22 08:23:32.904708300,0.038708300,0
'2026-08-22 08:23:32.904711100,0.038711100,1
'2026-08-22 08:23:32.904711200,0.038711200,0
'2026-08-22 08:23:32.904713500,0.038713500,1
'2026-08-22 08:23:32.904713600,0.038713600,0
'2026-08-22 08:23:32.904715800,0.038715800,1
'2026-08-22 08:23:32.904716000,0.038716000,0
'2026-08-22 08:23:32.904716400,0.038716400,1
'2026-08-22 08:23:32.904716500,0.038716500,0
'2026-08-22 08:23:32.904716600,0.038716600,1
'2026-08-22 08:23:32.904731100,0.038731100,0
'2026-08-22 08:23:32.904731500,0.038731500,1
'2026-08-22 08:23:32.904731800,0.038731800,0
'2026-08-22 08:23:32.904732100,0.038732100,1
'2026-08-22 08:23:32.904732200,0.038732200,0
'2026-08-22 08:23:32.904733900,0.038733900,1
'2026-08-22 08:23:32.904734000,0.038734000,0
'2026-08-22 08:23:32.904734500,0.038734500,1
'2026-08-22 08:23:32.904734600,0.038734600,0
'2026-08-22 08:23:32.904735000,0.038735000,1
'2026-08-22 08:23:32.904735200,0.038735200,0
'2026-08-22 08:23:32.904736200,0.038736200,1
'2026-08-22 08:23:32.904736300,0.038736300,0
'2026-08-22 08:23:32.904739100,0.038739100,1
'2026-08-22 08:23:32.904739200,0.038739200,0
'2026-08-22 08:23:32.904739600,0.038739600,1
'2026-08-22 08:23:32.904739800,0.038739800,0
'2026-08-22 08:23:32.904742700,0.038742700,1
'2026-08-22 08:23:32.904757100,0.038757100,0
'2026-08-22 08:23:32.904757200,0.038757200,1
'2026-08-22 08:23:32.904757400,0.038757400,0
'2026-08-22 08:23:32.904758900,0.038758900,1
'2026-08-22 08:23:32.904759000,0.038759000,0
'2026-08-22 08:23:32.904760300,0.038760300,1
'2026-08-22 08:23:32.904760400,0.038760400,0
'2026-08-22 08:23:32.904761200,0.038761200,1
'2026-08-22 08:23:32.904761400,0.038761400,0
'2026-08-22 08:23:32.904761900,0.038761900,1
'2026-08-22 08:23:32.904762000,0.038762000,0
'2026-08-22 08:23:32.904763400,0.038763400,1
'2026-08-22 08:23:32.904763500,0.038763500,0
'2026-08-22 08:23:32.904767700,0.038767700,1
'2026-08-22 08:23:32.904767800,0.038767800,0
'2026-08-22 08:23:32.904768700,0.038768700,1
'2026-08-22 08:23:32.904783200,0.038783200,0
'2026-08-22 08:23:32.904783500,0.038783500,1
'2026-08-22 08:23:32.904783600,0.038783600,0
'2026-08-22 08:23:32.904784000,0.038784000,1
'2026-08-22 08:23:32.904784200,0.038784200,0
'2026-08-22 08:23:32.904784700,0.038784700,1
'2026-08-22 08:23:32.904784800,0.038784800,0
'2026-08-22 08:23:32.904785100,0.038785100,1
'2026-08-22 08:23:32.904785400,0.038785400,0
'2026-08-22 08:23:32.904785900,0.038785900,1
'2026-08-22 08:23:32.904786000,0.038786000,0
'2026-08-22 08:23:32.904789900,0.038789900,1
'2026-08-22 08:23:32.904790000,0.038790000,0
'2026-08-22 08:23:32.904791700,0.038791700,1
'2026-08-22 08:23:32.904791800,0.038791800,0
'2026-08-22 08:23:32.904792300,0.038792300,1
'2026-08-22 08:23:32.904792400,0.038792400,0
'2026-08-22 08:23:32.904793500,0.038793500,1
'2026-08-22 08:23:32.904793600,0.038793600,0
'2026-08-22 08:23:32.904793700,0.038793700,1
'2026-08-22 08:23:32.904793800,0.038793800,0
'2026-08-22 08:23:32.904794800,0.038794800,1
'2026-08-22 08:23:32.904809600,0.038809600,0
'2026-08-22 08:23:32.904809900,0.038809900,1
'2026-08-22 08:23:32.904810000,0.038810000,0
'2026-08-22 08:23:32.904810900,0.038810900,1
'2026-08-22 08:23:32.904811100,0.038811100,0
'2026-08-22 08:23:32.904812100,0.038812100,1
'2026-08-22 08:23:32.904812300,0.038812300,0
'2026-08-22 08:23:32.904813300,0.038813300,1
'2026-08-22 08:23:32.904813400,0.038813400,0
'2026-08-22 08:23:32.904814500,0.038814500,1
'2026-08-22 08:23:32.904814600,0.038814600,0
'2026-08-22 08:23:32.904815700,0.038815700,1
'2026-08-22 08:23:32.904815800,0.038815800,0
'2026-08-22 08:23:32.904816200,0.038816200,1
'2026-08-22 08:23:32.904816400,0.038816400,0
'2026-08-22 08:23:32.904818600,0.038818600,1
'2026-08-22 08:23:32.904818700,0.038818700,0
'2026-08-22 08:23:32.904819800,0.038819800,1
'2026-08-22 08:23:32.904819900,0.038819900,0
'2026-08-22 08:23:32.904820900,0.038820900,1
'2026-08-22 08:23:32.904835400,0.038835400,0
'2026-08-22 08:23:32.904835500,0.038835500,1
'2026-08-22 08:23:32.904835600,0.038835600,0
'2026-08-22 08:23:32.904836100,0.038836100,1
'2026-08-22 08:23:32.904836200,0.038836200,0
'2026-08-22 08:23:32.904836700,0.038836700,1
'2026-08-22 08:23:32.904836800,0.038836800,0
'2026-08-22 08:23:32.904837300,0.038837300,1
'2026-08-22 08:23:32.904837400,0.038837400,0
'2026-08-22 08:23:32.904837800,0.038837800,1
'2026-08-22 08:23:32.904837900,0.038837900,0
'2026-08-22 08:23:32.904838100,0.038838100,1
'2026-08-22 08:23:32.904838200,0.038838200,0
'2026-08-22 08:23:32.904838400,0.038838400,1
'2026-08-22 08:23:32.904838600,0.038838600,0
'2026-08-22 08:23:32.904841400,0.038841400,1
'2026-08-22 08:23:32.904841500,0.038841500,0
'2026-08-22 08:23:32.904842500,0.038842500,1
'2026-08-22 08:23:32.904842600,0.038842600,0
'2026-08-22 08:23:32.904843100,0.038843100,1
'2026-08-22 08:23:32.904843200,0.038843200,0
'2026-08-22 08:23:32.904843600,0.038843600,1
'2026-08-22 08:23:32.904843800,0.038843800,0
'2026-08-22 08:23:32.904844500,0.038844500,1
'2026-08-22 08:23:32.904844600,0.038844600,0
'2026-08-22 08:23:32.904844900,0.038844900,1
'2026-08-22 08:23:32.904845000,0.038845000,0
'2026-08-22 08:23:32.904846000,0.038846000,1
'2026-08-22 08:23:32.904846300,0.038846300,0
'2026-08-22 08:23:32.904847000,0.038847000,1
'2026-08-22 08:23:32.904861600,0.038861600,0
'2026-08-22 08:23:32.904861800,0.038861800,1
'2026-08-22 08:23:32.904862200,0.038862200,0
'2026-08-22 08:23:32.904862400,0.038862400,1
'2026-08-22 08:23:32.904862500,0.038862500,0
'2026-08-22 08:23:32.904862700,0.038862700,1
'2026-08-22 08:23:32.905278300,0.039278300,0
'2026-08-22 08:23:32.905290000,0.039290000,1
'2026-08-22 08:23:32.905304300,0.039304300,0
'2026-08-22 08:23:32.905304600,0.039304600,1
'2026-08-22 08:23:32.905304700,0.039304700,0
'2026-08-22 08:23:32.905316100,0.039316100,1
'2026-08-22 08:23:32.905330600,0.039330600,0
'2026-08-22 08:23:32.905330700,0.039330700,1
'2026-08-22 08:23:32.905330800,0.039330800,0
'2026-08-22 08:23:32.905332600,0.039332600,1
'2026-08-22 08:23:32.905332700,0.039332700,0
'2026-08-22 08:23:32.905342200,0.039342200,1
'2026-08-22 08:23:32.905356400,0.039356400,0
'2026-08-22 08:23:32.905356600,0.039356600,1
'2026-08-22 08:23:32.905356700,0.039356700,0
'2026-08-22 08:23:32.905368300,0.039368300,1
'2026-08-22 08:23:32.905382600,0.039382600,0
'2026-08-22 08:23:32.905383500,0.039383500,1
'2026-08-22 08:23:32.905383600,0.039383600,0
'2026-08-22 08:23:32.905384100,0.039384100,1
'2026-08-22 08:23:32.905384200,0.039384200,0
'2026-08-22 08:23:32.905386200,0.039386200,1
'2026-08-22 08:23:32.905386300,0.039386300,0
'2026-08-22 08:23:32.905394400,0.039394400,1
'2026-08-22 08:23:32.905408700,0.039408700,0
'2026-08-22 08:23:32.905412300,0.039412300,1
'2026-08-22 08:23:32.905412400,0.039412400,0
'2026-08-22 08:23:32.905413300,0.039413300,1
'2026-08-22 08:23:32.905413400,0.039413400,0
'2026-08-22 08:23:32.905420400,0.039420400,1
'2026-08-22 08:23:32.905435000,0.039435000,0
'2026-08-22 08:23:32.905440700,0.039440700,1
'2026-08-22 08:23:32.905440800,0.039440800,0
'2026-08-22 08:23:32.905442300,0.039442300,1
'2026-08-22 08:23:32.905442400,0.039442400,0
'2026-08-22 08:23:32.905442500,0.039442500,1
'2026-08-22 08:23:32.905442600,0.039442600,0
'2026-08-22 08:23:32.905444800,0.039444800,1
'2026-08-22 08:23:32.905444900,0.039444900,0
'2026-08-22 08:23:32.905446000,0.039446000,1
'2026-08-22 08:23:32.905446100,0.039446100,0
'2026-08-22 08:23:32.905446500,0.039446500,1
'2026-08-22 08:23:32.905461000,0.039461000,0
'2026-08-22 08:23:32.905461200,0.039461200,1
'2026-08-22 08:23:32.905461300,0.039461300,0
'2026-08-22 08:23:32.905461700,0.039461700,1
'2026-08-22 08:23:32.905461800,0.039461800,0
'2026-08-22 08:23:32.905464100,0.039464100,1
'2026-08-22 08:23:32.905464200,0.039464200,0
'2026-08-22 08:23:32.905465800,0.039465800,1
'2026-08-22 08:23:32.905465900,0.039465900,0
'2026-08-22 08:23:32.905471100,0.039471100,1
'2026-08-22 08:23:32.905471200,0.039471200,0
'2026-08-22 08:23:32.905472300,0.039472300,1
'2026-08-22 08:23:32.905472400,0.039472400,0
'2026-08-22 08:23:32.905472600,0.039472600,1
'2026-08-22 08:23:32.905487000,0.039487000,0
'2026-08-22 08:23:32.905487500,0.039487500,1
'2026-08-22 08:23:32.905487600,0.039487600,0
'2026-08-22 08:23:32.905491000,0.039491000,1
'2026-08-22 08:23:32.905491100,0.039491100,0
'2026-08-22 08:23:32.905491600,0.039491600,1
'2026-08-22 08:23:32.905491700,0.039491700,0
'2026-08-22 08:23:32.905492000,0.039492000,1
'2026-08-22 08:23:32.905492100,0.039492100,0
'2026-08-22 08:23:32.905493900,0.039493900,1
'2026-08-22 08:23:32.905494000,0.039494000,0
'2026-08-22 08:23:32.905495100,0.039495100,1
'2026-08-22 08:23:32.905495200,0.039495200,0
'2026-08-22 08:23:32.905498600,0.039498600,1
'2026-08-22 08:23:32.905513000,0.039513000,0
'2026-08-22 08:23:32.905513100,0.039513100,1
'2026-08-22 08:23:32.905513300,0.039513300,0
'2026-08-22 08:23:32.905513700,0.039513700,1
'2026-08-22 08:23:32.905513800,0.039513800,0
'2026-08-22 08:23:32.905514700,0.039514700,1
'2026-08-22 08:23:32.905514900,0.039514900,0
'2026-08-22 08:23:32.905515500,0.039515500,1
'2026-08-22 08:23:32.905515600,0.039515600,0
'2026-08-22 08:23:32.905520800,0.039520800,1
'2026-08-22 08:23:32.905520900,0.039520900,0
'2026-08-22 08:23:32.905521300,0.039521300,1
'2026-08-22 08:23:32.905521400,0.039521400,0
'2026-08-22 08:23:32.905522300,0.039522300,1
'2026-08-22 08:23:32.905522600,0.039522600,0
'2026-08-22 08:23:32.905522700,0.039522700,1
'2026-08-22 08:23:32.905522800,0.039522800,0
'2026-08-22 08:23:32.905523100,0.039523100,1
'2026-08-22 08:23:32.905523200,0.039523200,0
'2026-08-22 08:23:32.905524700,0.039524700,1
'2026-08-22 08:23:32.905539100,0.039539100,0
'2026-08-22 08:23:32.905540300,0.039540300,1
'2026-08-22 08:23:32.905540400,0.039540400,0
'2026-08-22 08:23:32.905541800,0.039541800,1
'2026-08-22 08:23:32.905541900,0.039541900,0
'2026-08-22 08:23:32.905544000,0.039544000,1
'2026-08-22 08:23:32.905544200,0.039544200,0
'2026-08-22 08:23:32.905544700,0.039544700,1
'2026-08-22 08:23:32.905544800,0.039544800,0
'2026-08-22 08:23:32.905545900,0.039545900,1
'2026-08-22 08:23:32.905546000,0.039546000,0
'2026-08-22 08:23:32.905550800,0.039550800,1
'2026-08-22 08:23:32.905565300,0.039565300,0
'2026-08-22 08:23:32.905565500,0.039565500,1
'2026-08-22 08:23:32.905565600,0.039565600,0
'2026-08-22 08:23:32.905565700,0.039565700,1
'2026-08-22 08:23:32.905565800,0.039565800,0
'2026-08-22 08:23:32.905566300,0.039566300,1
'2026-08-22 08:23:32.905566400,0.039566400,0
'2026-08-22 08:23:32.905566900,0.039566900,1
'2026-08-22 08:23:32.905567000,0.039567000,0
'2026-08-22 08:23:32.905570900,0.039570900,1
'2026-08-22 08:23:32.905571000,0.039571000,0
'2026-08-22 08:23:32.905571500,0.039571500,1
'2026-08-22 08:23:32.905571600,0.039571600,0
'2026-08-22 08:23:32.905571700,0.039571700,1
'2026-08-22 08:23:32.905571800,0.039571800,0
'2026-08-22 08:23:32.905572100,0.039572100,1
'2026-08-22 08:23:32.905572200,0.039572200,0
'2026-08-22 08:23:32.905572700,0.039572700,1
'2026-08-22 08:23:32.905572800,0.039572800,0
'2026-08-22 08:23:32.905573300,0.039573300,1
'2026-08-22 08:23:32.905573400,0.039573400,0
'2026-08-22 08:23:32.905573900,0.039573900,1
'2026-08-22 08:23:32.905574000,0.039574000,0
'2026-08-22 08:23:32.905574400,0.039574400,1
'2026-08-22 08:23:32.905574600,0.039574600,0
'2026-08-22 08:23:32.905575100,0.039575100,1
'2026-08-22 08:23:32.905575200,0.039575200,0
'2026-08-22 08:23:32.905575500,0.039575500,1
'2026-08-22 08:23:32.905575700,0.039575700,0
'2026-08-22 08:23:32.905576200,0.039576200,1
'2026-08-22 08:23:32.905576300,0.039576300,0
'2026-08-22 08:23:32.905576800,0.039576800,1
'2026-08-22 08:23:32.905591300,0.039591300,0
'2026-08-22 08:23:32.905591400,0.039591400,1
'2026-08-22 08:23:32.905591800,0.039591800,0
'2026-08-22 08:23:32.905591900,0.039591900,1
'2026-08-22 08:23:32.905592100,0.039592100,0
'2026-08-22 08:23:32.905593100,0.039593100,1
'2026-08-22 08:23:32.905593200,0.039593200,0
'2026-08-22 08:23:32.905593700,0.039593700,1
'2026-08-22 08:23:32.905594000,0.039594000,0
'2026-08-22 08:23:32.905594300,0.039594300,1
'2026-08-22 08:23:32.905594400,0.039594400,0
'2026-08-22 08:23:32.905594900,0.039594900,1
'2026-08-22 08:23:32.905595100,0.039595100,0
'2026-08-22 08:23:32.905595500,0.039595500,1
'2026-08-22 08:23:32.905595600,0.039595600,0
'2026-08-22 08:23:32.905596100,0.039596100,1
'2026-08-22 08:23:32.905596200,0.039596200,0
'2026-08-22 08:23:32.905597200,0.039597200,1
'2026-08-22 08:23:32.905597400,0.039597400,0
'2026-08-22 08:23:32.905602500,0.039602500,1
'2026-08-22 08:23:32.905602600,0.039602600,0
'2026-08-22 08:23:32.905602900,0.039602900,1
'2026-08-22 08:23:32.905617400,0.039617400,0
'2026-08-22 08:23:32.905617700,0.039617700,1
'2026-08-22 08:23:32.905617800,0.039617800,0
'2026-08-22 08:23:32.905619500,0.039619500,1
'2026-08-22 08:23:32.905619600,0.039619600,0
'2026-08-22 08:23:32.905621700,0.039621700,1
'2026-08-22 08:23:32.905621800,0.039621800,0
'2026-08-22 08:23:32.905622400,0.039622400,1
'2026-08-22 08:23:32.905622500,0.039622500,0
'2026-08-22 08:23:32.905622700,0.039622700,1
'2026-08-22 08:23:32.905623000,0.039623000,0
'2026-08-22 08:23:32.905623200,0.039623200,1
'2026-08-22 08:23:32.905623300,0.039623300,0
'2026-08-22 08:23:32.905623500,0.039623500,1
'2026-08-22 08:23:32.905623600,0.039623600,0
'2026-08-22 08:23:32.905624700,0.039624700,1
'2026-08-22 08:23:32.905625000,0.039625000,0
'2026-08-22 08:23:32.905625300,0.039625300,1
'2026-08-22 08:23:32.905625400,0.039625400,0
'2026-08-22 08:23:32.905625800,0.039625800,1
'2026-08-22 08:23:32.905626000,0.039626000,0
'2026-08-22 08:23:32.905626100,0.039626100,1
'2026-08-22 08:23:32.905626200,0.039626200,0
'2026-08-22 08:23:32.905626500,0.039626500,1
'2026-08-22 08:23:32.905626600,0.039626600,0
'2026-08-22 08:23:32.905627000,0.039627000,1
'2026-08-22 08:23:32.905627200,0.039627200,0
'2026-08-22 08:23:32.905627600,0.039627600,1
'2026-08-22 08:23:32.905627700,0.039627700,0
'2026-08-22 08:23:32.905629000,0.039629000,1
'2026-08-22 08:23:32.905643800,0.039643800,0
'2026-08-22 08:23:32.905644000,0.039644000,1
'2026-08-22 08:23:32.905644100,0.039644100,0
'2026-08-22 08:23:32.905644500,0.039644500,1
'2026-08-22 08:23:32.905644700,0.039644700,0
'2026-08-22 08:23:32.905645100,0.039645100,1
'2026-08-22 08:23:32.905645300,0.039645300,0
'2026-08-22 08:23:32.905645500,0.039645500,1
'2026-08-22 08:23:32.905645800,0.039645800,0
'2026-08-22 08:23:32.905646300,0.039646300,1
'2026-08-22 08:23:32.905646400,0.039646400,0
'2026-08-22 08:23:32.905646900,0.039646900,1
'2026-08-22 08:23:32.905647000,0.039647000,0
'2026-08-22 08:23:32.905647300,0.039647300,1
'2026-08-22 08:23:32.905647400,0.039647400,0
'2026-08-22 08:23:32.905647500,0.039647500,1
'2026-08-22 08:23:32.905647600,0.039647600,0
'2026-08-22 08:23:32.905648100,0.039648100,1
'2026-08-22 08:23:32.905648200,0.039648200,0
'2026-08-22 08:23:32.905648300,0.039648300,1
'2026-08-22 08:23:32.905648400,0.039648400,0
'2026-08-22 08:23:32.905648700,0.039648700,1
'2026-08-22 08:23:32.905648800,0.039648800,0
'2026-08-22 08:23:32.905652700,0.039652700,1
'2026-08-22 08:23:32.905652800,0.039652800,0
'2026-08-22 08:23:32.905653000,0.039653000,1
'2026-08-22 08:23:32.905653200,0.039653200,0
'2026-08-22 08:23:32.905653300,0.039653300,1
'2026-08-22 08:23:32.905653400,0.039653400,0
'2026-08-22 08:23:32.905653900,0.039653900,1
'2026-08-22 08:23:32.905654000,0.039654000,0
'2026-08-22 08:23:32.905654400,0.039654400,1
'2026-08-22 08:23:32.905654600,0.039654600,0
'2026-08-22 08:23:32.905655100,0.039655100,1
'2026-08-22 08:23:32.905669600,0.039669600,0
'2026-08-22 08:23:32.905670900,0.039670900,1
'2026-08-22 08:23:32.905671000,0.039671000,0
'2026-08-22 08:23:32.905673200,0.039673200,1
'2026-08-22 08:23:32.905673400,0.039673400,0
'2026-08-22 08:23:32.905674300,0.039674300,1
'2026-08-22 08:23:32.905674500,0.039674500,0
'2026-08-22 08:23:32.905674900,0.039674900,1
'2026-08-22 08:23:32.905675000,0.039675000,0
'2026-08-22 08:23:32.905675200,0.039675200,1
'2026-08-22 08:23:32.905675300,0.039675300,0
'2026-08-22 08:23:32.905675500,0.039675500,1
'2026-08-22 08:23:32.905675600,0.039675600,0
'2026-08-22 08:23:32.905676000,0.039676000,1
'2026-08-22 08:23:32.905676600,0.039676600,0
'2026-08-22 08:23:32.905676700,0.039676700,1
'2026-08-22 08:23:32.905676800,0.039676800,0
'2026-08-22 08:23:32.905676900,0.039676900,1
'2026-08-22 08:23:32.905677000,0.039677000,0
'2026-08-22 08:23:32.905677200,0.039677200,1
'2026-08-22 08:23:32.905677400,0.039677400,0
'2026-08-22 08:23:32.905678400,0.039678400,1
'2026-08-22 08:23:32.905678600,0.039678600,0
'2026-08-22 08:23:32.905679600,0.039679600,1
'2026-08-22 08:23:32.905679700,0.039679700,0
'2026-08-22 08:23:32.905680800,0.039680800,1
'2026-08-22 08:23:32.905680900,0.039680900,0
'2026-08-22 08:23:32.905681100,0.039681100,1
'2026-08-22 08:23:32.906112400,0.040112400,0
'2026-08-22 08:23:32.906124200,0.040124200,1
'2026-08-22 08:23:32.906138400,0.040138400,0
'2026-08-22 08:23:32.906146900,0.040146900,1
'2026-08-22 08:23:32.906147000,0.040147000,0
'2026-08-22 08:23:32.906150300,0.040150300,1
'2026-08-22 08:23:32.906164600,0.040164600,0
'2026-08-22 08:23:32.906176400,0.040176400,1
'2026-08-22 08:23:32.906190800,0.040190800,0
'2026-08-22 08:23:32.906197200,0.040197200,1
'2026-08-22 08:23:32.906197300,0.040197300,0
'2026-08-22 08:23:32.906197700,0.040197700,1
'2026-08-22 08:23:32.906197800,0.040197800,0
'2026-08-22 08:23:32.906198300,0.040198300,1
'2026-08-22 08:23:32.906198400,0.040198400,0
'2026-08-22 08:23:32.906202400,0.040202400,1
'2026-08-22 08:23:32.906217100,0.040217100,0
'2026-08-22 08:23:32.906218200,0.040218200,1
'2026-08-22 08:23:32.906218300,0.040218300,0
'2026-08-22 08:23:32.906219300,0.040219300,1
'2026-08-22 08:23:32.906219400,0.040219400,0
'2026-08-22 08:23:32.906221300,0.040221300,1
'2026-08-22 08:23:32.906221400,0.040221400,0
'2026-08-22 08:23:32.906222800,0.040222800,1
'2026-08-22 08:23:32.906223000,0.040223000,0
'2026-08-22 08:23:32.906225800,0.040225800,1
'2026-08-22 08:23:32.906225900,0.040225900,0
'2026-08-22 08:23:32.906226900,0.040226900,1
'2026-08-22 08:23:32.906227000,0.040227000,0
'2026-08-22 08:23:32.906228500,0.040228500,1
'2026-08-22 08:23:32.906243000,0.040243000,0
'2026-08-22 08:23:32.906247400,0.040247400,1
'2026-08-22 08:23:32.906247500,0.040247500,0
'2026-08-22 08:23:32.906254600,0.040254600,1
'2026-08-22 08:23:32.906268900,0.040268900,0
'2026-08-22 08:23:32.906269000,0.040269000,1
'2026-08-22 08:23:32.906269100,0.040269100,0
'2026-08-22 08:23:32.906274200,0.040274200,1
'2026-08-22 08:23:32.906274300,0.040274300,0
'2026-08-22 08:23:32.906278900,0.040278900,1
'2026-08-22 08:23:32.906279000,0.040279000,0
'2026-08-22 08:23:32.906280100,0.040280100,1
'2026-08-22 08:23:32.906280200,0.040280200,0
'2026-08-22 08:23:32.906280600,0.040280600,1
'2026-08-22 08:23:32.906295000,0.040295000,0
'2026-08-22 08:23:32.906295100,0.040295100,1
'2026-08-22 08:23:32.906295200,0.040295200,0
'2026-08-22 08:23:32.906295300,0.040295300,1
'2026-08-22 08:23:32.906295400,0.040295400,0
'2026-08-22 08:23:32.906296500,0.040296500,1
'2026-08-22 08:23:32.906296600,0.040296600,0
'2026-08-22 08:23:32.906298200,0.040298200,1
'2026-08-22 08:23:32.906298400,0.040298400,0
'2026-08-22 08:23:32.906298700,0.040298700,1
'2026-08-22 08:23:32.906299100,0.040299100,0
'2026-08-22 08:23:32.906299400,0.040299400,1
'2026-08-22 08:23:32.906299500,0.040299500,0
'2026-08-22 08:23:32.906301700,0.040301700,1
'2026-08-22 08:23:32.906301800,0.040301800,0
'2026-08-22 08:23:32.906306700,0.040306700,1
'2026-08-22 08:23:32.906321200,0.040321200,0
'2026-08-22 08:23:32.906321500,0.040321500,1
'2026-08-22 08:23:32.906321600,0.040321600,0
'2026-08-22 08:23:32.906328000,0.040328000,1
'2026-08-22 08:23:32.906328100,0.040328100,0
'2026-08-22 08:23:32.906329100,0.040329100,1
'2026-08-22 08:23:32.906329300,0.040329300,0
'2026-08-22 08:23:32.906329700,0.040329700,1
'2026-08-22 08:23:32.906329800,0.040329800,0
'2026-08-22 08:23:32.906330900,0.040330900,1
'2026-08-22 08:23:32.906331000,0.040331000,0
'2026-08-22 08:23:32.906332800,0.040332800,1
'2026-08-22 08:23:32.906347400,0.040347400,0
'2026-08-22 08:23:32.906347900,0.040347900,1
'2026-08-22 08:23:32.906348000,0.040348000,0
'2026-08-22 08:23:32.906349000,0.040349000,1
'2026-08-22 08:23:32.906349100,0.040349100,0
'2026-08-22 08:23:32.906349600,0.040349600,1
'2026-08-22 08:23:32.906349700,0.040349700,0
'2026-08-22 08:23:32.906350100,0.040350100,1
'2026-08-22 08:23:32.906350300,0.040350300,0
'2026-08-22 08:23:32.906351300,0.040351300,1
'2026-08-22 08:23:32.906351400,0.040351400,0
'2026-08-22 08:23:32.906351900,0.040351900,1
'2026-08-22 08:23:32.906352000,0.040352000,0
'2026-08-22 08:23:32.906353700,0.040353700,1
'2026-08-22 08:23:32.906353800,0.040353800,0
'2026-08-22 08:23:32.906357800,0.040357800,1
'2026-08-22 08:23:32.906357900,0.040357900,0
'2026-08-22 08:23:32.906358900,0.040358900,1
'2026-08-22 08:23:32.906373300,0.040373300,0
'2026-08-22 08:23:32.906373400,0.040373400,1
'2026-08-22 08:23:32.906373500,0.040373500,0
'2026-08-22 08:23:32.906374100,0.040374100,1
'2026-08-22 08:23:32.906374200,0.040374200,0
'2026-08-22 08:23:32.906378200,0.040378200,1
'2026-08-22 08:23:32.906378400,0.040378400,0
'2026-08-22 08:23:32.906378800,0.040378800,1
'2026-08-22 08:23:32.906379000,0.040379000,0
'2026-08-22 08:23:32.906379400,0.040379400,1
'2026-08-22 08:23:32.906379500,0.040379500,0
'2026-08-22 08:23:32.906380000,0.040380000,1
'2026-08-22 08:23:32.906380100,0.040380100,0
'2026-08-22 08:23:32.906380600,0.040380600,1
'2026-08-22 08:23:32.906380700,0.040380700,0
'2026-08-22 08:23:32.906384900,0.040384900,1
'2026-08-22 08:23:32.906400000,0.040400000,0
'2026-08-22 08:23:32.906400100,0.040400100,1
'2026-08-22 08:23:32.906400200,0.040400200,0
'2026-08-22 08:23:32.906400300,0.040400300,1
'2026-08-22 08:23:32.906400500,0.040400500,0
'2026-08-22 08:23:32.906401000,0.040401000,1
'2026-08-22 08:23:32.906401100,0.040401100,0
'2026-08-22 08:23:32.906401600,0.040401600,1
'2026-08-22 08:23:32.906401700,0.040401700,0
'2026-08-22 08:23:32.906402400,0.040402400,1
'2026-08-22 08:23:32.906402500,0.040402500,0
'2026-08-22 08:23:32.906405600,0.040405600,1
'2026-08-22 08:23:32.906405800,0.040405800,0
'2026-08-22 08:23:32.906408000,0.040408000,1
'2026-08-22 08:23:32.906408100,0.040408100,0
'2026-08-22 08:23:32.906409200,0.040409200,1
'2026-08-22 08:23:32.906409300,0.040409300,0
'2026-08-22 08:23:32.906409600,0.040409600,1
'2026-08-22 08:23:32.906409700,0.040409700,0
'2026-08-22 08:23:32.906410300,0.040410300,1
'2026-08-22 08:23:32.906410500,0.040410500,0
'2026-08-22 08:23:32.906410900,0.040410900,1
'2026-08-22 08:23:32.906425400,0.040425400,0
'2026-08-22 08:23:32.906425500,0.040425500,1
'2026-08-22 08:23:32.906425700,0.040425700,0
'2026-08-22 08:23:32.906426100,0.040426100,1
'2026-08-22 08:23:32.906426200,0.040426200,0
'2026-08-22 08:23:32.906426700,0.040426700,1
'2026-08-22 08:23:32.906426800,0.040426800,0
'2026-08-22 08:23:32.906427300,0.040427300,1
'2026-08-22 08:23:32.906427400,0.040427400,0
'2026-08-22 08:23:32.906427900,0.040427900,1
'2026-08-22 08:23:32.906428000,0.040428000,0
'2026-08-22 08:23:32.906428500,0.040428500,1
'2026-08-22 08:23:32.906428600,0.040428600,0
'2026-08-22 08:23:32.906428800,0.040428800,1
'2026-08-22 08:23:32.906429200,0.040429200,0
'2026-08-22 08:23:32.906429600,0.040429600,1
'2026-08-22 08:23:32.906429700,0.040429700,0
'2026-08-22 08:23:32.906430800,0.040430800,1
'2026-08-22 08:23:32.906431000,0.040431000,0
'2026-08-22 08:23:32.906431400,0.040431400,1
'2026-08-22 08:23:32.906431500,0.040431500,0
'2026-08-22 08:23:32.906431900,0.040431900,1
'2026-08-22 08:23:32.906432000,0.040432000,0
'2026-08-22 08:23:32.906437100,0.040437100,1
'2026-08-22 08:23:32.906451600,0.040451600,0
'2026-08-22 08:23:32.906451700,0.040451700,1
'2026-08-22 08:23:32.906452000,0.040452000,0
'2026-08-22 08:23:32.906454100,0.040454100,1
'2026-08-22 08:23:32.906454200,0.040454200,0
'2026-08-22 08:23:32.906456000,0.040456000,1
'2026-08-22 08:23:32.906456100,0.040456100,0
'2026-08-22 08:23:32.906457900,0.040457900,1
'2026-08-22 08:23:32.906458000,0.040458000,0
'2026-08-22 08:23:32.906458300,0.040458300,1
'2026-08-22 08:23:32.906458500,0.040458500,0
'2026-08-22 08:23:32.906458900,0.040458900,1
'2026-08-22 08:23:32.906459000,0.040459000,0
'2026-08-22 08:23:32.906459300,0.040459300,1
'2026-08-22 08:23:32.906459600,0.040459600,0
'2026-08-22 08:23:32.906459900,0.040459900,1
'2026-08-22 08:23:32.906460200,0.040460200,0
'2026-08-22 08:23:32.906460300,0.040460300,1
'2026-08-22 08:23:32.906460400,0.040460400,0
'2026-08-22 08:23:32.906460500,0.040460500,1
'2026-08-22 08:23:32.906460700,0.040460700,0
'2026-08-22 08:23:32.906462900,0.040462900,1
'2026-08-22 08:23:32.906463000,0.040463000,0
'2026-08-22 08:23:32.906463200,0.040463200,1
'2026-08-22 08:23:32.906478400,0.040478400,0
'2026-08-22 08:23:32.906478700,0.040478700,1
'2026-08-22 08:23:32.906478800,0.040478800,0
'2026-08-22 08:23:32.906479100,0.040479100,1
'2026-08-22 08:23:32.906479400,0.040479400,0
'2026-08-22 08:23:32.906479900,0.040479900,1
'2026-08-22 08:23:32.906480200,0.040480200,0
'2026-08-22 08:23:32.906480400,0.040480400,1
'2026-08-22 08:23:32.906480600,0.040480600,0
'2026-08-22 08:23:32.906481100,0.040481100,1
'2026-08-22 08:23:32.906481200,0.040481200,0
'2026-08-22 08:23:32.906481600,0.040481600,1
'2026-08-22 08:23:32.906481800,0.040481800,0
'2026-08-22 08:23:32.906482500,0.040482500,1
'2026-08-22 08:23:32.906482600,0.040482600,0
'2026-08-22 08:23:32.906484600,0.040484600,1
'2026-08-22 08:23:32.906484700,0.040484700,0
'2026-08-22 08:23:32.906485100,0.040485100,1
'2026-08-22 08:23:32.906485200,0.040485200,0
'2026-08-22 08:23:32.906485500,0.040485500,1
'2026-08-22 08:23:32.906485600,0.040485600,0
'2026-08-22 08:23:32.906485700,0.040485700,1
'2026-08-22 08:23:32.906485800,0.040485800,0
'2026-08-22 08:23:32.906486900,0.040486900,1
'2026-08-22 08:23:32.906487000,0.040487000,0
'2026-08-22 08:23:32.906487500,0.040487500,1
'2026-08-22 08:23:32.906487600,0.040487600,0
'2026-08-22 08:23:32.906487800,0.040487800,1
'2026-08-22 08:23:32.906487900,0.040487900,0
'2026-08-22 08:23:32.906488000,0.040488000,1
'2026-08-22 08:23:32.906488200,0.040488200,0
'2026-08-22 08:23:32.906488700,0.040488700,1
'2026-08-22 08:23:32.906488800,0.040488800,0
'2026-08-22 08:23:32.906489200,0.040489200,1
'2026-08-22 08:23:32.906503500,0.040503500,0
'2026-08-22 08:23:32.906503800,0.040503800,1
'2026-08-22 08:23:32.906504000,0.040504000,0
'2026-08-22 08:23:32.906505000,0.040505000,1
'2026-08-22 08:23:32.906505100,0.040505100,0
'2026-08-22 08:23:32.906505500,0.040505500,1
'2026-08-22 08:23:32.906505600,0.040505600,0
'2026-08-22 08:23:32.906506200,0.040506200,1
'2026-08-22 08:23:32.906506300,0.040506300,0
'2026-08-22 08:23:32.906506500,0.040506500,1
'2026-08-22 08:23:32.906506600,0.040506600,0
'2026-08-22 08:23:32.906506700,0.040506700,1
'2026-08-22 08:23:32.906506800,0.040506800,0
'2026-08-22 08:23:32.906507000,0.040507000,1
'2026-08-22 08:23:32.906507100,0.040507100,0
'2026-08-22 08:23:32.906507300,0.040507300,1
'2026-08-22 08:23:32.906507500,0.040507500,0
'2026-08-22 08:23:32.906508400,0.040508400,1
'2026-08-22 08:23:32.907728600,0.041728600,0
'2026-08-22 08:23:32.907731800,0.041731800,1
'2026-08-22 08:23:32.907731900,0.041731900,0
'2026-08-22 08:23:32.907740400,0.041740400,1
'2026-08-22 08:23:32.907754700,0.041754700,0
'2026-08-22 08:23:32.907766400,0.041766400,1
'2026-08-22 08:23:32.907780800,0.041780800,0
'2026-08-22 08:23:32.907792500,0.041792500,1
'2026-08-22 08:23:32.907806900,0.041806900,0
'2026-08-22 08:23:32.907807000,0.041807000,1
'2026-08-22 08:23:32.907807100,0.041807100,0
'2026-08-22 08:23:32.907818600,0.041818600,1
'2026-08-22 08:23:32.907833000,0.041833000,0
'2026-08-22 08:23:32.907844700,0.041844700,1
'2026-08-22 08:23:32.907859000,0.041859000,0
'2026-08-22 08:23:32.907870700,0.041870700,1
'2026-08-22 08:23:32.907885000,0.041885000,0
'2026-08-22 08:23:32.907896800,0.041896800,1
'2026-08-22 08:23:32.907911300,0.041911300,0
'2026-08-22 08:23:32.907922900,0.041922900,1
'2026-08-22 08:23:32.907937300,0.041937300,0
'2026-08-22 08:23:32.907937500,0.041937500,1
'2026-08-22 08:23:32.907937600,0.041937600,0
'2026-08-22 08:23:32.907949000,0.041949000,1
'2026-08-22 08:23:32.907963400,0.041963400,0
'2026-08-22 08:23:32.907963900,0.041963900,1
'2026-08-22 08:23:32.907964000,0.041964000,0
'2026-08-22 08:23:32.907970200,0.041970200,1
'2026-08-22 08:23:32.907970300,0.041970300,0
'2026-08-22 08:23:32.907972500,0.041972500,1
'2026-08-22 08:23:32.907972600,0.041972600,0
'2026-08-22 08:23:32.907975000,0.041975000,1
'2026-08-22 08:23:32.907989600,0.041989600,0
'2026-08-22 08:23:32.907989900,0.041989900,1
'2026-08-22 08:23:32.907990000,0.041990000,0
'2026-08-22 08:23:32.907990100,0.041990100,1
'2026-08-22 08:23:32.907990200,0.041990200,0
'2026-08-22 08:23:32.907998800,0.041998800,1
'2026-08-22 08:23:32.907998900,0.041998900,0
'2026-08-22 08:23:32.908001100,0.042001100,1
'2026-08-22 08:23:32.908015500,0.042015500,0
'2026-08-22 08:23:32.908017500,0.042017500,1
'2026-08-22 08:23:32.908017600,0.042017600,0
'2026-08-22 08:23:32.908019300,0.042019300,1
'2026-08-22 08:23:32.908019400,0.042019400,0
'2026-08-22 08:23:32.908026200,0.042026200,1
'2026-08-22 08:23:32.908026300,0.042026300,0
'2026-08-22 08:23:32.908027200,0.042027200,1
'2026-08-22 08:23:32.908041600,0.042041600,0
'2026-08-22 08:23:32.908046700,0.042046700,1
'2026-08-22 08:23:32.908046800,0.042046800,0
'2026-08-22 08:23:32.908049700,0.042049700,1
'2026-08-22 08:23:32.908049800,0.042049800,0
'2026-08-22 08:23:32.908050200,0.042050200,1
'2026-08-22 08:23:32.908050300,0.042050300,0
'2026-08-22 08:23:32.908051600,0.042051600,1
'2026-08-22 08:23:32.908051700,0.042051700,0
'2026-08-22 08:23:32.908053300,0.042053300,1
'2026-08-22 08:23:32.908067800,0.042067800,0
'2026-08-22 08:23:32.908069400,0.042069400,1
'2026-08-22 08:23:32.908069600,0.042069600,0
'2026-08-22 08:23:32.908070600,0.042070600,1
'2026-08-22 08:23:32.908070700,0.042070700,0
'2026-08-22 08:23:32.908074700,0.042074700,1
'2026-08-22 08:23:32.908074800,0.042074800,0
'2026-08-22 08:23:32.908079300,0.042079300,1
'2026-08-22 08:23:32.908093800,0.042093800,0
'2026-08-22 08:23:32.908094000,0.042094000,1
'2026-08-22 08:23:32.908094100,0.042094100,0
'2026-08-22 08:23:32.908094500,0.042094500,1
'2026-08-22 08:23:32.908094600,0.042094600,0
'2026-08-22 08:23:32.908096900,0.042096900,1
'2026-08-22 08:23:32.908097000,0.042097000,0
'2026-08-22 08:23:32.908098100,0.042098100,1
'2026-08-22 08:23:32.908098200,0.042098200,0
'2026-08-22 08:23:32.908098600,0.042098600,1
'2026-08-22 08:23:32.908098800,0.042098800,0
'2026-08-22 08:23:32.908099200,0.042099200,1
'2026-08-22 08:23:32.908099300,0.042099300,0
'2026-08-22 08:23:32.908099700,0.042099700,1
'2026-08-22 08:23:32.908099800,0.042099800,0
'2026-08-22 08:23:32.908101000,0.042101000,1
'2026-08-22 08:23:32.908101100,0.042101100,0
'2026-08-22 08:23:32.908102100,0.042102100,1
'2026-08-22 08:23:32.908102200,0.042102200,0
'2026-08-22 08:23:32.908102700,0.042102700,1
'2026-08-22 08:23:32.908102800,0.042102800,0
'2026-08-22 08:23:32.908105400,0.042105400,1
'2026-08-22 08:23:32.908120300,0.042120300,0
'2026-08-22 08:23:32.908122300,0.042122300,1
'2026-08-22 08:23:32.908543500,0.042543500,0
'2026-08-22 08:23:32.908545600,0.042545600,1
'2026-08-22 08:23:32.908545700,0.042545700,0
'2026-08-22 08:23:32.908548500,0.042548500,1
'2026-08-22 08:23:32.908562800,0.042562800,0
'2026-08-22 08:23:32.908563200,0.042563200,1
'2026-08-22 08:23:32.908563300,0.042563300,0
'2026-08-22 08:23:32.908574500,0.042574500,1
'2026-08-22 08:23:32.908588800,0.042588800,0
'2026-08-22 08:23:32.908600600,0.042600600,1
'2026-08-22 08:23:32.908615100,0.042615100,0
'2026-08-22 08:23:32.908623700,0.042623700,1
'2026-08-22 08:23:32.908623800,0.042623800,0
'2026-08-22 08:23:32.908626700,0.042626700,1
'2026-08-22 08:23:32.908641000,0.042641000,0
'2026-08-22 08:23:32.908652800,0.042652800,1
'2026-08-22 08:23:32.908667100,0.042667100,0
'2026-08-22 08:23:32.908671100,0.042671100,1
'2026-08-22 08:23:32.908671200,0.042671200,0
'2026-08-22 08:23:32.908672900,0.042672900,1
'2026-08-22 08:23:32.908673000,0.042673000,0
'2026-08-22 08:23:32.908678800,0.042678800,1
'2026-08-22 08:23:32.908693400,0.042693400,0
'2026-08-22 08:23:32.908693600,0.042693600,1
'2026-08-22 08:23:32.908693700,0.042693700,0
'2026-08-22 08:23:32.908704900,0.042704900,1
'2026-08-22 08:23:32.908719200,0.042719200,0
'2026-08-22 08:23:32.908720200,0.042720200,1
'2026-08-22 08:23:32.908720300,0.042720300,0
'2026-08-22 08:23:32.908724900,0.042724900,1
'2026-08-22 08:23:32.908725000,0.042725000,0
'2026-08-22 08:23:32.908731000,0.042731000,1
'2026-08-22 08:23:32.908745500,0.042745500,0
'2026-08-22 08:23:32.908752300,0.042752300,1
'2026-08-22 08:23:32.908752400,0.042752400,0
'2026-08-22 08:23:32.908752900,0.042752900,1
'2026-08-22 08:23:32.908753000,0.042753000,0
'2026-08-22 08:23:32.908753900,0.042753900,1
'2026-08-22 08:23:32.908754000,0.042754000,0
'2026-08-22 08:23:32.908757000,0.042757000,1
'2026-08-22 08:23:32.908771500,0.042771500,0
'2026-08-22 08:23:32.908773300,0.042773300,1
'2026-08-22 08:23:32.908773400,0.042773400,0
'2026-08-22 08:23:32.908774500,0.042774500,1
'2026-08-22 08:23:32.908774600,0.042774600,0
'2026-08-22 08:23:32.908780300,0.042780300,1
'2026-08-22 08:23:32.908780400,0.042780400,0
'2026-08-22 08:23:32.908782700,0.042782700,1
'2026-08-22 08:23:32.908782800,0.042782800,0
'2026-08-22 08:23:32.908783100,0.042783100,1
'2026-08-22 08:23:32.908797600,0.042797600,0
'2026-08-22 08:23:32.908800800,0.042800800,1
'2026-08-22 08:23:32.908800900,0.042800900,0
'2026-08-22 08:23:32.908801900,0.042801900,1
'2026-08-22 08:23:32.908802000,0.042802000,0
'2026-08-22 08:23:32.908802100,0.042802100,1
'2026-08-22 08:23:32.908802200,0.042802200,0
'2026-08-22 08:23:32.908803100,0.042803100,1
'2026-08-22 08:23:32.908803200,0.042803200,0
'2026-08-22 08:23:32.908804300,0.042804300,1
'2026-08-22 08:23:32.908804400,0.042804400,0
'2026-08-22 08:23:32.908809200,0.042809200,1
'2026-08-22 08:23:32.908823800,0.042823800,0
'2026-08-22 08:23:32.908824100,0.042824100,1
'2026-08-22 08:23:32.908824300,0.042824300,0
'2026-08-22 08:23:32.908830600,0.042830600,1
'2026-08-22 08:23:32.908830700,0.042830700,0
'2026-08-22 08:23:32.908831700,0.042831700,1
'2026-08-22 08:23:32.908831800,0.042831800,0
'2026-08-22 08:23:32.908832300,0.042832300,1
'2026-08-22 08:23:32.908832400,0.042832400,0
'2026-08-22 08:23:32.908832700,0.042832700,1
'2026-08-22 08:23:32.908832800,0.042832800,0
'2026-08-22 08:23:32.908834100,0.042834100,1
'2026-08-22 08:23:32.908834200,0.042834200,0
'2026-08-22 08:23:32.908835300,0.042835300,1
'2026-08-22 08:23:32.908849600,0.042849600,0
'2026-08-22 08:23:32.908849800,0.042849800,1
'2026-08-22 08:23:32.908849900,0.042849900,0
'2026-08-22 08:23:32.908852700,0.042852700,1
'2026-08-22 08:23:32.908852800,0.042852800,0
'2026-08-22 08:23:32.908853300,0.042853300,1
'2026-08-22 08:23:32.908853600,0.042853600,0
'2026-08-22 08:23:32.908853900,0.042853900,1
'2026-08-22 08:23:32.908854000,0.042854000,0
'2026-08-22 08:23:32.908854500,0.042854500,1
'2026-08-22 08:23:32.908854600,0.042854600,0
'2026-08-22 08:23:32.908856300,0.042856300,1
'2026-08-22 08:23:32.908856400,0.042856400,0
'2026-08-22 08:23:32.908861400,0.042861400,1
'2026-08-22 08:23:32.908875800,0.042875800,0
'2026-08-22 08:23:32.908876100,0.042876100,1
'2026-08-22 08:23:32.908876200,0.042876200,0
'2026-08-22 08:23:32.908876300,0.042876300,1
'2026-08-22 08:23:32.908876400,0.042876400,0
'2026-08-22 08:23:32.908876700,0.042876700,1
'2026-08-22 08:23:32.908876900,0.042876900,0
'2026-08-22 08:23:32.908877900,0.042877900,1
'2026-08-22 08:23:32.908878000,0.042878000,0
'2026-08-22 08:23:32.908878700,0.042878700,1
'2026-08-22 08:23:32.908878800,0.042878800,0
'2026-08-22 08:23:32.908883100,0.042883100,1
'2026-08-22 08:23:32.908883300,0.042883300,0
'2026-08-22 08:23:32.908884300,0.042884300,1
'2026-08-22 08:23:32.908884400,0.042884400,0
'2026-08-22 08:23:32.908885500,0.042885500,1
'2026-08-22 08:23:32.908885600,0.042885600,0
'2026-08-22 08:23:32.908886400,0.042886400,1
'2026-08-22 08:23:32.908886500,0.042886500,0
'2026-08-22 08:23:32.908887400,0.042887400,1
'2026-08-22 08:23:32.908902000,0.042902000,0
'2026-08-22 08:23:32.908902100,0.042902100,1
'2026-08-22 08:23:32.908902200,0.042902200,0
'2026-08-22 08:23:32.908902300,0.042902300,1
'2026-08-22 08:23:32.908902500,0.042902500,0
'2026-08-22 08:23:32.908903600,0.042903600,1
'2026-08-22 08:23:32.908903700,0.042903700,0
'2026-08-22 08:23:32.908903900,0.042903900,1
'2026-08-22 08:23:32.908904000,0.042904000,0
'2026-08-22 08:23:32.908905400,0.042905400,1
'2026-08-22 08:23:32.908905500,0.042905500,0
'2026-08-22 08:23:32.908905900,0.042905900,1
'2026-08-22 08:23:32.908906000,0.042906000,0
'2026-08-22 08:23:32.908906400,0.042906400,1
'2026-08-22 08:23:32.908906500,0.042906500,0
'2026-08-22 08:23:32.908907700,0.042907700,1
'2026-08-22 08:23:32.908907800,0.042907800,0
'2026-08-22 08:23:32.908908800,0.042908800,1
'2026-08-22 08:23:32.908908900,0.042908900,0
'2026-08-22 08:23:32.908909400,0.042909400,1
'2026-08-22 08:23:32.908909500,0.042909500,0
'2026-08-22 08:23:32.908911800,0.042911800,1
'2026-08-22 08:23:32.908911900,0.042911900,0
'2026-08-22 08:23:32.908913500,0.042913500,1
'2026-08-22 08:23:32.908928000,0.042928000,0
'2026-08-22 08:23:32.908928100,0.042928100,1
'2026-08-22 08:23:32.908928200,0.042928200,0
'2026-08-22 08:23:32.908929300,0.042929300,1
'2026-08-22 08:23:32.908929500,0.042929500,0
'2026-08-22 08:23:32.908929900,0.042929900,1
'2026-08-22 08:23:32.908930000,0.042930000,0
'2026-08-22 08:23:32.908930400,0.042930400,1
'2026-08-22 08:23:32.908930600,0.042930600,0
'2026-08-22 08:23:32.908931600,0.042931600,1
'2026-08-22 08:23:32.908931800,0.042931800,0
'2026-08-22 08:23:32.908932200,0.042932200,1
'2026-08-22 08:23:32.908932300,0.042932300,0
'2026-08-22 08:23:32.908932700,0.042932700,1
'2026-08-22 08:23:32.908932800,0.042932800,0
'2026-08-22 08:23:32.908935800,0.042935800,1
'2026-08-22 08:23:32.908935900,0.042935900,0
'2026-08-22 08:23:32.908938900,0.042938900,1
'2026-08-22 08:23:32.908939000,0.042939000,0
'2026-08-22 08:23:32.908939600,0.042939600,1
'2026-08-22 08:23:32.909371000,0.043371000,0
'2026-08-22 08:23:32.909382700,0.043382700,1
'2026-08-22 08:23:32.909397000,0.043397000,0
'2026-08-22 08:23:32.909408300,0.043408300,1
'2026-08-22 08:23:32.909408400,0.043408400,0
'2026-08-22 08:23:32.909408700,0.043408700,1
'2026-08-22 08:23:32.909423000,0.043423000,0
'2026-08-22 08:23:32.909434800,0.043434800,1
'2026-08-22 08:23:32.909449300,0.043449300,0
'2026-08-22 08:23:32.909449700,0.043449700,1
'2026-08-22 08:23:32.909449800,0.043449800,0
'2026-08-22 08:23:32.909460900,0.043460900,1
'2026-08-22 08:23:32.909475300,0.043475300,0
'2026-08-22 08:23:32.909475400,0.043475400,1
'2026-08-22 08:23:32.909475500,0.043475500,0
'2026-08-22 08:23:32.909476000,0.043476000,1
'2026-08-22 08:23:32.909476100,0.043476100,0
'2026-08-22 08:23:32.909487000,0.043487000,1
'2026-08-22 08:23:32.909501200,0.043501200,0
'2026-08-22 08:23:32.909501300,0.043501300,1
'2026-08-22 08:23:32.909501400,0.043501400,0
'2026-08-22 08:23:32.909513000,0.043513000,1
'2026-08-22 08:23:32.909527600,0.043527600,0
'2026-08-22 08:23:32.909528900,0.043528900,1
'2026-08-22 08:23:32.909529000,0.043529000,0
'2026-08-22 08:23:32.909530500,0.043530500,1
'2026-08-22 08:23:32.909530600,0.043530600,0
'2026-08-22 08:23:32.909531500,0.043531500,1
'2026-08-22 08:23:32.909531600,0.043531600,0
'2026-08-22 08:23:32.909531900,0.043531900,1
'2026-08-22 08:23:32.909532000,0.043532000,0
'2026-08-22 08:23:32.909538500,0.043538500,1
'2026-08-22 08:23:32.909538600,0.043538600,0
'2026-08-22 08:23:32.909539100,0.043539100,1
'2026-08-22 08:23:32.909553400,0.043553400,0
'2026-08-22 08:23:32.909553700,0.043553700,1
'2026-08-22 08:23:32.909553800,0.043553800,0
'2026-08-22 08:23:32.909557800,0.043557800,1
'2026-08-22 08:23:32.909557900,0.043557900,0
'2026-08-22 08:23:32.909559500,0.043559500,1
'2026-08-22 08:23:32.909559600,0.043559600,0
'2026-08-22 08:23:32.909565200,0.043565200,1
'2026-08-22 08:23:32.909579800,0.043579800,0
'2026-08-22 08:23:32.909581700,0.043581700,1
'2026-08-22 08:23:32.909581800,0.043581800,0
'2026-08-22 08:23:32.909589900,0.043589900,1
'2026-08-22 08:23:32.909590000,0.043590000,0
'2026-08-22 08:23:32.909591300,0.043591300,1
'2026-08-22 08:23:32.909605800,0.043605800,0
'2026-08-22 08:23:32.909608100,0.043608100,1
'2026-08-22 08:23:32.909608200,0.043608200,0
'2026-08-22 08:23:32.909610000,0.043610000,1
'2026-08-22 08:23:32.909610100,0.043610100,0
'2026-08-22 08:23:32.909610400,0.043610400,1
'2026-08-22 08:23:32.909610500,0.043610500,0
'2026-08-22 08:23:32.909617300,0.043617300,1
'2026-08-22 08:23:32.909631800,0.043631800,0
'2026-08-22 08:23:32.909632000,0.043632000,1
'2026-08-22 08:23:32.909632100,0.043632100,0
'2026-08-22 08:23:32.909636100,0.043636100,1
'2026-08-22 08:23:32.909636200,0.043636200,0
'2026-08-22 08:23:32.909639000,0.043639000,1
'2026-08-22 08:23:32.909639100,0.043639100,0
'2026-08-22 08:23:32.909640100,0.043640100,1
'2026-08-22 08:23:32.909640200,0.043640200,0
'2026-08-22 08:23:32.909643400,0.043643400,1
'2026-08-22 08:23:32.909657800,0.043657800,0
'2026-08-22 08:23:32.909658200,0.043658200,1
'2026-08-22 08:23:32.909658300,0.043658300,0
'2026-08-22 08:23:32.909660000,0.043660000,1
'2026-08-22 08:23:32.909660100,0.043660100,0
'2026-08-22 08:23:32.909661200,0.043661200,1
'2026-08-22 08:23:32.909661300,0.043661300,0
'2026-08-22 08:23:32.909661800,0.043661800,1
'2026-08-22 08:23:32.909661900,0.043661900,0
'2026-08-22 08:23:32.909664100,0.043664100,1
'2026-08-22 08:23:32.909664300,0.043664300,0
'2026-08-22 08:23:32.909664700,0.043664700,1
'2026-08-22 08:23:32.909664800,0.043664800,0
'2026-08-22 08:23:32.909668200,0.043668200,1
'2026-08-22 08:23:32.909668300,0.043668300,0
'2026-08-22 08:23:32.909669500,0.043669500,1
'2026-08-22 08:23:32.909684200,0.043684200,0
'2026-08-22 08:23:32.909684500,0.043684500,1
'2026-08-22 08:23:32.909684600,0.043684600,0
'2026-08-22 08:23:32.909684700,0.043684700,1
'2026-08-22 08:23:32.909684800,0.043684800,0
'2026-08-22 08:23:32.909685000,0.043685000,1
'2026-08-22 08:23:32.909685200,0.043685200,0
'2026-08-22 08:23:32.909685600,0.043685600,1
'2026-08-22 08:23:32.909686000,0.043686000,0
'2026-08-22 08:23:32.909686100,0.043686100,1
'2026-08-22 08:23:32.909686200,0.043686200,0
'2026-08-22 08:23:32.909686300,0.043686300,1
'2026-08-22 08:23:32.909686400,0.043686400,0
'2026-08-22 08:23:32.909686900,0.043686900,1
'2026-08-22 08:23:32.909687000,0.043687000,0
'2026-08-22 08:23:32.909692700,0.043692700,1
'2026-08-22 08:23:32.909692800,0.043692800,0
'2026-08-22 08:23:32.909693300,0.043693300,1
'2026-08-22 08:23:32.909693400,0.043693400,0
'2026-08-22 08:23:32.909695100,0.043695100,1
'2026-08-22 08:23:32.909695200,0.043695200,0
'2026-08-22 08:23:32.909695600,0.043695600,1
'2026-08-22 08:23:32.909710000,0.043710000,0
'2026-08-22 08:23:32.909710100,0.043710100,1
'2026-08-22 08:23:32.909710300,0.043710300,0
'2026-08-22 08:23:32.909714900,0.043714900,1
'2026-08-22 08:23:32.909715000,0.043715000,0
'2026-08-22 08:23:32.909715500,0.043715500,1
'2026-08-22 08:23:32.909715600,0.043715600,0
'2026-08-22 08:23:32.909715900,0.043715900,1
'2026-08-22 08:23:32.909716100,0.043716100,0
'2026-08-22 08:23:32.909717100,0.043717100,1
'2026-08-22 08:23:32.909717200,0.043717200,0
'2026-08-22 08:23:32.909717300,0.043717300,1
'2026-08-22 08:23:32.909717400,0.043717400,0
'2026-08-22 08:23:32.909720200,0.043720200,1
'2026-08-22 08:23:32.909720300,0.043720300,0
'2026-08-22 08:23:32.909721600,0.043721600,1
'2026-08-22 08:23:32.909736100,0.043736100,0
'2026-08-22 08:23:32.909736500,0.043736500,1
'2026-08-22 08:23:32.909736600,0.043736600,0
'2026-08-22 08:23:32.909736900,0.043736900,1
'2026-08-22 08:23:32.909737000,0.043737000,0
'2026-08-22 08:23:32.909737100,0.043737100,1
'2026-08-22 08:23:32.909737300,0.043737300,0
'2026-08-22 08:23:32.909737500,0.043737500,1
'2026-08-22 08:23:32.909737600,0.043737600,0
'2026-08-22 08:23:32.909738300,0.043738300,1
'2026-08-22 08:23:32.909738400,0.043738400,0
'2026-08-22 08:23:32.909738600,0.043738600,1
'2026-08-22 08:23:32.909738900,0.043738900,0
'2026-08-22 08:23:32.909739500,0.043739500,1
'2026-08-22 08:23:32.909739600,0.043739600,0
'2026-08-22 08:23:32.909742400,0.043742400,1
'2026-08-22 08:23:32.909742500,0.043742500,0
'2026-08-22 08:23:32.909743500,0.043743500,1
'2026-08-22 08:23:32.909743600,0.043743600,0
'2026-08-22 08:23:32.909744700,0.043744700,1
'2026-08-22 08:23:32.909744800,0.043744800,0
'2026-08-22 08:23:32.909745900,0.043745900,1
'2026-08-22 08:23:32.909746000,0.043746000,0
'2026-08-22 08:23:32.909746300,0.043746300,1
'2026-08-22 08:23:32.909746600,0.043746600,0
'2026-08-22 08:23:32.909747700,0.043747700,1
'2026-08-22 08:23:32.909762400,0.043762400,0
'2026-08-22 08:23:32.909763900,0.043763900,1
'2026-08-22 08:23:32.909764100,0.043764100,0
'2026-08-22 08:23:32.909765100,0.043765100,1
'2026-08-22 08:23:32.909765300,0.043765300,0
'2026-08-22 08:23:32.909766300,0.043766300,1
'2026-08-22 08:23:32.909766400,0.043766400,0
'2026-08-22 08:23:32.909766900,0.043766900,1
'2026-08-22 08:23:32.909767100,0.043767100,0
'2026-08-22 08:23:32.909767400,0.043767400,1
'2026-08-22 08:23:32.909767500,0.043767500,0
'2026-08-22 08:23:32.909768700,0.043768700,1
'2026-08-22 08:23:32.909768800,0.043768800,0
'2026-08-22 08:23:32.909769700,0.043769700,1
'2026-08-22 08:23:32.909769900,0.043769900,0
'2026-08-22 08:23:32.909770100,0.043770100,1
'2026-08-22 08:23:32.909770200,0.043770200,0
'2026-08-22 08:23:32.909773800,0.043773800,1
'2026-08-22 08:23:32.910189800,0.044189800,0
'2026-08-22 08:23:32.910190800,0.044190800,1
'2026-08-22 08:23:32.910205100,0.044205100,0
'2026-08-22 08:23:32.910212600,0.044212600,1
'2026-08-22 08:23:32.910212700,0.044212700,0
'2026-08-22 08:23:32.910216800,0.044216800,1
'2026-08-22 08:23:32.910231300,0.044231300,0
'2026-08-22 08:23:32.910242900,0.044242900,1
'2026-08-22 08:23:32.910257200,0.044257200,0
'2026-08-22 08:23:32.910269000,0.044269000,1
'2026-08-22 08:23:32.910283400,0.044283400,0
'2026-08-22 08:23:32.910284300,0.044284300,1
'2026-08-22 08:23:32.910284400,0.044284400,0
'2026-08-22 08:23:32.910295100,0.044295100,1
'2026-08-22 08:23:32.910309500,0.044309500,0
'2026-08-22 08:23:32.910321100,0.044321100,1
'2026-08-22 08:23:32.910335400,0.044335400,0
'2026-08-22 08:23:32.910335700,0.044335700,1
'2026-08-22 08:23:32.910335800,0.044335800,0
'2026-08-22 08:23:32.910337300,0.044337300,1
'2026-08-22 08:23:32.910337400,0.044337400,0
'2026-08-22 08:23:32.910340400,0.044340400,1
'2026-08-22 08:23:32.910340500,0.044340500,0
'2026-08-22 08:23:32.910347200,0.044347200,1
'2026-08-22 08:23:32.910361700,0.044361700,0
'2026-08-22 08:23:32.910363100,0.044363100,1
'2026-08-22 08:23:32.910363200,0.044363200,0
'2026-08-22 08:23:32.910363600,0.044363600,1
'2026-08-22 08:23:32.910363700,0.044363700,0
'2026-08-22 08:23:32.910365500,0.044365500,1
'2026-08-22 08:23:32.910365600,0.044365600,0
'2026-08-22 08:23:32.910373300,0.044373300,1
'2026-08-22 08:23:32.910387600,0.044387600,0
'2026-08-22 08:23:32.910387700,0.044387700,1
'2026-08-22 08:23:32.910387800,0.044387800,0
'2026-08-22 08:23:32.910393700,0.044393700,1
'2026-08-22 08:23:32.910393800,0.044393800,0
'2026-08-22 08:23:32.910399400,0.044399400,1
'2026-08-22 08:23:32.910414100,0.044414100,0
'2026-08-22 08:23:32.910414500,0.044414500,1
'2026-08-22 08:23:32.910414700,0.044414700,0
'2026-08-22 08:23:32.910416900,0.044416900,1
'2026-08-22 08:23:32.910417000,0.044417000,0
'2026-08-22 08:23:32.910421500,0.044421500,1
'2026-08-22 08:23:32.910421600,0.044421600,0
'2026-08-22 08:23:32.910424400,0.044424400,1
'2026-08-22 08:23:32.910424500,0.044424500,0
'2026-08-22 08:23:32.910425400,0.044425400,1
'2026-08-22 08:23:32.910439800,0.044439800,0
'2026-08-22 08:23:32.910444300,0.044444300,1
'2026-08-22 08:23:32.910444400,0.044444400,0
'2026-08-22 08:23:32.910451500,0.044451500,1
'2026-08-22 08:23:32.910466100,0.044466100,0
'2026-08-22 08:23:32.910466500,0.044466500,1
'2026-08-22 08:23:32.910466600,0.044466600,0
'2026-08-22 08:23:32.910467100,0.044467100,1
'2026-08-22 08:23:32.910467200,0.044467200,0
'2026-08-22 08:23:32.910468300,0.044468300,1
'2026-08-22 08:23:32.910468400,0.044468400,0
'2026-08-22 08:23:32.910468800,0.044468800,1
'2026-08-22 08:23:32.910468900,0.044468900,0
'2026-08-22 08:23:32.910472300,0.044472300,1
'2026-08-22 08:23:32.910472400,0.044472400,0
'2026-08-22 08:23:32.910474100,0.044474100,1
'2026-08-22 08:23:32.910474200,0.044474200,0
'2026-08-22 08:23:32.910474700,0.044474700,1
'2026-08-22 08:23:32.910474800,0.044474800,0
'2026-08-22 08:23:32.910475900,0.044475900,1
'2026-08-22 08:23:32.910476000,0.044476000,0
'2026-08-22 08:23:32.910477600,0.044477600,1
'2026-08-22 08:23:32.910492100,0.044492100,0
'2026-08-22 08:23:32.910492200,0.044492200,1
'2026-08-22 08:23:32.910492400,0.044492400,0
'2026-08-22 08:23:32.910495700,0.044495700,1
'2026-08-22 08:23:32.910495800,0.044495800,0
'2026-08-22 08:23:32.910495900,0.044495900,1
'2026-08-22 08:23:32.910496000,0.044496000,0
'2026-08-22 08:23:32.910496300,0.044496300,1
'2026-08-22 08:23:32.910496400,0.044496400,0
'2026-08-22 08:23:32.910499800,0.044499800,1
'2026-08-22 08:23:32.910499900,0.044499900,0
'2026-08-22 08:23:32.910500200,0.044500200,1
'2026-08-22 08:23:32.910500300,0.044500300,0
'2026-08-22 08:23:32.910501500,0.044501500,1
'2026-08-22 08:23:32.910501700,0.044501700,0
'2026-08-22 08:23:32.910503700,0.044503700,1
'2026-08-22 08:23:32.910518200,0.044518200,0
'2026-08-22 08:23:32.910518500,0.044518500,1
'2026-08-22 08:23:32.910518600,0.044518600,0
'2026-08-22 08:23:32.910520200,0.044520200,1
'2026-08-22 08:23:32.910520300,0.044520300,0
'2026-08-22 08:23:32.910521400,0.044521400,1
'2026-08-22 08:23:32.910521500,0.044521500,0
'2026-08-22 08:23:32.910522000,0.044522000,1
'2026-08-22 08:23:32.910522100,0.044522100,0
'2026-08-22 08:23:32.910525500,0.044525500,1
'2026-08-22 08:23:32.910525600,0.044525600,0
'2026-08-22 08:23:32.910526100,0.044526100,1
'2026-08-22 08:23:32.910526200,0.044526200,0
'2026-08-22 08:23:32.910526600,0.044526600,1
'2026-08-22 08:23:32.910526800,0.044526800,0
'2026-08-22 08:23:32.910529700,0.044529700,1
'2026-08-22 08:23:32.910544400,0.044544400,0
'2026-08-22 08:23:32.910544700,0.044544700,1
'2026-08-22 08:23:32.910544800,0.044544800,0
'2026-08-22 08:23:32.910545200,0.044545200,1
'2026-08-22 08:23:32.910545400,0.044545400,0
'2026-08-22 08:23:32.910548300,0.044548300,1
'2026-08-22 08:23:32.910548400,0.044548400,0
'2026-08-22 08:23:32.910552900,0.044552900,1
'2026-08-22 08:23:32.910553000,0.044553000,0
'2026-08-22 08:23:32.910555800,0.044555800,1
'2026-08-22 08:23:32.910570100,0.044570100,0
'2026-08-22 08:23:32.910570300,0.044570300,1
'2026-08-22 08:23:32.910570400,0.044570400,0
'2026-08-22 08:23:32.910571100,0.044571100,1
'2026-08-22 08:23:32.910571200,0.044571200,0
'2026-08-22 08:23:32.910571600,0.044571600,1
'2026-08-22 08:23:32.910571700,0.044571700,0
'2026-08-22 08:23:32.910571900,0.044571900,1
'2026-08-22 08:23:32.910572100,0.044572100,0
'2026-08-22 08:23:32.910574500,0.044574500,1
'2026-08-22 08:23:32.910574600,0.044574600,0
'2026-08-22 08:23:32.910575100,0.044575100,1
'2026-08-22 08:23:32.910575200,0.044575200,0
'2026-08-22 08:23:32.910575700,0.044575700,1
'2026-08-22 08:23:32.910575800,0.044575800,0
'2026-08-22 08:23:32.910579100,0.044579100,1
'2026-08-22 08:23:32.910579200,0.044579200,0
'2026-08-22 08:23:32.910580400,0.044580400,1
'2026-08-22 08:23:32.910580500,0.044580500,0
'2026-08-22 08:23:32.910580900,0.044580900,1
'2026-08-22 08:23:32.910581000,0.044581000,0
'2026-08-22 08:23:32.910581500,0.044581500,1
'2026-08-22 08:23:32.910581600,0.044581600,0
'2026-08-22 08:23:32.910581800,0.044581800,1
'2026-08-22 08:23:32.910596400,0.044596400,0
'2026-08-22 08:23:32.910596500,0.044596500,1
'2026-08-22 08:23:32.910596600,0.044596600,0
'2026-08-22 08:23:32.910596700,0.044596700,1
'2026-08-22 08:23:32.910596800,0.044596800,0
'2026-08-22 08:23:32.910597900,0.044597900,1
'2026-08-22 08:23:32.910598000,0.044598000,0
'2026-08-22 08:23:32.910598500,0.044598500,1
'2026-08-22 08:23:32.910598600,0.044598600,0
'2026-08-22 08:23:32.910599000,0.044599000,1
'2026-08-22 08:23:32.911013200,0.045013200,0
'2026-08-22 08:23:32.911025000,0.045025000,1
'2026-08-22 08:23:32.911039400,0.045039400,0
'2026-08-22 08:23:32.911051000,0.045051000,1
'2026-08-22 08:23:32.911065400,0.045065400,0
'2026-08-22 08:23:32.911065500,0.045065500,1
'2026-08-22 08:23:32.911065700,0.045065700,0
'2026-08-22 08:23:32.911077100,0.045077100,1
'2026-08-22 08:23:32.911091400,0.045091400,0
'2026-08-22 08:23:32.911098300,0.045098300,1
'2026-08-22 08:23:32.911098400,0.045098400,0
'2026-08-22 08:23:32.911100200,0.045100200,1
'2026-08-22 08:23:32.911100300,0.045100300,0
'2026-08-22 08:23:32.911103200,0.045103200,1
'2026-08-22 08:23:32.911117700,0.045117700,0
'2026-08-22 08:23:32.911125500,0.045125500,1
'2026-08-22 08:23:32.911125600,0.045125600,0
'2026-08-22 08:23:32.911129300,0.045129300,1
'2026-08-22 08:23:32.911143500,0.045143500,0
'2026-08-22 08:23:32.911146200,0.045146200,1
'2026-08-22 08:23:32.911146300,0.045146300,0
'2026-08-22 08:23:32.911148500,0.045148500,1
'2026-08-22 08:23:32.911148600,0.045148600,0
'2026-08-22 08:23:32.911155300,0.045155300,1
'2026-08-22 08:23:32.911169700,0.045169700,0
'2026-08-22 08:23:32.911170100,0.045170100,1
'2026-08-22 08:23:32.911170300,0.045170300,0
'2026-08-22 08:23:32.911177700,0.045177700,1
'2026-08-22 08:23:32.911177800,0.045177800,0
'2026-08-22 08:23:32.911180100,0.045180100,1
'2026-08-22 08:23:32.911180200,0.045180200,0
'2026-08-22 08:23:32.911181400,0.045181400,1
'2026-08-22 08:23:32.911195900,0.045195900,0
'2026-08-22 08:23:32.911196400,0.045196400,1
'2026-08-22 08:23:32.911196500,0.045196500,0
'2026-08-22 08:23:32.911197000,0.045197000,1
'2026-08-22 08:23:32.911197100,0.045197100,0
'2026-08-22 08:23:32.911197500,0.045197500,1
'2026-08-22 08:23:32.911197600,0.045197600,0
'2026-08-22 08:23:32.911206900,0.045206900,1
'2026-08-22 08:23:32.911207000,0.045207000,0
'2026-08-22 08:23:32.911207500,0.045207500,1
'2026-08-22 08:23:32.911221900,0.045221900,0
'2026-08-22 08:23:32.911227900,0.045227900,1
'2026-08-22 08:23:32.911228000,0.045228000,0
'2026-08-22 08:23:32.911233600,0.045233600,1
'2026-08-22 08:23:32.911248000,0.045248000,0
'2026-08-22 08:23:32.911248400,0.045248400,1
'2026-08-22 08:23:32.911248500,0.045248500,0
'2026-08-22 08:23:32.911248900,0.045248900,1
'2026-08-22 08:23:32.911249000,0.045249000,0
'2026-08-22 08:23:32.911256000,0.045256000,1
'2026-08-22 08:23:32.911256100,0.045256100,0
'2026-08-22 08:23:32.911256500,0.045256500,1
'2026-08-22 08:23:32.911256600,0.045256600,0
'2026-08-22 08:23:32.911257100,0.045257100,1
'2026-08-22 08:23:32.911257200,0.045257200,0
'2026-08-22 08:23:32.911258900,0.045258900,1
'2026-08-22 08:23:32.911259000,0.045259000,0
'2026-08-22 08:23:32.911259500,0.045259500,1
'2026-08-22 08:23:32.911274200,0.045274200,0
'2026-08-22 08:23:32.911275100,0.045275100,1
'2026-08-22 08:23:32.911275200,0.045275200,0
'2026-08-22 08:23:32.911277600,0.045277600,1
'2026-08-22 08:23:32.911277700,0.045277700,0
'2026-08-22 08:23:32.911278200,0.045278200,1
'2026-08-22 08:23:32.911278300,0.045278300,0
'2026-08-22 08:23:32.911279300,0.045279300,1
'2026-08-22 08:23:32.911279400,0.045279400,0
'2026-08-22 08:23:32.911282500,0.045282500,1
'2026-08-22 08:23:32.911282600,0.045282600,0
'2026-08-22 08:23:32.911285700,0.045285700,1
'2026-08-22 08:23:32.911300400,0.045300400,0
'2026-08-22 08:23:32.911305700,0.045305700,1
'2026-08-22 08:23:32.911305800,0.045305800,0
'2026-08-22 08:23:32.911307900,0.045307900,1
'2026-08-22 08:23:32.911308000,0.045308000,0
'2026-08-22 08:23:32.911308700,0.045308700,1
'2026-08-22 08:23:32.911308800,0.045308800,0
'2026-08-22 08:23:32.911310300,0.045310300,1
'2026-08-22 08:23:32.911310400,0.045310400,0
'2026-08-22 08:23:32.911311800,0.045311800,1
'2026-08-22 08:23:32.911326200,0.045326200,0
'2026-08-22 08:23:32.911326300,0.045326300,1
'2026-08-22 08:23:32.911326400,0.045326400,0
'2026-08-22 08:23:32.911326500,0.045326500,1
'2026-08-22 08:23:32.911326700,0.045326700,0
'2026-08-22 08:23:32.911327800,0.045327800,1
'2026-08-22 08:23:32.911328000,0.045328000,0
'2026-08-22 08:23:32.911328400,0.045328400,1
'2026-08-22 08:23:32.911328600,0.045328600,0
'2026-08-22 08:23:32.911332500,0.045332500,1
'2026-08-22 08:23:32.911332600,0.045332600,0
'2026-08-22 08:23:32.911336000,0.045336000,1
'2026-08-22 08:23:32.911336100,0.045336100,0
'2026-08-22 08:23:32.911337100,0.045337100,1
'2026-08-22 08:23:32.911337200,0.045337200,0
'2026-08-22 08:23:32.911337800,0.045337800,1
'2026-08-22 08:23:32.911352200,0.045352200,0
'2026-08-22 08:23:32.911352300,0.045352300,1
'2026-08-22 08:23:32.911352500,0.045352500,0
'2026-08-22 08:23:32.911354700,0.045354700,1
'2026-08-22 08:23:32.911354800,0.045354800,0
'2026-08-22 08:23:32.911355300,0.045355300,1
'2026-08-22 08:23:32.911355400,0.045355400,0
'2026-08-22 08:23:32.911355900,0.045355900,1
'2026-08-22 08:23:32.911356000,0.045356000,0
'2026-08-22 08:23:32.911356300,0.045356300,1
'2026-08-22 08:23:32.911356500,0.045356500,0
'2026-08-22 08:23:32.911357500,0.045357500,1
'2026-08-22 08:23:32.911357700,0.045357700,0
'2026-08-22 08:23:32.911358700,0.045358700,1
'2026-08-22 08:23:32.911358900,0.045358900,0
'2026-08-22 08:23:32.911359300,0.045359300,1
'2026-08-22 08:23:32.911359400,0.045359400,0
'2026-08-22 08:23:32.911359500,0.045359500,1
'2026-08-22 08:23:32.911359600,0.045359600,0
'2026-08-22 08:23:32.911359900,0.045359900,1
'2026-08-22 08:23:32.911360000,0.045360000,0
'2026-08-22 08:23:32.911363900,0.045363900,1
'2026-08-22 08:23:32.911378700,0.045378700,0
'2026-08-22 08:23:32.911379100,0.045379100,1
'2026-08-22 08:23:32.911379300,0.045379300,0
'2026-08-22 08:23:32.911379800,0.045379800,1
'2026-08-22 08:23:32.911379900,0.045379900,0
'2026-08-22 08:23:32.911381500,0.045381500,1
'2026-08-22 08:23:32.911381600,0.045381600,0
'2026-08-22 08:23:32.911385600,0.045385600,1
'2026-08-22 08:23:32.911385700,0.045385700,0
'2026-08-22 08:23:32.911386800,0.045386800,1
'2026-08-22 08:23:32.911386900,0.045386900,0
'2026-08-22 08:23:32.911388700,0.045388700,1
'2026-08-22 08:23:32.911388800,0.045388800,0
'2026-08-22 08:23:32.911389100,0.045389100,1
'2026-08-22 08:23:32.911389200,0.045389200,0
'2026-08-22 08:23:32.911389700,0.045389700,1
'2026-08-22 08:23:32.911389800,0.045389800,0
'2026-08-22 08:23:32.911390000,0.045390000,1
'2026-08-22 08:23:32.911404400,0.045404400,0
'2026-08-22 08:23:32.911404500,0.045404500,1
'2026-08-22 08:23:32.911404600,0.045404600,0
'2026-08-22 08:23:32.911405500,0.045405500,1
'2026-08-22 08:23:32.911405600,0.045405600,0
'2026-08-22 08:23:32.911406100,0.045406100,1
'2026-08-22 08:23:32.911406200,0.045406200,0
'2026-08-22 08:23:32.911407800,0.045407800,1
'2026-08-22 08:23:32.911408000,0.045408000,0
'2026-08-22 08:23:32.911408500,0.045408500,1
'2026-08-22 08:23:32.911408600,0.045408600,0
'2026-08-22 08:23:32.911408700,0.045408700,1
'2026-08-22 08:23:32.911408800,0.045408800,0
'2026-08-22 08:23:32.911409000,0.045409000,1
'2026-08-22 08:23:32.911409100,0.045409100,0
'2026-08-22 08:23:32.911409600,0.045409600,1
'2026-08-22 08:23:32.911409700,0.045409700,0
'2026-08-22 08:23:32.911410100,0.045410100,1
'2026-08-22 08:23:32.911410300,0.045410300,0
'2026-08-22 08:23:32.911410700,0.045410700,1
'2026-08-22 08:23:32.911410800,0.045410800,0
'2026-08-22 08:23:32.911412500,0.045412500,1
'2026-08-22 08:23:32.911412600,0.045412600,0
'2026-08-22 08:23:32.911413000,0.045413000,1
'2026-08-22 08:23:32.911413200,0.045413200,0
'2026-08-22 08:23:32.911416100,0.045416100,1
'2026-08-22 08:23:32.911847300,0.045847300,0
'2026-08-22 08:23:32.911859100,0.045859100,1
'2026-08-22 08:23:32.911873500,0.045873500,0
'2026-08-22 08:23:32.911877200,0.045877200,1
'2026-08-22 08:23:32.911877300,0.045877300,0
'2026-08-22 08:23:32.911885200,0.045885200,1
'2026-08-22 08:23:32.911899600,0.045899600,0
'2026-08-22 08:23:32.911910500,0.045910500,1
'2026-08-22 08:23:32.911910600,0.045910600,0
'2026-08-22 08:23:32.911911300,0.045911300,1
'2026-08-22 08:23:32.911925500,0.045925500,0
'2026-08-22 08:23:32.911925700,0.045925700,1
'2026-08-22 08:23:32.911925800,0.045925800,0
'2026-08-22 08:23:32.911937400,0.045937400,1
'2026-08-22 08:23:32.911951900,0.045951900,0
'2026-08-22 08:23:32.911963500,0.045963500,1
'2026-08-22 08:23:32.911977800,0.045977800,0
'2026-08-22 08:23:32.911978900,0.045978900,1
'2026-08-22 08:23:32.911979000,0.045979000,0
'2026-08-22 08:23:32.911989500,0.045989500,1
'2026-08-22 08:23:32.912004100,0.046004100,0
'2026-08-22 08:23:32.912015600,0.046015600,1
'2026-08-22 08:23:32.912030000,0.046030000,0
'2026-08-22 08:23:32.912030200,0.046030200,1
'2026-08-22 08:23:32.912030400,0.046030400,0
'2026-08-22 08:23:32.912030500,0.046030500,1
'2026-08-22 08:23:32.912030600,0.046030600,0
'2026-08-22 08:23:32.912030900,0.046030900,1
'2026-08-22 08:23:32.912031000,0.046031000,0
'2026-08-22 08:23:32.912041700,0.046041700,1
'2026-08-22 08:23:32.912056100,0.046056100,0
'2026-08-22 08:23:32.912067800,0.046067800,1
'2026-08-22 08:23:32.912082100,0.046082100,0
'2026-08-22 08:23:32.912082200,0.046082200,1
'2026-08-22 08:23:32.912082300,0.046082300,0
'2026-08-22 08:23:32.912083400,0.046083400,1
'2026-08-22 08:23:32.912083500,0.046083500,0
'2026-08-22 08:23:32.912088900,0.046088900,1
'2026-08-22 08:23:32.912089000,0.046089000,0
'2026-08-22 08:23:32.912093300,0.046093300,1
'2026-08-22 08:23:32.912093400,0.046093400,0
'2026-08-22 08:23:32.912093800,0.046093800,1
'2026-08-22 08:23:32.912108200,0.046108200,0
'2026-08-22 08:23:32.912109100,0.046109100,1
'2026-08-22 08:23:32.912109300,0.046109300,0
'2026-08-22 08:23:32.912109700,0.046109700,1
'2026-08-22 08:23:32.912109800,0.046109800,0
'2026-08-22 08:23:32.912110300,0.046110300,1
'2026-08-22 08:23:32.912110400,0.046110400,0
'2026-08-22 08:23:32.912112000,0.046112000,1
'2026-08-22 08:23:32.912112200,0.046112200,0
'2026-08-22 08:23:32.912112300,0.046112300,1
'2026-08-22 08:23:32.912112400,0.046112400,0
'2026-08-22 08:23:32.912119900,0.046119900,1
'2026-08-22 08:23:32.912134400,0.046134400,0
'2026-08-22 08:23:32.912139500,0.046139500,1
'2026-08-22 08:23:32.912139600,0.046139600,0
'2026-08-22 08:23:32.912140100,0.046140100,1
'2026-08-22 08:23:32.912140200,0.046140200,0
'2026-08-22 08:23:32.912140600,0.046140600,1
'2026-08-22 08:23:32.912140800,0.046140800,0
'2026-08-22 08:23:32.912143000,0.046143000,1
'2026-08-22 08:23:32.912143100,0.046143100,0
'2026-08-22 08:23:32.912143600,0.046143600,1
'2026-08-22 08:23:32.912143700,0.046143700,0
'2026-08-22 08:23:32.912144900,0.046144900,1
'2026-08-22 08:23:32.912145000,0.046145000,0
'2026-08-22 08:23:32.912146000,0.046146000,1
'2026-08-22 08:23:32.912160600,0.046160600,0
'2026-08-22 08:23:32.912162500,0.046162500,1
'2026-08-22 08:23:32.912162600,0.046162600,0
'2026-08-22 08:23:32.912169300,0.046169300,1
'2026-08-22 08:23:32.912169400,0.046169400,0
'2026-08-22 08:23:32.912169900,0.046169900,1
'2026-08-22 08:23:32.912170000,0.046170000,0
'2026-08-22 08:23:32.912170400,0.046170400,1
'2026-08-22 08:23:32.912170500,0.046170500,0
'2026-08-22 08:23:32.912172100,0.046172100,1
'2026-08-22 08:23:32.912186700,0.046186700,0
'2026-08-22 08:23:32.912188500,0.046188500,1
'2026-08-22 08:23:32.912188700,0.046188700,0
'2026-08-22 08:23:32.912189000,0.046189000,1
'2026-08-22 08:23:32.912189100,0.046189100,0
'2026-08-22 08:23:32.912189400,0.046189400,1
'2026-08-22 08:23:32.912189500,0.046189500,0
'2026-08-22 08:23:32.912190300,0.046190300,1
'2026-08-22 08:23:32.912190400,0.046190400,0
'2026-08-22 08:23:32.912190900,0.046190900,1
'2026-08-22 08:23:32.912191000,0.046191000,0
'2026-08-22 08:23:32.912191500,0.046191500,1
'2026-08-22 08:23:32.912191600,0.046191600,0
'2026-08-22 08:23:32.912192000,0.046192000,1
'2026-08-22 08:23:32.912192100,0.046192100,0
'2026-08-22 08:23:32.912195100,0.046195100,1
'2026-08-22 08:23:32.912195200,0.046195200,0
'2026-08-22 08:23:32.912195500,0.046195500,1
'2026-08-22 08:23:32.912195600,0.046195600,0
'2026-08-22 08:23:32.912198100,0.046198100,1
'2026-08-22 08:23:32.912212800,0.046212800,0
'2026-08-22 08:23:32.912212900,0.046212900,1
'2026-08-22 08:23:32.912213000,0.046213000,0
'2026-08-22 08:23:32.912214800,0.046214800,1
'2026-08-22 08:23:32.912214900,0.046214900,0
'2026-08-22 08:23:32.912216000,0.046216000,1
'2026-08-22 08:23:32.912216100,0.046216100,0
'2026-08-22 08:23:32.912217100,0.046217100,1
'2026-08-22 08:23:32.912217200,0.046217200,0
'2026-08-22 08:23:32.912218900,0.046218900,1
'2026-08-22 08:23:32.912219000,0.046219000,0
'2026-08-22 08:23:32.912219400,0.046219400,1
'2026-08-22 08:23:32.912219600,0.046219600,0
'2026-08-22 08:23:32.912220100,0.046220100,1
'2026-08-22 08:23:32.912220200,0.046220200,0
'2026-08-22 08:23:32.912222000,0.046222000,1
'2026-08-22 08:23:32.912222100,0.046222100,0
'2026-08-22 08:23:32.912224200,0.046224200,1
'2026-08-22 08:23:32.912239000,0.046239000,0
'2026-08-22 08:23:32.912239300,0.046239300,1
'2026-08-22 08:23:32.912239400,0.046239400,0
'2026-08-22 08:23:32.912239900,0.046239900,1
'2026-08-22 08:23:32.912240000,0.046240000,0
'2026-08-22 08:23:32.912242200,0.046242200,1
'2026-08-22 08:23:32.912242400,0.046242400,0
'2026-08-22 08:23:32.912242700,0.046242700,1
'2026-08-22 08:23:32.912242800,0.046242800,0
'2026-08-22 08:23:32.912244900,0.046244900,1
'2026-08-22 08:23:32.913463500,0.047463500,0
'2026-08-22 08:23:32.913475300,0.047475300,1
'2026-08-22 08:23:32.913489400,0.047489400,0
'2026-08-22 08:23:32.913501300,0.047501300,1
'2026-08-22 08:23:32.913515500,0.047515500,0
'2026-08-22 08:23:32.913527400,0.047527400,1
'2026-08-22 08:23:32.913541700,0.047541700,0
'2026-08-22 08:23:32.913553500,0.047553500,1
'2026-08-22 08:23:32.913567800,0.047567800,0
'2026-08-22 08:23:32.913567900,0.047567900,1
'2026-08-22 08:23:32.913568000,0.047568000,0
'2026-08-22 08:23:32.913579600,0.047579600,1
'2026-08-22 08:23:32.913593800,0.047593800,0
'2026-08-22 08:23:32.913601700,0.047601700,1
'2026-08-22 08:23:32.913601800,0.047601800,0
'2026-08-22 08:23:32.913605600,0.047605600,1
'2026-08-22 08:23:32.913620000,0.047620000,0
'2026-08-22 08:23:32.913620100,0.047620100,1
'2026-08-22 08:23:32.913620200,0.047620200,0
'2026-08-22 08:23:32.913631700,0.047631700,1
'2026-08-22 08:23:32.913645900,0.047645900,0
'2026-08-22 08:23:32.913647900,0.047647900,1
'2026-08-22 08:23:32.913648000,0.047648000,0
'2026-08-22 08:23:32.913653200,0.047653200,1
'2026-08-22 08:23:32.913653300,0.047653300,0
'2026-08-22 08:23:32.913657800,0.047657800,1
'2026-08-22 08:23:32.913672200,0.047672200,0
'2026-08-22 08:23:32.913679100,0.047679100,1
'2026-08-22 08:23:32.913679200,0.047679200,0
'2026-08-22 08:23:32.913683900,0.047683900,1
'2026-08-22 08:23:32.913698300,0.047698300,0
'2026-08-22 08:23:32.913709900,0.047709900,1
'2026-08-22 08:23:32.913724300,0.047724300,0
'2026-08-22 08:23:32.913724400,0.047724400,1
'2026-08-22 08:23:32.913724500,0.047724500,0
'2026-08-22 08:23:32.913736000,0.047736000,1
'2026-08-22 08:23:32.913750300,0.047750300,0
'2026-08-22 08:23:32.913751300,0.047751300,1
'2026-08-22 08:23:32.913751400,0.047751400,0
'2026-08-22 08:23:32.913762100,0.047762100,1
'2026-08-22 08:23:32.913776500,0.047776500,0
'2026-08-22 08:23:32.913777600,0.047777600,1
'2026-08-22 08:23:32.913777700,0.047777700,0
'2026-08-22 08:23:32.913782800,0.047782800,1
'2026-08-22 08:23:32.913782900,0.047782900,0
'2026-08-22 08:23:32.913788100,0.047788100,1
'2026-08-22 08:23:32.913802600,0.047802600,0
'2026-08-22 08:23:32.913802700,0.047802700,1
'2026-08-22 08:23:32.913802800,0.047802800,0
'2026-08-22 08:23:32.913814200,0.047814200,1
'2026-08-22 08:23:32.913828500,0.047828500,0
'2026-08-22 08:23:32.913832400,0.047832400,1
'2026-08-22 08:23:32.913832500,0.047832500,0
'2026-08-22 08:23:32.913833100,0.047833100,1
'2026-08-22 08:23:32.913833200,0.047833200,0
'2026-08-22 08:23:32.913839000,0.047839000,1
'2026-08-22 08:23:32.913839100,0.047839100,0
'2026-08-22 08:23:32.913840100,0.047840100,1
'2026-08-22 08:23:32.913840200,0.047840200,0
'2026-08-22 08:23:32.913840300,0.047840300,1
'2026-08-22 08:23:32.913854800,0.047854800,0
'2026-08-22 08:23:32.913857600,0.047857600,1
'2026-08-22 08:23:32.913857700,0.047857700,0
'2026-08-22 08:23:32.913858300,0.047858300,1
'2026-08-22 08:23:32.915079400,0.049079400,0
'2026-08-22 08:23:32.915091300,0.049091300,1
'2026-08-22 08:23:32.915105500,0.049105500,0
'2026-08-22 08:23:32.915117400,0.049117400,1
'2026-08-22 08:23:32.915131600,0.049131600,0
'2026-08-22 08:23:32.915143500,0.049143500,1
'2026-08-22 08:23:32.915157900,0.049157900,0
'2026-08-22 08:23:32.915169500,0.049169500,1
'2026-08-22 08:23:32.915183900,0.049183900,0
'2026-08-22 08:23:32.915195600,0.049195600,1
'2026-08-22 08:23:32.915209900,0.049209900,0
'2026-08-22 08:23:32.915221700,0.049221700,1
'2026-08-22 08:23:32.915236200,0.049236200,0
'2026-08-22 08:23:32.915247800,0.049247800,1
'2026-08-22 08:23:32.915262000,0.049262000,0
'2026-08-22 08:23:32.915265300,0.049265300,1
'2026-08-22 08:23:32.915265400,0.049265400,0
'2026-08-22 08:23:32.915273800,0.049273800,1
'2026-08-22 08:23:32.915288200,0.049288200,0
'2026-08-22 08:23:32.915299900,0.049299900,1
'2026-08-22 08:23:32.915314500,0.049314500,0
'2026-08-22 08:23:32.915317300,0.049317300,1
'2026-08-22 08:23:32.915317400,0.049317400,0
'2026-08-22 08:23:32.915326000,0.049326000,1
'2026-08-22 08:23:32.915340400,0.049340400,0
'2026-08-22 08:23:32.915340900,0.049340900,1
'2026-08-22 08:23:32.915341000,0.049341000,0
'2026-08-22 08:23:32.915352100,0.049352100,1
'2026-08-22 08:23:32.915366500,0.049366500,0
'2026-08-22 08:23:32.915367300,0.049367300,1
'2026-08-22 08:23:32.915367400,0.049367400,0
'2026-08-22 08:23:32.915367500,0.049367500,1
'2026-08-22 08:23:32.915367600,0.049367600,0
'2026-08-22 08:23:32.915368100,0.049368100,1
'2026-08-22 08:23:32.915368200,0.049368200,0
'2026-08-22 08:23:32.915378100,0.049378100,1
'2026-08-22 08:23:32.915392600,0.049392600,0
'2026-08-22 08:23:32.915392700,0.049392700,1
'2026-08-22 08:23:32.915392800,0.049392800,0
'2026-08-22 08:23:32.915395600,0.049395600,1
'2026-08-22 08:23:32.915395700,0.049395700,0
'2026-08-22 08:23:32.915404200,0.049404200,1
'2026-08-22 08:23:32.915418600,0.049418600,0
'2026-08-22 08:23:32.915419500,0.049419500,1
'2026-08-22 08:23:32.915419600,0.049419600,0
'2026-08-22 08:23:32.915420100,0.049420100,1
'2026-08-22 08:23:32.915420200,0.049420200,0
'2026-08-22 08:23:32.915421800,0.049421800,1
'2026-08-22 08:23:32.915422000,0.049422000,0
'2026-08-22 08:23:32.915428300,0.049428300,1
'2026-08-22 08:23:32.915428400,0.049428400,0
'2026-08-22 08:23:32.915430300,0.049430300,1
'2026-08-22 08:23:32.915444800,0.049444800,0
'2026-08-22 08:23:32.915452200,0.049452200,1
'2026-08-22 08:23:32.915452300,0.049452300,0
'2026-08-22 08:23:32.915456300,0.049456300,1
'2026-08-22 08:23:32.915470700,0.049470700,0
'2026-08-22 08:23:32.915470900,0.049470900,1
'2026-08-22 08:23:32.915471000,0.049471000,0
'2026-08-22 08:23:32.915471500,0.049471500,1
'2026-08-22 08:23:32.915471600,0.049471600,0
'2026-08-22 08:23:32.915472700,0.049472700,1
'2026-08-22 08:23:32.915472800,0.049472800,0
'2026-08-22 08:23:32.915473300,0.049473300,1
'2026-08-22 08:23:32.915473400,0.049473400,0
'2026-08-22 08:23:32.915473900,0.049473900,1
'2026-08-22 08:23:32.915474000,0.049474000,0
'2026-08-22 08:23:32.915475600,0.049475600,1
'2026-08-22 08:23:32.915475700,0.049475700,0
'2026-08-22 08:23:32.915479400,0.049479400,1
'2026-08-22 08:23:32.916695500,0.050695500,0
'2026-08-22 08:23:32.916707400,0.050707400,1
'2026-08-22 08:23:32.916721600,0.050721600,0
'2026-08-22 08:23:32.916733500,0.050733500,1
'2026-08-22 08:23:32.916747600,0.050747600,0
'2026-08-22 08:23:32.916757800,0.050757800,1
'2026-08-22 08:23:32.916757900,0.050757900,0
'2026-08-22 08:23:32.916759500,0.050759500,1
'2026-08-22 08:23:32.916773800,0.050773800,0
'2026-08-22 08:23:32.916785600,0.050785600,1
'2026-08-22 08:23:32.916800100,0.050800100,0
'2026-08-22 08:23:32.916811700,0.050811700,1
'2026-08-22 08:23:32.916825900,0.050825900,0
'2026-08-22 08:23:32.916826100,0.050826100,1
'2026-08-22 08:23:32.916826200,0.050826200,0
'2026-08-22 08:23:32.916827300,0.050827300,1
'2026-08-22 08:23:32.916827400,0.050827400,0
'2026-08-22 08:23:32.916837800,0.050837800,1
'2026-08-22 08:23:32.916852000,0.050852000,0
'2026-08-22 08:23:32.916863800,0.050863800,1
'2026-08-22 08:23:32.916878200,0.050878200,0
'2026-08-22 08:23:32.916878600,0.050878600,1
'2026-08-22 08:23:32.916878700,0.050878700,0
'2026-08-22 08:23:32.916879300,0.050879300,1
'2026-08-22 08:23:32.916879400,0.050879400,0
'2026-08-22 08:23:32.916889900,0.050889900,1
'2026-08-22 08:23:32.916904400,0.050904400,0
'2026-08-22 08:23:32.916908500,0.050908500,1
'2026-08-22 08:23:32.916908600,0.050908600,0
'2026-08-22 08:23:32.916916000,0.050916000,1
'2026-08-22 08:23:32.916930300,0.050930300,0
'2026-08-22 08:23:32.916930700,0.050930700,1
'2026-08-22 08:23:32.916930800,0.050930800,0
'2026-08-22 08:23:32.916942100,0.050942100,1
'2026-08-22 08:23:32.916956500,0.050956500,0
'2026-08-22 08:23:32.916968100,0.050968100,1
'2026-08-22 08:23:32.916982400,0.050982400,0
'2026-08-22 08:23:32.916988900,0.050988900,1
'2026-08-22 08:23:32.916989000,0.050989000,0
'2026-08-22 08:23:32.916994200,0.050994200,1
'2026-08-22 08:23:32.917008600,0.051008600,0
'2026-08-22 08:23:32.917008700,0.051008700,1
'2026-08-22 08:23:32.917009000,0.051009000,0
'2026-08-22 08:23:32.917009500,0.051009500,1
'2026-08-22 08:23:32.917009600,0.051009600,0
'2026-08-22 08:23:32.917011200,0.051011200,1
'2026-08-22 08:23:32.917011300,0.051011300,0
'2026-08-22 08:23:32.917011800,0.051011800,1
'2026-08-22 08:23:32.917011900,0.051011900,0
'2026-08-22 08:23:32.917019400,0.051019400,1
'2026-08-22 08:23:32.917019500,0.051019500,0
'2026-08-22 08:23:32.917020300,0.051020300,1
'2026-08-22 08:23:32.917034700,0.051034700,0
'2026-08-22 08:23:32.917038700,0.051038700,1
'2026-08-22 08:23:32.917038800,0.051038800,0
'2026-08-22 08:23:32.917039900,0.051039900,1
'2026-08-22 08:23:32.917040000,0.051040000,0
'2026-08-22 08:23:32.917041000,0.051041000,1
'2026-08-22 08:23:32.917041100,0.051041100,0
'2026-08-22 08:23:32.917041300,0.051041300,1
'2026-08-22 08:23:32.917041400,0.051041400,0
'2026-08-22 08:23:32.917041600,0.051041600,1
'2026-08-22 08:23:32.917041700,0.051041700,0
'2026-08-22 08:23:32.917042200,0.051042200,1
'2026-08-22 08:23:32.917042300,0.051042300,0
'2026-08-22 08:23:32.917046400,0.051046400,1
'2026-08-22 08:23:32.917061100,0.051061100,0
'2026-08-22 08:23:32.917062600,0.051062600,1
'2026-08-22 08:23:32.917062800,0.051062800,0
'2026-08-22 08:23:32.917070300,0.051070300,1
'2026-08-22 08:23:32.917070400,0.051070400,0
'2026-08-22 08:23:32.917071100,0.051071100,1
'2026-08-22 08:23:32.917071200,0.051071200,0
'2026-08-22 08:23:32.917072400,0.051072400,1
'2026-08-22 08:23:32.917086800,0.051086800,0
'2026-08-22 08:23:32.917087200,0.051087200,1
'2026-08-22 08:23:32.917087300,0.051087300,0
'2026-08-22 08:23:32.917088700,0.051088700,1
'2026-08-22 08:23:32.917088800,0.051088800,0
'2026-08-22 08:23:32.917090700,0.051090700,1
'2026-08-22 08:23:32.917090800,0.051090800,0
'2026-08-22 08:23:32.917091900,0.051091900,1
'2026-08-22 08:23:32.917092000,0.051092000,0
'2026-08-22 08:23:32.917092800,0.051092800,1
'2026-08-22 08:23:32.918311600,0.052311600,0
'2026-08-22 08:23:32.918323500,0.052323500,1
'2026-08-22 08:23:32.918337800,0.052337800,0
'2026-08-22 08:23:32.918349600,0.052349600,1
'2026-08-22 08:23:32.918363800,0.052363800,0
'2026-08-22 08:23:32.918375600,0.052375600,1
'2026-08-22 08:23:32.918390000,0.052390000,0
'2026-08-22 08:23:32.918390300,0.052390300,1
'2026-08-22 08:23:32.918390400,0.052390400,0
'2026-08-22 08:23:32.918401700,0.052401700,1
'2026-08-22 08:23:32.918416000,0.052416000,0
'2026-08-22 08:23:32.918427800,0.052427800,1
'2026-08-22 08:23:32.918442100,0.052442100,0
'2026-08-22 08:23:32.918453900,0.052453900,1
'2026-08-22 08:23:32.918468300,0.052468300,0
'2026-08-22 08:23:32.918476200,0.052476200,1
'2026-08-22 08:23:32.918476300,0.052476300,0
'2026-08-22 08:23:32.918479900,0.052479900,1
'2026-08-22 08:23:32.918494400,0.052494400,0
'2026-08-22 08:23:32.918497300,0.052497300,1
'2026-08-22 08:23:32.918497400,0.052497400,0
'2026-08-22 08:23:32.918506000,0.052506000,1
'2026-08-22 08:23:32.918520500,0.052520500,0
'2026-08-22 08:23:32.918532100,0.052532100,1
'2026-08-22 08:23:32.918546500,0.052546500,0
'2026-08-22 08:23:32.918547100,0.052547100,1
'2026-08-22 08:23:32.918547200,0.052547200,0
'2026-08-22 08:23:32.918548100,0.052548100,1
'2026-08-22 08:23:32.918548200,0.052548200,0
'2026-08-22 08:23:32.918553900,0.052553900,1
'2026-08-22 08:23:32.918554000,0.052554000,0
'2026-08-22 08:23:32.918558200,0.052558200,1
'2026-08-22 08:23:32.918572600,0.052572600,0
'2026-08-22 08:23:32.918578500,0.052578500,1
'2026-08-22 08:23:32.918578600,0.052578600,0
'2026-08-22 08:23:32.918584200,0.052584200,1
'2026-08-22 08:23:32.918598600,0.052598600,0
'2026-08-22 08:23:32.918598700,0.052598700,1
'2026-08-22 08:23:32.918598900,0.052598900,0
'2026-08-22 08:23:32.918610300,0.052610300,1
'2026-08-22 08:23:32.918624800,0.052624800,0
'2026-08-22 08:23:32.918628100,0.052628100,1
'2026-08-22 08:23:32.918628300,0.052628300,0
'2026-08-22 08:23:32.918631600,0.052631600,1
'2026-08-22 08:23:32.918631700,0.052631700,0
'2026-08-22 08:23:32.918634500,0.052634500,1
'2026-08-22 08:23:32.918634600,0.052634600,0
'2026-08-22 08:23:32.918635700,0.052635700,1
'2026-08-22 08:23:32.918635800,0.052635800,0
'2026-08-22 08:23:32.918636400,0.052636400,1
'2026-08-22 08:23:32.918651000,0.052651000,0
'2026-08-22 08:23:32.918653200,0.052653200,1
'2026-08-22 08:23:32.918653300,0.052653300,0
'2026-08-22 08:23:32.918659100,0.052659100,1
'2026-08-22 08:23:32.918659200,0.052659200,0
'2026-08-22 08:23:32.918662000,0.052662000,1
'2026-08-22 08:23:32.918662100,0.052662100,0
'2026-08-22 08:23:32.918662400,0.052662400,1
'2026-08-22 08:23:32.918676800,0.052676800,0
'2026-08-22 08:23:32.918676900,0.052676900,1
'2026-08-22 08:23:32.918677000,0.052677000,0
'2026-08-22 08:23:32.918678300,0.052678300,1
'2026-08-22 08:23:32.918678400,0.052678400,0
'2026-08-22 08:23:32.918679300,0.052679300,1
'2026-08-22 08:23:32.918679400,0.052679400,0
'2026-08-22 08:23:32.918679500,0.052679500,1
'2026-08-22 08:23:32.918679600,0.052679600,0
'2026-08-22 08:23:32.918681300,0.052681300,1
'2026-08-22 08:23:32.918681400,0.052681400,0
'2026-08-22 08:23:32.918683600,0.052683600,1
'2026-08-22 08:23:32.918683700,0.052683700,0
'2026-08-22 08:23:32.918685900,0.052685900,1
'2026-08-22 08:23:32.918686000,0.052686000,0
'2026-08-22 08:23:32.918688500,0.052688500,1
'2026-08-22 08:23:32.918703000,0.052703000,0
'2026-08-22 08:23:32.918703400,0.052703400,1
'2026-08-22 08:23:32.918703500,0.052703500,0
'2026-08-22 08:23:32.918708700,0.052708700,1
'2026-08-22 08:23:32.918708800,0.052708800,0
'2026-08-22 08:23:32.918711300,0.052711300,1
'2026-08-22 08:23:32.918711400,0.052711400,0
'2026-08-22 08:23:32.918713800,0.052713800,1
'2026-08-22 08:23:32.919927700,0.053927700,0
'2026-08-22 08:23:32.919939600,0.053939600,1
'2026-08-22 08:23:32.919953800,0.053953800,0
'2026-08-22 08:23:32.919965700,0.053965700,1
'2026-08-22 08:23:32.919979800,0.053979800,0
'2026-08-22 08:23:32.919989400,0.053989400,1
'2026-08-22 08:23:32.919989500,0.053989500,0
'2026-08-22 08:23:32.919991700,0.053991700,1
'2026-08-22 08:23:32.920006000,0.054006000,0
'2026-08-22 08:23:32.920006900,0.054006900,1
'2026-08-22 08:23:32.920007000,0.054007000,0
'2026-08-22 08:23:32.920017800,0.054017800,1
'2026-08-22 08:23:32.920032100,0.054032100,0
'2026-08-22 08:23:32.920043900,0.054043900,1
'2026-08-22 08:23:32.920058100,0.054058100,0
'2026-08-22 08:23:32.920068600,0.054068600,1
'2026-08-22 08:23:32.920068700,0.054068700,0
'2026-08-22 08:23:32.920070000,0.054070000,1
'2026-08-22 08:23:32.920084200,0.054084200,0
'2026-08-22 08:23:32.920084300,0.054084300,1
'2026-08-22 08:23:32.920084400,0.054084400,0
'2026-08-22 08:23:32.920096000,0.054096000,1
'2026-08-22 08:23:32.920110300,0.054110300,0
'2026-08-22 08:23:32.920122100,0.054122100,1
'2026-08-22 08:23:32.920136400,0.054136400,0
'2026-08-22 08:23:32.920137700,0.054137700,1
'2026-08-22 08:23:32.920137800,0.054137800,0
'2026-08-22 08:23:32.920142100,0.054142100,1
'2026-08-22 08:23:32.920142200,0.054142200,0
'2026-08-22 08:23:32.920148200,0.054148200,1
'2026-08-22 08:23:32.920162600,0.054162600,0
'2026-08-22 08:23:32.920174200,0.054174200,1
'2026-08-22 08:23:32.920188700,0.054188700,0
'2026-08-22 08:23:32.920189200,0.054189200,1
'2026-08-22 08:23:32.920189300,0.054189300,0
'2026-08-22 08:23:32.920200300,0.054200300,1
'2026-08-22 08:23:32.920214800,0.054214800,0
'2026-08-22 08:23:32.920217900,0.054217900,1
'2026-08-22 08:23:32.920218000,0.054218000,0
'2026-08-22 08:23:32.920221900,0.054221900,1
'2026-08-22 08:23:32.920222000,0.054222000,0
'2026-08-22 08:23:32.920222300,0.054222300,1
'2026-08-22 08:23:32.920222400,0.054222400,0
'2026-08-22 08:23:32.920226400,0.054226400,1
'2026-08-22 08:23:32.920240800,0.054240800,0
'2026-08-22 08:23:32.920246500,0.054246500,1
'2026-08-22 08:23:32.920246600,0.054246600,0
'2026-08-22 08:23:32.920252500,0.054252500,1
'2026-08-22 08:23:32.920267000,0.054267000,0
'2026-08-22 08:23:32.920267500,0.054267500,1
'2026-08-22 08:23:32.920267600,0.054267600,0
'2026-08-22 08:23:32.920275700,0.054275700,1
'2026-08-22 08:23:32.920275800,0.054275800,0
'2026-08-22 08:23:32.920278500,0.054278500,1
'2026-08-22 08:23:32.920292900,0.054292900,0
'2026-08-22 08:23:32.920297900,0.054297900,1
'2026-08-22 08:23:32.920298000,0.054298000,0
'2026-08-22 08:23:32.920304600,0.054304600,1
'2026-08-22 08:23:32.920319100,0.054319100,0
'2026-08-22 08:23:32.920320600,0.054320600,1
'2026-08-22 08:23:32.920320700,0.054320700,0
'2026-08-22 08:23:32.920325300,0.054325300,1
'2026-08-22 08:23:32.920325400,0.054325400,0
'2026-08-22 08:23:32.920326500,0.054326500,1
'2026-08-22 08:23:32.920326600,0.054326600,0
'2026-08-22 08:23:32.920327200,0.054327200,1
'2026-08-22 08:23:32.921543800,0.055543800,0
'2026-08-22 08:23:32.921555700,0.055555700,1
'2026-08-22 08:23:32.921569900,0.055569900,0
'2026-08-22 08:23:32.921581800,0.055581800,1
'2026-08-22 08:23:32.921596000,0.055596000,0
'2026-08-22 08:23:32.921600500,0.055600500,1
'2026-08-22 08:23:32.921600600,0.055600600,0
'2026-08-22 08:23:32.921607900,0.055607900,1
'2026-08-22 08:23:32.921622200,0.055622200,0
'2026-08-22 08:23:32.921633900,0.055633900,1
'2026-08-22 08:23:32.921648200,0.055648200,0
'2026-08-22 08:23:32.921648400,0.055648400,1
'2026-08-22 08:23:32.921648500,0.055648500,0
'2026-08-22 08:23:32.921660000,0.055660000,1
'2026-08-22 08:23:32.921674400,0.055674400,0
'2026-08-22 08:23:32.921686100,0.055686100,1
'2026-08-22 08:23:32.921700500,0.055700500,0
'2026-08-22 08:23:32.921700900,0.055700900,1
'2026-08-22 08:23:32.921701000,0.055701000,0
'2026-08-22 08:23:32.921712200,0.055712200,1
'2026-08-22 08:23:32.921726400,0.055726400,0
'2026-08-22 08:23:32.921738200,0.055738200,1
'2026-08-22 08:23:32.921752400,0.055752400,0
'2026-08-22 08:23:32.921764300,0.055764300,1
'2026-08-22 08:23:32.921778800,0.055778800,0
'2026-08-22 08:23:32.921779300,0.055779300,1
'2026-08-22 08:23:32.921779400,0.055779400,0
'2026-08-22 08:23:32.921780900,0.055780900,1
'2026-08-22 08:23:32.921781000,0.055781000,0
'2026-08-22 08:23:32.921790400,0.055790400,1
'2026-08-22 08:23:32.921804600,0.055804600,0
'2026-08-22 08:23:32.921804700,0.055804700,1
'2026-08-22 08:23:32.921804800,0.055804800,0
'2026-08-22 08:23:32.921816500,0.055816500,1
'2026-08-22 08:23:32.921830800,0.055830800,0
'2026-08-22 08:23:32.921838800,0.055838800,1
'2026-08-22 08:23:32.921838900,0.055838900,0
'2026-08-22 08:23:32.921842500,0.055842500,1
'2026-08-22 08:23:32.921857100,0.055857100,0
'2026-08-22 08:23:32.921863500,0.055863500,1
'2026-08-22 08:23:32.921863600,0.055863600,0
'2026-08-22 08:23:32.921868600,0.055868600,1
'2026-08-22 08:23:32.921883000,0.055883000,0
'2026-08-22 08:23:32.921883100,0.055883100,1
'2026-08-22 08:23:32.921883200,0.055883200,0
'2026-08-22 08:23:32.921884100,0.055884100,1
'2026-08-22 08:23:32.921884200,0.055884200,0
'2026-08-22 08:23:32.921894700,0.055894700,1
'2026-08-22 08:23:32.921909100,0.055909100,0
'2026-08-22 08:23:32.921909400,0.055909400,1
'2026-08-22 08:23:32.921909500,0.055909500,0
'2026-08-22 08:23:32.921918700,0.055918700,1
'2026-08-22 08:23:32.921918800,0.055918800,0
'2026-08-22 08:23:32.921919300,0.055919300,1
'2026-08-22 08:23:32.921919400,0.055919400,0
'2026-08-22 08:23:32.921919700,0.055919700,1
'2026-08-22 08:23:32.921919900,0.055919900,0
'2026-08-22 08:23:32.921920200,0.055920200,1
'2026-08-22 08:23:32.921920300,0.055920300,0
'2026-08-22 08:23:32.921920700,0.055920700,1
'2026-08-22 08:23:32.921935200,0.055935200,0
'2026-08-22 08:23:32.921940300,0.055940300,1
'2026-08-22 08:23:32.921940500,0.055940500,0
'2026-08-22 08:23:32.921941500,0.055941500,1
'2026-08-22 08:23:32.921941600,0.055941600,0
'2026-08-22 08:23:32.921946800,0.055946800,1
'2026-08-22 08:23:32.922362400,0.056362400,0
'2026-08-22 08:23:32.922363800,0.056363800,1
'2026-08-22 08:23:32.922378000,0.056378000,0
'2026-08-22 08:23:32.922381400,0.056381400,1
'2026-08-22 08:23:32.922381500,0.056381500,0
'2026-08-22 08:23:32.922389900,0.056389900,1
'2026-08-22 08:23:32.922404200,0.056404200,0
'2026-08-22 08:23:32.922407800,0.056407800,1
'2026-08-22 08:23:32.922407900,0.056407900,0
'2026-08-22 08:23:32.922410900,0.056410900,1
'2026-08-22 08:23:32.922411000,0.056411000,0
'2026-08-22 08:23:32.922415900,0.056415900,1
'2026-08-22 08:23:32.922430200,0.056430200,0
'2026-08-22 08:23:32.922430300,0.056430300,1
'2026-08-22 08:23:32.922430600,0.056430600,0
'2026-08-22 08:23:32.922431600,0.056431600,1
'2026-08-22 08:23:32.922431700,0.056431700,0
'2026-08-22 08:23:32.922440400,0.056440400,1
'2026-08-22 08:23:32.922440500,0.056440500,0
'2026-08-22 08:23:32.922442000,0.056442000,1
'2026-08-22 08:23:32.922456300,0.056456300,0
'2026-08-22 08:23:32.922468100,0.056468100,1
'2026-08-22 08:23:32.922482600,0.056482600,0
'2026-08-22 08:23:32.922490600,0.056490600,1
'2026-08-22 08:23:32.922490700,0.056490700,0
'2026-08-22 08:23:32.922493700,0.056493700,1
'2026-08-22 08:23:32.922493800,0.056493800,0
'2026-08-22 08:23:32.922494200,0.056494200,1
'2026-08-22 08:23:32.922508400,0.056508400,0
'2026-08-22 08:23:32.922511100,0.056511100,1
'2026-08-22 08:23:32.922511200,0.056511200,0
'2026-08-22 08:23:32.922520200,0.056520200,1
'2026-08-22 08:23:32.922534600,0.056534600,0
'2026-08-22 08:23:32.922541400,0.056541400,1
'2026-08-22 08:23:32.922541500,0.056541500,0
'2026-08-22 08:23:32.922546300,0.056546300,1
'2026-08-22 08:23:32.922560600,0.056560600,0
'2026-08-22 08:23:32.922560700,0.056560700,1
'2026-08-22 08:23:32.922560800,0.056560800,0
'2026-08-22 08:23:32.922560900,0.056560900,1
'2026-08-22 08:23:32.922561000,0.056561000,0
'2026-08-22 08:23:32.922561300,0.056561300,1
'2026-08-22 08:23:32.922561400,0.056561400,0
'2026-08-22 08:23:32.922562500,0.056562500,1
'2026-08-22 08:23:32.922562600,0.056562600,0
'2026-08-22 08:23:32.922570100,0.056570100,1
'2026-08-22 08:23:32.922570200,0.056570200,0
'2026-08-22 08:23:32.922572400,0.056572400,1
'2026-08-22 08:23:32.922586700,0.056586700,0
'2026-08-22 08:23:32.922592900,0.056592900,1
'2026-08-22 08:23:32.922593000,0.056593000,0
'2026-08-22 08:23:32.922595200,0.056595200,1
'2026-08-22 08:23:32.922595300,0.056595300,0
'2026-08-22 08:23:32.922598500,0.056598500,1
'2026-08-22 08:23:32.922612900,0.056612900,0
'2026-08-22 08:23:32.922613900,0.056613900,1
'2026-08-22 08:23:32.922614000,0.056614000,0
'2026-08-22 08:23:32.922614500,0.056614500,1
'2026-08-22 08:23:32.922614600,0.056614600,0
'2026-08-22 08:23:32.922616800,0.056616800,1
'2026-08-22 08:23:32.922616900,0.056616900,0
'2026-08-22 08:23:32.922618000,0.056618000,1
'2026-08-22 08:23:32.922618100,0.056618100,0
'2026-08-22 08:23:32.922624500,0.056624500,1
'2026-08-22 08:23:32.922638800,0.056638800,0
'2026-08-22 08:23:32.922639000,0.056639000,1
'2026-08-22 08:23:32.922639100,0.056639100,0
'2026-08-22 08:23:32.922639600,0.056639600,1
'2026-08-22 08:23:32.922639700,0.056639700,0
'2026-08-22 08:23:32.922640800,0.056640800,1
'2026-08-22 08:23:32.922640900,0.056640900,0
'2026-08-22 08:23:32.922641700,0.056641700,1
'2026-08-22 08:23:32.922641800,0.056641800,0
'2026-08-22 08:23:32.922643700,0.056643700,1
'2026-08-22 08:23:32.922643800,0.056643800,0
'2026-08-22 08:23:32.922650600,0.056650600,1
'2026-08-22 08:23:32.922665100,0.056665100,0
'2026-08-22 08:23:32.922666500,0.056666500,1
'2026-08-22 08:23:32.922666600,0.056666600,0
'2026-08-22 08:23:32.922668200,0.056668200,1
'2026-08-22 08:23:32.922668300,0.056668300,0
'2026-08-22 08:23:32.922670000,0.056670000,1
'2026-08-22 08:23:32.922670200,0.056670200,0
'2026-08-22 08:23:32.922670600,0.056670600,1
'2026-08-22 08:23:32.922670700,0.056670700,0
'2026-08-22 08:23:32.922671700,0.056671700,1
'2026-08-22 08:23:32.922671900,0.056671900,0
'2026-08-22 08:23:32.922674100,0.056674100,1
'2026-08-22 08:23:32.922674200,0.056674200,0
'2026-08-22 08:23:32.922676700,0.056676700,1
'2026-08-22 08:23:32.922691200,0.056691200,0
'2026-08-22 08:23:32.922691300,0.056691300,1
'2026-08-22 08:23:32.922691500,0.056691500,0
'2026-08-22 08:23:32.922691600,0.056691600,1
'2026-08-22 08:23:32.922691700,0.056691700,0
'2026-08-22 08:23:32.922691900,0.056691900,1
'2026-08-22 08:23:32.922692000,0.056692000,0
'2026-08-22 08:23:32.922692100,0.056692100,1
'2026-08-22 08:23:32.922692200,0.056692200,0
'2026-08-22 08:23:32.922694500,0.056694500,1
'2026-08-22 08:23:32.922694600,0.056694600,0
'2026-08-22 08:23:32.922695000,0.056695000,1
'2026-08-22 08:23:32.922695300,0.056695300,0
'2026-08-22 08:23:32.922701500,0.056701500,1
'2026-08-22 08:23:32.922701700,0.056701700,0
'2026-08-22 08:23:32.922702700,0.056702700,1
'2026-08-22 08:23:32.922717100,0.056717100,0
'2026-08-22 08:23:32.922717300,0.056717300,1
'2026-08-22 08:23:32.922717400,0.056717400,0
'2026-08-22 08:23:32.922717900,0.056717900,1
'2026-08-22 08:23:32.922718000,0.056718000,0
'2026-08-22 08:23:32.922720200,0.056720200,1
'2026-08-22 08:23:32.922720300,0.056720300,0
'2026-08-22 08:23:32.922720900,0.056720900,1
'2026-08-22 08:23:32.922721000,0.056721000,0
'2026-08-22 08:23:32.922721900,0.056721900,1
'2026-08-22 08:23:32.922722000,0.056722000,0
'2026-08-22 08:23:32.922723200,0.056723200,1
'2026-08-22 08:23:32.922723300,0.056723300,0
'2026-08-22 08:23:32.922724300,0.056724300,1
'2026-08-22 08:23:32.922724400,0.056724400,0
'2026-08-22 08:23:32.922725500,0.056725500,1
'2026-08-22 08:23:32.922725600,0.056725600,0
'2026-08-22 08:23:32.922728800,0.056728800,1
'2026-08-22 08:23:32.922743400,0.056743400,0
'2026-08-22 08:23:32.922743500,0.056743500,1
'2026-08-22 08:23:32.922743800,0.056743800,0
'2026-08-22 08:23:32.922744100,0.056744100,1
'2026-08-22 08:23:32.922744200,0.056744200,0
'2026-08-22 08:23:32.922744800,0.056744800,1
'2026-08-22 08:23:32.922744900,0.056744900,0
'2026-08-22 08:23:32.922745200,0.056745200,1
'2026-08-22 08:23:32.922745300,0.056745300,0
'2026-08-22 08:23:32.922745900,0.056745900,1
'2026-08-22 08:23:32.922746000,0.056746000,0
'2026-08-22 08:23:32.922748300,0.056748300,1
'2026-08-22 08:23:32.922748400,0.056748400,0
'2026-08-22 08:23:32.922751200,0.056751200,1
'2026-08-22 08:23:32.922751300,0.056751300,0
'2026-08-22 08:23:32.922752300,0.056752300,1
'2026-08-22 08:23:32.922752500,0.056752500,0
'2026-08-22 08:23:32.922753500,0.056753500,1
'2026-08-22 08:23:32.922753700,0.056753700,0
'2026-08-22 08:23:32.922754700,0.056754700,1
'2026-08-22 08:23:32.922754800,0.056754800,0
'2026-08-22 08:23:32.922754900,0.056754900,1
'2026-08-22 08:23:32.922769400,0.056769400,0
'2026-08-22 08:23:32.922771100,0.056771100,1
'2026-08-22 08:23:32.922771200,0.056771200,0
'2026-08-22 08:23:32.922771600,0.056771600,1
'2026-08-22 08:23:32.923186000,0.057186000,0
'2026-08-22 08:23:32.923186300,0.057186300,1
'2026-08-22 08:23:32.923186400,0.057186400,0
'2026-08-22 08:23:32.923189800,0.057189800,1
'2026-08-22 08:23:32.923189900,0.057189900,0
'2026-08-22 08:23:32.923197900,0.057197900,1
'2026-08-22 08:23:32.923212200,0.057212200,0
'2026-08-22 08:23:32.923224000,0.057224000,1
'2026-08-22 08:23:32.923238200,0.057238200,0
'2026-08-22 08:23:32.923238300,0.057238300,1
'2026-08-22 08:23:32.923238400,0.057238400,0
'2026-08-22 08:23:32.923250100,0.057250100,1
'2026-08-22 08:23:32.923264600,0.057264600,0
'2026-08-22 08:23:32.923275200,0.057275200,1
'2026-08-22 08:23:32.923275300,0.057275300,0
'2026-08-22 08:23:32.923276100,0.057276100,1
'2026-08-22 08:23:32.923290400,0.057290400,0
'2026-08-22 08:23:32.923294200,0.057294200,1
'2026-08-22 08:23:32.923294300,0.057294300,0
'2026-08-22 08:23:32.923302200,0.057302200,1
'2026-08-22 08:23:32.923316600,0.057316600,0
'2026-08-22 08:23:32.923328300,0.057328300,1
'2026-08-22 08:23:32.923342600,0.057342600,0
'2026-08-22 08:23:32.923345200,0.057345200,1
'2026-08-22 08:23:32.923345300,0.057345300,0
'2026-08-22 08:23:32.923348200,0.057348200,1
'2026-08-22 08:23:32.923348300,0.057348300,0
'2026-08-22 08:23:32.923354300,0.057354300,1
'2026-08-22 08:23:32.923368800,0.057368800,0
'2026-08-22 08:23:32.923370200,0.057370200,1
'2026-08-22 08:23:32.923370300,0.057370300,0
'2026-08-22 08:23:32.923374500,0.057374500,1
'2026-08-22 08:23:32.923374600,0.057374600,0
'2026-08-22 08:23:32.923375100,0.057375100,1
'2026-08-22 08:23:32.923375200,0.057375200,0
'2026-08-22 08:23:32.923375600,0.057375600,1
'2026-08-22 08:23:32.923375700,0.057375700,0
'2026-08-22 08:23:32.923380400,0.057380400,1
'2026-08-22 08:23:32.923395000,0.057395000,0
'2026-08-22 08:23:32.923397300,0.057397300,1
'2026-08-22 08:23:32.923397400,0.057397400,0
'2026-08-22 08:23:32.923403700,0.057403700,1
'2026-08-22 08:23:32.923403800,0.057403800,0
'2026-08-22 08:23:32.923406500,0.057406500,1
'2026-08-22 08:23:32.923420900,0.057420900,0
'2026-08-22 08:23:32.923421200,0.057421200,1
'2026-08-22 08:23:32.923421300,0.057421300,0
'2026-08-22 08:23:32.923422900,0.057422900,1
'2026-08-22 08:23:32.923423000,0.057423000,0
'2026-08-22 08:23:32.923424100,0.057424100,1
'2026-08-22 08:23:32.923424200,0.057424200,0
'2026-08-22 08:23:32.923424700,0.057424700,1
'2026-08-22 08:23:32.923424800,0.057424800,0
'2026-08-22 08:23:32.923430500,0.057430500,1
'2026-08-22 08:23:32.923430600,0.057430600,0
'2026-08-22 08:23:32.923432600,0.057432600,1
'2026-08-22 08:23:32.923447100,0.057447100,0
'2026-08-22 08:23:32.923447300,0.057447300,1
'2026-08-22 08:23:32.923447600,0.057447600,0
'2026-08-22 08:23:32.923447700,0.057447700,1
'2026-08-22 08:23:32.923447900,0.057447900,0
'2026-08-22 08:23:32.923448100,0.057448100,1
'2026-08-22 08:23:32.923448200,0.057448200,0
'2026-08-22 08:23:32.923453300,0.057453300,1
'2026-08-22 08:23:32.923453400,0.057453400,0
'2026-08-22 08:23:32.923455100,0.057455100,1
'2026-08-22 08:23:32.923455200,0.057455200,0
'2026-08-22 08:23:32.923457400,0.057457400,1
'2026-08-22 08:23:32.923457500,0.057457500,0
'2026-08-22 08:23:32.923458600,0.057458600,1
'2026-08-22 08:23:32.923473300,0.057473300,0
'2026-08-22 08:23:32.923477300,0.057477300,1
'2026-08-22 08:23:32.923477400,0.057477400,0
'2026-08-22 08:23:32.923477700,0.057477700,1
'2026-08-22 08:23:32.923477800,0.057477800,0
'2026-08-22 08:23:32.923484700,0.057484700,1
'2026-08-22 08:23:32.923499200,0.057499200,0
'2026-08-22 08:23:32.923499300,0.057499300,1
'2026-08-22 08:23:32.923499600,0.057499600,0
'2026-08-22 08:23:32.923500600,0.057500600,1
'2026-08-22 08:23:32.923500700,0.057500700,0
'2026-08-22 08:23:32.923505900,0.057505900,1
'2026-08-22 08:23:32.923506000,0.057506000,0
'2026-08-22 08:23:32.923506500,0.057506500,1
'2026-08-22 08:23:32.923506600,0.057506600,0
'2026-08-22 08:23:32.923507100,0.057507100,1
'2026-08-22 08:23:32.923507200,0.057507200,0
'2026-08-22 08:23:32.923508300,0.057508300,1
'2026-08-22 08:23:32.923508400,0.057508400,0
'2026-08-22 08:23:32.923509400,0.057509400,1
'2026-08-22 08:23:32.923509500,0.057509500,0
'2026-08-22 08:23:32.923510800,0.057510800,1
'2026-08-22 08:23:32.923525300,0.057525300,0
'2026-08-22 08:23:32.923525800,0.057525800,1
'2026-08-22 08:23:32.923525900,0.057525900,0
'2026-08-22 08:23:32.923526200,0.057526200,1
'2026-08-22 08:23:32.923526300,0.057526300,0
'2026-08-22 08:23:32.923526900,0.057526900,1
'2026-08-22 08:23:32.923527000,0.057527000,0
'2026-08-22 08:23:32.923527500,0.057527500,1
'2026-08-22 08:23:32.923527600,0.057527600,0
'2026-08-22 08:23:32.923528100,0.057528100,1
'2026-08-22 08:23:32.923528200,0.057528200,0
'2026-08-22 08:23:32.923528300,0.057528300,1
'2026-08-22 08:23:32.923528400,0.057528400,0
'2026-08-22 08:23:32.923528700,0.057528700,1
'2026-08-22 08:23:32.923528800,0.057528800,0
'2026-08-22 08:23:32.923529300,0.057529300,1
'2026-08-22 08:23:32.923529400,0.057529400,0
'2026-08-22 08:23:32.923529800,0.057529800,1
'2026-08-22 08:23:32.923529900,0.057529900,0
'2026-08-22 08:23:32.923530500,0.057530500,1
'2026-08-22 08:23:32.923530600,0.057530600,0
'2026-08-22 08:23:32.923531500,0.057531500,1
'2026-08-22 08:23:32.923531700,0.057531700,0
'2026-08-22 08:23:32.923532400,0.057532400,1
'2026-08-22 08:23:32.923532500,0.057532500,0
'2026-08-22 08:23:32.923534500,0.057534500,1
'2026-08-22 08:23:32.923534600,0.057534600,0
'2026-08-22 08:23:32.923536800,0.057536800,1
'2026-08-22 08:23:32.923551300,0.057551300,0
'2026-08-22 08:23:32.923551500,0.057551500,1
'2026-08-22 08:23:32.923551600,0.057551600,0
'2026-08-22 08:23:32.923552000,0.057552000,1
'2026-08-22 08:23:32.923552100,0.057552100,0
'2026-08-22 08:23:32.923553800,0.057553800,1
'2026-08-22 08:23:32.923554000,0.057554000,0
'2026-08-22 08:23:32.923554400,0.057554400,1
'2026-08-22 08:23:32.923554500,0.057554500,0
'2026-08-22 08:23:32.923555000,0.057555000,1
'2026-08-22 08:23:32.923555100,0.057555100,0
'2026-08-22 08:23:32.923555500,0.057555500,1
'2026-08-22 08:23:32.923555600,0.057555600,0
'2026-08-22 08:23:32.923562900,0.057562900,1
'2026-08-22 08:23:32.923577400,0.057577400,0
'2026-08-22 08:23:32.923577700,0.057577700,1
'2026-08-22 08:23:32.923577800,0.057577800,0
'2026-08-22 08:23:32.923577900,0.057577900,1
'2026-08-22 08:23:32.923578000,0.057578000,0
'2026-08-22 08:23:32.923578300,0.057578300,1
'2026-08-22 08:23:32.923578400,0.057578400,0
'2026-08-22 08:23:32.923578900,0.057578900,1
'2026-08-22 08:23:32.923579000,0.057579000,0
'2026-08-22 08:23:32.923580100,0.057580100,1
'2026-08-22 08:23:32.923580200,0.057580200,0
'2026-08-22 08:23:32.923580900,0.057580900,1
'2026-08-22 08:23:32.923581000,0.057581000,0
'2026-08-22 08:23:32.923581200,0.057581200,1
'2026-08-22 08:23:32.923581300,0.057581300,0
'2026-08-22 08:23:32.923582300,0.057582300,1
'2026-08-22 08:23:32.923582500,0.057582500,0
'2026-08-22 08:23:32.923583600,0.057583600,1
'2026-08-22 08:23:32.923583700,0.057583700,0
'2026-08-22 08:23:32.923584700,0.057584700,1
'2026-08-22 08:23:32.923584900,0.057584900,0
'2026-08-22 08:23:32.923585800,0.057585800,1
'2026-08-22 08:23:32.923586000,0.057586000,0
'2026-08-22 08:23:32.923586500,0.057586500,1
'2026-08-22 08:23:32.923586600,0.057586600,0
'2026-08-22 08:23:32.923587100,0.057587100,1
'2026-08-22 08:23:32.923587200,0.057587200,0
'2026-08-22 08:23:32.923588100,0.057588100,1
'2026-08-22 08:23:32.923588200,0.057588200,0
'2026-08-22 08:23:32.923588900,0.057588900,1
'2026-08-22 08:23:32.924020300,0.058020300,0
'2026-08-22 08:23:32.924032000,0.058032000,1
'2026-08-22 08:23:32.924046500,0.058046500,0
'2026-08-22 08:23:32.924058100,0.058058100,1
'2026-08-22 08:23:32.924072400,0.058072400,0
'2026-08-22 08:23:32.924084200,0.058084200,1
'2026-08-22 08:23:32.924098500,0.058098500,0
'2026-08-22 08:23:32.924100700,0.058100700,1
'2026-08-22 08:23:32.924100800,0.058100800,0
'2026-08-22 08:23:32.924101200,0.058101200,1
'2026-08-22 08:23:32.924101300,0.058101300,0
'2026-08-22 08:23:32.924102400,0.058102400,1
'2026-08-22 08:23:32.924102500,0.058102500,0
'2026-08-22 08:23:32.924104300,0.058104300,1
'2026-08-22 08:23:32.924104400,0.058104400,0
'2026-08-22 08:23:32.924110300,0.058110300,1
'2026-08-22 08:23:32.924124700,0.058124700,0
'2026-08-22 08:23:32.924125000,0.058125000,1
'2026-08-22 08:23:32.924125100,0.058125100,0
'2026-08-22 08:23:32.924136300,0.058136300,1
'2026-08-22 08:23:32.924150600,0.058150600,0
'2026-08-22 08:23:32.924150900,0.058150900,1
'2026-08-22 08:23:32.924151000,0.058151000,0
'2026-08-22 08:23:32.924152100,0.058152100,1
'2026-08-22 08:23:32.924152200,0.058152200,0
'2026-08-22 08:23:32.924155500,0.058155500,1
'2026-08-22 08:23:32.924155600,0.058155600,0
'2026-08-22 08:23:32.924162400,0.058162400,1
'2026-08-22 08:23:32.924176700,0.058176700,0
'2026-08-22 08:23:32.924177700,0.058177700,1
'2026-08-22 08:23:32.924177800,0.058177800,0
'2026-08-22 08:23:32.924179500,0.058179500,1
'2026-08-22 08:23:32.924179600,0.058179600,0
'2026-08-22 08:23:32.924185900,0.058185900,1
'2026-08-22 08:23:32.924186000,0.058186000,0
'2026-08-22 08:23:32.924188500,0.058188500,1
'2026-08-22 08:23:32.924203000,0.058203000,0
'2026-08-22 08:23:32.924213500,0.058213500,1
'2026-08-22 08:23:32.924213600,0.058213600,0
'2026-08-22 08:23:32.924214600,0.058214600,1
'2026-08-22 08:23:32.924229200,0.058229200,0
'2026-08-22 08:23:32.924229700,0.058229700,1
'2026-08-22 08:23:32.924229800,0.058229800,0
'2026-08-22 08:23:32.924231100,0.058231100,1
'2026-08-22 08:23:32.924231200,0.058231200,0
'2026-08-22 08:23:32.924235500,0.058235500,1
'2026-08-22 08:23:32.924235600,0.058235600,0
'2026-08-22 08:23:32.924237900,0.058237900,1
'2026-08-22 08:23:32.924238000,0.058238000,0
'2026-08-22 08:23:32.924239000,0.058239000,1
'2026-08-22 08:23:32.924239100,0.058239100,0
'2026-08-22 08:23:32.924240600,0.058240600,1
'2026-08-22 08:23:32.924255300,0.058255300,0
'2026-08-22 08:23:32.924256500,0.058256500,1
'2026-08-22 08:23:32.924256600,0.058256600,0
'2026-08-22 08:23:32.924258900,0.058258900,1
'2026-08-22 08:23:32.924259000,0.058259000,0
'2026-08-22 08:23:32.924260600,0.058260600,1
'2026-08-22 08:23:32.924260700,0.058260700,0
'2026-08-22 08:23:32.924261200,0.058261200,1
'2026-08-22 08:23:32.924261300,0.058261300,0
'2026-08-22 08:23:32.924261800,0.058261800,1
'2026-08-22 08:23:32.924261900,0.058261900,0
'2026-08-22 08:23:32.924263700,0.058263700,1
'2026-08-22 08:23:32.924263800,0.058263800,0
'2026-08-22 08:23:32.924266500,0.058266500,1
'2026-08-22 08:23:32.924266600,0.058266600,0
'2026-08-22 08:23:32.924266700,0.058266700,1
'2026-08-22 08:23:32.924281200,0.058281200,0
'2026-08-22 08:23:32.924284000,0.058284000,1
'2026-08-22 08:23:32.924284100,0.058284100,0
'2026-08-22 08:23:32.924291600,0.058291600,1
'2026-08-22 08:23:32.924291700,0.058291700,0
'2026-08-22 08:23:32.924292800,0.058292800,1
'2026-08-22 08:23:32.924307200,0.058307200,0
'2026-08-22 08:23:32.924307400,0.058307400,1
'2026-08-22 08:23:32.924307500,0.058307500,0
'2026-08-22 08:23:32.924307900,0.058307900,1
'2026-08-22 08:23:32.924308000,0.058308000,0
'2026-08-22 08:23:32.924308500,0.058308500,1
'2026-08-22 08:23:32.924308600,0.058308600,0
'2026-08-22 08:23:32.924310900,0.058310900,1
'2026-08-22 08:23:32.924311000,0.058311000,0
'2026-08-22 08:23:32.924314400,0.058314400,1
'2026-08-22 08:23:32.924314500,0.058314500,0
'2026-08-22 08:23:32.924315500,0.058315500,1
'2026-08-22 08:23:32.924315600,0.058315600,0
'2026-08-22 08:23:32.924316100,0.058316100,1
'2026-08-22 08:23:32.924316200,0.058316200,0
'2026-08-22 08:23:32.924316600,0.058316600,1
'2026-08-22 08:23:32.924316700,0.058316700,0
'2026-08-22 08:23:32.924317000,0.058317000,1
'2026-08-22 08:23:32.924317100,0.058317100,0
'2026-08-22 08:23:32.924318500,0.058318500,1
'2026-08-22 08:23:32.924318600,0.058318600,0
'2026-08-22 08:23:32.924318800,0.058318800,1
'2026-08-22 08:23:32.924333500,0.058333500,0
'2026-08-22 08:23:32.924334800,0.058334800,1
'2026-08-22 08:23:32.924334900,0.058334900,0
'2026-08-22 08:23:32.924335400,0.058335400,1
'2026-08-22 08:23:32.924335500,0.058335500,0
'2026-08-22 08:23:32.924337700,0.058337700,1
'2026-08-22 08:23:32.924337800,0.058337800,0
'2026-08-22 08:23:32.924338300,0.058338300,1
'2026-08-22 08:23:32.924338400,0.058338400,0
'2026-08-22 08:23:32.924338700,0.058338700,1
'2026-08-22 08:23:32.924338800,0.058338800,0
'2026-08-22 08:23:32.924342400,0.058342400,1
'2026-08-22 08:23:32.924342500,0.058342500,0
'2026-08-22 08:23:32.924343400,0.058343400,1
'2026-08-22 08:23:32.924343500,0.058343500,0
'2026-08-22 08:23:32.924344300,0.058344300,1
'2026-08-22 08:23:32.924344400,0.058344400,0
'2026-08-22 08:23:32.924344900,0.058344900,1
'2026-08-22 08:23:32.924359500,0.058359500,0
'2026-08-22 08:23:32.924359900,0.058359900,1
'2026-08-22 08:23:32.924360000,0.058360000,0
'2026-08-22 08:23:32.924361100,0.058361100,1
'2026-08-22 08:23:32.924361200,0.058361200,0
'2026-08-22 08:23:32.924361700,0.058361700,1
'2026-08-22 08:23:32.924361800,0.058361800,0
'2026-08-22 08:23:32.924361900,0.058361900,1
'2026-08-22 08:23:32.924362000,0.058362000,0
'2026-08-22 08:23:32.924362300,0.058362300,1
'2026-08-22 08:23:32.924362400,0.058362400,0
'2026-08-22 08:23:32.924364000,0.058364000,1
'2026-08-22 08:23:32.924364100,0.058364100,0
'2026-08-22 08:23:32.924364600,0.058364600,1
'2026-08-22 08:23:32.924364700,0.058364700,0
'2026-08-22 08:23:32.924365200,0.058365200,1
'2026-08-22 08:23:32.924365300,0.058365300,0
'2026-08-22 08:23:32.924366400,0.058366400,1
'2026-08-22 08:23:32.924366500,0.058366500,0
'2026-08-22 08:23:32.924367500,0.058367500,1
'2026-08-22 08:23:32.924367600,0.058367600,0
'2026-08-22 08:23:32.924368700,0.058368700,1
'2026-08-22 08:23:32.924368800,0.058368800,0
'2026-08-22 08:23:32.924370200,0.058370200,1
'2026-08-22 08:23:32.924370300,0.058370300,0
'2026-08-22 08:23:32.924371000,0.058371000,1
'2026-08-22 08:23:32.924385400,0.058385400,0
'2026-08-22 08:23:32.924385500,0.058385500,1
'2026-08-22 08:23:32.924385700,0.058385700,0
'2026-08-22 08:23:32.924386200,0.058386200,1
'2026-08-22 08:23:32.924386300,0.058386300,0
'2026-08-22 08:23:32.924388000,0.058388000,1
'2026-08-22 08:23:32.924388100,0.058388100,0
'2026-08-22 08:23:32.924388600,0.058388600,1
'2026-08-22 08:23:32.924388700,0.058388700,0
'2026-08-22 08:23:32.924390300,0.058390300,1
'2026-08-22 08:23:32.924390400,0.058390400,0
'2026-08-22 08:23:32.924390900,0.058390900,1
'2026-08-22 08:23:32.924391000,0.058391000,0
'2026-08-22 08:23:32.924391500,0.058391500,1
'2026-08-22 08:23:32.924391600,0.058391600,0
'2026-08-22 08:23:32.924392100,0.058392100,1
'2026-08-22 08:23:32.924392200,0.058392200,0
'2026-08-22 08:23:32.924392300,0.058392300,1
'2026-08-22 08:23:32.924392400,0.058392400,0
'2026-08-22 08:23:32.924394300,0.058394300,1
'2026-08-22 08:23:32.924394500,0.058394500,0
'2026-08-22 08:23:32.924395100,0.058395100,1
'2026-08-22 08:23:32.924395300,0.058395300,0
'2026-08-22 08:23:32.924395600,0.058395600,1
'2026-08-22 08:23:32.924395700,0.058395700,0
'2026-08-22 08:23:32.924397100,0.058397100,1
'2026-08-22 08:23:32.924411700,0.058411700,0
'2026-08-22 08:23:32.924412500,0.058412500,1
'2026-08-22 08:23:32.924412600,0.058412600,0
'2026-08-22 08:23:32.924413100,0.058413100,1
'2026-08-22 08:23:32.924413200,0.058413200,0
'2026-08-22 08:23:32.924413500,0.058413500,1
'2026-08-22 08:23:32.924413600,0.058413600,0
'2026-08-22 08:23:32.924413700,0.058413700,1
'2026-08-22 08:23:32.924413800,0.058413800,0
'2026-08-22 08:23:32.924414800,0.058414800,1
'2026-08-22 08:23:32.924414900,0.058414900,0
'2026-08-22 08:23:32.924415600,0.058415600,1
'2026-08-22 08:23:32.924415700,0.058415700,0
'2026-08-22 08:23:32.924417400,0.058417400,1
'2026-08-22 08:23:32.925636200,0.059636200,0
'2026-08-22 08:23:32.925636300,0.059636300,1
'2026-08-22 08:23:32.925636400,0.059636400,0
'2026-08-22 08:23:32.925648100,0.059648100,1
'2026-08-22 08:23:32.925662400,0.059662400,0
'2026-08-22 08:23:32.925674200,0.059674200,1
'2026-08-22 08:23:32.925688500,0.059688500,0
'2026-08-22 08:23:32.925700300,0.059700300,1
'2026-08-22 08:23:32.925714600,0.059714600,0
'2026-08-22 08:23:32.925726300,0.059726300,1
'2026-08-22 08:23:32.925740600,0.059740600,0
'2026-08-22 08:23:32.925740900,0.059740900,1
'2026-08-22 08:23:32.925741000,0.059741000,0
'2026-08-22 08:23:32.925752400,0.059752400,1
'2026-08-22 08:23:32.925766700,0.059766700,0
'2026-08-22 08:23:32.925775500,0.059775500,1
'2026-08-22 08:23:32.925775600,0.059775600,0
'2026-08-22 08:23:32.925778500,0.059778500,1
'2026-08-22 08:23:32.925792800,0.059792800,0
'2026-08-22 08:23:32.925792900,0.059792900,1
'2026-08-22 08:23:32.925793000,0.059793000,0
'2026-08-22 08:23:32.925804600,0.059804600,1
'2026-08-22 08:23:32.925819000,0.059819000,0
'2026-08-22 08:23:32.925819200,0.059819200,1
'2026-08-22 08:23:32.925819300,0.059819300,0
'2026-08-22 08:23:32.925828500,0.059828500,1
'2026-08-22 08:23:32.925828600,0.059828600,0
'2026-08-22 08:23:32.925830600,0.059830600,1
'2026-08-22 08:23:32.925845000,0.059845000,0
'2026-08-22 08:23:32.925856700,0.059856700,1
'2026-08-22 08:23:32.925871300,0.059871300,0
'2026-08-22 08:23:32.925871700,0.059871700,1
'2026-08-22 08:23:32.925871800,0.059871800,0
'2026-08-22 08:23:32.925875300,0.059875300,1
'2026-08-22 08:23:32.925875400,0.059875400,0
'2026-08-22 08:23:32.925882800,0.059882800,1
'2026-08-22 08:23:32.925897100,0.059897100,0
'2026-08-22 08:23:32.925897300,0.059897300,1
'2026-08-22 08:23:32.925897500,0.059897500,0
'2026-08-22 08:23:32.925900900,0.059900900,1
'2026-08-22 08:23:32.925901000,0.059901000,0
'2026-08-22 08:23:32.925902100,0.059902100,1
'2026-08-22 08:23:32.925902200,0.059902200,0
'2026-08-22 08:23:32.925908000,0.059908000,1
'2026-08-22 08:23:32.925908100,0.059908100,0
'2026-08-22 08:23:32.925908800,0.059908800,1
'2026-08-22 08:23:32.925923200,0.059923200,0
'2026-08-22 08:23:32.925929500,0.059929500,1
'2026-08-22 08:23:32.925929600,0.059929600,0
'2026-08-22 08:23:32.925930700,0.059930700,1
'2026-08-22 08:23:32.925930800,0.059930800,0
'2026-08-22 08:23:32.925931300,0.059931300,1
'2026-08-22 08:23:32.925931400,0.059931400,0
'2026-08-22 08:23:32.925931900,0.059931900,1
'2026-08-22 08:23:32.925932000,0.059932000,0
'2026-08-22 08:23:32.925934900,0.059934900,1
'2026-08-22 08:23:32.925949500,0.059949500,0
'2026-08-22 08:23:32.925951200,0.059951200,1
'2026-08-22 08:23:32.925951300,0.059951300,0
'2026-08-22 08:23:32.925951700,0.059951700,1
'2026-08-22 08:23:32.925951800,0.059951800,0
'2026-08-22 08:23:32.925961000,0.059961000,1
'2026-08-22 08:23:32.925975500,0.059975500,0
'2026-08-22 08:23:32.925980400,0.059980400,1
'2026-08-22 08:23:32.925980500,0.059980500,0
'2026-08-22 08:23:32.925980900,0.059980900,1
'2026-08-22 08:23:32.925981000,0.059981000,0
'2026-08-22 08:23:32.925981500,0.059981500,1
'2026-08-22 08:23:32.925981600,0.059981600,0
'2026-08-22 08:23:32.925982100,0.059982100,1
'2026-08-22 08:23:32.925982200,0.059982200,0
'2026-08-22 08:23:32.925983300,0.059983300,1
'2026-08-22 08:23:32.925983400,0.059983400,0
'2026-08-22 08:23:32.925983900,0.059983900,1
'2026-08-22 08:23:32.925984000,0.059984000,0
'2026-08-22 08:23:32.925985600,0.059985600,1
'2026-08-22 08:23:32.925985700,0.059985700,0
'2026-08-22 08:23:32.925987100,0.059987100,1
'2026-08-22 08:23:32.926001600,0.060001600,0
'2026-08-22 08:23:32.926001900,0.060001900,1
'2026-08-22 08:23:32.926002100,0.060002100,0
'2026-08-22 08:23:32.926002600,0.060002600,1
'2026-08-22 08:23:32.926002700,0.060002700,0
'2026-08-22 08:23:32.926003100,0.060003100,1
'2026-08-22 08:23:32.926003300,0.060003300,0
'2026-08-22 08:23:32.926003700,0.060003700,1
'2026-08-22 08:23:32.926003800,0.060003800,0
'2026-08-22 08:23:32.926004300,0.060004300,1
'2026-08-22 08:23:32.926004400,0.060004400,0
'2026-08-22 08:23:32.926006700,0.060006700,1
'2026-08-22 08:23:32.926006800,0.060006800,0
'2026-08-22 08:23:32.926007100,0.060007100,1
'2026-08-22 08:23:32.926007200,0.060007200,0
'2026-08-22 08:23:32.926010700,0.060010700,1
'2026-08-22 08:23:32.926010800,0.060010800,0
'2026-08-22 08:23:32.926012500,0.060012500,1
'2026-08-22 08:23:32.926012600,0.060012600,0
'2026-08-22 08:23:32.926013100,0.060013100,1
'2026-08-22 08:23:32.926027500,0.060027500,0
'2026-08-22 08:23:32.926027900,0.060027900,1
'2026-08-22 08:23:32.926028000,0.060028000,0
'2026-08-22 08:23:32.926028900,0.060028900,1
'2026-08-22 08:23:32.926029100,0.060029100,0
'2026-08-22 08:23:32.926031200,0.060031200,1
'2026-08-22 08:23:32.926452400,0.060452400,0
'2026-08-22 08:23:32.926456200,0.060456200,1
'2026-08-22 08:23:32.926470500,0.060470500,0
'2026-08-22 08:23:32.926470600,0.060470600,1
'2026-08-22 08:23:32.926470700,0.060470700,0
'2026-08-22 08:23:32.926482300,0.060482300,1
'2026-08-22 08:23:32.926496800,0.060496800,0
'2026-08-22 08:23:32.926508300,0.060508300,1
'2026-08-22 08:23:32.926522600,0.060522600,0
'2026-08-22 08:23:32.926534400,0.060534400,1
'2026-08-22 08:23:32.926548800,0.060548800,0
'2026-08-22 08:23:32.926549800,0.060549800,1
'2026-08-22 08:23:32.926549900,0.060549900,0
'2026-08-22 08:23:32.926560500,0.060560500,1
'2026-08-22 08:23:32.926574800,0.060574800,0
'2026-08-22 08:23:32.926574900,0.060574900,1
'2026-08-22 08:23:32.926575000,0.060575000,0
'2026-08-22 08:23:32.926586600,0.060586600,1
'2026-08-22 08:23:32.926600800,0.060600800,0
'2026-08-22 08:23:32.926603500,0.060603500,1
'2026-08-22 08:23:32.926603600,0.060603600,0
'2026-08-22 08:23:32.926603700,0.060603700,1
'2026-08-22 08:23:32.926603800,0.060603800,0
'2026-08-22 08:23:32.926607600,0.060607600,1
'2026-08-22 08:23:32.926607700,0.060607700,0
'2026-08-22 08:23:32.926612600,0.060612600,1
'2026-08-22 08:23:32.926627100,0.060627100,0
'2026-08-22 08:23:32.926627200,0.060627200,1
'2026-08-22 08:23:32.926627400,0.060627400,0
'2026-08-22 08:23:32.926629500,0.060629500,1
'2026-08-22 08:23:32.926629600,0.060629600,0
'2026-08-22 08:23:32.926630400,0.060630400,1
'2026-08-22 08:23:32.926630500,0.060630500,0
'2026-08-22 08:23:32.926638700,0.060638700,1
'2026-08-22 08:23:32.926653000,0.060653000,0
'2026-08-22 08:23:32.926653100,0.060653100,1
'2026-08-22 08:23:32.926653300,0.060653300,0
'2026-08-22 08:23:32.926656700,0.060656700,1
'2026-08-22 08:23:32.926656800,0.060656800,0
'2026-08-22 08:23:32.926657800,0.060657800,1
'2026-08-22 08:23:32.926657900,0.060657900,0
'2026-08-22 08:23:32.926659000,0.060659000,1
'2026-08-22 08:23:32.926659100,0.060659100,0
'2026-08-22 08:23:32.926663700,0.060663700,1
'2026-08-22 08:23:32.926663800,0.060663800,0
'2026-08-22 08:23:32.926664800,0.060664800,1
'2026-08-22 08:23:32.926679200,0.060679200,0
'2026-08-22 08:23:32.926686300,0.060686300,1
'2026-08-22 08:23:32.926686400,0.060686400,0
'2026-08-22 08:23:32.926686500,0.060686500,1
'2026-08-22 08:23:32.926686600,0.060686600,0
'2026-08-22 08:23:32.926688500,0.060688500,1
'2026-08-22 08:23:32.926688600,0.060688600,0
'2026-08-22 08:23:32.926690900,0.060690900,1
'2026-08-22 08:23:32.926705400,0.060705400,0
'2026-08-22 08:23:32.926705700,0.060705700,1
'2026-08-22 08:23:32.926705800,0.060705800,0
'2026-08-22 08:23:32.926706300,0.060706300,1
'2026-08-22 08:23:32.926706400,0.060706400,0
'2026-08-22 08:23:32.926706700,0.060706700,1
'2026-08-22 08:23:32.926706800,0.060706800,0
'2026-08-22 08:23:32.926706900,0.060706900,1
'2026-08-22 08:23:32.926707000,0.060707000,0
'2026-08-22 08:23:32.926708100,0.060708100,1
'2026-08-22 08:23:32.926708200,0.060708200,0
'2026-08-22 08:23:32.926708600,0.060708600,1
'2026-08-22 08:23:32.926708700,0.060708700,0
'2026-08-22 08:23:32.926714500,0.060714500,1
'2026-08-22 08:23:32.926714600,0.060714600,0
'2026-08-22 08:23:32.926716900,0.060716900,1
'2026-08-22 08:23:32.926731200,0.060731200,0
'2026-08-22 08:23:32.926731300,0.060731300,1
'2026-08-22 08:23:32.926731400,0.060731400,0
'2026-08-22 08:23:32.926731800,0.060731800,1
'2026-08-22 08:23:32.926731900,0.060731900,0
'2026-08-22 08:23:32.926734300,0.060734300,1
'2026-08-22 08:23:32.926734400,0.060734400,0
'2026-08-22 08:23:32.926737300,0.060737300,1
'2026-08-22 08:23:32.926737400,0.060737400,0
'2026-08-22 08:23:32.926738400,0.060738400,1
'2026-08-22 08:23:32.926738500,0.060738500,0
'2026-08-22 08:23:32.926743000,0.060743000,1
'2026-08-22 08:23:32.926757800,0.060757800,0
'2026-08-22 08:23:32.926757900,0.060757900,1
'2026-08-22 08:23:32.926758000,0.060758000,0
'2026-08-22 08:23:32.926758100,0.060758100,1
'2026-08-22 08:23:32.926758200,0.060758200,0
'2026-08-22 08:23:32.926758300,0.060758300,1
'2026-08-22 08:23:32.926758400,0.060758400,0
'2026-08-22 08:23:32.926760100,0.060760100,1
'2026-08-22 08:23:32.926760200,0.060760200,0
'2026-08-22 08:23:32.926763600,0.060763600,1
'2026-08-22 08:23:32.926763700,0.060763700,0
'2026-08-22 08:23:32.926765100,0.060765100,1
'2026-08-22 08:23:32.926765200,0.060765200,0
'2026-08-22 08:23:32.926767600,0.060767600,1
'2026-08-22 08:23:32.926767800,0.060767800,0
'2026-08-22 08:23:32.926768800,0.060768800,1
'2026-08-22 08:23:32.926768900,0.060768900,0
'2026-08-22 08:23:32.926769100,0.060769100,1
'2026-08-22 08:23:32.926783500,0.060783500,0
'2026-08-22 08:23:32.926784000,0.060784000,1
'2026-08-22 08:23:32.926784100,0.060784100,0
'2026-08-22 08:23:32.926785200,0.060785200,1
'2026-08-22 08:23:32.926785300,0.060785300,0
'2026-08-22 08:23:32.926786200,0.060786200,1
'2026-08-22 08:23:32.926786400,0.060786400,0
'2026-08-22 08:23:32.926787500,0.060787500,1
'2026-08-22 08:23:32.926787600,0.060787600,0
'2026-08-22 08:23:32.926788100,0.060788100,1
'2026-08-22 08:23:32.926788200,0.060788200,0
'2026-08-22 08:23:32.926788700,0.060788700,1
'2026-08-22 08:23:32.926788800,0.060788800,0
'2026-08-22 08:23:32.926789900,0.060789900,1
'2026-08-22 08:23:32.926790000,0.060790000,0
'2026-08-22 08:23:32.926790400,0.060790400,1
'2026-08-22 08:23:32.926790500,0.060790500,0
'2026-08-22 08:23:32.926791500,0.060791500,1
'2026-08-22 08:23:32.926791600,0.060791600,0
'2026-08-22 08:23:32.926793900,0.060793900,1
'2026-08-22 08:23:32.926794000,0.060794000,0
'2026-08-22 08:23:32.926795100,0.060795100,1
'2026-08-22 08:23:32.926810100,0.060810100,0
'2026-08-22 08:23:32.926810300,0.060810300,1
'2026-08-22 08:23:32.926810400,0.060810400,0
'2026-08-22 08:23:32.926814400,0.060814400,1
'2026-08-22 08:23:32.926814500,0.060814500,0
'2026-08-22 08:23:32.926815500,0.060815500,1
'2026-08-22 08:23:32.926815700,0.060815700,0
'2026-08-22 08:23:32.926816500,0.060816500,1
'2026-08-22 08:23:32.926816600,0.060816600,0
'2026-08-22 08:23:32.926817300,0.060817300,1
'2026-08-22 08:23:32.926817400,0.060817400,0
'2026-08-22 08:23:32.926817500,0.060817500,1
'2026-08-22 08:23:32.926817600,0.060817600,0
'2026-08-22 08:23:32.926817900,0.060817900,1
'2026-08-22 08:23:32.926818100,0.060818100,0
'2026-08-22 08:23:32.926818500,0.060818500,1
'2026-08-22 08:23:32.926818600,0.060818600,0
'2026-08-22 08:23:32.926818900,0.060818900,1
'2026-08-22 08:23:32.926819200,0.060819200,0
'2026-08-22 08:23:32.926819500,0.060819500,1
'2026-08-22 08:23:32.926819800,0.060819800,0
'2026-08-22 08:23:32.926819900,0.060819900,1
'2026-08-22 08:23:32.926820000,0.060820000,0
'2026-08-22 08:23:32.926821200,0.060821200,1
'2026-08-22 08:23:32.926835800,0.060835800,0
'2026-08-22 08:23:32.926835900,0.060835900,1
'2026-08-22 08:23:32.926836100,0.060836100,0
'2026-08-22 08:23:32.926836700,0.060836700,1
'2026-08-22 08:23:32.926836800,0.060836800,0
'2026-08-22 08:23:32.926837100,0.060837100,1
'2026-08-22 08:23:32.926837400,0.060837400,0
'2026-08-22 08:23:32.926837700,0.060837700,1
'2026-08-22 08:23:32.926838000,0.060838000,0
'2026-08-22 08:23:32.926838300,0.060838300,1
'2026-08-22 08:23:32.926838500,0.060838500,0
'2026-08-22 08:23:32.926838900,0.060838900,1
'2026-08-22 08:23:32.926839000,0.060839000,0
'2026-08-22 08:23:32.926839300,0.060839300,1
'2026-08-22 08:23:32.926839400,0.060839400,0
'2026-08-22 08:23:32.926839500,0.060839500,1
'2026-08-22 08:23:32.926839700,0.060839700,0
'2026-08-22 08:23:32.926840100,0.060840100,1
'2026-08-22 08:23:32.926840200,0.060840200,0
'2026-08-22 08:23:32.926840700,0.060840700,1
'2026-08-22 08:23:32.926840800,0.060840800,0
'2026-08-22 08:23:32.926841200,0.060841200,1
'2026-08-22 08:23:32.926841300,0.060841300,0
'2026-08-22 08:23:32.926845900,0.060845900,1
'2026-08-22 08:23:32.926846000,0.060846000,0
'2026-08-22 08:23:32.926847100,0.060847100,1
'2026-08-22 08:23:32.926847200,0.060847200,0
'2026-08-22 08:23:32.926847300,0.060847300,1
'2026-08-22 08:23:32.927278500,0.061278500,0
'2026-08-22 08:23:32.927290400,0.061290400,1
'2026-08-22 08:23:32.927304700,0.061304700,0
'2026-08-22 08:23:32.927316500,0.061316500,1
'2026-08-22 08:23:32.927330800,0.061330800,0
'2026-08-22 08:23:32.927340100,0.061340100,1
'2026-08-22 08:23:32.927340200,0.061340200,0
'2026-08-22 08:23:32.927342200,0.061342200,1
'2026-08-22 08:23:32.927342300,0.061342300,0
'2026-08-22 08:23:32.927342500,0.061342500,1
'2026-08-22 08:23:32.927356900,0.061356900,0
'2026-08-22 08:23:32.927357200,0.061357200,1
'2026-08-22 08:23:32.927357300,0.061357300,0
'2026-08-22 08:23:32.927368600,0.061368600,1
'2026-08-22 08:23:32.927383000,0.061383000,0
'2026-08-22 08:23:32.927383300,0.061383300,1
'2026-08-22 08:23:32.927383400,0.061383400,0
'2026-08-22 08:23:32.927390900,0.061390900,1
'2026-08-22 08:23:32.927391000,0.061391000,0
'2026-08-22 08:23:32.927392200,0.061392200,1
'2026-08-22 08:23:32.927392300,0.061392300,0
'2026-08-22 08:23:32.927394700,0.061394700,1
'2026-08-22 08:23:32.927409100,0.061409100,0
'2026-08-22 08:23:32.927411300,0.061411300,1
'2026-08-22 08:23:32.927411500,0.061411500,0
'2026-08-22 08:23:32.927411800,0.061411800,1
'2026-08-22 08:23:32.927411900,0.061411900,0
'2026-08-22 08:23:32.927420800,0.061420800,1
'2026-08-22 08:23:32.927435100,0.061435100,0
'2026-08-22 08:23:32.927446800,0.061446800,1
'2026-08-22 08:23:32.927461200,0.061461200,0
'2026-08-22 08:23:32.927461500,0.061461500,1
'2026-08-22 08:23:32.927461700,0.061461700,0
'2026-08-22 08:23:32.927462200,0.061462200,1
'2026-08-22 08:23:32.927462300,0.061462300,0
'2026-08-22 08:23:32.927462700,0.061462700,1
'2026-08-22 08:23:32.927462800,0.061462800,0
'2026-08-22 08:23:32.927463300,0.061463300,1
'2026-08-22 08:23:32.927463400,0.061463400,0
'2026-08-22 08:23:32.927470900,0.061470900,1
'2026-08-22 08:23:32.927471000,0.061471000,0
'2026-08-22 08:23:32.927472900,0.061472900,1
'2026-08-22 08:23:32.927487100,0.061487100,0
'2026-08-22 08:23:32.927487200,0.061487200,1
'2026-08-22 08:23:32.927487400,0.061487400,0
'2026-08-22 08:23:32.927491300,0.061491300,1
'2026-08-22 08:23:32.927491400,0.061491400,0
'2026-08-22 08:23:32.927492500,0.061492500,1
'2026-08-22 08:23:32.927492600,0.061492600,0
'2026-08-22 08:23:32.927495900,0.061495900,1
'2026-08-22 08:23:32.927496000,0.061496000,0
'2026-08-22 08:23:32.927499000,0.061499000,1
'2026-08-22 08:23:32.927513400,0.061513400,0
'2026-08-22 08:23:32.927513500,0.061513500,1
'2026-08-22 08:23:32.927513600,0.061513600,0
'2026-08-22 08:23:32.927518200,0.061518200,1
'2026-08-22 08:23:32.927518300,0.061518300,0
'2026-08-22 08:23:32.927520100,0.061520100,1
'2026-08-22 08:23:32.927520200,0.061520200,0
'2026-08-22 08:23:32.927521100,0.061521100,1
'2026-08-22 08:23:32.927521200,0.061521200,0
'2026-08-22 08:23:32.927521600,0.061521600,1
'2026-08-22 08:23:32.927521800,0.061521800,0
'2026-08-22 08:23:32.927522300,0.061522300,1
'2026-08-22 08:23:32.927522500,0.061522500,0
'2026-08-22 08:23:32.927524000,0.061524000,1
'2026-08-22 08:23:32.927524100,0.061524100,0
'2026-08-22 08:23:32.927525100,0.061525100,1
'2026-08-22 08:23:32.927539400,0.061539400,0
'2026-08-22 08:23:32.927539800,0.061539800,1
'2026-08-22 08:23:32.927539900,0.061539900,0
'2026-08-22 08:23:32.927540300,0.061540300,1
'2026-08-22 08:23:32.927540500,0.061540500,0
'2026-08-22 08:23:32.927541000,0.061541000,1
'2026-08-22 08:23:32.927541100,0.061541100,0
'2026-08-22 08:23:32.927541500,0.061541500,1
'2026-08-22 08:23:32.927541600,0.061541600,0
'2026-08-22 08:23:32.927544500,0.061544500,1
'2026-08-22 08:23:32.927544600,0.061544600,0
'2026-08-22 08:23:32.927545100,0.061545100,1
'2026-08-22 08:23:32.927545200,0.061545200,0
'2026-08-22 08:23:32.927546800,0.061546800,1
'2026-08-22 08:23:32.927546900,0.061546900,0
'2026-08-22 08:23:32.927549700,0.061549700,1
'2026-08-22 08:23:32.927549800,0.061549800,0
'2026-08-22 08:23:32.927551100,0.061551100,1
'2026-08-22 08:23:32.927565600,0.061565600,0
'2026-08-22 08:23:32.927567900,0.061567900,1
'2026-08-22 08:23:32.927568000,0.061568000,0
'2026-08-22 08:23:32.927570100,0.061570100,1
'2026-08-22 08:23:32.927570300,0.061570300,0
'2026-08-22 08:23:32.927570800,0.061570800,1
'2026-08-22 08:23:32.927570900,0.061570900,0
'2026-08-22 08:23:32.927571300,0.061571300,1
'2026-08-22 08:23:32.927571400,0.061571400,0
'2026-08-22 08:23:32.927571500,0.061571500,1
'2026-08-22 08:23:32.927571600,0.061571600,0
'2026-08-22 08:23:32.927571900,0.061571900,1
'2026-08-22 08:23:32.927572000,0.061572000,0
'2026-08-22 08:23:32.927577200,0.061577200,1
'2026-08-22 08:23:32.927592100,0.061592100,0
'2026-08-22 08:23:32.927593000,0.061593000,1
'2026-08-22 08:23:32.927593100,0.061593100,0
'2026-08-22 08:23:32.927600500,0.061600500,1
'2026-08-22 08:23:32.927600600,0.061600600,0
'2026-08-22 08:23:32.927601100,0.061601100,1
'2026-08-22 08:23:32.927601200,0.061601200,0
'2026-08-22 08:23:32.927601700,0.061601700,1
'2026-08-22 08:23:32.927601900,0.061601900,0
'2026-08-22 08:23:32.927602200,0.061602200,1
'2026-08-22 08:23:32.927602500,0.061602500,0
'2026-08-22 08:23:32.927603300,0.061603300,1
'2026-08-22 08:23:32.927617900,0.061617900,0
'2026-08-22 08:23:32.927618100,0.061618100,1
'2026-08-22 08:23:32.927618200,0.061618200,0
'2026-08-22 08:23:32.927618300,0.061618300,1
'2026-08-22 08:23:32.927618400,0.061618400,0
'2026-08-22 08:23:32.927618700,0.061618700,1
'2026-08-22 08:23:32.927618800,0.061618800,0
'2026-08-22 08:23:32.927619200,0.061619200,1
'2026-08-22 08:23:32.927619300,0.061619300,0
'2026-08-22 08:23:32.927620100,0.061620100,1
'2026-08-22 08:23:32.927620200,0.061620200,0
'2026-08-22 08:23:32.927620300,0.061620300,1
'2026-08-22 08:23:32.927620600,0.061620600,0
'2026-08-22 08:23:32.927621500,0.061621500,1
'2026-08-22 08:23:32.927621700,0.061621700,0
'2026-08-22 08:23:32.927622200,0.061622200,1
'2026-08-22 08:23:32.927622300,0.061622300,0
'2026-08-22 08:23:32.927622700,0.061622700,1
'2026-08-22 08:23:32.927622900,0.061622900,0
'2026-08-22 08:23:32.927623300,0.061623300,1
'2026-08-22 08:23:32.927623400,0.061623400,0
'2026-08-22 08:23:32.927623900,0.061623900,1
'2026-08-22 08:23:32.927624000,0.061624000,0
'2026-08-22 08:23:32.927629200,0.061629200,1
'2026-08-22 08:23:32.927629300,0.061629300,0
'2026-08-22 08:23:32.927629400,0.061629400,1
'2026-08-22 08:23:32.927644000,0.061644000,0
'2026-08-22 08:23:32.927644400,0.061644400,1
'2026-08-22 08:23:32.927644500,0.061644500,0
'2026-08-22 08:23:32.927645100,0.061645100,1
'2026-08-22 08:23:32.927645200,0.061645200,0
'2026-08-22 08:23:32.927645500,0.061645500,1
'2026-08-22 08:23:32.927645600,0.061645600,0
'2026-08-22 08:23:32.927646700,0.061646700,1
'2026-08-22 08:23:32.927646800,0.061646800,0
'2026-08-22 08:23:32.927647900,0.061647900,1
'2026-08-22 08:23:32.927648000,0.061648000,0
'2026-08-22 08:23:32.927650300,0.061650300,1
'2026-08-22 08:23:32.927650400,0.061650400,0
'2026-08-22 08:23:32.927650500,0.061650500,1
'2026-08-22 08:23:32.927650600,0.061650600,0
'2026-08-22 08:23:32.927650700,0.061650700,1
'2026-08-22 08:23:32.927650800,0.061650800,0
'2026-08-22 08:23:32.927650900,0.061650900,1
'2026-08-22 08:23:32.927651000,0.061651000,0
'2026-08-22 08:23:32.927651400,0.061651400,1
'2026-08-22 08:23:32.927651500,0.061651500,0
'2026-08-22 08:23:32.927651900,0.061651900,1
'2026-08-22 08:23:32.927652100,0.061652100,0
'2026-08-22 08:23:32.927652500,0.061652500,1
'2026-08-22 08:23:32.927652700,0.061652700,0
'2026-08-22 08:23:32.927653100,0.061653100,1
'2026-08-22 08:23:32.927653200,0.061653200,0
'2026-08-22 08:23:32.927654900,0.061654900,1
'2026-08-22 08:23:32.927655000,0.061655000,0
'2026-08-22 08:23:32.927655400,0.061655400,1
'2026-08-22 08:23:32.927670000,0.061670000,0
'2026-08-22 08:23:32.927670100,0.061670100,1
'2026-08-22 08:23:32.927670200,0.061670200,0
'2026-08-22 08:23:32.927670500,0.061670500,1
'2026-08-22 08:23:32.927670800,0.061670800,0
'2026-08-22 08:23:32.927671400,0.061671400,1
'2026-08-22 08:23:32.927671500,0.061671500,0
'2026-08-22 08:23:32.927671700,0.061671700,1
'2026-08-22 08:23:32.927672000,0.061672000,0
'2026-08-22 08:23:32.927672300,0.061672300,1
'2026-08-22 08:23:32.927672600,0.061672600,0
'2026-08-22 08:23:32.927672700,0.061672700,1
'2026-08-22 08:23:32.927673100,0.061673100,0
'2026-08-22 08:23:32.927673300,0.061673300,1
'2026-08-22 08:23:32.927673400,0.061673400,0
'2026-08-22 08:23:32.927673600,0.061673600,1
'2026-08-22 08:23:32.927673700,0.061673700,0
'2026-08-22 08:23:32.927674100,0.061674100,1
'2026-08-22 08:23:32.927674200,0.061674200,0
'2026-08-22 08:23:32.927674700,0.061674700,1
'2026-08-22 08:23:32.927674800,0.061674800,0
'2026-08-22 08:23:32.927674900,0.061674900,1
'2026-08-22 08:23:32.927675000,0.061675000,0
'2026-08-22 08:23:32.927675900,0.061675900,1
'2026-08-22 08:23:32.927676000,0.061676000,0
'2026-08-22 08:23:32.927677300,0.061677300,1
'2026-08-22 08:23:32.928112900,0.062112900,0
'2026-08-22 08:23:32.928124600,0.062124600,1
'2026-08-22 08:23:32.928138900,0.062138900,0
'2026-08-22 08:23:32.928150600,0.062150600,1
'2026-08-22 08:23:32.928164900,0.062164900,0
'2026-08-22 08:23:32.928175900,0.062175900,1
'2026-08-22 08:23:32.928176000,0.062176000,0
'2026-08-22 08:23:32.928176700,0.062176700,1
'2026-08-22 08:23:32.928191200,0.062191200,0
'2026-08-22 08:23:32.928202800,0.062202800,1
'2026-08-22 08:23:32.928217200,0.062217200,0
'2026-08-22 08:23:32.928228900,0.062228900,1
'2026-08-22 08:23:32.928243200,0.062243200,0
'2026-08-22 08:23:32.928254900,0.062254900,1
'2026-08-22 08:23:32.928269400,0.062269400,0
'2026-08-22 08:23:32.928270500,0.062270500,1
'2026-08-22 08:23:32.928270600,0.062270600,0
'2026-08-22 08:23:32.928281000,0.062281000,1
'2026-08-22 08:23:32.928295400,0.062295400,0
'2026-08-22 08:23:32.928295600,0.062295600,1
'2026-08-22 08:23:32.928295700,0.062295700,0
'2026-08-22 08:23:32.928297400,0.062297400,1
'2026-08-22 08:23:32.928297500,0.062297500,0
'2026-08-22 08:23:32.928306200,0.062306200,1
'2026-08-22 08:23:32.928306300,0.062306300,0
'2026-08-22 08:23:32.928307100,0.062307100,1
'2026-08-22 08:23:32.928321500,0.062321500,0
'2026-08-22 08:23:32.928322500,0.062322500,1
'2026-08-22 08:23:32.928322600,0.062322600,0
'2026-08-22 08:23:32.928327200,0.062327200,1
'2026-08-22 08:23:32.928327300,0.062327300,0
'2026-08-22 08:23:32.928327800,0.062327800,1
'2026-08-22 08:23:32.928327900,0.062327900,0
'2026-08-22 08:23:32.928330100,0.062330100,1
'2026-08-22 08:23:32.928330200,0.062330200,0
'2026-08-22 08:23:32.928331300,0.062331300,1
'2026-08-22 08:23:32.928331400,0.062331400,0
'2026-08-22 08:23:32.928332300,0.062332300,1
'2026-08-22 08:23:32.928332400,0.062332400,0
'2026-08-22 08:23:32.928333200,0.062333200,1
'2026-08-22 08:23:32.928347900,0.062347900,0
'2026-08-22 08:23:32.928350600,0.062350600,1
'2026-08-22 08:23:32.928350700,0.062350700,0
'2026-08-22 08:23:32.928359200,0.062359200,1
'2026-08-22 08:23:32.928373600,0.062373600,0
'2026-08-22 08:23:32.928374500,0.062374500,1
'2026-08-22 08:23:32.928374600,0.062374600,0
'2026-08-22 08:23:32.928375700,0.062375700,1
'2026-08-22 08:23:32.928375800,0.062375800,0
'2026-08-22 08:23:32.928376900,0.062376900,1
'2026-08-22 08:23:32.928377000,0.062377000,0
'2026-08-22 08:23:32.928377500,0.062377500,1
'2026-08-22 08:23:32.928377600,0.062377600,0
'2026-08-22 08:23:32.928377900,0.062377900,1
'2026-08-22 08:23:32.928378100,0.062378100,0
'2026-08-22 08:23:32.928378400,0.062378400,1
'2026-08-22 08:23:32.928378500,0.062378500,0
'2026-08-22 08:23:32.928380900,0.062380900,1
'2026-08-22 08:23:32.928381000,0.062381000,0
'2026-08-22 08:23:32.928382100,0.062382100,1
'2026-08-22 08:23:32.928382200,0.062382200,0
'2026-08-22 08:23:32.928385300,0.062385300,1
'2026-08-22 08:23:32.928399800,0.062399800,0
'2026-08-22 08:23:32.928400100,0.062400100,1
'2026-08-22 08:23:32.928400200,0.062400200,0
'2026-08-22 08:23:32.928400900,0.062400900,1
'2026-08-22 08:23:32.928401000,0.062401000,0
'2026-08-22 08:23:32.928401400,0.062401400,1
'2026-08-22 08:23:32.928401500,0.062401500,0
'2026-08-22 08:23:32.928403200,0.062403200,1
'2026-08-22 08:23:32.928403300,0.062403300,0
'2026-08-22 08:23:32.928406100,0.062406100,1
'2026-08-22 08:23:32.928406200,0.062406200,0
'2026-08-22 08:23:32.928407200,0.062407200,1
'2026-08-22 08:23:32.928407300,0.062407300,0
'2026-08-22 08:23:32.928408400,0.062408400,1
'2026-08-22 08:23:32.928408500,0.062408500,0
'2026-08-22 08:23:32.928411300,0.062411300,1
'2026-08-22 08:23:32.928425800,0.062425800,0
'2026-08-22 08:23:32.928426000,0.062426000,1
'2026-08-22 08:23:32.928426100,0.062426100,0
'2026-08-22 08:23:32.928426500,0.062426500,1
'2026-08-22 08:23:32.928426600,0.062426600,0
'2026-08-22 08:23:32.928427100,0.062427100,1
'2026-08-22 08:23:32.928427200,0.062427200,0
'2026-08-22 08:23:32.928427700,0.062427700,1
'2026-08-22 08:23:32.928427800,0.062427800,0
'2026-08-22 08:23:32.928428300,0.062428300,1
'2026-08-22 08:23:32.928428400,0.062428400,0
'2026-08-22 08:23:32.928428800,0.062428800,1
'2026-08-22 08:23:32.928429000,0.062429000,0
'2026-08-22 08:23:32.928430000,0.062430000,1
'2026-08-22 08:23:32.928430100,0.062430100,0
'2026-08-22 08:23:32.928431200,0.062431200,1
'2026-08-22 08:23:32.928431300,0.062431300,0
'2026-08-22 08:23:32.928435900,0.062435900,1
'2026-08-22 08:23:32.928436000,0.062436000,0
'2026-08-22 08:23:32.928436400,0.062436400,1
'2026-08-22 08:23:32.928436600,0.062436600,0
'2026-08-22 08:23:32.928437400,0.062437400,1
'2026-08-22 08:23:32.928452100,0.062452100,0
'2026-08-22 08:23:32.928452800,0.062452800,1
'2026-08-22 08:23:32.928452900,0.062452900,0
'2026-08-22 08:23:32.928454000,0.062454000,1
'2026-08-22 08:23:32.928454100,0.062454100,0
'2026-08-22 08:23:32.928455200,0.062455200,1
'2026-08-22 08:23:32.928455300,0.062455300,0
'2026-08-22 08:23:32.928457500,0.062457500,1
'2026-08-22 08:23:32.928457600,0.062457600,0
'2026-08-22 08:23:32.928458700,0.062458700,1
'2026-08-22 08:23:32.928458800,0.062458800,0
'2026-08-22 08:23:32.928459100,0.062459100,1
'2026-08-22 08:23:32.928459200,0.062459200,0
'2026-08-22 08:23:32.928461000,0.062461000,1
'2026-08-22 08:23:32.928461100,0.062461100,0
'2026-08-22 08:23:32.928462100,0.062462100,1
'2026-08-22 08:23:32.928462200,0.062462200,0
'2026-08-22 08:23:32.928463500,0.062463500,1
'2026-08-22 08:23:32.928478400,0.062478400,0
'2026-08-22 08:23:32.928479700,0.062479700,1
'2026-08-22 08:23:32.928479800,0.062479800,0
'2026-08-22 08:23:32.928480200,0.062480200,1
'2026-08-22 08:23:32.928480400,0.062480400,0
'2026-08-22 08:23:32.928483800,0.062483800,1
'2026-08-22 08:23:32.928483900,0.062483900,0
'2026-08-22 08:23:32.928485500,0.062485500,1
'2026-08-22 08:23:32.928485600,0.062485600,0
'2026-08-22 08:23:32.928486300,0.062486300,1
'2026-08-22 08:23:32.928486400,0.062486400,0
'2026-08-22 08:23:32.928487300,0.062487300,1
'2026-08-22 08:23:32.928487400,0.062487400,0
'2026-08-22 08:23:32.928487800,0.062487800,1
'2026-08-22 08:23:32.928488000,0.062488000,0
'2026-08-22 08:23:32.928489100,0.062489100,1
'2026-08-22 08:23:32.928489200,0.062489200,0
'2026-08-22 08:23:32.928489600,0.062489600,1
'2026-08-22 08:23:32.928504300,0.062504300,0
'2026-08-22 08:23:32.928505900,0.062505900,1
'2026-08-22 08:23:32.928506100,0.062506100,0
'2026-08-22 08:23:32.928506500,0.062506500,1
'2026-08-22 08:23:32.928506600,0.062506600,0
'2026-08-22 08:23:32.928506800,0.062506800,1
'2026-08-22 08:23:32.928507000,0.062507000,0
'2026-08-22 08:23:32.928507100,0.062507100,1
'2026-08-22 08:23:32.928507200,0.062507200,0
'2026-08-22 08:23:32.928507900,0.062507900,1
'2026-08-22 08:23:32.928921600,0.062921600,0
'2026-08-22 08:23:32.928932700,0.062932700,1
'2026-08-22 08:23:32.928946900,0.062946900,0
'2026-08-22 08:23:32.928947000,0.062947000,1
'2026-08-22 08:23:32.928947100,0.062947100,0
'2026-08-22 08:23:32.928958700,0.062958700,1
'2026-08-22 08:23:32.928973000,0.062973000,0
'2026-08-22 08:23:32.928973300,0.062973300,1
'2026-08-22 08:23:32.928973400,0.062973400,0
'2026-08-22 08:23:32.928984800,0.062984800,1
'2026-08-22 08:23:32.928999200,0.062999200,0
'2026-08-22 08:23:32.929010900,0.063010900,1
'2026-08-22 08:23:32.929025200,0.063025200,0
'2026-08-22 08:23:32.929037000,0.063037000,1
'2026-08-22 08:23:32.929051300,0.063051300,0
'2026-08-22 08:23:32.929051500,0.063051500,1
'2026-08-22 08:23:32.929051700,0.063051700,0
'2026-08-22 08:23:32.929053900,0.063053900,1
'2026-08-22 08:23:32.929054000,0.063054000,0
'2026-08-22 08:23:32.929063000,0.063063000,1
'2026-08-22 08:23:32.929077500,0.063077500,0
'2026-08-22 08:23:32.929087400,0.063087400,1
'2026-08-22 08:23:32.929087500,0.063087500,0
'2026-08-22 08:23:32.929089100,0.063089100,1
'2026-08-22 08:23:32.929103600,0.063103600,0
'2026-08-22 08:23:32.929115200,0.063115200,1
'2026-08-22 08:23:32.929129600,0.063129600,0
'2026-08-22 08:23:32.929129700,0.063129700,1
'2026-08-22 08:23:32.929129900,0.063129900,0
'2026-08-22 08:23:32.929132100,0.063132100,1
'2026-08-22 08:23:32.929132200,0.063132200,0
'2026-08-22 08:23:32.929132700,0.063132700,1
'2026-08-22 08:23:32.929132800,0.063132800,0
'2026-08-22 08:23:32.929137600,0.063137600,1
'2026-08-22 08:23:32.929137700,0.063137700,0
'2026-08-22 08:23:32.929137900,0.063137900,1
'2026-08-22 08:23:32.929138000,0.063138000,0
'2026-08-22 08:23:32.929140200,0.063140200,1
'2026-08-22 08:23:32.929140400,0.063140400,0
'2026-08-22 08:23:32.929141300,0.063141300,1
'2026-08-22 08:23:32.929155800,0.063155800,0
'2026-08-22 08:23:32.929160200,0.063160200,1
'2026-08-22 08:23:32.929160300,0.063160300,0
'2026-08-22 08:23:32.929160700,0.063160700,1
'2026-08-22 08:23:32.929160800,0.063160800,0
'2026-08-22 08:23:32.929161300,0.063161300,1
'2026-08-22 08:23:32.929161400,0.063161400,0
'2026-08-22 08:23:32.929167300,0.063167300,1
'2026-08-22 08:23:32.929181800,0.063181800,0
'2026-08-22 08:23:32.929182900,0.063182900,1
'2026-08-22 08:23:32.929183000,0.063183000,0
'2026-08-22 08:23:32.929184600,0.063184600,1
'2026-08-22 08:23:32.929184700,0.063184700,0
'2026-08-22 08:23:32.929187800,0.063187800,1
'2026-08-22 08:23:32.929187900,0.063187900,0
'2026-08-22 08:23:32.929189200,0.063189200,1
'2026-08-22 08:23:32.929189400,0.063189400,0
'2026-08-22 08:23:32.929190500,0.063190500,1
'2026-08-22 08:23:32.929190600,0.063190600,0
'2026-08-22 08:23:32.929192300,0.063192300,1
'2026-08-22 08:23:32.929192400,0.063192400,0
'2026-08-22 08:23:32.929192500,0.063192500,1
'2026-08-22 08:23:32.929192600,0.063192600,0
'2026-08-22 08:23:32.929193400,0.063193400,1
'2026-08-22 08:23:32.929208000,0.063208000,0
'2026-08-22 08:23:32.929208500,0.063208500,1
'2026-08-22 08:23:32.929208600,0.063208600,0
'2026-08-22 08:23:32.929209700,0.063209700,1
'2026-08-22 08:23:32.929209900,0.063209900,0
'2026-08-22 08:23:32.929210300,0.063210300,1
'2026-08-22 08:23:32.929210400,0.063210400,0
'2026-08-22 08:23:32.929211500,0.063211500,1
'2026-08-22 08:23:32.929211600,0.063211600,0
'2026-08-22 08:23:32.929212000,0.063212000,1
'2026-08-22 08:23:32.929212300,0.063212300,0
'2026-08-22 08:23:32.929213300,0.063213300,1
'2026-08-22 08:23:32.929213400,0.063213400,0
'2026-08-22 08:23:32.929213900,0.063213900,1
'2026-08-22 08:23:32.929214000,0.063214000,0
'2026-08-22 08:23:32.929218500,0.063218500,1
'2026-08-22 08:23:32.929218600,0.063218600,0
'2026-08-22 08:23:32.929219500,0.063219500,1
'2026-08-22 08:23:32.929234000,0.063234000,0
'2026-08-22 08:23:32.929234300,0.063234300,1
'2026-08-22 08:23:32.929234400,0.063234400,0
'2026-08-22 08:23:32.929238400,0.063238400,1
'2026-08-22 08:23:32.929238500,0.063238500,0
'2026-08-22 08:23:32.929242400,0.063242400,1
'2026-08-22 08:23:32.929242700,0.063242700,0
'2026-08-22 08:23:32.929243600,0.063243600,1
'2026-08-22 08:23:32.929243700,0.063243700,0
'2026-08-22 08:23:32.929244800,0.063244800,1
'2026-08-22 08:23:32.929244900,0.063244900,0
'2026-08-22 08:23:32.929245600,0.063245600,1
'2026-08-22 08:23:32.929260100,0.063260100,0
'2026-08-22 08:23:32.929261100,0.063261100,1
'2026-08-22 08:23:32.929261300,0.063261300,0
'2026-08-22 08:23:32.929261700,0.063261700,1
'2026-08-22 08:23:32.929261800,0.063261800,0
'2026-08-22 08:23:32.929262500,0.063262500,1
'2026-08-22 08:23:32.929262600,0.063262600,0
'2026-08-22 08:23:32.929262900,0.063262900,1
'2026-08-22 08:23:32.929263000,0.063263000,0
'2026-08-22 08:23:32.929263500,0.063263500,1
'2026-08-22 08:23:32.929263600,0.063263600,0
'2026-08-22 08:23:32.929264000,0.063264000,1
'2026-08-22 08:23:32.929264200,0.063264200,0
'2026-08-22 08:23:32.929265200,0.063265200,1
'2026-08-22 08:23:32.929265300,0.063265300,0
'2026-08-22 08:23:32.929267000,0.063267000,1
'2026-08-22 08:23:32.929267100,0.063267100,0
'2026-08-22 08:23:32.929267500,0.063267500,1
'2026-08-22 08:23:32.929267600,0.063267600,0
'2026-08-22 08:23:32.929268700,0.063268700,1
'2026-08-22 08:23:32.929268800,0.063268800,0
'2026-08-22 08:23:32.929269300,0.063269300,1
'2026-08-22 08:23:32.929269400,0.063269400,0
'2026-08-22 08:23:32.929271600,0.063271600,1
'2026-08-22 08:23:32.929286000,0.063286000,0
'2026-08-22 08:23:32.929286200,0.063286200,1
'2026-08-22 08:23:32.929286400,0.063286400,0
'2026-08-22 08:23:32.929289200,0.063289200,1
'2026-08-22 08:23:32.929289300,0.063289300,0
'2026-08-22 08:23:32.929289700,0.063289700,1
'2026-08-22 08:23:32.929289800,0.063289800,0
'2026-08-22 08:23:32.929290300,0.063290300,1
'2026-08-22 08:23:32.929290400,0.063290400,0
'2026-08-22 08:23:32.929291000,0.063291000,1
'2026-08-22 08:23:32.929291100,0.063291100,0
'2026-08-22 08:23:32.929291300,0.063291300,1
'2026-08-22 08:23:32.929291400,0.063291400,0
'2026-08-22 08:23:32.929291500,0.063291500,1
'2026-08-22 08:23:32.929291600,0.063291600,0
'2026-08-22 08:23:32.929292100,0.063292100,1
'2026-08-22 08:23:32.929292200,0.063292200,0
'2026-08-22 08:23:32.929292600,0.063292600,1
'2026-08-22 08:23:32.929292800,0.063292800,0
'2026-08-22 08:23:32.929293100,0.063293100,1
'2026-08-22 08:23:32.929293300,0.063293300,0
'2026-08-22 08:23:32.929295600,0.063295600,1
'2026-08-22 08:23:32.929295700,0.063295700,0
'2026-08-22 08:23:32.929297700,0.063297700,1
'2026-08-22 08:23:32.929312100,0.063312100,0
'2026-08-22 08:23:32.929312500,0.063312500,1
'2026-08-22 08:23:32.929312600,0.063312600,0
'2026-08-22 08:23:32.929313100,0.063313100,1
'2026-08-22 08:23:32.929313200,0.063313200,0
'2026-08-22 08:23:32.929313700,0.063313700,1
'2026-08-22 08:23:32.929313800,0.063313800,0
'2026-08-22 08:23:32.929314300,0.063314300,1
'2026-08-22 08:23:32.929314400,0.063314400,0
'2026-08-22 08:23:32.929317200,0.063317200,1
'2026-08-22 08:23:32.929317300,0.063317300,0
'2026-08-22 08:23:32.929319500,0.063319500,1
'2026-08-22 08:23:32.929319600,0.063319600,0
'2026-08-22 08:23:32.929320100,0.063320100,1
'2026-08-22 08:23:32.929320200,0.063320200,0
'2026-08-22 08:23:32.929320700,0.063320700,1
'2026-08-22 08:23:32.929320900,0.063320900,0
'2026-08-22 08:23:32.929321300,0.063321300,1
'2026-08-22 08:23:32.929321400,0.063321400,0
'2026-08-22 08:23:32.929321900,0.063321900,1
'2026-08-22 08:23:32.929322000,0.063322000,0
'2026-08-22 08:23:32.929322400,0.063322400,1
'2026-08-22 08:23:32.929322800,0.063322800,0
'2026-08-22 08:23:32.929323000,0.063323000,1
'2026-08-22 08:23:32.929323200,0.063323200,0
'2026-08-22 08:23:32.929323300,0.063323300,1
'2026-08-22 08:23:32.929323400,0.063323400,0
'2026-08-22 08:23:32.929323600,0.063323600,1
'2026-08-22 08:23:32.929755200,0.063755200,0
'2026-08-22 08:23:32.929757100,0.063757100,1
'2026-08-22 08:23:32.929757200,0.063757200,0
'2026-08-22 08:23:32.929766800,0.063766800,1
'2026-08-22 08:23:32.929781200,0.063781200,0
'2026-08-22 08:23:32.929792900,0.063792900,1
'2026-08-22 08:23:32.929807200,0.063807200,0
'2026-08-22 08:23:32.929807300,0.063807300,1
'2026-08-22 08:23:32.929807400,0.063807400,0
'2026-08-22 08:23:32.929819000,0.063819000,1
'2026-08-22 08:23:32.929833300,0.063833300,0
'2026-08-22 08:23:32.929833500,0.063833500,1
'2026-08-22 08:23:32.929833600,0.063833600,0
'2026-08-22 08:23:32.929833700,0.063833700,1
'2026-08-22 08:23:32.929833800,0.063833800,0
'2026-08-22 08:23:32.929845100,0.063845100,1
'2026-08-22 08:23:32.929859500,0.063859500,0
'2026-08-22 08:23:32.929865700,0.063865700,1
'2026-08-22 08:23:32.929865800,0.063865800,0
'2026-08-22 08:23:32.929871200,0.063871200,1
'2026-08-22 08:23:32.929885400,0.063885400,0
'2026-08-22 08:23:32.929897200,0.063897200,1
'2026-08-22 08:23:32.929911500,0.063911500,0
'2026-08-22 08:23:32.929911900,0.063911900,1
'2026-08-22 08:23:32.929912000,0.063912000,0
'2026-08-22 08:23:32.929913700,0.063913700,1
'2026-08-22 08:23:32.929913800,0.063913800,0
'2026-08-22 08:23:32.929914200,0.063914200,1
'2026-08-22 08:23:32.929914400,0.063914400,0
'2026-08-22 08:23:32.929920100,0.063920100,1
'2026-08-22 08:23:32.929920300,0.063920300,0
'2026-08-22 08:23:32.929921200,0.063921200,1
'2026-08-22 08:23:32.929921300,0.063921300,0
'2026-08-22 08:23:32.929923300,0.063923300,1
'2026-08-22 08:23:32.929937800,0.063937800,0
'2026-08-22 08:23:32.929940500,0.063940500,1
'2026-08-22 08:23:32.929940600,0.063940600,0
'2026-08-22 08:23:32.929941700,0.063941700,1
'2026-08-22 08:23:32.929941800,0.063941800,0
'2026-08-22 08:23:32.929945200,0.063945200,1
'2026-08-22 08:23:32.929945300,0.063945300,0
'2026-08-22 08:23:32.929949400,0.063949400,1
'2026-08-22 08:23:32.929964000,0.063964000,0
'2026-08-22 08:23:32.929964500,0.063964500,1
'2026-08-22 08:23:32.929964600,0.063964600,0
'2026-08-22 08:23:32.929965700,0.063965700,1
'2026-08-22 08:23:32.929965800,0.063965800,0
'2026-08-22 08:23:32.929967700,0.063967700,1
'2026-08-22 08:23:32.929967800,0.063967800,0
'2026-08-22 08:23:32.929967900,0.063967900,1
'2026-08-22 08:23:32.929968100,0.063968100,0
'2026-08-22 08:23:32.929974900,0.063974900,1
'2026-08-22 08:23:32.929975000,0.063975000,0
'2026-08-22 08:23:32.929975400,0.063975400,1
'2026-08-22 08:23:32.929989800,0.063989800,0
'2026-08-22 08:23:32.929990700,0.063990700,1
'2026-08-22 08:23:32.929990900,0.063990900,0
'2026-08-22 08:23:32.929993100,0.063993100,1
'2026-08-22 08:23:32.929993200,0.063993200,0
'2026-08-22 08:23:32.929997200,0.063997200,1
'2026-08-22 08:23:32.929997300,0.063997300,0
'2026-08-22 08:23:32.929998300,0.063998300,1
'2026-08-22 08:23:32.929998400,0.063998400,0
'2026-08-22 08:23:32.930001500,0.064001500,1
'2026-08-22 08:23:32.930016000,0.064016000,0
'2026-08-22 08:23:32.930016400,0.064016400,1
'2026-08-22 08:23:32.930016600,0.064016600,0
'2026-08-22 08:23:32.930017600,0.064017600,1
'2026-08-22 08:23:32.930017700,0.064017700,0
'2026-08-22 08:23:32.930018800,0.064018800,1
'2026-08-22 08:23:32.930018900,0.064018900,0
'2026-08-22 08:23:32.930020000,0.064020000,1
'2026-08-22 08:23:32.930020100,0.064020100,0
'2026-08-22 08:23:32.930025200,0.064025200,1
'2026-08-22 08:23:32.930025300,0.064025300,0
'2026-08-22 08:23:32.930027600,0.064027600,1
'2026-08-22 08:23:32.930041900,0.064041900,0
'2026-08-22 08:23:32.930042200,0.064042200,1
'2026-08-22 08:23:32.930042300,0.064042300,0
'2026-08-22 08:23:32.930042700,0.064042700,1
'2026-08-22 08:23:32.930042800,0.064042800,0
'2026-08-22 08:23:32.930043900,0.064043900,1
'2026-08-22 08:23:32.930044000,0.064044000,0
'2026-08-22 08:23:32.930045700,0.064045700,1
'2026-08-22 08:23:32.930045800,0.064045800,0
'2026-08-22 08:23:32.930046200,0.064046200,1
'2026-08-22 08:23:32.930046300,0.064046300,0
'2026-08-22 08:23:32.930046700,0.064046700,1
'2026-08-22 08:23:32.930046900,0.064046900,0
'2026-08-22 08:23:32.930052100,0.064052100,1
'2026-08-22 08:23:32.930052200,0.064052200,0
'2026-08-22 08:23:32.930053700,0.064053700,1
'2026-08-22 08:23:32.930068600,0.064068600,0
'2026-08-22 08:23:32.930069700,0.064069700,1
'2026-08-22 08:23:32.930069800,0.064069800,0
'2026-08-22 08:23:32.930070100,0.064070100,1
'2026-08-22 08:23:32.930070300,0.064070300,0
'2026-08-22 08:23:32.930073700,0.064073700,1
'2026-08-22 08:23:32.930073800,0.064073800,0
'2026-08-22 08:23:32.930076000,0.064076000,1
'2026-08-22 08:23:32.930076100,0.064076100,0
'2026-08-22 08:23:32.930076600,0.064076600,1
'2026-08-22 08:23:32.930076700,0.064076700,0
'2026-08-22 08:23:32.930077800,0.064077800,1
'2026-08-22 08:23:32.930077900,0.064077900,0
'2026-08-22 08:23:32.930079700,0.064079700,1
'2026-08-22 08:23:32.930094300,0.064094300,0
'2026-08-22 08:23:32.930095100,0.064095100,1
'2026-08-22 08:23:32.930095200,0.064095200,0
'2026-08-22 08:23:32.930095300,0.064095300,1
'2026-08-22 08:23:32.930095400,0.064095400,0
'2026-08-22 08:23:32.930096500,0.064096500,1
'2026-08-22 08:23:32.930096600,0.064096600,0
'2026-08-22 08:23:32.930097000,0.064097000,1
'2026-08-22 08:23:32.930097200,0.064097200,0
'2026-08-22 08:23:32.930097700,0.064097700,1
'2026-08-22 08:23:32.930097800,0.064097800,0
'2026-08-22 08:23:32.930098500,0.064098500,1
'2026-08-22 08:23:32.930098600,0.064098600,0
'2026-08-22 08:23:32.930104100,0.064104100,1
'2026-08-22 08:23:32.930104200,0.064104200,0
'2026-08-22 08:23:32.930105300,0.064105300,1
'2026-08-22 08:23:32.930105400,0.064105400,0
'2026-08-22 08:23:32.930105800,0.064105800,1
'2026-08-22 08:23:32.930120600,0.064120600,0
'2026-08-22 08:23:32.930121000,0.064121000,1
'2026-08-22 08:23:32.930121200,0.064121200,0
'2026-08-22 08:23:32.930121600,0.064121600,1
'2026-08-22 08:23:32.930121700,0.064121700,0
'2026-08-22 08:23:32.930124800,0.064124800,1
'2026-08-22 08:23:32.930124900,0.064124900,0
'2026-08-22 08:23:32.930125100,0.064125100,1
'2026-08-22 08:23:32.930125200,0.064125200,0
'2026-08-22 08:23:32.930126300,0.064126300,1
'2026-08-22 08:23:32.930126400,0.064126400,0
'2026-08-22 08:23:32.930126900,0.064126900,1
'2026-08-22 08:23:32.930127000,0.064127000,0
'2026-08-22 08:23:32.930127200,0.064127200,1
'2026-08-22 08:23:32.930127400,0.064127400,0
'2026-08-22 08:23:32.930127500,0.064127500,1
'2026-08-22 08:23:32.930127600,0.064127600,0
'2026-08-22 08:23:32.930128000,0.064128000,1
'2026-08-22 08:23:32.930128200,0.064128200,0
'2026-08-22 08:23:32.930128600,0.064128600,1
'2026-08-22 08:23:32.930128700,0.064128700,0
'2026-08-22 08:23:32.930129600,0.064129600,1
'2026-08-22 08:23:32.930129700,0.064129700,0
'2026-08-22 08:23:32.930131600,0.064131600,1
'2026-08-22 08:23:32.930131700,0.064131700,0
'2026-08-22 08:23:32.930131900,0.064131900,1
'2026-08-22 08:23:32.930147000,0.064147000,0
'2026-08-22 08:23:32.930147300,0.064147300,1
'2026-08-22 08:23:32.930147600,0.064147600,0
'2026-08-22 08:23:32.930147700,0.064147700,1
'2026-08-22 08:23:32.930147800,0.064147800,0
'2026-08-22 08:23:32.930147900,0.064147900,1
'2026-08-22 08:23:32.930148100,0.064148100,0
'2026-08-22 08:23:32.930148500,0.064148500,1
'2026-08-22 08:23:32.930148600,0.064148600,0
'2026-08-22 08:23:32.930150300,0.064150300,1
'2026-08-22 08:23:32.930150400,0.064150400,0
'2026-08-22 08:23:32.930151700,0.064151700,1
'2026-08-22 08:23:32.930151800,0.064151800,0
'2026-08-22 08:23:32.930152600,0.064152600,1
'2026-08-22 08:23:32.930152700,0.064152700,0
'2026-08-22 08:23:32.930154100,0.064154100,1
'2026-08-22 08:23:32.930567900,0.064567900,0
'2026-08-22 08:23:32.930574900,0.064574900,1
'2026-08-22 08:23:32.930589300,0.064589300,0
'2026-08-22 08:23:32.930589400,0.064589400,1
'2026-08-22 08:23:32.930589500,0.064589500,0
'2026-08-22 08:23:32.930601000,0.064601000,1
'2026-08-22 08:23:32.930615300,0.064615300,0
'2026-08-22 08:23:32.930618600,0.064618600,1
'2026-08-22 08:23:32.930618700,0.064618700,0
'2026-08-22 08:23:32.930627100,0.064627100,1
'2026-08-22 08:23:32.930641600,0.064641600,0
'2026-08-22 08:23:32.930644600,0.064644600,1
'2026-08-22 08:23:32.930644700,0.064644700,0
'2026-08-22 08:23:32.930653200,0.064653200,1
'2026-08-22 08:23:32.930667500,0.064667500,0
'2026-08-22 08:23:32.930679200,0.064679200,1
'2026-08-22 08:23:32.930693600,0.064693600,0
'2026-08-22 08:23:32.930697500,0.064697500,1
'2026-08-22 08:23:32.930697600,0.064697600,0
'2026-08-22 08:23:32.930705300,0.064705300,1
'2026-08-22 08:23:32.930719800,0.064719800,0
'2026-08-22 08:23:32.930720300,0.064720300,1
'2026-08-22 08:23:32.930720400,0.064720400,0
'2026-08-22 08:23:32.930724400,0.064724400,1
'2026-08-22 08:23:32.930724500,0.064724500,0
'2026-08-22 08:23:32.930731400,0.064731400,1
'2026-08-22 08:23:32.930745800,0.064745800,0
'2026-08-22 08:23:32.930745900,0.064745900,1
'2026-08-22 08:23:32.930746000,0.064746000,0
'2026-08-22 08:23:32.930749500,0.064749500,1
'2026-08-22 08:23:32.930749600,0.064749600,0
'2026-08-22 08:23:32.930750100,0.064750100,1
'2026-08-22 08:23:32.930750200,0.064750200,0
'2026-08-22 08:23:32.930757500,0.064757500,1
'2026-08-22 08:23:32.930771900,0.064771900,0
'2026-08-22 08:23:32.930772200,0.064772200,1
'2026-08-22 08:23:32.930772300,0.064772300,0
'2026-08-22 08:23:32.930779900,0.064779900,1
'2026-08-22 08:23:32.930780000,0.064780000,0
'2026-08-22 08:23:32.930783500,0.064783500,1
'2026-08-22 08:23:32.930798200,0.064798200,0
'2026-08-22 08:23:32.930800300,0.064800300,1
'2026-08-22 08:23:32.930800400,0.064800400,0
'2026-08-22 08:23:32.930801500,0.064801500,1
'2026-08-22 08:23:32.930801600,0.064801600,0
'2026-08-22 08:23:32.930802600,0.064802600,1
'2026-08-22 08:23:32.930802700,0.064802700,0
'2026-08-22 08:23:32.930805000,0.064805000,1
'2026-08-22 08:23:32.930805100,0.064805100,0
'2026-08-22 08:23:32.930809600,0.064809600,1
'2026-08-22 08:23:32.930824400,0.064824400,0
'2026-08-22 08:23:32.930826600,0.064826600,1
'2026-08-22 08:23:32.930826700,0.064826700,0
'2026-08-22 08:23:32.930828300,0.064828300,1
'2026-08-22 08:23:32.930828400,0.064828400,0
'2026-08-22 08:23:32.930830700,0.064830700,1
'2026-08-22 08:23:32.930830800,0.064830800,0
'2026-08-22 08:23:32.930833600,0.064833600,1
'2026-08-22 08:23:32.930833700,0.064833700,0
'2026-08-22 08:23:32.930835700,0.064835700,1
'2026-08-22 08:23:32.930850100,0.064850100,0
'2026-08-22 08:23:32.930850500,0.064850500,1
'2026-08-22 08:23:32.930850600,0.064850600,0
'2026-08-22 08:23:32.930851100,0.064851100,1
'2026-08-22 08:23:32.930851400,0.064851400,0
'2026-08-22 08:23:32.930851800,0.064851800,1
'2026-08-22 08:23:32.930851900,0.064851900,0
'2026-08-22 08:23:32.930854300,0.064854300,1
'2026-08-22 08:23:32.930854400,0.064854400,0
'2026-08-22 08:23:32.930856900,0.064856900,1
'2026-08-22 08:23:32.930857000,0.064857000,0
'2026-08-22 08:23:32.930859900,0.064859900,1
'2026-08-22 08:23:32.930860000,0.064860000,0
'2026-08-22 08:23:32.930861700,0.064861700,1
'2026-08-22 08:23:32.930876400,0.064876400,0
'2026-08-22 08:23:32.930878600,0.064878600,1
'2026-08-22 08:23:32.930878700,0.064878700,0
'2026-08-22 08:23:32.930879900,0.064879900,1
'2026-08-22 08:23:32.930880000,0.064880000,0
'2026-08-22 08:23:32.930880300,0.064880300,1
'2026-08-22 08:23:32.930880400,0.064880400,0
'2026-08-22 08:23:32.930880900,0.064880900,1
'2026-08-22 08:23:32.930881000,0.064881000,0
'2026-08-22 08:23:32.930881500,0.064881500,1
'2026-08-22 08:23:32.930881600,0.064881600,0
'2026-08-22 08:23:32.930881800,0.064881800,1
'2026-08-22 08:23:32.930882000,0.064882000,0
'2026-08-22 08:23:32.930882300,0.064882300,1
'2026-08-22 08:23:32.930882400,0.064882400,0
'2026-08-22 08:23:32.930882700,0.064882700,1
'2026-08-22 08:23:32.930882900,0.064882900,0
'2026-08-22 08:23:32.930883300,0.064883300,1
'2026-08-22 08:23:32.930883400,0.064883400,0
'2026-08-22 08:23:32.930885000,0.064885000,1
'2026-08-22 08:23:32.930885100,0.064885100,0
'2026-08-22 08:23:32.930886200,0.064886200,1
'2026-08-22 08:23:32.930886300,0.064886300,0
'2026-08-22 08:23:32.930887800,0.064887800,1
'2026-08-22 08:23:32.930902400,0.064902400,0
'2026-08-22 08:23:32.930902500,0.064902500,1
'2026-08-22 08:23:32.930902700,0.064902700,0
'2026-08-22 08:23:32.930903100,0.064903100,1
'2026-08-22 08:23:32.930903200,0.064903200,0
'2026-08-22 08:23:32.930903700,0.064903700,1
'2026-08-22 08:23:32.930903800,0.064903800,0
'2026-08-22 08:23:32.930904300,0.064904300,1
'2026-08-22 08:23:32.930904400,0.064904400,0
'2026-08-22 08:23:32.930904500,0.064904500,1
'2026-08-22 08:23:32.930904600,0.064904600,0
'2026-08-22 08:23:32.930904700,0.064904700,1
'2026-08-22 08:23:32.930905000,0.064905000,0
'2026-08-22 08:23:32.930905100,0.064905100,1
'2026-08-22 08:23:32.930905200,0.064905200,0
'2026-08-22 08:23:32.930905600,0.064905600,1
'2026-08-22 08:23:32.930905700,0.064905700,0
'2026-08-22 08:23:32.930910200,0.064910200,1
'2026-08-22 08:23:32.930910300,0.064910300,0
'2026-08-22 08:23:32.930911300,0.064911300,1
'2026-08-22 08:23:32.930911400,0.064911400,0
'2026-08-22 08:23:32.930911900,0.064911900,1
'2026-08-22 08:23:32.930912000,0.064912000,0
'2026-08-22 08:23:32.930912400,0.064912400,1
'2026-08-22 08:23:32.930912600,0.064912600,0
'2026-08-22 08:23:32.930913100,0.064913100,1
'2026-08-22 08:23:32.930913200,0.064913200,0
'2026-08-22 08:23:32.930913300,0.064913300,1
'2026-08-22 08:23:32.930913400,0.064913400,0
'2026-08-22 08:23:32.930913900,0.064913900,1
'2026-08-22 08:23:32.930928600,0.064928600,0
'2026-08-22 08:23:32.930931700,0.064931700,1
'2026-08-22 08:23:32.930931900,0.064931900,0
'2026-08-22 08:23:32.930932300,0.064932300,1
'2026-08-22 08:23:32.930932400,0.064932400,0
'2026-08-22 08:23:32.930932900,0.064932900,1
'2026-08-22 08:23:32.930933000,0.064933000,0
'2026-08-22 08:23:32.930934100,0.064934100,1
'2026-08-22 08:23:32.930934200,0.064934200,0
'2026-08-22 08:23:32.930934700,0.064934700,1
'2026-08-22 08:23:32.930934800,0.064934800,0
'2026-08-22 08:23:32.930935300,0.064935300,1
'2026-08-22 08:23:32.930935500,0.064935500,0
'2026-08-22 08:23:32.930935800,0.064935800,1
'2026-08-22 08:23:32.930935900,0.064935900,0
'2026-08-22 08:23:32.930940000,0.064940000,1
'2026-08-22 08:23:32.930954700,0.064954700,0
'2026-08-22 08:23:32.930955100,0.064955100,1
'2026-08-22 08:23:32.930955200,0.064955200,0
'2026-08-22 08:23:32.930955700,0.064955700,1
'2026-08-22 08:23:32.930955800,0.064955800,0
'2026-08-22 08:23:32.930958900,0.064958900,1
'2026-08-22 08:23:32.930959000,0.064959000,0
'2026-08-22 08:23:32.930960400,0.064960400,1
'2026-08-22 08:23:32.930960500,0.064960500,0
'2026-08-22 08:23:32.930961000,0.064961000,1
'2026-08-22 08:23:32.930961100,0.064961100,0
'2026-08-22 08:23:32.930962700,0.064962700,1
'2026-08-22 08:23:32.930962800,0.064962800,0
'2026-08-22 08:23:32.930963300,0.064963300,1
'2026-08-22 08:23:32.930963400,0.064963400,0
'2026-08-22 08:23:32.930963900,0.064963900,1
'2026-08-22 08:23:32.930964000,0.064964000,0
'2026-08-22 08:23:32.930964400,0.064964400,1
'2026-08-22 08:23:32.930964600,0.064964600,0
'2026-08-22 08:23:32.930965000,0.064965000,1
'2026-08-22 08:23:32.930965200,0.064965200,0
'2026-08-22 08:23:32.930965300,0.064965300,1
'2026-08-22 08:23:32.930965400,0.064965400,0
'2026-08-22 08:23:32.930965600,0.064965600,1
'2026-08-22 08:23:32.930965700,0.064965700,0
'2026-08-22 08:23:32.930966000,0.064966000,1
'2026-08-22 08:23:32.931397300,0.065397300,0
'2026-08-22 08:23:32.931409100,0.065409100,1
'2026-08-22 08:23:32.931423400,0.065423400,0
'2026-08-22 08:23:32.931435200,0.065435200,1
'2026-08-22 08:23:32.931449500,0.065449500,0
'2026-08-22 08:23:32.931449900,0.065449900,1
'2026-08-22 08:23:32.931450000,0.065450000,0
'2026-08-22 08:23:32.931457700,0.065457700,1
'2026-08-22 08:23:32.931457800,0.065457800,0
'2026-08-22 08:23:32.931461300,0.065461300,1
'2026-08-22 08:23:32.931475700,0.065475700,0
'2026-08-22 08:23:32.931487300,0.065487300,1
'2026-08-22 08:23:32.931501600,0.065501600,0
'2026-08-22 08:23:32.931513400,0.065513400,1
'2026-08-22 08:23:32.931527800,0.065527800,0
'2026-08-22 08:23:32.931536300,0.065536300,1
'2026-08-22 08:23:32.931536400,0.065536400,0
'2026-08-22 08:23:32.931536900,0.065536900,1
'2026-08-22 08:23:32.931537000,0.065537000,0
'2026-08-22 08:23:32.931539500,0.065539500,1
'2026-08-22 08:23:32.931554000,0.065554000,0
'2026-08-22 08:23:32.931554400,0.065554400,1
'2026-08-22 08:23:32.931554500,0.065554500,0
'2026-08-22 08:23:32.931556100,0.065556100,1
'2026-08-22 08:23:32.931556200,0.065556200,0
'2026-08-22 08:23:32.931565500,0.065565500,1
'2026-08-22 08:23:32.931580200,0.065580200,0
'2026-08-22 08:23:32.931586500,0.065586500,1
'2026-08-22 08:23:32.931586600,0.065586600,0
'2026-08-22 08:23:32.931591600,0.065591600,1
'2026-08-22 08:23:32.931606500,0.065606500,0
'2026-08-22 08:23:32.931607000,0.065607000,1
'2026-08-22 08:23:32.931607100,0.065607100,0
'2026-08-22 08:23:32.931608700,0.065608700,1
'2026-08-22 08:23:32.931608800,0.065608800,0
'2026-08-22 08:23:32.931609900,0.065609900,1
'2026-08-22 08:23:32.931610000,0.065610000,0
'2026-08-22 08:23:32.931616300,0.065616300,1
'2026-08-22 08:23:32.931616400,0.065616400,0
'2026-08-22 08:23:32.931617100,0.065617100,1
'2026-08-22 08:23:32.931617200,0.065617200,0
'2026-08-22 08:23:32.931617500,0.065617500,1
'2026-08-22 08:23:32.931617600,0.065617600,0
'2026-08-22 08:23:32.931617700,0.065617700,1
'2026-08-22 08:23:32.931632200,0.065632200,0
'2026-08-22 08:23:32.931632700,0.065632700,1
'2026-08-22 08:23:32.931632800,0.065632800,0
'2026-08-22 08:23:32.931634500,0.065634500,1
'2026-08-22 08:23:32.931634700,0.065634700,0
'2026-08-22 08:23:32.931636800,0.065636800,1
'2026-08-22 08:23:32.931636900,0.065636900,0
'2026-08-22 08:23:32.931637700,0.065637700,1
'2026-08-22 08:23:32.931638100,0.065638100,0
'2026-08-22 08:23:32.931639100,0.065639100,1
'2026-08-22 08:23:32.931639200,0.065639200,0
'2026-08-22 08:23:32.931640300,0.065640300,1
'2026-08-22 08:23:32.931640400,0.065640400,0
'2026-08-22 08:23:32.931643800,0.065643800,1
'2026-08-22 08:23:32.931658200,0.065658200,0
'2026-08-22 08:23:32.931658400,0.065658400,1
'2026-08-22 08:23:32.931658500,0.065658500,0
'2026-08-22 08:23:32.931659600,0.065659600,1
'2026-08-22 08:23:32.931659800,0.065659800,0
'2026-08-22 08:23:32.931660100,0.065660100,1
'2026-08-22 08:23:32.931660200,0.065660200,0
'2026-08-22 08:23:32.931661300,0.065661300,1
'2026-08-22 08:23:32.931661400,0.065661400,0
'2026-08-22 08:23:32.931662500,0.065662500,1
'2026-08-22 08:23:32.931662600,0.065662600,0
'2026-08-22 08:23:32.931663700,0.065663700,1
'2026-08-22 08:23:32.931663800,0.065663800,0
'2026-08-22 08:23:32.931664200,0.065664200,1
'2026-08-22 08:23:32.931664300,0.065664300,0
'2026-08-22 08:23:32.931667700,0.065667700,1
'2026-08-22 08:23:32.931667800,0.065667800,0
'2026-08-22 08:23:32.931669900,0.065669900,1
'2026-08-22 08:23:32.931684300,0.065684300,0
'2026-08-22 08:23:32.931684700,0.065684700,1
'2026-08-22 08:23:32.931684800,0.065684800,0
'2026-08-22 08:23:32.931685300,0.065685300,1
'2026-08-22 08:23:32.931685400,0.065685400,0
'2026-08-22 08:23:32.931688200,0.065688200,1
'2026-08-22 08:23:32.931688300,0.065688300,0
'2026-08-22 08:23:32.931691700,0.065691700,1
'2026-08-22 08:23:32.931691800,0.065691800,0
'2026-08-22 08:23:32.931694000,0.065694000,1
'2026-08-22 08:23:32.931694100,0.065694100,0
'2026-08-22 08:23:32.931695000,0.065695000,1
'2026-08-22 08:23:32.931695100,0.065695100,0
'2026-08-22 08:23:32.931695200,0.065695200,1
'2026-08-22 08:23:32.931695300,0.065695300,0
'2026-08-22 08:23:32.931695800,0.065695800,1
'2026-08-22 08:23:32.931710500,0.065710500,0
'2026-08-22 08:23:32.931711500,0.065711500,1
'2026-08-22 08:23:32.931711600,0.065711600,0
'2026-08-22 08:23:32.931712100,0.065712100,1
'2026-08-22 08:23:32.931712200,0.065712200,0
'2026-08-22 08:23:32.931713800,0.065713800,1
'2026-08-22 08:23:32.931713900,0.065713900,0
'2026-08-22 08:23:32.931714400,0.065714400,1
'2026-08-22 08:23:32.931714500,0.065714500,0
'2026-08-22 08:23:32.931716200,0.065716200,1
'2026-08-22 08:23:32.931716300,0.065716300,0
'2026-08-22 08:23:32.931716800,0.065716800,1
'2026-08-22 08:23:32.931716900,0.065716900,0
'2026-08-22 08:23:32.931717500,0.065717500,1
'2026-08-22 08:23:32.931717600,0.065717600,0
'2026-08-22 08:23:32.931718500,0.065718500,1
'2026-08-22 08:23:32.931718600,0.065718600,0
'2026-08-22 08:23:32.931719100,0.065719100,1
'2026-08-22 08:23:32.931719200,0.065719200,0
'2026-08-22 08:23:32.931721500,0.065721500,1
'2026-08-22 08:23:32.931721600,0.065721600,0
'2026-08-22 08:23:32.931722000,0.065722000,1
'2026-08-22 08:23:32.931736500,0.065736500,0
'2026-08-22 08:23:32.931736700,0.065736700,1
'2026-08-22 08:23:32.931736800,0.065736800,0
'2026-08-22 08:23:32.931737200,0.065737200,1
'2026-08-22 08:23:32.931737400,0.065737400,0
'2026-08-22 08:23:32.931737700,0.065737700,1
'2026-08-22 08:23:32.931737900,0.065737900,0
'2026-08-22 08:23:32.931744300,0.065744300,1
'2026-08-22 08:23:32.931744400,0.065744400,0
'2026-08-22 08:23:32.931744900,0.065744900,1
'2026-08-22 08:23:32.931745000,0.065745000,0
'2026-08-22 08:23:32.931745400,0.065745400,1
'2026-08-22 08:23:32.931745500,0.065745500,0
'2026-08-22 08:23:32.931745900,0.065745900,1
'2026-08-22 08:23:32.931746000,0.065746000,0
'2026-08-22 08:23:32.931746500,0.065746500,1
'2026-08-22 08:23:32.931746600,0.065746600,0
'2026-08-22 08:23:32.931746700,0.065746700,1
'2026-08-22 08:23:32.931746800,0.065746800,0
'2026-08-22 08:23:32.931747700,0.065747700,1
'2026-08-22 08:23:32.931747900,0.065747900,0
'2026-08-22 08:23:32.931748100,0.065748100,1
'2026-08-22 08:23:32.931762500,0.065762500,0
'2026-08-22 08:23:32.931762900,0.065762900,1
'2026-08-22 08:23:32.931763000,0.065763000,0
'2026-08-22 08:23:32.931764100,0.065764100,1
'2026-08-22 08:23:32.931764200,0.065764200,0
'2026-08-22 08:23:32.931765300,0.065765300,1
'2026-08-22 08:23:32.931765400,0.065765400,0
'2026-08-22 08:23:32.931765900,0.065765900,1
'2026-08-22 08:23:32.931766000,0.065766000,0
'2026-08-22 08:23:32.931766300,0.065766300,1
'2026-08-22 08:23:32.931766400,0.065766400,0
'2026-08-22 08:23:32.931766700,0.065766700,1
'2026-08-22 08:23:32.931766800,0.065766800,0
'2026-08-22 08:23:32.931767700,0.065767700,1
'2026-08-22 08:23:32.931767800,0.065767800,0
'2026-08-22 08:23:32.931768100,0.065768100,1
'2026-08-22 08:23:32.931768300,0.065768300,0
'2026-08-22 08:23:32.931769300,0.065769300,1
'2026-08-22 08:23:32.931769500,0.065769500,0
'2026-08-22 08:23:32.931770500,0.065770500,1
'2026-08-22 08:23:32.931770600,0.065770600,0
'2026-08-22 08:23:32.931771700,0.065771700,1
'2026-08-22 08:23:32.931771800,0.065771800,0
'2026-08-22 08:23:32.931772700,0.065772700,1
'2026-08-22 08:23:32.931772800,0.065772800,0
'2026-08-22 08:23:32.931774100,0.065774100,1
'2026-08-22 08:23:32.931789000,0.065789000,0
'2026-08-22 08:23:32.931789300,0.065789300,1
'2026-08-22 08:23:32.931789400,0.065789400,0
'2026-08-22 08:23:32.931789700,0.065789700,1
'2026-08-22 08:23:32.931789900,0.065789900,0
'2026-08-22 08:23:32.931793300,0.065793300,1
'2026-08-22 08:23:32.931793400,0.065793400,0
'2026-08-22 08:23:32.931793900,0.065793900,1
'2026-08-22 08:23:32.931794000,0.065794000,0
'2026-08-22 08:23:32.931794500,0.065794500,1
'2026-08-22 08:23:32.931794600,0.065794600,0
'2026-08-22 08:23:32.931795500,0.065795500,1
'2026-08-22 08:23:32.931795600,0.065795600,0
'2026-08-22 08:23:32.931795700,0.065795700,1
'2026-08-22 08:23:32.931795800,0.065795800,0
'2026-08-22 08:23:32.931796200,0.065796200,1
'2026-08-22 08:23:32.931796400,0.065796400,0
'2026-08-22 08:23:32.931797400,0.065797400,1
'2026-08-22 08:23:32.931797500,0.065797500,0
'2026-08-22 08:23:32.931798600,0.065798600,1
'2026-08-22 08:23:32.931798800,0.065798800,0
'2026-08-22 08:23:32.931799800,0.065799800,1
'2026-08-22 08:23:32.931799900,0.065799900,0
'2026-08-22 08:23:32.931800200,0.065800200,1
'2026-08-22 08:23:32.932213500,0.066213500,0
'2026-08-22 08:23:32.932217200,0.066217200,1
'2026-08-22 08:23:32.932231600,0.066231600,0
'2026-08-22 08:23:32.932243300,0.066243300,1
'2026-08-22 08:23:32.932257700,0.066257700,0
'2026-08-22 08:23:32.932269400,0.066269400,1
'2026-08-22 08:23:32.932283700,0.066283700,0
'2026-08-22 08:23:32.932289900,0.066289900,1
'2026-08-22 08:23:32.932290000,0.066290000,0
'2026-08-22 08:23:32.932295400,0.066295400,1
'2026-08-22 08:23:32.932309900,0.066309900,0
'2026-08-22 08:23:32.932310400,0.066310400,1
'2026-08-22 08:23:32.932310500,0.066310500,0
'2026-08-22 08:23:32.932321500,0.066321500,1
'2026-08-22 08:23:32.932335800,0.066335800,0
'2026-08-22 08:23:32.932340100,0.066340100,1
'2026-08-22 08:23:32.932340200,0.066340200,0
'2026-08-22 08:23:32.932347400,0.066347400,1
'2026-08-22 08:23:32.932347500,0.066347500,0
'2026-08-22 08:23:32.932347600,0.066347600,1
'2026-08-22 08:23:32.932361900,0.066361900,0
'2026-08-22 08:23:32.932370500,0.066370500,1
'2026-08-22 08:23:32.932370600,0.066370600,0
'2026-08-22 08:23:32.932373700,0.066373700,1
'2026-08-22 08:23:32.932388200,0.066388200,0
'2026-08-22 08:23:32.932389800,0.066389800,1
'2026-08-22 08:23:32.932389900,0.066389900,0
'2026-08-22 08:23:32.932390500,0.066390500,1
'2026-08-22 08:23:32.932390600,0.066390600,0
'2026-08-22 08:23:32.932390900,0.066390900,1
'2026-08-22 08:23:32.932391100,0.066391100,0
'2026-08-22 08:23:32.932393300,0.066393300,1
'2026-08-22 08:23:32.932393400,0.066393400,0
'2026-08-22 08:23:32.932399700,0.066399700,1
'2026-08-22 08:23:32.932414000,0.066414000,0
'2026-08-22 08:23:32.932417800,0.066417800,1
'2026-08-22 08:23:32.932417900,0.066417900,0
'2026-08-22 08:23:32.932421300,0.066421300,1
'2026-08-22 08:23:32.932421400,0.066421400,0
'2026-08-22 08:23:32.932421900,0.066421900,1
'2026-08-22 08:23:32.932422000,0.066422000,0
'2026-08-22 08:23:32.932425800,0.066425800,1
'2026-08-22 08:23:32.932440200,0.066440200,0
'2026-08-22 08:23:32.932440700,0.066440700,1
'2026-08-22 08:23:32.932440800,0.066440800,0
'2026-08-22 08:23:32.932441200,0.066441200,1
'2026-08-22 08:23:32.932441300,0.066441300,0
'2026-08-22 08:23:32.932449900,0.066449900,1
'2026-08-22 08:23:32.932450000,0.066450000,0
'2026-08-22 08:23:32.932451100,0.066451100,1
'2026-08-22 08:23:32.932451200,0.066451200,0
'2026-08-22 08:23:32.932451900,0.066451900,1
'2026-08-22 08:23:32.932466200,0.066466200,0
'2026-08-22 08:23:32.932466300,0.066466300,1
'2026-08-22 08:23:32.932466400,0.066466400,0
'2026-08-22 08:23:32.932467500,0.066467500,1
'2026-08-22 08:23:32.932467600,0.066467600,0
'2026-08-22 08:23:32.932468700,0.066468700,1
'2026-08-22 08:23:32.932468800,0.066468800,0
'2026-08-22 08:23:32.932471000,0.066471000,1
'2026-08-22 08:23:32.932471100,0.066471100,0
'2026-08-22 08:23:32.932471500,0.066471500,1
'2026-08-22 08:23:32.932471700,0.066471700,0
'2026-08-22 08:23:32.932477900,0.066477900,1
'2026-08-22 08:23:32.932492400,0.066492400,0
'2026-08-22 08:23:32.932492600,0.066492600,1
'2026-08-22 08:23:32.932492800,0.066492800,0
'2026-08-22 08:23:32.932500100,0.066500100,1
'2026-08-22 08:23:32.932500300,0.066500300,0
'2026-08-22 08:23:32.932500900,0.066500900,1
'2026-08-22 08:23:32.932501000,0.066501000,0
'2026-08-22 08:23:32.932501400,0.066501400,1
'2026-08-22 08:23:32.932501500,0.066501500,0
'2026-08-22 08:23:32.932504000,0.066504000,1
'2026-08-22 08:23:32.932518500,0.066518500,0
'2026-08-22 08:23:32.932518700,0.066518700,1
'2026-08-22 08:23:32.932518800,0.066518800,0
'2026-08-22 08:23:32.932519500,0.066519500,1
'2026-08-22 08:23:32.932519600,0.066519600,0
'2026-08-22 08:23:32.932520100,0.066520100,1
'2026-08-22 08:23:32.932520200,0.066520200,0
'2026-08-22 08:23:32.932520500,0.066520500,1
'2026-08-22 08:23:32.932520800,0.066520800,0
'2026-08-22 08:23:32.932525300,0.066525300,1
'2026-08-22 08:23:32.932525400,0.066525400,0
'2026-08-22 08:23:32.932530100,0.066530100,1
'2026-08-22 08:23:32.932544700,0.066544700,0
'2026-08-22 08:23:32.932546900,0.066546900,1
'2026-08-22 08:23:32.932547000,0.066547000,0
'2026-08-22 08:23:32.932548100,0.066548100,1
'2026-08-22 08:23:32.932548200,0.066548200,0
'2026-08-22 08:23:32.932548700,0.066548700,1
'2026-08-22 08:23:32.932548800,0.066548800,0
'2026-08-22 08:23:32.932551000,0.066551000,1
'2026-08-22 08:23:32.932551100,0.066551100,0
'2026-08-22 08:23:32.932551600,0.066551600,1
'2026-08-22 08:23:32.932551700,0.066551700,0
'2026-08-22 08:23:32.932553300,0.066553300,1
'2026-08-22 08:23:32.932553400,0.066553400,0
'2026-08-22 08:23:32.932556200,0.066556200,1
'2026-08-22 08:23:32.932571000,0.066571000,0
'2026-08-22 08:23:32.932571300,0.066571300,1
'2026-08-22 08:23:32.932571800,0.066571800,0
'2026-08-22 08:23:32.932571900,0.066571900,1
'2026-08-22 08:23:32.932572000,0.066572000,0
'2026-08-22 08:23:32.932573800,0.066573800,1
'2026-08-22 08:23:32.932573900,0.066573900,0
'2026-08-22 08:23:32.932574900,0.066574900,1
'2026-08-22 08:23:32.932575000,0.066575000,0
'2026-08-22 08:23:32.932579100,0.066579100,1
'2026-08-22 08:23:32.932579200,0.066579200,0
'2026-08-22 08:23:32.932579600,0.066579600,1
'2026-08-22 08:23:32.932579700,0.066579700,0
'2026-08-22 08:23:32.932581100,0.066581100,1
'2026-08-22 08:23:32.932581200,0.066581200,0
'2026-08-22 08:23:32.932581400,0.066581400,1
'2026-08-22 08:23:32.932581500,0.066581500,0
'2026-08-22 08:23:32.932582200,0.066582200,1
'2026-08-22 08:23:32.932596700,0.066596700,0
'2026-08-22 08:23:32.932598200,0.066598200,1
'2026-08-22 08:23:32.932598300,0.066598300,0
'2026-08-22 08:23:32.932599500,0.066599500,1
'2026-08-22 08:23:32.932599600,0.066599600,0
'2026-08-22 08:23:32.932600100,0.066600100,1
'2026-08-22 08:23:32.932600300,0.066600300,0
'2026-08-22 08:23:32.932600700,0.066600700,1
'2026-08-22 08:23:32.932600800,0.066600800,0
'2026-08-22 08:23:32.932601300,0.066601300,1
'2026-08-22 08:23:32.932601400,0.066601400,0
'2026-08-22 08:23:32.932601900,0.066601900,1
'2026-08-22 08:23:32.932602000,0.066602000,0
'2026-08-22 08:23:32.932602200,0.066602200,1
'2026-08-22 08:23:32.932602300,0.066602300,0
'2026-08-22 08:23:32.932602400,0.066602400,1
'2026-08-22 08:23:32.932602500,0.066602500,0
'2026-08-22 08:23:32.932603000,0.066603000,1
'2026-08-22 08:23:32.932603100,0.066603100,0
'2026-08-22 08:23:32.932603500,0.066603500,1
'2026-08-22 08:23:32.932603600,0.066603600,0
'2026-08-22 08:23:32.932605900,0.066605900,1
'2026-08-22 08:23:32.932606000,0.066606000,0
'2026-08-22 08:23:32.932608300,0.066608300,1
'2026-08-22 08:23:32.933847600,0.067847600,0
'2026-08-22 08:23:32.933859400,0.067859400,1
'2026-08-22 08:23:32.933873700,0.067873700,0
'2026-08-22 08:23:32.933885500,0.067885500,1
'2026-08-22 08:23:32.933899800,0.067899800,0
'2026-08-22 08:23:32.933911600,0.067911600,1
'2026-08-22 08:23:32.933925700,0.067925700,0
'2026-08-22 08:23:32.933937700,0.067937700,1
'2026-08-22 08:23:32.933951900,0.067951900,0
'2026-08-22 08:23:32.933963700,0.067963700,1
'2026-08-22 08:23:32.933978200,0.067978200,0
'2026-08-22 08:23:32.933989800,0.067989800,1
'2026-08-22 08:23:32.934004100,0.068004100,0
'2026-08-22 08:23:32.934015900,0.068015900,1
'2026-08-22 08:23:32.934030200,0.068030200,0
'2026-08-22 08:23:32.934042000,0.068042000,1
'2026-08-22 08:23:32.934056300,0.068056300,0
'2026-08-22 08:23:32.934068000,0.068068000,1
'2026-08-22 08:23:32.934082300,0.068082300,0
'2026-08-22 08:23:32.934082400,0.068082400,1
'2026-08-22 08:23:32.934082500,0.068082500,0
'2026-08-22 08:23:32.934089500,0.068089500,1
'2026-08-22 08:23:32.934089600,0.068089600,0
'2026-08-22 08:23:32.934091900,0.068091900,1
'2026-08-22 08:23:32.934092000,0.068092000,0
'2026-08-22 08:23:32.934094100,0.068094100,1
'2026-08-22 08:23:32.934108600,0.068108600,0
'2026-08-22 08:23:32.934108700,0.068108700,1
'2026-08-22 08:23:32.934108800,0.068108800,0
'2026-08-22 08:23:32.934120200,0.068120200,1
'2026-08-22 08:23:32.934134600,0.068134600,0
'2026-08-22 08:23:32.934135000,0.068135000,1
'2026-08-22 08:23:32.934135100,0.068135100,0
'2026-08-22 08:23:32.934137900,0.068137900,1
'2026-08-22 08:23:32.934138000,0.068138000,0
'2026-08-22 08:23:32.934146300,0.068146300,1
'2026-08-22 08:23:32.934160800,0.068160800,0
'2026-08-22 08:23:32.934161300,0.068161300,1
'2026-08-22 08:23:32.934161400,0.068161400,0
'2026-08-22 08:23:32.934168900,0.068168900,1
'2026-08-22 08:23:32.934169000,0.068169000,0
'2026-08-22 08:23:32.934172300,0.068172300,1
'2026-08-22 08:23:32.934186600,0.068186600,0
'2026-08-22 08:23:32.934189300,0.068189300,1
'2026-08-22 08:23:32.934189400,0.068189400,0
'2026-08-22 08:23:32.934196900,0.068196900,1
'2026-08-22 08:23:32.934197000,0.068197000,0
'2026-08-22 08:23:32.934198100,0.068198100,1
'2026-08-22 08:23:32.934198200,0.068198200,0
'2026-08-22 08:23:32.934198400,0.068198400,1
'2026-08-22 08:23:32.934212900,0.068212900,0
'2026-08-22 08:23:32.934213300,0.068213300,1
'2026-08-22 08:23:32.934213400,0.068213400,0
'2026-08-22 08:23:32.934213900,0.068213900,1
'2026-08-22 08:23:32.934214000,0.068214000,0
'2026-08-22 08:23:32.934214500,0.068214500,1
'2026-08-22 08:23:32.934214600,0.068214600,0
'2026-08-22 08:23:32.934218500,0.068218500,1
'2026-08-22 08:23:32.934218600,0.068218600,0
'2026-08-22 08:23:32.934220900,0.068220900,1
'2026-08-22 08:23:32.934221000,0.068221000,0
'2026-08-22 08:23:32.934222000,0.068222000,1
'2026-08-22 08:23:32.934222200,0.068222200,0
'2026-08-22 08:23:32.934224500,0.068224500,1
'2026-08-22 08:23:32.934239000,0.068239000,0
'2026-08-22 08:23:32.934240200,0.068240200,1
'2026-08-22 08:23:32.934240300,0.068240300,0
'2026-08-22 08:23:32.934244100,0.068244100,1
'2026-08-22 08:23:32.935448400,0.069448400,0
'2026-08-22 08:23:32.935449500,0.069449500,1
'2026-08-22 08:23:32.935463700,0.069463700,0
'2026-08-22 08:23:32.935463800,0.069463800,1
'2026-08-22 08:23:32.935463900,0.069463900,0
'2026-08-22 08:23:32.935475600,0.069475600,1
'2026-08-22 08:23:32.935489900,0.069489900,0
'2026-08-22 08:23:32.935501700,0.069501700,1
'2026-08-22 08:23:32.935516000,0.069516000,0
'2026-08-22 08:23:32.935527700,0.069527700,1
'2026-08-22 08:23:32.935541900,0.069541900,0
'2026-08-22 08:23:32.935550100,0.069550100,1
'2026-08-22 08:23:32.935550200,0.069550200,0
'2026-08-22 08:23:32.935553800,0.069553800,1
'2026-08-22 08:23:32.935568000,0.069568000,0
'2026-08-22 08:23:32.935568100,0.069568100,1
'2026-08-22 08:23:32.935568200,0.069568200,0
'2026-08-22 08:23:32.935577600,0.069577600,1
'2026-08-22 08:23:32.935577700,0.069577700,0
'2026-08-22 08:23:32.935579900,0.069579900,1
'2026-08-22 08:23:32.935594200,0.069594200,0
'2026-08-22 08:23:32.935596400,0.069596400,1
'2026-08-22 08:23:32.935596500,0.069596500,0
'2026-08-22 08:23:32.935606000,0.069606000,1
'2026-08-22 08:23:32.935620200,0.069620200,0
'2026-08-22 08:23:32.935620300,0.069620300,1
'2026-08-22 08:23:32.935620400,0.069620400,0
'2026-08-22 08:23:32.935632000,0.069632000,1
'2026-08-22 08:23:32.935646400,0.069646400,0
'2026-08-22 08:23:32.935646700,0.069646700,1
'2026-08-22 08:23:32.935646800,0.069646800,0
'2026-08-22 08:23:32.935649600,0.069649600,1
'2026-08-22 08:23:32.935649700,0.069649700,0
'2026-08-22 08:23:32.935658100,0.069658100,1
'2026-08-22 08:23:32.935672500,0.069672500,0
'2026-08-22 08:23:32.935679500,0.069679500,1
'2026-08-22 08:23:32.935679600,0.069679600,0
'2026-08-22 08:23:32.935679900,0.069679900,1
'2026-08-22 08:23:32.935680000,0.069680000,0
'2026-08-22 08:23:32.935684200,0.069684200,1
'2026-08-22 08:23:32.935698700,0.069698700,0
'2026-08-22 08:23:32.935710200,0.069710200,1
'2026-08-22 08:23:32.935724600,0.069724600,0
'2026-08-22 08:23:32.935724900,0.069724900,1
'2026-08-22 08:23:32.935725000,0.069725000,0
'2026-08-22 08:23:32.935726600,0.069726600,1
'2026-08-22 08:23:32.935726700,0.069726700,0
'2026-08-22 08:23:32.935735400,0.069735400,1
'2026-08-22 08:23:32.935735500,0.069735500,0
'2026-08-22 08:23:32.935736300,0.069736300,1
'2026-08-22 08:23:32.935750800,0.069750800,0
'2026-08-22 08:23:32.935762400,0.069762400,1
'2026-08-22 08:23:32.935777000,0.069777000,0
'2026-08-22 08:23:32.935779800,0.069779800,1
'2026-08-22 08:23:32.935779900,0.069779900,0
'2026-08-22 08:23:32.935787400,0.069787400,1
'2026-08-22 08:23:32.935787500,0.069787500,0
'2026-08-22 08:23:32.935788500,0.069788500,1
'2026-08-22 08:23:32.935802800,0.069802800,0
'2026-08-22 08:23:32.935803100,0.069803100,1
'2026-08-22 08:23:32.935803200,0.069803200,0
'2026-08-22 08:23:32.935803700,0.069803700,1
'2026-08-22 08:23:32.935803800,0.069803800,0
'2026-08-22 08:23:32.935804900,0.069804900,1
'2026-08-22 08:23:32.935805000,0.069805000,0
'2026-08-22 08:23:32.935807200,0.069807200,1
'2026-08-22 08:23:32.935807300,0.069807300,0
'2026-08-22 08:23:32.935808400,0.069808400,1
'2026-08-22 08:23:32.935808600,0.069808600,0
'2026-08-22 08:23:32.935809000,0.069809000,1
'2026-08-22 08:23:32.935809100,0.069809100,0
'2026-08-22 08:23:32.935814500,0.069814500,1
'2026-08-22 08:23:32.935829000,0.069829000,0
'2026-08-22 08:23:32.935830000,0.069830000,1
'2026-08-22 08:23:32.935830100,0.069830100,0
'2026-08-22 08:23:32.935835300,0.069835300,1
'2026-08-22 08:23:32.935835400,0.069835400,0
'2026-08-22 08:23:32.935837600,0.069837600,1
'2026-08-22 08:23:32.935837800,0.069837800,0
'2026-08-22 08:23:32.935840600,0.069840600,1
'2026-08-22 08:23:32.935855000,0.069855000,0
'2026-08-22 08:23:32.935856300,0.069856300,1
'2026-08-22 08:23:32.935856400,0.069856400,0
'2026-08-22 08:23:32.935856900,0.069856900,1
'2026-08-22 08:23:32.935857000,0.069857000,0
'2026-08-22 08:23:32.935857500,0.069857500,1
'2026-08-22 08:23:32.935857600,0.069857600,0
'2026-08-22 08:23:32.935857900,0.069857900,1
'2026-08-22 08:23:32.936271800,0.070271800,0
'2026-08-22 08:23:32.936283700,0.070283700,1
'2026-08-22 08:23:32.936298000,0.070298000,0
'2026-08-22 08:23:32.936309700,0.070309700,1
'2026-08-22 08:23:32.936324300,0.070324300,0
'2026-08-22 08:23:32.936335800,0.070335800,1
'2026-08-22 08:23:32.936350200,0.070350200,0
'2026-08-22 08:23:32.936361900,0.070361900,1
'2026-08-22 08:23:32.936376300,0.070376300,0
'2026-08-22 08:23:32.936383100,0.070383100,1
'2026-08-22 08:23:32.936383200,0.070383200,0
'2026-08-22 08:23:32.936388000,0.070388000,1
'2026-08-22 08:23:32.936402600,0.070402600,0
'2026-08-22 08:23:32.936414100,0.070414100,1
'2026-08-22 08:23:32.936428400,0.070428400,0
'2026-08-22 08:23:32.936440100,0.070440100,1
'2026-08-22 08:23:32.936454600,0.070454600,0
'2026-08-22 08:23:32.936464300,0.070464300,1
'2026-08-22 08:23:32.936464500,0.070464500,0
'2026-08-22 08:23:32.936466200,0.070466200,1
'2026-08-22 08:23:32.936480800,0.070480800,0
'2026-08-22 08:23:32.936481300,0.070481300,1
'2026-08-22 08:23:32.936481400,0.070481400,0
'2026-08-22 08:23:32.936491000,0.070491000,1
'2026-08-22 08:23:32.936491100,0.070491100,0
'2026-08-22 08:23:32.936492300,0.070492300,1
'2026-08-22 08:23:32.936506600,0.070506600,0
'2026-08-22 08:23:32.936512800,0.070512800,1
'2026-08-22 08:23:32.936512900,0.070512900,0
'2026-08-22 08:23:32.936514700,0.070514700,1
'2026-08-22 08:23:32.936514800,0.070514800,0
'2026-08-22 08:23:32.936516300,0.070516300,1
'2026-08-22 08:23:32.936516400,0.070516400,0
'2026-08-22 08:23:32.936518300,0.070518300,1
'2026-08-22 08:23:32.936533000,0.070533000,0
'2026-08-22 08:23:32.936533300,0.070533300,1
'2026-08-22 08:23:32.936533400,0.070533400,0
'2026-08-22 08:23:32.936533800,0.070533800,1
'2026-08-22 08:23:32.936534000,0.070534000,0
'2026-08-22 08:23:32.936534400,0.070534400,1
'2026-08-22 08:23:32.936534500,0.070534500,0
'2026-08-22 08:23:32.936536800,0.070536800,1
'2026-08-22 08:23:32.936536900,0.070536900,0
'2026-08-22 08:23:32.936544400,0.070544400,1
'2026-08-22 08:23:32.936558700,0.070558700,0
'2026-08-22 08:23:32.936558800,0.070558800,1
'2026-08-22 08:23:32.936558900,0.070558900,0
'2026-08-22 08:23:32.936563100,0.070563100,1
'2026-08-22 08:23:32.936563200,0.070563200,0
'2026-08-22 08:23:32.936570500,0.070570500,1
'2026-08-22 08:23:32.936585100,0.070585100,0
'2026-08-22 08:23:32.936586700,0.070586700,1
'2026-08-22 08:23:32.936586800,0.070586800,0
'2026-08-22 08:23:32.936587600,0.070587600,1
'2026-08-22 08:23:32.936587700,0.070587700,0
'2026-08-22 08:23:32.936592700,0.070592700,1
'2026-08-22 08:23:32.936592800,0.070592800,0
'2026-08-22 08:23:32.936595200,0.070595200,1
'2026-08-22 08:23:32.936595300,0.070595300,0
'2026-08-22 08:23:32.936596400,0.070596400,1
'2026-08-22 08:23:32.936596500,0.070596500,0
'2026-08-22 08:23:32.936596600,0.070596600,1
'2026-08-22 08:23:32.936611200,0.070611200,0
'2026-08-22 08:23:32.936612700,0.070612700,1
'2026-08-22 08:23:32.936612800,0.070612800,0
'2026-08-22 08:23:32.936614500,0.070614500,1
'2026-08-22 08:23:32.936614600,0.070614600,0
'2026-08-22 08:23:32.936615000,0.070615000,1
'2026-08-22 08:23:32.936615200,0.070615200,0
'2026-08-22 08:23:32.936618600,0.070618600,1
'2026-08-22 08:23:32.936618700,0.070618700,0
'2026-08-22 08:23:32.936619100,0.070619100,1
'2026-08-22 08:23:32.936619200,0.070619200,0
'2026-08-22 08:23:32.936620900,0.070620900,1
'2026-08-22 08:23:32.936621000,0.070621000,0
'2026-08-22 08:23:32.936622600,0.070622600,1
'2026-08-22 08:23:32.936637000,0.070637000,0
'2026-08-22 08:23:32.936637300,0.070637300,1
'2026-08-22 08:23:32.936637400,0.070637400,0
'2026-08-22 08:23:32.936637800,0.070637800,1
'2026-08-22 08:23:32.936638000,0.070638000,0
'2026-08-22 08:23:32.936641300,0.070641300,1
'2026-08-22 08:23:32.936641500,0.070641500,0
'2026-08-22 08:23:32.936643700,0.070643700,1
'2026-08-22 08:23:32.936643800,0.070643800,0
'2026-08-22 08:23:32.936644300,0.070644300,1
'2026-08-22 08:23:32.936644400,0.070644400,0
'2026-08-22 08:23:32.936644700,0.070644700,1
'2026-08-22 08:23:32.936645000,0.070645000,0
'2026-08-22 08:23:32.936645400,0.070645400,1
'2026-08-22 08:23:32.936645600,0.070645600,0
'2026-08-22 08:23:32.936647800,0.070647800,1
'2026-08-22 08:23:32.936647900,0.070647900,0
'2026-08-22 08:23:32.936648700,0.070648700,1
'2026-08-22 08:23:32.936663200,0.070663200,0
'2026-08-22 08:23:32.936663500,0.070663500,1
'2026-08-22 08:23:32.936663800,0.070663800,0
'2026-08-22 08:23:32.936664100,0.070664100,1
'2026-08-22 08:23:32.936664200,0.070664200,0
'2026-08-22 08:23:32.936664700,0.070664700,1
'2026-08-22 08:23:32.936664800,0.070664800,0
'2026-08-22 08:23:32.936665200,0.070665200,1
'2026-08-22 08:23:32.936665400,0.070665400,0
'2026-08-22 08:23:32.936665500,0.070665500,1
'2026-08-22 08:23:32.936665600,0.070665600,0
'2026-08-22 08:23:32.936667100,0.070667100,1
'2026-08-22 08:23:32.936667200,0.070667200,0
'2026-08-22 08:23:32.936672900,0.070672900,1
'2026-08-22 08:23:32.936673000,0.070673000,0
'2026-08-22 08:23:32.936674700,0.070674700,1
'2026-08-22 08:23:32.937106000,0.071106000,0
'2026-08-22 08:23:32.937117800,0.071117800,1
'2026-08-22 08:23:32.937132000,0.071132000,0
'2026-08-22 08:23:32.937132200,0.071132200,1
'2026-08-22 08:23:32.937132300,0.071132300,0
'2026-08-22 08:23:32.937143900,0.071143900,1
'2026-08-22 08:23:32.937158200,0.071158200,0
'2026-08-22 08:23:32.937158300,0.071158300,1
'2026-08-22 08:23:32.937158500,0.071158500,0
'2026-08-22 08:23:32.937170000,0.071170000,1
'2026-08-22 08:23:32.937184200,0.071184200,0
'2026-08-22 08:23:32.937187300,0.071187300,1
'2026-08-22 08:23:32.937187400,0.071187400,0
'2026-08-22 08:23:32.937196100,0.071196100,1
'2026-08-22 08:23:32.937210600,0.071210600,0
'2026-08-22 08:23:32.937210700,0.071210700,1
'2026-08-22 08:23:32.937210800,0.071210800,0
'2026-08-22 08:23:32.937222100,0.071222100,1
'2026-08-22 08:23:32.937236500,0.071236500,0
'2026-08-22 08:23:32.937248200,0.071248200,1
'2026-08-22 08:23:32.937262500,0.071262500,0
'2026-08-22 08:23:32.937268500,0.071268500,1
'2026-08-22 08:23:32.937268600,0.071268600,0
'2026-08-22 08:23:32.937274300,0.071274300,1
'2026-08-22 08:23:32.937288500,0.071288500,0
'2026-08-22 08:23:32.937288600,0.071288600,1
'2026-08-22 08:23:32.937288800,0.071288800,0
'2026-08-22 08:23:32.937300000,0.071300000,1
'2026-08-22 08:23:32.937300200,0.071300200,0
'2026-08-22 08:23:32.937300400,0.071300400,1
'2026-08-22 08:23:32.937314800,0.071314800,0
'2026-08-22 08:23:32.937314900,0.071314900,1
'2026-08-22 08:23:32.937315000,0.071315000,0
'2026-08-22 08:23:32.937317600,0.071317600,1
'2026-08-22 08:23:32.937317700,0.071317700,0
'2026-08-22 08:23:32.937325200,0.071325200,1
'2026-08-22 08:23:32.937325300,0.071325300,0
'2026-08-22 08:23:32.937326400,0.071326400,1
'2026-08-22 08:23:32.937341000,0.071341000,0
'2026-08-22 08:23:32.937350900,0.071350900,1
'2026-08-22 08:23:32.937351000,0.071351000,0
'2026-08-22 08:23:32.937352500,0.071352500,1
'2026-08-22 08:23:32.937367000,0.071367000,0
'2026-08-22 08:23:32.937369500,0.071369500,1
'2026-08-22 08:23:32.937369600,0.071369600,0
'2026-08-22 08:23:32.937370700,0.071370700,1
'2026-08-22 08:23:32.937370800,0.071370800,0
'2026-08-22 08:23:32.937371300,0.071371300,1
'2026-08-22 08:23:32.937371400,0.071371400,0
'2026-08-22 08:23:32.937371900,0.071371900,1
'2026-08-22 08:23:32.937372000,0.071372000,0
'2026-08-22 08:23:32.937378300,0.071378300,1
'2026-08-22 08:23:32.937378400,0.071378400,0
'2026-08-22 08:23:32.937378600,0.071378600,1
'2026-08-22 08:23:32.937393000,0.071393000,0
'2026-08-22 08:23:32.937393500,0.071393500,1
'2026-08-22 08:23:32.937393600,0.071393600,0
'2026-08-22 08:23:32.937398300,0.071398300,1
'2026-08-22 08:23:32.937398400,0.071398400,0
'2026-08-22 08:23:32.937398700,0.071398700,1
'2026-08-22 08:23:32.937398800,0.071398800,0
'2026-08-22 08:23:32.937399300,0.071399300,1
'2026-08-22 08:23:32.937399400,0.071399400,0
'2026-08-22 08:23:32.937401700,0.071401700,1
'2026-08-22 08:23:32.937401800,0.071401800,0
'2026-08-22 08:23:32.937402300,0.071402300,1
'2026-08-22 08:23:32.937402400,0.071402400,0
'2026-08-22 08:23:32.937404600,0.071404600,1
'2026-08-22 08:23:32.937419000,0.071419000,0
'2026-08-22 08:23:32.937419100,0.071419100,1
'2026-08-22 08:23:32.937419300,0.071419300,0
'2026-08-22 08:23:32.937419700,0.071419700,1
'2026-08-22 08:23:32.937419900,0.071419900,0
'2026-08-22 08:23:32.937420900,0.071420900,1
'2026-08-22 08:23:32.937421000,0.071421000,0
'2026-08-22 08:23:32.937422100,0.071422100,1
'2026-08-22 08:23:32.937422200,0.071422200,0
'2026-08-22 08:23:32.937429300,0.071429300,1
'2026-08-22 08:23:32.937429400,0.071429400,0
'2026-08-22 08:23:32.937430700,0.071430700,1
'2026-08-22 08:23:32.937445100,0.071445100,0
'2026-08-22 08:23:32.937445200,0.071445200,1
'2026-08-22 08:23:32.937445300,0.071445300,0
'2026-08-22 08:23:32.937445400,0.071445400,1
'2026-08-22 08:23:32.937445600,0.071445600,0
'2026-08-22 08:23:32.937447800,0.071447800,1
'2026-08-22 08:23:32.937447900,0.071447900,0
'2026-08-22 08:23:32.937449900,0.071449900,1
'2026-08-22 08:23:32.937450000,0.071450000,0
'2026-08-22 08:23:32.937450700,0.071450700,1
'2026-08-22 08:23:32.937450800,0.071450800,0
'2026-08-22 08:23:32.937451300,0.071451300,1
'2026-08-22 08:23:32.937451400,0.071451400,0
'2026-08-22 08:23:32.937451500,0.071451500,1
'2026-08-22 08:23:32.937451600,0.071451600,0
'2026-08-22 08:23:32.937451900,0.071451900,1
'2026-08-22 08:23:32.937452000,0.071452000,0
'2026-08-22 08:23:32.937453100,0.071453100,1
'2026-08-22 08:23:32.937453200,0.071453200,0
'2026-08-22 08:23:32.937453600,0.071453600,1
'2026-08-22 08:23:32.937453700,0.071453700,0
'2026-08-22 08:23:32.937455400,0.071455400,1
'2026-08-22 08:23:32.937455500,0.071455500,0
'2026-08-22 08:23:32.937456800,0.071456800,1
'2026-08-22 08:23:32.937472000,0.071472000,0
'2026-08-22 08:23:32.937477400,0.071477400,1
'2026-08-22 08:23:32.937477500,0.071477500,0
'2026-08-22 08:23:32.937478700,0.071478700,1
'2026-08-22 08:23:32.937478900,0.071478900,0
'2026-08-22 08:23:32.937479100,0.071479100,1
'2026-08-22 08:23:32.937479400,0.071479400,0
'2026-08-22 08:23:32.937479900,0.071479900,1
'2026-08-22 08:23:32.937480000,0.071480000,0
'2026-08-22 08:23:32.937481100,0.071481100,1
'2026-08-22 08:23:32.937481200,0.071481200,0
'2026-08-22 08:23:32.937482300,0.071482300,1
'2026-08-22 08:23:32.937482400,0.071482400,0
'2026-08-22 08:23:32.937482800,0.071482800,1
'2026-08-22 08:23:32.937497200,0.071497200,0
'2026-08-22 08:23:32.937499200,0.071499200,1
'2026-08-22 08:23:32.937499300,0.071499300,0
'2026-08-22 08:23:32.937499700,0.071499700,1
'2026-08-22 08:23:32.937499800,0.071499800,0
'2026-08-22 08:23:32.937500300,0.071500300,1
'2026-08-22 08:23:32.937500400,0.071500400,0
'2026-08-22 08:23:32.937501500,0.071501500,1
'2026-08-22 08:23:32.937501600,0.071501600,0
'2026-08-22 08:23:32.937502100,0.071502100,1
'2026-08-22 08:23:32.937502200,0.071502200,0
'2026-08-22 08:23:32.937502300,0.071502300,1
'2026-08-22 08:23:32.937502400,0.071502400,0
'2026-08-22 08:23:32.937503600,0.071503600,1
'2026-08-22 08:23:32.938722100,0.072722100,0
'2026-08-22 08:23:32.938733900,0.072733900,1
'2026-08-22 08:23:32.938748200,0.072748200,0
'2026-08-22 08:23:32.938760000,0.072760000,1
'2026-08-22 08:23:32.938774200,0.072774200,0
'2026-08-22 08:23:32.938786100,0.072786100,1
'2026-08-22 08:23:32.938800300,0.072800300,0
'2026-08-22 08:23:32.938812100,0.072812100,1
'2026-08-22 08:23:32.938826600,0.072826600,0
'2026-08-22 08:23:32.938834900,0.072834900,1
'2026-08-22 08:23:32.938835000,0.072835000,0
'2026-08-22 08:23:32.938838200,0.072838200,1
'2026-08-22 08:23:32.938852500,0.072852500,0
'2026-08-22 08:23:32.938864300,0.072864300,1
'2026-08-22 08:23:32.938878600,0.072878600,0
'2026-08-22 08:23:32.938887000,0.072887000,1
'2026-08-22 08:23:32.938887100,0.072887100,0
'2026-08-22 08:23:32.938890400,0.072890400,1
'2026-08-22 08:23:32.938904800,0.072904800,0
'2026-08-22 08:23:32.938906900,0.072906900,1
'2026-08-22 08:23:32.938907000,0.072907000,0
'2026-08-22 08:23:32.938916400,0.072916400,1
'2026-08-22 08:23:32.938930800,0.072930800,0
'2026-08-22 08:23:32.938942500,0.072942500,1
'2026-08-22 08:23:32.938956800,0.072956800,0
'2026-08-22 08:23:32.938957200,0.072957200,1
'2026-08-22 08:23:32.938957300,0.072957300,0
'2026-08-22 08:23:32.938959100,0.072959100,1
'2026-08-22 08:23:32.938959200,0.072959200,0
'2026-08-22 08:23:32.938968600,0.072968600,1
'2026-08-22 08:23:32.938983000,0.072983000,0
'2026-08-22 08:23:32.938994700,0.072994700,1
'2026-08-22 08:23:32.939009000,0.073009000,0
'2026-08-22 08:23:32.939009200,0.073009200,1
'2026-08-22 08:23:32.939009300,0.073009300,0
'2026-08-22 08:23:32.939009700,0.073009700,1
'2026-08-22 08:23:32.939009800,0.073009800,0
'2026-08-22 08:23:32.939020700,0.073020700,1
'2026-08-22 08:23:32.939035000,0.073035000,0
'2026-08-22 08:23:32.939038900,0.073038900,1
'2026-08-22 08:23:32.939039000,0.073039000,0
'2026-08-22 08:23:32.939041300,0.073041300,1
'2026-08-22 08:23:32.939041400,0.073041400,0
'2026-08-22 08:23:32.939041900,0.073041900,1
'2026-08-22 08:23:32.939042000,0.073042000,0
'2026-08-22 08:23:32.939046800,0.073046800,1
'2026-08-22 08:23:32.939061300,0.073061300,0
'2026-08-22 08:23:32.939061400,0.073061400,1
'2026-08-22 08:23:32.939061500,0.073061500,0
'2026-08-22 08:23:32.939061700,0.073061700,1
'2026-08-22 08:23:32.939061800,0.073061800,0
'2026-08-22 08:23:32.939063300,0.073063300,1
'2026-08-22 08:23:32.939063400,0.073063400,0
'2026-08-22 08:23:32.939064100,0.073064100,1
'2026-08-22 08:23:32.939064200,0.073064200,0
'2026-08-22 08:23:32.939064700,0.073064700,1
'2026-08-22 08:23:32.939064800,0.073064800,0
'2026-08-22 08:23:32.939072900,0.073072900,1
'2026-08-22 08:23:32.939087200,0.073087200,0
'2026-08-22 08:23:32.939087400,0.073087400,1
'2026-08-22 08:23:32.939087500,0.073087500,0
'2026-08-22 08:23:32.939089200,0.073089200,1
'2026-08-22 08:23:32.939089400,0.073089400,0
'2026-08-22 08:23:32.939091500,0.073091500,1
'2026-08-22 08:23:32.939091600,0.073091600,0
'2026-08-22 08:23:32.939092100,0.073092100,1
'2026-08-22 08:23:32.939092200,0.073092200,0
'2026-08-22 08:23:32.939095600,0.073095600,1
'2026-08-22 08:23:32.939095700,0.073095700,0
'2026-08-22 08:23:32.939098900,0.073098900,1
'2026-08-22 08:23:32.939113400,0.073113400,0
'2026-08-22 08:23:32.939114300,0.073114300,1
'2026-08-22 08:23:32.939114400,0.073114400,0
'2026-08-22 08:23:32.939115300,0.073115300,1
'2026-08-22 08:23:32.939115400,0.073115400,0
'2026-08-22 08:23:32.939119600,0.073119600,1
'2026-08-22 08:23:32.939119700,0.073119700,0
'2026-08-22 08:23:32.939120100,0.073120100,1
'2026-08-22 08:23:32.939120200,0.073120200,0
'2026-08-22 08:23:32.939120700,0.073120700,1
'2026-08-22 08:23:32.939120800,0.073120800,0
'2026-08-22 08:23:32.939121900,0.073121900,1
'2026-08-22 08:23:32.939122000,0.073122000,0
'2026-08-22 08:23:32.939122500,0.073122500,1
'2026-08-22 08:23:32.939122600,0.073122600,0
'2026-08-22 08:23:32.939125000,0.073125000,1
'2026-08-22 08:23:32.939538700,0.073538700,0
'2026-08-22 08:23:32.939542000,0.073542000,1
'2026-08-22 08:23:32.939556300,0.073556300,0
'2026-08-22 08:23:32.939568100,0.073568100,1
'2026-08-22 08:23:32.939582400,0.073582400,0
'2026-08-22 08:23:32.939589400,0.073589400,1
'2026-08-22 08:23:32.939589500,0.073589500,0
'2026-08-22 08:23:32.939594200,0.073594200,1
'2026-08-22 08:23:32.939608500,0.073608500,0
'2026-08-22 08:23:32.939620200,0.073620200,1
'2026-08-22 08:23:32.939634500,0.073634500,0
'2026-08-22 08:23:32.939646300,0.073646300,1
'2026-08-22 08:23:32.939660700,0.073660700,0
'2026-08-22 08:23:32.939668600,0.073668600,1
'2026-08-22 08:23:32.939668700,0.073668700,0
'2026-08-22 08:23:32.939672400,0.073672400,1
'2026-08-22 08:23:32.939686800,0.073686800,0
'2026-08-22 08:23:32.939690700,0.073690700,1
'2026-08-22 08:23:32.939690800,0.073690800,0
'2026-08-22 08:23:32.939698500,0.073698500,1
'2026-08-22 08:23:32.939712800,0.073712800,0
'2026-08-22 08:23:32.939712900,0.073712900,1
'2026-08-22 08:23:32.939713000,0.073713000,0
'2026-08-22 08:23:32.939718800,0.073718800,1
'2026-08-22 08:23:32.939718900,0.073718900,0
'2026-08-22 08:23:32.939724500,0.073724500,1
'2026-08-22 08:23:32.939738900,0.073738900,0
'2026-08-22 08:23:32.939739500,0.073739500,1
'2026-08-22 08:23:32.939739600,0.073739600,0
'2026-08-22 08:23:32.939741500,0.073741500,1
'2026-08-22 08:23:32.939741600,0.073741600,0
'2026-08-22 08:23:32.939742100,0.073742100,1
'2026-08-22 08:23:32.939742200,0.073742200,0
'2026-08-22 08:23:32.939743900,0.073743900,1
'2026-08-22 08:23:32.939744000,0.073744000,0
'2026-08-22 08:23:32.939744500,0.073744500,1
'2026-08-22 08:23:32.939744600,0.073744600,0
'2026-08-22 08:23:32.939750300,0.073750300,1
'2026-08-22 08:23:32.939750400,0.073750400,0
'2026-08-22 08:23:32.939750600,0.073750600,1
'2026-08-22 08:23:32.939765100,0.073765100,0
'2026-08-22 08:23:32.939765500,0.073765500,1
'2026-08-22 08:23:32.939765600,0.073765600,0
'2026-08-22 08:23:32.939770200,0.073770200,1
'2026-08-22 08:23:32.939770300,0.073770300,0
'2026-08-22 08:23:32.939773100,0.073773100,1
'2026-08-22 08:23:32.939773200,0.073773200,0
'2026-08-22 08:23:32.939776700,0.073776700,1
'2026-08-22 08:23:32.939791300,0.073791300,0
'2026-08-22 08:23:32.939793500,0.073793500,1
'2026-08-22 08:23:32.939793600,0.073793600,0
'2026-08-22 08:23:32.939794100,0.073794100,1
'2026-08-22 08:23:32.939794200,0.073794200,0
'2026-08-22 08:23:32.939795300,0.073795300,1
'2026-08-22 08:23:32.939795400,0.073795400,0
'2026-08-22 08:23:32.939795900,0.073795900,1
'2026-08-22 08:23:32.939796000,0.073796000,0
'2026-08-22 08:23:32.939802800,0.073802800,1
'2026-08-22 08:23:32.939817300,0.073817300,0
'2026-08-22 08:23:32.939817500,0.073817500,1
'2026-08-22 08:23:32.939817600,0.073817600,0
'2026-08-22 08:23:32.939821500,0.073821500,1
'2026-08-22 08:23:32.939821600,0.073821600,0
'2026-08-22 08:23:32.939823900,0.073823900,1
'2026-08-22 08:23:32.939824000,0.073824000,0
'2026-08-22 08:23:32.939825000,0.073825000,1
'2026-08-22 08:23:32.939825100,0.073825100,0
'2026-08-22 08:23:32.939828800,0.073828800,1
'2026-08-22 08:23:32.939843300,0.073843300,0
'2026-08-22 08:23:32.939844300,0.073844300,1
'2026-08-22 08:23:32.939844400,0.073844400,0
'2026-08-22 08:23:32.939844900,0.073844900,1
'2026-08-22 08:23:32.939845000,0.073845000,0
'2026-08-22 08:23:32.939849100,0.073849100,1
'2026-08-22 08:23:32.939849200,0.073849200,0
'2026-08-22 08:23:32.939851900,0.073851900,1
'2026-08-22 08:23:32.939852000,0.073852000,0
'2026-08-22 08:23:32.939852500,0.073852500,1
'2026-08-22 08:23:32.939852600,0.073852600,0
'2026-08-22 08:23:32.939854900,0.073854900,1
'2026-08-22 08:23:32.939869200,0.073869200,0
'2026-08-22 08:23:32.939869400,0.073869400,1
'2026-08-22 08:23:32.939869500,0.073869500,0
'2026-08-22 08:23:32.939871200,0.073871200,1
'2026-08-22 08:23:32.939871300,0.073871300,0
'2026-08-22 08:23:32.939872300,0.073872300,1
'2026-08-22 08:23:32.939872400,0.073872400,0
'2026-08-22 08:23:32.939873100,0.073873100,1
'2026-08-22 08:23:32.939873200,0.073873200,0
'2026-08-22 08:23:32.939873500,0.073873500,1
'2026-08-22 08:23:32.939873600,0.073873600,0
'2026-08-22 08:23:32.939874700,0.073874700,1
'2026-08-22 08:23:32.939874800,0.073874800,0
'2026-08-22 08:23:32.939875300,0.073875300,1
'2026-08-22 08:23:32.939875400,0.073875400,0
'2026-08-22 08:23:32.939876400,0.073876400,1
'2026-08-22 08:23:32.939876500,0.073876500,0
'2026-08-22 08:23:32.939881000,0.073881000,1
'2026-08-22 08:23:32.939895400,0.073895400,0
'2026-08-22 08:23:32.939895700,0.073895700,1
'2026-08-22 08:23:32.939895800,0.073895800,0
'2026-08-22 08:23:32.939896100,0.073896100,1
'2026-08-22 08:23:32.939896200,0.073896200,0
'2026-08-22 08:23:32.939896300,0.073896300,1
'2026-08-22 08:23:32.939896400,0.073896400,0
'2026-08-22 08:23:32.939900400,0.073900400,1
'2026-08-22 08:23:32.939900500,0.073900500,0
'2026-08-22 08:23:32.939901500,0.073901500,1
'2026-08-22 08:23:32.939901600,0.073901600,0
'2026-08-22 08:23:32.939902700,0.073902700,1
'2026-08-22 08:23:32.939902800,0.073902800,0
'2026-08-22 08:23:32.939903300,0.073903300,1
'2026-08-22 08:23:32.939903400,0.073903400,0
'2026-08-22 08:23:32.939903900,0.073903900,1
'2026-08-22 08:23:32.939904000,0.073904000,0
'2026-08-22 08:23:32.939905100,0.073905100,1
'2026-08-22 08:23:32.939905200,0.073905200,0
'2026-08-22 08:23:32.939907000,0.073907000,1
'2026-08-22 08:23:32.939921600,0.073921600,0
'2026-08-22 08:23:32.939922000,0.073922000,1
'2026-08-22 08:23:32.939922100,0.073922100,0
'2026-08-22 08:23:32.939922500,0.073922500,1
'2026-08-22 08:23:32.939922600,0.073922600,0
'2026-08-22 08:23:32.939922800,0.073922800,1
'2026-08-22 08:23:32.939922900,0.073922900,0
'2026-08-22 08:23:32.939923200,0.073923200,1
'2026-08-22 08:23:32.939923300,0.073923300,0
'2026-08-22 08:23:32.939924300,0.073924300,1
'2026-08-22 08:23:32.939924400,0.073924400,0
'2026-08-22 08:23:32.939925500,0.073925500,1
'2026-08-22 08:23:32.939925600,0.073925600,0
'2026-08-22 08:23:32.939926100,0.073926100,1
'2026-08-22 08:23:32.939926200,0.073926200,0
'2026-08-22 08:23:32.939926700,0.073926700,1
'2026-08-22 08:23:32.939926800,0.073926800,0
'2026-08-22 08:23:32.939928900,0.073928900,1
'2026-08-22 08:23:32.939929000,0.073929000,0
'2026-08-22 08:23:32.939929600,0.073929600,1
'2026-08-22 08:23:32.939929700,0.073929700,0
'2026-08-22 08:23:32.939931900,0.073931900,1
'2026-08-22 08:23:32.939932000,0.073932000,0
'2026-08-22 08:23:32.939932500,0.073932500,1
'2026-08-22 08:23:32.939932600,0.073932600,0
'2026-08-22 08:23:32.939933100,0.073933100,1
'2026-08-22 08:23:32.939947800,0.073947800,0
'2026-08-22 08:23:32.939948100,0.073948100,1
'2026-08-22 08:23:32.940364400,0.074364400,0
'2026-08-22 08:23:32.940376200,0.074376200,1
'2026-08-22 08:23:32.940390500,0.074390500,0
'2026-08-22 08:23:32.940402300,0.074402300,1
'2026-08-22 08:23:32.940416700,0.074416700,0
'2026-08-22 08:23:32.940419500,0.074419500,1
'2026-08-22 08:23:32.940419600,0.074419600,0
'2026-08-22 08:23:32.940425900,0.074425900,1
'2026-08-22 08:23:32.940426000,0.074426000,0
'2026-08-22 08:23:32.940428300,0.074428300,1
'2026-08-22 08:23:32.940442600,0.074442600,0
'2026-08-22 08:23:32.940443200,0.074443200,1
'2026-08-22 08:23:32.940443300,0.074443300,0
'2026-08-22 08:23:32.940449000,0.074449000,1
'2026-08-22 08:23:32.940449100,0.074449100,0
'2026-08-22 08:23:32.940454400,0.074454400,1
'2026-08-22 08:23:32.940468900,0.074468900,0
'2026-08-22 08:23:32.940476700,0.074476700,1
'2026-08-22 08:23:32.940476800,0.074476800,0
'2026-08-22 08:23:32.940480500,0.074480500,1
'2026-08-22 08:23:32.940494800,0.074494800,0
'2026-08-22 08:23:32.940494900,0.074494900,1
'2026-08-22 08:23:32.940495000,0.074495000,0
'2026-08-22 08:23:32.940506600,0.074506600,1
'2026-08-22 08:23:32.940521000,0.074521000,0
'2026-08-22 08:23:32.940521100,0.074521100,1
'2026-08-22 08:23:32.940521200,0.074521200,0
'2026-08-22 08:23:32.940532600,0.074532600,1
'2026-08-22 08:23:32.940547200,0.074547200,0
'2026-08-22 08:23:32.940547400,0.074547400,1
'2026-08-22 08:23:32.940547600,0.074547600,0
'2026-08-22 08:23:32.940548000,0.074548000,1
'2026-08-22 08:23:32.940548100,0.074548100,0
'2026-08-22 08:23:32.940549200,0.074549200,1
'2026-08-22 08:23:32.940549300,0.074549300,0
'2026-08-22 08:23:32.940556800,0.074556800,1
'2026-08-22 08:23:32.940556900,0.074556900,0
'2026-08-22 08:23:32.940558700,0.074558700,1
'2026-08-22 08:23:32.940573300,0.074573300,0
'2026-08-22 08:23:32.940584800,0.074584800,1
'2026-08-22 08:23:32.940599200,0.074599200,0
'2026-08-22 08:23:32.940599600,0.074599600,1
'2026-08-22 08:23:32.940599700,0.074599700,0
'2026-08-22 08:23:32.940601200,0.074601200,1
'2026-08-22 08:23:32.940601300,0.074601300,0
'2026-08-22 08:23:32.940603500,0.074603500,1
'2026-08-22 08:23:32.940603600,0.074603600,0
'2026-08-22 08:23:32.940604700,0.074604700,1
'2026-08-22 08:23:32.940604800,0.074604800,0
'2026-08-22 08:23:32.940605900,0.074605900,1
'2026-08-22 08:23:32.940606000,0.074606000,0
'2026-08-22 08:23:32.940606700,0.074606700,1
'2026-08-22 08:23:32.940606800,0.074606800,0
'2026-08-22 08:23:32.940607600,0.074607600,1
'2026-08-22 08:23:32.940607700,0.074607700,0
'2026-08-22 08:23:32.940609900,0.074609900,1
'2026-08-22 08:23:32.940610000,0.074610000,0
'2026-08-22 08:23:32.940610900,0.074610900,1
'2026-08-22 08:23:32.940625200,0.074625200,0
'2026-08-22 08:23:32.940625300,0.074625300,1
'2026-08-22 08:23:32.940625400,0.074625400,0
'2026-08-22 08:23:32.940626300,0.074626300,1
'2026-08-22 08:23:32.940626400,0.074626400,0
'2026-08-22 08:23:32.940627500,0.074627500,1
'2026-08-22 08:23:32.940627600,0.074627600,0
'2026-08-22 08:23:32.940628100,0.074628100,1
'2026-08-22 08:23:32.940628200,0.074628200,0
'2026-08-22 08:23:32.940628600,0.074628600,1
'2026-08-22 08:23:32.940628700,0.074628700,0
'2026-08-22 08:23:32.940636900,0.074636900,1
'2026-08-22 08:23:32.940651400,0.074651400,0
'2026-08-22 08:23:32.940653100,0.074653100,1
'2026-08-22 08:23:32.940653200,0.074653200,0
'2026-08-22 08:23:32.940655500,0.074655500,1
'2026-08-22 08:23:32.940655600,0.074655600,0
'2026-08-22 08:23:32.940656900,0.074656900,1
'2026-08-22 08:23:32.940657000,0.074657000,0
'2026-08-22 08:23:32.940658400,0.074658400,1
'2026-08-22 08:23:32.940658600,0.074658600,0
'2026-08-22 08:23:32.940663000,0.074663000,1
'2026-08-22 08:23:32.940677600,0.074677600,0
'2026-08-22 08:23:32.940677700,0.074677700,1
'2026-08-22 08:23:32.940677800,0.074677800,0
'2026-08-22 08:23:32.940678300,0.074678300,1
'2026-08-22 08:23:32.940678400,0.074678400,0
'2026-08-22 08:23:32.940678600,0.074678600,1
'2026-08-22 08:23:32.940678700,0.074678700,0
'2026-08-22 08:23:32.940678900,0.074678900,1
'2026-08-22 08:23:32.940679000,0.074679000,0
'2026-08-22 08:23:32.940679400,0.074679400,1
'2026-08-22 08:23:32.940679500,0.074679500,0
'2026-08-22 08:23:32.940680000,0.074680000,1
'2026-08-22 08:23:32.940680100,0.074680100,0
'2026-08-22 08:23:32.940681200,0.074681200,1
'2026-08-22 08:23:32.940681300,0.074681300,0
'2026-08-22 08:23:32.940686400,0.074686400,1
'2026-08-22 08:23:32.940686500,0.074686500,0
'2026-08-22 08:23:32.940687000,0.074687000,1
'2026-08-22 08:23:32.940687100,0.074687100,0
'2026-08-22 08:23:32.940687600,0.074687600,1
'2026-08-22 08:23:32.940687700,0.074687700,0
'2026-08-22 08:23:32.940689100,0.074689100,1
'2026-08-22 08:23:32.940703500,0.074703500,0
'2026-08-22 08:23:32.940703900,0.074703900,1
'2026-08-22 08:23:32.940704100,0.074704100,0
'2026-08-22 08:23:32.940704500,0.074704500,1
'2026-08-22 08:23:32.940704700,0.074704700,0
'2026-08-22 08:23:32.940705700,0.074705700,1
'2026-08-22 08:23:32.940705800,0.074705800,0
'2026-08-22 08:23:32.940706700,0.074706700,1
'2026-08-22 08:23:32.940706800,0.074706800,0
'2026-08-22 08:23:32.940706900,0.074706900,1
'2026-08-22 08:23:32.940707000,0.074707000,0
'2026-08-22 08:23:32.940707500,0.074707500,1
'2026-08-22 08:23:32.940707600,0.074707600,0
'2026-08-22 08:23:32.940708000,0.074708000,1
'2026-08-22 08:23:32.940708200,0.074708200,0
'2026-08-22 08:23:32.940709200,0.074709200,1
'2026-08-22 08:23:32.940709300,0.074709300,0
'2026-08-22 08:23:32.940710400,0.074710400,1
'2026-08-22 08:23:32.940710500,0.074710500,0
'2026-08-22 08:23:32.940711400,0.074711400,1
'2026-08-22 08:23:32.940711500,0.074711500,0
'2026-08-22 08:23:32.940712100,0.074712100,1
'2026-08-22 08:23:32.940712200,0.074712200,0
'2026-08-22 08:23:32.940715200,0.074715200,1
'2026-08-22 08:23:32.940729800,0.074729800,0
'2026-08-22 08:23:32.940730900,0.074730900,1
'2026-08-22 08:23:32.940731000,0.074731000,0
'2026-08-22 08:23:32.940734300,0.074734300,1
'2026-08-22 08:23:32.940734400,0.074734400,0
'2026-08-22 08:23:32.940735500,0.074735500,1
'2026-08-22 08:23:32.940735600,0.074735600,0
'2026-08-22 08:23:32.940736200,0.074736200,1
'2026-08-22 08:23:32.940736400,0.074736400,0
'2026-08-22 08:23:32.940736600,0.074736600,1
'2026-08-22 08:23:32.940736800,0.074736800,0
'2026-08-22 08:23:32.940739000,0.074739000,1
'2026-08-22 08:23:32.940739100,0.074739100,0
'2026-08-22 08:23:32.940740700,0.074740700,1
'2026-08-22 08:23:32.940740800,0.074740800,0
'2026-08-22 08:23:32.940741200,0.074741200,1
'2026-08-22 08:23:32.940755700,0.074755700,0
'2026-08-22 08:23:32.940755900,0.074755900,1
'2026-08-22 08:23:32.940756000,0.074756000,0
'2026-08-22 08:23:32.940757100,0.074757100,1
'2026-08-22 08:23:32.940757300,0.074757300,0
'2026-08-22 08:23:32.940757700,0.074757700,1
'2026-08-22 08:23:32.940757800,0.074757800,0
'2026-08-22 08:23:32.940758300,0.074758300,1
'2026-08-22 08:23:32.940758400,0.074758400,0
'2026-08-22 08:23:32.940758900,0.074758900,1
'2026-08-22 08:23:32.940759100,0.074759100,0
'2026-08-22 08:23:32.940761100,0.074761100,1
'2026-08-22 08:23:32.940761300,0.074761300,0
'2026-08-22 08:23:32.940762700,0.074762700,1
'2026-08-22 08:23:32.940762800,0.074762800,0
'2026-08-22 08:23:32.940763500,0.074763500,1
'2026-08-22 08:23:32.940763600,0.074763600,0
'2026-08-22 08:23:32.940765800,0.074765800,1
'2026-08-22 08:23:32.940766000,0.074766000,0
'2026-08-22 08:23:32.940766400,0.074766400,1
'2026-08-22 08:23:32.940766500,0.074766500,0
'2026-08-22 08:23:32.940767300,0.074767300,1
'2026-08-22 08:23:32.941198500,0.075198500,0
'2026-08-22 08:23:32.941198700,0.075198700,1
'2026-08-22 08:23:32.941198800,0.075198800,0
'2026-08-22 08:23:32.941210400,0.075210400,1
'2026-08-22 08:23:32.941224600,0.075224600,0
'2026-08-22 08:23:32.941229700,0.075229700,1
'2026-08-22 08:23:32.941229800,0.075229800,0
'2026-08-22 08:23:32.941236500,0.075236500,1
'2026-08-22 08:23:32.941250800,0.075250800,0
'2026-08-22 08:23:32.941250900,0.075250900,1
'2026-08-22 08:23:32.941251000,0.075251000,0
'2026-08-22 08:23:32.941254800,0.075254800,1
'2026-08-22 08:23:32.941254900,0.075254900,0
'2026-08-22 08:23:32.941262500,0.075262500,1
'2026-08-22 08:23:32.941277000,0.075277000,0
'2026-08-22 08:23:32.941280400,0.075280400,1
'2026-08-22 08:23:32.941280500,0.075280500,0
'2026-08-22 08:23:32.941288600,0.075288600,1
'2026-08-22 08:23:32.941303000,0.075303000,0
'2026-08-22 08:23:32.941303200,0.075303200,1
'2026-08-22 08:23:32.941303300,0.075303300,0
'2026-08-22 08:23:32.941311400,0.075311400,1
'2026-08-22 08:23:32.941311500,0.075311500,0
'2026-08-22 08:23:32.941314700,0.075314700,1
'2026-08-22 08:23:32.941329100,0.075329100,0
'2026-08-22 08:23:32.941340800,0.075340800,1
'2026-08-22 08:23:32.941355400,0.075355400,0
'2026-08-22 08:23:32.941363500,0.075363500,1
'2026-08-22 08:23:32.941363600,0.075363600,0
'2026-08-22 08:23:32.941364000,0.075364000,1
'2026-08-22 08:23:32.941364100,0.075364100,0
'2026-08-22 08:23:32.941366800,0.075366800,1
'2026-08-22 08:23:32.941381400,0.075381400,0
'2026-08-22 08:23:32.941392900,0.075392900,1
'2026-08-22 08:23:32.941407400,0.075407400,0
'2026-08-22 08:23:32.941409500,0.075409500,1
'2026-08-22 08:23:32.941409600,0.075409600,0
'2026-08-22 08:23:32.941415100,0.075415100,1
'2026-08-22 08:23:32.941415200,0.075415200,0
'2026-08-22 08:23:32.941417100,0.075417100,1
'2026-08-22 08:23:32.941417200,0.075417200,0
'2026-08-22 08:23:32.941419000,0.075419000,1
'2026-08-22 08:23:32.941433600,0.075433600,0
'2026-08-22 08:23:32.941434000,0.075434000,1
'2026-08-22 08:23:32.941434100,0.075434100,0
'2026-08-22 08:23:32.941434400,0.075434400,1
'2026-08-22 08:23:32.941434500,0.075434500,0
'2026-08-22 08:23:32.941437500,0.075437500,1
'2026-08-22 08:23:32.941437600,0.075437600,0
'2026-08-22 08:23:32.941439900,0.075439900,1
'2026-08-22 08:23:32.941440000,0.075440000,0
'2026-08-22 08:23:32.941441000,0.075441000,1
'2026-08-22 08:23:32.941441100,0.075441100,0
'2026-08-22 08:23:32.941445100,0.075445100,1
'2026-08-22 08:23:32.941459600,0.075459600,0
'2026-08-22 08:23:32.941459700,0.075459700,1
'2026-08-22 08:23:32.941459800,0.075459800,0
'2026-08-22 08:23:32.941460900,0.075460900,1
'2026-08-22 08:23:32.941461000,0.075461000,0
'2026-08-22 08:23:32.941463200,0.075463200,1
'2026-08-22 08:23:32.941463300,0.075463300,0
'2026-08-22 08:23:32.941465000,0.075465000,1
'2026-08-22 08:23:32.941465100,0.075465100,0
'2026-08-22 08:23:32.941470200,0.075470200,1
'2026-08-22 08:23:32.941470300,0.075470300,0
'2026-08-22 08:23:32.941471100,0.075471100,1
'2026-08-22 08:23:32.941485500,0.075485500,0
'2026-08-22 08:23:32.941487800,0.075487800,1
'2026-08-22 08:23:32.941487900,0.075487900,0
'2026-08-22 08:23:32.941488300,0.075488300,1
'2026-08-22 08:23:32.941488400,0.075488400,0
'2026-08-22 08:23:32.941488900,0.075488900,1
'2026-08-22 08:23:32.941489000,0.075489000,0
'2026-08-22 08:23:32.941491300,0.075491300,1
'2026-08-22 08:23:32.941491400,0.075491400,0
'2026-08-22 08:23:32.941491800,0.075491800,1
'2026-08-22 08:23:32.941491900,0.075491900,0
'2026-08-22 08:23:32.941493400,0.075493400,1
'2026-08-22 08:23:32.941493500,0.075493500,0
'2026-08-22 08:23:32.941493600,0.075493600,1
'2026-08-22 08:23:32.941493700,0.075493700,0
'2026-08-22 08:23:32.941497200,0.075497200,1
'2026-08-22 08:23:32.941512000,0.075512000,0
'2026-08-22 08:23:32.941512300,0.075512300,1
'2026-08-22 08:23:32.941512400,0.075512400,0
'2026-08-22 08:23:32.941513600,0.075513600,1
'2026-08-22 08:23:32.941513700,0.075513700,0
'2026-08-22 08:23:32.941514000,0.075514000,1
'2026-08-22 08:23:32.941514100,0.075514100,0
'2026-08-22 08:23:32.941518500,0.075518500,1
'2026-08-22 08:23:32.941518600,0.075518600,0
'2026-08-22 08:23:32.941518700,0.075518700,1
'2026-08-22 08:23:32.941518800,0.075518800,0
'2026-08-22 08:23:32.941520500,0.075520500,1
'2026-08-22 08:23:32.941520600,0.075520600,0
'2026-08-22 08:23:32.941520900,0.075520900,1
'2026-08-22 08:23:32.941521000,0.075521000,0
'2026-08-22 08:23:32.941521700,0.075521700,1
'2026-08-22 08:23:32.941521800,0.075521800,0
'2026-08-22 08:23:32.941523300,0.075523300,1
'2026-08-22 08:23:32.941537700,0.075537700,0
'2026-08-22 08:23:32.941541500,0.075541500,1
'2026-08-22 08:23:32.941541600,0.075541600,0
'2026-08-22 08:23:32.941542500,0.075542500,1
'2026-08-22 08:23:32.941542600,0.075542600,0
'2026-08-22 08:23:32.941542700,0.075542700,1
'2026-08-22 08:23:32.941542800,0.075542800,0
'2026-08-22 08:23:32.941543900,0.075543900,1
'2026-08-22 08:23:32.941544100,0.075544100,0
'2026-08-22 08:23:32.941544400,0.075544400,1
'2026-08-22 08:23:32.941544500,0.075544500,0
'2026-08-22 08:23:32.941545000,0.075545000,1
'2026-08-22 08:23:32.941545200,0.075545200,0
'2026-08-22 08:23:32.941549300,0.075549300,1
'2026-08-22 08:23:32.941563800,0.075563800,0
'2026-08-22 08:23:32.941563900,0.075563900,1
'2026-08-22 08:23:32.941564400,0.075564400,0
'2026-08-22 08:23:32.941564500,0.075564500,1
'2026-08-22 08:23:32.941564600,0.075564600,0
'2026-08-22 08:23:32.941564800,0.075564800,1
'2026-08-22 08:23:32.941565200,0.075565200,0
'2026-08-22 08:23:32.941565500,0.075565500,1
'2026-08-22 08:23:32.941565600,0.075565600,0
'2026-08-22 08:23:32.941566000,0.075566000,1
'2026-08-22 08:23:32.941566100,0.075566100,0
'2026-08-22 08:23:32.941567200,0.075567200,1
'2026-08-22 08:23:32.941567300,0.075567300,0
'2026-08-22 08:23:32.941569500,0.075569500,1
'2026-08-22 08:23:32.941569600,0.075569600,0
'2026-08-22 08:23:32.941570100,0.075570100,1
'2026-08-22 08:23:32.941570200,0.075570200,0
'2026-08-22 08:23:32.941571400,0.075571400,1
'2026-08-22 08:23:32.941571500,0.075571500,0
'2026-08-22 08:23:32.941571900,0.075571900,1
'2026-08-22 08:23:32.941572000,0.075572000,0
'2026-08-22 08:23:32.941572500,0.075572500,1
'2026-08-22 08:23:32.941572600,0.075572600,0
'2026-08-22 08:23:32.941572700,0.075572700,1
'2026-08-22 08:23:32.941572800,0.075572800,0
'2026-08-22 08:23:32.941573500,0.075573500,1
'2026-08-22 08:23:32.941573700,0.075573700,0
'2026-08-22 08:23:32.941574800,0.075574800,1
'2026-08-22 08:23:32.941574900,0.075574900,0
'2026-08-22 08:23:32.941575400,0.075575400,1
'2026-08-22 08:23:32.941590200,0.075590200,0
'2026-08-22 08:23:32.941591700,0.075591700,1
'2026-08-22 08:23:32.941591800,0.075591800,0
'2026-08-22 08:23:32.941592300,0.075592300,1
'2026-08-22 08:23:32.941592400,0.075592400,0
'2026-08-22 08:23:32.941593500,0.075593500,1
'2026-08-22 08:23:32.941593600,0.075593600,0
'2026-08-22 08:23:32.941593800,0.075593800,1
'2026-08-22 08:23:32.942814600,0.076814600,0
'2026-08-22 08:23:32.942826500,0.076826500,1
'2026-08-22 08:23:32.942840800,0.076840800,0
'2026-08-22 08:23:32.942852600,0.076852600,1
'2026-08-22 08:23:32.942866800,0.076866800,0
'2026-08-22 08:23:32.942878700,0.076878700,1
'2026-08-22 08:23:32.942893000,0.076893000,0
'2026-08-22 08:23:32.942899100,0.076899100,1
'2026-08-22 08:23:32.942899200,0.076899200,0
'2026-08-22 08:23:32.942904700,0.076904700,1
'2026-08-22 08:23:32.942919200,0.076919200,0
'2026-08-22 08:23:32.942919500,0.076919500,1
'2026-08-22 08:23:32.942919600,0.076919600,0
'2026-08-22 08:23:32.942930800,0.076930800,1
'2026-08-22 08:23:32.942945300,0.076945300,0
'2026-08-22 08:23:32.942954500,0.076954500,1
'2026-08-22 08:23:32.942954600,0.076954600,0
'2026-08-22 08:23:32.942956900,0.076956900,1
'2026-08-22 08:23:32.942971300,0.076971300,0
'2026-08-22 08:23:32.942983000,0.076983000,1
'2026-08-22 08:23:32.942997300,0.076997300,0
'2026-08-22 08:23:32.943000100,0.077000100,1
'2026-08-22 08:23:32.943000200,0.077000200,0
'2026-08-22 08:23:32.943000700,0.077000700,1
'2026-08-22 08:23:32.943000800,0.077000800,0
'2026-08-22 08:23:32.943001100,0.077001100,1
'2026-08-22 08:23:32.943001200,0.077001200,0
'2026-08-22 08:23:32.943009000,0.077009000,1
'2026-08-22 08:23:32.943023400,0.077023400,0
'2026-08-22 08:23:32.943026900,0.077026900,1
'2026-08-22 08:23:32.943027000,0.077027000,0
'2026-08-22 08:23:32.943030500,0.077030500,1
'2026-08-22 08:23:32.943030600,0.077030600,0
'2026-08-22 08:23:32.943031600,0.077031600,1
'2026-08-22 08:23:32.943031700,0.077031700,0
'2026-08-22 08:23:32.943032300,0.077032300,1
'2026-08-22 08:23:32.943032400,0.077032400,0
'2026-08-22 08:23:32.943035100,0.077035100,1
'2026-08-22 08:23:32.943049500,0.077049500,0
'2026-08-22 08:23:32.943049700,0.077049700,1
'2026-08-22 08:23:32.943049800,0.077049800,0
'2026-08-22 08:23:32.943050300,0.077050300,1
'2026-08-22 08:23:32.943050400,0.077050400,0
'2026-08-22 08:23:32.943051500,0.077051500,1
'2026-08-22 08:23:32.943051600,0.077051600,0
'2026-08-22 08:23:32.943052100,0.077052100,1
'2026-08-22 08:23:32.943052200,0.077052200,0
'2026-08-22 08:23:32.943059500,0.077059500,1
'2026-08-22 08:23:32.943059600,0.077059600,0
'2026-08-22 08:23:32.943061200,0.077061200,1
'2026-08-22 08:23:32.943075500,0.077075500,0
'2026-08-22 08:23:32.943078300,0.077078300,1
'2026-08-22 08:23:32.943078400,0.077078400,0
'2026-08-22 08:23:32.943087300,0.077087300,1
'2026-08-22 08:23:32.943101800,0.077101800,0
'2026-08-22 08:23:32.943104000,0.077104000,1
'2026-08-22 08:23:32.943104100,0.077104100,0
'2026-08-22 08:23:32.943113300,0.077113300,1
'2026-08-22 08:23:32.943127600,0.077127600,0
'2026-08-22 08:23:32.943129700,0.077129700,1
'2026-08-22 08:23:32.943129800,0.077129800,0
'2026-08-22 08:23:32.943130900,0.077130900,1
'2026-08-22 08:23:32.943131000,0.077131000,0
'2026-08-22 08:23:32.943131500,0.077131500,1
'2026-08-22 08:23:32.943131600,0.077131600,0
'2026-08-22 08:23:32.943133800,0.077133800,1
'2026-08-22 08:23:32.943133900,0.077133900,0
'2026-08-22 08:23:32.943139400,0.077139400,1
'2026-08-22 08:23:32.943153800,0.077153800,0
'2026-08-22 08:23:32.943156800,0.077156800,1
'2026-08-22 08:23:32.943156900,0.077156900,0
'2026-08-22 08:23:32.943158900,0.077158900,1
'2026-08-22 08:23:32.943159000,0.077159000,0
'2026-08-22 08:23:32.943160100,0.077160100,1
'2026-08-22 08:23:32.943160200,0.077160200,0
'2026-08-22 08:23:32.943161300,0.077161300,1
'2026-08-22 08:23:32.943161400,0.077161400,0
'2026-08-22 08:23:32.943165500,0.077165500,1
'2026-08-22 08:23:32.943179800,0.077179800,0
'2026-08-22 08:23:32.943180500,0.077180500,1
'2026-08-22 08:23:32.943180600,0.077180600,0
'2026-08-22 08:23:32.943181100,0.077181100,1
'2026-08-22 08:23:32.943181200,0.077181200,0
'2026-08-22 08:23:32.943181700,0.077181700,1
'2026-08-22 08:23:32.943181800,0.077181800,0
'2026-08-22 08:23:32.943182300,0.077182300,1
'2026-08-22 08:23:32.943182400,0.077182400,0
'2026-08-22 08:23:32.943182900,0.077182900,1
'2026-08-22 08:23:32.943183000,0.077183000,0
'2026-08-22 08:23:32.943184100,0.077184100,1
'2026-08-22 08:23:32.943184200,0.077184200,0
'2026-08-22 08:23:32.943185200,0.077185200,1
'2026-08-22 08:23:32.943185300,0.077185300,0
'2026-08-22 08:23:32.943191100,0.077191100,1
'2026-08-22 08:23:32.943191200,0.077191200,0
'2026-08-22 08:23:32.943191600,0.077191600,1
'2026-08-22 08:23:32.943206000,0.077206000,0
'2026-08-22 08:23:32.943207300,0.077207300,1
'2026-08-22 08:23:32.944430800,0.078430800,0
'2026-08-22 08:23:32.944442600,0.078442600,1
'2026-08-22 08:23:32.944456800,0.078456800,0
'2026-08-22 08:23:32.944468700,0.078468700,1
'2026-08-22 08:23:32.944483000,0.078483000,0
'2026-08-22 08:23:32.944494800,0.078494800,1
'2026-08-22 08:23:32.944509200,0.078509200,0
'2026-08-22 08:23:32.944520800,0.078520800,1
'2026-08-22 08:23:32.944535200,0.078535200,0
'2026-08-22 08:23:32.944535300,0.078535300,1
'2026-08-22 08:23:32.944535400,0.078535400,0
'2026-08-22 08:23:32.944546900,0.078546900,1
'2026-08-22 08:23:32.944561200,0.078561200,0
'2026-08-22 08:23:32.944573000,0.078573000,1
'2026-08-22 08:23:32.944587400,0.078587400,0
'2026-08-22 08:23:32.944599100,0.078599100,1
'2026-08-22 08:23:32.944613900,0.078613900,0
'2026-08-22 08:23:32.944625100,0.078625100,1
'2026-08-22 08:23:32.944639400,0.078639400,0
'2026-08-22 08:23:32.944646900,0.078646900,1
'2026-08-22 08:23:32.944647000,0.078647000,0
'2026-08-22 08:23:32.944651200,0.078651200,1
'2026-08-22 08:23:32.944665800,0.078665800,0
'2026-08-22 08:23:32.944666200,0.078666200,1
'2026-08-22 08:23:32.944666300,0.078666300,0
'2026-08-22 08:23:32.944667300,0.078667300,1
'2026-08-22 08:23:32.944667400,0.078667400,0
'2026-08-22 08:23:32.944674900,0.078674900,1
'2026-08-22 08:23:32.944675000,0.078675000,0
'2026-08-22 08:23:32.944677300,0.078677300,1
'2026-08-22 08:23:32.944691600,0.078691600,0
'2026-08-22 08:23:32.944691700,0.078691700,1
'2026-08-22 08:23:32.944691800,0.078691800,0
'2026-08-22 08:23:32.944703400,0.078703400,1
'2026-08-22 08:23:32.944717800,0.078717800,0
'2026-08-22 08:23:32.944721100,0.078721100,1
'2026-08-22 08:23:32.944721200,0.078721200,0
'2026-08-22 08:23:32.944729400,0.078729400,1
'2026-08-22 08:23:32.944744000,0.078744000,0
'2026-08-22 08:23:32.944744100,0.078744100,1
'2026-08-22 08:23:32.944744300,0.078744300,0
'2026-08-22 08:23:32.944755500,0.078755500,1
'2026-08-22 08:23:32.944769800,0.078769800,0
'2026-08-22 08:23:32.944770700,0.078770700,1
'2026-08-22 08:23:32.944770800,0.078770800,0
'2026-08-22 08:23:32.944772700,0.078772700,1
'2026-08-22 08:23:32.944772800,0.078772800,0
'2026-08-22 08:23:32.944773100,0.078773100,1
'2026-08-22 08:23:32.944773200,0.078773200,0
'2026-08-22 08:23:32.944777200,0.078777200,1
'2026-08-22 08:23:32.944777300,0.078777300,0
'2026-08-22 08:23:32.944781600,0.078781600,1
'2026-08-22 08:23:32.944796000,0.078796000,0
'2026-08-22 08:23:32.944796100,0.078796100,1
'2026-08-22 08:23:32.944796200,0.078796200,0
'2026-08-22 08:23:32.944796500,0.078796500,1
'2026-08-22 08:23:32.944796600,0.078796600,0
'2026-08-22 08:23:32.944797100,0.078797100,1
'2026-08-22 08:23:32.944797200,0.078797200,0
'2026-08-22 08:23:32.944797500,0.078797500,1
'2026-08-22 08:23:32.944797600,0.078797600,0
'2026-08-22 08:23:32.944800500,0.078800500,1
'2026-08-22 08:23:32.944800700,0.078800700,0
'2026-08-22 08:23:32.944802200,0.078802200,1
'2026-08-22 08:23:32.944802300,0.078802300,0
'2026-08-22 08:23:32.944807600,0.078807600,1
'2026-08-22 08:23:32.944822200,0.078822200,0
'2026-08-22 08:23:32.944822900,0.078822900,1
'2026-08-22 08:23:32.944823000,0.078823000,0
'2026-08-22 08:23:32.944824500,0.078824500,1
'2026-08-22 08:23:32.944824600,0.078824600,0
'2026-08-22 08:23:32.944825700,0.078825700,1
'2026-08-22 08:23:32.944825800,0.078825800,0
'2026-08-22 08:23:32.944828000,0.078828000,1
'2026-08-22 08:23:32.944828100,0.078828100,0
'2026-08-22 08:23:32.944828700,0.078828700,1
'2026-08-22 08:23:32.945242400,0.079242400,0
'2026-08-22 08:23:32.945250700,0.079250700,1
'2026-08-22 08:23:32.945265000,0.079265000,0
'2026-08-22 08:23:32.945276800,0.079276800,1
'2026-08-22 08:23:32.945291000,0.079291000,0
'2026-08-22 08:23:32.945302900,0.079302900,1
'2026-08-22 08:23:32.945317200,0.079317200,0
'2026-08-22 08:23:32.945317400,0.079317400,1
'2026-08-22 08:23:32.945317500,0.079317500,0
'2026-08-22 08:23:32.945323900,0.079323900,1
'2026-08-22 08:23:32.945324000,0.079324000,0
'2026-08-22 08:23:32.945329000,0.079329000,1
'2026-08-22 08:23:32.945343400,0.079343400,0
'2026-08-22 08:23:32.945343500,0.079343500,1
'2026-08-22 08:23:32.945343600,0.079343600,0
'2026-08-22 08:23:32.945355000,0.079355000,1
'2026-08-22 08:23:32.945369400,0.079369400,0
'2026-08-22 08:23:32.945381100,0.079381100,1
'2026-08-22 08:23:32.945395700,0.079395700,0
'2026-08-22 08:23:32.945404900,0.079404900,1
'2026-08-22 08:23:32.945405000,0.079405000,0
'2026-08-22 08:23:32.945406700,0.079406700,1
'2026-08-22 08:23:32.945406800,0.079406800,0
'2026-08-22 08:23:32.945407200,0.079407200,1
'2026-08-22 08:23:32.945421500,0.079421500,0
'2026-08-22 08:23:32.945421700,0.079421700,1
'2026-08-22 08:23:32.945421800,0.079421800,0
'2026-08-22 08:23:32.945433300,0.079433300,1
'2026-08-22 08:23:32.945447800,0.079447800,0
'2026-08-22 08:23:32.945448100,0.079448100,1
'2026-08-22 08:23:32.945448200,0.079448200,0
'2026-08-22 08:23:32.945458700,0.079458700,1
'2026-08-22 08:23:32.945458800,0.079458800,0
'2026-08-22 08:23:32.945459300,0.079459300,1
'2026-08-22 08:23:32.945474000,0.079474000,0
'2026-08-22 08:23:32.945474500,0.079474500,1
'2026-08-22 08:23:32.945474600,0.079474600,0
'2026-08-22 08:23:32.945475800,0.079475800,1
'2026-08-22 08:23:32.945475900,0.079475900,0
'2026-08-22 08:23:32.945477400,0.079477400,1
'2026-08-22 08:23:32.945477500,0.079477500,0
'2026-08-22 08:23:32.945481500,0.079481500,1
'2026-08-22 08:23:32.945481600,0.079481600,0
'2026-08-22 08:23:32.945484900,0.079484900,1
'2026-08-22 08:23:32.945485100,0.079485100,0
'2026-08-22 08:23:32.945485400,0.079485400,1
'2026-08-22 08:23:32.945499700,0.079499700,0
'2026-08-22 08:23:32.945502500,0.079502500,1
'2026-08-22 08:23:32.945502600,0.079502600,0
'2026-08-22 08:23:32.945504300,0.079504300,1
'2026-08-22 08:23:32.945504400,0.079504400,0
'2026-08-22 08:23:32.945504800,0.079504800,1
'2026-08-22 08:23:32.945505000,0.079505000,0
'2026-08-22 08:23:32.945507100,0.079507100,1
'2026-08-22 08:23:32.945507300,0.079507300,0
'2026-08-22 08:23:32.945511500,0.079511500,1
'2026-08-22 08:23:32.945526000,0.079526000,0
'2026-08-22 08:23:32.945527600,0.079527600,1
'2026-08-22 08:23:32.945527800,0.079527800,0
'2026-08-22 08:23:32.945528200,0.079528200,1
'2026-08-22 08:23:32.945528300,0.079528300,0
'2026-08-22 08:23:32.945532300,0.079532300,1
'2026-08-22 08:23:32.945532400,0.079532400,0
'2026-08-22 08:23:32.945533400,0.079533400,1
'2026-08-22 08:23:32.945533500,0.079533500,0
'2026-08-22 08:23:32.945535800,0.079535800,1
'2026-08-22 08:23:32.945535900,0.079535900,0
'2026-08-22 08:23:32.945537500,0.079537500,1
'2026-08-22 08:23:32.945552000,0.079552000,0
'2026-08-22 08:23:32.945552100,0.079552100,1
'2026-08-22 08:23:32.945552300,0.079552300,0
'2026-08-22 08:23:32.945553300,0.079553300,1
'2026-08-22 08:23:32.945553400,0.079553400,0
'2026-08-22 08:23:32.945553900,0.079553900,1
'2026-08-22 08:23:32.945554000,0.079554000,0
'2026-08-22 08:23:32.945554900,0.079554900,1
'2026-08-22 08:23:32.945555000,0.079555000,0
'2026-08-22 08:23:32.945555100,0.079555100,1
'2026-08-22 08:23:32.945555200,0.079555200,0
'2026-08-22 08:23:32.945556200,0.079556200,1
'2026-08-22 08:23:32.945556300,0.079556300,0
'2026-08-22 08:23:32.945558300,0.079558300,1
'2026-08-22 08:23:32.945558400,0.079558400,0
'2026-08-22 08:23:32.945561500,0.079561500,1
'2026-08-22 08:23:32.945561600,0.079561600,0
'2026-08-22 08:23:32.945563600,0.079563600,1
'2026-08-22 08:23:32.945578100,0.079578100,0
'2026-08-22 08:23:32.945583700,0.079583700,1
'2026-08-22 08:23:32.945583800,0.079583800,0
'2026-08-22 08:23:32.945584300,0.079584300,1
'2026-08-22 08:23:32.945584400,0.079584400,0
'2026-08-22 08:23:32.945584800,0.079584800,1
'2026-08-22 08:23:32.945585000,0.079585000,0
'2026-08-22 08:23:32.945586000,0.079586000,1
'2026-08-22 08:23:32.945586100,0.079586100,0
'2026-08-22 08:23:32.945587200,0.079587200,1
'2026-08-22 08:23:32.945587300,0.079587300,0
'2026-08-22 08:23:32.945588300,0.079588300,1
'2026-08-22 08:23:32.945588400,0.079588400,0
'2026-08-22 08:23:32.945589700,0.079589700,1
'2026-08-22 08:23:32.945604600,0.079604600,0
'2026-08-22 08:23:32.945604700,0.079604700,1
'2026-08-22 08:23:32.945604900,0.079604900,0
'2026-08-22 08:23:32.945605300,0.079605300,1
'2026-08-22 08:23:32.945605400,0.079605400,0
'2026-08-22 08:23:32.945606400,0.079606400,1
'2026-08-22 08:23:32.945606600,0.079606600,0
'2026-08-22 08:23:32.945607000,0.079607000,1
'2026-08-22 08:23:32.945607200,0.079607200,0
'2026-08-22 08:23:32.945607600,0.079607600,1
'2026-08-22 08:23:32.945607800,0.079607800,0
'2026-08-22 08:23:32.945615200,0.079615200,1
'2026-08-22 08:23:32.945615300,0.079615300,0
'2026-08-22 08:23:32.945615800,0.079615800,1
'2026-08-22 08:23:32.945630300,0.079630300,0
'2026-08-22 08:23:32.945630400,0.079630400,1
'2026-08-22 08:23:32.945630500,0.079630500,0
'2026-08-22 08:23:32.945633900,0.079633900,1
'2026-08-22 08:23:32.945634000,0.079634000,0
'2026-08-22 08:23:32.945634900,0.079634900,1
'2026-08-22 08:23:32.945635200,0.079635200,0
'2026-08-22 08:23:32.945635700,0.079635700,1
'2026-08-22 08:23:32.945635900,0.079635900,0
'2026-08-22 08:23:32.945636200,0.079636200,1
'2026-08-22 08:23:32.945636300,0.079636300,0
'2026-08-22 08:23:32.945636800,0.079636800,1
'2026-08-22 08:23:32.945636900,0.079636900,0
'2026-08-22 08:23:32.945637400,0.079637400,1
'2026-08-22 08:23:32.945637500,0.079637500,0
'2026-08-22 08:23:32.945637700,0.079637700,1
'2026-08-22 08:23:32.945637800,0.079637800,0
'2026-08-22 08:23:32.945637900,0.079637900,1
'2026-08-22 08:23:32.945638200,0.079638200,0
'2026-08-22 08:23:32.945639100,0.079639100,1
'2026-08-22 08:23:32.945639300,0.079639300,0
'2026-08-22 08:23:32.945640300,0.079640300,1
'2026-08-22 08:23:32.945640400,0.079640400,0
'2026-08-22 08:23:32.945641800,0.079641800,1
'2026-08-22 08:23:32.946073200,0.080073200,0
'2026-08-22 08:23:32.946084900,0.080084900,1
'2026-08-22 08:23:32.946099200,0.080099200,0
'2026-08-22 08:23:32.946099400,0.080099400,1
'2026-08-22 08:23:32.946099500,0.080099500,0
'2026-08-22 08:23:32.946111000,0.080111000,1
'2026-08-22 08:23:32.946125200,0.080125200,0
'2026-08-22 08:23:32.946137100,0.080137100,1
'2026-08-22 08:23:32.946151500,0.080151500,0
'2026-08-22 08:23:32.946163100,0.080163100,1
'2026-08-22 08:23:32.946177400,0.080177400,0
'2026-08-22 08:23:32.946188300,0.080188300,1
'2026-08-22 08:23:32.946188400,0.080188400,0
'2026-08-22 08:23:32.946189200,0.080189200,1
'2026-08-22 08:23:32.946203600,0.080203600,0
'2026-08-22 08:23:32.946215300,0.080215300,1
'2026-08-22 08:23:32.946229900,0.080229900,0
'2026-08-22 08:23:32.946230300,0.080230300,1
'2026-08-22 08:23:32.946230400,0.080230400,0
'2026-08-22 08:23:32.946231100,0.080231100,1
'2026-08-22 08:23:32.946231200,0.080231200,0
'2026-08-22 08:23:32.946231400,0.080231400,1
'2026-08-22 08:23:32.946231500,0.080231500,0
'2026-08-22 08:23:32.946241400,0.080241400,1
'2026-08-22 08:23:32.946255600,0.080255600,0
'2026-08-22 08:23:32.946259500,0.080259500,1
'2026-08-22 08:23:32.946259600,0.080259600,0
'2026-08-22 08:23:32.946260100,0.080260100,1
'2026-08-22 08:23:32.946260200,0.080260200,0
'2026-08-22 08:23:32.946261900,0.080261900,1
'2026-08-22 08:23:32.946262000,0.080262000,0
'2026-08-22 08:23:32.946264100,0.080264100,1
'2026-08-22 08:23:32.946264200,0.080264200,0
'2026-08-22 08:23:32.946267400,0.080267400,1
'2026-08-22 08:23:32.946281900,0.080281900,0
'2026-08-22 08:23:32.946282200,0.080282200,1
'2026-08-22 08:23:32.946282300,0.080282300,0
'2026-08-22 08:23:32.946288100,0.080288100,1
'2026-08-22 08:23:32.946288200,0.080288200,0
'2026-08-22 08:23:32.946290400,0.080290400,1
'2026-08-22 08:23:32.946290500,0.080290500,0
'2026-08-22 08:23:32.946292700,0.080292700,1
'2026-08-22 08:23:32.946292800,0.080292800,0
'2026-08-22 08:23:32.946293500,0.080293500,1
'2026-08-22 08:23:32.946307800,0.080307800,0
'2026-08-22 08:23:32.946307900,0.080307900,1
'2026-08-22 08:23:32.946308000,0.080308000,0
'2026-08-22 08:23:32.946309100,0.080309100,1
'2026-08-22 08:23:32.946309200,0.080309200,0
'2026-08-22 08:23:32.946311100,0.080311100,1
'2026-08-22 08:23:32.946311200,0.080311200,0
'2026-08-22 08:23:32.946311400,0.080311400,1
'2026-08-22 08:23:32.946311500,0.080311500,0
'2026-08-22 08:23:32.946311700,0.080311700,1
'2026-08-22 08:23:32.946311800,0.080311800,0
'2026-08-22 08:23:32.946319600,0.080319600,1
'2026-08-22 08:23:32.946334300,0.080334300,0
'2026-08-22 08:23:32.946335200,0.080335200,1
'2026-08-22 08:23:32.946335300,0.080335300,0
'2026-08-22 08:23:32.946336000,0.080336000,1
'2026-08-22 08:23:32.946336100,0.080336100,0
'2026-08-22 08:23:32.946341800,0.080341800,1
'2026-08-22 08:23:32.946342000,0.080342000,0
'2026-08-22 08:23:32.946342300,0.080342300,1
'2026-08-22 08:23:32.946342400,0.080342400,0
'2026-08-22 08:23:32.946344100,0.080344100,1
'2026-08-22 08:23:32.946344200,0.080344200,0
'2026-08-22 08:23:32.946345700,0.080345700,1
'2026-08-22 08:23:32.946360200,0.080360200,0
'2026-08-22 08:23:32.946360500,0.080360500,1
'2026-08-22 08:23:32.946360600,0.080360600,0
'2026-08-22 08:23:32.946361700,0.080361700,1
'2026-08-22 08:23:32.946361800,0.080361800,0
'2026-08-22 08:23:32.946363900,0.080363900,1
'2026-08-22 08:23:32.946364100,0.080364100,0
'2026-08-22 08:23:32.946364900,0.080364900,1
'2026-08-22 08:23:32.946365000,0.080365000,0
'2026-08-22 08:23:32.946368100,0.080368100,1
'2026-08-22 08:23:32.946368200,0.080368200,0
'2026-08-22 08:23:32.946371600,0.080371600,1
'2026-08-22 08:23:32.946386300,0.080386300,0
'2026-08-22 08:23:32.946386700,0.080386700,1
'2026-08-22 08:23:32.946386800,0.080386800,0
'2026-08-22 08:23:32.946387300,0.080387300,1
'2026-08-22 08:23:32.946387400,0.080387400,0
'2026-08-22 08:23:32.946387900,0.080387900,1
'2026-08-22 08:23:32.946388000,0.080388000,0
'2026-08-22 08:23:32.946388500,0.080388500,1
'2026-08-22 08:23:32.946388600,0.080388600,0
'2026-08-22 08:23:32.946389100,0.080389100,1
'2026-08-22 08:23:32.946389200,0.080389200,0
'2026-08-22 08:23:32.946390300,0.080390300,1
'2026-08-22 08:23:32.946390400,0.080390400,0
'2026-08-22 08:23:32.946391400,0.080391400,1
'2026-08-22 08:23:32.946391500,0.080391500,0
'2026-08-22 08:23:32.946392600,0.080392600,1
'2026-08-22 08:23:32.946392700,0.080392700,0
'2026-08-22 08:23:32.946393800,0.080393800,1
'2026-08-22 08:23:32.946393900,0.080393900,0
'2026-08-22 08:23:32.946394300,0.080394300,1
'2026-08-22 08:23:32.946394400,0.080394400,0
'2026-08-22 08:23:32.946394900,0.080394900,1
'2026-08-22 08:23:32.946395000,0.080395000,0
'2026-08-22 08:23:32.946397800,0.080397800,1
'2026-08-22 08:23:32.946412100,0.080412100,0
'2026-08-22 08:23:32.946412200,0.080412200,1
'2026-08-22 08:23:32.946412300,0.080412300,0
'2026-08-22 08:23:32.946412500,0.080412500,1
'2026-08-22 08:23:32.946412600,0.080412600,0
'2026-08-22 08:23:32.946413000,0.080413000,1
'2026-08-22 08:23:32.946413200,0.080413200,0
'2026-08-22 08:23:32.946418300,0.080418300,1
'2026-08-22 08:23:32.946418400,0.080418400,0
'2026-08-22 08:23:32.946420700,0.080420700,1
'2026-08-22 08:23:32.946420800,0.080420800,0
'2026-08-22 08:23:32.946421100,0.080421100,1
'2026-08-22 08:23:32.946421200,0.080421200,0
'2026-08-22 08:23:32.946421800,0.080421800,1
'2026-08-22 08:23:32.946421900,0.080421900,0
'2026-08-22 08:23:32.946423000,0.080423000,1
'2026-08-22 08:23:32.946423100,0.080423100,0
'2026-08-22 08:23:32.946423900,0.080423900,1
'2026-08-22 08:23:32.946438400,0.080438400,0
'2026-08-22 08:23:32.946439100,0.080439100,1
'2026-08-22 08:23:32.946439200,0.080439200,0
'2026-08-22 08:23:32.946439300,0.080439300,1
'2026-08-22 08:23:32.946439400,0.080439400,0
'2026-08-22 08:23:32.946439900,0.080439900,1
'2026-08-22 08:23:32.946440000,0.080440000,0
'2026-08-22 08:23:32.946441100,0.080441100,1
'2026-08-22 08:23:32.946441200,0.080441200,0
'2026-08-22 08:23:32.946441600,0.080441600,1
'2026-08-22 08:23:32.946441800,0.080441800,0
'2026-08-22 08:23:32.946442200,0.080442200,1
'2026-08-22 08:23:32.946442300,0.080442300,0
'2026-08-22 08:23:32.946446300,0.080446300,1
'2026-08-22 08:23:32.946446400,0.080446400,0
'2026-08-22 08:23:32.946447500,0.080447500,1
'2026-08-22 08:23:32.946447600,0.080447600,0
'2026-08-22 08:23:32.946448700,0.080448700,1
'2026-08-22 08:23:32.946448800,0.080448800,0
'2026-08-22 08:23:32.946449300,0.080449300,1
'2026-08-22 08:23:32.946449400,0.080449400,0
'2026-08-22 08:23:32.946449900,0.080449900,1
'2026-08-22 08:23:32.946464600,0.080464600,0
'2026-08-22 08:23:32.946465000,0.080465000,1
'2026-08-22 08:23:32.946465100,0.080465100,0
'2026-08-22 08:23:32.946467900,0.080467900,1
'2026-08-22 08:23:32.946468000,0.080468000,0
'2026-08-22 08:23:32.946469100,0.080469100,1
'2026-08-22 08:23:32.946469200,0.080469200,0
'2026-08-22 08:23:32.946469700,0.080469700,1
'2026-08-22 08:23:32.946469800,0.080469800,0
'2026-08-22 08:23:32.946470300,0.080470300,1
'2026-08-22 08:23:32.946470400,0.080470400,0
'2026-08-22 08:23:32.946470900,0.080470900,1
'2026-08-22 08:23:32.946471000,0.080471000,0
'2026-08-22 08:23:32.946471400,0.080471400,1
'2026-08-22 08:23:32.946471600,0.080471600,0
'2026-08-22 08:23:32.946472000,0.080472000,1
'2026-08-22 08:23:32.946472300,0.080472300,0
'2026-08-22 08:23:32.946472600,0.080472600,1
'2026-08-22 08:23:32.946472700,0.080472700,0
'2026-08-22 08:23:32.946472900,0.080472900,1
'2026-08-22 08:23:32.946473000,0.080473000,0
'2026-08-22 08:23:32.946474400,0.080474400,1
'2026-08-22 08:23:32.946474500,0.080474500,0
'2026-08-22 08:23:32.946474900,0.080474900,1
'2026-08-22 08:23:32.946888600,0.080888600,0
'2026-08-22 08:23:32.946893000,0.080893000,1
'2026-08-22 08:23:32.946907400,0.080907400,0
'2026-08-22 08:23:32.946919100,0.080919100,1
'2026-08-22 08:23:32.946933400,0.080933400,0
'2026-08-22 08:23:32.946933500,0.080933500,1
'2026-08-22 08:23:32.946933700,0.080933700,0
'2026-08-22 08:23:32.946945200,0.080945200,1
'2026-08-22 08:23:32.946959500,0.080959500,0
'2026-08-22 08:23:32.946971300,0.080971300,1
'2026-08-22 08:23:32.946985700,0.080985700,0
'2026-08-22 08:23:32.946986100,0.080986100,1
'2026-08-22 08:23:32.946986200,0.080986200,0
'2026-08-22 08:23:32.946994300,0.080994300,1
'2026-08-22 08:23:32.946994400,0.080994400,0
'2026-08-22 08:23:32.946997300,0.080997300,1
'2026-08-22 08:23:32.947011600,0.081011600,0
'2026-08-22 08:23:32.947013200,0.081013200,1
'2026-08-22 08:23:32.947013300,0.081013300,0
'2026-08-22 08:23:32.947016400,0.081016400,1
'2026-08-22 08:23:32.947016500,0.081016500,0
'2026-08-22 08:23:32.947023400,0.081023400,1
'2026-08-22 08:23:32.947037900,0.081037900,0
'2026-08-22 08:23:32.947038100,0.081038100,1
'2026-08-22 08:23:32.947038200,0.081038200,0
'2026-08-22 08:23:32.947044500,0.081044500,1
'2026-08-22 08:23:32.947044600,0.081044600,0
'2026-08-22 08:23:32.947049500,0.081049500,1
'2026-08-22 08:23:32.947064000,0.081064000,0
'2026-08-22 08:23:32.947064300,0.081064300,1
'2026-08-22 08:23:32.947064400,0.081064400,0
'2026-08-22 08:23:32.947067300,0.081067300,1
'2026-08-22 08:23:32.947067400,0.081067400,0
'2026-08-22 08:23:32.947067800,0.081067800,1
'2026-08-22 08:23:32.947067900,0.081067900,0
'2026-08-22 08:23:32.947074900,0.081074900,1
'2026-08-22 08:23:32.947075000,0.081075000,0
'2026-08-22 08:23:32.947075600,0.081075600,1
'2026-08-22 08:23:32.947090000,0.081090000,0
'2026-08-22 08:23:32.947090100,0.081090100,1
'2026-08-22 08:23:32.947090200,0.081090200,0
'2026-08-22 08:23:32.947096500,0.081096500,1
'2026-08-22 08:23:32.947096600,0.081096600,0
'2026-08-22 08:23:32.947097700,0.081097700,1
'2026-08-22 08:23:32.947097800,0.081097800,0
'2026-08-22 08:23:32.947101700,0.081101700,1
'2026-08-22 08:23:32.947116000,0.081116000,0
'2026-08-22 08:23:32.947116400,0.081116400,1
'2026-08-22 08:23:32.947116500,0.081116500,0
'2026-08-22 08:23:32.947116900,0.081116900,1
'2026-08-22 08:23:32.947117000,0.081117000,0
'2026-08-22 08:23:32.947117700,0.081117700,1
'2026-08-22 08:23:32.947117800,0.081117800,0
'2026-08-22 08:23:32.947127400,0.081127400,1
'2026-08-22 08:23:32.947127600,0.081127600,0
'2026-08-22 08:23:32.947127700,0.081127700,1
'2026-08-22 08:23:32.947142200,0.081142200,0
'2026-08-22 08:23:32.947143800,0.081143800,1
'2026-08-22 08:23:32.947143900,0.081143900,0
'2026-08-22 08:23:32.947146700,0.081146700,1
'2026-08-22 08:23:32.947146800,0.081146800,0
'2026-08-22 08:23:32.947147300,0.081147300,1
'2026-08-22 08:23:32.947147400,0.081147400,0
'2026-08-22 08:23:32.947150800,0.081150800,1
'2026-08-22 08:23:32.947150900,0.081150900,0
'2026-08-22 08:23:32.947151400,0.081151400,1
'2026-08-22 08:23:32.947151500,0.081151500,0
'2026-08-22 08:23:32.947153800,0.081153800,1
'2026-08-22 08:23:32.947168500,0.081168500,0
'2026-08-22 08:23:32.947169500,0.081169500,1
'2026-08-22 08:23:32.947169600,0.081169600,0
'2026-08-22 08:23:32.947171300,0.081171300,1
'2026-08-22 08:23:32.947171400,0.081171400,0
'2026-08-22 08:23:32.947174800,0.081174800,1
'2026-08-22 08:23:32.947174900,0.081174900,0
'2026-08-22 08:23:32.947175900,0.081175900,1
'2026-08-22 08:23:32.947176000,0.081176000,0
'2026-08-22 08:23:32.947177100,0.081177100,1
'2026-08-22 08:23:32.947177200,0.081177200,0
'2026-08-22 08:23:32.947177700,0.081177700,1
'2026-08-22 08:23:32.947177800,0.081177800,0
'2026-08-22 08:23:32.947178200,0.081178200,1
'2026-08-22 08:23:32.947178400,0.081178400,0
'2026-08-22 08:23:32.947179900,0.081179900,1
'2026-08-22 08:23:32.947194400,0.081194400,0
'2026-08-22 08:23:32.947194600,0.081194600,1
'2026-08-22 08:23:32.947194700,0.081194700,0
'2026-08-22 08:23:32.947195900,0.081195900,1
'2026-08-22 08:23:32.947196000,0.081196000,0
'2026-08-22 08:23:32.947196400,0.081196400,1
'2026-08-22 08:23:32.947196500,0.081196500,0
'2026-08-22 08:23:32.947196900,0.081196900,1
'2026-08-22 08:23:32.947197200,0.081197200,0
'2026-08-22 08:23:32.947197500,0.081197500,1
'2026-08-22 08:23:32.947197700,0.081197700,0
'2026-08-22 08:23:32.947198100,0.081198100,1
'2026-08-22 08:23:32.947198200,0.081198200,0
'2026-08-22 08:23:32.947198700,0.081198700,1
'2026-08-22 08:23:32.947198800,0.081198800,0
'2026-08-22 08:23:32.947199300,0.081199300,1
'2026-08-22 08:23:32.947199400,0.081199400,0
'2026-08-22 08:23:32.947205100,0.081205100,1
'2026-08-22 08:23:32.947205200,0.081205200,0
'2026-08-22 08:23:32.947206000,0.081206000,1
'2026-08-22 08:23:32.947220600,0.081220600,0
'2026-08-22 08:23:32.947221500,0.081221500,1
'2026-08-22 08:23:32.947221600,0.081221600,0
'2026-08-22 08:23:32.947224900,0.081224900,1
'2026-08-22 08:23:32.947225100,0.081225100,0
'2026-08-22 08:23:32.947225700,0.081225700,1
'2026-08-22 08:23:32.947225800,0.081225800,0
'2026-08-22 08:23:32.947226100,0.081226100,1
'2026-08-22 08:23:32.947226300,0.081226300,0
'2026-08-22 08:23:32.947226700,0.081226700,1
'2026-08-22 08:23:32.947226800,0.081226800,0
'2026-08-22 08:23:32.947227300,0.081227300,1
'2026-08-22 08:23:32.947227400,0.081227400,0
'2026-08-22 08:23:32.947227900,0.081227900,1
'2026-08-22 08:23:32.947228000,0.081228000,0
'2026-08-22 08:23:32.947232000,0.081232000,1
'2026-08-22 08:23:32.947246500,0.081246500,0
'2026-08-22 08:23:32.947246600,0.081246600,1
'2026-08-22 08:23:32.947246800,0.081246800,0
'2026-08-22 08:23:32.947247200,0.081247200,1
'2026-08-22 08:23:32.947247300,0.081247300,0
'2026-08-22 08:23:32.947247700,0.081247700,1
'2026-08-22 08:23:32.947248000,0.081248000,0
'2026-08-22 08:23:32.947248300,0.081248300,1
'2026-08-22 08:23:32.947248400,0.081248400,0
'2026-08-22 08:23:32.947248500,0.081248500,1
'2026-08-22 08:23:32.947248600,0.081248600,0
'2026-08-22 08:23:32.947250100,0.081250100,1
'2026-08-22 08:23:32.947250200,0.081250200,0
'2026-08-22 08:23:32.947251300,0.081251300,1
'2026-08-22 08:23:32.947251400,0.081251400,0
'2026-08-22 08:23:32.947254200,0.081254200,1
'2026-08-22 08:23:32.947254300,0.081254300,0
'2026-08-22 08:23:32.947255400,0.081255400,1
'2026-08-22 08:23:32.947255600,0.081255600,0
'2026-08-22 08:23:32.947255900,0.081255900,1
'2026-08-22 08:23:32.947256000,0.081256000,0
'2026-08-22 08:23:32.947257700,0.081257700,1
'2026-08-22 08:23:32.947257800,0.081257800,0
'2026-08-22 08:23:32.947258100,0.081258100,1
'2026-08-22 08:23:32.947272500,0.081272500,0
'2026-08-22 08:23:32.947274100,0.081274100,1
'2026-08-22 08:23:32.947274200,0.081274200,0
'2026-08-22 08:23:32.947274600,0.081274600,1
'2026-08-22 08:23:32.947274800,0.081274800,0
'2026-08-22 08:23:32.947275200,0.081275200,1
'2026-08-22 08:23:32.947275300,0.081275300,0
'2026-08-22 08:23:32.947275800,0.081275800,1
'2026-08-22 08:23:32.947275900,0.081275900,0
'2026-08-22 08:23:32.947276300,0.081276300,1
'2026-08-22 08:23:32.947276500,0.081276500,0
'2026-08-22 08:23:32.947277600,0.081277600,1
'2026-08-22 08:23:32.947277700,0.081277700,0
'2026-08-22 08:23:32.947278100,0.081278100,1
'2026-08-22 08:23:32.947278500,0.081278500,0
'2026-08-22 08:23:32.947278600,0.081278600,1
'2026-08-22 08:23:32.947278800,0.081278800,0
'2026-08-22 08:23:32.947279300,0.081279300,1
'2026-08-22 08:23:32.947279400,0.081279400,0
'2026-08-22 08:23:32.947279900,0.081279900,1
'2026-08-22 08:23:32.947280000,0.081280000,0
'2026-08-22 08:23:32.947280500,0.081280500,1
'2026-08-22 08:23:32.947280600,0.081280600,0
'2026-08-22 08:23:32.947282800,0.081282800,1
'2026-08-22 08:23:32.947282900,0.081282900,0
'2026-08-22 08:23:32.947284200,0.081284200,1
'2026-08-22 08:23:32.947716600,0.081716600,0
'2026-08-22 08:23:32.947727300,0.081727300,1
'2026-08-22 08:23:32.947741500,0.081741500,0
'2026-08-22 08:23:32.947750000,0.081750000,1
'2026-08-22 08:23:32.947750100,0.081750100,0
'2026-08-22 08:23:32.947753400,0.081753400,1
'2026-08-22 08:23:32.947767700,0.081767700,0
'2026-08-22 08:23:32.947768200,0.081768200,1
'2026-08-22 08:23:32.947768300,0.081768300,0
'2026-08-22 08:23:32.947768700,0.081768700,1
'2026-08-22 08:23:32.947768800,0.081768800,0
'2026-08-22 08:23:32.947769900,0.081769900,1
'2026-08-22 08:23:32.947770000,0.081770000,0
'2026-08-22 08:23:32.947770400,0.081770400,1
'2026-08-22 08:23:32.947770600,0.081770600,0
'2026-08-22 08:23:32.947779400,0.081779400,1
'2026-08-22 08:23:32.947793700,0.081793700,0
'2026-08-22 08:23:32.947800700,0.081800700,1
'2026-08-22 08:23:32.947800800,0.081800800,0
'2026-08-22 08:23:32.947805500,0.081805500,1
'2026-08-22 08:23:32.947820200,0.081820200,0
'2026-08-22 08:23:32.947830600,0.081830600,1
'2026-08-22 08:23:32.947830700,0.081830700,0
'2026-08-22 08:23:32.947831600,0.081831600,1
'2026-08-22 08:23:32.947845900,0.081845900,0
'2026-08-22 08:23:32.947853300,0.081853300,1
'2026-08-22 08:23:32.947853400,0.081853400,0
'2026-08-22 08:23:32.947857700,0.081857700,1
'2026-08-22 08:23:32.947872200,0.081872200,0
'2026-08-22 08:23:32.947872600,0.081872600,1
'2026-08-22 08:23:32.947872700,0.081872700,0
'2026-08-22 08:23:32.947877800,0.081877800,1
'2026-08-22 08:23:32.947877900,0.081877900,0
'2026-08-22 08:23:32.947883700,0.081883700,1
'2026-08-22 08:23:32.947898000,0.081898000,0
'2026-08-22 08:23:32.947900100,0.081900100,1
'2026-08-22 08:23:32.947900200,0.081900200,0
'2026-08-22 08:23:32.947900700,0.081900700,1
'2026-08-22 08:23:32.947900800,0.081900800,0
'2026-08-22 08:23:32.947909800,0.081909800,1
'2026-08-22 08:23:32.947924200,0.081924200,0
'2026-08-22 08:23:32.947930500,0.081930500,1
'2026-08-22 08:23:32.947930600,0.081930600,0
'2026-08-22 08:23:32.947935900,0.081935900,1
'2026-08-22 08:23:32.947950400,0.081950400,0
'2026-08-22 08:23:32.947950900,0.081950900,1
'2026-08-22 08:23:32.947951000,0.081951000,0
'2026-08-22 08:23:32.947951500,0.081951500,1
'2026-08-22 08:23:32.947951600,0.081951600,0
'2026-08-22 08:23:32.947952700,0.081952700,1
'2026-08-22 08:23:32.947952800,0.081952800,0
'2026-08-22 08:23:32.947956800,0.081956800,1
'2026-08-22 08:23:32.947956900,0.081956900,0
'2026-08-22 08:23:32.947959100,0.081959100,1
'2026-08-22 08:23:32.947959200,0.081959200,0
'2026-08-22 08:23:32.947962000,0.081962000,1
'2026-08-22 08:23:32.947976400,0.081976400,0
'2026-08-22 08:23:32.947976600,0.081976600,1
'2026-08-22 08:23:32.947976700,0.081976700,0
'2026-08-22 08:23:32.947978400,0.081978400,1
'2026-08-22 08:23:32.947978500,0.081978500,0
'2026-08-22 08:23:32.947981300,0.081981300,1
'2026-08-22 08:23:32.947981400,0.081981400,0
'2026-08-22 08:23:32.947981900,0.081981900,1
'2026-08-22 08:23:32.947982000,0.081982000,0
'2026-08-22 08:23:32.947983000,0.081983000,1
'2026-08-22 08:23:32.947983100,0.081983100,0
'2026-08-22 08:23:32.947983200,0.081983200,1
'2026-08-22 08:23:32.947983300,0.081983300,0
'2026-08-22 08:23:32.947984100,0.081984100,1
'2026-08-22 08:23:32.947984200,0.081984200,0
'2026-08-22 08:23:32.947988100,0.081988100,1
'2026-08-22 08:23:32.948002500,0.082002500,0
'2026-08-22 08:23:32.948002900,0.082002900,1
'2026-08-22 08:23:32.948003000,0.082003000,0
'2026-08-22 08:23:32.948003500,0.082003500,1
'2026-08-22 08:23:32.948003600,0.082003600,0
'2026-08-22 08:23:32.948007000,0.082007000,1
'2026-08-22 08:23:32.948007100,0.082007100,0
'2026-08-22 08:23:32.948008100,0.082008100,1
'2026-08-22 08:23:32.948008200,0.082008200,0
'2026-08-22 08:23:32.948009900,0.082009900,1
'2026-08-22 08:23:32.948010000,0.082010000,0
'2026-08-22 08:23:32.948011100,0.082011100,1
'2026-08-22 08:23:32.948011200,0.082011200,0
'2026-08-22 08:23:32.948011600,0.082011600,1
'2026-08-22 08:23:32.948011700,0.082011700,0
'2026-08-22 08:23:32.948013400,0.082013400,1
'2026-08-22 08:23:32.948013500,0.082013500,0
'2026-08-22 08:23:32.948014100,0.082014100,1
'2026-08-22 08:23:32.948028700,0.082028700,0
'2026-08-22 08:23:32.948029200,0.082029200,1
'2026-08-22 08:23:32.948029300,0.082029300,0
'2026-08-22 08:23:32.948029700,0.082029700,1
'2026-08-22 08:23:32.948029800,0.082029800,0
'2026-08-22 08:23:32.948030900,0.082030900,1
'2026-08-22 08:23:32.948031000,0.082031000,0
'2026-08-22 08:23:32.948031500,0.082031500,1
'2026-08-22 08:23:32.948031600,0.082031600,0
'2026-08-22 08:23:32.948032700,0.082032700,1
'2026-08-22 08:23:32.948032800,0.082032800,0
'2026-08-22 08:23:32.948033300,0.082033300,1
'2026-08-22 08:23:32.948033400,0.082033400,0
'2026-08-22 08:23:32.948033600,0.082033600,1
'2026-08-22 08:23:32.948033700,0.082033700,0
'2026-08-22 08:23:32.948034300,0.082034300,1
'2026-08-22 08:23:32.948034400,0.082034400,0
'2026-08-22 08:23:32.948037300,0.082037300,1
'2026-08-22 08:23:32.948037400,0.082037400,0
'2026-08-22 08:23:32.948039100,0.082039100,1
'2026-08-22 08:23:32.948039300,0.082039300,0
'2026-08-22 08:23:32.948040200,0.082040200,1
'2026-08-22 08:23:32.948054800,0.082054800,0
'2026-08-22 08:23:32.948055000,0.082055000,1
'2026-08-22 08:23:32.948055100,0.082055100,0
'2026-08-22 08:23:32.948059600,0.082059600,1
'2026-08-22 08:23:32.948059700,0.082059700,0
'2026-08-22 08:23:32.948060100,0.082060100,1
'2026-08-22 08:23:32.948060300,0.082060300,0
'2026-08-22 08:23:32.948061300,0.082061300,1
'2026-08-22 08:23:32.948061400,0.082061400,0
'2026-08-22 08:23:32.948061900,0.082061900,1
'2026-08-22 08:23:32.948062000,0.082062000,0
'2026-08-22 08:23:32.948062500,0.082062500,1
'2026-08-22 08:23:32.948062600,0.082062600,0
'2026-08-22 08:23:32.948063000,0.082063000,1
'2026-08-22 08:23:32.948063100,0.082063100,0
'2026-08-22 08:23:32.948065400,0.082065400,1
'2026-08-22 08:23:32.948065500,0.082065500,0
'2026-08-22 08:23:32.948066300,0.082066300,1
'2026-08-22 08:23:32.948081300,0.082081300,0
'2026-08-22 08:23:32.948081700,0.082081700,1
'2026-08-22 08:23:32.948082300,0.082082300,0
'2026-08-22 08:23:32.948082900,0.082082900,1
'2026-08-22 08:23:32.948083000,0.082083000,0
'2026-08-22 08:23:32.948084100,0.082084100,1
'2026-08-22 08:23:32.948084200,0.082084200,0
'2026-08-22 08:23:32.948085300,0.082085300,1
'2026-08-22 08:23:32.948085400,0.082085400,0
'2026-08-22 08:23:32.948088700,0.082088700,1
'2026-08-22 08:23:32.948088800,0.082088800,0
'2026-08-22 08:23:32.948089300,0.082089300,1
'2026-08-22 08:23:32.948089400,0.082089400,0
'2026-08-22 08:23:32.948089900,0.082089900,1
'2026-08-22 08:23:32.948090000,0.082090000,0
'2026-08-22 08:23:32.948090500,0.082090500,1
'2026-08-22 08:23:32.948090600,0.082090600,0
'2026-08-22 08:23:32.948091100,0.082091100,1
'2026-08-22 08:23:32.948091200,0.082091200,0
'2026-08-22 08:23:32.948091700,0.082091700,1
'2026-08-22 08:23:32.948091800,0.082091800,0
'2026-08-22 08:23:32.948092100,0.082092100,1
'2026-08-22 08:23:32.948107000,0.082107000,0
'2026-08-22 08:23:32.948108000,0.082108000,1
'2026-08-22 08:23:32.948108100,0.082108100,0
'2026-08-22 08:23:32.948108500,0.082108500,1
'2026-08-22 08:23:32.948108600,0.082108600,0
'2026-08-22 08:23:32.948110600,0.082110600,1
'2026-08-22 08:23:32.948110700,0.082110700,0
'2026-08-22 08:23:32.948110900,0.082110900,1
'2026-08-22 08:23:32.948111200,0.082111200,0
'2026-08-22 08:23:32.948111500,0.082111500,1
'2026-08-22 08:23:32.948111700,0.082111700,0
'2026-08-22 08:23:32.948112000,0.082112000,1
'2026-08-22 08:23:32.948112300,0.082112300,0
'2026-08-22 08:23:32.948112700,0.082112700,1
'2026-08-22 08:23:32.948112800,0.082112800,0
'2026-08-22 08:23:32.948113300,0.082113300,1
'2026-08-22 08:23:32.948113500,0.082113500,0
'2026-08-22 08:23:32.948113900,0.082113900,1
'2026-08-22 08:23:32.948114000,0.082114000,0
'2026-08-22 08:23:32.948114400,0.082114400,1
'2026-08-22 08:23:32.948114600,0.082114600,0
'2026-08-22 08:23:32.948115500,0.082115500,1
'2026-08-22 08:23:32.948115700,0.082115700,0
'2026-08-22 08:23:32.948118400,0.082118400,1
'2026-08-22 08:23:32.948549700,0.082549700,0
'2026-08-22 08:23:32.948561500,0.082561500,1
'2026-08-22 08:23:32.948576000,0.082576000,0
'2026-08-22 08:23:32.948587600,0.082587600,1
'2026-08-22 08:23:32.948602000,0.082602000,0
'2026-08-22 08:23:32.948602100,0.082602100,1
'2026-08-22 08:23:32.948602300,0.082602300,0
'2026-08-22 08:23:32.948613700,0.082613700,1
'2026-08-22 08:23:32.948628200,0.082628200,0
'2026-08-22 08:23:32.948639800,0.082639800,1
'2026-08-22 08:23:32.948654100,0.082654100,0
'2026-08-22 08:23:32.948654200,0.082654200,1
'2026-08-22 08:23:32.948654400,0.082654400,0
'2026-08-22 08:23:32.948665800,0.082665800,1
'2026-08-22 08:23:32.948680200,0.082680200,0
'2026-08-22 08:23:32.948683900,0.082683900,1
'2026-08-22 08:23:32.948684000,0.082684000,0
'2026-08-22 08:23:32.948691500,0.082691500,1
'2026-08-22 08:23:32.948691600,0.082691600,0
'2026-08-22 08:23:32.948691900,0.082691900,1
'2026-08-22 08:23:32.948706200,0.082706200,0
'2026-08-22 08:23:32.948706300,0.082706300,1
'2026-08-22 08:23:32.948706400,0.082706400,0
'2026-08-22 08:23:32.948706700,0.082706700,1
'2026-08-22 08:23:32.948706800,0.082706800,0
'2026-08-22 08:23:32.948707300,0.082707300,1
'2026-08-22 08:23:32.948707400,0.082707400,0
'2026-08-22 08:23:32.948707900,0.082707900,1
'2026-08-22 08:23:32.948708000,0.082708000,0
'2026-08-22 08:23:32.948714300,0.082714300,1
'2026-08-22 08:23:32.948714400,0.082714400,0
'2026-08-22 08:23:32.948718000,0.082718000,1
'2026-08-22 08:23:32.948732500,0.082732500,0
'2026-08-22 08:23:32.948733600,0.082733600,1
'2026-08-22 08:23:32.948733700,0.082733700,0
'2026-08-22 08:23:32.948734700,0.082734700,1
'2026-08-22 08:23:32.948734900,0.082734900,0
'2026-08-22 08:23:32.948737700,0.082737700,1
'2026-08-22 08:23:32.948737800,0.082737800,0
'2026-08-22 08:23:32.948742900,0.082742900,1
'2026-08-22 08:23:32.948743000,0.082743000,0
'2026-08-22 08:23:32.948744100,0.082744100,1
'2026-08-22 08:23:32.948758400,0.082758400,0
'2026-08-22 08:23:32.948758700,0.082758700,1
'2026-08-22 08:23:32.948758800,0.082758800,0
'2026-08-22 08:23:32.948759300,0.082759300,1
'2026-08-22 08:23:32.948759400,0.082759400,0
'2026-08-22 08:23:32.948761100,0.082761100,1
'2026-08-22 08:23:32.948761200,0.082761200,0
'2026-08-22 08:23:32.948763400,0.082763400,1
'2026-08-22 08:23:32.948763500,0.082763500,0
'2026-08-22 08:23:32.948764500,0.082764500,1
'2026-08-22 08:23:32.948764600,0.082764600,0
'2026-08-22 08:23:32.948767500,0.082767500,1
'2026-08-22 08:23:32.948767600,0.082767600,0
'2026-08-22 08:23:32.948768000,0.082768000,1
'2026-08-22 08:23:32.948768100,0.082768100,0
'2026-08-22 08:23:32.948770100,0.082770100,1
'2026-08-22 08:23:32.948784600,0.082784600,0
'2026-08-22 08:23:32.948784700,0.082784700,1
'2026-08-22 08:23:32.948784800,0.082784800,0
'2026-08-22 08:23:32.948789700,0.082789700,1
'2026-08-22 08:23:32.948789800,0.082789800,0
'2026-08-22 08:23:32.948793700,0.082793700,1
'2026-08-22 08:23:32.948793900,0.082793900,0
'2026-08-22 08:23:32.948794300,0.082794300,1
'2026-08-22 08:23:32.948794400,0.082794400,0
'2026-08-22 08:23:32.948796200,0.082796200,1
'2026-08-22 08:23:32.948810700,0.082810700,0
'2026-08-22 08:23:32.948813700,0.082813700,1
'2026-08-22 08:23:32.948813800,0.082813800,0
'2026-08-22 08:23:32.948814200,0.082814200,1
'2026-08-22 08:23:32.948814300,0.082814300,0
'2026-08-22 08:23:32.948814800,0.082814800,1
'2026-08-22 08:23:32.948814900,0.082814900,0
'2026-08-22 08:23:32.948815300,0.082815300,1
'2026-08-22 08:23:32.948815400,0.082815400,0
'2026-08-22 08:23:32.948817700,0.082817700,1
'2026-08-22 08:23:32.948817800,0.082817800,0
'2026-08-22 08:23:32.948819900,0.082819900,1
'2026-08-22 08:23:32.948820000,0.082820000,0
'2026-08-22 08:23:32.948822300,0.082822300,1
'2026-08-22 08:23:32.948836800,0.082836800,0
'2026-08-22 08:23:32.948837000,0.082837000,1
'2026-08-22 08:23:32.948837100,0.082837100,0
'2026-08-22 08:23:32.948837500,0.082837500,1
'2026-08-22 08:23:32.948837700,0.082837700,0
'2026-08-22 08:23:32.948838100,0.082838100,1
'2026-08-22 08:23:32.948838300,0.082838300,0
'2026-08-22 08:23:32.948838400,0.082838400,1
'2026-08-22 08:23:32.948838500,0.082838500,0
'2026-08-22 08:23:32.948838700,0.082838700,1
'2026-08-22 08:23:32.948838800,0.082838800,0
'2026-08-22 08:23:32.948839300,0.082839300,1
'2026-08-22 08:23:32.948839400,0.082839400,0
'2026-08-22 08:23:32.948839900,0.082839900,1
'2026-08-22 08:23:32.948840000,0.082840000,0
'2026-08-22 08:23:32.948841000,0.082841000,1
'2026-08-22 08:23:32.948841200,0.082841200,0
'2026-08-22 08:23:32.948845200,0.082845200,1
'2026-08-22 08:23:32.948845300,0.082845300,0
'2026-08-22 08:23:32.948848400,0.082848400,1
'2026-08-22 08:23:32.948862800,0.082862800,0
'2026-08-22 08:23:32.948863200,0.082863200,1
'2026-08-22 08:23:32.948863300,0.082863300,0
'2026-08-22 08:23:32.948863400,0.082863400,1
'2026-08-22 08:23:32.948863500,0.082863500,0
'2026-08-22 08:23:32.948863900,0.082863900,1
'2026-08-22 08:23:32.948864000,0.082864000,0
'2026-08-22 08:23:32.948865600,0.082865600,1
'2026-08-22 08:23:32.948865700,0.082865700,0
'2026-08-22 08:23:32.948866800,0.082866800,1
'2026-08-22 08:23:32.948866900,0.082866900,0
'2026-08-22 08:23:32.948867000,0.082867000,1
'2026-08-22 08:23:32.948867100,0.082867100,0
'2026-08-22 08:23:32.948867400,0.082867400,1
'2026-08-22 08:23:32.948867500,0.082867500,0
'2026-08-22 08:23:32.948867900,0.082867900,1
'2026-08-22 08:23:32.948868100,0.082868100,0
'2026-08-22 08:23:32.948868500,0.082868500,1
'2026-08-22 08:23:32.948868700,0.082868700,0
'2026-08-22 08:23:32.948869100,0.082869100,1
'2026-08-22 08:23:32.948869200,0.082869200,0
'2026-08-22 08:23:32.948871400,0.082871400,1
'2026-08-22 08:23:32.948871500,0.082871500,0
'2026-08-22 08:23:32.948874400,0.082874400,1
'2026-08-22 08:23:32.948889100,0.082889100,0
'2026-08-22 08:23:32.948889500,0.082889500,1
'2026-08-22 08:23:32.948889600,0.082889600,0
'2026-08-22 08:23:32.948890100,0.082890100,1
'2026-08-22 08:23:32.948890200,0.082890200,0
'2026-08-22 08:23:32.948891300,0.082891300,1
'2026-08-22 08:23:32.948891400,0.082891400,0
'2026-08-22 08:23:32.948895600,0.082895600,1
'2026-08-22 08:23:32.948895700,0.082895700,0
'2026-08-22 08:23:32.948896000,0.082896000,1
'2026-08-22 08:23:32.948896100,0.082896100,0
'2026-08-22 08:23:32.948896500,0.082896500,1
'2026-08-22 08:23:32.948896600,0.082896600,0
'2026-08-22 08:23:32.948897100,0.082897100,1
'2026-08-22 08:23:32.948897200,0.082897200,0
'2026-08-22 08:23:32.948897700,0.082897700,1
'2026-08-22 08:23:32.948897800,0.082897800,0
'2026-08-22 08:23:32.948898300,0.082898300,1
'2026-08-22 08:23:32.948898400,0.082898400,0
'2026-08-22 08:23:32.948898900,0.082898900,1
'2026-08-22 08:23:32.948899000,0.082899000,0
'2026-08-22 08:23:32.948899300,0.082899300,1
'2026-08-22 08:23:32.948899400,0.082899400,0
'2026-08-22 08:23:32.948900500,0.082900500,1
'2026-08-22 08:23:32.948915000,0.082915000,0
'2026-08-22 08:23:32.948915100,0.082915100,1
'2026-08-22 08:23:32.948915200,0.082915200,0
'2026-08-22 08:23:32.948915600,0.082915600,1
'2026-08-22 08:23:32.948915700,0.082915700,0
'2026-08-22 08:23:32.948916800,0.082916800,1
'2026-08-22 08:23:32.948916900,0.082916900,0
'2026-08-22 08:23:32.948917000,0.082917000,1
'2026-08-22 08:23:32.948917100,0.082917100,0
'2026-08-22 08:23:32.948917500,0.082917500,1
'2026-08-22 08:23:32.948917600,0.082917600,0
'2026-08-22 08:23:32.948917900,0.082917900,1
'2026-08-22 08:23:32.948918000,0.082918000,0
'2026-08-22 08:23:32.948918100,0.082918100,1
'2026-08-22 08:23:32.948918300,0.082918300,0
'2026-08-22 08:23:32.948918700,0.082918700,1
'2026-08-22 08:23:32.948918800,0.082918800,0
'2026-08-22 08:23:32.948919300,0.082919300,1
'2026-08-22 08:23:32.948919400,0.082919400,0
'2026-08-22 08:23:32.948919800,0.082919800,1
'2026-08-22 08:23:32.948920000,0.082920000,0
'2026-08-22 08:23:32.948920300,0.082920300,1
'2026-08-22 08:23:32.948920400,0.082920400,0
'2026-08-22 08:23:32.948920500,0.082920500,1
'2026-08-22 08:23:32.948920600,0.082920600,0
'2026-08-22 08:23:32.948922300,0.082922300,1
'2026-08-22 08:23:32.948922400,0.082922400,0
'2026-08-22 08:23:32.948924400,0.082924400,1
'2026-08-22 08:23:32.948924600,0.082924600,0
'2026-08-22 08:23:32.948924900,0.082924900,1
'2026-08-22 08:23:32.948925300,0.082925300,0
'2026-08-22 08:23:32.948925600,0.082925600,1
'2026-08-22 08:23:32.948925700,0.082925700,0
'2026-08-22 08:23:32.948925800,0.082925800,1
'2026-08-22 08:23:32.948926000,0.082926000,0
'2026-08-22 08:23:32.948926200,0.082926200,1
'2026-08-22 08:23:32.948926300,0.082926300,0
'2026-08-22 08:23:32.948926400,0.082926400,1
'2026-08-22 08:23:32.948926500,0.082926500,0
'2026-08-22 08:23:32.948926600,0.082926600,1
'2026-08-22 08:23:32.948940800,0.082940800,0
'2026-08-22 08:23:32.948940900,0.082940900,1
'2026-08-22 08:23:32.948941200,0.082941200,0
'2026-08-22 08:23:32.948941500,0.082941500,1
'2026-08-22 08:23:32.949362800,0.083362800,0
'2026-08-22 08:23:32.949369700,0.083369700,1
'2026-08-22 08:23:32.949384000,0.083384000,0
'2026-08-22 08:23:32.949388400,0.083388400,1
'2026-08-22 08:23:32.949388500,0.083388500,0
'2026-08-22 08:23:32.949395800,0.083395800,1
'2026-08-22 08:23:32.949410100,0.083410100,0
'2026-08-22 08:23:32.949414600,0.083414600,1
'2026-08-22 08:23:32.949414700,0.083414700,0
'2026-08-22 08:23:32.949421800,0.083421800,1
'2026-08-22 08:23:32.949436200,0.083436200,0
'2026-08-22 08:23:32.949447900,0.083447900,1
'2026-08-22 08:23:32.949462200,0.083462200,0
'2026-08-22 08:23:32.949462500,0.083462500,1
'2026-08-22 08:23:32.949462600,0.083462600,0
'2026-08-22 08:23:32.949474000,0.083474000,1
'2026-08-22 08:23:32.949488300,0.083488300,0
'2026-08-22 08:23:32.949500100,0.083500100,1
'2026-08-22 08:23:32.949514600,0.083514600,0
'2026-08-22 08:23:32.949523300,0.083523300,1
'2026-08-22 08:23:32.949523400,0.083523400,0
'2026-08-22 08:23:32.949526100,0.083526100,1
'2026-08-22 08:23:32.949540600,0.083540600,0
'2026-08-22 08:23:32.949540800,0.083540800,1
'2026-08-22 08:23:32.949540900,0.083540900,0
'2026-08-22 08:23:32.949549300,0.083549300,1
'2026-08-22 08:23:32.949549400,0.083549400,0
'2026-08-22 08:23:32.949551900,0.083551900,1
'2026-08-22 08:23:32.949552000,0.083552000,0
'2026-08-22 08:23:32.949552200,0.083552200,1
'2026-08-22 08:23:32.949566600,0.083566600,0
'2026-08-22 08:23:32.949567100,0.083567100,1
'2026-08-22 08:23:32.949567200,0.083567200,0
'2026-08-22 08:23:32.949572400,0.083572400,1
'2026-08-22 08:23:32.949572500,0.083572500,0
'2026-08-22 08:23:32.949573500,0.083573500,1
'2026-08-22 08:23:32.949573600,0.083573600,0
'2026-08-22 08:23:32.949574700,0.083574700,1
'2026-08-22 08:23:32.949574800,0.083574800,0
'2026-08-22 08:23:32.949575300,0.083575300,1
'2026-08-22 08:23:32.949575400,0.083575400,0
'2026-08-22 08:23:32.949578300,0.083578300,1
'2026-08-22 08:23:32.949593000,0.083593000,0
'2026-08-22 08:23:32.949594000,0.083594000,1
'2026-08-22 08:23:32.949594100,0.083594100,0
'2026-08-22 08:23:32.949595200,0.083595200,1
'2026-08-22 08:23:32.949595300,0.083595300,0
'2026-08-22 08:23:32.949595700,0.083595700,1
'2026-08-22 08:23:32.949595800,0.083595800,0
'2026-08-22 08:23:32.949597500,0.083597500,1
'2026-08-22 08:23:32.949597600,0.083597600,0
'2026-08-22 08:23:32.949601600,0.083601600,1
'2026-08-22 08:23:32.949601700,0.083601700,0
'2026-08-22 08:23:32.949602700,0.083602700,1
'2026-08-22 08:23:32.949602800,0.083602800,0
'2026-08-22 08:23:32.949604400,0.083604400,1
'2026-08-22 08:23:32.949618800,0.083618800,0
'2026-08-22 08:23:32.949619100,0.083619100,1
'2026-08-22 08:23:32.949619200,0.083619200,0
'2026-08-22 08:23:32.949626700,0.083626700,1
'2026-08-22 08:23:32.949626800,0.083626800,0
'2026-08-22 08:23:32.949627900,0.083627900,1
'2026-08-22 08:23:32.949628000,0.083628000,0
'2026-08-22 08:23:32.949630400,0.083630400,1
'2026-08-22 08:23:32.949645100,0.083645100,0
'2026-08-22 08:23:32.949645200,0.083645200,1
'2026-08-22 08:23:32.949645300,0.083645300,0
'2026-08-22 08:23:32.949646800,0.083646800,1
'2026-08-22 08:23:32.949646900,0.083646900,0
'2026-08-22 08:23:32.949648200,0.083648200,1
'2026-08-22 08:23:32.949648400,0.083648400,0
'2026-08-22 08:23:32.949649500,0.083649500,1
'2026-08-22 08:23:32.949649600,0.083649600,0
'2026-08-22 08:23:32.949650700,0.083650700,1
'2026-08-22 08:23:32.949650800,0.083650800,0
'2026-08-22 08:23:32.949656500,0.083656500,1
'2026-08-22 08:23:32.949670900,0.083670900,0
'2026-08-22 08:23:32.949671100,0.083671100,1
'2026-08-22 08:23:32.949671200,0.083671200,0
'2026-08-22 08:23:32.949672900,0.083672900,1
'2026-08-22 08:23:32.949673000,0.083673000,0
'2026-08-22 08:23:32.949674600,0.083674600,1
'2026-08-22 08:23:32.949674800,0.083674800,0
'2026-08-22 08:23:32.949675100,0.083675100,1
'2026-08-22 08:23:32.949675300,0.083675300,0
'2026-08-22 08:23:32.949677500,0.083677500,1
'2026-08-22 08:23:32.949677600,0.083677600,0
'2026-08-22 08:23:32.949678700,0.083678700,1
'2026-08-22 08:23:32.949678800,0.083678800,0
'2026-08-22 08:23:32.949682600,0.083682600,1
'2026-08-22 08:23:32.949697100,0.083697100,0
'2026-08-22 08:23:32.949697400,0.083697400,1
'2026-08-22 08:23:32.949697500,0.083697500,0
'2026-08-22 08:23:32.949699800,0.083699800,1
'2026-08-22 08:23:32.949699900,0.083699900,0
'2026-08-22 08:23:32.949700300,0.083700300,1
'2026-08-22 08:23:32.949700400,0.083700400,0
'2026-08-22 08:23:32.949701500,0.083701500,1
'2026-08-22 08:23:32.949701600,0.083701600,0
'2026-08-22 08:23:32.949702100,0.083702100,1
'2026-08-22 08:23:32.949702200,0.083702200,0
'2026-08-22 08:23:32.949702600,0.083702600,1
'2026-08-22 08:23:32.949702800,0.083702800,0
'2026-08-22 08:23:32.949703800,0.083703800,1
'2026-08-22 08:23:32.949703900,0.083703900,0
'2026-08-22 08:23:32.949705500,0.083705500,1
'2026-08-22 08:23:32.949705700,0.083705700,0
'2026-08-22 08:23:32.949706200,0.083706200,1
'2026-08-22 08:23:32.949706300,0.083706300,0
'2026-08-22 08:23:32.949708600,0.083708600,1
'2026-08-22 08:23:32.949723500,0.083723500,0
'2026-08-22 08:23:32.949723700,0.083723700,1
'2026-08-22 08:23:32.949723800,0.083723800,0
'2026-08-22 08:23:32.949724300,0.083724300,1
'2026-08-22 08:23:32.949724400,0.083724400,0
'2026-08-22 08:23:32.949726200,0.083726200,1
'2026-08-22 08:23:32.949726300,0.083726300,0
'2026-08-22 08:23:32.949727800,0.083727800,1
'2026-08-22 08:23:32.949727900,0.083727900,0
'2026-08-22 08:23:32.949728400,0.083728400,1
'2026-08-22 08:23:32.949728500,0.083728500,0
'2026-08-22 08:23:32.949728900,0.083728900,1
'2026-08-22 08:23:32.949729000,0.083729000,0
'2026-08-22 08:23:32.949731700,0.083731700,1
'2026-08-22 08:23:32.949731800,0.083731800,0
'2026-08-22 08:23:32.949731900,0.083731900,1
'2026-08-22 08:23:32.949732000,0.083732000,0
'2026-08-22 08:23:32.949732200,0.083732200,1
'2026-08-22 08:23:32.949732300,0.083732300,0
'2026-08-22 08:23:32.949732500,0.083732500,1
'2026-08-22 08:23:32.949732600,0.083732600,0
'2026-08-22 08:23:32.949733000,0.083733000,1
'2026-08-22 08:23:32.949733100,0.083733100,0
'2026-08-22 08:23:32.949733500,0.083733500,1
'2026-08-22 08:23:32.949733700,0.083733700,0
'2026-08-22 08:23:32.949734700,0.083734700,1
'2026-08-22 08:23:32.949749600,0.083749600,0
'2026-08-22 08:23:32.949749700,0.083749700,1
'2026-08-22 08:23:32.949749800,0.083749800,0
'2026-08-22 08:23:32.949750600,0.083750600,1
'2026-08-22 08:23:32.949750700,0.083750700,0
'2026-08-22 08:23:32.949751700,0.083751700,1
'2026-08-22 08:23:32.949751800,0.083751800,0
'2026-08-22 08:23:32.949752300,0.083752300,1
'2026-08-22 08:23:32.949752400,0.083752400,0
'2026-08-22 08:23:32.949752500,0.083752500,1
'2026-08-22 08:23:32.949752600,0.083752600,0
'2026-08-22 08:23:32.949752800,0.083752800,1
'2026-08-22 08:23:32.949753000,0.083753000,0
'2026-08-22 08:23:32.949753300,0.083753300,1
'2026-08-22 08:23:32.949753400,0.083753400,0
'2026-08-22 08:23:32.949753900,0.083753900,1
'2026-08-22 08:23:32.949754000,0.083754000,0
'2026-08-22 08:23:32.949754100,0.083754100,1
'2026-08-22 08:23:32.949754200,0.083754200,0
'2026-08-22 08:23:32.949754700,0.083754700,1
'2026-08-22 08:23:32.949754800,0.083754800,0
'2026-08-22 08:23:32.949755200,0.083755200,1
'2026-08-22 08:23:32.949755300,0.083755300,0
'2026-08-22 08:23:32.949756100,0.083756100,1
'2026-08-22 08:23:32.949756200,0.083756200,0
'2026-08-22 08:23:32.949756400,0.083756400,1
'2026-08-22 08:23:32.949756500,0.083756500,0
'2026-08-22 08:23:32.949758800,0.083758800,1
'2026-08-22 08:23:32.949758900,0.083758900,0
'2026-08-22 08:23:32.949759300,0.083759300,1
'2026-08-22 08:23:32.949759400,0.083759400,0
'2026-08-22 08:23:32.949760800,0.083760800,1
'2026-08-22 08:23:32.950192200,0.084192200,0
'2026-08-22 08:23:32.950203100,0.084203100,1
'2026-08-22 08:23:32.950203200,0.084203200,0
'2026-08-22 08:23:32.950203900,0.084203900,1
'2026-08-22 08:23:32.950218400,0.084218400,0
'2026-08-22 08:23:32.950224700,0.084224700,1
'2026-08-22 08:23:32.950224800,0.084224800,0
'2026-08-22 08:23:32.950230000,0.084230000,1
'2026-08-22 08:23:32.950244300,0.084244300,0
'2026-08-22 08:23:32.950254700,0.084254700,1
'2026-08-22 08:23:32.950254800,0.084254800,0
'2026-08-22 08:23:32.950255800,0.084255800,1
'2026-08-22 08:23:32.950255900,0.084255900,0
'2026-08-22 08:23:32.950256100,0.084256100,1
'2026-08-22 08:23:32.950270400,0.084270400,0
'2026-08-22 08:23:32.950274400,0.084274400,1
'2026-08-22 08:23:32.950274500,0.084274500,0
'2026-08-22 08:23:32.950282200,0.084282200,1
'2026-08-22 08:23:32.950296700,0.084296700,0
'2026-08-22 08:23:32.950297100,0.084297100,1
'2026-08-22 08:23:32.950297200,0.084297200,0
'2026-08-22 08:23:32.950304700,0.084304700,1
'2026-08-22 08:23:32.950304800,0.084304800,0
'2026-08-22 08:23:32.950308200,0.084308200,1
'2026-08-22 08:23:32.950322600,0.084322600,0
'2026-08-22 08:23:32.950334300,0.084334300,1
'2026-08-22 08:23:32.950348700,0.084348700,0
'2026-08-22 08:23:32.950351500,0.084351500,1
'2026-08-22 08:23:32.950351600,0.084351600,0
'2026-08-22 08:23:32.950353800,0.084353800,1
'2026-08-22 08:23:32.950353900,0.084353900,0
'2026-08-22 08:23:32.950356100,0.084356100,1
'2026-08-22 08:23:32.950356200,0.084356200,0
'2026-08-22 08:23:32.950360400,0.084360400,1
'2026-08-22 08:23:32.950375000,0.084375000,0
'2026-08-22 08:23:32.950385300,0.084385300,1
'2026-08-22 08:23:32.950385400,0.084385400,0
'2026-08-22 08:23:32.950386500,0.084386500,1
'2026-08-22 08:23:32.950400800,0.084400800,0
'2026-08-22 08:23:32.950401100,0.084401100,1
'2026-08-22 08:23:32.950401200,0.084401200,0
'2026-08-22 08:23:32.950403800,0.084403800,1
'2026-08-22 08:23:32.950403900,0.084403900,0
'2026-08-22 08:23:32.950404400,0.084404400,1
'2026-08-22 08:23:32.950404500,0.084404500,0
'2026-08-22 08:23:32.950407400,0.084407400,1
'2026-08-22 08:23:32.950407500,0.084407500,0
'2026-08-22 08:23:32.950412500,0.084412500,1
'2026-08-22 08:23:32.950427000,0.084427000,0
'2026-08-22 08:23:32.950427300,0.084427300,1
'2026-08-22 08:23:32.950427400,0.084427400,0
'2026-08-22 08:23:32.950431700,0.084431700,1
'2026-08-22 08:23:32.950431800,0.084431800,0
'2026-08-22 08:23:32.950433100,0.084433100,1
'2026-08-22 08:23:32.950433200,0.084433200,0
'2026-08-22 08:23:32.950434900,0.084434900,1
'2026-08-22 08:23:32.950435200,0.084435200,0
'2026-08-22 08:23:32.950435300,0.084435300,1
'2026-08-22 08:23:32.950435400,0.084435400,0
'2026-08-22 08:23:32.950436900,0.084436900,1
'2026-08-22 08:23:32.950437000,0.084437000,0
'2026-08-22 08:23:32.950438600,0.084438600,1
'2026-08-22 08:23:32.950453100,0.084453100,0
'2026-08-22 08:23:32.950454800,0.084454800,1
'2026-08-22 08:23:32.950454900,0.084454900,0
'2026-08-22 08:23:32.950455300,0.084455300,1
'2026-08-22 08:23:32.950455400,0.084455400,0
'2026-08-22 08:23:32.950457100,0.084457100,1
'2026-08-22 08:23:32.950457200,0.084457200,0
'2026-08-22 08:23:32.950457600,0.084457600,1
'2026-08-22 08:23:32.950457800,0.084457800,0
'2026-08-22 08:23:32.950458200,0.084458200,1
'2026-08-22 08:23:32.950458300,0.084458300,0
'2026-08-22 08:23:32.950464700,0.084464700,1
'2026-08-22 08:23:32.950479200,0.084479200,0
'2026-08-22 08:23:32.950479300,0.084479300,1
'2026-08-22 08:23:32.950479400,0.084479400,0
'2026-08-22 08:23:32.950481400,0.084481400,1
'2026-08-22 08:23:32.950481500,0.084481500,0
'2026-08-22 08:23:32.950484700,0.084484700,1
'2026-08-22 08:23:32.950484800,0.084484800,0
'2026-08-22 08:23:32.950485100,0.084485100,1
'2026-08-22 08:23:32.950485200,0.084485200,0
'2026-08-22 08:23:32.950486300,0.084486300,1
'2026-08-22 08:23:32.950486400,0.084486400,0
'2026-08-22 08:23:32.950487100,0.084487100,1
'2026-08-22 08:23:32.950487200,0.084487200,0
'2026-08-22 08:23:32.950487500,0.084487500,1
'2026-08-22 08:23:32.950487600,0.084487600,0
'2026-08-22 08:23:32.950490800,0.084490800,1
'2026-08-22 08:23:32.950505500,0.084505500,0
'2026-08-22 08:23:32.950506200,0.084506200,1
'2026-08-22 08:23:32.950506400,0.084506400,0
'2026-08-22 08:23:32.950506700,0.084506700,1
'2026-08-22 08:23:32.950506800,0.084506800,0
'2026-08-22 08:23:32.950507300,0.084507300,1
'2026-08-22 08:23:32.950507400,0.084507400,0
'2026-08-22 08:23:32.950507800,0.084507800,1
'2026-08-22 08:23:32.950508000,0.084508000,0
'2026-08-22 08:23:32.950510900,0.084510900,1
'2026-08-22 08:23:32.950511000,0.084511000,0
'2026-08-22 08:23:32.950514300,0.084514300,1
'2026-08-22 08:23:32.950514400,0.084514400,0
'2026-08-22 08:23:32.950516600,0.084516600,1
'2026-08-22 08:23:32.950516700,0.084516700,0
'2026-08-22 08:23:32.950516900,0.084516900,1
'2026-08-22 08:23:32.950531400,0.084531400,0
'2026-08-22 08:23:32.950535000,0.084535000,1
'2026-08-22 08:23:32.950535100,0.084535100,0
'2026-08-22 08:23:32.950535200,0.084535200,1
'2026-08-22 08:23:32.950535400,0.084535400,0
'2026-08-22 08:23:32.950537100,0.084537100,1
'2026-08-22 08:23:32.950537200,0.084537200,0
'2026-08-22 08:23:32.950538900,0.084538900,1
'2026-08-22 08:23:32.950539000,0.084539000,0
'2026-08-22 08:23:32.950542900,0.084542900,1
'2026-08-22 08:23:32.950557300,0.084557300,0
'2026-08-22 08:23:32.950557400,0.084557400,1
'2026-08-22 08:23:32.950557800,0.084557800,0
'2026-08-22 08:23:32.950557900,0.084557900,1
'2026-08-22 08:23:32.950558200,0.084558200,0
'2026-08-22 08:23:32.950558500,0.084558500,1
'2026-08-22 08:23:32.950558600,0.084558600,0
'2026-08-22 08:23:32.950558700,0.084558700,1
'2026-08-22 08:23:32.950558800,0.084558800,0
'2026-08-22 08:23:32.950559300,0.084559300,1
'2026-08-22 08:23:32.950559400,0.084559400,0
'2026-08-22 08:23:32.950561700,0.084561700,1
'2026-08-22 08:23:32.950561800,0.084561800,0
'2026-08-22 08:23:32.950562100,0.084562100,1
'2026-08-22 08:23:32.950562200,0.084562200,0
'2026-08-22 08:23:32.950565100,0.084565100,1
'2026-08-22 08:23:32.950565200,0.084565200,0
'2026-08-22 08:23:32.950565700,0.084565700,1
'2026-08-22 08:23:32.950565800,0.084565800,0
'2026-08-22 08:23:32.950568100,0.084568100,1
'2026-08-22 08:23:32.950568200,0.084568200,0
'2026-08-22 08:23:32.950568700,0.084568700,1
'2026-08-22 08:23:32.950568800,0.084568800,0
'2026-08-22 08:23:32.950569000,0.084569000,1
'2026-08-22 08:23:32.950583400,0.084583400,0
'2026-08-22 08:23:32.950583500,0.084583500,1
'2026-08-22 08:23:32.950583600,0.084583600,0
'2026-08-22 08:23:32.950583800,0.084583800,1
'2026-08-22 08:23:32.950584000,0.084584000,0
'2026-08-22 08:23:32.950584400,0.084584400,1
'2026-08-22 08:23:32.950584500,0.084584500,0
'2026-08-22 08:23:32.950585000,0.084585000,1
'2026-08-22 08:23:32.950585100,0.084585100,0
'2026-08-22 08:23:32.950586200,0.084586200,1
'2026-08-22 08:23:32.950586300,0.084586300,0
'2026-08-22 08:23:32.950586800,0.084586800,1
'2026-08-22 08:23:32.950586900,0.084586900,0
'2026-08-22 08:23:32.950587300,0.084587300,1
'2026-08-22 08:23:32.950587400,0.084587400,0
'2026-08-22 08:23:32.950587900,0.084587900,1
'2026-08-22 08:23:32.950588000,0.084588000,0
'2026-08-22 08:23:32.950588200,0.084588200,1
'2026-08-22 08:23:32.950588300,0.084588300,0
'2026-08-22 08:23:32.950589100,0.084589100,1
'2026-08-22 08:23:32.950589200,0.084589200,0
'2026-08-22 08:23:32.950589700,0.084589700,1
'2026-08-22 08:23:32.950589800,0.084589800,0
'2026-08-22 08:23:32.950594300,0.084594300,1
'2026-08-22 08:23:32.950594400,0.084594400,0
'2026-08-22 08:23:32.950594900,0.084594900,1
'2026-08-22 08:23:32.951009100,0.085009100,0
'2026-08-22 08:23:32.951012100,0.085012100,1
'2026-08-22 08:23:32.951026400,0.085026400,0
'2026-08-22 08:23:32.951026500,0.085026500,1
'2026-08-22 08:23:32.951026600,0.085026600,0
'2026-08-22 08:23:32.951038200,0.085038200,1
'2026-08-22 08:23:32.951052400,0.085052400,0
'2026-08-22 08:23:32.951064300,0.085064300,1
'2026-08-22 08:23:32.951078600,0.085078600,0
'2026-08-22 08:23:32.951088500,0.085088500,1
'2026-08-22 08:23:32.951088600,0.085088600,0
'2026-08-22 08:23:32.951090300,0.085090300,1
'2026-08-22 08:23:32.951104800,0.085104800,0
'2026-08-22 08:23:32.951109200,0.085109200,1
'2026-08-22 08:23:32.951109300,0.085109300,0
'2026-08-22 08:23:32.951116400,0.085116400,1
'2026-08-22 08:23:32.951130700,0.085130700,0
'2026-08-22 08:23:32.951130800,0.085130800,1
'2026-08-22 08:23:32.951130900,0.085130900,0
'2026-08-22 08:23:32.951131000,0.085131000,1
'2026-08-22 08:23:32.951131100,0.085131100,0
'2026-08-22 08:23:32.951138500,0.085138500,1
'2026-08-22 08:23:32.951138600,0.085138600,0
'2026-08-22 08:23:32.951138800,0.085138800,1
'2026-08-22 08:23:32.951138900,0.085138900,0
'2026-08-22 08:23:32.951140900,0.085140900,1
'2026-08-22 08:23:32.951141000,0.085141000,0
'2026-08-22 08:23:32.951142500,0.085142500,1
'2026-08-22 08:23:32.951156900,0.085156900,0
'2026-08-22 08:23:32.951157200,0.085157200,1
'2026-08-22 08:23:32.951157400,0.085157400,0
'2026-08-22 08:23:32.951157500,0.085157500,1
'2026-08-22 08:23:32.951157600,0.085157600,0
'2026-08-22 08:23:32.951159400,0.085159400,1
'2026-08-22 08:23:32.951159500,0.085159500,0
'2026-08-22 08:23:32.951168200,0.085168200,1
'2026-08-22 08:23:32.951168300,0.085168300,0
'2026-08-22 08:23:32.951168600,0.085168600,1
'2026-08-22 08:23:32.951183000,0.085183000,0
'2026-08-22 08:23:32.951183500,0.085183500,1
'2026-08-22 08:23:32.951183600,0.085183600,0
'2026-08-22 08:23:32.951185800,0.085185800,1
'2026-08-22 08:23:32.951185900,0.085185900,0
'2026-08-22 08:23:32.951187600,0.085187600,1
'2026-08-22 08:23:32.951187700,0.085187700,0
'2026-08-22 08:23:32.951194600,0.085194600,1
'2026-08-22 08:23:32.951209300,0.085209300,0
'2026-08-22 08:23:32.951220700,0.085220700,1
'2026-08-22 08:23:32.951235000,0.085235000,0
'2026-08-22 08:23:32.951239500,0.085239500,1
'2026-08-22 08:23:32.951239600,0.085239600,0
'2026-08-22 08:23:32.951240700,0.085240700,1
'2026-08-22 08:23:32.951240800,0.085240800,0
'2026-08-22 08:23:32.951241300,0.085241300,1
'2026-08-22 08:23:32.951241400,0.085241400,0
'2026-08-22 08:23:32.951246800,0.085246800,1
'2026-08-22 08:23:32.951261300,0.085261300,0
'2026-08-22 08:23:32.951261700,0.085261700,1
'2026-08-22 08:23:32.951261800,0.085261800,0
'2026-08-22 08:23:32.951268800,0.085268800,1
'2026-08-22 08:23:32.951268900,0.085268900,0
'2026-08-22 08:23:32.951270600,0.085270600,1
'2026-08-22 08:23:32.951270700,0.085270700,0
'2026-08-22 08:23:32.951272900,0.085272900,1
'2026-08-22 08:23:32.951287200,0.085287200,0
'2026-08-22 08:23:32.951287300,0.085287300,1
'2026-08-22 08:23:32.951287600,0.085287600,0
'2026-08-22 08:23:32.951289700,0.085289700,1
'2026-08-22 08:23:32.951289900,0.085289900,0
'2026-08-22 08:23:32.951292100,0.085292100,1
'2026-08-22 08:23:32.951292200,0.085292200,0
'2026-08-22 08:23:32.951295000,0.085295000,1
'2026-08-22 08:23:32.951295100,0.085295100,0
'2026-08-22 08:23:32.951297400,0.085297400,1
'2026-08-22 08:23:32.951297600,0.085297600,0
'2026-08-22 08:23:32.951298500,0.085298500,1
'2026-08-22 08:23:32.951298600,0.085298600,0
'2026-08-22 08:23:32.951298900,0.085298900,1
'2026-08-22 08:23:32.951313200,0.085313200,0
'2026-08-22 08:23:32.951314900,0.085314900,1
'2026-08-22 08:23:32.951315000,0.085315000,0
'2026-08-22 08:23:32.951317800,0.085317800,1
'2026-08-22 08:23:32.951317900,0.085317900,0
'2026-08-22 08:23:32.951318400,0.085318400,1
'2026-08-22 08:23:32.951318500,0.085318500,0
'2026-08-22 08:23:32.951319500,0.085319500,1
'2026-08-22 08:23:32.951319600,0.085319600,0
'2026-08-22 08:23:32.951320900,0.085320900,1
'2026-08-22 08:23:32.951321000,0.085321000,0
'2026-08-22 08:23:32.951321300,0.085321300,1
'2026-08-22 08:23:32.951321400,0.085321400,0
'2026-08-22 08:23:32.951321900,0.085321900,1
'2026-08-22 08:23:32.951322000,0.085322000,0
'2026-08-22 08:23:32.951323100,0.085323100,1
'2026-08-22 08:23:32.951323200,0.085323200,0
'2026-08-22 08:23:32.951325000,0.085325000,1
'2026-08-22 08:23:32.951339500,0.085339500,0
'2026-08-22 08:23:32.951340500,0.085340500,1
'2026-08-22 08:23:32.951340600,0.085340600,0
'2026-08-22 08:23:32.951341100,0.085341100,1
'2026-08-22 08:23:32.951341400,0.085341400,0
'2026-08-22 08:23:32.951341600,0.085341600,1
'2026-08-22 08:23:32.951341800,0.085341800,0
'2026-08-22 08:23:32.951347300,0.085347300,1
'2026-08-22 08:23:32.951347400,0.085347400,0
'2026-08-22 08:23:32.951348100,0.085348100,1
'2026-08-22 08:23:32.951348300,0.085348300,0
'2026-08-22 08:23:32.951348700,0.085348700,1
'2026-08-22 08:23:32.951348800,0.085348800,0
'2026-08-22 08:23:32.951348900,0.085348900,1
'2026-08-22 08:23:32.951349000,0.085349000,0
'2026-08-22 08:23:32.951349100,0.085349100,1
'2026-08-22 08:23:32.951349200,0.085349200,0
'2026-08-22 08:23:32.951349300,0.085349300,1
'2026-08-22 08:23:32.951349400,0.085349400,0
'2026-08-22 08:23:32.951349900,0.085349900,1
'2026-08-22 08:23:32.951350000,0.085350000,0
'2026-08-22 08:23:32.951351100,0.085351100,1
'2026-08-22 08:23:32.951365500,0.085365500,0
'2026-08-22 08:23:32.951365600,0.085365600,1
'2026-08-22 08:23:32.951365800,0.085365800,0
'2026-08-22 08:23:32.951366800,0.085366800,1
'2026-08-22 08:23:32.951367000,0.085367000,0
'2026-08-22 08:23:32.951369200,0.085369200,1
'2026-08-22 08:23:32.951369300,0.085369300,0
'2026-08-22 08:23:32.951370300,0.085370300,1
'2026-08-22 08:23:32.951370400,0.085370400,0
'2026-08-22 08:23:32.951370900,0.085370900,1
'2026-08-22 08:23:32.951371000,0.085371000,0
'2026-08-22 08:23:32.951371300,0.085371300,1
'2026-08-22 08:23:32.951371400,0.085371400,0
'2026-08-22 08:23:32.951372100,0.085372100,1
'2026-08-22 08:23:32.951372200,0.085372200,0
'2026-08-22 08:23:32.951372700,0.085372700,1
'2026-08-22 08:23:32.951372800,0.085372800,0
'2026-08-22 08:23:32.951374400,0.085374400,1
'2026-08-22 08:23:32.951374600,0.085374600,0
'2026-08-22 08:23:32.951375000,0.085375000,1
'2026-08-22 08:23:32.951375100,0.085375100,0
'2026-08-22 08:23:32.951376800,0.085376800,1
'2026-08-22 08:23:32.951376900,0.085376900,0
'2026-08-22 08:23:32.951377200,0.085377200,1
'2026-08-22 08:23:32.951391800,0.085391800,0
'2026-08-22 08:23:32.951391900,0.085391900,1
'2026-08-22 08:23:32.951392200,0.085392200,0
'2026-08-22 08:23:32.951392500,0.085392500,1
'2026-08-22 08:23:32.951392700,0.085392700,0
'2026-08-22 08:23:32.951393100,0.085393100,1
'2026-08-22 08:23:32.951393300,0.085393300,0
'2026-08-22 08:23:32.951393700,0.085393700,1
'2026-08-22 08:23:32.951393800,0.085393800,0
'2026-08-22 08:23:32.951394200,0.085394200,1
'2026-08-22 08:23:32.951394500,0.085394500,0
'2026-08-22 08:23:32.951394900,0.085394900,1
'2026-08-22 08:23:32.951395000,0.085395000,0
'2026-08-22 08:23:32.951397200,0.085397200,1
'2026-08-22 08:23:32.951397400,0.085397400,0
'2026-08-22 08:23:32.951398400,0.085398400,1
'2026-08-22 08:23:32.951398500,0.085398500,0
'2026-08-22 08:23:32.951403000,0.085403000,1
'2026-08-22 08:23:32.951834400,0.085834400,0
'2026-08-22 08:23:32.951846300,0.085846300,1
'2026-08-22 08:23:32.951860700,0.085860700,0
'2026-08-22 08:23:32.951862300,0.085862300,1
'2026-08-22 08:23:32.951862400,0.085862400,0
'2026-08-22 08:23:32.951871100,0.085871100,1
'2026-08-22 08:23:32.951871200,0.085871200,0
'2026-08-22 08:23:32.951872400,0.085872400,1
'2026-08-22 08:23:32.951886900,0.085886900,0
'2026-08-22 08:23:32.951894300,0.085894300,1
'2026-08-22 08:23:32.951894400,0.085894400,0
'2026-08-22 08:23:32.951898500,0.085898500,1
'2026-08-22 08:23:32.951912700,0.085912700,0
'2026-08-22 08:23:32.951924600,0.085924600,1
'2026-08-22 08:23:32.951938900,0.085938900,0
'2026-08-22 08:23:32.951950700,0.085950700,1
'2026-08-22 08:23:32.951964800,0.085964800,0
'2026-08-22 08:23:32.951965000,0.085965000,1
'2026-08-22 08:23:32.951965200,0.085965200,0
'2026-08-22 08:23:32.951976700,0.085976700,1
'2026-08-22 08:23:32.951991000,0.085991000,0
'2026-08-22 08:23:32.951993700,0.085993700,1
'2026-08-22 08:23:32.951993800,0.085993800,0
'2026-08-22 08:23:32.952002800,0.086002800,1
'2026-08-22 08:23:32.952017200,0.086017200,0
'2026-08-22 08:23:32.952028900,0.086028900,1
'2026-08-22 08:23:32.952043500,0.086043500,0
'2026-08-22 08:23:32.952044500,0.086044500,1
'2026-08-22 08:23:32.952044600,0.086044600,0
'2026-08-22 08:23:32.952045600,0.086045600,1
'2026-08-22 08:23:32.952045700,0.086045700,0
'2026-08-22 08:23:32.952055000,0.086055000,1
'2026-08-22 08:23:32.952069300,0.086069300,0
'2026-08-22 08:23:32.952069500,0.086069500,1
'2026-08-22 08:23:32.952069700,0.086069700,0
'2026-08-22 08:23:32.952070800,0.086070800,1
'2026-08-22 08:23:32.952070900,0.086070900,0
'2026-08-22 08:23:32.952074500,0.086074500,1
'2026-08-22 08:23:32.952074600,0.086074600,0
'2026-08-22 08:23:32.952074900,0.086074900,1
'2026-08-22 08:23:32.952075000,0.086075000,0
'2026-08-22 08:23:32.952077200,0.086077200,1
'2026-08-22 08:23:32.952077300,0.086077300,0
'2026-08-22 08:23:32.952081000,0.086081000,1
'2026-08-22 08:23:32.952095600,0.086095600,0
'2026-08-22 08:23:32.952095900,0.086095900,1
'2026-08-22 08:23:32.952096000,0.086096000,0
'2026-08-22 08:23:32.952096500,0.086096500,1
'2026-08-22 08:23:32.952096600,0.086096600,0
'2026-08-22 08:23:32.952097100,0.086097100,1
'2026-08-22 08:23:32.952097200,0.086097200,0
'2026-08-22 08:23:32.952097700,0.086097700,1
'2026-08-22 08:23:32.952097800,0.086097800,0
'2026-08-22 08:23:32.952100900,0.086100900,1
'2026-08-22 08:23:32.952101000,0.086101000,0
'2026-08-22 08:23:32.952101700,0.086101700,1
'2026-08-22 08:23:32.952101800,0.086101800,0
'2026-08-22 08:23:32.952107100,0.086107100,1
'2026-08-22 08:23:32.952121400,0.086121400,0
'2026-08-22 08:23:32.952121500,0.086121500,1
'2026-08-22 08:23:32.952121700,0.086121700,0
'2026-08-22 08:23:32.952123900,0.086123900,1
'2026-08-22 08:23:32.952124000,0.086124000,0
'2026-08-22 08:23:32.952124500,0.086124500,1
'2026-08-22 08:23:32.952124600,0.086124600,0
'2026-08-22 08:23:32.952133200,0.086133200,1
'2026-08-22 08:23:32.952148000,0.086148000,0
'2026-08-22 08:23:32.952148400,0.086148400,1
'2026-08-22 08:23:32.952148500,0.086148500,0
'2026-08-22 08:23:32.952150800,0.086150800,1
'2026-08-22 08:23:32.952150900,0.086150900,0
'2026-08-22 08:23:32.952151900,0.086151900,1
'2026-08-22 08:23:32.952152000,0.086152000,0
'2026-08-22 08:23:32.952153100,0.086153100,1
'2026-08-22 08:23:32.952153200,0.086153200,0
'2026-08-22 08:23:32.952153700,0.086153700,1
'2026-08-22 08:23:32.952153800,0.086153800,0
'2026-08-22 08:23:32.952155400,0.086155400,1
'2026-08-22 08:23:32.952155500,0.086155500,0
'2026-08-22 08:23:32.952159300,0.086159300,1
'2026-08-22 08:23:32.952173800,0.086173800,0
'2026-08-22 08:23:32.952174100,0.086174100,1
'2026-08-22 08:23:32.952174200,0.086174200,0
'2026-08-22 08:23:32.952174700,0.086174700,1
'2026-08-22 08:23:32.952174800,0.086174800,0
'2026-08-22 08:23:32.952175200,0.086175200,1
'2026-08-22 08:23:32.952175400,0.086175400,0
'2026-08-22 08:23:32.952175600,0.086175600,1
'2026-08-22 08:23:32.952176000,0.086176000,0
'2026-08-22 08:23:32.952176300,0.086176300,1
'2026-08-22 08:23:32.952176600,0.086176600,0
'2026-08-22 08:23:32.952176900,0.086176900,1
'2026-08-22 08:23:32.952177200,0.086177200,0
'2026-08-22 08:23:32.952177600,0.086177600,1
'2026-08-22 08:23:32.952177700,0.086177700,0
'2026-08-22 08:23:32.952178200,0.086178200,1
'2026-08-22 08:23:32.952178300,0.086178300,0
'2026-08-22 08:23:32.952180500,0.086180500,1
'2026-08-22 08:23:32.952180600,0.086180600,0
'2026-08-22 08:23:32.952181100,0.086181100,1
'2026-08-22 08:23:32.952181200,0.086181200,0
'2026-08-22 08:23:32.952182300,0.086182300,1
'2026-08-22 08:23:32.952182400,0.086182400,0
'2026-08-22 08:23:32.952184100,0.086184100,1
'2026-08-22 08:23:32.952184200,0.086184200,0
'2026-08-22 08:23:32.952184600,0.086184600,1
'2026-08-22 08:23:32.952184700,0.086184700,0
'2026-08-22 08:23:32.952185300,0.086185300,1
'2026-08-22 08:23:32.952199700,0.086199700,0
'2026-08-22 08:23:32.952199800,0.086199800,1
'2026-08-22 08:23:32.952199900,0.086199900,0
'2026-08-22 08:23:32.952201500,0.086201500,1
'2026-08-22 08:23:32.952201600,0.086201600,0
'2026-08-22 08:23:32.952202700,0.086202700,1
'2026-08-22 08:23:32.952202800,0.086202800,0
'2026-08-22 08:23:32.952204500,0.086204500,1
'2026-08-22 08:23:32.952204700,0.086204700,0
'2026-08-22 08:23:32.952205100,0.086205100,1
'2026-08-22 08:23:32.952205200,0.086205200,0
'2026-08-22 08:23:32.952205600,0.086205600,1
'2026-08-22 08:23:32.952205800,0.086205800,0
'2026-08-22 08:23:32.952207000,0.086207000,1
'2026-08-22 08:23:32.952207100,0.086207100,0
'2026-08-22 08:23:32.952208300,0.086208300,1
'2026-08-22 08:23:32.952208400,0.086208400,0
'2026-08-22 08:23:32.952209700,0.086209700,1
'2026-08-22 08:23:32.952209800,0.086209800,0
'2026-08-22 08:23:32.952211400,0.086211400,1
'2026-08-22 08:23:32.952226200,0.086226200,0
'2026-08-22 08:23:32.952226700,0.086226700,1
'2026-08-22 08:23:32.952226800,0.086226800,0
'2026-08-22 08:23:32.952227200,0.086227200,1
'2026-08-22 08:23:32.952227400,0.086227400,0
'2026-08-22 08:23:32.952228500,0.086228500,1
'2026-08-22 08:23:32.952228600,0.086228600,0
'2026-08-22 08:23:32.952231900,0.086231900,1
'2026-08-22 08:23:32.952232000,0.086232000,0
'2026-08-22 08:23:32.952232500,0.086232500,1
'2026-08-22 08:23:32.952232600,0.086232600,0
'2026-08-22 08:23:32.952234700,0.086234700,1
'2026-08-22 08:23:32.952235000,0.086235000,0
'2026-08-22 08:23:32.952235300,0.086235300,1
'2026-08-22 08:23:32.952235800,0.086235800,0
'2026-08-22 08:23:32.952236000,0.086236000,1
'2026-08-22 08:23:32.952236100,0.086236100,0
'2026-08-22 08:23:32.952236600,0.086236600,1
'2026-08-22 08:23:32.952236700,0.086236700,0
'2026-08-22 08:23:32.952237100,0.086237100,1
'2026-08-22 08:23:32.952237300,0.086237300,0
'2026-08-22 08:23:32.952237500,0.086237500,1
'2026-08-22 08:23:32.952668900,0.086668900,0
'2026-08-22 08:23:32.952680600,0.086680600,1
'2026-08-22 08:23:32.952694900,0.086694900,0
'2026-08-22 08:23:32.952706700,0.086706700,1
'2026-08-22 08:23:32.952721000,0.086721000,0
'2026-08-22 08:23:32.952726100,0.086726100,1
'2026-08-22 08:23:32.952726200,0.086726200,0
'2026-08-22 08:23:32.952732700,0.086732700,1
'2026-08-22 08:23:32.952747000,0.086747000,0
'2026-08-22 08:23:32.952747100,0.086747100,1
'2026-08-22 08:23:32.952747200,0.086747200,0
'2026-08-22 08:23:32.952758800,0.086758800,1
'2026-08-22 08:23:32.952773000,0.086773000,0
'2026-08-22 08:23:32.952784900,0.086784900,1
'2026-08-22 08:23:32.952799300,0.086799300,0
'2026-08-22 08:23:32.952799600,0.086799600,1
'2026-08-22 08:23:32.952799800,0.086799800,0
'2026-08-22 08:23:32.952800300,0.086800300,1
'2026-08-22 08:23:32.952800400,0.086800400,0
'2026-08-22 08:23:32.952811000,0.086811000,1
'2026-08-22 08:23:32.952825500,0.086825500,0
'2026-08-22 08:23:32.952831200,0.086831200,1
'2026-08-22 08:23:32.952831300,0.086831300,0
'2026-08-22 08:23:32.952837000,0.086837000,1
'2026-08-22 08:23:32.952851400,0.086851400,0
'2026-08-22 08:23:32.952852200,0.086852200,1
'2026-08-22 08:23:32.952852400,0.086852400,0
'2026-08-22 08:23:32.952859200,0.086859200,1
'2026-08-22 08:23:32.952859300,0.086859300,0
'2026-08-22 08:23:32.952863100,0.086863100,1
'2026-08-22 08:23:32.952877700,0.086877700,0
'2026-08-22 08:23:32.952879700,0.086879700,1
'2026-08-22 08:23:32.952879800,0.086879800,0
'2026-08-22 08:23:32.952880900,0.086880900,1
'2026-08-22 08:23:32.952881000,0.086881000,0
'2026-08-22 08:23:32.952889200,0.086889200,1
'2026-08-22 08:23:32.952903800,0.086903800,0
'2026-08-22 08:23:32.952906700,0.086906700,1
'2026-08-22 08:23:32.952906800,0.086906800,0
'2026-08-22 08:23:32.952915300,0.086915300,1
'2026-08-22 08:23:32.952929700,0.086929700,0
'2026-08-22 08:23:32.952929900,0.086929900,1
'2026-08-22 08:23:32.952930000,0.086930000,0
'2026-08-22 08:23:32.952930500,0.086930500,1
'2026-08-22 08:23:32.952930600,0.086930600,0
'2026-08-22 08:23:32.952931100,0.086931100,1
'2026-08-22 08:23:32.952931200,0.086931200,0
'2026-08-22 08:23:32.952934600,0.086934600,1
'2026-08-22 08:23:32.952934700,0.086934700,0
'2026-08-22 08:23:32.952938300,0.086938300,1
'2026-08-22 08:23:32.952938400,0.086938400,0
'2026-08-22 08:23:32.952938700,0.086938700,1
'2026-08-22 08:23:32.952938800,0.086938800,0
'2026-08-22 08:23:32.952939100,0.086939100,1
'2026-08-22 08:23:32.952939200,0.086939200,0
'2026-08-22 08:23:32.952941300,0.086941300,1
'2026-08-22 08:23:32.952955700,0.086955700,0
'2026-08-22 08:23:32.952955900,0.086955900,1
'2026-08-22 08:23:32.952956000,0.086956000,0
'2026-08-22 08:23:32.952959000,0.086959000,1
'2026-08-22 08:23:32.952959200,0.086959200,0
'2026-08-22 08:23:32.952960900,0.086960900,1
'2026-08-22 08:23:32.952961000,0.086961000,0
'2026-08-22 08:23:32.952961600,0.086961600,1
'2026-08-22 08:23:32.952961700,0.086961700,0
'2026-08-22 08:23:32.952962000,0.086962000,1
'2026-08-22 08:23:32.952962100,0.086962100,0
'2026-08-22 08:23:32.952967400,0.086967400,1
'2026-08-22 08:23:32.952982000,0.086982000,0
'2026-08-22 08:23:32.952984900,0.086984900,1
'2026-08-22 08:23:32.952985000,0.086985000,0
'2026-08-22 08:23:32.952988900,0.086988900,1
'2026-08-22 08:23:32.952989000,0.086989000,0
'2026-08-22 08:23:32.952990100,0.086990100,1
'2026-08-22 08:23:32.952990200,0.086990200,0
'2026-08-22 08:23:32.952990700,0.086990700,1
'2026-08-22 08:23:32.952990800,0.086990800,0
'2026-08-22 08:23:32.952992400,0.086992400,1
'2026-08-22 08:23:32.952992600,0.086992600,0
'2026-08-22 08:23:32.952993500,0.086993500,1
'2026-08-22 08:23:32.953008300,0.087008300,0
'2026-08-22 08:23:32.953008500,0.087008500,1
'2026-08-22 08:23:32.953008600,0.087008600,0
'2026-08-22 08:23:32.953008700,0.087008700,1
'2026-08-22 08:23:32.953008800,0.087008800,0
'2026-08-22 08:23:32.953009900,0.087009900,1
'2026-08-22 08:23:32.953010000,0.087010000,0
'2026-08-22 08:23:32.953010500,0.087010500,1
'2026-08-22 08:23:32.953010600,0.087010600,0
'2026-08-22 08:23:32.953011100,0.087011100,1
'2026-08-22 08:23:32.953011200,0.087011200,0
'2026-08-22 08:23:32.953018100,0.087018100,1
'2026-08-22 08:23:32.953018200,0.087018200,0
'2026-08-22 08:23:32.953019600,0.087019600,1
'2026-08-22 08:23:32.953034000,0.087034000,0
'2026-08-22 08:23:32.953035600,0.087035600,1
'2026-08-22 08:23:32.953035700,0.087035700,0
'2026-08-22 08:23:32.953036800,0.087036800,1
'2026-08-22 08:23:32.953036900,0.087036900,0
'2026-08-22 08:23:32.953037900,0.087037900,1
'2026-08-22 08:23:32.953038000,0.087038000,0
'2026-08-22 08:23:32.953038500,0.087038500,1
'2026-08-22 08:23:32.953038600,0.087038600,0
'2026-08-22 08:23:32.953038900,0.087038900,1
'2026-08-22 08:23:32.953039000,0.087039000,0
'2026-08-22 08:23:32.953040700,0.087040700,1
'2026-08-22 08:23:32.953040800,0.087040800,0
'2026-08-22 08:23:32.953040900,0.087040900,1
'2026-08-22 08:23:32.953041100,0.087041100,0
'2026-08-22 08:23:32.953042000,0.087042000,1
'2026-08-22 08:23:32.953042200,0.087042200,0
'2026-08-22 08:23:32.953043200,0.087043200,1
'2026-08-22 08:23:32.953043300,0.087043300,0
'2026-08-22 08:23:32.953044400,0.087044400,1
'2026-08-22 08:23:32.953044500,0.087044500,0
'2026-08-22 08:23:32.953045600,0.087045600,1
'2026-08-22 08:23:32.953060300,0.087060300,0
'2026-08-22 08:23:32.953060400,0.087060400,1
'2026-08-22 08:23:32.953060600,0.087060600,0
'2026-08-22 08:23:32.953060700,0.087060700,1
'2026-08-22 08:23:32.953061000,0.087061000,0
'2026-08-22 08:23:32.953061100,0.087061100,1
'2026-08-22 08:23:32.953061400,0.087061400,0
'2026-08-22 08:23:32.953061700,0.087061700,1
'2026-08-22 08:23:32.953062000,0.087062000,0
'2026-08-22 08:23:32.953062500,0.087062500,1
'2026-08-22 08:23:32.953062600,0.087062600,0
'2026-08-22 08:23:32.953062900,0.087062900,1
'2026-08-22 08:23:32.953063000,0.087063000,0
'2026-08-22 08:23:32.953064800,0.087064800,1
'2026-08-22 08:23:32.953478500,0.087478500,0
'2026-08-22 08:23:32.953488700,0.087488700,1
'2026-08-22 08:23:32.953503000,0.087503000,0
'2026-08-22 08:23:32.953514000,0.087514000,1
'2026-08-22 08:23:32.953514100,0.087514100,0
'2026-08-22 08:23:32.953514800,0.087514800,1
'2026-08-22 08:23:32.953529000,0.087529000,0
'2026-08-22 08:23:32.953540900,0.087540900,1
'2026-08-22 08:23:32.953555200,0.087555200,0
'2026-08-22 08:23:32.953564300,0.087564300,1
'2026-08-22 08:23:32.953564400,0.087564400,0
'2026-08-22 08:23:32.953567000,0.087567000,1
'2026-08-22 08:23:32.953581500,0.087581500,0
'2026-08-22 08:23:32.953593000,0.087593000,1
'2026-08-22 08:23:32.953607400,0.087607400,0
'2026-08-22 08:23:32.953607500,0.087607500,1
'2026-08-22 08:23:32.953607600,0.087607600,0
'2026-08-22 08:23:32.953614700,0.087614700,1
'2026-08-22 08:23:32.953614800,0.087614800,0
'2026-08-22 08:23:32.953615100,0.087615100,1
'2026-08-22 08:23:32.953615200,0.087615200,0
'2026-08-22 08:23:32.953619100,0.087619100,1
'2026-08-22 08:23:32.953633500,0.087633500,0
'2026-08-22 08:23:32.953633600,0.087633600,1
'2026-08-22 08:23:32.953633700,0.087633700,0
'2026-08-22 08:23:32.953633800,0.087633800,1
'2026-08-22 08:23:32.953633900,0.087633900,0
'2026-08-22 08:23:32.953634300,0.087634300,1
'2026-08-22 08:23:32.953634400,0.087634400,0
'2026-08-22 08:23:32.953644200,0.087644200,1
'2026-08-22 08:23:32.953644300,0.087644300,0
'2026-08-22 08:23:32.953644700,0.087644700,1
'2026-08-22 08:23:32.953644800,0.087644800,0
'2026-08-22 08:23:32.953645200,0.087645200,1
'2026-08-22 08:23:32.953659600,0.087659600,0
'2026-08-22 08:23:32.953661800,0.087661800,1
'2026-08-22 08:23:32.953661900,0.087661900,0
'2026-08-22 08:23:32.953664100,0.087664100,1
'2026-08-22 08:23:32.953664200,0.087664200,0
'2026-08-22 08:23:32.953665300,0.087665300,1
'2026-08-22 08:23:32.953665400,0.087665400,0
'2026-08-22 08:23:32.953671300,0.087671300,1
'2026-08-22 08:23:32.953685800,0.087685800,0
'2026-08-22 08:23:32.953692700,0.087692700,1
'2026-08-22 08:23:32.953692800,0.087692800,0
'2026-08-22 08:23:32.953697300,0.087697300,1
'2026-08-22 08:23:32.953711800,0.087711800,0
'2026-08-22 08:23:32.953711900,0.087711900,1
'2026-08-22 08:23:32.953712000,0.087712000,0
'2026-08-22 08:23:32.953713200,0.087713200,1
'2026-08-22 08:23:32.953713300,0.087713300,0
'2026-08-22 08:23:32.953714300,0.087714300,1
'2026-08-22 08:23:32.953714400,0.087714400,0
'2026-08-22 08:23:32.953723400,0.087723400,1
'2026-08-22 08:23:32.953737800,0.087737800,0
'2026-08-22 08:23:32.953738100,0.087738100,1
'2026-08-22 08:23:32.953738200,0.087738200,0
'2026-08-22 08:23:32.953742400,0.087742400,1
'2026-08-22 08:23:32.953742500,0.087742500,0
'2026-08-22 08:23:32.953745300,0.087745300,1
'2026-08-22 08:23:32.953745400,0.087745400,0
'2026-08-22 08:23:32.953749400,0.087749400,1
'2026-08-22 08:23:32.953764200,0.087764200,0
'2026-08-22 08:23:32.953764600,0.087764600,1
'2026-08-22 08:23:32.953764700,0.087764700,0
'2026-08-22 08:23:32.953765100,0.087765100,1
'2026-08-22 08:23:32.953765300,0.087765300,0
'2026-08-22 08:23:32.953765700,0.087765700,1
'2026-08-22 08:23:32.953765800,0.087765800,0
'2026-08-22 08:23:32.953771000,0.087771000,1
'2026-08-22 08:23:32.953771100,0.087771100,0
'2026-08-22 08:23:32.953772800,0.087772800,1
'2026-08-22 08:23:32.953772900,0.087772900,0
'2026-08-22 08:23:32.953773300,0.087773300,1
'2026-08-22 08:23:32.953773400,0.087773400,0
'2026-08-22 08:23:32.953773900,0.087773900,1
'2026-08-22 08:23:32.953774000,0.087774000,0
'2026-08-22 08:23:32.953775100,0.087775100,1
'2026-08-22 08:23:32.953775200,0.087775200,0
'2026-08-22 08:23:32.953775600,0.087775600,1
'2026-08-22 08:23:32.953790000,0.087790000,0
'2026-08-22 08:23:32.953790200,0.087790200,1
'2026-08-22 08:23:32.953790300,0.087790300,0
'2026-08-22 08:23:32.953791400,0.087791400,1
'2026-08-22 08:23:32.953791500,0.087791500,0
'2026-08-22 08:23:32.953793700,0.087793700,1
'2026-08-22 08:23:32.953793900,0.087793900,0
'2026-08-22 08:23:32.953794300,0.087794300,1
'2026-08-22 08:23:32.953794400,0.087794400,0
'2026-08-22 08:23:32.953794900,0.087794900,1
'2026-08-22 08:23:32.953795000,0.087795000,0
'2026-08-22 08:23:32.953796100,0.087796100,1
'2026-08-22 08:23:32.953796200,0.087796200,0
'2026-08-22 08:23:32.953800500,0.087800500,1
'2026-08-22 08:23:32.953800600,0.087800600,0
'2026-08-22 08:23:32.953800900,0.087800900,1
'2026-08-22 08:23:32.953801000,0.087801000,0
'2026-08-22 08:23:32.953801400,0.087801400,1
'2026-08-22 08:23:32.953801500,0.087801500,0
'2026-08-22 08:23:32.953801600,0.087801600,1
'2026-08-22 08:23:32.953816200,0.087816200,0
'2026-08-22 08:23:32.953816500,0.087816500,1
'2026-08-22 08:23:32.953816600,0.087816600,0
'2026-08-22 08:23:32.953821900,0.087821900,1
'2026-08-22 08:23:32.953822000,0.087822000,0
'2026-08-22 08:23:32.953822400,0.087822400,1
'2026-08-22 08:23:32.953822500,0.087822500,0
'2026-08-22 08:23:32.953822900,0.087822900,1
'2026-08-22 08:23:32.953823000,0.087823000,0
'2026-08-22 08:23:32.953824700,0.087824700,1
'2026-08-22 08:23:32.953824800,0.087824800,0
'2026-08-22 08:23:32.953827700,0.087827700,1
'2026-08-22 08:23:32.953842400,0.087842400,0
'2026-08-22 08:23:32.953842800,0.087842800,1
'2026-08-22 08:23:32.953843000,0.087843000,0
'2026-08-22 08:23:32.953843400,0.087843400,1
'2026-08-22 08:23:32.953843500,0.087843500,0
'2026-08-22 08:23:32.953844000,0.087844000,1
'2026-08-22 08:23:32.953844100,0.087844100,0
'2026-08-22 08:23:32.953844800,0.087844800,1
'2026-08-22 08:23:32.953844900,0.087844900,0
'2026-08-22 08:23:32.953845100,0.087845100,1
'2026-08-22 08:23:32.953845400,0.087845400,0
'2026-08-22 08:23:32.953845700,0.087845700,1
'2026-08-22 08:23:32.953845800,0.087845800,0
'2026-08-22 08:23:32.953848100,0.087848100,1
'2026-08-22 08:23:32.953848200,0.087848200,0
'2026-08-22 08:23:32.953851600,0.087851600,1
'2026-08-22 08:23:32.953851700,0.087851700,0
'2026-08-22 08:23:32.953852500,0.087852500,1
'2026-08-22 08:23:32.953852600,0.087852600,0
'2026-08-22 08:23:32.953852700,0.087852700,1
'2026-08-22 08:23:32.953852900,0.087852900,0
'2026-08-22 08:23:32.953853300,0.087853300,1
'2026-08-22 08:23:32.953853400,0.087853400,0
'2026-08-22 08:23:32.953853800,0.087853800,1
'2026-08-22 08:23:32.953868200,0.087868200,0
'2026-08-22 08:23:32.953868500,0.087868500,1
'2026-08-22 08:23:32.953868700,0.087868700,0
'2026-08-22 08:23:32.953870900,0.087870900,1
'2026-08-22 08:23:32.953871000,0.087871000,0
'2026-08-22 08:23:32.953873100,0.087873100,1
'2026-08-22 08:23:32.953873300,0.087873300,0
'2026-08-22 08:23:32.953873700,0.087873700,1
'2026-08-22 08:23:32.953873900,0.087873900,0
'2026-08-22 08:23:32.953874200,0.087874200,1
'2026-08-22 08:23:32.953874400,0.087874400,0
'2026-08-22 08:23:32.953874900,0.087874900,1
'2026-08-22 08:23:32.953875000,0.087875000,0
'2026-08-22 08:23:32.953875500,0.087875500,1
'2026-08-22 08:23:32.953875600,0.087875600,0
'2026-08-22 08:23:32.953878400,0.087878400,1
'2026-08-22 08:23:32.953878500,0.087878500,0
'2026-08-22 08:23:32.953879900,0.087879900,1
'2026-08-22 08:23:32.954311200,0.088311200,0
'2026-08-22 08:23:32.954320100,0.088320100,1
'2026-08-22 08:23:32.954320200,0.088320200,0
'2026-08-22 08:23:32.954323000,0.088323000,1
'2026-08-22 08:23:32.954337200,0.088337200,0
'2026-08-22 08:23:32.954349000,0.088349000,1
'2026-08-22 08:23:32.954363300,0.088363300,0
'2026-08-22 08:23:32.954375100,0.088375100,1
'2026-08-22 08:23:32.954389500,0.088389500,0
'2026-08-22 08:23:32.954401200,0.088401200,1
'2026-08-22 08:23:32.954415500,0.088415500,0
'2026-08-22 08:23:32.954427300,0.088427300,1
'2026-08-22 08:23:32.954441600,0.088441600,0
'2026-08-22 08:23:32.954441900,0.088441900,1
'2026-08-22 08:23:32.954442000,0.088442000,0
'2026-08-22 08:23:32.954442500,0.088442500,1
'2026-08-22 08:23:32.954442600,0.088442600,0
'2026-08-22 08:23:32.954453400,0.088453400,1
'2026-08-22 08:23:32.954468000,0.088468000,0
'2026-08-22 08:23:32.954479400,0.088479400,1
'2026-08-22 08:23:32.954493800,0.088493800,0
'2026-08-22 08:23:32.954493900,0.088493900,1
'2026-08-22 08:23:32.954494100,0.088494100,0
'2026-08-22 08:23:32.954494500,0.088494500,1
'2026-08-22 08:23:32.954494600,0.088494600,0
'2026-08-22 08:23:32.954495600,0.088495600,1
'2026-08-22 08:23:32.954495700,0.088495700,0
'2026-08-22 08:23:32.954497900,0.088497900,1
'2026-08-22 08:23:32.954498000,0.088498000,0
'2026-08-22 08:23:32.954503200,0.088503200,1
'2026-08-22 08:23:32.954503300,0.088503300,0
'2026-08-22 08:23:32.954505500,0.088505500,1
'2026-08-22 08:23:32.954519800,0.088519800,0
'2026-08-22 08:23:32.954520700,0.088520700,1
'2026-08-22 08:23:32.954520900,0.088520900,0
'2026-08-22 08:23:32.954523700,0.088523700,1
'2026-08-22 08:23:32.954523800,0.088523800,0
'2026-08-22 08:23:32.954526000,0.088526000,1
'2026-08-22 08:23:32.954526100,0.088526100,0
'2026-08-22 08:23:32.954531600,0.088531600,1
'2026-08-22 08:23:32.954546000,0.088546000,0
'2026-08-22 08:23:32.954546500,0.088546500,1
'2026-08-22 08:23:32.954546600,0.088546600,0
'2026-08-22 08:23:32.954549900,0.088549900,1
'2026-08-22 08:23:32.954550000,0.088550000,0
'2026-08-22 08:23:32.954557000,0.088557000,1
'2026-08-22 08:23:32.954557200,0.088557200,0
'2026-08-22 08:23:32.954557300,0.088557300,1
'2026-08-22 08:23:32.954572000,0.088572000,0
'2026-08-22 08:23:32.954572100,0.088572100,1
'2026-08-22 08:23:32.954572200,0.088572200,0
'2026-08-22 08:23:32.954573900,0.088573900,1
'2026-08-22 08:23:32.954574000,0.088574000,0
'2026-08-22 08:23:32.954575100,0.088575100,1
'2026-08-22 08:23:32.954575200,0.088575200,0
'2026-08-22 08:23:32.954581500,0.088581500,1
'2026-08-22 08:23:32.954581600,0.088581600,0
'2026-08-22 08:23:32.954583700,0.088583700,1
'2026-08-22 08:23:32.954598200,0.088598200,0
'2026-08-22 08:23:32.954598400,0.088598400,1
'2026-08-22 08:23:32.954598600,0.088598600,0
'2026-08-22 08:23:32.954600600,0.088600600,1
'2026-08-22 08:23:32.954600700,0.088600700,0
'2026-08-22 08:23:32.954601900,0.088601900,1
'2026-08-22 08:23:32.954602000,0.088602000,0
'2026-08-22 08:23:32.954604200,0.088604200,1
'2026-08-22 08:23:32.954604300,0.088604300,0
'2026-08-22 08:23:32.954605200,0.088605200,1
'2026-08-22 08:23:32.954605300,0.088605300,0
'2026-08-22 08:23:32.954605400,0.088605400,1
'2026-08-22 08:23:32.954605500,0.088605500,0
'2026-08-22 08:23:32.954606100,0.088606100,1
'2026-08-22 08:23:32.954606200,0.088606200,0
'2026-08-22 08:23:32.954609800,0.088609800,1
'2026-08-22 08:23:32.954624300,0.088624300,0
'2026-08-22 08:23:32.954624700,0.088624700,1
'2026-08-22 08:23:32.954624800,0.088624800,0
'2026-08-22 08:23:32.954625300,0.088625300,1
'2026-08-22 08:23:32.954625400,0.088625400,0
'2026-08-22 08:23:32.954627600,0.088627600,1
'2026-08-22 08:23:32.954627700,0.088627700,0
'2026-08-22 08:23:32.954628600,0.088628600,1
'2026-08-22 08:23:32.954628700,0.088628700,0
'2026-08-22 08:23:32.954629300,0.088629300,1
'2026-08-22 08:23:32.954629400,0.088629400,0
'2026-08-22 08:23:32.954633400,0.088633400,1
'2026-08-22 08:23:32.954633500,0.088633500,0
'2026-08-22 08:23:32.954635200,0.088635200,1
'2026-08-22 08:23:32.954635400,0.088635400,0
'2026-08-22 08:23:32.954635900,0.088635900,1
'2026-08-22 08:23:32.954650200,0.088650200,0
'2026-08-22 08:23:32.954650400,0.088650400,1
'2026-08-22 08:23:32.954650600,0.088650600,0
'2026-08-22 08:23:32.954651000,0.088651000,1
'2026-08-22 08:23:32.954651100,0.088651100,0
'2026-08-22 08:23:32.954653900,0.088653900,1
'2026-08-22 08:23:32.954654000,0.088654000,0
'2026-08-22 08:23:32.954655700,0.088655700,1
'2026-08-22 08:23:32.954655800,0.088655800,0
'2026-08-22 08:23:32.954656200,0.088656200,1
'2026-08-22 08:23:32.954656300,0.088656300,0
'2026-08-22 08:23:32.954657400,0.088657400,1
'2026-08-22 08:23:32.954657500,0.088657500,0
'2026-08-22 08:23:32.954659100,0.088659100,1
'2026-08-22 08:23:32.954659200,0.088659200,0
'2026-08-22 08:23:32.954660900,0.088660900,1
'2026-08-22 08:23:32.954661000,0.088661000,0
'2026-08-22 08:23:32.954661500,0.088661500,1
'2026-08-22 08:23:32.954661600,0.088661600,0
'2026-08-22 08:23:32.954662000,0.088662000,1
'2026-08-22 08:23:32.954676500,0.088676500,0
'2026-08-22 08:23:32.954676700,0.088676700,1
'2026-08-22 08:23:32.954676800,0.088676800,0
'2026-08-22 08:23:32.954677200,0.088677200,1
'2026-08-22 08:23:32.954677300,0.088677300,0
'2026-08-22 08:23:32.954681400,0.088681400,1
'2026-08-22 08:23:32.954681500,0.088681500,0
'2026-08-22 08:23:32.954681900,0.088681900,1
'2026-08-22 08:23:32.954682000,0.088682000,0
'2026-08-22 08:23:32.954682400,0.088682400,1
'2026-08-22 08:23:32.954682500,0.088682500,0
'2026-08-22 08:23:32.954684300,0.088684300,1
'2026-08-22 08:23:32.954684400,0.088684400,0
'2026-08-22 08:23:32.954686000,0.088686000,1
'2026-08-22 08:23:32.954686100,0.088686100,0
'2026-08-22 08:23:32.954686600,0.088686600,1
'2026-08-22 08:23:32.954686700,0.088686700,0
'2026-08-22 08:23:32.954687100,0.088687100,1
'2026-08-22 08:23:32.954687300,0.088687300,0
'2026-08-22 08:23:32.954688000,0.088688000,1
'2026-08-22 08:23:32.954702500,0.088702500,0
'2026-08-22 08:23:32.954702900,0.088702900,1
'2026-08-22 08:23:32.954703000,0.088703000,0
'2026-08-22 08:23:32.954703500,0.088703500,1
'2026-08-22 08:23:32.954703600,0.088703600,0
'2026-08-22 08:23:32.954704700,0.088704700,1
'2026-08-22 08:23:32.954704800,0.088704800,0
'2026-08-22 08:23:32.954705300,0.088705300,1
'2026-08-22 08:23:32.954705500,0.088705500,0
'2026-08-22 08:23:32.954705900,0.088705900,1
'2026-08-22 08:23:32.954706000,0.088706000,0
'2026-08-22 08:23:32.954706500,0.088706500,1
'2026-08-22 08:23:32.954706600,0.088706600,0
'2026-08-22 08:23:32.954707600,0.088707600,1
'2026-08-22 08:23:32.954707700,0.088707700,0
'2026-08-22 08:23:32.954709900,0.088709900,1
'2026-08-22 08:23:32.954710100,0.088710100,0
'2026-08-22 08:23:32.954711100,0.088711100,1
'2026-08-22 08:23:32.955124800,0.089124800,0
'2026-08-22 08:23:32.955131100,0.089131100,1
'2026-08-22 08:23:32.955145400,0.089145400,0
'2026-08-22 08:23:32.955157200,0.089157200,1
'2026-08-22 08:23:32.955171600,0.089171600,0
'2026-08-22 08:23:32.955183300,0.089183300,1
'2026-08-22 08:23:32.955197700,0.089197700,0
'2026-08-22 08:23:32.955199400,0.089199400,1
'2026-08-22 08:23:32.955199500,0.089199500,0
'2026-08-22 08:23:32.955209400,0.089209400,1
'2026-08-22 08:23:32.955223800,0.089223800,0
'2026-08-22 08:23:32.955224100,0.089224100,1
'2026-08-22 08:23:32.955224200,0.089224200,0
'2026-08-22 08:23:32.955224300,0.089224300,1
'2026-08-22 08:23:32.955224400,0.089224400,0
'2026-08-22 08:23:32.955235500,0.089235500,1
'2026-08-22 08:23:32.955249900,0.089249900,0
'2026-08-22 08:23:32.955250300,0.089250300,1
'2026-08-22 08:23:32.955250400,0.089250400,0
'2026-08-22 08:23:32.955261500,0.089261500,1
'2026-08-22 08:23:32.955276200,0.089276200,0
'2026-08-22 08:23:32.955280700,0.089280700,1
'2026-08-22 08:23:32.955280800,0.089280800,0
'2026-08-22 08:23:32.955283700,0.089283700,1
'2026-08-22 08:23:32.955283800,0.089283800,0
'2026-08-22 08:23:32.955287600,0.089287600,1
'2026-08-22 08:23:32.955302000,0.089302000,0
'2026-08-22 08:23:32.955302300,0.089302300,1
'2026-08-22 08:23:32.955302400,0.089302400,0
'2026-08-22 08:23:32.955302900,0.089302900,1
'2026-08-22 08:23:32.955303000,0.089303000,0
'2026-08-22 08:23:32.955311700,0.089311700,1
'2026-08-22 08:23:32.955311800,0.089311800,0
'2026-08-22 08:23:32.955313700,0.089313700,1
'2026-08-22 08:23:32.955328200,0.089328200,0
'2026-08-22 08:23:32.955332100,0.089332100,1
'2026-08-22 08:23:32.955332200,0.089332200,0
'2026-08-22 08:23:32.955339800,0.089339800,1
'2026-08-22 08:23:32.955354200,0.089354200,0
'2026-08-22 08:23:32.955354300,0.089354300,1
'2026-08-22 08:23:32.955354400,0.089354400,0
'2026-08-22 08:23:32.955354900,0.089354900,1
'2026-08-22 08:23:32.955355000,0.089355000,0
'2026-08-22 08:23:32.955356000,0.089356000,1
'2026-08-22 08:23:32.955356100,0.089356100,0
'2026-08-22 08:23:32.955361300,0.089361300,1
'2026-08-22 08:23:32.955361400,0.089361400,0
'2026-08-22 08:23:32.955362500,0.089362500,1
'2026-08-22 08:23:32.955362600,0.089362600,0
'2026-08-22 08:23:32.955365800,0.089365800,1
'2026-08-22 08:23:32.955380200,0.089380200,0
'2026-08-22 08:23:32.955380600,0.089380600,1
'2026-08-22 08:23:32.955380800,0.089380800,0
'2026-08-22 08:23:32.955381100,0.089381100,1
'2026-08-22 08:23:32.955381300,0.089381300,0
'2026-08-22 08:23:32.955381700,0.089381700,1
'2026-08-22 08:23:32.955381800,0.089381800,0
'2026-08-22 08:23:32.955383200,0.089383200,1
'2026-08-22 08:23:32.955383300,0.089383300,0
'2026-08-22 08:23:32.955383500,0.089383500,1
'2026-08-22 08:23:32.955383600,0.089383600,0
'2026-08-22 08:23:32.955384700,0.089384700,1
'2026-08-22 08:23:32.955384900,0.089384900,0
'2026-08-22 08:23:32.955385200,0.089385200,1
'2026-08-22 08:23:32.955385300,0.089385300,0
'2026-08-22 08:23:32.955391100,0.089391100,1
'2026-08-22 08:23:32.955391200,0.089391200,0
'2026-08-22 08:23:32.955391900,0.089391900,1
'2026-08-22 08:23:32.955406500,0.089406500,0
'2026-08-22 08:23:32.955406800,0.089406800,1
'2026-08-22 08:23:32.955407000,0.089407000,0
'2026-08-22 08:23:32.955412100,0.089412100,1
'2026-08-22 08:23:32.955412200,0.089412200,0
'2026-08-22 08:23:32.955413900,0.089413900,1
'2026-08-22 08:23:32.955414000,0.089414000,0
'2026-08-22 08:23:32.955415000,0.089415000,1
'2026-08-22 08:23:32.955415100,0.089415100,0
'2026-08-22 08:23:32.955416100,0.089416100,1
'2026-08-22 08:23:32.955416300,0.089416300,0
'2026-08-22 08:23:32.955417300,0.089417300,1
'2026-08-22 08:23:32.955417400,0.089417400,0
'2026-08-22 08:23:32.955418000,0.089418000,1
'2026-08-22 08:23:32.955432700,0.089432700,0
'2026-08-22 08:23:32.955433100,0.089433100,1
'2026-08-22 08:23:32.955433300,0.089433300,0
'2026-08-22 08:23:32.955433700,0.089433700,1
'2026-08-22 08:23:32.955433800,0.089433800,0
'2026-08-22 08:23:32.955434300,0.089434300,1
'2026-08-22 08:23:32.955434400,0.089434400,0
'2026-08-22 08:23:32.955434700,0.089434700,1
'2026-08-22 08:23:32.955434800,0.089434800,0
'2026-08-22 08:23:32.955434900,0.089434900,1
'2026-08-22 08:23:32.955435000,0.089435000,0
'2026-08-22 08:23:32.955435200,0.089435200,1
'2026-08-22 08:23:32.955435300,0.089435300,0
'2026-08-22 08:23:32.955435500,0.089435500,1
'2026-08-22 08:23:32.955435600,0.089435600,0
'2026-08-22 08:23:32.955435700,0.089435700,1
'2026-08-22 08:23:32.955435800,0.089435800,0
'2026-08-22 08:23:32.955436000,0.089436000,1
'2026-08-22 08:23:32.955436100,0.089436100,0
'2026-08-22 08:23:32.955437200,0.089437200,1
'2026-08-22 08:23:32.955437300,0.089437300,0
'2026-08-22 08:23:32.955438400,0.089438400,1
'2026-08-22 08:23:32.955438500,0.089438500,0
'2026-08-22 08:23:32.955439500,0.089439500,1
'2026-08-22 08:23:32.955439600,0.089439600,0
'2026-08-22 08:23:32.955441900,0.089441900,1
'2026-08-22 08:23:32.955442000,0.089442000,0
'2026-08-22 08:23:32.955442500,0.089442500,1
'2026-08-22 08:23:32.955442700,0.089442700,0
'2026-08-22 08:23:32.955444100,0.089444100,1
'2026-08-22 08:23:32.955458600,0.089458600,0
'2026-08-22 08:23:32.955461200,0.089461200,1
'2026-08-22 08:23:32.955461300,0.089461300,0
'2026-08-22 08:23:32.955461800,0.089461800,1
'2026-08-22 08:23:32.955461900,0.089461900,0
'2026-08-22 08:23:32.955462100,0.089462100,1
'2026-08-22 08:23:32.955462200,0.089462200,0
'2026-08-22 08:23:32.955462300,0.089462300,1
'2026-08-22 08:23:32.955462400,0.089462400,0
'2026-08-22 08:23:32.955463500,0.089463500,1
'2026-08-22 08:23:32.955463600,0.089463600,0
'2026-08-22 08:23:32.955464700,0.089464700,1
'2026-08-22 08:23:32.955464800,0.089464800,0
'2026-08-22 08:23:32.955465300,0.089465300,1
'2026-08-22 08:23:32.955465400,0.089465400,0
'2026-08-22 08:23:32.955465600,0.089465600,1
'2026-08-22 08:23:32.955465900,0.089465900,0
'2026-08-22 08:23:32.955470100,0.089470100,1
'2026-08-22 08:23:32.955484800,0.089484800,0
'2026-08-22 08:23:32.955484900,0.089484900,1
'2026-08-22 08:23:32.955485000,0.089485000,0
'2026-08-22 08:23:32.955485100,0.089485100,1
'2026-08-22 08:23:32.955485200,0.089485200,0
'2026-08-22 08:23:32.955485700,0.089485700,1
'2026-08-22 08:23:32.955485800,0.089485800,0
'2026-08-22 08:23:32.955485900,0.089485900,1
'2026-08-22 08:23:32.955486000,0.089486000,0
'2026-08-22 08:23:32.955486200,0.089486200,1
'2026-08-22 08:23:32.955486400,0.089486400,0
'2026-08-22 08:23:32.955487500,0.089487500,1
'2026-08-22 08:23:32.955487600,0.089487600,0
'2026-08-22 08:23:32.955492100,0.089492100,1
'2026-08-22 08:23:32.955492200,0.089492200,0
'2026-08-22 08:23:32.955492700,0.089492700,1
'2026-08-22 08:23:32.955492800,0.089492800,0
'2026-08-22 08:23:32.955493900,0.089493900,1
'2026-08-22 08:23:32.955494000,0.089494000,0
'2026-08-22 08:23:32.955494500,0.089494500,1
'2026-08-22 08:23:32.955494600,0.089494600,0
'2026-08-22 08:23:32.955494700,0.089494700,1
'2026-08-22 08:23:32.955494800,0.089494800,0
'2026-08-22 08:23:32.955495000,0.089495000,1
'2026-08-22 08:23:32.955495200,0.089495200,0
'2026-08-22 08:23:32.955495600,0.089495600,1
'2026-08-22 08:23:32.955495700,0.089495700,0
'2026-08-22 08:23:32.955495900,0.089495900,1
'2026-08-22 08:23:32.955496000,0.089496000,0
'2026-08-22 08:23:32.955496100,0.089496100,1
'2026-08-22 08:23:32.955510500,0.089510500,0
'2026-08-22 08:23:32.955511400,0.089511400,1
'2026-08-22 08:23:32.955511500,0.089511500,0
'2026-08-22 08:23:32.955512100,0.089512100,1
'2026-08-22 08:23:32.955512200,0.089512200,0
'2026-08-22 08:23:32.955512600,0.089512600,1
'2026-08-22 08:23:32.955512700,0.089512700,0
'2026-08-22 08:23:32.955513100,0.089513100,1
'2026-08-22 08:23:32.955513200,0.089513200,0
'2026-08-22 08:23:32.955513900,0.089513900,1
'2026-08-22 08:23:32.955514000,0.089514000,0
'2026-08-22 08:23:32.955514100,0.089514100,1
'2026-08-22 08:23:32.955514200,0.089514200,0
'2026-08-22 08:23:32.955514300,0.089514300,1
'2026-08-22 08:23:32.955514400,0.089514400,0
'2026-08-22 08:23:32.955514900,0.089514900,1
'2026-08-22 08:23:32.955515000,0.089515000,0
'2026-08-22 08:23:32.955515100,0.089515100,1
'2026-08-22 08:23:32.955515200,0.089515200,0
'2026-08-22 08:23:32.955515400,0.089515400,1
'2026-08-22 08:23:32.955515600,0.089515600,0
'2026-08-22 08:23:32.955516100,0.089516100,1
'2026-08-22 08:23:32.955516200,0.089516200,0
'2026-08-22 08:23:32.955516600,0.089516600,1
'2026-08-22 08:23:32.955516800,0.089516800,0
'2026-08-22 08:23:32.955517400,0.089517400,1
'2026-08-22 08:23:32.955517500,0.089517500,0
'2026-08-22 08:23:32.955517800,0.089517800,1
'2026-08-22 08:23:32.955517900,0.089517900,0
'2026-08-22 08:23:32.955521900,0.089521900,1
'2026-08-22 08:23:32.955522000,0.089522000,0
'2026-08-22 08:23:32.955522300,0.089522300,1
'2026-08-22 08:23:32.955953600,0.089953600,0
'2026-08-22 08:23:32.955965400,0.089965400,1
'2026-08-22 08:23:32.955979600,0.089979600,0
'2026-08-22 08:23:32.955991500,0.089991500,1
'2026-08-22 08:23:32.956005800,0.090005800,0
'2026-08-22 08:23:32.956006700,0.090006700,1
'2026-08-22 08:23:32.956006800,0.090006800,0
'2026-08-22 08:23:32.956007800,0.090007800,1
'2026-08-22 08:23:32.956007900,0.090007900,0
'2026-08-22 08:23:32.956016600,0.090016600,1
'2026-08-22 08:23:32.956016700,0.090016700,0
'2026-08-22 08:23:32.956017500,0.090017500,1
'2026-08-22 08:23:32.956031900,0.090031900,0
'2026-08-22 08:23:32.956043600,0.090043600,1
'2026-08-22 08:23:32.956058200,0.090058200,0
'2026-08-22 08:23:32.956064500,0.090064500,1
'2026-08-22 08:23:32.956064600,0.090064600,0
'2026-08-22 08:23:32.956069700,0.090069700,1
'2026-08-22 08:23:32.956084000,0.090084000,0
'2026-08-22 08:23:32.956087300,0.090087300,1
'2026-08-22 08:23:32.956087400,0.090087400,0
'2026-08-22 08:23:32.956087800,0.090087800,1
'2026-08-22 08:23:32.956087900,0.090087900,0
'2026-08-22 08:23:32.956090200,0.090090200,1
'2026-08-22 08:23:32.956090300,0.090090300,0
'2026-08-22 08:23:32.956095800,0.090095800,1
'2026-08-22 08:23:32.956110100,0.090110100,0
'2026-08-22 08:23:32.956115300,0.090115300,1
'2026-08-22 08:23:32.956115400,0.090115400,0
'2026-08-22 08:23:32.956121900,0.090121900,1
'2026-08-22 08:23:32.956136400,0.090136400,0
'2026-08-22 08:23:32.956141300,0.090141300,1
'2026-08-22 08:23:32.956141400,0.090141400,0
'2026-08-22 08:23:32.956144900,0.090144900,1
'2026-08-22 08:23:32.956145000,0.090145000,0
'2026-08-22 08:23:32.956145100,0.090145100,1
'2026-08-22 08:23:32.956145200,0.090145200,0
'2026-08-22 08:23:32.956146900,0.090146900,1
'2026-08-22 08:23:32.956147000,0.090147000,0
'2026-08-22 08:23:32.956147900,0.090147900,1
'2026-08-22 08:23:32.956162300,0.090162300,0
'2026-08-22 08:23:32.956166700,0.090166700,1
'2026-08-22 08:23:32.956166800,0.090166800,0
'2026-08-22 08:23:32.956167900,0.090167900,1
'2026-08-22 08:23:32.956168000,0.090168000,0
'2026-08-22 08:23:32.956168500,0.090168500,1
'2026-08-22 08:23:32.956168600,0.090168600,0
'2026-08-22 08:23:32.956169800,0.090169800,1
'2026-08-22 08:23:32.956169900,0.090169900,0
'2026-08-22 08:23:32.956171900,0.090171900,1
'2026-08-22 08:23:32.956172000,0.090172000,0
'2026-08-22 08:23:32.956174000,0.090174000,1
'2026-08-22 08:23:32.956188700,0.090188700,0
'2026-08-22 08:23:32.956188800,0.090188800,1
'2026-08-22 08:23:32.956189000,0.090189000,0
'2026-08-22 08:23:32.956195300,0.090195300,1
'2026-08-22 08:23:32.956195400,0.090195400,0
'2026-08-22 08:23:32.956195900,0.090195900,1
'2026-08-22 08:23:32.956196000,0.090196000,0
'2026-08-22 08:23:32.956198200,0.090198200,1
'2026-08-22 08:23:32.956198400,0.090198400,0
'2026-08-22 08:23:32.956199400,0.090199400,1
'2026-08-22 08:23:32.956199500,0.090199500,0
'2026-08-22 08:23:32.956200100,0.090200100,1
'2026-08-22 08:23:32.956214800,0.090214800,0
'2026-08-22 08:23:32.956216900,0.090216900,1
'2026-08-22 08:23:32.956217000,0.090217000,0
'2026-08-22 08:23:32.956217500,0.090217500,1
'2026-08-22 08:23:32.956217600,0.090217600,0
'2026-08-22 08:23:32.956218000,0.090218000,1
'2026-08-22 08:23:32.956218200,0.090218200,0
'2026-08-22 08:23:32.956218300,0.090218300,1
'2026-08-22 08:23:32.956218400,0.090218400,0
'2026-08-22 08:23:32.956218500,0.090218500,1
'2026-08-22 08:23:32.956218600,0.090218600,0
'2026-08-22 08:23:32.956218700,0.090218700,1
'2026-08-22 08:23:32.956218800,0.090218800,0
'2026-08-22 08:23:32.956220800,0.090220800,1
'2026-08-22 08:23:32.956220900,0.090220900,0
'2026-08-22 08:23:32.956222300,0.090222300,1
'2026-08-22 08:23:32.956222400,0.090222400,0
'2026-08-22 08:23:32.956225700,0.090225700,1
'2026-08-22 08:23:32.956225800,0.090225800,0
'2026-08-22 08:23:32.956226200,0.090226200,1
'2026-08-22 08:23:32.956240600,0.090240600,0
'2026-08-22 08:23:32.956240800,0.090240800,1
'2026-08-22 08:23:32.956241000,0.090241000,0
'2026-08-22 08:23:32.956241500,0.090241500,1
'2026-08-22 08:23:32.956241600,0.090241600,0
'2026-08-22 08:23:32.956247300,0.090247300,1
'2026-08-22 08:23:32.956247400,0.090247400,0
'2026-08-22 08:23:32.956248500,0.090248500,1
'2026-08-22 08:23:32.956248600,0.090248600,0
'2026-08-22 08:23:32.956248900,0.090248900,1
'2026-08-22 08:23:32.956249000,0.090249000,0
'2026-08-22 08:23:32.956249100,0.090249100,1
'2026-08-22 08:23:32.956249300,0.090249300,0
'2026-08-22 08:23:32.956249600,0.090249600,1
'2026-08-22 08:23:32.956249800,0.090249800,0
'2026-08-22 08:23:32.956250200,0.090250200,1
'2026-08-22 08:23:32.956250300,0.090250300,0
'2026-08-22 08:23:32.956252200,0.090252200,1
'2026-08-22 08:23:32.956266900,0.090266900,0
'2026-08-22 08:23:32.956267100,0.090267100,1
'2026-08-22 08:23:32.956267300,0.090267300,0
'2026-08-22 08:23:32.956267700,0.090267700,1
'2026-08-22 08:23:32.956267900,0.090267900,0
'2026-08-22 08:23:32.956268300,0.090268300,1
'2026-08-22 08:23:32.956268400,0.090268400,0
'2026-08-22 08:23:32.956268500,0.090268500,1
'2026-08-22 08:23:32.956268600,0.090268600,0
'2026-08-22 08:23:32.956268900,0.090268900,1
'2026-08-22 08:23:32.956269100,0.090269100,0
'2026-08-22 08:23:32.956269500,0.090269500,1
'2026-08-22 08:23:32.956269600,0.090269600,0
'2026-08-22 08:23:32.956270100,0.090270100,1
'2026-08-22 08:23:32.956270200,0.090270200,0
'2026-08-22 08:23:32.956271300,0.090271300,1
'2026-08-22 08:23:32.956271400,0.090271400,0
'2026-08-22 08:23:32.956271800,0.090271800,1
'2026-08-22 08:23:32.956272000,0.090272000,0
'2026-08-22 08:23:32.956276500,0.090276500,1
'2026-08-22 08:23:32.956276600,0.090276600,0
'2026-08-22 08:23:32.956277700,0.090277700,1
'2026-08-22 08:23:32.956277800,0.090277800,0
'2026-08-22 08:23:32.956278300,0.090278300,1
'2026-08-22 08:23:32.956293000,0.090293000,0
'2026-08-22 08:23:32.956295100,0.090295100,1
'2026-08-22 08:23:32.956295200,0.090295200,0
'2026-08-22 08:23:32.956296100,0.090296100,1
'2026-08-22 08:23:32.956296200,0.090296200,0
'2026-08-22 08:23:32.956297500,0.090297500,1
'2026-08-22 08:23:32.956297600,0.090297600,0
'2026-08-22 08:23:32.956298100,0.090298100,1
'2026-08-22 08:23:32.956298200,0.090298200,0
'2026-08-22 08:23:32.956298500,0.090298500,1
'2026-08-22 08:23:32.956298800,0.090298800,0
'2026-08-22 08:23:32.956299300,0.090299300,1
'2026-08-22 08:23:32.956299400,0.090299400,0
'2026-08-22 08:23:32.956299700,0.090299700,1
'2026-08-22 08:23:32.956300000,0.090300000,0
'2026-08-22 08:23:32.956300800,0.090300800,1
'2026-08-22 08:23:32.956300900,0.090300900,0
'2026-08-22 08:23:32.956301000,0.090301000,1
'2026-08-22 08:23:32.956301100,0.090301100,0
'2026-08-22 08:23:32.956302200,0.090302200,1
'2026-08-22 08:23:32.956302300,0.090302300,0
'2026-08-22 08:23:32.956302600,0.090302600,1
'2026-08-22 08:23:32.956302700,0.090302700,0
'2026-08-22 08:23:32.956303000,0.090303000,1
'2026-08-22 08:23:32.956303100,0.090303100,0
'2026-08-22 08:23:32.956304400,0.090304400,1
'2026-08-22 08:23:32.956319100,0.090319100,0
'2026-08-22 08:23:32.956319200,0.090319200,1
'2026-08-22 08:23:32.956319300,0.090319300,0
'2026-08-22 08:23:32.956319700,0.090319700,1
'2026-08-22 08:23:32.956319800,0.090319800,0
'2026-08-22 08:23:32.956320300,0.090320300,1
'2026-08-22 08:23:32.956320400,0.090320400,0
'2026-08-22 08:23:32.956320900,0.090320900,1
'2026-08-22 08:23:32.956321000,0.090321000,0
'2026-08-22 08:23:32.956321500,0.090321500,1
'2026-08-22 08:23:32.956321700,0.090321700,0
'2026-08-22 08:23:32.956322100,0.090322100,1
'2026-08-22 08:23:32.956322200,0.090322200,0
'2026-08-22 08:23:32.956323800,0.090323800,1
'2026-08-22 08:23:32.956323900,0.090323900,0
'2026-08-22 08:23:32.956325700,0.090325700,1
'2026-08-22 08:23:32.956325800,0.090325800,0
'2026-08-22 08:23:32.956327900,0.090327900,1
'2026-08-22 08:23:32.956328000,0.090328000,0
'2026-08-22 08:23:32.956328500,0.090328500,1
'2026-08-22 08:23:32.956328600,0.090328600,0
'2026-08-22 08:23:32.956329700,0.090329700,1
'2026-08-22 08:23:32.956329800,0.090329800,0
'2026-08-22 08:23:32.956330300,0.090330300,1
'2026-08-22 08:23:32.956330400,0.090330400,0
'2026-08-22 08:23:32.956330500,0.090330500,1
'2026-08-22 08:23:32.956345100,0.090345100,0
'2026-08-22 08:23:32.956347200,0.090347200,1
'2026-08-22 08:23:32.956347300,0.090347300,0
'2026-08-22 08:23:32.956348300,0.090348300,1
'2026-08-22 08:23:32.956348600,0.090348600,0
'2026-08-22 08:23:32.956348900,0.090348900,1
'2026-08-22 08:23:32.956349100,0.090349100,0
'2026-08-22 08:23:32.956349200,0.090349200,1
'2026-08-22 08:23:32.956349400,0.090349400,0
'2026-08-22 08:23:32.956349500,0.090349500,1
'2026-08-22 08:23:32.956349600,0.090349600,0
'2026-08-22 08:23:32.956350100,0.090350100,1
'2026-08-22 08:23:32.956350200,0.090350200,0
'2026-08-22 08:23:32.956351300,0.090351300,1
'2026-08-22 08:23:32.956351400,0.090351400,0
'2026-08-22 08:23:32.956351900,0.090351900,1
'2026-08-22 08:23:32.956352000,0.090352000,0
'2026-08-22 08:23:32.956352400,0.090352400,1
'2026-08-22 08:23:32.956352600,0.090352600,0
'2026-08-22 08:23:32.956354800,0.090354800,1
'2026-08-22 08:23:32.956354900,0.090354900,0
'2026-08-22 08:23:32.956356500,0.090356500,1
'2026-08-22 08:23:32.956771300,0.090771300,0
'2026-08-22 08:23:32.956773600,0.090773600,1
'2026-08-22 08:23:32.956787800,0.090787800,0
'2026-08-22 08:23:32.956794000,0.090794000,1
'2026-08-22 08:23:32.956794100,0.090794100,0
'2026-08-22 08:23:32.956799700,0.090799700,1
'2026-08-22 08:23:32.956814000,0.090814000,0
'2026-08-22 08:23:32.956814300,0.090814300,1
'2026-08-22 08:23:32.956814400,0.090814400,0
'2026-08-22 08:23:32.956825700,0.090825700,1
'2026-08-22 08:23:32.956840200,0.090840200,0
'2026-08-22 08:23:32.956851800,0.090851800,1
'2026-08-22 08:23:32.956866200,0.090866200,0
'2026-08-22 08:23:32.956867500,0.090867500,1
'2026-08-22 08:23:32.956867600,0.090867600,0
'2026-08-22 08:23:32.956876300,0.090876300,1
'2026-08-22 08:23:32.956876400,0.090876400,0
'2026-08-22 08:23:32.956877900,0.090877900,1
'2026-08-22 08:23:32.956892300,0.090892300,0
'2026-08-22 08:23:32.956894400,0.090894400,1
'2026-08-22 08:23:32.956894500,0.090894500,0
'2026-08-22 08:23:32.956904000,0.090904000,1
'2026-08-22 08:23:32.956918500,0.090918500,0
'2026-08-22 08:23:32.956930100,0.090930100,1
'2026-08-22 08:23:32.956944600,0.090944600,0
'2026-08-22 08:23:32.956944700,0.090944700,1
'2026-08-22 08:23:32.956944800,0.090944800,0
'2026-08-22 08:23:32.956945800,0.090945800,1
'2026-08-22 08:23:32.956945900,0.090945900,0
'2026-08-22 08:23:32.956956100,0.090956100,1
'2026-08-22 08:23:32.956970700,0.090970700,0
'2026-08-22 08:23:32.956970900,0.090970900,1
'2026-08-22 08:23:32.956971000,0.090971000,0
'2026-08-22 08:23:32.956973300,0.090973300,1
'2026-08-22 08:23:32.956973400,0.090973400,0
'2026-08-22 08:23:32.956977900,0.090977900,1
'2026-08-22 08:23:32.956978000,0.090978000,0
'2026-08-22 08:23:32.956978300,0.090978300,1
'2026-08-22 08:23:32.956978400,0.090978400,0
'2026-08-22 08:23:32.956982200,0.090982200,1
'2026-08-22 08:23:32.956996800,0.090996800,0
'2026-08-22 08:23:32.956997300,0.090997300,1
'2026-08-22 08:23:32.956997400,0.090997400,0
'2026-08-22 08:23:32.957000800,0.091000800,1
'2026-08-22 08:23:32.957000900,0.091000900,0
'2026-08-22 08:23:32.957001300,0.091001300,1
'2026-08-22 08:23:32.957001400,0.091001400,0
'2026-08-22 08:23:32.957003700,0.091003700,1
'2026-08-22 08:23:32.957003800,0.091003800,0
'2026-08-22 08:23:32.957004800,0.091004800,1
'2026-08-22 08:23:32.957004900,0.091004900,0
'2026-08-22 08:23:32.957008300,0.091008300,1
'2026-08-22 08:23:32.957022800,0.091022800,0
'2026-08-22 08:23:32.957022900,0.091022900,1
'2026-08-22 08:23:32.957023100,0.091023100,0
'2026-08-22 08:23:32.957024100,0.091024100,1
'2026-08-22 08:23:32.957024200,0.091024200,0
'2026-08-22 08:23:32.957024700,0.091024700,1
'2026-08-22 08:23:32.957024800,0.091024800,0
'2026-08-22 08:23:32.957025300,0.091025300,1
'2026-08-22 08:23:32.957025400,0.091025400,0
'2026-08-22 08:23:32.957026400,0.091026400,1
'2026-08-22 08:23:32.957026500,0.091026500,0
'2026-08-22 08:23:32.957031700,0.091031700,1
'2026-08-22 08:23:32.957031800,0.091031800,0
'2026-08-22 08:23:32.957032200,0.091032200,1
'2026-08-22 08:23:32.957032400,0.091032400,0
'2026-08-22 08:23:32.957034400,0.091034400,1
'2026-08-22 08:23:32.957048800,0.091048800,0
'2026-08-22 08:23:32.957051000,0.091051000,1
'2026-08-22 08:23:32.957051100,0.091051100,0
'2026-08-22 08:23:32.957051600,0.091051600,1
'2026-08-22 08:23:32.957051700,0.091051700,0
'2026-08-22 08:23:32.957052100,0.091052100,1
'2026-08-22 08:23:32.957052400,0.091052400,0
'2026-08-22 08:23:32.957052700,0.091052700,1
'2026-08-22 08:23:32.957052800,0.091052800,0
'2026-08-22 08:23:32.957053100,0.091053100,1
'2026-08-22 08:23:32.957053200,0.091053200,0
'2026-08-22 08:23:32.957053300,0.091053300,1
'2026-08-22 08:23:32.957053400,0.091053400,0
'2026-08-22 08:23:32.957053600,0.091053600,1
'2026-08-22 08:23:32.957054200,0.091054200,0
'2026-08-22 08:23:32.957054400,0.091054400,1
'2026-08-22 08:23:32.957054600,0.091054600,0
'2026-08-22 08:23:32.957054900,0.091054900,1
'2026-08-22 08:23:32.957055000,0.091055000,0
'2026-08-22 08:23:32.957058000,0.091058000,1
'2026-08-22 08:23:32.957058100,0.091058100,0
'2026-08-22 08:23:32.957060400,0.091060400,1
'2026-08-22 08:23:32.957075100,0.091075100,0
'2026-08-22 08:23:32.957075200,0.091075200,1
'2026-08-22 08:23:32.957075300,0.091075300,0
'2026-08-22 08:23:32.957075500,0.091075500,1
'2026-08-22 08:23:32.957075600,0.091075600,0
'2026-08-22 08:23:32.957077900,0.091077900,1
'2026-08-22 08:23:32.957078000,0.091078000,0
'2026-08-22 08:23:32.957080800,0.091080800,1
'2026-08-22 08:23:32.957080900,0.091080900,0
'2026-08-22 08:23:32.957083100,0.091083100,1
'2026-08-22 08:23:32.957083200,0.091083200,0
'2026-08-22 08:23:32.957084300,0.091084300,1
'2026-08-22 08:23:32.957084400,0.091084400,0
'2026-08-22 08:23:32.957084900,0.091084900,1
'2026-08-22 08:23:32.957085000,0.091085000,0
'2026-08-22 08:23:32.957085500,0.091085500,1
'2026-08-22 08:23:32.957085600,0.091085600,0
'2026-08-22 08:23:32.957086100,0.091086100,1
'2026-08-22 08:23:32.957086200,0.091086200,0
'2026-08-22 08:23:32.957086300,0.091086300,1
'2026-08-22 08:23:32.957086400,0.091086400,0
'2026-08-22 08:23:32.957086500,0.091086500,1
'2026-08-22 08:23:32.957101400,0.091101400,0
'2026-08-22 08:23:32.957101800,0.091101800,1
'2026-08-22 08:23:32.957102000,0.091102000,0
'2026-08-22 08:23:32.957103000,0.091103000,1
'2026-08-22 08:23:32.957103100,0.091103100,0
'2026-08-22 08:23:32.957104200,0.091104200,1
'2026-08-22 08:23:32.957104300,0.091104300,0
'2026-08-22 08:23:32.957105400,0.091105400,1
'2026-08-22 08:23:32.957105500,0.091105500,0
'2026-08-22 08:23:32.957105900,0.091105900,1
'2026-08-22 08:23:32.957106000,0.091106000,0
'2026-08-22 08:23:32.957107700,0.091107700,1
'2026-08-22 08:23:32.957107800,0.091107800,0
'2026-08-22 08:23:32.957108900,0.091108900,1
'2026-08-22 08:23:32.957109000,0.091109000,0
'2026-08-22 08:23:32.957111800,0.091111800,1
'2026-08-22 08:23:32.957111900,0.091111900,0
'2026-08-22 08:23:32.957112600,0.091112600,1
'2026-08-22 08:23:32.957127200,0.091127200,0
'2026-08-22 08:23:32.957128100,0.091128100,1
'2026-08-22 08:23:32.957128200,0.091128200,0
'2026-08-22 08:23:32.957129300,0.091129300,1
'2026-08-22 08:23:32.957129400,0.091129400,0
'2026-08-22 08:23:32.957132200,0.091132200,1
'2026-08-22 08:23:32.957132400,0.091132400,0
'2026-08-22 08:23:32.957134100,0.091134100,1
'2026-08-22 08:23:32.957134200,0.091134200,0
'2026-08-22 08:23:32.957134600,0.091134600,1
'2026-08-22 08:23:32.957134700,0.091134700,0
'2026-08-22 08:23:32.957135700,0.091135700,1
'2026-08-22 08:23:32.957135800,0.091135800,0
'2026-08-22 08:23:32.957136900,0.091136900,1
'2026-08-22 08:23:32.957137000,0.091137000,0
'2026-08-22 08:23:32.957137500,0.091137500,1
'2026-08-22 08:23:32.957137600,0.091137600,0
'2026-08-22 08:23:32.957138100,0.091138100,1
'2026-08-22 08:23:32.957138200,0.091138200,0
'2026-08-22 08:23:32.957138700,0.091138700,1
'2026-08-22 08:23:32.957153500,0.091153500,0
'2026-08-22 08:23:32.957154100,0.091154100,1
'2026-08-22 08:23:32.957154200,0.091154200,0
'2026-08-22 08:23:32.957154400,0.091154400,1
'2026-08-22 08:23:32.957154600,0.091154600,0
'2026-08-22 08:23:32.957154900,0.091154900,1
'2026-08-22 08:23:32.957155200,0.091155200,0
'2026-08-22 08:23:32.957155300,0.091155300,1
'2026-08-22 08:23:32.957155400,0.091155400,0
'2026-08-22 08:23:32.957156900,0.091156900,1
'2026-08-22 08:23:32.957157000,0.091157000,0
'2026-08-22 08:23:32.957157300,0.091157300,1
'2026-08-22 08:23:32.957157500,0.091157500,0
'2026-08-22 08:23:32.957158500,0.091158500,1
'2026-08-22 08:23:32.957158600,0.091158600,0
'2026-08-22 08:23:32.957159100,0.091159100,1
'2026-08-22 08:23:32.957159200,0.091159200,0
'2026-08-22 08:23:32.957159700,0.091159700,1
'2026-08-22 08:23:32.957159800,0.091159800,0
'2026-08-22 08:23:32.957160800,0.091160800,1
'2026-08-22 08:23:32.957161000,0.091161000,0
'2026-08-22 08:23:32.957162100,0.091162100,1
'2026-08-22 08:23:32.957162200,0.091162200,0
'2026-08-22 08:23:32.957162600,0.091162600,1
'2026-08-22 08:23:32.957162800,0.091162800,0
'2026-08-22 08:23:32.957163200,0.091163200,1
'2026-08-22 08:23:32.957163300,0.091163300,0
'2026-08-22 08:23:32.957164400,0.091164400,1
'2026-08-22 08:23:32.957164600,0.091164600,0
'2026-08-22 08:23:32.957164700,0.091164700,1
'2026-08-22 08:23:32.957179200,0.091179200,0
'2026-08-22 08:23:32.957179600,0.091179600,1
'2026-08-22 08:23:32.957179700,0.091179700,0
'2026-08-22 08:23:32.957180100,0.091180100,1
'2026-08-22 08:23:32.957180200,0.091180200,0
'2026-08-22 08:23:32.957180500,0.091180500,1
'2026-08-22 08:23:32.957596000,0.091596000,0
'2026-08-22 08:23:32.957607900,0.091607900,1
'2026-08-22 08:23:32.957622100,0.091622100,0
'2026-08-22 08:23:32.957627800,0.091627800,1
'2026-08-22 08:23:32.957627900,0.091627900,0
'2026-08-22 08:23:32.957633900,0.091633900,1
'2026-08-22 08:23:32.957648300,0.091648300,0
'2026-08-22 08:23:32.957660000,0.091660000,1
'2026-08-22 08:23:32.957674600,0.091674600,0
'2026-08-22 08:23:32.957686100,0.091686100,1
'2026-08-22 08:23:32.957700600,0.091700600,0
'2026-08-22 08:23:32.957712200,0.091712200,1
'2026-08-22 08:23:32.957726700,0.091726700,0
'2026-08-22 08:23:32.957731100,0.091731100,1
'2026-08-22 08:23:32.957731200,0.091731200,0
'2026-08-22 08:23:32.957738300,0.091738300,1
'2026-08-22 08:23:32.957752800,0.091752800,0
'2026-08-22 08:23:32.957756800,0.091756800,1
'2026-08-22 08:23:32.957756900,0.091756900,0
'2026-08-22 08:23:32.957760300,0.091760300,1
'2026-08-22 08:23:32.957760400,0.091760400,0
'2026-08-22 08:23:32.957764300,0.091764300,1
'2026-08-22 08:23:32.957778700,0.091778700,0
'2026-08-22 08:23:32.957779600,0.091779600,1
'2026-08-22 08:23:32.957779800,0.091779800,0
'2026-08-22 08:23:32.957784900,0.091784900,1
'2026-08-22 08:23:32.957785000,0.091785000,0
'2026-08-22 08:23:32.957786700,0.091786700,1
'2026-08-22 08:23:32.957786800,0.091786800,0
'2026-08-22 08:23:32.957789500,0.091789500,1
'2026-08-22 08:23:32.957789600,0.091789600,0
'2026-08-22 08:23:32.957790400,0.091790400,1
'2026-08-22 08:23:32.957804900,0.091804900,0
'2026-08-22 08:23:32.957807100,0.091807100,1
'2026-08-22 08:23:32.957807200,0.091807200,0
'2026-08-22 08:23:32.957810000,0.091810000,1
'2026-08-22 08:23:32.957810100,0.091810100,0
'2026-08-22 08:23:32.957810600,0.091810600,1
'2026-08-22 08:23:32.957810700,0.091810700,0
'2026-08-22 08:23:32.957812300,0.091812300,1
'2026-08-22 08:23:32.957812400,0.091812400,0
'2026-08-22 08:23:32.957816500,0.091816500,1
'2026-08-22 08:23:32.957830700,0.091830700,0
'2026-08-22 08:23:32.957830800,0.091830800,1
'2026-08-22 08:23:32.957831400,0.091831400,0
'2026-08-22 08:23:32.957833300,0.091833300,1
'2026-08-22 08:23:32.957833400,0.091833400,0
'2026-08-22 08:23:32.957837400,0.091837400,1
'2026-08-22 08:23:32.957837500,0.091837500,0
'2026-08-22 08:23:32.957840900,0.091840900,1
'2026-08-22 08:23:32.957841200,0.091841200,0
'2026-08-22 08:23:32.957842600,0.091842600,1
'2026-08-22 08:23:32.957857000,0.091857000,0
'2026-08-22 08:23:32.957857200,0.091857200,1
'2026-08-22 08:23:32.957857400,0.091857400,0
'2026-08-22 08:23:32.957857900,0.091857900,1
'2026-08-22 08:23:32.957858000,0.091858000,0
'2026-08-22 08:23:32.957859100,0.091859100,1
'2026-08-22 08:23:32.957859200,0.091859200,0
'2026-08-22 08:23:32.957860400,0.091860400,1
'2026-08-22 08:23:32.957860500,0.091860500,0
'2026-08-22 08:23:32.957860700,0.091860700,1
'2026-08-22 08:23:32.957860900,0.091860900,0
'2026-08-22 08:23:32.957861500,0.091861500,1
'2026-08-22 08:23:32.957861600,0.091861600,0
'2026-08-22 08:23:32.957861800,0.091861800,1
'2026-08-22 08:23:32.957862000,0.091862000,0
'2026-08-22 08:23:32.957862100,0.091862100,1
'2026-08-22 08:23:32.957862200,0.091862200,0
'2026-08-22 08:23:32.957868600,0.091868600,1
'2026-08-22 08:23:32.957883100,0.091883100,0
'2026-08-22 08:23:32.957887700,0.091887700,1
'2026-08-22 08:23:32.957887800,0.091887800,0
'2026-08-22 08:23:32.957888300,0.091888300,1
'2026-08-22 08:23:32.957888400,0.091888400,0
'2026-08-22 08:23:32.957889500,0.091889500,1
'2026-08-22 08:23:32.957889600,0.091889600,0
'2026-08-22 08:23:32.957890600,0.091890600,1
'2026-08-22 08:23:32.957890700,0.091890700,0
'2026-08-22 08:23:32.957891700,0.091891700,1
'2026-08-22 08:23:32.957891800,0.091891800,0
'2026-08-22 08:23:32.957894700,0.091894700,1
'2026-08-22 08:23:32.957909000,0.091909000,0
'2026-08-22 08:23:32.957909300,0.091909300,1
'2026-08-22 08:23:32.957909400,0.091909400,0
'2026-08-22 08:23:32.957909900,0.091909900,1
'2026-08-22 08:23:32.957910200,0.091910200,0
'2026-08-22 08:23:32.957910400,0.091910400,1
'2026-08-22 08:23:32.957910600,0.091910600,0
'2026-08-22 08:23:32.957910800,0.091910800,1
'2026-08-22 08:23:32.957911000,0.091911000,0
'2026-08-22 08:23:32.957911100,0.091911100,1
'2026-08-22 08:23:32.957911200,0.091911200,0
'2026-08-22 08:23:32.957911600,0.091911600,1
'2026-08-22 08:23:32.957911800,0.091911800,0
'2026-08-22 08:23:32.957912200,0.091912200,1
'2026-08-22 08:23:32.957912300,0.091912300,0
'2026-08-22 08:23:32.957915100,0.091915100,1
'2026-08-22 08:23:32.957915200,0.091915200,0
'2026-08-22 08:23:32.957915700,0.091915700,1
'2026-08-22 08:23:32.957915800,0.091915800,0
'2026-08-22 08:23:32.957918600,0.091918600,1
'2026-08-22 08:23:32.957918800,0.091918800,0
'2026-08-22 08:23:32.957919100,0.091919100,1
'2026-08-22 08:23:32.957919200,0.091919200,0
'2026-08-22 08:23:32.957920800,0.091920800,1
'2026-08-22 08:23:32.957935200,0.091935200,0
'2026-08-22 08:23:32.957936000,0.091936000,1
'2026-08-22 08:23:32.957936100,0.091936100,0
'2026-08-22 08:23:32.957936200,0.091936200,1
'2026-08-22 08:23:32.957936300,0.091936300,0
'2026-08-22 08:23:32.957937300,0.091937300,1
'2026-08-22 08:23:32.957937400,0.091937400,0
'2026-08-22 08:23:32.957938300,0.091938300,1
'2026-08-22 08:23:32.957938400,0.091938400,0
'2026-08-22 08:23:32.957938500,0.091938500,1
'2026-08-22 08:23:32.957938600,0.091938600,0
'2026-08-22 08:23:32.957939100,0.091939100,1
'2026-08-22 08:23:32.957939200,0.091939200,0
'2026-08-22 08:23:32.957939500,0.091939500,1
'2026-08-22 08:23:32.957939600,0.091939600,0
'2026-08-22 08:23:32.957940200,0.091940200,1
'2026-08-22 08:23:32.957940300,0.091940300,0
'2026-08-22 08:23:32.957941400,0.091941400,1
'2026-08-22 08:23:32.957941500,0.091941500,0
'2026-08-22 08:23:32.957941700,0.091941700,1
'2026-08-22 08:23:32.957941800,0.091941800,0
'2026-08-22 08:23:32.957946100,0.091946100,1
'2026-08-22 08:23:32.957946200,0.091946200,0
'2026-08-22 08:23:32.957946700,0.091946700,1
'2026-08-22 08:23:32.957946800,0.091946800,0
'2026-08-22 08:23:32.957946900,0.091946900,1
'2026-08-22 08:23:32.957961500,0.091961500,0
'2026-08-22 08:23:32.957961700,0.091961700,1
'2026-08-22 08:23:32.957961800,0.091961800,0
'2026-08-22 08:23:32.957961900,0.091961900,1
'2026-08-22 08:23:32.957962000,0.091962000,0
'2026-08-22 08:23:32.957965400,0.091965400,1
'2026-08-22 08:23:32.957965500,0.091965500,0
'2026-08-22 08:23:32.957966000,0.091966000,1
'2026-08-22 08:23:32.957966100,0.091966100,0
'2026-08-22 08:23:32.957966500,0.091966500,1
'2026-08-22 08:23:32.957966600,0.091966600,0
'2026-08-22 08:23:32.957967700,0.091967700,1
'2026-08-22 08:23:32.957967800,0.091967800,0
'2026-08-22 08:23:32.957968300,0.091968300,1
'2026-08-22 08:23:32.957968400,0.091968400,0
'2026-08-22 08:23:32.957968900,0.091968900,1
'2026-08-22 08:23:32.957969000,0.091969000,0
'2026-08-22 08:23:32.957969400,0.091969400,1
'2026-08-22 08:23:32.957969600,0.091969600,0
'2026-08-22 08:23:32.957970600,0.091970600,1
'2026-08-22 08:23:32.957970700,0.091970700,0
'2026-08-22 08:23:32.957972900,0.091972900,1
'2026-08-22 08:23:32.957987400,0.091987400,0
'2026-08-22 08:23:32.957987500,0.091987500,1
'2026-08-22 08:23:32.957987700,0.091987700,0
'2026-08-22 08:23:32.957988100,0.091988100,1
'2026-08-22 08:23:32.957988300,0.091988300,0
'2026-08-22 08:23:32.957988700,0.091988700,1
'2026-08-22 08:23:32.957988800,0.091988800,0
'2026-08-22 08:23:32.957989100,0.091989100,1
'2026-08-22 08:23:32.957989200,0.091989200,0
'2026-08-22 08:23:32.957989300,0.091989300,1
'2026-08-22 08:23:32.957989400,0.091989400,0
'2026-08-22 08:23:32.957989500,0.091989500,1
'2026-08-22 08:23:32.957989600,0.091989600,0
'2026-08-22 08:23:32.957989900,0.091989900,1
'2026-08-22 08:23:32.957990100,0.091990100,0
'2026-08-22 08:23:32.957990400,0.091990400,1
'2026-08-22 08:23:32.957990600,0.091990600,0
'2026-08-22 08:23:32.957991100,0.091991100,1
'2026-08-22 08:23:32.957991200,0.091991200,0
'2026-08-22 08:23:32.957991500,0.091991500,1
'2026-08-22 08:23:32.957991800,0.091991800,0
'2026-08-22 08:23:32.957992300,0.091992300,1
'2026-08-22 08:23:32.957992400,0.091992400,0
'2026-08-22 08:23:32.957996900,0.091996900,1
'2026-08-22 08:23:32.957997000,0.091997000,0
'2026-08-22 08:23:32.957997500,0.091997500,1
'2026-08-22 08:23:32.957997600,0.091997600,0
'2026-08-22 08:23:32.957997900,0.091997900,1
'2026-08-22 08:23:32.957998000,0.091998000,0
'2026-08-22 08:23:32.957998100,0.091998100,1
'2026-08-22 08:23:32.957998200,0.091998200,0
'2026-08-22 08:23:32.957998700,0.091998700,1
'2026-08-22 08:23:32.957998800,0.091998800,0
'2026-08-22 08:23:32.957999000,0.091999000,1
'2026-08-22 08:23:32.958430400,0.092430400,0
'2026-08-22 08:23:32.958437300,0.092437300,1
'2026-08-22 08:23:32.958437400,0.092437400,0
'2026-08-22 08:23:32.958442100,0.092442100,1
'2026-08-22 08:23:32.958456400,0.092456400,0
'2026-08-22 08:23:32.958468200,0.092468200,1
'2026-08-22 08:23:32.958482500,0.092482500,0
'2026-08-22 08:23:32.958483500,0.092483500,1
'2026-08-22 08:23:32.958483600,0.092483600,0
'2026-08-22 08:23:32.958484400,0.092484400,1
'2026-08-22 08:23:32.958484500,0.092484500,0
'2026-08-22 08:23:32.958494300,0.092494300,1
'2026-08-22 08:23:32.958508700,0.092508700,0
'2026-08-22 08:23:32.958520300,0.092520300,1
'2026-08-22 08:23:32.958534600,0.092534600,0
'2026-08-22 08:23:32.958546400,0.092546400,1
'2026-08-22 08:23:32.958561100,0.092561100,0
'2026-08-22 08:23:32.958561700,0.092561700,1
'2026-08-22 08:23:32.958561800,0.092561800,0
'2026-08-22 08:23:32.958562300,0.092562300,1
'2026-08-22 08:23:32.958562400,0.092562400,0
'2026-08-22 08:23:32.958562900,0.092562900,1
'2026-08-22 08:23:32.958563000,0.092563000,0
'2026-08-22 08:23:32.958565200,0.092565200,1
'2026-08-22 08:23:32.958565300,0.092565300,0
'2026-08-22 08:23:32.958572500,0.092572500,1
'2026-08-22 08:23:32.958587000,0.092587000,0
'2026-08-22 08:23:32.958591500,0.092591500,1
'2026-08-22 08:23:32.958591600,0.092591600,0
'2026-08-22 08:23:32.958598600,0.092598600,1
'2026-08-22 08:23:32.958613000,0.092613000,0
'2026-08-22 08:23:32.958613100,0.092613100,1
'2026-08-22 08:23:32.958613300,0.092613300,0
'2026-08-22 08:23:32.958613800,0.092613800,1
'2026-08-22 08:23:32.958613900,0.092613900,0
'2026-08-22 08:23:32.958617800,0.092617800,1
'2026-08-22 08:23:32.958618000,0.092618000,0
'2026-08-22 08:23:32.958620000,0.092620000,1
'2026-08-22 08:23:32.958620100,0.092620100,0
'2026-08-22 08:23:32.958620200,0.092620200,1
'2026-08-22 08:23:32.958620300,0.092620300,0
'2026-08-22 08:23:32.958624100,0.092624100,1
'2026-08-22 08:23:32.958624200,0.092624200,0
'2026-08-22 08:23:32.958624700,0.092624700,1
'2026-08-22 08:23:32.958639000,0.092639000,0
'2026-08-22 08:23:32.958644100,0.092644100,1
'2026-08-22 08:23:32.958644400,0.092644400,0
'2026-08-22 08:23:32.958644700,0.092644700,1
'2026-08-22 08:23:32.958644800,0.092644800,0
'2026-08-22 08:23:32.958650700,0.092650700,1
'2026-08-22 08:23:32.958665300,0.092665300,0
'2026-08-22 08:23:32.958666300,0.092666300,1
'2026-08-22 08:23:32.958666400,0.092666400,0
'2026-08-22 08:23:32.958667500,0.092667500,1
'2026-08-22 08:23:32.958667600,0.092667600,0
'2026-08-22 08:23:32.958668100,0.092668100,1
'2026-08-22 08:23:32.958668200,0.092668200,0
'2026-08-22 08:23:32.958672200,0.092672200,1
'2026-08-22 08:23:32.958672300,0.092672300,0
'2026-08-22 08:23:32.958675100,0.092675100,1
'2026-08-22 08:23:32.958675200,0.092675200,0
'2026-08-22 08:23:32.958676800,0.092676800,1
'2026-08-22 08:23:32.958691600,0.092691600,0
'2026-08-22 08:23:32.958691700,0.092691700,1
'2026-08-22 08:23:32.958691800,0.092691800,0
'2026-08-22 08:23:32.958693200,0.092693200,1
'2026-08-22 08:23:32.958693300,0.092693300,0
'2026-08-22 08:23:32.958693500,0.092693500,1
'2026-08-22 08:23:32.958693600,0.092693600,0
'2026-08-22 08:23:32.958693800,0.092693800,1
'2026-08-22 08:23:32.958693900,0.092693900,0
'2026-08-22 08:23:32.958695000,0.092695000,1
'2026-08-22 08:23:32.958695100,0.092695100,0
'2026-08-22 08:23:32.958696100,0.092696100,1
'2026-08-22 08:23:32.958696200,0.092696200,0
'2026-08-22 08:23:32.958702900,0.092702900,1
'2026-08-22 08:23:32.958717300,0.092717300,0
'2026-08-22 08:23:32.958718400,0.092718400,1
'2026-08-22 08:23:32.958718500,0.092718500,0
'2026-08-22 08:23:32.958721800,0.092721800,1
'2026-08-22 08:23:32.958722000,0.092722000,0
'2026-08-22 08:23:32.958722200,0.092722200,1
'2026-08-22 08:23:32.958722600,0.092722600,0
'2026-08-22 08:23:32.958722700,0.092722700,1
'2026-08-22 08:23:32.958722900,0.092722900,0
'2026-08-22 08:23:32.958723000,0.092723000,1
'2026-08-22 08:23:32.958723100,0.092723100,0
'2026-08-22 08:23:32.958723300,0.092723300,1
'2026-08-22 08:23:32.958723400,0.092723400,0
'2026-08-22 08:23:32.958723500,0.092723500,1
'2026-08-22 08:23:32.958723600,0.092723600,0
'2026-08-22 08:23:32.958724200,0.092724200,1
'2026-08-22 08:23:32.958724400,0.092724400,0
'2026-08-22 08:23:32.958724700,0.092724700,1
'2026-08-22 08:23:32.958724900,0.092724900,0
'2026-08-22 08:23:32.958725400,0.092725400,1
'2026-08-22 08:23:32.958725500,0.092725500,0
'2026-08-22 08:23:32.958725600,0.092725600,1
'2026-08-22 08:23:32.958725700,0.092725700,0
'2026-08-22 08:23:32.958729000,0.092729000,1
'2026-08-22 08:23:32.958743600,0.092743600,0
'2026-08-22 08:23:32.958743700,0.092743700,1
'2026-08-22 08:23:32.958744200,0.092744200,0
'2026-08-22 08:23:32.958744600,0.092744600,1
'2026-08-22 08:23:32.958745000,0.092745000,0
'2026-08-22 08:23:32.958745700,0.092745700,1
'2026-08-22 08:23:32.958745800,0.092745800,0
'2026-08-22 08:23:32.958750500,0.092750500,1
'2026-08-22 08:23:32.958750600,0.092750600,0
'2026-08-22 08:23:32.958752600,0.092752600,1
'2026-08-22 08:23:32.958752700,0.092752700,0
'2026-08-22 08:23:32.958753400,0.092753400,1
'2026-08-22 08:23:32.958753500,0.092753500,0
'2026-08-22 08:23:32.958754300,0.092754300,1
'2026-08-22 08:23:32.958754400,0.092754400,0
'2026-08-22 08:23:32.958754500,0.092754500,1
'2026-08-22 08:23:32.958754700,0.092754700,0
'2026-08-22 08:23:32.958755000,0.092755000,1
'2026-08-22 08:23:32.958769500,0.092769500,0
'2026-08-22 08:23:32.958769700,0.092769700,1
'2026-08-22 08:23:32.958769800,0.092769800,0
'2026-08-22 08:23:32.958770900,0.092770900,1
'2026-08-22 08:23:32.958771000,0.092771000,0
'2026-08-22 08:23:32.958772100,0.092772100,1
'2026-08-22 08:23:32.958772200,0.092772200,0
'2026-08-22 08:23:32.958772700,0.092772700,1
'2026-08-22 08:23:32.958772800,0.092772800,0
'2026-08-22 08:23:32.958773100,0.092773100,1
'2026-08-22 08:23:32.958773200,0.092773200,0
'2026-08-22 08:23:32.958773300,0.092773300,1
'2026-08-22 08:23:32.958773400,0.092773400,0
'2026-08-22 08:23:32.958773700,0.092773700,1
'2026-08-22 08:23:32.958773900,0.092773900,0
'2026-08-22 08:23:32.958774300,0.092774300,1
'2026-08-22 08:23:32.958774600,0.092774600,0
'2026-08-22 08:23:32.958775100,0.092775100,1
'2026-08-22 08:23:32.958775200,0.092775200,0
'2026-08-22 08:23:32.958775400,0.092775400,1
'2026-08-22 08:23:32.958775700,0.092775700,0
'2026-08-22 08:23:32.958776200,0.092776200,1
'2026-08-22 08:23:32.958776300,0.092776300,0
'2026-08-22 08:23:32.958777300,0.092777300,1
'2026-08-22 08:23:32.958777400,0.092777400,0
'2026-08-22 08:23:32.958781100,0.092781100,1
'2026-08-22 08:23:32.958795600,0.092795600,0
'2026-08-22 08:23:32.958795700,0.092795700,1
'2026-08-22 08:23:32.958795800,0.092795800,0
'2026-08-22 08:23:32.958796000,0.092796000,1
'2026-08-22 08:23:32.958796200,0.092796200,0
'2026-08-22 08:23:32.958796400,0.092796400,1
'2026-08-22 08:23:32.958796500,0.092796500,0
'2026-08-22 08:23:32.958797200,0.092797200,1
'2026-08-22 08:23:32.958797400,0.092797400,0
'2026-08-22 08:23:32.958797800,0.092797800,1
'2026-08-22 08:23:32.958797900,0.092797900,0
'2026-08-22 08:23:32.958798400,0.092798400,1
'2026-08-22 08:23:32.958798500,0.092798500,0
'2026-08-22 08:23:32.958801300,0.092801300,1
'2026-08-22 08:23:32.958801400,0.092801400,0
'2026-08-22 08:23:32.958801800,0.092801800,1
'2026-08-22 08:23:32.958802000,0.092802000,0
'2026-08-22 08:23:32.958802300,0.092802300,1
'2026-08-22 08:23:32.958802400,0.092802400,0
'2026-08-22 08:23:32.958802500,0.092802500,1
'2026-08-22 08:23:32.958802600,0.092802600,0
'2026-08-22 08:23:32.958803100,0.092803100,1
'2026-08-22 08:23:32.958803200,0.092803200,0
'2026-08-22 08:23:32.958803600,0.092803600,1
'2026-08-22 08:23:32.958803800,0.092803800,0
'2026-08-22 08:23:32.958804100,0.092804100,1
'2026-08-22 08:23:32.958804400,0.092804400,0
'2026-08-22 08:23:32.958804700,0.092804700,1
'2026-08-22 08:23:32.958804900,0.092804900,0
'2026-08-22 08:23:32.958805400,0.092805400,1
'2026-08-22 08:23:32.958805500,0.092805500,0
'2026-08-22 08:23:32.958806000,0.092806000,1
'2026-08-22 08:23:32.958806200,0.092806200,0
'2026-08-22 08:23:32.958806500,0.092806500,1
'2026-08-22 08:23:32.958806700,0.092806700,0
'2026-08-22 08:23:32.958807200,0.092807200,1
'2026-08-22 08:23:32.958822000,0.092822000,0
'2026-08-22 08:23:32.958822300,0.092822300,1
'2026-08-22 08:23:32.958822500,0.092822500,0
'2026-08-22 08:23:32.958822900,0.092822900,1
'2026-08-22 08:23:32.958823000,0.092823000,0
'2026-08-22 08:23:32.958823500,0.092823500,1
'2026-08-22 08:23:32.958823600,0.092823600,0
'2026-08-22 08:23:32.958824100,0.092824100,1
'2026-08-22 08:23:32.958824200,0.092824200,0
'2026-08-22 08:23:32.958824700,0.092824700,1
'2026-08-22 08:23:32.958824900,0.092824900,0
'2026-08-22 08:23:32.958825100,0.092825100,1
'2026-08-22 08:23:32.958825200,0.092825200,0
'2026-08-22 08:23:32.958825300,0.092825300,1
'2026-08-22 08:23:32.958825400,0.092825400,0
'2026-08-22 08:23:32.958825800,0.092825800,1
'2026-08-22 08:23:32.958826000,0.092826000,0
'2026-08-22 08:23:32.958826400,0.092826400,1
'2026-08-22 08:23:32.958826500,0.092826500,0
'2026-08-22 08:23:32.958826800,0.092826800,1
'2026-08-22 08:23:32.959248200,0.093248200,0
'2026-08-22 08:23:32.959250300,0.093250300,1
'2026-08-22 08:23:32.959264600,0.093264600,0
'2026-08-22 08:23:32.959276400,0.093276400,1
'2026-08-22 08:23:32.959290700,0.093290700,0
'2026-08-22 08:23:32.959296900,0.093296900,1
'2026-08-22 08:23:32.959297000,0.093297000,0
'2026-08-22 08:23:32.959302400,0.093302400,1
'2026-08-22 08:23:32.959316700,0.093316700,0
'2026-08-22 08:23:32.959316800,0.093316800,1
'2026-08-22 08:23:32.959317000,0.093317000,0
'2026-08-22 08:23:32.959328500,0.093328500,1
'2026-08-22 08:23:32.959342900,0.093342900,0
'2026-08-22 08:23:32.959354600,0.093354600,1
'2026-08-22 08:23:32.959369100,0.093369100,0
'2026-08-22 08:23:32.959380700,0.093380700,1
'2026-08-22 08:23:32.959395000,0.093395000,0
'2026-08-22 08:23:32.959395200,0.093395200,1
'2026-08-22 08:23:32.959395300,0.093395300,0
'2026-08-22 08:23:32.959406700,0.093406700,1
'2026-08-22 08:23:32.959421100,0.093421100,0
'2026-08-22 08:23:32.959428500,0.093428500,1
'2026-08-22 08:23:32.959428600,0.093428600,0
'2026-08-22 08:23:32.959432800,0.093432800,1
'2026-08-22 08:23:32.959447400,0.093447400,0
'2026-08-22 08:23:32.959449500,0.093449500,1
'2026-08-22 08:23:32.959449600,0.093449600,0
'2026-08-22 08:23:32.959450400,0.093450400,1
'2026-08-22 08:23:32.959450500,0.093450500,0
'2026-08-22 08:23:32.959451800,0.093451800,1
'2026-08-22 08:23:32.959452000,0.093452000,0
'2026-08-22 08:23:32.959456300,0.093456300,1
'2026-08-22 08:23:32.959456400,0.093456400,0
'2026-08-22 08:23:32.959458900,0.093458900,1
'2026-08-22 08:23:32.959473200,0.093473200,0
'2026-08-22 08:23:32.959474700,0.093474700,1
'2026-08-22 08:23:32.959474800,0.093474800,0
'2026-08-22 08:23:32.959477600,0.093477600,1
'2026-08-22 08:23:32.959477700,0.093477700,0
'2026-08-22 08:23:32.959478700,0.093478700,1
'2026-08-22 08:23:32.959478800,0.093478800,0
'2026-08-22 08:23:32.959480500,0.093480500,1
'2026-08-22 08:23:32.959480600,0.093480600,0
'2026-08-22 08:23:32.959481700,0.093481700,1
'2026-08-22 08:23:32.959481800,0.093481800,0
'2026-08-22 08:23:32.959482300,0.093482300,1
'2026-08-22 08:23:32.959482400,0.093482400,0
'2026-08-22 08:23:32.959485000,0.093485000,1
'2026-08-22 08:23:32.959499400,0.093499400,0
'2026-08-22 08:23:32.959499600,0.093499600,1
'2026-08-22 08:23:32.959499700,0.093499700,0
'2026-08-22 08:23:32.959499800,0.093499800,1
'2026-08-22 08:23:32.959499900,0.093499900,0
'2026-08-22 08:23:32.959501000,0.093501000,1
'2026-08-22 08:23:32.959501100,0.093501100,0
'2026-08-22 08:23:32.959502100,0.093502100,1
'2026-08-22 08:23:32.959502200,0.093502200,0
'2026-08-22 08:23:32.959503300,0.093503300,1
'2026-08-22 08:23:32.959503400,0.093503400,0
'2026-08-22 08:23:32.959504500,0.093504500,1
'2026-08-22 08:23:32.959504600,0.093504600,0
'2026-08-22 08:23:32.959509700,0.093509700,1
'2026-08-22 08:23:32.959509800,0.093509800,0
'2026-08-22 08:23:32.959510900,0.093510900,1
'2026-08-22 08:23:32.959511000,0.093511000,0
'2026-08-22 08:23:32.959511100,0.093511100,1
'2026-08-22 08:23:32.959525600,0.093525600,0
'2026-08-22 08:23:32.959526100,0.093526100,1
'2026-08-22 08:23:32.959526200,0.093526200,0
'2026-08-22 08:23:32.959527900,0.093527900,1
'2026-08-22 08:23:32.959528000,0.093528000,0
'2026-08-22 08:23:32.959528300,0.093528300,1
'2026-08-22 08:23:32.959528500,0.093528500,0
'2026-08-22 08:23:32.959530300,0.093530300,1
'2026-08-22 08:23:32.959530400,0.093530400,0
'2026-08-22 08:23:32.959531300,0.093531300,1
'2026-08-22 08:23:32.959531500,0.093531500,0
'2026-08-22 08:23:32.959531900,0.093531900,1
'2026-08-22 08:23:32.959532000,0.093532000,0
'2026-08-22 08:23:32.959532500,0.093532500,1
'2026-08-22 08:23:32.959532600,0.093532600,0
'2026-08-22 08:23:32.959533700,0.093533700,1
'2026-08-22 08:23:32.959533800,0.093533800,0
'2026-08-22 08:23:32.959535400,0.093535400,1
'2026-08-22 08:23:32.959535500,0.093535500,0
'2026-08-22 08:23:32.959537100,0.093537100,1
'2026-08-22 08:23:32.959552000,0.093552000,0
'2026-08-22 08:23:32.959552100,0.093552100,1
'2026-08-22 08:23:32.959552200,0.093552200,0
'2026-08-22 08:23:32.959552400,0.093552400,1
'2026-08-22 08:23:32.959552500,0.093552500,0
'2026-08-22 08:23:32.959553500,0.093553500,1
'2026-08-22 08:23:32.959553600,0.093553600,0
'2026-08-22 08:23:32.959554100,0.093554100,1
'2026-08-22 08:23:32.959554200,0.093554200,0
'2026-08-22 08:23:32.959555900,0.093555900,1
'2026-08-22 08:23:32.959556000,0.093556000,0
'2026-08-22 08:23:32.959556500,0.093556500,1
'2026-08-22 08:23:32.959556600,0.093556600,0
'2026-08-22 08:23:32.959558800,0.093558800,1
'2026-08-22 08:23:32.959559000,0.093559000,0
'2026-08-22 08:23:32.959562300,0.093562300,1
'2026-08-22 08:23:32.959562400,0.093562400,0
'2026-08-22 08:23:32.959562900,0.093562900,1
'2026-08-22 08:23:32.959563000,0.093563000,0
'2026-08-22 08:23:32.959563200,0.093563200,1
'2026-08-22 08:23:32.959577700,0.093577700,0
'2026-08-22 08:23:32.959577900,0.093577900,1
'2026-08-22 08:23:32.959578200,0.093578200,0
'2026-08-22 08:23:32.959578700,0.093578700,1
'2026-08-22 08:23:32.959578800,0.093578800,0
'2026-08-22 08:23:32.959579200,0.093579200,1
'2026-08-22 08:23:32.959579400,0.093579400,0
'2026-08-22 08:23:32.959579700,0.093579700,1
'2026-08-22 08:23:32.959579800,0.093579800,0
'2026-08-22 08:23:32.959580400,0.093580400,1
'2026-08-22 08:23:32.959580500,0.093580500,0
'2026-08-22 08:23:32.959581600,0.093581600,1
'2026-08-22 08:23:32.959581700,0.093581700,0
'2026-08-22 08:23:32.959583300,0.093583300,1
'2026-08-22 08:23:32.959583400,0.093583400,0
'2026-08-22 08:23:32.959585700,0.093585700,1
'2026-08-22 08:23:32.959585800,0.093585800,0
'2026-08-22 08:23:32.959586900,0.093586900,1
'2026-08-22 08:23:32.959587000,0.093587000,0
'2026-08-22 08:23:32.959589300,0.093589300,1
'2026-08-22 08:23:32.959604000,0.093604000,0
'2026-08-22 08:23:32.959604100,0.093604100,1
'2026-08-22 08:23:32.959604500,0.093604500,0
'2026-08-22 08:23:32.959604900,0.093604900,1
'2026-08-22 08:23:32.959605400,0.093605400,0
'2026-08-22 08:23:32.959606100,0.093606100,1
'2026-08-22 08:23:32.959606200,0.093606200,0
'2026-08-22 08:23:32.959607300,0.093607300,1
'2026-08-22 08:23:32.959607400,0.093607400,0
'2026-08-22 08:23:32.959607900,0.093607900,1
'2026-08-22 08:23:32.959608000,0.093608000,0
'2026-08-22 08:23:32.959608300,0.093608300,1
'2026-08-22 08:23:32.959608600,0.093608600,0
'2026-08-22 08:23:32.959609600,0.093609600,1
'2026-08-22 08:23:32.959609700,0.093609700,0
'2026-08-22 08:23:32.959610200,0.093610200,1
'2026-08-22 08:23:32.959610300,0.093610300,0
'2026-08-22 08:23:32.959610800,0.093610800,1
'2026-08-22 08:23:32.959610900,0.093610900,0
'2026-08-22 08:23:32.959615300,0.093615300,1
'2026-08-22 08:23:32.959630000,0.093630000,0
'2026-08-22 08:23:32.959630100,0.093630100,1
'2026-08-22 08:23:32.959630200,0.093630200,0
'2026-08-22 08:23:32.959630300,0.093630300,1
'2026-08-22 08:23:32.959630400,0.093630400,0
'2026-08-22 08:23:32.959630600,0.093630600,1
'2026-08-22 08:23:32.959630700,0.093630700,0
'2026-08-22 08:23:32.959631800,0.093631800,1
'2026-08-22 08:23:32.959631900,0.093631900,0
'2026-08-22 08:23:32.959632200,0.093632200,1
'2026-08-22 08:23:32.959632300,0.093632300,0
'2026-08-22 08:23:32.959632400,0.093632400,1
'2026-08-22 08:23:32.959632500,0.093632500,0
'2026-08-22 08:23:32.959633900,0.093633900,1
'2026-08-22 08:23:32.959634000,0.093634000,0
'2026-08-22 08:23:32.959634100,0.093634100,1
'2026-08-22 08:23:32.959634200,0.093634200,0
'2026-08-22 08:23:32.959634700,0.093634700,1
'2026-08-22 08:23:32.959634800,0.093634800,0
'2026-08-22 08:23:32.959635300,0.093635300,1
'2026-08-22 08:23:32.959635400,0.093635400,0
'2026-08-22 08:23:32.959635900,0.093635900,1
'2026-08-22 08:23:32.959636000,0.093636000,0
'2026-08-22 08:23:32.959636100,0.093636100,1
'2026-08-22 08:23:32.959636300,0.093636300,0
'2026-08-22 08:23:32.959636400,0.093636400,1
'2026-08-22 08:23:32.959636500,0.093636500,0
'2026-08-22 08:23:32.959637100,0.093637100,1
'2026-08-22 08:23:32.959637200,0.093637200,0
'2026-08-22 08:23:32.959637700,0.093637700,1
'2026-08-22 08:23:32.959637800,0.093637800,0
'2026-08-22 08:23:32.959638200,0.093638200,1
'2026-08-22 08:23:32.959638400,0.093638400,0
'2026-08-22 08:23:32.959640600,0.093640600,1
'2026-08-22 08:23:32.959640700,0.093640700,0
'2026-08-22 08:23:32.959641200,0.093641200,1
'2026-08-22 08:23:32.959641300,0.093641300,0
'2026-08-22 08:23:32.959641400,0.093641400,1
'2026-08-22 08:23:32.960072900,0.094072900,0
'2026-08-22 08:23:32.960084500,0.094084500,1
'2026-08-22 08:23:32.960098800,0.094098800,0
'2026-08-22 08:23:32.960098900,0.094098900,1
'2026-08-22 08:23:32.960099000,0.094099000,0
'2026-08-22 08:23:32.960110600,0.094110600,1
'2026-08-22 08:23:32.960124900,0.094124900,0
'2026-08-22 08:23:32.960134700,0.094134700,1
'2026-08-22 08:23:32.960134800,0.094134800,0
'2026-08-22 08:23:32.960136700,0.094136700,1
'2026-08-22 08:23:32.960151000,0.094151000,0
'2026-08-22 08:23:32.960151200,0.094151200,1
'2026-08-22 08:23:32.960151400,0.094151400,0
'2026-08-22 08:23:32.960162800,0.094162800,1
'2026-08-22 08:23:32.960177000,0.094177000,0
'2026-08-22 08:23:32.960185500,0.094185500,1
'2026-08-22 08:23:32.960185600,0.094185600,0
'2026-08-22 08:23:32.960186100,0.094186100,1
'2026-08-22 08:23:32.960186200,0.094186200,0
'2026-08-22 08:23:32.960188800,0.094188800,1
'2026-08-22 08:23:32.960203300,0.094203300,0
'2026-08-22 08:23:32.960204200,0.094204200,1
'2026-08-22 08:23:32.960204400,0.094204400,0
'2026-08-22 08:23:32.960214900,0.094214900,1
'2026-08-22 08:23:32.960229400,0.094229400,0
'2026-08-22 08:23:32.960233100,0.094233100,1
'2026-08-22 08:23:32.960233200,0.094233200,0
'2026-08-22 08:23:32.960239300,0.094239300,1
'2026-08-22 08:23:32.960239400,0.094239400,0
'2026-08-22 08:23:32.960241000,0.094241000,1
'2026-08-22 08:23:32.960255800,0.094255800,0
'2026-08-22 08:23:32.960256100,0.094256100,1
'2026-08-22 08:23:32.960256200,0.094256200,0
'2026-08-22 08:23:32.960256700,0.094256700,1
'2026-08-22 08:23:32.960256800,0.094256800,0
'2026-08-22 08:23:32.960258500,0.094258500,1
'2026-08-22 08:23:32.960258600,0.094258600,0
'2026-08-22 08:23:32.960262000,0.094262000,1
'2026-08-22 08:23:32.960262100,0.094262100,0
'2026-08-22 08:23:32.960264300,0.094264300,1
'2026-08-22 08:23:32.960264400,0.094264400,0
'2026-08-22 08:23:32.960265300,0.094265300,1
'2026-08-22 08:23:32.960265400,0.094265400,0
'2026-08-22 08:23:32.960267100,0.094267100,1
'2026-08-22 08:23:32.960281600,0.094281600,0
'2026-08-22 08:23:32.960284700,0.094284700,1
'2026-08-22 08:23:32.960284800,0.094284800,0
'2026-08-22 08:23:32.960285900,0.094285900,1
'2026-08-22 08:23:32.960286000,0.094286000,0
'2026-08-22 08:23:32.960287100,0.094287100,1
'2026-08-22 08:23:32.960287200,0.094287200,0
'2026-08-22 08:23:32.960288200,0.094288200,1
'2026-08-22 08:23:32.960288400,0.094288400,0
'2026-08-22 08:23:32.960292300,0.094292300,1
'2026-08-22 08:23:32.960292400,0.094292400,0
'2026-08-22 08:23:32.960293100,0.094293100,1
'2026-08-22 08:23:32.960307700,0.094307700,0
'2026-08-22 08:23:32.960308100,0.094308100,1
'2026-08-22 08:23:32.960308200,0.094308200,0
'2026-08-22 08:23:32.960311600,0.094311600,1
'2026-08-22 08:23:32.960311700,0.094311700,0
'2026-08-22 08:23:32.960315100,0.094315100,1
'2026-08-22 08:23:32.960315200,0.094315200,0
'2026-08-22 08:23:32.960319200,0.094319200,1
'2026-08-22 08:23:32.960333900,0.094333900,0
'2026-08-22 08:23:32.960334300,0.094334300,1
'2026-08-22 08:23:32.960334600,0.094334600,0
'2026-08-22 08:23:32.960335000,0.094335000,1
'2026-08-22 08:23:32.960335200,0.094335200,0
'2026-08-22 08:23:32.960335600,0.094335600,1
'2026-08-22 08:23:32.960335700,0.094335700,0
'2026-08-22 08:23:32.960338500,0.094338500,1
'2026-08-22 08:23:32.960338600,0.094338600,0
'2026-08-22 08:23:32.960343700,0.094343700,1
'2026-08-22 08:23:32.960343800,0.094343800,0
'2026-08-22 08:23:32.960344900,0.094344900,1
'2026-08-22 08:23:32.960345000,0.094345000,0
'2026-08-22 08:23:32.960345300,0.094345300,1
'2026-08-22 08:23:32.960359700,0.094359700,0
'2026-08-22 08:23:32.960360100,0.094360100,1
'2026-08-22 08:23:32.960360200,0.094360200,0
'2026-08-22 08:23:32.960361300,0.094361300,1
'2026-08-22 08:23:32.960361500,0.094361500,0
'2026-08-22 08:23:32.960362500,0.094362500,1
'2026-08-22 08:23:32.960362600,0.094362600,0
'2026-08-22 08:23:32.960363000,0.094363000,1
'2026-08-22 08:23:32.960363200,0.094363200,0
'2026-08-22 08:23:32.960364800,0.094364800,1
'2026-08-22 08:23:32.960364900,0.094364900,0
'2026-08-22 08:23:32.960365300,0.094365300,1
'2026-08-22 08:23:32.960365500,0.094365500,0
'2026-08-22 08:23:32.960365900,0.094365900,1
'2026-08-22 08:23:32.960366000,0.094366000,0
'2026-08-22 08:23:32.960369500,0.094369500,1
'2026-08-22 08:23:32.960369600,0.094369600,0
'2026-08-22 08:23:32.960370700,0.094370700,1
'2026-08-22 08:23:32.960370800,0.094370800,0
'2026-08-22 08:23:32.960371400,0.094371400,1
'2026-08-22 08:23:32.960386000,0.094386000,0
'2026-08-22 08:23:32.960387000,0.094387000,1
'2026-08-22 08:23:32.960387100,0.094387100,0
'2026-08-22 08:23:32.960388200,0.094388200,1
'2026-08-22 08:23:32.960388400,0.094388400,0
'2026-08-22 08:23:32.960388700,0.094388700,1
'2026-08-22 08:23:32.960388900,0.094388900,0
'2026-08-22 08:23:32.960389900,0.094389900,1
'2026-08-22 08:23:32.960390000,0.094390000,0
'2026-08-22 08:23:32.960391100,0.094391100,1
'2026-08-22 08:23:32.960391300,0.094391300,0
'2026-08-22 08:23:32.960393300,0.094393300,1
'2026-08-22 08:23:32.960393400,0.094393400,0
'2026-08-22 08:23:32.960394600,0.094394600,1
'2026-08-22 08:23:32.960394700,0.094394700,0
'2026-08-22 08:23:32.960395100,0.094395100,1
'2026-08-22 08:23:32.960395300,0.094395300,0
'2026-08-22 08:23:32.960395700,0.094395700,1
'2026-08-22 08:23:32.960395800,0.094395800,0
'2026-08-22 08:23:32.960395900,0.094395900,1
'2026-08-22 08:23:32.960396000,0.094396000,0
'2026-08-22 08:23:32.960397400,0.094397400,1
'2026-08-22 08:23:32.960412000,0.094412000,0
'2026-08-22 08:23:32.960412100,0.094412100,1
'2026-08-22 08:23:32.960412200,0.094412200,0
'2026-08-22 08:23:32.960412700,0.094412700,1
'2026-08-22 08:23:32.960412800,0.094412800,0
'2026-08-22 08:23:32.960413900,0.094413900,1
'2026-08-22 08:23:32.960414000,0.094414000,0
'2026-08-22 08:23:32.960415000,0.094415000,1
'2026-08-22 08:23:32.960415100,0.094415100,0
'2026-08-22 08:23:32.960415600,0.094415600,1
'2026-08-22 08:23:32.960415700,0.094415700,0
'2026-08-22 08:23:32.960417400,0.094417400,1
'2026-08-22 08:23:32.960417500,0.094417500,0
'2026-08-22 08:23:32.960418500,0.094418500,1
'2026-08-22 08:23:32.960418600,0.094418600,0
'2026-08-22 08:23:32.960419100,0.094419100,1
'2026-08-22 08:23:32.960419200,0.094419200,0
'2026-08-22 08:23:32.960419300,0.094419300,1
'2026-08-22 08:23:32.960419400,0.094419400,0
'2026-08-22 08:23:32.960421200,0.094421200,1
'2026-08-22 08:23:32.960421300,0.094421300,0
'2026-08-22 08:23:32.960421500,0.094421500,1
'2026-08-22 08:23:32.960421600,0.094421600,0
'2026-08-22 08:23:32.960422000,0.094422000,1
'2026-08-22 08:23:32.960422100,0.094422100,0
'2026-08-22 08:23:32.960422600,0.094422600,1
'2026-08-22 08:23:32.960422700,0.094422700,0
'2026-08-22 08:23:32.960423500,0.094423500,1
'2026-08-22 08:23:32.960438200,0.094438200,0
'2026-08-22 08:23:32.960438400,0.094438400,1
'2026-08-22 08:23:32.960438600,0.094438600,0
'2026-08-22 08:23:32.960441200,0.094441200,1
'2026-08-22 08:23:32.960441400,0.094441400,0
'2026-08-22 08:23:32.960441900,0.094441900,1
'2026-08-22 08:23:32.960442000,0.094442000,0
'2026-08-22 08:23:32.960442100,0.094442100,1
'2026-08-22 08:23:32.960442200,0.094442200,0
'2026-08-22 08:23:32.960442300,0.094442300,1
'2026-08-22 08:23:32.960442600,0.094442600,0
'2026-08-22 08:23:32.960442700,0.094442700,1
'2026-08-22 08:23:32.960442800,0.094442800,0
'2026-08-22 08:23:32.960443100,0.094443100,1
'2026-08-22 08:23:32.960443200,0.094443200,0
'2026-08-22 08:23:32.960443600,0.094443600,1
'2026-08-22 08:23:32.960443800,0.094443800,0
'2026-08-22 08:23:32.960444200,0.094444200,1
'2026-08-22 08:23:32.960444400,0.094444400,0
'2026-08-22 08:23:32.960444800,0.094444800,1
'2026-08-22 08:23:32.960444900,0.094444900,0
'2026-08-22 08:23:32.960446000,0.094446000,1
'2026-08-22 08:23:32.960446200,0.094446200,0
'2026-08-22 08:23:32.960446500,0.094446500,1
'2026-08-22 08:23:32.960446700,0.094446700,0
'2026-08-22 08:23:32.960448900,0.094448900,1
'2026-08-22 08:23:32.960449000,0.094449000,0
'2026-08-22 08:23:32.960449600,0.094449600,1
'2026-08-22 08:23:32.960464000,0.094464000,0
'2026-08-22 08:23:32.960464100,0.094464100,1
'2026-08-22 08:23:32.960464400,0.094464400,0
'2026-08-22 08:23:32.960464700,0.094464700,1
'2026-08-22 08:23:32.960464800,0.094464800,0
'2026-08-22 08:23:32.960464900,0.094464900,1
'2026-08-22 08:23:32.960465000,0.094465000,0
'2026-08-22 08:23:32.960465100,0.094465100,1
'2026-08-22 08:23:32.960465400,0.094465400,0
'2026-08-22 08:23:32.960465700,0.094465700,1
'2026-08-22 08:23:32.960466000,0.094466000,0
'2026-08-22 08:23:32.960466100,0.094466100,1
'2026-08-22 08:23:32.960466400,0.094466400,0
'2026-08-22 08:23:32.960466500,0.094466500,1
'2026-08-22 08:23:32.960466600,0.094466600,0
'2026-08-22 08:23:32.960467000,0.094467000,1
'2026-08-22 08:23:32.960467100,0.094467100,0
'2026-08-22 08:23:32.960468200,0.094468200,1
'2026-08-22 08:23:32.960468300,0.094468300,0
'2026-08-22 08:23:32.960470500,0.094470500,1
'2026-08-22 08:23:32.960470600,0.094470600,0
'2026-08-22 08:23:32.960471700,0.094471700,1
'2026-08-22 08:23:32.960471800,0.094471800,0
'2026-08-22 08:23:32.960472300,0.094472300,1
'2026-08-22 08:23:32.960472400,0.094472400,0
'2026-08-22 08:23:32.960472800,0.094472800,1
'2026-08-22 08:23:32.960907000,0.094907000,0
'2026-08-22 08:23:32.960918700,0.094918700,1
'2026-08-22 08:23:32.960933100,0.094933100,0
'2026-08-22 08:23:32.960944800,0.094944800,1
'2026-08-22 08:23:32.960959200,0.094959200,0
'2026-08-22 08:23:32.960970900,0.094970900,1
'2026-08-22 08:23:32.960985400,0.094985400,0
'2026-08-22 08:23:32.960985500,0.094985500,1
'2026-08-22 08:23:32.960985600,0.094985600,0
'2026-08-22 08:23:32.960986100,0.094986100,1
'2026-08-22 08:23:32.960986200,0.094986200,0
'2026-08-22 08:23:32.960986700,0.094986700,1
'2026-08-22 08:23:32.960986800,0.094986800,0
'2026-08-22 08:23:32.960997000,0.094997000,1
'2026-08-22 08:23:32.961011300,0.095011300,0
'2026-08-22 08:23:32.961023100,0.095023100,1
'2026-08-22 08:23:32.961037600,0.095037600,0
'2026-08-22 08:23:32.961045700,0.095045700,1
'2026-08-22 08:23:32.961045800,0.095045800,0
'2026-08-22 08:23:32.961046300,0.095046300,1
'2026-08-22 08:23:32.961046400,0.095046400,0
'2026-08-22 08:23:32.961046900,0.095046900,1
'2026-08-22 08:23:32.961047000,0.095047000,0
'2026-08-22 08:23:32.961048000,0.095048000,1
'2026-08-22 08:23:32.961048100,0.095048100,0
'2026-08-22 08:23:32.961049100,0.095049100,1
'2026-08-22 08:23:32.961063400,0.095063400,0
'2026-08-22 08:23:32.961064200,0.095064200,1
'2026-08-22 08:23:32.961064300,0.095064300,0
'2026-08-22 08:23:32.961065500,0.095065500,1
'2026-08-22 08:23:32.961065600,0.095065600,0
'2026-08-22 08:23:32.961066100,0.095066100,1
'2026-08-22 08:23:32.961066200,0.095066200,0
'2026-08-22 08:23:32.961068500,0.095068500,1
'2026-08-22 08:23:32.961068600,0.095068600,0
'2026-08-22 08:23:32.961075100,0.095075100,1
'2026-08-22 08:23:32.961089700,0.095089700,0
'2026-08-22 08:23:32.961090700,0.095090700,1
'2026-08-22 08:23:32.961090800,0.095090800,0
'2026-08-22 08:23:32.961094700,0.095094700,1
'2026-08-22 08:23:32.961094800,0.095094800,0
'2026-08-22 08:23:32.961097100,0.095097100,1
'2026-08-22 08:23:32.961097200,0.095097200,0
'2026-08-22 08:23:32.961098300,0.095098300,1
'2026-08-22 08:23:32.961098400,0.095098400,0
'2026-08-22 08:23:32.961101300,0.095101300,1
'2026-08-22 08:23:32.961115900,0.095115900,0
'2026-08-22 08:23:32.961116300,0.095116300,1
'2026-08-22 08:23:32.961116400,0.095116400,0
'2026-08-22 08:23:32.961117500,0.095117500,1
'2026-08-22 08:23:32.961117600,0.095117600,0
'2026-08-22 08:23:32.961118100,0.095118100,1
'2026-08-22 08:23:32.961118200,0.095118200,0
'2026-08-22 08:23:32.961118500,0.095118500,1
'2026-08-22 08:23:32.961118600,0.095118600,0
'2026-08-22 08:23:32.961118700,0.095118700,1
'2026-08-22 08:23:32.961118800,0.095118800,0
'2026-08-22 08:23:32.961125100,0.095125100,1
'2026-08-22 08:23:32.961125200,0.095125200,0
'2026-08-22 08:23:32.961127400,0.095127400,1
'2026-08-22 08:23:32.961141800,0.095141800,0
'2026-08-22 08:23:32.961147300,0.095147300,1
'2026-08-22 08:23:32.961147400,0.095147400,0
'2026-08-22 08:23:32.961147900,0.095147900,1
'2026-08-22 08:23:32.961148000,0.095148000,0
'2026-08-22 08:23:32.961148500,0.095148500,1
'2026-08-22 08:23:32.961148800,0.095148800,0
'2026-08-22 08:23:32.961149100,0.095149100,1
'2026-08-22 08:23:32.961149200,0.095149200,0
'2026-08-22 08:23:32.961153400,0.095153400,1
'2026-08-22 08:23:32.961168000,0.095168000,0
'2026-08-22 08:23:32.961168300,0.095168300,1
'2026-08-22 08:23:32.961168400,0.095168400,0
'2026-08-22 08:23:32.961168900,0.095168900,1
'2026-08-22 08:23:32.961169000,0.095169000,0
'2026-08-22 08:23:32.961169500,0.095169500,1
'2026-08-22 08:23:32.961169600,0.095169600,0
'2026-08-22 08:23:32.961170100,0.095170100,1
'2026-08-22 08:23:32.961170200,0.095170200,0
'2026-08-22 08:23:32.961176000,0.095176000,1
'2026-08-22 08:23:32.961176100,0.095176100,0
'2026-08-22 08:23:32.961177700,0.095177700,1
'2026-08-22 08:23:32.961177800,0.095177800,0
'2026-08-22 08:23:32.961178900,0.095178900,1
'2026-08-22 08:23:32.961179000,0.095179000,0
'2026-08-22 08:23:32.961179300,0.095179300,1
'2026-08-22 08:23:32.961194200,0.095194200,0
'2026-08-22 08:23:32.961194500,0.095194500,1
'2026-08-22 08:23:32.961194800,0.095194800,0
'2026-08-22 08:23:32.961197000,0.095197000,1
'2026-08-22 08:23:32.961197100,0.095197100,0
'2026-08-22 08:23:32.961198100,0.095198100,1
'2026-08-22 08:23:32.961198400,0.095198400,0
'2026-08-22 08:23:32.961198500,0.095198500,1
'2026-08-22 08:23:32.961198600,0.095198600,0
'2026-08-22 08:23:32.961205600,0.095205600,1
'2026-08-22 08:23:32.961220500,0.095220500,0
'2026-08-22 08:23:32.961221500,0.095221500,1
'2026-08-22 08:23:32.961221600,0.095221600,0
'2026-08-22 08:23:32.961222700,0.095222700,1
'2026-08-22 08:23:32.961222800,0.095222800,0
'2026-08-22 08:23:32.961223800,0.095223800,1
'2026-08-22 08:23:32.961224000,0.095224000,0
'2026-08-22 08:23:32.961225700,0.095225700,1
'2026-08-22 08:23:32.961225800,0.095225800,0
'2026-08-22 08:23:32.961226200,0.095226200,1
'2026-08-22 08:23:32.961226300,0.095226300,0
'2026-08-22 08:23:32.961226400,0.095226400,1
'2026-08-22 08:23:32.961226500,0.095226500,0
'2026-08-22 08:23:32.961227200,0.095227200,1
'2026-08-22 08:23:32.961227300,0.095227300,0
'2026-08-22 08:23:32.961227700,0.095227700,1
'2026-08-22 08:23:32.961227800,0.095227800,0
'2026-08-22 08:23:32.961228000,0.095228000,1
'2026-08-22 08:23:32.961228100,0.095228100,0
'2026-08-22 08:23:32.961228500,0.095228500,1
'2026-08-22 08:23:32.961228600,0.095228600,0
'2026-08-22 08:23:32.961229100,0.095229100,1
'2026-08-22 08:23:32.961229200,0.095229200,0
'2026-08-22 08:23:32.961230300,0.095230300,1
'2026-08-22 08:23:32.961230400,0.095230400,0
'2026-08-22 08:23:32.961231400,0.095231400,1
'2026-08-22 08:23:32.961231500,0.095231500,0
'2026-08-22 08:23:32.961231700,0.095231700,1
'2026-08-22 08:23:32.961246200,0.095246200,0
'2026-08-22 08:23:32.961246600,0.095246600,1
'2026-08-22 08:23:32.961246700,0.095246700,0
'2026-08-22 08:23:32.961247800,0.095247800,1
'2026-08-22 08:23:32.961247900,0.095247900,0
'2026-08-22 08:23:32.961248300,0.095248300,1
'2026-08-22 08:23:32.961249000,0.095249000,0
'2026-08-22 08:23:32.961249500,0.095249500,1
'2026-08-22 08:23:32.961249600,0.095249600,0
'2026-08-22 08:23:32.961250700,0.095250700,1
'2026-08-22 08:23:32.961250800,0.095250800,0
'2026-08-22 08:23:32.961251300,0.095251300,1
'2026-08-22 08:23:32.961251400,0.095251400,0
'2026-08-22 08:23:32.961251900,0.095251900,1
'2026-08-22 08:23:32.961252000,0.095252000,0
'2026-08-22 08:23:32.961252500,0.095252500,1
'2026-08-22 08:23:32.961252600,0.095252600,0
'2026-08-22 08:23:32.961255700,0.095255700,1
'2026-08-22 08:23:32.961255800,0.095255800,0
'2026-08-22 08:23:32.961257700,0.095257700,1
'2026-08-22 08:23:32.961272600,0.095272600,0
'2026-08-22 08:23:32.961272700,0.095272700,1
'2026-08-22 08:23:32.961272800,0.095272800,0
'2026-08-22 08:23:32.961272900,0.095272900,1
'2026-08-22 08:23:32.961273000,0.095273000,0
'2026-08-22 08:23:32.961273500,0.095273500,1
'2026-08-22 08:23:32.961273600,0.095273600,0
'2026-08-22 08:23:32.961274100,0.095274100,1
'2026-08-22 08:23:32.961274200,0.095274200,0
'2026-08-22 08:23:32.961274700,0.095274700,1
'2026-08-22 08:23:32.961274800,0.095274800,0
'2026-08-22 08:23:32.961277500,0.095277500,1
'2026-08-22 08:23:32.961277700,0.095277700,0
'2026-08-22 08:23:32.961278100,0.095278100,1
'2026-08-22 08:23:32.961278200,0.095278200,0
'2026-08-22 08:23:32.961278700,0.095278700,1
'2026-08-22 08:23:32.961278800,0.095278800,0
'2026-08-22 08:23:32.961279200,0.095279200,1
'2026-08-22 08:23:32.961279400,0.095279400,0
'2026-08-22 08:23:32.961279900,0.095279900,1
'2026-08-22 08:23:32.961280000,0.095280000,0
'2026-08-22 08:23:32.961280300,0.095280300,1
'2026-08-22 08:23:32.961280500,0.095280500,0
'2026-08-22 08:23:32.961281100,0.095281100,1
'2026-08-22 08:23:32.961281200,0.095281200,0
'2026-08-22 08:23:32.961281300,0.095281300,1
'2026-08-22 08:23:32.961281400,0.095281400,0
'2026-08-22 08:23:32.961281600,0.095281600,1
'2026-08-22 08:23:32.961281700,0.095281700,0
'2026-08-22 08:23:32.961282800,0.095282800,1
'2026-08-22 08:23:32.961282900,0.095282900,0
'2026-08-22 08:23:32.961283800,0.095283800,1
'2026-08-22 08:23:32.961298300,0.095298300,0
'2026-08-22 08:23:32.961298400,0.095298400,1
'2026-08-22 08:23:32.961298700,0.095298700,0
'2026-08-22 08:23:32.961299700,0.095299700,1
'2026-08-22 08:23:32.961300000,0.095300000,0
'2026-08-22 08:23:32.961300300,0.095300300,1
'2026-08-22 08:23:32.961300400,0.095300400,0
'2026-08-22 08:23:32.961300900,0.095300900,1
'2026-08-22 08:23:32.961301000,0.095301000,0
'2026-08-22 08:23:32.961302100,0.095302100,1
'2026-08-22 08:23:32.961302300,0.095302300,0
'2026-08-22 08:23:32.961302600,0.095302600,1
'2026-08-22 08:23:32.961302800,0.095302800,0
'2026-08-22 08:23:32.961302900,0.095302900,1
'2026-08-22 08:23:32.961303100,0.095303100,0
'2026-08-22 08:23:32.961303200,0.095303200,1
'2026-08-22 08:23:32.961303300,0.095303300,0
'2026-08-22 08:23:32.961303800,0.095303800,1
'2026-08-22 08:23:32.961717400,0.095717400,0
'2026-08-22 08:23:32.961726900,0.095726900,1
'2026-08-22 08:23:32.961741300,0.095741300,0
'2026-08-22 08:23:32.961753000,0.095753000,1
'2026-08-22 08:23:32.961767200,0.095767200,0
'2026-08-22 08:23:32.961771000,0.095771000,1
'2026-08-22 08:23:32.961771100,0.095771100,0
'2026-08-22 08:23:32.961773700,0.095773700,1
'2026-08-22 08:23:32.961773800,0.095773800,0
'2026-08-22 08:23:32.961779100,0.095779100,1
'2026-08-22 08:23:32.961793600,0.095793600,0
'2026-08-22 08:23:32.961793800,0.095793800,1
'2026-08-22 08:23:32.961793900,0.095793900,0
'2026-08-22 08:23:32.961805200,0.095805200,1
'2026-08-22 08:23:32.961819600,0.095819600,0
'2026-08-22 08:23:32.961826000,0.095826000,1
'2026-08-22 08:23:32.961826100,0.095826100,0
'2026-08-22 08:23:32.961826500,0.095826500,1
'2026-08-22 08:23:32.961826600,0.095826600,0
'2026-08-22 08:23:32.961831200,0.095831200,1
'2026-08-22 08:23:32.961845600,0.095845600,0
'2026-08-22 08:23:32.961845700,0.095845700,1
'2026-08-22 08:23:32.961845800,0.095845800,0
'2026-08-22 08:23:32.961852200,0.095852200,1
'2026-08-22 08:23:32.961852300,0.095852300,0
'2026-08-22 08:23:32.961857300,0.095857300,1
'2026-08-22 08:23:32.961871800,0.095871800,0
'2026-08-22 08:23:32.961872000,0.095872000,1
'2026-08-22 08:23:32.961872100,0.095872100,0
'2026-08-22 08:23:32.961878500,0.095878500,1
'2026-08-22 08:23:32.961878600,0.095878600,0
'2026-08-22 08:23:32.961882500,0.095882500,1
'2026-08-22 08:23:32.961882600,0.095882600,0
'2026-08-22 08:23:32.961883400,0.095883400,1
'2026-08-22 08:23:32.961897800,0.095897800,0
'2026-08-22 08:23:32.961900100,0.095900100,1
'2026-08-22 08:23:32.961900200,0.095900200,0
'2026-08-22 08:23:32.961900700,0.095900700,1
'2026-08-22 08:23:32.961900800,0.095900800,0
'2026-08-22 08:23:32.961901200,0.095901200,1
'2026-08-22 08:23:32.961901300,0.095901300,0
'2026-08-22 08:23:32.961903000,0.095903000,1
'2026-08-22 08:23:32.961903200,0.095903200,0
'2026-08-22 08:23:32.961904100,0.095904100,1
'2026-08-22 08:23:32.961904200,0.095904200,0
'2026-08-22 08:23:32.961906200,0.095906200,1
'2026-08-22 08:23:32.961906300,0.095906300,0
'2026-08-22 08:23:32.961909400,0.095909400,1
'2026-08-22 08:23:32.961923800,0.095923800,0
'2026-08-22 08:23:32.961923900,0.095923900,1
'2026-08-22 08:23:32.961924100,0.095924100,0
'2026-08-22 08:23:32.961924300,0.095924300,1
'2026-08-22 08:23:32.961924400,0.095924400,0
'2026-08-22 08:23:32.961926900,0.095926900,1
'2026-08-22 08:23:32.961927000,0.095927000,0
'2026-08-22 08:23:32.961928800,0.095928800,1
'2026-08-22 08:23:32.961928900,0.095928900,0
'2026-08-22 08:23:32.961929300,0.095929300,1
'2026-08-22 08:23:32.961929400,0.095929400,0
'2026-08-22 08:23:32.961929900,0.095929900,1
'2026-08-22 08:23:32.961930000,0.095930000,0
'2026-08-22 08:23:32.961930400,0.095930400,1
'2026-08-22 08:23:32.961930600,0.095930600,0
'2026-08-22 08:23:32.961935500,0.095935500,1
'2026-08-22 08:23:32.961950000,0.095950000,0
'2026-08-22 08:23:32.961950100,0.095950100,1
'2026-08-22 08:23:32.961950400,0.095950400,0
'2026-08-22 08:23:32.961950900,0.095950900,1
'2026-08-22 08:23:32.961951000,0.095951000,0
'2026-08-22 08:23:32.961952600,0.095952600,1
'2026-08-22 08:23:32.961952700,0.095952700,0
'2026-08-22 08:23:32.961960200,0.095960200,1
'2026-08-22 08:23:32.961960300,0.095960300,0
'2026-08-22 08:23:32.961961600,0.095961600,1
'2026-08-22 08:23:32.961976200,0.095976200,0
'2026-08-22 08:23:32.961977200,0.095977200,1
'2026-08-22 08:23:32.961977300,0.095977300,0
'2026-08-22 08:23:32.961978300,0.095978300,1
'2026-08-22 08:23:32.961978400,0.095978400,0
'2026-08-22 08:23:32.961978900,0.095978900,1
'2026-08-22 08:23:32.961979000,0.095979000,0
'2026-08-22 08:23:32.961979500,0.095979500,1
'2026-08-22 08:23:32.961979600,0.095979600,0
'2026-08-22 08:23:32.961981300,0.095981300,1
'2026-08-22 08:23:32.961981400,0.095981400,0
'2026-08-22 08:23:32.961982400,0.095982400,1
'2026-08-22 08:23:32.961982500,0.095982500,0
'2026-08-22 08:23:32.961983600,0.095983600,1
'2026-08-22 08:23:32.961983700,0.095983700,0
'2026-08-22 08:23:32.961984800,0.095984800,1
'2026-08-22 08:23:32.961984900,0.095984900,0
'2026-08-22 08:23:32.961985300,0.095985300,1
'2026-08-22 08:23:32.961985400,0.095985400,0
'2026-08-22 08:23:32.961987700,0.095987700,1
'2026-08-22 08:23:32.962002200,0.096002200,0
'2026-08-22 08:23:32.962002300,0.096002300,1
'2026-08-22 08:23:32.962002600,0.096002600,0
'2026-08-22 08:23:32.962002900,0.096002900,1
'2026-08-22 08:23:32.962003000,0.096003000,0
'2026-08-22 08:23:32.962004000,0.096004000,1
'2026-08-22 08:23:32.962004200,0.096004200,0
'2026-08-22 08:23:32.962005200,0.096005200,1
'2026-08-22 08:23:32.962005300,0.096005300,0
'2026-08-22 08:23:32.962008700,0.096008700,1
'2026-08-22 08:23:32.962008800,0.096008800,0
'2026-08-22 08:23:32.962011100,0.096011100,1
'2026-08-22 08:23:32.962011200,0.096011200,0
'2026-08-22 08:23:32.962011400,0.096011400,1
'2026-08-22 08:23:32.962011500,0.096011500,0
'2026-08-22 08:23:32.962011600,0.096011600,1
'2026-08-22 08:23:32.962011800,0.096011800,0
'2026-08-22 08:23:32.962012200,0.096012200,1
'2026-08-22 08:23:32.962012300,0.096012300,0
'2026-08-22 08:23:32.962012800,0.096012800,1
'2026-08-22 08:23:32.962013000,0.096013000,0
'2026-08-22 08:23:32.962013400,0.096013400,1
'2026-08-22 08:23:32.962013500,0.096013500,0
'2026-08-22 08:23:32.962013700,0.096013700,1
'2026-08-22 08:23:32.962028200,0.096028200,0
'2026-08-22 08:23:32.962028500,0.096028500,1
'2026-08-22 08:23:32.962028600,0.096028600,0
'2026-08-22 08:23:32.962030300,0.096030300,1
'2026-08-22 08:23:32.962030400,0.096030400,0
'2026-08-22 08:23:32.962030900,0.096030900,1
'2026-08-22 08:23:32.962031000,0.096031000,0
'2026-08-22 08:23:32.962031500,0.096031500,1
'2026-08-22 08:23:32.962031600,0.096031600,0
'2026-08-22 08:23:32.962031900,0.096031900,1
'2026-08-22 08:23:32.962032000,0.096032000,0
'2026-08-22 08:23:32.962032100,0.096032100,1
'2026-08-22 08:23:32.962032400,0.096032400,0
'2026-08-22 08:23:32.962033200,0.096033200,1
'2026-08-22 08:23:32.962033300,0.096033300,0
'2026-08-22 08:23:32.962033800,0.096033800,1
'2026-08-22 08:23:32.962034000,0.096034000,0
'2026-08-22 08:23:32.962034300,0.096034300,1
'2026-08-22 08:23:32.962034600,0.096034600,0
'2026-08-22 08:23:32.962035500,0.096035500,1
'2026-08-22 08:23:32.962035700,0.096035700,0
'2026-08-22 08:23:32.962037400,0.096037400,1
'2026-08-22 08:23:32.962037500,0.096037500,0
'2026-08-22 08:23:32.962037900,0.096037900,1
'2026-08-22 08:23:32.962038000,0.096038000,0
'2026-08-22 08:23:32.962039800,0.096039800,1
'2026-08-22 08:23:32.962054600,0.096054600,0
'2026-08-22 08:23:32.962054700,0.096054700,1
'2026-08-22 08:23:32.962055100,0.096055100,0
'2026-08-22 08:23:32.962055300,0.096055300,1
'2026-08-22 08:23:32.962055600,0.096055600,0
'2026-08-22 08:23:32.962055800,0.096055800,1
'2026-08-22 08:23:32.962056100,0.096056100,0
'2026-08-22 08:23:32.962058400,0.096058400,1
'2026-08-22 08:23:32.962058500,0.096058500,0
'2026-08-22 08:23:32.962059500,0.096059500,1
'2026-08-22 08:23:32.962059600,0.096059600,0
'2026-08-22 08:23:32.962060700,0.096060700,1
'2026-08-22 08:23:32.962060800,0.096060800,0
'2026-08-22 08:23:32.962061300,0.096061300,1
'2026-08-22 08:23:32.962061400,0.096061400,0
'2026-08-22 08:23:32.962061900,0.096061900,1
'2026-08-22 08:23:32.962062000,0.096062000,0
'2026-08-22 08:23:32.962062500,0.096062500,1
'2026-08-22 08:23:32.962062600,0.096062600,0
'2026-08-22 08:23:32.962062700,0.096062700,1
'2026-08-22 08:23:32.962062800,0.096062800,0
'2026-08-22 08:23:32.962062900,0.096062900,1
'2026-08-22 08:23:32.962063000,0.096063000,0
'2026-08-22 08:23:32.962063900,0.096063900,1
'2026-08-22 08:23:32.962064000,0.096064000,0
'2026-08-22 08:23:32.962064800,0.096064800,1
'2026-08-22 08:23:32.962065000,0.096065000,0
'2026-08-22 08:23:32.962065600,0.096065600,1
'2026-08-22 08:23:32.962065700,0.096065700,0
'2026-08-22 08:23:32.962065900,0.096065900,1
'2026-08-22 08:23:32.962080400,0.096080400,0
'2026-08-22 08:23:32.962080500,0.096080500,1
'2026-08-22 08:23:32.962080700,0.096080700,0
'2026-08-22 08:23:32.962081100,0.096081100,1
'2026-08-22 08:23:32.962081200,0.096081200,0
'2026-08-22 08:23:32.962081300,0.096081300,1
'2026-08-22 08:23:32.962081400,0.096081400,0
'2026-08-22 08:23:32.962081700,0.096081700,1
'2026-08-22 08:23:32.962081800,0.096081800,0
'2026-08-22 08:23:32.962082900,0.096082900,1
'2026-08-22 08:23:32.962083000,0.096083000,0
'2026-08-22 08:23:32.962083500,0.096083500,1
'2026-08-22 08:23:32.962083600,0.096083600,0
'2026-08-22 08:23:32.962084100,0.096084100,1
'2026-08-22 08:23:32.962084200,0.096084200,0
'2026-08-22 08:23:32.962084700,0.096084700,1
'2026-08-22 08:23:32.962084800,0.096084800,0
'2026-08-22 08:23:32.962085100,0.096085100,1
'2026-08-22 08:23:32.962085400,0.096085400,0
'2026-08-22 08:23:32.962085600,0.096085600,1
'2026-08-22 08:23:32.962086300,0.096086300,0
'2026-08-22 08:23:32.962088100,0.096088100,1
'2026-08-22 08:23:32.962088200,0.096088200,0
'2026-08-22 08:23:32.962088700,0.096088700,1
'2026-08-22 08:23:32.962088800,0.096088800,0
'2026-08-22 08:23:32.962089300,0.096089300,1
'2026-08-22 08:23:32.962089500,0.096089500,0
'2026-08-22 08:23:32.962090500,0.096090500,1
'2026-08-22 08:23:32.962090600,0.096090600,0
'2026-08-22 08:23:32.962091700,0.096091700,1
'2026-08-22 08:23:32.962091800,0.096091800,0
'2026-08-22 08:23:32.962092000,0.096092000,1
'2026-08-22 08:23:32.962106600,0.096106600,0
'2026-08-22 08:23:32.962106900,0.096106900,1
'2026-08-22 08:23:32.962107000,0.096107000,0
'2026-08-22 08:23:32.962107500,0.096107500,1
'2026-08-22 08:23:32.962107600,0.096107600,0
'2026-08-22 08:23:32.962108000,0.096108000,1
'2026-08-22 08:23:32.962108200,0.096108200,0
'2026-08-22 08:23:32.962108600,0.096108600,1
'2026-08-22 08:23:32.962108700,0.096108700,0
'2026-08-22 08:23:32.962108800,0.096108800,1
'2026-08-22 08:23:32.962109000,0.096109000,0
'2026-08-22 08:23:32.962110900,0.096110900,1
'2026-08-22 08:23:32.962111000,0.096111000,0
'2026-08-22 08:23:32.962111100,0.096111100,1
'2026-08-22 08:23:32.962111200,0.096111200,0
'2026-08-22 08:23:32.962111500,0.096111500,1
'2026-08-22 08:23:32.962111700,0.096111700,0
'2026-08-22 08:23:32.962112100,0.096112100,1
'2026-08-22 08:23:32.962112300,0.096112300,0
'2026-08-22 08:23:32.962113100,0.096113100,1
'2026-08-22 08:23:32.962113200,0.096113200,0
'2026-08-22 08:23:32.962113300,0.096113300,1
'2026-08-22 08:23:32.962113400,0.096113400,0
'2026-08-22 08:23:32.962114500,0.096114500,1
'2026-08-22 08:23:32.962114600,0.096114600,0
'2026-08-22 08:23:32.962115000,0.096115000,1
'2026-08-22 08:23:32.962115100,0.096115100,0
'2026-08-22 08:23:32.962115300,0.096115300,1
'2026-08-22 08:23:32.962115400,0.096115400,0
'2026-08-22 08:23:32.962115600,0.096115600,1
'2026-08-22 08:23:32.962115800,0.096115800,0
'2026-08-22 08:23:32.962116200,0.096116200,1
'2026-08-22 08:23:32.962116300,0.096116300,0
'2026-08-22 08:23:32.962118000,0.096118000,1
'2026-08-22 08:23:32.962549300,0.096549300,0
'2026-08-22 08:23:32.962561100,0.096561100,1
'2026-08-22 08:23:32.962575400,0.096575400,0
'2026-08-22 08:23:32.962576400,0.096576400,1
'2026-08-22 08:23:32.962576500,0.096576500,0
'2026-08-22 08:23:32.962587200,0.096587200,1
'2026-08-22 08:23:32.962601600,0.096601600,0
'2026-08-22 08:23:32.962605900,0.096605900,1
'2026-08-22 08:23:32.962606000,0.096606000,0
'2026-08-22 08:23:32.962613300,0.096613300,1
'2026-08-22 08:23:32.962627600,0.096627600,0
'2026-08-22 08:23:32.962637200,0.096637200,1
'2026-08-22 08:23:32.962637300,0.096637300,0
'2026-08-22 08:23:32.962639400,0.096639400,1
'2026-08-22 08:23:32.962653700,0.096653700,0
'2026-08-22 08:23:32.962665400,0.096665400,1
'2026-08-22 08:23:32.962679900,0.096679900,0
'2026-08-22 08:23:32.962686700,0.096686700,1
'2026-08-22 08:23:32.962686800,0.096686800,0
'2026-08-22 08:23:32.962689100,0.096689100,1
'2026-08-22 08:23:32.962689200,0.096689200,0
'2026-08-22 08:23:32.962689700,0.096689700,1
'2026-08-22 08:23:32.962689800,0.096689800,0
'2026-08-22 08:23:32.962691500,0.096691500,1
'2026-08-22 08:23:32.962706200,0.096706200,0
'2026-08-22 08:23:32.962707200,0.096707200,1
'2026-08-22 08:23:32.962707300,0.096707300,0
'2026-08-22 08:23:32.962714800,0.096714800,1
'2026-08-22 08:23:32.962714900,0.096714900,0
'2026-08-22 08:23:32.962717600,0.096717600,1
'2026-08-22 08:23:32.962731900,0.096731900,0
'2026-08-22 08:23:32.962732900,0.096732900,1
'2026-08-22 08:23:32.962733000,0.096733000,0
'2026-08-22 08:23:32.962734100,0.096734100,1
'2026-08-22 08:23:32.962734200,0.096734200,0
'2026-08-22 08:23:32.962735200,0.096735200,1
'2026-08-22 08:23:32.962735400,0.096735400,0
'2026-08-22 08:23:32.962735900,0.096735900,1
'2026-08-22 08:23:32.962736000,0.096736000,0
'2026-08-22 08:23:32.962736400,0.096736400,1
'2026-08-22 08:23:32.962736500,0.096736500,0
'2026-08-22 08:23:32.962737600,0.096737600,1
'2026-08-22 08:23:32.962737700,0.096737700,0
'2026-08-22 08:23:32.962738200,0.096738200,1
'2026-08-22 08:23:32.962738500,0.096738500,0
'2026-08-22 08:23:32.962743700,0.096743700,1
'2026-08-22 08:23:32.962758400,0.096758400,0
'2026-08-22 08:23:32.962758500,0.096758500,1
'2026-08-22 08:23:32.962758700,0.096758700,0
'2026-08-22 08:23:32.962759200,0.096759200,1
'2026-08-22 08:23:32.962759300,0.096759300,0
'2026-08-22 08:23:32.962760900,0.096760900,1
'2026-08-22 08:23:32.962761000,0.096761000,0
'2026-08-22 08:23:32.962765600,0.096765600,1
'2026-08-22 08:23:32.962765700,0.096765700,0
'2026-08-22 08:23:32.962766200,0.096766200,1
'2026-08-22 08:23:32.962766300,0.096766300,0
'2026-08-22 08:23:32.962768100,0.096768100,1
'2026-08-22 08:23:32.962768200,0.096768200,0
'2026-08-22 08:23:32.962768500,0.096768500,1
'2026-08-22 08:23:32.962768600,0.096768600,0
'2026-08-22 08:23:32.962769700,0.096769700,1
'2026-08-22 08:23:32.962784100,0.096784100,0
'2026-08-22 08:23:32.962784300,0.096784300,1
'2026-08-22 08:23:32.962784400,0.096784400,0
'2026-08-22 08:23:32.962784900,0.096784900,1
'2026-08-22 08:23:32.962785000,0.096785000,0
'2026-08-22 08:23:32.962785500,0.096785500,1
'2026-08-22 08:23:32.962785600,0.096785600,0
'2026-08-22 08:23:32.962785900,0.096785900,1
'2026-08-22 08:23:32.962786100,0.096786100,0
'2026-08-22 08:23:32.962786900,0.096786900,1
'2026-08-22 08:23:32.962787000,0.096787000,0
'2026-08-22 08:23:32.962787100,0.096787100,1
'2026-08-22 08:23:32.962787300,0.096787300,0
'2026-08-22 08:23:32.962787800,0.096787800,1
'2026-08-22 08:23:32.962788000,0.096788000,0
'2026-08-22 08:23:32.962788200,0.096788200,1
'2026-08-22 08:23:32.962788500,0.096788500,0
'2026-08-22 08:23:32.962789100,0.096789100,1
'2026-08-22 08:23:32.962789200,0.096789200,0
'2026-08-22 08:23:32.962789500,0.096789500,1
'2026-08-22 08:23:32.962789700,0.096789700,0
'2026-08-22 08:23:32.962790100,0.096790100,1
'2026-08-22 08:23:32.962790200,0.096790200,0
'2026-08-22 08:23:32.962790700,0.096790700,1
'2026-08-22 08:23:32.962790900,0.096790900,0
'2026-08-22 08:23:32.962794800,0.096794800,1
'2026-08-22 08:23:32.962794900,0.096794900,0
'2026-08-22 08:23:32.962795800,0.096795800,1
'2026-08-22 08:23:32.962810200,0.096810200,0
'2026-08-22 08:23:32.962811200,0.096811200,1
'2026-08-22 08:23:32.962811300,0.096811300,0
'2026-08-22 08:23:32.962811900,0.096811900,1
'2026-08-22 08:23:32.962812000,0.096812000,0
'2026-08-22 08:23:32.962812300,0.096812300,1
'2026-08-22 08:23:32.962812400,0.096812400,0
'2026-08-22 08:23:32.962812900,0.096812900,1
'2026-08-22 08:23:32.962813000,0.096813000,0
'2026-08-22 08:23:32.962814700,0.096814700,1
'2026-08-22 08:23:32.962814800,0.096814800,0
'2026-08-22 08:23:32.962815200,0.096815200,1
'2026-08-22 08:23:32.962815400,0.096815400,0
'2026-08-22 08:23:32.962817500,0.096817500,1
'2026-08-22 08:23:32.962817700,0.096817700,0
'2026-08-22 08:23:32.962818700,0.096818700,1
'2026-08-22 08:23:32.962818900,0.096818900,0
'2026-08-22 08:23:32.962819300,0.096819300,1
'2026-08-22 08:23:32.962819400,0.096819400,0
'2026-08-22 08:23:32.962819900,0.096819900,1
'2026-08-22 08:23:32.962820000,0.096820000,0
'2026-08-22 08:23:32.962821100,0.096821100,1
'2026-08-22 08:23:32.962821200,0.096821200,0
'2026-08-22 08:23:32.962821700,0.096821700,1
'2026-08-22 08:23:32.962821800,0.096821800,0
'2026-08-22 08:23:32.962821900,0.096821900,1
'2026-08-22 08:23:32.962836500,0.096836500,0
'2026-08-22 08:23:32.962836800,0.096836800,1
'2026-08-22 08:23:32.962837200,0.096837200,0
'2026-08-22 08:23:32.962837300,0.096837300,1
'2026-08-22 08:23:32.962837600,0.096837600,0
'2026-08-22 08:23:32.962838000,0.096838000,1
'2026-08-22 08:23:32.962838100,0.096838100,0
'2026-08-22 08:23:32.962838200,0.096838200,1
'2026-08-22 08:23:32.962838800,0.096838800,0
'2026-08-22 08:23:32.962839200,0.096839200,1
'2026-08-22 08:23:32.962839300,0.096839300,0
'2026-08-22 08:23:32.962841500,0.096841500,1
'2026-08-22 08:23:32.962841600,0.096841600,0
'2026-08-22 08:23:32.962842700,0.096842700,1
'2026-08-22 08:23:32.962842800,0.096842800,0
'2026-08-22 08:23:32.962846200,0.096846200,1
'2026-08-22 08:23:32.962846300,0.096846300,0
'2026-08-22 08:23:32.962846700,0.096846700,1
'2026-08-22 08:23:32.962846900,0.096846900,0
'2026-08-22 08:23:32.962847100,0.096847100,1
'2026-08-22 08:23:32.962847300,0.096847300,0
'2026-08-22 08:23:32.962848000,0.096848000,1
'2026-08-22 08:23:32.962862600,0.096862600,0
'2026-08-22 08:23:32.962863100,0.096863100,1
'2026-08-22 08:23:32.962863200,0.096863200,0
'2026-08-22 08:23:32.962863700,0.096863700,1
'2026-08-22 08:23:32.962863800,0.096863800,0
'2026-08-22 08:23:32.962864900,0.096864900,1
'2026-08-22 08:23:32.962865000,0.096865000,0
'2026-08-22 08:23:32.962865400,0.096865400,1
'2026-08-22 08:23:32.962865600,0.096865600,0
'2026-08-22 08:23:32.962865900,0.096865900,1
'2026-08-22 08:23:32.962866100,0.096866100,0
'2026-08-22 08:23:32.962866600,0.096866600,1
'2026-08-22 08:23:32.962866700,0.096866700,0
'2026-08-22 08:23:32.962867100,0.096867100,1
'2026-08-22 08:23:32.962867300,0.096867300,0
'2026-08-22 08:23:32.962867800,0.096867800,1
'2026-08-22 08:23:32.962867900,0.096867900,0
'2026-08-22 08:23:32.962868300,0.096868300,1
'2026-08-22 08:23:32.962868500,0.096868500,0
'2026-08-22 08:23:32.962868800,0.096868800,1
'2026-08-22 08:23:32.962869200,0.096869200,0
'2026-08-22 08:23:32.962869500,0.096869500,1
'2026-08-22 08:23:32.962869600,0.096869600,0
'2026-08-22 08:23:32.962870700,0.096870700,1
'2026-08-22 08:23:32.962870800,0.096870800,0
'2026-08-22 08:23:32.962871300,0.096871300,1
'2026-08-22 08:23:32.962871400,0.096871400,0
'2026-08-22 08:23:32.962871900,0.096871900,1
'2026-08-22 08:23:32.962872000,0.096872000,0
'2026-08-22 08:23:32.962874000,0.096874000,1
'2026-08-22 08:23:32.962889000,0.096889000,0
'2026-08-22 08:23:32.962889400,0.096889400,1
'2026-08-22 08:23:32.962889500,0.096889500,0
'2026-08-22 08:23:32.962890000,0.096890000,1
'2026-08-22 08:23:32.962890100,0.096890100,0
'2026-08-22 08:23:32.962890500,0.096890500,1
'2026-08-22 08:23:32.962890600,0.096890600,0
'2026-08-22 08:23:32.962891100,0.096891100,1
'2026-08-22 08:23:32.962891200,0.096891200,0
'2026-08-22 08:23:32.962892900,0.096892900,1
'2026-08-22 08:23:32.962893000,0.096893000,0
'2026-08-22 08:23:32.962895800,0.096895800,1
'2026-08-22 08:23:32.962895900,0.096895900,0
'2026-08-22 08:23:32.962897500,0.096897500,1
'2026-08-22 08:23:32.962897800,0.096897800,0
'2026-08-22 08:23:32.962898200,0.096898200,1
'2026-08-22 08:23:32.962898300,0.096898300,0
'2026-08-22 08:23:32.962898600,0.096898600,1
'2026-08-22 08:23:32.962898800,0.096898800,0
'2026-08-22 08:23:32.962899800,0.096899800,1
'2026-08-22 08:23:32.962900000,0.096900000,0
'2026-08-22 08:23:32.962900100,0.096900100,1
'2026-08-22 08:23:32.962914600,0.096914600,0
'2026-08-22 08:23:32.962915000,0.096915000,1
'2026-08-22 08:23:32.962915200,0.096915200,0
'2026-08-22 08:23:32.962915400,0.096915400,1
'2026-08-22 08:23:32.962915600,0.096915600,0
'2026-08-22 08:23:32.962915700,0.096915700,1
'2026-08-22 08:23:32.962915800,0.096915800,0
'2026-08-22 08:23:32.962915900,0.096915900,1
'2026-08-22 08:23:32.962916000,0.096916000,0
'2026-08-22 08:23:32.962916400,0.096916400,1
'2026-08-22 08:23:32.962916500,0.096916500,0
'2026-08-22 08:23:32.962917300,0.096917300,1
'2026-08-22 08:23:32.962917500,0.096917500,0
'2026-08-22 08:23:32.962918000,0.096918000,1
'2026-08-22 08:23:32.962918100,0.096918100,0
'2026-08-22 08:23:32.962918500,0.096918500,1
'2026-08-22 08:23:32.962918700,0.096918700,0
'2026-08-22 08:23:32.962918900,0.096918900,1
'2026-08-22 08:23:32.962919000,0.096919000,0
'2026-08-22 08:23:32.962919200,0.096919200,1
'2026-08-22 08:23:32.962919300,0.096919300,0
'2026-08-22 08:23:32.962919700,0.096919700,1
'2026-08-22 08:23:32.962919900,0.096919900,0
'2026-08-22 08:23:32.962920300,0.096920300,1
'2026-08-22 08:23:32.962920400,0.096920400,0
'2026-08-22 08:23:32.962920900,0.096920900,1
'2026-08-22 08:23:32.962921000,0.096921000,0
'2026-08-22 08:23:32.962921200,0.096921200,1
'2026-08-22 08:23:32.962921300,0.096921300,0
'2026-08-22 08:23:32.962922100,0.096922100,1
'2026-08-22 08:23:32.962922200,0.096922200,0
'2026-08-22 08:23:32.962922700,0.096922700,1
'2026-08-22 08:23:32.962922800,0.096922800,0
'2026-08-22 08:23:32.962923100,0.096923100,1
'2026-08-22 08:23:32.962923200,0.096923200,0
'2026-08-22 08:23:32.962925000,0.096925000,1
'2026-08-22 08:23:32.962925100,0.096925100,0
'2026-08-22 08:23:32.962926100,0.096926100,1
'2026-08-22 08:23:32.962940600,0.096940600,0
'2026-08-22 08:23:32.962940700,0.096940700,1
'2026-08-22 08:23:32.962941000,0.096941000,0
'2026-08-22 08:23:32.962941300,0.096941300,1
'2026-08-22 08:23:32.962941500,0.096941500,0
'2026-08-22 08:23:32.962941900,0.096941900,1
'2026-08-22 08:23:32.962942000,0.096942000,0
'2026-08-22 08:23:32.962942500,0.096942500,1
'2026-08-22 08:23:32.962942600,0.096942600,0
'2026-08-22 08:23:32.962944900,0.096944900,1
'2026-08-22 08:23:32.962945000,0.096945000,0
'2026-08-22 08:23:32.962945500,0.096945500,1
'2026-08-22 08:23:32.962945800,0.096945800,0
'2026-08-22 08:23:32.962945900,0.096945900,1
'2026-08-22 08:23:32.962946100,0.096946100,0
'2026-08-22 08:23:32.962946500,0.096946500,1
'2026-08-22 08:23:32.962946700,0.096946700,0
'2026-08-22 08:23:32.962946800,0.096946800,1
'2026-08-22 08:23:32.962946900,0.096946900,0
'2026-08-22 08:23:32.962947200,0.096947200,1
'2026-08-22 08:23:32.962947300,0.096947300,0
'2026-08-22 08:23:32.962947800,0.096947800,1
'2026-08-22 08:23:32.962947900,0.096947900,0
'2026-08-22 08:23:32.962948900,0.096948900,1
'2026-08-22 08:23:32.962949100,0.096949100,0
'2026-08-22 08:23:32.962950000,0.096950000,1
'2026-08-22 08:23:32.963363800,0.097363800,0
'2026-08-22 08:23:32.963369300,0.097369300,1
'2026-08-22 08:23:32.963383600,0.097383600,0
'2026-08-22 08:23:32.963395400,0.097395400,1
'2026-08-22 08:23:32.963409700,0.097409700,0
'2026-08-22 08:23:32.963410400,0.097410400,1
'2026-08-22 08:23:32.963410500,0.097410500,0
'2026-08-22 08:23:32.963421400,0.097421400,1
'2026-08-22 08:23:32.963435700,0.097435700,0
'2026-08-22 08:23:32.963441700,0.097441700,1
'2026-08-22 08:23:32.963441800,0.097441800,0
'2026-08-22 08:23:32.963447200,0.097447200,1
'2026-08-22 08:23:32.963447300,0.097447300,0
'2026-08-22 08:23:32.963447500,0.097447500,1
'2026-08-22 08:23:32.963461900,0.097461900,0
'2026-08-22 08:23:32.963468100,0.097468100,1
'2026-08-22 08:23:32.963468200,0.097468200,0
'2026-08-22 08:23:32.963471200,0.097471200,1
'2026-08-22 08:23:32.963471300,0.097471300,0
'2026-08-22 08:23:32.963473600,0.097473600,1
'2026-08-22 08:23:32.963487900,0.097487900,0
'2026-08-22 08:23:32.963488000,0.097488000,1
'2026-08-22 08:23:32.963488200,0.097488200,0
'2026-08-22 08:23:32.963490900,0.097490900,1
'2026-08-22 08:23:32.963491100,0.097491100,0
'2026-08-22 08:23:32.963491500,0.097491500,1
'2026-08-22 08:23:32.963491600,0.097491600,0
'2026-08-22 08:23:32.963499700,0.097499700,1
'2026-08-22 08:23:32.963514200,0.097514200,0
'2026-08-22 08:23:32.963514300,0.097514300,1
'2026-08-22 08:23:32.963514400,0.097514400,0
'2026-08-22 08:23:32.963519100,0.097519100,1
'2026-08-22 08:23:32.963519200,0.097519200,0
'2026-08-22 08:23:32.963520200,0.097520200,1
'2026-08-22 08:23:32.963520300,0.097520300,0
'2026-08-22 08:23:32.963520700,0.097520700,1
'2026-08-22 08:23:32.963520800,0.097520800,0
'2026-08-22 08:23:32.963521300,0.097521300,1
'2026-08-22 08:23:32.963521400,0.097521400,0
'2026-08-22 08:23:32.963521900,0.097521900,1
'2026-08-22 08:23:32.963522000,0.097522000,0
'2026-08-22 08:23:32.963524200,0.097524200,1
'2026-08-22 08:23:32.963524400,0.097524400,0
'2026-08-22 08:23:32.963525700,0.097525700,1
'2026-08-22 08:23:32.963540200,0.097540200,0
'2026-08-22 08:23:32.963540300,0.097540300,1
'2026-08-22 08:23:32.963540400,0.097540400,0
'2026-08-22 08:23:32.963540600,0.097540600,1
'2026-08-22 08:23:32.963540800,0.097540800,0
'2026-08-22 08:23:32.963541800,0.097541800,1
'2026-08-22 08:23:32.963541900,0.097541900,0
'2026-08-22 08:23:32.963544100,0.097544100,1
'2026-08-22 08:23:32.963544200,0.097544200,0
'2026-08-22 08:23:32.963551700,0.097551700,1
'2026-08-22 08:23:32.963566200,0.097566200,0
'2026-08-22 08:23:32.963566300,0.097566300,1
'2026-08-22 08:23:32.963566400,0.097566400,0
'2026-08-22 08:23:32.963571600,0.097571600,1
'2026-08-22 08:23:32.963571700,0.097571700,0
'2026-08-22 08:23:32.963572100,0.097572100,1
'2026-08-22 08:23:32.963572200,0.097572200,0
'2026-08-22 08:23:32.963572700,0.097572700,1
'2026-08-22 08:23:32.963572800,0.097572800,0
'2026-08-22 08:23:32.963575100,0.097575100,1
'2026-08-22 08:23:32.963575200,0.097575200,0
'2026-08-22 08:23:32.963577900,0.097577900,1
'2026-08-22 08:23:32.963592300,0.097592300,0
'2026-08-22 08:23:32.963592500,0.097592500,1
'2026-08-22 08:23:32.963592900,0.097592900,0
'2026-08-22 08:23:32.963593800,0.097593800,1
'2026-08-22 08:23:32.963593900,0.097593900,0
'2026-08-22 08:23:32.963599000,0.097599000,1
'2026-08-22 08:23:32.963599100,0.097599100,0
'2026-08-22 08:23:32.963601300,0.097601300,1
'2026-08-22 08:23:32.963601400,0.097601400,0
'2026-08-22 08:23:32.963601900,0.097601900,1
'2026-08-22 08:23:32.963602000,0.097602000,0
'2026-08-22 08:23:32.963604000,0.097604000,1
'2026-08-22 08:23:32.963618600,0.097618600,0
'2026-08-22 08:23:32.963618700,0.097618700,1
'2026-08-22 08:23:32.963618800,0.097618800,0
'2026-08-22 08:23:32.963618900,0.097618900,1
'2026-08-22 08:23:32.963619000,0.097619000,0
'2026-08-22 08:23:32.963619500,0.097619500,1
'2026-08-22 08:23:32.963619600,0.097619600,0
'2026-08-22 08:23:32.963620000,0.097620000,1
'2026-08-22 08:23:32.963620100,0.097620100,0
'2026-08-22 08:23:32.963620700,0.097620700,1
'2026-08-22 08:23:32.963620800,0.097620800,0
'2026-08-22 08:23:32.963621200,0.097621200,1
'2026-08-22 08:23:32.963621300,0.097621300,0
'2026-08-22 08:23:32.963621700,0.097621700,1
'2026-08-22 08:23:32.963622200,0.097622200,0
'2026-08-22 08:23:32.963622400,0.097622400,1
'2026-08-22 08:23:32.963622500,0.097622500,0
'2026-08-22 08:23:32.963624100,0.097624100,1
'2026-08-22 08:23:32.963624200,0.097624200,0
'2026-08-22 08:23:32.963625300,0.097625300,1
'2026-08-22 08:23:32.963625400,0.097625400,0
'2026-08-22 08:23:32.963626500,0.097626500,1
'2026-08-22 08:23:32.963626600,0.097626600,0
'2026-08-22 08:23:32.963629500,0.097629500,1
'2026-08-22 08:23:32.963629600,0.097629600,0
'2026-08-22 08:23:32.963630000,0.097630000,1
'2026-08-22 08:23:32.963644800,0.097644800,0
'2026-08-22 08:23:32.963645000,0.097645000,1
'2026-08-22 08:23:32.963645100,0.097645100,0
'2026-08-22 08:23:32.963649200,0.097649200,1
'2026-08-22 08:23:32.963649300,0.097649300,0
'2026-08-22 08:23:32.963650100,0.097650100,1
'2026-08-22 08:23:32.963650200,0.097650200,0
'2026-08-22 08:23:32.963650400,0.097650400,1
'2026-08-22 08:23:32.963650500,0.097650500,0
'2026-08-22 08:23:32.963652200,0.097652200,1
'2026-08-22 08:23:32.963652300,0.097652300,0
'2026-08-22 08:23:32.963652600,0.097652600,1
'2026-08-22 08:23:32.963652800,0.097652800,0
'2026-08-22 08:23:32.963653100,0.097653100,1
'2026-08-22 08:23:32.963653200,0.097653200,0
'2026-08-22 08:23:32.963653300,0.097653300,1
'2026-08-22 08:23:32.963653400,0.097653400,0
'2026-08-22 08:23:32.963656100,0.097656100,1
'2026-08-22 08:23:32.963670600,0.097670600,0
'2026-08-22 08:23:32.963670700,0.097670700,1
'2026-08-22 08:23:32.963671000,0.097671000,0
'2026-08-22 08:23:32.963671300,0.097671300,1
'2026-08-22 08:23:32.963671500,0.097671500,0
'2026-08-22 08:23:32.963672000,0.097672000,1
'2026-08-22 08:23:32.963672100,0.097672100,0
'2026-08-22 08:23:32.963672600,0.097672600,1
'2026-08-22 08:23:32.963672700,0.097672700,0
'2026-08-22 08:23:32.963673200,0.097673200,1
'2026-08-22 08:23:32.963673300,0.097673300,0
'2026-08-22 08:23:32.963673700,0.097673700,1
'2026-08-22 08:23:32.963673900,0.097673900,0
'2026-08-22 08:23:32.963674900,0.097674900,1
'2026-08-22 08:23:32.963675000,0.097675000,0
'2026-08-22 08:23:32.963675500,0.097675500,1
'2026-08-22 08:23:32.963675600,0.097675600,0
'2026-08-22 08:23:32.963677300,0.097677300,1
'2026-08-22 08:23:32.963677400,0.097677400,0
'2026-08-22 08:23:32.963677900,0.097677900,1
'2026-08-22 08:23:32.963678000,0.097678000,0
'2026-08-22 08:23:32.963680100,0.097680100,1
'2026-08-22 08:23:32.963680200,0.097680200,0
'2026-08-22 08:23:32.963680800,0.097680800,1
'2026-08-22 08:23:32.963680900,0.097680900,0
'2026-08-22 08:23:32.963681300,0.097681300,1
'2026-08-22 08:23:32.963681500,0.097681500,0
'2026-08-22 08:23:32.963681900,0.097681900,1
'2026-08-22 08:23:32.963682000,0.097682000,0
'2026-08-22 08:23:32.963682200,0.097682200,1
'2026-08-22 08:23:32.963696800,0.097696800,0
'2026-08-22 08:23:32.963697100,0.097697100,1
'2026-08-22 08:23:32.963697200,0.097697200,0
'2026-08-22 08:23:32.963697700,0.097697700,1
'2026-08-22 08:23:32.963697800,0.097697800,0
'2026-08-22 08:23:32.963698300,0.097698300,1
'2026-08-22 08:23:32.963698600,0.097698600,0
'2026-08-22 08:23:32.963700700,0.097700700,1
'2026-08-22 08:23:32.963700800,0.097700800,0
'2026-08-22 08:23:32.963701800,0.097701800,1
'2026-08-22 08:23:32.963702000,0.097702000,0
'2026-08-22 08:23:32.963702400,0.097702400,1
'2026-08-22 08:23:32.963702500,0.097702500,0
'2026-08-22 08:23:32.963703000,0.097703000,1
'2026-08-22 08:23:32.963703100,0.097703100,0
'2026-08-22 08:23:32.963703400,0.097703400,1
'2026-08-22 08:23:32.963703600,0.097703600,0
'2026-08-22 08:23:32.963704100,0.097704100,1
'2026-08-22 08:23:32.963704300,0.097704300,0
'2026-08-22 08:23:32.963705900,0.097705900,1
'2026-08-22 08:23:32.963706000,0.097706000,0
'2026-08-22 08:23:32.963708200,0.097708200,1
'2026-08-22 08:23:32.963722900,0.097722900,0
'2026-08-22 08:23:32.963723400,0.097723400,1
'2026-08-22 08:23:32.963723500,0.097723500,0
'2026-08-22 08:23:32.963723700,0.097723700,1
'2026-08-22 08:23:32.963724200,0.097724200,0
'2026-08-22 08:23:32.963724600,0.097724600,1
'2026-08-22 08:23:32.963724800,0.097724800,0
'2026-08-22 08:23:32.963725100,0.097725100,1
'2026-08-22 08:23:32.963725200,0.097725200,0
'2026-08-22 08:23:32.963725700,0.097725700,1
'2026-08-22 08:23:32.963725800,0.097725800,0
'2026-08-22 08:23:32.963727500,0.097727500,1
'2026-08-22 08:23:32.963727600,0.097727600,0
'2026-08-22 08:23:32.963728100,0.097728100,1
'2026-08-22 08:23:32.963728200,0.097728200,0
'2026-08-22 08:23:32.963728600,0.097728600,1
'2026-08-22 08:23:32.963728700,0.097728700,0
'2026-08-22 08:23:32.963729400,0.097729400,1
'2026-08-22 08:23:32.963729500,0.097729500,0
'2026-08-22 08:23:32.963729900,0.097729900,1
'2026-08-22 08:23:32.963730000,0.097730000,0
'2026-08-22 08:23:32.963731600,0.097731600,1
'2026-08-22 08:23:32.963731900,0.097731900,0
'2026-08-22 08:23:32.963732200,0.097732200,1
'2026-08-22 08:23:32.963732300,0.097732300,0
'2026-08-22 08:23:32.963732800,0.097732800,1
'2026-08-22 08:23:32.963732900,0.097732900,0
'2026-08-22 08:23:32.963734300,0.097734300,1
'2026-08-22 08:23:32.963748900,0.097748900,0
'2026-08-22 08:23:32.963749100,0.097749100,1
'2026-08-22 08:23:32.963749200,0.097749200,0
'2026-08-22 08:23:32.963749700,0.097749700,1
'2026-08-22 08:23:32.963749800,0.097749800,0
'2026-08-22 08:23:32.963750300,0.097750300,1
'2026-08-22 08:23:32.963750400,0.097750400,0
'2026-08-22 08:23:32.963750900,0.097750900,1
'2026-08-22 08:23:32.963751000,0.097751000,0
'2026-08-22 08:23:32.963751500,0.097751500,1
'2026-08-22 08:23:32.963751600,0.097751600,0
'2026-08-22 08:23:32.963751700,0.097751700,1
'2026-08-22 08:23:32.963751800,0.097751800,0
'2026-08-22 08:23:32.963752000,0.097752000,1
'2026-08-22 08:23:32.963752800,0.097752800,0
'2026-08-22 08:23:32.963753100,0.097753100,1
'2026-08-22 08:23:32.963753300,0.097753300,0
'2026-08-22 08:23:32.963754300,0.097754300,1
'2026-08-22 08:23:32.963754500,0.097754500,0
'2026-08-22 08:23:32.963755500,0.097755500,1
'2026-08-22 08:23:32.963755700,0.097755700,0
'2026-08-22 08:23:32.963757900,0.097757900,1
'2026-08-22 08:23:32.963758000,0.097758000,0
'2026-08-22 08:23:32.963759000,0.097759000,1
'2026-08-22 08:23:32.963759200,0.097759200,0
'2026-08-22 08:23:32.963759600,0.097759600,1
'2026-08-22 08:23:32.963759800,0.097759800,0
'2026-08-22 08:23:32.963759900,0.097759900,1
'2026-08-22 08:23:32.963760000,0.097760000,0
'2026-08-22 08:23:32.963760400,0.097760400,1
'2026-08-22 08:23:32.964191600,0.098191600,0
'2026-08-22 08:23:32.964191700,0.098191700,1
'2026-08-22 08:23:32.964191800,0.098191800,0
'2026-08-22 08:23:32.964203500,0.098203500,1
'2026-08-22 08:23:32.964217800,0.098217800,0
'2026-08-22 08:23:32.964229600,0.098229600,1
'2026-08-22 08:23:32.964243900,0.098243900,0
'2026-08-22 08:23:32.964245400,0.098245400,1
'2026-08-22 08:23:32.964245500,0.098245500,0
'2026-08-22 08:23:32.964250100,0.098250100,1
'2026-08-22 08:23:32.964250200,0.098250200,0
'2026-08-22 08:23:32.964251300,0.098251300,1
'2026-08-22 08:23:32.964251400,0.098251400,0
'2026-08-22 08:23:32.964255700,0.098255700,1
'2026-08-22 08:23:32.964270100,0.098270100,0
'2026-08-22 08:23:32.964281700,0.098281700,1
'2026-08-22 08:23:32.964296400,0.098296400,0
'2026-08-22 08:23:32.964296900,0.098296900,1
'2026-08-22 08:23:32.964297000,0.098297000,0
'2026-08-22 08:23:32.964303300,0.098303300,1
'2026-08-22 08:23:32.964303400,0.098303400,0
'2026-08-22 08:23:32.964307800,0.098307800,1
'2026-08-22 08:23:32.964322100,0.098322100,0
'2026-08-22 08:23:32.964324300,0.098324300,1
'2026-08-22 08:23:32.964324400,0.098324400,0
'2026-08-22 08:23:32.964333900,0.098333900,1
'2026-08-22 08:23:32.964348400,0.098348400,0
'2026-08-22 08:23:32.964349400,0.098349400,1
'2026-08-22 08:23:32.964349500,0.098349500,0
'2026-08-22 08:23:32.964351700,0.098351700,1
'2026-08-22 08:23:32.964351800,0.098351800,0
'2026-08-22 08:23:32.964354700,0.098354700,1
'2026-08-22 08:23:32.964354800,0.098354800,0
'2026-08-22 08:23:32.964360000,0.098360000,1
'2026-08-22 08:23:32.964374600,0.098374600,0
'2026-08-22 08:23:32.964375100,0.098375100,1
'2026-08-22 08:23:32.964375200,0.098375200,0
'2026-08-22 08:23:32.964382100,0.098382100,1
'2026-08-22 08:23:32.964382200,0.098382200,0
'2026-08-22 08:23:32.964386100,0.098386100,1
'2026-08-22 08:23:32.964400400,0.098400400,0
'2026-08-22 08:23:32.964400500,0.098400500,1
'2026-08-22 08:23:32.964400600,0.098400600,0
'2026-08-22 08:23:32.964400800,0.098400800,1
'2026-08-22 08:23:32.964400900,0.098400900,0
'2026-08-22 08:23:32.964404300,0.098404300,1
'2026-08-22 08:23:32.964404400,0.098404400,0
'2026-08-22 08:23:32.964404900,0.098404900,1
'2026-08-22 08:23:32.964405000,0.098405000,0
'2026-08-22 08:23:32.964405100,0.098405100,1
'2026-08-22 08:23:32.964405200,0.098405200,0
'2026-08-22 08:23:32.964408400,0.098408400,1
'2026-08-22 08:23:32.964408500,0.098408500,0
'2026-08-22 08:23:32.964410800,0.098410800,1
'2026-08-22 08:23:32.964410900,0.098410900,0
'2026-08-22 08:23:32.964411900,0.098411900,1
'2026-08-22 08:23:32.964412000,0.098412000,0
'2026-08-22 08:23:32.964412100,0.098412100,1
'2026-08-22 08:23:32.964426600,0.098426600,0
'2026-08-22 08:23:32.964427100,0.098427100,1
'2026-08-22 08:23:32.964427200,0.098427200,0
'2026-08-22 08:23:32.964428300,0.098428300,1
'2026-08-22 08:23:32.964428400,0.098428400,0
'2026-08-22 08:23:32.964428800,0.098428800,1
'2026-08-22 08:23:32.964429000,0.098429000,0
'2026-08-22 08:23:32.964432300,0.098432300,1
'2026-08-22 08:23:32.964432500,0.098432500,0
'2026-08-22 08:23:32.964433500,0.098433500,1
'2026-08-22 08:23:32.964433700,0.098433700,0
'2026-08-22 08:23:32.964434700,0.098434700,1
'2026-08-22 08:23:32.964434800,0.098434800,0
'2026-08-22 08:23:32.964435800,0.098435800,1
'2026-08-22 08:23:32.964435900,0.098435900,0
'2026-08-22 08:23:32.964438200,0.098438200,1
'2026-08-22 08:23:32.964452600,0.098452600,0
'2026-08-22 08:23:32.964452700,0.098452700,1
'2026-08-22 08:23:32.964452900,0.098452900,0
'2026-08-22 08:23:32.964453500,0.098453500,1
'2026-08-22 08:23:32.964453600,0.098453600,0
'2026-08-22 08:23:32.964453900,0.098453900,1
'2026-08-22 08:23:32.964454200,0.098454200,0
'2026-08-22 08:23:32.964454500,0.098454500,1
'2026-08-22 08:23:32.964454600,0.098454600,0
'2026-08-22 08:23:32.964455100,0.098455100,1
'2026-08-22 08:23:32.964455200,0.098455200,0
'2026-08-22 08:23:32.964455700,0.098455700,1
'2026-08-22 08:23:32.964455800,0.098455800,0
'2026-08-22 08:23:32.964456900,0.098456900,1
'2026-08-22 08:23:32.964457000,0.098457000,0
'2026-08-22 08:23:32.964457500,0.098457500,1
'2026-08-22 08:23:32.964457600,0.098457600,0
'2026-08-22 08:23:32.964458000,0.098458000,1
'2026-08-22 08:23:32.964458100,0.098458100,0
'2026-08-22 08:23:32.964458600,0.098458600,1
'2026-08-22 08:23:32.964458700,0.098458700,0
'2026-08-22 08:23:32.964459200,0.098459200,1
'2026-08-22 08:23:32.964459300,0.098459300,0
'2026-08-22 08:23:32.964461100,0.098461100,1
'2026-08-22 08:23:32.964461200,0.098461200,0
'2026-08-22 08:23:32.964463300,0.098463300,1
'2026-08-22 08:23:32.964463400,0.098463400,0
'2026-08-22 08:23:32.964464300,0.098464300,1
'2026-08-22 08:23:32.964479200,0.098479200,0
'2026-08-22 08:23:32.964479600,0.098479600,1
'2026-08-22 08:23:32.964479800,0.098479800,0
'2026-08-22 08:23:32.964480200,0.098480200,1
'2026-08-22 08:23:32.964480400,0.098480400,0
'2026-08-22 08:23:32.964481400,0.098481400,1
'2026-08-22 08:23:32.964481500,0.098481500,0
'2026-08-22 08:23:32.964482100,0.098482100,1
'2026-08-22 08:23:32.964482400,0.098482400,0
'2026-08-22 08:23:32.964482700,0.098482700,1
'2026-08-22 08:23:32.964482800,0.098482800,0
'2026-08-22 08:23:32.964483100,0.098483100,1
'2026-08-22 08:23:32.964483200,0.098483200,0
'2026-08-22 08:23:32.964483800,0.098483800,1
'2026-08-22 08:23:32.964483900,0.098483900,0
'2026-08-22 08:23:32.964484300,0.098484300,1
'2026-08-22 08:23:32.964484400,0.098484400,0
'2026-08-22 08:23:32.964484500,0.098484500,1
'2026-08-22 08:23:32.964484600,0.098484600,0
'2026-08-22 08:23:32.964484900,0.098484900,1
'2026-08-22 08:23:32.964485000,0.098485000,0
'2026-08-22 08:23:32.964485500,0.098485500,1
'2026-08-22 08:23:32.964485600,0.098485600,0
'2026-08-22 08:23:32.964486100,0.098486100,1
'2026-08-22 08:23:32.964486200,0.098486200,0
'2026-08-22 08:23:32.964486700,0.098486700,1
'2026-08-22 08:23:32.964486800,0.098486800,0
'2026-08-22 08:23:32.964489000,0.098489000,1
'2026-08-22 08:23:32.964489100,0.098489100,0
'2026-08-22 08:23:32.964489600,0.098489600,1
'2026-08-22 08:23:32.964489700,0.098489700,0
'2026-08-22 08:23:32.964490200,0.098490200,1
'2026-08-22 08:23:32.964505200,0.098505200,0
'2026-08-22 08:23:32.964505300,0.098505300,1
'2026-08-22 08:23:32.964505600,0.098505600,0
'2026-08-22 08:23:32.964505900,0.098505900,1
'2026-08-22 08:23:32.964506000,0.098506000,0
'2026-08-22 08:23:32.964507100,0.098507100,1
'2026-08-22 08:23:32.964507200,0.098507200,0
'2026-08-22 08:23:32.964507800,0.098507800,1
'2026-08-22 08:23:32.964507900,0.098507900,0
'2026-08-22 08:23:32.964508300,0.098508300,1
'2026-08-22 08:23:32.964508400,0.098508400,0
'2026-08-22 08:23:32.964509400,0.098509400,1
'2026-08-22 08:23:32.964509600,0.098509600,0
'2026-08-22 08:23:32.964510600,0.098510600,1
'2026-08-22 08:23:32.964510700,0.098510700,0
'2026-08-22 08:23:32.964511100,0.098511100,1
'2026-08-22 08:23:32.964511200,0.098511200,0
'2026-08-22 08:23:32.964512400,0.098512400,1
'2026-08-22 08:23:32.964512500,0.098512500,0
'2026-08-22 08:23:32.964512600,0.098512600,1
'2026-08-22 08:23:32.964512700,0.098512700,0
'2026-08-22 08:23:32.964514700,0.098514700,1
'2026-08-22 08:23:32.964514800,0.098514800,0
'2026-08-22 08:23:32.964515900,0.098515900,1
'2026-08-22 08:23:32.964516000,0.098516000,0
'2026-08-22 08:23:32.964516400,0.098516400,1
'2026-08-22 08:23:32.964531200,0.098531200,0
'2026-08-22 08:23:32.964531600,0.098531600,1
'2026-08-22 08:23:32.964531700,0.098531700,0
'2026-08-22 08:23:32.964532200,0.098532200,1
'2026-08-22 08:23:32.964532300,0.098532300,0
'2026-08-22 08:23:32.964532700,0.098532700,1
'2026-08-22 08:23:32.964532900,0.098532900,0
'2026-08-22 08:23:32.964533300,0.098533300,1
'2026-08-22 08:23:32.964533500,0.098533500,0
'2026-08-22 08:23:32.964534500,0.098534500,1
'2026-08-22 08:23:32.964534600,0.098534600,0
'2026-08-22 08:23:32.964535000,0.098535000,1
'2026-08-22 08:23:32.964535200,0.098535200,0
'2026-08-22 08:23:32.964535700,0.098535700,1
'2026-08-22 08:23:32.964535800,0.098535800,0
'2026-08-22 08:23:32.964535900,0.098535900,1
'2026-08-22 08:23:32.964536000,0.098536000,0
'2026-08-22 08:23:32.964537300,0.098537300,1
'2026-08-22 08:23:32.964537400,0.098537400,0
'2026-08-22 08:23:32.964537500,0.098537500,1
'2026-08-22 08:23:32.964537600,0.098537600,0
'2026-08-22 08:23:32.964538000,0.098538000,1
'2026-08-22 08:23:32.964538100,0.098538100,0
'2026-08-22 08:23:32.964539800,0.098539800,1
'2026-08-22 08:23:32.964539900,0.098539900,0
'2026-08-22 08:23:32.964540400,0.098540400,1
'2026-08-22 08:23:32.964540500,0.098540500,0
'2026-08-22 08:23:32.964541500,0.098541500,1
'2026-08-22 08:23:32.964541600,0.098541600,0
'2026-08-22 08:23:32.964542200,0.098542200,1
'2026-08-22 08:23:32.964542300,0.098542300,0
'2026-08-22 08:23:32.964542500,0.098542500,1
'2026-08-22 08:23:32.964557000,0.098557000,0
'2026-08-22 08:23:32.964557300,0.098557300,1
'2026-08-22 08:23:32.964557400,0.098557400,0
'2026-08-22 08:23:32.964557900,0.098557900,1
'2026-08-22 08:23:32.964558000,0.098558000,0
'2026-08-22 08:23:32.964558500,0.098558500,1
'2026-08-22 08:23:32.964558800,0.098558800,0
'2026-08-22 08:23:32.964559100,0.098559100,1
'2026-08-22 08:23:32.964559200,0.098559200,0
'2026-08-22 08:23:32.964560500,0.098560500,1
'2026-08-22 08:23:32.964560600,0.098560600,0
'2026-08-22 08:23:32.964560700,0.098560700,1
'2026-08-22 08:23:32.964560900,0.098560900,0
'2026-08-22 08:23:32.964561500,0.098561500,1
'2026-08-22 08:23:32.964561600,0.098561600,0
'2026-08-22 08:23:32.964562000,0.098562000,1
'2026-08-22 08:23:32.964562100,0.098562100,0
'2026-08-22 08:23:32.964562500,0.098562500,1
'2026-08-22 08:23:32.964562600,0.098562600,0
'2026-08-22 08:23:32.964563100,0.098563100,1
'2026-08-22 08:23:32.964563200,0.098563200,0
'2026-08-22 08:23:32.964564300,0.098564300,1
'2026-08-22 08:23:32.964564400,0.098564400,0
'2026-08-22 08:23:32.964564900,0.098564900,1
'2026-08-22 08:23:32.964565000,0.098565000,0
'2026-08-22 08:23:32.964565500,0.098565500,1
'2026-08-22 08:23:32.964565600,0.098565600,0
'2026-08-22 08:23:32.964566100,0.098566100,1
'2026-08-22 08:23:32.964566200,0.098566200,0
'2026-08-22 08:23:32.964566500,0.098566500,1
'2026-08-22 08:23:32.964566600,0.098566600,0
'2026-08-22 08:23:32.964568400,0.098568400,1
'2026-08-22 08:23:32.964568500,0.098568500,0
'2026-08-22 08:23:32.964568600,0.098568600,1
'2026-08-22 08:23:32.964583400,0.098583400,0
'2026-08-22 08:23:32.964584600,0.098584600,1
'2026-08-22 08:23:32.964584900,0.098584900,0
'2026-08-22 08:23:32.964585300,0.098585300,1
'2026-08-22 08:23:32.964585400,0.098585400,0
'2026-08-22 08:23:32.964585900,0.098585900,1
'2026-08-22 08:23:32.964586000,0.098586000,0
'2026-08-22 08:23:32.964586500,0.098586500,1
'2026-08-22 08:23:32.964586600,0.098586600,0
'2026-08-22 08:23:32.964587100,0.098587100,1
'2026-08-22 08:23:32.964587200,0.098587200,0
'2026-08-22 08:23:32.964588200,0.098588200,1
'2026-08-22 08:23:32.964588400,0.098588400,0
'2026-08-22 08:23:32.964588800,0.098588800,1
'2026-08-22 08:23:32.964588900,0.098588900,0
'2026-08-22 08:23:32.964589300,0.098589300,1
'2026-08-22 08:23:32.964589500,0.098589500,0
'2026-08-22 08:23:32.964590000,0.098590000,1
'2026-08-22 08:23:32.964590200,0.098590200,0
'2026-08-22 08:23:32.964592300,0.098592300,1
'2026-08-22 08:23:32.964592400,0.098592400,0
'2026-08-22 08:23:32.964592500,0.098592500,1
'2026-08-22 08:23:32.964592600,0.098592600,0
'2026-08-22 08:23:32.964592900,0.098592900,1
'2026-08-22 08:23:32.964593000,0.098593000,0
'2026-08-22 08:23:32.964593500,0.098593500,1
'2026-08-22 08:23:32.964593600,0.098593600,0
'2026-08-22 08:23:32.964594100,0.098594100,1
'2026-08-22 08:23:32.964594200,0.098594200,0
'2026-08-22 08:23:32.964594600,0.098594600,1
'2026-08-22 08:23:32.965010000,0.099010000,0
'2026-08-22 08:23:32.965011700,0.099011700,1
'2026-08-22 08:23:32.965025900,0.099025900,0
'2026-08-22 08:23:32.965029300,0.099029300,1
'2026-08-22 08:23:32.965029400,0.099029400,0
'2026-08-22 08:23:32.965037700,0.099037700,1
'2026-08-22 08:23:32.965052200,0.099052200,0
'2026-08-22 08:23:32.965063800,0.099063800,1
'2026-08-22 08:23:32.965078100,0.099078100,0
'2026-08-22 08:23:32.965078900,0.099078900,1
'2026-08-22 08:23:32.965079000,0.099079000,0
'2026-08-22 08:23:32.965081300,0.099081300,1
'2026-08-22 08:23:32.965081400,0.099081400,0
'2026-08-22 08:23:32.965089900,0.099089900,1
'2026-08-22 08:23:32.965104400,0.099104400,0
'2026-08-22 08:23:32.965116000,0.099116000,1
'2026-08-22 08:23:32.965130500,0.099130500,0
'2026-08-22 08:23:32.965131500,0.099131500,1
'2026-08-22 08:23:32.965131600,0.099131600,0
'2026-08-22 08:23:32.965142100,0.099142100,1
'2026-08-22 08:23:32.965156400,0.099156400,0
'2026-08-22 08:23:32.965156500,0.099156500,1
'2026-08-22 08:23:32.965156800,0.099156800,0
'2026-08-22 08:23:32.965157700,0.099157700,1
'2026-08-22 08:23:32.965157800,0.099157800,0
'2026-08-22 08:23:32.965160100,0.099160100,1
'2026-08-22 08:23:32.965160200,0.099160200,0
'2026-08-22 08:23:32.965168100,0.099168100,1
'2026-08-22 08:23:32.965182500,0.099182500,0
'2026-08-22 08:23:32.965182900,0.099182900,1
'2026-08-22 08:23:32.965183000,0.099183000,0
'2026-08-22 08:23:32.965187500,0.099187500,1
'2026-08-22 08:23:32.965187600,0.099187600,0
'2026-08-22 08:23:32.965194200,0.099194200,1
'2026-08-22 08:23:32.965208700,0.099208700,0
'2026-08-22 08:23:32.965209700,0.099209700,1
'2026-08-22 08:23:32.965209800,0.099209800,0
'2026-08-22 08:23:32.965210900,0.099210900,1
'2026-08-22 08:23:32.965211000,0.099211000,0
'2026-08-22 08:23:32.965211500,0.099211500,1
'2026-08-22 08:23:32.965211600,0.099211600,0
'2026-08-22 08:23:32.965220300,0.099220300,1
'2026-08-22 08:23:32.965234800,0.099234800,0
'2026-08-22 08:23:32.965234900,0.099234900,1
'2026-08-22 08:23:32.965235000,0.099235000,0
'2026-08-22 08:23:32.965235100,0.099235100,1
'2026-08-22 08:23:32.965235200,0.099235200,0
'2026-08-22 08:23:32.965237300,0.099237300,1
'2026-08-22 08:23:32.965237400,0.099237400,0
'2026-08-22 08:23:32.965239000,0.099239000,1
'2026-08-22 08:23:32.965239100,0.099239100,0
'2026-08-22 08:23:32.965240100,0.099240100,1
'2026-08-22 08:23:32.965240200,0.099240200,0
'2026-08-22 08:23:32.965240700,0.099240700,1
'2026-08-22 08:23:32.965240800,0.099240800,0
'2026-08-22 08:23:32.965241900,0.099241900,1
'2026-08-22 08:23:32.965242000,0.099242000,0
'2026-08-22 08:23:32.965245700,0.099245700,1
'2026-08-22 08:23:32.965245800,0.099245800,0
'2026-08-22 08:23:32.965246400,0.099246400,1
'2026-08-22 08:23:32.965261300,0.099261300,0
'2026-08-22 08:23:32.965262400,0.099262400,1
'2026-08-22 08:23:32.965262500,0.099262500,0
'2026-08-22 08:23:32.965262800,0.099262800,1
'2026-08-22 08:23:32.965263000,0.099263000,0
'2026-08-22 08:23:32.965263500,0.099263500,1
'2026-08-22 08:23:32.965263600,0.099263600,0
'2026-08-22 08:23:32.965264100,0.099264100,1
'2026-08-22 08:23:32.965264200,0.099264200,0
'2026-08-22 08:23:32.965264700,0.099264700,1
'2026-08-22 08:23:32.965264800,0.099264800,0
'2026-08-22 08:23:32.965265100,0.099265100,1
'2026-08-22 08:23:32.965265200,0.099265200,0
'2026-08-22 08:23:32.965265300,0.099265300,1
'2026-08-22 08:23:32.965265400,0.099265400,0
'2026-08-22 08:23:32.965268800,0.099268800,1
'2026-08-22 08:23:32.965268900,0.099268900,0
'2026-08-22 08:23:32.965270200,0.099270200,1
'2026-08-22 08:23:32.965270300,0.099270300,0
'2026-08-22 08:23:32.965271100,0.099271100,1
'2026-08-22 08:23:32.965271200,0.099271200,0
'2026-08-22 08:23:32.965272300,0.099272300,1
'2026-08-22 08:23:32.965287000,0.099287000,0
'2026-08-22 08:23:32.965287500,0.099287500,1
'2026-08-22 08:23:32.965287600,0.099287600,0
'2026-08-22 08:23:32.965288100,0.099288100,1
'2026-08-22 08:23:32.965288200,0.099288200,0
'2026-08-22 08:23:32.965290500,0.099290500,1
'2026-08-22 08:23:32.965290600,0.099290600,0
'2026-08-22 08:23:32.965291500,0.099291500,1
'2026-08-22 08:23:32.965291700,0.099291700,0
'2026-08-22 08:23:32.965292300,0.099292300,1
'2026-08-22 08:23:32.965292400,0.099292400,0
'2026-08-22 08:23:32.965292700,0.099292700,1
'2026-08-22 08:23:32.965292900,0.099292900,0
'2026-08-22 08:23:32.965293900,0.099293900,1
'2026-08-22 08:23:32.965294000,0.099294000,0
'2026-08-22 08:23:32.965295100,0.099295100,1
'2026-08-22 08:23:32.965295200,0.099295200,0
'2026-08-22 08:23:32.965295700,0.099295700,1
'2026-08-22 08:23:32.965295800,0.099295800,0
'2026-08-22 08:23:32.965296800,0.099296800,1
'2026-08-22 08:23:32.965296900,0.099296900,0
'2026-08-22 08:23:32.965297300,0.099297300,1
'2026-08-22 08:23:32.965297400,0.099297400,0
'2026-08-22 08:23:32.965298500,0.099298500,1
'2026-08-22 08:23:32.965313000,0.099313000,0
'2026-08-22 08:23:32.965313200,0.099313200,1
'2026-08-22 08:23:32.965313500,0.099313500,0
'2026-08-22 08:23:32.965313700,0.099313700,1
'2026-08-22 08:23:32.965313900,0.099313900,0
'2026-08-22 08:23:32.965314300,0.099314300,1
'2026-08-22 08:23:32.965314500,0.099314500,0
'2026-08-22 08:23:32.965314900,0.099314900,1
'2026-08-22 08:23:32.965315300,0.099315300,0
'2026-08-22 08:23:32.965315500,0.099315500,1
'2026-08-22 08:23:32.965315700,0.099315700,0
'2026-08-22 08:23:32.965316100,0.099316100,1
'2026-08-22 08:23:32.965316200,0.099316200,0
'2026-08-22 08:23:32.965321400,0.099321400,1
'2026-08-22 08:23:32.965321500,0.099321500,0
'2026-08-22 08:23:32.965321900,0.099321900,1
'2026-08-22 08:23:32.965322000,0.099322000,0
'2026-08-22 08:23:32.965322500,0.099322500,1
'2026-08-22 08:23:32.965322600,0.099322600,0
'2026-08-22 08:23:32.965323700,0.099323700,1
'2026-08-22 08:23:32.965323900,0.099323900,0
'2026-08-22 08:23:32.965324300,0.099324300,1
'2026-08-22 08:23:32.965324400,0.099324400,0
'2026-08-22 08:23:32.965324600,0.099324600,1
'2026-08-22 08:23:32.965339100,0.099339100,0
'2026-08-22 08:23:32.965340100,0.099340100,1
'2026-08-22 08:23:32.965340200,0.099340200,0
'2026-08-22 08:23:32.965340600,0.099340600,1
'2026-08-22 08:23:32.965340700,0.099340700,0
'2026-08-22 08:23:32.965341100,0.099341100,1
'2026-08-22 08:23:32.965341300,0.099341300,0
'2026-08-22 08:23:32.965341800,0.099341800,1
'2026-08-22 08:23:32.965342600,0.099342600,0
'2026-08-22 08:23:32.965342700,0.099342700,1
'2026-08-22 08:23:32.965342800,0.099342800,0
'2026-08-22 08:23:32.965343000,0.099343000,1
'2026-08-22 08:23:32.965343100,0.099343100,0
'2026-08-22 08:23:32.965344100,0.099344100,1
'2026-08-22 08:23:32.965344300,0.099344300,0
'2026-08-22 08:23:32.965344700,0.099344700,1
'2026-08-22 08:23:32.965344800,0.099344800,0
'2026-08-22 08:23:32.965345300,0.099345300,1
'2026-08-22 08:23:32.965345400,0.099345400,0
'2026-08-22 08:23:32.965345900,0.099345900,1
'2026-08-22 08:23:32.965346000,0.099346000,0
'2026-08-22 08:23:32.965346400,0.099346400,1
'2026-08-22 08:23:32.965346600,0.099346600,0
'2026-08-22 08:23:32.965350700,0.099350700,1
'2026-08-22 08:23:32.965365900,0.099365900,0
'2026-08-22 08:23:32.965366000,0.099366000,1
'2026-08-22 08:23:32.965366300,0.099366300,0
'2026-08-22 08:23:32.965367500,0.099367500,1
'2026-08-22 08:23:32.965367600,0.099367600,0
'2026-08-22 08:23:32.965368100,0.099368100,1
'2026-08-22 08:23:32.965368200,0.099368200,0
'2026-08-22 08:23:32.965369300,0.099369300,1
'2026-08-22 08:23:32.965369400,0.099369400,0
'2026-08-22 08:23:32.965371500,0.099371500,1
'2026-08-22 08:23:32.965371700,0.099371700,0
'2026-08-22 08:23:32.965372500,0.099372500,1
'2026-08-22 08:23:32.965372600,0.099372600,0
'2026-08-22 08:23:32.965372700,0.099372700,1
'2026-08-22 08:23:32.965372900,0.099372900,0
'2026-08-22 08:23:32.965373300,0.099373300,1
'2026-08-22 08:23:32.965373500,0.099373500,0
'2026-08-22 08:23:32.965373900,0.099373900,1
'2026-08-22 08:23:32.965374100,0.099374100,0
'2026-08-22 08:23:32.965374200,0.099374200,1
'2026-08-22 08:23:32.965374300,0.099374300,0
'2026-08-22 08:23:32.965374500,0.099374500,1
'2026-08-22 08:23:32.965374600,0.099374600,0
'2026-08-22 08:23:32.965375100,0.099375100,1
'2026-08-22 08:23:32.965375200,0.099375200,0
'2026-08-22 08:23:32.965375700,0.099375700,1
'2026-08-22 08:23:32.965375800,0.099375800,0
'2026-08-22 08:23:32.965376700,0.099376700,1
'2026-08-22 08:23:32.965391200,0.099391200,0
'2026-08-22 08:23:32.965391400,0.099391400,1
'2026-08-22 08:23:32.965391700,0.099391700,0
'2026-08-22 08:23:32.965391900,0.099391900,1
'2026-08-22 08:23:32.965392200,0.099392200,0
'2026-08-22 08:23:32.965393200,0.099393200,1
'2026-08-22 08:23:32.965393300,0.099393300,0
'2026-08-22 08:23:32.965393800,0.099393800,1
'2026-08-22 08:23:32.965394200,0.099394200,0
'2026-08-22 08:23:32.965394300,0.099394300,1
'2026-08-22 08:23:32.965394600,0.099394600,0
'2026-08-22 08:23:32.965395000,0.099395000,1
'2026-08-22 08:23:32.965395100,0.099395100,0
'2026-08-22 08:23:32.965395200,0.099395200,1
'2026-08-22 08:23:32.965395300,0.099395300,0
'2026-08-22 08:23:32.965395500,0.099395500,1
'2026-08-22 08:23:32.965395700,0.099395700,0
'2026-08-22 08:23:32.965396100,0.099396100,1
'2026-08-22 08:23:32.965396200,0.099396200,0
'2026-08-22 08:23:32.965396800,0.099396800,1
'2026-08-22 08:23:32.965396900,0.099396900,0
'2026-08-22 08:23:32.965397300,0.099397300,1
'2026-08-22 08:23:32.965397400,0.099397400,0
'2026-08-22 08:23:32.965398500,0.099398500,1
'2026-08-22 08:23:32.965398600,0.099398600,0
'2026-08-22 08:23:32.965400800,0.099400800,1
'2026-08-22 08:23:32.965400900,0.099400900,0
'2026-08-22 08:23:32.965401400,0.099401400,1
'2026-08-22 08:23:32.965401500,0.099401500,0
'2026-08-22 08:23:32.965402000,0.099402000,1
'2026-08-22 08:23:32.965402100,0.099402100,0
'2026-08-22 08:23:32.965402500,0.099402500,1
'2026-08-22 08:23:32.965402600,0.099402600,0
'2026-08-22 08:23:32.965402800,0.099402800,1
'2026-08-22 08:23:32.965417300,0.099417300,0
'2026-08-22 08:23:32.965417700,0.099417700,1
'2026-08-22 08:23:32.965417800,0.099417800,0
'2026-08-22 08:23:32.965417900,0.099417900,1
'2026-08-22 08:23:32.965418000,0.099418000,0
'2026-08-22 08:23:32.965418300,0.099418300,1
'2026-08-22 08:23:32.965418400,0.099418400,0
'2026-08-22 08:23:32.965418900,0.099418900,1
'2026-08-22 08:23:32.965419000,0.099419000,0
'2026-08-22 08:23:32.965419100,0.099419100,1
'2026-08-22 08:23:32.965419200,0.099419200,0
'2026-08-22 08:23:32.965419300,0.099419300,1
'2026-08-22 08:23:32.965834300,0.099834300,0
'2026-08-22 08:23:32.965845900,0.099845900,1
'2026-08-22 08:23:32.965860200,0.099860200,0
'2026-08-22 08:23:32.965860500,0.099860500,1
'2026-08-22 08:23:32.965860600,0.099860600,0
'2026-08-22 08:23:32.965872000,0.099872000,1
'2026-08-22 08:23:32.965886500,0.099886500,0
'2026-08-22 08:23:32.965886600,0.099886600,1
'2026-08-22 08:23:32.965886800,0.099886800,0
'2026-08-22 08:23:32.965898100,0.099898100,1
'2026-08-22 08:23:32.965912400,0.099912400,0
'2026-08-22 08:23:32.965912500,0.099912500,1
'2026-08-22 08:23:32.965912600,0.099912600,0
'2026-08-22 08:23:32.965916500,0.099916500,1
'2026-08-22 08:23:32.965916600,0.099916600,0
'2026-08-22 08:23:32.965918300,0.099918300,1
'2026-08-22 08:23:32.965918400,0.099918400,0
'2026-08-22 08:23:32.965924100,0.099924100,1
'2026-08-22 08:23:32.965938500,0.099938500,0
'2026-08-22 08:23:32.965938800,0.099938800,1
'2026-08-22 08:23:32.965938900,0.099938900,0
'2026-08-22 08:23:32.965945200,0.099945200,1
'2026-08-22 08:23:32.965945300,0.099945300,0
'2026-08-22 08:23:32.965948700,0.099948700,1
'2026-08-22 08:23:32.965948800,0.099948800,0
'2026-08-22 08:23:32.965950200,0.099950200,1
'2026-08-22 08:23:32.965964800,0.099964800,0
'2026-08-22 08:23:32.965964900,0.099964900,1
'2026-08-22 08:23:32.965965000,0.099965000,0
'2026-08-22 08:23:32.965966900,0.099966900,1
'2026-08-22 08:23:32.965967000,0.099967000,0
'2026-08-22 08:23:32.965967400,0.099967400,1
'2026-08-22 08:23:32.965967500,0.099967500,0
'2026-08-22 08:23:32.965970900,0.099970900,1
'2026-08-22 08:23:32.965971000,0.099971000,0
'2026-08-22 08:23:32.965972500,0.099972500,1
'2026-08-22 08:23:32.965972600,0.099972600,0
'2026-08-22 08:23:32.965976300,0.099976300,1
'2026-08-22 08:23:32.965990700,0.099990700,0
'2026-08-22 08:23:32.965990800,0.099990800,1
'2026-08-22 08:23:32.965990900,0.099990900,0
'2026-08-22 08:23:32.965992500,0.099992500,1
'2026-08-22 08:23:32.965992600,0.099992600,0
'2026-08-22 08:23:32.965993100,0.099993100,1
'2026-08-22 08:23:32.965993300,0.099993300,0
'2026-08-22 08:23:32.965993700,0.099993700,1
'2026-08-22 08:23:32.965993800,0.099993800,0
'2026-08-22 08:23:32.965994900,0.099994900,1
'2026-08-22 08:23:32.965995000,0.099995000,0
'2026-08-22 08:23:32.965995500,0.099995500,1
'2026-08-22 08:23:32.965995600,0.099995600,0
'2026-08-22 08:23:32.965996300,0.099996300,1
'2026-08-22 08:23:32.965996400,0.099996400,0
'2026-08-22 08:23:32.966002400,0.100002400,1
'2026-08-22 08:23:32.966016800,0.100016800,0
'2026-08-22 08:23:32.966017100,0.100017100,1
'2026-08-22 08:23:32.966017200,0.100017200,0
'2026-08-22 08:23:32.966017600,0.100017600,1
'2026-08-22 08:23:32.966017800,0.100017800,0
'2026-08-22 08:23:32.966020500,0.100020500,1
'2026-08-22 08:23:32.966020600,0.100020600,0
'2026-08-22 08:23:32.966024100,0.100024100,1
'2026-08-22 08:23:32.966024200,0.100024200,0
'2026-08-22 08:23:32.966025100,0.100025100,1
'2026-08-22 08:23:32.966025200,0.100025200,0
'2026-08-22 08:23:32.966025300,0.100025300,1
'2026-08-22 08:23:32.966025400,0.100025400,0
'2026-08-22 08:23:32.966025700,0.100025700,1
'2026-08-22 08:23:32.966025900,0.100025900,0
'2026-08-22 08:23:32.966028500,0.100028500,1
'2026-08-22 08:23:32.966043100,0.100043100,0
'2026-08-22 08:23:32.966043300,0.100043300,1
'2026-08-22 08:23:32.966043500,0.100043500,0
'2026-08-22 08:23:32.966043900,0.100043900,1
'2026-08-22 08:23:32.966044000,0.100044000,0
'2026-08-22 08:23:32.966044500,0.100044500,1
'2026-08-22 08:23:32.966044600,0.100044600,0
'2026-08-22 08:23:32.966045200,0.100045200,1
'2026-08-22 08:23:32.966045300,0.100045300,0
'2026-08-22 08:23:32.966045600,0.100045600,1
'2026-08-22 08:23:32.966045800,0.100045800,0
'2026-08-22 08:23:32.966046300,0.100046300,1
'2026-08-22 08:23:32.966046400,0.100046400,0
'2026-08-22 08:23:32.966046800,0.100046800,1
'2026-08-22 08:23:32.966047000,0.100047000,0
'2026-08-22 08:23:32.966047300,0.100047300,1
'2026-08-22 08:23:32.966047500,0.100047500,0
'2026-08-22 08:23:32.966052100,0.100052100,1
'2026-08-22 08:23:32.966052200,0.100052200,0
'2026-08-22 08:23:32.966053900,0.100053900,1
'2026-08-22 08:23:32.966054000,0.100054000,0
'2026-08-22 08:23:32.966054500,0.100054500,1
'2026-08-22 08:23:32.966068800,0.100068800,0
'2026-08-22 08:23:32.966069000,0.100069000,1
'2026-08-22 08:23:32.966069100,0.100069100,0
'2026-08-22 08:23:32.966070300,0.100070300,1
'2026-08-22 08:23:32.966070400,0.100070400,0
'2026-08-22 08:23:32.966073700,0.100073700,1
'2026-08-22 08:23:32.966073800,0.100073800,0
'2026-08-22 08:23:32.966074300,0.100074300,1
'2026-08-22 08:23:32.966074400,0.100074400,0
'2026-08-22 08:23:32.966075000,0.100075000,1
'2026-08-22 08:23:32.966075100,0.100075100,0
'2026-08-22 08:23:32.966075500,0.100075500,1
'2026-08-22 08:23:32.966075600,0.100075600,0
'2026-08-22 08:23:32.966076000,0.100076000,1
'2026-08-22 08:23:32.966076200,0.100076200,0
'2026-08-22 08:23:32.966076600,0.100076600,1
'2026-08-22 08:23:32.966076800,0.100076800,0
'2026-08-22 08:23:32.966077200,0.100077200,1
'2026-08-22 08:23:32.966077400,0.100077400,0
'2026-08-22 08:23:32.966078400,0.100078400,1
'2026-08-22 08:23:32.966078600,0.100078600,0
'2026-08-22 08:23:32.966079000,0.100079000,1
'2026-08-22 08:23:32.966079100,0.100079100,0
'2026-08-22 08:23:32.966080600,0.100080600,1
'2026-08-22 08:23:32.966095400,0.100095400,0
'2026-08-22 08:23:32.966095900,0.100095900,1
'2026-08-22 08:23:32.966096000,0.100096000,0
'2026-08-22 08:23:32.966096500,0.100096500,1
'2026-08-22 08:23:32.966096600,0.100096600,0
'2026-08-22 08:23:32.966096700,0.100096700,1
'2026-08-22 08:23:32.966096800,0.100096800,0
'2026-08-22 08:23:32.966096900,0.100096900,1
'2026-08-22 08:23:32.966097300,0.100097300,0
'2026-08-22 08:23:32.966098300,0.100098300,1
'2026-08-22 08:23:32.966098400,0.100098400,0
'2026-08-22 08:23:32.966098800,0.100098800,1
'2026-08-22 08:23:32.966098900,0.100098900,0
'2026-08-22 08:23:32.966105900,0.100105900,1
'2026-08-22 08:23:32.966106000,0.100106000,0
'2026-08-22 08:23:32.966106300,0.100106300,1
'2026-08-22 08:23:32.966106600,0.100106600,0
'2026-08-22 08:23:32.966106700,0.100106700,1
'2026-08-22 08:23:32.966121200,0.100121200,0
'2026-08-22 08:23:32.966123400,0.100123400,1
'2026-08-22 08:23:32.966123500,0.100123500,0
'2026-08-22 08:23:32.966124000,0.100124000,1
'2026-08-22 08:23:32.966124100,0.100124100,0
'2026-08-22 08:23:32.966125100,0.100125100,1
'2026-08-22 08:23:32.966125200,0.100125200,0
'2026-08-22 08:23:32.966125500,0.100125500,1
'2026-08-22 08:23:32.966125600,0.100125600,0
'2026-08-22 08:23:32.966125700,0.100125700,1
'2026-08-22 08:23:32.966125800,0.100125800,0
'2026-08-22 08:23:32.966126000,0.100126000,1
'2026-08-22 08:23:32.966126200,0.100126200,0
'2026-08-22 08:23:32.966126300,0.100126300,1
'2026-08-22 08:23:32.966126400,0.100126400,0
'2026-08-22 08:23:32.966126600,0.100126600,1
'2026-08-22 08:23:32.966126700,0.100126700,0
'2026-08-22 08:23:32.966126900,0.100126900,1
'2026-08-22 08:23:32.966127000,0.100127000,0
'2026-08-22 08:23:32.966127500,0.100127500,1
'2026-08-22 08:23:32.966127600,0.100127600,0
'2026-08-22 08:23:32.966128000,0.100128000,1
'2026-08-22 08:23:32.966128300,0.100128300,0
'2026-08-22 08:23:32.966128700,0.100128700,1
'2026-08-22 08:23:32.966128800,0.100128800,0
'2026-08-22 08:23:32.966132700,0.100132700,1
'2026-08-22 08:23:32.966147600,0.100147600,0
'2026-08-22 08:23:32.966147900,0.100147900,1
'2026-08-22 08:23:32.966148000,0.100148000,0
'2026-08-22 08:23:32.966148400,0.100148400,1
'2026-08-22 08:23:32.966148700,0.100148700,0
'2026-08-22 08:23:32.966148800,0.100148800,1
'2026-08-22 08:23:32.966149000,0.100149000,0
'2026-08-22 08:23:32.966149100,0.100149100,1
'2026-08-22 08:23:32.966149200,0.100149200,0
'2026-08-22 08:23:32.966149700,0.100149700,1
'2026-08-22 08:23:32.966149800,0.100149800,0
'2026-08-22 08:23:32.966150900,0.100150900,1
'2026-08-22 08:23:32.966151000,0.100151000,0
'2026-08-22 08:23:32.966152000,0.100152000,1
'2026-08-22 08:23:32.966152100,0.100152100,0
'2026-08-22 08:23:32.966154300,0.100154300,1
'2026-08-22 08:23:32.966154500,0.100154500,0
'2026-08-22 08:23:32.966154900,0.100154900,1
'2026-08-22 08:23:32.966155000,0.100155000,0
'2026-08-22 08:23:32.966155500,0.100155500,1
'2026-08-22 08:23:32.966155600,0.100155600,0
'2026-08-22 08:23:32.966156100,0.100156100,1
'2026-08-22 08:23:32.966156400,0.100156400,0
'2026-08-22 08:23:32.966156500,0.100156500,1
'2026-08-22 08:23:32.966156600,0.100156600,0
'2026-08-22 08:23:32.966156700,0.100156700,1
'2026-08-22 08:23:32.966156800,0.100156800,0
'2026-08-22 08:23:32.966157300,0.100157300,1
'2026-08-22 08:23:32.966157400,0.100157400,0
'2026-08-22 08:23:32.966158400,0.100158400,1
'2026-08-22 08:23:32.966158500,0.100158500,0
'2026-08-22 08:23:32.966158800,0.100158800,1
'2026-08-22 08:23:32.966173300,0.100173300,0
'2026-08-22 08:23:32.966174200,0.100174200,1
'2026-08-22 08:23:32.966174300,0.100174300,0
'2026-08-22 08:23:32.966174800,0.100174800,1
'2026-08-22 08:23:32.966174900,0.100174900,0
'2026-08-22 08:23:32.966175900,0.100175900,1
'2026-08-22 08:23:32.966176200,0.100176200,0
'2026-08-22 08:23:32.966176400,0.100176400,1
'2026-08-22 08:23:32.966176700,0.100176700,0
'2026-08-22 08:23:32.966177100,0.100177100,1
'2026-08-22 08:23:32.966177200,0.100177200,0
'2026-08-22 08:23:32.966177700,0.100177700,1
'2026-08-22 08:23:32.966177800,0.100177800,0
'2026-08-22 08:23:32.966177900,0.100177900,1
'2026-08-22 08:23:32.966178000,0.100178000,0
'2026-08-22 08:23:32.966178200,0.100178200,1
'2026-08-22 08:23:32.966178400,0.100178400,0
'2026-08-22 08:23:32.966178900,0.100178900,1
'2026-08-22 08:23:32.966179000,0.100179000,0
'2026-08-22 08:23:32.966179300,0.100179300,1
'2026-08-22 08:23:32.966179400,0.100179400,0
'2026-08-22 08:23:32.966179500,0.100179500,1
'2026-08-22 08:23:32.966179600,0.100179600,0
'2026-08-22 08:23:32.966180100,0.100180100,1
'2026-08-22 08:23:32.966180200,0.100180200,0
'2026-08-22 08:23:32.966183000,0.100183000,1
'2026-08-22 08:23:32.966183100,0.100183100,0
'2026-08-22 08:23:32.966184100,0.100184100,1
'2026-08-22 08:23:32.966184200,0.100184200,0
'2026-08-22 08:23:32.966184700,0.100184700,1
'2026-08-22 08:23:32.966184800,0.100184800,0
'2026-08-22 08:23:32.966184900,0.100184900,1
'2026-08-22 08:23:32.966199600,0.100199600,0
'2026-08-22 08:23:32.966199700,0.100199700,1
'2026-08-22 08:23:32.966199800,0.100199800,0
'2026-08-22 08:23:32.966199900,0.100199900,1
'2026-08-22 08:23:32.966200000,0.100200000,0
'2026-08-22 08:23:32.966200500,0.100200500,1
'2026-08-22 08:23:32.966200600,0.100200600,0
'2026-08-22 08:23:32.966202100,0.100202100,1
'2026-08-22 08:23:32.966202200,0.100202200,0
'2026-08-22 08:23:32.966202300,0.100202300,1
'2026-08-22 08:23:32.966202400,0.100202400,0
'2026-08-22 08:23:32.966202600,0.100202600,1
'2026-08-22 08:23:32.966202700,0.100202700,0
'2026-08-22 08:23:32.966204600,0.100204600,1
'2026-08-22 08:23:32.966204700,0.100204700,0
'2026-08-22 08:23:32.966205700,0.100205700,1
'2026-08-22 08:23:32.966205900,0.100205900,0
'2026-08-22 08:23:32.966206300,0.100206300,1
'2026-08-22 08:23:32.966206400,0.100206400,0
'2026-08-22 08:23:32.966206900,0.100206900,1
'2026-08-22 08:23:32.966207000,0.100207000,0
'2026-08-22 08:23:32.966207500,0.100207500,1
'2026-08-22 08:23:32.966207600,0.100207600,0
'2026-08-22 08:23:32.966207700,0.100207700,1
'2026-08-22 08:23:32.966207800,0.100207800,0
'2026-08-22 08:23:32.966208100,0.100208100,1
'2026-08-22 08:23:32.966208200,0.100208200,0
'2026-08-22 08:23:32.966208500,0.100208500,1
'2026-08-22 08:23:32.966208800,0.100208800,0
'2026-08-22 08:23:32.966208900,0.100208900,1
'2026-08-22 08:23:32.966209400,0.100209400,0
'2026-08-22 08:23:32.966209700,0.100209700,1
'2026-08-22 08:23:32.966210200,0.100210200,0
'2026-08-22 08:23:32.966211000,0.100211000,1
'2026-08-22 08:23:32.966225700,0.100225700,0
'2026-08-22 08:23:32.966225900,0.100225900,1
'2026-08-22 08:23:32.966226200,0.100226200,0
'2026-08-22 08:23:32.966226500,0.100226500,1
'2026-08-22 08:23:32.966226600,0.100226600,0
'2026-08-22 08:23:32.966226800,0.100226800,1
'2026-08-22 08:23:32.966226900,0.100226900,0
'2026-08-22 08:23:32.966227200,0.100227200,1
'2026-08-22 08:23:32.966227300,0.100227300,0
'2026-08-22 08:23:32.966227400,0.100227400,1
'2026-08-22 08:23:32.966227600,0.100227600,0
'2026-08-22 08:23:32.966227900,0.100227900,1
'2026-08-22 08:23:32.966228100,0.100228100,0
'2026-08-22 08:23:32.966228200,0.100228200,1
'2026-08-22 08:23:32.966228800,0.100228800,0
'2026-08-22 08:23:32.966229000,0.100229000,1
'2026-08-22 08:23:32.966229300,0.100229300,0
'2026-08-22 08:23:32.966229600,0.100229600,1
'2026-08-22 08:23:32.966229800,0.100229800,0
'2026-08-22 08:23:32.966230900,0.100230900,1
'2026-08-22 08:23:32.966231000,0.100231000,0
'2026-08-22 08:23:32.966231500,0.100231500,1
'2026-08-22 08:23:32.966231600,0.100231600,0
'2026-08-22 08:23:32.966232000,0.100232000,1
'2026-08-22 08:23:32.966232100,0.100232100,0
'2026-08-22 08:23:32.966232600,0.100232600,1
'2026-08-22 08:23:32.966232700,0.100232700,0
'2026-08-22 08:23:32.966232900,0.100232900,1
'2026-08-22 08:23:32.966233000,0.100233000,0
'2026-08-22 08:23:32.966234900,0.100234900,1
'2026-08-22 08:23:32.966235000,0.100235000,0
'2026-08-22 08:23:32.966235500,0.100235500,1
'2026-08-22 08:23:32.966235600,0.100235600,0
'2026-08-22 08:23:32.966235900,0.100235900,1
'2026-08-22 08:23:32.966236300,0.100236300,0
'2026-08-22 08:23:32.966236700,0.100236700,1
'2026-08-22 08:23:32.966236800,0.100236800,0
'2026-08-22 08:23:32.966237000,0.100237000,1
'2026-08-22 08:23:32.966668400,0.100668400,0
'2026-08-22 08:23:32.966670600,0.100670600,1
'2026-08-22 08:23:32.966670700,0.100670700,0
'2026-08-22 08:23:32.966678100,0.100678100,1
'2026-08-22 08:23:32.966678200,0.100678200,0
'2026-08-22 08:23:32.966680200,0.100680200,1
'2026-08-22 08:23:32.966694400,0.100694400,0
'2026-08-22 08:23:32.966706200,0.100706200,1
'2026-08-22 08:23:32.966720600,0.100720600,0
'2026-08-22 08:23:32.966720700,0.100720700,1
'2026-08-22 08:23:32.966720800,0.100720800,0
'2026-08-22 08:23:32.966731300,0.100731300,1
'2026-08-22 08:23:32.966731400,0.100731400,0
'2026-08-22 08:23:32.966732300,0.100732300,1
'2026-08-22 08:23:32.966746700,0.100746700,0
'2026-08-22 08:23:32.966753500,0.100753500,1
'2026-08-22 08:23:32.966753600,0.100753600,0
'2026-08-22 08:23:32.966757600,0.100757600,1
'2026-08-22 08:23:32.966757700,0.100757700,0
'2026-08-22 08:23:32.966758400,0.100758400,1
'2026-08-22 08:23:32.966772600,0.100772600,0
'2026-08-22 08:23:32.966772700,0.100772700,1
'2026-08-22 08:23:32.966772900,0.100772900,0
'2026-08-22 08:23:32.966773900,0.100773900,1
'2026-08-22 08:23:32.966774000,0.100774000,0
'2026-08-22 08:23:32.966784500,0.100784500,1
'2026-08-22 08:23:32.966798800,0.100798800,0
'2026-08-22 08:23:32.966800700,0.100800700,1
'2026-08-22 08:23:32.966800800,0.100800800,0
'2026-08-22 08:23:32.966801300,0.100801300,1
'2026-08-22 08:23:32.966801400,0.100801400,0
'2026-08-22 08:23:32.966802100,0.100802100,1
'2026-08-22 08:23:32.966802200,0.100802200,0
'2026-08-22 08:23:32.966803700,0.100803700,1
'2026-08-22 08:23:32.966803800,0.100803800,0
'2026-08-22 08:23:32.966805500,0.100805500,1
'2026-08-22 08:23:32.966805600,0.100805600,0
'2026-08-22 08:23:32.966806000,0.100806000,1
'2026-08-22 08:23:32.966806200,0.100806200,0
'2026-08-22 08:23:32.966806600,0.100806600,1
'2026-08-22 08:23:32.966806700,0.100806700,0
'2026-08-22 08:23:32.966807100,0.100807100,1
'2026-08-22 08:23:32.966807300,0.100807300,0
'2026-08-22 08:23:32.966807500,0.100807500,1
'2026-08-22 08:23:32.966807600,0.100807600,0
'2026-08-22 08:23:32.966810500,0.100810500,1
'2026-08-22 08:23:32.966825000,0.100825000,0
'2026-08-22 08:23:32.966825300,0.100825300,1
'2026-08-22 08:23:32.966825400,0.100825400,0
'2026-08-22 08:23:32.966830100,0.100830100,1
'2026-08-22 08:23:32.966830200,0.100830200,0
'2026-08-22 08:23:32.966831600,0.100831600,1
'2026-08-22 08:23:32.966831700,0.100831700,0
'2026-08-22 08:23:32.966832900,0.100832900,1
'2026-08-22 08:23:32.966833000,0.100833000,0
'2026-08-22 08:23:32.966836600,0.100836600,1
'2026-08-22 08:23:32.966851200,0.100851200,0
'2026-08-22 08:23:32.966851600,0.100851600,1
'2026-08-22 08:23:32.966851700,0.100851700,0
'2026-08-22 08:23:32.966852000,0.100852000,1
'2026-08-22 08:23:32.966852100,0.100852100,0
'2026-08-22 08:23:32.966853300,0.100853300,1
'2026-08-22 08:23:32.966853400,0.100853400,0
'2026-08-22 08:23:32.966853900,0.100853900,1
'2026-08-22 08:23:32.966854000,0.100854000,0
'2026-08-22 08:23:32.966857100,0.100857100,1
'2026-08-22 08:23:32.966857200,0.100857200,0
'2026-08-22 08:23:32.966862100,0.100862100,1
'2026-08-22 08:23:32.966862200,0.100862200,0
'2026-08-22 08:23:32.966862700,0.100862700,1
'2026-08-22 08:23:32.966877400,0.100877400,0
'2026-08-22 08:23:32.966877900,0.100877900,1
'2026-08-22 08:23:32.966878100,0.100878100,0
'2026-08-22 08:23:32.966878500,0.100878500,1
'2026-08-22 08:23:32.966878600,0.100878600,0
'2026-08-22 08:23:32.966880200,0.100880200,1
'2026-08-22 08:23:32.966880300,0.100880300,0
'2026-08-22 08:23:32.966880800,0.100880800,1
'2026-08-22 08:23:32.966880900,0.100880900,0
'2026-08-22 08:23:32.966881400,0.100881400,1
'2026-08-22 08:23:32.966881500,0.100881500,0
'2026-08-22 08:23:32.966883700,0.100883700,1
'2026-08-22 08:23:32.966883800,0.100883800,0
'2026-08-22 08:23:32.966884900,0.100884900,1
'2026-08-22 08:23:32.966885000,0.100885000,0
'2026-08-22 08:23:32.966888400,0.100888400,1
'2026-08-22 08:23:32.966888500,0.100888500,0
'2026-08-22 08:23:32.966888800,0.100888800,1
'2026-08-22 08:23:32.966903100,0.100903100,0
'2026-08-22 08:23:32.966905300,0.100905300,1
'2026-08-22 08:23:32.966905400,0.100905400,0
'2026-08-22 08:23:32.966907700,0.100907700,1
'2026-08-22 08:23:32.966907800,0.100907800,0
'2026-08-22 08:23:32.966908800,0.100908800,1
'2026-08-22 08:23:32.966908900,0.100908900,0
'2026-08-22 08:23:32.966909900,0.100909900,1
'2026-08-22 08:23:32.966910000,0.100910000,0
'2026-08-22 08:23:32.966911200,0.100911200,1
'2026-08-22 08:23:32.966911300,0.100911300,0
'2026-08-22 08:23:32.966911800,0.100911800,1
'2026-08-22 08:23:32.966911900,0.100911900,0
'2026-08-22 08:23:32.966912400,0.100912400,1
'2026-08-22 08:23:32.966912500,0.100912500,0
'2026-08-22 08:23:32.966914100,0.100914100,1
'2026-08-22 08:23:32.966914200,0.100914200,0
'2026-08-22 08:23:32.966914800,0.100914800,1
'2026-08-22 08:23:32.966929200,0.100929200,0
'2026-08-22 08:23:32.966929300,0.100929300,1
'2026-08-22 08:23:32.966929400,0.100929400,0
'2026-08-22 08:23:32.966930500,0.100930500,1
'2026-08-22 08:23:32.966930600,0.100930600,0
'2026-08-22 08:23:32.966931100,0.100931100,1
'2026-08-22 08:23:32.966931200,0.100931200,0
'2026-08-22 08:23:32.966931500,0.100931500,1
'2026-08-22 08:23:32.966932000,0.100932000,0
'2026-08-22 08:23:32.966932200,0.100932200,1
'2026-08-22 08:23:32.966932400,0.100932400,0
'2026-08-22 08:23:32.966934600,0.100934600,1
'2026-08-22 08:23:32.966934700,0.100934700,0
'2026-08-22 08:23:32.966936900,0.100936900,1
'2026-08-22 08:23:32.966937000,0.100937000,0
'2026-08-22 08:23:32.966937500,0.100937500,1
'2026-08-22 08:23:32.966937600,0.100937600,0
'2026-08-22 08:23:32.966937700,0.100937700,1
'2026-08-22 08:23:32.966937800,0.100937800,0
'2026-08-22 08:23:32.966939300,0.100939300,1
'2026-08-22 08:23:32.966939400,0.100939400,0
'2026-08-22 08:23:32.966939800,0.100939800,1
'2026-08-22 08:23:32.966940000,0.100940000,0
'2026-08-22 08:23:32.966940900,0.100940900,1
'2026-08-22 08:23:32.966955400,0.100955400,0
'2026-08-22 08:23:32.966957300,0.100957300,1
'2026-08-22 08:23:32.966957500,0.100957500,0
'2026-08-22 08:23:32.966958400,0.100958400,1
'2026-08-22 08:23:32.966958600,0.100958600,0
'2026-08-22 08:23:32.966959100,0.100959100,1
'2026-08-22 08:23:32.966959200,0.100959200,0
'2026-08-22 08:23:32.966959700,0.100959700,1
'2026-08-22 08:23:32.966959800,0.100959800,0
'2026-08-22 08:23:32.966960200,0.100960200,1
'2026-08-22 08:23:32.966960400,0.100960400,0
'2026-08-22 08:23:32.966960700,0.100960700,1
'2026-08-22 08:23:32.966960900,0.100960900,0
'2026-08-22 08:23:32.966961500,0.100961500,1
'2026-08-22 08:23:32.966961700,0.100961700,0
'2026-08-22 08:23:32.966962000,0.100962000,1
'2026-08-22 08:23:32.966962100,0.100962100,0
'2026-08-22 08:23:32.966967000,0.100967000,1
'2026-08-22 08:23:32.966981600,0.100981600,0
'2026-08-22 08:23:32.966981900,0.100981900,1
'2026-08-22 08:23:32.966982000,0.100982000,0
'2026-08-22 08:23:32.966982500,0.100982500,1
'2026-08-22 08:23:32.966982600,0.100982600,0
'2026-08-22 08:23:32.966983000,0.100983000,1
'2026-08-22 08:23:32.966983200,0.100983200,0
'2026-08-22 08:23:32.966983600,0.100983600,1
'2026-08-22 08:23:32.966983800,0.100983800,0
'2026-08-22 08:23:32.966984200,0.100984200,1
'2026-08-22 08:23:32.966984400,0.100984400,0
'2026-08-22 08:23:32.966985400,0.100985400,1
'2026-08-22 08:23:32.966985600,0.100985600,0
'2026-08-22 08:23:32.966987900,0.100987900,1
'2026-08-22 08:23:32.966988000,0.100988000,0
'2026-08-22 08:23:32.966988300,0.100988300,1
'2026-08-22 08:23:32.966988500,0.100988500,0
'2026-08-22 08:23:32.966988900,0.100988900,1
'2026-08-22 08:23:32.966989000,0.100989000,0
'2026-08-22 08:23:32.966989500,0.100989500,1
'2026-08-22 08:23:32.966989600,0.100989600,0
'2026-08-22 08:23:32.966990700,0.100990700,1
'2026-08-22 08:23:32.966990900,0.100990900,0
'2026-08-22 08:23:32.966991200,0.100991200,1
'2026-08-22 08:23:32.966991400,0.100991400,0
'2026-08-22 08:23:32.966991800,0.100991800,1
'2026-08-22 08:23:32.966991900,0.100991900,0
'2026-08-22 08:23:32.966992700,0.100992700,1
'2026-08-22 08:23:32.967007400,0.101007400,0
'2026-08-22 08:23:32.967007500,0.101007500,1
'2026-08-22 08:23:32.967007800,0.101007800,0
'2026-08-22 08:23:32.967008000,0.101008000,1
'2026-08-22 08:23:32.967008300,0.101008300,0
'2026-08-22 08:23:32.967008500,0.101008500,1
'2026-08-22 08:23:32.967008600,0.101008600,0
'2026-08-22 08:23:32.967009000,0.101009000,1
'2026-08-22 08:23:32.967009100,0.101009100,0
'2026-08-22 08:23:32.967009400,0.101009400,1
'2026-08-22 08:23:32.967009600,0.101009600,0
'2026-08-22 08:23:32.967009900,0.101009900,1
'2026-08-22 08:23:32.967010000,0.101010000,0
'2026-08-22 08:23:32.967010500,0.101010500,1
'2026-08-22 08:23:32.967010600,0.101010600,0
'2026-08-22 08:23:32.967010900,0.101010900,1
'2026-08-22 08:23:32.967011000,0.101011000,0
'2026-08-22 08:23:32.967011200,0.101011200,1
'2026-08-22 08:23:32.967011300,0.101011300,0
'2026-08-22 08:23:32.967011700,0.101011700,1
'2026-08-22 08:23:32.967011800,0.101011800,0
'2026-08-22 08:23:32.967012300,0.101012300,1
'2026-08-22 08:23:32.967012400,0.101012400,0
'2026-08-22 08:23:32.967012900,0.101012900,1
'2026-08-22 08:23:32.967013000,0.101013000,0
'2026-08-22 08:23:32.967013400,0.101013400,1
'2026-08-22 08:23:32.967013500,0.101013500,0
'2026-08-22 08:23:32.967014000,0.101014000,1
'2026-08-22 08:23:32.967014100,0.101014100,0
'2026-08-22 08:23:32.967015800,0.101015800,1
'2026-08-22 08:23:32.967015900,0.101015900,0
'2026-08-22 08:23:32.967016300,0.101016300,1
'2026-08-22 08:23:32.967016500,0.101016500,0
'2026-08-22 08:23:32.967018700,0.101018700,1
'2026-08-22 08:23:32.967018800,0.101018800,0
'2026-08-22 08:23:32.967019100,0.101019100,1
'2026-08-22 08:23:32.967034000,0.101034000,0
'2026-08-22 08:23:32.967034500,0.101034500,1
'2026-08-22 08:23:32.967034600,0.101034600,0
'2026-08-22 08:23:32.967035300,0.101035300,1
'2026-08-22 08:23:32.967035400,0.101035400,0
'2026-08-22 08:23:32.967035700,0.101035700,1
'2026-08-22 08:23:32.967035800,0.101035800,0
'2026-08-22 08:23:32.967036100,0.101036100,1
'2026-08-22 08:23:32.967036400,0.101036400,0
'2026-08-22 08:23:32.967037400,0.101037400,1
'2026-08-22 08:23:32.967037500,0.101037500,0
'2026-08-22 08:23:32.967037900,0.101037900,1
'2026-08-22 08:23:32.967038000,0.101038000,0
'2026-08-22 08:23:32.967038500,0.101038500,1
'2026-08-22 08:23:32.967038600,0.101038600,0
'2026-08-22 08:23:32.967039100,0.101039100,1
'2026-08-22 08:23:32.967039200,0.101039200,0
'2026-08-22 08:23:32.967039300,0.101039300,1
'2026-08-22 08:23:32.967039400,0.101039400,0
'2026-08-22 08:23:32.967039500,0.101039500,1
'2026-08-22 08:23:32.967039600,0.101039600,0
'2026-08-22 08:23:32.967039700,0.101039700,1
'2026-08-22 08:23:32.967039800,0.101039800,0
'2026-08-22 08:23:32.967040700,0.101040700,1
'2026-08-22 08:23:32.967040800,0.101040800,0
'2026-08-22 08:23:32.967041400,0.101041400,1
'2026-08-22 08:23:32.967041600,0.101041600,0
'2026-08-22 08:23:32.967042000,0.101042000,1
'2026-08-22 08:23:32.967042200,0.101042200,0
'2026-08-22 08:23:32.967042600,0.101042600,1
'2026-08-22 08:23:32.967042700,0.101042700,0
'2026-08-22 08:23:32.967043100,0.101043100,1
'2026-08-22 08:23:32.967043200,0.101043200,0
'2026-08-22 08:23:32.967043500,0.101043500,1
'2026-08-22 08:23:32.967043600,0.101043600,0
'2026-08-22 08:23:32.967043700,0.101043700,1
'2026-08-22 08:23:32.967044000,0.101044000,0
'2026-08-22 08:23:32.967044900,0.101044900,1
'2026-08-22 08:23:32.967045100,0.101045100,0
'2026-08-22 08:23:32.967045200,0.101045200,1
'2026-08-22 08:23:32.967059900,0.101059900,0
'2026-08-22 08:23:32.967060100,0.101060100,1
'2026-08-22 08:23:32.967060400,0.101060400,0
'2026-08-22 08:23:32.967060700,0.101060700,1
'2026-08-22 08:23:32.967060800,0.101060800,0
'2026-08-22 08:23:32.967061100,0.101061100,1
'2026-08-22 08:23:32.967061200,0.101061200,0
'2026-08-22 08:23:32.967061300,0.101061300,1
'2026-08-22 08:23:32.967061400,0.101061400,0
'2026-08-22 08:23:32.967061900,0.101061900,1
'2026-08-22 08:23:32.967062000,0.101062000,0
'2026-08-22 08:23:32.967062100,0.101062100,1
'2026-08-22 08:23:32.967062200,0.101062200,0
'2026-08-22 08:23:32.967062400,0.101062400,1
'2026-08-22 08:23:32.967062700,0.101062700,0
'2026-08-22 08:23:32.967063000,0.101063000,1
'2026-08-22 08:23:32.967063300,0.101063300,0
'2026-08-22 08:23:32.967063400,0.101063400,1
'2026-08-22 08:23:32.967063700,0.101063700,0
'2026-08-22 08:23:32.967063800,0.101063800,1
'2026-08-22 08:23:32.967064000,0.101064000,0
'2026-08-22 08:23:32.967065400,0.101065400,1
'2026-08-22 08:23:32.967479100,0.101479100,0
'2026-08-22 08:23:32.967484700,0.101484700,1
'2026-08-22 08:23:32.967484800,0.101484800,0
'2026-08-22 08:23:32.967488300,0.101488300,1
'2026-08-22 08:23:32.967502600,0.101502600,0
'2026-08-22 08:23:32.967502800,0.101502800,1
'2026-08-22 08:23:32.967502900,0.101502900,0
'2026-08-22 08:23:32.967505200,0.101505200,1
'2026-08-22 08:23:32.967505300,0.101505300,0
'2026-08-22 08:23:32.967511700,0.101511700,1
'2026-08-22 08:23:32.967511800,0.101511800,0
'2026-08-22 08:23:32.967514400,0.101514400,1
'2026-08-22 08:23:32.967528700,0.101528700,0
'2026-08-22 08:23:32.967540500,0.101540500,1
'2026-08-22 08:23:32.967554900,0.101554900,0
'2026-08-22 08:23:32.967559500,0.101559500,1
'2026-08-22 08:23:32.967559600,0.101559600,0
'2026-08-22 08:23:32.967561300,0.101561300,1
'2026-08-22 08:23:32.967561400,0.101561400,0
'2026-08-22 08:23:32.967566600,0.101566600,1
'2026-08-22 08:23:32.967581000,0.101581000,0
'2026-08-22 08:23:32.967581700,0.101581700,1
'2026-08-22 08:23:32.967581800,0.101581800,0
'2026-08-22 08:23:32.967586900,0.101586900,1
'2026-08-22 08:23:32.967587000,0.101587000,0
'2026-08-22 08:23:32.967592600,0.101592600,1
'2026-08-22 08:23:32.967607000,0.101607000,0
'2026-08-22 08:23:32.967609500,0.101609500,1
'2026-08-22 08:23:32.967609600,0.101609600,0
'2026-08-22 08:23:32.967614400,0.101614400,1
'2026-08-22 08:23:32.967614500,0.101614500,0
'2026-08-22 08:23:32.967618700,0.101618700,1
'2026-08-22 08:23:32.967633200,0.101633200,0
'2026-08-22 08:23:32.967635500,0.101635500,1
'2026-08-22 08:23:32.967635600,0.101635600,0
'2026-08-22 08:23:32.967636600,0.101636600,1
'2026-08-22 08:23:32.967636700,0.101636700,0
'2026-08-22 08:23:32.967644800,0.101644800,1
'2026-08-22 08:23:32.967659200,0.101659200,0
'2026-08-22 08:23:32.967662300,0.101662300,1
'2026-08-22 08:23:32.967662400,0.101662400,0
'2026-08-22 08:23:32.967664700,0.101664700,1
'2026-08-22 08:23:32.967664800,0.101664800,0
'2026-08-22 08:23:32.967667600,0.101667600,1
'2026-08-22 08:23:32.967667700,0.101667700,0
'2026-08-22 08:23:32.967668100,0.101668100,1
'2026-08-22 08:23:32.967668200,0.101668200,0
'2026-08-22 08:23:32.967670900,0.101670900,1
'2026-08-22 08:23:32.967685400,0.101685400,0
'2026-08-22 08:23:32.967685700,0.101685700,1
'2026-08-22 08:23:32.967685800,0.101685800,0
'2026-08-22 08:23:32.967687900,0.101687900,1
'2026-08-22 08:23:32.967688100,0.101688100,0
'2026-08-22 08:23:32.967688600,0.101688600,1
'2026-08-22 08:23:32.967688700,0.101688700,0
'2026-08-22 08:23:32.967691500,0.101691500,1
'2026-08-22 08:23:32.967691600,0.101691600,0
'2026-08-22 08:23:32.967692100,0.101692100,1
'2026-08-22 08:23:32.967692200,0.101692200,0
'2026-08-22 08:23:32.967694400,0.101694400,1
'2026-08-22 08:23:32.967694500,0.101694500,0
'2026-08-22 08:23:32.967695600,0.101695600,1
'2026-08-22 08:23:32.967695700,0.101695700,0
'2026-08-22 08:23:32.967696900,0.101696900,1
'2026-08-22 08:23:32.967711500,0.101711500,0
'2026-08-22 08:23:32.967712000,0.101712000,1
'2026-08-22 08:23:32.967712100,0.101712100,0
'2026-08-22 08:23:32.967712500,0.101712500,1
'2026-08-22 08:23:32.967712600,0.101712600,0
'2026-08-22 08:23:32.967713700,0.101713700,1
'2026-08-22 08:23:32.967713800,0.101713800,0
'2026-08-22 08:23:32.967714300,0.101714300,1
'2026-08-22 08:23:32.967714400,0.101714400,0
'2026-08-22 08:23:32.967714900,0.101714900,1
'2026-08-22 08:23:32.967715000,0.101715000,0
'2026-08-22 08:23:32.967717100,0.101717100,1
'2026-08-22 08:23:32.967717200,0.101717200,0
'2026-08-22 08:23:32.967718400,0.101718400,1
'2026-08-22 08:23:32.967718600,0.101718600,0
'2026-08-22 08:23:32.967723000,0.101723000,1
'2026-08-22 08:23:32.967737800,0.101737800,0
'2026-08-22 08:23:32.967738100,0.101738100,1
'2026-08-22 08:23:32.967738200,0.101738200,0
'2026-08-22 08:23:32.967738300,0.101738300,1
'2026-08-22 08:23:32.967738400,0.101738400,0
'2026-08-22 08:23:32.967738500,0.101738500,1
'2026-08-22 08:23:32.967738600,0.101738600,0
'2026-08-22 08:23:32.967738900,0.101738900,1
'2026-08-22 08:23:32.967739000,0.101739000,0
'2026-08-22 08:23:32.967740600,0.101740600,1
'2026-08-22 08:23:32.967740700,0.101740700,0
'2026-08-22 08:23:32.967741700,0.101741700,1
'2026-08-22 08:23:32.967741800,0.101741800,0
'2026-08-22 08:23:32.967744100,0.101744100,1
'2026-08-22 08:23:32.967744200,0.101744200,0
'2026-08-22 08:23:32.967745300,0.101745300,1
'2026-08-22 08:23:32.967745400,0.101745400,0
'2026-08-22 08:23:32.967745700,0.101745700,1
'2026-08-22 08:23:32.967745800,0.101745800,0
'2026-08-22 08:23:32.967745900,0.101745900,1
'2026-08-22 08:23:32.967746000,0.101746000,0
'2026-08-22 08:23:32.967746200,0.101746200,1
'2026-08-22 08:23:32.967746300,0.101746300,0
'2026-08-22 08:23:32.967748200,0.101748200,1
'2026-08-22 08:23:32.967748300,0.101748300,0
'2026-08-22 08:23:32.967749100,0.101749100,1
'2026-08-22 08:23:32.967763500,0.101763500,0
'2026-08-22 08:23:32.967764600,0.101764600,1
'2026-08-22 08:23:32.967764700,0.101764700,0
'2026-08-22 08:23:32.967765100,0.101765100,1
'2026-08-22 08:23:32.967765200,0.101765200,0
'2026-08-22 08:23:32.967765700,0.101765700,1
'2026-08-22 08:23:32.967765800,0.101765800,0
'2026-08-22 08:23:32.967766900,0.101766900,1
'2026-08-22 08:23:32.967767000,0.101767000,0
'2026-08-22 08:23:32.967767500,0.101767500,1
'2026-08-22 08:23:32.967767700,0.101767700,0
'2026-08-22 08:23:32.967767900,0.101767900,1
'2026-08-22 08:23:32.967768000,0.101768000,0
'2026-08-22 08:23:32.967768100,0.101768100,1
'2026-08-22 08:23:32.967768200,0.101768200,0
'2026-08-22 08:23:32.967768600,0.101768600,1
'2026-08-22 08:23:32.967768800,0.101768800,0
'2026-08-22 08:23:32.967768900,0.101768900,1
'2026-08-22 08:23:32.967769000,0.101769000,0
'2026-08-22 08:23:32.967769100,0.101769100,1
'2026-08-22 08:23:32.967769200,0.101769200,0
'2026-08-22 08:23:32.967771000,0.101771000,1
'2026-08-22 08:23:32.967771200,0.101771200,0
'2026-08-22 08:23:32.967772100,0.101772100,1
'2026-08-22 08:23:32.967772300,0.101772300,0
'2026-08-22 08:23:32.967773300,0.101773300,1
'2026-08-22 08:23:32.967773400,0.101773400,0
'2026-08-22 08:23:32.967774500,0.101774500,1
'2026-08-22 08:23:32.967774600,0.101774600,0
'2026-08-22 08:23:32.967775000,0.101775000,1
'2026-08-22 08:23:32.967789900,0.101789900,0
'2026-08-22 08:23:32.967790100,0.101790100,1
'2026-08-22 08:23:32.967790400,0.101790400,0
'2026-08-22 08:23:32.967790800,0.101790800,1
'2026-08-22 08:23:32.967790900,0.101790900,0
'2026-08-22 08:23:32.967792000,0.101792000,1
'2026-08-22 08:23:32.967792300,0.101792300,0
'2026-08-22 08:23:32.967795200,0.101795200,1
'2026-08-22 08:23:32.967795300,0.101795300,0
'2026-08-22 08:23:32.967795500,0.101795500,1
'2026-08-22 08:23:32.967795600,0.101795600,0
'2026-08-22 08:23:32.967796100,0.101796100,1
'2026-08-22 08:23:32.967796200,0.101796200,0
'2026-08-22 08:23:32.967796700,0.101796700,1
'2026-08-22 08:23:32.967796800,0.101796800,0
'2026-08-22 08:23:32.967797300,0.101797300,1
'2026-08-22 08:23:32.967797400,0.101797400,0
'2026-08-22 08:23:32.967797600,0.101797600,1
'2026-08-22 08:23:32.967797700,0.101797700,0
'2026-08-22 08:23:32.967797800,0.101797800,1
'2026-08-22 08:23:32.967798000,0.101798000,0
'2026-08-22 08:23:32.967799700,0.101799700,1
'2026-08-22 08:23:32.967799800,0.101799800,0
'2026-08-22 08:23:32.967800700,0.101800700,1
'2026-08-22 08:23:32.967800800,0.101800800,0
'2026-08-22 08:23:32.967801200,0.101801200,1
'2026-08-22 08:23:32.967816000,0.101816000,0
'2026-08-22 08:23:32.967817100,0.101817100,1
'2026-08-22 08:23:32.967817300,0.101817300,0
'2026-08-22 08:23:32.967818300,0.101818300,1
'2026-08-22 08:23:32.967818400,0.101818400,0
'2026-08-22 08:23:32.967819300,0.101819300,1
'2026-08-22 08:23:32.967819400,0.101819400,0
'2026-08-22 08:23:32.967820600,0.101820600,1
'2026-08-22 08:23:32.967820700,0.101820700,0
'2026-08-22 08:23:32.967821200,0.101821200,1
'2026-08-22 08:23:32.967821300,0.101821300,0
'2026-08-22 08:23:32.967822300,0.101822300,1
'2026-08-22 08:23:32.967822400,0.101822400,0
'2026-08-22 08:23:32.967822500,0.101822500,1
'2026-08-22 08:23:32.967822600,0.101822600,0
'2026-08-22 08:23:32.967822900,0.101822900,1
'2026-08-22 08:23:32.967823000,0.101823000,0
'2026-08-22 08:23:32.967823500,0.101823500,1
'2026-08-22 08:23:32.967823600,0.101823600,0
'2026-08-22 08:23:32.967825500,0.101825500,1
'2026-08-22 08:23:32.967825600,0.101825600,0
'2026-08-22 08:23:32.967825800,0.101825800,1
'2026-08-22 08:23:32.967826000,0.101826000,0
'2026-08-22 08:23:32.967826300,0.101826300,1
'2026-08-22 08:23:32.967826500,0.101826500,0
'2026-08-22 08:23:32.967827300,0.101827300,1
'2026-08-22 08:23:32.967841800,0.101841800,0
'2026-08-22 08:23:32.967842800,0.101842800,1
'2026-08-22 08:23:32.967842900,0.101842900,0
'2026-08-22 08:23:32.967843900,0.101843900,1
'2026-08-22 08:23:32.967844100,0.101844100,0
'2026-08-22 08:23:32.967845100,0.101845100,1
'2026-08-22 08:23:32.967845200,0.101845200,0
'2026-08-22 08:23:32.967845700,0.101845700,1
'2026-08-22 08:23:32.967845800,0.101845800,0
'2026-08-22 08:23:32.967845900,0.101845900,1
'2026-08-22 08:23:32.967846000,0.101846000,0
'2026-08-22 08:23:32.967846300,0.101846300,1
'2026-08-22 08:23:32.967846600,0.101846600,0
'2026-08-22 08:23:32.967846900,0.101846900,1
'2026-08-22 08:23:32.967847000,0.101847000,0
'2026-08-22 08:23:32.967847500,0.101847500,1
'2026-08-22 08:23:32.967847600,0.101847600,0
'2026-08-22 08:23:32.967848000,0.101848000,1
'2026-08-22 08:23:32.967848200,0.101848200,0
'2026-08-22 08:23:32.967848600,0.101848600,1
'2026-08-22 08:23:32.967848700,0.101848700,0
'2026-08-22 08:23:32.967849200,0.101849200,1
'2026-08-22 08:23:32.967849300,0.101849300,0
'2026-08-22 08:23:32.967849900,0.101849900,1
'2026-08-22 08:23:32.967850000,0.101850000,0
'2026-08-22 08:23:32.967850400,0.101850400,1
'2026-08-22 08:23:32.967850500,0.101850500,0
'2026-08-22 08:23:32.967851500,0.101851500,1
'2026-08-22 08:23:32.967851600,0.101851600,0
'2026-08-22 08:23:32.967853300,0.101853300,1
'2026-08-22 08:23:32.967868200,0.101868200,0
'2026-08-22 08:23:32.967868500,0.101868500,1
'2026-08-22 08:23:32.967868800,0.101868800,0
'2026-08-22 08:23:32.967869000,0.101869000,1
'2026-08-22 08:23:32.967869300,0.101869300,0
'2026-08-22 08:23:32.967870200,0.101870200,1
'2026-08-22 08:23:32.967870300,0.101870300,0
'2026-08-22 08:23:32.967870800,0.101870800,1
'2026-08-22 08:23:32.967871000,0.101871000,0
'2026-08-22 08:23:32.967871400,0.101871400,1
'2026-08-22 08:23:32.967871600,0.101871600,0
'2026-08-22 08:23:32.967871900,0.101871900,1
'2026-08-22 08:23:32.967872000,0.101872000,0
'2026-08-22 08:23:32.967872600,0.101872600,1
'2026-08-22 08:23:32.967872700,0.101872700,0
'2026-08-22 08:23:32.967875500,0.101875500,1
'2026-08-22 08:23:32.967875600,0.101875600,0
'2026-08-22 08:23:32.967876300,0.101876300,1
'2026-08-22 08:23:32.967876400,0.101876400,0
'2026-08-22 08:23:32.967876600,0.101876600,1
'2026-08-22 08:23:32.967876800,0.101876800,0
'2026-08-22 08:23:32.967877200,0.101877200,1
'2026-08-22 08:23:32.967877400,0.101877400,0
'2026-08-22 08:23:32.967877500,0.101877500,1
'2026-08-22 08:23:32.967877600,0.101877600,0
'2026-08-22 08:23:32.967877800,0.101877800,1
'2026-08-22 08:23:32.967877900,0.101877900,0
'2026-08-22 08:23:32.967878000,0.101878000,1
'2026-08-22 08:23:32.967878100,0.101878100,0
'2026-08-22 08:23:32.967879000,0.101879000,1
'2026-08-22 08:23:32.967879200,0.101879200,0
'2026-08-22 08:23:32.967879300,0.101879300,1
'2026-08-22 08:23:32.968310800,0.102310800,0
'2026-08-22 08:23:32.968322600,0.102322600,1
'2026-08-22 08:23:32.968337000,0.102337000,0
'2026-08-22 08:23:32.968348700,0.102348700,1
'2026-08-22 08:23:32.968363000,0.102363000,0
'2026-08-22 08:23:32.968364900,0.102364900,1
'2026-08-22 08:23:32.968365000,0.102365000,0
'2026-08-22 08:23:32.968370400,0.102370400,1
'2026-08-22 08:23:32.968370500,0.102370500,0
'2026-08-22 08:23:32.968374700,0.102374700,1
'2026-08-22 08:23:32.968389100,0.102389100,0
'2026-08-22 08:23:32.968391100,0.102391100,1
'2026-08-22 08:23:32.968391200,0.102391200,0
'2026-08-22 08:23:32.968400700,0.102400700,1
'2026-08-22 08:23:32.968415200,0.102415200,0
'2026-08-22 08:23:32.968420900,0.102420900,1
'2026-08-22 08:23:32.968421000,0.102421000,0
'2026-08-22 08:23:32.968421500,0.102421500,1
'2026-08-22 08:23:32.968421600,0.102421600,0
'2026-08-22 08:23:32.968422000,0.102422000,1
'2026-08-22 08:23:32.968422100,0.102422100,0
'2026-08-22 08:23:32.968423900,0.102423900,1
'2026-08-22 08:23:32.968424000,0.102424000,0
'2026-08-22 08:23:32.968426900,0.102426900,1
'2026-08-22 08:23:32.968441200,0.102441200,0
'2026-08-22 08:23:32.968441300,0.102441300,1
'2026-08-22 08:23:32.968441400,0.102441400,0
'2026-08-22 08:23:32.968442000,0.102442000,1
'2026-08-22 08:23:32.968442100,0.102442100,0
'2026-08-22 08:23:32.968442600,0.102442600,1
'2026-08-22 08:23:32.968442700,0.102442700,0
'2026-08-22 08:23:32.968443100,0.102443100,1
'2026-08-22 08:23:32.968443200,0.102443200,0
'2026-08-22 08:23:32.968453000,0.102453000,1
'2026-08-22 08:23:32.968467400,0.102467400,0
'2026-08-22 08:23:32.968467600,0.102467600,1
'2026-08-22 08:23:32.968467800,0.102467800,0
'2026-08-22 08:23:32.968471200,0.102471200,1
'2026-08-22 08:23:32.968471300,0.102471300,0
'2026-08-22 08:23:32.968479000,0.102479000,1
'2026-08-22 08:23:32.968493600,0.102493600,0
'2026-08-22 08:23:32.968493700,0.102493700,1
'2026-08-22 08:23:32.968493800,0.102493800,0
'2026-08-22 08:23:32.968493900,0.102493900,1
'2026-08-22 08:23:32.968494100,0.102494100,0
'2026-08-22 08:23:32.968494500,0.102494500,1
'2026-08-22 08:23:32.968494600,0.102494600,0
'2026-08-22 08:23:32.968496900,0.102496900,1
'2026-08-22 08:23:32.968497000,0.102497000,0
'2026-08-22 08:23:32.968498600,0.102498600,1
'2026-08-22 08:23:32.968498700,0.102498700,0
'2026-08-22 08:23:32.968499800,0.102499800,1
'2026-08-22 08:23:32.968499900,0.102499900,0
'2026-08-22 08:23:32.968500300,0.102500300,1
'2026-08-22 08:23:32.968500400,0.102500400,0
'2026-08-22 08:23:32.968502100,0.102502100,1
'2026-08-22 08:23:32.968502200,0.102502200,0
'2026-08-22 08:23:32.968502700,0.102502700,1
'2026-08-22 08:23:32.968502800,0.102502800,0
'2026-08-22 08:23:32.968505100,0.102505100,1
'2026-08-22 08:23:32.968519400,0.102519400,0
'2026-08-22 08:23:32.968519500,0.102519500,1
'2026-08-22 08:23:32.968519600,0.102519600,0
'2026-08-22 08:23:32.968521300,0.102521300,1
'2026-08-22 08:23:32.968521500,0.102521500,0
'2026-08-22 08:23:32.968523100,0.102523100,1
'2026-08-22 08:23:32.968523200,0.102523200,0
'2026-08-22 08:23:32.968524300,0.102524300,1
'2026-08-22 08:23:32.968524400,0.102524400,0
'2026-08-22 08:23:32.968529000,0.102529000,1
'2026-08-22 08:23:32.968529100,0.102529100,0
'2026-08-22 08:23:32.968530700,0.102530700,1
'2026-08-22 08:23:32.968530800,0.102530800,0
'2026-08-22 08:23:32.968531200,0.102531200,1
'2026-08-22 08:23:32.968545700,0.102545700,0
'2026-08-22 08:23:32.968548200,0.102548200,1
'2026-08-22 08:23:32.968548300,0.102548300,0
'2026-08-22 08:23:32.968549400,0.102549400,1
'2026-08-22 08:23:32.968549500,0.102549500,0
'2026-08-22 08:23:32.968550000,0.102550000,1
'2026-08-22 08:23:32.968550100,0.102550100,0
'2026-08-22 08:23:32.968550600,0.102550600,1
'2026-08-22 08:23:32.968550700,0.102550700,0
'2026-08-22 08:23:32.968551100,0.102551100,1
'2026-08-22 08:23:32.968551200,0.102551200,0
'2026-08-22 08:23:32.968551700,0.102551700,1
'2026-08-22 08:23:32.968551800,0.102551800,0
'2026-08-22 08:23:32.968552300,0.102552300,1
'2026-08-22 08:23:32.968552400,0.102552400,0
'2026-08-22 08:23:32.968557300,0.102557300,1
'2026-08-22 08:23:32.968572000,0.102572000,0
'2026-08-22 08:23:32.968572200,0.102572200,1
'2026-08-22 08:23:32.968572300,0.102572300,0
'2026-08-22 08:23:32.968572700,0.102572700,1
'2026-08-22 08:23:32.968572800,0.102572800,0
'2026-08-22 08:23:32.968573300,0.102573300,1
'2026-08-22 08:23:32.968573400,0.102573400,0
'2026-08-22 08:23:32.968573800,0.102573800,1
'2026-08-22 08:23:32.968574000,0.102574000,0
'2026-08-22 08:23:32.968575100,0.102575100,1
'2026-08-22 08:23:32.968575200,0.102575200,0
'2026-08-22 08:23:32.968576300,0.102576300,1
'2026-08-22 08:23:32.968576400,0.102576400,0
'2026-08-22 08:23:32.968578600,0.102578600,1
'2026-08-22 08:23:32.968578700,0.102578700,0
'2026-08-22 08:23:32.968579800,0.102579800,1
'2026-08-22 08:23:32.968579900,0.102579900,0
'2026-08-22 08:23:32.968580300,0.102580300,1
'2026-08-22 08:23:32.968580400,0.102580400,0
'2026-08-22 08:23:32.968580500,0.102580500,1
'2026-08-22 08:23:32.968580600,0.102580600,0
'2026-08-22 08:23:32.968580900,0.102580900,1
'2026-08-22 08:23:32.968581000,0.102581000,0
'2026-08-22 08:23:32.968581500,0.102581500,1
'2026-08-22 08:23:32.968581600,0.102581600,0
'2026-08-22 08:23:32.968582000,0.102582000,1
'2026-08-22 08:23:32.968582200,0.102582200,0
'2026-08-22 08:23:32.968582700,0.102582700,1
'2026-08-22 08:23:32.968582800,0.102582800,0
'2026-08-22 08:23:32.968583300,0.102583300,1
'2026-08-22 08:23:32.968597700,0.102597700,0
'2026-08-22 08:23:32.968597900,0.102597900,1
'2026-08-22 08:23:32.968598000,0.102598000,0
'2026-08-22 08:23:32.968598400,0.102598400,1
'2026-08-22 08:23:32.968598600,0.102598600,0
'2026-08-22 08:23:32.968599600,0.102599600,1
'2026-08-22 08:23:32.968599700,0.102599700,0
'2026-08-22 08:23:32.968600300,0.102600300,1
'2026-08-22 08:23:32.968600500,0.102600500,0
'2026-08-22 08:23:32.968600700,0.102600700,1
'2026-08-22 08:23:32.968601000,0.102601000,0
'2026-08-22 08:23:32.968601400,0.102601400,1
'2026-08-22 08:23:32.968601500,0.102601500,0
'2026-08-22 08:23:32.968601900,0.102601900,1
'2026-08-22 08:23:32.968602100,0.102602100,0
'2026-08-22 08:23:32.968602500,0.102602500,1
'2026-08-22 08:23:32.968602600,0.102602600,0
'2026-08-22 08:23:32.968603100,0.102603100,1
'2026-08-22 08:23:32.968603200,0.102603200,0
'2026-08-22 08:23:32.968604300,0.102604300,1
'2026-08-22 08:23:32.968604400,0.102604400,0
'2026-08-22 08:23:32.968604900,0.102604900,1
'2026-08-22 08:23:32.968605000,0.102605000,0
'2026-08-22 08:23:32.968609400,0.102609400,1
'2026-08-22 08:23:32.968624300,0.102624300,0
'2026-08-22 08:23:32.968624400,0.102624400,1
'2026-08-22 08:23:32.968624600,0.102624600,0
'2026-08-22 08:23:32.968624700,0.102624700,1
'2026-08-22 08:23:32.968624800,0.102624800,0
'2026-08-22 08:23:32.968625900,0.102625900,1
'2026-08-22 08:23:32.968626000,0.102626000,0
'2026-08-22 08:23:32.968628800,0.102628800,1
'2026-08-22 08:23:32.968628900,0.102628900,0
'2026-08-22 08:23:32.968629300,0.102629300,1
'2026-08-22 08:23:32.968629400,0.102629400,0
'2026-08-22 08:23:32.968630000,0.102630000,1
'2026-08-22 08:23:32.968630100,0.102630100,0
'2026-08-22 08:23:32.968631100,0.102631100,1
'2026-08-22 08:23:32.968631300,0.102631300,0
'2026-08-22 08:23:32.968631400,0.102631400,1
'2026-08-22 08:23:32.968631500,0.102631500,0
'2026-08-22 08:23:32.968632900,0.102632900,1
'2026-08-22 08:23:32.968633000,0.102633000,0
'2026-08-22 08:23:32.968633500,0.102633500,1
'2026-08-22 08:23:32.968633600,0.102633600,0
'2026-08-22 08:23:32.968633700,0.102633700,1
'2026-08-22 08:23:32.968633800,0.102633800,0
'2026-08-22 08:23:32.968634100,0.102634100,1
'2026-08-22 08:23:32.968634200,0.102634200,0
'2026-08-22 08:23:32.968635500,0.102635500,1
'2026-08-22 08:23:32.968650200,0.102650200,0
'2026-08-22 08:23:32.968650300,0.102650300,1
'2026-08-22 08:23:32.968650500,0.102650500,0
'2026-08-22 08:23:32.968651000,0.102651000,1
'2026-08-22 08:23:32.968651100,0.102651100,0
'2026-08-22 08:23:32.968651200,0.102651200,1
'2026-08-22 08:23:32.968651400,0.102651400,0
'2026-08-22 08:23:32.968651500,0.102651500,1
'2026-08-22 08:23:32.968651700,0.102651700,0
'2026-08-22 08:23:32.968652100,0.102652100,1
'2026-08-22 08:23:32.968652300,0.102652300,0
'2026-08-22 08:23:32.968652800,0.102652800,1
'2026-08-22 08:23:32.968653000,0.102653000,0
'2026-08-22 08:23:32.968653300,0.102653300,1
'2026-08-22 08:23:32.968653400,0.102653400,0
'2026-08-22 08:23:32.968653900,0.102653900,1
'2026-08-22 08:23:32.968654100,0.102654100,0
'2026-08-22 08:23:32.968654400,0.102654400,1
'2026-08-22 08:23:32.968654600,0.102654600,0
'2026-08-22 08:23:32.968655100,0.102655100,1
'2026-08-22 08:23:32.968655200,0.102655200,0
'2026-08-22 08:23:32.968655700,0.102655700,1
'2026-08-22 08:23:32.968655800,0.102655800,0
'2026-08-22 08:23:32.968656500,0.102656500,1
'2026-08-22 08:23:32.968656600,0.102656600,0
'2026-08-22 08:23:32.968656800,0.102656800,1
'2026-08-22 08:23:32.968656900,0.102656900,0
'2026-08-22 08:23:32.968659700,0.102659700,1
'2026-08-22 08:23:32.968659800,0.102659800,0
'2026-08-22 08:23:32.968660400,0.102660400,1
'2026-08-22 08:23:32.968660500,0.102660500,0
'2026-08-22 08:23:32.968660900,0.102660900,1
'2026-08-22 08:23:32.968661100,0.102661100,0
'2026-08-22 08:23:32.968661500,0.102661500,1
'2026-08-22 08:23:32.968676400,0.102676400,0
'2026-08-22 08:23:32.968676700,0.102676700,1
'2026-08-22 08:23:32.968676800,0.102676800,0
'2026-08-22 08:23:32.968676900,0.102676900,1
'2026-08-22 08:23:32.968677000,0.102677000,0
'2026-08-22 08:23:32.968678500,0.102678500,1
'2026-08-22 08:23:32.968678600,0.102678600,0
'2026-08-22 08:23:32.968680900,0.102680900,1
'2026-08-22 08:23:32.968681000,0.102681000,0
'2026-08-22 08:23:32.968681400,0.102681400,1
'2026-08-22 08:23:32.968681500,0.102681500,0
'2026-08-22 08:23:32.968681900,0.102681900,1
'2026-08-22 08:23:32.968682000,0.102682000,0
'2026-08-22 08:23:32.968682500,0.102682500,1
'2026-08-22 08:23:32.968683000,0.102683000,0
'2026-08-22 08:23:32.968683100,0.102683100,1
'2026-08-22 08:23:32.968683200,0.102683200,0
'2026-08-22 08:23:32.968683700,0.102683700,1
'2026-08-22 08:23:32.968683900,0.102683900,0
'2026-08-22 08:23:32.968684100,0.102684100,1
'2026-08-22 08:23:32.968684400,0.102684400,0
'2026-08-22 08:23:32.968684900,0.102684900,1
'2026-08-22 08:23:32.968685000,0.102685000,0
'2026-08-22 08:23:32.968685100,0.102685100,1
'2026-08-22 08:23:32.968685200,0.102685200,0
'2026-08-22 08:23:32.968685300,0.102685300,1
'2026-08-22 08:23:32.968685400,0.102685400,0
'2026-08-22 08:23:32.968685500,0.102685500,1
'2026-08-22 08:23:32.968685600,0.102685600,0
'2026-08-22 08:23:32.968686300,0.102686300,1
'2026-08-22 08:23:32.968686400,0.102686400,0
'2026-08-22 08:23:32.968686600,0.102686600,1
'2026-08-22 08:23:32.968686700,0.102686700,0
'2026-08-22 08:23:32.968687600,0.102687600,1
'2026-08-22 08:23:32.968702000,0.102702000,0
'2026-08-22 08:23:32.968702200,0.102702200,1
'2026-08-22 08:23:32.968702500,0.102702500,0
'2026-08-22 08:23:32.968702600,0.102702600,1
'2026-08-22 08:23:32.968702700,0.102702700,0
'2026-08-22 08:23:32.968702900,0.102702900,1
'2026-08-22 08:23:32.968703200,0.102703200,0
'2026-08-22 08:23:32.968703500,0.102703500,1
'2026-08-22 08:23:32.968703800,0.102703800,0
'2026-08-22 08:23:32.968703900,0.102703900,1
'2026-08-22 08:23:32.968704300,0.102704300,0
'2026-08-22 08:23:32.968704500,0.102704500,1
'2026-08-22 08:23:32.968704600,0.102704600,0
'2026-08-22 08:23:32.968704700,0.102704700,1
'2026-08-22 08:23:32.968705100,0.102705100,0
'2026-08-22 08:23:32.968705300,0.102705300,1
'2026-08-22 08:23:32.968705500,0.102705500,0
'2026-08-22 08:23:32.968705800,0.102705800,1
'2026-08-22 08:23:32.968706100,0.102706100,0
'2026-08-22 08:23:32.968706200,0.102706200,1
'2026-08-22 08:23:32.968706400,0.102706400,0
'2026-08-22 08:23:32.968706500,0.102706500,1
'2026-08-22 08:23:32.968706600,0.102706600,0
'2026-08-22 08:23:32.968708200,0.102708200,1
'2026-08-22 08:23:32.968708400,0.102708400,0
'2026-08-22 08:23:32.968709400,0.102709400,1
'2026-08-22 08:23:32.968709500,0.102709500,0
'2026-08-22 08:23:32.968710600,0.102710600,1
'2026-08-22 08:23:32.968710700,0.102710700,0
'2026-08-22 08:23:32.968711200,0.102711200,1
'2026-08-22 08:23:32.968711300,0.102711300,0
'2026-08-22 08:23:32.968711700,0.102711700,1
'2026-08-22 08:23:32.969125500,0.103125500,0
'2026-08-22 08:23:32.969125900,0.103125900,1
'2026-08-22 08:23:32.969126000,0.103126000,0
'2026-08-22 08:23:32.969130700,0.103130700,1
'2026-08-22 08:23:32.969145300,0.103145300,0
'2026-08-22 08:23:32.969156800,0.103156800,1
'2026-08-22 08:23:32.969171200,0.103171200,0
'2026-08-22 08:23:32.969174400,0.103174400,1
'2026-08-22 08:23:32.969174500,0.103174500,0
'2026-08-22 08:23:32.969174900,0.103174900,1
'2026-08-22 08:23:32.969175000,0.103175000,0
'2026-08-22 08:23:32.969176700,0.103176700,1
'2026-08-22 08:23:32.969176800,0.103176800,0
'2026-08-22 08:23:32.969182900,0.103182900,1
'2026-08-22 08:23:32.969197400,0.103197400,0
'2026-08-22 08:23:32.969209000,0.103209000,1
'2026-08-22 08:23:32.969223500,0.103223500,0
'2026-08-22 08:23:32.969224000,0.103224000,1
'2026-08-22 08:23:32.969224100,0.103224100,0
'2026-08-22 08:23:32.969226400,0.103226400,1
'2026-08-22 08:23:32.969226500,0.103226500,0
'2026-08-22 08:23:32.969235100,0.103235100,1
'2026-08-22 08:23:32.969249400,0.103249400,0
'2026-08-22 08:23:32.969253300,0.103253300,1
'2026-08-22 08:23:32.969253400,0.103253400,0
'2026-08-22 08:23:32.969261100,0.103261100,1
'2026-08-22 08:23:32.969275600,0.103275600,0
'2026-08-22 08:23:32.969276000,0.103276000,1
'2026-08-22 08:23:32.969276100,0.103276100,0
'2026-08-22 08:23:32.969285300,0.103285300,1
'2026-08-22 08:23:32.969285400,0.103285400,0
'2026-08-22 08:23:32.969286100,0.103286100,1
'2026-08-22 08:23:32.969286200,0.103286200,0
'2026-08-22 08:23:32.969286500,0.103286500,1
'2026-08-22 08:23:32.969286600,0.103286600,0
'2026-08-22 08:23:32.969287200,0.103287200,1
'2026-08-22 08:23:32.969301600,0.103301600,0
'2026-08-22 08:23:32.969301700,0.103301700,1
'2026-08-22 08:23:32.969301800,0.103301800,0
'2026-08-22 08:23:32.969304000,0.103304000,1
'2026-08-22 08:23:32.969304100,0.103304100,0
'2026-08-22 08:23:32.969304600,0.103304600,1
'2026-08-22 08:23:32.969304700,0.103304700,0
'2026-08-22 08:23:32.969305000,0.103305000,1
'2026-08-22 08:23:32.969305200,0.103305200,0
'2026-08-22 08:23:32.969312200,0.103312200,1
'2026-08-22 08:23:32.969312300,0.103312300,0
'2026-08-22 08:23:32.969313300,0.103313300,1
'2026-08-22 08:23:32.969327600,0.103327600,0
'2026-08-22 08:23:32.969331500,0.103331500,1
'2026-08-22 08:23:32.969331600,0.103331600,0
'2026-08-22 08:23:32.969332700,0.103332700,1
'2026-08-22 08:23:32.969332800,0.103332800,0
'2026-08-22 08:23:32.969334900,0.103334900,1
'2026-08-22 08:23:32.969335000,0.103335000,0
'2026-08-22 08:23:32.969335500,0.103335500,1
'2026-08-22 08:23:32.969335700,0.103335700,0
'2026-08-22 08:23:32.969339400,0.103339400,1
'2026-08-22 08:23:32.969353900,0.103353900,0
'2026-08-22 08:23:32.969354100,0.103354100,1
'2026-08-22 08:23:32.969354200,0.103354200,0
'2026-08-22 08:23:32.969354900,0.103354900,1
'2026-08-22 08:23:32.969355000,0.103355000,0
'2026-08-22 08:23:32.969355100,0.103355100,1
'2026-08-22 08:23:32.969355200,0.103355200,0
'2026-08-22 08:23:32.969355300,0.103355300,1
'2026-08-22 08:23:32.969355600,0.103355600,0
'2026-08-22 08:23:32.969361900,0.103361900,1
'2026-08-22 08:23:32.969362000,0.103362000,0
'2026-08-22 08:23:32.969362500,0.103362500,1
'2026-08-22 08:23:32.969362600,0.103362600,0
'2026-08-22 08:23:32.969365400,0.103365400,1
'2026-08-22 08:23:32.969379800,0.103379800,0
'2026-08-22 08:23:32.969381700,0.103381700,1
'2026-08-22 08:23:32.969381900,0.103381900,0
'2026-08-22 08:23:32.969383200,0.103383200,1
'2026-08-22 08:23:32.969383300,0.103383300,0
'2026-08-22 08:23:32.969383500,0.103383500,1
'2026-08-22 08:23:32.969383600,0.103383600,0
'2026-08-22 08:23:32.969384100,0.103384100,1
'2026-08-22 08:23:32.969384200,0.103384200,0
'2026-08-22 08:23:32.969384700,0.103384700,1
'2026-08-22 08:23:32.969384800,0.103384800,0
'2026-08-22 08:23:32.969384900,0.103384900,1
'2026-08-22 08:23:32.969385000,0.103385000,0
'2026-08-22 08:23:32.969385300,0.103385300,1
'2026-08-22 08:23:32.969385400,0.103385400,0
'2026-08-22 08:23:32.969385800,0.103385800,1
'2026-08-22 08:23:32.969386200,0.103386200,0
'2026-08-22 08:23:32.969387000,0.103387000,1
'2026-08-22 08:23:32.969387100,0.103387100,0
'2026-08-22 08:23:32.969389300,0.103389300,1
'2026-08-22 08:23:32.969389400,0.103389400,0
'2026-08-22 08:23:32.969391500,0.103391500,1
'2026-08-22 08:23:32.969406000,0.103406000,0
'2026-08-22 08:23:32.969406300,0.103406300,1
'2026-08-22 08:23:32.969406400,0.103406400,0
'2026-08-22 08:23:32.969406800,0.103406800,1
'2026-08-22 08:23:32.969406900,0.103406900,0
'2026-08-22 08:23:32.969408600,0.103408600,1
'2026-08-22 08:23:32.969408700,0.103408700,0
'2026-08-22 08:23:32.969412700,0.103412700,1
'2026-08-22 08:23:32.969412800,0.103412800,0
'2026-08-22 08:23:32.969413300,0.103413300,1
'2026-08-22 08:23:32.969413400,0.103413400,0
'2026-08-22 08:23:32.969414500,0.103414500,1
'2026-08-22 08:23:32.969414600,0.103414600,0
'2026-08-22 08:23:32.969415100,0.103415100,1
'2026-08-22 08:23:32.969415200,0.103415200,0
'2026-08-22 08:23:32.969415500,0.103415500,1
'2026-08-22 08:23:32.969415600,0.103415600,0
'2026-08-22 08:23:32.969415700,0.103415700,1
'2026-08-22 08:23:32.969415900,0.103415900,0
'2026-08-22 08:23:32.969417600,0.103417600,1
'2026-08-22 08:23:32.969432200,0.103432200,0
'2026-08-22 08:23:32.969432500,0.103432500,1
'2026-08-22 08:23:32.969432700,0.103432700,0
'2026-08-22 08:23:32.969433700,0.103433700,1
'2026-08-22 08:23:32.969433900,0.103433900,0
'2026-08-22 08:23:32.969434300,0.103434300,1
'2026-08-22 08:23:32.969434500,0.103434500,0
'2026-08-22 08:23:32.969434900,0.103434900,1
'2026-08-22 08:23:32.969435000,0.103435000,0
'2026-08-22 08:23:32.969435400,0.103435400,1
'2026-08-22 08:23:32.969435700,0.103435700,0
'2026-08-22 08:23:32.969435900,0.103435900,1
'2026-08-22 08:23:32.969436000,0.103436000,0
'2026-08-22 08:23:32.969436300,0.103436300,1
'2026-08-22 08:23:32.969436400,0.103436400,0
'2026-08-22 08:23:32.969436700,0.103436700,1
'2026-08-22 08:23:32.969436800,0.103436800,0
'2026-08-22 08:23:32.969437300,0.103437300,1
'2026-08-22 08:23:32.969437400,0.103437400,0
'2026-08-22 08:23:32.969437800,0.103437800,1
'2026-08-22 08:23:32.969437900,0.103437900,0
'2026-08-22 08:23:32.969439600,0.103439600,1
'2026-08-22 08:23:32.969439700,0.103439700,0
'2026-08-22 08:23:32.969442500,0.103442500,1
'2026-08-22 08:23:32.969442600,0.103442600,0
'2026-08-22 08:23:32.969443100,0.103443100,1
'2026-08-22 08:23:32.969443200,0.103443200,0
'2026-08-22 08:23:32.969443300,0.103443300,1
'2026-08-22 08:23:32.969443400,0.103443400,0
'2026-08-22 08:23:32.969443700,0.103443700,1
'2026-08-22 08:23:32.969458200,0.103458200,0
'2026-08-22 08:23:32.969458300,0.103458300,1
'2026-08-22 08:23:32.969458800,0.103458800,0
'2026-08-22 08:23:32.969458900,0.103458900,1
'2026-08-22 08:23:32.969459000,0.103459000,0
'2026-08-22 08:23:32.969459300,0.103459300,1
'2026-08-22 08:23:32.969459400,0.103459400,0
'2026-08-22 08:23:32.969460700,0.103460700,1
'2026-08-22 08:23:32.969460800,0.103460800,0
'2026-08-22 08:23:32.969463000,0.103463000,1
'2026-08-22 08:23:32.969463100,0.103463100,0
'2026-08-22 08:23:32.969463600,0.103463600,1
'2026-08-22 08:23:32.969463700,0.103463700,0
'2026-08-22 08:23:32.969464100,0.103464100,1
'2026-08-22 08:23:32.969464200,0.103464200,0
'2026-08-22 08:23:32.969465300,0.103465300,1
'2026-08-22 08:23:32.969465400,0.103465400,0
'2026-08-22 08:23:32.969465900,0.103465900,1
'2026-08-22 08:23:32.969466200,0.103466200,0
'2026-08-22 08:23:32.969466300,0.103466300,1
'2026-08-22 08:23:32.969466600,0.103466600,0
'2026-08-22 08:23:32.969468100,0.103468100,1
'2026-08-22 08:23:32.969468200,0.103468200,0
'2026-08-22 08:23:32.969468800,0.103468800,1
'2026-08-22 08:23:32.969468900,0.103468900,0
'2026-08-22 08:23:32.969469500,0.103469500,1
'2026-08-22 08:23:32.969469600,0.103469600,0
'2026-08-22 08:23:32.969469700,0.103469700,1
'2026-08-22 08:23:32.969484200,0.103484200,0
'2026-08-22 08:23:32.969484600,0.103484600,1
'2026-08-22 08:23:32.969484700,0.103484700,0
'2026-08-22 08:23:32.969485100,0.103485100,1
'2026-08-22 08:23:32.969485400,0.103485400,0
'2026-08-22 08:23:32.969485700,0.103485700,1
'2026-08-22 08:23:32.969485800,0.103485800,0
'2026-08-22 08:23:32.969485900,0.103485900,1
'2026-08-22 08:23:32.969486000,0.103486000,0
'2026-08-22 08:23:32.969486100,0.103486100,1
'2026-08-22 08:23:32.969486200,0.103486200,0
'2026-08-22 08:23:32.969486300,0.103486300,1
'2026-08-22 08:23:32.969486400,0.103486400,0
'2026-08-22 08:23:32.969486900,0.103486900,1
'2026-08-22 08:23:32.969487000,0.103487000,0
'2026-08-22 08:23:32.969487500,0.103487500,1
'2026-08-22 08:23:32.969487600,0.103487600,0
'2026-08-22 08:23:32.969488100,0.103488100,1
'2026-08-22 08:23:32.969488200,0.103488200,0
'2026-08-22 08:23:32.969488700,0.103488700,1
'2026-08-22 08:23:32.969488800,0.103488800,0
'2026-08-22 08:23:32.969489200,0.103489200,1
'2026-08-22 08:23:32.969489400,0.103489400,0
'2026-08-22 08:23:32.969489500,0.103489500,1
'2026-08-22 08:23:32.969489700,0.103489700,0
'2026-08-22 08:23:32.969489900,0.103489900,1
'2026-08-22 08:23:32.969490000,0.103490000,0
'2026-08-22 08:23:32.969490400,0.103490400,1
'2026-08-22 08:23:32.969490500,0.103490500,0
'2026-08-22 08:23:32.969491700,0.103491700,1
'2026-08-22 08:23:32.969491800,0.103491800,0
'2026-08-22 08:23:32.969492800,0.103492800,1
'2026-08-22 08:23:32.969492900,0.103492900,0
'2026-08-22 08:23:32.969493700,0.103493700,1
'2026-08-22 08:23:32.969493800,0.103493800,0
'2026-08-22 08:23:32.969493900,0.103493900,1
'2026-08-22 08:23:32.969494000,0.103494000,0
'2026-08-22 08:23:32.969495100,0.103495100,1
'2026-08-22 08:23:32.969495200,0.103495200,0
'2026-08-22 08:23:32.969495700,0.103495700,1
'2026-08-22 08:23:32.969510500,0.103510500,0
'2026-08-22 08:23:32.969510900,0.103510900,1
'2026-08-22 08:23:32.969511000,0.103511000,0
'2026-08-22 08:23:32.969511100,0.103511100,1
'2026-08-22 08:23:32.969511200,0.103511200,0
'2026-08-22 08:23:32.969512000,0.103512000,1
'2026-08-22 08:23:32.969512100,0.103512100,0
'2026-08-22 08:23:32.969512200,0.103512200,1
'2026-08-22 08:23:32.969512400,0.103512400,0
'2026-08-22 08:23:32.969512600,0.103512600,1
'2026-08-22 08:23:32.969512800,0.103512800,0
'2026-08-22 08:23:32.969514500,0.103514500,1
'2026-08-22 08:23:32.969514600,0.103514600,0
'2026-08-22 08:23:32.969515000,0.103515000,1
'2026-08-22 08:23:32.969515100,0.103515100,0
'2026-08-22 08:23:32.969515500,0.103515500,1
'2026-08-22 08:23:32.969515700,0.103515700,0
'2026-08-22 08:23:32.969516100,0.103516100,1
'2026-08-22 08:23:32.969516200,0.103516200,0
'2026-08-22 08:23:32.969516700,0.103516700,1
'2026-08-22 08:23:32.969516900,0.103516900,0
'2026-08-22 08:23:32.969517300,0.103517300,1
'2026-08-22 08:23:32.969517400,0.103517400,0
'2026-08-22 08:23:32.969517900,0.103517900,1
'2026-08-22 08:23:32.969518000,0.103518000,0
'2026-08-22 08:23:32.969518300,0.103518300,1
'2026-08-22 08:23:32.969518400,0.103518400,0
'2026-08-22 08:23:32.969518500,0.103518500,1
'2026-08-22 08:23:32.969518600,0.103518600,0
'2026-08-22 08:23:32.969519100,0.103519100,1
'2026-08-22 08:23:32.969519200,0.103519200,0
'2026-08-22 08:23:32.969519700,0.103519700,1
'2026-08-22 08:23:32.969519800,0.103519800,0
'2026-08-22 08:23:32.969520100,0.103520100,1
'2026-08-22 08:23:32.969520300,0.103520300,0
'2026-08-22 08:23:32.969521400,0.103521400,1
'2026-08-22 08:23:32.969521500,0.103521500,0
'2026-08-22 08:23:32.969521900,0.103521900,1
'2026-08-22 08:23:32.969956200,0.103956200,0
'2026-08-22 08:23:32.969965000,0.103965000,1
'2026-08-22 08:23:32.969979200,0.103979200,0
'2026-08-22 08:23:32.969991100,0.103991100,1
'2026-08-22 08:23:32.970005400,0.104005400,0
'2026-08-22 08:23:32.970017200,0.104017200,1
'2026-08-22 08:23:32.970031600,0.104031600,0
'2026-08-22 08:23:32.970032000,0.104032000,1
'2026-08-22 08:23:32.970032100,0.104032100,0
'2026-08-22 08:23:32.970043200,0.104043200,1
'2026-08-22 08:23:32.970057600,0.104057600,0
'2026-08-22 08:23:32.970064500,0.104064500,1
'2026-08-22 08:23:32.970064600,0.104064600,0
'2026-08-22 08:23:32.970069300,0.104069300,1
'2026-08-22 08:23:32.970083600,0.104083600,0
'2026-08-22 08:23:32.970095400,0.104095400,1
'2026-08-22 08:23:32.970109900,0.104109900,0
'2026-08-22 08:23:32.970114900,0.104114900,1
'2026-08-22 08:23:32.970115000,0.104115000,0
'2026-08-22 08:23:32.970120200,0.104120200,1
'2026-08-22 08:23:32.970120300,0.104120300,0
'2026-08-22 08:23:32.970121500,0.104121500,1
'2026-08-22 08:23:32.970136100,0.104136100,0
'2026-08-22 08:23:32.970138300,0.104138300,1
'2026-08-22 08:23:32.970138400,0.104138400,0
'2026-08-22 08:23:32.970139500,0.104139500,1
'2026-08-22 08:23:32.970139600,0.104139600,0
'2026-08-22 08:23:32.970140700,0.104140700,1
'2026-08-22 08:23:32.970140800,0.104140800,0
'2026-08-22 08:23:32.970141800,0.104141800,1
'2026-08-22 08:23:32.970141900,0.104141900,0
'2026-08-22 08:23:32.970145900,0.104145900,1
'2026-08-22 08:23:32.970146000,0.104146000,0
'2026-08-22 08:23:32.970147500,0.104147500,1
'2026-08-22 08:23:32.970162100,0.104162100,0
'2026-08-22 08:23:32.970162300,0.104162300,1
'2026-08-22 08:23:32.970162400,0.104162400,0
'2026-08-22 08:23:32.970163400,0.104163400,1
'2026-08-22 08:23:32.970163500,0.104163500,0
'2026-08-22 08:23:32.970164700,0.104164700,1
'2026-08-22 08:23:32.970164800,0.104164800,0
'2026-08-22 08:23:32.970167500,0.104167500,1
'2026-08-22 08:23:32.970167600,0.104167600,0
'2026-08-22 08:23:32.970168700,0.104168700,1
'2026-08-22 08:23:32.970168800,0.104168800,0
'2026-08-22 08:23:32.970169800,0.104169800,1
'2026-08-22 08:23:32.970170000,0.104170000,0
'2026-08-22 08:23:32.970170400,0.104170400,1
'2026-08-22 08:23:32.970170500,0.104170500,0
'2026-08-22 08:23:32.970171000,0.104171000,1
'2026-08-22 08:23:32.970171100,0.104171100,0
'2026-08-22 08:23:32.970172400,0.104172400,1
'2026-08-22 08:23:32.970172500,0.104172500,0
'2026-08-22 08:23:32.970172800,0.104172800,1
'2026-08-22 08:23:32.970172900,0.104172900,0
'2026-08-22 08:23:32.970173600,0.104173600,1
'2026-08-22 08:23:32.970188200,0.104188200,0
'2026-08-22 08:23:32.970190900,0.104190900,1
'2026-08-22 08:23:32.970191000,0.104191000,0
'2026-08-22 08:23:32.970191400,0.104191400,1
'2026-08-22 08:23:32.970191600,0.104191600,0
'2026-08-22 08:23:32.970192200,0.104192200,1
'2026-08-22 08:23:32.970192300,0.104192300,0
'2026-08-22 08:23:32.970193600,0.104193600,1
'2026-08-22 08:23:32.970193800,0.104193800,0
'2026-08-22 08:23:32.970199700,0.104199700,1
'2026-08-22 08:23:32.970214400,0.104214400,0
'2026-08-22 08:23:32.970215400,0.104215400,1
'2026-08-22 08:23:32.970215500,0.104215500,0
'2026-08-22 08:23:32.970217100,0.104217100,1
'2026-08-22 08:23:32.970217200,0.104217200,0
'2026-08-22 08:23:32.970217700,0.104217700,1
'2026-08-22 08:23:32.970217800,0.104217800,0
'2026-08-22 08:23:32.970218300,0.104218300,1
'2026-08-22 08:23:32.970218400,0.104218400,0
'2026-08-22 08:23:32.970218800,0.104218800,1
'2026-08-22 08:23:32.970219000,0.104219000,0
'2026-08-22 08:23:32.970221100,0.104221100,1
'2026-08-22 08:23:32.970221300,0.104221300,0
'2026-08-22 08:23:32.970223600,0.104223600,1
'2026-08-22 08:23:32.970223700,0.104223700,0
'2026-08-22 08:23:32.970225300,0.104225300,1
'2026-08-22 08:23:32.970225400,0.104225400,0
'2026-08-22 08:23:32.970225800,0.104225800,1
'2026-08-22 08:23:32.970240200,0.104240200,0
'2026-08-22 08:23:32.970240300,0.104240300,1
'2026-08-22 08:23:32.970240400,0.104240400,0
'2026-08-22 08:23:32.970240500,0.104240500,1
'2026-08-22 08:23:32.970240700,0.104240700,0
'2026-08-22 08:23:32.970241100,0.104241100,1
'2026-08-22 08:23:32.970241200,0.104241200,0
'2026-08-22 08:23:32.970241500,0.104241500,1
'2026-08-22 08:23:32.970241600,0.104241600,0
'2026-08-22 08:23:32.970241700,0.104241700,1
'2026-08-22 08:23:32.970241900,0.104241900,0
'2026-08-22 08:23:32.970242300,0.104242300,1
'2026-08-22 08:23:32.970242400,0.104242400,0
'2026-08-22 08:23:32.970242900,0.104242900,1
'2026-08-22 08:23:32.970243000,0.104243000,0
'2026-08-22 08:23:32.970243400,0.104243400,1
'2026-08-22 08:23:32.970243500,0.104243500,0
'2026-08-22 08:23:32.970244600,0.104244600,1
'2026-08-22 08:23:32.970244700,0.104244700,0
'2026-08-22 08:23:32.970245800,0.104245800,1
'2026-08-22 08:23:32.970245900,0.104245900,0
'2026-08-22 08:23:32.970246900,0.104246900,1
'2026-08-22 08:23:32.970247000,0.104247000,0
'2026-08-22 08:23:32.970247500,0.104247500,1
'2026-08-22 08:23:32.970247600,0.104247600,0
'2026-08-22 08:23:32.970249300,0.104249300,1
'2026-08-22 08:23:32.970249400,0.104249400,0
'2026-08-22 08:23:32.970249900,0.104249900,1
'2026-08-22 08:23:32.970250000,0.104250000,0
'2026-08-22 08:23:32.970251000,0.104251000,1
'2026-08-22 08:23:32.970251100,0.104251100,0
'2026-08-22 08:23:32.970251800,0.104251800,1
'2026-08-22 08:23:32.970266400,0.104266400,0
'2026-08-22 08:23:32.970266800,0.104266800,1
'2026-08-22 08:23:32.970266900,0.104266900,0
'2026-08-22 08:23:32.970267400,0.104267400,1
'2026-08-22 08:23:32.970267500,0.104267500,0
'2026-08-22 08:23:32.970269100,0.104269100,1
'2026-08-22 08:23:32.970269300,0.104269300,0
'2026-08-22 08:23:32.970270300,0.104270300,1
'2026-08-22 08:23:32.970270400,0.104270400,0
'2026-08-22 08:23:32.970270900,0.104270900,1
'2026-08-22 08:23:32.970271100,0.104271100,0
'2026-08-22 08:23:32.970271500,0.104271500,1
'2026-08-22 08:23:32.970271600,0.104271600,0
'2026-08-22 08:23:32.970271700,0.104271700,1
'2026-08-22 08:23:32.970271900,0.104271900,0
'2026-08-22 08:23:32.970272100,0.104272100,1
'2026-08-22 08:23:32.970272200,0.104272200,0
'2026-08-22 08:23:32.970272300,0.104272300,1
'2026-08-22 08:23:32.970272400,0.104272400,0
'2026-08-22 08:23:32.970272600,0.104272600,1
'2026-08-22 08:23:32.970273000,0.104273000,0
'2026-08-22 08:23:32.970274700,0.104274700,1
'2026-08-22 08:23:32.970274800,0.104274800,0
'2026-08-22 08:23:32.970275000,0.104275000,1
'2026-08-22 08:23:32.970275100,0.104275100,0
'2026-08-22 08:23:32.970276100,0.104276100,1
'2026-08-22 08:23:32.970276300,0.104276300,0
'2026-08-22 08:23:32.970277900,0.104277900,1
'2026-08-22 08:23:32.970292700,0.104292700,0
'2026-08-22 08:23:32.970293100,0.104293100,1
'2026-08-22 08:23:32.970293200,0.104293200,0
'2026-08-22 08:23:32.970293700,0.104293700,1
'2026-08-22 08:23:32.970293800,0.104293800,0
'2026-08-22 08:23:32.970294800,0.104294800,1
'2026-08-22 08:23:32.970295000,0.104295000,0
'2026-08-22 08:23:32.970295400,0.104295400,1
'2026-08-22 08:23:32.970295700,0.104295700,0
'2026-08-22 08:23:32.970295900,0.104295900,1
'2026-08-22 08:23:32.970296000,0.104296000,0
'2026-08-22 08:23:32.970300800,0.104300800,1
'2026-08-22 08:23:32.970300900,0.104300900,0
'2026-08-22 08:23:32.970301300,0.104301300,1
'2026-08-22 08:23:32.970301400,0.104301400,0
'2026-08-22 08:23:32.970301900,0.104301900,1
'2026-08-22 08:23:32.970302100,0.104302100,0
'2026-08-22 08:23:32.970302400,0.104302400,1
'2026-08-22 08:23:32.970302500,0.104302500,0
'2026-08-22 08:23:32.970304000,0.104304000,1
'2026-08-22 08:23:32.970318600,0.104318600,0
'2026-08-22 08:23:32.970318700,0.104318700,1
'2026-08-22 08:23:32.970319000,0.104319000,0
'2026-08-22 08:23:32.970321100,0.104321100,1
'2026-08-22 08:23:32.970321200,0.104321200,0
'2026-08-22 08:23:32.970321700,0.104321700,1
'2026-08-22 08:23:32.970321800,0.104321800,0
'2026-08-22 08:23:32.970322300,0.104322300,1
'2026-08-22 08:23:32.970322500,0.104322500,0
'2026-08-22 08:23:32.970322900,0.104322900,1
'2026-08-22 08:23:32.970323000,0.104323000,0
'2026-08-22 08:23:32.970323500,0.104323500,1
'2026-08-22 08:23:32.970323600,0.104323600,0
'2026-08-22 08:23:32.970324100,0.104324100,1
'2026-08-22 08:23:32.970324200,0.104324200,0
'2026-08-22 08:23:32.970324500,0.104324500,1
'2026-08-22 08:23:32.970324800,0.104324800,0
'2026-08-22 08:23:32.970325800,0.104325800,1
'2026-08-22 08:23:32.970325900,0.104325900,0
'2026-08-22 08:23:32.970326400,0.104326400,1
'2026-08-22 08:23:32.970326600,0.104326600,0
'2026-08-22 08:23:32.970327000,0.104327000,1
'2026-08-22 08:23:32.970327100,0.104327100,0
'2026-08-22 08:23:32.970328700,0.104328700,1
'2026-08-22 08:23:32.970328800,0.104328800,0
'2026-08-22 08:23:32.970329300,0.104329300,1
'2026-08-22 08:23:32.970329400,0.104329400,0
'2026-08-22 08:23:32.970329900,0.104329900,1
'2026-08-22 08:23:32.970344700,0.104344700,0
'2026-08-22 08:23:32.970345000,0.104345000,1
'2026-08-22 08:23:32.970345200,0.104345200,0
'2026-08-22 08:23:32.970345300,0.104345300,1
'2026-08-22 08:23:32.970345400,0.104345400,0
'2026-08-22 08:23:32.970345500,0.104345500,1
'2026-08-22 08:23:32.970345600,0.104345600,0
'2026-08-22 08:23:32.970345900,0.104345900,1
'2026-08-22 08:23:32.970346000,0.104346000,0
'2026-08-22 08:23:32.970346300,0.104346300,1
'2026-08-22 08:23:32.970346400,0.104346400,0
'2026-08-22 08:23:32.970346900,0.104346900,1
'2026-08-22 08:23:32.970347000,0.104347000,0
'2026-08-22 08:23:32.970347400,0.104347400,1
'2026-08-22 08:23:32.970347500,0.104347500,0
'2026-08-22 08:23:32.970349200,0.104349200,1
'2026-08-22 08:23:32.970349300,0.104349300,0
'2026-08-22 08:23:32.970349700,0.104349700,1
'2026-08-22 08:23:32.970349800,0.104349800,0
'2026-08-22 08:23:32.970350900,0.104350900,1
'2026-08-22 08:23:32.970351000,0.104351000,0
'2026-08-22 08:23:32.970351500,0.104351500,1
'2026-08-22 08:23:32.970351600,0.104351600,0
'2026-08-22 08:23:32.970352100,0.104352100,1
'2026-08-22 08:23:32.970352200,0.104352200,0
'2026-08-22 08:23:32.970352700,0.104352700,1
'2026-08-22 08:23:32.970352800,0.104352800,0
'2026-08-22 08:23:32.970353800,0.104353800,1
'2026-08-22 08:23:32.970354000,0.104354000,0
'2026-08-22 08:23:32.970354500,0.104354500,1
'2026-08-22 08:23:32.970354600,0.104354600,0
'2026-08-22 08:23:32.970354900,0.104354900,1
'2026-08-22 08:23:32.970355100,0.104355100,0
'2026-08-22 08:23:32.970356100,0.104356100,1
'2026-08-22 08:23:32.970787500,0.104787500,0
'2026-08-22 08:23:32.970799300,0.104799300,1
'2026-08-22 08:23:32.970813700,0.104813700,0
'2026-08-22 08:23:32.970825300,0.104825300,1
'2026-08-22 08:23:32.970839600,0.104839600,0
'2026-08-22 08:23:32.970845100,0.104845100,1
'2026-08-22 08:23:32.970845200,0.104845200,0
'2026-08-22 08:23:32.970851400,0.104851400,1
'2026-08-22 08:23:32.970865800,0.104865800,0
'2026-08-22 08:23:32.970866100,0.104866100,1
'2026-08-22 08:23:32.970866200,0.104866200,0
'2026-08-22 08:23:32.970877500,0.104877500,1
'2026-08-22 08:23:32.970892000,0.104892000,0
'2026-08-22 08:23:32.970895300,0.104895300,1
'2026-08-22 08:23:32.970895400,0.104895400,0
'2026-08-22 08:23:32.970903600,0.104903600,1
'2026-08-22 08:23:32.970918200,0.104918200,0
'2026-08-22 08:23:32.970925100,0.104925100,1
'2026-08-22 08:23:32.970925200,0.104925200,0
'2026-08-22 08:23:32.970925800,0.104925800,1
'2026-08-22 08:23:32.970925900,0.104925900,0
'2026-08-22 08:23:32.970929600,0.104929600,1
'2026-08-22 08:23:32.970944000,0.104944000,0
'2026-08-22 08:23:32.970944100,0.104944100,1
'2026-08-22 08:23:32.970944200,0.104944200,0
'2026-08-22 08:23:32.970944300,0.104944300,1
'2026-08-22 08:23:32.970944400,0.104944400,0
'2026-08-22 08:23:32.970945600,0.104945600,1
'2026-08-22 08:23:32.970945700,0.104945700,0
'2026-08-22 08:23:32.970946100,0.104946100,1
'2026-08-22 08:23:32.970946300,0.104946300,0
'2026-08-22 08:23:32.970948500,0.104948500,1
'2026-08-22 08:23:32.970948600,0.104948600,0
'2026-08-22 08:23:32.970954300,0.104954300,1
'2026-08-22 08:23:32.970954400,0.104954400,0
'2026-08-22 08:23:32.970955700,0.104955700,1
'2026-08-22 08:23:32.970970200,0.104970200,0
'2026-08-22 08:23:32.970972400,0.104972400,1
'2026-08-22 08:23:32.970972500,0.104972500,0
'2026-08-22 08:23:32.970974800,0.104974800,1
'2026-08-22 08:23:32.970974900,0.104974900,0
'2026-08-22 08:23:32.970976000,0.104976000,1
'2026-08-22 08:23:32.970976100,0.104976100,0
'2026-08-22 08:23:32.970977100,0.104977100,1
'2026-08-22 08:23:32.970977200,0.104977200,0
'2026-08-22 08:23:32.970978300,0.104978300,1
'2026-08-22 08:23:32.970978400,0.104978400,0
'2026-08-22 08:23:32.970978900,0.104978900,1
'2026-08-22 08:23:32.970979000,0.104979000,0
'2026-08-22 08:23:32.970981800,0.104981800,1
'2026-08-22 08:23:32.970996200,0.104996200,0
'2026-08-22 08:23:32.970996300,0.104996300,1
'2026-08-22 08:23:32.970996500,0.104996500,0
'2026-08-22 08:23:32.970997400,0.104997400,1
'2026-08-22 08:23:32.970997500,0.104997500,0
'2026-08-22 08:23:32.970997800,0.104997800,1
'2026-08-22 08:23:32.970997900,0.104997900,0
'2026-08-22 08:23:32.970998700,0.104998700,1
'2026-08-22 08:23:32.970998800,0.104998800,0
'2026-08-22 08:23:32.971002100,0.105002100,1
'2026-08-22 08:23:32.971002200,0.105002200,0
'2026-08-22 08:23:32.971006900,0.105006900,1
'2026-08-22 08:23:32.971007000,0.105007000,0
'2026-08-22 08:23:32.971007500,0.105007500,1
'2026-08-22 08:23:32.971007600,0.105007600,0
'2026-08-22 08:23:32.971007900,0.105007900,1
'2026-08-22 08:23:32.971022300,0.105022300,0
'2026-08-22 08:23:32.971022700,0.105022700,1
'2026-08-22 08:23:32.971022800,0.105022800,0
'2026-08-22 08:23:32.971023300,0.105023300,1
'2026-08-22 08:23:32.971023400,0.105023400,0
'2026-08-22 08:23:32.971025000,0.105025000,1
'2026-08-22 08:23:32.971025100,0.105025100,0
'2026-08-22 08:23:32.971027300,0.105027300,1
'2026-08-22 08:23:32.971027500,0.105027500,0
'2026-08-22 08:23:32.971027900,0.105027900,1
'2026-08-22 08:23:32.971028000,0.105028000,0
'2026-08-22 08:23:32.971028500,0.105028500,1
'2026-08-22 08:23:32.971028600,0.105028600,0
'2026-08-22 08:23:32.971029700,0.105029700,1
'2026-08-22 08:23:32.971029800,0.105029800,0
'2026-08-22 08:23:32.971033000,0.105033000,1
'2026-08-22 08:23:32.971033100,0.105033100,0
'2026-08-22 08:23:32.971033900,0.105033900,1
'2026-08-22 08:23:32.971048600,0.105048600,0
'2026-08-22 08:23:32.971048700,0.105048700,1
'2026-08-22 08:23:32.971048800,0.105048800,0
'2026-08-22 08:23:32.971048900,0.105048900,1
'2026-08-22 08:23:32.971049100,0.105049100,0
'2026-08-22 08:23:32.971049300,0.105049300,1
'2026-08-22 08:23:32.971049600,0.105049600,0
'2026-08-22 08:23:32.971051900,0.105051900,1
'2026-08-22 08:23:32.971052000,0.105052000,0
'2026-08-22 08:23:32.971054200,0.105054200,1
'2026-08-22 08:23:32.971054300,0.105054300,0
'2026-08-22 08:23:32.971055300,0.105055300,1
'2026-08-22 08:23:32.971055400,0.105055400,0
'2026-08-22 08:23:32.971055900,0.105055900,1
'2026-08-22 08:23:32.971056000,0.105056000,0
'2026-08-22 08:23:32.971056100,0.105056100,1
'2026-08-22 08:23:32.971056200,0.105056200,0
'2026-08-22 08:23:32.971058300,0.105058300,1
'2026-08-22 08:23:32.971058400,0.105058400,0
'2026-08-22 08:23:32.971060000,0.105060000,1
'2026-08-22 08:23:32.971074400,0.105074400,0
'2026-08-22 08:23:32.971074500,0.105074500,1
'2026-08-22 08:23:32.971074600,0.105074600,0
'2026-08-22 08:23:32.971074700,0.105074700,1
'2026-08-22 08:23:32.971074800,0.105074800,0
'2026-08-22 08:23:32.971075300,0.105075300,1
'2026-08-22 08:23:32.971075400,0.105075400,0
'2026-08-22 08:23:32.971075500,0.105075500,1
'2026-08-22 08:23:32.971075600,0.105075600,0
'2026-08-22 08:23:32.971075800,0.105075800,1
'2026-08-22 08:23:32.971076000,0.105076000,0
'2026-08-22 08:23:32.971076400,0.105076400,1
'2026-08-22 08:23:32.971076500,0.105076500,0
'2026-08-22 08:23:32.971076600,0.105076600,1
'2026-08-22 08:23:32.971076700,0.105076700,0
'2026-08-22 08:23:32.971077000,0.105077000,1
'2026-08-22 08:23:32.971077100,0.105077100,0
'2026-08-22 08:23:32.971077600,0.105077600,1
'2026-08-22 08:23:32.971077700,0.105077700,0
'2026-08-22 08:23:32.971078200,0.105078200,1
'2026-08-22 08:23:32.971078300,0.105078300,0
'2026-08-22 08:23:32.971078800,0.105078800,1
'2026-08-22 08:23:32.971079000,0.105079000,0
'2026-08-22 08:23:32.971079300,0.105079300,1
'2026-08-22 08:23:32.971079400,0.105079400,0
'2026-08-22 08:23:32.971082300,0.105082300,1
'2026-08-22 08:23:32.971082400,0.105082400,0
'2026-08-22 08:23:32.971083200,0.105083200,1
'2026-08-22 08:23:32.971083300,0.105083300,0
'2026-08-22 08:23:32.971084700,0.105084700,1
'2026-08-22 08:23:32.971084800,0.105084800,0
'2026-08-22 08:23:32.971085400,0.105085400,1
'2026-08-22 08:23:32.971085500,0.105085500,0
'2026-08-22 08:23:32.971085800,0.105085800,1
'2026-08-22 08:23:32.971085900,0.105085900,0
'2026-08-22 08:23:32.971086100,0.105086100,1
'2026-08-22 08:23:32.971100600,0.105100600,0
'2026-08-22 08:23:32.971100700,0.105100700,1
'2026-08-22 08:23:32.971100800,0.105100800,0
'2026-08-22 08:23:32.971101000,0.105101000,1
'2026-08-22 08:23:32.971101100,0.105101100,0
'2026-08-22 08:23:32.971102100,0.105102100,1
'2026-08-22 08:23:32.971102200,0.105102200,0
'2026-08-22 08:23:32.971103300,0.105103300,1
'2026-08-22 08:23:32.971103400,0.105103400,0
'2026-08-22 08:23:32.971103900,0.105103900,1
'2026-08-22 08:23:32.971104000,0.105104000,0
'2026-08-22 08:23:32.971105600,0.105105600,1
'2026-08-22 08:23:32.971105800,0.105105800,0
'2026-08-22 08:23:32.971106600,0.105106600,1
'2026-08-22 08:23:32.971106900,0.105106900,0
'2026-08-22 08:23:32.971107500,0.105107500,1
'2026-08-22 08:23:32.971107600,0.105107600,0
'2026-08-22 08:23:32.971107900,0.105107900,1
'2026-08-22 08:23:32.971108100,0.105108100,0
'2026-08-22 08:23:32.971108600,0.105108600,1
'2026-08-22 08:23:32.971108700,0.105108700,0
'2026-08-22 08:23:32.971109100,0.105109100,1
'2026-08-22 08:23:32.971109200,0.105109200,0
'2026-08-22 08:23:32.971109700,0.105109700,1
'2026-08-22 08:23:32.971109800,0.105109800,0
'2026-08-22 08:23:32.971112100,0.105112100,1
'2026-08-22 08:23:32.971126800,0.105126800,0
'2026-08-22 08:23:32.971127200,0.105127200,1
'2026-08-22 08:23:32.971127400,0.105127400,0
'2026-08-22 08:23:32.971127700,0.105127700,1
'2026-08-22 08:23:32.971128000,0.105128000,0
'2026-08-22 08:23:32.971128100,0.105128100,1
'2026-08-22 08:23:32.971128200,0.105128200,0
'2026-08-22 08:23:32.971128300,0.105128300,1
'2026-08-22 08:23:32.971128600,0.105128600,0
'2026-08-22 08:23:32.971129600,0.105129600,1
'2026-08-22 08:23:32.971129700,0.105129700,0
'2026-08-22 08:23:32.971130300,0.105130300,1
'2026-08-22 08:23:32.971130400,0.105130400,0
'2026-08-22 08:23:32.971131900,0.105131900,1
'2026-08-22 08:23:32.971132100,0.105132100,0
'2026-08-22 08:23:32.971132500,0.105132500,1
'2026-08-22 08:23:32.971132600,0.105132600,0
'2026-08-22 08:23:32.971134900,0.105134900,1
'2026-08-22 08:23:32.971135000,0.105135000,0
'2026-08-22 08:23:32.971136000,0.105136000,1
'2026-08-22 08:23:32.971136200,0.105136200,0
'2026-08-22 08:23:32.971137200,0.105137200,1
'2026-08-22 08:23:32.971137300,0.105137300,0
'2026-08-22 08:23:32.971137700,0.105137700,1
'2026-08-22 08:23:32.971137900,0.105137900,0
'2026-08-22 08:23:32.971138200,0.105138200,1
'2026-08-22 08:23:32.971152700,0.105152700,0
'2026-08-22 08:23:32.971154100,0.105154100,1
'2026-08-22 08:23:32.971154200,0.105154200,0
'2026-08-22 08:23:32.971154900,0.105154900,1
'2026-08-22 08:23:32.971155000,0.105155000,0
'2026-08-22 08:23:32.971155200,0.105155200,1
'2026-08-22 08:23:32.971155400,0.105155400,0
'2026-08-22 08:23:32.971155900,0.105155900,1
'2026-08-22 08:23:32.971156200,0.105156200,0
'2026-08-22 08:23:32.971156500,0.105156500,1
'2026-08-22 08:23:32.971156600,0.105156600,0
'2026-08-22 08:23:32.971157000,0.105157000,1
'2026-08-22 08:23:32.971157200,0.105157200,0
'2026-08-22 08:23:32.971157600,0.105157600,1
'2026-08-22 08:23:32.971158000,0.105158000,0
'2026-08-22 08:23:32.971158200,0.105158200,1
'2026-08-22 08:23:32.971158400,0.105158400,0
'2026-08-22 08:23:32.971158700,0.105158700,1
'2026-08-22 08:23:32.971158900,0.105158900,0
'2026-08-22 08:23:32.971159300,0.105159300,1
'2026-08-22 08:23:32.971159400,0.105159400,0
'2026-08-22 08:23:32.971159800,0.105159800,1
'2026-08-22 08:23:32.971159900,0.105159900,0
'2026-08-22 08:23:32.971161100,0.105161100,1
'2026-08-22 08:23:32.971161200,0.105161200,0
'2026-08-22 08:23:32.971161700,0.105161700,1
'2026-08-22 08:23:32.971161800,0.105161800,0
'2026-08-22 08:23:32.971164300,0.105164300,1
'2026-08-22 08:23:32.971179400,0.105179400,0
'2026-08-22 08:23:32.971179500,0.105179500,1
'2026-08-22 08:23:32.971179600,0.105179600,0
'2026-08-22 08:23:32.971179700,0.105179700,1
'2026-08-22 08:23:32.971179900,0.105179900,0
'2026-08-22 08:23:32.971182200,0.105182200,1
'2026-08-22 08:23:32.971182300,0.105182300,0
'2026-08-22 08:23:32.971184500,0.105184500,1
'2026-08-22 08:23:32.971184600,0.105184600,0
'2026-08-22 08:23:32.971185100,0.105185100,1
'2026-08-22 08:23:32.971185300,0.105185300,0
'2026-08-22 08:23:32.971185600,0.105185600,1
'2026-08-22 08:23:32.971185800,0.105185800,0
'2026-08-22 08:23:32.971186100,0.105186100,1
'2026-08-22 08:23:32.971186200,0.105186200,0
'2026-08-22 08:23:32.971186300,0.105186300,1
'2026-08-22 08:23:32.971186400,0.105186400,0
'2026-08-22 08:23:32.971186500,0.105186500,1
'2026-08-22 08:23:32.971186600,0.105186600,0
'2026-08-22 08:23:32.971186700,0.105186700,1
'2026-08-22 08:23:32.971186800,0.105186800,0
'2026-08-22 08:23:32.971186900,0.105186900,1
'2026-08-22 08:23:32.971187000,0.105187000,0
'2026-08-22 08:23:32.971187100,0.105187100,1
'2026-08-22 08:23:32.971187300,0.105187300,0
'2026-08-22 08:23:32.971188000,0.105188000,1
'2026-08-22 08:23:32.971188100,0.105188100,0
'2026-08-22 08:23:32.971188300,0.105188300,1
'2026-08-22 08:23:32.971188500,0.105188500,0
'2026-08-22 08:23:32.971188900,0.105188900,1
'2026-08-22 08:23:32.971602400,0.105602400,0
'2026-08-22 08:23:32.971607400,0.105607400,1
'2026-08-22 08:23:32.971621700,0.105621700,0
'2026-08-22 08:23:32.971633500,0.105633500,1
'2026-08-22 08:23:32.971647900,0.105647900,0
'2026-08-22 08:23:32.971659600,0.105659600,1
'2026-08-22 08:23:32.971673800,0.105673800,0
'2026-08-22 08:23:32.971673900,0.105673900,1
'2026-08-22 08:23:32.971674100,0.105674100,0
'2026-08-22 08:23:32.971678100,0.105678100,1
'2026-08-22 08:23:32.971678200,0.105678200,0
'2026-08-22 08:23:32.971685600,0.105685600,1
'2026-08-22 08:23:32.971700100,0.105700100,0
'2026-08-22 08:23:32.971709600,0.105709600,1
'2026-08-22 08:23:32.971709700,0.105709700,0
'2026-08-22 08:23:32.971711700,0.105711700,1
'2026-08-22 08:23:32.971726100,0.105726100,0
'2026-08-22 08:23:32.971737800,0.105737800,1
'2026-08-22 08:23:32.971752200,0.105752200,0
'2026-08-22 08:23:32.971752300,0.105752300,1
'2026-08-22 08:23:32.971752400,0.105752400,0
'2026-08-22 08:23:32.971753500,0.105753500,1
'2026-08-22 08:23:32.971753600,0.105753600,0
'2026-08-22 08:23:32.971759900,0.105759900,1
'2026-08-22 08:23:32.971760000,0.105760000,0
'2026-08-22 08:23:32.971761100,0.105761100,1
'2026-08-22 08:23:32.971761200,0.105761200,0
'2026-08-22 08:23:32.971763900,0.105763900,1
'2026-08-22 08:23:32.971778200,0.105778200,0
'2026-08-22 08:23:32.971778300,0.105778300,1
'2026-08-22 08:23:32.971778400,0.105778400,0
'2026-08-22 08:23:32.971779800,0.105779800,1
'2026-08-22 08:23:32.971779900,0.105779900,0
'2026-08-22 08:23:32.971780900,0.105780900,1
'2026-08-22 08:23:32.971781000,0.105781000,0
'2026-08-22 08:23:32.971783900,0.105783900,1
'2026-08-22 08:23:32.971784000,0.105784000,0
'2026-08-22 08:23:32.971787000,0.105787000,1
'2026-08-22 08:23:32.971787100,0.105787100,0
'2026-08-22 08:23:32.971788000,0.105788000,1
'2026-08-22 08:23:32.971788100,0.105788100,0
'2026-08-22 08:23:32.971790000,0.105790000,1
'2026-08-22 08:23:32.971804500,0.105804500,0
'2026-08-22 08:23:32.971811900,0.105811900,1
'2026-08-22 08:23:32.971812000,0.105812000,0
'2026-08-22 08:23:32.971816000,0.105816000,1
'2026-08-22 08:23:32.971830400,0.105830400,0
'2026-08-22 08:23:32.971830600,0.105830600,1
'2026-08-22 08:23:32.971830700,0.105830700,0
'2026-08-22 08:23:32.971831700,0.105831700,1
'2026-08-22 08:23:32.971831800,0.105831800,0
'2026-08-22 08:23:32.971832500,0.105832500,1
'2026-08-22 08:23:32.971832600,0.105832600,0
'2026-08-22 08:23:32.971832900,0.105832900,1
'2026-08-22 08:23:32.971833000,0.105833000,0
'2026-08-22 08:23:32.971835800,0.105835800,1
'2026-08-22 08:23:32.971835900,0.105835900,0
'2026-08-22 08:23:32.971842100,0.105842100,1
'2026-08-22 08:23:32.971856600,0.105856600,0
'2026-08-22 08:23:32.971856900,0.105856900,1
'2026-08-22 08:23:32.971857000,0.105857000,0
'2026-08-22 08:23:32.971858700,0.105858700,1
'2026-08-22 08:23:32.971858800,0.105858800,0
'2026-08-22 08:23:32.971860500,0.105860500,1
'2026-08-22 08:23:32.971860600,0.105860600,0
'2026-08-22 08:23:32.971862100,0.105862100,1
'2026-08-22 08:23:32.971862200,0.105862200,0
'2026-08-22 08:23:32.971862300,0.105862300,1
'2026-08-22 08:23:32.971862600,0.105862600,0
'2026-08-22 08:23:32.971868200,0.105868200,1
'2026-08-22 08:23:32.971882800,0.105882800,0
'2026-08-22 08:23:32.971883100,0.105883100,1
'2026-08-22 08:23:32.971883300,0.105883300,0
'2026-08-22 08:23:32.971883700,0.105883700,1
'2026-08-22 08:23:32.971883800,0.105883800,0
'2026-08-22 08:23:32.971884300,0.105884300,1
'2026-08-22 08:23:32.971884400,0.105884400,0
'2026-08-22 08:23:32.971885500,0.105885500,1
'2026-08-22 08:23:32.971885600,0.105885600,0
'2026-08-22 08:23:32.971886100,0.105886100,1
'2026-08-22 08:23:32.971886200,0.105886200,0
'2026-08-22 08:23:32.971888400,0.105888400,1
'2026-08-22 08:23:32.971888500,0.105888500,0
'2026-08-22 08:23:32.971890600,0.105890600,1
'2026-08-22 08:23:32.971890700,0.105890700,0
'2026-08-22 08:23:32.971890800,0.105890800,1
'2026-08-22 08:23:32.971890900,0.105890900,0
'2026-08-22 08:23:32.971891300,0.105891300,1
'2026-08-22 08:23:32.971891400,0.105891400,0
'2026-08-22 08:23:32.971891900,0.105891900,1
'2026-08-22 08:23:32.971892000,0.105892000,0
'2026-08-22 08:23:32.971893700,0.105893700,1
'2026-08-22 08:23:32.971893800,0.105893800,0
'2026-08-22 08:23:32.971894300,0.105894300,1
'2026-08-22 08:23:32.971908600,0.105908600,0
'2026-08-22 08:23:32.971908700,0.105908700,1
'2026-08-22 08:23:32.971908800,0.105908800,0
'2026-08-22 08:23:32.971908900,0.105908900,1
'2026-08-22 08:23:32.971909000,0.105909000,0
'2026-08-22 08:23:32.971909500,0.105909500,1
'2026-08-22 08:23:32.971909600,0.105909600,0
'2026-08-22 08:23:32.971910000,0.105910000,1
'2026-08-22 08:23:32.971910100,0.105910100,0
'2026-08-22 08:23:32.971911100,0.105911100,1
'2026-08-22 08:23:32.971911200,0.105911200,0
'2026-08-22 08:23:32.971912100,0.105912100,1
'2026-08-22 08:23:32.971912200,0.105912200,0
'2026-08-22 08:23:32.971912400,0.105912400,1
'2026-08-22 08:23:32.971912500,0.105912500,0
'2026-08-22 08:23:32.971912900,0.105912900,1
'2026-08-22 08:23:32.971913100,0.105913100,0
'2026-08-22 08:23:32.971913500,0.105913500,1
'2026-08-22 08:23:32.971913600,0.105913600,0
'2026-08-22 08:23:32.971913800,0.105913800,1
'2026-08-22 08:23:32.971913900,0.105913900,0
'2026-08-22 08:23:32.971914700,0.105914700,1
'2026-08-22 08:23:32.971914800,0.105914800,0
'2026-08-22 08:23:32.971915500,0.105915500,1
'2026-08-22 08:23:32.971915600,0.105915600,0
'2026-08-22 08:23:32.971915900,0.105915900,1
'2026-08-22 08:23:32.971916000,0.105916000,0
'2026-08-22 08:23:32.971920300,0.105920300,1
'2026-08-22 08:23:32.971934900,0.105934900,0
'2026-08-22 08:23:32.971935100,0.105935100,1
'2026-08-22 08:23:32.971935300,0.105935300,0
'2026-08-22 08:23:32.971935700,0.105935700,1
'2026-08-22 08:23:32.971935800,0.105935800,0
'2026-08-22 08:23:32.971936300,0.105936300,1
'2026-08-22 08:23:32.971936400,0.105936400,0
'2026-08-22 08:23:32.971937500,0.105937500,1
'2026-08-22 08:23:32.971937600,0.105937600,0
'2026-08-22 08:23:32.971938900,0.105938900,1
'2026-08-22 08:23:32.971939100,0.105939100,0
'2026-08-22 08:23:32.971939500,0.105939500,1
'2026-08-22 08:23:32.971939600,0.105939600,0
'2026-08-22 08:23:32.971940200,0.105940200,1
'2026-08-22 08:23:32.971940300,0.105940300,0
'2026-08-22 08:23:32.971941100,0.105941100,1
'2026-08-22 08:23:32.971941200,0.105941200,0
'2026-08-22 08:23:32.971941600,0.105941600,1
'2026-08-22 08:23:32.971941700,0.105941700,0
'2026-08-22 08:23:32.971942200,0.105942200,1
'2026-08-22 08:23:32.971942300,0.105942300,0
'2026-08-22 08:23:32.971942700,0.105942700,1
'2026-08-22 08:23:32.971942800,0.105942800,0
'2026-08-22 08:23:32.971943300,0.105943300,1
'2026-08-22 08:23:32.971943400,0.105943400,0
'2026-08-22 08:23:32.971943900,0.105943900,1
'2026-08-22 08:23:32.971944000,0.105944000,0
'2026-08-22 08:23:32.971945100,0.105945100,1
'2026-08-22 08:23:32.971945200,0.105945200,0
'2026-08-22 08:23:32.971946200,0.105946200,1
'2026-08-22 08:23:32.971946300,0.105946300,0
'2026-08-22 08:23:32.971946400,0.105946400,1
'2026-08-22 08:23:32.971960900,0.105960900,0
'2026-08-22 08:23:32.971961200,0.105961200,1
'2026-08-22 08:23:32.971961400,0.105961400,0
'2026-08-22 08:23:32.971962000,0.105962000,1
'2026-08-22 08:23:32.971962200,0.105962200,0
'2026-08-22 08:23:32.971964400,0.105964400,1
'2026-08-22 08:23:32.971964500,0.105964500,0
'2026-08-22 08:23:32.971964900,0.105964900,1
'2026-08-22 08:23:32.971965000,0.105965000,0
'2026-08-22 08:23:32.971965500,0.105965500,1
'2026-08-22 08:23:32.971965600,0.105965600,0
'2026-08-22 08:23:32.971966700,0.105966700,1
'2026-08-22 08:23:32.971966800,0.105966800,0
'2026-08-22 08:23:32.971967300,0.105967300,1
'2026-08-22 08:23:32.971967400,0.105967400,0
'2026-08-22 08:23:32.971967900,0.105967900,1
'2026-08-22 08:23:32.971968000,0.105968000,0
'2026-08-22 08:23:32.971971300,0.105971300,1
'2026-08-22 08:23:32.971971400,0.105971400,0
'2026-08-22 08:23:32.971972500,0.105972500,1
'2026-08-22 08:23:32.971987000,0.105987000,0
'2026-08-22 08:23:32.971987100,0.105987100,1
'2026-08-22 08:23:32.971987200,0.105987200,0
'2026-08-22 08:23:32.971987500,0.105987500,1
'2026-08-22 08:23:32.971987600,0.105987600,0
'2026-08-22 08:23:32.971987700,0.105987700,1
'2026-08-22 08:23:32.971987800,0.105987800,0
'2026-08-22 08:23:32.971988300,0.105988300,1
'2026-08-22 08:23:32.971988400,0.105988400,0
'2026-08-22 08:23:32.971988900,0.105988900,1
'2026-08-22 08:23:32.971989000,0.105989000,0
'2026-08-22 08:23:32.971990100,0.105990100,1
'2026-08-22 08:23:32.971990200,0.105990200,0
'2026-08-22 08:23:32.971991200,0.105991200,1
'2026-08-22 08:23:32.971991300,0.105991300,0
'2026-08-22 08:23:32.971991500,0.105991500,1
'2026-08-22 08:23:32.971991600,0.105991600,0
'2026-08-22 08:23:32.971991800,0.105991800,1
'2026-08-22 08:23:32.971992000,0.105992000,0
'2026-08-22 08:23:32.971992400,0.105992400,1
'2026-08-22 08:23:32.971992500,0.105992500,0
'2026-08-22 08:23:32.971992900,0.105992900,1
'2026-08-22 08:23:32.971993100,0.105993100,0
'2026-08-22 08:23:32.971993300,0.105993300,1
'2026-08-22 08:23:32.971993400,0.105993400,0
'2026-08-22 08:23:32.971994700,0.105994700,1
'2026-08-22 08:23:32.971994800,0.105994800,0
'2026-08-22 08:23:32.971995200,0.105995200,1
'2026-08-22 08:23:32.971995400,0.105995400,0
'2026-08-22 08:23:32.971996500,0.105996500,1
'2026-08-22 08:23:32.971996600,0.105996600,0
'2026-08-22 08:23:32.971997100,0.105997100,1
'2026-08-22 08:23:32.971997200,0.105997200,0
'2026-08-22 08:23:32.971997600,0.105997600,1
'2026-08-22 08:23:32.971997800,0.105997800,0
'2026-08-22 08:23:32.971998500,0.105998500,1
'2026-08-22 08:23:32.972429900,0.106429900,0
'2026-08-22 08:23:32.972441600,0.106441600,1
'2026-08-22 08:23:32.972456000,0.106456000,0
'2026-08-22 08:23:32.972456100,0.106456100,1
'2026-08-22 08:23:32.972456200,0.106456200,0
'2026-08-22 08:23:32.972460300,0.106460300,1
'2026-08-22 08:23:32.972460400,0.106460400,0
'2026-08-22 08:23:32.972467700,0.106467700,1
'2026-08-22 08:23:32.972482100,0.106482100,0
'2026-08-22 08:23:32.972482400,0.106482400,1
'2026-08-22 08:23:32.972482500,0.106482500,0
'2026-08-22 08:23:32.972492900,0.106492900,1
'2026-08-22 08:23:32.972493000,0.106493000,0
'2026-08-22 08:23:32.972493800,0.106493800,1
'2026-08-22 08:23:32.972508200,0.106508200,0
'2026-08-22 08:23:32.972509800,0.106509800,1
'2026-08-22 08:23:32.972509900,0.106509900,0
'2026-08-22 08:23:32.972519900,0.106519900,1
'2026-08-22 08:23:32.972534200,0.106534200,0
'2026-08-22 08:23:32.972534300,0.106534300,1
'2026-08-22 08:23:32.972534400,0.106534400,0
'2026-08-22 08:23:32.972536100,0.106536100,1
'2026-08-22 08:23:32.972536200,0.106536200,0
'2026-08-22 08:23:32.972545900,0.106545900,1
'2026-08-22 08:23:32.972560200,0.106560200,0
'2026-08-22 08:23:32.972565300,0.106565300,1
'2026-08-22 08:23:32.972565400,0.106565400,0
'2026-08-22 08:23:32.972572000,0.106572000,1
'2026-08-22 08:23:32.972586400,0.106586400,0
'2026-08-22 08:23:32.972598100,0.106598100,1
'2026-08-22 08:23:32.972612700,0.106612700,0
'2026-08-22 08:23:32.972622500,0.106622500,1
'2026-08-22 08:23:32.972622600,0.106622600,0
'2026-08-22 08:23:32.972624200,0.106624200,1
'2026-08-22 08:23:32.972638700,0.106638700,0
'2026-08-22 08:23:32.972638900,0.106638900,1
'2026-08-22 08:23:32.972639000,0.106639000,0
'2026-08-22 08:23:32.972639500,0.106639500,1
'2026-08-22 08:23:32.972639600,0.106639600,0
'2026-08-22 08:23:32.972640700,0.106640700,1
'2026-08-22 08:23:32.972640800,0.106640800,0
'2026-08-22 08:23:32.972641800,0.106641800,1
'2026-08-22 08:23:32.972641900,0.106641900,0
'2026-08-22 08:23:32.972643000,0.106643000,1
'2026-08-22 08:23:32.972643100,0.106643100,0
'2026-08-22 08:23:32.972645300,0.106645300,1
'2026-08-22 08:23:32.972645400,0.106645400,0
'2026-08-22 08:23:32.972645600,0.106645600,1
'2026-08-22 08:23:32.972645700,0.106645700,0
'2026-08-22 08:23:32.972650200,0.106650200,1
'2026-08-22 08:23:32.972664800,0.106664800,0
'2026-08-22 08:23:32.972665700,0.106665700,1
'2026-08-22 08:23:32.972665900,0.106665900,0
'2026-08-22 08:23:32.972670600,0.106670600,1
'2026-08-22 08:23:32.972670700,0.106670700,0
'2026-08-22 08:23:32.972671100,0.106671100,1
'2026-08-22 08:23:32.972671200,0.106671200,0
'2026-08-22 08:23:32.972672200,0.106672200,1
'2026-08-22 08:23:32.972672300,0.106672300,0
'2026-08-22 08:23:32.972675700,0.106675700,1
'2026-08-22 08:23:32.972675800,0.106675800,0
'2026-08-22 08:23:32.972676300,0.106676300,1
'2026-08-22 08:23:32.972690600,0.106690600,0
'2026-08-22 08:23:32.972690700,0.106690700,1
'2026-08-22 08:23:32.972691000,0.106691000,0
'2026-08-22 08:23:32.972691700,0.106691700,1
'2026-08-22 08:23:32.972691800,0.106691800,0
'2026-08-22 08:23:32.972692100,0.106692100,1
'2026-08-22 08:23:32.972692200,0.106692200,0
'2026-08-22 08:23:32.972694400,0.106694400,1
'2026-08-22 08:23:32.972694500,0.106694500,0
'2026-08-22 08:23:32.972695000,0.106695000,1
'2026-08-22 08:23:32.972695100,0.106695100,0
'2026-08-22 08:23:32.972695600,0.106695600,1
'2026-08-22 08:23:32.972695700,0.106695700,0
'2026-08-22 08:23:32.972696100,0.106696100,1
'2026-08-22 08:23:32.972696200,0.106696200,0
'2026-08-22 08:23:32.972698500,0.106698500,1
'2026-08-22 08:23:32.972698600,0.106698600,0
'2026-08-22 08:23:32.972702000,0.106702000,1
'2026-08-22 08:23:32.972702100,0.106702100,0
'2026-08-22 08:23:32.972702400,0.106702400,1
'2026-08-22 08:23:32.972716800,0.106716800,0
'2026-08-22 08:23:32.972717800,0.106717800,1
'2026-08-22 08:23:32.972717900,0.106717900,0
'2026-08-22 08:23:32.972722400,0.106722400,1
'2026-08-22 08:23:32.972722500,0.106722500,0
'2026-08-22 08:23:32.972724800,0.106724800,1
'2026-08-22 08:23:32.972724900,0.106724900,0
'2026-08-22 08:23:32.972725300,0.106725300,1
'2026-08-22 08:23:32.972725500,0.106725500,0
'2026-08-22 08:23:32.972726500,0.106726500,1
'2026-08-22 08:23:32.972726600,0.106726600,0
'2026-08-22 08:23:32.972727700,0.106727700,1
'2026-08-22 08:23:32.972727800,0.106727800,0
'2026-08-22 08:23:32.972728500,0.106728500,1
'2026-08-22 08:23:32.972743000,0.106743000,0
'2026-08-22 08:23:32.972743900,0.106743900,1
'2026-08-22 08:23:32.972744000,0.106744000,0
'2026-08-22 08:23:32.972745200,0.106745200,1
'2026-08-22 08:23:32.972745300,0.106745300,0
'2026-08-22 08:23:32.972745800,0.106745800,1
'2026-08-22 08:23:32.972746000,0.106746000,0
'2026-08-22 08:23:32.972754400,0.106754400,1
'2026-08-22 08:23:32.972769000,0.106769000,0
'2026-08-22 08:23:32.972776200,0.106776200,1
'2026-08-22 08:23:32.972776300,0.106776300,0
'2026-08-22 08:23:32.972780600,0.106780600,1
'2026-08-22 08:23:32.972795700,0.106795700,0
'2026-08-22 08:23:32.972796000,0.106796000,1
'2026-08-22 08:23:32.972796400,0.106796400,0
'2026-08-22 08:23:32.972796600,0.106796600,1
'2026-08-22 08:23:32.972796800,0.106796800,0
'2026-08-22 08:23:32.972797800,0.106797800,1
'2026-08-22 08:23:32.972797900,0.106797900,0
'2026-08-22 08:23:32.972799000,0.106799000,1
'2026-08-22 08:23:32.972799100,0.106799100,0
'2026-08-22 08:23:32.972801900,0.106801900,1
'2026-08-22 08:23:32.972802000,0.106802000,0
'2026-08-22 08:23:32.972803100,0.106803100,1
'2026-08-22 08:23:32.972803200,0.106803200,0
'2026-08-22 08:23:32.972804200,0.106804200,1
'2026-08-22 08:23:32.972804300,0.106804300,0
'2026-08-22 08:23:32.972805300,0.106805300,1
'2026-08-22 08:23:32.972805600,0.106805600,0
'2026-08-22 08:23:32.972806500,0.106806500,1
'2026-08-22 08:23:32.972821300,0.106821300,0
'2026-08-22 08:23:32.972821500,0.106821500,1
'2026-08-22 08:23:32.972821600,0.106821600,0
'2026-08-22 08:23:32.972821800,0.106821800,1
'2026-08-22 08:23:32.972821900,0.106821900,0
'2026-08-22 08:23:32.972822300,0.106822300,1
'2026-08-22 08:23:32.972822400,0.106822400,0
'2026-08-22 08:23:32.972822500,0.106822500,1
'2026-08-22 08:23:32.972822600,0.106822600,0
'2026-08-22 08:23:32.972822900,0.106822900,1
'2026-08-22 08:23:32.972823000,0.106823000,0
'2026-08-22 08:23:32.972823500,0.106823500,1
'2026-08-22 08:23:32.972823700,0.106823700,0
'2026-08-22 08:23:32.972824100,0.106824100,1
'2026-08-22 08:23:32.972824200,0.106824200,0
'2026-08-22 08:23:32.972824700,0.106824700,1
'2026-08-22 08:23:32.972824800,0.106824800,0
'2026-08-22 08:23:32.972825200,0.106825200,1
'2026-08-22 08:23:32.972825400,0.106825400,0
'2026-08-22 08:23:32.972825700,0.106825700,1
'2026-08-22 08:23:32.972826000,0.106826000,0
'2026-08-22 08:23:32.972827000,0.106827000,1
'2026-08-22 08:23:32.972827100,0.106827100,0
'2026-08-22 08:23:32.972828200,0.106828200,1
'2026-08-22 08:23:32.972828300,0.106828300,0
'2026-08-22 08:23:32.972828800,0.106828800,1
'2026-08-22 08:23:32.972828900,0.106828900,0
'2026-08-22 08:23:32.972829300,0.106829300,1
'2026-08-22 08:23:32.972829500,0.106829500,0
'2026-08-22 08:23:32.972829900,0.106829900,1
'2026-08-22 08:23:32.972830000,0.106830000,0
'2026-08-22 08:23:32.972832300,0.106832300,1
'2026-08-22 08:23:32.972832500,0.106832500,0
'2026-08-22 08:23:32.972832800,0.106832800,1
'2026-08-22 08:23:32.973248800,0.107248800,0
'2026-08-22 08:23:32.973249800,0.107249800,1
'2026-08-22 08:23:32.973264100,0.107264100,0
'2026-08-22 08:23:32.973275900,0.107275900,1
'2026-08-22 08:23:32.973290100,0.107290100,0
'2026-08-22 08:23:32.973290300,0.107290300,1
'2026-08-22 08:23:32.973290400,0.107290400,0
'2026-08-22 08:23:32.973301900,0.107301900,1
'2026-08-22 08:23:32.973316300,0.107316300,0
'2026-08-22 08:23:32.973318500,0.107318500,1
'2026-08-22 08:23:32.973318600,0.107318600,0
'2026-08-22 08:23:32.973328000,0.107328000,1
'2026-08-22 08:23:32.973342400,0.107342400,0
'2026-08-22 08:23:32.973348100,0.107348100,1
'2026-08-22 08:23:32.973348200,0.107348200,0
'2026-08-22 08:23:32.973349300,0.107349300,1
'2026-08-22 08:23:32.973349400,0.107349400,0
'2026-08-22 08:23:32.973354100,0.107354100,1
'2026-08-22 08:23:32.973368500,0.107368500,0
'2026-08-22 08:23:32.973369800,0.107369800,1
'2026-08-22 08:23:32.973369900,0.107369900,0
'2026-08-22 08:23:32.973372100,0.107372100,1
'2026-08-22 08:23:32.973372200,0.107372200,0
'2026-08-22 08:23:32.973380200,0.107380200,1
'2026-08-22 08:23:32.973394600,0.107394600,0
'2026-08-22 08:23:32.973398400,0.107398400,1
'2026-08-22 08:23:32.973398500,0.107398500,0
'2026-08-22 08:23:32.973400700,0.107400700,1
'2026-08-22 08:23:32.973400800,0.107400800,0
'2026-08-22 08:23:32.973406300,0.107406300,1
'2026-08-22 08:23:32.973420800,0.107420800,0
'2026-08-22 08:23:32.973421000,0.107421000,1
'2026-08-22 08:23:32.973421100,0.107421100,0
'2026-08-22 08:23:32.973427100,0.107427100,1
'2026-08-22 08:23:32.973427200,0.107427200,0
'2026-08-22 08:23:32.973432300,0.107432300,1
'2026-08-22 08:23:32.973446700,0.107446700,0
'2026-08-22 08:23:32.973446800,0.107446800,1
'2026-08-22 08:23:32.973447000,0.107447000,0
'2026-08-22 08:23:32.973448100,0.107448100,1
'2026-08-22 08:23:32.973448200,0.107448200,0
'2026-08-22 08:23:32.973449800,0.107449800,1
'2026-08-22 08:23:32.973449900,0.107449900,0
'2026-08-22 08:23:32.973451600,0.107451600,1
'2026-08-22 08:23:32.973451700,0.107451700,0
'2026-08-22 08:23:32.973458400,0.107458400,1
'2026-08-22 08:23:32.973472900,0.107472900,0
'2026-08-22 08:23:32.973484500,0.107484500,1
'2026-08-22 08:23:32.973499200,0.107499200,0
'2026-08-22 08:23:32.973499300,0.107499300,1
'2026-08-22 08:23:32.973499400,0.107499400,0
'2026-08-22 08:23:32.973501300,0.107501300,1
'2026-08-22 08:23:32.973501400,0.107501400,0
'2026-08-22 08:23:32.973503100,0.107503100,1
'2026-08-22 08:23:32.973503200,0.107503200,0
'2026-08-22 08:23:32.973505900,0.107505900,1
'2026-08-22 08:23:32.973506000,0.107506000,0
'2026-08-22 08:23:32.973510600,0.107510600,1
'2026-08-22 08:23:32.973525000,0.107525000,0
'2026-08-22 08:23:32.973526900,0.107526900,1
'2026-08-22 08:23:32.973527000,0.107527000,0
'2026-08-22 08:23:32.973527500,0.107527500,1
'2026-08-22 08:23:32.973527600,0.107527600,0
'2026-08-22 08:23:32.973528100,0.107528100,1
'2026-08-22 08:23:32.973528200,0.107528200,0
'2026-08-22 08:23:32.973528700,0.107528700,1
'2026-08-22 08:23:32.973528800,0.107528800,0
'2026-08-22 08:23:32.973529300,0.107529300,1
'2026-08-22 08:23:32.973529400,0.107529400,0
'2026-08-22 08:23:32.973529900,0.107529900,1
'2026-08-22 08:23:32.973530100,0.107530100,0
'2026-08-22 08:23:32.973530400,0.107530400,1
'2026-08-22 08:23:32.973530500,0.107530500,0
'2026-08-22 08:23:32.973536600,0.107536600,1
'2026-08-22 08:23:32.973551100,0.107551100,0
'2026-08-22 08:23:32.973551500,0.107551500,1
'2026-08-22 08:23:32.973551600,0.107551600,0
'2026-08-22 08:23:32.973552100,0.107552100,1
'2026-08-22 08:23:32.973552200,0.107552200,0
'2026-08-22 08:23:32.973557900,0.107557900,1
'2026-08-22 08:23:32.973558100,0.107558100,0
'2026-08-22 08:23:32.973559000,0.107559000,1
'2026-08-22 08:23:32.973559100,0.107559100,0
'2026-08-22 08:23:32.973559600,0.107559600,1
'2026-08-22 08:23:32.973559800,0.107559800,0
'2026-08-22 08:23:32.973559900,0.107559900,1
'2026-08-22 08:23:32.973560000,0.107560000,0
'2026-08-22 08:23:32.973560800,0.107560800,1
'2026-08-22 08:23:32.973560900,0.107560900,0
'2026-08-22 08:23:32.973562700,0.107562700,1
'2026-08-22 08:23:32.973577300,0.107577300,0
'2026-08-22 08:23:32.973579300,0.107579300,1
'2026-08-22 08:23:32.973579400,0.107579400,0
'2026-08-22 08:23:32.973579500,0.107579500,1
'2026-08-22 08:23:32.973579600,0.107579600,0
'2026-08-22 08:23:32.973580700,0.107580700,1
'2026-08-22 08:23:32.973580800,0.107580800,0
'2026-08-22 08:23:32.973584200,0.107584200,1
'2026-08-22 08:23:32.973584300,0.107584300,0
'2026-08-22 08:23:32.973587100,0.107587100,1
'2026-08-22 08:23:32.973587200,0.107587200,0
'2026-08-22 08:23:32.973587700,0.107587700,1
'2026-08-22 08:23:32.973587800,0.107587800,0
'2026-08-22 08:23:32.973588800,0.107588800,1
'2026-08-22 08:23:32.973603200,0.107603200,0
'2026-08-22 08:23:32.973603300,0.107603300,1
'2026-08-22 08:23:32.973603400,0.107603400,0
'2026-08-22 08:23:32.973603500,0.107603500,1
'2026-08-22 08:23:32.973603600,0.107603600,0
'2026-08-22 08:23:32.973603700,0.107603700,1
'2026-08-22 08:23:32.973603800,0.107603800,0
'2026-08-22 08:23:32.973604000,0.107604000,1
'2026-08-22 08:23:32.973604200,0.107604200,0
'2026-08-22 08:23:32.973605200,0.107605200,1
'2026-08-22 08:23:32.973605300,0.107605300,0
'2026-08-22 08:23:32.973605800,0.107605800,1
'2026-08-22 08:23:32.973605900,0.107605900,0
'2026-08-22 08:23:32.973607500,0.107607500,1
'2026-08-22 08:23:32.973607600,0.107607600,0
'2026-08-22 08:23:32.973608100,0.107608100,1
'2026-08-22 08:23:32.973608200,0.107608200,0
'2026-08-22 08:23:32.973608700,0.107608700,1
'2026-08-22 08:23:32.973608800,0.107608800,0
'2026-08-22 08:23:32.973609300,0.107609300,1
'2026-08-22 08:23:32.973609500,0.107609500,0
'2026-08-22 08:23:32.973610500,0.107610500,1
'2026-08-22 08:23:32.973610600,0.107610600,0
'2026-08-22 08:23:32.973611600,0.107611600,1
'2026-08-22 08:23:32.973611800,0.107611800,0
'2026-08-22 08:23:32.973612200,0.107612200,1
'2026-08-22 08:23:32.973612300,0.107612300,0
'2026-08-22 08:23:32.973613500,0.107613500,1
'2026-08-22 08:23:32.973613600,0.107613600,0
'2026-08-22 08:23:32.973614500,0.107614500,1
'2026-08-22 08:23:32.973614600,0.107614600,0
'2026-08-22 08:23:32.973614900,0.107614900,1
'2026-08-22 08:23:32.973629500,0.107629500,0
'2026-08-22 08:23:32.973629600,0.107629600,1
'2026-08-22 08:23:32.973629800,0.107629800,0
'2026-08-22 08:23:32.973630900,0.107630900,1
'2026-08-22 08:23:32.973631000,0.107631000,0
'2026-08-22 08:23:32.973631100,0.107631100,1
'2026-08-22 08:23:32.973631200,0.107631200,0
'2026-08-22 08:23:32.973631500,0.107631500,1
'2026-08-22 08:23:32.973631800,0.107631800,0
'2026-08-22 08:23:32.973632100,0.107632100,1
'2026-08-22 08:23:32.973632200,0.107632200,0
'2026-08-22 08:23:32.973632700,0.107632700,1
'2026-08-22 08:23:32.973632800,0.107632800,0
'2026-08-22 08:23:32.973633200,0.107633200,1
'2026-08-22 08:23:32.973633400,0.107633400,0
'2026-08-22 08:23:32.973636200,0.107636200,1
'2026-08-22 08:23:32.973636300,0.107636300,0
'2026-08-22 08:23:32.973636700,0.107636700,1
'2026-08-22 08:23:32.973636800,0.107636800,0
'2026-08-22 08:23:32.973638500,0.107638500,1
'2026-08-22 08:23:32.973638600,0.107638600,0
'2026-08-22 08:23:32.973639100,0.107639100,1
'2026-08-22 08:23:32.973639200,0.107639200,0
'2026-08-22 08:23:32.973639600,0.107639600,1
'2026-08-22 08:23:32.973639800,0.107639800,0
'2026-08-22 08:23:32.973640800,0.107640800,1
'2026-08-22 08:23:32.973655600,0.107655600,0
'2026-08-22 08:23:32.973656000,0.107656000,1
'2026-08-22 08:23:32.973656100,0.107656100,0
'2026-08-22 08:23:32.973656300,0.107656300,1
'2026-08-22 08:23:32.973656400,0.107656400,0
'2026-08-22 08:23:32.973656600,0.107656600,1
'2026-08-22 08:23:32.973656700,0.107656700,0
'2026-08-22 08:23:32.973658200,0.107658200,1
'2026-08-22 08:23:32.974072200,0.108072200,0
'2026-08-22 08:23:32.974084000,0.108084000,1
'2026-08-22 08:23:32.974098200,0.108098200,0
'2026-08-22 08:23:32.974110100,0.108110100,1
'2026-08-22 08:23:32.974124600,0.108124600,0
'2026-08-22 08:23:32.974135500,0.108135500,1
'2026-08-22 08:23:32.974135600,0.108135600,0
'2026-08-22 08:23:32.974136200,0.108136200,1
'2026-08-22 08:23:32.974150500,0.108150500,0
'2026-08-22 08:23:32.974150700,0.108150700,1
'2026-08-22 08:23:32.974150800,0.108150800,0
'2026-08-22 08:23:32.974162300,0.108162300,1
'2026-08-22 08:23:32.974176600,0.108176600,0
'2026-08-22 08:23:32.974188300,0.108188300,1
'2026-08-22 08:23:32.974202800,0.108202800,0
'2026-08-22 08:23:32.974205000,0.108205000,1
'2026-08-22 08:23:32.974205100,0.108205100,0
'2026-08-22 08:23:32.974214400,0.108214400,1
'2026-08-22 08:23:32.974229000,0.108229000,0
'2026-08-22 08:23:32.974231300,0.108231300,1
'2026-08-22 08:23:32.974231400,0.108231400,0
'2026-08-22 08:23:32.974235500,0.108235500,1
'2026-08-22 08:23:32.974235600,0.108235600,0
'2026-08-22 08:23:32.974240500,0.108240500,1
'2026-08-22 08:23:32.974255000,0.108255000,0
'2026-08-22 08:23:32.974255300,0.108255300,1
'2026-08-22 08:23:32.974255400,0.108255400,0
'2026-08-22 08:23:32.974258700,0.108258700,1
'2026-08-22 08:23:32.974258800,0.108258800,0
'2026-08-22 08:23:32.974266600,0.108266600,1
'2026-08-22 08:23:32.974281100,0.108281100,0
'2026-08-22 08:23:32.974281500,0.108281500,1
'2026-08-22 08:23:32.974281700,0.108281700,0
'2026-08-22 08:23:32.974283900,0.108283900,1
'2026-08-22 08:23:32.974284000,0.108284000,0
'2026-08-22 08:23:32.974289100,0.108289100,1
'2026-08-22 08:23:32.974289200,0.108289200,0
'2026-08-22 08:23:32.974291500,0.108291500,1
'2026-08-22 08:23:32.974291600,0.108291600,0
'2026-08-22 08:23:32.974292700,0.108292700,1
'2026-08-22 08:23:32.974306900,0.108306900,0
'2026-08-22 08:23:32.974307300,0.108307300,1
'2026-08-22 08:23:32.974307400,0.108307400,0
'2026-08-22 08:23:32.974307900,0.108307900,1
'2026-08-22 08:23:32.974308000,0.108308000,0
'2026-08-22 08:23:32.974310200,0.108310200,1
'2026-08-22 08:23:32.974310300,0.108310300,0
'2026-08-22 08:23:32.974310800,0.108310800,1
'2026-08-22 08:23:32.974310900,0.108310900,0
'2026-08-22 08:23:32.974311300,0.108311300,1
'2026-08-22 08:23:32.974311400,0.108311400,0
'2026-08-22 08:23:32.974311900,0.108311900,1
'2026-08-22 08:23:32.974312000,0.108312000,0
'2026-08-22 08:23:32.974314300,0.108314300,1
'2026-08-22 08:23:32.974314400,0.108314400,0
'2026-08-22 08:23:32.974315500,0.108315500,1
'2026-08-22 08:23:32.974315600,0.108315600,0
'2026-08-22 08:23:32.974318700,0.108318700,1
'2026-08-22 08:23:32.974333200,0.108333200,0
'2026-08-22 08:23:32.974333500,0.108333500,1
'2026-08-22 08:23:32.974333600,0.108333600,0
'2026-08-22 08:23:32.974334100,0.108334100,1
'2026-08-22 08:23:32.974334200,0.108334200,0
'2026-08-22 08:23:32.974335100,0.108335100,1
'2026-08-22 08:23:32.974335200,0.108335200,0
'2026-08-22 08:23:32.974335300,0.108335300,1
'2026-08-22 08:23:32.974335500,0.108335500,0
'2026-08-22 08:23:32.974335900,0.108335900,1
'2026-08-22 08:23:32.974336000,0.108336000,0
'2026-08-22 08:23:32.974342900,0.108342900,1
'2026-08-22 08:23:32.974343000,0.108343000,0
'2026-08-22 08:23:32.974343500,0.108343500,1
'2026-08-22 08:23:32.974343600,0.108343600,0
'2026-08-22 08:23:32.974344800,0.108344800,1
'2026-08-22 08:23:32.974359300,0.108359300,0
'2026-08-22 08:23:32.974361000,0.108361000,1
'2026-08-22 08:23:32.974361100,0.108361100,0
'2026-08-22 08:23:32.974362100,0.108362100,1
'2026-08-22 08:23:32.974362300,0.108362300,0
'2026-08-22 08:23:32.974363900,0.108363900,1
'2026-08-22 08:23:32.974364000,0.108364000,0
'2026-08-22 08:23:32.974364500,0.108364500,1
'2026-08-22 08:23:32.974364600,0.108364600,0
'2026-08-22 08:23:32.974365100,0.108365100,1
'2026-08-22 08:23:32.974365200,0.108365200,0
'2026-08-22 08:23:32.974365700,0.108365700,1
'2026-08-22 08:23:32.974365800,0.108365800,0
'2026-08-22 08:23:32.974366200,0.108366200,1
'2026-08-22 08:23:32.974366400,0.108366400,0
'2026-08-22 08:23:32.974368600,0.108368600,1
'2026-08-22 08:23:32.974368700,0.108368700,0
'2026-08-22 08:23:32.974370900,0.108370900,1
'2026-08-22 08:23:32.974385400,0.108385400,0
'2026-08-22 08:23:32.974385500,0.108385500,1
'2026-08-22 08:23:32.974385600,0.108385600,0
'2026-08-22 08:23:32.974385700,0.108385700,1
'2026-08-22 08:23:32.974385900,0.108385900,0
'2026-08-22 08:23:32.974386100,0.108386100,1
'2026-08-22 08:23:32.974386200,0.108386200,0
'2026-08-22 08:23:32.974389000,0.108389000,1
'2026-08-22 08:23:32.974389200,0.108389200,0
'2026-08-22 08:23:32.974391400,0.108391400,1
'2026-08-22 08:23:32.974391500,0.108391500,0
'2026-08-22 08:23:32.974393100,0.108393100,1
'2026-08-22 08:23:32.974393200,0.108393200,0
'2026-08-22 08:23:32.974393700,0.108393700,1
'2026-08-22 08:23:32.974393800,0.108393800,0
'2026-08-22 08:23:32.974396000,0.108396000,1
'2026-08-22 08:23:32.974396100,0.108396100,0
'2026-08-22 08:23:32.974396600,0.108396600,1
'2026-08-22 08:23:32.974396700,0.108396700,0
'2026-08-22 08:23:32.974396900,0.108396900,1
'2026-08-22 08:23:32.974411600,0.108411600,0
'2026-08-22 08:23:32.974411700,0.108411700,1
'2026-08-22 08:23:32.974412000,0.108412000,0
'2026-08-22 08:23:32.974412100,0.108412100,1
'2026-08-22 08:23:32.974412400,0.108412400,0
'2026-08-22 08:23:32.974414100,0.108414100,1
'2026-08-22 08:23:32.974414400,0.108414400,0
'2026-08-22 08:23:32.974415300,0.108415300,1
'2026-08-22 08:23:32.974415500,0.108415500,0
'2026-08-22 08:23:32.974415900,0.108415900,1
'2026-08-22 08:23:32.974416000,0.108416000,0
'2026-08-22 08:23:32.974416500,0.108416500,1
'2026-08-22 08:23:32.974416600,0.108416600,0
'2026-08-22 08:23:32.974418800,0.108418800,1
'2026-08-22 08:23:32.974418900,0.108418900,0
'2026-08-22 08:23:32.974419500,0.108419500,1
'2026-08-22 08:23:32.974420100,0.108420100,0
'2026-08-22 08:23:32.974420600,0.108420600,1
'2026-08-22 08:23:32.974420700,0.108420700,0
'2026-08-22 08:23:32.974421700,0.108421700,1
'2026-08-22 08:23:32.974421800,0.108421800,0
'2026-08-22 08:23:32.974423000,0.108423000,1
'2026-08-22 08:23:32.974437600,0.108437600,0
'2026-08-22 08:23:32.974438100,0.108438100,1
'2026-08-22 08:23:32.974438200,0.108438200,0
'2026-08-22 08:23:32.974438700,0.108438700,1
'2026-08-22 08:23:32.974438800,0.108438800,0
'2026-08-22 08:23:32.974439500,0.108439500,1
'2026-08-22 08:23:32.974439600,0.108439600,0
'2026-08-22 08:23:32.974439800,0.108439800,1
'2026-08-22 08:23:32.974440000,0.108440000,0
'2026-08-22 08:23:32.974441000,0.108441000,1
'2026-08-22 08:23:32.974441100,0.108441100,0
'2026-08-22 08:23:32.974442200,0.108442200,1
'2026-08-22 08:23:32.974442300,0.108442300,0
'2026-08-22 08:23:32.974442700,0.108442700,1
'2026-08-22 08:23:32.974442900,0.108442900,0
'2026-08-22 08:23:32.974443300,0.108443300,1
'2026-08-22 08:23:32.974443400,0.108443400,0
'2026-08-22 08:23:32.974443900,0.108443900,1
'2026-08-22 08:23:32.974444000,0.108444000,0
'2026-08-22 08:23:32.974444500,0.108444500,1
'2026-08-22 08:23:32.974444600,0.108444600,0
'2026-08-22 08:23:32.974445100,0.108445100,1
'2026-08-22 08:23:32.974445200,0.108445200,0
'2026-08-22 08:23:32.974446300,0.108446300,1
'2026-08-22 08:23:32.974446400,0.108446400,0
'2026-08-22 08:23:32.974446800,0.108446800,1
'2026-08-22 08:23:32.974446900,0.108446900,0
'2026-08-22 08:23:32.974447400,0.108447400,1
'2026-08-22 08:23:32.974447600,0.108447600,0
'2026-08-22 08:23:32.974448600,0.108448600,1
'2026-08-22 08:23:32.974448700,0.108448700,0
'2026-08-22 08:23:32.974449100,0.108449100,1
'2026-08-22 08:23:32.974463600,0.108463600,0
'2026-08-22 08:23:32.974463700,0.108463700,1
'2026-08-22 08:23:32.974464000,0.108464000,0
'2026-08-22 08:23:32.974464400,0.108464400,1
'2026-08-22 08:23:32.974464600,0.108464600,0
'2026-08-22 08:23:32.974464800,0.108464800,1
'2026-08-22 08:23:32.974464900,0.108464900,0
'2026-08-22 08:23:32.974465000,0.108465000,1
'2026-08-22 08:23:32.974465100,0.108465100,0
'2026-08-22 08:23:32.974465500,0.108465500,1
'2026-08-22 08:23:32.974465700,0.108465700,0
'2026-08-22 08:23:32.974465900,0.108465900,1
'2026-08-22 08:23:32.974466000,0.108466000,0
'2026-08-22 08:23:32.974466100,0.108466100,1
'2026-08-22 08:23:32.974466200,0.108466200,0
'2026-08-22 08:23:32.974466700,0.108466700,1
'2026-08-22 08:23:32.974466900,0.108466900,0
'2026-08-22 08:23:32.974468500,0.108468500,1
'2026-08-22 08:23:32.974468600,0.108468600,0
'2026-08-22 08:23:32.974469100,0.108469100,1
'2026-08-22 08:23:32.974469200,0.108469200,0
'2026-08-22 08:23:32.974469800,0.108469800,1
'2026-08-22 08:23:32.974469900,0.108469900,0
'2026-08-22 08:23:32.974470200,0.108470200,1
'2026-08-22 08:23:32.974470300,0.108470300,0
'2026-08-22 08:23:32.974471400,0.108471400,1
'2026-08-22 08:23:32.974471500,0.108471500,0
'2026-08-22 08:23:32.974472600,0.108472600,1
'2026-08-22 08:23:32.974472700,0.108472700,0
'2026-08-22 08:23:32.974473100,0.108473100,1
'2026-08-22 08:23:32.974473300,0.108473300,0
'2026-08-22 08:23:32.974473400,0.108473400,1
'2026-08-22 08:23:32.974473600,0.108473600,0
'2026-08-22 08:23:32.974473700,0.108473700,1
'2026-08-22 08:23:32.974473800,0.108473800,0
'2026-08-22 08:23:32.974474200,0.108474200,1
'2026-08-22 08:23:32.974474400,0.108474400,0
'2026-08-22 08:23:32.974474500,0.108474500,1
'2026-08-22 08:23:32.974474600,0.108474600,0
'2026-08-22 08:23:32.974475200,0.108475200,1
'2026-08-22 08:23:32.974906600,0.108906600,0
'2026-08-22 08:23:32.974907000,0.108907000,1
'2026-08-22 08:23:32.974907100,0.108907100,0
'2026-08-22 08:23:32.974918200,0.108918200,1
'2026-08-22 08:23:32.974932400,0.108932400,0
'2026-08-22 08:23:32.974935100,0.108935100,1
'2026-08-22 08:23:32.974935200,0.108935200,0
'2026-08-22 08:23:32.974944300,0.108944300,1
'2026-08-22 08:23:32.974958600,0.108958600,0
'2026-08-22 08:23:32.974970400,0.108970400,1
'2026-08-22 08:23:32.974984600,0.108984600,0
'2026-08-22 08:23:32.974995900,0.108995900,1
'2026-08-22 08:23:32.974996000,0.108996000,0
'2026-08-22 08:23:32.974996500,0.108996500,1
'2026-08-22 08:23:32.975010800,0.109010800,0
'2026-08-22 08:23:32.975010900,0.109010900,1
'2026-08-22 08:23:32.975011000,0.109011000,0
'2026-08-22 08:23:32.975011100,0.109011100,1
'2026-08-22 08:23:32.975011200,0.109011200,0
'2026-08-22 08:23:32.975016900,0.109016900,1
'2026-08-22 08:23:32.975017000,0.109017000,0
'2026-08-22 08:23:32.975022600,0.109022600,1
'2026-08-22 08:23:32.975037000,0.109037000,0
'2026-08-22 08:23:32.975041600,0.109041600,1
'2026-08-22 08:23:32.975041700,0.109041700,0
'2026-08-22 08:23:32.975045500,0.109045500,1
'2026-08-22 08:23:32.975045600,0.109045600,0
'2026-08-22 08:23:32.975048600,0.109048600,1
'2026-08-22 08:23:32.975063000,0.109063000,0
'2026-08-22 08:23:32.975063100,0.109063100,1
'2026-08-22 08:23:32.975063200,0.109063200,0
'2026-08-22 08:23:32.975065400,0.109065400,1
'2026-08-22 08:23:32.975065500,0.109065500,0
'2026-08-22 08:23:32.975068900,0.109068900,1
'2026-08-22 08:23:32.975069000,0.109069000,0
'2026-08-22 08:23:32.975072400,0.109072400,1
'2026-08-22 08:23:32.975072500,0.109072500,0
'2026-08-22 08:23:32.975074700,0.109074700,1
'2026-08-22 08:23:32.975089100,0.109089100,0
'2026-08-22 08:23:32.975089300,0.109089300,1
'2026-08-22 08:23:32.975089400,0.109089400,0
'2026-08-22 08:23:32.975091700,0.109091700,1
'2026-08-22 08:23:32.975091800,0.109091800,0
'2026-08-22 08:23:32.975094900,0.109094900,1
'2026-08-22 08:23:32.975095000,0.109095000,0
'2026-08-22 08:23:32.975095200,0.109095200,1
'2026-08-22 08:23:32.975095300,0.109095300,0
'2026-08-22 08:23:32.975099300,0.109099300,1
'2026-08-22 08:23:32.975099400,0.109099400,0
'2026-08-22 08:23:32.975100800,0.109100800,1
'2026-08-22 08:23:32.975115200,0.109115200,0
'2026-08-22 08:23:32.975115700,0.109115700,1
'2026-08-22 08:23:32.975115800,0.109115800,0
'2026-08-22 08:23:32.975118600,0.109118600,1
'2026-08-22 08:23:32.975118700,0.109118700,0
'2026-08-22 08:23:32.975126900,0.109126900,1
'2026-08-22 08:23:32.975141200,0.109141200,0
'2026-08-22 08:23:32.975141300,0.109141300,1
'2026-08-22 08:23:32.975141600,0.109141600,0
'2026-08-22 08:23:32.975141800,0.109141800,1
'2026-08-22 08:23:32.975142000,0.109142000,0
'2026-08-22 08:23:32.975147800,0.109147800,1
'2026-08-22 08:23:32.975147900,0.109147900,0
'2026-08-22 08:23:32.975149500,0.109149500,1
'2026-08-22 08:23:32.975149700,0.109149700,0
'2026-08-22 08:23:32.975151900,0.109151900,1
'2026-08-22 08:23:32.975152000,0.109152000,0
'2026-08-22 08:23:32.975152900,0.109152900,1
'2026-08-22 08:23:32.975167400,0.109167400,0
'2026-08-22 08:23:32.975167500,0.109167500,1
'2026-08-22 08:23:32.975167800,0.109167800,0
'2026-08-22 08:23:32.975167900,0.109167900,1
'2026-08-22 08:23:32.975168000,0.109168000,0
'2026-08-22 08:23:32.975168100,0.109168100,1
'2026-08-22 08:23:32.975168400,0.109168400,0
'2026-08-22 08:23:32.975168900,0.109168900,1
'2026-08-22 08:23:32.975169000,0.109169000,0
'2026-08-22 08:23:32.975169400,0.109169400,1
'2026-08-22 08:23:32.975169600,0.109169600,0
'2026-08-22 08:23:32.975170000,0.109170000,1
'2026-08-22 08:23:32.975170100,0.109170100,0
'2026-08-22 08:23:32.975170500,0.109170500,1
'2026-08-22 08:23:32.975170600,0.109170600,0
'2026-08-22 08:23:32.975171100,0.109171100,1
'2026-08-22 08:23:32.975171200,0.109171200,0
'2026-08-22 08:23:32.975171400,0.109171400,1
'2026-08-22 08:23:32.975171500,0.109171500,0
'2026-08-22 08:23:32.975171700,0.109171700,1
'2026-08-22 08:23:32.975171800,0.109171800,0
'2026-08-22 08:23:32.975172300,0.109172300,1
'2026-08-22 08:23:32.975172400,0.109172400,0
'2026-08-22 08:23:32.975177000,0.109177000,1
'2026-08-22 08:23:32.975177200,0.109177200,0
'2026-08-22 08:23:32.975177600,0.109177600,1
'2026-08-22 08:23:32.975177800,0.109177800,0
'2026-08-22 08:23:32.975178100,0.109178100,1
'2026-08-22 08:23:32.975178200,0.109178200,0
'2026-08-22 08:23:32.975179000,0.109179000,1
'2026-08-22 08:23:32.975193400,0.109193400,0
'2026-08-22 08:23:32.975194600,0.109194600,1
'2026-08-22 08:23:32.975194700,0.109194700,0
'2026-08-22 08:23:32.975195100,0.109195100,1
'2026-08-22 08:23:32.975195300,0.109195300,0
'2026-08-22 08:23:32.975196500,0.109196500,1
'2026-08-22 08:23:32.975196600,0.109196600,0
'2026-08-22 08:23:32.975198400,0.109198400,1
'2026-08-22 08:23:32.975198500,0.109198500,0
'2026-08-22 08:23:32.975198600,0.109198600,1
'2026-08-22 08:23:32.975198700,0.109198700,0
'2026-08-22 08:23:32.975200300,0.109200300,1
'2026-08-22 08:23:32.975200400,0.109200400,0
'2026-08-22 08:23:32.975200900,0.109200900,1
'2026-08-22 08:23:32.975201000,0.109201000,0
'2026-08-22 08:23:32.975201500,0.109201500,1
'2026-08-22 08:23:32.975201600,0.109201600,0
'2026-08-22 08:23:32.975202100,0.109202100,1
'2026-08-22 08:23:32.975202200,0.109202200,0
'2026-08-22 08:23:32.975205100,0.109205100,1
'2026-08-22 08:23:32.975219800,0.109219800,0
'2026-08-22 08:23:32.975220200,0.109220200,1
'2026-08-22 08:23:32.975220400,0.109220400,0
'2026-08-22 08:23:32.975221400,0.109221400,1
'2026-08-22 08:23:32.975221500,0.109221500,0
'2026-08-22 08:23:32.975221900,0.109221900,1
'2026-08-22 08:23:32.975222100,0.109222100,0
'2026-08-22 08:23:32.975222500,0.109222500,1
'2026-08-22 08:23:32.975222600,0.109222600,0
'2026-08-22 08:23:32.975223100,0.109223100,1
'2026-08-22 08:23:32.975223200,0.109223200,0
'2026-08-22 08:23:32.975225500,0.109225500,1
'2026-08-22 08:23:32.975225600,0.109225600,0
'2026-08-22 08:23:32.975228200,0.109228200,1
'2026-08-22 08:23:32.975228300,0.109228300,0
'2026-08-22 08:23:32.975228400,0.109228400,1
'2026-08-22 08:23:32.975228500,0.109228500,0
'2026-08-22 08:23:32.975229500,0.109229500,1
'2026-08-22 08:23:32.975229700,0.109229700,0
'2026-08-22 08:23:32.975230100,0.109230100,1
'2026-08-22 08:23:32.975230200,0.109230200,0
'2026-08-22 08:23:32.975230700,0.109230700,1
'2026-08-22 08:23:32.975230800,0.109230800,0
'2026-08-22 08:23:32.975231100,0.109231100,1
'2026-08-22 08:23:32.975245700,0.109245700,0
'2026-08-22 08:23:32.975246000,0.109246000,1
'2026-08-22 08:23:32.975246100,0.109246100,0
'2026-08-22 08:23:32.975246500,0.109246500,1
'2026-08-22 08:23:32.975246600,0.109246600,0
'2026-08-22 08:23:32.975247100,0.109247100,1
'2026-08-22 08:23:32.975247200,0.109247200,0
'2026-08-22 08:23:32.975247600,0.109247600,1
'2026-08-22 08:23:32.975247800,0.109247800,0
'2026-08-22 08:23:32.975248200,0.109248200,1
'2026-08-22 08:23:32.975248400,0.109248400,0
'2026-08-22 08:23:32.975248800,0.109248800,1
'2026-08-22 08:23:32.975249000,0.109249000,0
'2026-08-22 08:23:32.975249100,0.109249100,1
'2026-08-22 08:23:32.975249600,0.109249600,0
'2026-08-22 08:23:32.975250000,0.109250000,1
'2026-08-22 08:23:32.975250100,0.109250100,0
'2026-08-22 08:23:32.975250400,0.109250400,1
'2026-08-22 08:23:32.975250600,0.109250600,0
'2026-08-22 08:23:32.975251100,0.109251100,1
'2026-08-22 08:23:32.975251300,0.109251300,0
'2026-08-22 08:23:32.975251700,0.109251700,1
'2026-08-22 08:23:32.975251800,0.109251800,0
'2026-08-22 08:23:32.975252300,0.109252300,1
'2026-08-22 08:23:32.975252400,0.109252400,0
'2026-08-22 08:23:32.975254700,0.109254700,1
'2026-08-22 08:23:32.975254800,0.109254800,0
'2026-08-22 08:23:32.975256900,0.109256900,1
'2026-08-22 08:23:32.975257100,0.109257100,0
'2026-08-22 08:23:32.975257200,0.109257200,1
'2026-08-22 08:23:32.975272300,0.109272300,0
'2026-08-22 08:23:32.975272500,0.109272500,1
'2026-08-22 08:23:32.975272600,0.109272600,0
'2026-08-22 08:23:32.975272800,0.109272800,1
'2026-08-22 08:23:32.975272900,0.109272900,0
'2026-08-22 08:23:32.975278700,0.109278700,1
'2026-08-22 08:23:32.975278800,0.109278800,0
'2026-08-22 08:23:32.975279700,0.109279700,1
'2026-08-22 08:23:32.975279900,0.109279900,0
'2026-08-22 08:23:32.975280100,0.109280100,1
'2026-08-22 08:23:32.975280200,0.109280200,0
'2026-08-22 08:23:32.975280300,0.109280300,1
'2026-08-22 08:23:32.975280400,0.109280400,0
'2026-08-22 08:23:32.975280500,0.109280500,1
'2026-08-22 08:23:32.975280600,0.109280600,0
'2026-08-22 08:23:32.975280900,0.109280900,1
'2026-08-22 08:23:32.975281000,0.109281000,0
'2026-08-22 08:23:32.975281500,0.109281500,1
'2026-08-22 08:23:32.975281600,0.109281600,0
'2026-08-22 08:23:32.975282700,0.109282700,1
'2026-08-22 08:23:32.975282900,0.109282900,0
'2026-08-22 08:23:32.975283300,0.109283300,1
'2026-08-22 08:23:32.975298100,0.109298100,0
'2026-08-22 08:23:32.975298300,0.109298300,1
'2026-08-22 08:23:32.975298400,0.109298400,0
'2026-08-22 08:23:32.975298500,0.109298500,1
'2026-08-22 08:23:32.975298600,0.109298600,0
'2026-08-22 08:23:32.975299100,0.109299100,1
'2026-08-22 08:23:32.975299200,0.109299200,0
'2026-08-22 08:23:32.975299300,0.109299300,1
'2026-08-22 08:23:32.975299400,0.109299400,0
'2026-08-22 08:23:32.975299600,0.109299600,1
'2026-08-22 08:23:32.975299700,0.109299700,0
'2026-08-22 08:23:32.975299900,0.109299900,1
'2026-08-22 08:23:32.975300000,0.109300000,0
'2026-08-22 08:23:32.975300100,0.109300100,1
'2026-08-22 08:23:32.975300400,0.109300400,0
'2026-08-22 08:23:32.975300800,0.109300800,1
'2026-08-22 08:23:32.975301000,0.109301000,0
'2026-08-22 08:23:32.975301300,0.109301300,1
'2026-08-22 08:23:32.975301600,0.109301600,0
'2026-08-22 08:23:32.975301900,0.109301900,1
'2026-08-22 08:23:32.975302100,0.109302100,0
'2026-08-22 08:23:32.975302600,0.109302600,1
'2026-08-22 08:23:32.975302700,0.109302700,0
'2026-08-22 08:23:32.975303100,0.109303100,1
'2026-08-22 08:23:32.975303200,0.109303200,0
'2026-08-22 08:23:32.975304300,0.109304300,1
'2026-08-22 08:23:32.975718100,0.109718100,0
'2026-08-22 08:23:32.975726400,0.109726400,1
'2026-08-22 08:23:32.975740800,0.109740800,0
'2026-08-22 08:23:32.975752300,0.109752300,1
'2026-08-22 08:23:32.975752400,0.109752400,0
'2026-08-22 08:23:32.975752500,0.109752500,1
'2026-08-22 08:23:32.975766800,0.109766800,0
'2026-08-22 08:23:32.975766900,0.109766900,1
'2026-08-22 08:23:32.975767000,0.109767000,0
'2026-08-22 08:23:32.975778600,0.109778600,1
'2026-08-22 08:23:32.975793000,0.109793000,0
'2026-08-22 08:23:32.975793200,0.109793200,1
'2026-08-22 08:23:32.975793300,0.109793300,0
'2026-08-22 08:23:32.975794300,0.109794300,1
'2026-08-22 08:23:32.975794400,0.109794400,0
'2026-08-22 08:23:32.975804600,0.109804600,1
'2026-08-22 08:23:32.975819000,0.109819000,0
'2026-08-22 08:23:32.975822400,0.109822400,1
'2026-08-22 08:23:32.975822500,0.109822500,0
'2026-08-22 08:23:32.975830700,0.109830700,1
'2026-08-22 08:23:32.975845300,0.109845300,0
'2026-08-22 08:23:32.975846300,0.109846300,1
'2026-08-22 08:23:32.975846400,0.109846400,0
'2026-08-22 08:23:32.975850400,0.109850400,1
'2026-08-22 08:23:32.975850500,0.109850500,0
'2026-08-22 08:23:32.975856800,0.109856800,1
'2026-08-22 08:23:32.975871600,0.109871600,0
'2026-08-22 08:23:32.975871700,0.109871700,1
'2026-08-22 08:23:32.975871800,0.109871800,0
'2026-08-22 08:23:32.975873700,0.109873700,1
'2026-08-22 08:23:32.975873900,0.109873900,0
'2026-08-22 08:23:32.975877300,0.109877300,1
'2026-08-22 08:23:32.975877400,0.109877400,0
'2026-08-22 08:23:32.975882900,0.109882900,1
'2026-08-22 08:23:32.975897200,0.109897200,0
'2026-08-22 08:23:32.975900700,0.109900700,1
'2026-08-22 08:23:32.975900800,0.109900800,0
'2026-08-22 08:23:32.975901500,0.109901500,1
'2026-08-22 08:23:32.975901600,0.109901600,0
'2026-08-22 08:23:32.975901900,0.109901900,1
'2026-08-22 08:23:32.975902000,0.109902000,0
'2026-08-22 08:23:32.975904200,0.109904200,1
'2026-08-22 08:23:32.975904300,0.109904300,0
'2026-08-22 08:23:32.975905400,0.109905400,1
'2026-08-22 08:23:32.975905500,0.109905500,0
'2026-08-22 08:23:32.975909000,0.109909000,1
'2026-08-22 08:23:32.975923600,0.109923600,0
'2026-08-22 08:23:32.975924000,0.109924000,1
'2026-08-22 08:23:32.975924200,0.109924200,0
'2026-08-22 08:23:32.975924600,0.109924600,1
'2026-08-22 08:23:32.975924800,0.109924800,0
'2026-08-22 08:23:32.975925100,0.109925100,1
'2026-08-22 08:23:32.975925300,0.109925300,0
'2026-08-22 08:23:32.975932700,0.109932700,1
'2026-08-22 08:23:32.975932900,0.109932900,0
'2026-08-22 08:23:32.975935000,0.109935000,1
'2026-08-22 08:23:32.975949400,0.109949400,0
'2026-08-22 08:23:32.975950900,0.109950900,1
'2026-08-22 08:23:32.975951000,0.109951000,0
'2026-08-22 08:23:32.975953200,0.109953200,1
'2026-08-22 08:23:32.975953400,0.109953400,0
'2026-08-22 08:23:32.975954300,0.109954300,1
'2026-08-22 08:23:32.975954400,0.109954400,0
'2026-08-22 08:23:32.975955600,0.109955600,1
'2026-08-22 08:23:32.975955700,0.109955700,0
'2026-08-22 08:23:32.975956200,0.109956200,1
'2026-08-22 08:23:32.975956300,0.109956300,0
'2026-08-22 08:23:32.975957300,0.109957300,1
'2026-08-22 08:23:32.975957400,0.109957400,0
'2026-08-22 08:23:32.975961100,0.109961100,1
'2026-08-22 08:23:32.975975800,0.109975800,0
'2026-08-22 08:23:32.975976000,0.109976000,1
'2026-08-22 08:23:32.975976200,0.109976200,0
'2026-08-22 08:23:32.975976600,0.109976600,1
'2026-08-22 08:23:32.975976700,0.109976700,0
'2026-08-22 08:23:32.975977200,0.109977200,1
'2026-08-22 08:23:32.975977300,0.109977300,0
'2026-08-22 08:23:32.975978300,0.109978300,1
'2026-08-22 08:23:32.975978500,0.109978500,0
'2026-08-22 08:23:32.975978900,0.109978900,1
'2026-08-22 08:23:32.975979000,0.109979000,0
'2026-08-22 08:23:32.975979100,0.109979100,1
'2026-08-22 08:23:32.975979200,0.109979200,0
'2026-08-22 08:23:32.975984700,0.109984700,1
'2026-08-22 08:23:32.975984900,0.109984900,0
'2026-08-22 08:23:32.975986500,0.109986500,1
'2026-08-22 08:23:32.975986600,0.109986600,0
'2026-08-22 08:23:32.975987100,0.109987100,1
'2026-08-22 08:23:32.976002100,0.110002100,0
'2026-08-22 08:23:32.976002200,0.110002200,1
'2026-08-22 08:23:32.976002400,0.110002400,0
'2026-08-22 08:23:32.976004100,0.110004100,1
'2026-08-22 08:23:32.976004200,0.110004200,0
'2026-08-22 08:23:32.976004600,0.110004600,1
'2026-08-22 08:23:32.976004800,0.110004800,0
'2026-08-22 08:23:32.976005100,0.110005100,1
'2026-08-22 08:23:32.976005300,0.110005300,0
'2026-08-22 08:23:32.976007500,0.110007500,1
'2026-08-22 08:23:32.976007600,0.110007600,0
'2026-08-22 08:23:32.976008700,0.110008700,1
'2026-08-22 08:23:32.976008800,0.110008800,0
'2026-08-22 08:23:32.976009300,0.110009300,1
'2026-08-22 08:23:32.976009400,0.110009400,0
'2026-08-22 08:23:32.976011600,0.110011600,1
'2026-08-22 08:23:32.976011700,0.110011700,0
'2026-08-22 08:23:32.976012700,0.110012700,1
'2026-08-22 08:23:32.976012900,0.110012900,0
'2026-08-22 08:23:32.976013300,0.110013300,1
'2026-08-22 08:23:32.976027800,0.110027800,0
'2026-08-22 08:23:32.976027900,0.110027900,1
'2026-08-22 08:23:32.976028100,0.110028100,0
'2026-08-22 08:23:32.976030300,0.110030300,1
'2026-08-22 08:23:32.976030400,0.110030400,0
'2026-08-22 08:23:32.976031500,0.110031500,1
'2026-08-22 08:23:32.976031600,0.110031600,0
'2026-08-22 08:23:32.976032100,0.110032100,1
'2026-08-22 08:23:32.976032200,0.110032200,0
'2026-08-22 08:23:32.976032500,0.110032500,1
'2026-08-22 08:23:32.976032800,0.110032800,0
'2026-08-22 08:23:32.976033200,0.110033200,1
'2026-08-22 08:23:32.976033300,0.110033300,0
'2026-08-22 08:23:32.976034100,0.110034100,1
'2026-08-22 08:23:32.976034200,0.110034200,0
'2026-08-22 08:23:32.976036700,0.110036700,1
'2026-08-22 08:23:32.976036900,0.110036900,0
'2026-08-22 08:23:32.976037900,0.110037900,1
'2026-08-22 08:23:32.976038000,0.110038000,0
'2026-08-22 08:23:32.976038500,0.110038500,1
'2026-08-22 08:23:32.976038600,0.110038600,0
'2026-08-22 08:23:32.976039100,0.110039100,1
'2026-08-22 08:23:32.976039200,0.110039200,0
'2026-08-22 08:23:32.976039300,0.110039300,1
'2026-08-22 08:23:32.976054000,0.110054000,0
'2026-08-22 08:23:32.976054100,0.110054100,1
'2026-08-22 08:23:32.976054400,0.110054400,0
'2026-08-22 08:23:32.976054900,0.110054900,1
'2026-08-22 08:23:32.976055000,0.110055000,0
'2026-08-22 08:23:32.976055300,0.110055300,1
'2026-08-22 08:23:32.976055600,0.110055600,0
'2026-08-22 08:23:32.976055700,0.110055700,1
'2026-08-22 08:23:32.976055800,0.110055800,0
'2026-08-22 08:23:32.976055900,0.110055900,1
'2026-08-22 08:23:32.976056200,0.110056200,0
'2026-08-22 08:23:32.976056600,0.110056600,1
'2026-08-22 08:23:32.976056700,0.110056700,0
'2026-08-22 08:23:32.976058200,0.110058200,1
'2026-08-22 08:23:32.976058300,0.110058300,0
'2026-08-22 08:23:32.976058500,0.110058500,1
'2026-08-22 08:23:32.976058600,0.110058600,0
'2026-08-22 08:23:32.976059500,0.110059500,1
'2026-08-22 08:23:32.976059600,0.110059600,0
'2026-08-22 08:23:32.976060100,0.110060100,1
'2026-08-22 08:23:32.976060200,0.110060200,0
'2026-08-22 08:23:32.976061900,0.110061900,1
'2026-08-22 08:23:32.976062000,0.110062000,0
'2026-08-22 08:23:32.976062400,0.110062400,1
'2026-08-22 08:23:32.976062600,0.110062600,0
'2026-08-22 08:23:32.976062900,0.110062900,1
'2026-08-22 08:23:32.976063200,0.110063200,0
'2026-08-22 08:23:32.976064200,0.110064200,1
'2026-08-22 08:23:32.976064300,0.110064300,0
'2026-08-22 08:23:32.976065400,0.110065400,1
'2026-08-22 08:23:32.976079800,0.110079800,0
'2026-08-22 08:23:32.976079900,0.110079900,1
'2026-08-22 08:23:32.976080100,0.110080100,0
'2026-08-22 08:23:32.976082300,0.110082300,1
'2026-08-22 08:23:32.976082400,0.110082400,0
'2026-08-22 08:23:32.976082900,0.110082900,1
'2026-08-22 08:23:32.976083000,0.110083000,0
'2026-08-22 08:23:32.976083300,0.110083300,1
'2026-08-22 08:23:32.976083400,0.110083400,0
'2026-08-22 08:23:32.976083500,0.110083500,1
'2026-08-22 08:23:32.976083600,0.110083600,0
'2026-08-22 08:23:32.976084100,0.110084100,1
'2026-08-22 08:23:32.976084200,0.110084200,0
'2026-08-22 08:23:32.976084600,0.110084600,1
'2026-08-22 08:23:32.976084800,0.110084800,0
'2026-08-22 08:23:32.976085200,0.110085200,1
'2026-08-22 08:23:32.976085300,0.110085300,0
'2026-08-22 08:23:32.976085700,0.110085700,1
'2026-08-22 08:23:32.976086000,0.110086000,0
'2026-08-22 08:23:32.976086100,0.110086100,1
'2026-08-22 08:23:32.976086800,0.110086800,0
'2026-08-22 08:23:32.976088100,0.110088100,1
'2026-08-22 08:23:32.976088200,0.110088200,0
'2026-08-22 08:23:32.976088700,0.110088700,1
'2026-08-22 08:23:32.976088800,0.110088800,0
'2026-08-22 08:23:32.976089900,0.110089900,1
'2026-08-22 08:23:32.976090000,0.110090000,0
'2026-08-22 08:23:32.976091100,0.110091100,1
'2026-08-22 08:23:32.976091200,0.110091200,0
'2026-08-22 08:23:32.976091500,0.110091500,1
'2026-08-22 08:23:32.976106200,0.110106200,0
'2026-08-22 08:23:32.976106300,0.110106300,1
'2026-08-22 08:23:32.976106400,0.110106400,0
'2026-08-22 08:23:32.976106800,0.110106800,1
'2026-08-22 08:23:32.976106900,0.110106900,0
'2026-08-22 08:23:32.976107400,0.110107400,1
'2026-08-22 08:23:32.976107500,0.110107500,0
'2026-08-22 08:23:32.976108600,0.110108600,1
'2026-08-22 08:23:32.976108700,0.110108700,0
'2026-08-22 08:23:32.976109200,0.110109200,1
'2026-08-22 08:23:32.976109400,0.110109400,0
'2026-08-22 08:23:32.976109500,0.110109500,1
'2026-08-22 08:23:32.976109600,0.110109600,0
'2026-08-22 08:23:32.976111500,0.110111500,1
'2026-08-22 08:23:32.976111600,0.110111600,0
'2026-08-22 08:23:32.976112100,0.110112100,1
'2026-08-22 08:23:32.976112200,0.110112200,0
'2026-08-22 08:23:32.976112700,0.110112700,1
'2026-08-22 08:23:32.976112800,0.110112800,0
'2026-08-22 08:23:32.976113300,0.110113300,1
'2026-08-22 08:23:32.976113400,0.110113400,0
'2026-08-22 08:23:32.976113700,0.110113700,1
'2026-08-22 08:23:32.976114000,0.110114000,0
'2026-08-22 08:23:32.976114200,0.110114200,1
'2026-08-22 08:23:32.976114300,0.110114300,0
'2026-08-22 08:23:32.976114400,0.110114400,1
'2026-08-22 08:23:32.976114600,0.110114600,0
'2026-08-22 08:23:32.976114700,0.110114700,1
'2026-08-22 08:23:32.976115200,0.110115200,0
'2026-08-22 08:23:32.976115500,0.110115500,1
'2026-08-22 08:23:32.976115800,0.110115800,0
'2026-08-22 08:23:32.976115900,0.110115900,1
'2026-08-22 08:23:32.976116300,0.110116300,0
'2026-08-22 08:23:32.976116800,0.110116800,1
'2026-08-22 08:23:32.976116900,0.110116900,0
'2026-08-22 08:23:32.976117000,0.110117000,1
'2026-08-22 08:23:32.976549100,0.110549100,0
'2026-08-22 08:23:32.976560600,0.110560600,1
'2026-08-22 08:23:32.976574800,0.110574800,0
'2026-08-22 08:23:32.976574900,0.110574900,1
'2026-08-22 08:23:32.976575000,0.110575000,0
'2026-08-22 08:23:32.976586700,0.110586700,1
'2026-08-22 08:23:32.976601100,0.110601100,0
'2026-08-22 08:23:32.976608500,0.110608500,1
'2026-08-22 08:23:32.976608600,0.110608600,0
'2026-08-22 08:23:32.976612800,0.110612800,1
'2026-08-22 08:23:32.976627300,0.110627300,0
'2026-08-22 08:23:32.976628900,0.110628900,1
'2026-08-22 08:23:32.976629000,0.110629000,0
'2026-08-22 08:23:32.976638500,0.110638500,1
'2026-08-22 08:23:32.976638600,0.110638600,0
'2026-08-22 08:23:32.976638900,0.110638900,1
'2026-08-22 08:23:32.976653200,0.110653200,0
'2026-08-22 08:23:32.976658300,0.110658300,1
'2026-08-22 08:23:32.976658400,0.110658400,0
'2026-08-22 08:23:32.976659900,0.110659900,1
'2026-08-22 08:23:32.976660000,0.110660000,0
'2026-08-22 08:23:32.976660500,0.110660500,1
'2026-08-22 08:23:32.976660600,0.110660600,0
'2026-08-22 08:23:32.976662300,0.110662300,1
'2026-08-22 08:23:32.976662400,0.110662400,0
'2026-08-22 08:23:32.976665000,0.110665000,1
'2026-08-22 08:23:32.976679400,0.110679400,0
'2026-08-22 08:23:32.976680400,0.110680400,1
'2026-08-22 08:23:32.976680500,0.110680500,0
'2026-08-22 08:23:32.976691000,0.110691000,1
'2026-08-22 08:23:32.976705400,0.110705400,0
'2026-08-22 08:23:32.976705500,0.110705500,1
'2026-08-22 08:23:32.976705600,0.110705600,0
'2026-08-22 08:23:32.976708400,0.110708400,1
'2026-08-22 08:23:32.976708500,0.110708500,0
'2026-08-22 08:23:32.976709600,0.110709600,1
'2026-08-22 08:23:32.976709700,0.110709700,0
'2026-08-22 08:23:32.976717100,0.110717100,1
'2026-08-22 08:23:32.976731600,0.110731600,0
'2026-08-22 08:23:32.976731700,0.110731700,1
'2026-08-22 08:23:32.976731900,0.110731900,0
'2026-08-22 08:23:32.976738800,0.110738800,1
'2026-08-22 08:23:32.976738900,0.110738900,0
'2026-08-22 08:23:32.976743200,0.110743200,1
'2026-08-22 08:23:32.976757800,0.110757800,0
'2026-08-22 08:23:32.976757900,0.110757900,1
'2026-08-22 08:23:32.976758000,0.110758000,0
'2026-08-22 08:23:32.976758100,0.110758100,1
'2026-08-22 08:23:32.976758200,0.110758200,0
'2026-08-22 08:23:32.976758700,0.110758700,1
'2026-08-22 08:23:32.976758800,0.110758800,0
'2026-08-22 08:23:32.976759200,0.110759200,1
'2026-08-22 08:23:32.976759400,0.110759400,0
'2026-08-22 08:23:32.976759800,0.110759800,1
'2026-08-22 08:23:32.976760000,0.110760000,0
'2026-08-22 08:23:32.976761600,0.110761600,1
'2026-08-22 08:23:32.976761700,0.110761700,0
'2026-08-22 08:23:32.976762100,0.110762100,1
'2026-08-22 08:23:32.976762200,0.110762200,0
'2026-08-22 08:23:32.976768900,0.110768900,1
'2026-08-22 08:23:32.976769000,0.110769000,0
'2026-08-22 08:23:32.976769200,0.110769200,1
'2026-08-22 08:23:32.976783700,0.110783700,0
'2026-08-22 08:23:32.976786100,0.110786100,1
'2026-08-22 08:23:32.976786200,0.110786200,0
'2026-08-22 08:23:32.976786500,0.110786500,1
'2026-08-22 08:23:32.976786600,0.110786600,0
'2026-08-22 08:23:32.976788500,0.110788500,1
'2026-08-22 08:23:32.976788600,0.110788600,0
'2026-08-22 08:23:32.976789700,0.110789700,1
'2026-08-22 08:23:32.976789800,0.110789800,0
'2026-08-22 08:23:32.976790200,0.110790200,1
'2026-08-22 08:23:32.976790300,0.110790300,0
'2026-08-22 08:23:32.976790800,0.110790800,1
'2026-08-22 08:23:32.976790900,0.110790900,0
'2026-08-22 08:23:32.976795300,0.110795300,1
'2026-08-22 08:23:32.976810000,0.110810000,0
'2026-08-22 08:23:32.976810300,0.110810300,1
'2026-08-22 08:23:32.976810400,0.110810400,0
'2026-08-22 08:23:32.976810600,0.110810600,1
'2026-08-22 08:23:32.976810700,0.110810700,0
'2026-08-22 08:23:32.976818200,0.110818200,1
'2026-08-22 08:23:32.976818300,0.110818300,0
'2026-08-22 08:23:32.976818800,0.110818800,1
'2026-08-22 08:23:32.976818900,0.110818900,0
'2026-08-22 08:23:32.976819300,0.110819300,1
'2026-08-22 08:23:32.976819500,0.110819500,0
'2026-08-22 08:23:32.976819900,0.110819900,1
'2026-08-22 08:23:32.976820100,0.110820100,0
'2026-08-22 08:23:32.976820300,0.110820300,1
'2026-08-22 08:23:32.976820400,0.110820400,0
'2026-08-22 08:23:32.976820500,0.110820500,1
'2026-08-22 08:23:32.976820700,0.110820700,0
'2026-08-22 08:23:32.976821100,0.110821100,1
'2026-08-22 08:23:32.976821200,0.110821200,0
'2026-08-22 08:23:32.976821400,0.110821400,1
'2026-08-22 08:23:32.976835900,0.110835900,0
'2026-08-22 08:23:32.976836300,0.110836300,1
'2026-08-22 08:23:32.976836400,0.110836400,0
'2026-08-22 08:23:32.976836800,0.110836800,1
'2026-08-22 08:23:32.976837000,0.110837000,0
'2026-08-22 08:23:32.976837500,0.110837500,1
'2026-08-22 08:23:32.976837600,0.110837600,0
'2026-08-22 08:23:32.976838000,0.110838000,1
'2026-08-22 08:23:32.976838200,0.110838200,0
'2026-08-22 08:23:32.976838600,0.110838600,1
'2026-08-22 08:23:32.976838700,0.110838700,0
'2026-08-22 08:23:32.976838900,0.110838900,1
'2026-08-22 08:23:32.976839000,0.110839000,0
'2026-08-22 08:23:32.976839200,0.110839200,1
'2026-08-22 08:23:32.976839300,0.110839300,0
'2026-08-22 08:23:32.976839500,0.110839500,1
'2026-08-22 08:23:32.976839600,0.110839600,0
'2026-08-22 08:23:32.976839800,0.110839800,1
'2026-08-22 08:23:32.976840100,0.110840100,0
'2026-08-22 08:23:32.976840400,0.110840400,1
'2026-08-22 08:23:32.976840500,0.110840500,0
'2026-08-22 08:23:32.976841000,0.110841000,1
'2026-08-22 08:23:32.976841100,0.110841100,0
'2026-08-22 08:23:32.976841500,0.110841500,1
'2026-08-22 08:23:32.976841600,0.110841600,0
'2026-08-22 08:23:32.976842100,0.110842100,1
'2026-08-22 08:23:32.976842200,0.110842200,0
'2026-08-22 08:23:32.976846800,0.110846800,1
'2026-08-22 08:23:32.976846900,0.110846900,0
'2026-08-22 08:23:32.976847500,0.110847500,1
'2026-08-22 08:23:32.976862200,0.110862200,0
'2026-08-22 08:23:32.976862300,0.110862300,1
'2026-08-22 08:23:32.976862400,0.110862400,0
'2026-08-22 08:23:32.976862600,0.110862600,1
'2026-08-22 08:23:32.976862700,0.110862700,0
'2026-08-22 08:23:32.976864300,0.110864300,1
'2026-08-22 08:23:32.976864400,0.110864400,0
'2026-08-22 08:23:32.976866100,0.110866100,1
'2026-08-22 08:23:32.976866200,0.110866200,0
'2026-08-22 08:23:32.976866700,0.110866700,1
'2026-08-22 08:23:32.976866800,0.110866800,0
'2026-08-22 08:23:32.976867300,0.110867300,1
'2026-08-22 08:23:32.976867400,0.110867400,0
'2026-08-22 08:23:32.976867800,0.110867800,1
'2026-08-22 08:23:32.976867900,0.110867900,0
'2026-08-22 08:23:32.976869000,0.110869000,1
'2026-08-22 08:23:32.976869200,0.110869200,0
'2026-08-22 08:23:32.976869300,0.110869300,1
'2026-08-22 08:23:32.976869400,0.110869400,0
'2026-08-22 08:23:32.976869500,0.110869500,1
'2026-08-22 08:23:32.976869900,0.110869900,0
'2026-08-22 08:23:32.976870100,0.110870100,1
'2026-08-22 08:23:32.976870300,0.110870300,0
'2026-08-22 08:23:32.976870700,0.110870700,1
'2026-08-22 08:23:32.976870800,0.110870800,0
'2026-08-22 08:23:32.976871900,0.110871900,1
'2026-08-22 08:23:32.976872000,0.110872000,0
'2026-08-22 08:23:32.976872500,0.110872500,1
'2026-08-22 08:23:32.976872600,0.110872600,0
'2026-08-22 08:23:32.976873100,0.110873100,1
'2026-08-22 08:23:32.976873200,0.110873200,0
'2026-08-22 08:23:32.976873600,0.110873600,1
'2026-08-22 08:23:32.976888400,0.110888400,0
'2026-08-22 08:23:32.976888700,0.110888700,1
'2026-08-22 08:23:32.976889000,0.110889000,0
'2026-08-22 08:23:32.976889100,0.110889100,1
'2026-08-22 08:23:32.976889200,0.110889200,0
'2026-08-22 08:23:32.976889300,0.110889300,1
'2026-08-22 08:23:32.976889600,0.110889600,0
'2026-08-22 08:23:32.976890300,0.110890300,1
'2026-08-22 08:23:32.976890400,0.110890400,0
'2026-08-22 08:23:32.976890600,0.110890600,1
'2026-08-22 08:23:32.976890800,0.110890800,0
'2026-08-22 08:23:32.976891100,0.110891100,1
'2026-08-22 08:23:32.976891300,0.110891300,0
'2026-08-22 08:23:32.976891700,0.110891700,1
'2026-08-22 08:23:32.976891900,0.110891900,0
'2026-08-22 08:23:32.976892900,0.110892900,1
'2026-08-22 08:23:32.976893000,0.110893000,0
'2026-08-22 08:23:32.976893500,0.110893500,1
'2026-08-22 08:23:32.976893600,0.110893600,0
'2026-08-22 08:23:32.976895800,0.110895800,1
'2026-08-22 08:23:32.976895900,0.110895900,0
'2026-08-22 08:23:32.976896100,0.110896100,1
'2026-08-22 08:23:32.976896200,0.110896200,0
'2026-08-22 08:23:32.976897000,0.110897000,1
'2026-08-22 08:23:32.976897200,0.110897200,0
'2026-08-22 08:23:32.976897900,0.110897900,1
'2026-08-22 08:23:32.976898000,0.110898000,0
'2026-08-22 08:23:32.976898200,0.110898200,1
'2026-08-22 08:23:32.976898300,0.110898300,0
'2026-08-22 08:23:32.976898700,0.110898700,1
'2026-08-22 08:23:32.976898800,0.110898800,0
'2026-08-22 08:23:32.976899300,0.110899300,1
'2026-08-22 08:23:32.976899500,0.110899500,0
'2026-08-22 08:23:32.976899600,0.110899600,1
'2026-08-22 08:23:32.976914100,0.110914100,0
'2026-08-22 08:23:32.976915100,0.110915100,1
'2026-08-22 08:23:32.976915300,0.110915300,0
'2026-08-22 08:23:32.976915600,0.110915600,1
'2026-08-22 08:23:32.976915800,0.110915800,0
'2026-08-22 08:23:32.976916300,0.110916300,1
'2026-08-22 08:23:32.976916400,0.110916400,0
'2026-08-22 08:23:32.976916500,0.110916500,1
'2026-08-22 08:23:32.976916800,0.110916800,0
'2026-08-22 08:23:32.976917500,0.110917500,1
'2026-08-22 08:23:32.976917600,0.110917600,0
'2026-08-22 08:23:32.976918500,0.110918500,1
'2026-08-22 08:23:32.976918900,0.110918900,0
'2026-08-22 08:23:32.976919200,0.110919200,1
'2026-08-22 08:23:32.976919400,0.110919400,0
'2026-08-22 08:23:32.976919600,0.110919600,1
'2026-08-22 08:23:32.976919900,0.110919900,0
'2026-08-22 08:23:32.976920300,0.110920300,1
'2026-08-22 08:23:32.976920500,0.110920500,0
'2026-08-22 08:23:32.976920900,0.110920900,1
'2026-08-22 08:23:32.976921200,0.110921200,0
'2026-08-22 08:23:32.976921500,0.110921500,1
'2026-08-22 08:23:32.976921600,0.110921600,0
'2026-08-22 08:23:32.976922100,0.110922100,1
'2026-08-22 08:23:32.976922200,0.110922200,0
'2026-08-22 08:23:32.976923300,0.110923300,1
'2026-08-22 08:23:32.976923400,0.110923400,0
'2026-08-22 08:23:32.976925600,0.110925600,1
'2026-08-22 08:23:32.976940400,0.110940400,0
'2026-08-22 08:23:32.976940600,0.110940600,1
'2026-08-22 08:23:32.976940700,0.110940700,0
'2026-08-22 08:23:32.976940900,0.110940900,1
'2026-08-22 08:23:32.976941000,0.110941000,0
'2026-08-22 08:23:32.976941200,0.110941200,1
'2026-08-22 08:23:32.976941600,0.110941600,0
'2026-08-22 08:23:32.976942500,0.110942500,1
'2026-08-22 08:23:32.976942600,0.110942600,0
'2026-08-22 08:23:32.976943300,0.110943300,1
'2026-08-22 08:23:32.976943400,0.110943400,0
'2026-08-22 08:23:32.976943700,0.110943700,1
'2026-08-22 08:23:32.976943800,0.110943800,0
'2026-08-22 08:23:32.976944300,0.110944300,1
'2026-08-22 08:23:32.976944400,0.110944400,0
'2026-08-22 08:23:32.976944800,0.110944800,1
'2026-08-22 08:23:32.976945000,0.110945000,0
'2026-08-22 08:23:32.976946100,0.110946100,1
'2026-08-22 08:23:32.976946200,0.110946200,0
'2026-08-22 08:23:32.976946700,0.110946700,1
'2026-08-22 08:23:32.976946800,0.110946800,0
'2026-08-22 08:23:32.976947700,0.110947700,1
'2026-08-22 08:23:32.976947900,0.110947900,0
'2026-08-22 08:23:32.976948400,0.110948400,1
'2026-08-22 08:23:32.976948600,0.110948600,0
'2026-08-22 08:23:32.976948900,0.110948900,1
'2026-08-22 08:23:32.976949100,0.110949100,0
'2026-08-22 08:23:32.976949500,0.110949500,1
'2026-08-22 08:23:32.976949700,0.110949700,0
'2026-08-22 08:23:32.976949900,0.110949900,1
'2026-08-22 08:23:32.976950000,0.110950000,0
'2026-08-22 08:23:32.976950100,0.110950100,1
'2026-08-22 08:23:32.976950300,0.110950300,0
'2026-08-22 08:23:32.976950600,0.110950600,1
'2026-08-22 08:23:32.977364400,0.111364400,0
'2026-08-22 08:23:32.977368800,0.111368800,1
'2026-08-22 08:23:32.977383200,0.111383200,0
'2026-08-22 08:23:32.977383400,0.111383400,1
'2026-08-22 08:23:32.977383500,0.111383500,0
'2026-08-22 08:23:32.977394900,0.111394900,1
'2026-08-22 08:23:32.977409200,0.111409200,0
'2026-08-22 08:23:32.977414300,0.111414300,1
'2026-08-22 08:23:32.977414400,0.111414400,0
'2026-08-22 08:23:32.977421000,0.111421000,1
'2026-08-22 08:23:32.977435400,0.111435400,0
'2026-08-22 08:23:32.977447100,0.111447100,1
'2026-08-22 08:23:32.977461500,0.111461500,0
'2026-08-22 08:23:32.977461600,0.111461600,1
'2026-08-22 08:23:32.977461700,0.111461700,0
'2026-08-22 08:23:32.977463900,0.111463900,1
'2026-08-22 08:23:32.977464000,0.111464000,0
'2026-08-22 08:23:32.977464500,0.111464500,1
'2026-08-22 08:23:32.977464600,0.111464600,0
'2026-08-22 08:23:32.977473100,0.111473100,1
'2026-08-22 08:23:32.977487500,0.111487500,0
'2026-08-22 08:23:32.977491300,0.111491300,1
'2026-08-22 08:23:32.977491400,0.111491400,0
'2026-08-22 08:23:32.977494300,0.111494300,1
'2026-08-22 08:23:32.977494400,0.111494400,0
'2026-08-22 08:23:32.977499200,0.111499200,1
'2026-08-22 08:23:32.977513700,0.111513700,0
'2026-08-22 08:23:32.977514800,0.111514800,1
'2026-08-22 08:23:32.977514900,0.111514900,0
'2026-08-22 08:23:32.977518300,0.111518300,1
'2026-08-22 08:23:32.977518400,0.111518400,0
'2026-08-22 08:23:32.977525300,0.111525300,1
'2026-08-22 08:23:32.977539800,0.111539800,0
'2026-08-22 08:23:32.977539900,0.111539900,1
'2026-08-22 08:23:32.977540000,0.111540000,0
'2026-08-22 08:23:32.977540500,0.111540500,1
'2026-08-22 08:23:32.977540600,0.111540600,0
'2026-08-22 08:23:32.977541100,0.111541100,1
'2026-08-22 08:23:32.977541200,0.111541200,0
'2026-08-22 08:23:32.977541500,0.111541500,1
'2026-08-22 08:23:32.977541600,0.111541600,0
'2026-08-22 08:23:32.977544600,0.111544600,1
'2026-08-22 08:23:32.977544700,0.111544700,0
'2026-08-22 08:23:32.977545700,0.111545700,1
'2026-08-22 08:23:32.977545800,0.111545800,0
'2026-08-22 08:23:32.977551400,0.111551400,1
'2026-08-22 08:23:32.977565800,0.111565800,0
'2026-08-22 08:23:32.977566100,0.111566100,1
'2026-08-22 08:23:32.977566200,0.111566200,0
'2026-08-22 08:23:32.977568500,0.111568500,1
'2026-08-22 08:23:32.977568600,0.111568600,0
'2026-08-22 08:23:32.977574900,0.111574900,1
'2026-08-22 08:23:32.977575000,0.111575000,0
'2026-08-22 08:23:32.977575500,0.111575500,1
'2026-08-22 08:23:32.977575600,0.111575600,0
'2026-08-22 08:23:32.977576100,0.111576100,1
'2026-08-22 08:23:32.977576200,0.111576200,0
'2026-08-22 08:23:32.977577400,0.111577400,1
'2026-08-22 08:23:32.977592200,0.111592200,0
'2026-08-22 08:23:32.977594800,0.111594800,1
'2026-08-22 08:23:32.977594900,0.111594900,0
'2026-08-22 08:23:32.977595700,0.111595700,1
'2026-08-22 08:23:32.977595800,0.111595800,0
'2026-08-22 08:23:32.977598900,0.111598900,1
'2026-08-22 08:23:32.977599000,0.111599000,0
'2026-08-22 08:23:32.977602000,0.111602000,1
'2026-08-22 08:23:32.977602100,0.111602100,0
'2026-08-22 08:23:32.977602400,0.111602400,1
'2026-08-22 08:23:32.977602600,0.111602600,0
'2026-08-22 08:23:32.977603000,0.111603000,1
'2026-08-22 08:23:32.977603100,0.111603100,0
'2026-08-22 08:23:32.977603500,0.111603500,1
'2026-08-22 08:23:32.977618000,0.111618000,0
'2026-08-22 08:23:32.977618600,0.111618600,1
'2026-08-22 08:23:32.977618700,0.111618700,0
'2026-08-22 08:23:32.977618800,0.111618800,1
'2026-08-22 08:23:32.977618900,0.111618900,0
'2026-08-22 08:23:32.977619900,0.111619900,1
'2026-08-22 08:23:32.977620000,0.111620000,0
'2026-08-22 08:23:32.977621100,0.111621100,1
'2026-08-22 08:23:32.977621200,0.111621200,0
'2026-08-22 08:23:32.977621700,0.111621700,1
'2026-08-22 08:23:32.977621800,0.111621800,0
'2026-08-22 08:23:32.977622200,0.111622200,1
'2026-08-22 08:23:32.977622400,0.111622400,0
'2026-08-22 08:23:32.977622900,0.111622900,1
'2026-08-22 08:23:32.977623000,0.111623000,0
'2026-08-22 08:23:32.977623500,0.111623500,1
'2026-08-22 08:23:32.977623600,0.111623600,0
'2026-08-22 08:23:32.977625200,0.111625200,1
'2026-08-22 08:23:32.977625300,0.111625300,0
'2026-08-22 08:23:32.977626400,0.111626400,1
'2026-08-22 08:23:32.977626500,0.111626500,0
'2026-08-22 08:23:32.977627500,0.111627500,1
'2026-08-22 08:23:32.977627600,0.111627600,0
'2026-08-22 08:23:32.977628700,0.111628700,1
'2026-08-22 08:23:32.977628800,0.111628800,0
'2026-08-22 08:23:32.977629600,0.111629600,1
'2026-08-22 08:23:32.977644100,0.111644100,0
'2026-08-22 08:23:32.977644300,0.111644300,1
'2026-08-22 08:23:32.977644400,0.111644400,0
'2026-08-22 08:23:32.977644500,0.111644500,1
'2026-08-22 08:23:32.977644600,0.111644600,0
'2026-08-22 08:23:32.977644900,0.111644900,1
'2026-08-22 08:23:32.977645200,0.111645200,0
'2026-08-22 08:23:32.977645600,0.111645600,1
'2026-08-22 08:23:32.977645700,0.111645700,0
'2026-08-22 08:23:32.977645900,0.111645900,1
'2026-08-22 08:23:32.977646000,0.111646000,0
'2026-08-22 08:23:32.977648000,0.111648000,1
'2026-08-22 08:23:32.977648100,0.111648100,0
'2026-08-22 08:23:32.977650300,0.111650300,1
'2026-08-22 08:23:32.977650400,0.111650400,0
'2026-08-22 08:23:32.977651500,0.111651500,1
'2026-08-22 08:23:32.977651600,0.111651600,0
'2026-08-22 08:23:32.977652100,0.111652100,1
'2026-08-22 08:23:32.977652200,0.111652200,0
'2026-08-22 08:23:32.977652400,0.111652400,1
'2026-08-22 08:23:32.977652500,0.111652500,0
'2026-08-22 08:23:32.977652700,0.111652700,1
'2026-08-22 08:23:32.977652800,0.111652800,0
'2026-08-22 08:23:32.977653200,0.111653200,1
'2026-08-22 08:23:32.977653300,0.111653300,0
'2026-08-22 08:23:32.977654300,0.111654300,1
'2026-08-22 08:23:32.977654400,0.111654400,0
'2026-08-22 08:23:32.977654500,0.111654500,1
'2026-08-22 08:23:32.977654600,0.111654600,0
'2026-08-22 08:23:32.977655000,0.111655000,1
'2026-08-22 08:23:32.977655100,0.111655100,0
'2026-08-22 08:23:32.977655700,0.111655700,1
'2026-08-22 08:23:32.977670200,0.111670200,0
'2026-08-22 08:23:32.977670700,0.111670700,1
'2026-08-22 08:23:32.977670900,0.111670900,0
'2026-08-22 08:23:32.977671300,0.111671300,1
'2026-08-22 08:23:32.977671400,0.111671400,0
'2026-08-22 08:23:32.977671600,0.111671600,1
'2026-08-22 08:23:32.977671700,0.111671700,0
'2026-08-22 08:23:32.977671900,0.111671900,1
'2026-08-22 08:23:32.977672000,0.111672000,0
'2026-08-22 08:23:32.977672500,0.111672500,1
'2026-08-22 08:23:32.977672600,0.111672600,0
'2026-08-22 08:23:32.977673100,0.111673100,1
'2026-08-22 08:23:32.977673200,0.111673200,0
'2026-08-22 08:23:32.977674300,0.111674300,1
'2026-08-22 08:23:32.977674400,0.111674400,0
'2026-08-22 08:23:32.977674900,0.111674900,1
'2026-08-22 08:23:32.977675000,0.111675000,0
'2026-08-22 08:23:32.977675400,0.111675400,1
'2026-08-22 08:23:32.977675500,0.111675500,0
'2026-08-22 08:23:32.977676000,0.111676000,1
'2026-08-22 08:23:32.977676200,0.111676200,0
'2026-08-22 08:23:32.977678900,0.111678900,1
'2026-08-22 08:23:32.977679000,0.111679000,0
'2026-08-22 08:23:32.977681300,0.111681300,1
'2026-08-22 08:23:32.977681400,0.111681400,0
'2026-08-22 08:23:32.977681700,0.111681700,1
'2026-08-22 08:23:32.977696600,0.111696600,0
'2026-08-22 08:23:32.977697000,0.111697000,1
'2026-08-22 08:23:32.977697100,0.111697100,0
'2026-08-22 08:23:32.977698200,0.111698200,1
'2026-08-22 08:23:32.977698300,0.111698300,0
'2026-08-22 08:23:32.977698900,0.111698900,1
'2026-08-22 08:23:32.977699000,0.111699000,0
'2026-08-22 08:23:32.977699200,0.111699200,1
'2026-08-22 08:23:32.977699400,0.111699400,0
'2026-08-22 08:23:32.977701100,0.111701100,1
'2026-08-22 08:23:32.977701200,0.111701200,0
'2026-08-22 08:23:32.977701700,0.111701700,1
'2026-08-22 08:23:32.977701800,0.111701800,0
'2026-08-22 08:23:32.977702300,0.111702300,1
'2026-08-22 08:23:32.977702400,0.111702400,0
'2026-08-22 08:23:32.977703500,0.111703500,1
'2026-08-22 08:23:32.977703600,0.111703600,0
'2026-08-22 08:23:32.977704600,0.111704600,1
'2026-08-22 08:23:32.977704700,0.111704700,0
'2026-08-22 08:23:32.977705200,0.111705200,1
'2026-08-22 08:23:32.977705400,0.111705400,0
'2026-08-22 08:23:32.977705700,0.111705700,1
'2026-08-22 08:23:32.977705900,0.111705900,0
'2026-08-22 08:23:32.977706900,0.111706900,1
'2026-08-22 08:23:32.977707000,0.111707000,0
'2026-08-22 08:23:32.977707500,0.111707500,1
'2026-08-22 08:23:32.977707600,0.111707600,0
'2026-08-22 08:23:32.977707800,0.111707800,1
'2026-08-22 08:23:32.977723200,0.111723200,0
'2026-08-22 08:23:32.977723300,0.111723300,1
'2026-08-22 08:23:32.977723400,0.111723400,0
'2026-08-22 08:23:32.977723800,0.111723800,1
'2026-08-22 08:23:32.977724000,0.111724000,0
'2026-08-22 08:23:32.977724500,0.111724500,1
'2026-08-22 08:23:32.977724600,0.111724600,0
'2026-08-22 08:23:32.977725100,0.111725100,1
'2026-08-22 08:23:32.977725200,0.111725200,0
'2026-08-22 08:23:32.977725700,0.111725700,1
'2026-08-22 08:23:32.977725800,0.111725800,0
'2026-08-22 08:23:32.977726200,0.111726200,1
'2026-08-22 08:23:32.977726300,0.111726300,0
'2026-08-22 08:23:32.977727400,0.111727400,1
'2026-08-22 08:23:32.977727500,0.111727500,0
'2026-08-22 08:23:32.977729700,0.111729700,1
'2026-08-22 08:23:32.977729900,0.111729900,0
'2026-08-22 08:23:32.977730900,0.111730900,1
'2026-08-22 08:23:32.977731000,0.111731000,0
'2026-08-22 08:23:32.977731300,0.111731300,1
'2026-08-22 08:23:32.977731600,0.111731600,0
'2026-08-22 08:23:32.977732200,0.111732200,1
'2026-08-22 08:23:32.977732300,0.111732300,0
'2026-08-22 08:23:32.977732600,0.111732600,1
'2026-08-22 08:23:32.977732800,0.111732800,0
'2026-08-22 08:23:32.977733200,0.111733200,1
'2026-08-22 08:23:32.977733400,0.111733400,0
'2026-08-22 08:23:32.977733800,0.111733800,1
'2026-08-22 08:23:32.977748600,0.111748600,0
'2026-08-22 08:23:32.977749000,0.111749000,1
'2026-08-22 08:23:32.977749100,0.111749100,0
'2026-08-22 08:23:32.977750200,0.111750200,1
'2026-08-22 08:23:32.977750300,0.111750300,0
'2026-08-22 08:23:32.977750800,0.111750800,1
'2026-08-22 08:23:32.977750900,0.111750900,0
'2026-08-22 08:23:32.977751300,0.111751300,1
'2026-08-22 08:23:32.977751500,0.111751500,0
'2026-08-22 08:23:32.977751900,0.111751900,1
'2026-08-22 08:23:32.977752100,0.111752100,0
'2026-08-22 08:23:32.977752500,0.111752500,1
'2026-08-22 08:23:32.977752600,0.111752600,0
'2026-08-22 08:23:32.977753300,0.111753300,1
'2026-08-22 08:23:32.977753500,0.111753500,0
'2026-08-22 08:23:32.977753700,0.111753700,1
'2026-08-22 08:23:32.977754000,0.111754000,0
'2026-08-22 08:23:32.977754300,0.111754300,1
'2026-08-22 08:23:32.977754400,0.111754400,0
'2026-08-22 08:23:32.977754900,0.111754900,1
'2026-08-22 08:23:32.977755000,0.111755000,0
'2026-08-22 08:23:32.977755400,0.111755400,1
'2026-08-22 08:23:32.977755600,0.111755600,0
'2026-08-22 08:23:32.977758900,0.111758900,1
'2026-08-22 08:23:32.977759000,0.111759000,0
'2026-08-22 08:23:32.977759500,0.111759500,1
'2026-08-22 08:23:32.977759600,0.111759600,0
'2026-08-22 08:23:32.977760000,0.111760000,1
'2026-08-22 08:23:32.978191400,0.112191400,0
'2026-08-22 08:23:32.978203100,0.112203100,1
'2026-08-22 08:23:32.978217500,0.112217500,0
'2026-08-22 08:23:32.978229100,0.112229100,1
'2026-08-22 08:23:32.978243400,0.112243400,0
'2026-08-22 08:23:32.978255200,0.112255200,1
'2026-08-22 08:23:32.978269700,0.112269700,0
'2026-08-22 08:23:32.978270000,0.112270000,1
'2026-08-22 08:23:32.978270100,0.112270100,0
'2026-08-22 08:23:32.978270500,0.112270500,1
'2026-08-22 08:23:32.978270600,0.112270600,0
'2026-08-22 08:23:32.978272300,0.112272300,1
'2026-08-22 08:23:32.978272400,0.112272400,0
'2026-08-22 08:23:32.978278700,0.112278700,1
'2026-08-22 08:23:32.978278800,0.112278800,0
'2026-08-22 08:23:32.978281300,0.112281300,1
'2026-08-22 08:23:32.978295800,0.112295800,0
'2026-08-22 08:23:32.978300300,0.112300300,1
'2026-08-22 08:23:32.978300400,0.112300400,0
'2026-08-22 08:23:32.978302600,0.112302600,1
'2026-08-22 08:23:32.978302700,0.112302700,0
'2026-08-22 08:23:32.978304200,0.112304200,1
'2026-08-22 08:23:32.978304300,0.112304300,0
'2026-08-22 08:23:32.978307400,0.112307400,1
'2026-08-22 08:23:32.978321800,0.112321800,0
'2026-08-22 08:23:32.978321900,0.112321900,1
'2026-08-22 08:23:32.978322000,0.112322000,0
'2026-08-22 08:23:32.978327200,0.112327200,1
'2026-08-22 08:23:32.978327300,0.112327300,0
'2026-08-22 08:23:32.978328900,0.112328900,1
'2026-08-22 08:23:32.978329000,0.112329000,0
'2026-08-22 08:23:32.978333400,0.112333400,1
'2026-08-22 08:23:32.978347800,0.112347800,0
'2026-08-22 08:23:32.978348700,0.112348700,1
'2026-08-22 08:23:32.978348800,0.112348800,0
'2026-08-22 08:23:32.978349400,0.112349400,1
'2026-08-22 08:23:32.978349500,0.112349500,0
'2026-08-22 08:23:32.978350000,0.112350000,1
'2026-08-22 08:23:32.978350100,0.112350100,0
'2026-08-22 08:23:32.978351800,0.112351800,1
'2026-08-22 08:23:32.978351900,0.112351900,0
'2026-08-22 08:23:32.978354300,0.112354300,1
'2026-08-22 08:23:32.978354400,0.112354400,0
'2026-08-22 08:23:32.978359500,0.112359500,1
'2026-08-22 08:23:32.978374000,0.112374000,0
'2026-08-22 08:23:32.978379700,0.112379700,1
'2026-08-22 08:23:32.978379800,0.112379800,0
'2026-08-22 08:23:32.978380900,0.112380900,1
'2026-08-22 08:23:32.978381000,0.112381000,0
'2026-08-22 08:23:32.978382100,0.112382100,1
'2026-08-22 08:23:32.978382200,0.112382200,0
'2026-08-22 08:23:32.978382700,0.112382700,1
'2026-08-22 08:23:32.978382800,0.112382800,0
'2026-08-22 08:23:32.978382900,0.112382900,1
'2026-08-22 08:23:32.978383000,0.112383000,0
'2026-08-22 08:23:32.978385600,0.112385600,1
'2026-08-22 08:23:32.978400400,0.112400400,0
'2026-08-22 08:23:32.978401300,0.112401300,1
'2026-08-22 08:23:32.978401400,0.112401400,0
'2026-08-22 08:23:32.978402500,0.112402500,1
'2026-08-22 08:23:32.978402600,0.112402600,0
'2026-08-22 08:23:32.978403700,0.112403700,1
'2026-08-22 08:23:32.978403800,0.112403800,0
'2026-08-22 08:23:32.978404900,0.112404900,1
'2026-08-22 08:23:32.978405000,0.112405000,0
'2026-08-22 08:23:32.978407800,0.112407800,1
'2026-08-22 08:23:32.978407900,0.112407900,0
'2026-08-22 08:23:32.978408900,0.112408900,1
'2026-08-22 08:23:32.978409000,0.112409000,0
'2026-08-22 08:23:32.978410800,0.112410800,1
'2026-08-22 08:23:32.978410900,0.112410900,0
'2026-08-22 08:23:32.978411300,0.112411300,1
'2026-08-22 08:23:32.978411400,0.112411400,0
'2026-08-22 08:23:32.978411700,0.112411700,1
'2026-08-22 08:23:32.978426200,0.112426200,0
'2026-08-22 08:23:32.978427600,0.112427600,1
'2026-08-22 08:23:32.978427800,0.112427800,0
'2026-08-22 08:23:32.978428700,0.112428700,1
'2026-08-22 08:23:32.978428900,0.112428900,0
'2026-08-22 08:23:32.978429500,0.112429500,1
'2026-08-22 08:23:32.978429600,0.112429600,0
'2026-08-22 08:23:32.978431100,0.112431100,1
'2026-08-22 08:23:32.978431200,0.112431200,0
'2026-08-22 08:23:32.978431700,0.112431700,1
'2026-08-22 08:23:32.978431800,0.112431800,0
'2026-08-22 08:23:32.978432900,0.112432900,1
'2026-08-22 08:23:32.978433000,0.112433000,0
'2026-08-22 08:23:32.978433500,0.112433500,1
'2026-08-22 08:23:32.978433600,0.112433600,0
'2026-08-22 08:23:32.978434000,0.112434000,1
'2026-08-22 08:23:32.978434100,0.112434100,0
'2026-08-22 08:23:32.978435800,0.112435800,1
'2026-08-22 08:23:32.978435900,0.112435900,0
'2026-08-22 08:23:32.978436400,0.112436400,1
'2026-08-22 08:23:32.978436500,0.112436500,0
'2026-08-22 08:23:32.978437200,0.112437200,1
'2026-08-22 08:23:32.978437300,0.112437300,0
'2026-08-22 08:23:32.978437700,0.112437700,1
'2026-08-22 08:23:32.978452200,0.112452200,0
'2026-08-22 08:23:32.978452300,0.112452300,1
'2026-08-22 08:23:32.978452500,0.112452500,0
'2026-08-22 08:23:32.978454500,0.112454500,1
'2026-08-22 08:23:32.978454600,0.112454600,0
'2026-08-22 08:23:32.978455600,0.112455600,1
'2026-08-22 08:23:32.978455700,0.112455700,0
'2026-08-22 08:23:32.978456800,0.112456800,1
'2026-08-22 08:23:32.978456900,0.112456900,0
'2026-08-22 08:23:32.978458600,0.112458600,1
'2026-08-22 08:23:32.978458700,0.112458700,0
'2026-08-22 08:23:32.978459100,0.112459100,1
'2026-08-22 08:23:32.978459300,0.112459300,0
'2026-08-22 08:23:32.978459700,0.112459700,1
'2026-08-22 08:23:32.978459800,0.112459800,0
'2026-08-22 08:23:32.978459900,0.112459900,1
'2026-08-22 08:23:32.978460000,0.112460000,0
'2026-08-22 08:23:32.978460900,0.112460900,1
'2026-08-22 08:23:32.978461000,0.112461000,0
'2026-08-22 08:23:32.978463800,0.112463800,1
'2026-08-22 08:23:32.978478500,0.112478500,0
'2026-08-22 08:23:32.978479000,0.112479000,1
'2026-08-22 08:23:32.978479100,0.112479100,0
'2026-08-22 08:23:32.978479500,0.112479500,1
'2026-08-22 08:23:32.978479600,0.112479600,0
'2026-08-22 08:23:32.978480200,0.112480200,1
'2026-08-22 08:23:32.978480400,0.112480400,0
'2026-08-22 08:23:32.978480700,0.112480700,1
'2026-08-22 08:23:32.978480900,0.112480900,0
'2026-08-22 08:23:32.978481300,0.112481300,1
'2026-08-22 08:23:32.978481400,0.112481400,0
'2026-08-22 08:23:32.978481900,0.112481900,1
'2026-08-22 08:23:32.978482000,0.112482000,0
'2026-08-22 08:23:32.978482500,0.112482500,1
'2026-08-22 08:23:32.978482600,0.112482600,0
'2026-08-22 08:23:32.978483500,0.112483500,1
'2026-08-22 08:23:32.978483600,0.112483600,0
'2026-08-22 08:23:32.978486600,0.112486600,1
'2026-08-22 08:23:32.978486800,0.112486800,0
'2026-08-22 08:23:32.978487800,0.112487800,1
'2026-08-22 08:23:32.978488000,0.112488000,0
'2026-08-22 08:23:32.978488400,0.112488400,1
'2026-08-22 08:23:32.978488500,0.112488500,0
'2026-08-22 08:23:32.978488900,0.112488900,1
'2026-08-22 08:23:32.978489100,0.112489100,0
'2026-08-22 08:23:32.978489500,0.112489500,1
'2026-08-22 08:23:32.978489600,0.112489600,0
'2026-08-22 08:23:32.978489900,0.112489900,1
'2026-08-22 08:23:32.978504400,0.112504400,0
'2026-08-22 08:23:32.978505300,0.112505300,1
'2026-08-22 08:23:32.978505500,0.112505500,0
'2026-08-22 08:23:32.978508200,0.112508200,1
'2026-08-22 08:23:32.978508300,0.112508300,0
'2026-08-22 08:23:32.978509400,0.112509400,1
'2026-08-22 08:23:32.978509500,0.112509500,0
'2026-08-22 08:23:32.978509900,0.112509900,1
'2026-08-22 08:23:32.978510000,0.112510000,0
'2026-08-22 08:23:32.978510300,0.112510300,1
'2026-08-22 08:23:32.978510400,0.112510400,0
'2026-08-22 08:23:32.978510500,0.112510500,1
'2026-08-22 08:23:32.978510800,0.112510800,0
'2026-08-22 08:23:32.978511100,0.112511100,1
'2026-08-22 08:23:32.978511300,0.112511300,0
'2026-08-22 08:23:32.978511700,0.112511700,1
'2026-08-22 08:23:32.978511900,0.112511900,0
'2026-08-22 08:23:32.978512300,0.112512300,1
'2026-08-22 08:23:32.978512400,0.112512400,0
'2026-08-22 08:23:32.978512900,0.112512900,1
'2026-08-22 08:23:32.978513100,0.112513100,0
'2026-08-22 08:23:32.978513500,0.112513500,1
'2026-08-22 08:23:32.978513600,0.112513600,0
'2026-08-22 08:23:32.978516000,0.112516000,1
'2026-08-22 08:23:32.978530600,0.112530600,0
'2026-08-22 08:23:32.978530800,0.112530800,1
'2026-08-22 08:23:32.978531100,0.112531100,0
'2026-08-22 08:23:32.978531300,0.112531300,1
'2026-08-22 08:23:32.978531400,0.112531400,0
'2026-08-22 08:23:32.978531600,0.112531600,1
'2026-08-22 08:23:32.978531800,0.112531800,0
'2026-08-22 08:23:32.978532100,0.112532100,1
'2026-08-22 08:23:32.978532300,0.112532300,0
'2026-08-22 08:23:32.978532700,0.112532700,1
'2026-08-22 08:23:32.978532800,0.112532800,0
'2026-08-22 08:23:32.978533200,0.112533200,1
'2026-08-22 08:23:32.978533400,0.112533400,0
'2026-08-22 08:23:32.978533900,0.112533900,1
'2026-08-22 08:23:32.978534000,0.112534000,0
'2026-08-22 08:23:32.978534500,0.112534500,1
'2026-08-22 08:23:32.978534600,0.112534600,0
'2026-08-22 08:23:32.978535100,0.112535100,1
'2026-08-22 08:23:32.978535200,0.112535200,0
'2026-08-22 08:23:32.978535600,0.112535600,1
'2026-08-22 08:23:32.978535800,0.112535800,0
'2026-08-22 08:23:32.978536100,0.112536100,1
'2026-08-22 08:23:32.978536200,0.112536200,0
'2026-08-22 08:23:32.978538500,0.112538500,1
'2026-08-22 08:23:32.978538700,0.112538700,0
'2026-08-22 08:23:32.978539700,0.112539700,1
'2026-08-22 08:23:32.978539800,0.112539800,0
'2026-08-22 08:23:32.978540900,0.112540900,1
'2026-08-22 08:23:32.978541000,0.112541000,0
'2026-08-22 08:23:32.978541500,0.112541500,1
'2026-08-22 08:23:32.978541600,0.112541600,0
'2026-08-22 08:23:32.978541900,0.112541900,1
'2026-08-22 08:23:32.978556800,0.112556800,0
'2026-08-22 08:23:32.978557200,0.112557200,1
'2026-08-22 08:23:32.978557300,0.112557300,0
'2026-08-22 08:23:32.978558400,0.112558400,1
'2026-08-22 08:23:32.978558500,0.112558500,0
'2026-08-22 08:23:32.978559000,0.112559000,1
'2026-08-22 08:23:32.978559100,0.112559100,0
'2026-08-22 08:23:32.978561300,0.112561300,1
'2026-08-22 08:23:32.978561400,0.112561400,0
'2026-08-22 08:23:32.978561600,0.112561600,1
'2026-08-22 08:23:32.978561700,0.112561700,0
'2026-08-22 08:23:32.978562000,0.112562000,1
'2026-08-22 08:23:32.978562200,0.112562200,0
'2026-08-22 08:23:32.978562500,0.112562500,1
'2026-08-22 08:23:32.978562600,0.112562600,0
'2026-08-22 08:23:32.978563100,0.112563100,1
'2026-08-22 08:23:32.978563200,0.112563200,0
'2026-08-22 08:23:32.978563400,0.112563400,1
'2026-08-22 08:23:32.978563500,0.112563500,0
'2026-08-22 08:23:32.978563600,0.112563600,1
'2026-08-22 08:23:32.978563800,0.112563800,0
'2026-08-22 08:23:32.978564800,0.112564800,1
'2026-08-22 08:23:32.978565000,0.112565000,0
'2026-08-22 08:23:32.978565400,0.112565400,1
'2026-08-22 08:23:32.978565600,0.112565600,0
'2026-08-22 08:23:32.978566000,0.112566000,1
'2026-08-22 08:23:32.978566200,0.112566200,0
'2026-08-22 08:23:32.978566600,0.112566600,1
'2026-08-22 08:23:32.978566800,0.112566800,0
'2026-08-22 08:23:32.978567700,0.112567700,1
'2026-08-22 08:23:32.978567800,0.112567800,0
'2026-08-22 08:23:32.978568000,0.112568000,1
'2026-08-22 08:23:32.978582600,0.112582600,0
'2026-08-22 08:23:32.978582700,0.112582700,1
'2026-08-22 08:23:32.978582800,0.112582800,0
'2026-08-22 08:23:32.978582900,0.112582900,1
'2026-08-22 08:23:32.978583000,0.112583000,0
'2026-08-22 08:23:32.978583200,0.112583200,1
'2026-08-22 08:23:32.978583300,0.112583300,0
'2026-08-22 08:23:32.978583500,0.112583500,1
'2026-08-22 08:23:32.978583600,0.112583600,0
'2026-08-22 08:23:32.978584100,0.112584100,1
'2026-08-22 08:23:32.978584200,0.112584200,0
'2026-08-22 08:23:32.978584700,0.112584700,1
'2026-08-22 08:23:32.978584800,0.112584800,0
'2026-08-22 08:23:32.978585300,0.112585300,1
'2026-08-22 08:23:32.978585400,0.112585400,0
'2026-08-22 08:23:32.978585800,0.112585800,1
'2026-08-22 08:23:32.978585900,0.112585900,0
'2026-08-22 08:23:32.978586700,0.112586700,1
'2026-08-22 08:23:32.978586800,0.112586800,0
'2026-08-22 08:23:32.978587000,0.112587000,1
'2026-08-22 08:23:32.978587200,0.112587200,0
'2026-08-22 08:23:32.978587600,0.112587600,1
'2026-08-22 08:23:32.978587700,0.112587700,0
'2026-08-22 08:23:32.978588100,0.112588100,1
'2026-08-22 08:23:32.978588300,0.112588300,0
'2026-08-22 08:23:32.978588700,0.112588700,1
'2026-08-22 08:23:32.978588900,0.112588900,0
'2026-08-22 08:23:32.978589000,0.112589000,1
'2026-08-22 08:23:32.978589300,0.112589300,0
'2026-08-22 08:23:32.978589400,0.112589400,1
'2026-08-22 08:23:32.978589500,0.112589500,0
'2026-08-22 08:23:32.978589900,0.112589900,1
'2026-08-22 08:23:32.978590000,0.112590000,0
'2026-08-22 08:23:32.978590300,0.112590300,1
'2026-08-22 08:23:32.978590400,0.112590400,0
'2026-08-22 08:23:32.978590700,0.112590700,1
'2026-08-22 08:23:32.978590800,0.112590800,0
'2026-08-22 08:23:32.978592100,0.112592100,1
'2026-08-22 08:23:32.978592400,0.112592400,0
'2026-08-22 08:23:32.978592900,0.112592900,1
'2026-08-22 08:23:32.978593000,0.112593000,0
'2026-08-22 08:23:32.978593100,0.112593100,1
'2026-08-22 08:23:32.978593200,0.112593200,0
'2026-08-22 08:23:32.978593400,0.112593400,1
'2026-08-22 08:23:32.978593600,0.112593600,0
'2026-08-22 08:23:32.978593900,0.112593900,1
'2026-08-22 08:23:32.978594100,0.112594100,0
'2026-08-22 08:23:32.978594200,0.112594200,1
'2026-08-22 08:23:32.979010100,0.113010100,0
'2026-08-22 08:23:32.979011200,0.113011200,1
'2026-08-22 08:23:32.979025500,0.113025500,0
'2026-08-22 08:23:32.979037300,0.113037300,1
'2026-08-22 08:23:32.979051500,0.113051500,0
'2026-08-22 08:23:32.979051600,0.113051600,1
'2026-08-22 08:23:32.979051700,0.113051700,0
'2026-08-22 08:23:32.979051800,0.113051800,1
'2026-08-22 08:23:32.979051900,0.113051900,0
'2026-08-22 08:23:32.979053100,0.113053100,1
'2026-08-22 08:23:32.979053200,0.113053200,0
'2026-08-22 08:23:32.979055100,0.113055100,1
'2026-08-22 08:23:32.979055200,0.113055200,0
'2026-08-22 08:23:32.979056600,0.113056600,1
'2026-08-22 08:23:32.979056700,0.113056700,0
'2026-08-22 08:23:32.979057100,0.113057100,1
'2026-08-22 08:23:32.979057300,0.113057300,0
'2026-08-22 08:23:32.979057700,0.113057700,1
'2026-08-22 08:23:32.979057900,0.113057900,0
'2026-08-22 08:23:32.979058300,0.113058300,1
'2026-08-22 08:23:32.979058400,0.113058400,0
'2026-08-22 08:23:32.979063400,0.113063400,1
'2026-08-22 08:23:32.979077700,0.113077700,0
'2026-08-22 08:23:32.979081700,0.113081700,1
'2026-08-22 08:23:32.979081800,0.113081800,0
'2026-08-22 08:23:32.979084600,0.113084600,1
'2026-08-22 08:23:32.979084700,0.113084700,0
'2026-08-22 08:23:32.979087700,0.113087700,1
'2026-08-22 08:23:32.979087800,0.113087800,0
'2026-08-22 08:23:32.979089500,0.113089500,1
'2026-08-22 08:23:32.979104000,0.113104000,0
'2026-08-22 08:23:32.979104500,0.113104500,1
'2026-08-22 08:23:32.979104600,0.113104600,0
'2026-08-22 08:23:32.979112100,0.113112100,1
'2026-08-22 08:23:32.979112200,0.113112200,0
'2026-08-22 08:23:32.979115500,0.113115500,1
'2026-08-22 08:23:32.979130200,0.113130200,0
'2026-08-22 08:23:32.979132500,0.113132500,1
'2026-08-22 08:23:32.979132600,0.113132600,0
'2026-08-22 08:23:32.979133100,0.113133100,1
'2026-08-22 08:23:32.979133200,0.113133200,0
'2026-08-22 08:23:32.979138900,0.113138900,1
'2026-08-22 08:23:32.979139000,0.113139000,0
'2026-08-22 08:23:32.979141600,0.113141600,1
'2026-08-22 08:23:32.979156000,0.113156000,0
'2026-08-22 08:23:32.979162300,0.113162300,1
'2026-08-22 08:23:32.979162400,0.113162400,0
'2026-08-22 08:23:32.979163500,0.113163500,1
'2026-08-22 08:23:32.979163600,0.113163600,0
'2026-08-22 08:23:32.979164300,0.113164300,1
'2026-08-22 08:23:32.979164400,0.113164400,0
'2026-08-22 08:23:32.979165800,0.113165800,1
'2026-08-22 08:23:32.979165900,0.113165900,0
'2026-08-22 08:23:32.979167700,0.113167700,1
'2026-08-22 08:23:32.979182300,0.113182300,0
'2026-08-22 08:23:32.979182700,0.113182700,1
'2026-08-22 08:23:32.979182800,0.113182800,0
'2026-08-22 08:23:32.979183900,0.113183900,1
'2026-08-22 08:23:32.979184000,0.113184000,0
'2026-08-22 08:23:32.979184500,0.113184500,1
'2026-08-22 08:23:32.979184600,0.113184600,0
'2026-08-22 08:23:32.979185100,0.113185100,1
'2026-08-22 08:23:32.979185200,0.113185200,0
'2026-08-22 08:23:32.979192300,0.113192300,1
'2026-08-22 08:23:32.979192400,0.113192400,0
'2026-08-22 08:23:32.979193800,0.113193800,1
'2026-08-22 08:23:32.979208100,0.113208100,0
'2026-08-22 08:23:32.979211400,0.113211400,1
'2026-08-22 08:23:32.979211500,0.113211500,0
'2026-08-22 08:23:32.979213700,0.113213700,1
'2026-08-22 08:23:32.979213800,0.113213800,0
'2026-08-22 08:23:32.979214300,0.113214300,1
'2026-08-22 08:23:32.979214400,0.113214400,0
'2026-08-22 08:23:32.979214900,0.113214900,1
'2026-08-22 08:23:32.979215000,0.113215000,0
'2026-08-22 08:23:32.979215400,0.113215400,1
'2026-08-22 08:23:32.979215600,0.113215600,0
'2026-08-22 08:23:32.979219900,0.113219900,1
'2026-08-22 08:23:32.979234500,0.113234500,0
'2026-08-22 08:23:32.979234700,0.113234700,1
'2026-08-22 08:23:32.979234800,0.113234800,0
'2026-08-22 08:23:32.979234900,0.113234900,1
'2026-08-22 08:23:32.979235400,0.113235400,0
'2026-08-22 08:23:32.979235900,0.113235900,1
'2026-08-22 08:23:32.979236100,0.113236100,0
'2026-08-22 08:23:32.979242700,0.113242700,1
'2026-08-22 08:23:32.979242800,0.113242800,0
'2026-08-22 08:23:32.979245900,0.113245900,1
'2026-08-22 08:23:32.979260300,0.113260300,0
'2026-08-22 08:23:32.979260400,0.113260400,1
'2026-08-22 08:23:32.979260500,0.113260500,0
'2026-08-22 08:23:32.979261100,0.113261100,1
'2026-08-22 08:23:32.979261200,0.113261200,0
'2026-08-22 08:23:32.979261600,0.113261600,1
'2026-08-22 08:23:32.979261700,0.113261700,0
'2026-08-22 08:23:32.979262700,0.113262700,1
'2026-08-22 08:23:32.979262800,0.113262800,0
'2026-08-22 08:23:32.979263300,0.113263300,1
'2026-08-22 08:23:32.979263400,0.113263400,0
'2026-08-22 08:23:32.979264100,0.113264100,1
'2026-08-22 08:23:32.979264300,0.113264300,0
'2026-08-22 08:23:32.979264500,0.113264500,1
'2026-08-22 08:23:32.979264600,0.113264600,0
'2026-08-22 08:23:32.979265100,0.113265100,1
'2026-08-22 08:23:32.979265200,0.113265200,0
'2026-08-22 08:23:32.979265700,0.113265700,1
'2026-08-22 08:23:32.979265800,0.113265800,0
'2026-08-22 08:23:32.979266200,0.113266200,1
'2026-08-22 08:23:32.979266400,0.113266400,0
'2026-08-22 08:23:32.979272000,0.113272000,1
'2026-08-22 08:23:32.979286400,0.113286400,0
'2026-08-22 08:23:32.979286600,0.113286600,1
'2026-08-22 08:23:32.979286800,0.113286800,0
'2026-08-22 08:23:32.979287300,0.113287300,1
'2026-08-22 08:23:32.979287400,0.113287400,0
'2026-08-22 08:23:32.979287900,0.113287900,1
'2026-08-22 08:23:32.979288000,0.113288000,0
'2026-08-22 08:23:32.979288500,0.113288500,1
'2026-08-22 08:23:32.979288600,0.113288600,0
'2026-08-22 08:23:32.979289000,0.113289000,1
'2026-08-22 08:23:32.979289100,0.113289100,0
'2026-08-22 08:23:32.979294900,0.113294900,1
'2026-08-22 08:23:32.979295000,0.113295000,0
'2026-08-22 08:23:32.979295500,0.113295500,1
'2026-08-22 08:23:32.979295600,0.113295600,0
'2026-08-22 08:23:32.979296000,0.113296000,1
'2026-08-22 08:23:32.979296100,0.113296100,0
'2026-08-22 08:23:32.979298100,0.113298100,1
'2026-08-22 08:23:32.979312800,0.113312800,0
'2026-08-22 08:23:32.979312900,0.113312900,1
'2026-08-22 08:23:32.979313000,0.113313000,0
'2026-08-22 08:23:32.979314100,0.113314100,1
'2026-08-22 08:23:32.979314300,0.113314300,0
'2026-08-22 08:23:32.979314700,0.113314700,1
'2026-08-22 08:23:32.979314800,0.113314800,0
'2026-08-22 08:23:32.979315300,0.113315300,1
'2026-08-22 08:23:32.979315500,0.113315500,0
'2026-08-22 08:23:32.979315900,0.113315900,1
'2026-08-22 08:23:32.979316000,0.113316000,0
'2026-08-22 08:23:32.979316500,0.113316500,1
'2026-08-22 08:23:32.979316600,0.113316600,0
'2026-08-22 08:23:32.979317100,0.113317100,1
'2026-08-22 08:23:32.979317200,0.113317200,0
'2026-08-22 08:23:32.979317600,0.113317600,1
'2026-08-22 08:23:32.979317800,0.113317800,0
'2026-08-22 08:23:32.979318700,0.113318700,1
'2026-08-22 08:23:32.979318800,0.113318800,0
'2026-08-22 08:23:32.979321700,0.113321700,1
'2026-08-22 08:23:32.979321800,0.113321800,0
'2026-08-22 08:23:32.979321900,0.113321900,1
'2026-08-22 08:23:32.979322000,0.113322000,0
'2026-08-22 08:23:32.979322900,0.113322900,1
'2026-08-22 08:23:32.979323000,0.113323000,0
'2026-08-22 08:23:32.979324100,0.113324100,1
'2026-08-22 08:23:32.979338800,0.113338800,0
'2026-08-22 08:23:32.979338900,0.113338900,1
'2026-08-22 08:23:32.979339000,0.113339000,0
'2026-08-22 08:23:32.979339300,0.113339300,1
'2026-08-22 08:23:32.979339400,0.113339400,0
'2026-08-22 08:23:32.979339700,0.113339700,1
'2026-08-22 08:23:32.979339800,0.113339800,0
'2026-08-22 08:23:32.979341300,0.113341300,1
'2026-08-22 08:23:32.979341400,0.113341400,0
'2026-08-22 08:23:32.979341600,0.113341600,1
'2026-08-22 08:23:32.979341800,0.113341800,0
'2026-08-22 08:23:32.979342100,0.113342100,1
'2026-08-22 08:23:32.979342300,0.113342300,0
'2026-08-22 08:23:32.979342700,0.113342700,1
'2026-08-22 08:23:32.979343000,0.113343000,0
'2026-08-22 08:23:32.979344500,0.113344500,1
'2026-08-22 08:23:32.979344700,0.113344700,0
'2026-08-22 08:23:32.979345600,0.113345600,1
'2026-08-22 08:23:32.979345700,0.113345700,0
'2026-08-22 08:23:32.979347500,0.113347500,1
'2026-08-22 08:23:32.979347600,0.113347600,0
'2026-08-22 08:23:32.979348000,0.113348000,1
'2026-08-22 08:23:32.979348100,0.113348100,0
'2026-08-22 08:23:32.979349300,0.113349300,1
'2026-08-22 08:23:32.979349400,0.113349400,0
'2026-08-22 08:23:32.979350200,0.113350200,1
'2026-08-22 08:23:32.979364900,0.113364900,0
'2026-08-22 08:23:32.979365000,0.113365000,1
'2026-08-22 08:23:32.979365200,0.113365200,0
'2026-08-22 08:23:32.979365400,0.113365400,1
'2026-08-22 08:23:32.979365800,0.113365800,0
'2026-08-22 08:23:32.979366100,0.113366100,1
'2026-08-22 08:23:32.979366200,0.113366200,0
'2026-08-22 08:23:32.979366500,0.113366500,1
'2026-08-22 08:23:32.979366600,0.113366600,0
'2026-08-22 08:23:32.979366700,0.113366700,1
'2026-08-22 08:23:32.979366800,0.113366800,0
'2026-08-22 08:23:32.979367300,0.113367300,1
'2026-08-22 08:23:32.979367400,0.113367400,0
'2026-08-22 08:23:32.979368200,0.113368200,1
'2026-08-22 08:23:32.979368300,0.113368300,0
'2026-08-22 08:23:32.979368500,0.113368500,1
'2026-08-22 08:23:32.979368600,0.113368600,0
'2026-08-22 08:23:32.979369100,0.113369100,1
'2026-08-22 08:23:32.979369200,0.113369200,0
'2026-08-22 08:23:32.979372000,0.113372000,1
'2026-08-22 08:23:32.979372100,0.113372100,0
'2026-08-22 08:23:32.979373100,0.113373100,1
'2026-08-22 08:23:32.979373400,0.113373400,0
'2026-08-22 08:23:32.979373900,0.113373900,1
'2026-08-22 08:23:32.979374000,0.113374000,0
'2026-08-22 08:23:32.979374300,0.113374300,1
'2026-08-22 08:23:32.979374400,0.113374400,0
'2026-08-22 08:23:32.979374900,0.113374900,1
'2026-08-22 08:23:32.979375000,0.113375000,0
'2026-08-22 08:23:32.979375500,0.113375500,1
'2026-08-22 08:23:32.979375600,0.113375600,0
'2026-08-22 08:23:32.979376300,0.113376300,1
'2026-08-22 08:23:32.979390800,0.113390800,0
'2026-08-22 08:23:32.979391100,0.113391100,1
'2026-08-22 08:23:32.979391400,0.113391400,0
'2026-08-22 08:23:32.979391800,0.113391800,1
'2026-08-22 08:23:32.979391900,0.113391900,0
'2026-08-22 08:23:32.979392400,0.113392400,1
'2026-08-22 08:23:32.979392600,0.113392600,0
'2026-08-22 08:23:32.979393000,0.113393000,1
'2026-08-22 08:23:32.979393100,0.113393100,0
'2026-08-22 08:23:32.979393500,0.113393500,1
'2026-08-22 08:23:32.979393700,0.113393700,0
'2026-08-22 08:23:32.979394300,0.113394300,1
'2026-08-22 08:23:32.979394400,0.113394400,0
'2026-08-22 08:23:32.979394600,0.113394600,1
'2026-08-22 08:23:32.979394900,0.113394900,0
'2026-08-22 08:23:32.979395300,0.113395300,1
'2026-08-22 08:23:32.979395600,0.113395600,0
'2026-08-22 08:23:32.979395900,0.113395900,1
'2026-08-22 08:23:32.979396000,0.113396000,0
'2026-08-22 08:23:32.979396300,0.113396300,1
'2026-08-22 08:23:32.979396400,0.113396400,0
'2026-08-22 08:23:32.979396500,0.113396500,1
'2026-08-22 08:23:32.979396600,0.113396600,0
'2026-08-22 08:23:32.979397100,0.113397100,1
'2026-08-22 08:23:32.979397200,0.113397200,0
'2026-08-22 08:23:32.979398300,0.113398300,1
'2026-08-22 08:23:32.979398400,0.113398400,0
'2026-08-22 08:23:32.979398700,0.113398700,1
'2026-08-22 08:23:32.979398800,0.113398800,0
'2026-08-22 08:23:32.979401200,0.113401200,1
'2026-08-22 08:23:32.979401300,0.113401300,0
'2026-08-22 08:23:32.979401700,0.113401700,1
'2026-08-22 08:23:32.979401900,0.113401900,0
'2026-08-22 08:23:32.979402200,0.113402200,1
'2026-08-22 08:23:32.979416800,0.113416800,0
'2026-08-22 08:23:32.979416900,0.113416900,1
'2026-08-22 08:23:32.979417100,0.113417100,0
'2026-08-22 08:23:32.979417400,0.113417400,1
'2026-08-22 08:23:32.979417600,0.113417600,0
'2026-08-22 08:23:32.979418100,0.113418100,1
'2026-08-22 08:23:32.979418200,0.113418200,0
'2026-08-22 08:23:32.979418600,0.113418600,1
'2026-08-22 08:23:32.979418800,0.113418800,0
'2026-08-22 08:23:32.979419300,0.113419300,1
'2026-08-22 08:23:32.980641700,0.114641700,0
'2026-08-22 08:23:32.980653600,0.114653600,1
'2026-08-22 08:23:32.980667800,0.114667800,0
'2026-08-22 08:23:32.980679600,0.114679600,1
'2026-08-22 08:23:32.980694000,0.114694000,0
'2026-08-22 08:23:32.980705700,0.114705700,1
'2026-08-22 08:23:32.980719900,0.114719900,0
'2026-08-22 08:23:32.980720100,0.114720100,1
'2026-08-22 08:23:32.980720200,0.114720200,0
'2026-08-22 08:23:32.980731800,0.114731800,1
'2026-08-22 08:23:32.980746100,0.114746100,0
'2026-08-22 08:23:32.980746300,0.114746300,1
'2026-08-22 08:23:32.980746400,0.114746400,0
'2026-08-22 08:23:32.980757900,0.114757900,1
'2026-08-22 08:23:32.980772300,0.114772300,0
'2026-08-22 08:23:32.980781400,0.114781400,1
'2026-08-22 08:23:32.980781500,0.114781500,0
'2026-08-22 08:23:32.980783100,0.114783100,1
'2026-08-22 08:23:32.980783200,0.114783200,0
'2026-08-22 08:23:32.980784000,0.114784000,1
'2026-08-22 08:23:32.980798500,0.114798500,0
'2026-08-22 08:23:32.980810000,0.114810000,1
'2026-08-22 08:23:32.980824400,0.114824400,0
'2026-08-22 08:23:32.980824600,0.114824600,1
'2026-08-22 08:23:32.980824800,0.114824800,0
'2026-08-22 08:23:32.980836100,0.114836100,1
'2026-08-22 08:23:32.980850500,0.114850500,0
'2026-08-22 08:23:32.980850900,0.114850900,1
'2026-08-22 08:23:32.980851000,0.114851000,0
'2026-08-22 08:23:32.980851400,0.114851400,1
'2026-08-22 08:23:32.980851500,0.114851500,0
'2026-08-22 08:23:32.980851700,0.114851700,1
'2026-08-22 08:23:32.980851800,0.114851800,0
'2026-08-22 08:23:32.980854500,0.114854500,1
'2026-08-22 08:23:32.980854600,0.114854600,0
'2026-08-22 08:23:32.980854900,0.114854900,1
'2026-08-22 08:23:32.980855000,0.114855000,0
'2026-08-22 08:23:32.980855500,0.114855500,1
'2026-08-22 08:23:32.980855700,0.114855700,0
'2026-08-22 08:23:32.980862200,0.114862200,1
'2026-08-22 08:23:32.980876700,0.114876700,0
'2026-08-22 08:23:32.980877100,0.114877100,1
'2026-08-22 08:23:32.980877300,0.114877300,0
'2026-08-22 08:23:32.980884700,0.114884700,1
'2026-08-22 08:23:32.980884800,0.114884800,0
'2026-08-22 08:23:32.980886100,0.114886100,1
'2026-08-22 08:23:32.980886200,0.114886200,0
'2026-08-22 08:23:32.980888300,0.114888300,1
'2026-08-22 08:23:32.980902900,0.114902900,0
'2026-08-22 08:23:32.980910400,0.114910400,1
'2026-08-22 08:23:32.980910500,0.114910500,0
'2026-08-22 08:23:32.980913500,0.114913500,1
'2026-08-22 08:23:32.980913600,0.114913600,0
'2026-08-22 08:23:32.980914300,0.114914300,1
'2026-08-22 08:23:32.980928800,0.114928800,0
'2026-08-22 08:23:32.980929100,0.114929100,1
'2026-08-22 08:23:32.980929200,0.114929200,0
'2026-08-22 08:23:32.980933200,0.114933200,1
'2026-08-22 08:23:32.980933300,0.114933300,0
'2026-08-22 08:23:32.980933600,0.114933600,1
'2026-08-22 08:23:32.980933700,0.114933700,0
'2026-08-22 08:23:32.980934200,0.114934200,1
'2026-08-22 08:23:32.980934300,0.114934300,0
'2026-08-22 08:23:32.980937900,0.114937900,1
'2026-08-22 08:23:32.980938000,0.114938000,0
'2026-08-22 08:23:32.980940400,0.114940400,1
'2026-08-22 08:23:32.980955000,0.114955000,0
'2026-08-22 08:23:32.980955400,0.114955400,1
'2026-08-22 08:23:32.980955600,0.114955600,0
'2026-08-22 08:23:32.980957500,0.114957500,1
'2026-08-22 08:23:32.980957600,0.114957600,0
'2026-08-22 08:23:32.980957700,0.114957700,1
'2026-08-22 08:23:32.980957800,0.114957800,0
'2026-08-22 08:23:32.980961000,0.114961000,1
'2026-08-22 08:23:32.980961100,0.114961100,0
'2026-08-22 08:23:32.980962300,0.114962300,1
'2026-08-22 08:23:32.980962500,0.114962500,0
'2026-08-22 08:23:32.980966300,0.114966300,1
'2026-08-22 08:23:32.980966400,0.114966400,0
'2026-08-22 08:23:32.980966500,0.114966500,1
'2026-08-22 08:23:32.980981000,0.114981000,0
'2026-08-22 08:23:32.980981700,0.114981700,1
'2026-08-22 08:23:32.980981800,0.114981800,0
'2026-08-22 08:23:32.980984000,0.114984000,1
'2026-08-22 08:23:32.980984100,0.114984100,0
'2026-08-22 08:23:32.980984600,0.114984600,1
'2026-08-22 08:23:32.980984800,0.114984800,0
'2026-08-22 08:23:32.980986000,0.114986000,1
'2026-08-22 08:23:32.980986100,0.114986100,0
'2026-08-22 08:23:32.980986900,0.114986900,1
'2026-08-22 08:23:32.980987000,0.114987000,0
'2026-08-22 08:23:32.980989300,0.114989300,1
'2026-08-22 08:23:32.980989400,0.114989400,0
'2026-08-22 08:23:32.980990100,0.114990100,1
'2026-08-22 08:23:32.980990200,0.114990200,0
'2026-08-22 08:23:32.980991700,0.114991700,1
'2026-08-22 08:23:32.980991800,0.114991800,0
'2026-08-22 08:23:32.980992600,0.114992600,1
'2026-08-22 08:23:32.981007000,0.115007000,0
'2026-08-22 08:23:32.981007100,0.115007100,1
'2026-08-22 08:23:32.981007200,0.115007200,0
'2026-08-22 08:23:32.981007300,0.115007300,1
'2026-08-22 08:23:32.981007500,0.115007500,0
'2026-08-22 08:23:32.981007900,0.115007900,1
'2026-08-22 08:23:32.981008000,0.115008000,0
'2026-08-22 08:23:32.981008500,0.115008500,1
'2026-08-22 08:23:32.981008600,0.115008600,0
'2026-08-22 08:23:32.981009100,0.115009100,1
'2026-08-22 08:23:32.981009200,0.115009200,0
'2026-08-22 08:23:32.981011500,0.115011500,1
'2026-08-22 08:23:32.981011600,0.115011600,0
'2026-08-22 08:23:32.981012000,0.115012000,1
'2026-08-22 08:23:32.981012100,0.115012100,0
'2026-08-22 08:23:32.981013800,0.115013800,1
'2026-08-22 08:23:32.981013900,0.115013900,0
'2026-08-22 08:23:32.981014300,0.115014300,1
'2026-08-22 08:23:32.981014400,0.115014400,0
'2026-08-22 08:23:32.981015500,0.115015500,1
'2026-08-22 08:23:32.981015600,0.115015600,0
'2026-08-22 08:23:32.981016100,0.115016100,1
'2026-08-22 08:23:32.981016200,0.115016200,0
'2026-08-22 08:23:32.981016700,0.115016700,1
'2026-08-22 08:23:32.981016800,0.115016800,0
'2026-08-22 08:23:32.981018600,0.115018600,1
'2026-08-22 08:23:32.981033300,0.115033300,0
'2026-08-22 08:23:32.981033500,0.115033500,1
'2026-08-22 08:23:32.981033700,0.115033700,0
'2026-08-22 08:23:32.981034200,0.115034200,1
'2026-08-22 08:23:32.981034300,0.115034300,0
'2026-08-22 08:23:32.981035400,0.115035400,1
'2026-08-22 08:23:32.981035600,0.115035600,0
'2026-08-22 08:23:32.981035900,0.115035900,1
'2026-08-22 08:23:32.981036100,0.115036100,0
'2026-08-22 08:23:32.981036500,0.115036500,1
'2026-08-22 08:23:32.981036700,0.115036700,0
'2026-08-22 08:23:32.981037100,0.115037100,1
'2026-08-22 08:23:32.981037300,0.115037300,0
'2026-08-22 08:23:32.981038200,0.115038200,1
'2026-08-22 08:23:32.981038400,0.115038400,0
'2026-08-22 08:23:32.981040100,0.115040100,1
'2026-08-22 08:23:32.981040200,0.115040200,0
'2026-08-22 08:23:32.981040300,0.115040300,1
'2026-08-22 08:23:32.981040400,0.115040400,0
'2026-08-22 08:23:32.981040900,0.115040900,1
'2026-08-22 08:23:32.982258000,0.116258000,0
'2026-08-22 08:23:32.982269900,0.116269900,1
'2026-08-22 08:23:32.982284100,0.116284100,0
'2026-08-22 08:23:32.982296000,0.116296000,1
'2026-08-22 08:23:32.982310300,0.116310300,0
'2026-08-22 08:23:32.982322000,0.116322000,1
'2026-08-22 08:23:32.982336200,0.116336200,0
'2026-08-22 08:23:32.982339600,0.116339600,1
'2026-08-22 08:23:32.982339700,0.116339700,0
'2026-08-22 08:23:32.982348100,0.116348100,1
'2026-08-22 08:23:32.982362600,0.116362600,0
'2026-08-22 08:23:32.982374200,0.116374200,1
'2026-08-22 08:23:32.982388600,0.116388600,0
'2026-08-22 08:23:32.982399900,0.116399900,1
'2026-08-22 08:23:32.982400000,0.116400000,0
'2026-08-22 08:23:32.982400300,0.116400300,1
'2026-08-22 08:23:32.982414800,0.116414800,0
'2026-08-22 08:23:32.982417500,0.116417500,1
'2026-08-22 08:23:32.982417600,0.116417600,0
'2026-08-22 08:23:32.982420600,0.116420600,1
'2026-08-22 08:23:32.982420700,0.116420700,0
'2026-08-22 08:23:32.982426400,0.116426400,1
'2026-08-22 08:23:32.982440800,0.116440800,0
'2026-08-22 08:23:32.982440900,0.116440900,1
'2026-08-22 08:23:32.982441000,0.116441000,0
'2026-08-22 08:23:32.982441100,0.116441100,1
'2026-08-22 08:23:32.982441200,0.116441200,0
'2026-08-22 08:23:32.982445600,0.116445600,1
'2026-08-22 08:23:32.982445700,0.116445700,0
'2026-08-22 08:23:32.982452400,0.116452400,1
'2026-08-22 08:23:32.982466800,0.116466800,0
'2026-08-22 08:23:32.982468300,0.116468300,1
'2026-08-22 08:23:32.982468400,0.116468400,0
'2026-08-22 08:23:32.982470600,0.116470600,1
'2026-08-22 08:23:32.982470700,0.116470700,0
'2026-08-22 08:23:32.982471900,0.116471900,1
'2026-08-22 08:23:32.982472000,0.116472000,0
'2026-08-22 08:23:32.982478500,0.116478500,1
'2026-08-22 08:23:32.982493000,0.116493000,0
'2026-08-22 08:23:32.982494700,0.116494700,1
'2026-08-22 08:23:32.982494800,0.116494800,0
'2026-08-22 08:23:32.982496500,0.116496500,1
'2026-08-22 08:23:32.982496600,0.116496600,0
'2026-08-22 08:23:32.982499900,0.116499900,1
'2026-08-22 08:23:32.982500000,0.116500000,0
'2026-08-22 08:23:32.982501100,0.116501100,1
'2026-08-22 08:23:32.982501200,0.116501200,0
'2026-08-22 08:23:32.982502300,0.116502300,1
'2026-08-22 08:23:32.982502400,0.116502400,0
'2026-08-22 08:23:32.982504600,0.116504600,1
'2026-08-22 08:23:32.982518900,0.116518900,0
'2026-08-22 08:23:32.982519200,0.116519200,1
'2026-08-22 08:23:32.982519300,0.116519300,0
'2026-08-22 08:23:32.982519700,0.116519700,1
'2026-08-22 08:23:32.982519800,0.116519800,0
'2026-08-22 08:23:32.982520600,0.116520600,1
'2026-08-22 08:23:32.982520700,0.116520700,0
'2026-08-22 08:23:32.982521000,0.116521000,1
'2026-08-22 08:23:32.982521100,0.116521100,0
'2026-08-22 08:23:32.982521500,0.116521500,1
'2026-08-22 08:23:32.982521700,0.116521700,0
'2026-08-22 08:23:32.982521900,0.116521900,1
'2026-08-22 08:23:32.982522200,0.116522200,0
'2026-08-22 08:23:32.982529700,0.116529700,1
'2026-08-22 08:23:32.982529800,0.116529800,0
'2026-08-22 08:23:32.982530300,0.116530300,1
'2026-08-22 08:23:32.982530400,0.116530400,0
'2026-08-22 08:23:32.982530700,0.116530700,1
'2026-08-22 08:23:32.982545100,0.116545100,0
'2026-08-22 08:23:32.982550800,0.116550800,1
'2026-08-22 08:23:32.982550900,0.116550900,0
'2026-08-22 08:23:32.982551300,0.116551300,1
'2026-08-22 08:23:32.982551400,0.116551400,0
'2026-08-22 08:23:32.982551900,0.116551900,1
'2026-08-22 08:23:32.982552000,0.116552000,0
'2026-08-22 08:23:32.982552500,0.116552500,1
'2026-08-22 08:23:32.982552600,0.116552600,0
'2026-08-22 08:23:32.982553200,0.116553200,1
'2026-08-22 08:23:32.982553300,0.116553300,0
'2026-08-22 08:23:32.982556700,0.116556700,1
'2026-08-22 08:23:32.982571200,0.116571200,0
'2026-08-22 08:23:32.982571300,0.116571300,1
'2026-08-22 08:23:32.982571600,0.116571600,0
'2026-08-22 08:23:32.982571700,0.116571700,1
'2026-08-22 08:23:32.982571900,0.116571900,0
'2026-08-22 08:23:32.982572500,0.116572500,1
'2026-08-22 08:23:32.982572600,0.116572600,0
'2026-08-22 08:23:32.982572900,0.116572900,1
'2026-08-22 08:23:32.982573100,0.116573100,0
'2026-08-22 08:23:32.982573500,0.116573500,1
'2026-08-22 08:23:32.982573600,0.116573600,0
'2026-08-22 08:23:32.982574100,0.116574100,1
'2026-08-22 08:23:32.982574200,0.116574200,0
'2026-08-22 08:23:32.982575300,0.116575300,1
'2026-08-22 08:23:32.982575400,0.116575400,0
'2026-08-22 08:23:32.982580000,0.116580000,1
'2026-08-22 08:23:32.982580100,0.116580100,0
'2026-08-22 08:23:32.982580500,0.116580500,1
'2026-08-22 08:23:32.982580600,0.116580600,0
'2026-08-22 08:23:32.982581700,0.116581700,1
'2026-08-22 08:23:32.982581800,0.116581800,0
'2026-08-22 08:23:32.982582800,0.116582800,1
'2026-08-22 08:23:32.982597200,0.116597200,0
'2026-08-22 08:23:32.982598100,0.116598100,1
'2026-08-22 08:23:32.982598200,0.116598200,0
'2026-08-22 08:23:32.982600700,0.116600700,1
'2026-08-22 08:23:32.982600800,0.116600800,0
'2026-08-22 08:23:32.982601500,0.116601500,1
'2026-08-22 08:23:32.982601600,0.116601600,0
'2026-08-22 08:23:32.982602000,0.116602000,1
'2026-08-22 08:23:32.982602400,0.116602400,0
'2026-08-22 08:23:32.982603300,0.116603300,1
'2026-08-22 08:23:32.982603400,0.116603400,0
'2026-08-22 08:23:32.982603900,0.116603900,1
'2026-08-22 08:23:32.982604000,0.116604000,0
'2026-08-22 08:23:32.982608900,0.116608900,1
'2026-08-22 08:23:32.982623700,0.116623700,0
'2026-08-22 08:23:32.982624400,0.116624400,1
'2026-08-22 08:23:32.982624600,0.116624600,0
'2026-08-22 08:23:32.982624900,0.116624900,1
'2026-08-22 08:23:32.982625000,0.116625000,0
'2026-08-22 08:23:32.982626100,0.116626100,1
'2026-08-22 08:23:32.982626200,0.116626200,0
'2026-08-22 08:23:32.982629600,0.116629600,1
'2026-08-22 08:23:32.982629700,0.116629700,0
'2026-08-22 08:23:32.982630500,0.116630500,1
'2026-08-22 08:23:32.982630600,0.116630600,0
'2026-08-22 08:23:32.982631300,0.116631300,1
'2026-08-22 08:23:32.982631400,0.116631400,0
'2026-08-22 08:23:32.982631900,0.116631900,1
'2026-08-22 08:23:32.982632000,0.116632000,0
'2026-08-22 08:23:32.982632500,0.116632500,1
'2026-08-22 08:23:32.982632600,0.116632600,0
'2026-08-22 08:23:32.982633700,0.116633700,1
'2026-08-22 08:23:32.982633800,0.116633800,0
'2026-08-22 08:23:32.982634900,0.116634900,1
'2026-08-22 08:23:32.982649600,0.116649600,0
'2026-08-22 08:23:32.982650000,0.116650000,1
'2026-08-22 08:23:32.982650100,0.116650100,0
'2026-08-22 08:23:32.982650600,0.116650600,1
'2026-08-22 08:23:32.982650700,0.116650700,0
'2026-08-22 08:23:32.982651100,0.116651100,1
'2026-08-22 08:23:32.982651300,0.116651300,0
'2026-08-22 08:23:32.982651800,0.116651800,1
'2026-08-22 08:23:32.982651900,0.116651900,0
'2026-08-22 08:23:32.982652300,0.116652300,1
'2026-08-22 08:23:32.982652500,0.116652500,0
'2026-08-22 08:23:32.982654500,0.116654500,1
'2026-08-22 08:23:32.983874400,0.117874400,0
'2026-08-22 08:23:32.983886200,0.117886200,1
'2026-08-22 08:23:32.983900500,0.117900500,0
'2026-08-22 08:23:32.983912300,0.117912300,1
'2026-08-22 08:23:32.983926500,0.117926500,0
'2026-08-22 08:23:32.983938400,0.117938400,1
'2026-08-22 08:23:32.983952600,0.117952600,0
'2026-08-22 08:23:32.983952900,0.117952900,1
'2026-08-22 08:23:32.983953000,0.117953000,0
'2026-08-22 08:23:32.983958200,0.117958200,1
'2026-08-22 08:23:32.983958300,0.117958300,0
'2026-08-22 08:23:32.983964500,0.117964500,1
'2026-08-22 08:23:32.983978800,0.117978800,0
'2026-08-22 08:23:32.983981500,0.117981500,1
'2026-08-22 08:23:32.983981600,0.117981600,0
'2026-08-22 08:23:32.983990500,0.117990500,1
'2026-08-22 08:23:32.984005000,0.118005000,0
'2026-08-22 08:23:32.984011900,0.118011900,1
'2026-08-22 08:23:32.984012000,0.118012000,0
'2026-08-22 08:23:32.984016600,0.118016600,1
'2026-08-22 08:23:32.984030900,0.118030900,0
'2026-08-22 08:23:32.984031100,0.118031100,1
'2026-08-22 08:23:32.984031200,0.118031200,0
'2026-08-22 08:23:32.984031700,0.118031700,1
'2026-08-22 08:23:32.984031800,0.118031800,0
'2026-08-22 08:23:32.984042700,0.118042700,1
'2026-08-22 08:23:32.984057000,0.118057000,0
'2026-08-22 08:23:32.984061200,0.118061200,1
'2026-08-22 08:23:32.984061300,0.118061300,0
'2026-08-22 08:23:32.984068800,0.118068800,1
'2026-08-22 08:23:32.984083200,0.118083200,0
'2026-08-22 08:23:32.984089000,0.118089000,1
'2026-08-22 08:23:32.984089100,0.118089100,0
'2026-08-22 08:23:32.984091900,0.118091900,1
'2026-08-22 08:23:32.984092000,0.118092000,0
'2026-08-22 08:23:32.984094900,0.118094900,1
'2026-08-22 08:23:32.984109500,0.118109500,0
'2026-08-22 08:23:32.984110600,0.118110600,1
'2026-08-22 08:23:32.984110700,0.118110700,0
'2026-08-22 08:23:32.984111400,0.118111400,1
'2026-08-22 08:23:32.984111500,0.118111500,0
'2026-08-22 08:23:32.984111700,0.118111700,1
'2026-08-22 08:23:32.984111900,0.118111900,0
'2026-08-22 08:23:32.984120200,0.118120200,1
'2026-08-22 08:23:32.984120300,0.118120300,0
'2026-08-22 08:23:32.984120600,0.118120600,1
'2026-08-22 08:23:32.984120700,0.118120700,0
'2026-08-22 08:23:32.984120900,0.118120900,1
'2026-08-22 08:23:32.984135400,0.118135400,0
'2026-08-22 08:23:32.984142100,0.118142100,1
'2026-08-22 08:23:32.984142200,0.118142200,0
'2026-08-22 08:23:32.984142700,0.118142700,1
'2026-08-22 08:23:32.984142800,0.118142800,0
'2026-08-22 08:23:32.984145600,0.118145600,1
'2026-08-22 08:23:32.984145700,0.118145700,0
'2026-08-22 08:23:32.984147000,0.118147000,1
'2026-08-22 08:23:32.984161500,0.118161500,0
'2026-08-22 08:23:32.984163100,0.118163100,1
'2026-08-22 08:23:32.984163200,0.118163200,0
'2026-08-22 08:23:32.984165500,0.118165500,1
'2026-08-22 08:23:32.984165600,0.118165600,0
'2026-08-22 08:23:32.984170400,0.118170400,1
'2026-08-22 08:23:32.984170500,0.118170500,0
'2026-08-22 08:23:32.984173100,0.118173100,1
'2026-08-22 08:23:32.984187500,0.118187500,0
'2026-08-22 08:23:32.984187700,0.118187700,1
'2026-08-22 08:23:32.984187800,0.118187800,0
'2026-08-22 08:23:32.984194700,0.118194700,1
'2026-08-22 08:23:32.984194800,0.118194800,0
'2026-08-22 08:23:32.984199200,0.118199200,1
'2026-08-22 08:23:32.984213800,0.118213800,0
'2026-08-22 08:23:32.984213900,0.118213900,1
'2026-08-22 08:23:32.984214000,0.118214000,0
'2026-08-22 08:23:32.984214200,0.118214200,1
'2026-08-22 08:23:32.984214300,0.118214300,0
'2026-08-22 08:23:32.984215100,0.118215100,1
'2026-08-22 08:23:32.984215200,0.118215200,0
'2026-08-22 08:23:32.984215700,0.118215700,1
'2026-08-22 08:23:32.984215800,0.118215800,0
'2026-08-22 08:23:32.984216300,0.118216300,1
'2026-08-22 08:23:32.984216400,0.118216400,0
'2026-08-22 08:23:32.984218600,0.118218600,1
'2026-08-22 08:23:32.984218700,0.118218700,0
'2026-08-22 08:23:32.984220600,0.118220600,1
'2026-08-22 08:23:32.984220700,0.118220700,0
'2026-08-22 08:23:32.984222700,0.118222700,1
'2026-08-22 08:23:32.984222800,0.118222800,0
'2026-08-22 08:23:32.984223900,0.118223900,1
'2026-08-22 08:23:32.984224000,0.118224000,0
'2026-08-22 08:23:32.984225200,0.118225200,1
'2026-08-22 08:23:32.984239800,0.118239800,0
'2026-08-22 08:23:32.984239900,0.118239900,1
'2026-08-22 08:23:32.984240000,0.118240000,0
'2026-08-22 08:23:32.984242500,0.118242500,1
'2026-08-22 08:23:32.984242700,0.118242700,0
'2026-08-22 08:23:32.984244900,0.118244900,1
'2026-08-22 08:23:32.984245000,0.118245000,0
'2026-08-22 08:23:32.984245500,0.118245500,1
'2026-08-22 08:23:32.984245700,0.118245700,0
'2026-08-22 08:23:32.984246700,0.118246700,1
'2026-08-22 08:23:32.984246800,0.118246800,0
'2026-08-22 08:23:32.984250100,0.118250100,1
'2026-08-22 08:23:32.984250200,0.118250200,0
'2026-08-22 08:23:32.984251300,0.118251300,1
'2026-08-22 08:23:32.984266000,0.118266000,0
'2026-08-22 08:23:32.984269400,0.118269400,1
'2026-08-22 08:23:32.984269500,0.118269500,0
'2026-08-22 08:23:32.984270000,0.118270000,1
'2026-08-22 08:23:32.984270100,0.118270100,0
'2026-08-22 08:23:32.984270600,0.118270600,1
'2026-08-22 08:23:32.984270700,0.118270700,0
'2026-08-22 08:23:32.984272900,0.118272900,1
'2026-08-22 08:23:32.984273000,0.118273000,0
'2026-08-22 08:23:32.984273400,0.118273400,1
'2026-08-22 08:23:32.984273600,0.118273600,0
'2026-08-22 08:23:32.984274100,0.118274100,1
'2026-08-22 08:23:32.984274200,0.118274200,0
'2026-08-22 08:23:32.984275900,0.118275900,1
'2026-08-22 08:23:32.985490600,0.119490600,0
'2026-08-22 08:23:32.985502500,0.119502500,1
'2026-08-22 08:23:32.985516800,0.119516800,0
'2026-08-22 08:23:32.985528600,0.119528600,1
'2026-08-22 08:23:32.985542900,0.119542900,0
'2026-08-22 08:23:32.985554700,0.119554700,1
'2026-08-22 08:23:32.985569100,0.119569100,0
'2026-08-22 08:23:32.985580800,0.119580800,1
'2026-08-22 08:23:32.985595100,0.119595100,0
'2026-08-22 08:23:32.985602400,0.119602400,1
'2026-08-22 08:23:32.985602500,0.119602500,0
'2026-08-22 08:23:32.985606800,0.119606800,1
'2026-08-22 08:23:32.985621200,0.119621200,0
'2026-08-22 08:23:32.985621500,0.119621500,1
'2026-08-22 08:23:32.985621600,0.119621600,0
'2026-08-22 08:23:32.985632900,0.119632900,1
'2026-08-22 08:23:32.985647300,0.119647300,0
'2026-08-22 08:23:32.985647700,0.119647700,1
'2026-08-22 08:23:32.985647800,0.119647800,0
'2026-08-22 08:23:32.985658300,0.119658300,1
'2026-08-22 08:23:32.985658400,0.119658400,0
'2026-08-22 08:23:32.985659000,0.119659000,1
'2026-08-22 08:23:32.985673500,0.119673500,0
'2026-08-22 08:23:32.985678700,0.119678700,1
'2026-08-22 08:23:32.985678800,0.119678800,0
'2026-08-22 08:23:32.985679000,0.119679000,1
'2026-08-22 08:23:32.985679100,0.119679100,0
'2026-08-22 08:23:32.985685100,0.119685100,1
'2026-08-22 08:23:32.985699400,0.119699400,0
'2026-08-22 08:23:32.985699700,0.119699700,1
'2026-08-22 08:23:32.985699800,0.119699800,0
'2026-08-22 08:23:32.985700300,0.119700300,1
'2026-08-22 08:23:32.985700400,0.119700400,0
'2026-08-22 08:23:32.985701500,0.119701500,1
'2026-08-22 08:23:32.985701600,0.119701600,0
'2026-08-22 08:23:32.985707900,0.119707900,1
'2026-08-22 08:23:32.985708000,0.119708000,0
'2026-08-22 08:23:32.985709100,0.119709100,1
'2026-08-22 08:23:32.985709200,0.119709200,0
'2026-08-22 08:23:32.985711200,0.119711200,1
'2026-08-22 08:23:32.985725600,0.119725600,0
'2026-08-22 08:23:32.985728300,0.119728300,1
'2026-08-22 08:23:32.985728400,0.119728400,0
'2026-08-22 08:23:32.985732300,0.119732300,1
'2026-08-22 08:23:32.985732400,0.119732400,0
'2026-08-22 08:23:32.985737200,0.119737200,1
'2026-08-22 08:23:32.985751800,0.119751800,0
'2026-08-22 08:23:32.985752100,0.119752100,1
'2026-08-22 08:23:32.985752400,0.119752400,0
'2026-08-22 08:23:32.985762100,0.119762100,1
'2026-08-22 08:23:32.985762300,0.119762300,0
'2026-08-22 08:23:32.985763300,0.119763300,1
'2026-08-22 08:23:32.985777600,0.119777600,0
'2026-08-22 08:23:32.985778400,0.119778400,1
'2026-08-22 08:23:32.985778600,0.119778600,0
'2026-08-22 08:23:32.985779100,0.119779100,1
'2026-08-22 08:23:32.985779200,0.119779200,0
'2026-08-22 08:23:32.985781400,0.119781400,1
'2026-08-22 08:23:32.985781600,0.119781600,0
'2026-08-22 08:23:32.985786100,0.119786100,1
'2026-08-22 08:23:32.985786200,0.119786200,0
'2026-08-22 08:23:32.985789400,0.119789400,1
'2026-08-22 08:23:32.985803800,0.119803800,0
'2026-08-22 08:23:32.985808300,0.119808300,1
'2026-08-22 08:23:32.985808400,0.119808400,0
'2026-08-22 08:23:32.985808900,0.119808900,1
'2026-08-22 08:23:32.985809000,0.119809000,0
'2026-08-22 08:23:32.985809400,0.119809400,1
'2026-08-22 08:23:32.985809600,0.119809600,0
'2026-08-22 08:23:32.985809900,0.119809900,1
'2026-08-22 08:23:32.985810000,0.119810000,0
'2026-08-22 08:23:32.985815500,0.119815500,1
'2026-08-22 08:23:32.985830100,0.119830100,0
'2026-08-22 08:23:32.985830300,0.119830300,1
'2026-08-22 08:23:32.985830600,0.119830600,0
'2026-08-22 08:23:32.985832200,0.119832200,1
'2026-08-22 08:23:32.985832400,0.119832400,0
'2026-08-22 08:23:32.985832800,0.119832800,1
'2026-08-22 08:23:32.985832900,0.119832900,0
'2026-08-22 08:23:32.985836900,0.119836900,1
'2026-08-22 08:23:32.985837000,0.119837000,0
'2026-08-22 08:23:32.985838000,0.119838000,1
'2026-08-22 08:23:32.985838200,0.119838200,0
'2026-08-22 08:23:32.985838600,0.119838600,1
'2026-08-22 08:23:32.985838700,0.119838700,0
'2026-08-22 08:23:32.985839200,0.119839200,1
'2026-08-22 08:23:32.985839300,0.119839300,0
'2026-08-22 08:23:32.985839800,0.119839800,1
'2026-08-22 08:23:32.985840200,0.119840200,0
'2026-08-22 08:23:32.985841500,0.119841500,1
'2026-08-22 08:23:32.985856000,0.119856000,0
'2026-08-22 08:23:32.985856100,0.119856100,1
'2026-08-22 08:23:32.985856200,0.119856200,0
'2026-08-22 08:23:32.985856700,0.119856700,1
'2026-08-22 08:23:32.985856800,0.119856800,0
'2026-08-22 08:23:32.985857300,0.119857300,1
'2026-08-22 08:23:32.985857400,0.119857400,0
'2026-08-22 08:23:32.985857900,0.119857900,1
'2026-08-22 08:23:32.985858000,0.119858000,0
'2026-08-22 08:23:32.985858500,0.119858500,1
'2026-08-22 08:23:32.985858600,0.119858600,0
'2026-08-22 08:23:32.985859100,0.119859100,1
'2026-08-22 08:23:32.985859200,0.119859200,0
'2026-08-22 08:23:32.985859700,0.119859700,1
'2026-08-22 08:23:32.985859800,0.119859800,0
'2026-08-22 08:23:32.985859900,0.119859900,1
'2026-08-22 08:23:32.985860000,0.119860000,0
'2026-08-22 08:23:32.985860100,0.119860100,1
'2026-08-22 08:23:32.985860400,0.119860400,0
'2026-08-22 08:23:32.985861400,0.119861400,1
'2026-08-22 08:23:32.985861500,0.119861500,0
'2026-08-22 08:23:32.985862100,0.119862100,1
'2026-08-22 08:23:32.985862200,0.119862200,0
'2026-08-22 08:23:32.985866700,0.119866700,1
'2026-08-22 08:23:32.985866800,0.119866800,0
'2026-08-22 08:23:32.985867600,0.119867600,1
'2026-08-22 08:23:32.985882100,0.119882100,0
'2026-08-22 08:23:32.985883000,0.119883000,1
'2026-08-22 08:23:32.985883100,0.119883100,0
'2026-08-22 08:23:32.985885900,0.119885900,1
'2026-08-22 08:23:32.985886100,0.119886100,0
'2026-08-22 08:23:32.985886300,0.119886300,1
'2026-08-22 08:23:32.985886500,0.119886500,0
'2026-08-22 08:23:32.985888300,0.119888300,1
'2026-08-22 08:23:32.985888400,0.119888400,0
'2026-08-22 08:23:32.985889100,0.119889100,1
'2026-08-22 08:23:32.985889200,0.119889200,0
'2026-08-22 08:23:32.985889400,0.119889400,1
'2026-08-22 08:23:32.987107100,0.121107100,0
'2026-08-22 08:23:32.987118900,0.121118900,1
'2026-08-22 08:23:32.987133100,0.121133100,0
'2026-08-22 08:23:32.987144900,0.121144900,1
'2026-08-22 08:23:32.987159400,0.121159400,0
'2026-08-22 08:23:32.987171000,0.121171000,1
'2026-08-22 08:23:32.987185300,0.121185300,0
'2026-08-22 08:23:32.987197100,0.121197100,1
'2026-08-22 08:23:32.987211400,0.121211400,0
'2026-08-22 08:23:32.987211500,0.121211500,1
'2026-08-22 08:23:32.987211600,0.121211600,0
'2026-08-22 08:23:32.987223200,0.121223200,1
'2026-08-22 08:23:32.987237600,0.121237600,0
'2026-08-22 08:23:32.987239900,0.121239900,1
'2026-08-22 08:23:32.987240000,0.121240000,0
'2026-08-22 08:23:32.987249300,0.121249300,1
'2026-08-22 08:23:32.987263600,0.121263600,0
'2026-08-22 08:23:32.987268500,0.121268500,1
'2026-08-22 08:23:32.987268600,0.121268600,0
'2026-08-22 08:23:32.987268800,0.121268800,1
'2026-08-22 08:23:32.987268900,0.121268900,0
'2026-08-22 08:23:32.987270600,0.121270600,1
'2026-08-22 08:23:32.987270700,0.121270700,0
'2026-08-22 08:23:32.987275300,0.121275300,1
'2026-08-22 08:23:32.987289700,0.121289700,0
'2026-08-22 08:23:32.987290700,0.121290700,1
'2026-08-22 08:23:32.987290800,0.121290800,0
'2026-08-22 08:23:32.987301100,0.121301100,1
'2026-08-22 08:23:32.987301200,0.121301200,0
'2026-08-22 08:23:32.987301400,0.121301400,1
'2026-08-22 08:23:32.987315900,0.121315900,0
'2026-08-22 08:23:32.987320600,0.121320600,1
'2026-08-22 08:23:32.987320700,0.121320700,0
'2026-08-22 08:23:32.987322100,0.121322100,1
'2026-08-22 08:23:32.987322200,0.121322200,0
'2026-08-22 08:23:32.987327500,0.121327500,1
'2026-08-22 08:23:32.987341900,0.121341900,0
'2026-08-22 08:23:32.987342100,0.121342100,1
'2026-08-22 08:23:32.987342200,0.121342200,0
'2026-08-22 08:23:32.987345600,0.121345600,1
'2026-08-22 08:23:32.987345700,0.121345700,0
'2026-08-22 08:23:32.987349700,0.121349700,1
'2026-08-22 08:23:32.987349800,0.121349800,0
'2026-08-22 08:23:32.987350300,0.121350300,1
'2026-08-22 08:23:32.987350400,0.121350400,0
'2026-08-22 08:23:32.987351400,0.121351400,1
'2026-08-22 08:23:32.987351500,0.121351500,0
'2026-08-22 08:23:32.987353600,0.121353600,1
'2026-08-22 08:23:32.987368000,0.121368000,0
'2026-08-22 08:23:32.987368400,0.121368400,1
'2026-08-22 08:23:32.987368500,0.121368500,0
'2026-08-22 08:23:32.987370600,0.121370600,1
'2026-08-22 08:23:32.987370700,0.121370700,0
'2026-08-22 08:23:32.987379500,0.121379500,1
'2026-08-22 08:23:32.987394000,0.121394000,0
'2026-08-22 08:23:32.987394100,0.121394100,1
'2026-08-22 08:23:32.987394200,0.121394200,0
'2026-08-22 08:23:32.987395200,0.121395200,1
'2026-08-22 08:23:32.987395300,0.121395300,0
'2026-08-22 08:23:32.987398700,0.121398700,1
'2026-08-22 08:23:32.987398800,0.121398800,0
'2026-08-22 08:23:32.987401100,0.121401100,1
'2026-08-22 08:23:32.987401200,0.121401200,0
'2026-08-22 08:23:32.987402200,0.121402200,1
'2026-08-22 08:23:32.987402300,0.121402300,0
'2026-08-22 08:23:32.987405700,0.121405700,1
'2026-08-22 08:23:32.987420500,0.121420500,0
'2026-08-22 08:23:32.987420600,0.121420600,1
'2026-08-22 08:23:32.987420700,0.121420700,0
'2026-08-22 08:23:32.987420900,0.121420900,1
'2026-08-22 08:23:32.987421000,0.121421000,0
'2026-08-22 08:23:32.987421500,0.121421500,1
'2026-08-22 08:23:32.987421600,0.121421600,0
'2026-08-22 08:23:32.987421900,0.121421900,1
'2026-08-22 08:23:32.987422000,0.121422000,0
'2026-08-22 08:23:32.987422300,0.121422300,1
'2026-08-22 08:23:32.987422400,0.121422400,0
'2026-08-22 08:23:32.987422700,0.121422700,1
'2026-08-22 08:23:32.987422800,0.121422800,0
'2026-08-22 08:23:32.987429100,0.121429100,1
'2026-08-22 08:23:32.987429200,0.121429200,0
'2026-08-22 08:23:32.987429700,0.121429700,1
'2026-08-22 08:23:32.987429800,0.121429800,0
'2026-08-22 08:23:32.987431800,0.121431800,1
'2026-08-22 08:23:32.987446200,0.121446200,0
'2026-08-22 08:23:32.987448300,0.121448300,1
'2026-08-22 08:23:32.987448400,0.121448400,0
'2026-08-22 08:23:32.987449500,0.121449500,1
'2026-08-22 08:23:32.987449700,0.121449700,0
'2026-08-22 08:23:32.987450700,0.121450700,1
'2026-08-22 08:23:32.987450800,0.121450800,0
'2026-08-22 08:23:32.987451900,0.121451900,1
'2026-08-22 08:23:32.987452000,0.121452000,0
'2026-08-22 08:23:32.987452500,0.121452500,1
'2026-08-22 08:23:32.987452600,0.121452600,0
'2026-08-22 08:23:32.987452900,0.121452900,1
'2026-08-22 08:23:32.987453000,0.121453000,0
'2026-08-22 08:23:32.987456600,0.121456600,1
'2026-08-22 08:23:32.987456700,0.121456700,0
'2026-08-22 08:23:32.987457900,0.121457900,1
'2026-08-22 08:23:32.987472600,0.121472600,0
'2026-08-22 08:23:32.987472900,0.121472900,1
'2026-08-22 08:23:32.987473000,0.121473000,0
'2026-08-22 08:23:32.987473700,0.121473700,1
'2026-08-22 08:23:32.987473800,0.121473800,0
'2026-08-22 08:23:32.987479300,0.121479300,1
'2026-08-22 08:23:32.987479400,0.121479400,0
'2026-08-22 08:23:32.987480500,0.121480500,1
'2026-08-22 08:23:32.987480600,0.121480600,0
'2026-08-22 08:23:32.987481700,0.121481700,1
'2026-08-22 08:23:32.987481800,0.121481800,0
'2026-08-22 08:23:32.987482900,0.121482900,1
'2026-08-22 08:23:32.987483100,0.121483100,0
'2026-08-22 08:23:32.987483400,0.121483400,1
'2026-08-22 08:23:32.987483500,0.121483500,0
'2026-08-22 08:23:32.987484000,0.121484000,1
'2026-08-22 08:23:32.987498400,0.121498400,0
'2026-08-22 08:23:32.987498900,0.121498900,1
'2026-08-22 08:23:32.987499000,0.121499000,0
'2026-08-22 08:23:32.987499200,0.121499200,1
'2026-08-22 08:23:32.987499300,0.121499300,0
'2026-08-22 08:23:32.987499700,0.121499700,1
'2026-08-22 08:23:32.987499800,0.121499800,0
'2026-08-22 08:23:32.987500900,0.121500900,1
'2026-08-22 08:23:32.987501100,0.121501100,0
'2026-08-22 08:23:32.987502100,0.121502100,1
'2026-08-22 08:23:32.987502200,0.121502200,0
'2026-08-22 08:23:32.987503100,0.121503100,1
'2026-08-22 08:23:32.987503200,0.121503200,0
'2026-08-22 08:23:32.987503300,0.121503300,1
'2026-08-22 08:23:32.987503400,0.121503400,0
'2026-08-22 08:23:32.987503500,0.121503500,1
'2026-08-22 08:23:32.987925000,0.121925000,0
'2026-08-22 08:23:32.987927100,0.121927100,1
'2026-08-22 08:23:32.987941500,0.121941500,0
'2026-08-22 08:23:32.987953100,0.121953100,1
'2026-08-22 08:23:32.987967600,0.121967600,0
'2026-08-22 08:23:32.987979200,0.121979200,1
'2026-08-22 08:23:32.987993500,0.121993500,0
'2026-08-22 08:23:32.987996100,0.121996100,1
'2026-08-22 08:23:32.987996200,0.121996200,0
'2026-08-22 08:23:32.988005300,0.122005300,1
'2026-08-22 08:23:32.988019600,0.122019600,0
'2026-08-22 08:23:32.988023500,0.122023500,1
'2026-08-22 08:23:32.988023600,0.122023600,0
'2026-08-22 08:23:32.988025900,0.122025900,1
'2026-08-22 08:23:32.988026000,0.122026000,0
'2026-08-22 08:23:32.988031400,0.122031400,1
'2026-08-22 08:23:32.988045800,0.122045800,0
'2026-08-22 08:23:32.988047500,0.122047500,1
'2026-08-22 08:23:32.988047600,0.122047600,0
'2026-08-22 08:23:32.988057400,0.122057400,1
'2026-08-22 08:23:32.988071800,0.122071800,0
'2026-08-22 08:23:32.988074900,0.122074900,1
'2026-08-22 08:23:32.988075000,0.122075000,0
'2026-08-22 08:23:32.988077300,0.122077300,1
'2026-08-22 08:23:32.988077400,0.122077400,0
'2026-08-22 08:23:32.988077900,0.122077900,1
'2026-08-22 08:23:32.988078000,0.122078000,0
'2026-08-22 08:23:32.988079300,0.122079300,1
'2026-08-22 08:23:32.988079400,0.122079400,0
'2026-08-22 08:23:32.988083500,0.122083500,1
'2026-08-22 08:23:32.988098000,0.122098000,0
'2026-08-22 08:23:32.988100100,0.122100100,1
'2026-08-22 08:23:32.988100200,0.122100200,0
'2026-08-22 08:23:32.988103000,0.122103000,1
'2026-08-22 08:23:32.988103100,0.122103100,0
'2026-08-22 08:23:32.988105300,0.122105300,1
'2026-08-22 08:23:32.988105400,0.122105400,0
'2026-08-22 08:23:32.988109600,0.122109600,1
'2026-08-22 08:23:32.988124100,0.122124100,0
'2026-08-22 08:23:32.988127500,0.122127500,1
'2026-08-22 08:23:32.988127600,0.122127600,0
'2026-08-22 08:23:32.988128700,0.122128700,1
'2026-08-22 08:23:32.988128800,0.122128800,0
'2026-08-22 08:23:32.988129300,0.122129300,1
'2026-08-22 08:23:32.988129400,0.122129400,0
'2026-08-22 08:23:32.988132500,0.122132500,1
'2026-08-22 08:23:32.988132600,0.122132600,0
'2026-08-22 08:23:32.988135700,0.122135700,1
'2026-08-22 08:23:32.988150000,0.122150000,0
'2026-08-22 08:23:32.988150100,0.122150100,1
'2026-08-22 08:23:32.988150400,0.122150400,0
'2026-08-22 08:23:32.988156700,0.122156700,1
'2026-08-22 08:23:32.988156800,0.122156800,0
'2026-08-22 08:23:32.988159000,0.122159000,1
'2026-08-22 08:23:32.988159100,0.122159100,0
'2026-08-22 08:23:32.988161800,0.122161800,1
'2026-08-22 08:23:32.988176300,0.122176300,0
'2026-08-22 08:23:32.988177200,0.122177200,1
'2026-08-22 08:23:32.988177300,0.122177300,0
'2026-08-22 08:23:32.988178300,0.122178300,1
'2026-08-22 08:23:32.988178400,0.122178400,0
'2026-08-22 08:23:32.988178900,0.122178900,1
'2026-08-22 08:23:32.988179000,0.122179000,0
'2026-08-22 08:23:32.988179500,0.122179500,1
'2026-08-22 08:23:32.988179600,0.122179600,0
'2026-08-22 08:23:32.988182400,0.122182400,1
'2026-08-22 08:23:32.988182600,0.122182600,0
'2026-08-22 08:23:32.988182700,0.122182700,1
'2026-08-22 08:23:32.988182800,0.122182800,0
'2026-08-22 08:23:32.988187800,0.122187800,1
'2026-08-22 08:23:32.988202400,0.122202400,0
'2026-08-22 08:23:32.988205200,0.122205200,1
'2026-08-22 08:23:32.988205300,0.122205300,0
'2026-08-22 08:23:32.988206400,0.122206400,1
'2026-08-22 08:23:32.988206500,0.122206500,0
'2026-08-22 08:23:32.988209900,0.122209900,1
'2026-08-22 08:23:32.988210000,0.122210000,0
'2026-08-22 08:23:32.988213900,0.122213900,1
'2026-08-22 08:23:32.988228800,0.122228800,0
'2026-08-22 08:23:32.988232000,0.122232000,1
'2026-08-22 08:23:32.988232100,0.122232100,0
'2026-08-22 08:23:32.988237900,0.122237900,1
'2026-08-22 08:23:32.988238000,0.122238000,0
'2026-08-22 08:23:32.988238500,0.122238500,1
'2026-08-22 08:23:32.988238600,0.122238600,0
'2026-08-22 08:23:32.988240000,0.122240000,1
'2026-08-22 08:23:32.988254500,0.122254500,0
'2026-08-22 08:23:32.988254800,0.122254800,1
'2026-08-22 08:23:32.988255000,0.122255000,0
'2026-08-22 08:23:32.988257200,0.122257200,1
'2026-08-22 08:23:32.988257300,0.122257300,0
'2026-08-22 08:23:32.988257700,0.122257700,1
'2026-08-22 08:23:32.988257900,0.122257900,0
'2026-08-22 08:23:32.988258200,0.122258200,1
'2026-08-22 08:23:32.988258400,0.122258400,0
'2026-08-22 08:23:32.988258900,0.122258900,1
'2026-08-22 08:23:32.988259000,0.122259000,0
'2026-08-22 08:23:32.988259300,0.122259300,1
'2026-08-22 08:23:32.988259400,0.122259400,0
'2026-08-22 08:23:32.988261300,0.122261300,1
'2026-08-22 08:23:32.988261400,0.122261400,0
'2026-08-22 08:23:32.988262400,0.122262400,1
'2026-08-22 08:23:32.988262500,0.122262500,0
'2026-08-22 08:23:32.988263600,0.122263600,1
'2026-08-22 08:23:32.988263700,0.122263700,0
'2026-08-22 08:23:32.988264800,0.122264800,1
'2026-08-22 08:23:32.988264900,0.122264900,0
'2026-08-22 08:23:32.988266100,0.122266100,1
'2026-08-22 08:23:32.988280600,0.122280600,0
'2026-08-22 08:23:32.988281100,0.122281100,1
'2026-08-22 08:23:32.988281300,0.122281300,0
'2026-08-22 08:23:32.988281700,0.122281700,1
'2026-08-22 08:23:32.988281800,0.122281800,0
'2026-08-22 08:23:32.988282300,0.122282300,1
'2026-08-22 08:23:32.988282400,0.122282400,0
'2026-08-22 08:23:32.988282500,0.122282500,1
'2026-08-22 08:23:32.988282600,0.122282600,0
'2026-08-22 08:23:32.988282900,0.122282900,1
'2026-08-22 08:23:32.988283000,0.122283000,0
'2026-08-22 08:23:32.988285100,0.122285100,1
'2026-08-22 08:23:32.988285200,0.122285200,0
'2026-08-22 08:23:32.988285300,0.122285300,1
'2026-08-22 08:23:32.988285400,0.122285400,0
'2026-08-22 08:23:32.988287000,0.122287000,1
'2026-08-22 08:23:32.988287100,0.122287100,0
'2026-08-22 08:23:32.988287500,0.122287500,1
'2026-08-22 08:23:32.988287600,0.122287600,0
'2026-08-22 08:23:32.988288100,0.122288100,1
'2026-08-22 08:23:32.988288200,0.122288200,0
'2026-08-22 08:23:32.988289300,0.122289300,1
'2026-08-22 08:23:32.988289400,0.122289400,0
'2026-08-22 08:23:32.988291700,0.122291700,1
'2026-08-22 08:23:32.988291800,0.122291800,0
'2026-08-22 08:23:32.988292100,0.122292100,1
'2026-08-22 08:23:32.988306500,0.122306500,0
'2026-08-22 08:23:32.988306700,0.122306700,1
'2026-08-22 08:23:32.988306800,0.122306800,0
'2026-08-22 08:23:32.988307100,0.122307100,1
'2026-08-22 08:23:32.988307200,0.122307200,0
'2026-08-22 08:23:32.988307400,0.122307400,1
'2026-08-22 08:23:32.988307600,0.122307600,0
'2026-08-22 08:23:32.988308600,0.122308600,1
'2026-08-22 08:23:32.988308700,0.122308700,0
'2026-08-22 08:23:32.988309800,0.122309800,1
'2026-08-22 08:23:32.988309900,0.122309900,0
'2026-08-22 08:23:32.988310300,0.122310300,1
'2026-08-22 08:23:32.988310400,0.122310400,0
'2026-08-22 08:23:32.988310900,0.122310900,1
'2026-08-22 08:23:32.988311000,0.122311000,0
'2026-08-22 08:23:32.988312100,0.122312100,1
'2026-08-22 08:23:32.988312200,0.122312200,0
'2026-08-22 08:23:32.988312700,0.122312700,1
'2026-08-22 08:23:32.988312800,0.122312800,0
'2026-08-22 08:23:32.988315000,0.122315000,1
'2026-08-22 08:23:32.988315100,0.122315100,0
'2026-08-22 08:23:32.988315300,0.122315300,1
'2026-08-22 08:23:32.988315500,0.122315500,0
'2026-08-22 08:23:32.988315600,0.122315600,1
'2026-08-22 08:23:32.988315800,0.122315800,0
'2026-08-22 08:23:32.988316200,0.122316200,1
'2026-08-22 08:23:32.988316300,0.122316300,0
'2026-08-22 08:23:32.988316700,0.122316700,1
'2026-08-22 08:23:32.988316800,0.122316800,0
'2026-08-22 08:23:32.988317900,0.122317900,1
'2026-08-22 08:23:32.988318000,0.122318000,0
'2026-08-22 08:23:32.988318200,0.122318200,1
'2026-08-22 08:23:32.988749600,0.122749600,0
'2026-08-22 08:23:32.988761300,0.122761300,1
'2026-08-22 08:23:32.988775600,0.122775600,0
'2026-08-22 08:23:32.988787400,0.122787400,1
'2026-08-22 08:23:32.988801800,0.122801800,0
'2026-08-22 08:23:32.988802700,0.122802700,1
'2026-08-22 08:23:32.988802800,0.122802800,0
'2026-08-22 08:23:32.988806800,0.122806800,1
'2026-08-22 08:23:32.988806900,0.122806900,0
'2026-08-22 08:23:32.988813500,0.122813500,1
'2026-08-22 08:23:32.988827800,0.122827800,0
'2026-08-22 08:23:32.988839600,0.122839600,1
'2026-08-22 08:23:32.988853800,0.122853800,0
'2026-08-22 08:23:32.988853900,0.122853900,1
'2026-08-22 08:23:32.988854100,0.122854100,0
'2026-08-22 08:23:32.988858700,0.122858700,1
'2026-08-22 08:23:32.988858800,0.122858800,0
'2026-08-22 08:23:32.988862100,0.122862100,1
'2026-08-22 08:23:32.988862200,0.122862200,0
'2026-08-22 08:23:32.988865700,0.122865700,1
'2026-08-22 08:23:32.988880000,0.122880000,0
'2026-08-22 08:23:32.988880300,0.122880300,1
'2026-08-22 08:23:32.988880400,0.122880400,0
'2026-08-22 08:23:32.988880900,0.122880900,1
'2026-08-22 08:23:32.988881000,0.122881000,0
'2026-08-22 08:23:32.988891400,0.122891400,1
'2026-08-22 08:23:32.988891500,0.122891500,0
'2026-08-22 08:23:32.988891700,0.122891700,1
'2026-08-22 08:23:32.988906100,0.122906100,0
'2026-08-22 08:23:32.988908900,0.122908900,1
'2026-08-22 08:23:32.988909000,0.122909000,0
'2026-08-22 08:23:32.988910600,0.122910600,1
'2026-08-22 08:23:32.988910700,0.122910700,0
'2026-08-22 08:23:32.988915300,0.122915300,1
'2026-08-22 08:23:32.988915400,0.122915400,0
'2026-08-22 08:23:32.988917800,0.122917800,1
'2026-08-22 08:23:32.988932400,0.122932400,0
'2026-08-22 08:23:32.988933400,0.122933400,1
'2026-08-22 08:23:32.988933500,0.122933500,0
'2026-08-22 08:23:32.988934000,0.122934000,1
'2026-08-22 08:23:32.988934100,0.122934100,0
'2026-08-22 08:23:32.988939100,0.122939100,1
'2026-08-22 08:23:32.988939200,0.122939200,0
'2026-08-22 08:23:32.988942600,0.122942600,1
'2026-08-22 08:23:32.988942700,0.122942700,0
'2026-08-22 08:23:32.988943900,0.122943900,1
'2026-08-22 08:23:32.988958400,0.122958400,0
'2026-08-22 08:23:32.988958500,0.122958500,1
'2026-08-22 08:23:32.988958600,0.122958600,0
'2026-08-22 08:23:32.988960100,0.122960100,1
'2026-08-22 08:23:32.988960200,0.122960200,0
'2026-08-22 08:23:32.988970000,0.122970000,1
'2026-08-22 08:23:32.988984600,0.122984600,0
'2026-08-22 08:23:32.988988300,0.122988300,1
'2026-08-22 08:23:32.988988400,0.122988400,0
'2026-08-22 08:23:32.988991200,0.122991200,1
'2026-08-22 08:23:32.988991300,0.122991300,0
'2026-08-22 08:23:32.988993600,0.122993600,1
'2026-08-22 08:23:32.988993700,0.122993700,0
'2026-08-22 08:23:32.988995900,0.122995900,1
'2026-08-22 08:23:32.988996000,0.122996000,0
'2026-08-22 08:23:32.988996100,0.122996100,1
'2026-08-22 08:23:32.989010600,0.123010600,0
'2026-08-22 08:23:32.989011700,0.123011700,1
'2026-08-22 08:23:32.989011800,0.123011800,0
'2026-08-22 08:23:32.989019800,0.123019800,1
'2026-08-22 08:23:32.989019900,0.123019900,0
'2026-08-22 08:23:32.989022100,0.123022100,1
'2026-08-22 08:23:32.989036400,0.123036400,0
'2026-08-22 08:23:32.989036800,0.123036800,1
'2026-08-22 08:23:32.989036900,0.123036900,0
'2026-08-22 08:23:32.989038000,0.123038000,1
'2026-08-22 08:23:32.989038100,0.123038100,0
'2026-08-22 08:23:32.989041500,0.123041500,1
'2026-08-22 08:23:32.989041600,0.123041600,0
'2026-08-22 08:23:32.989042100,0.123042100,1
'2026-08-22 08:23:32.989042200,0.123042200,0
'2026-08-22 08:23:32.989042500,0.123042500,1
'2026-08-22 08:23:32.989042600,0.123042600,0
'2026-08-22 08:23:32.989045600,0.123045600,1
'2026-08-22 08:23:32.989045700,0.123045700,0
'2026-08-22 08:23:32.989045900,0.123045900,1
'2026-08-22 08:23:32.989046000,0.123046000,0
'2026-08-22 08:23:32.989048200,0.123048200,1
'2026-08-22 08:23:32.989062800,0.123062800,0
'2026-08-22 08:23:32.989063100,0.123063100,1
'2026-08-22 08:23:32.989063200,0.123063200,0
'2026-08-22 08:23:32.989063500,0.123063500,1
'2026-08-22 08:23:32.989063600,0.123063600,0
'2026-08-22 08:23:32.989064300,0.123064300,1
'2026-08-22 08:23:32.989064400,0.123064400,0
'2026-08-22 08:23:32.989064800,0.123064800,1
'2026-08-22 08:23:32.989064900,0.123064900,0
'2026-08-22 08:23:32.989065400,0.123065400,1
'2026-08-22 08:23:32.989065500,0.123065500,0
'2026-08-22 08:23:32.989066600,0.123066600,1
'2026-08-22 08:23:32.989066700,0.123066700,0
'2026-08-22 08:23:32.989070400,0.123070400,1
'2026-08-22 08:23:32.989070500,0.123070500,0
'2026-08-22 08:23:32.989071800,0.123071800,1
'2026-08-22 08:23:32.989072000,0.123072000,0
'2026-08-22 08:23:32.989072300,0.123072300,1
'2026-08-22 08:23:32.989072500,0.123072500,0
'2026-08-22 08:23:32.989073000,0.123073000,1
'2026-08-22 08:23:32.989073200,0.123073200,0
'2026-08-22 08:23:32.989074300,0.123074300,1
'2026-08-22 08:23:32.989089000,0.123089000,0
'2026-08-22 08:23:32.989089300,0.123089300,1
'2026-08-22 08:23:32.989089500,0.123089500,0
'2026-08-22 08:23:32.989089700,0.123089700,1
'2026-08-22 08:23:32.989089800,0.123089800,0
'2026-08-22 08:23:32.989089900,0.123089900,1
'2026-08-22 08:23:32.989090000,0.123090000,0
'2026-08-22 08:23:32.989091700,0.123091700,1
'2026-08-22 08:23:32.989091800,0.123091800,0
'2026-08-22 08:23:32.989092600,0.123092600,1
'2026-08-22 08:23:32.989092700,0.123092700,0
'2026-08-22 08:23:32.989094000,0.123094000,1
'2026-08-22 08:23:32.989094100,0.123094100,0
'2026-08-22 08:23:32.989094600,0.123094600,1
'2026-08-22 08:23:32.989094700,0.123094700,0
'2026-08-22 08:23:32.989096300,0.123096300,1
'2026-08-22 08:23:32.989096400,0.123096400,0
'2026-08-22 08:23:32.989098500,0.123098500,1
'2026-08-22 08:23:32.989098600,0.123098600,0
'2026-08-22 08:23:32.989099300,0.123099300,1
'2026-08-22 08:23:32.989099400,0.123099400,0
'2026-08-22 08:23:32.989099800,0.123099800,1
'2026-08-22 08:23:32.989099900,0.123099900,0
'2026-08-22 08:23:32.989100400,0.123100400,1
'2026-08-22 08:23:32.989114800,0.123114800,0
'2026-08-22 08:23:32.989114900,0.123114900,1
'2026-08-22 08:23:32.989115100,0.123115100,0
'2026-08-22 08:23:32.989115700,0.123115700,1
'2026-08-22 08:23:32.989115800,0.123115800,0
'2026-08-22 08:23:32.989116200,0.123116200,1
'2026-08-22 08:23:32.989116300,0.123116300,0
'2026-08-22 08:23:32.989118500,0.123118500,1
'2026-08-22 08:23:32.989118600,0.123118600,0
'2026-08-22 08:23:32.989119100,0.123119100,1
'2026-08-22 08:23:32.989119500,0.123119500,0
'2026-08-22 08:23:32.989119700,0.123119700,1
'2026-08-22 08:23:32.989119800,0.123119800,0
'2026-08-22 08:23:32.989120000,0.123120000,1
'2026-08-22 08:23:32.989120100,0.123120100,0
'2026-08-22 08:23:32.989120300,0.123120300,1
'2026-08-22 08:23:32.989120400,0.123120400,0
'2026-08-22 08:23:32.989122000,0.123122000,1
'2026-08-22 08:23:32.989122100,0.123122100,0
'2026-08-22 08:23:32.989122500,0.123122500,1
'2026-08-22 08:23:32.989122800,0.123122800,0
'2026-08-22 08:23:32.989123200,0.123123200,1
'2026-08-22 08:23:32.989123300,0.123123300,0
'2026-08-22 08:23:32.989123700,0.123123700,1
'2026-08-22 08:23:32.989123900,0.123123900,0
'2026-08-22 08:23:32.989124300,0.123124300,1
'2026-08-22 08:23:32.989124400,0.123124400,0
'2026-08-22 08:23:32.989126400,0.123126400,1
'2026-08-22 08:23:32.989141000,0.123141000,0
'2026-08-22 08:23:32.989141100,0.123141100,1
'2026-08-22 08:23:32.989141500,0.123141500,0
'2026-08-22 08:23:32.989141900,0.123141900,1
'2026-08-22 08:23:32.989142000,0.123142000,0
'2026-08-22 08:23:32.989142100,0.123142100,1
'2026-08-22 08:23:32.989142200,0.123142200,0
'2026-08-22 08:23:32.989142300,0.123142300,1
'2026-08-22 08:23:32.989142600,0.123142600,0
'2026-08-22 08:23:32.989142700,0.123142700,1
'2026-08-22 08:23:32.989142800,0.123142800,0
'2026-08-22 08:23:32.989143000,0.123143000,1
'2026-08-22 08:23:32.989143400,0.123143400,0
'2026-08-22 08:23:32.989143500,0.123143500,1
'2026-08-22 08:23:32.989143800,0.123143800,0
'2026-08-22 08:23:32.989144200,0.123144200,1
'2026-08-22 08:23:32.989144300,0.123144300,0
'2026-08-22 08:23:32.989144800,0.123144800,1
'2026-08-22 08:23:32.989144900,0.123144900,0
'2026-08-22 08:23:32.989145600,0.123145600,1
'2026-08-22 08:23:32.989145700,0.123145700,0
'2026-08-22 08:23:32.989148900,0.123148900,1
'2026-08-22 08:23:32.989149000,0.123149000,0
'2026-08-22 08:23:32.989150000,0.123150000,1
'2026-08-22 08:23:32.989150200,0.123150200,0
'2026-08-22 08:23:32.989151100,0.123151100,1
'2026-08-22 08:23:32.989151300,0.123151300,0
'2026-08-22 08:23:32.989151500,0.123151500,1
'2026-08-22 08:23:32.989151700,0.123151700,0
'2026-08-22 08:23:32.989151900,0.123151900,1
'2026-08-22 08:23:32.990366000,0.124366000,0
'2026-08-22 08:23:32.990377700,0.124377700,1
'2026-08-22 08:23:32.990392000,0.124392000,0
'2026-08-22 08:23:32.990403800,0.124403800,1
'2026-08-22 08:23:32.990418100,0.124418100,0
'2026-08-22 08:23:32.990429900,0.124429900,1
'2026-08-22 08:23:32.990444100,0.124444100,0
'2026-08-22 08:23:32.990450500,0.124450500,1
'2026-08-22 08:23:32.990450600,0.124450600,0
'2026-08-22 08:23:32.990456000,0.124456000,1
'2026-08-22 08:23:32.990470400,0.124470400,0
'2026-08-22 08:23:32.990470500,0.124470500,1
'2026-08-22 08:23:32.990470600,0.124470600,0
'2026-08-22 08:23:32.990482100,0.124482100,1
'2026-08-22 08:23:32.990496400,0.124496400,0
'2026-08-22 08:23:32.990508200,0.124508200,1
'2026-08-22 08:23:32.990522500,0.124522500,0
'2026-08-22 08:23:32.990528300,0.124528300,1
'2026-08-22 08:23:32.990528400,0.124528400,0
'2026-08-22 08:23:32.990531800,0.124531800,1
'2026-08-22 08:23:32.990531900,0.124531900,0
'2026-08-22 08:23:32.990534200,0.124534200,1
'2026-08-22 08:23:32.990548700,0.124548700,0
'2026-08-22 08:23:32.990554500,0.124554500,1
'2026-08-22 08:23:32.990554600,0.124554600,0
'2026-08-22 08:23:32.990559800,0.124559800,1
'2026-08-22 08:23:32.990559900,0.124559900,0
'2026-08-22 08:23:32.990560300,0.124560300,1
'2026-08-22 08:23:32.990574800,0.124574800,0
'2026-08-22 08:23:32.990575000,0.124575000,1
'2026-08-22 08:23:32.990575100,0.124575100,0
'2026-08-22 08:23:32.990586100,0.124586100,1
'2026-08-22 08:23:32.990586200,0.124586200,0
'2026-08-22 08:23:32.990586400,0.124586400,1
'2026-08-22 08:23:32.990600800,0.124600800,0
'2026-08-22 08:23:32.990605800,0.124605800,1
'2026-08-22 08:23:32.990605900,0.124605900,0
'2026-08-22 08:23:32.990608600,0.124608600,1
'2026-08-22 08:23:32.990608700,0.124608700,0
'2026-08-22 08:23:32.990608900,0.124608900,1
'2026-08-22 08:23:32.990609000,0.124609000,0
'2026-08-22 08:23:32.990609500,0.124609500,1
'2026-08-22 08:23:32.990609600,0.124609600,0
'2026-08-22 08:23:32.990612500,0.124612500,1
'2026-08-22 08:23:32.990627100,0.124627100,0
'2026-08-22 08:23:32.990629300,0.124629300,1
'2026-08-22 08:23:32.990629400,0.124629400,0
'2026-08-22 08:23:32.990630500,0.124630500,1
'2026-08-22 08:23:32.990630600,0.124630600,0
'2026-08-22 08:23:32.990638500,0.124638500,1
'2026-08-22 08:23:32.990652900,0.124652900,0
'2026-08-22 08:23:32.990659100,0.124659100,1
'2026-08-22 08:23:32.990659200,0.124659200,0
'2026-08-22 08:23:32.990660900,0.124660900,1
'2026-08-22 08:23:32.990661000,0.124661000,0
'2026-08-22 08:23:32.990664600,0.124664600,1
'2026-08-22 08:23:32.990679100,0.124679100,0
'2026-08-22 08:23:32.990679200,0.124679200,1
'2026-08-22 08:23:32.990679300,0.124679300,0
'2026-08-22 08:23:32.990679500,0.124679500,1
'2026-08-22 08:23:32.990679600,0.124679600,0
'2026-08-22 08:23:32.990680100,0.124680100,1
'2026-08-22 08:23:32.990680200,0.124680200,0
'2026-08-22 08:23:32.990680700,0.124680700,1
'2026-08-22 08:23:32.990680800,0.124680800,0
'2026-08-22 08:23:32.990681900,0.124681900,1
'2026-08-22 08:23:32.990682000,0.124682000,0
'2026-08-22 08:23:32.990688300,0.124688300,1
'2026-08-22 08:23:32.990688400,0.124688400,0
'2026-08-22 08:23:32.990690500,0.124690500,1
'2026-08-22 08:23:32.990705000,0.124705000,0
'2026-08-22 08:23:32.990708200,0.124708200,1
'2026-08-22 08:23:32.990708300,0.124708300,0
'2026-08-22 08:23:32.990708700,0.124708700,1
'2026-08-22 08:23:32.990708800,0.124708800,0
'2026-08-22 08:23:32.990709300,0.124709300,1
'2026-08-22 08:23:32.990709400,0.124709400,0
'2026-08-22 08:23:32.990710300,0.124710300,1
'2026-08-22 08:23:32.990710400,0.124710400,0
'2026-08-22 08:23:32.990710500,0.124710500,1
'2026-08-22 08:23:32.990710600,0.124710600,0
'2026-08-22 08:23:32.990711700,0.124711700,1
'2026-08-22 08:23:32.990711800,0.124711800,0
'2026-08-22 08:23:32.990712200,0.124712200,1
'2026-08-22 08:23:32.990712300,0.124712300,0
'2026-08-22 08:23:32.990715000,0.124715000,1
'2026-08-22 08:23:32.990715100,0.124715100,0
'2026-08-22 08:23:32.990716300,0.124716300,1
'2026-08-22 08:23:32.990716400,0.124716400,0
'2026-08-22 08:23:32.990716800,0.124716800,1
'2026-08-22 08:23:32.990731300,0.124731300,0
'2026-08-22 08:23:32.990731400,0.124731400,1
'2026-08-22 08:23:32.990731700,0.124731700,0
'2026-08-22 08:23:32.990732100,0.124732100,1
'2026-08-22 08:23:32.990732200,0.124732200,0
'2026-08-22 08:23:32.990732300,0.124732300,1
'2026-08-22 08:23:32.990732400,0.124732400,0
'2026-08-22 08:23:32.990732700,0.124732700,1
'2026-08-22 08:23:32.990732800,0.124732800,0
'2026-08-22 08:23:32.990735700,0.124735700,1
'2026-08-22 08:23:32.990735800,0.124735800,0
'2026-08-22 08:23:32.990736800,0.124736800,1
'2026-08-22 08:23:32.990736900,0.124736900,0
'2026-08-22 08:23:32.990737900,0.124737900,1
'2026-08-22 08:23:32.990738000,0.124738000,0
'2026-08-22 08:23:32.990739100,0.124739100,1
'2026-08-22 08:23:32.990739200,0.124739200,0
'2026-08-22 08:23:32.990741500,0.124741500,1
'2026-08-22 08:23:32.990741600,0.124741600,0
'2026-08-22 08:23:32.990742000,0.124742000,1
'2026-08-22 08:23:32.990742200,0.124742200,0
'2026-08-22 08:23:32.990742900,0.124742900,1
'2026-08-22 08:23:32.990757400,0.124757400,0
'2026-08-22 08:23:32.990757500,0.124757500,1
'2026-08-22 08:23:32.990757600,0.124757600,0
'2026-08-22 08:23:32.990759500,0.124759500,1
'2026-08-22 08:23:32.990759700,0.124759700,0
'2026-08-22 08:23:32.990762500,0.124762500,1
'2026-08-22 08:23:32.990762600,0.124762600,0
'2026-08-22 08:23:32.990762900,0.124762900,1
'2026-08-22 08:23:32.990763000,0.124763000,0
'2026-08-22 08:23:32.990763700,0.124763700,1
'2026-08-22 08:23:32.990763800,0.124763800,0
'2026-08-22 08:23:32.990767700,0.124767700,1
'2026-08-22 08:23:32.990767800,0.124767800,0
'2026-08-22 08:23:32.990768300,0.124768300,1
'2026-08-22 08:23:32.990768400,0.124768400,0
'2026-08-22 08:23:32.990768700,0.124768700,1
'2026-08-22 08:23:32.990768800,0.124768800,0
'2026-08-22 08:23:32.990768900,0.124768900,1
'2026-08-22 08:23:33.066000000,0.200000000,0
