; CSV, generated by atk_libsigrok4 1.0.0 on 2026-08-22 08:31:10
; Channels (1/16)
; ChannelsType: 1
; Sample rate: 10 MHz
; Sample count: 1.907349 M
; Sampling time: 2026-08-22 08:31:06.959
SystemTime, Time(s), meow
'2026-08-22 08:31:06.959000000,0.000000000,1
'2026-08-22 08:31:06.959002300,0.000002300,0
'2026-08-22 08:31:06.959012600,0.000012600,1
'2026-08-22 08:31:06.959027200,0.000027200,0
'2026-08-22 08:31:06.959027300,0.000027300,1
'2026-08-22 08:31:06.959027400,0.000027400,0
'2026-08-22 08:31:06.959038700,0.000038700,1
'2026-08-22 08:31:06.959053200,0.000053200,0
'2026-08-22 08:31:06.959064700,0.000064700,1
'2026-08-22 08:31:06.959079400,0.000079400,0
'2026-08-22 08:31:06.959090800,0.000090800,1
'2026-08-22 08:31:06.959105400,0.000105400,0
'2026-08-22 08:31:06.959105500,0.000105500,1
'2026-08-22 08:31:06.959105600,0.000105600,0
'2026-08-22 08:31:06.959116900,0.000116900,1
'2026-08-22 08:31:06.959131500,0.000131500,0
'2026-08-22 08:31:06.959143000,0.000143000,1
'2026-08-22 08:31:06.959157600,0.000157600,0
'2026-08-22 08:31:06.959169100,0.000169100,1
'2026-08-22 08:31:06.959183800,0.000183800,0
'2026-08-22 08:31:06.959195200,0.000195200,1
'2026-08-22 08:31:06.959210000,0.000210000,0
'2026-08-22 08:31:06.959221300,0.000221300,1
'2026-08-22 08:31:06.959235900,0.000235900,0
'2026-08-22 08:31:06.959247400,0.000247400,1
'2026-08-22 08:31:06.959262100,0.000262100,0
'2026-08-22 08:31:06.959273500,0.000273500,1
'2026-08-22 08:31:06.959288100,0.000288100,0
'2026-08-22 08:31:06.959288200,0.000288200,1
'2026-08-22 08:31:06.959288300,0.000288300,0
'2026-08-22 08:31:06.959299500,0.000299500,1
'2026-08-22 08:31:06.959314200,0.000314200,0
'2026-08-22 08:31:06.959325600,0.000325600,1
'2026-08-22 08:31:06.959340500,0.000340500,0
'2026-08-22 08:31:06.959351700,0.000351700,1
'2026-08-22 08:31:06.959366400,0.000366400,0
'2026-08-22 08:31:06.959366500,0.000366500,1
'2026-08-22 08:31:06.959366600,0.000366600,0
'2026-08-22 08:31:06.959377800,0.000377800,1
'2026-08-22 08:31:06.959392500,0.000392500,0
'2026-08-22 08:31:06.959392700,0.000392700,1
'2026-08-22 08:31:06.959392800,0.000392800,0
'2026-08-22 08:31:06.959402800,0.000402800,1
'2026-08-22 08:31:06.959402900,0.000402900,0
'2026-08-22 08:31:06.959403900,0.000403900,1
'2026-08-22 08:31:06.959418600,0.000418600,0
'2026-08-22 08:31:06.959430000,0.000430000,1
'2026-08-22 08:31:06.959444600,0.000444600,0
'2026-08-22 08:31:06.959444700,0.000444700,1
'2026-08-22 08:31:06.959444800,0.000444800,0
'2026-08-22 08:31:06.959456100,0.000456100,1
'2026-08-22 08:31:06.959471000,0.000471000,0
'2026-08-22 08:31:06.959482200,0.000482200,1
'2026-08-22 08:31:06.959497000,0.000497000,0
'2026-08-22 08:31:06.959508300,0.000508300,1
'2026-08-22 08:31:06.959523100,0.000523100,0
'2026-08-22 08:31:06.959534300,0.000534300,1
'2026-08-22 08:31:06.959549300,0.000549300,0
'2026-08-22 08:31:06.959560400,0.000560400,1
'2026-08-22 08:31:06.959575200,0.000575200,0
'2026-08-22 08:31:06.959575400,0.000575400,1
'2026-08-22 08:31:06.959575500,0.000575500,0
'2026-08-22 08:31:06.959577400,0.000577400,1
'2026-08-22 08:31:06.959577500,0.000577500,0
'2026-08-22 08:31:06.959586500,0.000586500,1
'2026-08-22 08:31:06.959601300,0.000601300,0
'2026-08-22 08:31:06.959601700,0.000601700,1
'2026-08-22 08:31:06.959601800,0.000601800,0
'2026-08-22 08:31:06.959602300,0.000602300,1
'2026-08-22 08:31:06.959602400,0.000602400,0
'2026-08-22 08:31:06.959612600,0.000612600,1
'2026-08-22 08:31:06.959627500,0.000627500,0
'2026-08-22 08:31:06.959638700,0.000638700,1
'2026-08-22 08:31:06.959653600,0.000653600,0
'2026-08-22 08:31:06.959662500,0.000662500,1
'2026-08-22 08:31:06.959662600,0.000662600,0
'2026-08-22 08:31:06.959664800,0.000664800,1
'2026-08-22 08:31:06.959679500,0.000679500,0
'2026-08-22 08:31:06.959690900,0.000690900,1
'2026-08-22 08:31:06.959705800,0.000705800,0
'2026-08-22 08:31:06.959716900,0.000716900,1
'2026-08-22 08:31:06.959731700,0.000731700,0
'2026-08-22 08:31:06.959732000,0.000732000,1
'2026-08-22 08:31:06.959732100,0.000732100,0
'2026-08-22 08:31:06.959743000,0.000743000,1
'2026-08-22 08:31:06.959757800,0.000757800,0
'2026-08-22 08:31:06.959763500,0.000763500,1
'2026-08-22 08:31:06.959763600,0.000763600,0
'2026-08-22 08:31:06.959769100,0.000769100,1
'2026-08-22 08:31:06.959784100,0.000784100,0
'2026-08-22 08:31:06.959795200,0.000795200,1
'2026-08-22 08:31:06.959809900,0.000809900,0
'2026-08-22 08:31:06.959821300,0.000821300,1
'2026-08-22 08:31:06.959836200,0.000836200,0
'2026-08-22 08:31:06.959836500,0.000836500,1
'2026-08-22 08:31:06.959836600,0.000836600,0
'2026-08-22 08:31:06.959847400,0.000847400,1
'2026-08-22 08:31:06.959862300,0.000862300,0
'2026-08-22 08:31:06.959863900,0.000863900,1
'2026-08-22 08:31:06.959864000,0.000864000,0
'2026-08-22 08:31:06.959873500,0.000873500,1
'2026-08-22 08:31:06.959888200,0.000888200,0
'2026-08-22 08:31:06.959899500,0.000899500,1
'2026-08-22 08:31:06.959914400,0.000914400,0
'2026-08-22 08:31:06.959914700,0.000914700,1
'2026-08-22 08:31:06.959914800,0.000914800,0
'2026-08-22 08:31:06.959915300,0.000915300,1
'2026-08-22 08:31:06.959915400,0.000915400,0
'2026-08-22 08:31:06.959916400,0.000916400,1
'2026-08-22 08:31:06.959916600,0.000916600,0
'2026-08-22 08:31:06.959925600,0.000925600,1
'2026-08-22 08:31:06.959940500,0.000940500,0
'2026-08-22 08:31:06.959951700,0.000951700,1
'2026-08-22 08:31:06.959966400,0.000966400,0
'2026-08-22 08:31:06.959966700,0.000966700,1
'2026-08-22 08:31:06.959966800,0.000966800,0
'2026-08-22 08:31:06.959972500,0.000972500,1
'2026-08-22 08:31:06.959972600,0.000972600,0
'2026-08-22 08:31:06.959977800,0.000977800,1
'2026-08-22 08:31:06.959992600,0.000992600,0
'2026-08-22 08:31:06.960003900,0.001003900,1
'2026-08-22 08:31:06.960018500,0.001018500,0
'2026-08-22 08:31:06.960018600,0.001018600,1
'2026-08-22 08:31:06.960018700,0.001018700,0
'2026-08-22 08:31:06.960030000,0.001030000,1
'2026-08-22 08:31:06.960045000,0.001045000,0
'2026-08-22 08:31:06.960056100,0.001056100,1
'2026-08-22 08:31:06.960070900,0.001070900,0
'2026-08-22 08:31:06.960082200,0.001082200,1
'2026-08-22 08:31:06.960097000,0.001097000,0
'2026-08-22 08:31:06.960108300,0.001108300,1
'2026-08-22 08:31:06.960123200,0.001123200,0
'2026-08-22 08:31:06.960123700,0.001123700,1
'2026-08-22 08:31:06.960123800,0.001123800,0
'2026-08-22 08:31:06.960133600,0.001133600,1
'2026-08-22 08:31:06.960133700,0.001133700,0
'2026-08-22 08:31:06.960134300,0.001134300,1
'2026-08-22 08:31:06.960149000,0.001149000,0
'2026-08-22 08:31:06.960149200,0.001149200,1
'2026-08-22 08:31:06.960149300,0.001149300,0
'2026-08-22 08:31:06.960149400,0.001149400,1
'2026-08-22 08:31:06.960149500,0.001149500,0
'2026-08-22 08:31:06.960160400,0.001160400,1
'2026-08-22 08:31:06.960175400,0.001175400,0
'2026-08-22 08:31:06.960175500,0.001175500,1
'2026-08-22 08:31:06.960175600,0.001175600,0
'2026-08-22 08:31:06.960175700,0.001175700,1
'2026-08-22 08:31:06.960175800,0.001175800,0
'2026-08-22 08:31:06.960176300,0.001176300,1
'2026-08-22 08:31:06.960176400,0.001176400,0
'2026-08-22 08:31:06.960176900,0.001176900,1
'2026-08-22 08:31:06.960177000,0.001177000,0
'2026-08-22 08:31:06.960185100,0.001185100,1
'2026-08-22 08:31:06.960185200,0.001185200,0
'2026-08-22 08:31:06.960186500,0.001186500,1
'2026-08-22 08:31:06.960201200,0.001201200,0
'2026-08-22 08:31:06.960203700,0.001203700,1
'2026-08-22 08:31:06.960203800,0.001203800,0
'2026-08-22 08:31:06.960212600,0.001212600,1
'2026-08-22 08:31:06.960227700,0.001227700,0
'2026-08-22 08:31:06.960238700,0.001238700,1
'2026-08-22 08:31:06.960253400,0.001253400,0
'2026-08-22 08:31:06.960253900,0.001253900,1
'2026-08-22 08:31:06.960254000,0.001254000,0
'2026-08-22 08:31:06.960254300,0.001254300,1
'2026-08-22 08:31:06.960254400,0.001254400,0
'2026-08-22 08:31:06.960255700,0.001255700,1
'2026-08-22 08:31:06.960255800,0.001255800,0
'2026-08-22 08:31:06.960264800,0.001264800,1
'2026-08-22 08:31:06.960279700,0.001279700,0
'2026-08-22 08:31:06.960284300,0.001284300,1
'2026-08-22 08:31:06.960284400,0.001284400,0
'2026-08-22 08:31:06.960286000,0.001286000,1
'2026-08-22 08:31:06.960286200,0.001286200,0
'2026-08-22 08:31:06.960290900,0.001290900,1
'2026-08-22 08:31:06.960305600,0.001305600,0
'2026-08-22 08:31:06.960307700,0.001307700,1
'2026-08-22 08:31:06.960307800,0.001307800,0
'2026-08-22 08:31:06.960317000,0.001317000,1
'2026-08-22 08:31:06.960331700,0.001331700,0
'2026-08-22 08:31:06.960343100,0.001343100,1
'2026-08-22 08:31:06.960358000,0.001358000,0
'2026-08-22 08:31:06.960369100,0.001369100,1
'2026-08-22 08:31:06.960383900,0.001383900,0
'2026-08-22 08:31:06.960384200,0.001384200,1
'2026-08-22 08:31:06.960384300,0.001384300,0
'2026-08-22 08:31:06.960395200,0.001395200,1
'2026-08-22 08:31:06.960410000,0.001410000,0
'2026-08-22 08:31:06.960421300,0.001421300,1
'2026-08-22 08:31:06.960436300,0.001436300,0
'2026-08-22 08:31:06.960440200,0.001440200,1
'2026-08-22 08:31:06.960440300,0.001440300,0
'2026-08-22 08:31:06.960447400,0.001447400,1
'2026-08-22 08:31:06.960462200,0.001462200,0
'2026-08-22 08:31:06.960473500,0.001473500,1
'2026-08-22 08:31:06.960488400,0.001488400,0
'2026-08-22 08:31:06.960489300,0.001489300,1
'2026-08-22 08:31:06.960489400,0.001489400,0
'2026-08-22 08:31:06.960499600,0.001499600,1
'2026-08-22 08:31:06.960514200,0.001514200,0
'2026-08-22 08:31:06.960525700,0.001525700,1
'2026-08-22 08:31:06.960540500,0.001540500,0
'2026-08-22 08:31:06.960540700,0.001540700,1
'2026-08-22 08:31:06.960540800,0.001540800,0
'2026-08-22 08:31:06.960551800,0.001551800,1
'2026-08-22 08:31:06.960566800,0.001566800,0
'2026-08-22 08:31:06.960577900,0.001577900,1
'2026-08-22 08:31:06.960592600,0.001592600,0
'2026-08-22 08:31:06.960592700,0.001592700,1
'2026-08-22 08:31:06.960592800,0.001592800,0
'2026-08-22 08:31:06.960597900,0.001597900,1
'2026-08-22 08:31:06.960598000,0.001598000,0
'2026-08-22 08:31:06.960603900,0.001603900,1
'2026-08-22 08:31:06.960619000,0.001619000,0
'2026-08-22 08:31:06.960630000,0.001630000,1
'2026-08-22 08:31:06.960645000,0.001645000,0
'2026-08-22 08:31:06.960645200,0.001645200,1
'2026-08-22 08:31:06.960645300,0.001645300,0
'2026-08-22 08:31:06.960647000,0.001647000,1
'2026-08-22 08:31:06.960647100,0.001647100,0
'2026-08-22 08:31:06.960648300,0.001648300,1
'2026-08-22 08:31:06.960648400,0.001648400,0
'2026-08-22 08:31:06.960656100,0.001656100,1
'2026-08-22 08:31:06.960671000,0.001671000,0
'2026-08-22 08:31:06.960682200,0.001682200,1
'2026-08-22 08:31:06.960697400,0.001697400,0
'2026-08-22 08:31:06.960698300,0.001698300,1
'2026-08-22 08:31:06.960698400,0.001698400,0
'2026-08-22 08:31:06.960708300,0.001708300,1
'2026-08-22 08:31:06.960723200,0.001723200,0
'2026-08-22 08:31:06.960734400,0.001734400,1
'2026-08-22 08:31:06.960749400,0.001749400,0
'2026-08-22 08:31:06.960760500,0.001760500,1
'2026-08-22 08:31:06.960775400,0.001775400,0
'2026-08-22 08:31:06.960775500,0.001775500,1
'2026-08-22 08:31:06.960775600,0.001775600,0
'2026-08-22 08:31:06.960779600,0.001779600,1
'2026-08-22 08:31:06.960779700,0.001779700,0
'2026-08-22 08:31:06.960786600,0.001786600,1
'2026-08-22 08:31:06.960801400,0.001801400,0
'2026-08-22 08:31:06.960802400,0.001802400,1
'2026-08-22 08:31:06.960802500,0.001802500,0
'2026-08-22 08:31:06.960812700,0.001812700,1
'2026-08-22 08:31:06.960827700,0.001827700,0
'2026-08-22 08:31:06.960831900,0.001831900,1
'2026-08-22 08:31:06.960832000,0.001832000,0
'2026-08-22 08:31:06.960838800,0.001838800,1
'2026-08-22 08:31:06.960853600,0.001853600,0
'2026-08-22 08:31:06.960859000,0.001859000,1
'2026-08-22 08:31:06.960859100,0.001859100,0
'2026-08-22 08:31:06.960864800,0.001864800,1
'2026-08-22 08:31:06.960880200,0.001880200,0
'2026-08-22 08:31:06.960887600,0.001887600,1
'2026-08-22 08:31:06.960887800,0.001887800,0
'2026-08-22 08:31:06.960890900,0.001890900,1
'2026-08-22 08:31:06.960905600,0.001905600,0
'2026-08-22 08:31:06.960905700,0.001905700,1
'2026-08-22 08:31:06.960905800,0.001905800,0
'2026-08-22 08:31:06.960905900,0.001905900,1
'2026-08-22 08:31:06.960906000,0.001906000,0
'2026-08-22 08:31:06.960911600,0.001911600,1
'2026-08-22 08:31:06.960911700,0.001911700,0
'2026-08-22 08:31:06.960917000,0.001917000,1
'2026-08-22 08:31:06.960932200,0.001932200,0
'2026-08-22 08:31:06.960943100,0.001943100,1
'2026-08-22 08:31:06.960957900,0.001957900,0
'2026-08-22 08:31:06.960958000,0.001958000,1
'2026-08-22 08:31:06.960958100,0.001958100,0
'2026-08-22 08:31:06.960958300,0.001958300,1
'2026-08-22 08:31:06.960958500,0.001958500,0
'2026-08-22 08:31:06.960959500,0.001959500,1
'2026-08-22 08:31:06.960959600,0.001959600,0
'2026-08-22 08:31:06.960960700,0.001960700,1
'2026-08-22 08:31:06.960960800,0.001960800,0
'2026-08-22 08:31:06.960969200,0.001969200,1
'2026-08-22 08:31:06.960984400,0.001984400,0
'2026-08-22 08:31:06.960989200,0.001989200,1
'2026-08-22 08:31:06.960989300,0.001989300,0
'2026-08-22 08:31:06.960995300,0.001995300,1
'2026-08-22 08:31:06.961010000,0.002010000,0
'2026-08-22 08:31:06.961010300,0.002010300,1
'2026-08-22 08:31:06.961010400,0.002010400,0
'2026-08-22 08:31:06.961010900,0.002010900,1
'2026-08-22 08:31:06.961011000,0.002011000,0
'2026-08-22 08:31:06.961021400,0.002021400,1
'2026-08-22 08:31:06.961036100,0.002036100,0
'2026-08-22 08:31:06.961036200,0.002036200,1
'2026-08-22 08:31:06.961036300,0.002036300,0
'2026-08-22 08:31:06.961036600,0.002036600,1
'2026-08-22 08:31:06.961036700,0.002036700,0
'2026-08-22 08:31:06.961038500,0.002038500,1
'2026-08-22 08:31:06.961038600,0.002038600,0
'2026-08-22 08:31:06.961047500,0.002047500,1
'2026-08-22 08:31:06.961062400,0.002062400,0
'2026-08-22 08:31:06.961068700,0.002068700,1
'2026-08-22 08:31:06.961068800,0.002068800,0
'2026-08-22 08:31:06.961073600,0.002073600,1
'2026-08-22 08:31:06.961088700,0.002088700,0
'2026-08-22 08:31:06.961088800,0.002088800,1
'2026-08-22 08:31:06.961088900,0.002088900,0
'2026-08-22 08:31:06.961099600,0.002099600,1
'2026-08-22 08:31:06.961114600,0.002114600,0
'2026-08-22 08:31:06.961116000,0.002116000,1
'2026-08-22 08:31:06.961116100,0.002116100,0
'2026-08-22 08:31:06.961125700,0.002125700,1
'2026-08-22 08:31:06.961140600,0.002140600,0
'2026-08-22 08:31:06.961140700,0.002140700,1
'2026-08-22 08:31:06.961140800,0.002140800,0
'2026-08-22 08:31:06.961141100,0.002141100,1
'2026-08-22 08:31:06.961141200,0.002141200,0
'2026-08-22 08:31:06.961148700,0.002148700,1
'2026-08-22 08:31:06.961148800,0.002148800,0
'2026-08-22 08:31:06.961151800,0.002151800,1
'2026-08-22 08:31:06.961166600,0.002166600,0
'2026-08-22 08:31:06.961166700,0.002166700,1
'2026-08-22 08:31:06.961166800,0.002166800,0
'2026-08-22 08:31:06.961177900,0.002177900,1
'2026-08-22 08:31:06.961192800,0.002192800,0
'2026-08-22 08:31:06.961193100,0.002193100,1
'2026-08-22 08:31:06.961193200,0.002193200,0
'2026-08-22 08:31:06.961204000,0.002204000,1
'2026-08-22 08:31:06.961219000,0.002219000,0
'2026-08-22 08:31:06.961219400,0.002219400,1
'2026-08-22 08:31:06.961219700,0.002219700,0
'2026-08-22 08:31:06.961230100,0.002230100,1
'2026-08-22 08:31:06.961245000,0.002245000,0
'2026-08-22 08:31:06.961245100,0.002245100,1
'2026-08-22 08:31:06.961245200,0.002245200,0
'2026-08-22 08:31:06.961251900,0.002251900,1
'2026-08-22 08:31:06.961252000,0.002252000,0
'2026-08-22 08:31:06.961256200,0.002256200,1
'2026-08-22 08:31:06.961271200,0.002271200,0
'2026-08-22 08:31:06.961271400,0.002271400,1
'2026-08-22 08:31:06.961271500,0.002271500,0
'2026-08-22 08:31:06.961275900,0.002275900,1
'2026-08-22 08:31:06.961276000,0.002276000,0
'2026-08-22 08:31:06.961280700,0.002280700,1
'2026-08-22 08:31:06.961280800,0.002280800,0
'2026-08-22 08:31:06.961282300,0.002282300,1
'2026-08-22 08:31:06.961296800,0.002296800,0
'2026-08-22 08:31:06.961296900,0.002296900,1
'2026-08-22 08:31:06.961297200,0.002297200,0
'2026-08-22 08:31:06.961299900,0.002299900,1
'2026-08-22 08:31:06.961300000,0.002300000,0
'2026-08-22 08:31:06.961308400,0.002308400,1
'2026-08-22 08:31:06.961323200,0.002323200,0
'2026-08-22 08:31:06.961323300,0.002323300,1
'2026-08-22 08:31:06.961323400,0.002323400,0
'2026-08-22 08:31:06.961329200,0.002329200,1
'2026-08-22 08:31:06.961329300,0.002329300,0
'2026-08-22 08:31:06.961330300,0.002330300,1
'2026-08-22 08:31:06.961330400,0.002330400,0
'2026-08-22 08:31:06.961334500,0.002334500,1
'2026-08-22 08:31:06.961349800,0.002349800,0
'2026-08-22 08:31:06.961349900,0.002349900,1
'2026-08-22 08:31:06.961350000,0.002350000,0
'2026-08-22 08:31:06.961350200,0.002350200,1
'2026-08-22 08:31:06.961350400,0.002350400,0
'2026-08-22 08:31:06.961350700,0.002350700,1
'2026-08-22 08:31:06.961350900,0.002350900,0
'2026-08-22 08:31:06.961352500,0.002352500,1
'2026-08-22 08:31:06.961352600,0.002352600,0
'2026-08-22 08:31:06.961360500,0.002360500,1
'2026-08-22 08:31:06.961375400,0.002375400,0
'2026-08-22 08:31:06.961381200,0.002381200,1
'2026-08-22 08:31:06.961381300,0.002381300,0
'2026-08-22 08:31:06.961382300,0.002382300,1
'2026-08-22 08:31:06.961382400,0.002382400,0
'2026-08-22 08:31:06.961382500,0.002382500,1
'2026-08-22 08:31:06.961382600,0.002382600,0
'2026-08-22 08:31:06.961386600,0.002386600,1
'2026-08-22 08:31:06.961401800,0.002401800,0
'2026-08-22 08:31:06.961401900,0.002401900,1
'2026-08-22 08:31:06.961402000,0.002402000,0
'2026-08-22 08:31:06.961402100,0.002402100,1
'2026-08-22 08:31:06.961402200,0.002402200,0
'2026-08-22 08:31:06.961402700,0.002402700,1
'2026-08-22 08:31:06.961402900,0.002402900,0
'2026-08-22 08:31:06.961406300,0.002406300,1
'2026-08-22 08:31:06.961406400,0.002406400,0
'2026-08-22 08:31:06.961412700,0.002412700,1
'2026-08-22 08:31:06.961427600,0.002427600,0
'2026-08-22 08:31:06.961427900,0.002427900,1
'2026-08-22 08:31:06.961428000,0.002428000,0
'2026-08-22 08:31:06.961428200,0.002428200,1
'2026-08-22 08:31:06.961428300,0.002428300,0
'2026-08-22 08:31:06.961429600,0.002429600,1
'2026-08-22 08:31:06.961429700,0.002429700,0
'2026-08-22 08:31:06.961438800,0.002438800,1
'2026-08-22 08:31:06.961453800,0.002453800,0
'2026-08-22 08:31:06.961454800,0.002454800,1
'2026-08-22 08:31:06.961454900,0.002454900,0
'2026-08-22 08:31:06.961464900,0.002464900,1
'2026-08-22 08:31:06.961479600,0.002479600,0
'2026-08-22 08:31:06.961479700,0.002479700,1
'2026-08-22 08:31:06.961479800,0.002479800,0
'2026-08-22 08:31:06.961479900,0.002479900,1
'2026-08-22 08:31:06.961480000,0.002480000,0
'2026-08-22 08:31:06.961480900,0.002480900,1
'2026-08-22 08:31:06.961481000,0.002481000,0
'2026-08-22 08:31:06.961491000,0.002491000,1
'2026-08-22 08:31:06.961505900,0.002505900,0
'2026-08-22 08:31:06.961506100,0.002506100,1
'2026-08-22 08:31:06.961506200,0.002506200,0
'2026-08-22 08:31:06.961506700,0.002506700,1
'2026-08-22 08:31:06.961506800,0.002506800,0
'2026-08-22 08:31:06.961517100,0.002517100,1
'2026-08-22 08:31:06.961532000,0.002532000,0
'2026-08-22 08:31:06.961532500,0.002532500,1
'2026-08-22 08:31:06.961532600,0.002532600,0
'2026-08-22 08:31:06.961541100,0.002541100,1
'2026-08-22 08:31:06.961541200,0.002541200,0
'2026-08-22 08:31:06.961543200,0.002543200,1
'2026-08-22 08:31:06.961558200,0.002558200,0
'2026-08-22 08:31:06.961558700,0.002558700,1
'2026-08-22 08:31:06.961558800,0.002558800,0
'2026-08-22 08:31:06.961561200,0.002561200,1
'2026-08-22 08:31:06.961561300,0.002561300,0
'2026-08-22 08:31:06.961569300,0.002569300,1
'2026-08-22 08:31:06.961584200,0.002584200,0
'2026-08-22 08:31:06.961584300,0.002584300,1
'2026-08-22 08:31:06.961584400,0.002584400,0
'2026-08-22 08:31:06.961590500,0.002590500,1
'2026-08-22 08:31:06.961590600,0.002590600,0
'2026-08-22 08:31:06.961591900,0.002591900,1
'2026-08-22 08:31:06.961592000,0.002592000,0
'2026-08-22 08:31:06.961595300,0.002595300,1
'2026-08-22 08:31:06.961610300,0.002610300,0
'2026-08-22 08:31:06.961610600,0.002610600,1
'2026-08-22 08:31:06.961610700,0.002610700,0
'2026-08-22 08:31:06.961613500,0.002613500,1
'2026-08-22 08:31:06.961613600,0.002613600,0
'2026-08-22 08:31:06.961621400,0.002621400,1
'2026-08-22 08:31:06.961636200,0.002636200,0
'2026-08-22 08:31:06.961636300,0.002636300,1
'2026-08-22 08:31:06.961636400,0.002636400,0
'2026-08-22 08:31:06.961636900,0.002636900,1
'2026-08-22 08:31:06.961637000,0.002637000,0
'2026-08-22 08:31:06.961641600,0.002641600,1
'2026-08-22 08:31:06.961641700,0.002641700,0
'2026-08-22 08:31:06.961647500,0.002647500,1
'2026-08-22 08:31:06.961662900,0.002662900,0
'2026-08-22 08:31:06.961663200,0.002663200,1
'2026-08-22 08:31:06.961663300,0.002663300,0
'2026-08-22 08:31:06.961672400,0.002672400,1
'2026-08-22 08:31:06.961672500,0.002672500,0
'2026-08-22 08:31:06.961673600,0.002673600,1
'2026-08-22 08:31:06.961688600,0.002688600,0
'2026-08-22 08:31:06.961691200,0.002691200,1
'2026-08-22 08:31:06.961691300,0.002691300,0
'2026-08-22 08:31:06.961691900,0.002691900,1
'2026-08-22 08:31:06.961692000,0.002692000,0
'2026-08-22 08:31:06.961692400,0.002692400,1
'2026-08-22 08:31:06.961692500,0.002692500,0
'2026-08-22 08:31:06.961699700,0.002699700,1
'2026-08-22 08:31:06.961714700,0.002714700,0
'2026-08-22 08:31:06.961725800,0.002725800,1
'2026-08-22 08:31:06.961740700,0.002740700,0
'2026-08-22 08:31:06.961740900,0.002740900,1
'2026-08-22 08:31:06.961741000,0.002741000,0
'2026-08-22 08:31:06.961741100,0.002741100,1
'2026-08-22 08:31:06.961741300,0.002741300,0
'2026-08-22 08:31:06.961741400,0.002741400,1
'2026-08-22 08:31:06.961741600,0.002741600,0
'2026-08-22 08:31:06.961742000,0.002742000,1
'2026-08-22 08:31:06.961742100,0.002742100,0
'2026-08-22 08:31:06.961742300,0.002742300,1
'2026-08-22 08:31:06.961742400,0.002742400,0
'2026-08-22 08:31:06.961742500,0.002742500,1
'2026-08-22 08:31:06.961742700,0.002742700,0
'2026-08-22 08:31:06.961743700,0.002743700,1
'2026-08-22 08:31:06.961743800,0.002743800,0
'2026-08-22 08:31:06.961743900,0.002743900,1
'2026-08-22 08:31:06.961744000,0.002744000,0
'2026-08-22 08:31:06.961744700,0.002744700,1
'2026-08-22 08:31:06.961744800,0.002744800,0
'2026-08-22 08:31:06.961751900,0.002751900,1
'2026-08-22 08:31:06.961766800,0.002766800,0
'2026-08-22 08:31:06.961767100,0.002767100,1
'2026-08-22 08:31:06.961767400,0.002767400,0
'2026-08-22 08:31:06.961778000,0.002778000,1
'2026-08-22 08:31:06.961792600,0.002792600,0
'2026-08-22 08:31:06.961792700,0.002792700,1
'2026-08-22 08:31:06.961793000,0.002793000,0
'2026-08-22 08:31:06.961793100,0.002793100,1
'2026-08-22 08:31:06.961793200,0.002793200,0
'2026-08-22 08:31:06.961793300,0.002793300,1
'2026-08-22 08:31:06.961793600,0.002793600,0
'2026-08-22 08:31:06.961794000,0.002794000,1
'2026-08-22 08:31:06.961794200,0.002794200,0
'2026-08-22 08:31:06.961794600,0.002794600,1
'2026-08-22 08:31:06.961794700,0.002794700,0
'2026-08-22 08:31:06.961795000,0.002795000,1
'2026-08-22 08:31:06.961795200,0.002795200,0
'2026-08-22 08:31:06.961796900,0.002796900,1
'2026-08-22 08:31:06.961797000,0.002797000,0
'2026-08-22 08:31:06.961804100,0.002804100,1
'2026-08-22 08:31:06.961818800,0.002818800,0
'2026-08-22 08:31:06.961819100,0.002819100,1
'2026-08-22 08:31:06.961819200,0.002819200,0
'2026-08-22 08:31:06.961821500,0.002821500,1
'2026-08-22 08:31:06.961821600,0.002821600,0
'2026-08-22 08:31:06.961830200,0.002830200,1
'2026-08-22 08:31:06.961845200,0.002845200,0
'2026-08-22 08:31:06.961845300,0.002845300,1
'2026-08-22 08:31:06.961845500,0.002845500,0
'2026-08-22 08:31:06.961846600,0.002846600,1
'2026-08-22 08:31:06.961846700,0.002846700,0
'2026-08-22 08:31:06.961856200,0.002856200,1
'2026-08-22 08:31:06.961871200,0.002871200,0
'2026-08-22 08:31:06.961871600,0.002871600,1
'2026-08-22 08:31:06.961871700,0.002871700,0
'2026-08-22 08:31:06.961872300,0.002872300,1
'2026-08-22 08:31:06.961872400,0.002872400,0
'2026-08-22 08:31:06.961874000,0.002874000,1
'2026-08-22 08:31:06.961874100,0.002874100,0
'2026-08-22 08:31:06.961876900,0.002876900,1
'2026-08-22 08:31:06.961877000,0.002877000,0
'2026-08-22 08:31:06.961882300,0.002882300,1
'2026-08-22 08:31:06.961897500,0.002897500,0
'2026-08-22 08:31:06.961897900,0.002897900,1
'2026-08-22 08:31:06.961898000,0.002898000,0
'2026-08-22 08:31:06.961904400,0.002904400,1
'2026-08-22 08:31:06.961904500,0.002904500,0
'2026-08-22 08:31:06.961908400,0.002908400,1
'2026-08-22 08:31:06.961923300,0.002923300,0
'2026-08-22 08:31:06.961923500,0.002923500,1
'2026-08-22 08:31:06.961923800,0.002923800,0
'2026-08-22 08:31:06.961924200,0.002924200,1
'2026-08-22 08:31:06.961924300,0.002924300,0
'2026-08-22 08:31:06.961924800,0.002924800,1
'2026-08-22 08:31:06.961924900,0.002924900,0
'2026-08-22 08:31:06.961927100,0.002927100,1
'2026-08-22 08:31:06.961927200,0.002927200,0
'2026-08-22 08:31:06.961934500,0.002934500,1
'2026-08-22 08:31:06.961949200,0.002949200,0
'2026-08-22 08:31:06.961949300,0.002949300,1
'2026-08-22 08:31:06.961949400,0.002949400,0
'2026-08-22 08:31:06.961949900,0.002949900,1
'2026-08-22 08:31:06.961950000,0.002950000,0
'2026-08-22 08:31:06.961954000,0.002954000,1
'2026-08-22 08:31:06.961954100,0.002954100,0
'2026-08-22 08:31:06.961960600,0.002960600,1
'2026-08-22 08:31:06.961975800,0.002975800,0
'2026-08-22 08:31:06.961986100,0.002986100,1
'2026-08-22 08:31:06.961986200,0.002986200,0
'2026-08-22 08:31:06.961986700,0.002986700,1
'2026-08-22 08:31:06.962001800,0.003001800,0
'2026-08-22 08:31:06.962001900,0.003001900,1
'2026-08-22 08:31:06.962002000,0.003002000,0
'2026-08-22 08:31:06.962009100,0.003009100,1
'2026-08-22 08:31:06.962009200,0.003009200,0
'2026-08-22 08:31:06.962012800,0.003012800,1
'2026-08-22 08:31:06.962027700,0.003027700,0
'2026-08-22 08:31:06.962028100,0.003028100,1
'2026-08-22 08:31:06.962028200,0.003028200,0
'2026-08-22 08:31:06.962031700,0.003031700,1
'2026-08-22 08:31:06.962031800,0.003031800,0
'2026-08-22 08:31:06.962037600,0.003037600,1
'2026-08-22 08:31:06.962037700,0.003037700,0
'2026-08-22 08:31:06.962038900,0.003038900,1
'2026-08-22 08:31:06.962054000,0.003054000,0
'2026-08-22 08:31:06.962054400,0.003054400,1
'2026-08-22 08:31:06.962054500,0.003054500,0
'2026-08-22 08:31:06.962056700,0.003056700,1
'2026-08-22 08:31:06.962056800,0.003056800,0
'2026-08-22 08:31:06.962064900,0.003064900,1
'2026-08-22 08:31:06.962079700,0.003079700,0
'2026-08-22 08:31:06.962080100,0.003080100,1
'2026-08-22 08:31:06.962080200,0.003080200,0
'2026-08-22 08:31:06.962080700,0.003080700,1
'2026-08-22 08:31:06.962080800,0.003080800,0
'2026-08-22 08:31:06.962081900,0.003081900,1
'2026-08-22 08:31:06.962082100,0.003082100,0
'2026-08-22 08:31:06.962082400,0.003082400,1
'2026-08-22 08:31:06.962082600,0.003082600,0
'2026-08-22 08:31:06.962082700,0.003082700,1
'2026-08-22 08:31:06.962082800,0.003082800,0
'2026-08-22 08:31:06.962083400,0.003083400,1
'2026-08-22 08:31:06.962083500,0.003083500,0
'2026-08-22 08:31:06.962083600,0.003083600,1
'2026-08-22 08:31:06.962083700,0.003083700,0
'2026-08-22 08:31:06.962091000,0.003091000,1
'2026-08-22 08:31:06.962106200,0.003106200,0
'2026-08-22 08:31:06.962114500,0.003114500,1
'2026-08-22 08:31:06.962114600,0.003114600,0
'2026-08-22 08:31:06.962117100,0.003117100,1
'2026-08-22 08:31:06.962132200,0.003132200,0
'2026-08-22 08:31:06.962132700,0.003132700,1
'2026-08-22 08:31:06.962132800,0.003132800,0
'2026-08-22 08:31:06.962134400,0.003134400,1
'2026-08-22 08:31:06.962134500,0.003134500,0
'2026-08-22 08:31:06.962136700,0.003136700,1
'2026-08-22 08:31:06.962136800,0.003136800,0
'2026-08-22 08:31:06.962143200,0.003143200,1
'2026-08-22 08:31:06.962158100,0.003158100,0
'2026-08-22 08:31:06.962158300,0.003158300,1
'2026-08-22 08:31:06.962158400,0.003158400,0
'2026-08-22 08:31:06.962158900,0.003158900,1
'2026-08-22 08:31:06.962159000,0.003159000,0
'2026-08-22 08:31:06.962162900,0.003162900,1
'2026-08-22 08:31:06.962163000,0.003163000,0
'2026-08-22 08:31:06.962164200,0.003164200,1
'2026-08-22 08:31:06.962164300,0.003164300,0
'2026-08-22 08:31:06.962164800,0.003164800,1
'2026-08-22 08:31:06.962164900,0.003164900,0
'2026-08-22 08:31:06.962169300,0.003169300,1
'2026-08-22 08:31:06.962184700,0.003184700,0
'2026-08-22 08:31:06.962185100,0.003185100,1
'2026-08-22 08:31:06.962185200,0.003185200,0
'2026-08-22 08:31:06.962186400,0.003186400,1
'2026-08-22 08:31:06.962186500,0.003186500,0
'2026-08-22 08:31:06.962186900,0.003186900,1
'2026-08-22 08:31:06.962187000,0.003187000,0
'2026-08-22 08:31:06.962194500,0.003194500,1
'2026-08-22 08:31:06.962194600,0.003194600,0
'2026-08-22 08:31:06.962195400,0.003195400,1
'2026-08-22 08:31:06.962210400,0.003210400,0
'2026-08-22 08:31:06.962211400,0.003211400,1
'2026-08-22 08:31:06.962211500,0.003211500,0
'2026-08-22 08:31:06.962221500,0.003221500,1
'2026-08-22 08:31:06.962236700,0.003236700,0
'2026-08-22 08:31:06.962236900,0.003236900,1
'2026-08-22 08:31:06.962237000,0.003237000,0
'2026-08-22 08:31:06.962247600,0.003247600,1
'2026-08-22 08:31:06.962262400,0.003262400,0
'2026-08-22 08:31:06.962262900,0.003262900,1
'2026-08-22 08:31:06.962263000,0.003263000,0
'2026-08-22 08:31:06.962263100,0.003263100,1
'2026-08-22 08:31:06.962263200,0.003263200,0
'2026-08-22 08:31:06.962264600,0.003264600,1
'2026-08-22 08:31:06.962264700,0.003264700,0
'2026-08-22 08:31:06.962266000,0.003266000,1
'2026-08-22 08:31:06.963905500,0.004905500,0
'2026-08-22 08:31:06.963905700,0.004905700,1
'2026-08-22 08:31:06.963905800,0.004905800,0
'2026-08-22 08:31:06.963916700,0.004916700,1
'2026-08-22 08:31:06.963931500,0.004931500,0
'2026-08-22 08:31:06.963942800,0.004942800,1
'2026-08-22 08:31:06.963957600,0.004957600,0
'2026-08-22 08:31:06.963957700,0.004957700,1
'2026-08-22 08:31:06.963957800,0.004957800,0
'2026-08-22 08:31:06.963968900,0.004968900,1
'2026-08-22 08:31:06.963983600,0.004983600,0
'2026-08-22 08:31:06.963984000,0.004984000,1
'2026-08-22 08:31:06.963984100,0.004984100,0
'2026-08-22 08:31:06.963995000,0.004995000,1
'2026-08-22 08:31:06.964009600,0.005009600,0
'2026-08-22 08:31:06.964009700,0.005009700,1
'2026-08-22 08:31:06.964009800,0.005009800,0
'2026-08-22 08:31:06.964021100,0.005021100,1
'2026-08-22 08:31:06.964036200,0.005036200,0
'2026-08-22 08:31:06.964036500,0.005036500,1
'2026-08-22 08:31:06.964036600,0.005036600,0
'2026-08-22 08:31:06.964047200,0.005047200,1
'2026-08-22 08:31:06.964061800,0.005061800,0
'2026-08-22 08:31:06.964061900,0.005061900,1
'2026-08-22 08:31:06.964062000,0.005062000,0
'2026-08-22 08:31:06.964062200,0.005062200,1
'2026-08-22 08:31:06.964062300,0.005062300,0
'2026-08-22 08:31:06.964071000,0.005071000,1
'2026-08-22 08:31:06.964071100,0.005071100,0
'2026-08-22 08:31:06.964073300,0.005073300,1
'2026-08-22 08:31:06.964088000,0.005088000,0
'2026-08-22 08:31:06.964094800,0.005094800,1
'2026-08-22 08:31:06.964094900,0.005094900,0
'2026-08-22 08:31:06.964099400,0.005099400,1
'2026-08-22 08:31:06.964114300,0.005114300,0
'2026-08-22 08:31:06.964125500,0.005125500,1
'2026-08-22 08:31:06.964140000,0.005140000,0
'2026-08-22 08:31:06.964145500,0.005145500,1
'2026-08-22 08:31:06.964145600,0.005145600,0
'2026-08-22 08:31:06.964151600,0.005151600,1
'2026-08-22 08:31:06.964166500,0.005166500,0
'2026-08-22 08:31:06.964166700,0.005166700,1
'2026-08-22 08:31:06.964166800,0.005166800,0
'2026-08-22 08:31:06.964177600,0.005177600,1
'2026-08-22 08:31:06.964192200,0.005192200,0
'2026-08-22 08:31:06.964198800,0.005198800,1
'2026-08-22 08:31:06.964198900,0.005198900,0
'2026-08-22 08:31:06.964203700,0.005203700,1
'2026-08-22 08:31:06.964218600,0.005218600,0
'2026-08-22 08:31:06.964218700,0.005218700,1
'2026-08-22 08:31:06.964218800,0.005218800,0
'2026-08-22 08:31:06.964229800,0.005229800,1
'2026-08-22 08:31:06.964244600,0.005244600,0
'2026-08-22 08:31:06.964246100,0.005246100,1
'2026-08-22 08:31:06.964246200,0.005246200,0
'2026-08-22 08:31:06.964247300,0.005247300,1
'2026-08-22 08:31:06.964247400,0.005247400,0
'2026-08-22 08:31:06.964249000,0.005249000,1
'2026-08-22 08:31:06.964249100,0.005249100,0
'2026-08-22 08:31:06.964255900,0.005255900,1
'2026-08-22 08:31:06.964270800,0.005270800,0
'2026-08-22 08:31:06.964276500,0.005276500,1
'2026-08-22 08:31:06.964276600,0.005276600,0
'2026-08-22 08:31:06.964282000,0.005282000,1
'2026-08-22 08:31:06.964297200,0.005297200,0
'2026-08-22 08:31:06.964297500,0.005297500,1
'2026-08-22 08:31:06.964297600,0.005297600,0
'2026-08-22 08:31:06.964305000,0.005305000,1
'2026-08-22 08:31:06.964740200,0.005740200,0
'2026-08-22 08:31:06.964751500,0.005751500,1
'2026-08-22 08:31:06.964766400,0.005766400,0
'2026-08-22 08:31:06.964777600,0.005777600,1
'2026-08-22 08:31:06.964792200,0.005792200,0
'2026-08-22 08:31:06.964792500,0.005792500,1
'2026-08-22 08:31:06.964792600,0.005792600,0
'2026-08-22 08:31:06.964803600,0.005803600,1
'2026-08-22 08:31:06.964818400,0.005818400,0
'2026-08-22 08:31:06.964818600,0.005818600,1
'2026-08-22 08:31:06.964818800,0.005818800,0
'2026-08-22 08:31:06.964829700,0.005829700,1
'2026-08-22 08:31:06.964844200,0.005844200,0
'2026-08-22 08:31:06.964844400,0.005844400,1
'2026-08-22 08:31:06.964844500,0.005844500,0
'2026-08-22 08:31:06.964855800,0.005855800,1
'2026-08-22 08:31:06.964870600,0.005870600,0
'2026-08-22 08:31:06.964870700,0.005870700,1
'2026-08-22 08:31:06.964870800,0.005870800,0
'2026-08-22 08:31:06.964881900,0.005881900,1
'2026-08-22 08:31:06.964896600,0.005896600,0
'2026-08-22 08:31:06.964908000,0.005908000,1
'2026-08-22 08:31:06.964922800,0.005922800,0
'2026-08-22 08:31:06.964923800,0.005923800,1
'2026-08-22 08:31:06.964923900,0.005923900,0
'2026-08-22 08:31:06.964934100,0.005934100,1
'2026-08-22 08:31:06.964949000,0.005949000,0
'2026-08-22 08:31:06.964950700,0.005950700,1
'2026-08-22 08:31:06.964950800,0.005950800,0
'2026-08-22 08:31:06.964960200,0.005960200,1
'2026-08-22 08:31:06.964974800,0.005974800,0
'2026-08-22 08:31:06.964986300,0.005986300,1
'2026-08-22 08:31:06.965001200,0.006001200,0
'2026-08-22 08:31:06.965001400,0.006001400,1
'2026-08-22 08:31:06.965001500,0.006001500,0
'2026-08-22 08:31:06.965012400,0.006012400,1
'2026-08-22 08:31:06.965027200,0.006027200,0
'2026-08-22 08:31:06.965028300,0.006028300,1
'2026-08-22 08:31:06.965028400,0.006028400,0
'2026-08-22 08:31:06.965029400,0.006029400,1
'2026-08-22 08:31:06.965029500,0.006029500,0
'2026-08-22 08:31:06.965038500,0.006038500,1
'2026-08-22 08:31:06.965053300,0.006053300,0
'2026-08-22 08:31:06.965053400,0.006053400,1
'2026-08-22 08:31:06.965053500,0.006053500,0
'2026-08-22 08:31:06.965064600,0.006064600,1
'2026-08-22 08:31:06.965079500,0.006079500,0
'2026-08-22 08:31:06.965090700,0.006090700,1
'2026-08-22 08:31:06.965105500,0.006105500,0
'2026-08-22 08:31:06.965116700,0.006116700,1
'2026-08-22 08:31:06.965131700,0.006131700,0
'2026-08-22 08:31:06.965136300,0.006136300,1
'2026-08-22 08:31:06.965550200,0.006550200,0
'2026-08-22 08:31:06.965550300,0.006550300,1
'2026-08-22 08:31:06.965550400,0.006550400,0
'2026-08-22 08:31:06.965554300,0.006554300,1
'2026-08-22 08:31:06.965554400,0.006554400,0
'2026-08-22 08:31:06.965560100,0.006560100,1
'2026-08-22 08:31:06.965574900,0.006574900,0
'2026-08-22 08:31:06.965586200,0.006586200,1
'2026-08-22 08:31:06.965601100,0.006601100,0
'2026-08-22 08:31:06.965612300,0.006612300,1
'2026-08-22 08:31:06.965627000,0.006627000,0
'2026-08-22 08:31:06.965627300,0.006627300,1
'2026-08-22 08:31:06.965627400,0.006627400,0
'2026-08-22 08:31:06.965638400,0.006638400,1
'2026-08-22 08:31:06.965653400,0.006653400,0
'2026-08-22 08:31:06.965653600,0.006653600,1
'2026-08-22 08:31:06.965653700,0.006653700,0
'2026-08-22 08:31:06.965660100,0.006660100,1
'2026-08-22 08:31:06.965660200,0.006660200,0
'2026-08-22 08:31:06.965664500,0.006664500,1
'2026-08-22 08:31:06.965679400,0.006679400,0
'2026-08-22 08:31:06.965690600,0.006690600,1
'2026-08-22 08:31:06.965705300,0.006705300,0
'2026-08-22 08:31:06.965716700,0.006716700,1
'2026-08-22 08:31:06.965731600,0.006731600,0
'2026-08-22 08:31:06.965731800,0.006731800,1
'2026-08-22 08:31:06.965732000,0.006732000,0
'2026-08-22 08:31:06.965734100,0.006734100,1
'2026-08-22 08:31:06.965734200,0.006734200,0
'2026-08-22 08:31:06.965742800,0.006742800,1
'2026-08-22 08:31:06.965757400,0.006757400,0
'2026-08-22 08:31:06.965757500,0.006757500,1
'2026-08-22 08:31:06.965757600,0.006757600,0
'2026-08-22 08:31:06.965768900,0.006768900,1
'2026-08-22 08:31:06.965783700,0.006783700,0
'2026-08-22 08:31:06.965783800,0.006783800,1
'2026-08-22 08:31:06.965783900,0.006783900,0
'2026-08-22 08:31:06.965794900,0.006794900,1
'2026-08-22 08:31:06.965809600,0.006809600,0
'2026-08-22 08:31:06.965821000,0.006821000,1
'2026-08-22 08:31:06.965836000,0.006836000,0
'2026-08-22 08:31:06.965847100,0.006847100,1
'2026-08-22 08:31:06.965862000,0.006862000,0
'2026-08-22 08:31:06.965862100,0.006862100,1
'2026-08-22 08:31:06.965862200,0.006862200,0
'2026-08-22 08:31:06.965873200,0.006873200,1
'2026-08-22 08:31:06.965888000,0.006888000,0
'2026-08-22 08:31:06.965888300,0.006888300,1
'2026-08-22 08:31:06.965888400,0.006888400,0
'2026-08-22 08:31:06.965899300,0.006899300,1
'2026-08-22 08:31:06.965914100,0.006914100,0
'2026-08-22 08:31:06.965914300,0.006914300,1
'2026-08-22 08:31:06.965914400,0.006914400,0
'2026-08-22 08:31:06.965925400,0.006925400,1
'2026-08-22 08:31:06.965940200,0.006940200,0
'2026-08-22 08:31:06.965945200,0.006945200,1
'2026-08-22 08:31:06.965945300,0.006945300,0
'2026-08-22 08:31:06.965951500,0.006951500,1
'2026-08-22 08:31:06.967165700,0.008165700,0
'2026-08-22 08:31:06.967177300,0.008177300,1
'2026-08-22 08:31:06.967192100,0.008192100,0
'2026-08-22 08:31:06.967203400,0.008203400,1
'2026-08-22 08:31:06.967217900,0.008217900,0
'2026-08-22 08:31:06.967218100,0.008218100,1
'2026-08-22 08:31:06.967218200,0.008218200,0
'2026-08-22 08:31:06.967229500,0.008229500,1
'2026-08-22 08:31:06.967244200,0.008244200,0
'2026-08-22 08:31:06.967244300,0.008244300,1
'2026-08-22 08:31:06.967244400,0.008244400,0
'2026-08-22 08:31:06.967255600,0.008255600,1
'2026-08-22 08:31:06.967270200,0.008270200,0
'2026-08-22 08:31:06.967281700,0.008281700,1
'2026-08-22 08:31:06.967296400,0.008296400,0
'2026-08-22 08:31:06.967302100,0.008302100,1
'2026-08-22 08:31:06.967302200,0.008302200,0
'2026-08-22 08:31:06.967307800,0.008307800,1
'2026-08-22 08:31:06.967322600,0.008322600,0
'2026-08-22 08:31:06.967333900,0.008333900,1
'2026-08-22 08:31:06.967348600,0.008348600,0
'2026-08-22 08:31:06.967360000,0.008360000,1
'2026-08-22 08:31:06.967374800,0.008374800,0
'2026-08-22 08:31:06.967386000,0.008386000,1
'2026-08-22 08:31:06.967400900,0.008400900,0
'2026-08-22 08:31:06.967412100,0.008412100,1
'2026-08-22 08:31:06.967426800,0.008426800,0
'2026-08-22 08:31:06.967427000,0.008427000,1
'2026-08-22 08:31:06.967427100,0.008427100,0
'2026-08-22 08:31:06.967438200,0.008438200,1
'2026-08-22 08:31:06.967453000,0.008453000,0
'2026-08-22 08:31:06.967453100,0.008453100,1
'2026-08-22 08:31:06.967453400,0.008453400,0
'2026-08-22 08:31:06.967453900,0.008453900,1
'2026-08-22 08:31:06.967454000,0.008454000,0
'2026-08-22 08:31:06.967464300,0.008464300,1
'2026-08-22 08:31:06.967479000,0.008479000,0
'2026-08-22 08:31:06.967490400,0.008490400,1
'2026-08-22 08:31:06.967505200,0.008505200,0
'2026-08-22 08:31:06.967516500,0.008516500,1
'2026-08-22 08:31:06.967531200,0.008531200,0
'2026-08-22 08:31:06.967531500,0.008531500,1
'2026-08-22 08:31:06.967531700,0.008531700,0
'2026-08-22 08:31:06.967532700,0.008532700,1
'2026-08-22 08:31:06.967532800,0.008532800,0
'2026-08-22 08:31:06.967542600,0.008542600,1
'2026-08-22 08:31:06.967557400,0.008557400,0
'2026-08-22 08:31:06.967559600,0.008559600,1
'2026-08-22 08:31:06.967559700,0.008559700,0
'2026-08-22 08:31:06.967568700,0.008568700,1
'2026-08-22 08:31:06.968000500,0.009000500,0
'2026-08-22 08:31:06.968012000,0.009012000,1
'2026-08-22 08:31:06.968026800,0.009026800,0
'2026-08-22 08:31:06.968027100,0.009027100,1
'2026-08-22 08:31:06.968027200,0.009027200,0
'2026-08-22 08:31:06.968038100,0.009038100,1
'2026-08-22 08:31:06.968052800,0.009052800,0
'2026-08-22 08:31:06.968064200,0.009064200,1
'2026-08-22 08:31:06.968078900,0.009078900,0
'2026-08-22 08:31:06.968090300,0.009090300,1
'2026-08-22 08:31:06.968105000,0.009105000,0
'2026-08-22 08:31:06.968116400,0.009116400,1
'2026-08-22 08:31:06.968131200,0.009131200,0
'2026-08-22 08:31:06.968142500,0.009142500,1
'2026-08-22 08:31:06.968157200,0.009157200,0
'2026-08-22 08:31:06.968157300,0.009157300,1
'2026-08-22 08:31:06.968157500,0.009157500,0
'2026-08-22 08:31:06.968168600,0.009168600,1
'2026-08-22 08:31:06.968183400,0.009183400,0
'2026-08-22 08:31:06.968194700,0.009194700,1
'2026-08-22 08:31:06.968209400,0.009209400,0
'2026-08-22 08:31:06.968220800,0.009220800,1
'2026-08-22 08:31:06.968235700,0.009235700,0
'2026-08-22 08:31:06.968246900,0.009246900,1
'2026-08-22 08:31:06.968261500,0.009261500,0
'2026-08-22 08:31:06.968261600,0.009261600,1
'2026-08-22 08:31:06.968261700,0.009261700,0
'2026-08-22 08:31:06.968272900,0.009272900,1
'2026-08-22 08:31:06.968287900,0.009287900,0
'2026-08-22 08:31:06.968288000,0.009288000,1
'2026-08-22 08:31:06.968288100,0.009288100,0
'2026-08-22 08:31:06.968299000,0.009299000,1
'2026-08-22 08:31:06.968313700,0.009313700,0
'2026-08-22 08:31:06.968313800,0.009313800,1
'2026-08-22 08:31:06.968313900,0.009313900,0
'2026-08-22 08:31:06.968321200,0.009321200,1
'2026-08-22 08:31:06.968321300,0.009321300,0
'2026-08-22 08:31:06.968325100,0.009325100,1
'2026-08-22 08:31:06.968340000,0.009340000,0
'2026-08-22 08:31:06.968340100,0.009340100,1
'2026-08-22 08:31:06.968340200,0.009340200,0
'2026-08-22 08:31:06.968351200,0.009351200,1
'2026-08-22 08:31:06.968366000,0.009366000,0
'2026-08-22 08:31:06.968377300,0.009377300,1
'2026-08-22 08:31:06.968392200,0.009392200,0
'2026-08-22 08:31:06.968397700,0.009397700,1
'2026-08-22 08:31:06.969617800,0.010617800,0
'2026-08-22 08:31:06.969629200,0.010629200,1
'2026-08-22 08:31:06.969643900,0.010643900,0
'2026-08-22 08:31:06.969655300,0.010655300,1
'2026-08-22 08:31:06.969670100,0.010670100,0
'2026-08-22 08:31:06.969681400,0.010681400,1
'2026-08-22 08:31:06.969696400,0.010696400,0
'2026-08-22 08:31:06.969707500,0.010707500,1
'2026-08-22 08:31:06.969722200,0.010722200,0
'2026-08-22 08:31:06.969733600,0.010733600,1
'2026-08-22 08:31:06.969748400,0.010748400,0
'2026-08-22 08:31:06.969759700,0.010759700,1
'2026-08-22 08:31:06.969774600,0.010774600,0
'2026-08-22 08:31:06.969785800,0.010785800,1
'2026-08-22 08:31:06.969800500,0.010800500,0
'2026-08-22 08:31:06.969800700,0.010800700,1
'2026-08-22 08:31:06.969800800,0.010800800,0
'2026-08-22 08:31:06.969811900,0.010811900,1
'2026-08-22 08:31:06.969826700,0.010826700,0
'2026-08-22 08:31:06.969827000,0.010827000,1
'2026-08-22 08:31:06.969827100,0.010827100,0
'2026-08-22 08:31:06.969838000,0.010838000,1
'2026-08-22 08:31:06.969852600,0.010852600,0
'2026-08-22 08:31:06.969860700,0.010860700,1
'2026-08-22 08:31:06.969860800,0.010860800,0
'2026-08-22 08:31:06.969864100,0.010864100,1
'2026-08-22 08:31:06.969878900,0.010878900,0
'2026-08-22 08:31:06.969890200,0.010890200,1
'2026-08-22 08:31:06.969905000,0.010905000,0
'2026-08-22 08:31:06.969916300,0.010916300,1
'2026-08-22 08:31:06.969931000,0.010931000,0
'2026-08-22 08:31:06.969931100,0.010931100,1
'2026-08-22 08:31:06.969931200,0.010931200,0
'2026-08-22 08:31:06.969942300,0.010942300,1
'2026-08-22 08:31:06.969957400,0.010957400,0
'2026-08-22 08:31:06.969957800,0.010957800,1
'2026-08-22 08:31:06.969957900,0.010957900,0
'2026-08-22 08:31:06.969968400,0.010968400,1
'2026-08-22 08:31:06.969983100,0.010983100,0
'2026-08-22 08:31:06.969994500,0.010994500,1
'2026-08-22 08:31:06.970009400,0.011009400,0
'2026-08-22 08:31:06.970009700,0.011009700,1
'2026-08-22 08:31:06.970009800,0.011009800,0
'2026-08-22 08:31:06.970012600,0.011012600,1
'2026-08-22 08:31:06.970426800,0.011426800,0
'2026-08-22 08:31:06.970426900,0.011426900,1
'2026-08-22 08:31:06.970427000,0.011427000,0
'2026-08-22 08:31:06.970427700,0.011427700,1
'2026-08-22 08:31:06.970427800,0.011427800,0
'2026-08-22 08:31:06.970437900,0.011437900,1
'2026-08-22 08:31:06.970452600,0.011452600,0
'2026-08-22 08:31:06.970452800,0.011452800,1
'2026-08-22 08:31:06.970452900,0.011452900,0
'2026-08-22 08:31:06.970464000,0.011464000,1
'2026-08-22 08:31:06.970478800,0.011478800,0
'2026-08-22 08:31:06.970479500,0.011479500,1
'2026-08-22 08:31:06.970479600,0.011479600,0
'2026-08-22 08:31:06.970490100,0.011490100,1
'2026-08-22 08:31:06.970504900,0.011504900,0
'2026-08-22 08:31:06.970516200,0.011516200,1
'2026-08-22 08:31:06.970531300,0.011531300,0
'2026-08-22 08:31:06.970542300,0.011542300,1
'2026-08-22 08:31:06.970556900,0.011556900,0
'2026-08-22 08:31:06.970557500,0.011557500,1
'2026-08-22 08:31:06.970557600,0.011557600,0
'2026-08-22 08:31:06.970566600,0.011566600,1
'2026-08-22 08:31:06.970566700,0.011566700,0
'2026-08-22 08:31:06.970568400,0.011568400,1
'2026-08-22 08:31:06.970583200,0.011583200,0
'2026-08-22 08:31:06.970594500,0.011594500,1
'2026-08-22 08:31:06.970609200,0.011609200,0
'2026-08-22 08:31:06.970620500,0.011620500,1
'2026-08-22 08:31:06.970635200,0.011635200,0
'2026-08-22 08:31:06.970646600,0.011646600,1
'2026-08-22 08:31:06.970661400,0.011661400,0
'2026-08-22 08:31:06.970672700,0.011672700,1
'2026-08-22 08:31:06.970687400,0.011687400,0
'2026-08-22 08:31:06.970687500,0.011687500,1
'2026-08-22 08:31:06.970687600,0.011687600,0
'2026-08-22 08:31:06.970698800,0.011698800,1
'2026-08-22 08:31:06.970713600,0.011713600,0
'2026-08-22 08:31:06.970724900,0.011724900,1
'2026-08-22 08:31:06.970739700,0.011739700,0
'2026-08-22 08:31:06.970740100,0.011740100,1
'2026-08-22 08:31:06.970740200,0.011740200,0
'2026-08-22 08:31:06.970751000,0.011751000,1
'2026-08-22 08:31:06.970765800,0.011765800,0
'2026-08-22 08:31:06.970777100,0.011777100,1
'2026-08-22 08:31:06.970792100,0.011792100,0
'2026-08-22 08:31:06.970792600,0.011792600,1
'2026-08-22 08:31:06.970792700,0.011792700,0
'2026-08-22 08:31:06.970803200,0.011803200,1
'2026-08-22 08:31:06.970817800,0.011817800,0
'2026-08-22 08:31:06.970823500,0.011823500,1
'2026-08-22 08:31:06.970823600,0.011823600,0
'2026-08-22 08:31:06.970829300,0.011829300,1
'2026-08-22 08:31:06.971261300,0.012261300,0
'2026-08-22 08:31:06.971272600,0.012272600,1
'2026-08-22 08:31:06.971287300,0.012287300,0
'2026-08-22 08:31:06.971298700,0.012298700,1
'2026-08-22 08:31:06.971313500,0.012313500,0
'2026-08-22 08:31:06.971313700,0.012313700,1
'2026-08-22 08:31:06.971313800,0.012313800,0
'2026-08-22 08:31:06.971324800,0.012324800,1
'2026-08-22 08:31:06.971339400,0.012339400,0
'2026-08-22 08:31:06.971339500,0.012339500,1
'2026-08-22 08:31:06.971339600,0.012339600,0
'2026-08-22 08:31:06.971350900,0.012350900,1
'2026-08-22 08:31:06.971365700,0.012365700,0
'2026-08-22 08:31:06.971365800,0.012365800,1
'2026-08-22 08:31:06.971365900,0.012365900,0
'2026-08-22 08:31:06.971366500,0.012366500,1
'2026-08-22 08:31:06.971366600,0.012366600,0
'2026-08-22 08:31:06.971377000,0.012377000,1
'2026-08-22 08:31:06.971391800,0.012391800,0
'2026-08-22 08:31:06.971403100,0.012403100,1
'2026-08-22 08:31:06.971417800,0.012417800,0
'2026-08-22 08:31:06.971417900,0.012417900,1
'2026-08-22 08:31:06.971418000,0.012418000,0
'2026-08-22 08:31:06.971429200,0.012429200,1
'2026-08-22 08:31:06.971444400,0.012444400,0
'2026-08-22 08:31:06.971449700,0.012449700,1
'2026-08-22 08:31:06.971449800,0.012449800,0
'2026-08-22 08:31:06.971455300,0.012455300,1
'2026-08-22 08:31:06.971470000,0.012470000,0
'2026-08-22 08:31:06.971481400,0.012481400,1
'2026-08-22 08:31:06.971496400,0.012496400,0
'2026-08-22 08:31:06.971496700,0.012496700,1
'2026-08-22 08:31:06.971496800,0.012496800,0
'2026-08-22 08:31:06.971497800,0.012497800,1
'2026-08-22 08:31:06.971497900,0.012497900,0
'2026-08-22 08:31:06.971507500,0.012507500,1
'2026-08-22 08:31:06.971522100,0.012522100,0
'2026-08-22 08:31:06.971533600,0.012533600,1
'2026-08-22 08:31:06.971548400,0.012548400,0
'2026-08-22 08:31:06.971548600,0.012548600,1
'2026-08-22 08:31:06.971548700,0.012548700,0
'2026-08-22 08:31:06.971551500,0.012551500,1
'2026-08-22 08:31:06.971551600,0.012551600,0
'2026-08-22 08:31:06.971559700,0.012559700,1
'2026-08-22 08:31:06.971574500,0.012574500,0
'2026-08-22 08:31:06.971574900,0.012574900,1
'2026-08-22 08:31:06.971575000,0.012575000,0
'2026-08-22 08:31:06.971585800,0.012585800,1
'2026-08-22 08:31:06.971600700,0.012600700,0
'2026-08-22 08:31:06.971605300,0.012605300,1
'2026-08-22 08:31:06.971605400,0.012605400,0
'2026-08-22 08:31:06.971611900,0.012611900,1
'2026-08-22 08:31:06.971627000,0.012627000,0
'2026-08-22 08:31:06.971628700,0.012628700,1
'2026-08-22 08:31:06.971628800,0.012628800,0
'2026-08-22 08:31:06.971636200,0.012636200,1
'2026-08-22 08:31:06.971636300,0.012636300,0
'2026-08-22 08:31:06.971637900,0.012637900,1
'2026-08-22 08:31:06.971652700,0.012652700,0
'2026-08-22 08:31:06.971659800,0.012659800,1
'2026-08-22 08:31:06.972073800,0.013073800,0
'2026-08-22 08:31:06.972074000,0.013074000,1
'2026-08-22 08:31:06.972074100,0.013074100,0
'2026-08-22 08:31:06.972081300,0.013081300,1
'2026-08-22 08:31:06.972096000,0.013096000,0
'2026-08-22 08:31:06.972096200,0.013096200,1
'2026-08-22 08:31:06.972096300,0.013096300,0
'2026-08-22 08:31:06.972107400,0.013107400,1
'2026-08-22 08:31:06.972122100,0.013122100,0
'2026-08-22 08:31:06.972133500,0.013133500,1
'2026-08-22 08:31:06.972148200,0.013148200,0
'2026-08-22 08:31:06.972148800,0.013148800,1
'2026-08-22 08:31:06.972148900,0.013148900,0
'2026-08-22 08:31:06.972159600,0.013159600,1
'2026-08-22 08:31:06.972174400,0.013174400,0
'2026-08-22 08:31:06.972185700,0.013185700,1
'2026-08-22 08:31:06.972200400,0.013200400,0
'2026-08-22 08:31:06.972211800,0.013211800,1
'2026-08-22 08:31:06.972226500,0.013226500,0
'2026-08-22 08:31:06.972226900,0.013226900,1
'2026-08-22 08:31:06.972227100,0.013227100,0
'2026-08-22 08:31:06.972237900,0.013237900,1
'2026-08-22 08:31:06.972252500,0.013252500,0
'2026-08-22 08:31:06.972252700,0.013252700,1
'2026-08-22 08:31:06.972252800,0.013252800,0
'2026-08-22 08:31:06.972259500,0.013259500,1
'2026-08-22 08:31:06.972259600,0.013259600,0
'2026-08-22 08:31:06.972264000,0.013264000,1
'2026-08-22 08:31:06.972279200,0.013279200,0
'2026-08-22 08:31:06.972279600,0.013279600,1
'2026-08-22 08:31:06.972279700,0.013279700,0
'2026-08-22 08:31:06.972281300,0.013281300,1
'2026-08-22 08:31:06.972281400,0.013281400,0
'2026-08-22 08:31:06.972290000,0.013290000,1
'2026-08-22 08:31:06.972304800,0.013304800,0
'2026-08-22 08:31:06.972316100,0.013316100,1
'2026-08-22 08:31:06.972331300,0.013331300,0
'2026-08-22 08:31:06.972331500,0.013331500,1
'2026-08-22 08:31:06.972331600,0.013331600,0
'2026-08-22 08:31:06.972332100,0.013332100,1
'2026-08-22 08:31:06.972332200,0.013332200,0
'2026-08-22 08:31:06.972339700,0.013339700,1
'2026-08-22 08:31:06.972339800,0.013339800,0
'2026-08-22 08:31:06.972342200,0.013342200,1
'2026-08-22 08:31:06.972357000,0.013357000,0
'2026-08-22 08:31:06.972357200,0.013357200,1
'2026-08-22 08:31:06.972357300,0.013357300,0
'2026-08-22 08:31:06.972368300,0.013368300,1
'2026-08-22 08:31:06.972383200,0.013383200,0
'2026-08-22 08:31:06.972383400,0.013383400,1
'2026-08-22 08:31:06.972383600,0.013383600,0
'2026-08-22 08:31:06.972394400,0.013394400,1
'2026-08-22 08:31:06.972409400,0.013409400,0
'2026-08-22 08:31:06.972409700,0.013409700,1
'2026-08-22 08:31:06.972409800,0.013409800,0
'2026-08-22 08:31:06.972413500,0.013413500,1
'2026-08-22 08:31:06.972413600,0.013413600,0
'2026-08-22 08:31:06.972419400,0.013419400,1
'2026-08-22 08:31:06.972419500,0.013419500,0
'2026-08-22 08:31:06.972420500,0.013420500,1
'2026-08-22 08:31:06.972435300,0.013435300,0
'2026-08-22 08:31:06.972435400,0.013435400,1
'2026-08-22 08:31:06.972435500,0.013435500,0
'2026-08-22 08:31:06.972439500,0.013439500,1
'2026-08-22 08:31:06.972439600,0.013439600,0
'2026-08-22 08:31:06.972446600,0.013446600,1
'2026-08-22 08:31:06.972461400,0.013461400,0
'2026-08-22 08:31:06.972461500,0.013461500,1
'2026-08-22 08:31:06.972461800,0.013461800,0
'2026-08-22 08:31:06.972472700,0.013472700,1
'2026-08-22 08:31:06.973696200,0.014696200,0
'2026-08-22 08:31:06.973696400,0.014696400,1
'2026-08-22 08:31:06.973696500,0.014696500,0
'2026-08-22 08:31:06.973698600,0.014698600,1
'2026-08-22 08:31:06.973713100,0.014713100,0
'2026-08-22 08:31:06.973724700,0.014724700,1
'2026-08-22 08:31:06.973739400,0.014739400,0
'2026-08-22 08:31:06.973750800,0.014750800,1
'2026-08-22 08:31:06.973765700,0.014765700,0
'2026-08-22 08:31:06.973776800,0.014776800,1
'2026-08-22 08:31:06.973791400,0.014791400,0
'2026-08-22 08:31:06.973802900,0.014802900,1
'2026-08-22 08:31:06.973818000,0.014818000,0
'2026-08-22 08:31:06.973818700,0.014818700,1
'2026-08-22 08:31:06.973818800,0.014818800,0
'2026-08-22 08:31:06.973829000,0.014829000,1
'2026-08-22 08:31:06.973843600,0.014843600,0
'2026-08-22 08:31:06.973855100,0.014855100,1
'2026-08-22 08:31:06.973870200,0.014870200,0
'2026-08-22 08:31:06.973881200,0.014881200,1
'2026-08-22 08:31:06.973896000,0.014896000,0
'2026-08-22 08:31:06.973896100,0.014896100,1
'2026-08-22 08:31:06.973896200,0.014896200,0
'2026-08-22 08:31:06.973896300,0.014896300,1
'2026-08-22 08:31:06.973896400,0.014896400,0
'2026-08-22 08:31:06.973899200,0.014899200,1
'2026-08-22 08:31:06.973899300,0.014899300,0
'2026-08-22 08:31:06.973907300,0.014907300,1
'2026-08-22 08:31:06.973922100,0.014922100,0
'2026-08-22 08:31:06.973933400,0.014933400,1
'2026-08-22 08:31:06.973948400,0.014948400,0
'2026-08-22 08:31:06.973959500,0.014959500,1
'2026-08-22 08:31:06.973974200,0.014974200,0
'2026-08-22 08:31:06.973985600,0.014985600,1
'2026-08-22 08:31:06.974000500,0.015000500,0
'2026-08-22 08:31:06.974011700,0.015011700,1
'2026-08-22 08:31:06.974026400,0.015026400,0
'2026-08-22 08:31:06.974026500,0.015026500,1
'2026-08-22 08:31:06.974026600,0.015026600,0
'2026-08-22 08:31:06.974037800,0.015037800,1
'2026-08-22 08:31:06.974052500,0.015052500,0
'2026-08-22 08:31:06.974052800,0.015052800,1
'2026-08-22 08:31:06.974052900,0.015052900,0
'2026-08-22 08:31:06.974058500,0.015058500,1
'2026-08-22 08:31:06.974058600,0.015058600,0
'2026-08-22 08:31:06.974063900,0.015063900,1
'2026-08-22 08:31:06.974078900,0.015078900,0
'2026-08-22 08:31:06.974079100,0.015079100,1
'2026-08-22 08:31:06.974079200,0.015079200,0
'2026-08-22 08:31:06.974090000,0.015090000,1
'2026-08-22 08:31:06.974104600,0.015104600,0
'2026-08-22 08:31:06.974105300,0.015105300,1
'2026-08-22 08:31:06.975311100,0.016311100,0
'2026-08-22 08:31:06.975315900,0.016315900,1
'2026-08-22 08:31:06.975330500,0.016330500,0
'2026-08-22 08:31:06.975342000,0.016342000,1
'2026-08-22 08:31:06.975356700,0.016356700,0
'2026-08-22 08:31:06.975368100,0.016368100,1
'2026-08-22 08:31:06.975382600,0.016382600,0
'2026-08-22 08:31:06.975394100,0.016394100,1
'2026-08-22 08:31:06.975408800,0.016408800,0
'2026-08-22 08:31:06.975420200,0.016420200,1
'2026-08-22 08:31:06.975435000,0.016435000,0
'2026-08-22 08:31:06.975446300,0.016446300,1
'2026-08-22 08:31:06.975461000,0.016461000,0
'2026-08-22 08:31:06.975465300,0.016465300,1
'2026-08-22 08:31:06.975465400,0.016465400,0
'2026-08-22 08:31:06.975472400,0.016472400,1
'2026-08-22 08:31:06.975487200,0.016487200,0
'2026-08-22 08:31:06.975498500,0.016498500,1
'2026-08-22 08:31:06.975513300,0.016513300,0
'2026-08-22 08:31:06.975524600,0.016524600,1
'2026-08-22 08:31:06.975539600,0.016539600,0
'2026-08-22 08:31:06.975550700,0.016550700,1
'2026-08-22 08:31:06.975565400,0.016565400,0
'2026-08-22 08:31:06.975565700,0.016565700,1
'2026-08-22 08:31:06.975565900,0.016565900,0
'2026-08-22 08:31:06.975576800,0.016576800,1
'2026-08-22 08:31:06.975591600,0.016591600,0
'2026-08-22 08:31:06.975602900,0.016602900,1
'2026-08-22 08:31:06.975617800,0.016617800,0
'2026-08-22 08:31:06.975629000,0.016629000,1
'2026-08-22 08:31:06.975643700,0.016643700,0
'2026-08-22 08:31:06.975643800,0.016643800,1
'2026-08-22 08:31:06.975643900,0.016643900,0
'2026-08-22 08:31:06.975645100,0.016645100,1
'2026-08-22 08:31:06.975645200,0.016645200,0
'2026-08-22 08:31:06.975655100,0.016655100,1
'2026-08-22 08:31:06.975669800,0.016669800,0
'2026-08-22 08:31:06.975681200,0.016681200,1
'2026-08-22 08:31:06.975696100,0.016696100,0
'2026-08-22 08:31:06.975707300,0.016707300,1
'2026-08-22 08:31:06.976139300,0.017139300,0
'2026-08-22 08:31:06.976139500,0.017139500,1
'2026-08-22 08:31:06.976139600,0.017139600,0
'2026-08-22 08:31:06.976150600,0.017150600,1
'2026-08-22 08:31:06.976165500,0.017165500,0
'2026-08-22 08:31:06.976176700,0.017176700,1
'2026-08-22 08:31:06.976191500,0.017191500,0
'2026-08-22 08:31:06.976202800,0.017202800,1
'2026-08-22 08:31:06.976217600,0.017217600,0
'2026-08-22 08:31:06.976228900,0.017228900,1
'2026-08-22 08:31:06.976243800,0.017243800,0
'2026-08-22 08:31:06.976255000,0.017255000,1
'2026-08-22 08:31:06.976269700,0.017269700,0
'2026-08-22 08:31:06.976269900,0.017269900,1
'2026-08-22 08:31:06.976270000,0.017270000,0
'2026-08-22 08:31:06.976281100,0.017281100,1
'2026-08-22 08:31:06.976296000,0.017296000,0
'2026-08-22 08:31:06.976307200,0.017307200,1
'2026-08-22 08:31:06.976322000,0.017322000,0
'2026-08-22 08:31:06.976333300,0.017333300,1
'2026-08-22 08:31:06.976348000,0.017348000,0
'2026-08-22 08:31:06.976348200,0.017348200,1
'2026-08-22 08:31:06.976348300,0.017348300,0
'2026-08-22 08:31:06.976359400,0.017359400,1
'2026-08-22 08:31:06.976374200,0.017374200,0
'2026-08-22 08:31:06.976385500,0.017385500,1
'2026-08-22 08:31:06.976400300,0.017400300,0
'2026-08-22 08:31:06.976411600,0.017411600,1
'2026-08-22 08:31:06.976426000,0.017426000,0
'2026-08-22 08:31:06.976426400,0.017426400,1
'2026-08-22 08:31:06.976427400,0.017427400,0
'2026-08-22 08:31:06.976428700,0.017428700,1
'2026-08-22 08:31:06.976429400,0.017429400,0
'2026-08-22 08:31:06.976430600,0.017430600,1
'2026-08-22 08:31:06.976430700,0.017430700,0
'2026-08-22 08:31:06.976430900,0.017430900,1
'2026-08-22 08:31:06.976431000,0.017431000,0
'2026-08-22 08:31:06.976432900,0.017432900,1
'2026-08-22 08:31:06.976433000,0.017433000,0
'2026-08-22 08:31:06.976437700,0.017437700,1
'2026-08-22 08:31:06.976452500,0.017452500,0
'2026-08-22 08:31:06.976453600,0.017453600,1
'2026-08-22 08:31:06.976453700,0.017453700,0
'2026-08-22 08:31:06.976463800,0.017463800,1
'2026-08-22 08:31:06.976478600,0.017478600,0
'2026-08-22 08:31:06.976483100,0.017483100,1
'2026-08-22 08:31:06.976483200,0.017483200,0
'2026-08-22 08:31:06.976485200,0.017485200,1
'2026-08-22 08:31:06.976485300,0.017485300,0
'2026-08-22 08:31:06.976489800,0.017489800,1
'2026-08-22 08:31:06.976504900,0.017504900,0
'2026-08-22 08:31:06.976505100,0.017505100,1
'2026-08-22 08:31:06.976505200,0.017505200,0
'2026-08-22 08:31:06.976505300,0.017505300,1
'2026-08-22 08:31:06.976505400,0.017505400,0
'2026-08-22 08:31:06.976508800,0.017508800,1
'2026-08-22 08:31:06.976508900,0.017508900,0
'2026-08-22 08:31:06.976515900,0.017515900,1
'2026-08-22 08:31:06.976530800,0.017530800,0
'2026-08-22 08:31:06.976531000,0.017531000,1
'2026-08-22 08:31:06.976531100,0.017531100,0
'2026-08-22 08:31:06.976542000,0.017542000,1
'2026-08-22 08:31:06.976958400,0.017958400,0
'2026-08-22 08:31:06.976958500,0.017958500,1
'2026-08-22 08:31:06.976958600,0.017958600,0
'2026-08-22 08:31:06.976959300,0.017959300,1
'2026-08-22 08:31:06.976974200,0.017974200,0
'2026-08-22 08:31:06.976985400,0.017985400,1
'2026-08-22 08:31:06.977000100,0.018000100,0
'2026-08-22 08:31:06.977011500,0.018011500,1
'2026-08-22 08:31:06.977026300,0.018026300,0
'2026-08-22 08:31:06.977026400,0.018026400,1
'2026-08-22 08:31:06.977026500,0.018026500,0
'2026-08-22 08:31:06.977037600,0.018037600,1
'2026-08-22 08:31:06.977052600,0.018052600,0
'2026-08-22 08:31:06.977063700,0.018063700,1
'2026-08-22 08:31:06.977078400,0.018078400,0
'2026-08-22 08:31:06.977089800,0.018089800,1
'2026-08-22 08:31:06.977104800,0.018104800,0
'2026-08-22 08:31:06.977104900,0.018104900,1
'2026-08-22 08:31:06.977105000,0.018105000,0
'2026-08-22 08:31:06.977105100,0.018105100,1
'2026-08-22 08:31:06.977105200,0.018105200,0
'2026-08-22 08:31:06.977115900,0.018115900,1
'2026-08-22 08:31:06.977130600,0.018130600,0
'2026-08-22 08:31:06.977134300,0.018134300,1
'2026-08-22 08:31:06.977134400,0.018134400,0
'2026-08-22 08:31:06.977142000,0.018142000,1
'2026-08-22 08:31:06.977156900,0.018156900,0
'2026-08-22 08:31:06.977157100,0.018157100,1
'2026-08-22 08:31:06.977157200,0.018157200,0
'2026-08-22 08:31:06.977166200,0.018166200,1
'2026-08-22 08:31:06.977166300,0.018166300,0
'2026-08-22 08:31:06.977168100,0.018168100,1
'2026-08-22 08:31:06.977183000,0.018183000,0
'2026-08-22 08:31:06.977194200,0.018194200,1
'2026-08-22 08:31:06.977209000,0.018209000,0
'2026-08-22 08:31:06.977209100,0.018209100,1
'2026-08-22 08:31:06.977209200,0.018209200,0
'2026-08-22 08:31:06.977220300,0.018220300,1
'2026-08-22 08:31:06.977235400,0.018235400,0
'2026-08-22 08:31:06.977246400,0.018246400,1
'2026-08-22 08:31:06.977261200,0.018261200,0
'2026-08-22 08:31:06.977264000,0.018264000,1
'2026-08-22 08:31:06.977264100,0.018264100,0
'2026-08-22 08:31:06.977272500,0.018272500,1
'2026-08-22 08:31:06.977287600,0.018287600,0
'2026-08-22 08:31:06.977298600,0.018298600,1
'2026-08-22 08:31:06.977313400,0.018313400,0
'2026-08-22 08:31:06.977313500,0.018313500,1
'2026-08-22 08:31:06.977313800,0.018313800,0
'2026-08-22 08:31:06.977324700,0.018324700,1
'2026-08-22 08:31:06.977339500,0.018339500,0
'2026-08-22 08:31:06.977348100,0.018348100,1
'2026-08-22 08:31:06.977348200,0.018348200,0
'2026-08-22 08:31:06.977350700,0.018350700,1
'2026-08-22 08:31:06.977365800,0.018365800,0
'2026-08-22 08:31:06.977365900,0.018365900,1
'2026-08-22 08:31:06.977366000,0.018366000,0
'2026-08-22 08:31:06.977367600,0.018367600,1
'2026-08-22 08:31:06.977782700,0.018782700,0
'2026-08-22 08:31:06.977794200,0.018794200,1
'2026-08-22 08:31:06.977809200,0.018809200,0
'2026-08-22 08:31:06.977810600,0.018810600,1
'2026-08-22 08:31:06.977810700,0.018810700,0
'2026-08-22 08:31:06.977820300,0.018820300,1
'2026-08-22 08:31:06.977834900,0.018834900,0
'2026-08-22 08:31:06.977846300,0.018846300,1
'2026-08-22 08:31:06.977861200,0.018861200,0
'2026-08-22 08:31:06.977861300,0.018861300,1
'2026-08-22 08:31:06.977861500,0.018861500,0
'2026-08-22 08:31:06.977872400,0.018872400,1
'2026-08-22 08:31:06.977887000,0.018887000,0
'2026-08-22 08:31:06.977887100,0.018887100,1
'2026-08-22 08:31:06.977887200,0.018887200,0
'2026-08-22 08:31:06.977887500,0.018887500,1
'2026-08-22 08:31:06.977887600,0.018887600,0
'2026-08-22 08:31:06.977898500,0.018898500,1
'2026-08-22 08:31:06.977913200,0.018913200,0
'2026-08-22 08:31:06.977913400,0.018913400,1
'2026-08-22 08:31:06.977913500,0.018913500,0
'2026-08-22 08:31:06.977924600,0.018924600,1
'2026-08-22 08:31:06.977939700,0.018939700,0
'2026-08-22 08:31:06.977950700,0.018950700,1
'2026-08-22 08:31:06.977965400,0.018965400,0
'2026-08-22 08:31:06.977966200,0.018966200,1
'2026-08-22 08:31:06.977966300,0.018966300,0
'2026-08-22 08:31:06.977976800,0.018976800,1
'2026-08-22 08:31:06.977991900,0.018991900,0
'2026-08-22 08:31:06.977992000,0.018992000,1
'2026-08-22 08:31:06.977992100,0.018992100,0
'2026-08-22 08:31:06.977992200,0.018992200,1
'2026-08-22 08:31:06.977992300,0.018992300,0
'2026-08-22 08:31:06.978002900,0.019002900,1
'2026-08-22 08:31:06.978017600,0.019017600,0
'2026-08-22 08:31:06.978029000,0.019029000,1
'2026-08-22 08:31:06.978043900,0.019043900,0
'2026-08-22 08:31:06.978044100,0.019044100,1
'2026-08-22 08:31:06.978044200,0.019044200,0
'2026-08-22 08:31:06.978055100,0.019055100,1
'2026-08-22 08:31:06.978070000,0.019070000,0
'2026-08-22 08:31:06.978070200,0.019070200,1
'2026-08-22 08:31:06.978070300,0.019070300,0
'2026-08-22 08:31:06.978071000,0.019071000,1
'2026-08-22 08:31:06.978071100,0.019071100,0
'2026-08-22 08:31:06.978072100,0.019072100,1
'2026-08-22 08:31:06.978072200,0.019072200,0
'2026-08-22 08:31:06.978081200,0.019081200,1
'2026-08-22 08:31:06.978096000,0.019096000,0
'2026-08-22 08:31:06.978102500,0.019102500,1
'2026-08-22 08:31:06.978102600,0.019102600,0
'2026-08-22 08:31:06.978107300,0.019107300,1
'2026-08-22 08:31:06.978122000,0.019122000,0
'2026-08-22 08:31:06.978122300,0.019122300,1
'2026-08-22 08:31:06.978122500,0.019122500,0
'2026-08-22 08:31:06.978123000,0.019123000,1
'2026-08-22 08:31:06.978123100,0.019123100,0
'2026-08-22 08:31:06.978124000,0.019124000,1
'2026-08-22 08:31:06.978124100,0.019124100,0
'2026-08-22 08:31:06.978133400,0.019133400,1
'2026-08-22 08:31:06.978148200,0.019148200,0
'2026-08-22 08:31:06.978148600,0.019148600,1
'2026-08-22 08:31:06.978148800,0.019148800,0
'2026-08-22 08:31:06.978149200,0.019149200,1
'2026-08-22 08:31:06.978149300,0.019149300,0
'2026-08-22 08:31:06.978158800,0.019158800,1
'2026-08-22 08:31:06.978158900,0.019158900,0
'2026-08-22 08:31:06.978159500,0.019159500,1
'2026-08-22 08:31:06.978174200,0.019174200,0
'2026-08-22 08:31:06.978174300,0.019174300,1
'2026-08-22 08:31:06.978174500,0.019174500,0
'2026-08-22 08:31:06.978177900,0.019177900,1
'2026-08-22 08:31:06.978178000,0.019178000,0
'2026-08-22 08:31:06.978185500,0.019185500,1
'2026-08-22 08:31:06.979400100,0.020400100,0
'2026-08-22 08:31:06.979411400,0.020411400,1
'2026-08-22 08:31:06.979426200,0.020426200,0
'2026-08-22 08:31:06.979437500,0.020437500,1
'2026-08-22 08:31:06.979452200,0.020452200,0
'2026-08-22 08:31:06.979452300,0.020452300,1
'2026-08-22 08:31:06.979452400,0.020452400,0
'2026-08-22 08:31:06.979463600,0.020463600,1
'2026-08-22 08:31:06.979478400,0.020478400,0
'2026-08-22 08:31:06.979478500,0.020478500,1
'2026-08-22 08:31:06.979478600,0.020478600,0
'2026-08-22 08:31:06.979479700,0.020479700,1
'2026-08-22 08:31:06.979479800,0.020479800,0
'2026-08-22 08:31:06.979484600,0.020484600,1
'2026-08-22 08:31:06.979484700,0.020484700,0
'2026-08-22 08:31:06.979489700,0.020489700,1
'2026-08-22 08:31:06.979504400,0.020504400,0
'2026-08-22 08:31:06.979515800,0.020515800,1
'2026-08-22 08:31:06.979530600,0.020530600,0
'2026-08-22 08:31:06.979531100,0.020531100,1
'2026-08-22 08:31:06.979531200,0.020531200,0
'2026-08-22 08:31:06.979541900,0.020541900,1
'2026-08-22 08:31:06.979556900,0.020556900,0
'2026-08-22 08:31:06.979558800,0.020558800,1
'2026-08-22 08:31:06.979558900,0.020558900,0
'2026-08-22 08:31:06.979559200,0.020559200,1
'2026-08-22 08:31:06.979559300,0.020559300,0
'2026-08-22 08:31:06.979568000,0.020568000,1
'2026-08-22 08:31:06.979582600,0.020582600,0
'2026-08-22 08:31:06.979594100,0.020594100,1
'2026-08-22 08:31:06.979608900,0.020608900,0
'2026-08-22 08:31:06.979609000,0.020609000,1
'2026-08-22 08:31:06.979609300,0.020609300,0
'2026-08-22 08:31:06.979609900,0.020609900,1
'2026-08-22 08:31:06.979610000,0.020610000,0
'2026-08-22 08:31:06.979620200,0.020620200,1
'2026-08-22 08:31:06.979634800,0.020634800,0
'2026-08-22 08:31:06.979640300,0.020640300,1
'2026-08-22 08:31:06.979640400,0.020640400,0
'2026-08-22 08:31:06.979646300,0.020646300,1
'2026-08-22 08:31:06.979661500,0.020661500,0
'2026-08-22 08:31:06.979661900,0.020661900,1
'2026-08-22 08:31:06.979662000,0.020662000,0
'2026-08-22 08:31:06.979672400,0.020672400,1
'2026-08-22 08:31:06.979687200,0.020687200,0
'2026-08-22 08:31:06.979698500,0.020698500,1
'2026-08-22 08:31:06.979713400,0.020713400,0
'2026-08-22 08:31:06.979724600,0.020724600,1
'2026-08-22 08:31:06.979739300,0.020739300,0
'2026-08-22 08:31:06.979743100,0.020743100,1
'2026-08-22 08:31:06.979743200,0.020743200,0
'2026-08-22 08:31:06.979750600,0.020750600,1
'2026-08-22 08:31:06.979765400,0.020765400,0
'2026-08-22 08:31:06.979776700,0.020776700,1
'2026-08-22 08:31:06.979791700,0.020791700,0
'2026-08-22 08:31:06.979792100,0.020792100,1
'2026-08-22 08:31:06.979792200,0.020792200,0
'2026-08-22 08:31:06.979802800,0.020802800,1
'2026-08-22 08:31:06.981018800,0.022018800,0
'2026-08-22 08:31:06.981019600,0.022019600,1
'2026-08-22 08:31:06.981019700,0.022019700,0
'2026-08-22 08:31:06.981028800,0.022028800,1
'2026-08-22 08:31:06.981043400,0.022043400,0
'2026-08-22 08:31:06.981043500,0.022043500,1
'2026-08-22 08:31:06.981043600,0.022043600,0
'2026-08-22 08:31:06.981054900,0.022054900,1
'2026-08-22 08:31:06.981069600,0.022069600,0
'2026-08-22 08:31:06.981081000,0.022081000,1
'2026-08-22 08:31:06.981095600,0.022095600,0
'2026-08-22 08:31:06.981107100,0.022107100,1
'2026-08-22 08:31:06.981121800,0.022121800,0
'2026-08-22 08:31:06.981129800,0.022129800,1
'2026-08-22 08:31:06.981129900,0.022129900,0
'2026-08-22 08:31:06.981133100,0.022133100,1
'2026-08-22 08:31:06.981148000,0.022148000,0
'2026-08-22 08:31:06.981148100,0.022148100,1
'2026-08-22 08:31:06.981148200,0.022148200,0
'2026-08-22 08:31:06.981159200,0.022159200,1
'2026-08-22 08:31:06.981174100,0.022174100,0
'2026-08-22 08:31:06.981180500,0.022180500,1
'2026-08-22 08:31:06.981180600,0.022180600,0
'2026-08-22 08:31:06.981185300,0.022185300,1
'2026-08-22 08:31:06.981200200,0.022200200,0
'2026-08-22 08:31:06.981208800,0.022208800,1
'2026-08-22 08:31:06.981208900,0.022208900,0
'2026-08-22 08:31:06.981211400,0.022211400,1
'2026-08-22 08:31:06.981226100,0.022226100,0
'2026-08-22 08:31:06.981226200,0.022226200,1
'2026-08-22 08:31:06.981226300,0.022226300,0
'2026-08-22 08:31:06.981226400,0.022226400,1
'2026-08-22 08:31:06.981226500,0.022226500,0
'2026-08-22 08:31:06.981230700,0.022230700,1
'2026-08-22 08:31:06.981230800,0.022230800,0
'2026-08-22 08:31:06.981237500,0.022237500,1
'2026-08-22 08:31:06.981252300,0.022252300,0
'2026-08-22 08:31:06.981263600,0.022263600,1
'2026-08-22 08:31:06.981278400,0.022278400,0
'2026-08-22 08:31:06.981278900,0.022278900,1
'2026-08-22 08:31:06.981279000,0.022279000,0
'2026-08-22 08:31:06.981287100,0.022287100,1
'2026-08-22 08:31:06.981287200,0.022287200,0
'2026-08-22 08:31:06.981289700,0.022289700,1
'2026-08-22 08:31:06.981304400,0.022304400,0
'2026-08-22 08:31:06.981315800,0.022315800,1
'2026-08-22 08:31:06.981330600,0.022330600,0
'2026-08-22 08:31:06.981330900,0.022330900,1
'2026-08-22 08:31:06.981331000,0.022331000,0
'2026-08-22 08:31:06.981341900,0.022341900,1
'2026-08-22 08:31:06.981356700,0.022356700,0
'2026-08-22 08:31:06.981358800,0.022358800,1
'2026-08-22 08:31:06.981358900,0.022358900,0
'2026-08-22 08:31:06.981368000,0.022368000,1
'2026-08-22 08:31:06.981382800,0.022382800,0
'2026-08-22 08:31:06.981382900,0.022382900,1
'2026-08-22 08:31:06.981383000,0.022383000,0
'2026-08-22 08:31:06.981394100,0.022394100,1
'2026-08-22 08:31:06.981408700,0.022408700,0
'2026-08-22 08:31:06.981408800,0.022408800,1
'2026-08-22 08:31:06.981408900,0.022408900,0
'2026-08-22 08:31:06.981409200,0.022409200,1
'2026-08-22 08:31:06.981409300,0.022409300,0
'2026-08-22 08:31:06.981409800,0.022409800,1
'2026-08-22 08:31:06.981409900,0.022409900,0
'2026-08-22 08:31:06.981410900,0.022410900,1
'2026-08-22 08:31:06.981411000,0.022411000,0
'2026-08-22 08:31:06.981412700,0.022412700,1
'2026-08-22 08:31:06.981412800,0.022412800,0
'2026-08-22 08:31:06.981420200,0.022420200,1
'2026-08-22 08:31:06.981852200,0.022852200,0
'2026-08-22 08:31:06.981863600,0.022863600,1
'2026-08-22 08:31:06.981878200,0.022878200,0
'2026-08-22 08:31:06.981878300,0.022878300,1
'2026-08-22 08:31:06.981878400,0.022878400,0
'2026-08-22 08:31:06.981889700,0.022889700,1
'2026-08-22 08:31:06.981904500,0.022904500,0
'2026-08-22 08:31:06.981915700,0.022915700,1
'2026-08-22 08:31:06.981930700,0.022930700,0
'2026-08-22 08:31:06.981941800,0.022941800,1
'2026-08-22 08:31:06.981956500,0.022956500,0
'2026-08-22 08:31:06.981967900,0.022967900,1
'2026-08-22 08:31:06.981982600,0.022982600,0
'2026-08-22 08:31:06.981982700,0.022982700,1
'2026-08-22 08:31:06.981982800,0.022982800,0
'2026-08-22 08:31:06.981983200,0.022983200,1
'2026-08-22 08:31:06.981983300,0.022983300,0
'2026-08-22 08:31:06.981994000,0.022994000,1
'2026-08-22 08:31:06.982008700,0.023008700,0
'2026-08-22 08:31:06.982008900,0.023008900,1
'2026-08-22 08:31:06.982009000,0.023009000,0
'2026-08-22 08:31:06.982017700,0.023017700,1
'2026-08-22 08:31:06.982017800,0.023017800,0
'2026-08-22 08:31:06.982020100,0.023020100,1
'2026-08-22 08:31:06.982035100,0.023035100,0
'2026-08-22 08:31:06.982041600,0.023041600,1
'2026-08-22 08:31:06.982041700,0.023041700,0
'2026-08-22 08:31:06.982046200,0.023046200,1
'2026-08-22 08:31:06.982061000,0.023061000,0
'2026-08-22 08:31:06.982061400,0.023061400,1
'2026-08-22 08:31:06.982061600,0.023061600,0
'2026-08-22 08:31:06.982072300,0.023072300,1
'2026-08-22 08:31:06.982087000,0.023087000,0
'2026-08-22 08:31:06.982087100,0.023087100,1
'2026-08-22 08:31:06.982087200,0.023087200,0
'2026-08-22 08:31:06.982098400,0.023098400,1
'2026-08-22 08:31:06.982113100,0.023113100,0
'2026-08-22 08:31:06.982122300,0.023122300,1
'2026-08-22 08:31:06.982122400,0.023122400,0
'2026-08-22 08:31:06.982124500,0.023124500,1
'2026-08-22 08:31:06.982139300,0.023139300,0
'2026-08-22 08:31:06.982150600,0.023150600,1
'2026-08-22 08:31:06.982165400,0.023165400,0
'2026-08-22 08:31:06.982165500,0.023165500,1
'2026-08-22 08:31:06.982165600,0.023165600,0
'2026-08-22 08:31:06.982176700,0.023176700,1
'2026-08-22 08:31:06.982191800,0.023191800,0
'2026-08-22 08:31:06.982202700,0.023202700,1
'2026-08-22 08:31:06.982217400,0.023217400,0
'2026-08-22 08:31:06.982217700,0.023217700,1
'2026-08-22 08:31:06.982217800,0.023217800,0
'2026-08-22 08:31:06.982228800,0.023228800,1
'2026-08-22 08:31:06.982243700,0.023243700,0
'2026-08-22 08:31:06.982244200,0.023244200,1
'2026-08-22 08:31:06.982666400,0.023666400,0
'2026-08-22 08:31:06.982672200,0.023672200,1
'2026-08-22 08:31:06.982687000,0.023687000,0
'2026-08-22 08:31:06.982698300,0.023698300,1
'2026-08-22 08:31:06.982713100,0.023713100,0
'2026-08-22 08:31:06.982714100,0.023714100,1
'2026-08-22 08:31:06.982714200,0.023714200,0
'2026-08-22 08:31:06.982724400,0.023724400,1
'2026-08-22 08:31:06.982739300,0.023739300,0
'2026-08-22 08:31:06.982750500,0.023750500,1
'2026-08-22 08:31:06.982765400,0.023765400,0
'2026-08-22 08:31:06.982765500,0.023765500,1
'2026-08-22 08:31:06.982765600,0.023765600,0
'2026-08-22 08:31:06.982776600,0.023776600,1
'2026-08-22 08:31:06.982791300,0.023791300,0
'2026-08-22 08:31:06.982802700,0.023802700,1
'2026-08-22 08:31:06.982817500,0.023817500,0
'2026-08-22 08:31:06.982828800,0.023828800,1
'2026-08-22 08:31:06.982843400,0.023843400,0
'2026-08-22 08:31:06.982854900,0.023854900,1
'2026-08-22 08:31:06.982869800,0.023869800,0
'2026-08-22 08:31:06.982869900,0.023869900,1
'2026-08-22 08:31:06.982870000,0.023870000,0
'2026-08-22 08:31:06.982881000,0.023881000,1
'2026-08-22 08:31:06.982895700,0.023895700,0
'2026-08-22 08:31:06.982895900,0.023895900,1
'2026-08-22 08:31:06.982896000,0.023896000,0
'2026-08-22 08:31:06.982907100,0.023907100,1
'2026-08-22 08:31:06.982921800,0.023921800,0
'2026-08-22 08:31:06.982933200,0.023933200,1
'2026-08-22 08:31:06.982947800,0.023947800,0
'2026-08-22 08:31:06.982948700,0.023948700,1
'2026-08-22 08:31:06.982948800,0.023948800,0
'2026-08-22 08:31:06.982959200,0.023959200,1
'2026-08-22 08:31:06.982974000,0.023974000,0
'2026-08-22 08:31:06.982985300,0.023985300,1
'2026-08-22 08:31:06.983000200,0.024000200,0
'2026-08-22 08:31:06.983008800,0.024008800,1
'2026-08-22 08:31:06.983008900,0.024008900,0
'2026-08-22 08:31:06.983011400,0.024011400,1
'2026-08-22 08:31:06.983026200,0.024026200,0
'2026-08-22 08:31:06.983026300,0.024026300,1
'2026-08-22 08:31:06.983026500,0.024026500,0
'2026-08-22 08:31:06.983037500,0.024037500,1
'2026-08-22 08:31:06.983052300,0.024052300,0
'2026-08-22 08:31:06.983063600,0.024063600,1
'2026-08-22 08:31:06.983495500,0.024495500,0
'2026-08-22 08:31:06.983507000,0.024507000,1
'2026-08-22 08:31:06.983521800,0.024521800,0
'2026-08-22 08:31:06.983521900,0.024521900,1
'2026-08-22 08:31:06.983522000,0.024522000,0
'2026-08-22 08:31:06.983533100,0.024533100,1
'2026-08-22 08:31:06.983547800,0.024547800,0
'2026-08-22 08:31:06.983559200,0.024559200,1
'2026-08-22 08:31:06.983574000,0.024574000,0
'2026-08-22 08:31:06.983574500,0.024574500,1
'2026-08-22 08:31:06.983574600,0.024574600,0
'2026-08-22 08:31:06.983585300,0.024585300,1
'2026-08-22 08:31:06.983600000,0.024600000,0
'2026-08-22 08:31:06.983600100,0.024600100,1
'2026-08-22 08:31:06.983600300,0.024600300,0
'2026-08-22 08:31:06.983600800,0.024600800,1
'2026-08-22 08:31:06.983600900,0.024600900,0
'2026-08-22 08:31:06.983611400,0.024611400,1
'2026-08-22 08:31:06.983626000,0.024626000,0
'2026-08-22 08:31:06.983637500,0.024637500,1
'2026-08-22 08:31:06.983652200,0.024652200,0
'2026-08-22 08:31:06.983657000,0.024657000,1
'2026-08-22 08:31:06.983657100,0.024657100,0
'2026-08-22 08:31:06.983663600,0.024663600,1
'2026-08-22 08:31:06.983678500,0.024678500,0
'2026-08-22 08:31:06.983689700,0.024689700,1
'2026-08-22 08:31:06.983704400,0.024704400,0
'2026-08-22 08:31:06.983704600,0.024704600,1
'2026-08-22 08:31:06.983704800,0.024704800,0
'2026-08-22 08:31:06.983715800,0.024715800,1
'2026-08-22 08:31:06.983730500,0.024730500,0
'2026-08-22 08:31:06.983732100,0.024732100,1
'2026-08-22 08:31:06.983732200,0.024732200,0
'2026-08-22 08:31:06.983741600,0.024741600,1
'2026-08-22 08:31:06.983741700,0.024741700,0
'2026-08-22 08:31:06.983741900,0.024741900,1
'2026-08-22 08:31:06.983756500,0.024756500,0
'2026-08-22 08:31:06.983767900,0.024767900,1
'2026-08-22 08:31:06.983782600,0.024782600,0
'2026-08-22 08:31:06.983782800,0.024782800,1
'2026-08-22 08:31:06.983783000,0.024783000,0
'2026-08-22 08:31:06.983783700,0.024783700,1
'2026-08-22 08:31:06.983783800,0.024783800,0
'2026-08-22 08:31:06.983794000,0.024794000,1
'2026-08-22 08:31:06.983808700,0.024808700,0
'2026-08-22 08:31:06.983808800,0.024808800,1
'2026-08-22 08:31:06.983808900,0.024808900,0
'2026-08-22 08:31:06.983809100,0.024809100,1
'2026-08-22 08:31:06.983809200,0.024809200,0
'2026-08-22 08:31:06.983820100,0.024820100,1
'2026-08-22 08:31:06.983834900,0.024834900,0
'2026-08-22 08:31:06.983846200,0.024846200,1
'2026-08-22 08:31:06.983861200,0.024861200,0
'2026-08-22 08:31:06.983872300,0.024872300,1
'2026-08-22 08:31:06.983886900,0.024886900,0
'2026-08-22 08:31:06.983887000,0.024887000,1
'2026-08-22 08:31:06.983887100,0.024887100,0
'2026-08-22 08:31:06.983890800,0.024890800,1
'2026-08-22 08:31:06.983890900,0.024890900,0
'2026-08-22 08:31:06.983891500,0.024891500,1
'2026-08-22 08:31:06.984313700,0.025313700,0
'2026-08-22 08:31:06.984314100,0.025314100,1
'2026-08-22 08:31:06.984314200,0.025314200,0
'2026-08-22 08:31:06.984315700,0.025315700,1
'2026-08-22 08:31:06.984330200,0.025330200,0
'2026-08-22 08:31:06.984341800,0.025341800,1
'2026-08-22 08:31:06.984356600,0.025356600,0
'2026-08-22 08:31:06.984356700,0.025356700,1
'2026-08-22 08:31:06.984356800,0.025356800,0
'2026-08-22 08:31:06.984357900,0.025357900,1
'2026-08-22 08:31:06.984358000,0.025358000,0
'2026-08-22 08:31:06.984367900,0.025367900,1
'2026-08-22 08:31:06.984382600,0.025382600,0
'2026-08-22 08:31:06.984386500,0.025386500,1
'2026-08-22 08:31:06.984386600,0.025386600,0
'2026-08-22 08:31:06.984394000,0.025394000,1
'2026-08-22 08:31:06.984408900,0.025408900,0
'2026-08-22 08:31:06.984420100,0.025420100,1
'2026-08-22 08:31:06.984434800,0.025434800,0
'2026-08-22 08:31:06.984435100,0.025435100,1
'2026-08-22 08:31:06.984435200,0.025435200,0
'2026-08-22 08:31:06.984446200,0.025446200,1
'2026-08-22 08:31:06.984460800,0.025460800,0
'2026-08-22 08:31:06.984460900,0.025460900,1
'2026-08-22 08:31:06.984461000,0.025461000,0
'2026-08-22 08:31:06.984472300,0.025472300,1
'2026-08-22 08:31:06.984487100,0.025487100,0
'2026-08-22 08:31:06.984498300,0.025498300,1
'2026-08-22 08:31:06.984513000,0.025513000,0
'2026-08-22 08:31:06.984513300,0.025513300,1
'2026-08-22 08:31:06.984513400,0.025513400,0
'2026-08-22 08:31:06.984524400,0.025524400,1
'2026-08-22 08:31:06.984539200,0.025539200,0
'2026-08-22 08:31:06.984550500,0.025550500,1
'2026-08-22 08:31:06.984565500,0.025565500,0
'2026-08-22 08:31:06.984576600,0.025576600,1
'2026-08-22 08:31:06.984591300,0.025591300,0
'2026-08-22 08:31:06.984591500,0.025591500,1
'2026-08-22 08:31:06.984591600,0.025591600,0
'2026-08-22 08:31:06.984593500,0.025593500,1
'2026-08-22 08:31:06.984593600,0.025593600,0
'2026-08-22 08:31:06.984602700,0.025602700,1
'2026-08-22 08:31:06.984617500,0.025617500,0
'2026-08-22 08:31:06.984628800,0.025628800,1
'2026-08-22 08:31:06.984643600,0.025643600,0
'2026-08-22 08:31:06.984645800,0.025645800,1
'2026-08-22 08:31:06.984645900,0.025645900,0
'2026-08-22 08:31:06.984654900,0.025654900,1
'2026-08-22 08:31:06.984669800,0.025669800,0
'2026-08-22 08:31:06.984681000,0.025681000,1
'2026-08-22 08:31:06.984696100,0.025696100,0
'2026-08-22 08:31:06.984696600,0.025696600,1
'2026-08-22 08:31:06.984696700,0.025696700,0
'2026-08-22 08:31:06.984696900,0.025696900,1
'2026-08-22 08:31:06.984697000,0.025697000,0
'2026-08-22 08:31:06.984697700,0.025697700,1
'2026-08-22 08:31:06.984697800,0.025697800,0
'2026-08-22 08:31:06.984707100,0.025707100,1
'2026-08-22 08:31:06.985139200,0.026139200,0
'2026-08-22 08:31:06.985150500,0.026150500,1
'2026-08-22 08:31:06.985165200,0.026165200,0
'2026-08-22 08:31:06.985176600,0.026176600,1
'2026-08-22 08:31:06.985191400,0.026191400,0
'2026-08-22 08:31:06.985202700,0.026202700,1
'2026-08-22 08:31:06.985217600,0.026217600,0
'2026-08-22 08:31:06.985217900,0.026217900,1
'2026-08-22 08:31:06.985218000,0.026218000,0
'2026-08-22 08:31:06.985228800,0.026228800,1
'2026-08-22 08:31:06.985243400,0.026243400,0
'2026-08-22 08:31:06.985254900,0.026254900,1
'2026-08-22 08:31:06.985270000,0.026270000,0
'2026-08-22 08:31:06.985270200,0.026270200,1
'2026-08-22 08:31:06.985270300,0.026270300,0
'2026-08-22 08:31:06.985270400,0.026270400,1
'2026-08-22 08:31:06.985270500,0.026270500,0
'2026-08-22 08:31:06.985281000,0.026281000,1
'2026-08-22 08:31:06.985295700,0.026295700,0
'2026-08-22 08:31:06.985307100,0.026307100,1
'2026-08-22 08:31:06.985322000,0.026322000,0
'2026-08-22 08:31:06.985333200,0.026333200,1
'2026-08-22 08:31:06.985348000,0.026348000,0
'2026-08-22 08:31:06.985348300,0.026348300,1
'2026-08-22 08:31:06.985348400,0.026348400,0
'2026-08-22 08:31:06.985359300,0.026359300,1
'2026-08-22 08:31:06.985373900,0.026373900,0
'2026-08-22 08:31:06.985385400,0.026385400,1
'2026-08-22 08:31:06.985400200,0.026400200,0
'2026-08-22 08:31:06.985411400,0.026411400,1
'2026-08-22 08:31:06.985426400,0.026426400,0
'2026-08-22 08:31:06.985427300,0.026427300,1
'2026-08-22 08:31:06.985427400,0.026427400,0
'2026-08-22 08:31:06.985427500,0.026427500,1
'2026-08-22 08:31:06.985427600,0.026427600,0
'2026-08-22 08:31:06.985437500,0.026437500,1
'2026-08-22 08:31:06.985452300,0.026452300,0
'2026-08-22 08:31:06.985452500,0.026452500,1
'2026-08-22 08:31:06.985452600,0.026452600,0
'2026-08-22 08:31:06.985463600,0.026463600,1
'2026-08-22 08:31:06.985478900,0.026478900,0
'2026-08-22 08:31:06.985479400,0.026479400,1
'2026-08-22 08:31:06.985479500,0.026479500,0
'2026-08-22 08:31:06.985480000,0.026480000,1
'2026-08-22 08:31:06.985480200,0.026480200,0
'2026-08-22 08:31:06.985480400,0.026480400,1
'2026-08-22 08:31:06.985480500,0.026480500,0
'2026-08-22 08:31:06.985489700,0.026489700,1
'2026-08-22 08:31:06.985504400,0.026504400,0
'2026-08-22 08:31:06.985504500,0.026504500,1
'2026-08-22 08:31:06.985504600,0.026504600,0
'2026-08-22 08:31:06.985510300,0.026510300,1
'2026-08-22 08:31:06.985510400,0.026510400,0
'2026-08-22 08:31:06.985515800,0.026515800,1
'2026-08-22 08:31:06.985530900,0.026530900,0
'2026-08-22 08:31:06.985538900,0.026538900,1
'2026-08-22 08:31:06.985974000,0.026974000,0
'2026-08-22 08:31:06.985985300,0.026985300,1
'2026-08-22 08:31:06.986000200,0.027000200,0
'2026-08-22 08:31:06.986007300,0.027007300,1
'2026-08-22 08:31:06.986007400,0.027007400,0
'2026-08-22 08:31:06.986011400,0.027011400,1
'2026-08-22 08:31:06.986026100,0.027026100,0
'2026-08-22 08:31:06.986037500,0.027037500,1
'2026-08-22 08:31:06.986052300,0.027052300,0
'2026-08-22 08:31:06.986053800,0.027053800,1
'2026-08-22 08:31:06.986053900,0.027053900,0
'2026-08-22 08:31:06.986063600,0.027063600,1
'2026-08-22 08:31:06.986078400,0.027078400,0
'2026-08-22 08:31:06.986078800,0.027078800,1
'2026-08-22 08:31:06.986078900,0.027078900,0
'2026-08-22 08:31:06.986089700,0.027089700,1
'2026-08-22 08:31:06.986104400,0.027104400,0
'2026-08-22 08:31:06.986115700,0.027115700,1
'2026-08-22 08:31:06.986130600,0.027130600,0
'2026-08-22 08:31:06.986130700,0.027130700,1
'2026-08-22 08:31:06.986130800,0.027130800,0
'2026-08-22 08:31:06.986130900,0.027130900,1
'2026-08-22 08:31:06.986131000,0.027131000,0
'2026-08-22 08:31:06.986141900,0.027141900,1
'2026-08-22 08:31:06.986156700,0.027156700,0
'2026-08-22 08:31:06.986157100,0.027157100,1
'2026-08-22 08:31:06.986157200,0.027157200,0
'2026-08-22 08:31:06.986159100,0.027159100,1
'2026-08-22 08:31:06.986159200,0.027159200,0
'2026-08-22 08:31:06.986168000,0.027168000,1
'2026-08-22 08:31:06.986182900,0.027182900,0
'2026-08-22 08:31:06.986194100,0.027194100,1
'2026-08-22 08:31:06.986208900,0.027208900,0
'2026-08-22 08:31:06.986209100,0.027209100,1
'2026-08-22 08:31:06.986209200,0.027209200,0
'2026-08-22 08:31:06.986220200,0.027220200,1
'2026-08-22 08:31:06.986235000,0.027235000,0
'2026-08-22 08:31:06.986246300,0.027246300,1
'2026-08-22 08:31:06.986261200,0.027261200,0
'2026-08-22 08:31:06.986261600,0.027261600,1
'2026-08-22 08:31:06.986261700,0.027261700,0
'2026-08-22 08:31:06.986272400,0.027272400,1
'2026-08-22 08:31:06.986287400,0.027287400,0
'2026-08-22 08:31:06.986287500,0.027287500,1
'2026-08-22 08:31:06.986287600,0.027287600,0
'2026-08-22 08:31:06.986290600,0.027290600,1
'2026-08-22 08:31:06.986290700,0.027290700,0
'2026-08-22 08:31:06.986298500,0.027298500,1
'2026-08-22 08:31:06.986313300,0.027313300,0
'2026-08-22 08:31:06.986320600,0.027320600,1
'2026-08-22 08:31:06.986320700,0.027320700,0
'2026-08-22 08:31:06.986324600,0.027324600,1
'2026-08-22 08:31:06.986339500,0.027339500,0
'2026-08-22 08:31:06.986350600,0.027350600,1
'2026-08-22 08:31:06.986784500,0.027784500,0
'2026-08-22 08:31:06.986794000,0.027794000,1
'2026-08-22 08:31:06.986808800,0.027808800,0
'2026-08-22 08:31:06.986820100,0.027820100,1
'2026-08-22 08:31:06.986835100,0.027835100,0
'2026-08-22 08:31:06.986846200,0.027846200,1
'2026-08-22 08:31:06.986861400,0.027861400,0
'2026-08-22 08:31:06.986872300,0.027872300,1
'2026-08-22 08:31:06.986887000,0.027887000,0
'2026-08-22 08:31:06.986898400,0.027898400,1
'2026-08-22 08:31:06.986913000,0.027913000,0
'2026-08-22 08:31:06.986913100,0.027913100,1
'2026-08-22 08:31:06.986913300,0.027913300,0
'2026-08-22 08:31:06.986913700,0.027913700,1
'2026-08-22 08:31:06.986913800,0.027913800,0
'2026-08-22 08:31:06.986924500,0.027924500,1
'2026-08-22 08:31:06.986939200,0.027939200,0
'2026-08-22 08:31:06.986939300,0.027939300,1
'2026-08-22 08:31:06.986939500,0.027939500,0
'2026-08-22 08:31:06.986950600,0.027950600,1
'2026-08-22 08:31:06.986965400,0.027965400,0
'2026-08-22 08:31:06.986965500,0.027965500,1
'2026-08-22 08:31:06.986965600,0.027965600,0
'2026-08-22 08:31:06.986965700,0.027965700,1
'2026-08-22 08:31:06.986965800,0.027965800,0
'2026-08-22 08:31:06.986973300,0.027973300,1
'2026-08-22 08:31:06.986973400,0.027973400,0
'2026-08-22 08:31:06.986976700,0.027976700,1
'2026-08-22 08:31:06.986991500,0.027991500,0
'2026-08-22 08:31:06.986991700,0.027991700,1
'2026-08-22 08:31:06.986991800,0.027991800,0
'2026-08-22 08:31:06.986993700,0.027993700,1
'2026-08-22 08:31:06.986993800,0.027993800,0
'2026-08-22 08:31:06.987002800,0.028002800,1
'2026-08-22 08:31:06.987017500,0.028017500,0
'2026-08-22 08:31:06.987017600,0.028017600,1
'2026-08-22 08:31:06.987017800,0.028017800,0
'2026-08-22 08:31:06.987018200,0.028018200,1
'2026-08-22 08:31:06.987018400,0.028018400,0
'2026-08-22 08:31:06.987028900,0.028028900,1
'2026-08-22 08:31:06.987043600,0.028043600,0
'2026-08-22 08:31:06.987044400,0.028044400,1
'2026-08-22 08:31:06.987044500,0.028044500,0
'2026-08-22 08:31:06.987055000,0.028055000,1
'2026-08-22 08:31:06.987069800,0.028069800,0
'2026-08-22 08:31:06.987070200,0.028070200,1
'2026-08-22 08:31:06.987070300,0.028070300,0
'2026-08-22 08:31:06.987070800,0.028070800,1
'2026-08-22 08:31:06.987070900,0.028070900,0
'2026-08-22 08:31:06.987081100,0.028081100,1
'2026-08-22 08:31:06.987096000,0.028096000,0
'2026-08-22 08:31:06.987107200,0.028107200,1
'2026-08-22 08:31:06.987121900,0.028121900,0
'2026-08-22 08:31:06.987133200,0.028133200,1
'2026-08-22 08:31:06.987148200,0.028148200,0
'2026-08-22 08:31:06.987148400,0.028148400,1
'2026-08-22 08:31:06.987148500,0.028148500,0
'2026-08-22 08:31:06.987148900,0.028148900,1
'2026-08-22 08:31:06.987149000,0.028149000,0
'2026-08-22 08:31:06.987159300,0.028159300,1
'2026-08-22 08:31:06.987174200,0.028174200,0
'2026-08-22 08:31:06.987180500,0.028180500,1
'2026-08-22 08:31:06.987180600,0.028180600,0
'2026-08-22 08:31:06.987185400,0.028185400,1
'2026-08-22 08:31:06.987617400,0.028617400,0
'2026-08-22 08:31:06.987628900,0.028628900,1
'2026-08-22 08:31:06.987643800,0.028643800,0
'2026-08-22 08:31:06.987654700,0.028654700,1
'2026-08-22 08:31:06.987654800,0.028654800,0
'2026-08-22 08:31:06.987655000,0.028655000,1
'2026-08-22 08:31:06.987669600,0.028669600,0
'2026-08-22 08:31:06.987669700,0.028669700,1
'2026-08-22 08:31:06.987669800,0.028669800,0
'2026-08-22 08:31:06.987681100,0.028681100,1
'2026-08-22 08:31:06.987695800,0.028695800,0
'2026-08-22 08:31:06.987702600,0.028702600,1
'2026-08-22 08:31:06.987702700,0.028702700,0
'2026-08-22 08:31:06.987707100,0.028707100,1
'2026-08-22 08:31:06.987722000,0.028722000,0
'2026-08-22 08:31:06.987733200,0.028733200,1
'2026-08-22 08:31:06.987747900,0.028747900,0
'2026-08-22 08:31:06.987759300,0.028759300,1
'2026-08-22 08:31:06.987774000,0.028774000,0
'2026-08-22 08:31:06.987774100,0.028774100,1
'2026-08-22 08:31:06.987774300,0.028774300,0
'2026-08-22 08:31:06.987774400,0.028774400,1
'2026-08-22 08:31:06.987774500,0.028774500,0
'2026-08-22 08:31:06.987785400,0.028785400,1
'2026-08-22 08:31:06.987800300,0.028800300,0
'2026-08-22 08:31:06.987802500,0.028802500,1
'2026-08-22 08:31:06.987802600,0.028802600,0
'2026-08-22 08:31:06.987811500,0.028811500,1
'2026-08-22 08:31:06.987826300,0.028826300,0
'2026-08-22 08:31:06.987837600,0.028837600,1
'2026-08-22 08:31:06.987852800,0.028852800,0
'2026-08-22 08:31:06.987853200,0.028853200,1
'2026-08-22 08:31:06.987853400,0.028853400,0
'2026-08-22 08:31:06.987863700,0.028863700,1
'2026-08-22 08:31:06.987878400,0.028878400,0
'2026-08-22 08:31:06.987884200,0.028884200,1
'2026-08-22 08:31:06.987884300,0.028884300,0
'2026-08-22 08:31:06.987889800,0.028889800,1
'2026-08-22 08:31:06.987904800,0.028904800,0
'2026-08-22 08:31:06.987904900,0.028904900,1
'2026-08-22 08:31:06.987905000,0.028905000,0
'2026-08-22 08:31:06.987905300,0.028905300,1
'2026-08-22 08:31:06.987905400,0.028905400,0
'2026-08-22 08:31:06.987915900,0.028915900,1
'2026-08-22 08:31:06.987930500,0.028930500,0
'2026-08-22 08:31:06.987930900,0.028930900,1
'2026-08-22 08:31:06.987931000,0.028931000,0
'2026-08-22 08:31:06.987934100,0.028934100,1
'2026-08-22 08:31:06.987934200,0.028934200,0
'2026-08-22 08:31:06.987935500,0.028935500,1
'2026-08-22 08:31:06.987935600,0.028935600,0
'2026-08-22 08:31:06.987942000,0.028942000,1
'2026-08-22 08:31:06.987956900,0.028956900,0
'2026-08-22 08:31:06.987968100,0.028968100,1
'2026-08-22 08:31:06.987983000,0.028983000,0
'2026-08-22 08:31:06.987994200,0.028994200,1
'2026-08-22 08:31:06.988008900,0.029008900,0
'2026-08-22 08:31:06.988009100,0.029009100,1
'2026-08-22 08:31:06.988009200,0.029009200,0
'2026-08-22 08:31:06.988009900,0.029009900,1
'2026-08-22 08:31:06.988432000,0.029432000,0
'2026-08-22 08:31:06.988437600,0.029437600,1
'2026-08-22 08:31:06.988452300,0.029452300,0
'2026-08-22 08:31:06.988463700,0.029463700,1
'2026-08-22 08:31:06.988478700,0.029478700,0
'2026-08-22 08:31:06.988489800,0.029489800,1
'2026-08-22 08:31:06.988504600,0.029504600,0
'2026-08-22 08:31:06.988504700,0.029504700,1
'2026-08-22 08:31:06.988504900,0.029504900,0
'2026-08-22 08:31:06.988515900,0.029515900,1
'2026-08-22 08:31:06.988530700,0.029530700,0
'2026-08-22 08:31:06.988542000,0.029542000,1
'2026-08-22 08:31:06.988556900,0.029556900,0
'2026-08-22 08:31:06.988557300,0.029557300,1
'2026-08-22 08:31:06.988557500,0.029557500,0
'2026-08-22 08:31:06.988558500,0.029558500,1
'2026-08-22 08:31:06.988558600,0.029558600,0
'2026-08-22 08:31:06.988568100,0.029568100,1
'2026-08-22 08:31:06.988582700,0.029582700,0
'2026-08-22 08:31:06.988583000,0.029583000,1
'2026-08-22 08:31:06.988583100,0.029583100,0
'2026-08-22 08:31:06.988594200,0.029594200,1
'2026-08-22 08:31:06.988609200,0.029609200,0
'2026-08-22 08:31:06.988620200,0.029620200,1
'2026-08-22 08:31:06.988635100,0.029635100,0
'2026-08-22 08:31:06.988635600,0.029635600,1
'2026-08-22 08:31:06.988635700,0.029635700,0
'2026-08-22 08:31:06.988638500,0.029638500,1
'2026-08-22 08:31:06.988638600,0.029638600,0
'2026-08-22 08:31:06.988646300,0.029646300,1
'2026-08-22 08:31:06.988661000,0.029661000,0
'2026-08-22 08:31:06.988672400,0.029672400,1
'2026-08-22 08:31:06.988687500,0.029687500,0
'2026-08-22 08:31:06.988687600,0.029687600,1
'2026-08-22 08:31:06.988687700,0.029687700,0
'2026-08-22 08:31:06.988689200,0.029689200,1
'2026-08-22 08:31:06.988689300,0.029689300,0
'2026-08-22 08:31:06.988698500,0.029698500,1
'2026-08-22 08:31:06.988713100,0.029713100,0
'2026-08-22 08:31:06.988713300,0.029713300,1
'2026-08-22 08:31:06.988713400,0.029713400,0
'2026-08-22 08:31:06.988724600,0.029724600,1
'2026-08-22 08:31:06.988739800,0.029739800,0
'2026-08-22 08:31:06.988739900,0.029739900,1
'2026-08-22 08:31:06.988740000,0.029740000,0
'2026-08-22 08:31:06.988740100,0.029740100,1
'2026-08-22 08:31:06.988740300,0.029740300,0
'2026-08-22 08:31:06.988750700,0.029750700,1
'2026-08-22 08:31:06.988765400,0.029765400,0
'2026-08-22 08:31:06.988767600,0.029767600,1
'2026-08-22 08:31:06.988767700,0.029767700,0
'2026-08-22 08:31:06.988776800,0.029776800,1
'2026-08-22 08:31:06.988791700,0.029791700,0
'2026-08-22 08:31:06.988792100,0.029792100,1
'2026-08-22 08:31:06.988792200,0.029792200,0
'2026-08-22 08:31:06.988798000,0.029798000,1
'2026-08-22 08:31:06.988798100,0.029798100,0
'2026-08-22 08:31:06.988800300,0.029800300,1
'2026-08-22 08:31:06.988800400,0.029800400,0
'2026-08-22 08:31:06.988802900,0.029802900,1
'2026-08-22 08:31:06.988817900,0.029817900,0
'2026-08-22 08:31:06.988818000,0.029818000,1
'2026-08-22 08:31:06.988818100,0.029818100,0
'2026-08-22 08:31:06.988818400,0.029818400,1
'2026-08-22 08:31:06.988818500,0.029818500,0
'2026-08-22 08:31:06.988820700,0.029820700,1
'2026-08-22 08:31:06.988820800,0.029820800,0
'2026-08-22 08:31:06.988829000,0.029829000,1
'2026-08-22 08:31:06.989261100,0.030261100,0
'2026-08-22 08:31:06.989261400,0.030261400,1
'2026-08-22 08:31:06.989261500,0.030261500,0
'2026-08-22 08:31:06.989272400,0.030272400,1
'2026-08-22 08:31:06.989287200,0.030287200,0
'2026-08-22 08:31:06.989298500,0.030298500,1
'2026-08-22 08:31:06.989313200,0.030313200,0
'2026-08-22 08:31:06.989313300,0.030313300,1
'2026-08-22 08:31:06.989313500,0.030313500,0
'2026-08-22 08:31:06.989313700,0.030313700,1
'2026-08-22 08:31:06.989313800,0.030313800,0
'2026-08-22 08:31:06.989324600,0.030324600,1
'2026-08-22 08:31:06.989339400,0.030339400,0
'2026-08-22 08:31:06.989350700,0.030350700,1
'2026-08-22 08:31:06.989365400,0.030365400,0
'2026-08-22 08:31:06.989370100,0.030370100,1
'2026-08-22 08:31:06.989370200,0.030370200,0
'2026-08-22 08:31:06.989376800,0.030376800,1
'2026-08-22 08:31:06.989391800,0.030391800,0
'2026-08-22 08:31:06.989392200,0.030392200,1
'2026-08-22 08:31:06.989392300,0.030392300,0
'2026-08-22 08:31:06.989400300,0.030400300,1
'2026-08-22 08:31:06.989400400,0.030400400,0
'2026-08-22 08:31:06.989402900,0.030402900,1
'2026-08-22 08:31:06.989417600,0.030417600,0
'2026-08-22 08:31:06.989417900,0.030417900,1
'2026-08-22 08:31:06.989418000,0.030418000,0
'2026-08-22 08:31:06.989429000,0.030429000,1
'2026-08-22 08:31:06.989443800,0.030443800,0
'2026-08-22 08:31:06.989443900,0.030443900,1
'2026-08-22 08:31:06.989444000,0.030444000,0
'2026-08-22 08:31:06.989444100,0.030444100,1
'2026-08-22 08:31:06.989444300,0.030444300,0
'2026-08-22 08:31:06.989455000,0.030455000,1
'2026-08-22 08:31:06.989470000,0.030470000,0
'2026-08-22 08:31:06.989471000,0.030471000,1
'2026-08-22 08:31:06.989471100,0.030471100,0
'2026-08-22 08:31:06.989472800,0.030472800,1
'2026-08-22 08:31:06.989472900,0.030472900,0
'2026-08-22 08:31:06.989473400,0.030473400,1
'2026-08-22 08:31:06.989473500,0.030473500,0
'2026-08-22 08:31:06.989474500,0.030474500,1
'2026-08-22 08:31:06.989474600,0.030474600,0
'2026-08-22 08:31:06.989481100,0.030481100,1
'2026-08-22 08:31:06.989496200,0.030496200,0
'2026-08-22 08:31:06.989507200,0.030507200,1
'2026-08-22 08:31:06.989522100,0.030522100,0
'2026-08-22 08:31:06.989522300,0.030522300,1
'2026-08-22 08:31:06.989522500,0.030522500,0
'2026-08-22 08:31:06.989523000,0.030523000,1
'2026-08-22 08:31:06.989523200,0.030523200,0
'2026-08-22 08:31:06.989523700,0.030523700,1
'2026-08-22 08:31:06.989523800,0.030523800,0
'2026-08-22 08:31:06.989533300,0.030533300,1
'2026-08-22 08:31:06.989548200,0.030548200,0
'2026-08-22 08:31:06.989559400,0.030559400,1
'2026-08-22 08:31:06.989574300,0.030574300,0
'2026-08-22 08:31:06.989574400,0.030574400,1
'2026-08-22 08:31:06.989574600,0.030574600,0
'2026-08-22 08:31:06.989576100,0.030576100,1
'2026-08-22 08:31:06.989576200,0.030576200,0
'2026-08-22 08:31:06.989585500,0.030585500,1
'2026-08-22 08:31:06.989600200,0.030600200,0
'2026-08-22 08:31:06.989600300,0.030600300,1
'2026-08-22 08:31:06.989600400,0.030600400,0
'2026-08-22 08:31:06.989601800,0.030601800,1
'2026-08-22 08:31:06.989601900,0.030601900,0
'2026-08-22 08:31:06.989611600,0.030611600,1
'2026-08-22 08:31:06.989626500,0.030626500,0
'2026-08-22 08:31:06.989626900,0.030626900,1
'2026-08-22 08:31:06.989627000,0.030627000,0
'2026-08-22 08:31:06.989634500,0.030634500,1
'2026-08-22 08:31:06.989634600,0.030634600,0
'2026-08-22 08:31:06.989637700,0.030637700,1
'2026-08-22 08:31:06.989652500,0.030652500,0
'2026-08-22 08:31:06.989652600,0.030652600,1
'2026-08-22 08:31:06.989652800,0.030652800,0
'2026-08-22 08:31:06.989653200,0.030653200,1
'2026-08-22 08:31:06.989653300,0.030653300,0
'2026-08-22 08:31:06.989655900,0.030655900,1
'2026-08-22 08:31:06.989656000,0.030656000,0
'2026-08-22 08:31:06.989657300,0.030657300,1
'2026-08-22 08:31:06.990079300,0.031079300,0
'2026-08-22 08:31:06.990081100,0.031081100,1
'2026-08-22 08:31:06.990095900,0.031095900,0
'2026-08-22 08:31:06.990096000,0.031096000,1
'2026-08-22 08:31:06.990096100,0.031096100,0
'2026-08-22 08:31:06.990107200,0.031107200,1
'2026-08-22 08:31:06.990122000,0.031122000,0
'2026-08-22 08:31:06.990133300,0.031133300,1
'2026-08-22 08:31:06.990148200,0.031148200,0
'2026-08-22 08:31:06.990148600,0.031148600,1
'2026-08-22 08:31:06.990148700,0.031148700,0
'2026-08-22 08:31:06.990159400,0.031159400,1
'2026-08-22 08:31:06.990174100,0.031174100,0
'2026-08-22 08:31:06.990185500,0.031185500,1
'2026-08-22 08:31:06.990200200,0.031200200,0
'2026-08-22 08:31:06.990211500,0.031211500,1
'2026-08-22 08:31:06.990226400,0.031226400,0
'2026-08-22 08:31:06.990237600,0.031237600,1
'2026-08-22 08:31:06.990252500,0.031252500,0
'2026-08-22 08:31:06.990253000,0.031253000,1
'2026-08-22 08:31:06.990253100,0.031253100,0
'2026-08-22 08:31:06.990261100,0.031261100,1
'2026-08-22 08:31:06.990261200,0.031261200,0
'2026-08-22 08:31:06.990263700,0.031263700,1
'2026-08-22 08:31:06.990278900,0.031278900,0
'2026-08-22 08:31:06.990289800,0.031289800,1
'2026-08-22 08:31:06.990304600,0.031304600,0
'2026-08-22 08:31:06.990315900,0.031315900,1
'2026-08-22 08:31:06.990330600,0.031330600,0
'2026-08-22 08:31:06.990330700,0.031330700,1
'2026-08-22 08:31:06.990330800,0.031330800,0
'2026-08-22 08:31:06.990338200,0.031338200,1
'2026-08-22 08:31:06.990338300,0.031338300,0
'2026-08-22 08:31:06.990340000,0.031340000,1
'2026-08-22 08:31:06.990340100,0.031340100,0
'2026-08-22 08:31:06.990342000,0.031342000,1
'2026-08-22 08:31:06.990356500,0.031356500,0
'2026-08-22 08:31:06.990356600,0.031356600,1
'2026-08-22 08:31:06.990357000,0.031357000,0
'2026-08-22 08:31:06.990368100,0.031368100,1
'2026-08-22 08:31:06.990383000,0.031383000,0
'2026-08-22 08:31:06.990383200,0.031383200,1
'2026-08-22 08:31:06.990383300,0.031383300,0
'2026-08-22 08:31:06.990386700,0.031386700,1
'2026-08-22 08:31:06.990386800,0.031386800,0
'2026-08-22 08:31:06.990388400,0.031388400,1
'2026-08-22 08:31:06.990388500,0.031388500,0
'2026-08-22 08:31:06.990394200,0.031394200,1
'2026-08-22 08:31:06.990409100,0.031409100,0
'2026-08-22 08:31:06.990409400,0.031409400,1
'2026-08-22 08:31:06.990409600,0.031409600,0
'2026-08-22 08:31:06.990420300,0.031420300,1
'2026-08-22 08:31:06.990435200,0.031435200,0
'2026-08-22 08:31:06.990437000,0.031437000,1
'2026-08-22 08:31:06.990437100,0.031437100,0
'2026-08-22 08:31:06.990446400,0.031446400,1
'2026-08-22 08:31:06.990461200,0.031461200,0
'2026-08-22 08:31:06.990472500,0.031472500,1
'2026-08-22 08:31:06.990904600,0.031904600,0
'2026-08-22 08:31:06.990915800,0.031915800,1
'2026-08-22 08:31:06.990930600,0.031930600,0
'2026-08-22 08:31:06.990930700,0.031930700,1
'2026-08-22 08:31:06.990930800,0.031930800,0
'2026-08-22 08:31:06.990941900,0.031941900,1
'2026-08-22 08:31:06.990956600,0.031956600,0
'2026-08-22 08:31:06.990968000,0.031968000,1
'2026-08-22 08:31:06.990982900,0.031982900,0
'2026-08-22 08:31:06.990985500,0.031985500,1
'2026-08-22 08:31:06.990985600,0.031985600,0
'2026-08-22 08:31:06.990994100,0.031994100,1
'2026-08-22 08:31:06.991009000,0.032009000,0
'2026-08-22 08:31:06.991009300,0.032009300,1
'2026-08-22 08:31:06.991009400,0.032009400,0
'2026-08-22 08:31:06.991010000,0.032010000,1
'2026-08-22 08:31:06.991010200,0.032010200,0
'2026-08-22 08:31:06.991012400,0.032012400,1
'2026-08-22 08:31:06.991012500,0.032012500,0
'2026-08-22 08:31:06.991020200,0.032020200,1
'2026-08-22 08:31:06.991035000,0.032035000,0
'2026-08-22 08:31:06.991035100,0.032035100,1
'2026-08-22 08:31:06.991035300,0.032035300,0
'2026-08-22 08:31:06.991046300,0.032046300,1
'2026-08-22 08:31:06.991061200,0.032061200,0
'2026-08-22 08:31:06.991061400,0.032061400,1
'2026-08-22 08:31:06.991061500,0.032061500,0
'2026-08-22 08:31:06.991072400,0.032072400,1
'2026-08-22 08:31:06.991087200,0.032087200,0
'2026-08-22 08:31:06.991089500,0.032089500,1
'2026-08-22 08:31:06.991089600,0.032089600,0
'2026-08-22 08:31:06.991098500,0.032098500,1
'2026-08-22 08:31:06.991113500,0.032113500,0
'2026-08-22 08:31:06.991121500,0.032121500,1
'2026-08-22 08:31:06.991121600,0.032121600,0
'2026-08-22 08:31:06.991124600,0.032124600,1
'2026-08-22 08:31:06.991139400,0.032139400,0
'2026-08-22 08:31:06.991139700,0.032139700,1
'2026-08-22 08:31:06.991139800,0.032139800,0
'2026-08-22 08:31:06.991150700,0.032150700,1
'2026-08-22 08:31:06.991165500,0.032165500,0
'2026-08-22 08:31:06.991176800,0.032176800,1
'2026-08-22 08:31:06.991191800,0.032191800,0
'2026-08-22 08:31:06.991192200,0.032192200,1
'2026-08-22 08:31:06.991192300,0.032192300,0
'2026-08-22 08:31:06.991200900,0.032200900,1
'2026-08-22 08:31:06.991201000,0.032201000,0
'2026-08-22 08:31:06.991202900,0.032202900,1
'2026-08-22 08:31:06.991217600,0.032217600,0
'2026-08-22 08:31:06.991217900,0.032217900,1
'2026-08-22 08:31:06.991218000,0.032218000,0
'2026-08-22 08:31:06.991229000,0.032229000,1
'2026-08-22 08:31:06.991243900,0.032243900,0
'2026-08-22 08:31:06.991244100,0.032244100,1
'2026-08-22 08:31:06.991244200,0.032244200,0
'2026-08-22 08:31:06.991249400,0.032249400,1
'2026-08-22 08:31:06.991249500,0.032249500,0
'2026-08-22 08:31:06.991251300,0.032251300,1
'2026-08-22 08:31:06.991251400,0.032251400,0
'2026-08-22 08:31:06.991255100,0.032255100,1
'2026-08-22 08:31:06.991269900,0.032269900,0
'2026-08-22 08:31:06.991272100,0.032272100,1
'2026-08-22 08:31:06.991272200,0.032272200,0
'2026-08-22 08:31:06.991273300,0.032273300,1
'2026-08-22 08:31:06.991273400,0.032273400,0
'2026-08-22 08:31:06.991273900,0.032273900,1
'2026-08-22 08:31:06.991274000,0.032274000,0
'2026-08-22 08:31:06.991281200,0.032281200,1
'2026-08-22 08:31:06.991296000,0.032296000,0
'2026-08-22 08:31:06.991296100,0.032296100,1
'2026-08-22 08:31:06.991296200,0.032296200,0
'2026-08-22 08:31:06.991296700,0.032296700,1
'2026-08-22 08:31:06.991296800,0.032296800,0
'2026-08-22 08:31:06.991304600,0.032304600,1
'2026-08-22 08:31:06.991739100,0.032739100,0
'2026-08-22 08:31:06.991750700,0.032750700,1
'2026-08-22 08:31:06.991765600,0.032765600,0
'2026-08-22 08:31:06.991765700,0.032765700,1
'2026-08-22 08:31:06.991765900,0.032765900,0
'2026-08-22 08:31:06.991776700,0.032776700,1
'2026-08-22 08:31:06.991791400,0.032791400,0
'2026-08-22 08:31:06.991802600,0.032802600,1
'2026-08-22 08:31:06.991802700,0.032802700,0
'2026-08-22 08:31:06.991802800,0.032802800,1
'2026-08-22 08:31:06.991817600,0.032817600,0
'2026-08-22 08:31:06.991828900,0.032828900,1
'2026-08-22 08:31:06.991843800,0.032843800,0
'2026-08-22 08:31:06.991844800,0.032844800,1
'2026-08-22 08:31:06.991844900,0.032844900,0
'2026-08-22 08:31:06.991855000,0.032855000,1
'2026-08-22 08:31:06.991869900,0.032869900,0
'2026-08-22 08:31:06.991881100,0.032881100,1
'2026-08-22 08:31:06.991896200,0.032896200,0
'2026-08-22 08:31:06.991905000,0.032905000,1
'2026-08-22 08:31:06.991905100,0.032905100,0
'2026-08-22 08:31:06.991907200,0.032907200,1
'2026-08-22 08:31:06.991922100,0.032922100,0
'2026-08-22 08:31:06.991922500,0.032922500,1
'2026-08-22 08:31:06.991922700,0.032922700,0
'2026-08-22 08:31:06.991933300,0.032933300,1
'2026-08-22 08:31:06.991948400,0.032948400,0
'2026-08-22 08:31:06.991948900,0.032948900,1
'2026-08-22 08:31:06.991949000,0.032949000,0
'2026-08-22 08:31:06.991949500,0.032949500,1
'2026-08-22 08:31:06.991949600,0.032949600,0
'2026-08-22 08:31:06.991959400,0.032959400,1
'2026-08-22 08:31:06.991974200,0.032974200,0
'2026-08-22 08:31:06.991985500,0.032985500,1
'2026-08-22 08:31:06.992000400,0.033000400,0
'2026-08-22 08:31:06.992002300,0.033002300,1
'2026-08-22 08:31:06.992002400,0.033002400,0
'2026-08-22 08:31:06.992006700,0.033006700,1
'2026-08-22 08:31:06.992006800,0.033006800,0
'2026-08-22 08:31:06.992011600,0.033011600,1
'2026-08-22 08:31:06.992026800,0.033026800,0
'2026-08-22 08:31:06.992027100,0.033027100,1
'2026-08-22 08:31:06.992027200,0.033027200,0
'2026-08-22 08:31:06.992027700,0.033027700,1
'2026-08-22 08:31:06.992027800,0.033027800,0
'2026-08-22 08:31:06.992029700,0.033029700,1
'2026-08-22 08:31:06.992029800,0.033029800,0
'2026-08-22 08:31:06.992037700,0.033037700,1
'2026-08-22 08:31:06.992052500,0.033052500,0
'2026-08-22 08:31:06.992052800,0.033052800,1
'2026-08-22 08:31:06.992052900,0.033052900,0
'2026-08-22 08:31:06.992063800,0.033063800,1
'2026-08-22 08:31:06.992078800,0.033078800,0
'2026-08-22 08:31:06.992083800,0.033083800,1
'2026-08-22 08:31:06.992083900,0.033083900,0
'2026-08-22 08:31:06.992086100,0.033086100,1
'2026-08-22 08:31:06.992086200,0.033086200,0
'2026-08-22 08:31:06.992088100,0.033088100,1
'2026-08-22 08:31:06.992088200,0.033088200,0
'2026-08-22 08:31:06.992089900,0.033089900,1
'2026-08-22 08:31:06.992104900,0.033104900,0
'2026-08-22 08:31:06.992116000,0.033116000,1
'2026-08-22 08:31:06.992130700,0.033130700,0
'2026-08-22 08:31:06.992131100,0.033131100,1
'2026-08-22 08:31:06.992131200,0.033131200,0
'2026-08-22 08:31:06.992135500,0.033135500,1
'2026-08-22 08:31:06.993341200,0.034341200,0
'2026-08-22 08:31:06.993341900,0.034341900,1
'2026-08-22 08:31:06.993356600,0.034356600,0
'2026-08-22 08:31:06.993368000,0.034368000,1
'2026-08-22 08:31:06.993382900,0.034382900,0
'2026-08-22 08:31:06.993383300,0.034383300,1
'2026-08-22 08:31:06.993383400,0.034383400,0
'2026-08-22 08:31:06.993394000,0.034394000,1
'2026-08-22 08:31:06.993408800,0.034408800,0
'2026-08-22 08:31:06.993420100,0.034420100,1
'2026-08-22 08:31:06.993434900,0.034434900,0
'2026-08-22 08:31:06.993435300,0.034435300,1
'2026-08-22 08:31:06.993435400,0.034435400,0
'2026-08-22 08:31:06.993446200,0.034446200,1
'2026-08-22 08:31:06.993461200,0.034461200,0
'2026-08-22 08:31:06.993472300,0.034472300,1
'2026-08-22 08:31:06.993487000,0.034487000,0
'2026-08-22 08:31:06.993498400,0.034498400,1
'2026-08-22 08:31:06.993513400,0.034513400,0
'2026-08-22 08:31:06.993513500,0.034513500,1
'2026-08-22 08:31:06.993513800,0.034513800,0
'2026-08-22 08:31:06.993514800,0.034514800,1
'2026-08-22 08:31:06.993514900,0.034514900,0
'2026-08-22 08:31:06.993524500,0.034524500,1
'2026-08-22 08:31:06.993539000,0.034539000,0
'2026-08-22 08:31:06.993550600,0.034550600,1
'2026-08-22 08:31:06.993565700,0.034565700,0
'2026-08-22 08:31:06.993566100,0.034566100,1
'2026-08-22 08:31:06.993566200,0.034566200,0
'2026-08-22 08:31:06.993576700,0.034576700,1
'2026-08-22 08:31:06.993591400,0.034591400,0
'2026-08-22 08:31:06.993602800,0.034602800,1
'2026-08-22 08:31:06.993617600,0.034617600,0
'2026-08-22 08:31:06.993626300,0.034626300,1
'2026-08-22 08:31:06.993626400,0.034626400,0
'2026-08-22 08:31:06.993628900,0.034628900,1
'2026-08-22 08:31:06.993643800,0.034643800,0
'2026-08-22 08:31:06.993643900,0.034643900,1
'2026-08-22 08:31:06.993644000,0.034644000,0
'2026-08-22 08:31:06.993644300,0.034644300,1
'2026-08-22 08:31:06.993644400,0.034644400,0
'2026-08-22 08:31:06.993644700,0.034644700,1
'2026-08-22 08:31:06.993644800,0.034644800,0
'2026-08-22 08:31:06.993644900,0.034644900,1
'2026-08-22 08:31:06.993645000,0.034645000,0
'2026-08-22 08:31:06.993655000,0.034655000,1
'2026-08-22 08:31:06.993669600,0.034669600,0
'2026-08-22 08:31:06.993681100,0.034681100,1
'2026-08-22 08:31:06.993696000,0.034696000,0
'2026-08-22 08:31:06.993697700,0.034697700,1
'2026-08-22 08:31:06.993697800,0.034697800,0
'2026-08-22 08:31:06.993707200,0.034707200,1
'2026-08-22 08:31:06.993722200,0.034722200,0
'2026-08-22 08:31:06.993726100,0.034726100,1
'2026-08-22 08:31:06.993726200,0.034726200,0
'2026-08-22 08:31:06.993733300,0.034733300,1
'2026-08-22 08:31:06.993748000,0.034748000,0
'2026-08-22 08:31:06.993748300,0.034748300,1
'2026-08-22 08:31:06.993748400,0.034748400,0
'2026-08-22 08:31:06.993750500,0.034750500,1
'2026-08-22 08:31:06.994165200,0.035165200,0
'2026-08-22 08:31:06.994176700,0.035176700,1
'2026-08-22 08:31:06.994191400,0.035191400,0
'2026-08-22 08:31:06.994202800,0.035202800,1
'2026-08-22 08:31:06.994217500,0.035217500,0
'2026-08-22 08:31:06.994217900,0.035217900,1
'2026-08-22 08:31:06.994218000,0.035218000,0
'2026-08-22 08:31:06.994228900,0.035228900,1
'2026-08-22 08:31:06.994243400,0.035243400,0
'2026-08-22 08:31:06.994243500,0.035243500,1
'2026-08-22 08:31:06.994243800,0.035243800,0
'2026-08-22 08:31:06.994247700,0.035247700,1
'2026-08-22 08:31:06.994247800,0.035247800,0
'2026-08-22 08:31:06.994255000,0.035255000,1
'2026-08-22 08:31:06.994269500,0.035269500,0
'2026-08-22 08:31:06.994269600,0.035269600,1
'2026-08-22 08:31:06.994269700,0.035269700,0
'2026-08-22 08:31:06.994276900,0.035276900,1
'2026-08-22 08:31:06.994277000,0.035277000,0
'2026-08-22 08:31:06.994281100,0.035281100,1
'2026-08-22 08:31:06.994296000,0.035296000,0
'2026-08-22 08:31:06.994296800,0.035296800,1
'2026-08-22 08:31:06.994296900,0.035296900,0
'2026-08-22 08:31:06.994298000,0.035298000,1
'2026-08-22 08:31:06.994298100,0.035298100,0
'2026-08-22 08:31:06.994307100,0.035307100,1
'2026-08-22 08:31:06.994321700,0.035321700,0
'2026-08-22 08:31:06.994321900,0.035321900,1
'2026-08-22 08:31:06.994322000,0.035322000,0
'2026-08-22 08:31:06.994333200,0.035333200,1
'2026-08-22 08:31:06.994348400,0.035348400,0
'2026-08-22 08:31:06.994359300,0.035359300,1
'2026-08-22 08:31:06.994374000,0.035374000,0
'2026-08-22 08:31:06.994378000,0.035378000,1
'2026-08-22 08:31:06.994378100,0.035378100,0
'2026-08-22 08:31:06.994385400,0.035385400,1
'2026-08-22 08:31:06.994400300,0.035400300,0
'2026-08-22 08:31:06.994405500,0.035405500,1
'2026-08-22 08:31:06.994405600,0.035405600,0
'2026-08-22 08:31:06.994411500,0.035411500,1
'2026-08-22 08:31:06.994426500,0.035426500,0
'2026-08-22 08:31:06.994427600,0.035427600,1
'2026-08-22 08:31:06.994427700,0.035427700,0
'2026-08-22 08:31:06.994428800,0.035428800,1
'2026-08-22 08:31:06.994428900,0.035428900,0
'2026-08-22 08:31:06.994437500,0.035437500,1
'2026-08-22 08:31:06.994452400,0.035452400,0
'2026-08-22 08:31:06.994463700,0.035463700,1
'2026-08-22 08:31:06.994478800,0.035478800,0
'2026-08-22 08:31:06.994479000,0.035479000,1
'2026-08-22 08:31:06.994479100,0.035479100,0
'2026-08-22 08:31:06.994479500,0.035479500,1
'2026-08-22 08:31:06.994479600,0.035479600,0
'2026-08-22 08:31:06.994489800,0.035489800,1
'2026-08-22 08:31:06.994504400,0.035504400,0
'2026-08-22 08:31:06.994515900,0.035515900,1
'2026-08-22 08:31:06.994530800,0.035530800,0
'2026-08-22 08:31:06.994542000,0.035542000,1
'2026-08-22 08:31:06.994556800,0.035556800,0
'2026-08-22 08:31:06.994557200,0.035557200,1
'2026-08-22 08:31:06.994557300,0.035557300,0
'2026-08-22 08:31:06.994557700,0.035557700,1
'2026-08-22 08:31:06.994557900,0.035557900,0
'2026-08-22 08:31:06.994558400,0.035558400,1
'2026-08-22 08:31:06.994558500,0.035558500,0
'2026-08-22 08:31:06.994566900,0.035566900,1
'2026-08-22 08:31:06.994567000,0.035567000,0
'2026-08-22 08:31:06.994568100,0.035568100,1
'2026-08-22 08:31:06.995000100,0.036000100,0
'2026-08-22 08:31:06.995011500,0.036011500,1
'2026-08-22 08:31:06.995026400,0.036026400,0
'2026-08-22 08:31:06.995037600,0.036037600,1
'2026-08-22 08:31:06.995052200,0.036052200,0
'2026-08-22 08:31:06.995052300,0.036052300,1
'2026-08-22 08:31:06.995052400,0.036052400,0
'2026-08-22 08:31:06.995056000,0.036056000,1
'2026-08-22 08:31:06.995056100,0.036056100,0
'2026-08-22 08:31:06.995063700,0.036063700,1
'2026-08-22 08:31:06.995078400,0.036078400,0
'2026-08-22 08:31:06.995078800,0.036078800,1
'2026-08-22 08:31:06.995078900,0.036078900,0
'2026-08-22 08:31:06.995081100,0.036081100,1
'2026-08-22 08:31:06.995081200,0.036081200,0
'2026-08-22 08:31:06.995089800,0.036089800,1
'2026-08-22 08:31:06.995104600,0.036104600,0
'2026-08-22 08:31:06.995115900,0.036115900,1
'2026-08-22 08:31:06.995130600,0.036130600,0
'2026-08-22 08:31:06.995130700,0.036130700,1
'2026-08-22 08:31:06.995130800,0.036130800,0
'2026-08-22 08:31:06.995141900,0.036141900,1
'2026-08-22 08:31:06.995156600,0.036156600,0
'2026-08-22 08:31:06.995168000,0.036168000,1
'2026-08-22 08:31:06.995183000,0.036183000,0
'2026-08-22 08:31:06.995184100,0.036184100,1
'2026-08-22 08:31:06.995184300,0.036184300,0
'2026-08-22 08:31:06.995194100,0.036194100,1
'2026-08-22 08:31:06.995208800,0.036208800,0
'2026-08-22 08:31:06.995208900,0.036208900,1
'2026-08-22 08:31:06.995209100,0.036209100,0
'2026-08-22 08:31:06.995213600,0.036213600,1
'2026-08-22 08:31:06.995213700,0.036213700,0
'2026-08-22 08:31:06.995220200,0.036220200,1
'2026-08-22 08:31:06.995235200,0.036235200,0
'2026-08-22 08:31:06.995235700,0.036235700,1
'2026-08-22 08:31:06.995235800,0.036235800,0
'2026-08-22 08:31:06.995246300,0.036246300,1
'2026-08-22 08:31:06.995261100,0.036261100,0
'2026-08-22 08:31:06.995272400,0.036272400,1
'2026-08-22 08:31:06.995287200,0.036287200,0
'2026-08-22 08:31:06.995298500,0.036298500,1
'2026-08-22 08:31:06.995313800,0.036313800,0
'2026-08-22 08:31:06.995314000,0.036314000,1
'2026-08-22 08:31:06.995314200,0.036314200,0
'2026-08-22 08:31:06.995324600,0.036324600,1
'2026-08-22 08:31:06.995339300,0.036339300,0
'2026-08-22 08:31:06.995350700,0.036350700,1
'2026-08-22 08:31:06.995365600,0.036365600,0
'2026-08-22 08:31:06.995376800,0.036376800,1
'2026-08-22 08:31:06.995391600,0.036391600,0
'2026-08-22 08:31:06.995391700,0.036391700,1
'2026-08-22 08:31:06.995391800,0.036391800,0
'2026-08-22 08:31:06.995392900,0.036392900,1
'2026-08-22 08:31:06.995393000,0.036393000,0
'2026-08-22 08:31:06.995394000,0.036394000,1
'2026-08-22 08:31:06.995394100,0.036394100,0
'2026-08-22 08:31:06.995397900,0.036397900,1
'2026-08-22 08:31:06.995812300,0.036812300,0
'2026-08-22 08:31:06.995820200,0.036820200,1
'2026-08-22 08:31:06.995835100,0.036835100,0
'2026-08-22 08:31:06.995846300,0.036846300,1
'2026-08-22 08:31:06.995861100,0.036861100,0
'2026-08-22 08:31:06.995865900,0.036865900,1
'2026-08-22 08:31:06.995866000,0.036866000,0
'2026-08-22 08:31:06.995872400,0.036872400,1
'2026-08-22 08:31:06.995887300,0.036887300,0
'2026-08-22 08:31:06.995887500,0.036887500,1
'2026-08-22 08:31:06.995887600,0.036887600,0
'2026-08-22 08:31:06.995898500,0.036898500,1
'2026-08-22 08:31:06.995913300,0.036913300,0
'2026-08-22 08:31:06.995924500,0.036924500,1
'2026-08-22 08:31:06.995939400,0.036939400,0
'2026-08-22 08:31:06.995939500,0.036939500,1
'2026-08-22 08:31:06.995939600,0.036939600,0
'2026-08-22 08:31:06.995950600,0.036950600,1
'2026-08-22 08:31:06.995965500,0.036965500,0
'2026-08-22 08:31:06.995976700,0.036976700,1
'2026-08-22 08:31:06.995991700,0.036991700,0
'2026-08-22 08:31:06.995993800,0.036993800,1
'2026-08-22 08:31:06.995993900,0.036993900,0
'2026-08-22 08:31:06.996002800,0.037002800,1
'2026-08-22 08:31:06.996017600,0.037017600,0
'2026-08-22 08:31:06.996017700,0.037017700,1
'2026-08-22 08:31:06.996017800,0.037017800,0
'2026-08-22 08:31:06.996028900,0.037028900,1
'2026-08-22 08:31:06.996043700,0.037043700,0
'2026-08-22 08:31:06.996043900,0.037043900,1
'2026-08-22 08:31:06.996044000,0.037044000,0
'2026-08-22 08:31:06.996055000,0.037055000,1
'2026-08-22 08:31:06.996069900,0.037069900,0
'2026-08-22 08:31:06.996070300,0.037070300,1
'2026-08-22 08:31:06.996070400,0.037070400,0
'2026-08-22 08:31:06.996081100,0.037081100,1
'2026-08-22 08:31:06.996096100,0.037096100,0
'2026-08-22 08:31:06.996096500,0.037096500,1
'2026-08-22 08:31:06.996096600,0.037096600,0
'2026-08-22 08:31:06.996107200,0.037107200,1
'2026-08-22 08:31:06.996122100,0.037122100,0
'2026-08-22 08:31:06.996122200,0.037122200,1
'2026-08-22 08:31:06.996122400,0.037122400,0
'2026-08-22 08:31:06.996131000,0.037131000,1
'2026-08-22 08:31:06.996131100,0.037131100,0
'2026-08-22 08:31:06.996133300,0.037133300,1
'2026-08-22 08:31:06.996148300,0.037148300,0
'2026-08-22 08:31:06.996148500,0.037148500,1
'2026-08-22 08:31:06.996148600,0.037148600,0
'2026-08-22 08:31:06.996159400,0.037159400,1
'2026-08-22 08:31:06.996174300,0.037174300,0
'2026-08-22 08:31:06.996185500,0.037185500,1
'2026-08-22 08:31:06.996200400,0.037200400,0
'2026-08-22 08:31:06.996200500,0.037200500,1
'2026-08-22 08:31:06.996200600,0.037200600,0
'2026-08-22 08:31:06.996211600,0.037211600,1
'2026-08-22 08:31:06.996643600,0.037643600,0
'2026-08-22 08:31:06.996655000,0.037655000,1
'2026-08-22 08:31:06.996669800,0.037669800,0
'2026-08-22 08:31:06.996681100,0.037681100,1
'2026-08-22 08:31:06.996695600,0.037695600,0
'2026-08-22 08:31:06.996695700,0.037695700,1
'2026-08-22 08:31:06.996696000,0.037696000,0
'2026-08-22 08:31:06.996707200,0.037707200,1
'2026-08-22 08:31:06.996722200,0.037722200,0
'2026-08-22 08:31:06.996722300,0.037722300,1
'2026-08-22 08:31:06.996722400,0.037722400,0
'2026-08-22 08:31:06.996733300,0.037733300,1
'2026-08-22 08:31:06.996748000,0.037748000,0
'2026-08-22 08:31:06.996752500,0.037752500,1
'2026-08-22 08:31:06.996752600,0.037752600,0
'2026-08-22 08:31:06.996759400,0.037759400,1
'2026-08-22 08:31:06.996774200,0.037774200,0
'2026-08-22 08:31:06.996785400,0.037785400,1
'2026-08-22 08:31:06.996800200,0.037800200,0
'2026-08-22 08:31:06.996811500,0.037811500,1
'2026-08-22 08:31:06.996826600,0.037826600,0
'2026-08-22 08:31:06.996826700,0.037826700,1
'2026-08-22 08:31:06.996826800,0.037826800,0
'2026-08-22 08:31:06.996837600,0.037837600,1
'2026-08-22 08:31:06.996852500,0.037852500,0
'2026-08-22 08:31:06.996852700,0.037852700,1
'2026-08-22 08:31:06.996852800,0.037852800,0
'2026-08-22 08:31:06.996859400,0.037859400,1
'2026-08-22 08:31:06.996859500,0.037859500,0
'2026-08-22 08:31:06.996863700,0.037863700,1
'2026-08-22 08:31:06.996878800,0.037878800,0
'2026-08-22 08:31:06.996879300,0.037879300,1
'2026-08-22 08:31:06.996879400,0.037879400,0
'2026-08-22 08:31:06.996880400,0.037880400,1
'2026-08-22 08:31:06.996880500,0.037880500,0
'2026-08-22 08:31:06.996889800,0.037889800,1
'2026-08-22 08:31:06.996904700,0.037904700,0
'2026-08-22 08:31:06.996910200,0.037910200,1
'2026-08-22 08:31:06.996910300,0.037910300,0
'2026-08-22 08:31:06.996915900,0.037915900,1
'2026-08-22 08:31:06.996930800,0.037930800,0
'2026-08-22 08:31:06.996931100,0.037931100,1
'2026-08-22 08:31:06.996931400,0.037931400,0
'2026-08-22 08:31:06.996942000,0.037942000,1
'2026-08-22 08:31:06.996956700,0.037956700,0
'2026-08-22 08:31:06.996956900,0.037956900,1
'2026-08-22 08:31:06.996957100,0.037957100,0
'2026-08-22 08:31:06.996968100,0.037968100,1
'2026-08-22 08:31:06.996983000,0.037983000,0
'2026-08-22 08:31:06.996983200,0.037983200,1
'2026-08-22 08:31:06.996983500,0.037983500,0
'2026-08-22 08:31:06.996983700,0.037983700,1
'2026-08-22 08:31:06.996983900,0.037983900,0
'2026-08-22 08:31:06.996993100,0.037993100,1
'2026-08-22 08:31:06.996993200,0.037993200,0
'2026-08-22 08:31:06.996994200,0.037994200,1
'2026-08-22 08:31:06.997009100,0.038009100,0
'2026-08-22 08:31:06.997009300,0.038009300,1
'2026-08-22 08:31:06.997009400,0.038009400,0
'2026-08-22 08:31:06.997009500,0.038009500,1
'2026-08-22 08:31:06.997009600,0.038009600,0
'2026-08-22 08:31:06.997010700,0.038010700,1
'2026-08-22 08:31:06.997010800,0.038010800,0
'2026-08-22 08:31:06.997011300,0.038011300,1
'2026-08-22 08:31:06.997011400,0.038011400,0
'2026-08-22 08:31:06.997012500,0.038012500,1
'2026-08-22 08:31:06.997012600,0.038012600,0
'2026-08-22 08:31:06.997020300,0.038020300,1
'2026-08-22 08:31:06.997035300,0.038035300,0
'2026-08-22 08:31:06.997045200,0.038045200,1
'2026-08-22 08:31:06.997459600,0.038459600,0
'2026-08-22 08:31:06.997463700,0.038463700,1
'2026-08-22 08:31:06.997478600,0.038478600,0
'2026-08-22 08:31:06.997489800,0.038489800,1
'2026-08-22 08:31:06.997505000,0.038505000,0
'2026-08-22 08:31:06.997505900,0.038505900,1
'2026-08-22 08:31:06.997506000,0.038506000,0
'2026-08-22 08:31:06.997515900,0.038515900,1
'2026-08-22 08:31:06.997530600,0.038530600,0
'2026-08-22 08:31:06.997542000,0.038542000,1
'2026-08-22 08:31:06.997557100,0.038557100,0
'2026-08-22 08:31:06.997557300,0.038557300,1
'2026-08-22 08:31:06.997557400,0.038557400,0
'2026-08-22 08:31:06.997568100,0.038568100,1
'2026-08-22 08:31:06.997582800,0.038582800,0
'2026-08-22 08:31:06.997594200,0.038594200,1
'2026-08-22 08:31:06.997608900,0.038608900,0
'2026-08-22 08:31:06.997620300,0.038620300,1
'2026-08-22 08:31:06.997635200,0.038635200,0
'2026-08-22 08:31:06.997635500,0.038635500,1
'2026-08-22 08:31:06.997635700,0.038635700,0
'2026-08-22 08:31:06.997646400,0.038646400,1
'2026-08-22 08:31:06.997661000,0.038661000,0
'2026-08-22 08:31:06.997672500,0.038672500,1
'2026-08-22 08:31:06.997687500,0.038687500,0
'2026-08-22 08:31:06.997697500,0.038697500,1
'2026-08-22 08:31:06.997697600,0.038697600,0
'2026-08-22 08:31:06.997698600,0.038698600,1
'2026-08-22 08:31:06.997713400,0.038713400,0
'2026-08-22 08:31:06.997713900,0.038713900,1
'2026-08-22 08:31:06.997714000,0.038714000,0
'2026-08-22 08:31:06.997715100,0.038715100,1
'2026-08-22 08:31:06.997715200,0.038715200,0
'2026-08-22 08:31:06.997716100,0.038716100,1
'2026-08-22 08:31:06.997716200,0.038716200,0
'2026-08-22 08:31:06.997717400,0.038717400,1
'2026-08-22 08:31:06.997717500,0.038717500,0
'2026-08-22 08:31:06.997724700,0.038724700,1
'2026-08-22 08:31:06.997739400,0.038739400,0
'2026-08-22 08:31:06.997744200,0.038744200,1
'2026-08-22 08:31:06.997744300,0.038744300,0
'2026-08-22 08:31:06.997750800,0.038750800,1
'2026-08-22 08:31:06.997766000,0.038766000,0
'2026-08-22 08:31:06.997776800,0.038776800,1
'2026-08-22 08:31:06.997791500,0.038791500,0
'2026-08-22 08:31:06.997796600,0.038796600,1
'2026-08-22 08:31:06.997796700,0.038796700,0
'2026-08-22 08:31:06.997802900,0.038802900,1
'2026-08-22 08:31:06.997818000,0.038818000,0
'2026-08-22 08:31:06.997824900,0.038824900,1
'2026-08-22 08:31:06.997825000,0.038825000,0
'2026-08-22 08:31:06.997829000,0.038829000,1
'2026-08-22 08:31:06.997843900,0.038843900,0
'2026-08-22 08:31:06.997844100,0.038844100,1
'2026-08-22 08:31:06.997844200,0.038844200,0
'2026-08-22 08:31:06.997844700,0.038844700,1
'2026-08-22 08:31:06.997844800,0.038844800,0
'2026-08-22 08:31:06.997845700,0.038845700,1
'2026-08-22 08:31:06.997845800,0.038845800,0
'2026-08-22 08:31:06.997855100,0.038855100,1
'2026-08-22 08:31:06.998287200,0.039287200,0
'2026-08-22 08:31:06.998288000,0.039288000,1
'2026-08-22 08:31:06.998288100,0.039288100,0
'2026-08-22 08:31:06.998290300,0.039290300,1
'2026-08-22 08:31:06.998290400,0.039290400,0
'2026-08-22 08:31:06.998298600,0.039298600,1
'2026-08-22 08:31:06.998313200,0.039313200,0
'2026-08-22 08:31:06.998324700,0.039324700,1
'2026-08-22 08:31:06.998339600,0.039339600,0
'2026-08-22 08:31:06.998339900,0.039339900,1
'2026-08-22 08:31:06.998340200,0.039340200,0
'2026-08-22 08:31:06.998349300,0.039349300,1
'2026-08-22 08:31:06.998349400,0.039349400,0
'2026-08-22 08:31:06.998350800,0.039350800,1
'2026-08-22 08:31:06.998365400,0.039365400,0
'2026-08-22 08:31:06.998365700,0.039365700,1
'2026-08-22 08:31:06.998365800,0.039365800,0
'2026-08-22 08:31:06.998376900,0.039376900,1
'2026-08-22 08:31:06.998391800,0.039391800,0
'2026-08-22 08:31:06.998391900,0.039391900,1
'2026-08-22 08:31:06.998392100,0.039392100,0
'2026-08-22 08:31:06.998398900,0.039398900,1
'2026-08-22 08:31:06.998399000,0.039399000,0
'2026-08-22 08:31:06.998402900,0.039402900,1
'2026-08-22 08:31:06.998417800,0.039417800,0
'2026-08-22 08:31:06.998429000,0.039429000,1
'2026-08-22 08:31:06.998444000,0.039444000,0
'2026-08-22 08:31:06.998450300,0.039450300,1
'2026-08-22 08:31:06.998450400,0.039450400,0
'2026-08-22 08:31:06.998455100,0.039455100,1
'2026-08-22 08:31:06.998470000,0.039470000,0
'2026-08-22 08:31:06.998470100,0.039470100,1
'2026-08-22 08:31:06.998470400,0.039470400,0
'2026-08-22 08:31:06.998481200,0.039481200,1
'2026-08-22 08:31:06.998496000,0.039496000,0
'2026-08-22 08:31:06.998507300,0.039507300,1
'2026-08-22 08:31:06.998522400,0.039522400,0
'2026-08-22 08:31:06.998522700,0.039522700,1
'2026-08-22 08:31:06.998522900,0.039522900,0
'2026-08-22 08:31:06.998533400,0.039533400,1
'2026-08-22 08:31:06.998548100,0.039548100,0
'2026-08-22 08:31:06.998559500,0.039559500,1
'2026-08-22 08:31:06.998574400,0.039574400,0
'2026-08-22 08:31:06.998574500,0.039574500,1
'2026-08-22 08:31:06.998574600,0.039574600,0
'2026-08-22 08:31:06.998585600,0.039585600,1
'2026-08-22 08:31:06.998600900,0.039600900,0
'2026-08-22 08:31:06.998601100,0.039601100,1
'2026-08-22 08:31:06.998601200,0.039601200,0
'2026-08-22 08:31:06.998601600,0.039601600,1
'2026-08-22 08:31:06.998601700,0.039601700,0
'2026-08-22 08:31:06.998611700,0.039611700,1
'2026-08-22 08:31:06.998626500,0.039626500,0
'2026-08-22 08:31:06.998637800,0.039637800,1
'2026-08-22 08:31:06.998652800,0.039652800,0
'2026-08-22 08:31:06.998663900,0.039663900,1
'2026-08-22 08:31:06.998678800,0.039678800,0
'2026-08-22 08:31:06.998679900,0.039679900,1
'2026-08-22 08:31:06.998680000,0.039680000,0
'2026-08-22 08:31:06.998680500,0.039680500,1
'2026-08-22 08:31:06.998680600,0.039680600,0
'2026-08-22 08:31:06.998690000,0.039690000,1
'2026-08-22 08:31:06.999106900,0.040106900,0
'2026-08-22 08:31:06.999107300,0.040107300,1
'2026-08-22 08:31:06.999122000,0.040122000,0
'2026-08-22 08:31:06.999133400,0.040133400,1
'2026-08-22 08:31:06.999148400,0.040148400,0
'2026-08-22 08:31:06.999159500,0.040159500,1
'2026-08-22 08:31:06.999174600,0.040174600,0
'2026-08-22 08:31:06.999175100,0.040175100,1
'2026-08-22 08:31:06.999175200,0.040175200,0
'2026-08-22 08:31:06.999175700,0.040175700,1
'2026-08-22 08:31:06.999175800,0.040175800,0
'2026-08-22 08:31:06.999185600,0.040185600,1
'2026-08-22 08:31:06.999200200,0.040200200,0
'2026-08-22 08:31:06.999211700,0.040211700,1
'2026-08-22 08:31:06.999226600,0.040226600,0
'2026-08-22 08:31:06.999226700,0.040226700,1
'2026-08-22 08:31:06.999226800,0.040226800,0
'2026-08-22 08:31:06.999227100,0.040227100,1
'2026-08-22 08:31:06.999227200,0.040227200,0
'2026-08-22 08:31:06.999237800,0.040237800,1
'2026-08-22 08:31:06.999252500,0.040252500,0
'2026-08-22 08:31:06.999263900,0.040263900,1
'2026-08-22 08:31:06.999278700,0.040278700,0
'2026-08-22 08:31:06.999279000,0.040279000,1
'2026-08-22 08:31:06.999279100,0.040279100,0
'2026-08-22 08:31:06.999284000,0.040284000,1
'2026-08-22 08:31:06.999284100,0.040284100,0
'2026-08-22 08:31:06.999290000,0.040290000,1
'2026-08-22 08:31:06.999304800,0.040304800,0
'2026-08-22 08:31:06.999305300,0.040305300,1
'2026-08-22 08:31:06.999305400,0.040305400,0
'2026-08-22 08:31:06.999316100,0.040316100,1
'2026-08-22 08:31:06.999330700,0.040330700,0
'2026-08-22 08:31:06.999330800,0.040330800,1
'2026-08-22 08:31:06.999330900,0.040330900,0
'2026-08-22 08:31:06.999335700,0.040335700,1
'2026-08-22 08:31:06.999335800,0.040335800,0
'2026-08-22 08:31:06.999338700,0.040338700,1
'2026-08-22 08:31:06.999338800,0.040338800,0
'2026-08-22 08:31:06.999342100,0.040342100,1
'2026-08-22 08:31:06.999357400,0.040357400,0
'2026-08-22 08:31:06.999357900,0.040357900,1
'2026-08-22 08:31:06.999358000,0.040358000,0
'2026-08-22 08:31:06.999368000,0.040368000,1
'2026-08-22 08:31:06.999368100,0.040368100,0
'2026-08-22 08:31:06.999368200,0.040368200,1
'2026-08-22 08:31:06.999383100,0.040383100,0
'2026-08-22 08:31:06.999386500,0.040386500,1
'2026-08-22 08:31:06.999386600,0.040386600,0
'2026-08-22 08:31:06.999388000,0.040388000,1
'2026-08-22 08:31:06.999388100,0.040388100,0
'2026-08-22 08:31:06.999394300,0.040394300,1
'2026-08-22 08:31:06.999409400,0.040409400,0
'2026-08-22 08:31:06.999411800,0.040411800,1
'2026-08-22 08:31:06.999411900,0.040411900,0
'2026-08-22 08:31:06.999420400,0.040420400,1
'2026-08-22 08:31:06.999435300,0.040435300,0
'2026-08-22 08:31:06.999435500,0.040435500,1
'2026-08-22 08:31:06.999435700,0.040435700,0
'2026-08-22 08:31:06.999446500,0.040446500,1
'2026-08-22 08:31:06.999461300,0.040461300,0
'2026-08-22 08:31:06.999461500,0.040461500,1
'2026-08-22 08:31:06.999461600,0.040461600,0
'2026-08-22 08:31:06.999472600,0.040472600,1
'2026-08-22 08:31:06.999487600,0.040487600,0
'2026-08-22 08:31:06.999487700,0.040487700,1
'2026-08-22 08:31:06.999487800,0.040487800,0
'2026-08-22 08:31:06.999488100,0.040488100,1
'2026-08-22 08:31:06.999488200,0.040488200,0
'2026-08-22 08:31:06.999498200,0.040498200,1
'2026-08-22 08:31:06.999498300,0.040498300,0
'2026-08-22 08:31:06.999498700,0.040498700,1
'2026-08-22 08:31:06.999513500,0.040513500,0
'2026-08-22 08:31:06.999516000,0.040516000,1
'2026-08-22 08:31:07.000721700,0.041721700,0
'2026-08-22 08:31:07.000724600,0.041724600,1
'2026-08-22 08:31:07.000739300,0.041739300,0
'2026-08-22 08:31:07.000750700,0.041750700,1
'2026-08-22 08:31:07.000765600,0.041765600,0
'2026-08-22 08:31:07.000776800,0.041776800,1
'2026-08-22 08:31:07.000791500,0.041791500,0
'2026-08-22 08:31:07.000791700,0.041791700,1
'2026-08-22 08:31:07.000791800,0.041791800,0
'2026-08-22 08:31:07.000802900,0.041802900,1
'2026-08-22 08:31:07.000817600,0.041817600,0
'2026-08-22 08:31:07.000818800,0.041818800,1
'2026-08-22 08:31:07.000818900,0.041818900,0
'2026-08-22 08:31:07.000829000,0.041829000,1
'2026-08-22 08:31:07.000843600,0.041843600,0
'2026-08-22 08:31:07.000843700,0.041843700,1
'2026-08-22 08:31:07.000843800,0.041843800,0
'2026-08-22 08:31:07.000850700,0.041850700,1
'2026-08-22 08:31:07.000850800,0.041850800,0
'2026-08-22 08:31:07.000853000,0.041853000,1
'2026-08-22 08:31:07.000853100,0.041853100,0
'2026-08-22 08:31:07.000855100,0.041855100,1
'2026-08-22 08:31:07.000869800,0.041869800,0
'2026-08-22 08:31:07.000869900,0.041869900,1
'2026-08-22 08:31:07.000870000,0.041870000,0
'2026-08-22 08:31:07.000881200,0.041881200,1
'2026-08-22 08:31:07.000895900,0.041895900,0
'2026-08-22 08:31:07.000907300,0.041907300,1
'2026-08-22 08:31:07.000922200,0.041922200,0
'2026-08-22 08:31:07.000922500,0.041922500,1
'2026-08-22 08:31:07.000922600,0.041922600,0
'2026-08-22 08:31:07.000927800,0.041927800,1
'2026-08-22 08:31:07.000927900,0.041927900,0
'2026-08-22 08:31:07.000933400,0.041933400,1
'2026-08-22 08:31:07.000948000,0.041948000,0
'2026-08-22 08:31:07.000948200,0.041948200,1
'2026-08-22 08:31:07.000948300,0.041948300,0
'2026-08-22 08:31:07.000959500,0.041959500,1
'2026-08-22 08:31:07.000974300,0.041974300,0
'2026-08-22 08:31:07.000974400,0.041974400,1
'2026-08-22 08:31:07.000974600,0.041974600,0
'2026-08-22 08:31:07.000974900,0.041974900,1
'2026-08-22 08:31:07.000975000,0.041975000,0
'2026-08-22 08:31:07.000985600,0.041985600,1
'2026-08-22 08:31:07.001000300,0.042000300,0
'2026-08-22 08:31:07.001000700,0.042000700,1
'2026-08-22 08:31:07.001000800,0.042000800,0
'2026-08-22 08:31:07.001011700,0.042011700,1
'2026-08-22 08:31:07.001026600,0.042026600,0
'2026-08-22 08:31:07.001037800,0.042037800,1
'2026-08-22 08:31:07.001052600,0.042052600,0
'2026-08-22 08:31:07.001052700,0.042052700,1
'2026-08-22 08:31:07.001052800,0.042052800,0
'2026-08-22 08:31:07.001063900,0.042063900,1
'2026-08-22 08:31:07.001078600,0.042078600,0
'2026-08-22 08:31:07.001089900,0.042089900,1
'2026-08-22 08:31:07.001104800,0.042104800,0
'2026-08-22 08:31:07.001108800,0.042108800,1
'2026-08-22 08:31:07.001108900,0.042108900,0
'2026-08-22 08:31:07.001116000,0.042116000,1
'2026-08-22 08:31:07.001130700,0.042130700,0
'2026-08-22 08:31:07.001131000,0.042131000,1
'2026-08-22 08:31:07.001548100,0.042548100,0
'2026-08-22 08:31:07.001559500,0.042559500,1
'2026-08-22 08:31:07.001574000,0.042574000,0
'2026-08-22 08:31:07.001574200,0.042574200,1
'2026-08-22 08:31:07.001574300,0.042574300,0
'2026-08-22 08:31:07.001585500,0.042585500,1
'2026-08-22 08:31:07.001600200,0.042600200,0
'2026-08-22 08:31:07.001600400,0.042600400,1
'2026-08-22 08:31:07.001600500,0.042600500,0
'2026-08-22 08:31:07.001604500,0.042604500,1
'2026-08-22 08:31:07.001604700,0.042604700,0
'2026-08-22 08:31:07.001611600,0.042611600,1
'2026-08-22 08:31:07.001626600,0.042626600,0
'2026-08-22 08:31:07.001637700,0.042637700,1
'2026-08-22 08:31:07.001652400,0.042652400,0
'2026-08-22 08:31:07.001663800,0.042663800,1
'2026-08-22 08:31:07.001678900,0.042678900,0
'2026-08-22 08:31:07.001679300,0.042679300,1
'2026-08-22 08:31:07.001679400,0.042679400,0
'2026-08-22 08:31:07.001687400,0.042687400,1
'2026-08-22 08:31:07.001687500,0.042687500,0
'2026-08-22 08:31:07.001689900,0.042689900,1
'2026-08-22 08:31:07.001704600,0.042704600,0
'2026-08-22 08:31:07.001716000,0.042716000,1
'2026-08-22 08:31:07.001730900,0.042730900,0
'2026-08-22 08:31:07.001742100,0.042742100,1
'2026-08-22 08:31:07.001757100,0.042757100,0
'2026-08-22 08:31:07.001768200,0.042768200,1
'2026-08-22 08:31:07.001783000,0.042783000,0
'2026-08-22 08:31:07.001794300,0.042794300,1
'2026-08-22 08:31:07.001809100,0.042809100,0
'2026-08-22 08:31:07.001820400,0.042820400,1
'2026-08-22 08:31:07.001835300,0.042835300,0
'2026-08-22 08:31:07.001846500,0.042846500,1
'2026-08-22 08:31:07.001861300,0.042861300,0
'2026-08-22 08:31:07.001861500,0.042861500,1
'2026-08-22 08:31:07.001861600,0.042861600,0
'2026-08-22 08:31:07.001872600,0.042872600,1
'2026-08-22 08:31:07.001887600,0.042887600,0
'2026-08-22 08:31:07.001887800,0.042887800,1
'2026-08-22 08:31:07.001888000,0.042888000,0
'2026-08-22 08:31:07.001898600,0.042898600,1
'2026-08-22 08:31:07.001913400,0.042913400,0
'2026-08-22 08:31:07.001913500,0.042913500,1
'2026-08-22 08:31:07.001913600,0.042913600,0
'2026-08-22 08:31:07.001924700,0.042924700,1
'2026-08-22 08:31:07.001939900,0.042939900,0
'2026-08-22 08:31:07.001940400,0.042940400,1
'2026-08-22 08:31:07.001940500,0.042940500,0
'2026-08-22 08:31:07.001941500,0.042941500,1
'2026-08-22 08:31:07.001941600,0.042941600,0
'2026-08-22 08:31:07.001950800,0.042950800,1
'2026-08-22 08:31:07.002382800,0.043382800,0
'2026-08-22 08:31:07.002383100,0.043383100,1
'2026-08-22 08:31:07.002383200,0.043383200,0
'2026-08-22 08:31:07.002394200,0.043394200,1
'2026-08-22 08:31:07.002408900,0.043408900,0
'2026-08-22 08:31:07.002420300,0.043420300,1
'2026-08-22 08:31:07.002435200,0.043435200,0
'2026-08-22 08:31:07.002446400,0.043446400,1
'2026-08-22 08:31:07.002461100,0.043461100,0
'2026-08-22 08:31:07.002461200,0.043461200,1
'2026-08-22 08:31:07.002461500,0.043461500,0
'2026-08-22 08:31:07.002472500,0.043472500,1
'2026-08-22 08:31:07.002487200,0.043487200,0
'2026-08-22 08:31:07.002498600,0.043498600,1
'2026-08-22 08:31:07.002513500,0.043513500,0
'2026-08-22 08:31:07.002516100,0.043516100,1
'2026-08-22 08:31:07.002516200,0.043516200,0
'2026-08-22 08:31:07.002524700,0.043524700,1
'2026-08-22 08:31:07.002539400,0.043539400,0
'2026-08-22 08:31:07.002550800,0.043550800,1
'2026-08-22 08:31:07.002565400,0.043565400,0
'2026-08-22 08:31:07.002574400,0.043574400,1
'2026-08-22 08:31:07.002574500,0.043574500,0
'2026-08-22 08:31:07.002576900,0.043576900,1
'2026-08-22 08:31:07.002591700,0.043591700,0
'2026-08-22 08:31:07.002603000,0.043603000,1
'2026-08-22 08:31:07.002617800,0.043617800,0
'2026-08-22 08:31:07.002629100,0.043629100,1
'2026-08-22 08:31:07.002643700,0.043643700,0
'2026-08-22 08:31:07.002643800,0.043643800,1
'2026-08-22 08:31:07.002643900,0.043643900,0
'2026-08-22 08:31:07.002644100,0.043644100,1
'2026-08-22 08:31:07.002644200,0.043644200,0
'2026-08-22 08:31:07.002644700,0.043644700,1
'2026-08-22 08:31:07.002644800,0.043644800,0
'2026-08-22 08:31:07.002645300,0.043645300,1
'2026-08-22 08:31:07.002645400,0.043645400,0
'2026-08-22 08:31:07.002654100,0.043654100,1
'2026-08-22 08:31:07.002654200,0.043654200,0
'2026-08-22 08:31:07.002655200,0.043655200,1
'2026-08-22 08:31:07.002670200,0.043670200,0
'2026-08-22 08:31:07.002670400,0.043670400,1
'2026-08-22 08:31:07.002670500,0.043670500,0
'2026-08-22 08:31:07.002681200,0.043681200,1
'2026-08-22 08:31:07.002695900,0.043695900,0
'2026-08-22 08:31:07.002700100,0.043700100,1
'2026-08-22 08:31:07.002700200,0.043700200,0
'2026-08-22 08:31:07.002707300,0.043707300,1
'2026-08-22 08:31:07.002722200,0.043722200,0
'2026-08-22 08:31:07.002733400,0.043733400,1
'2026-08-22 08:31:07.002748200,0.043748200,0
'2026-08-22 08:31:07.002759500,0.043759500,1
'2026-08-22 08:31:07.002774600,0.043774600,0
'2026-08-22 08:31:07.002775000,0.043775000,1
'2026-08-22 08:31:07.002775100,0.043775100,0
'2026-08-22 08:31:07.002778300,0.043778300,1
'2026-08-22 08:31:07.003192700,0.044192700,0
'2026-08-22 08:31:07.003193100,0.044193100,1
'2026-08-22 08:31:07.003193200,0.044193200,0
'2026-08-22 08:31:07.003202900,0.044202900,1
'2026-08-22 08:31:07.003217800,0.044217800,0
'2026-08-22 08:31:07.003229000,0.044229000,1
'2026-08-22 08:31:07.003243800,0.044243800,0
'2026-08-22 08:31:07.003243900,0.044243900,1
'2026-08-22 08:31:07.003244100,0.044244100,0
'2026-08-22 08:31:07.003255100,0.044255100,1
'2026-08-22 08:31:07.003269900,0.044269900,0
'2026-08-22 08:31:07.003281200,0.044281200,1
'2026-08-22 08:31:07.003295800,0.044295800,0
'2026-08-22 08:31:07.003295900,0.044295900,1
'2026-08-22 08:31:07.003296000,0.044296000,0
'2026-08-22 08:31:07.003296100,0.044296100,1
'2026-08-22 08:31:07.003296200,0.044296200,0
'2026-08-22 08:31:07.003296500,0.044296500,1
'2026-08-22 08:31:07.003296600,0.044296600,0
'2026-08-22 08:31:07.003298900,0.044298900,1
'2026-08-22 08:31:07.003299000,0.044299000,0
'2026-08-22 08:31:07.003299600,0.044299600,1
'2026-08-22 08:31:07.003299700,0.044299700,0
'2026-08-22 08:31:07.003307300,0.044307300,1
'2026-08-22 08:31:07.003322000,0.044322000,0
'2026-08-22 08:31:07.003322200,0.044322200,1
'2026-08-22 08:31:07.003322300,0.044322300,0
'2026-08-22 08:31:07.003333400,0.044333400,1
'2026-08-22 08:31:07.003348300,0.044348300,0
'2026-08-22 08:31:07.003349100,0.044349100,1
'2026-08-22 08:31:07.003349200,0.044349200,0
'2026-08-22 08:31:07.003359500,0.044359500,1
'2026-08-22 08:31:07.003374300,0.044374300,0
'2026-08-22 08:31:07.003375800,0.044375800,1
'2026-08-22 08:31:07.003375900,0.044375900,0
'2026-08-22 08:31:07.003385600,0.044385600,1
'2026-08-22 08:31:07.003400900,0.044400900,0
'2026-08-22 08:31:07.003411700,0.044411700,1
'2026-08-22 08:31:07.003426400,0.044426400,0
'2026-08-22 08:31:07.003427300,0.044427300,1
'2026-08-22 08:31:07.003427400,0.044427400,0
'2026-08-22 08:31:07.003437800,0.044437800,1
'2026-08-22 08:31:07.003452600,0.044452600,0
'2026-08-22 08:31:07.003463900,0.044463900,1
'2026-08-22 08:31:07.003478900,0.044478900,0
'2026-08-22 08:31:07.003490000,0.044490000,1
'2026-08-22 08:31:07.003505200,0.044505200,0
'2026-08-22 08:31:07.003516100,0.044516100,1
'2026-08-22 08:31:07.003530800,0.044530800,0
'2026-08-22 08:31:07.003531300,0.044531300,1
'2026-08-22 08:31:07.003531400,0.044531400,0
'2026-08-22 08:31:07.003536500,0.044536500,1
'2026-08-22 08:31:07.003536600,0.044536600,0
'2026-08-22 08:31:07.003542200,0.044542200,1
'2026-08-22 08:31:07.003557200,0.044557200,0
'2026-08-22 08:31:07.003557600,0.044557600,1
'2026-08-22 08:31:07.003557700,0.044557700,0
'2026-08-22 08:31:07.003568300,0.044568300,1
'2026-08-22 08:31:07.003583000,0.044583000,0
'2026-08-22 08:31:07.003583300,0.044583300,1
'2026-08-22 08:31:07.003583400,0.044583400,0
'2026-08-22 08:31:07.003594400,0.044594400,1
'2026-08-22 08:31:07.004026400,0.045026400,0
'2026-08-22 08:31:07.004037800,0.045037800,1
'2026-08-22 08:31:07.004052400,0.045052400,0
'2026-08-22 08:31:07.004054100,0.045054100,1
'2026-08-22 08:31:07.004054200,0.045054200,0
'2026-08-22 08:31:07.004063900,0.045063900,1
'2026-08-22 08:31:07.004078700,0.045078700,0
'2026-08-22 08:31:07.004090000,0.045090000,1
'2026-08-22 08:31:07.004104600,0.045104600,0
'2026-08-22 08:31:07.004116000,0.045116000,1
'2026-08-22 08:31:07.004131100,0.045131100,0
'2026-08-22 08:31:07.004142100,0.045142100,1
'2026-08-22 08:31:07.004156800,0.045156800,0
'2026-08-22 08:31:07.004157800,0.045157800,1
'2026-08-22 08:31:07.004157900,0.045157900,0
'2026-08-22 08:31:07.004168200,0.045168200,1
'2026-08-22 08:31:07.004183200,0.045183200,0
'2026-08-22 08:31:07.004183800,0.045183800,1
'2026-08-22 08:31:07.004183900,0.045183900,0
'2026-08-22 08:31:07.004193500,0.045193500,1
'2026-08-22 08:31:07.004193600,0.045193600,0
'2026-08-22 08:31:07.004194300,0.045194300,1
'2026-08-22 08:31:07.004208900,0.045208900,0
'2026-08-22 08:31:07.004209100,0.045209100,1
'2026-08-22 08:31:07.004209300,0.045209300,0
'2026-08-22 08:31:07.004220400,0.045220400,1
'2026-08-22 08:31:07.004235200,0.045235200,0
'2026-08-22 08:31:07.004235500,0.045235500,1
'2026-08-22 08:31:07.004235600,0.045235600,0
'2026-08-22 08:31:07.004246500,0.045246500,1
'2026-08-22 08:31:07.004261500,0.045261500,0
'2026-08-22 08:31:07.004272600,0.045272600,1
'2026-08-22 08:31:07.004287200,0.045287200,0
'2026-08-22 08:31:07.004291500,0.045291500,1
'2026-08-22 08:31:07.004291600,0.045291600,0
'2026-08-22 08:31:07.004298700,0.045298700,1
'2026-08-22 08:31:07.004313500,0.045313500,0
'2026-08-22 08:31:07.004313600,0.045313600,1
'2026-08-22 08:31:07.004313800,0.045313800,0
'2026-08-22 08:31:07.004314300,0.045314300,1
'2026-08-22 08:31:07.004314400,0.045314400,0
'2026-08-22 08:31:07.004324800,0.045324800,1
'2026-08-22 08:31:07.004339600,0.045339600,0
'2026-08-22 08:31:07.004342300,0.045342300,1
'2026-08-22 08:31:07.004342400,0.045342400,0
'2026-08-22 08:31:07.004350900,0.045350900,1
'2026-08-22 08:31:07.004365800,0.045365800,0
'2026-08-22 08:31:07.004377000,0.045377000,1
'2026-08-22 08:31:07.004392200,0.045392200,0
'2026-08-22 08:31:07.004403100,0.045403100,1
'2026-08-22 08:31:07.004417800,0.045417800,0
'2026-08-22 08:31:07.004425300,0.045425300,1
'2026-08-22 08:31:07.005643600,0.046643600,0
'2026-08-22 08:31:07.005655100,0.046655100,1
'2026-08-22 08:31:07.005669800,0.046669800,0
'2026-08-22 08:31:07.005670100,0.046670100,1
'2026-08-22 08:31:07.005670200,0.046670200,0
'2026-08-22 08:31:07.005681200,0.046681200,1
'2026-08-22 08:31:07.005695900,0.046695900,0
'2026-08-22 08:31:07.005707300,0.046707300,1
'2026-08-22 08:31:07.005722200,0.046722200,0
'2026-08-22 08:31:07.005732000,0.046732000,1
'2026-08-22 08:31:07.005732100,0.046732100,0
'2026-08-22 08:31:07.005733400,0.046733400,1
'2026-08-22 08:31:07.005748200,0.046748200,0
'2026-08-22 08:31:07.005748300,0.046748300,1
'2026-08-22 08:31:07.005748500,0.046748500,0
'2026-08-22 08:31:07.005759500,0.046759500,1
'2026-08-22 08:31:07.005774200,0.046774200,0
'2026-08-22 08:31:07.005785600,0.046785600,1
'2026-08-22 08:31:07.005800400,0.046800400,0
'2026-08-22 08:31:07.005811700,0.046811700,1
'2026-08-22 08:31:07.005826400,0.046826400,0
'2026-08-22 08:31:07.005837800,0.046837800,1
'2026-08-22 08:31:07.005852500,0.046852500,0
'2026-08-22 08:31:07.005863900,0.046863900,1
'2026-08-22 08:31:07.005878800,0.046878800,0
'2026-08-22 08:31:07.005879100,0.046879100,1
'2026-08-22 08:31:07.005879200,0.046879200,0
'2026-08-22 08:31:07.005890000,0.046890000,1
'2026-08-22 08:31:07.005904700,0.046904700,0
'2026-08-22 08:31:07.005916100,0.046916100,1
'2026-08-22 08:31:07.005930800,0.046930800,0
'2026-08-22 08:31:07.005930900,0.046930900,1
'2026-08-22 08:31:07.005931000,0.046931000,0
'2026-08-22 08:31:07.005931100,0.046931100,1
'2026-08-22 08:31:07.005931200,0.046931200,0
'2026-08-22 08:31:07.005942200,0.046942200,1
'2026-08-22 08:31:07.005956900,0.046956900,0
'2026-08-22 08:31:07.005957900,0.046957900,1
'2026-08-22 08:31:07.005958000,0.046958000,0
'2026-08-22 08:31:07.005963700,0.046963700,1
'2026-08-22 08:31:07.005963800,0.046963800,0
'2026-08-22 08:31:07.005968300,0.046968300,1
'2026-08-22 08:31:07.005983100,0.046983100,0
'2026-08-22 08:31:07.005984700,0.046984700,1
'2026-08-22 08:31:07.005984800,0.046984800,0
'2026-08-22 08:31:07.005994400,0.046994400,1
'2026-08-22 08:31:07.006009000,0.047009000,0
'2026-08-22 08:31:07.006009100,0.047009100,1
'2026-08-22 08:31:07.006009300,0.047009300,0
'2026-08-22 08:31:07.006020500,0.047020500,1
'2026-08-22 08:31:07.006035400,0.047035400,0
'2026-08-22 08:31:07.006035500,0.047035500,1
'2026-08-22 08:31:07.006035600,0.047035600,0
'2026-08-22 08:31:07.006040400,0.047040400,1
'2026-08-22 08:31:07.006462600,0.047462600,0
'2026-08-22 08:31:07.006463900,0.047463900,1
'2026-08-22 08:31:07.006478400,0.047478400,0
'2026-08-22 08:31:07.006478500,0.047478500,1
'2026-08-22 08:31:07.006478600,0.047478600,0
'2026-08-22 08:31:07.006490000,0.047490000,1
'2026-08-22 08:31:07.006504600,0.047504600,0
'2026-08-22 08:31:07.006516100,0.047516100,1
'2026-08-22 08:31:07.006530800,0.047530800,0
'2026-08-22 08:31:07.006542200,0.047542200,1
'2026-08-22 08:31:07.006557100,0.047557100,0
'2026-08-22 08:31:07.006568300,0.047568300,1
'2026-08-22 08:31:07.006583000,0.047583000,0
'2026-08-22 08:31:07.006583100,0.047583100,1
'2026-08-22 08:31:07.006583300,0.047583300,0
'2026-08-22 08:31:07.006583700,0.047583700,1
'2026-08-22 08:31:07.006583800,0.047583800,0
'2026-08-22 08:31:07.006594400,0.047594400,1
'2026-08-22 08:31:07.006609100,0.047609100,0
'2026-08-22 08:31:07.006620500,0.047620500,1
'2026-08-22 08:31:07.006635300,0.047635300,0
'2026-08-22 08:31:07.006646600,0.047646600,1
'2026-08-22 08:31:07.006661600,0.047661600,0
'2026-08-22 08:31:07.006672700,0.047672700,1
'2026-08-22 08:31:07.006687500,0.047687500,0
'2026-08-22 08:31:07.006687700,0.047687700,1
'2026-08-22 08:31:07.006687800,0.047687800,0
'2026-08-22 08:31:07.006698800,0.047698800,1
'2026-08-22 08:31:07.006713700,0.047713700,0
'2026-08-22 08:31:07.006714000,0.047714000,1
'2026-08-22 08:31:07.006714100,0.047714100,0
'2026-08-22 08:31:07.006714500,0.047714500,1
'2026-08-22 08:31:07.006714600,0.047714600,0
'2026-08-22 08:31:07.006715000,0.047715000,1
'2026-08-22 08:31:07.006715100,0.047715100,0
'2026-08-22 08:31:07.006724900,0.047724900,1
'2026-08-22 08:31:07.006739500,0.047739500,0
'2026-08-22 08:31:07.006739700,0.047739700,1
'2026-08-22 08:31:07.006739800,0.047739800,0
'2026-08-22 08:31:07.006751000,0.047751000,1
'2026-08-22 08:31:07.006765800,0.047765800,0
'2026-08-22 08:31:07.006765900,0.047765900,1
'2026-08-22 08:31:07.006766000,0.047766000,0
'2026-08-22 08:31:07.006774000,0.047774000,1
'2026-08-22 08:31:07.006774100,0.047774100,0
'2026-08-22 08:31:07.006777000,0.047777000,1
'2026-08-22 08:31:07.006791900,0.047791900,0
'2026-08-22 08:31:07.006792200,0.047792200,1
'2026-08-22 08:31:07.006792300,0.047792300,0
'2026-08-22 08:31:07.006803100,0.047803100,1
'2026-08-22 08:31:07.006818000,0.047818000,0
'2026-08-22 08:31:07.006826100,0.047826100,1
'2026-08-22 08:31:07.006826200,0.047826200,0
'2026-08-22 08:31:07.006829200,0.047829200,1
'2026-08-22 08:31:07.006844000,0.047844000,0
'2026-08-22 08:31:07.006855300,0.047855300,1
'2026-08-22 08:31:07.007287600,0.048287600,0
'2026-08-22 08:31:07.007287700,0.048287700,1
'2026-08-22 08:31:07.007287800,0.048287800,0
'2026-08-22 08:31:07.007298700,0.048298700,1
'2026-08-22 08:31:07.007313300,0.048313300,0
'2026-08-22 08:31:07.007324800,0.048324800,1
'2026-08-22 08:31:07.007339600,0.048339600,0
'2026-08-22 08:31:07.007350900,0.048350900,1
'2026-08-22 08:31:07.007365600,0.048365600,0
'2026-08-22 08:31:07.007365700,0.048365700,1
'2026-08-22 08:31:07.007365900,0.048365900,0
'2026-08-22 08:31:07.007377000,0.048377000,1
'2026-08-22 08:31:07.007391600,0.048391600,0
'2026-08-22 08:31:07.007391700,0.048391700,1
'2026-08-22 08:31:07.007391800,0.048391800,0
'2026-08-22 08:31:07.007403100,0.048403100,1
'2026-08-22 08:31:07.007418000,0.048418000,0
'2026-08-22 08:31:07.007429200,0.048429200,1
'2026-08-22 08:31:07.007444100,0.048444100,0
'2026-08-22 08:31:07.007444500,0.048444500,1
'2026-08-22 08:31:07.007444600,0.048444600,0
'2026-08-22 08:31:07.007455300,0.048455300,1
'2026-08-22 08:31:07.007470000,0.048470000,0
'2026-08-22 08:31:07.007481400,0.048481400,1
'2026-08-22 08:31:07.007496300,0.048496300,0
'2026-08-22 08:31:07.007496500,0.048496500,1
'2026-08-22 08:31:07.007496600,0.048496600,0
'2026-08-22 08:31:07.007497700,0.048497700,1
'2026-08-22 08:31:07.007497800,0.048497800,0
'2026-08-22 08:31:07.007507500,0.048507500,1
'2026-08-22 08:31:07.007522300,0.048522300,0
'2026-08-22 08:31:07.007533600,0.048533600,1
'2026-08-22 08:31:07.007548700,0.048548700,0
'2026-08-22 08:31:07.007559700,0.048559700,1
'2026-08-22 08:31:07.007574400,0.048574400,0
'2026-08-22 08:31:07.007585800,0.048585800,1
'2026-08-22 08:31:07.007601000,0.048601000,0
'2026-08-22 08:31:07.007601100,0.048601100,1
'2026-08-22 08:31:07.007601200,0.048601200,0
'2026-08-22 08:31:07.007611900,0.048611900,1
'2026-08-22 08:31:07.007626700,0.048626700,0
'2026-08-22 08:31:07.007626800,0.048626800,1
'2026-08-22 08:31:07.007626900,0.048626900,0
'2026-08-22 08:31:07.007627900,0.048627900,1
'2026-08-22 08:31:07.007628000,0.048628000,0
'2026-08-22 08:31:07.007638000,0.048638000,1
'2026-08-22 08:31:07.007652700,0.048652700,0
'2026-08-22 08:31:07.007664100,0.048664100,1
'2026-08-22 08:31:07.007679200,0.048679200,0
'2026-08-22 08:31:07.007679300,0.048679300,1
'2026-08-22 08:31:07.007679400,0.048679400,0
'2026-08-22 08:31:07.007679900,0.048679900,1
'2026-08-22 08:31:07.007680000,0.048680000,0
'2026-08-22 08:31:07.007687900,0.048687900,1
'2026-08-22 08:31:07.008122300,0.049122300,0
'2026-08-22 08:31:07.008133600,0.049133600,1
'2026-08-22 08:31:07.008148200,0.049148200,0
'2026-08-22 08:31:07.008159700,0.049159700,1
'2026-08-22 08:31:07.008174400,0.049174400,0
'2026-08-22 08:31:07.008174700,0.049174700,1
'2026-08-22 08:31:07.008174800,0.049174800,0
'2026-08-22 08:31:07.008185800,0.049185800,1
'2026-08-22 08:31:07.008200900,0.049200900,0
'2026-08-22 08:31:07.008202700,0.049202700,1
'2026-08-22 08:31:07.008202900,0.049202900,0
'2026-08-22 08:31:07.008211900,0.049211900,1
'2026-08-22 08:31:07.008226500,0.049226500,0
'2026-08-22 08:31:07.008238000,0.049238000,1
'2026-08-22 08:31:07.008252800,0.049252800,0
'2026-08-22 08:31:07.008252900,0.049252900,1
'2026-08-22 08:31:07.008253100,0.049253100,0
'2026-08-22 08:31:07.008253600,0.049253600,1
'2026-08-22 08:31:07.008253700,0.049253700,0
'2026-08-22 08:31:07.008254800,0.049254800,1
'2026-08-22 08:31:07.008254900,0.049254900,0
'2026-08-22 08:31:07.008264100,0.049264100,1
'2026-08-22 08:31:07.008278800,0.049278800,0
'2026-08-22 08:31:07.008290100,0.049290100,1
'2026-08-22 08:31:07.008305300,0.049305300,0
'2026-08-22 08:31:07.008315000,0.049315000,1
'2026-08-22 08:31:07.008315100,0.049315100,0
'2026-08-22 08:31:07.008316200,0.049316200,1
'2026-08-22 08:31:07.008330800,0.049330800,0
'2026-08-22 08:31:07.008333600,0.049333600,1
'2026-08-22 08:31:07.008333700,0.049333700,0
'2026-08-22 08:31:07.008342300,0.049342300,1
'2026-08-22 08:31:07.008357100,0.049357100,0
'2026-08-22 08:31:07.008368400,0.049368400,1
'2026-08-22 08:31:07.008383200,0.049383200,0
'2026-08-22 08:31:07.008383300,0.049383300,1
'2026-08-22 08:31:07.008383500,0.049383500,0
'2026-08-22 08:31:07.008383900,0.049383900,1
'2026-08-22 08:31:07.008384000,0.049384000,0
'2026-08-22 08:31:07.008385000,0.049385000,1
'2026-08-22 08:31:07.008385100,0.049385100,0
'2026-08-22 08:31:07.008394500,0.049394500,1
'2026-08-22 08:31:07.008409200,0.049409200,0
'2026-08-22 08:31:07.008420600,0.049420600,1
'2026-08-22 08:31:07.008435600,0.049435600,0
'2026-08-22 08:31:07.008435900,0.049435900,1
'2026-08-22 08:31:07.008436000,0.049436000,0
'2026-08-22 08:31:07.008446700,0.049446700,1
'2026-08-22 08:31:07.008461400,0.049461400,0
'2026-08-22 08:31:07.008461600,0.049461600,1
'2026-08-22 08:31:07.008461800,0.049461800,0
'2026-08-22 08:31:07.008465100,0.049465100,1
'2026-08-22 08:31:07.008465200,0.049465200,0
'2026-08-22 08:31:07.008472800,0.049472800,1
'2026-08-22 08:31:07.008487600,0.049487600,0
'2026-08-22 08:31:07.008487900,0.049487900,1
'2026-08-22 08:31:07.008488000,0.049488000,0
'2026-08-22 08:31:07.008492500,0.049492500,1
'2026-08-22 08:31:07.008492600,0.049492600,0
'2026-08-22 08:31:07.008498900,0.049498900,1
'2026-08-22 08:31:07.008933600,0.049933600,0
'2026-08-22 08:31:07.008933800,0.049933800,1
'2026-08-22 08:31:07.008933900,0.049933900,0
'2026-08-22 08:31:07.008942300,0.049942300,1
'2026-08-22 08:31:07.008957000,0.049957000,0
'2026-08-22 08:31:07.008968400,0.049968400,1
'2026-08-22 08:31:07.008983300,0.049983300,0
'2026-08-22 08:31:07.008994500,0.049994500,1
'2026-08-22 08:31:07.009009400,0.050009400,0
'2026-08-22 08:31:07.009020600,0.050020600,1
'2026-08-22 08:31:07.009035400,0.050035400,0
'2026-08-22 08:31:07.009035500,0.050035500,1
'2026-08-22 08:31:07.009035600,0.050035600,0
'2026-08-22 08:31:07.009036100,0.050036100,1
'2026-08-22 08:31:07.009036200,0.050036200,0
'2026-08-22 08:31:07.009046700,0.050046700,1
'2026-08-22 08:31:07.009061300,0.050061300,0
'2026-08-22 08:31:07.009061400,0.050061400,1
'2026-08-22 08:31:07.009061600,0.050061600,0
'2026-08-22 08:31:07.009068500,0.050068500,1
'2026-08-22 08:31:07.009068600,0.050068600,0
'2026-08-22 08:31:07.009072800,0.050072800,1
'2026-08-22 08:31:07.009087700,0.050087700,0
'2026-08-22 08:31:07.009087900,0.050087900,1
'2026-08-22 08:31:07.009088000,0.050088000,0
'2026-08-22 08:31:07.009088100,0.050088100,1
'2026-08-22 08:31:07.009088200,0.050088200,0
'2026-08-22 08:31:07.009098900,0.050098900,1
'2026-08-22 08:31:07.009113500,0.050113500,0
'2026-08-22 08:31:07.009124900,0.050124900,1
'2026-08-22 08:31:07.009139800,0.050139800,0
'2026-08-22 08:31:07.009140000,0.050140000,1
'2026-08-22 08:31:07.009140100,0.050140100,0
'2026-08-22 08:31:07.009151100,0.050151100,1
'2026-08-22 08:31:07.009165800,0.050165800,0
'2026-08-22 08:31:07.009166300,0.050166300,1
'2026-08-22 08:31:07.009166400,0.050166400,0
'2026-08-22 08:31:07.009167500,0.050167500,1
'2026-08-22 08:31:07.009167600,0.050167600,0
'2026-08-22 08:31:07.009171700,0.050171700,1
'2026-08-22 08:31:07.009171800,0.050171800,0
'2026-08-22 08:31:07.009177200,0.050177200,1
'2026-08-22 08:31:07.009192100,0.050192100,0
'2026-08-22 08:31:07.009203200,0.050203200,1
'2026-08-22 08:31:07.009218000,0.050218000,0
'2026-08-22 08:31:07.009218300,0.050218300,1
'2026-08-22 08:31:07.009218400,0.050218400,0
'2026-08-22 08:31:07.009220100,0.050220100,1
'2026-08-22 08:31:07.009220200,0.050220200,0
'2026-08-22 08:31:07.009229300,0.050229300,1
'2026-08-22 08:31:07.009244200,0.050244200,0
'2026-08-22 08:31:07.009247500,0.050247500,1
'2026-08-22 08:31:07.009247600,0.050247600,0
'2026-08-22 08:31:07.009255400,0.050255400,1
'2026-08-22 08:31:07.009270400,0.050270400,0
'2026-08-22 08:31:07.009270800,0.050270800,1
'2026-08-22 08:31:07.009270900,0.050270900,0
'2026-08-22 08:31:07.009281500,0.050281500,1
'2026-08-22 08:31:07.009296400,0.050296400,0
'2026-08-22 08:31:07.009296500,0.050296500,1
'2026-08-22 08:31:07.009296600,0.050296600,0
'2026-08-22 08:31:07.009307600,0.050307600,1
'2026-08-22 08:31:07.009322300,0.050322300,0
'2026-08-22 08:31:07.009333700,0.050333700,1
'2026-08-22 08:31:07.009765700,0.050765700,0
'2026-08-22 08:31:07.009766100,0.050766100,1
'2026-08-22 08:31:07.009766200,0.050766200,0
'2026-08-22 08:31:07.009777100,0.050777100,1
'2026-08-22 08:31:07.009791900,0.050791900,0
'2026-08-22 08:31:07.009803200,0.050803200,1
'2026-08-22 08:31:07.009818200,0.050818200,0
'2026-08-22 08:31:07.009829300,0.050829300,1
'2026-08-22 08:31:07.009844200,0.050844200,0
'2026-08-22 08:31:07.009844300,0.050844300,1
'2026-08-22 08:31:07.009844400,0.050844400,0
'2026-08-22 08:31:07.009850800,0.050850800,1
'2026-08-22 08:31:07.009850900,0.050850900,0
'2026-08-22 08:31:07.009855400,0.050855400,1
'2026-08-22 08:31:07.009870200,0.050870200,0
'2026-08-22 08:31:07.009870300,0.050870300,1
'2026-08-22 08:31:07.009870400,0.050870400,0
'2026-08-22 08:31:07.009881500,0.050881500,1
'2026-08-22 08:31:07.009896400,0.050896400,0
'2026-08-22 08:31:07.009907600,0.050907600,1
'2026-08-22 08:31:07.009922400,0.050922400,0
'2026-08-22 08:31:07.009922500,0.050922500,1
'2026-08-22 08:31:07.009922600,0.050922600,0
'2026-08-22 08:31:07.009933700,0.050933700,1
'2026-08-22 08:31:07.009948400,0.050948400,0
'2026-08-22 08:31:07.009959800,0.050959800,1
'2026-08-22 08:31:07.009974800,0.050974800,0
'2026-08-22 08:31:07.009975000,0.050975000,1
'2026-08-22 08:31:07.009975200,0.050975200,0
'2026-08-22 08:31:07.009975900,0.050975900,1
'2026-08-22 08:31:07.009976000,0.050976000,0
'2026-08-22 08:31:07.009985900,0.050985900,1
'2026-08-22 08:31:07.010000600,0.051000600,0
'2026-08-22 08:31:07.010000700,0.051000700,1
'2026-08-22 08:31:07.010000900,0.051000900,0
'2026-08-22 08:31:07.010001400,0.051001400,1
'2026-08-22 08:31:07.010001500,0.051001500,0
'2026-08-22 08:31:07.010012000,0.051012000,1
'2026-08-22 08:31:07.010026800,0.051026800,0
'2026-08-22 08:31:07.010026900,0.051026900,1
'2026-08-22 08:31:07.010027000,0.051027000,0
'2026-08-22 08:31:07.010027100,0.051027100,1
'2026-08-22 08:31:07.010027200,0.051027200,0
'2026-08-22 08:31:07.010038100,0.051038100,1
'2026-08-22 08:31:07.010052700,0.051052700,0
'2026-08-22 08:31:07.010064200,0.051064200,1
'2026-08-22 08:31:07.010079200,0.051079200,0
'2026-08-22 08:31:07.010080800,0.051080800,1
'2026-08-22 08:31:07.010080900,0.051080900,0
'2026-08-22 08:31:07.010090200,0.051090200,1
'2026-08-22 08:31:07.010105000,0.051105000,0
'2026-08-22 08:31:07.010105300,0.051105300,1
'2026-08-22 08:31:07.010105400,0.051105400,0
'2026-08-22 08:31:07.010116300,0.051116300,1
'2026-08-22 08:31:07.010131200,0.051131200,0
'2026-08-22 08:31:07.010131600,0.051131600,1
'2026-08-22 08:31:07.010131700,0.051131700,0
'2026-08-22 08:31:07.010133300,0.051133300,1
'2026-08-22 08:31:07.010133400,0.051133400,0
'2026-08-22 08:31:07.010133900,0.051133900,1
'2026-08-22 08:31:07.010134000,0.051134000,0
'2026-08-22 08:31:07.010142400,0.051142400,1
'2026-08-22 08:31:07.010157100,0.051157100,0
'2026-08-22 08:31:07.010157300,0.051157300,1
'2026-08-22 08:31:07.010157400,0.051157400,0
'2026-08-22 08:31:07.010158900,0.051158900,1
'2026-08-22 08:31:07.010581000,0.051581000,0
'2026-08-22 08:31:07.010585900,0.051585900,1
'2026-08-22 08:31:07.010600600,0.051600600,0
'2026-08-22 08:31:07.010612000,0.051612000,1
'2026-08-22 08:31:07.010627000,0.051627000,0
'2026-08-22 08:31:07.010627400,0.051627400,1
'2026-08-22 08:31:07.010627500,0.051627500,0
'2026-08-22 08:31:07.010638100,0.051638100,1
'2026-08-22 08:31:07.010652600,0.051652600,0
'2026-08-22 08:31:07.010653100,0.051653100,1
'2026-08-22 08:31:07.010653200,0.051653200,0
'2026-08-22 08:31:07.010664200,0.051664200,1
'2026-08-22 08:31:07.010679000,0.051679000,0
'2026-08-22 08:31:07.010679300,0.051679300,1
'2026-08-22 08:31:07.010679400,0.051679400,0
'2026-08-22 08:31:07.010690200,0.051690200,1
'2026-08-22 08:31:07.010705200,0.051705200,0
'2026-08-22 08:31:07.010716300,0.051716300,1
'2026-08-22 08:31:07.010731000,0.051731000,0
'2026-08-22 08:31:07.010732000,0.051732000,1
'2026-08-22 08:31:07.010732100,0.051732100,0
'2026-08-22 08:31:07.010742400,0.051742400,1
'2026-08-22 08:31:07.010757100,0.051757100,0
'2026-08-22 08:31:07.010757200,0.051757200,1
'2026-08-22 08:31:07.010757300,0.051757300,0
'2026-08-22 08:31:07.010757600,0.051757600,1
'2026-08-22 08:31:07.010757700,0.051757700,0
'2026-08-22 08:31:07.010758900,0.051758900,1
'2026-08-22 08:31:07.010759000,0.051759000,0
'2026-08-22 08:31:07.010764600,0.051764600,1
'2026-08-22 08:31:07.010764700,0.051764700,0
'2026-08-22 08:31:07.010768500,0.051768500,1
'2026-08-22 08:31:07.010783100,0.051783100,0
'2026-08-22 08:31:07.010788600,0.051788600,1
'2026-08-22 08:31:07.010788700,0.051788700,0
'2026-08-22 08:31:07.010789100,0.051789100,1
'2026-08-22 08:31:07.010789200,0.051789200,0
'2026-08-22 08:31:07.010794600,0.051794600,1
'2026-08-22 08:31:07.010809700,0.051809700,0
'2026-08-22 08:31:07.010810100,0.051810100,1
'2026-08-22 08:31:07.010810200,0.051810200,0
'2026-08-22 08:31:07.010817900,0.051817900,1
'2026-08-22 08:31:07.010818000,0.051818000,0
'2026-08-22 08:31:07.010820700,0.051820700,1
'2026-08-22 08:31:07.010835400,0.051835400,0
'2026-08-22 08:31:07.010835500,0.051835500,1
'2026-08-22 08:31:07.010835600,0.051835600,0
'2026-08-22 08:31:07.010836500,0.051836500,1
'2026-08-22 08:31:07.010836600,0.051836600,0
'2026-08-22 08:31:07.010838100,0.051838100,1
'2026-08-22 08:31:07.010838200,0.051838200,0
'2026-08-22 08:31:07.010839900,0.051839900,1
'2026-08-22 08:31:07.010840000,0.051840000,0
'2026-08-22 08:31:07.010843400,0.051843400,1
'2026-08-22 08:31:07.010843500,0.051843500,0
'2026-08-22 08:31:07.010846800,0.051846800,1
'2026-08-22 08:31:07.010861800,0.051861800,0
'2026-08-22 08:31:07.010872900,0.051872900,1
'2026-08-22 08:31:07.010888000,0.051888000,0
'2026-08-22 08:31:07.010888500,0.051888500,1
'2026-08-22 08:31:07.010888600,0.051888600,0
'2026-08-22 08:31:07.010888800,0.051888800,1
'2026-08-22 08:31:07.010888900,0.051888900,0
'2026-08-22 08:31:07.010890700,0.051890700,1
'2026-08-22 08:31:07.010890800,0.051890800,0
'2026-08-22 08:31:07.010899000,0.051899000,1
'2026-08-22 08:31:07.010913700,0.051913700,0
'2026-08-22 08:31:07.010915300,0.051915300,1
'2026-08-22 08:31:07.010915400,0.051915400,0
'2026-08-22 08:31:07.010925100,0.051925100,1
'2026-08-22 08:31:07.010940100,0.051940100,0
'2026-08-22 08:31:07.010948100,0.051948100,1
'2026-08-22 08:31:07.010948200,0.051948200,0
'2026-08-22 08:31:07.010951200,0.051951200,1
'2026-08-22 08:31:07.010966000,0.051966000,0
'2026-08-22 08:31:07.010966100,0.051966100,1
'2026-08-22 08:31:07.010966200,0.051966200,0
'2026-08-22 08:31:07.010970100,0.051970100,1
'2026-08-22 08:31:07.010970200,0.051970200,0
'2026-08-22 08:31:07.010977300,0.051977300,1
'2026-08-22 08:31:07.159000000,0.200000000,0
